:020000040800F2
:1000000000000120999E0008839E0008859E00083C
:10001000879E0008899E00088B9E00080000000053
:100020000000000000000000000000008D9E00089D
:100030008F9E000800000000919E0008939E00081B
:10004000E99E0008E99E0008E99E0008E99E000874
:10005000E99E0008E99E0008E99E0008E99E000864
:10006000E99E0008E99E0008E99E0008E99E000854
:10007000E99E0008E99E0008E99E0008E99E000844
:10008000E99E0008E99E0008E99E0008E99E000834
:1000900000000000E99E0008E99E0008E99E0008B3
:1000A000E99E0008E99E0008E99E0008ED3200087C
:1000B000E99E0008E99E0008E99E0008E99E000804
:1000C000E99E0008E99E0008E99E0008E99E0008F4
:1000D000CD2D000831510008E99E0008E99E000876
:1000E000E99E000851820008E99E0008E99E000888
:1000F000E99E00080000000000000000E99E0008E2
:10010000E99E0008E99E0008E5810008E99E0008D4
:10011000E99E0008E99E0008E99E0008E99E0008A3
:10012000E99E0008E99E0008E99E0008E99E000893
:08013000E99E0008E99E0008A9
:1001380010B5054C237833B9044B13B10448AFF319
:1001480000800123237010BD28000020000000005B
:10015800C0BD000808B5034B1BB103490348AFF302
:10016800008008BD000000002C000020C0BD000871
:10017800034613F8012B002AFBD1181A01387047DF
:1001880081F0004102E000BF83F0004330B54FEA40
:1001980041044FEA430594EA050F08BF90EA020FAD
:1001A8001FBF54EA000C55EA020C7FEA645C7FEA40
:1001B800655C00F0E2804FEA5454D4EB5555B8BF63
:1001C8006D420CDD2C4480EA020281EA030382EAD4
:1001D800000083EA010180EA020281EA0303362D66
:1001E80088BF30BD11F0004F4FEA01314FF4801C39
:1001F8004CEA113102D0404261EB410113F0004F4B
:100208004FEA03334CEA133302D0524263EB430301
:1002180094EA050F00F0A780A4F10104D5F1200E9F
:100228000DDB02FA0EFC22FA05F2801841F10001FA
:1002380003FA0EF2801843FA05F359410EE0A5F1CE
:1002480020050EF1200E012A03FA0EFC28BF4CF0FF
:10025800020C43FA05F3C01851EBE37101F00045B5
:1002680007D54FF0000EDCF1000C7EEB00006EEBC2
:100278000101B1F5801F1BD3B1F5001F0CD349084C
:100288005FEA30004FEA3C0C04F101044FEA4452A3
:1002980012F5800F80F09A80BCF1004F08BF5FEA2A
:1002A800500C50F1000041EB045141EA050130BD0A
:1002B8005FEA4C0C404141EB0101013C28BFB1F51C
:1002C800801FE9D291F0000F04BF01460020B1FA67
:1002D80081F308BF2033A3F10B03B3F120020CDA3A
:1002E8000C3208DD02F1140CC2F10C0201FA0CF018
:1002F80021FA02F10CE002F11402D8BFC2F1200C7D
:1003080001FA02F120FA0CFCDCBF41EA0C01904032
:10031800E41AA2BF01EB0451294330BD6FEA04047B
:100328001F3C1CDA0C340EDC04F11404C4F1200266
:1003380020FA04F001FA02F340EA030021FA04F378
:1003480045EA030130BDC4F10C04C4F1200220FACF
:1003580002F001FA04F340EA0300294630BD21FA0D
:1003680004F0294630BD94F0000F83F4801306BFD3
:1003780081F480110134013D4EE77FEA645C18BFC7
:100388007FEA655C29D094EA050F08BF90EA020F5E
:1003980005D054EA000C04BF1946104630BD91EA56
:1003A800030F1EBF0021002030BD5FEA545C05D159
:1003B8004000494128BF41F0004130BD14F5800498
:1003C8003CBF01F5801130BD01F0004545F0FE410C
:1003D80041F470014FF0000030BD7FEA645C1ABF41
:1003E800194610467FEA655C1CBF0B46024650EA78
:1003F800013406BF52EA033591EA030F41F40021A4
:1004080030BD00BF90F0000F04BF0021704730B529
:100418004FF4806404F132044FF000054FF00001FE
:1004280050E700BF90F0000F04BF0021704730B5BF
:100438004FF4806404F1320410F0004548BF404294
:100448004FF000013EE700BF42004FEAE2014FEAE9
:1004580031014FEA02701FBF12F07F4393F07F4FC4
:1004680081F06051704732F07F4208BF704793F0C7
:100478007F4F04BF41F40021704730B54FF46074DA
:1004880001F0004521F000411CE700BF50EA0102DD
:1004980008BF704730B54FF000050AE050EA010286
:1004A80008BF704730B511F0004502D5404261EBF6
:1004B80041014FF4806404F132045FEA915C3FF437
:1004C800D8AE4FF003025FEADC0C18BF03325FEAD4
:1004D800DC0C18BF033202EBDC02C2F1200300FA85
:1004E80003FC20FA02F001FA03FE40EA0E0021FAAA
:1004F80002F11444BDE600BF70B54FF0FF0C4CF498
:10050800E06C1CEA11541DBF1CEA135594EA0C0F49
:1005180095EA0C0F00F0DEF82C4481EA030621EA84
:100528004C5123EA4C5350EA013518BF52EA0335BF
:1005380041F4801143F4801338D0A0FB02CE4FF071
:100548000005E1FB02E506F00042E0FB03E54FF0A1
:100558000006E1FB03569CF0000F18BF4EF0010E99
:10056800A4F1FF04B6F5007F64F5407404D25FEA95
:100578004E0E6D4146EB060642EAC62141EA555148
:100588004FEAC52040EA5E504FEACE2EB4F1FD0C8A
:1005980088BFBCF5E06F1ED8BEF1004F08BF5FEA08
:1005A800500E50F1000041EB045170BD06F00046BA
:1005B80046EA010140EA020081EA0301B4EB5C0467
:1005C800C2BFD4EB0C0541EA045170BD41F480115F
:1005D8004FF0000E013C00F3AB8014F1360FDEBF84
:1005E800002001F0004170BDC4F10004203C35DA60
:1005F8000C341BDC04F11404C4F1200500FA05F3E3
:1006080020FA04F001FA05F240EA020001F0004283
:1006180021F0004110EBD37021FA04F642EB0601F9
:100628005EEA430E08BF20EAD37070BDC4F10C0423
:10063800C4F1200500FA04F320FA05F001FA04F2E7
:1006480040EA020001F0004110EBD37041F10001D3
:100658005EEA430E08BF20EAD37070BDC4F12005DE
:1006680000FA05F24EEA020E20FA04F301FA05F246
:1006780043EA020321FA04F001F0004121FA04F2EE
:1006880020EA020000EBD3705EEA430E08BF20EABE
:10069800D37070BD94F0000F0FD101F000464000F8
:1006A80041EB010111F4801F08BF013CF7D041EA7A
:1006B800060195F0000F18BF704703F0004652007E
:1006C80043EB030313F4801F08BF013DF7D043EA4F
:1006D8000603704794EA0C0F0CEA135518BF95EA05
:1006E8000C0F0CD050EA410618BF52EA4306D1D18C
:1006F80081EA030101F000414FF0000070BD50EAAB
:10070800410606BF1046194652EA430619D094EA34
:100718000C0F02D150EA013613D195EA0C0F05D11E
:1007280052EA03361CBF104619460AD181EA030172
:1007380001F0004141F0FE4141F470014FF000002A
:1007480070BD41F0FE4141F4780170BD70B54FF0C5
:10075800FF0C4CF4E06C1CEA11541DBF1CEA135545
:1007680094EA0C0F95EA0C0F00F0A7F8A4EB050427
:1007780081EA030E52EA03354FEA013100F088801E
:100788004FEA03334FF0805545EA131343EA1263E7
:100798004FEA022245EA111545EA10654FEA00269C
:1007A8000EF000419D4208BF964244F1FD0404F555
:1007B800407402D25B084FEA3202B61A65EB0305B1
:1007C8005B084FEA32024FF480104FF4002CB6EB6E
:1007D800020E75EB030E22BFB61A754640EA0C00EE
:1007E8005B084FEA3202B6EB020E75EB030E22BF2E
:1007F800B61A754640EA5C005B084FEA3202B6EB6F
:10080800020E75EB030E22BFB61A754640EA9C002D
:100818005B084FEA3202B6EB020E75EB030E22BFFD
:10082800B61A754640EADC0055EA060E18D04FEABB
:10083800051545EA16754FEA06164FEAC30343EA5B
:1008480052734FEAC2025FEA1C1CC0D111F4801F28
:100858000BD141EA00014FF000004FF0004CB6E721
:1008680011F4801F04BF01430020B4F1FD0C88BFC0
:10087800BCF5E06F3FF6AFAEB5EB030C04BFB6EBCB
:10088800020C5FEA500C50F1000041EB045170BDBE
:100898000EF0004E4EEA113114EB5C04C2BFD4EBEB
:1008A8000C0541EA045170BD41F480114FF0000E6F
:1008B800013C90E645EA060E8DE60CEA135594EAEB
:1008C8000C0F08BF95EA0C0F3FF43BAF94EA0C0FEE
:1008D8000AD150EA01347FF434AF95EA0C0F7FF463
:1008E80025AF104619462CE795EA0C0F06D152EAB7
:1008F80003353FF4FDAE1046194622E750EA41069B
:1009080018BF52EA43067FF4C5AE50EA41047FF4AB
:100918000DAF52EA43057FF4EBAE12E74A0011D25D
:1009280012F5001211D20DD56FF47873B3EB625241
:100938000ED44FEAC12343F0004343EA505323FA4D
:1009480002F070474FF00000704750EA013002D1C2
:100958004FF0FF3070474FF00000704780F00040C4
:1009680002E000BF81F0004142001FBF5FEA41037F
:1009780092EA030F7FEA226C7FEA236C6AD04FEA7F
:100988001262D2EB1363C1BFD218414048404140C4
:10099800B8BF5B42192B88BF704710F0004F40F476
:1009A800000020F07F4018BF404211F0004F41F492
:1009B800000121F07F4118BF494292EA030F3FD05E
:1009C800A2F1010241FA03FC10EB0C00C3F1200371
:1009D80001FA03F100F0004302D5494260EB400000
:1009E800B0F5000F13D3B0F1807F06D340084FEA6B
:1009F800310102F10102FE2A51D2B1F1004F40EB60
:100A0800C25008BF20F0010040EA030070474900C7
:100A180040EB0000013A28BFB0F5000FEDD2B0FA64
:100A280080FCACF1080CB2EB0C0200FA0CF0AABF87
:100A380000EBC25052421843BCBFD0401843704725
:100A480092F0000F81F4000106BF80F4000001322B
:100A5800013BB5E74FEA41037FEA226C18BF7FEA02
:100A6800236C21D092EA030F04D092F0000F08BF44
:100A78000846704790EA010F1CBF0020704712F02B
:100A88007F4F04D1400028BF40F00040704712F16A
:100A980000723CBF00F50000704700F0004343F0CF
:100AA800FE4040F4000070477FEA226216BF084605
:100AB8007FEA23630146420206BF5FEA412390EAC8
:100AC800010F40F4800070474FF0000304E000BFBE
:100AD80010F0004348BF40425FEA000C08BF70476F
:100AE80043F0964301464FF000001CE050EA010233
:100AF80008BF70474FF000030AE000BF50EA010248
:100B080008BF704711F0004302D5404261EB410134
:100B18005FEA010C02BF84460146002043F0B64359
:100B280008BFA3F18053A3F50003BCFA8CF2083A7E
:100B3800A3EBC25310DB01FA02FC634400FA02FC87
:100B4800C2F12002BCF1004F20FA02F243EB02008E
:100B580008BF20F00100704702F1200201FA02FCF0
:100B6800C2F1200250EA4C0021FA02F243EB0200E3
:100B780008BF20EADC7070474FF0FF0C1CEAD05227
:100B88001EBF1CEAD15392EA0C0F93EA0C0F6FD0E8
:100B98001A4480EA010C400218BF5FEA41211ED0C6
:100BA8004FF0006343EA501043EA5111A0FB0131B2
:100BB8000CF00040B1F5000F3EBF490041EAD37187
:100BC8005B0040EA010062F17F02FD2A1DD8B3F103
:100BD800004F40EBC25008BF20F00100704790F072
:100BE800000F0CF0004C08BF49024CEA502040EAC4
:100BF80051207F3AC2BFD2F1FF0340EAC25070478A
:100C080040F400004FF00003013A5DDC12F1190FC7
:100C1800DCBF00F000407047C2F10002410021FA39
:100C280002F1C2F1200200FA02FC5FEA310040F151
:100C3800000053EA4C0308BF20EADC70704792F0CA
:100C4800000F00F0004C02BF400010F4000F013A02
:100C5800F9D040EA0C0093F0000F01F0004C02BFFD
:100C6800490011F4000F013BF9D041EA0C018FE76C
:100C78000CEAD15392EA0C0F18BF93EA0C0F0AD072
:100C880030F0004C18BF31F0004CD8D180EA010098
:100C980000F00040704790F0000F17BF90F0004F31
:100CA800084691F0000F91F0004F14D092EA0C0F13
:100CB80001D142020FD193EA0C0F03D14B0218BFA6
:100CC800084608D180EA010000F0004040F0FE40EC
:100CD80040F40000704740F0FE4040F44000704788
:100CE8004FF0FF0C1CEAD0521EBF1CEAD15392EA07
:100CF8000C0F93EA0C0F69D0A2EB030280EA010CF7
:100D080049024FEA402037D04FF0805343EA11118F
:100D180043EA10130CF000408B4238BF5B0042F1ED
:100D28007D024FF4000C8B4224BF5B1A40EA0C0092
:100D3800B3EB510F24BFA3EB510340EA5C00B3EBC4
:100D4800910F24BFA3EB910340EA9C00B3EBD10FB2
:100D580024BFA3EBD10340EADC001B0118BF5FEA04
:100D68001C1CE0D1FD2A3FF650AF8B4240EBC2502D
:100D780008BF20F0010070470CF0004C4CEA5020EE
:100D88007F32C2BFD2F1FF0340EAC250704740F43D
:100D980000004FF00003013A37E792F0000F00F02F
:100DA800004C02BF400010F4000F013AF9D040EAAD
:100DB8000C0093F0000F01F0004C02BF490011F441
:100DC800000F013BF9D041EA0C0195E70CEAD15339
:100DD80092EA0C0F08D142027FF47DAF93EA0C0F20
:100DE8007FF470AF084676E793EA0C0F04D14B0204
:100DF8003FF44CAF08466EE730F0004C18BF31F0B6
:100E0800004CCAD130F000427FF45CAF31F00043AF
:100E18007FF43CAF5FE700BF4FF0FF3C06E000BF48
:100E28004FF0010C02E000BF4FF0010C4DF804CD6B
:100E38004FEA40024FEA41037FEA226C18BF7FEA7B
:100E4800236C11D001B052EA530C18BF90EA010F7D
:100E580058BFB2EB030088BFC81738BF6FEAE1700C
:100E680018BF40F0010070477FEA226C02D15FEAA8
:100E7800402C05D17FEA236CE4D15FEA412CE1D014
:100E88005DF8040B704700BF844608466146FFE7DB
:100E98000FB5FFF7C9FF002848BF10F1000F0FBDBD
:100EA8004DF808EDFFF7F4FF0CBF012000205DF8B6
:100EB80008FB00BF4DF808EDFFF7EAFF34BF01203B
:100EC80000205DF808FB00BF4DF808EDFFF7E0FFD4
:100ED80094BF012000205DF808FB00BF4DF808ED25
:100EE800FFF7D2FF94BF012000205DF808FB00BF88
:100EF8004DF808EDFFF7C8FF34BF012000205DF86A
:100F080008FB00BF4FEA4002B2F1FE4F0FD34FF08B
:100F18009E03B3EB12620DD94FEA002343F000435E
:100F280010F0004F23FA02F018BF404270474FF00C
:100F38000000704712F1610F01D1420205D110F093
:100F4800004008BF6FF0004070474FF00000704746
:100F580042000ED2B2F1FE4F0BD34FF09E03B3EB1B
:100F6800126209D44FEA002343F0004323FA02F047
:100F780070474FF00000704712F1610F01D1420233
:100F880002D14FF0FF3070474FF00000704700BFAC
:100F98000022427082700122C270B1FA81F10222ED
:100FA80049090271032201704271704743788B42EC
:100FB8001FD0012941700AD0022910D0C1B90123DC
:100FC800C370817002230371032343717047037850
:100FD80043B1012383700223C3700023F3E703782E
:100FE800002BF6D0022383700023C3700123EAE7A5
:100FF800FEE7704782B00B88ADF800304B88ADF83B
:1010080002308B88ADF80430CB88ADF80630023951
:10101800431C053013F8012F0DF1080C0CEB4202AC
:10102800834232F8082C21F8022FF3D102B070471E
:1010380008448078704738B54FF07F33C0F8A03047
:1010480004464FF6FF737F220025A0F8A43080F8ED
:10105800A62080F8A950A0F8AA30AC3000F02EFDE8
:10106800A4F8B85038BD70B51146154604461E465A
:1010780000F0BBFC294604F1140000F0B6FC294638
:1010880004F1280000F0B1FC294604F13C0000F00E
:10109800ACFC294604F1500000F0A7FC294604F1F5
:1010A800640000F0A2FC294604F1780000F09DFCE1
:1010B800294604F18C0000F098FC04F1AC0032469B
:1010C8004FF4FA734FF4FA6100F0DEFC2046BDE8F5
:1010D8007040FFF7B0BF704700F08EBC143000F0CE
:1010E8008BBC283000F088BC90F8A43013B990F974
:1010F800A000704790F9A100704790F8A43013B988
:1011080090F9A200704790F9A300704710B5044603
:1011180007F0C0FA38B104F1140000F071FC01289E
:1011280038BF0120C0B210BD10B5044607F0B2FAAE
:1011380038B104F1500000F063FC012838BF0120E9
:10114800C0B210BD4FF47A71AC3000F0BEBC0021C3
:10115800AC3000F0BABC08B5AC3000F0C7FCB0F554
:101168007A7FA8BF4FF47A7020EAE07008BD10B506
:10117800044600F01BFC04F1140000F017FC04F115
:10118800280000F013FC04F13C0000F00FFC04F10F
:10119800500000F00BFC04F1640000F013FC04F1B3
:1011A800780000F00FFC94F8B93013B1013B84F8D3
:1011B800B93010BD7F2807D0002807DA10F1800F5A
:1011C80006D04042C0B270470020704701207047E7
:1011D8007F20704710B1404240B270477F2070476F
:1011E8007F280FD010F1310F0EDA10F1780F0DDBD8
:1011F8007830FE2340B2584323304623B0FBF3F047
:10120800C0B27047FF207047FE207047002070472B
:101218007F2805D031B1002806DA4042C0B27047B5
:10122800FF207047FE207047002070477F2811D0AC
:1012380010F1310F10DA10F1780F10DB783040F22E
:10124800A96340B2584323304623B0FBF3F0AC30D7
:1012580080B270470020704740F255707047AC204C
:10126800704763289FBF40F2A96358433230642314
:101278009DBFB0FBF3F0AC3080B240F255707047C0
:101288004FF4F063A0F58060584340F2FF7390FB81
:10129800F3F000F5787080B27047FFF7F1BF4FF4B4
:1012A8009663A0F58060584340F2FF7390FBF3F01B
:1012B80000F2DC5080B27047A0F58060D0EB0010DF
:1012C80048BF033040F38F007047032812DD0C2815
:1012D80012DD0F2812DD122812DD162812DD19285A
:1012E80012DD1C2812DD1F2812DD2128CCBFFF20AB
:1012F8000620704700207047012070470220704781
:101308000820704703207047072070470420704763
:101318000520704705289ABF014B185CFF207047CD
:101328006ABE00087F281ABF4042C0B2002070473A
:101338007F2811D010F1320F10DA884210DD401AE0
:101348006423C1F1FF21584301F57F01CE313130CB
:1013580090FBF1F0C0B27047FF20704764207047DF
:1013680000207047014B4840185C704770BE000869
:1013780052B110B4054C0A4411F8013B58408A4256
:10138800205CF9D110BC7047704700BF70BE0008E0
:10139800002805DB212805DC044B33F810007047D2
:1013A800002070474FF4FA60704700BF9ABF0008EA
:1013B800392808D822280ED9094B2338C0B2C3408F
:1013C80003F0010070475F2807D0613819288CBFE7
:1013D800002001207047002070470120704700BF9F
:1013E80001EC7F00F8B50246451E461D00245F2724
:1013F80015F8010FFF2804BF0134E4B2FFF7D8FF46
:1014080000B92F70AE42F3D1062C04D119B10B6884
:1014180013608B88938000239371F8BD2DE9F843FE
:10142800DFF83490471E441D012500264FF0280898
:1014380017F8011F08480AF066FC034610B1A0EB34
:101448000903DBB2A3FB05329E19A742A5FB08538B
:10145800EED13046BDE8F88370BF000810B5417979
:10146800A1F13000C3B2092B07D80523B0FBF3F371
:1014780003EB8303C01AC0B210BD044C20460AF027
:1014880042FC0028F1D0001BC0B2EEE770BF000894
:1014980070B50446FEF76CFE02B20023551E18B262
:1014A800A84204FA83F104DA265C302E03F1010322
:1014B800F5D0121A01322046BDE870400AF0F2BB9E
:1014C8002DE9F047432B28BF432396B00C46154619
:1014D80000211A46984607460AF0FEFB00214122E1
:1014E80005A804910AF0F8FBDFF87C90DFF87CA0EF
:1014F80004EB4505AC4210D104A8FEF739FE28B12B
:1015080000F158036B44002203F8492C04A938461B
:101518000AF03CFC16B0BDE8F08734F9020B47F638
:10152800FF739842E8D0002812DC514668460AF05A
:101538002DFC04A8FEF71CFE06466846FEF718FEBA
:101548000644B045D6D3694604A80AF0CDFBD1E7D6
:10155800694680B209F0F0FF6846FFF799FF4946EF
:1015680068460AF0C1FBE4E721BE00081CBE00087B
:10157800F0B589B06D4600242F468E1CE1B28A4230
:1015880004D83946FFF79CFF09B0F0BD36F824109F
:1015980025F8021B0134F1E742F210736421B0FB15
:1015A800F3F203FB1200B0FBF1F301FB130000EBB5
:1015B800023000EB831080B27047020B00F03F034B
:1015C80042F2107101FB0233C0F38510642202FB62
:1015D8000030704770B50E460021054614460AF0E3
:1015E8007BFB00239AB2944200D870BDF25C002ABB
:1015F800FBD0EA540133F5E7072914D8DFE801F0F6
:101608000407090B0D0F11110849FFF7E3BF08493B
:10161800FBE70849F9E70849F7E70849F5E7084902
:10162800F3E70849F1E70849EFE700BF26BE0008DD
:101638002BBE000830BE000835BE00083ABE0008C0
:101648003FBE000844BE000849BE0008052911D85D
:10165800DFE801F00306080A0C0E0749FFF7BABFD6
:101668000649FBE70649F9E70649F7E70649F5E7BA
:101678000649F3E70649F1E74BBE000850BE0008EB
:1016880055BE00085ABE00085FBE000863BE0008C9
:1016980049BE000870B50E461446002101320546C1
:1016A8000AF01AFB00239AB2944200D870BDF25C8B
:1016B800002AFBD0EA540133F5E7914206D19DF99F
:1016C80000008342CCBF00200120704703290DD0C1
:1016D800032A09D0022909D0022A05D0012905D0F8
:1016E800531E5842584170470120704700207047E8
:1016F8007D23438043F2390309B2C360002301808C
:101708008180C38003727047C2680449044B01FB9F
:10171800023323F00043C360980F7047FD43030072
:10172800C39E260010B50129044680790ED80428E6
:1017380001D80130A071012AE0790BD8042801D81A
:101748000130E071032925D14B2319E00028F2D09C
:101758000138EFE708B10138E07103290AD1032AFB
:1017680018D19DF90820934208DC3ADA23885B42B5
:101778001BB205E002290DD1022AF1E7B4F90030C5
:1017880062881A4412B27C2A30DD7D2262800022EF
:1017980022722FE09142D7D825D3012910D1012AEE
:1017A8000ED1A279E3799A4208D302D96FF07C036B
:1017B800E6E72046FFF7A8FF0028F7D07D23DFE7FC
:1017C800B4F90400B4F900302288B4F902100028F2
:1017D80004DB7C29D4DD524213B2D1E77C31CFDB64
:1017E800F9E70023CCE76FF04A03C9E712F17C0F51
:1017F80002DB6280A38010BD4FF6837262800122F3
:10180800C6E7000002680449044B01FB023323F0D9
:1018180000430360180C7047FD430300C39E260075
:10182800F0B5002597B00160858004465622294608
:1018380068460AF051FA0126627CAA4209D80023B8
:10184800802104F1B400237417B0BDE8F0400AF019
:1018580043BA2046FFF7D6FFE7797B1B002190FBB0
:10186800F3F202FB1300C0B2EC460A46CBB29F4229
:101878001DD80023227B9A42DED0A279033A012A9E
:1018880004EB050105D925B191F91120D2B9012B35
:10189800D2D98B74A26852F82310583304EB85020E
:1018A8006B440135516303F8586CEDB2C4E71CF87A
:1018B80001EBBEF1000F03D18242DBD00132D2B27C
:1018C8000131D3E7501E8342E3DB01329342E0DC6F
:1018D800B2E72DE9F047154696B0013D0160027167
:1018E80004464371EDB25622002168460AF0F4F925
:1018F8000027022D84BF4FF0010900253E464FF016
:10190800010A94F807809CBF4FF00309B8FBF9F867
:10191800627CB24209D80023802104F1B400237408
:1019280016B0BDE8F0470AF0D7B92046FFF76AFFBE
:10193800A8EB0603002190FBF3F202FB1300C0B2F0
:10194800EC460A46CBB2984506D91CF801EBBEF125
:10195800000F22D182421ED1434528BF4346227B35
:1019680003FB095101F0FF018A42D1D016B1B7B982
:10197800012BCDD9A2191F469174A26852F82110E3
:1019880004EB86020136516303F158026A44F6B249
:1019980002F858ACBCE70132D2B20131D2E77A1E64
:1019A8009342E7DB7A1C9342E4DCB1E7D0E90123F8
:1019B8006421D31AC36082604B43418AB3FBF1F3BD
:1019C80003747047D0E90123D31AC0E90223704792
:1019D80043682BB1C26864214A43B2FBF3F2D3B225
:1019E80003740023C360436070470023C0E90233D7
:1019F8004182436003747047436801334360704712
:101A0800007C704743680B4443607047072800D93F
:101A1800FEE7014B185C704704C00008052800D990
:101A2800FEE7014B185C70470CC000080023C0E9B2
:101A38000133C36003747047F0B5047C0360012C64
:101A480011D944688568C668141B4FF47A774D1B12
:101A58007C4305FB16442B4494FBF3F33344C360E7
:101A6800C0E90121F0BD1CB9C46001230374F7E784
:101A780043684FF47A74D31A634384680C1B93FB4E
:101A8800F4F3C3600223F1E72DE9F0410446104660
:101A98001D4616468846FFF717F8074606EB080066
:101AA800FFF712F801463846FFF71AF9656020601B
:101AB8002846FFF70DF8A060BDE8F08110B5044690
:101AC8004068FFF705F8A06010BD38B58568044682
:101AD8000846FEF7FDFF2946FEF744FF2168FFF799
:101AE8004BF82946FEF740FFA06038BD08B54FF017
:101AF8007C518068FEF738FFFFF704FA08BD70478D
:101B080070477047002070477047002070470020DA
:101B180070477047002070470020704770474FF0AB
:101B2800B04382B0DA6C0243DA64DB6C03400193A1
:101B3800019B02B070474FF0B04382B09A6D0243E8
:101B48009A659B6D03400193019B02B070474FF06B
:101B5800B04382B01A6E02431A661B6E03400193AB
:101B6800019B02B0704750E8003F23F0800340E833
:101B78000032002AF7D170470288044B5140C9B29D
:101B880033F8113083EA122303807047CCD8000859
:101B98009AB110B4B0F800C0084C0A4411F8013BDF
:101BA80083EA0C03DBB2914234F8133083EA1C2C2D
:101BB800A0F800C0F2D110BC70477047CCD800081C
:101BC80037B54FF6FF730446ADF806304518AC42FA
:101BD80003D1BDF8060003B030BD14F8011B0DF1A8
:101BE8000600FFF7C9FFF2E71629A8BF16216FF014
:101BF80008008142B8BF0146117019707047162954
:101C0800A8BF16216FF008008142B8BF01461170C5
:101C180019707047044B1888044B1B8880B29BB21C
:101C2800C01A18BF01207047882900208629002083
:101C3800044A00231380044A1380044A1380044A88
:101C48001380704786290020882900208A2D0020CB
:101C58008C2D0020002070470278024B51405B5CBD
:101C680003707047A4C40008FF230370704700BFC7
:101C7800704770B50B7803704B7843700B78FD2B69
:101C880005460C4638D18B788370CB78C3700B79B6
:101C980003714B7943718B7983718B68C3718B683E
:101CA800C3F30F2303728B7A43720A26627804F116
:101CB8000C01A8190AF072F86378B4F80C213344BF
:101CC800981CEA545A1CB4F80C1192B2090AA95487
:101CD800A278D20780B20ED504F58872054404F5BF
:101CE8008E7452F8041B45F8041BA242F9D11278ED
:101CF8002A700F3398B270BD00238B700B798370F4
:101D08004B79C3708B7903718B6843710626CDE7D5
:101D180001F003039B0003F1804303F5803310B502
:101D28009C680A0C24EA114192FAA2F2B2FA82F2F1
:101D380002F00F0290400843986010BD08B52C22AD
:101D48000348002109F0C8FF024B00221A7008BDA1
:101D580060060020300300202DE9F041137803705D
:101D680092F8018080F80180FD2B04460F46154645
:101D780054D193788370D378C370137903715379EE
:101D88004371937983716B7A127A1B0403EB0223F4
:101D9800EA79134423F07F430A26A26863F3170203
:101DA800A260A919424604F10C0009F0F7FF7A7BFA
:101DB800904507D208F10C00A2EB0802002120444C
:101DC80009F08AFF63781E44AB195A78AB5D03EBC0
:101DD8000223A4F80C31A378DB070ED5023615FAD6
:101DE80086F304F5887203F10C0153F8040B42F8EA
:101DF800040B8B42F9D11B781370BB7A84F821311C
:101E0800FB7A84F822313B7B84F823317B7B84F88E
:101E180024313B7884F82031BDE8F08100234380E9
:101E280093780371D37843711379837153790626B4
:101E3800B3E7000070B50F4C0F4D0646062204F1BB
:101E48000A0105F58970FFF725FC237CC3F303021B
:101E5800C3F3031385F81A31637C85F81921C3F39A
:101E6800030385F81B31637ADB0744BF022333730E
:101E780070BD00BF711F0020A800002070B5044687
:101E8800BDF81450E2702420237122461B0A2070EA
:101E9800637158202B0AA1706070A57102F8073F82
:101EA800049B59198B420CD16A1D92B2E11C002087
:101EB800FFF75EFA05F10806A05505F1090080B2A2
:101EC80070BD13F8010B02F8010FEBE70A4A0B4B40
:101ED80012680B49A3FB02323220920C00FB02F27B
:101EE800084B486802F5FA72A3FB023292094B6864
:101EF8001B1A9A42FBD870471C00002083DE1B4344
:101F0800001000E0D34D621008B5FFF7DFFF024B69
:101F18004FF480529A6108BD00040048024B4FF408
:101F280080529A62FFF7D2BF0004004802780A4B39
:101F380090F801C08178D243D2B29A5C82EA0C024E
:101F480090F803C09A5C4A40995C027981EA0C01D6
:101F5800595C4A40985C7047A4C40008F8B53C290D
:101F6800BDF81C50044635D0A1F1210671427141DB
:101F78004900D00748BF41F00801E37092074FEAD3
:101F880013234FF0240248BF41F01001227023713F
:101F98006F222B0AA61C6270A170A371657130466E
:101FA800FFF7C4FF2246069B02F8070F59198B4218
:101FB80012D1A91D89B23046FFF702FE05F10807C4
:101FC80005F109039BB2E055000AE05405F10A0047
:101FD80080B2F8BD0121CCE713F8010B02F8010F1C
:101FE800E5E70000074B084A5B6A02F5006353E81F
:101FF800003F43F0200302F5006040E8003100296B
:10200800F3D1704700380140003001402DE9F04F0E
:102018000C465188B1F58C7F85B0054611D3002157
:102028001170D91CC9B2012995BF01210023518023
:1020380053809CBF2370117000232B7005B0BDE83E
:10204800F08F10780E2800F28B8001A656F820F049
:102058002B20000895200008BD200008D720000884
:102068006921000869210008692100086921000820
:102078006921000869210008692100086921000810
:102088006921000869210008E9200008481C5080DF
:1020980063542178FD299BB206D10C330A21D380E1
:1020A800918002231370C7E708330621D3809180FB
:1020B8000E23F7E7481C50806354D80742BFD188E5
:1020C8000D31D180012B8CBF00230323EAE7002BBD
:1020D80001F101005080635414BF00230E23E1E78F
:1020E800481C508063545388D1888B4232D30023D4
:1020F8005380137002232B7069802378FD2B35D110
:1021080063792B72A3796B72637A227A1B0403EBCF
:102118000223E27913446B60637803F10C026A804E
:10212800A278D10701D519336B8000266968DFF8DA
:10213800F0806E8140F285120C20B31801335B08E1
:1021480000FB03F758F80770B94218D25A1EB2427A
:10215800F3D816E092889A423FF66EAF01236CE7F7
:102168000023137053809380D38066E7E3782B7243
:1021780023796B7263796B6063780833D4E71E4602
:10218800E5D80C27774358F80730994227D12378A8
:102198002046FD2B10F801BF0CBF4FF00A094FF085
:1021A800060909EB0B03591E89B247440193FFF74F
:1021B80007FD97F804A0ADF80E0051460DF10E008A
:1021C800FFF7DAFC019BE218E35C527803EB022389
:1021D800BDF80E209BB29A4203D005232DE70323B6
:1021E8002BE7BB79DA0706D5FA79934582BF04EB6A
:1021F80009018A5CAA729B0709D50C2303FB068395
:1022080062781B7A9A4282BF4C44E35CEB720C23DF
:1022180003FB068385F80CA05B796B730EE700BFA0
:10222800A4C50008F0B50546FD2305F80C3B85B0AC
:1022380004468DF8043090F8243103F10C0202446E
:10224800012B42D80026637066808DF805308B7AA2
:1022580023718DF808308B7AADF8066001338B72E4
:1022680063798DF80930A3798DF80A30A368C3F330
:1022780017031A128DF80B3009211B140DF10500F4
:102288008DF80D308DF80C20FFF79AFC6778ADF8C3
:1022980002003A4629460DF10200FFF779FC94F84E
:1022A8002311FFF769FC94F82421BDF80230A4F843
:1022B8000C31974210D207F10C00D21B3146204452
:1022C80005B0BDE8F04009F007BD12F8010D00287F
:1022D800B8D1013BDBB2B3E705B0F0BD044AD2F890
:1022E800903023F40043C2F89030FFF7EFBD00BFF1
:1022F8000004005808B5FFF7E9FD044AD2F8903009
:1023080043F40043C2F8903008BD00BF00040058F1
:1023180007B503688DF807101B6901220DF1070145
:10232800984703B05DF804FB70B5044608460D46AF
:10233800FDF71EFF236882B2294620461B69BDE8C7
:1023480070401847B0F1904F02D10120FFF7E7BB6A
:10235800084B984205D003F58063984203D10420C6
:10236800F4E70220F2E7044B984201D18020EDE720
:10237800704700BF00040048001C00480C4B9842FE
:1023880003D14FF40060FFF7E2BBB0F1804F05D0F6
:10239800084B984205D14FF40030F4E70120FFF7CD
:1023A800CABB054B984202D14FF48020EBE7704737
:1023B800002C014000440140004801402DE9F04351
:1023C80087B00E46054614460021142201A89DF840
:1023D80038809DF83C901F4609F07EFC00960B2C37
:1023E80007D8DFE804F007070A12141414161616A3
:1023F8001A1CFEE70323019301E002230493032F31
:1024080011D8DFE807F0111321110123F6E70123A2
:10241800F1E7012301930393F1E70223EBE702239A
:1024280001930123F7E7FEE702230293B8F1100FA7
:102438000CD8DFE808F02D2D0C11131517191B1DEA
:102448001F21232527292B000123EEE7FEE701237F
:102458000593022301931EE00223F9E70323F7E71C
:102468000423F5E70523F3E70623F1E70723EFE75E
:102478000823EDE70923EBE70A23E9E70B23E7E75E
:102488000C23E5E70D23E3E70E23E1E70F23DFE75E
:10249800B8F1000FDDD1B9F1000F02D02846FFF7DF
:1024A80051FF053C042C05D8DFE804F0030B0403B6
:1024B8000B00AE626946284608F0AEFB07B0BDE8DF
:1024C800F083AE61F6E713B54FF0010C0024CDE9B7
:1024D800004CFFF773FF02B010BD000030B587B0A5
:1024E800002315460446ADF80630FFF747FF042DD4
:1024F80004D8DFE805F02E3204363F00FEE71E4B15
:102508001E4A1B68B3FBF2F39BB20022CDE90221FD
:10251800013B01A92046ADF804300492059208F069
:10252800CBFD236823F080032360A36823F4A03342
:1025380023F00703A360636823F070036360636894
:1025480023F470036360A36823F08003A36007B0DB
:1025580030BD094B0A4A1B68D4E7074B094A1B6878
:10256800D0E7054B064A1B68B3FBF2F303EB830382
:102578005B00C9E70123C8E71C00002080A81201FE
:1025880040420F0000127A0010B50446FFF7A6FF7C
:10259800236843F00103236010BD00224FF0FF3190
:1025A800FFF7F2BF204B10B5204C5B68236007F0A3
:1025B80099FC4FF0904008F0F1FA1D4808F0EEFA47
:1025C8001C4808F0EBFA1C4808F004FF1B4808F008
:1025D80001FF1B4808F012FD08F07CFC4FF0E022D8
:1025E80000234FF0B0411361536193618A6822F070
:1025F800030242F001028A6072B64FF0FF319A007E
:1026080002F1604202F561420133082BC2F88010E2
:10261800C2F88011F3D162B6034B1B6883F30888B4
:1026280023689847FEE700BF0000FF1F2C03002027
:1026380000040048000800480038014000440040F9
:10264800003001400749084A881AEFF30883521AF4
:102658001A44013A013B984288BF0022AA2109F096
:102668003BBB00BF0000012000040000044B5A6976
:10267800586910F0020018BFC2F38000704700BF0D
:10268800000400584FF0B042D2F8943043F40043AD
:10269800C2F894304FF47A7300BF013B9BB2002B11
:1026A800FAD14FF0B043D3F8942022F40042C3F893
:1026B8009420D3F894205204FBD40C4BD3F89020E8
:1026C80022F40042C3F890204FF47A7200BF013A16
:1026D80092B2002AFAD1D3F8902042F40042C3F80B
:1026E80090204FF400629A61704700BF00040058C0
:1026F80010B50323052240214FF09040FFF7E3FE79
:10270800BDE810400323052280214FF09040FFF7D9
:10271800DABE08B5FFF7AAFF003818BF012008BDC8
:1027280008B5FFF7F6FF00B908BD00BFF9E74FF09D
:10273800904380229A6240229A6170474FF09043FA
:1027480040229A6280229A6170470000024B4FF43F
:1027580080225A60704700BF00E100E010B5134CBA
:102768000323204606220421FFF7ADFE1048032369
:1027780002224FF40051FFF7A6FE03231A464FF436
:1027880000414FF09040FFF79EFE204603230522AC
:102798004FF48071FFF797FEBDE810400323052230
:1027A80001214FF09040FFF78EBE00BF00040048A3
:1027B800000800484FF090431869C0F3C0307047D4
:1027C80008B5FFF7F7FF00B908BD00BFF9E74FF0FC
:1027D800904301229A624FF48072C3F8182470471C
:1027E800044B4FF480729A624FF0904301229A6131
:1027F800704700BF0004004808B510490220FFF7E1
:1028080087FA0F4BD3F8842022F40052C3F88420AF
:10281800D3F8802022F40052C3F880205A6822F4AA
:1028280000525A601A6842F400521A60054BD022CE
:1028380083F829234FF400725A6008BD0300F000A2
:102848000008005800E100E0054B4FF40052DA6040
:10285800D3F8802042F40052C3F88020704700BFAC
:1028680000080058064B1A6822F001021A605A68DC
:1028780022F400325A601A6842F001021A60704766
:1028880000440040064B1A6822F001021A605A6898
:1028980042F400325A601A6842F001021A60704726
:1028A800004400400023032202214FF09040FFF72C
:1028B8000ABE4FF09043186980F00200C0F3400050
:1028C8007047000010B5074C002320460522102150
:1028D800FFF7F9FD20460023BDE810400522082136
:1028E800FFF7F1BD0004004805494B691A04DB43B2
:1028F80002F4801203F0100313438B61704700BF8A
:102908000004004805494B691A04DB4302F400221D
:1029180003F0080313438B61704700BF00040048AD
:102928000C4BD3F8FC2022F08072C3F8FC20D3F8BB
:10293800FC2042F08072C3F8FC20A3F55D431A68BE
:1029480022F001021A601A6842F001021A6000229D
:102958005A60704700ED00E00649074B074A1B68BC
:10296800B3FBF2F310B54C6843434A68121B9A4212
:10297800FBD310BD001000E01C00002040420F00F7
:102988001FB50223CDE9013101A80123694603934C
:1029980007F012FC00280CBF0420052005B05DF8E4
:1029A80004FB014608B5012007F0C0FB00280CBF56
:1029B8000420052008BD08B5FFF7E2FF031F5842B1
:1029C800584108BD08B5FFF7ECFF031F58425841AE
:1029D80008BD00002DE9F047294B2A4D01280E4675
:1029E80014462949294A0FBF79277827AA461D4640
:1029F80006BF88469A46904607F04CFB394628465B
:102A0800FFF7D9FF28B9002407F056FB2046BDE898
:102A1800F087002E08BF4FF4FC64073424F0070445
:102A280005F11007B1463444AAEB050AA1450BD1BC
:102A38004FF011324FF0FF332846FFF7C3FF041E53
:102A480018BF0124A400DFE76EB90AEB0703D3E936
:102A58000023B3F1FF3F08BFB2F1FF3F06D10837AB
:102A680009F10809E2E7D9E90023F2E7B84505D9F1
:102A78003846FFF7A7FF0028F1D1C4E70324C3E7CE
:102A880000C0030800C80308FFCF0308FFC70308F6
:102A980010B507F0FFFA09487821FFF78CFF0446C4
:102AA80038B107487921FFF786FF041E18BF0124B3
:102AB800A40007F001FB204610BD00BF00C00308BA
:102AC80000C8030830B5084D002340F2EF749AB2ED
:102AD800914201D8042030BDA34203D05A5DC254AC
:102AE8000133F4E70320F6E710C0030838B50446BD
:102AF8000D4672B60A4601460020FFF76BFF62B624
:102B0800042806D172B601202A462146FFF762FF43
:102B180062B638BD38B5124B1C68D3F80058B4F10A
:102B2800113F09D1B5F1113F17D0002211460120FC
:102B3800BDE83840FFF74EBFB5F1113F03D1002281
:102B480011461046F4E7FFF7A3FF042804D12C40F0
:102B580001340CBF0220012038BD0420FCE700BF6F
:102B680000C00308044B9A689107FCD518739A684B
:102B7800D207FCD5187B70470000015870B50C4689
:102B8800451E8E18B44200D170BD15F8010FFFF72D
:102B9800E9FF04F8010BF5E7084611461A46FFF766
:102BA800EDBF000070B5064E04464518A54200D199
:102BB80070BD3078FFF7D6FF04F8010BF6E700BFC9
:102BC8001000002008461146FFF7ECBF38B5044650
:102BD8004518AC4200D138BD14F8010BFFF7C2FF0D
:102BE800F7E708461146FFF7F1BF000010B58CB0B3
:102BF8002822002102A809F06FF84FF0B0431C4CBE
:102C08005A6E42F001025A665B6E03F001030193AB
:102C1800019BFFF737FD082208924FF482720023C8
:102C280003924FF40072CDE90533CDE909330293DD
:102C3800079207234FF4E06202A920460B930492FF
:102C480008F000FA636823F010036360636823F0F8
:102C580008036360236843F040032360A3689B076D
:102C6800FCD5237B034BFF221A700CB010BD00BFAC
:102C78000000015810000020034B18739A68D2070F
:102C8800FCD5187B704700BF0030014038B5441EA2
:102C98008D18A94200D138BD14F8010FFFF7ECFFD9
:102CA80001F8010BF5E7084611461A46FFF7EEBF93
:102CB80038B5064D04460144A14200D138BD2878F4
:102CC800FFF7DAFF04F8010BF6E700BF1100002058
:102CD80008461146FFF7ECBF10B5014404468C4284
:102CE80000D110BD14F8010BFFF7C6FFF7E708463F
:102CF8001146FFF7F1BF000070B58CB02E4C2822AA
:102D0800002102A808F0E8FF4FF48050FEF71FFFEB
:102D180001460323204606224FF48056FFF7D3FBD3
:102D28000125A6610624CDE9004503230A222021B6
:102D38004FF09040FFF742FBCDE9004503230A22FC
:102D480031464FF09040FFF739FB03231A46CDE98F
:102D580000454FF400614FF09040FFF72FFB082229
:102D6800164C08924FF48272002303924FF40072BB
:102D7800CDE90533CDE909330293079207234FF4D0
:102D8800E06202A920460B93049208F05BF963689D
:102D980023F010036360636823F00803636023680B
:102DA80043F040032360A3689B07FCD5237B044BB7
:102DB800FF221A700CB070BD0004004800300140BA
:102DC800110000201B4B10B4DC69A00611D51A684D
:102DD80091060ED5184819495A6A0388098801339B
:102DE800C3F30A0389B299421FBF1549D2B2CA5424
:102DF800038010481F232206036215D503681B06AB
:102E080012D5104B104A1988138889B29BB299427F
:102E18000CD013880133C3F30903138013880B4ABA
:102E28009BB2D35CDBB2836210BC704710BCFEF768
:102E38009ABE00BF0038014088290020862900205A
:102E4800862100208C2D00208A2D00208A29002030
:102E58000E490F4A0B8812880133C3F3090392B253
:102E68009A4211D00B4AD0540B4A0B8002F50063EA
:102E780053E8003F43F0800302F5006040E800316A
:102E88000029F3D101207047002070478C2D0020C5
:102E98008A2D00208A2900200030014038B50446D8
:102EA8004518AC4200D138BD14F8010BFFF7D0FF2C
:102EB800F7E708461146FFF7F1BF0000054B064A41
:102EC8001B8810880133C3F3090380B2181A18BF8E
:102ED800012070478C2D00208A2D002008B5FFF7AF
:102EE800EDFFB0FA80F0400908BD0000054B064A26
:102EF8001B8812889B1A98B21B0444BF00F5006017
:102F080080B270478829002086290020FFF7EEBF8D
:102F18000848094A0188138889B29BB29942F9D0B6
:102F280013880133C3F30A0313801388034A9BB23F
:102F3800D05C70478829002086290020862100203F
:102F4800FFF7E6BF70B588B00C4606461546002167
:102F58002022684608F0C0FE231E18BF01231B0369
:102F6800CDE9023569460C2303480196049405937C
:102F780008F054FA08B070BD0038014010B5064C8E
:102F8800236823F001032360FFF7DCFF236843F085
:102F98000103236010BD00BF00380140002208462D
:102FA8001146FFF7EBBF000073B53B4C236823F0D5
:102FB80001032360082501264FF48040FEF7C7FD72
:102FC8004021CDE90056354803230A22FFF7F6F9D8
:102FD80003231A46CDE9005630488021FFF7EEF961
:102FE800002211464FF46140FFF7ACFF636823F4F9
:102FF80090436360A36823F02A03A360284BB022A0
:1030080083F8242310225A602046FEF7ACFD254A97
:1030180002F5006353E8003F23F0400302F5006027
:1030280040E800310029F3D1402323621E4B198068
:103038001E4B198002F5006353E8003F23F020037C
:1030480002F5006040E800310029F3D1184B1980DF
:10305800184B1980104B5A6822F400625A609A681B
:1030680022F008029A605A6822F480425A609A68EC
:1030780022F022029A609A6842F480529A601A6892
:1030880042F001021A60DA699102FCD5DA6952024B
:10309800F9D502B070BD00BF0038014000040048F7
:1030A80000E100E0003001408A2D00208C2D002036
:1030B800862900208829002008B5FFF775FFBDE89C
:1030C8000840FEF78FBFFFF7F7BF0000024B1A68F2
:1030D800024B1A60704700BF902D00207403002037
:1030E800054A064B1968136899421DBF0133012030
:1030F80013600020704700BF74030020902D00204B
:10310800034A044B11681B780B441360704700BFD7
:10311800902D0020200000200148FFF73EBA00BF94
:1031280000440140014B586A80B270470044014096
:1031380008B5FFF7F1FFBDE80840FFF7C7BF70B556
:1031480004460D46164606F0A5FF083D04EBC606E4
:10315800B44204D1042406F0AFFF204670BD55F8F0
:10316800082FD4E900016B68994208BF904201D149
:103178000834EDE72046FFF725FC0028F8D104467F
:10318800E9E700001FB503788BB10A4B1B68B3F55C
:10319800FA6F0CD30023002203700023CDE900232B
:1031A800CDE90223406802226946FFF7C8FF05B04F
:1031B8005DF804FB902D00200123F0B50380444BFB
:1031C800444AD3E9005104464348914208BF854226
:1031D80085B04FF0000202D1227005B0F0BD3AA1CF
:1031E800D1E900013D4F6260C3E900013C484FF05E
:1031F800AA33D0E90021B1F1FF3F08BFB2F1FF3F88
:10320800D0E9026505D0994208BF9A4201D00A4325
:1032180009D1B5F1FF3F08BFB6F1FF3F0DD09D4280
:1032280008BF9E4209D01030B842E2D172B67A2166
:103238002B48FFF7C0FB62B629486060D0E900322E
:10324800CDE90032B2F1FF3F08BFB3F1FF3FD0E94B
:10325800025109D1B1F1FF3F08BFB5F1FF3F22D1BB
:103268004FF0AA331A4623E04FF0AA36B24208BFFD
:10327800B3420BD1B1F1FF3F08BFB5F1FF3F0FD00B
:10328800B14208BFB5420ED10023EBE753EA02076B
:1032980009D1B14208BFB54205D14FF480712180F0
:1032A8001D46114604E0002323701A461D461946A0
:1032B800CDE90032CDE9025102226946FFF73FFF0E
:1032C8008BE700BFAFF3008012345678FEDCBA906B
:1032D80000000020FEDCBA901234567800D80308AB
:1032E80000D003084FF080431A6991070AD56FF0A0
:1032F80002021A615A6B6432DA63084A596B1288FF
:103308000A445A634FF080431A69120705D56FF0D3
:1033180008021A61024B01221A707047440000200B
:10332800710300200A490B8803B9FEE772B64FF013
:10333800804309885A6A114464325963DA636FF02A
:1033480002021A616FF008021A6162B6704700BF84
:103358004400002000B5032289B04FF0FF314FF040
:103368008040FFF711F920220021684608F0B4FCDC
:1033780064236A4601214FF08040039307F0D6FE8C
:10338800C8236A464FF480714FF08040039307F0DA
:10339800CDFE054BA02283F81B234FF000621A6074
:1033A80009B05DF804FB00BF00E100E04FF0804386
:1033B800DA6842F00202DA60DA6842F00802DA609B
:1033C8007047000010B501EB8101084B01EB81014A
:1033D80089001980064B044600221A70FFF7BAFFCD
:1033E8002046BDE81040FFF7E1BF00BF44000020C1
:1033F800710300202DE9F0411C4CDFF87480C422D1
:103408000021201D08F068FC06270F23A3803A46F8
:1034180043234146E01927806780FEF7A9F83F2338
:1034280001260025A4F858303A464323414604F1C2
:103438005A00C4E91366A4F84A606565FEF798F86F
:103448000C4B0D49C4F8A03004F1B000C4E92A556A
:10345800A4F89E6084F8A45008F098FC7F2384F8B0
:10346800C530052384F8C630BDE8F0816402002029
:1034780060C400080700010067C0000870B5094E65
:1034880005460C46415C304608F03DFC034628B131
:10349800831B0133DBB2282B28BF0023F35C2B5599
:1034A80070BD00BF78C4000870B50C4611460646CA
:1034B80008F06CFC44B10025052130460135FFF7C2
:1034C800DDFFEBB29C42F7D870BD000073B505462E
:1034D80005F111061F4C204A014636016846FFF7E0
:1034E800E3FFB01C6946204408F050FC264404EB76
:1034F8000512002302217172A2F81A31142202FB6C
:10350800054001254FF00112C0E91352A0F84A10F6
:10351800A2F1FF22E1844FF480714265A16240F27A
:1035280001124FF40071A0F8582084F83430A185B6
:1035380084F82E5084F8303084F83330C4F83A30A8
:10354800C4F83E30C4F84230A4F84620A4F8482015
:1035580002B070BDA800002012C000082DE9F34198
:103568000546A54CA54A05F111074FEA07180E466E
:1035780001466846FFF798FF08F10200A044694633
:103588002044FDF72FFF98F80930072B84BF02234A
:1035980088F8093004EB0710994B427A198841FAE8
:1035A80002F2D20710D40222427269B14807C1F36D
:1035B800800209D441FA02FC1CF0010FD0B200F0DD
:1035C800A68104EB0712507204EB0512280192F849
:1035D8001A11052902D9002182F81A1104EB000CEE
:1035E80059889CF81A2141FA02F2D20713D4012211
:1035F8008CF81A2179B111F0020FC1F340020AD1F7
:1036080041FA02FE1EF0010F5FFA82FC00F084818D
:10361800221882F81AC1221892F81B11032902D91C
:10362800002182F81B1104EB07177A7A012A03D9C3
:10363800042A01D000229A802718998897F81B211C
:1036480041FA02F212F001020FD187F81B2161B191
:1036580011F0010209D141FA02FC1CF0010FD7B2A6
:1036680000F05F81221882F81B71002E40F09F81C4
:10367800142202FB054191F84A60052E02D9022660
:1036880081F84A6002FB054292F84B10042902D9DE
:10369800002182F84B10142202FB0542B3F84A10AD
:1036A80092F84B6041FA06F6F60712D4012682F822
:1036B8004B6071B18E07C1F340020AD441FA02F798
:1036C800FF07D6B240F13281142202FB054282F88C
:1036D8004B60142202FB054292F84C10032902D9D0
:1036E800012182F84C10142606FB0546B3F84C104D
:1036F80096F84C2041FA02F212F0010210D186F835
:103708004C2069B111F001020AD141FA02F7FF0712
:10371800D6B240F11081142202FB054282F84C60B7
:10372800142202FB054292F84E10012902D9002109
:1037380082F84E10142606FB0546B3F84E1096F88C
:103748004E2041FA02F212F0010210D186F84E2002
:1037580069B111F001020AD141FA02F7FF07D6B2A6
:1037680040F1EE80142202FB054282F84E601422DA
:1037780002FB054292F84F10042902D9002182F871
:103788004F10142606FB0546B3F8502096F84F1044
:1037980042FA01F111F0010110D186F84F106AB117
:1037A80012F001010AD142FA01F7FF07CEB240F147
:1037B800CC80142101FB054181F84F60142101FBE5
:1037C800054191F85160032E02D9002681F8516015
:1037D800142707FB0547B3F8526097F8511046FACB
:1037E80001F111F0010119D187F85110B6B116F0A5
:1037F800010113D106E000BFA800002012C0000894
:103808006402002046FA01FC1CF0010FCFB200F060
:10381800A180142101FB054181F85170142101FB9D
:10382800054696F85070022F02D9012786F8507085
:1038380001FB054191F85460022E02D9012681F856
:103848005460142101FB054696F84D70022F02D9E9
:10385800002786F84D7001FB054191F85260012E52
:1038680002D9012681F85260142101FB054696F819
:103878005570012F02D9012786F8557001FB0541C3
:1038880091F85360022E02D9002681F8536014275C
:1038980007FB0547B3F8566097F8531046FA01F14D
:1038A80011F0010110D187F853106EB116F0010123
:1038B8000AD146FA01FC1CF0010FCFB24FD01421F7
:1038C80001FB054181F85370142101FB054696F868
:1038D80056700C2F02D9002786F8567001FB054157
:1038E80091F84C60012E08D191F84F60042E04D154
:1038F800D70738D5002281F84F20142202FB054251
:1039080092F84F10A1BB92F85120012A35E00132FC
:10391800102A7FF44FAE57E60132102A7FF470AEBA
:1039280079E60132102A7FF496AE9EE60132102A1B
:103938007FF4C4AECDE60132102A7FF4E6AEEFE69E
:103948000132102A7FF408AF11E7013110297FF402
:103958002AAF33E7013110297FF454AF5EE7013114
:103968001029A6D1B0E712F0040218BF0222C2E75C
:1039780001290AD192F85120022A01BF142202FB20
:103988000542002182F8511007E0022903D192F87C
:103998005120032AF1E70329B5D0142202FB05427E
:1039A800012182F8571040F20111A2F8581094F83A
:1039B8002620052A02D9022284F8262094F82720F6
:1039C800042A02D9002284F82720B3F89E1094F81C
:1039D800272041FA02F2D7070ED4012284F82720C3
:1039E80051B18E07C1F3400206D441FA02F7FF072E
:1039F800D6B244D584F8276094F82820022A02D940
:103A0800002284F8282094F82920022A02D90122C9
:103A180084F82920B3F8A01094F8292041FA02F27A
:103A280012F001020CD184F8292049B111F00102E9
:103A380006D141FA02F7FF07D6B224D584F82960E7
:103A480094F82A200C2A02D9002284F82A2094F813
:103A580032200C2A02D9002284F8322094F82B2034
:103A6800042A02D9002284F82B200022474916464E
:103A780011F9017F17F1780F09DA0E7009E00132A8
:103A8800102AB2D1B8E70132102AD2D1D8E7782F5C
:103A9800F3DC0132D2B20C2AEAD13D4900220126D8
:103AA80011F8017F0132022FD2B288BF0E70042AAA
:103AB800F6D194F83420022A02D9002284F834205E
:103AC800B3F8A22094F8343042FA03F313F0010358
:103AD8000CD184F834304AB112F0010306D142FA0D
:103AE80003F6F607D9B211D584F8341094F82C30BF
:103AF800022B02D9002384F82C3094F82D30032BA4
:103B080008D80AD1002384F8343006E00133102B9A
:103B1800E5D1EBE7022384F82D3094F82E30022B00
:103B280002D9012384F82E3094F83030022B02D9C0
:103B3800002384F8303094F833300C2B02D900235A
:103B480084F8333094F83530042B02D9002384F8F4
:103B58003530104B18444FF6FF71A0F8201114218E
:103B6800FF2201FB053183F82F2083F831204FF025
:103B7800FF32C0F81C211A629A84A1F85A20A1F8D1
:103B88005C20DA861A8702B0BDE8F081E1000020E7
:103B9800ED000020A80000200021FFF7DFBC000096
:103BA800034670B50846052B04D8DFE803F01D046A
:103BB80021191D21FEE720261F250F22184CA3706E
:103BC8002277013B0122A4F84C60A4F84E50A2765B
:103BD800A273042B10D8DFE803F010191C1C19007D
:103BE80009266F250722E9E7142632250A22E5E788
:103BF800352613251922E1E7FEE7002323712374F4
:103C0800FDF704FF04236073637670BD227122748C
:103C1800F6E7002323712374A376A373F0E700BFAC
:103C280048000020012803D002280FD088B1FEE701
:103C380002460021084B83F8550083F8582083F882
:103C4800562083F8591083F8571070470022012135
:103C5800F0E701221146EDE7480000202DE9F04386
:103C6800794D7A4C00F1110805EB081702378BB033
:103C780006463846FDF7D2FB4FEA061900900421A4
:103C8800684605EB0616FDF79BFF96F81B31E083A7
:103C98002BB103EB031303EB03231844E08305EB79
:103CA80008135B7A062B40F0BF80E38B03F5B5431E
:103CB8002533E38305EB081895F82700FFF7B2FFD3
:103CC80098F8091061708B1FA944012B8CBF002341
:103CD800012399F81A0184F85A30FFF761FF99F81F
:103CE8001B21E18B009BE1806182A36063612AB1A3
:103CF8004FF0113000FB0233A360636195F8260092
:103D0800534B616213F9203023732376002384F820
:103D18002A30637B84F8292023B93846FDF79EFBB7
:103D280084F82A006078FDF771FE4A4A84F8280072
:103D3800128802F00101970748BF41F00201A185EE
:103D4800560742BFA18D41F00401A1850346100723
:103D580042BFA18D41F01001A185D10642BFA18DBE
:103D680041F02001A185920642BFA28D42F00802CF
:103D7800A285394A01AE02F1200C10685168374615
:103D880003C7083262453E46F7D110683860A2780A
:103D9800324E06210AA801FB0303134413F8247CBE
:103DA80084F8207016E90F0086E80F00012384F8D4
:103DB8005A30042384F83830022384F83030012F35
:103DC80040F2E243A4F8503036D97E08384684F8E9
:103DD8005460FCF77DFE4FF07F51FCF7CDFEFDF7F8
:103DE800B7F8042EC0B2A4F8520002D8052384F80C
:103DF8005430B4F84C204FF47A73B3FBF2F3A4F8C0
:103E0800403095F82C30012B1AD0022B14BF4FF4F8
:103E180061434FF461336364002384F85B30A4F892
:103E28005C300BB0BDE8F083072B7FF443AFE38B26
:103E3800A3F5B543263B3CE70323A4F85230D5E766
:103E48004FF4E133E7E700BFA80000204800002056
:103E580060C4000864020020D8BD00087800002073
:103E680002484FF4DE72FF2107F036BFA800002099
:103E780002484FF4DE71FEF739BE00BFA8000020EB
:103E880002484FF4DE71FEF71DBE00BFA8000020F7
:103E980008B5FFF7F5FF034B1878BDE80840FFF7B2
:103EA8007BBE00BF48000020F8B5FFF7D9FFFEF73A
:103EB80031FE04280CD0FFF7D3FFFEF72BFE0428B1
:103EC80003D1FFF7DDFF042806D0FFF7C9FF03E0A1
:103ED800FFF7D6FF0428EED146494748464C102242
:103EE80007F01EFF38B145491022204607F018FF99
:103EF80008B1FFF7B5FFA38A42F6A102934266D044
:103F080042F6A002934258D800213B4B02250426D2
:103F18000F46012093F84F20012A1ED0022A1FD0F5
:103F28000ABB93F85020042A20D0052A20D0033A4F
:103F380018BF012201310A2983F8502083F8540060
:103F480003F11403E6D194F82C30042B12D0052B7E
:103F580031D0002384F82C300EE083F84F50E0E78E
:103F680083F84F60DDE783F84F70DAE70122E1E775
:103F78000222DFE784F82C0042F6A103A382012580
:103F880022691C491C4842F6A2039A424FF01002CB
:103F98001CBF2361012507F0C3FED0B1154916489F
:103FA8001022FDF717FB164916480822FDF712FBE9
:103FB800FFF75EFF0FE00223CCE70025E8B20135EA
:103FC800FFF784FA0A2DF9D10023E377D4E7002517
:103FD800D6E7002DECD10023E3770B4C2370FFF7D5
:103FE80009FA2078FFF7D8FD2078BDE8F840FFF7F8
:103FF80035BE00BF19C00008A80000202AC000086C
:104008003BC000085A020020480000200129F7B5EB
:10401800054600D9FEE70B4E06EB01131C460F01BF
:104028006278F15D03619B7807F008FCE3790193FE
:10403800A379009322796379E178284607F025FC73
:1040480003B0F0BDECDA0008836810B5044603B984
:10405800FEE70A781A70002107F0B2FB4FF47A7075
:10406800FEF77AFC2046012107F0C1FBA368204631
:104078001978FFF7CBFF10BD38B5836804466BB1DC
:10408800024652F8183BDD6900F11903A847217E62
:1040980020460222BDE8384007F059BC38BD000070
:1040A80070B58160897A86B0044601B1012107F0B4
:1040B8009EFB204607F01DFD204607F0F5FC217BFE
:1040C800FF2903D0FA22204607F0FAFCA3685B7A9E
:1040D800013B042B04D8DFE803F0043E3E414100D5
:1040E800FEE7E922E121204607F028FD01212046CC
:1040F80007F0B7FC9621204607F0F4FC382120464B
:1041080007F006FD204607F00BFDA368204693F94B
:104118000810FFF7B1FFA3689D7A15B319782046F8
:10412800FFF774FF00221146204607F07AFB0023B0
:10413800009340F2032220464FF6FF7107F0D4FBAC
:1041480020464FF6FF7107F0F6FB204606B0BDE8A3
:10415800704007F096BCDB22D721C4E76F226B21A1
:10416800C1E75E880E4B63614CF2503300932046E2
:104178000C4919230B2207F0EFFC0123CDE9033387
:104188005B23CDE9015310231946204600950422EC
:1041980007F020FD3146204607F040FDC2E700BF8A
:1041A800CCDA0008A086010038B504461D4613463F
:1041B8000A46002107F0AEFA20464FF6FF7107F0D5
:1041C800BAFBA9012046BDE8384007F0CDBB10B5C1
:1041D8004FF6FF71044607F0AEFB20460021BDE80C
:1041E800104007F0DCBB10B5044607F04AFC204637
:1041F8004FF6FF71BDE8104007F09DBB836873B5AB
:104208000D46144623B981220A70237002B070BD8E
:104218009E7A0DF10601B6B107F0DCFB94F9003087
:10422800002B04DABDF806201344ADF80630BDF9BA
:104238000630002B0BDB4FF6FF73ADF80630BDF8E8
:1042480006302B70E2E707F0FAFC2670EFE77F33C1
:10425800F5DA4FF68173F0E738B58168036891F9AC
:104268000810DD69044600F1190300F11802A84797
:10427800A3689A7A42B11A78012A00D9FEE7044B5A
:1042880003EB0213236138BD024B6361FBE700BFF8
:10429800ECDA0008CCDA0008836810B5044683B16C
:1042A80003691BB943690BB9FFF7D6FFA3689B7A6B
:1042B8001BB12369B3F90C0010BD6369B3F91C0085
:1042C800FAE71846F8E7836810B5044643B103696E
:1042D8001BB943690BB9FFF7BFFF94F9190010BD6B
:1042E8001846FCE708B5836843B9FFF7D9FE7D2077
:1042F800FEF732FBBDE80840FEF728BA08BD08B54E
:10430800836843B9FFF7CCFE7D20FEF725FBBDE8A7
:104318000840FEF799BA08BDF8B5044608462028B3
:1043280011461D46BDF818C09DF81C209DF8203088
:1043380000D9FEE7052DA57100D9FEE72B4F57F8E8
:10434800356006B9FEE707EBC507A6603E797F79B9
:1043580027730027E67184F8D550A4F80EC084F8B6
:10436800D470BCF1000F00D1FEE786429CBF06F175
:10437800FF36F0B2052D60742DD0012D32D802F130
:10438800FF35EDB21DD0022D16D85D1E032D0DD8B8
:104398000C2801D90C256574657C854200D96074A8
:1043A8002046FDF796FA00232374F8BD122884BF2F
:1043B800122363740023EFE7042B88BF0023002235
:1043C800EEE7022D04D80C2803D90C23637400E00F
:1043D80000220023E4E7531E022BF9D80828F8D955
:1043E8000823F3E72046FDF71BFADCE730C4000892
:1043F80090F8D43053B190F8D520074B03EBC201A5
:1044080053F83230497953F821007047037C00EBA8
:104418008300406B704700BF30C40008024690F824
:10442800D40030B528B3B2F8D830B2F8D61001337A
:104438009BB29942A2F8D8301BD80023A2F8D830F2
:10444800D48992F8D53006210133DBB2062B28BF78
:10445800002344FA03F5ED0707D5074951F833104F
:1044680001B9FEE782F8D53030BD013911F0FF01FE
:10447800EAD10020F8E700BF30C40008037C427C82
:104488000133DBB29A4298BF0023037490F8EC30F2
:1044980090F8ED200133DBB29A4298BF002380F8F0
:1044A800EC30704713B5194B0288DB8B9A420446EF
:1044B80027D1837813F0D00F25D18379812B22D887
:1044C8004FF6FF730D2201460DF10600ADF80630D8
:1044D800FDF75EFBB4F80D20BDF806309A420ED108
:1044E8004C2204F10D01FDF753FBB4F85900BDF857
:1044F8000630C01A18BF0120800002B010BD03208A
:10450800FBE70120F9E70220F7E700BF4800002099
:104518000A7ACB7902F0070243EA022303804B7A36
:104528000A7A03F03F035B0143EAD20343808B7AA4
:104538004A7A9B0043EA9213CA7A02F0010243EADC
:10454800822383800B7BCA7A03F00F03DB0143EAE3
:104558005203C3800B7BC3F30112012A11D813F055
:10456800300F14BF012300239B0203830B7B7F2B97
:104578000AD813F0C00F14BF012300239B02438302
:10458800704740F2FF73F0E740F2FF73F7E70A7AEB
:10459800CB7902F0070243EA022303804B7A0A7AB6
:1045A80003F03F035B0143EAD20343808B7A4A7AE4
:1045B8009B0043EA9213CA7A02F0010243EA82237B
:1045C80083800B7BCA7A03F00F03DB0143EA5203B3
:1045D800C3800A7CCB7B02F0070243EA02230381F3
:1045E8004B7C0A7C03F03F035B0143EAD20343811F
:1045F8008B7C4A7C9B0043EA9213CA7C02F001023E
:1046080043EA822383810B7DCA7C03F00F03DB011D
:1046180043EA5203C3814B7DDB0003828B7DDB00C1
:104628004382CB7DDB0083820B7EDB00C3820B7B66
:10463800C3F30112012A2BD813F0300F14BF012342
:1046480000239B0203830B7B7F2B24D813F0C00F1E
:1046580014BF012300239B0243830B7DC3F3011284
:10466800012A1BD813F0300F14BF012300239B022B
:1046780083830B7D7F2B14D813F0C00F14BF012345
:1046880000239B02C3834FF48063038443847047F1
:1046980040F2FF73D6E740F2FF73DDE740F2FF73A5
:1046A800E6E740F2FF73EDE737B5214BDB8B03807C
:1046B8004A78837862F3C30383704A79C37862F3D4
:1046C8000003C3708A79437962F386134371044601
:1046D80091F902000D46FCF76DFDE37860F347039E
:1046E800E370EA78237962F3060323712A79DBB24F
:1046F80002F0010203F07F0343EAC21323712A790F
:104708006379C2F3450223F03F03134363715922CF
:104718004FF6FF7321460DF10600ADF80630FDF7A0
:1047280037FABDF80630A4F8593003B030BD00BFE1
:10473800480000202DE9F3419DF820601546522ECF
:1047480088464FF05B024FF0000104461F4628BF21
:10475800522607F0C1FA2D4BDB8B23802A78A378E9
:1047680062F30203A3706978C90001F00801DBB2A3
:1047780003F0070341EA08111943A1706A79E37845
:1047880062F30003E370AA79637962F386136371B5
:1047980095F90200FCF70EFDE37860F34703E37038
:1047A800EA78237962F3060323712A79DBB202F0EF
:1047B800010203F07F0343EAC21323712A79637964
:1047C800C2F3450223F03F0313436371A3792246E2
:1047D80066F3470302F8063F3E443B46B34210D116
:1047E8004FF6FF73592221460DF10600ADF8063049
:1047F800FDF7CEF9BDF80630A4F8593002B0BDE88F
:10480800F08113F8011B02F8011FE7E748000020B8
:1048180007B5009313460A460121FFF78BFF03B043
:104828005DF804FB30B53A4B027893F8261061F333
:104838000302027093F8271061F30712027093F8CD
:104848002810427861F30302427093F8291061F34B
:104858000712427093F82A10827861F3030282707B
:1048680093F83210827961F30302827193F82B1066
:10487800827861F30712827093F83410C27961F379
:104888000302C27193F82C10C27861F30302C2705C
:1048980093F82D1061F30712C27093F82E10027965
:1048A80061F303020271427993F8301061F3030255
:1048B800427193F83310827961F30712827193F889
:1048C8003510C27961F30712C27103F1390100F1A1
:1048D8000A0200F1160411F9015F02F8015FA24211
:1048E800F9D193F84610C27D61F30102C27593F8BD
:1048F800471061F38302C27593F8481061F30512FB
:10490800C27593F8493063F38712C27530BD00BF92
:10491800A80000200278344BC2F3030230B583F8B4
:1049280026200278C2F3031283F827204278C2F3C4
:10493800030283F828204278C2F3031283F829205F
:104948008278C2F3030283F82A208279C2F3030231
:1049580083F832208278C2F3031283F82B20C279BD
:10496800C2F3030283F83420C278C2F3030283F847
:104978002C20C278C2F3031283F82D200279C2F3E7
:10498800030283F82E204279C2F3030283F8302011
:104998008279C2F3031283F83320C279C2F3031277
:1049A80083F8352003F1390100F10A0200F11604F9
:1049B80012F9015F01F8015FA242F9D1C27DC2F389
:1049C800010283F84620C27DC2F3810283F84720A2
:1049D800C27DC2F3011283F84820C27DC2F381125E
:1049E80083F8492030BD00BFA800002070B598B0FA
:1049F800522204460D4603A8002107F06DF9212331
:104A080042F6A2008DF80C30FCF7C6FDADF80E009A
:104A180042F6A100FCF7C0FD204EADF81000204979
:104A280014220DF11200FCF7D5FD96F8563013B993
:104A380096F8583083B31B48FFF745FC96F8553075
:104A48008DF826000AA88DF82730FFF7EBFE4FF601
:104A58008073ADF84630144A144BCDE91223144B39
:104A6800149347F6FF73ADF85430124BB3F89E20F9
:104A78008DF85620B3F8A020B3F8A2308DF858303E
:104A880052238DF8572000932A4603AB0221204673
:104A9800FFF750FE18B070BD0748CDE7480000206A
:104AA80041C000081C1F002001000A001900640012
:104AB8009E00FF7F64020020381F002038B5154D86
:104AC800044600F11B01062205F58970FCF7E2FD9A
:104AD80094F82130C3F3030385F8193194F8213091
:104AE800C3F3031385F81A3194F82230C3F3030390
:104AF80085F81B31B4F85700FCF75FFD42F6A103B7
:104B0800984205D104F12500BDE83840FFF702BFFF
:104B180038BD00BFA80000200B4A0C49126882600B
:104B28000A6802614A680A4942610A6882614A68F9
:104B3800C26100234EF660228380837183810384DF
:104B480002600385704700BF902D002056C0000802
:104B58005FC0000810B50E4C94F8563013B994F89D
:104B680058301BB10B490C48FFF76EFA94F85730D0
:104B780013B994F859301BB108490948FFF764FA8A
:104B88000548FFF730FB0648FFF72DFB10BD00BFB7
:104B9800480000204C0000201C1F00205800002066
:104BA800381F002038B51D4D0446A87869780528B7
:104BB80028D14FF6FF732385FEF7F2FF6B780122A9
:104BC8009A40238D23EA0203238515491548FFF7E8
:104BD80089FB15491548FFF792FB1248FFF703FBBD
:104BE8001248FFF700FB0F486FF07F01FFF744FA08
:104BF8000E486FF07F01FFF73FFA2046BDE83840C6
:104C0800FFF7A8BF002323850220FEF7C9FF6A78B3
:104C180001239340228D13439BB2D5E7480000201F
:104C28004C0000201C1F002058000020381F0020C6
:104C380008B590F8203002468BB9FDF73AFE10B956
:104C480082F8210008BD92F8213001335BB2312B84
:104C580082F82130F6DD012382F82030F2E7FDF7F3
:104C680028FE18B1322382F82130EBE792F8213080
:104C7800013B5BB2002B82F82130D8BF82F82000BC
:104C8800E0E700000A4B90F820201B6872B18268A8
:104C98009B1AB3F57A6F01D901234371037923B9BC
:104CA800437913B101230371037370478360F5E7F8
:104CB800902D00200346007B821E012A4FF000023F
:104CC80002D893F8201009B91A7370471046704734
:104CD8000A4A38B5138801339BB2502B04460D4657
:104CE80001D8138038BD002305491380FDF71CFB4C
:104CF80029462046FDF718FBF4E700BF780300209B
:104D080068C000082DE9F84F154604460F466B4960
:104D18006B4EFDF709FB29462046FDF705FB694B5D
:104D28000022012F1A800FD11023B362082746F200
:104D3800A810B761FDF710FEB762FDF70DFE294612
:104D48002046FFF7C5FFF2E7BB1E08220C2B00F236
:104D5800A880DFE803F03141521C07A6A6A66262CC
:104D680062626200564E4FF008081027C6F8188095
:104D780046F2A810B762FDF7EFFDC6F82880B761C4
:104D8800FDF7EAFD29462046FFF7A2FFEDE74C4E66
:104D98004FF008081027C6F8188046F2A810B76127
:104DA800FDF7DAFDC6F82880B762FDF7D5FD29467C
:104DB8002046FFF78DFFEDE7B262414E102746F21D
:104DC800A810B761FDF7C8FDB762FDF7C5FD294614
:104DD8002046FFF77DFFF2E71023B361384E08271E
:104DE80046F2A810B761FDF7B7FDB762FDF7B4FD4D
:104DF80029462046FFF76CFFF2E7B261304E1027D4
:104E080046F2A810B761FDF7A7FDB762FDF7A4FD4C
:104E180029462046FFF75CFFF2E7A7F1090BDFF808
:104E2800A0805FFA8BFB00264FF0080A5E453CBF66
:104E38001023C8F818304FF0040946F2A810C8F833
:104E480018A0FDF789FDC8F828A0FDF785FD09F130
:104E5800FF3929462046FFF73BFF19F0FF09ECD13F
:104E68001023C8F828304FF0040946F2A810C8F8F3
:104E780018A0FDF771FDC8F828A0FDF76DFD09F130
:104E8800FF3929462046FFF723FF19F0FF09ECD127
:104E98000136A7F10803F6B2DBB2B34238BF0026E9
:104EA800C4E71023B261B3614CF25030FDF754FDF2
:104EB80029462046FFF70CFFF6E700BF68C0000848
:104EC800000400487803002010B5437802789A421D
:104ED8001BD0052B8ABF052303700370027888BF97
:104EE80043700A4B0A4813F922100A4C836821734D
:104EF800217613B11972FFF7BFF80748836823B109
:104F080094F918101972FFF7B7F810BD60C40008BB
:104F18001C1F002048000020381F002010B50AB9C7
:104F2800437010BD541E0B2CFBD80332D2B231F99A
:104F38001220C83A03FB022240F2716192FBF1F29F
:104F480012B222EAE2729A42C8BF1AB24270E8E785
:104F580010B40C46014620B90348224610BC06F09E
:104F680000BC02480021F9E71C1F0020381F002060
:104F7800F8B51D4E1D4696F85A300F4614467BB1BB
:104F8800FDF7D5FB19482B462246FFF70DF9FDF72B
:104F98001EFC17482B4622463946FFF705F9F8BD8F
:104FA80088B9FDF7C4FB11482B462246FFF7FCF8E9
:104FB80096F857301BB996F85930002BEFD00C48AB
:104FC800FFF711F9EBE7FDF702FC09482B462246EB
:104FD800FFF7EAF896F856301BB996F85830002BC8
:104FE800DDD00248ECE700BF480000201C1F00206D
:104FF800381F00202DE9F041194C05465B270E4665
:105008003A460021204606F067FEAB692360EB694B
:105018006360144B14491B789A1E53425341627AB9
:1050280063F3000262726FF05D02A272282200230D
:10503800E27204F10E00142223736373FCF7CAFAB8
:1050480059212046FCF7BCFD084BA4F859003A4604
:10505800214630461B7FBDE8F041FFF789BF00BFFE
:10506800A41D00206B03002041C000084800002058
:1050780008B530B9054801F1A202A031FFF7BEF822
:1050880008BD01F1A3020248A131F7E71C1F002067
:10509800381F00200A4608B501460148FFF732FECE
:1050A8000C0000200023FF22037043708370C2703D
:1050B80003717047C178034629B9827801710132BA
:1050C800827001207047007801281ED0022805D080
:1050D800C8B99A78187101329A70F2E798785A78B4
:1050E8004240D20704D40130002298701A71E8E7D0
:1050F800FF2902D10020187170471A790132D2B203
:1051080091421A71EFD300207047FF29F2D01A7923
:105118000132D2B291421A71F5D29A7801329A705C
:1051280000221A71704700000E48C3691A0617D585
:1051380003681B0614D50C4B0C4A1988138889B2CE
:105148009BB299420AD013880133DBB213801388CB
:10515800074A9BB2D35CDBB283627047FCF703BD9E
:10516800704700BF004400408421002082210020B5
:10517800822000200E490F4A0B8812880133DBB2C7
:1051880092B29A4212D00C4AD0540B804FF040226F
:1051980002F5806353E8003F43F0800302F5806026
:1051A80040E800310029F3D1012070470020704702
:1051B80084210020822100208220002038B5044666
:1051C8004518AC4200D138BD14F8010BFFF7D2FFE7
:1051D800F7E708461146FFF7F1BF000070B588B041
:1051E8000C460646154600212022684606F074FD46
:1051F800231E18BF01231B03CDE9023569460C2382
:10520800034801960494059306F008F908B070BDA8
:105218000044004010B5064C236823F001032360C6
:10522800FFF7DCFF236843F00103236010BD00BFD4
:105238000044004008B541B14FF4005204484FF40F
:105248008061FFF7E7FFFDF70DFB012008BD00BFF8
:10525800A086010008B531B1002211460348FFF7C6
:10526800D9FFFDF7FFFA012008BD00BF9A5B0600D1
:1052780008B541B14FF4005204484FF48061FFF77C
:10528800C9FFFDF7FFFA012008BD00BFA086010095
:1052980013B52F4C236823F0010323604FF400302B
:1052A800FCF749FC08230120CDE900300A2203233A
:1052B80004214FF09040FDF781F80022114625485F
:1052C800FFF78CFF636823F490436360A36823F0BF
:1052D8002A03A360204BC02283F8252320225A608A
:1052E8002046FCF740FC4FF0402101F5806353E86D
:1052F800003F23F0400301F5806040E80032002AB7
:10530800F3D140232362154B1A80154B1A8063682A
:1053180023F400636360A36823F00803A360636851
:1053280023F480436360A36823F02203A360A36887
:1053380043F48053A360236843F001032360044BC4
:10534800DA699102FCD5DA695202F9D502B010BDCA
:1053580000440040A086010000E100E08221002016
:105368008421002030B5214C85B00E22002105464D
:10537800684606F0B1FCB4F8A030ADF8003020461D
:10538800FBF7C4FE8DF802002046FBF7B6FEB4F822
:10539800A4308DF803001648ADF80430FEF793FFEB
:1053A80094F8A6308DF8073094F8A9308DF80830B5
:1053B800B4F8AA30ADF80A300E4B8DF806009A788A
:1053C8008DF80C2093F8562093F857305AB1002BDB
:1053D8000CBF01230323694628468DF80D3004F0DD
:1053E800B2F805B030BD0133DBB2F4E7601E00202F
:1053F8001C1F0020480000200148FDF793BF00BF94
:105408005A1E0020F8B5154D0E4607465B2329465F
:10541800304614462A46FFF79BFDD7E9041328684F
:105428006A689A4208BF884209D0002430460C496D
:10543800FFF71EFE002C0CBF01200320F8BD5921E8
:105448002846FCF7BDFBB5F859308342EDD114B1BD
:10545800FFF7D2FFEAE70124E8E700BF711F002049
:10546800601E002013B5012104460844FCF7A8FB80
:10547800A178ADF806000DF10600FCF77DFBE17898
:10548800FCF77AFB2179FCF777FB6179FCF774FB71
:10549800A179FCF771FB04F108010322FCF778FB02
:1054A800627804F10C01FCF773FB94F82311FCF704
:1054B80063FBBDF80630A4F80C3102B010BD000043
:1054C8000038024B18BF01201870704730030020C5
:1054D80070B5002A38D1042B71D89DB29BB3654CA6
:1054E80094F82830666A03F1030C5FFA8CFCF60026
:1054F800BCF1070F666284F828C040F28980053B3A
:10550800DBB284F82830B1F800C0DE400CF10103AA
:105518000B8000F80C600EE0083BDBB284F8283002
:10552800B1F800C0666A0CF1010E26FA03F3A1F87F
:1055380000E000F80C3094F82830072BECD8013242
:1055480096B2B542CED870BDFF2AFCD1032B66D8DF
:105558009DB2002BF7D0474C94F828300026626A99
:1055680003F1040C5FFA8CFC120142F00202BCF158
:10557800070F626284F828C07AD9043BDBB284F84A
:105588002830DA400B8803F1010CA1F800C0C2549E
:105598000CE0083BDBB284F82830626AB1F800C03E
:1055A800DA400CF101030B8000F80C2094F8283045
:1055B800072BEED80136B2B29542D0D870BD2D4C2B
:1055C800626A03F5C06343EA423394F828206362B1
:1055D80002F10D05EDB2072D84F82850B3D9053234
:1055E800D2B284F82820D3400A88551C0D808354F1
:1055F80009E0083BDBB284F82830626A0D88DA409B
:105608006B1C0B80425594F82830072BF1D870BDDD
:10561800013296B2B54263463FF664AF93E7154C44
:10562800626A03F5E06343EA423394F82820636230
:1056380002F10D05EDB2072D84F8285083D9053203
:10564800D2B284F82820D3400A88551C0D80835490
:1056580009E0083B626ADBB284F82830DA400B883C
:105668005D1C0D80C25494F82830072BF1D870BD0A
:1056780063469FE7600600202DE9F047674C002746
:10568800FF250F8005708025676284F82870A5774C
:105698009846002B00F0BB8003F1FF3912FA89F914
:1056A800561EBA463A4609E0554546D10137BFB2BB
:1056B8000B8843453AD24E4500F0948016F8015FB6
:1056C800002AF1D16B1EDBB2FD2B32D83F2B62D9F9
:1056D80005F14103DBB23F2B34D8636A94F82820E4
:1056E8000135EDB245EA032502F10803DBB2072BC9
:1056F800656284F8283015D984F828200B88D540AD
:105708005A1C0A80C55409E0083BDBB284F82830EB
:10571800626A0D88DA406B1C0B80425594F8283079
:10572800072BF1D800220B884345C4D30020BDE8DD
:10573800F0870127AA463A46BAE7FBB25246FFF776
:10574800C7FEBFE7636A94F828203F35EDB245EA03
:10575800432502F10903DBB2072B656284F8283080
:10576800E0D90132D2B284F828200B88D5405A1CDF
:105778000A80C55409E0083BDBB284F82830626A25
:105788000D88DA406B1C0B80425594F82830072BA3
:10579800F1D80022C7E7636A94F828207F35EDB274
:1057A80045EA032502F10803DBB2072B656284F89A
:1057B8002830B7D984F828200B88D5405A1C0A808D
:1057C800C55409E0083BDBB284F82830626A0D88CA
:1057D800DA406B1C0B80425594F82830072BF1D81F
:1057E8000022A0E722B1FBB25246FFF771FE0B88F8
:1057F80094F8282062B1646AC2F108020125944035
:1058080005FA02F2013A22435C190C80C2540B8853
:10581800984594BF00200120BDE8F087600600206D
:105828002DE9F04F47F26F730022827003800B78E6
:10583800A3F1FE03B3FA83F35B0983708A780D46FC
:1058480012F001011CBF43F080038370D5F82021BA
:1058580022F07F4222F0FF0285B0044612B143F0E5
:1058680008038370AA68C2F31702FF2A1ED9B2F58B
:10587800803F18D363F07F03A37041F002014FF01B
:10588800020B09234FF00A0C0822E1700B20CDF817
:1058980004C01E4617464FF0070E4FF006094FF09A
:1058A800050A042117E043F00203A370180600F16B
:1058B800D68008234FF0090C07220A204FF0000B6E
:1058C800CDF804C01E4617464FF0060E4FF00509E6
:1058D8004FF0040A032195F8018004F8018004EBD5
:1058E8000108297904F80A10697904F80910A979D6
:1058F80004F80E10A178090709D595F82111A154CB
:1059080095F82211A1550346674662460646A968DE
:10591800A154A278900707D5BA1C1F46AB68C3F3F9
:105928000F23A35596B23346BBF1000F05D05A1C7E
:105938001F46AB7AA35596B23346A278D10606D550
:105948005A1C1F4695F82331A35596B23346454A4B
:10595800127803F1010914FA89FA05F10C0B42B126
:105968006B785A460DF10E015046FFF785FE002868
:105978005AD16A78504659461FFA82FA06F00EFA4A
:105988002278394B6178D243D2B2072F9A5C82EAE7
:105998000102995CA27882EA0102995CE27882EAC3
:1059A8000102995C227982EA0102995C627982EAB1
:1059B8000102995CA27982EA0102995CE27982EAA1
:1059C8000102995C1BD0227A5140082F595C16D0ED
:1059D800627A5140092F595C11D0A27A51400A2F9E
:1059E800595C0CD0E27A51400B2F595C07D0227BCE
:1059F80051400C2F595C1EBF627B5140595CA15528
:105A08001AFA89F39BB2B5F80C21E2545A1CB5F87E
:105A18000C1192B2090AA154AA78981CD20780B234
:105A28000BD405B0BDE8F08FA378BDF80EA043F005
:105A38004003A37088F800A0A2E7D5F81071D5F844
:105A48001811D5F81461275022180F335660916049
:105A580095F81C11117398B205B0BDE8F08F4FF09E
:105A6800000B0EE730030020A4C400082DE9F84F0E
:105A7800AE4CAF4E0F4682460146AD48154606F07D
:105A88008DF900233B809E462384636284F8283086
:105A9800802384F822304FF0FF08F14606E03B8867
:105AA8005A1C3A800AF8039094F828E0BEF1010FD6
:105AB8005CD8218C8D4240F29D80606A735C0EF147
:105AC800080C5FFA8CFC43EA0023ACF1020B23FAC2
:105AD8000BF00EF1060200F003000131D2B20228E9
:105AE8002184636284F8282000F08680032800F06F
:105AF800888001281DD0002A40F08780228C95429A
:105B080078D9B15C013241EA0323228407211A06BD
:105B1800636284F82810C2D5062184F8281013F08F
:105B2800400F40F08D803B885A1C3A800AF8038069
:105B3800BAE7062A0BD8228C95425BD9B15C0132B0
:105B480041EA03230CF1060122846362CAB2073AD0
:105B5800D34003F07F037D2B84F828204AD83A8865
:105B68004133511C39800AF802309DE7636AAEF16F
:105B7800020B23FA0BF000F003005FFA8BF2022805
:105B880084F8282003D003281CD0F446B1E7052A5E
:105B980032D8218C8D422DD9705C0EF1060201316C
:105BA80040EA0323D2B221846362063A84F828E0EB
:105BB800D340398803F03F034A1C01333A800AF87E
:105BC800013071E7052A1CD8218C8D4212D9705CEE
:105BD8000EF10602013140EA0323D2B22184636246
:105BE800063A84F828E0D340398803F03F034A1C7A
:105BF800413BE3E7BDE8F88F063A636A5FFA82FE45
:105C0800D4E7063A5FFA82FEEBE70BF1FF3023FA9E
:105C180000F0511EC9B2C00784F828107FF53FAFC5
:105C280069BB228C9542E5D9B15C013241EA032374
:105C380007212284636284F8281013F0800F70E72C
:105C48004A1ED0B223FA02F2D20784F8280032D4CE
:105C58008446228C9542CDD9B05C013240EA0323B8
:105C6800C81D22846362C0B2A0F10802D34084F840
:105C780028C05FFA83FB38885A46002133E001398F
:105C880023FA01F0911EC9B2C00784F828107FF5E5
:105C98004AAF99BB228C9542ACD9B15C41EA032347
:105CA80001324FF0070C19062284636284F828C079
:105CB80021D40821CDE7072832D8228C954299D9DA
:105CC80016F802C0073101324CEA032322846362CA
:105CD800C9B2083923FA01FB84F828005FFA8BFB64
:105CE80038885A46FF21504405F0F6FF3B889B440C
:105CF800A7F800B0D8E660460821DEE701F1FF3CCE
:105D0800D01E23FA0CFCC0B21CF0010F84F8280046
:105D1800D1D107289CD90B3A636A5FFA82FCA3E7C2
:105D2800A0F108020146D0B2D3E700BF6006002008
:105D3800340500202DE9F04F5788B7F58F7F8BB0D9
:105D4800144606460BD90022227000226F2B62806F
:105D580000F06581002333700BB0BDE8F08F127836
:105D68000E2A0D4624D80E2A00F2118101A151F8FD
:105D780022F000BF535D0008A35F0008975F00088A
:105D8800975F0008A35F0008A35F0008A35F0008EF
:105D9800A35F0008A35F0008A35F0008F15F000885
:105DA800975F0008975F0008975F00081560000874
:105DB800692A40F2EA806A2A40F0E9809C4FFA8A10
:105DC80002F1FF3C1FFA8CFC002A00F078820CF1EB
:105DD800030CDFF860E2BC44FF22B91C11F8010B88
:105DE800424061451EF80220F8D1934200F0D0816C
:105DF80000222270C4F80220E280FA8A022AA9D975
:105E080039796F2900F02E83032AA3D079796F2975
:105E180000F03883042A9DD0B9796F2900F03583C2
:105E2800052A97D0F9796F2900F03E83062A91D088
:105E3800397A6F2900F04582072A8BD0797A6F2941
:105E480000F03583082A85D0B97A6F2900F03283AB
:105E5800092A3FF47FAFF97A6F2900F02E830A2AC6
:105E68003FF478AF397B6F2900F02A830B2A3FF47F
:105E780071AF797B6F2900F026830C2A3FF46AAF53
:105E8800B97B6F2900F022830D2A3FF463AFF97BB9
:105E98006F2900F01E830E2A3FF45CAF397C6F290E
:105EA80000F01D830F2A3FF455AF797C6F2900F06D
:105EB8001383102A3FF44EAFB97C6F2900F0128388
:105EC800112A3FF447AFF97C6F2900F00E83122A9C
:105ED8003FF440AF397D6F2908BF4FF012087FF4B7
:105EE80039AF02F101091FFA89F93A44A7F8169067
:105EF8005FFA89F9937050494A4602A805F04EFFA7
:105F08006F234FF0010CBB704FF0000E6423A7F80D
:105F180000E0A7F816C0237008EB0C0399451FFA98
:105F280089F27FF617AF901E02A9A0EB08005A1E4F
:105F38000B440A4413FA80F04FF06A084FF007093F
:105F48004FF0660A05E0002B40F0BE8190423FF416
:105F580001AFFB8A12F8011F07EB030B01338BF823
:105F68000210FB822378092BEDD9A3F1640BBBF156
:105F7800050FEBD8653B042B00F2BA82DFE813F07B
:105F88001F01170112010E011B01632A05D8002306
:105F98002370C4F80230E380DDE6254FFA8AB91889
:105FA80001328B70FA822278092A00F2A480002A32
:105FB8003FF4D0AE013A082A3FF6CCAE01A151F821
:105FC80022F000BF8D6200085D5D00085D5D00087D
:105FD800EF610008EF61000877620008436200087B
:105FE800B1620008616200087A1C6280104EEB55AD
:105FF800A088727F618883189942FFF6ADAE337826
:106008005F0600F1E4810E232370A5E67A1C628006
:10601800EB55E2886388934210D201239BE604493A
:106028000A800122CA8264228B702270002392E6C1
:1060380060060020A4C400086206002000236380D4
:1060480023700223037042802B78FD2B00F0878099
:10605800EB7803722B7943726B7943606A78083264
:106068007280002240F28510DFF8CCC27281FE21D6
:106078000446013499424FEA54042ED849D38B423E
:1060880040F08A802B78FD2B7FD04FF0060B2846F6
:10609800DFF8A48210F801AF0BEB0A0909F1FF3110
:1060A80089B2FBF78DFD04EB440708EB8707ADF8D1
:1060B80008003979019102A8FBF75EFD05EB09029A
:1060C80015F809305278019903EB0223BDF808202E
:1060D8009BB29A421FD005233DE6601E14188242E7
:1060E80004F1010780F06C8127F0010101EB5701F1
:1060F8005CF82110BDE7A2F1640105293FF62AAE3C
:10610800653A042A00F2FD81DFE802F0817D7975A5
:1061180093002246E2E7BB79DA0706D5FA79924579
:1061280082BF521912F80B20B2729B070BD563007D
:10613800234408EB83036A781B7A9A4282BF5B196F
:1061480013F80B30F3724FEA4409A14408EB8908AD
:10615800317398F8053073730BB0BDE8F08F6B7925
:106168000372AB7943726B7A297AEA791B0403EBE1
:106178000123134443606A7802F10C014180A97835
:10618800C9077FF56EAF19326AE74FF00A0B7EE751
:106198000A2201232270DEE50323DCE5F97684F880
:1061A8000090D3E64FF06803B9762370CEE6797095
:1061B80084F800C0CAE6397784F80080C6E63970EA
:1061C80001F00103618887F801E0033B01F1010B4D
:1061D800A4F802B06B5497F90030002BACBF6346AB
:1061E80053462370B2E66288511C6180AB54237811
:1061F80001332370AEE50722FB76227016E768228A
:10620800BB76227012E701227B7022700EE762884B
:106218003B70002103F00103033B7970511C61803E
:10622800AB5497F90030002BC0F232810123237060
:1062380090E56A223B772270F8E66288511C6180FB
:10624800AB543B787A78134313F0020340F0D780BD
:106258006288511C6180AB546288511C6180AB54C8
:106268003B78D8064CBF69236A23237072E562889D
:10627800511C6180AB543B781D074CBF6723072333
:10628800237067E562883A83511C6180AB543A7881
:106298007B7712F0010200F0D08006220833A2803A
:1062A800E3800423237055E56288511C6180AB5458
:1062B8007B7813F00203CFD0092323704AE5FF222D
:1062C80093E54FF006080CE6013B082B3FF63EAE7F
:1062D8000FF2040B5BF823F019630008555F000800
:1062E800555F00080563000805630008936300080C
:1062F80061630008AD63000845630008638803F123
:10630800010BA4F802B0E9542378013323701DE689
:1063180063883B8303F1010BA4F802B0E9543B788E
:10632800797713F001036DD008310623E180A3804B
:10633800042323700AE600BFA4C50008638803F19C
:10634800010BA4F802B0E9543B78DB067FF534AFC3
:106358004FF069032370F9E5638803F1010BA4F892
:1063680002B0E9543B7879780B4313F0020343D128
:10637800618801F1010BA4F802B06B54618801F146
:10638800010BA4F802B06B54DEE7638803F1010B3C
:10639800A4F802B0E9543B7819077FF500AF6723EA
:1063A8002370D3E5638803F1010BA4F802B0E95424
:1063B8007B7813F00203E1D04FF009032370C5E5A1
:1063C800574902EB4200144651F8201057E602A93B
:1063D8002844FFF74BFB737FBDF808106288CB1A7F
:1063E8009BB21A446280727F1A447277E28813441F
:1063F800E380338BE95406E608232370A6E50823D7
:106408002370A7E40C31E18079784FF00A0B11F082
:106418000101A4F804B028D0618801F1010BA4F8A7
:1064280002B005F801C0618801F1010BA4F802B0BF
:106438006B54E3880D33E3807AE779780C33E38093
:1064480011F001014FF00A03A38024D063880121D1
:1064580058186080E954638859186180EA54E388C1
:106468000D331DE74FF002083BE5638803F1010B8C
:10647800A4F802B0E954638803F1010BA4F802B050
:10648800E95455E74FF003082BE54FF0040828E5D9
:10649800662323705EE463885A1C6280E95463882B
:1064A8005A1C6280E954FCE64FF0050819E54FF0E4
:1064B800070816E54FF0080813E54FF0090810E53E
:1064C8004FF00A080DE54FF00B080AE54FF00C08ED
:1064D80007E54FF00D0804E54FF00F0801E54FF010
:1064E8000E08FEE44FF01008FBE44FF01108F8E442
:1064F80077290ED084F800E0C4F802E0A4F806E09A
:1065080024E5772B09D000232370C4F80230E380F8
:1065180020E44FF06503237018E56523237019E420
:10652800A4C500082DE9F8431F46184B164693F8F2
:10653800302004463AB393F82B301FB11BB31F1F0A
:1065480018BF0127A1F1020804F5E36901F11E054E
:1065580038F8020FFAF7A3FE29F8020FB8F800007E
:10656800FAF7AAFEA845A9F82000F1D1084B84F84B
:106578005A771B68C4F85C3786F00106012384F853
:10658800606784F81937BDE8F88300BFA8000020C9
:10659800902D002070B500F27C7400F5B071204693
:1065A800FBF767FB044B0246186801680D69214632
:1065B8002B46BDE8704018475C1E0020B0F8E83450
:1065C800B0F8EA249B1A98B21B0444BF00F5007087
:1065D80080B2003818BF01207047D0F8F826B0F80C
:1065E800E8140132C0F8F826D0F800270132C0F8C4
:1065F8000027B0F8EA24914203461FBF81180132F0
:1066080091F8EE04B3F8EC141ABF0A40A3F8EA2490
:1066180000207047114B93F82D305A1E012A02D8DA
:106628000F48FFF7DABF032B10D10E4AB2F81E3617
:10663800B2F81C1699420ED0D118013391F82206EF
:10664800B2F820160B40A2F81E367047064B1868A1
:1066580003689B6918470020704700BFA800002006
:10666800A8060020500F00205C1E00200023A0F880
:10667800EA34A0F8E834024B18680368DB69184765
:106688005C1E002010B50748FFF7F0FF064B0022FC
:10669800C3F81C26054B18680368BDE81040DB6981
:1066A800184700BFA8060020500F00205C1E0020DD
:1066B80038B5B0F8EA24B0F8E8349B1A9DB21B0448
:1066C800084B04461868036848BF05F500751B6A3F
:1066D80048BFADB298474319D4F8F006184480B2C1
:1066E80038BD00BF5C1E0020F8B5D0F8F43690F82D
:1066F8001877CB1AB3F57A7F04460E4626D2632B59
:1067080001D800207DE0012F0AD0022F19D0002FD8
:10671800F7D1FFF7CDFFB0F5806FF2D9012305E07F
:10672800FFF7C6FFB0F5806F03D9022384F8183746
:106738000CE02046FFF7BCFFB0F5C07FE1D2002394
:10674800F4E7FFF7B5FFB0F5806FE7D33448C4F836
:10675800F466FAF700FD334D334A2B681168C3F12C
:10676800000C411A614501DB99424BDD10600A2398
:106778002B601368B3F5FA7FBCBF4FF4FA7313604C
:106788001268D4F8F83652214A4328496425B1F8EA
:106798004C1092FBF1F26B43B3FBF2F35F2B35D84D
:1067A800552B35D83B2B03D94B2B34BF5B253225D2
:1067B80094F81837022B2DD0012B2DD013B9002FA8
:1067C80018BF33254FF47A73D4F80027314604F202
:1067D8000470FBF731F994F81837FBB9642D0BD125
:1067E800D4F8F436A3F29A23C4F8F436D4F8F83679
:1067F80003225B00B3FBF2F3C4F8F83684F8FC56C6
:106808000120F8BD002BB4DD013BB1E70025CFE73F
:106818001E25CDE70025D5E73225D3E70023EBE792
:10682800601E0020080000203403002048000020DB
:1068380070B5D0F8F43690F81827CB1AB3F57A7FEC
:1068480004460E4614D2032A08D8DFE802F00209EB
:106858002730FFF72DFFB0F5487F26D8002029E024
:10686800FFF726FFB0F5AF6F11D9022384F8183768
:10687800304B94F81857B3F84C00C4F8F466D4F8C1
:10688800F836032D4ED8DFE805F03716494B204679
:10689800FFF70EFFA328E1D80323E7E7632BDDD931
:1068A800FFF706FFB0F5AF6FE2D20123DEE7002065
:1068B80084F8180770BD21254FF47A73D4F800279F
:1068C800314604F20470FBF7B7F894F818377BBB2D
:1068D800642D0BD1D4F8F436A3F54873C4F8F43614
:1068E800D4F8F83605229B00B3FBF2F3C4F8F83667
:1068F80084F8FC560120DDE764210F4AB2FBF0F270
:106908004B43B3FBF2F35F2BD6D8552B0CD83B2B5C
:106918000CD94B2B34BF5B253225CDE70025CBE7BF
:106928005D25C9E76425C7E71E25C5E70D46C3E70A
:106938000023DBE74800002050400100F8B5244F51
:1069480004463846FAF7D0FBFAF74AFC064697F9A8
:10695800A600FAF745FC05463846FAF7CEFB1D4B6C
:1069680094F8FC2693F8353084F87221333384F890
:106978006531442384F86631FF22D4F8683184F8FD
:1069880074216D2262F31703C4F86831C0F10A005C
:106998000023C4F86C3184F8813200B24FF43943D3
:1069A800A4F8823280F30700092384F8730184F87D
:1069B800706104F5B07084F8715184F8843204F57C
:1069C800AA71FBF72FFC2046BDE8F840FFF7E2BDAF
:1069D800601E0020A80000202DE9F04F044685B075
:1069E800B4F82E270092B4F830270192B4F8322771
:1069F800B0F828670292B4F838270378B0F822E78D
:106A0800B0F824C7B0F81CA7B0F81E97B0F82087D4
:106A1800B0F82677B0F82A570392B0F82C07B4F8E4
:106A28001A27A4F87A610026B4F83617B4F834B7F0
:106A3800A4F86C21A4F874E1A4F876C184F87C3138
:106A4800A4F86EA1A4F87091A4F87281A4F87871E2
:106A580084F87D61A4F87E51009AA4F88221019AF5
:106A6800A4F88421029AA4F88621039AA4F88C2118
:106A7800FF2284F86521442284F86621D4F868212D
:106A8800A4F88A1184F8813246214FF4F84361F35F
:106A98001702A4F882322623A4F88001A4F888B14A
:106AA80004F5B07084F88E6184F88F6184F8906181
:106AB80084F89161C4F8682184F8843204F5AA71D5
:106AC800FBF7B0FB204605B0BDE8F04FFFF762BD0D
:106AD800F0B591B0044600F23A736D4600F25A766A
:106AE800186859682A4603C20833B3421546F7D1D5
:106AF80020220DEB0200002105F0EEF894F8602743
:106B080094F85A370AB943F00203224AA4F87031BC
:106B180092F835202778D4F85C17C4F86C11002354
:106B2800333284F87331102384F87431D2B284F884
:106B380072716B4604F275160DF1400C1D4603CDBB
:106B48006545306071602B4606F10806F6D144238E
:106B580084F86631D4F8683184F865214FF4D2722C
:106B680062F31703C4F868314FF4A053A4F88232D3
:106B7800492304F5B07084F8817284F8843204F5EE
:106B8800AA71FBF74FFB204611B0BDE8F040FFF7B4
:106B980001BD00BFA800002070B5244B90F87457C1
:106BA80093F83530044690F8750784F86F016FF054
:106BB8006E0084F8700133336FF02A0084F8710195
:106BC80084F865311220442384F8720184F8663110
:106BD8000020D4F8683184F873014D2060F317035E
:106BE800C4F868318F2394F8721794F87327B4F8AF
:106BF800706784F883320A2384F8741184F8811248
:106C080004F5B070A4F86C6184F86E5184F87521AD
:106C180084F8822284F8843204F5AA71FBF702FB17
:106C28002046BDE87040FFF7B5BC00BFA8000020B3
:106C380010B5224B017893F8352004464FF07E5367
:106C4800C0F86C310023C0F87031C0F87431C0F856
:106C58007831C0F87C31C0F88031C0F8843184F8CC
:106C68008C31442384F866313332D4F8683184F89F
:106C780065214C2262F31703082084F88801C4F8C0
:106C88006831022049F6010384F88901A4F88232A8
:106C98000120212384F88A1184F88B0184F8811259
:106CA80004F5B07084F8843204F5AA71FBF7BAFAD7
:106CB8002046BDE81040FFF76DBC00BFA8000020CB
:106CC800F0B54E78202E0D468BB0044601F10C012C
:106CD8003AD8324601A805F061F801ABC6F12102A5
:106CE8000021981904F0F8FF3D4B9DF8222093F8F5
:106CF800353033339A4270D19DF82330442B6CD110
:106D0800BDF82030F62B02D0B3F5FA7F65D1B4F880
:106D18007027A4F870379A421CBF002284F87527A0
:106D2800012284F86D276A7984F87227AA7984F891
:106D38007327F62B4FF0020284F8742713D0B3F5AB
:106D4800FA7F34D000232BE00B4601AA05F12C076B
:106D580018685968164603C60833BB423246F7D14D
:106D68001B783370C0E71F4B186803685B6A984745
:106D78000028E7D01C490398FAF792F898B11B4904
:106D88000498FAF78DF870B119490798FAF788F856
:106D980048B1002384F874379DF82430012B10D1B2
:106DA80084F8753719E0002384F87437CAE700239C
:106DB8000F49079884F87437FAF772F80028C1D099
:106DC800EAE7022BBED194F87527002ABAD084F8D6
:106DD8007537084B1B68C4F878370BB0F0BD00BF97
:106DE800A80000205C1E00200000404000008842EF
:106DF80088AC9649902D00204FF47F4303800023F0
:106E0800C0E90133C0E903334361037670470000EA
:106E180038B50023C0E90733C0E955334362C0F8E9
:106E28005C310446FAF78AFF254B9878022845D04A
:106E3800431F58425841FEF743FB40F2FF13A4F8A2
:106E4800EC34204B1B68002503F57A73C4F8F4363C
:106E580004F20470C4E9A255C4F89052A4F8EA54A4
:106E6800A4F8E854C4F8F05684F8FC5684F8185787
:106E7800C4F8F856C4F80057FAF7D8FD84F819573B
:106E8800294604F21A70402204F026FF7D2384F874
:106E98005A57C4F85C5784F86057C4F86457C4F864
:106EA8006857A4F86C37A4F8725784F87557C4F873
:106EB80078572046BDE83840FFF79EBF0120BAE763
:106EC80048000020902D002010B40E4A92F82E2081
:106ED800AAB102789AB10C4A0169126840F6C41442
:106EE800511AA14202D910BCFFF786BF416831B9D7
:106EF8004169511AFA2982BF42610122027610BC07
:106F0800704700BFA8000020902D00204378032B75
:106F180006D1C068B0F5834F34BF00200120704708
:106F2800002070477FB50B46324991F82D1000F1CB
:106F380028060229044600F11C02314668461BD186
:106F4800FEF7F8FE9DF80030022B50D104F5B0751D
:106F5800324669462846FAF7FFFED4F8683123F02E
:106F68007F436E2B2FD1244B9A78052A3DD8DFE832
:106F780002F0303438063038FBF748F8E2E75A6C4C
:106F8800B2F5613F94BF002201222046FFF7BEFF01
:106F9800C8B9C2B194F86E31012B14D894F8723183
:106FA800042B10D11549102204F27B1004F0B8FE0E
:106FB80048B9782384F8883184F8823184F87C31A0
:106FC8002846FEF74FFA204604B0BDE87040FFF7A8
:106FD800E1BA5A6CB2F5E13FD4E75A6CB2F5614FA9
:106FE800D0E75A6CB2F5164FCCE70122CDE704B0D2
:106FF80070BD00BFA8000020480000206AC000083B
:107008004378032B07D1C06844F2BF13984294BF5A
:107018000020012070470020704700002DE9F04F44
:10702800844B0446ABB084481D68FDF74CF9D4F88E
:10703800683740F6C312EB1A934204D894F96C37B8
:10704800834200F0B6807D4EC4F86857B17884F862
:107058006C07052998BF7A4B8DF819009CBF33F847
:107068001180784B8DF8171098BF33F8115023789A
:107078008DF814304FF000034FF006078DF81530E7
:107088004FF07F0388BF00258DF818303A46B6F8D0
:107098004E30ADF80C300DF11A0088BFA846ADF897
:1070A8000E308DF81670FAF7D1FA7178DFF89891EA
:1070B8003A4608A8FAF7A0FA5F48ADF81080ADF88C
:1070C8001250FDF7E9F840428DF826005A48FDF7BE
:1070D800E3F84242D2B220468DF82720FFF790FF0E
:1070E80004F5B07504F5AA768046002864D099F8AE
:1070F80035309DF826109DF9190000913333BDF8FD
:107108000C1084F88721DDF81A209DF815B09DF839
:1071180016E09DF817C09DF91870BDF80EA0BDF8CF
:107128001090BDF812800193A4F86C119DF81430EA
:10713800009984F87901C4F87A210898BDF81E20CE
:1071480084F8743184F88611A4F87E21A4F86EA11D
:10715800A4F87091A4F8728184F875B184F876E186
:1071680084F877C184F87871C4F88001BDF82420C8
:10717800A4F88421019A84F86521442284F86621C0
:10718800D4F8682184F881324EF68E21AB2361F35E
:10719800170284F88332C4F8682184F882B21C2369
:1071A800284684F884323146FBF73CF82046FFF73E
:1071B800F1F92BB0BDE8F08F0146642211A804F064
:1071C8008BFD0DF10C0CBCE80F000AAF0FC79CE853
:1071D80007006FF02E0387E8070084F86C3199F8F0
:1071E800357094F8009084F86D811C2384F8703110
:1071F800802284F86E9184F86F810AA904F27110D4
:1072080004F0CCFD442384F86631D4F8683184F85E
:10721800819240F2811262F317033337FFB2C4F848
:1072280068314FF41343A4F8823284F865718523DA
:10723800B6E700BF902D00201C1F0020480000204A
:1072480016C4000822C40008A8000020BB4B2DE982
:10725800F04F1A68D0F86437D31A122BABB0044633
:1072680040F26981DFF8D882DFF8D8B298F80010C8
:10727800C0F864278E1E9BF856009BF85720714271
:107288007141B14E002800F0DD80002A00F0E68050
:1072980096F9A000F9F7BCFF98F8001096F9A2A09B
:1072A8000746881E4142414196F9A100F9F7B0FF0F
:1072B80096F9A390009098F8001096F9A6008A1EF7
:1072C80051425141F9F7A4FF96F8A4200290012AEF
:1072D80096F8A5209D480CBF03250125012A96F89C
:1072E800AA200CBF45F0080545F00405012A96F8C8
:1072F800AB2008BF45F01005012A0CBF45F020055A
:1073080045F04005FDF774F8F9F7DEFB9049F9F709
:1073180033FC04F0A3FC8F49F9F72EFC03908E4848
:10732800FDF766F8F9F7D0FB8949F9F725FC04F071
:1073380095FC8849F9F720FC9BF85A200490002A0C
:1073480040F09A809BF85920002A00F0938098F822
:10735800001096F9A6008B1E59425941F9F758FFBB
:1073680000230393FF2380460293237876480193F2
:10737800F9F7CCFE05907448F9F7D6FE704A0690E6
:107388001278022A0CBF96F8A930002320461E4620
:10739800FFF736FE714B93F835303333DBB2079382
:1073A80004F5B07B04F5AA730146002867D0019A5A
:1073B80084F86E21002284F86F21059A84F87021E0
:1073C800069A84F87121029A84F875217F2284F83C
:1073D800762184F87A21039AC4F87B21049AC4F8A8
:1073E8007F21079A84F865214422009984F8662150
:1073F800D4F8682184F877114EF68D2161F31702CD
:10740800C4F86821019A84F881224FF46062A4F8D4
:1074180082221722A4F86C5184F8727184F873A13F
:1074280084F8746184F8789184F8798184F88422E6
:1074380058461946FAF7F6FE20462BB0BDE8F04F3D
:10744800FFF7A8B852B196F9A100F9F7E1FE4FF09D
:107458007F0A96F9A3900090FF272CE796F9A000E1
:10746800F9F7D6FEFF2396F9A2A0009307464FF03E
:107478007F0920E7002304934FF0FF0875E76C228B
:1074880008900FA8099304F027FC7F22019B8DF830
:1074980032208DF83620039A8DF82A30CDF837201F
:1074A800059B049A8DF82C30CDF83B20069B089953
:1074B800ADF828506FF02F0225788DF82D3084F81C
:1074C8006C21029B8DF82B1017228DF8313084F82F
:1074D8006D11009B84F86F1184F870210AA980222D
:1074E80084F86E5104F271108DF833308DF82E70D7
:1074F8008DF82FA08DF830608DF834908DF8358098
:1075080004F04CFC442284F86621D4F86821079BD7
:1075180084F8653140F2811161F31702C4F86821DB
:107528004FF41342A4F882228522099B84F88152E1
:1075380084F884227CE72BB0BDE8F08F902D0020E2
:107548006B03002048000020601E00207C03002000
:1075580000007A3A00007A4458040020A80000206D
:10756800F0B54E78082E85B005460C4601F10C079B
:1075780017D83246394601A804F010FC01ABC6F111
:1075880009020021981904F0A7FB9DF80930032B84
:1075980005D162792A70064A12682A616B7005B0B3
:1075A800F0BDC86879683A7A01AB03C31A70ECE792
:1075B800902D002030B5037895B004461BB34A7966
:1075C8009A4220D14D784D2D01F10C011DD82A4643
:1075D800684604F0E3FBC5F14E0200210DEB0500FF
:1075E80004F07AFB049B6360190EC3F3072242F28E
:1075F800107000FB0122C3F30743642101FB03233E
:10760800E360059BA36015B030BD4E22684604F0C8
:10761800C5FBE7E78A68C2F317024C2A14D0942AFC
:1076280009D09AB90A4A92F82E207AB18B79012B9F
:107638000CD1FFF795BF064A92F82E2032B18B790C
:10764800012B03D1FFF7B6BFFFF73ABB704700BF66
:10765800A8000020B0F8EA34B0F8E824F0B5D21A4F
:1076680093B2120444BF03F500739BB2DD2B85B0BF
:10767800044609D82A4D00F5257600F522772868B2
:1076880003685B69984708B905B0F0BD28680368C6
:107698009B699847D4F8F02601320346C4F8F026CF
:1076A80031463A466846FAF7B1FC9DF80030022B9D
:1076B800E5D104F57075324669462846FAF74CFB61
:1076C800184B93F82D3004F27C76022B294630466D
:1076D8000FD1FEF7A5F800239AB282420CD30023FB
:1076E80029462046C4F8F03605B0BDE8F040FFF75B
:1076F80091BFFAF7BEFAEEE7B4F8E814B4F8EC7400
:107708004A1C3A40B4F8EA7497421EBF0919F75C5C
:1077180081F8EE7403F1010318BFA4F8E824DBE74D
:107728005C1E0020A80000202DE9F0414B4BDFF83B
:1077380030811E6898F800304A4F022B1EBF002384
:10774800A0F8EA34A0F8E83497F82D30013B012B73
:10775800044600F28180FFF77DFF97F82E50002D38
:107768005BD098F80030022B4BD1012D3ED0022D72
:1077780042D000252046FFF7A7FB94F8193743B1FC
:10778800002384F8193797F83030012B4FD0022B9B
:1077980050D015B12046FFF7D1F894F86D372BB1CA
:1077A800002384F86D372046FFF7F6F994F875370B
:1077B800022B11D1D4F87837F61AB6F57A7F0BD99F
:1077C800B4F87037F62B3ED0B3F5FA7F3DD00023DE
:1077D800A4F8703784F87537237E002B3CD000233B
:1077E80023762046BDE8F041FFF722BA314620460D
:1077F800FEF77AFF0546BDE731462046FFF718F841
:10780800F8E7D4F8F436F31AB3F57A7F08D20025EE
:1078180004F20470FAF70AF9ACE7C4F8F466F7E77B
:107828003223C4F8F46684F8FC360125F0E7FFF744
:10783800D3F8AEE7FFF74CF92046FFF707FD2046DF
:10784800FFF7ECFBA5E7FAF7ADFE074B1A79002A1C
:10785800BDD101225A71BAE7BDE8F081902D002010
:107868006B030020A80000203803002070B54C8866
:10787800B4F5427F03464FF000000AD80D780B2D6F
:1078880077D8DFE805F0060F1C2C2F32383B545709
:107898005B6DA2F124046242488062410A7083F859
:1078A80009033EE04D2A01D0582A06D11A70022257
:1078B8000A70002083F8090370BD0022F8E702F07F
:1078C800FD003C2801D0212AF7D15A701A784D2A98
:1078D8000CBF082203220A7000229A70E9E79A7006
:1078E8000422DBE79A800522D8E7988800EB022279
:1078F8009A800622DCE7DA800722CFE7D88800EBF7
:10790800022292B2002ADA800CBF0B220A220A70E5
:1079180000224A80012283F80923DB88B3F5407FDF
:1079280001D80020C8E7002008704880C4E7DA8042
:107938000922B3E79A800A220A70EBE7B4F5407F80
:107948003CBFE41822724A88013292B24A80D88831
:1079580090429CBF0B220A70012283F80923E0E7BA
:1079680083F8082302220870488083F8092301203D
:10797800A2E708704880D4E7CB88B3F5407F70B59C
:1079880031D8242303700B7843704B7883700B78BD
:107998004D2B14D1CB88C3708B880371052300222B
:1079A800CD88D4189542A6B210FA84F415D891F867
:1079B80008232270CA880132981880B270BD8B786B
:1079C800C3708B8803718B881B0A4371CB888371C2
:1079D800CB881B0AC3710823E1E78C180132247A8B
:1079E800845592B2DCE70020E8E700002DE9F74F64
:1079F80016464A88B2F5427F04460D462ED80B78C3
:107A08000A2B0FD9A3F16402032A03D90020287096
:107A180068802DE0653B8F4F022B33D8DFE803F0F9
:107A280063A4A70000210A2BF0D801A050F823F086
:107A3800657A00087F7A0008157A0008157A000828
:107A4800C37A0008D17A0008DD7A0008E37A0008D2
:107A5800157A0008157A0008517B0008A6F124075A
:107A68007E424FF000007E4168802E7084F8090342
:107A780003B0BDE8F08F6F2E0CBF642300232B707A
:107A88000020F3E716F0040F14BF4D2358233E706F
:107A980023703A78D1070ED412F0020F14BF2123B5
:107AA8003E236370C2F3C003D20648BF43F002030B
:107AB800A3700423E3E73C23F3E7A68005232B7098
:107AC80084F809130020D3E7A38803EB0623A380D7
:107AD8000623D4E7E6800723F1E7E38803EB0623D0
:107AE800E3806523CBE70DF106007E70FAF7BCF85A
:107AF8003978FAF7B1F8A7882179FAF7ADF8390A91
:107B0800FAF7AAF8E788A179FAF7A6F8390AFAF78E
:107B1800A3F89DF80630B34206D000232B706B8083
:107B2800032384F80933CDE7002F0CBF66230A230B
:107B38002B70012384F8093300236B80E288B2F5A7
:107B4800407FBFD92B70BDE7B2F5407F3CBF12190B
:107B580016726B8801339BB26B80E2889A4201D817
:107B680066232B700123DCE77E806723F9E7B7F8EB
:107B7800028097F8009008EB06284FF6FF730DF186
:107B880006001FFA88F84946ADF80630A7F80280C3
:107B9800F9F7F2FF2679B4F804A03146F9F7ECFFBB
:107BA8004FEA1A21F9F7E8FF94F806B0B4F806A0EE
:107BB8005946F9F7E1FF4FEA1A21F9F7DDFF79781D
:107BC80004F10807F9F7D8FF52463946F9F7E0FFFC
:107BD800BDF8063043453AD119F0040015D086EABD
:107BE8000B01E21D002398B2824584F8081307D8D8
:107BF8000223012000222A706A8084F8093337E7BB
:107C080012F8010F01334140EDE7A178F9F7AAFB1B
:107C1800217984F80803F9F7A5FBA18884F80803FB
:107C2800090AF9F79FFBA17984F80803F9F79AFB89
:107C3800E18884F80803090AF9F794FBE28884F8D4
:107C480008033946F9F794FB84F80803D0E70323BF
:107C58000020CFE7281D0020CB88B3F5407F2DE911
:107C6800F04104460D464AD84B783C2B40D0A3F14E
:107C78002100434243415B002A784D2AAA7808BF75
:107C880043F00403D10748BF43F0080392074FF0BD
:107C98002402227048BF43F010036F226270A37061
:107CA800AB88E370AB881B0A2371EB886371EB88A0
:107CB800A71C1B0AA3713846FAF738F90822E071A5
:107CC800E988A2F108039BB2561C8B42B6B204EBBA
:107CD80002080FD3063189B23846F9F771FF88F8E0
:107CE8000000000AA055E8880A3080B2BDE8F0819B
:107CF8000123C1E72B441B7AA3543246E0E7002056
:107D0800F4E710B5044624202070582060702371D1
:107D180000201B0AA170E2706371A071E071052256
:107D2800E11CF9F725FB2072092010BD40F2FF3352
:107D380070B50025A0F820367D2380F8543A044613
:107D48000560C0F80E53A0F81E56A0F81C56A0F8FF
:107D5800425AA0F8445A80F8465AC0F8485AC0F81F
:107D68004C5AC0F8505AC0F8585A00F667210346D2
:107D78000A2600F66D2011F8012F0AB1B6FBF2F2BF
:107D8800814283F8702A83F8715AC3F8745A03F150
:107D98000803F0D11522FF2104F52A6003F09CFFA7
:107DA800C4F8B85A70BD0000F8B5134A044692F8F2
:107DB8003000F8B192F82B2003B1DAB18E1E04F529
:107DC800226701F11E0536F8020FF9F768FAAE428C
:107DD80027F8020FF7D1012384F8423A94F8453A7C
:107DE80083F0010384F8433A94F8463A83F0010398
:107DF80084F8443AF8BD00BFA800002070B5061DFD
:107E080004460A4601463046FFF7F0FD18B304F66B
:107E1800BC2531462846FFF7AFFD0F4B02461868D0
:107E280001680E692946B04763793C2B13D1218933
:107E38000A4804F65A2304F66622A4EB8404A4F53F
:107E4800F7541C3C33F8025F8D4204BF056844F8C0
:107E580023509342F6D170BD5C1E0020902D002067
:107E680070B5124890F82D00451E012D0C460AD811
:107E78000F4E8D18AC4200D170BD14F8011B30466E
:107E8800FFF750F8F6E7032809D10A4E8D18AC42DF
:107E9800F2D014F8011B3046FFF7B0FFF7E7064BA6
:107EA80018680368BDE870401B691847A8000020DF
:107EB800A8060020500F00205C1E0020B0F81C36D9
:107EC800B0F81E269B1A98B21B0444BF00F58060C8
:107ED80080B2003818BF012070470000094B93F8A2
:107EE8002D305A1E012A02D80748FEF767BB032B1C
:107EF80002D10648FFF7E2BF054B186803685B69C3
:107F0800184700BFA8000020A8060020500F002036
:107F18005C1E002070B500F6BC240B4602223C21F2
:107F28002046FFF7EEFE054B0246186801680D690A
:107F380021462B46BDE87040184700BF5C1E002054
:107F4800114B37B51A68D0F8483AD31A122B19D9F9
:107F5800C0F8482A00F6BC24202300F6222001930A
:107F68000090C82303223C212046F9F787FF074BDE
:107F78000246186801680D6921462B4603B0BDE822
:107F88003040184703B030BD902D00205C1E002003
:107F98007FB5234B1A68D0F84C3AD31AC72B04463E
:107FA8003CD9204DC0F84C2A4FF480732846ADF8D0
:107FB8000830F9F799F806461B48FCF76DF90146B1
:107FC8003046F9F7B5F98DF80A002846F9F78CF824
:107FD800F9F7A8F995F8A9308DF80B0028468DF81F
:107FE8000C30F9F793F88DF80D002846F9F785F865
:107FF800072304F6BC24019302AB8DF80E0000930E
:10800800032241F20D033C212046F9F737FF074BC5
:108018000246186801680D692146A84704B070BD7A
:10802800902D0020601E00201C1F00205C1E0020D8
:1080380030B5214B044687B020481D68FCF743F94A
:10804800D4F8503A40F6C312EB1A934203D894F985
:10805800543A83422DD0C4F8505A002384F8540A65
:108068008DF80830F9F794F9154DADF809006978DD
:10807800ADF80B0004220DF10D00F9F7BDFAA9784F
:1080880006220DF11100F9F7E1FA0F2304F6BC24DA
:10809800019302AB0093032241F20E033C212046D8
:1080A800F9F7ECFE074B0246186801680D6921468E
:1080B800A84707B030BD00BF902D00201C1F00202E
:1080C800480000205C1E0020F8B5354D354E0024D0
:1080D800FAF726FCFBF72CF8FAF7F4FBFAF7E2FBC1
:1080E8003149324801F0F4F9FDF7D2F8C5E9044402
:1080F800AC60FF232B73FAF779FD2D4B1C70FAF750
:10810800F7FA2C4BD02283F832233046FAF724FCB6
:108118002146284603F054FB274D4FF47A70FAF7AE
:108128001BFC0223C5E90444AC602B73FAF7E4FD99
:10813800224B1C70FAF712FB214B4FF40052DA6005
:10814800FAF75AFB30461F4E0427FAF705FCB762C8
:1081580041F28830FAF700FCB7614CF25030FAF778
:10816800FBFB2846FAF72CFB2146284603F028FBA0
:10817800154C4FF47A70FAF7EFFBFBF795FE1348AE
:10818800FBF71AF8B4F84C101148FBF71BF9FAF78B
:1081980093FF104B1048616C1860FAF7FFFEF8BDAA
:1081A8001C1F0020E0930400CE0000202C1D00209E
:1081B8001000002000E100E0381F0020110000201E
:1081C800000800580004004848000020741D0020E2
:1081D8005A1E00205C1E00201800002073B51648A7
:1081E800164C4FF6FF7103F02BFC206023689B07A9
:1081F80012D5134E35798DB10F4808236A460021F0
:1082080003F0AFFAD6E90402DDE900139A4208BF89
:10821800884201D00023236002B070BD02236A4661
:108228000548294603F09DFA064BDA8BBDF8003065
:108238009A4218BF2560EFE71C1F00209406002013
:108248003803002048000020184B4FF4005273B543
:10825800DA601748174C4FF6FF7103F0F1FB206006
:1082680023689B0712D5144E35798DB11048082321
:108278006A46002103F075FAD6E90402DDE9001325
:108288009A4208BF884201D00023236002B070BD23
:1082980002236A460648294603F063FA074BDA8B3D
:1082A800BDF800309A4218BF2560EFE70008005873
:1082B800381F0020900600203803002048000020C6
:1082C800034A00231370034A1370034A137070475C
:1082D8009F060020701F002070030020024A002320
:1082E8001370024A137070479F060020701F002009
:1082F80008B5437E203B042B0FD8DFE803F0050EBA
:10830800030B0F00FCF7DAFB064A01231370064A39
:10831800137002E0054B01221A7008BDFBF7B8FD87
:10832800F2E700BF9F060020701F002070030020A6
:10833800034B1B78012B01D1FCF758BB704700BFDA
:108348009F0600202DE9F043074699B03D48FCF709
:10835800B1FE0646002860D03B4B1C78002C5CD14F
:108368003A4B1B78022B54D1DFF8E4900DF10C083E
:1083780025464846ECB2FFF7B1FD40B14846FEF746
:1083880049F90135522D08F8010BF2D12C46314834
:108398002146F9F737FB3048F9F72EFBDFF8A480C0
:1083A8002E4D98F802308DF800304FF0010995F8FD
:1083B800A4308DF80530284685F8A5708DF806702C
:1083C8008DF80190F8F790FE8DF802002846F8F72E
:1083D8009DFE8DF803002846F8F7A6FE204F8DF87D
:1083E80004000EB3184B1B78CBB91E48234603AACA
:1083F8006946FCF70DFA194801233B70F8F7A2FE0D
:108408001648F8F7A8FE012388F8033019B0BDE82C
:10841800F0830F48FEF736F9C0E70024BEE711489D
:108428006946FFF785FFE6E73B7803B9FEE70D48A5
:108438006946FCF739F9284687F80090F8F787FE6F
:108448002846DEE7541F0020701F00206B03002021
:1084580014000020C41E00209C1E0020601E002066
:1084680031030020FF1D002070B5CB78284DC3F3E1
:10847800000385F8AA304B79C3F3801385F8AB3035
:108488000646C87840080C46F8F7A4FE85F8A6000A
:1084980023792048C3F3000385F8A7302379C3F371
:1084A800450385F8A8306379227903F03F035B0020
:1084B80043EAD21385F8A93021461EB9BDE87040B9
:1084C800FCF726B8FCF763F8A37803F0F003202B39
:1084D80004D12046BDE87040FFF70ABFFFF7FEFE53
:1084E8000D4B1B78022B12D1A2790C4804F119010B
:1084F8005208FFF7B5FCA17905F178004908F9F7AA
:1085080081FA05F15000BDE87040F9F775BA70BD01
:10851800601E00207C1D00206B030020140000203A
:1085280070B5054658B9194B19491C78194803798B
:108538004BB1012C28D0BDE87040F9F77BBC164B35
:1085480016491C78F2E7012C154B164E13D98A7878
:10855800C2F3C0025A7002221A70E31E58425841F0
:10856800FFF782FF3046F8F7B9FD032C05D13046F6
:10857800F8F7B7FD01E001221A7086F8A4500948FF
:10858800BDE87040F8F7A8BD70BD00BF9C0600208C
:10859800CC1F0020380300209D0600202720002043
:1085A800541F0020601E00200A4B1A7910B504469B
:1085B8002AB10146BDE810401846FCF71BBDFFF77D
:1085C800C1FE054B05491B7F20465B22BDE81040D4
:1085D800FCF7CEBC3803002048000020FF1D002017
:1085E800244B1A7970B505460E4632B10A46BDE8E5
:1085F800704001461846FCF705BF1F4A1F495B2318
:10860800FCF7A6FC45BB1D48FBF74CFF044628B306
:108618001B491C48F9F788FE05F130011948C9B211
:10862800F9F776FE18491748F9F77EFE204602F05A
:10863800A1FF01461348F9F777FE12480A21F9F716
:1086480067FE012C06D0042C11D001240F492846BE
:10865800FCF70EFD204670BD0748D5E72EB10C4843
:10866800FAF760FE0CB10224F0E70324EEE7002ECF
:10867800F9D0F4E73803002027200020CC1F002081
:108688007BC000080C00002082C00008601E00208B
:108698005A1E0020024B1878831E584258417047D2
:1086A8006B03002070B500239CB2A24200D870BDB5
:1086B800058886886C1C34404688A6421EBF2D1843
:1086C800CE5CAE7103F1010318BF0480ECE7000033
:1086D8002DE9FF47B0F81E36B0F81C26D21A93B21F
:1086E800110444BF03F580639BB2E62B04460CD803
:1086F800744EDFF8D49100F21C6704F21238306827
:1087080003685B699847054610B904B0BDE8F0876F
:10871800306803689B69984704F20E310246404668
:10872800FFF7A4F80028EAD094F813333E2B52D16F
:10873800B4F81633B3F5005F32D194F8983A7BBB9E
:10874800039304F2273004F69F214FF0010C11F82F
:10875800012FFF2A0FD04FEAD20E02F0070210F8BD
:108768000EE04EFA02F2D20741BF039A0CFA03FE5A
:1087780042EA0E0203920133152BE8D1042304F6D2
:10878800BC2A019303AB009302223E2142F6FF73F9
:108798005046F9F7E3FB514602463846FFF782FF99
:1087A800B4F81633772B47D11522FF2104F52A6038
:1087B80003F092FA0023B4F818E304F219359C4642
:1087C8009AB2964523D894F8145384F898CA85F039
:1087D8000205C5F3400594F81333212B44D1B4F8AE
:1087E800163341F20D02934236D041F20E02934203
:1087F80036D0002D81D004F6BC2541462846FFF727
:108808002BFA294602463846FFF74CFF75E715F85C
:1088180001AF2E4A00201179514507D15179142909
:1088280004D8214481F8A03A0133C9E701303B2834
:1088380002F10802EFD1F7E743F201029342CAD1ED
:1088480094F81233582BC6D1214B1D7915B9012242
:108858005A71C0E70025BEE7012384F8453A4CE782
:10886800012384F8463A48E73C2BC2D1B4F816A352
:10887800BAF1440FBDD194F81233582BB9D13068EE
:10888800D4F81A5303685B6A984700283FF435AF59
:108898004D457FF432AF0F4B1B68C4F8B83A04F665
:1088A800BC250023CDE90033022253463E21284649
:1088B800F9F7E4FA024630680168D1F810802946D1
:1088C800C0471AE75C1E002091D512000CDB000897
:1088D80038030020902D00202DE9F0473A4B1B78F3
:1088E800022B04460CD00023A0F81E36A0F81C3634
:1088F80090F86D3A13B10A22B2FBF3F384F8983A70
:10890800324B93F82D30032B2DD12046FFF7E0FE94
:1089180094F8422A3AB1002384F8423A2046BDE846
:10892800F047FFF70DBB94F8433A33B184F8432A74
:108938002046BDE8F047FFF72BBB94F8448AB8F10E
:10894800000F06D084F8443A2046BDE8F047FFF708
:108958006FBB1F4B1E68D4F8583AF31A632B04D820
:10896800D4F8B83A4BBBBDE8F087C4F8586A254636
:1089780004F65C2704F1300940F6AB5A95F8702AE2
:10898800AAB195F8713A0133DBB29A420BD885F84F
:10899800718AD5F8743AF31A534508D939882046AC
:1089A800FFF7B8FA03E085F8713A002BF1D00835E3
:1089B8004D4507F10207E1D1D2E7F61AB6F57A7FFD
:1089C800D1D9F9F7EFFD00BF6B030020A800002004
:1089D800902D00202DE9F0437D4D2B78012B85B09B
:1089E80000F2CE800BB9F9F72DFEFFF76DFB794B3E
:1089F80000221A809A70784B08229A6207244CF257
:108A08005030013CF9F77EFFF9F7A6FF14F0FF0498
:108A1800F5D1724803F043F8013880B24FF6FD767D
:108A2800B04203D96E490120FCF734FB6D4803F0CE
:108A380036F8013880B2B04202D96B490220F3E718
:108A48006A4B1C606A4B1C606A4C94F8563013B928
:108A580094F858301BB168496048FBF743FC94F818
:108A6800573013B994F859301BB164495D48FBF786
:108A780046FC6348634FFCF74FF894F82A3002939A
:108A880094F829300193A38D009394F82830626AF2
:108A980094F820103846FBF73FFC94F83A300293DC
:108AA80094F839300193A38F009394F8301094F818
:108AB8003830626B07F1DC000026FBF72DFC524BC7
:108AC8003E74FF2287F8EC6038461A705A70FBF73C
:108AD8008FFC0146414802F098FE07F1DC00FBF7E5
:108AE80087FC01463F4802F090FE484B48481E70FC
:108AF800484B1E70484B1E80484B1E70484B1E70DA
:108B0800484B1E70484B1E70484B1E70484B1E70D9
:108B1800484B1E70FFF7D4FB474BB4F84E201E702D
:108B2800464B94F840101E70454B1E70B4F84C30FC
:108B3800F8F799FAB4F84C104248F8F7D9FD4248CA
:108B4800FCF7B0FA414B424893F8291000F0CDFCED
:108B58004048FEF75DF94048FFF7E8F894F85630CA
:108B680013B994F8583053B31C48FBF7ACFB3B4A95
:108B7800002313803A4A1380FAF7A8FAFF232B70D0
:108B8800FAF7AEFA1B4C002800F09180224A1388AD
:108B98000BB1013B13801F4B0E4A19781388022929
:108BA8000FD193B1013B9BB213809278002A59D020
:108BB800002B60D1F9F798FEF9F7A4FE5BE00948AD
:108BC800D3E7002BEED1C723EEE740F2F313EBE730
:108BD800A11D002098060020000400481C1F00204A
:108BE80084C00008381F00208EC0000890060020AE
:108BF80094060020480000204C0000205800002067
:108C0800380300207C030020A21D00209E060020BF
:108C1800601E00206B0300206E0300206C03002000
:108C280068030020690300206A0300209D060020D5
:108C38009C060020A0060020730300207203002079
:108C48008C0600205C1F0020541F0020A800002074
:108C58002C1D0020A8060020500F00206C1F0020AB
:108C68006E1F002002299D4840F0B9800BB9F9F722
:108C78003BFE082383629A4E3388002B00F0B580B0
:108C8800013B9BB297483380FBF7D2FF94F85630EC
:108C980023B994F85830002B00F0AA809248FBF7CB
:108CA80012FB33881BB991499148F9F73DFB914F65
:108CB8003B78002B00F09E80022B00F0CB8094F8CC
:108CC80056301BB994F85830002B2CD08A4E336894
:108CD8004BB33B78032B40F0C9803368DB070DD5D5
:108CE800864A00233360137843F00101117094F829
:108CF8005A200AB1980701D500233B70336893B115
:108D080033689A0548BF336833687D4A9B0748BF74
:108D180033683368D80748BF336800231370794A2B
:108D280033603B70137094F857301BB994F859307E
:108D3800002B2CD0744E33684BB33878032840F09E
:108D4800A8803368D9070DD56C4A0023336013789F
:108D580043F00201117094F85A200AB1DA0701D5DC
:108D680000233B70336893B13368990548BF336873
:108D780033689A0748BF33683368614ADB0748BFDE
:108D88003368002313705F4A33603B7013705F4B86
:108D98001A7802F0FF09002A00F070824FF00008EC
:108DA80083F8008094F8563094F85700002B00F0B0
:108DB800BF80002800F06C815249514A0B78002B83
:108DC8007AD11678B6EB080618BF01261378012B5E
:108DD80000F2D982002E40F0DC8235465BE1102299
:108DE8008262002B7FF447AFE6E640F2E73349E7BB
:108DF800474854E7474B1B7813B14748FBF73EFBFE
:108E08004548FBF7F5FA0146374802F0FEFC4348AF
:108E1800FBF7EEFA01463E4802F0F7FC94F85630AC
:108E280023B13148F9F78AFCFBF7D1F994F85730A8
:108E380023B13748F9F7D4FCFBF7C9F9304A0123C5
:108E48003B70002313702F4A13702F4A13602A4A6D
:108E5800136034E73248FCF737F8324B187AFFF7DB
:108E6800A3FB03233B70254A0023EDE7012B7FF486
:108E780045AF336899077FF541AF214B1978B1FAAF
:108E880081F1002049093060FFF7AAFB1D4B1870DB
:108E980034E701287FF466AF33689B077FF562AF3C
:108EA80000233360174B1978B1FA81F14909FFF7AC
:108EB80097FB134B187055E7012B064686D01A4BC3
:108EC80093F9A100009093F9A03012780978174817
:108ED8003546F8F7F2FB464639E000BF0004004883
:108EE8006C1F0020380300201C1F002099C00008B8
:108EF8000C0000209E06002094060020A0060020FA
:108F08009D0600209C06002090060020710300208A
:108F1800381F00206B0300207C0300205804002029
:108F2800A21D00205C1F0020601E0020A01D002044
:108F3800002800F0AD80A14B1B78012B8CBF0125C8
:108F480000250CBF01260026002B00F0A480FFF7A7
:108F5800E7FA94F8582094F85930002A00F09F80D6
:108F6800002B00F0A180964B964993F9A12000921E
:108F7800924A93F9A030127809789348F8F7D2FB0F
:108F88002DB9924B1D77DD831D62914B1D70DFF863
:108F9800448298F80010012900F2B180ADB1884AE6
:108FA80092F8A8303E2B00F2898092F8A7008A4AEE
:108FB800002840F0908092F810C09C4579D0517CF0
:108FC8001374994273D92E46002598F80030002B67
:108FD80000F0BD80814B1B88002B00F0E880804B9F
:108FE80000221A7098F80020002A00F0C6811DB9E6
:108FF80001221A7002233B707A48FBF7F4F87A488A
:10900800FBF7F1F898F80030022B02D0774B0022DA
:109018001A70774A13880BB9B4F84E30013B9BB2EB
:10902800138013B96648F8F7A2F86548F8F753F8BB
:1090380098F80030022B0CD06148F7F7FCFF98F83D
:10904800003033B9FFF74AF96A4A012313706A4AB4
:1090580013706A4D2846FAF795F86A78684B012A22
:1090680004D100216970197901B95A716448FBF774
:1090780009FEFBF71FFE0128054600F0CD800228F7
:1090880000F0F8805F4B05221A7005B0BDE8F08348
:109098004C4B51E70546554B01221A7059E71BB155
:1090A800494B01221A726BE7474B0022FAE710740A
:1090B80089E75548027842F001020270534849BBDB
:1090C8003F2B514B01704FF0010228BF032188F854
:1090D8000020197016E092F8EC0098420AD092F835
:1090E800ED1082F8EC3099423FF66DAF002382F81C
:1090F800EC3068E74448027842F00202DDE7002DD0
:109108003FF463AF354BB4F850201A8002233B700C
:109118004D465AE703783E4901330A78DBB20370BB
:109128006AB994F854209342ECD3374B1B78032B3D
:1091380007D1022388F8003001230B70E2E70522EB
:10914800F1E7531EDBB293420370F2D2DAE706B1BD
:109158003B70304EB4F8522033780133DBB293427F
:10916800337005DB1C48FBF789F9002333703B702B
:10917800DFF864904846FBF751F9064609F1DC0030
:10918800FBF74CF9864200D0FEE7002E3FF427AFEC
:1091980099F8D500F8F742FC1948FBF7DBFC0023E7
:1091A8003B7098F80030002B3FF419AF12E7194ACA
:1091B80088F8003013703B7011E700BF9D0600204F
:1091C800601E00209C0600205C1F0020A8060020CE
:1091D800500F00206B0300207C0300206E0300204A
:1091E8008C0600201C1F0020381F0020541F002060
:1091F8006E1F00209F060020701F0020741D002095
:109208003803002073030020680300206C0300204B
:109218006A030020690300205F48FBF7C3FCB4F829
:109228004C305E4A5E4803EB830303EB83039B00E9
:109238001380FAF777F85B4BB4F84C2083F8D450D6
:1092480041F28831B1FBF2F10022A3F8D610A3F85D
:10925800B211A3F8D82083F8B051A3F8B421524B27
:109268001021996108219962504B88F800209D705F
:109278003A7007E74E4B01221A7003E74D494E4AF0
:109288000B781BB1013BDBB20B7013B11378002BC9
:1092980034D04A4E4A4896F828100024147000F03A
:1092A8004FF9484B1B78022B46D1474F474897F850
:1092B8000090F7F719FF80464448F7F727FF44491D
:1092C80023464A46CDE900803D4800F051FC3C4821
:1092D800FCF748F83A783F493F482346FDF722F91A
:1092E8003A783C493D482346FEF75EFD96F826301D
:1092F80096F8332036493A48FBF710FE304800F01C
:1093080047FD3548FEF710FA3448FFF7E5FA284BD1
:109318001B78002B3FF4B9AE3248FAF764FF3248A5
:10932800FAF761FF204B08229A6110229A61FAF736
:109338009FFD01232B70A8E62C4B1B78C3B16FF05F
:109348007E03009301231A4621491D48019400F029
:109358000FFC1B4800F00BF901231A461D491E4853
:10936800FDF7E0F801231B491C481A46FEF71CFDCF
:109378001B4B96F826205A70C0E73B7813F0FD0F78
:109388003FF43AAE42E6002E3FF484AE4FF00008B8
:1093980095E5B046002692E53803002044000020F9
:1093A8005A1E00207C030020000400489806002074
:1093B800700300207303002072030020A80000201F
:1093C8002C1D00206B0300208C060020601E00204E
:1093D8007C1D0020501D0020A8060020500F0020F2
:1093E800A21D00201C1F0020381F00206A03002037
:1093F80008B5FFF7EFFAFCE71E4B1F4A10B51A60D5
:109408001E4B1F4A1A601F4B1F4A204C1A605A6194
:109418009A62DA631A651E4A5A669A671D4AC3F841
:109428008C20204600F048F81B4B23601B4B002281
:1094380040F2FF11C3F8E824C3F8EC14184BC3F842
:109448001C26C3F8502A7D2283F8542A154A40F274
:10945800FF31506AC3F82016916A03F65C2403C4EE
:10946800D06A2060106B928EC3F8680AA3F86C2A41
:1094780010BD00BF1C1F0020A4C00008381F00201A
:10948800CCC00008601E002000C000082C1D002071
:10949800E8BF0008F4BF000854C10008A80600206F
:1094A800500F0020D8BD00087047002070470020EA
:1094B800704700207047000010B5044B0446012196
:1094C80040F8043BF7F764FD204610BDECDC0008CB
:1094D80038B5242204460D46FF230021036181820A
:1094E800104402F0F9FBE56038BD38B50D46017C43
:1094F800A942044615D0012918D0022912D011B961
:1095080003685B6898470023012D6374257413D0A2
:10951800022D0ED02DB923685B680121204698479B
:10952800607438BD0368DB680021EBE703689B685B
:10953800FAE72368DB68F0E7236829469B68EDE7CC
:109548000430F7F733BD037C012B10B50ED100F1C1
:10955800160301F10C0251F8044B43F8044B9142F5
:10956800F9D10A881A8040F20113438210BD037CA6
:10957800012B0BD148F28113C3824FF4014200231F
:10958800C0E90632038440F2011343827047F0B504
:10959800054689B008880C4616461F46F7F770FE40
:1095A8009DF806308DF8050023F00703C0F302206C
:1095B800034360888DF80630F7F762FE9DF80630A1
:1095C80000F01F0203F0070343EAC2038DF80630D8
:1095D8009DF80730C0F3451023F03F030343A088EC
:1095E8008DF80730F7F74CFE9DF8073000F00302BE
:1095F80003F03F0343EA82138DF80730C0F3870373
:109608008DF808309DF80930C0F3802023F001035D
:109618000343E0888DF80930F7F732FE9DF80930EA
:1096280000F07F0203F0010343EA42038DF809309A
:109638009DF80A30C0F3C31023F00F0303432089B9
:109648008DF80A30F7F71CFE9DF80A3000F00F027B
:1096580003F00F0343EA02138DF80A309DF80B302C
:10966800C0F3061023F07F03034360898DF80B30A5
:10967800F7F706FE9DF80B3000F0010203F07F03B8
:1096880043EAC2138DF80B30C0F347038DF80C3052
:109698009DF80D30C0F3412023F003030343A08954
:1096A8008DF80D30F7F7ECFD9DF80D3000F03F0216
:1096B80003F0030343EA82038DF80D309DF80E3062
:1096C800C0F3841023F01F030343E0898DF80E30A4
:1096D800F7F7D6FD9DF80E3000F0070203F01F03E0
:1096E800C0F3C70043EA42138DF80F00208A8DF8B3
:1096F8000E30F7F7C5FD9DF811308DF8100023F0F6
:109708000703C0F302200343608A8DF81130F7F78E
:10971800B7FD9DF8113000F01F0203F0070343EA7C
:10972800C2038DF811309DF81230C0F3451023F0B4
:109738003F030343A08A8DF81230F7F7A1FD9DF887
:10974800123000F0030203F03F0343EA82138DF85E
:109758001230C0F387038DF813309DF81430C0F32E
:10976800802023F001030343E08A8DF81430F7F7D3
:1097780087FD9DF8143000F07F0203F0010343EAEF
:1097880042038DF814309DF81530C0F3C31023F050
:109798000F030343208B8DF81530F7F771FD9DF803
:1097A800153000F00F0203F00F0343EA02138DF89F
:1097B80015309DF81630C0F3061023F07F030343DD
:1097C800608B8DF81630F7F75BFD9DF8163000F0CA
:1097D800010203F07F0343EAC2138DF81630C0F389
:1097E80047038DF817309DF81830C0F3412123F056
:1097F80003030B43A08B8DF81830F7F741FD9DF854
:10980800183000F03F0203F0030343EA82038DF8A7
:1098180018309DF81930C0F3841023F01F03034358
:10982800E08B8DF81930F7F72BFD9DF81930218C56
:1098380000F0070203F01F0343EA42138DF81930C2
:10984800628C40F2A953994288BF0121C0F3C70036
:1098580098BF00219A428DF81A0088BF41F0020192
:109868000EB141F004010FB141F008010F238DF84A
:10987800043000238DF81C302B688DF81B101B68F2
:10988800192201A92846984709B0F0BD30B5054608
:1098980089B008880C46F7F700FD9DF808308DF868
:1098A800070023F00703C0F30220034360888DF804
:1098B8000830F7F7F2FC9DF8083000F01F0203F0BB
:1098C800070343EAC2038DF808309DF80930C0F356
:1098D800451023F03F030343A0888DF80930F7F7BC
:1098E800DCFC9DF8093000F0030203F03F0343EA73
:1098F80082138DF80930C0F387038DF80A309DF87C
:109908000B30C0F3802023F001030343E0888DF877
:109918000B30F7F7C2FC9DF80B3000F07F0203F024
:10992800010343EA42038DF80B309DF80C30C0F375
:10993800C31023F00F03034320898DF80C30F7F789
:10994800ACFC9DF80C3000F00F0203F00F0343EA63
:1099580002138DF80C309DF80D30C0F3061023F07B
:109968007F03034360898DF80D30F7F796FC9DF867
:109978000D3000F0010203F07F0343EAC2138DF8B3
:109988000D30C0F347038DF80E309DF80F30C0F34B
:10999800412023F003030343A0898DF80F30F7F724
:1099A8007CFC9DF80F3000F03F0203F0030343EA0C
:1099B80082038DF80F309DF81030C0F3841023F027
:1099C8001F030343E0898DF81030F7F766FC9DF814
:1099D800103000F0070203F01F03C0F3C70043EA8A
:1099E80042138DF81100208A8DF81030F7F755FCD6
:1099F8009DF813308DF8120023F00703C0F30220FE
:109A08000343608A8DF81330F7F747FC9DF813304D
:109A180000F01F0203F0070343EAC2038DF8133076
:109A28009DF81430C0F3451023F03F030343A08A88
:109A38008DF81430F7F731FC9DF8143000F003026C
:109A480003F03F0343EA82139DF816208DF8143083
:109A5800C0F387038DF8153022F00102C0F380238C
:109A68001343E08A8DF81630F7F717FC9DF8163087
:109A780000F07F0203F0010343EA42038DF8163039
:109A88009DF81730C0F3C31023F00F030343208B56
:109A98008DF81730F7F701FC9DF8173000F00F022A
:109AA80003F00F0343EA02138DF817309DF81830BE
:109AB800C0F3061023F07F030343608B8DF8183042
:109AC800F7F7EBFB9DF8183000F0010203F07F0375
:109AD80043EAC2139DF81A208DF81830C0F34703E3
:109AE8008DF8193022F00302C0F341231343A08BF1
:109AF8008DF81A30F7F7D1FB9DF81A3000F03F02C5
:109B080003F0030343EA82038DF81A309DF81B30F3
:109B1800C0F3841023F01F030343E08B8DF81B3040
:109B2800F7F7BBFB019B03F07F42104B13430193F4
:109B38009DF81B3000F0070203F01F03C0F3C700B5
:109B480043EA42138DF81C000DF10601172200208C
:109B58008DF81B30F7F70CFC2B688DF81D001B687F
:109B68001A2201A92846984709B030BDC81816001E
:109B78002DE9F04700F124079DF920A09DF82490D5
:109B880090461E4604463B4601F1240251F8040B58
:109B980043F8040B9142F9D1251D39462846F7F7B9
:109BA80029FAE1684B7966B1042B77D8DFE803F02E
:109BB8007C76345C03004FF00423C4E909330026A3
:109BC800B046E3681D796B1E0B2B07D85046043549
:109BD800F7F72CFBEDB204EB45056884E3681D7BC1
:109BE8006B1E0B2B07D848460435F7F73AFBEDB246
:109BF80004EB45056884637C002B55D0237C012B3E
:109C080046D013F0FD0F4FD1334642463946204621
:109C1800BDE8F047FFF7BBBC01F1130304F12200D4
:109C280001F11F054FF0780C13F9012FC2EB8222C6
:109C3800AB4292FBFCF202F5806220F8022FF3D1CE
:109C480004F13A02233140F2FF7513F8010F48B1CD
:109C580002280CBF28464FF48060994222F8020F70
:109C6800F3D1AEE70120F8E704F1220304F146023C
:109C78004FF4806123F8021F9342FBD1022128464A
:109C8800F7F7D6F9103004EB40000023838098E7FB
:109C980039462046BDE8F047FFF7F8BD042B90D8B9
:109CA80013F0FD0F8DD0E9E7BDE8F08730B54B7BA9
:109CB800032B85B005460C4642D191F90000F7F711
:109CC80031FB8DF8030094F90100F7F72BFBA3781B
:109CD8008DF80530E3788DF804008DF80630207B88
:109CE80023798DF80730F7F715FB8DF8080094F9FC
:109CF8000600F7F7EAFA8DF8090094F90700F7F774
:109D080011FB237A8DF80B30637A8DF80C3040F60E
:109D1800C8438DF80A00ADF800300DF10201142394
:109D28000B2200208DF80230F7F722FB2B688DF804
:109D38000D001B680E2269462846984705B030BDBD
:109D4800022B03D1FF238DF80330BCE791F9000003
:109D5800F7F7E8FA8DF80300FF20B8E7837C10B521
:109D6800044633B1F9F7DEF9E37C1BB10023A08286
:109D7800E37410BDA28A801A80B2B0F57A6FF8D960
:109D8800A37404F116012046BDE81040FFF78EBF0A
:109D9800427C22B1037C012B01D1FFF7DFBF704762
:109DA80030B59BB0202200210BA801F095FF1822A6
:109DB800002102A801F090FF1C4A136823F4C06335
:109DC80043F400731360136803F4C0630193019BA9
:109DD80001224FF48033CDE9082300230A93102190
:109DE8000623CDE915134FF40033022403251793F6
:109DF8004FF0005C4FF0007308A8CDE91345CDE99A
:109E0800183C00F03BFB08B172B6FEE7CDE9040050
:109E1800CDE906004F23214602A8CDE9023500F01E
:109E2800C7FD08B172B6FEE71BB030BD000400588C
:109E3800104B07B51A6842F480721A601A6842F427
:109E480000721A601A6822F480621A6000F096F8AC
:109E5800FFF7A6FF4FF0B043DA6C42F00102DA6474
:109E6800DB6C03F001030193019B03B05DF804EB85
:109E7800FFF7BEBA004000587047FEE7FEE7FEE76E
:109E8800FEE7FEE7704770477047F9F739B9704742
:109E98000D488546FFF7FBFF0C480D490D4A002386
:109EA80002E0D458C4500433C4188C42F9D30A4A87
:109EB8000A4C002301E013600432A242FBD301F0F4
:109EC80041FFFFF7B5FFFEE700000120000000207A
:109ED80028000020D8DD000828000020CC2D002014
:109EE800FEE770474FF0B04310B59A6B4FF0FF3262
:109EF8009A63D96BDA630024996B9C63D96BDC6332
:109F0800196C1A64196C1C64596C5A64596C5C6439
:109F1800996A9A62996A9C62D96ADA62D96ADC6239
:109F2800196B1A631A6B1C63FFF7DBFF204610BD21
:109F380038B5104C237805460BB9012038BD00F020
:109F48008DFA22784FF47A73B3FBF2F3B0FBF3F097
:109F580000F074F804460028EFD10F2DEDD8024622
:109F680029464FF0FF3000F037F8034B20461D60BC
:109F7800E4E700BF200000202400002010B50320E3
:109F880000F018F800F06AFA064B18600F20FFF787
:109F9800CFFF044618B9FFF76FFF204610BD012414
:109FA800FBE700BF1C000020014B1868704700BF8A
:109FB800902D00200749CA6822F4E06203021204C7
:109FC80003F4E063120C134343F0BF6343F400331C
:109FD800CB60704700ED00E0164B30B5DC68C4F389
:109FE8000224C4F10703251D042B28BF0423062DD2
:109FF8004FF0FF358CBF033C002405FA03F321EA38
:10A008000303A54022EA0502A340002843EA02030D
:10A01800ACBF00F16040084A4FEA0313B8BF00F034
:10A028000F00DBB2AABF00F56140135480F800337B
:10A0380030BD00BF00ED00E014ED00E00138B0F1E4
:10A04800807F0BD24FF0E023054A5861F02182F857
:10A0580023100020072298611A6170470120704779
:10A0680000ED00E00A4A536943F4802330B5536198
:10A07800EFF3108472B60023CD58C5500433B3F5FE
:10A08800807FF9D11369DB03FCD484F3108830BDD9
:10A0980000400058064B5A69002ABFBF054A9A601B
:10A0A80002F188329A60BABF5869C00F0020704721
:10A0B8000040005823016745044B5A6942F00042AA
:10A0C8005A615869C043C00F704700BF004000582C
:10A0D80070B50546FFF768FF124E04463369D90389
:10A0E80013D43369DA0744BF012232614CF2FA32E1
:10A0F800134011D10B4E306910F480200BD0FFF7BC
:10A1080053FF001BA842F6D304E0FFF74DFF001BE6
:10A11800A842E3D3032070BD024A1361024A01201A
:10A128005360F8E700400058942D00202DE9F041D5
:10A13800184D98462B78012B06460C46174626D014
:10A1480001232B704FF47A7000236B60FFF7C0FF78
:10A15800A0B9012E16D1104A536943F00103536187
:10A168002760BFF36F8FC4F804804FF47A70FFF74D
:10A17800AFFF094A536923EA0603536100232B7092
:10A18800BDE8F08139462046FFF76CFFEDE7022075
:10A19800F6E700BF942D002000400058054A536997
:10A1A80023F47E7343EAC00040F4803040F002009C
:10A1B80050617047004000582DE9F041234F3B782B
:10A1C800012B054688463FD001233B704FF47A7037
:10A1D80000237B60FFF77CFF044688B92B68042BBB
:10A1E80013D11B4A536943F4803343F0040353618A
:10A1F8004FF47A70FFF76CFF0446154B1A681B681A
:10A2080000233B702046BDE8F0814FF0FF33C8F8CB
:10A2180000306E68D5E901321344B3420AD930469A
:10A22800FFF7BCFF4FF47A70FFF752FF50B1C8F840
:10A2380000600446064A536923F47E7323F0020340
:10A248005361DAE70136E5E70224DBE7942D0020C5
:10A2580000400058024A136843F480731360704743
:10A2680000040058024B186800F4C060704700BF33
:10A27800000400584FF0B0431868C0F340407047DE
:10A288004FF0B0431868C0F3400070474FF0B04239
:10A29800536823F47F4343EA0023536070474FF029
:10A2A800B0431868C0F34060704700007FB54FF0B6
:10A2B800B0432C4AD3F80831C0F3031003F00F035E
:10A2C80052F82040284A52F82330B4FBF3F4FFF741
:10A2D800C9FF264B054693E80700B5F5007F04AB98
:10A2E80003E9070010D0224B9C4218D303F5B703AB
:10A2F80003F67F539C4229D903F5741303F51063C1
:10A308009C4225D802230BE01A4B9C4207D91A4BD2
:10A318009C421BD903F5370303F5D853F0E7002314
:10A3280004AA02EB830353F80C4C144D2B6823F05A
:10A33800070323432B60FFF737FE06462B6803F01D
:10A3480007039C4206D1002004B070BD0123E7E753
:10A358000024EAE7FFF728FE801B0228EED9032035
:10A36800F2E700BF5CDD0008FCDC000810BE000856
:10A37800C0CF6A00BFEA21013F9334020040005871
:10A388004FF0B04310B59A68D96812F00C0205D0A6
:10A398000C2A4AD101F00303012B50D14FF0B041F0
:10A3A8002B480B6813F0080306D00B6813F008035A
:10A3B80037D1D1F8941007E00C68240756BFD1F8BC
:10A3C80094300968C3F3032350F82330002A0CBFE4
:10A3D800184600204FF0B0418A6802F00C020C2A9F
:10A3E8001ED1CA6802F00302022A2ED0032A06D11F
:10A3F8000B68184A13F4801F174B18BF13464FF009
:10A40800B042D068D168D268C0F306205843C1F37F
:10A4180002130133B0FBF3F0530F0133B0FBF3F039
:10A4280010BD0B68C3F30313CEE7042A0AD0082A29
:10A4380005D11B6813F4801304D10748CAE7002329
:10A448001846C7E703480023C4E7024BD7E700BF15
:10A458005CDD00080024F4000048E80108B5FFF7B7
:10A468008FFF4FF0B043044A9B68C3F3031352F8BD
:10A478002330B0FBF3F008BDFCDC00082DE9F04107
:10A488000446002853D04FF0B0439D68DE68036847
:10A498009B0605F00C0506F0030668D5026A1DB197
:10A4A8000C2D46D1012E44D1002A40D04FF0B043A4
:10A4B800A16A1A68170756BFD3F894301B681B099E
:10A4C80003F0F00399421FD90846FFF7EFFE002872
:10A4D8002DD14FF0B042136843F00803136013689E
:10A4E800A16A23F0F0030B431360606AFFF7CEFE06
:10A4F800FFF7B4FFAB4B1860AB4B1868FFF718FDBC
:10A50800002834D0BDE8F0814FF0B042136843F022
:10A5180008031360136823F0F0030B431360606AA9
:10A52800FFF7B4FE0846FFF7C1FE0028E0D001207F
:10A53800E8E74FF0B043002A54D01A6842F001020D
:10A548001A60FFF731FD0746FFF79AFE002842D050
:10A558004FF0B042136843F0080313601368A16A10
:10A5680023F0F0030B431360606AFFF78FFE236844
:10A57800D80748D42368990700F18C8023681E0700
:10A5880040F1FA80A3694FF0B046002B00F0E1805B
:10A59800D6F89430E16903F01002914200F0C480CB
:10A5A80003F00302022AC2D0D80740F1B380D6F8DC
:10A5B800943023F00103C6F89430FFF7F5FC074602
:10A5C800D6F89430990740F1A580FFF7EDFCC31B3E
:10A5D800112BF5D904E0FFF7E7FCC01B0228B3D91B
:10A5E80003208FE71A6822F001021A60FFF7DCFCEB
:10A5F8000746FFF745FE0028B9D0FFF7D5FCC01B7A
:10A608000228F6D9ECE7082D03D00C2D05D1032E2E
:10A6180003D16368002BADD189E74FF0B043A1683F
:10A628001A6822F480120A431A606268B2F5803F01
:10A6380010D11A6842F480321A60FFF7B5FC074659
:10A64800FFF718FE002895D1FFF7AEFCC01B642861
:10A65800F6D9C5E7B2F5041F04D11A6842F400120E
:10A668001A60E6E7196821F480311960196821F445
:10A6780000111960002AE0D1FFF796FC0746FFF7A2
:10A68800F9FD00283FF476AFFFF78EFCC01B642865
:10A69800F5D9A5E7042D236903D00C2D0ED1022E80
:10A6A8000CD1002B3FF443AF4FF0B04261695368BF
:10A6B80023F0FE4343EA016353605FE74FF0B0467F
:10A6C800BBB1336843F480733360FFF76DFC074612
:10A6D80033685A0507D57368626923F0FE4343EA75
:10A6E800026373604AE7FFF75FFCC31B022BEFD9D5
:10A6F80076E7336823F480733360FFF755FC074629
:10A7080033685B057FF53AAFFFF74EFCC31B022B9E
:10A71800F6D965E74FF0B042E169D2F8943023F0FA
:10A7280010030B43C2F894304FF0B047D7F8943079
:10A7380043F00103C7F89430FFF736FC0646D7F814
:10A7480094309A0718D4FFF72FFC831B112BF6D9E6
:10A7580046E7D6F8943023F00103C6F89430FFF7A3
:10A7680023FC0746D6F894309B0705D5FFF71CFC59
:10A77800C31B112BF6D933E72368580754D50B4F61
:10A788003B68D90514D4FFF765FDFFF70DFC0646B5
:10A798003B68DA050CD4FFF707FC831B022BF7D9BB
:10A7A8001EE700BF1C000020240000200004005801
:10A7B800E3684FF0B046002B58D023F08003052BF8
:10A7C80002BFD6F8903043F00403C6F890304FF03B
:10A7D800B046FFF7E9FBD6F8903043F0010307468F
:10A7E800C6F8903041F28838D6F890309B0705D4E7
:10A7F800FFF7DAFBC31B4345F6D9F1E6E36823F01C
:10A808000403812B1BD1FFF7CFFBD6F8903043F020
:10A818008003C6F8903007464FF0B04641F28838BA
:10A82800D6F89030180504D5E06A00284AD10020EF
:10A8380068E6FFF7B9FBC01B4045F1D9D0E6FFF742
:10A84800B3FBD6F8903023F08003C6F89030074663
:10A858004FF0B04641F28838D6F890301905E3D564
:10A86800FFF7A2FBC01B4045F6D9B9E6FFF79CFBF2
:10A87800D6F8903023F080030746C6F8903041F2AE
:10A888008838D6F890301A0516D4FFF78DFBD6F81D
:10A89800903023F00103C6F8903007464FF0B048D7
:10A8A80041F28836D8F890309B07BDD5FFF77CFB7E
:10A8B800C31BB342F6D993E6FFF776FBC01B4045AE
:10A8C800DFD98DE60C2D4ED04FF0B04302281A6820
:10A8D80022F080721A6033D1FFF766FB0546FFF756
:10A8E800DEFC38BBD4E90C314FF0B0420B43D068E2
:10A8F8002D4901400B43E16B0B43216C0B43616C09
:10A908000B43A16B43EA0123D360136843F08073C0
:10A918001360D36843F08053D360FFF745FB0446C8
:10A92800FFF7BDFC002882D1FFF73EFB001B0A2879
:10A93800F6D955E6FFF738FB401B0A28CFD94FE672
:10A94800FFF732FB0446FFF7AAFC30B94FF0B042DC
:10A95800164BD1680B40D360D4E5FFF725FB001BED
:10A968000A28F0D93CE601283FF4CCAD4FF0B043BB
:10A97800226BDB6803F0030191427FF4D8AD616B71
:10A9880003F070028A427FF4D2ADA16B03F4FE4259
:10A99800B2EB012F7FF4CBAD626C03F060439342BE
:10A9A8003FF445AFC3E500BF8C80C111FCFFFEEE4C
:10A9B8002DE9F0410D46044610B90120BDE8F081AB
:10A9C800684E336803F007038B4216D323689A074F
:10A9D80027D54FF0B047A268BB6823F0F0031343B4
:10A9E800BB60FFF7E1FA0646BB68DB0319D4FFF743
:10A9F800DBFA831B022BF7D911E0336823F0070336
:10AA08000B433360FFF7D0FA0746336803F00703B8
:10AA1800AB42DBD0FFF7C8FAC01B0228F5D90320E8
:10AA2800CCE72368580617D54FF0B0476269D7F8C6
:10AA3800083123F00F0343EA1213C7F80831FFF770
:10AA4800B3FA0646D7F80831D90305D4FFF7ACFAAC
:10AA5800831B022BF6D9E2E723685A0713D54FF078
:10AA6800B047E268BB6823F4E0631343BB60FFF7B9
:10AA78009BFA0646BB689B0305D4FFF795FA831B30
:10AA8800022BF7D9CBE72368180714D54FF0B04746
:10AA98002269BB6823F4605343EAC203BB60FFF733
:10AAA80083FA0646BB68590305D4FFF77DFA831B72
:10AAB800022BF7D9B3E72368DA070FD4294C2368A8
:10AAC80003F00703AB4239D8FFF7C8FC264B1860E0
:10AAD800264BBDE8F0411868FFF72ABA6268022AD7
:10AAE8001DD1FFF7C7FB00283FF467AF4FF0B04612
:10AAF80041F28838B36823F003031343B360FFF7C8
:10AB080053FA0746B368626803F00C03B3EB820F8D
:10AB1800D4D0FFF749FAC01B4045F3D97FE7032A91
:10AB280002D1FFF7BCFBDEE712B9FFF7A9FBDAE7B2
:10AB38004FF0B0431B685B05D8D43EE7236823F089
:10AB480007032B432360FFF72FFA0646236803F019
:10AB58000703AB42B8D0FFF727FA801B0228F5D9C4
:10AB68005DE700BF004000581C00002024000020C2
:10AB780030B5046891FAA1F3B3FA83F303255B00B7
:10AB880005FA03F324EA030391FAA1F1B1FA81F17A
:10AB980049008A401A43026030BD0000B0F1904F6E
:10ABA8000BD14FF0B043DA6A42F00102DA62DA6A96
:10ABB80022F00102DA6201207047144B984209D151
:10ABC8004FF0B043DA6A42F00202DA62DA6A22F03F
:10ABD8000202EFE70E4B984209D14FF0B043DA6A10
:10ABE80042F00402DA62DA6A22F00402E2E7094B70
:10ABF800984209D14FF0B043DA6A42F08002DA6233
:10AC0800DA6A22F08002D5E7002070470004004885
:10AC180000080048001C00482DE9F84F0E460F6850
:10AC280097FAA7F54FF0010BB5FA85F54FF0030A2F
:10AC38004FF00F0837FA05F302D10120BDE8F88F6D
:10AC48000BFA05F43C4053D0D6F8049021464A4606
:10AC5800FFF78EFF09F1FF33012B19D8B36881681C
:10AC680094FAA4F2B2FA82F252000AFA02F221EA43
:10AC7800020294FAA4F1B1FA81F149008B4013431E
:10AC880083604268F36822EA040263431343436023
:10AC98003369C16894FAA4F2B2FA82F252000AFA4D
:10ACA80002F221EA020294FAA4F1B1FA81F1490010
:10ACB8008B401343B9F1020FC36015D1FF2C7169A2
:10ACC80018D8026A94FAA4F3B3FA83F39B0008FA3B
:10ACD80003F322EA030294FAA4F3B3FA83F39B0082
:10ACE80001FA03F3134303624A462146FFF740FF84
:10ACF80001359FE7426A230A93FAA3FCBCFA8CFC4D
:10AD08004FEA8C0C08FA0CFC22EA0C0293FAA3F323
:10AD1800B3FA83F39B00994011434162E4E74FF093
:10AD2800B0431868C0F3005070474FF0B04318683C
:10AD3800C0F3802070474FF0B043D3F89000C0F3C1
:10AD4800400070474FF0B0431868C0F3C000704728
:10AD58004FF0B0431868C0F3406070474FF0B043FD
:10AD6800044A9B68C3F3031352F82330B0FBF3F093
:10AD7800704700BFFCDC00084FF0B043034A9B68F3
:10AD8800C3F3022352F82330D84070473CDD000853
:10AD98004FF0B04238B5916801F00C01082950D045
:10ADA80017D889B3042900F08C80FFF7CBFF4649F8
:10ADB8000246002876D1FFF7C5FF4FF0B0430128BF
:10ADC80016BFD3F894201B68C2F3032251F822005F
:10ADD8002AE00C29E9D1D36803F00303022B5FD0E2
:10ADE800032B37D0FFF7AEFF374C014600284AD176
:10ADF800FFF7A8FF012816BFD2F894101368C1F313
:10AE0800032154F821302CE0FFF79CFF2E4D044617
:10AE180058B9FFF797FF012816BFD2F89440136876
:10AE2800C4F3032455F8240038BDFFF78BFF01282D
:10AE38000ABF1168D2F89430C1F3031155F8210004
:10AE4800F2E7FFF76CFF214B01462148012908BFB3
:10AE58001846E9E7FFF763FF1D4A1C4B012818BF96
:10AE680013464FF0B042D068D168D268C0F30620CC
:10AE78005843C1F302130133B0FBF3F0530F01330E
:10AE8800B0FBF3F0D0E7FFF75DFF01280BBF1368B5
:10AE9800D2F89430C3F30313002354F82330E0E7C7
:10AEA8000A4BDEE7FFF74EFF4FF0B04301280BBF18
:10AEB8001B68D3F89430C3F30313002351F823001D
:10AEC800B2E70248B0E700BF5CDD00080024F400E8
:10AED8000048E8014FF0B04307B51A6842F0010294
:10AEE8001A601A689207FCD51A6822F0F00242F03C
:10AEF80060021A605A6822F47F425A605A6822F047
:10AF0800FE4242F080425A604FF4E0229A601A688A
:10AF180001920199104A0A400192019A1A60FFF7BA
:10AF280017FF0028FBD14FF0B0430C4ADA6040F21B
:10AF38003F3298610192019A1A62D3F8942042F440
:10AF48000002C3F8942001204FF44032C3F80821CE
:10AF580003B05DF804FB00BFFFF4CEFE001004222E
:10AF680010B54FF0B0440328D4F888302AD11F4ACE
:10AF780003F0030343F44033934209D0B3F1031FB2
:10AF88000DD0013A934211D1BDE81040FFF700BF40
:10AF9800FFF7CBFE0128164818BF002010BDFFF7A9
:10AFA800CAFE431E58425841C003F7E7FFF7F0FEB8
:10AFB800FFF7D4FEA3680F4AC3F3C22352F8233025
:10AFC800D840EBE7034043EA00400B4B9842DFD000
:10AFD800B0F10C1FE3D0043B9842D5D0FFF7D8FE60
:10AFE800FFF7BCFEBDE81040FFF7C6BE0200030035
:10AFF8000024F4003CDD000808000C000F4B9842C8
:10B008000BD14FF0B0431A6C42F480521A641A6C98
:10B0180022F480521A6401207047094B98420AD1E1
:10B028004FF0B0439A6B42F480429A639A6B22F4D1
:10B0380080429A63EFE70020704700BF003001406C
:10B048000038004003685B0670B502462DD4D1E98C
:10B0580000363343CE68056848690C6A33430E6985
:10B0680033438E6903433343CE6925F47F45334325
:10B0780025F0BF0523432B43136053688D6823F4E1
:10B08800706323F0040345EA10401843B5F5006FD8
:10B0980050603EBF536843F480535360B4F5005F7B
:10B0A80001D18B8C1361012000E00020D36923F4C7
:10B0B8000063D36170BD00001A4A0368904210B55E
:10B0C80002D0B0F1804F09D14C6823F07003904250
:10B0D80043EA040309D0B0F1804F06D0124A9042E7
:10B0E80003D002F58062904203D1CA6823F440730A
:10B0F800134303608B68C3620B888362094B9842D1
:10B1080007D003F5C053984203D003F580639842F3
:10B1180001D10B690363436943F0010343610120D3
:10B1280010BD00BF002C014000440140B1F5805F14
:10B1380030B500F0F08009D8102975D0B1F5807FBE
:10B1480000F0AE80012935D0002030BDB1F5803F38
:10B1580000F00E81B1F5801FF6D1036A146823F45C
:10B1680080130362036A416D21F0807121F4E0418C
:10B1780041EA0424116923F4001343EA0153516896
:10B1880023F4801343EA01539149884207D001F51B
:10B19800C051884203D001F58061884206D14168D8
:10B1A800956921F4802141EA85214160D26844658E
:10B1B800C26536E0036A156823F001030362036A77
:10B1C8004168846924F4803424F073042C4315699D
:10B1D80023F002032B43556823F001032B437C4DD6
:10B1E800A84207D005F5C055A84203D005F58065EB
:10B1F800A84212D1556923F0080343EA85039568EC
:10B2080023F0040343EA8503956921F480712943F7
:10B21800D56921F4007141EA4501D2684160846131
:10B2280042630362012090E7036A156823F0100364
:10B238000362036A4168846924F0807424F4E64454
:10B2480044EA0524156923F0200343EA05135568E9
:10B2580023F0100343EA05135D4DA84207D005F516
:10B26800C055A84203D005F58065A84213D1556999
:10B2780023F0800343EA8513956823F0400343EAEB
:10B288008513956921F4806141EA8501D56921F426
:10B29800006141EAC501D268416084618263C0E708
:10B2A800036A156823F480730362036A4168C469FA
:10B2B80024F4803424F073042C43156923F40073B8
:10B2C80043EA0523556823F4807343EA0523404D78
:10B2D800A84207D005F5C055A84203D005F58065FA
:10B2E800A84213D1556923F4006343EA852395687E
:10B2F80023F4806343EA8523956921F4805141EA68
:10B308000511D56921F4005141EA4511D26841601F
:10B31800C461C26385E7036A156823F48053036236
:10B32800036A4468C16921F0807121F4E64141EA69
:10B338000521156923F4005343EA0533556823F4BE
:10B34800805343EA0533224DA84207D005F5C0557E
:10B35800A84203D005F58065A84204D1956924F474
:10B36800804444EA8514D2684460C161026458E7A5
:10B37800036A146823F480330362036A416D21F47D
:10B38800803121F070010C43116923F4003343EA42
:10B398000143516823F4803343EA01430C4988424E
:10B3A80007D001F5C051884203D001F58061884279
:10B3B80006D14168956921F4803141EA052141604F
:10B3C8004465816DD268090C09041143816528E739
:10B3D800002C01400F4B98420BD14FF0B0431A6C30
:10B3E80042F480421A641A6C22F480421A640120E2
:10B3F8007047094B98420AD14FF0B0439A6B42F418
:10B4080000329A639A6B22F400329A63EFE70020C5
:10B41800704700BF003801400044004038B5036859
:10B42800DB0704460D464DD42A69AB68016813430F
:10B438006A691343EA691343234A0A4013430360C2
:10B448004368EA6823F44053134343608368AA6956
:10B4580023F44073134383601C4B984220D103208C
:10B46800FFF77EFD2B68F0B16A68E2B10B2B15D8A7
:10B47800174951F82330E969B0FBF3F0B1F5004FF3
:10B488004FEA520319D103EB4003B3FBF2F34FF633
:10B49800F0721A40C3F342031343E360012003E050
:10B4A8000C4B984207D00020E26A2B8822F00F024A
:10B4B8001343E36238BD0C20D2E70344B3FBF2F335
:10B4C8009BB2EAE70020F5E7F369FFEF0038014097
:10B4D8009CDD00080044004030B5302442F20F756E
:10B4E800A84212D80C703021B0F57A7F14D21170AE
:10B4F8003022632816D81A703023092817D8039ADF
:10B508001370049B3030187030BDA0F51C50013406
:10B518001038E4B280B2E3E70131A0F57A70C9B21D
:10B5280080B2E1E701326438D2B280B2E1E7013398
:10B538000A38DBB280B2E0E713B50B1D0193CB1CD0
:10B5480000934A1C8B1C0C46FFF7C6FF002363714F
:10B5580002B010BD03099F2800F00F0094BF3033DC
:10B56800373309280B7094BF3030373000234870C8
:10B578008B70704708B50249FFF7ECFF084608BD15
:10B58800AC2D002013B503688DF807109C680DF1E9
:10B5980007010123A04702B010BD07B503688DF865
:10B5A80007101B6901220DF10701984703B05DF8E8
:10B5B80004FB2DE9F0411D46036804465B690F460C
:10B5C80016469847236820461B689847221D394627
:10B5D8002046FFF7D7FF2DB123682A461B6931465D
:10B5E80020469847236820465B689847236820468A
:10B5F8009B69BDE8F0410C2118472DE9F0411E4632
:10B60800036804465B6915460F4698472368204639
:10B618001B689847221D39462046FFF7B3FF20468E
:10B628000021FFF7BAFF23682046DB683246294627
:10B638009847236820465B68BDE8F04118472DE924
:10B64800F0411F46036804465B690D461646984755
:10B65800236820461B689847221D20460D21FFF7C6
:10B6680091FF290A2046FFF798FFE9B22046FFF725
:10B6780094FF236831463A4620461B699847236859
:10B6880020465B689847236820469B69BDE8F041DF
:10B698000C21184707B501238DF807200DF1070283
:10B6A800FFF7CDFF03B05DF804FB2DE9F0411F461D
:10B6B800036804465B690D4616469847236820468A
:10B6C8001B689847221D20461D21FFF75BFF290AAA
:10B6D8002046FFF762FFE9B22046FFF75EFF2046EB
:10B6E8000021FFF75AFF23682046DB683A463146B7
:10B6F8009847236820465B68BDE8F041184707B5BE
:10B7080001230DF10702FFF7D0FF9DF8070003B0F2
:10B718005DF804FB2DE9F0411E46036804465B69A9
:10B728000F4615469847236820461B689847221DF0
:10B7380020460E21FFF726FF39462046FFF72DFF4A
:10B7480023682946324620461B69984723682046C5
:10B758005B689847236820469B69BDE8F0410C2147
:10B7680018472DE9F0411E46036804465B690F46F9
:10B7780015469847236820461B689847221D20468F
:10B788001E21FFF7FFFE39462046FFF706FF204639
:10B798000021FFF702FF23682046DB68324629466E
:10B7A8009847236820465B68BDE8F041184710B504
:10B7B800002304461A46C021FFF7FBFE207910BD7E
:10B7C80037B504460D468DF80710012380210DF189
:10B7D8000702FFF7EEFE2368012D9B690CBF32219B
:10B7E80040F2DC51204603B0BDE83040184737B579
:10B7F80001230C468DF807100DF107028A21054632
:10B80800FFF7D7FEAC7103B030BD07B5042309BA02
:10B8180001910DEB03028621FFF7CBFE03B05DF823
:10B8280004FB07B502238DF804108DF805208F213D
:10B8380001AAFFF7BEFE03B05DF804FB37B58DF82B
:10B84800063000238DF807300423044615468DF88A
:10B8580004108DF805208B210DEB0302FFF7A9FEDC
:10B8680040F689012046FFF74AFF062D16BF40F033
:10B87800040200F0FB02D2B240F6890120468DF89E
:10B888000420FFF707FF03B030BD73B515468DF8E8
:10B89800033000229DF818309DF81C608DF80020B8
:10B8A80004468DF801108DF804308C2106236A4671
:10B8B8008DF802508DF80560FFF77BFE40F2367177
:10B8C8002046FFF71CFF5EB100F0FB0240F2367124
:10B8D80020468DF80020FFF7DDFE657102B070BDCF
:10B8E80040F00402D2B2F1E707B55BBAADF8043014
:10B8F800BDF810305BBAADF8063049BA082352BA21
:10B90800ADF80010ADF8022019466A46FFF751FE5F
:10B9180003B05DF804FB07B5022301AA1221FFF763
:10B928006CFE9DF804309DF8050000EB032080B202
:10B9380003B05DF804FB07B5022349BAADF804105B
:10B9480001AA1946FFF735FE03B05DF804FB07B5F9
:10B9580002238DF804108DF805208E2101AAFFF727
:10B9680028FE03B05DF804FB13B56FF07F439942DE
:10B9780028BF19460B0C04468DF804300B0A8DF8C5
:10B9880005308DF8061001AA03238321FFF711FE65
:10B99800236864219B692046984702B010BD13B5FF
:10B9A8006FF07F43994228BF19460B0C04468DF867
:10B9B80004300B0A8DF805308DF8061001AA032310
:10B9C8008221FFF7F6FD236864219B69204698478A
:10B9D80002B010BD37B503230D461446142101AA41
:10B9E800FFF70BFE9DF804305B085B422B809DF946
:10B9F8000530002BB8BF03339B10237003B030BD54
:10BA080010B543680D4A23F07F4323F0FF039342A8
:10BA1800044611D1002240F60211FFF73BFE40F622
:10BA280044112046FFF76BFE40F00202D2B240F606
:10BA380044112046FFF72EFE10BD00BF0001010093
:10BA480070B505460E46FFF766FF314604462846A0
:10BA5800FFF771FFA30702D52846FFF7D1FF20465D
:10BA680070BD07B5002914BF402320238DF8073087
:10BA78000DF1070201239321FFF79BFD03B05DF849
:10BA880004FB10B5002304461A46C121FFF791FDB7
:10BA9800236820469B69BDE810404621184708B531
:10BAA800FFF785FE80B208BD07B50023ADF8043066
:10BAB80001AA02230721FFF77CFD03B05DF804FB10
:10BAC80007B5130C8DF8053052BA04238DF804100D
:10BAD800ADF8062097210DEB0302FFF76AFD03B0CE
:10BAE8005DF804FB08B50A4640F6AC01FFF7D2FD45
:10BAF80008BD10B540F6D8010446FFF700FE40F037
:10BB08001E02D2B240F6D8012046FFF7C3FD10BD91
:10BB180008B50A4640F6E701FFF7BCFD08BD00007E
:10BB280007B5054B019304230DEB03029521FFF79D
:10BB380040FD03B05DF804FB0407000107B50223CC
:10BB48008DF804108DF80520982101AAFFF731FD22
:10BB580003B05DF804FB000013B504461C48B0FBB5
:10BB6800F1F1080C8DF80000080A8DF8010004981E
:10BB78008DF803208DF804308DF80210F4F742FC9C
:10BB880011A3D3E90023F4F7E1FDF4F7C7FE030C92
:10BB98008DF8053043BA6A46ADF8063020460823CA
:10BBA8008B21FFF706FD40F689012046FFF7A7FD28
:10BBB80040F00402D2B240F6890120468DF80020F8
:10BBC800FFF768FD02B010BD000000008084EE3F62
:10BBD8000000093D1FB58DF807309DF818308DF825
:10BBE80008309DF81C308DF809309DF820308DF80C
:10BBF8000A309DF824308DF80B3049BA9DF828306A
:10BC0800ADF804108DF806208DF80C3001AA092330
:10BC18008C21FFF7CEFC05B05DF804FB07B50023C7
:10BC280049BAADF80010ADF8023001936A4608230E
:10BC38004FF4D861FFF703FD03B05DF804FB13B5BB
:10BC480003230C4601AA1421FFF7D7FC9DF8063000
:10BC58005B085B42238002B010BD0000C0F3C753ED
:10BC68007F3B162B10B5014614DC002B07DA013395
:10BC780000F0004101D141F07E51084610BD084A4C
:10BC88001A411042F9D04FF480011941014421EAC8
:10BC98000201F2E7802BF0D1F4F766FE0146ECE7EB
:10BCA800FFFF7F00884210B501EB020402D98442ED
:10BCB800234607D8431EA14208D011F8012B03F8E8
:10BCC800012FF8E7024401468A4200D110BD13F85B
:10BCD800014D02F8014DF7E702440346934200D1B3
:10BCE800704703F8011BF9E710B5024614781346AC
:10BCF8000132002CFAD1013B11F8012B03F8012F76
:10BD0800002AF9D110BDC9B20346184613F8012B11
:10BD180012B18A42F9D17047002918BF0020704734
:10BD280010B56AB10139841810F8012B11F8013FD8
:10BD38009A4203D1A04201D0002AF5D1D01A10BDF1
:10BD48001046FCE770B50D4D0D4C641BA410002681
:10BD5800A64209D10B4D0C4C00F02EF8641BA41020
:10BD68000026A64205D170BD55F8043B9847013618
:10BD7800EEE755F8043B98470136F2E7CCDD0008BA
:10BD8800CCDD0008CCDD0008D4DD0008034611F83E
:10BD9800012B03F8012B002AF9D170470A4491427C
:10BDA80000F1FF3300D1704710B511F8014B03F8CB
:10BDB800014F9142F9D110BDF8B500BFF8BC08BCDD
:10BDC8009E467047F8B500BFF8BC08BC9E46704751
:10BDD80018120C1801010119190119190106060197
:10BDE8000606010303010303010202010202011214
:10BDF8000C01120C00206C0002206A006D00770014
:10BE0800020501020201000000000000010000001C
:10BE1800020000006D696E2C00206D572C00322E38
:10BE28003447003931354D003836384D0034333316
:10BE38004D003730636D003836364D004455414C5F
:10BE4800003F003530487A003331487A00313948AC
:10BE58007A00464C52430046534B003139487A37F2
:10BE68007800011F136F011300D57FAAFE2B8154A0
:10BE780029FC5683D702A87D52872DF8AC79D306C2
:10BE88007BAE04D18550FA2FA471DB0E5A8F25F0B2
:10BE98008D58F22773A60CD9F623895C08DD77A2A2
:10BEA800DF0AA07521F45E8B9D48E23763B61CC992
:10BEB800B461CB1E4A9F35E0CF1AB06531E44E9B82
:10BEC800E633994C18CD67B239EC4693C712B86D72
:10BED80010C56FBAEE3B91446BBE14C19540EA3F62
:10BEE80042973DE8BC69C316EF3A904511C46EBB52
:10BEF800C613B96C38ED4792BD68C21743963CE942
:10BF08009441EB3E6ABF15C04B9E34E1B560CA1F31
:10BF180062B71DC89C49E33619CC66B3E732984D21
:10BF280030E54F9ACE1BB16472A70DD88C59F32611
:10BF38005B8E24F1A570DA0F20F55F8ADE0BA17401
:10BF480009DC76A3F722885DD603A97C28FD5782F1
:10BF5800FF2A805501D47EAB8451FB2E7AAF05D0E1
:10BF6800AD78D20753862CF96162636465666768A9
:10BF7800696A6B6C6D6E6F707172737475767778B1
:10BF8800797A303132333435363738395F232D2ECC
:10BF9800000001000100020002000200030004008A
:10BFA8000500060008000A000C0010001400190023
:10BFB8002000280032003F00500064007D009E00F1
:10BFC800C800FA003C019001F40176022003E8035E
:10BFD800E204DC05D00700000000000000000000BB
:10BFE800CD1900080000000000000000D919000861
:10BFF8000000000000000000B5190008000102045C
:10C00800050301020001020503046D6C72732E30F2
:10C018000053657475705374617274537478345234
:10C028007800536574757053746172744D61726BE6
:10C0380065720021656E64210044495920453737EF
:10C0480020453232204475616C42616E64006D4C4B
:10C05800525301020304006D4C52530403020100C1
:10C068000A0040504152414D2F706172616D2E702F
:10C07800636B006661696C20610020005378206E54
:10C088006F74206F6B00537832206E6F74206F6B63
:10C09800002E00000000000000000000E52200085B
:10C0A800FD220008A12B0008CD2B0008EB2B00086F
:10C0B80029270008251B0008F11B000800000000C4
:10C0C80000000000251F0008111F0008AF2C000801
:10C0D800D92C0008F72C0008C9270008251B0008E0
:10C0E800071C00080000000000000000071B0008F3
:10C0F800CF300008A52F0008E52E0008BB2E000849
:10C108001D1C0008492F0008391C0008152F0008BD
:10C118005D1C00080000000000000000071B00086C
:10C12800091B00080B1B00080D1B0008111B000849
:10C13800131B0008171B00081B1B00081D1B000809
:10C14800211B00080000000000000000DB5100086F
:10C15800795200085D5200083D52000800000000B6
:10C1680000000000071B0008791C00080B1B0008D2
:10C178000D1B0008697E0008E57E00081D660008A2
:10C188008D6600081D1B0008211B0008414E474C06
:10C198004500484F52495A4F4E004E415620414C97
:10C1A80054484F4C440048454144494E4720484F65
:10C1B8004C440048454144465245450048454144A1
:10C1C80041444A0043414D53544142004E41562098
:10C1D800525448004E415620504F53484F4C44004B
:10C1E8004D414E55414C00424545504552004C4545
:10C1F8004453204F4646004C4947485453004F5338
:10C2080044204F46460054454C454D45545259002C
:10C218004155544F2054554E4500424C41434B42E2
:10C228004F58004641494C53414645004E4156201F
:10C23800575000414952204D4F444500484F4D4505
:10C2480020524553455400474353204E415600461B
:10C25800505620414E474C45204D495800535552A1
:10C268004641434500464C415045524F4E005455B7
:10C27800524E20415353495354004E4156204C418D
:10C28800554E434800534552564F204155544F543C
:10C2980052494D0043414D45524120434F4E54525F
:10C2A8004F4C20310043414D45524120434F4E549D
:10C2B800524F4C20320043414D45524120434F4E8E
:10C2C80054524F4C2033004F534420414C5420319A
:10C2D800004F534420414C542032004F53442041D6
:10C2E8004C542033004E415620434F55525345205D
:10C2F800484F4C44004D43204252414B494E470061
:10C308005553455231005553455232005553455205
:10C3180033005553455234004C4F4954455220433D
:10C3280048414E4745004D5350205243204F5645F3
:10C3380052524944450050524541524D00545552BD
:10C34800544C45004E4156204352554953450041EF
:10C3580055544F204C4556454C205452494D005792
:10C368005020504C414E4E455200534F4152494E79
:10C3780047004D495353494F4E204348414E474586
:10C3880000424545504552204D555445004D554CA9
:10C3980054492046554E4354494F4E004D4958453F
:10C3A800522050524F46494C452032004D4958457D
:10C3B80052205452414E534954494F4E00414E4722
:10C3C8004C4520484F4C440047494D42414C204C75
:10C3D8004556454C2054494C540047494D42414C20
:10C3E800204C4556454C20524F4C4C0047494D4235
:10C3F800414C2043454E5445520047494D42414C1B
:10C408002048454144545241434B45520000800C5A
:10C41800D007B704C71B800CB7040410020A0B0628
:10C42800972304100B060000000000000000000025
:10C4380020D800082B130000F8D700080A000000D5
:10C448000000000000000000ECD700080300000016
:10C458000000000000000000800080FF00000100D4
:10C468000A000A000E0019001400640016009E005D
:10C478006162636465666768696A6B6C6D6E6F702C
:10C488007172737475767778797A303132333435DE
:10C49800363738395F232D2E0000000000070E09BB
:10C4A8001C1B1215383F363124232A2D70777E79CC
:10C4B8006C6B6265484F464154535A5DE0E7EEE9BC
:10C4C800FCFBF2F5D8DFD6D1C4C3CACD90979E99AC
:10C4D8008C8B8285A8AFA6A1B4B3BABDC7C0C9CE9C
:10C4E800DBDCD5D2FFF8F1F6E3E4EDEAB7B0B9BE8C
:10C4F800ABACA5A28F88818693949D9A2720292E7C
:10C508003B3C35321F18111603040D0A5750595E6B
:10C518004B4C45426F68616673747D7A898E87805B
:10C5280095929B9CB1B6BFB8ADAAA3A4F9FEF7F04B
:10C53800E5E2EBECC1C6CFC8DDDAD3D4696E67603B
:10C5480075727B7C51565F584D4A4344191E17102B
:10C5580005020B0C21262F283D3A33344E4940471B
:10C5680052555C5B7671787F6A6D64633E3930370B
:10C5780022252C2B0601080F1A1D1413AEA9A0A7FB
:10C58800B2B5BCBB9691989F8A8D8483DED9D0D7EB
:10C59800C2C5CCCBE6E1E8EFFAFDF4F300000000F9
:10C5A8003209000000000000010000007C2B0000A0
:10C5B8000000000002000000890C000000000000DC
:10C5C80004000000ED0E030C0D0000000500000043
:10C5D800D91C0100000000000600000068030000EC
:10C5E80000000000070000007720000000000000A5
:10C5F8000800000075240000000000000B00000087
:10C60800590601040000000014000000D6140302BB
:10C6180003000000150000009F0203000100000055
:10C6280016000000DC1900000000000017000000E0
:10C63800A8170304050000001800000018340000C3
:10C64800000000001900000017650000000000004D
:10C658001A000000AA180000000000001B000000DB
:10C66800901D0000000000001C00000043100000A6
:10C67800000000001D000000731000000000000012
:10C688001E000000271C0000000000001F00000022
:10C69800F63000000000000020000000B91C000077
:10C6A8000000000021000000681C000000000000DD
:10C6B80022000000ED16000000000000230000002A
:10C6C800F41600000000000024000000DE25000031
:10C6D8000000000025000000D40703040500000046
:10C6E80026000000090703040500000027000000D9
:10C6F800FE2603202100000028000000E6050302B2
:10C7080003000000290000001C04030203000000CD
:10C718002A0000001C120000000000002B0000008E
:10C7280084030300010000002C000000DD0903025F
:10C73800030000002D000000E803030001000000D2
:10C748002E0000000B020000000000002F00000077
:10C758009908030001000000300000002915010CB1
:10C768000000000031000000271400000000000055
:10C77800320000004E2503121300000033000000B1
:10C78800C405030203000000350000000305000093
:10C7980000000000360000000F1B031819000000FD
:10C7A8003700000003190000000000003D000000F1
:10C7B800A7480000000000003E000000B71A000073
:10C7C800000000003F00000077B5000000000000F6
:10C7D80040000000BFE10000000000004100000030
:10C7E800762A0000000000004200000094060302C0
:10C7F80003000000430000001504000000000000D2
:10C8080045000000F31E010A000000004600000079
:10C818007C26031011000000490000002626032092
:10C82800210000004A00000014140000000000006D
:10C838004B0000009E23031E1F0000004C00000058
:10C848009821031E1F0000004D0000008F0A0308F6
:10C8580009000000500000000E040302030000005D
:10C86800510000006A16000000000000520000009D
:10C878003133032425000000530000001625000072
:10C8880000000000540000008F3503323300000020
:10C89800550000008C330000000000005600000026
:10C8A80005350332330000005700000096330000BE
:10C8B8000000000059000000E71C00000000000014
:10C8C8005A000000B7380000000000005B000000BC
:10C8D8003F2A0000000000005C0000003621000034
:10C8E800000000005D0000002F5100000000000063
:10C8F80064000000AF220000000000006500000096
:10C908006675000000000000660000009E750000CB
:10C918000000000067000000D0390000000000009F
:10C928006800000038740000000000006900000082
:10C938005D3F0000000000006A0000008A2C000033
:10C94800000000006B0000006C41000000000000C7
:10C958006C000000205C0000000000006D0000007A
:10C96800B9090000000000006E00000054FE030139
:10C97800020000006F0000002212031011000000E6
:10C9880070000000AE0C0000000000007100000004
:10C998007C2700000000000072000000ED2C000061
:10C9A80000000000730000000440000000000000C8
:10C9B800740000004C180000000000007500000022
:10C9C800800603040500000076000000380E000011
:10C9D8000000000077000000740C030A0B00000040
:10C9E8007800000086610000000000007900000067
:10C9F800ED020300010000007A000000CB020300F2
:10CA0800010000007B000000FA7103000100000033
:10CA18007C00000057390000000000007D00000085
:10CA2800CB060000000000007E000000DC51034F30
:10CA3800500000007F0000001923000000000000E3
:10CA480080000000E22300000000000081000000D8
:10CA58002E18000000000000820000001D0D0000DC
:10CA68000000000083000000DFFF0000000000005D
:10CA78008400000055270000000000008500000029
:10CA8800061200000000000086000000E52B0000F0
:10CA98000000000087000000CB0800000000000034
:10CAA8008800000001160000000000008900000056
:10CAB800C3100000000000008A0000006D7800002C
:10CAC800000000008B000000A82B03292A000000AA
:10CAD8008C000000B5290000000000008D00000057
:10CAE8002F200000000000008E00000048F3000026
:10CAF800000000008F00000083100000000000000C
:10CB0800900000007F5D000000000000920000001F
:10CB18006764000000000000930000009A360000DF
:10CB28000000000094000000B24E00000000000069
:10CB380095000000C83C00000000000096000000BE
:10CB4800862A00000000000097000000DB080306AA
:10CB58000700000098000000D00800000000000056
:10CB680099000000BC0C0000000000009A000000C2
:10CB7800540F0306070000009B000000160D030475
:10CB8800050000009C0000001306030001000000DF
:10CB98009D000000150F030C0D0000009E00000012
:10CBA800860F030C0D000000A00000004E0C0308C7
:10CBB80009000000A1000000440303000100000078
:10CBC800A2000000BD09000000000000A300000052
:10CBD8007F1C000000000000A40000009A2C000048
:10CBE80000000000A5000000150300000000000080
:10CBF800A60000001509000000000000A7000000C2
:10CC08009016000000000000A8000000010C0000C1
:10CC180000000000A9000000EA1200000000000067
:10CC2800AA0000004922000000000000AB0000003C
:10CC3800B542000000000000AC00000016620000D1
:10CC480000000000AD0000005308000000000000D4
:10CC5800AE000000A730000000000000AF00000098
:10CC68008A13030E0F000000B0000000EA0303005F
:10CC780001000000B1000000F014000000000000F6
:10CC8800B20000002F18000000000000B3000000F0
:10CC9800BD1D011A00000000B4000000342F012A55
:10CCA80000000000B5000000AE0400000000000015
:10CCB800B6000000E528000000000000B7000000F2
:10CCC8005502030001000000B80000009FCE0304D5
:10CCD80005000000B9000000BA07030405000000C1
:10CCE800BA000000481D030001000000BF0000005A
:10CCF8005C1B000000000000C0000000243600009B
:10CD080000000000C1000000471A000000000000F9
:10CD1800C20000006221000000000000C300000003
:10CD28007825000000000000C8000000862A0328BB
:10CD380029000000C9000000CD0E030C0D00000002
:10CD4800D60000004508030607000000D7000000D1
:10CD58006503000000000000D80000003203030053
:10CD680001000000D9000000CA0600000000000011
:10CD7800DA0000001107030001000000DB000000DA
:10CD8800A202000000000000DC00000022200000D9
:10CD980000000000DD000000472A0000000000003D
:10CDA800DE0000000F03000000000000DF000000AC
:10CDB800772F032A2B000000E0000000662D032ACD
:10CDC8002B000000E1000000D04900000000000036
:10CDD800E2000000CF08000000000000E6000000AC
:10CDE800A32A000000000000E700000069280000F6
:10CDF80000000000E800000097410000000000006B
:10CE0800E900000023B6000000000000EA0000006E
:10CE18009628000000000000EB000000B32A000084
:10CE280000000000F10000005A200000000000008F
:10CE3800F2000000683C000000000000F300000061
:10CE4800553D013400000000F40000005F060000BA
:10CE580000000000F5000000820200000000000051
:10CE6800F6000000B826000000000000F7000000EF
:10CE78005113000000000000F800000008FE030342
:10CE880004000000F9000000CC24000000000000AD
:10CE9800FA000000311E000000000000FB00000046
:10CEA800AA12000000000000FC0000002C12000084
:10CEB80000000000FD0000005336000000000000E4
:10CEC800FE0000002E090000000000000001000024
:10CED800472A030809000000010100008309000037
:10CEE8000000000002010000BBE803000100000090
:10CEF800030100005CED00000000000004010000D8
:10CF0800920E00000000000005010000B33D000083
:10CF180000000000060100000C17000000000000DF
:10CF28000701000085FF0000000000000801000064
:10CF38003120000000000000090100001A14000060
:10CF4800000000000A010000C1FF03020300000006
:10CF58000B01000023FF0302030000000C01000086
:10CF68000E040302030000000D0100006DD700004D
:10CF7800000000000E0100003B140000000000004B
:10CF88000F0100001635000000000000130100002A
:10CF98007E20000000000000140100001232000092
:10CFA80000000000150100003E1E00000000000007
:10CFB80018010000462100000000000019010000CF
:10CFC800300D0000000000001A0100007B23032040
:10CFD800210000001B0100004A9100000000000031
:10CFE8001C0100006320031E1F0000001D0100003B
:10CFF80089310326270000001E010000D2390332C0
:10D00800330000001F010000011703141500000081
:10D01800200100001417031415000000220100006D
:10D02800FB2E000000000000230100000A39000068
:10D038000000000024010000E3DF031819000000CD
:10D0480027010000EA0C0000000000002801000091
:10D0580032230000000000002B01000013620000D2
:10D06800000000002C010000D9160000000000009C
:10D078002D010000F33A0000000000003601000016
:10D088001C11000000000000370100005F74000060
:10D098000000000040010000F31403020300000038
:10D0A8004101000058020300010000004201000095
:10D0B800F395000000000000430100004E930300B8
:10D0C80001000000440100008492000000000000FC
:10D0D8004A01000017A70000000000004B010000F3
:10D0E8005BE90000000000004C010000ECEF0000CC
:10D0F800000000004D010000E76D00000000000086
:10D108004E010000480A0000000000004F01000026
:10D11800E11800000000000050010000F554000074
:10D128000000000053010000C705000000000000D7
:10D13800540100006346000000000000590100008F
:10D14800D1150302030000005E010000E8FC0000A6
:10D158000000000062010000D20E030C0D00000068
:10D1680063010000060C00000000000068010000D8
:10D178000B19000000000000690100005D2100009B
:10D188000000000071010000971800000000000076
:10D19800720100004B6D00000000000073010000E8
:10D1A8000A1A000000000000740100001A8C000038
:10D1B8000000000075010000752A00000000000052
:10D1C80077010000FB8C00000000000078010000DF
:10D1D800C7080000000000007C010000E8140000FF
:10D1E8000000000081010000938503020300000095
:10D1F8008201000084100304050000008301000080
:10D2080004480304050000008401000008250320E9
:10D2180021000000860100009CF0000000000000D2
:10D228008B01000000D40000000000008C01000009
:10D2380032A00000000000008D010000B66C000064
:10D2480000000000900100006EFE030405000000CD
:10D2580091010000B7060304050000009A010000D0
:10D26800A0350000000000009B0100006A030000D8
:10D27800000000009C0100002106030405000000D6
:10D288009D0100004D070304050000009E010000F9
:10D298006D100000000000009F010000A1100000B8
:10D2A80000000000A4010000144903060700000064
:10D2B800B3010000862E000000000000B401000049
:10D2C800C109000000000000B50100001E010000B7
:10D2D80000000000B8010000422300000000000028
:10D2E800B9010000A911000000000000FE010000C3
:10D2F800F56A000000000000FF0100001C47000064
:10D308000000000000020000B80200000000000059
:10D31800421F0000DA10000000000000431F000058
:10D32800E729000000000000441F0000AC62000074
:10D3380000000000451F0000FB2600000000000060
:10D34800461F0000610E000000000000471F00009B
:10D358004020000000000000481F0000EA210000F3
:10D3680000000000491F00009010000000000000AD
:10D378004A1F00009B290000000000004B1F00000E
:10D3880014660000000000004C1F0000361000006A
:10D39800000000004D1F0000DE2E0000000000000D
:10D3A8004E1F0000C80E0000000000004F1F0000C4
:10D3B8001718000000000000501F00009512000020
:10D3C8000000000028230000718900000000000010
:10D3D8002D23000075220000000000001127000026
:10D3E800D11400000000000012270000BA29000034
:10D3F80000000000132700000401000000000000E6
:10D40800142700008509000000000000152700000F
:10D41800670900000000000016270000C104000092
:10D42800000000001727000047110000000000005E
:10D4380018270000F00E000000000000A7270000D9
:10D44800C355000000000000F82A000086340304D9
:10D4580005000000F92A00000F8800000000000005
:10D46800FA2A0000EAB4030405000000FB2A0000C1
:10D478004005000000000000FC2A00000BE803083B
:10D4880009000000FD2A00005DE600000000000021
:10D49800022B00002E31000000000000032B0000CA
:10D4A8006A2C0000000000000C2B0000CD100000CA
:10D4B80000000000162B0000902C00000000000067
:10D4C800172B0000852C000000000000182B00001E
:10D4D800552C000000000000192B0000C325031084
:10D4E800110000001A2B00004F050000000000008A
:10D4F8001B2B000080080304050000001C2B000003
:10D50800B1220000000000001D2B0000821C00005A
:10D51800000000001E2B00002F2600000000000065
:10D528001F2B00008E09000000000000202B0000C7
:10D53800842C000000000000212B0000D02C0000EB
:10D5480000000000222B0000C92C00000000000091
:10D55800232B0000C12C000000000000242B000039
:10D56800BD2C000000000000342B0000A24E00007B
:10D578000000000064320000722C0300010000006B
:10D5880065320000FE3B031E1F00000066320000EB
:10D598008C3503040500000067320000F92E0300F3
:10D5A80001000000683200004D36031C1D00000019
:10D5B80069320000312B03000100000073320000C3
:10D5C8005EF9030001000000763200008B33000092
:10D5D800000000007732000007120310110000005D
:10D5E80078320000140500000000000068420000C6
:10D5F80067B3000000000000FE4200001A2100008E
:10D6080000000000FF420000481000000000000079
:10D618000143000013110000000000000243000055
:10D628005911000000000000034300001B0A00001D
:10D6380000000000044300000E5B00000000000032
:10D6480005430000BB540000000000000643000032
:10D658006A1800000000000010A40000E3010000A8
:10D668000000000011A40000EF2E000000000000E0
:10D6780051C30000F62000000000000052C3000063
:10D68800B5F600000000000053C300003E13000080
:10D698000000000054C30000F00A0308090000005D
:10D6A80055C30000980603040500000020CB0000C5
:10D6B8000D6400000000000021CB0000EF01000015
:10D6C8000000000015CD0000F0110000000000006F
:10D6D80016CD0000584E00000000000017CD0000D5
:10D6E800605500000000000018CD0000B11C0000CB
:10D6F8000000000019CD0000D73200000000000033
:10D7080078CD0000B52603202100000079CD000067
:10D71800662400000000000060EA000004160314FC
:10D72800150000006AEA0000D02100000000000097
:10D738006BEA0000B7070000000000006CEA000078
:10D7480063240320210000006DEA000081180314FF
:10D75800150000006EEA00008608030405000000BA
:10D7680074EA0000CA0400000000000088EA000013
:10D778009CF500000000000089EA0000BFFF0000DF
:10D78800000000008DEA00000E17030203000000ED
:10D798008EEA0000AB1C0308090000008FEA0000B5
:10D7A800370700000000000091EA0000610C00004B
:10D7B8000000000092EA0000DC0E000000000000FB
:10D7C80093EA0000F51800000000000094EA000049
:10D7D800652C00000000000095EA00002D060000FE
:10D7E800000000008FC2151B51B81E1B14AE171B7A
:10D7F8006666F435CCCCFC353333053699990D364D
:10D808000000163666661E36CCCC263633332F36E5
:10D8180099993736000040366666663800007038D9
:10D828009999793833338338CCCC8C3866669638F6
:10D838000000A0389999A9383333B338CCCCBC3818
:10D848006666C6380000D0389999D9383333E3383A
:10D85800CCCCEC386666F63800000039999909395D
:10D8680033331339CCCC1C3966662639000030397D
:10D878009999393933334339CCCC4C3966665639A2
:10D88800000060399999693933337339CCCC7C39C4
:10D898006666863900009039999999393333A339E6
:10D8A800CCCCAC396666B6390000C0399999C9390B
:10D8B8003333D339CCCCDC396666E6390000F0392D
:10D8C8009999F9390000891112239B322446AD57E2
:10D8D8003665BF74488CC19D5AAFD3BE6CCAE5DBB0
:10D8E8007EE9F7F88110080193331A22A5562C47D0
:10D8F800B7753E64C99C408DDBBF52AEEDDA64CB90
:10D90800FFF976E802218B30100299132667AF766B
:10D918003444BD554AADC3BC588ED19F6EEBE7FA6F
:10D928007CC8F5D983310A2091121803A7772E668F
:10D93800B5543C45CBBD42ACD99E508FEFFB66EA4F
:10D94800FDD874C904428D5316619F702004A9152F
:10D958003227BB364CCEC5DF5EEDD7FC6888E1992F
:10D968007AABF3BA85520C4397711E60A11428054F
:10D97800B3373A26CDDE44CFDFFD56ECE99860890F
:10D98800FBBB72AA06638F7214409D512225AB34EB
:10D998003006B9174EEFC7FE5CCCD5DD6AA9E3B8EF
:10D9A800788AF19B87730E6295501C41A3352A240F
:10D9B800B1163807CFFF46EEDDDC54CDEBB962A8CF
:10D9C800F99A708B088481951AA793B62CC2A5D3AF
:10D9D8003EE1B7F04008C919522BDB3A644EED5FBF
:10D9E800766DFF7C899400859BB712A6ADD224C3BF
:10D9F800BFF136E0C1184809D33B5A2AE55E6C4F9F
:10DA0800F77D7E6C0AA583B4188691972EE3A7F25A
:10DA18003CC0B5D14229CB38500AD91B666FEF7E7E
:10DA2800744CFD5D8BB502A499961087AFF326E27E
:10DA3800BDD034C1C3394A28D11A580BE77F6E6E5E
:10DA4800F55C7C4D0CC685D71EE597F42880A1911E
:10DA58003AA3B3B2444ACD5B5669DF78600CE91D3E
:10DA6800722FFB3E8DD604C79FF516E4A99020813E
:10DA7800BBB332A2C55A4C4BD7795E68E11C680D1E
:10DA8800F33F7A2E0EE787F61CC495D52AA1A3B0DA
:10DA98003882B193466BCF7A5448DD59622DEB3CFE
:10DAA800700EF91F8FF706E69DD414C5ABB122A0FE
:10DAB800B9923083C77B4E6AD5585C49E33D6A2CDE
:10DAC800F11E780FA08601000B19000050C300005A
:10DAD8001000041000005B0101000000B01D0000F0
:10DAE80096FF00000506010C015B00009033000062
:10DAF80091FF00000606010C015B000020580000A1
:10DB080090FF000041C300080000000094C1000815
:10DB1800010200009AC1000802030000A2C1000827
:10DB280003040000AEC1000805050000BBC10008E1
:10DB380006060000C4C1000807FF0000CCC10008A9
:10DB480008FF0000D4C100080A070000DCC1000873
:10DB58000B080000E8C100080C090000EFC100082C
:10DB68000DFF0000F6C100080FFF0000FFC100080C
:10DB780010FF000006C2000813FF00000EC20008D4
:10DB880014FF000018C20008150A000022C200088D
:10DB98001AFF00002BC200081B01000034C2000855
:10DBA8001C0B00003BC200081D0C000044C200080A
:10DBB8001EFF00004FC200081FFF000057C20008E8
:10DBC80020FF000065C2000821FF00006DC20008A8
:10DBD800220D000076C20008230E000082C2000851
:10DBE800240F00008DC2000825FF00009CC2000819
:10DBF80027FF0000ADC2000828FF0000BEC20008D1
:10DC080029FF0000CFC200082AFF0000D9C200087F
:10DC18002BFF0000E3C200082CFF0000EDC2000843
:10DC28002D100000FDC200082EFF000008C30008E8
:10DC38002FFF00000EC3000830FF000014C30008C7
:10DC480039FF00001AC300083AFF000020C300088B
:10DC580031FF00002EC3000832FF00003EC3000859
:10DC680033FF000045C30008341100004CC300080E
:10DC78003512000057C3000836FF000067C30008CC
:10DC880037FF000072C30008381300007AC3000889
:10DC98003BFF000089C300083CFF000095C3000853
:10DCA8003DFF0000A4C300083EFF0000B4C3000805
:10DCB8003FFF0000C5C3000840140000D0C300089F
:10DCC80041FF0000E2C3000842FF0000F4C300085F
:10DCD80043FF000002C4000844FF000000000000E9
:10DCE80000000000B1940008B3940008B79400083D
:10DCF800BB940008010000000300000005000000BC
:10DD08000100000001000000060000000A000000F9
:10DD180020000000020000000400000008000000CD
:10DD2800100000004000000080000000000100001A
:10DD380000020000000000000000000000000000D9
:10DD480000000000010000000200000003000000C5
:10DD580004000000A0860100400D0300801A0600A0
:10DD680000350C0040420F0080841E0000093D0071
:10DD780000127A000024F40000366E010048E80121
:10DD8800006CDC0200000000000000000000000041
:10DD98000000000001000000020000000400000074
:10DDA80006000000080000000A0000000C00000047
:10DDB800100000002000000040000000800000006B
:04DDC8000001000056
:08DDCC005D010008019400084C
:04DDD4003901000809
:10DDD80090BADCFE785634120A00000024C100080C
:10DDE800FFFF00006CC10008F4C0000800093D00F6
:08DDF800010000001000000012
:0400000508009E99B8
:00000001FF
