:020000040800F2
:10000000000001204DA2000837A2000839A2000814
:100010003BA200083DA200083FA20008000000002B
:1000200000000000000000000000000041A20008E5
:1000300043A200080000000045A2000847A20008F3
:100040009DA200089DA200089DA200089DA2000894
:100050009DA200089DA200089DA200089DA2000884
:100060009DA200089DA200089DA200089DA2000874
:100070009DA200089DA200089DA200089DA2000864
:100080009DA200089DA200089DA200089DA2000854
:10009000000000009DA20008E58500089DA2000860
:1000A0009DA200089DA200089DA200083D33000803
:1000B0009DA200089DA200089DA200089DA2000824
:1000C0009DA200089DA200089DA200089DA2000814
:1000D000192E0008C15400089DA200089DA2000826
:1000E0009DA200089DA200089DA200089DA20008F4
:1000F0009DA2000800000000000000009DA2000872
:100100009DA200089DA20008798500089DA2000814
:100110009DA200089DA200089DA200089DA20008C3
:100120009DA200089DA200089DA200089DA20008B3
:080130009DA200089DA2000839
:1001380010B5054C237833B9044B13B10448AFF319
:1001480000800123237010BD28000020000000005B
:1001580044C7000808B5034B1BB103490348AFF374
:10016800008008BD000000002C00002044C70008E3
:10017800034613F8012B002AFBD1181A01387047DF
:1001880081F0004102E000BF83F0004330B54FEA40
:1001980041044FEA430594EA050F08BF90EA020FAD
:1001A8001FBF54EA000C55EA020C7FEA645C7FEA40
:1001B800655C00F0E2804FEA5454D4EB5555B8BF63
:1001C8006D420CDD2C4480EA020281EA030382EAD4
:1001D800000083EA010180EA020281EA0303362D66
:1001E80088BF30BD11F0004F4FEA01314FF4801C39
:1001F8004CEA113102D0404261EB410113F0004F4B
:100208004FEA03334CEA133302D0524263EB430301
:1002180094EA050F00F0A780A4F10104D5F1200E9F
:100228000DDB02FA0EFC22FA05F2801841F10001FA
:1002380003FA0EF2801843FA05F359410EE0A5F1CE
:1002480020050EF1200E012A03FA0EFC28BF4CF0FF
:10025800020C43FA05F3C01851EBE37101F00045B5
:1002680007D54FF0000EDCF1000C7EEB00006EEBC2
:100278000101B1F5801F1BD3B1F5001F0CD349084C
:100288005FEA30004FEA3C0C04F101044FEA4452A3
:1002980012F5800F80F09A80BCF1004F08BF5FEA2A
:1002A800500C50F1000041EB045141EA050130BD0A
:1002B8005FEA4C0C404141EB0101013C28BFB1F51C
:1002C800801FE9D291F0000F04BF01460020B1FA67
:1002D80081F308BF2033A3F10B03B3F120020CDA3A
:1002E8000C3208DD02F1140CC2F10C0201FA0CF018
:1002F80021FA02F10CE002F11402D8BFC2F1200C7D
:1003080001FA02F120FA0CFCDCBF41EA0C01904032
:10031800E41AA2BF01EB0451294330BD6FEA04047B
:100328001F3C1CDA0C340EDC04F11404C4F1200266
:1003380020FA04F001FA02F340EA030021FA04F378
:1003480045EA030130BDC4F10C04C4F1200220FACF
:1003580002F001FA04F340EA0300294630BD21FA0D
:1003680004F0294630BD94F0000F83F4801306BFD3
:1003780081F480110134013D4EE77FEA645C18BFC7
:100388007FEA655C29D094EA050F08BF90EA020F5E
:1003980005D054EA000C04BF1946104630BD91EA56
:1003A800030F1EBF0021002030BD5FEA545C05D159
:1003B8004000494128BF41F0004130BD14F5800498
:1003C8003CBF01F5801130BD01F0004545F0FE410C
:1003D80041F470014FF0000030BD7FEA645C1ABF41
:1003E800194610467FEA655C1CBF0B46024650EA78
:1003F800013406BF52EA033591EA030F41F40021A4
:1004080030BD00BF90F0000F04BF0021704730B529
:100418004FF4806404F132044FF000054FF00001FE
:1004280050E700BF90F0000F04BF0021704730B5BF
:100438004FF4806404F1320410F0004548BF404294
:100448004FF000013EE700BF42004FEAE2014FEAE9
:1004580031014FEA02701FBF12F07F4393F07F4FC4
:1004680081F06051704732F07F4208BF704793F0C7
:100478007F4F04BF41F40021704730B54FF46074DA
:1004880001F0004521F000411CE700BF50EA0102DD
:1004980008BF704730B54FF000050AE050EA010286
:1004A80008BF704730B511F0004502D5404261EBF6
:1004B80041014FF4806404F132045FEA915C3FF437
:1004C800D8AE4FF003025FEADC0C18BF03325FEAD4
:1004D800DC0C18BF033202EBDC02C2F1200300FA85
:1004E80003FC20FA02F001FA03FE40EA0E0021FAAA
:1004F80002F11444BDE600BF70B54FF0FF0C4CF498
:10050800E06C1CEA11541DBF1CEA135594EA0C0F49
:1005180095EA0C0F00F0DEF82C4481EA030621EA84
:100528004C5123EA4C5350EA013518BF52EA0335BF
:1005380041F4801143F4801338D0A0FB02CE4FF071
:100548000005E1FB02E506F00042E0FB03E54FF0A1
:100558000006E1FB03569CF0000F18BF4EF0010E99
:10056800A4F1FF04B6F5007F64F5407404D25FEA95
:100578004E0E6D4146EB060642EAC62141EA555148
:100588004FEAC52040EA5E504FEACE2EB4F1FD0C8A
:1005980088BFBCF5E06F1ED8BEF1004F08BF5FEA08
:1005A800500E50F1000041EB045170BD06F00046BA
:1005B80046EA010140EA020081EA0301B4EB5C0467
:1005C800C2BFD4EB0C0541EA045170BD41F480115F
:1005D8004FF0000E013C00F3AB8014F1360FDEBF84
:1005E800002001F0004170BDC4F10004203C35DA60
:1005F8000C341BDC04F11404C4F1200500FA05F3E3
:1006080020FA04F001FA05F240EA020001F0004283
:1006180021F0004110EBD37021FA04F642EB0601F9
:100628005EEA430E08BF20EAD37070BDC4F10C0423
:10063800C4F1200500FA04F320FA05F001FA04F2E7
:1006480040EA020001F0004110EBD37041F10001D3
:100658005EEA430E08BF20EAD37070BDC4F12005DE
:1006680000FA05F24EEA020E20FA04F301FA05F246
:1006780043EA020321FA04F001F0004121FA04F2EE
:1006880020EA020000EBD3705EEA430E08BF20EABE
:10069800D37070BD94F0000F0FD101F000464000F8
:1006A80041EB010111F4801F08BF013CF7D041EA7A
:1006B800060195F0000F18BF704703F0004652007E
:1006C80043EB030313F4801F08BF013DF7D043EA4F
:1006D8000603704794EA0C0F0CEA135518BF95EA05
:1006E8000C0F0CD050EA410618BF52EA4306D1D18C
:1006F80081EA030101F000414FF0000070BD50EAAB
:10070800410606BF1046194652EA430619D094EA34
:100718000C0F02D150EA013613D195EA0C0F05D11E
:1007280052EA03361CBF104619460AD181EA030172
:1007380001F0004141F0FE4141F470014FF000002A
:1007480070BD41F0FE4141F4780170BD70B54FF0C5
:10075800FF0C4CF4E06C1CEA11541DBF1CEA135545
:1007680094EA0C0F95EA0C0F00F0A7F8A4EB050427
:1007780081EA030E52EA03354FEA013100F088801E
:100788004FEA03334FF0805545EA131343EA1263E7
:100798004FEA022245EA111545EA10654FEA00269C
:1007A8000EF000419D4208BF964244F1FD0404F555
:1007B800407402D25B084FEA3202B61A65EB0305B1
:1007C8005B084FEA32024FF480104FF4002CB6EB6E
:1007D800020E75EB030E22BFB61A754640EA0C00EE
:1007E8005B084FEA3202B6EB020E75EB030E22BF2E
:1007F800B61A754640EA5C005B084FEA3202B6EB6F
:10080800020E75EB030E22BFB61A754640EA9C002D
:100818005B084FEA3202B6EB020E75EB030E22BFFD
:10082800B61A754640EADC0055EA060E18D04FEABB
:10083800051545EA16754FEA06164FEAC30343EA5B
:1008480052734FEAC2025FEA1C1CC0D111F4801F28
:100858000BD141EA00014FF000004FF0004CB6E721
:1008680011F4801F04BF01430020B4F1FD0C88BFC0
:10087800BCF5E06F3FF6AFAEB5EB030C04BFB6EBCB
:10088800020C5FEA500C50F1000041EB045170BDBE
:100898000EF0004E4EEA113114EB5C04C2BFD4EBEB
:1008A8000C0541EA045170BD41F480114FF0000E6F
:1008B800013C90E645EA060E8DE60CEA135594EAEB
:1008C8000C0F08BF95EA0C0F3FF43BAF94EA0C0FEE
:1008D8000AD150EA01347FF434AF95EA0C0F7FF463
:1008E80025AF104619462CE795EA0C0F06D152EAB7
:1008F80003353FF4FDAE1046194622E750EA41069B
:1009080018BF52EA43067FF4C5AE50EA41047FF4AB
:100918000DAF52EA43057FF4EBAE12E74A0011D25D
:1009280012F5001211D20DD56FF47873B3EB625241
:100938000ED44FEAC12343F0004343EA505323FA4D
:1009480002F070474FF00000704750EA013002D1C2
:100958004FF0FF3070474FF00000704780F00040C4
:1009680002E000BF81F0004142001FBF5FEA41037F
:1009780092EA030F7FEA226C7FEA236C6AD04FEA7F
:100988001262D2EB1363C1BFD218414048404140C4
:10099800B8BF5B42192B88BF704710F0004F40F476
:1009A800000020F07F4018BF404211F0004F41F492
:1009B800000121F07F4118BF494292EA030F3FD05E
:1009C800A2F1010241FA03FC10EB0C00C3F1200371
:1009D80001FA03F100F0004302D5494260EB400000
:1009E800B0F5000F13D3B0F1807F06D340084FEA6B
:1009F800310102F10102FE2A51D2B1F1004F40EB60
:100A0800C25008BF20F0010040EA030070474900C7
:100A180040EB0000013A28BFB0F5000FEDD2B0FA64
:100A280080FCACF1080CB2EB0C0200FA0CF0AABF87
:100A380000EBC25052421843BCBFD0401843704725
:100A480092F0000F81F4000106BF80F4000001322B
:100A5800013BB5E74FEA41037FEA226C18BF7FEA02
:100A6800236C21D092EA030F04D092F0000F08BF44
:100A78000846704790EA010F1CBF0020704712F02B
:100A88007F4F04D1400028BF40F00040704712F16A
:100A980000723CBF00F50000704700F0004343F0CF
:100AA800FE4040F4000070477FEA226216BF084605
:100AB8007FEA23630146420206BF5FEA412390EAC8
:100AC800010F40F4800070474FF0000304E000BFBE
:100AD80010F0004348BF40425FEA000C08BF70476F
:100AE80043F0964301464FF000001CE050EA010233
:100AF80008BF70474FF000030AE000BF50EA010248
:100B080008BF704711F0004302D5404261EB410134
:100B18005FEA010C02BF84460146002043F0B64359
:100B280008BFA3F18053A3F50003BCFA8CF2083A7E
:100B3800A3EBC25310DB01FA02FC634400FA02FC87
:100B4800C2F12002BCF1004F20FA02F243EB02008E
:100B580008BF20F00100704702F1200201FA02FCF0
:100B6800C2F1200250EA4C0021FA02F243EB0200E3
:100B780008BF20EADC7070474FF0FF0C1CEAD05227
:100B88001EBF1CEAD15392EA0C0F93EA0C0F6FD0E8
:100B98001A4480EA010C400218BF5FEA41211ED0C6
:100BA8004FF0006343EA501043EA5111A0FB0131B2
:100BB8000CF00040B1F5000F3EBF490041EAD37187
:100BC8005B0040EA010062F17F02FD2A1DD8B3F103
:100BD800004F40EBC25008BF20F00100704790F072
:100BE800000F0CF0004C08BF49024CEA502040EAC4
:100BF80051207F3AC2BFD2F1FF0340EAC25070478A
:100C080040F400004FF00003013A5DDC12F1190FC7
:100C1800DCBF00F000407047C2F10002410021FA39
:100C280002F1C2F1200200FA02FC5FEA310040F151
:100C3800000053EA4C0308BF20EADC70704792F0CA
:100C4800000F00F0004C02BF400010F4000F013A02
:100C5800F9D040EA0C0093F0000F01F0004C02BFFD
:100C6800490011F4000F013BF9D041EA0C018FE76C
:100C78000CEAD15392EA0C0F18BF93EA0C0F0AD072
:100C880030F0004C18BF31F0004CD8D180EA010098
:100C980000F00040704790F0000F17BF90F0004F31
:100CA800084691F0000F91F0004F14D092EA0C0F13
:100CB80001D142020FD193EA0C0F03D14B0218BFA6
:100CC800084608D180EA010000F0004040F0FE40EC
:100CD80040F40000704740F0FE4040F44000704788
:100CE8004FF0FF0C1CEAD0521EBF1CEAD15392EA07
:100CF8000C0F93EA0C0F69D0A2EB030280EA010CF7
:100D080049024FEA402037D04FF0805343EA11118F
:100D180043EA10130CF000408B4238BF5B0042F1ED
:100D28007D024FF4000C8B4224BF5B1A40EA0C0092
:100D3800B3EB510F24BFA3EB510340EA5C00B3EBC4
:100D4800910F24BFA3EB910340EA9C00B3EBD10FB2
:100D580024BFA3EBD10340EADC001B0118BF5FEA04
:100D68001C1CE0D1FD2A3FF650AF8B4240EBC2502D
:100D780008BF20F0010070470CF0004C4CEA5020EE
:100D88007F32C2BFD2F1FF0340EAC250704740F43D
:100D980000004FF00003013A37E792F0000F00F02F
:100DA800004C02BF400010F4000F013AF9D040EAAD
:100DB8000C0093F0000F01F0004C02BF490011F441
:100DC800000F013BF9D041EA0C0195E70CEAD15339
:100DD80092EA0C0F08D142027FF47DAF93EA0C0F20
:100DE8007FF470AF084676E793EA0C0F04D14B0204
:100DF8003FF44CAF08466EE730F0004C18BF31F0B6
:100E0800004CCAD130F000427FF45CAF31F00043AF
:100E18007FF43CAF5FE700BF4FF0FF3C06E000BF48
:100E28004FF0010C02E000BF4FF0010C4DF804CD6B
:100E38004FEA40024FEA41037FEA226C18BF7FEA7B
:100E4800236C11D001B052EA530C18BF90EA010F7D
:100E580058BFB2EB030088BFC81738BF6FEAE1700C
:100E680018BF40F0010070477FEA226C02D15FEAA8
:100E7800402C05D17FEA236CE4D15FEA412CE1D014
:100E88005DF8040B704700BF844608466146FFE7DB
:100E98000FB5FFF7C9FF002848BF10F1000F0FBDBD
:100EA8004DF808EDFFF7F4FF0CBF012000205DF8B6
:100EB80008FB00BF4DF808EDFFF7EAFF34BF01203B
:100EC80000205DF808FB00BF4DF808EDFFF7E0FFD4
:100ED80094BF012000205DF808FB00BF4DF808ED25
:100EE800FFF7D2FF94BF012000205DF808FB00BF88
:100EF8004DF808EDFFF7C8FF34BF012000205DF86A
:100F080008FB00BF4FEA4002B2F1FE4F0FD34FF08B
:100F18009E03B3EB12620DD94FEA002343F000435E
:100F280010F0004F23FA02F018BF404270474FF00C
:100F38000000704712F1610F01D1420205D110F093
:100F4800004008BF6FF0004070474FF00000704746
:100F580042000ED2B2F1FE4F0BD34FF09E03B3EB1B
:100F6800126209D44FEA002343F0004323FA02F047
:100F780070474FF00000704712F1610F01D1420233
:100F880002D14FF0FF3070474FF00000704700BFAC
:100F98000022427082700122C270B1FA81F10222ED
:100FA80049090271032201704271704743788B42EC
:100FB8001FD0012941700AD0022910D0C1B90123DC
:100FC800C370817002230371032343717047037850
:100FD80043B1012383700223C3700023F3E703782E
:100FE800002BF6D0022383700023C3700123EAE7A5
:100FF800FEE7704782B00B88ADF800304B88ADF83B
:1010080002308B88ADF80430CB88ADF80630023951
:10101800431C053013F8012F0DF1080C0CEB4202AC
:10102800834232F8082C21F8022FF3D102B070471E
:1010380008448078704738B54FF07F33C0F8A03047
:1010480004464FF6FF737F220025A0F8A43080F8ED
:10105800A62080F8A950A0F8AA30AC3000F05CFDBA
:10106800A4F8B85038BD70B51146154604461E465A
:1010780000F0E9FC294604F1140000F0E4FC2946DC
:1010880004F1280000F0DFFC294604F13C0000F0E0
:10109800DAFC294604F1500000F0D5FC294604F199
:1010A800640000F0D0FC294604F1780000F0CBFC85
:1010B800294604F18C0000F0C6FC04F1AC0032466D
:1010C8004FF4FA734FF4FA6100F00CFD2046BDE8C6
:1010D8007040FFF7B0BF704700F0BCBC143000F0A0
:1010E800B9BC283000F0B6BC90F8A43013B990F918
:1010F800A000704790F9A100704790F8A43013B988
:1011080090F9A200704790F9A300704710B5044603
:1011180007F08AFC38B104F1140000F09FFC0128A4
:1011280038BF0120C0B210BD10B5044607F07CFCE2
:1011380038B104F1500000F091FC012838BF0120BB
:10114800C0B210BD4FF47A71AC3000F0ECBC002195
:10115800AC3000F0E8BC08B5AC3000F0F5FCB0F5F8
:101168007A7FA8BF4FF47A7020EAE07008BD10B506
:10117800044600F049FC04F1140000F045FC04F1B9
:10118800280000F041FC04F13C0000F03DFC04F1B3
:10119800500000F039FC04F1640000F041FC04F157
:1011A800780000F03DFC94F8B93013B1013B84F8A5
:1011B800B93010BD7F2807D0002807DA10F1800F5A
:1011C80006D04042C0B270470020704701207047E7
:1011D8007F20704710B1404240B270477F2070476F
:1011E8007F280FD010F1310F0EDA10F1780F0DDBD8
:1011F8007830FE2340B2584323304623B0FBF3F047
:10120800C0B27047FF207047FE207047002070472B
:101218007F2805D031B1002806DA4042C0B27047B5
:10122800FF207047FE207047002070477F2811D0AC
:1012380010F1310F10DA10F1780F10DB783040F22E
:10124800A96340B2584323304623B0FBF3F0AC30D7
:1012580080B270470020704740F255707047AC204C
:10126800704763289FBF40F2A96358433230642314
:101278009DBFB0FBF3F0AC3080B240F255707047C0
:101288004FF4F063A0F58060584340F2FF7390FB81
:10129800F3F000F5787080B27047FFF7F1BF4FF4B4
:1012A8009663A0F58060584340F2FF7390FBF3F01B
:1012B80000F2DC5080B27047A0F58060D0EB0010DF
:1012C80048BF033040F38F007047032812DD0C2815
:1012D80012DD0F2812DD122812DD162812DD19285A
:1012E80012DD1C2812DD1F2812DD2128CCBFFF20AB
:1012F8000620704700207047012070470220704781
:101308000820704703207047072070470420704763
:101318000520704705289ABF014B185CFF207047CD
:10132800EEC700087F281ABF4042C0B200207047AD
:101338007F2811D010F1320F10DA884210DD401AE0
:101348006423C1F1FF21584301F57F01CE313130CB
:1013580090FBF1F0C0B27047FF20704764207047DF
:1013680000207047014B4840185C7047F4C70008DC
:1013780052B110B4054C0A4411F8013B58408A4256
:10138800205CF9D110BC7047704700BFF4C7000853
:10139800002805DB212805DC044B33F810007047D2
:1013A800002070474FF4FA60704700BF1EC900085C
:1013B800392808D822280ED9094B2338C0B2C3408F
:1013C80003F0010070475F2807D0613819288CBFE7
:1013D800002001207047002070470120704700BF9F
:1013E80001EC7F00F8B50246451E461D00245F2724
:1013F80015F8010FFF2804BF0134E4B2FFF7D8FF46
:1014080000B92F70AE42F3D1062C04D119B10B6884
:1014180013608B88938000239371F8BD2DE9F843FE
:10142800DFF83490471E441D012500264FF0280898
:1014380017F8011F08480BF028F9034610B1A0EB74
:101448000903DBB2A3FB05329E19A742A5FB08538B
:10145800EED13046BDE8F883F4C8000810B54179EC
:10146800A1F13000C3B2092B07D80523B0FBF3F371
:1014780003EB8303C01AC0B210BD044C20460BF026
:1014880004F90028F1D0001BC0B2EEE7F4C8000848
:1014980070B50446FEF76CFE02B20023551E18B262
:1014A800A84204FA83F104DA265C302E03F1010322
:1014B800F5D0121A01322046BDE870400BF0B4B8DE
:1014C8002DE9F047432B28BF432396B00C46154619
:1014D80000211A46984607460BF0C0F80021412221
:1014E80005A804910BF0BAF8DFF87C90DFF87CA02F
:1014F80004EB4505AC4210D104A8FEF739FE28B12B
:1015080000F158036B44002203F8492C04A938461B
:101518000BF0FEF816B0BDE8F08734F9020B47F679
:10152800FF739842E8D0002812DC514668460BF059
:10153800EFF804A8FEF71CFE06466846FEF718FEFC
:101548000644B045D6D3694604A80BF08FF8D1E716
:10155800694680B20AF0CAF96846FFF799FF49461A
:1015680068460BF083F8E4E7A5C70008A0C70008A1
:10157800F0B589B06D4600242F468E1CE1B28A4230
:1015880004D83946FFF79CFF09B0F0BD36F824109F
:1015980025F8021B0134F1E742F210736421B0FB15
:1015A800F3F203FB1200B0FBF1F301FB130000EBB5
:1015B800023000EB831080B27047020B00F03F034B
:1015C80042F2107101FB0233C0F38510642202FB62
:1015D8000030704770B50E460021054614460BF0E2
:1015E8003DF800239AB2944200D870BDF25C002AFC
:1015F800FBD0EA540133F5E7072914D8DFE801F0F6
:101608000407090B0D0F11110849FFF7E3BF08493B
:10161800FBE70849F9E70849F7E70849F5E7084902
:10162800F3E70849F1E70849EFE700BFAAC7000850
:10163800AFC70008B4C70008B9C70008BEC700088C
:10164800C3C70008C8C70008CDC70008052911D8B6
:10165800DFE801F00306080A0C0E0749FFF7BABFD6
:101668000649FBE70649F9E70649F7E70649F5E7BA
:101678000649F3E70649F1E7CFC70008D4C70008D1
:10168800D9C70008DEC70008E3C70008E7C7000895
:10169800CDC7000870B50E46144600210132054634
:1016A8000AF0DCFF00239AB2944200D870BDF25CC5
:1016B800002AFBD0EA540133F5E7914206D19DF99F
:1016C80000008342CCBF00200120704703290DD0C1
:1016D800032A09D0022909D0022A05D0012905D0F8
:1016E800531E5842584170470120704700207047E8
:1016F8007D23438043F2390309B2C360002301808C
:101708008180C38003727047C2680449044B01FB9F
:10171800023323F00043C360980F7047FD43030072
:10172800C39E260010B50129044680790ED80428E6
:1017380001D80130A071012AE0790BD8042801D81A
:101748000130E071032925D14B2319E00028F2D09C
:101758000138EFE708B10138E07103290AD1032AFB
:1017680018D19DF90820934208DC3ADA23885B42B5
:101778001BB205E002290DD1022AF1E7B4F90030C5
:1017880062881A4412B27C2A30DD7D2262800022EF
:1017980022722FE09142D7D825D3012910D1012AEE
:1017A8000ED1A279E3799A4208D302D96FF07C036B
:1017B800E6E72046FFF7A8FF0028F7D07D23DFE7FC
:1017C800B4F90400B4F900302288B4F902100028F2
:1017D80004DB7C29D4DD524213B2D1E77C31CFDB64
:1017E800F9E70023CCE76FF04A03C9E712F17C0F51
:1017F80002DB6280A38010BD4FF6837262800122F3
:10180800C6E7000002680449044B01FB023323F0D9
:1018180000430360180C7047FD430300C39E260075
:10182800F0B5002597B00160858004465622294608
:1018380068460AF013FF0126627CAA4209D80023F1
:10184800802104F1B400237417B0BDE8F0400AF019
:1018580005BF2046FFF7D6FFE7797B1B002190FBE9
:10186800F3F202FB1300C0B2EC460A46CBB29F4229
:101878001DD80023227B9A42DED0A279033A012A9E
:1018880004EB050105D925B191F91120D2B9012B35
:10189800D2D98B74A26852F82310583304EB85020E
:1018A8006B440135516303F8586CEDB2C4E71CF87A
:1018B80001EBBEF1000F03D18242DBD00132D2B27C
:1018C8000131D3E7501E8342E3DB01329342E0DC6F
:1018D800B2E700002DE9F04F154697B0013D0160D1
:1018E800027104464371EDB25622002168469946BA
:1018F80000270AF0B3FE022D84BF4FF0010A00252D
:101908003E4694F807809CBF4FF0030AB8FBFAF8EC
:10191800627CB24209D80023802104F1B400237408
:1019280017B0BDE8F04F0AF099BE2046FFF76AFFEE
:10193800A8EB060390FBF3F202FB13030020DBB2D3
:10194800EC460246C1B2884506D91CF801EBBEF147
:10195800000F1BD19A4217D1414528BF4146227B2F
:1019680001FB0A5303F0FF039A42D1D0A0680FFA93
:1019780083FC09F1FF3E50F82C20BEF1030F0DD86F
:10198800DFE80EF0062124270132D2B20130D9E770
:10199800DFF860E09644184A9645B9D916B10FBBEE
:1019A8000129B5D9A2190F46937404EB860350F8A0
:1019B8002C205A6301F1580301226B44164403F8A2
:1019C800582CF6B2A4E7DFF834E0E3E7DFF830E0BC
:1019D800E0E7A2F53D02DFF82CE0A2F59D42443A8B
:1019E8007245DAE77A1E9142DCDB7A1C9142D9DC37
:1019F8008EE700BFC54E47FF3BB10100776245FF48
:101A0800287643FF3CB10100D0E901236421D31AB1
:101A1800C36082604B43418AB3FBF1F303747047A0
:101A2800D0E90123D31AC0E90223704743682BB1D8
:101A3800C26864214A43B2FBF3F2D3B203740023B1
:101A4800C360436070470023C0E9023341824360AA
:101A5800037470474368013343607047007C7047E4
:101A680043680B4443607047072800D9FEE7014BE1
:101A7800185C704788C90008052800D9FEE7014BA3
:101A8800185C704790C900080023C0E90133C3609F
:101A980003747047F0B5047C0360012C11D94468C5
:101AA8008568C668141B4FF47A774D1B7C4305FB89
:101AB80016442B4494FBF3F33344C360C0E901217B
:101AC800F0BD1CB9C46001230374F7E743684FF401
:101AD8007A74D31A634384680C1B93FBF4F3C360D2
:101AE8000223F1E72DE9F041044610461D4616464B
:101AF8008846FEF7E9FF074606EB0800FEF7E4FF15
:101B080001463846FFF7ECF8656020602846FEF786
:101B1800DFFFA060BDE8F08110B504464068FEF71D
:101B2800D7FFA06010BD38B5856804460846FEF7A3
:101B3800CFFF2946FEF716FF2168FFF71DF8294653
:101B4800FEF712FFA06038BD08B54FF07C518068E1
:101B5800FEF70AFFFFF7D6F908BD704770477047D0
:101B6800002070477047002070470020704770477A
:101B78000020704700207047704770474FF0B0430F
:101B880082B0DA6C0243DA64DB6C03400193019B98
:101B980002B070474FF0B04382B09A6D02439A6525
:101BA8009B6D03400193019B02B070474FF0B04317
:101BB80082B01A6E02431A661B6E03400193019BA2
:101BC80002B0704750E8003F23F0800340E800323D
:101BD800002AF7D1704700000288044B5140C9B26F
:101BE80033F8113083EA12230380704784E3000836
:101BF8009AB110B4B0F800C0084C0A4411F8013B7F
:101C080083EA0C03DBB2914234F8133083EA1C2CCC
:101C1800A0F800C0F2D110BC7047704784E30008F8
:101C280037B54FF6FF730446ADF806304518AC4299
:101C380003D1BDF8060003B030BD14F8011B0DF147
:101C48000600FFF7C9FFF2E71629A8BF16216FF0B3
:101C580008008142B8BF0146117019707047000032
:101C6800044B1888044B1B8880B29BB2C01A18BF5B
:101C7800012070478429002082290020044A00237B
:101C88001380044A1380044A1380044A138070475F
:101C98008229002084290020862D0020882D0020FC
:101CA800002070470278024B51405B5C037070471C
:101CB80028CE0008FF230370704700BF704770B537
:101CC8000B7803704B7843700B78FD2B05460C4658
:101CD80038D18B788370CB78C3700B7903714B79CB
:101CE80043718B7983718B68C3718B68C3F30F233E
:101CF80003728B7A43720A26627804F10C01A819E0
:101D08000AF00EFD6378B4F80C213344981CEA54A9
:101D18005A1CB4F80C1192B2090AA954A278D20735
:101D280080B20ED504F58872054404F58E7452F815
:101D3800041B45F8041BA242F9D112782A700F330C
:101D480098B270BD00238B700B7983704B79C37088
:101D58008B7903718B6843710626CDE701F0030385
:101D68009B0003F1804303F5803310B59C680A0C8F
:101D780024EA114192FAA2F2B2FA82F202F00F02B8
:101D880090400843986010BD08B52C2203480021F4
:101D98000AF064FC024B00221A7008BD600600209D
:101DA800300300202DE9F0411378037092F8018088
:101DB80080F80180FD2B04460F46154654D19378D0
:101DC8008370D378C370137903715379437193790E
:101DD80083716B7A127A1B0403EB0223EA791344AA
:101DE80023F07F430A26A26863F31702A260A919A9
:101DF800424604F10C000AF093FC7A7B904507D226
:101E080008F10C00A2EB0802002120440AF026FC8D
:101E180063781E44AB195A78AB5D03EB0223A4F830
:101E28000C31A378DB070ED5023615FA86F304F5D4
:101E3800887203F10C0153F8040B42F8040B8B422F
:101E4800F9D11B781370BB7A84F82131FB7A84F8B6
:101E580022313B7B84F823317B7B84F824313B7827
:101E680084F82031BDE8F081002343809378037122
:101E7800D37843711379837153790626B3E7000049
:101E880070B50F4C0F4D0646062204F10A0105F500
:101E98008970FFF7FFFB237CC3F30302C3F303132B
:101EA80085F81A31637C85F81921C3F3030385F893
:101EB8001B31637ADB0744BF0223337370BD00BF55
:101EC8006D1F0020A800002070B50446BDF814500E
:101ED800E2702420237122461B0A20706371582067
:101EE8002B0AA1706070A57102F8073F049B59196D
:101EF8008B420CD16A1D92B2E11C0020FFF738FA20
:101F080005F10806A05505F1090080B270BD13F867
:101F1800010B02F8010FEBE70A4A0B4B12680B4959
:101F2800A3FB02323220920C00FB02F2084B4868F5
:101F380002F5FA72A3FB023292094B681B1A9A4205
:101F4800FBD870471C00002083DE1B43001000E014
:101F5800D34D621008B5FFF7DFFF024B04229A61E8
:101F680008BD00BF00040048024B04229A62FFF734
:101F7800D3BF00BF0004004802780A4B90F801C0A4
:101F88008178D243D2B29A5C82EA0C0290F803C0FC
:101F98009A5C4A40995C027981EA0C01595C4A4092
:101FA800985C704728CE0008F8B53C29BDF81C504D
:101FB800044635D0A1F12106714271414900D0078C
:101FC80048BF41F00801E37092074FEA13234FF02E
:101FD800240248BF41F01001227023716F222B0A9E
:101FE800A61C6270A170A37165713046FFF7C4FF2B
:101FF8002246069B02F8070F59198B4212D1A91DD8
:1020080089B23046FFF70CFE05F1080705F1090310
:102018009BB2E055000AE05405F10A0080B2F8BD11
:102028000121CCE713F8010B02F8010FE5E70000E6
:10203800074B084A5B6A02F5006353E8003F43F028
:10204800200302F5006040E800310029F3D1704711
:1020580000380140003001402DE9F04F0C4651880E
:10206800B1F58C7F85B0054611D300211170D91CBC
:10207800C9B2012995BF01210023518053809CBF1B
:102088002370117000232B7005B0BDE8F08F107815
:102098000E2800F28B8001A656F820F07720000861
:1020A800E12000080921000823210008B5210008C3
:1020B800B5210008B5210008B5210008B5210008A0
:1020C800B5210008B5210008B5210008B521000890
:1020D800B521000835210008481C50806354217838
:1020E800FD299BB206D10C330A21D38091800223AB
:1020F8001370C7E708330621D38091800E23F7E7D2
:10210800481C50806354D80742BFD1880D31D18014
:10211800012B8CBF00230323EAE7002B01F1010008
:102128005080635414BF00230E23E1E7481C5080FD
:1021380063545388D1888B4232D300235380137061
:1021480002232B7069802378FD2B35D163792B729C
:10215800A3796B72637A227A1B0403EB0223E27978
:1021680013446B60637803F10C026A80A278D1078C
:1021780001D519336B8000266968DFF8F0806E811D
:1021880040F285120C20B31801335B0800FB03F7FB
:1021980058F80770B94218D25A1EB242F3D816E05E
:1021A80092889A423FF66EAF01236CE700231370C2
:1021B80053809380D38066E7E3782B7223796B7220
:1021C80063796B6063780833D4E71E46E5D80C273B
:1021D800774358F80730994227D123782046FD2BBA
:1021E80010F801BF0CBF4FF00A094FF0060909EBC0
:1021F8000B03591E89B247440193FFF711FD97F865
:1022080004A0ADF80E0051460DF10E00FFF7E4FCF6
:10221800019BE218E35C527803EB0223BDF80E2021
:102228009BB29A4203D005232DE703232BE7BB7902
:10223800DA0706D5FA79934582BF04EB09018A5C6F
:10224800AA729B0709D50C2303FB068362781B7AC5
:102258009A4282BF4C44E35CEB720C2303FB068377
:1022680085F80CA05B796B730EE700BF28CF0008D8
:10227800F0B50546FD2305F80C3B85B004468DF8FE
:10228800043090F8243103F10C020244012B42D8A7
:102298000026637066808DF805308B7A23718DF87F
:1022A80008308B7AADF8066001338B7263798DF84C
:1022B8000930A3798DF80A30A368C3F317031A12FB
:1022C8008DF80B3009211B140DF105008DF80D3028
:1022D8008DF80C20FFF7A4FC6778ADF802003A46A9
:1022E80029460DF10200FFF783FC94F82311FFF74C
:1022F80073FC94F82421BDF80230A4F80C319742FD
:1023080010D207F10C00D21B3146204405B0BDE8BD
:10231800F0400AF0A3B912F8010D0028B8D1013B2A
:10232800DBB2B3E705B0F0BD044AD2F8903023F42D
:102338000043C2F89030FFF7EFBD00BF000400581B
:1023480008B5FFF7E9FD044AD2F8903043F400439A
:10235800C2F8903008BD00BF0004005807B50368F4
:102368008DF807101B6901220DF10701984703B08A
:102378005DF804FB70B5044608460D46FDF7F8FE07
:10238800236882B2294620461B69BDE87040184779
:10239800B0F1904F02D10120FFF7F0BB084B9842F3
:1023A80005D003F58063984203D10420F4E70220A6
:1023B800F2E7044B984201D18020EDE7704700BF57
:1023C80000040048001C00480C4B984203D14FF40D
:1023D8000060FFF7EBBBB0F1804F05D0084B984287
:1023E80005D14FF40030F4E70120FFF7D3BB054BCC
:1023F800984202D14FF48020EBE77047002C01404F
:1024080000440140004801402DE9F04387B00E46E2
:10241800054614460021142201A89DF838809DF82D
:102428003C901F460AF01AF900960B2C07D8DFE8F3
:1024380004F007070A121414141616161A1CFEE7DD
:102448000323019301E002230493032F11D8DFE84B
:1024580007F0111321110123F6E70123F1E7012306
:1024680001930393F1E70223EBE70223019301238E
:10247800F7E7FEE702230293B8F1100F0CD8DFE864
:1024880008F02D2D0C11131517191B1D1F212325BD
:1024980027292B000123EEE7FEE7012305930223FA
:1024A80001931EE00223F9E70323F7E70423F5E786
:1024B8000523F3E70623F1E70723EFE70823EDE712
:1024C8000923EBE70A23E9E70B23E7E70C23E5E712
:1024D8000D23E3E70E23E1E70F23DFE7B8F1000F51
:1024E800DDD1B9F1000F02D02846FFF751FF053CB6
:1024F800042C05D8DFE804F0030B04030B00AE62DC
:102508006946284608F062FD07B0BDE8F083AE6171
:10251800F6E713B54FF0010C0024CDE9004CFFF7A6
:1025280073FF02B010BD000030B587B00023154618
:102538000446ADF80630FFF747FF042D04D8DFE85E
:1025480005F02E3204363F00FEE71E4B1E4A1B687C
:10255800B3FBF2F39BB20022CDE90221013B01A9B2
:102568002046ADF804300492059208F07FFF2368F6
:1025780023F080032360A36823F4A03323F0070328
:10258800A360636823F070036360636823F47003D7
:102598006360A36823F08003A36007B030BD094BD4
:1025A8000A4A1B68D4E7074B094A1B68D0E7054B62
:1025B800064A1B68B3FBF2F303EB83035B00C9E72E
:1025C8000123C8E71C00002080A8120140420F0028
:1025D80000127A0010B50446FFF7A6FF236843F0FF
:1025E8000103236010BD00224FF0FF31FFF7F2BF57
:1025F800204B10B5204C5B68236007F04DFE4FF070
:10260800904008F0A5FC1D4808F0A2FC1C4808F002
:102618009FFC1C4809F0B8F81B4809F0B5F81B489E
:1026280008F0C6FE08F030FE4FF0E02200234FF01D
:10263800B0411361536193618A6822F0030242F04A
:1026480001028A6072B64FF0FF319A0002F16042CF
:1026580002F561420133082BC2F88010C2F88011DC
:10266800F3D162B6034B1B6883F308882368984745
:10267800FEE700BF0000FF1F2C03002000040048F5
:102688000008004800380140004400400030014084
:102698000749084A881AEFF30883521A1A44013A7C
:1026A800013B984288BF0022AA2109F0D7BF00BF8A
:1026B8000000012000040000044B5A69586910F01A
:1026C800020018BFC2F38000704700BF0004005822
:1026D8004FF0B042D2F8943043F40043C2F894303B
:1026E8004FF47A7300BF013B9BB2002BFAD14FF035
:1026F800B043D3F8942022F40042C3F89420D3F8CE
:1027080094205204FBD40C4BD3F8902022F40042BE
:10271800C3F890204FF47A7200BF013A92B2002AAF
:10272800FAD1D3F8902042F40042C3F890204FF435
:1027380000629A61704700BF0004005810B5032377
:10274800052240214FF09040FFF7E3FEBDE810401E
:102758000323052280214FF09040FFF7DABE08B529
:10276800FFF7AAFF003818BF012008BD08B5FFF71A
:10277800F6FF00B908BD00BFF9E74FF0904380228B
:102788009A6240229A6170474FF0904340229A62C1
:1027980080229A6170470000024B4FF480225A60F1
:1027A800704700BF00E100E010B5134C0323062278
:1027B80002214FF09040FFF7ACFE2046032302228F
:1027C8004FF48071FFF7A5FE03231A4601214FF04D
:1027D8009040FFF79EFE0323052210214FF0904002
:1027E800FFF797FE20460323BDE8104005224FF46B
:1027F8008051FFF78EBE00BF000400484FF09043A1
:10280800186900F00100704708B5FFF7F7FF00B935
:1028180008BD00BFF9E70000044B4FF480529A62EC
:102828004FF0904310229A61704700BF000400489F
:102838004FF0904310229A624FF48052C3F8182444
:102848007047000008B510490120FFF787FA0F4BC1
:10285800D3F8842022F48072C3F88420D3F880202F
:1028680022F48072C3F880205A6822F480725A6079
:102878001A6842F480721A60054BD02283F8162336
:102888004FF480021A6008BD02000F0000080058CB
:1028980000E100E0054B4FF48072DA60D3F8802045
:1028A80042F48072C3F88020704700BF00080058C7
:1028B800064B1A6822F001021A605A6822F40032A4
:1028C8005A601A6842F001021A60704700440040DA
:1028D800064B1A6822F001021A605A6842F4003264
:1028E8005A601A6842F001021A60704700440040BA
:1028F800002303224FF400414FF09040FFF709BE38
:102908004FF09043186980F40040C0F3C03070471E
:1029180010B5074C0023204605221021FFF7F9FDCA
:1029280020460023BDE8104005220821FFF7F1BD2D
:102938000004004805494B691A04DB4302F480127D
:1029480003F0100313438B61704700BF0004004875
:1029580005494B691A04DB4302F4002203F008031B
:1029680013438B61704700BF000400480C4BD3F839
:10297800FC2022F08072C3F8FC20D3F8FC2042F03F
:102988008072C3F8FC20A3F55D431A6822F00102A7
:102998001A601A6842F001021A6000225A607047F1
:1029A80000ED00E00649074B074A1B68B3FBF2F34A
:1029B80010B54C6843434A68121B9A42FBD310BDBA
:1029C800001000E01C00002040420F001FB5022349
:1029D800CDE9013101A801236946039307F0C6FD3B
:1029E80000280CBF0420052005B05DF804FB014653
:1029F80008B5012007F074FD00280CBF042005204D
:102A080008BD08B5FFF7E2FF031F5842584108BD4B
:102A180008B5FFF7ECFF031F5842584108BD0000F6
:102A28002DE9F047294B2A4D01280E46144629491D
:102A3800294A0FBF79277827AA461D4606BF884628
:102A48009A46904607F000FD39462846FFF7D9FF19
:102A580028B9002407F00AFD2046BDE8F087002EBB
:102A680008BF4FF4FC64073424F0070405F110078D
:102A7800B1463444AAEB050AA1450BD14FF01132F7
:102A88004FF0FF332846FFF7C3FF041E18BF012489
:102A9800A400DFE76EB90AEB0703D3E90023B3F11B
:102AA800FF3F08BFB2F1FF3F06D1083709F1080917
:102AB800E2E7D9E90023F2E7B84505D93846FFF738
:102AC800A7FF0028F1D1C4E70324C3E700C0030827
:102AD80000C80308FFCF0308FFC7030810B507F0B5
:102AE800B3FC09487821FFF78CFF044638B1074842
:102AF8007921FFF786FF041E18BF0124A40007F000
:102B0800B5FC204610BD00BF00C0030800C803087C
:102B180030B5084D002340F2EF749AB2914201D8C3
:102B2800042030BDA34203D05A5DC2540133F4E7F8
:102B38000320F6E710C0030838B504460D4672B600
:102B48000A4601460020FFF76BFF62B6042806D14B
:102B580072B601202A462146FFF762FF62B638BDE9
:102B680038B5124B1C68D3F80058B4F1113F09D19D
:102B7800B5F1113F17D0002211460120BDE83840B9
:102B8800FFF74EBFB5F1113F03D1002211461046A1
:102B9800F4E7FFF7A3FF042804D12C4001340CBF4D
:102BA8000220012038BD0420FCE700BF00C0030854
:102BB800044B9A689107FCD518739A68D207FCD51C
:102BC800187B70470000015870B50C46451E8E18DA
:102BD800B44200D170BD15F8010FFFF7E9FF04F802
:102BE800010BF5E7084611461A46FFF7EDBF00004E
:102BF80070B5064E04464518A54200D170BD307820
:102C0800FFF7D6FF04F8010BF6E700BF100000201D
:102C180008461146FFF7ECBF38B504464518AC42E4
:102C280000D138BD14F8010BFFF7C2FFF7E70846DB
:102C38001146FFF7F1BF000010B58CB02822002123
:102C480002A809F00BFD4FF0B0431C4C5A6E42F03D
:102C580001025A665B6E03F001030193019BFFF7C3
:102C680037FD082208924FF48272002303924FF432
:102C78000072CDE90533CDE90933029307920723A2
:102C88004FF4E06202A920460B93049208F0B4FBCB
:102C9800636823F010036360636823F008036360CC
:102CA800236843F040032360A3689B07FCD5237B7C
:102CB800034BFF221A700CB010BD00BF0000015872
:102CC80010000020034B18739A68D207FCD5187BB4
:102CD800704700BF0030014038B5441E8D18A94226
:102CE80000D138BD14F8010FFFF7ECFF01F8010B14
:102CF800F5E7084611461A46FFF7EEBF38B5064D08
:102D080004460144A14200D138BD2878FFF7DAFF14
:102D180004F8010BF6E700BF110000200846114631
:102D2800FFF7ECBF10B5014404468C4200D110BD3A
:102D380014F8010BFFF7C6FFF7E708461146FFF73F
:102D4800F1BF000030B58DB02E4C2822002102A81A
:102D580009F084FC4FF48050FEF728FF0421204638
:102D680003230622FFF7D5FB0423A36101250624CC
:102D7800CDE9004503230A2220214FF09040FFF7B8
:102D880043FBCDE9004503230A224FF480514FF05D
:102D98009040FFF739FB03231A46CDE900454FF46D
:102DA80000614FF09040FFF72FFB0822164C089265
:102DB8004FF48272002303924FF40072CDE9053379
:102DC800CDE909330293079207234FF4E06202A981
:102DD80020460B93049208F00FFB636823F010035E
:102DE8006360636823F008036360236843F040036B
:102DF8002360A3689B07FCD5237B044BFF221A7032
:102E08000DB030BD00040048003001401100002022
:102E18001B4B10B4DC69A00611D51A6891060ED5B3
:102E2800184819495A6A038809880133C3F30A0301
:102E380089B299421FBF1549D2B2CA5403801048BB
:102E48001F232206036215D503681B0612D5104BF3
:102E5800104A1988138889B29BB299420CD01388FA
:102E68000133C3F30903138013880B4A9BB2D35C65
:102E7800DBB2836210BC704710BCFEF7A3BE00BF74
:102E88000038014084290020822900208221002066
:102E9800882D0020862D0020862900200E490F4A03
:102EA8000B8812880133C3F3090392B29A4211D0F6
:102EB8000B4AD0540B4A0B8002F5006353E8003FDD
:102EC80043F0800302F5006040E800310029F3D1A7
:102ED8000120704700207047882D0020862D002093
:102EE800862900200030014038B504464518AC4218
:102EF80000D138BD14F8010BFFF7D0FFF7E70846FB
:102F08001146FFF7F1BF0000054B064A1B881088E1
:102F18000133C3F3090380B2181A18BF01207047A0
:102F2800882D0020862D002008B5FFF7EDFFB0FAA8
:102F380080F0400908BD0000054B064A1B8812882E
:102F48009B1A98B21B0444BF00F5006080B270471A
:102F58008429002082290020FFF7EEBF0848094A8B
:102F68000188138889B29BB29942F9D0138801333A
:102F7800C3F30A0313801388034A9BB2D05C7047DB
:102F8800842900208229002082210020FFF7E6BF43
:102F980070B588B00C4606461546002120226846C2
:102FA80009F05CFB231E18BF01231B03CDE9023582
:102FB80069460C23034801960494059308F008FC1D
:102FC80008B070BD0038014010B5064C236823F0E6
:102FD80001032360FFF7DCFF236843F0010323604C
:102FE80010BD00BF00380140002208461146FFF717
:102FF800EBBF000073B53B4C236823F0010323604B
:10300800082501264FF48040FEF7D0FD4021CDE988
:103018000056354803230A22FFF7F6F903231A4618
:10302800CDE9005630488021FFF7EEF9002211461D
:103038004FF46140FFF7ACFF636823F4904363608B
:10304800A36823F02A03A360284BB02283F8242323
:1030580010225A602046FEF7B5FD254A02F50063A6
:1030680053E8003F23F0400302F5006040E80031D8
:103078000029F3D1402323621E4B19801E4B19806F
:1030880002F5006353E8003F23F0200302F50060D7
:1030980040E800310029F3D1184B1980184B1980EA
:1030A800104B5A6822F400625A609A6822F00802AB
:1030B8009A605A6822F480425A609A6822F0220282
:1030C8009A609A6842F480529A601A6842F0010243
:1030D8001A60DA699102FCD5DA695202F9D502B0B0
:1030E80070BD00BF003801400004004800E100E066
:1030F80000300140862D0020882D002082290020E4
:103108008429002008B5FFF775FFBDE80840FEF7E1
:103118008FBFFFF7F7BF0000024B1A68024B1A6017
:10312800704700BF8C2D002074030020054A064B11
:103138001968136899421DBF0133012013600020EC
:10314800704700BF740300208C2D0020034A044BF5
:1031580011681B780B441360704700BF8C2D00204A
:10316800200000200148FFF73EBA00BF004401409C
:10317800014B586A80B270470044014008B5FFF718
:10318800F1FFBDE80840FFF7C7BF70B504460D461C
:10319800164607F059F9083D04EBC606B44204D1B7
:1031A800042407F063F9204670BD55F8082FD4E9C8
:1031B80000016B68994208BF904201D10834EDE7DD
:1031C8002046FFF725FC0028F8D10446E9E700006F
:1031D8001FB503788BB10A4B1B68B3F5FA6F0CD394
:1031E8000023002203700023CDE90023CDE9022348
:1031F800406802226946FFF7C8FF05B05DF804FB86
:103208008C2D0020000000000123F0B50380444B02
:10321800444AD3E9005104464348914208BF8542D5
:1032280085B04FF0000202D1227005B0F0BD3AA17E
:10323800D1E900013D4F6260C3E900013C484FF00D
:10324800AA33D0E90021B1F1FF3F08BFB2F1FF3F37
:10325800D0E9026505D0994208BF9A4201D00A43D5
:1032680009D1B5F1FF3F08BFB6F1FF3F0DD09D4230
:1032780008BF9E4209D01030B842E2D172B67A2116
:103288002B48FFF7BEFB62B629486060D0E90032E0
:10329800CDE90032B2F1FF3F08BFB3F1FF3FD0E9FB
:1032A800025109D1B1F1FF3F08BFB5F1FF3F22D16B
:1032B8004FF0AA331A4623E04FF0AA36B24208BFAD
:1032C800B3420BD1B1F1FF3F08BFB5F1FF3F0FD0BB
:1032D800B14208BFB5420ED10023EBE753EA02071B
:1032E80009D1B14208BFB54205D14FF480712180A0
:1032F8001D46114604E0002323701A461D46194650
:10330800CDE90032CDE9025102226946FFF73DFFBF
:103318008BE700BFAFF3008012345678FEDCBA901A
:1033280000000020FEDCBA901234567800D803085A
:1033380000D003084FF080431A6991070AD56FF04F
:1033480002021A615A6B6432DA63084A596B1288AE
:103358000A445A634FF080431A69120705D56FF083
:1033680008021A61024B01221A70704744000020BB
:10337800710300200A490B8803B9FEE772B64FF0C3
:10338800804309885A6A114464325963DA636FF0DA
:1033980002021A616FF008021A6162B6704700BF34
:1033A8004400002000B5032289B04FF0FF314FF0F0
:1033B8008040FFF70FF920220021684609F04EF9F6
:1033C80064236A4601214FF08040039308F088F88F
:1033D800C8236A464FF480714FF08040039308F089
:1033E8007FF8054BA02283F81B234FF000621A6078
:1033F80009B05DF804FB00BF00E100E04FF0804336
:10340800DA6842F00202DA60DA6842F00802DA604A
:103418007047000010B501EB8101084B01EB8101F9
:1034280089001980064B044600221A70FFF7BAFF7C
:103438002046BDE81040FFF7E1BF00BF4400002070
:1034480071030020F8B51D4C1D4FC4220021201D1A
:1034580009F004F9C72323801F23062263800F2362
:10346800A018A38039464323FEF782F80123C4E954
:1034780013333F2300250726A4F858300622432398
:10348800394604F15A00A4F84A606565FEF770F8F9
:103498000C4B0D49C4F8A03004F1B000C4E92A551A
:1034A800A4F89E6084F8A45009F032F97F2384F8C8
:1034B800C530052384F8C630F8BD00BF640200207B
:1034C800E4CD000807000100EBC9000870B5094EFB
:1034D80005460C46415C304609F0D7F8034628B14A
:1034E800831B0133DBB2282B28BF0023F35C2B5549
:1034F80070BD00BFFCCD000870B50D4611460446EE
:10350800164609F005F92DB3013D082D08D8DFE866
:1035180005F00511131517191B1D1F0035236371BD
:10352800627973799A4215D120460521BDE8704029
:10353800FFF7CCBF6123F2E76623F0E76B23EEE7E2
:103548007023ECE77523EAE77A23E8E73123E6E717
:103558003223E4E770BD000073B5054605F1110696
:103568001F4C204A014636016846FFF7C5FFB01CCC
:103578006946204409F0CCF8264404EB05120023E0
:1035880002217172A2F81A31142202FB05400125AA
:103598004FF00112C0E91352A0F84A10A2F1FF221D
:1035A800E1844FF480714265A16240F201124FF448
:1035B8000071A0F8582084F83430A18584F82E5082
:1035C80084F8303084F83330C4F83A30C4F83E30E8
:1035D800C4F84230A4F84620A4F8482002B070BDD0
:1035E800A800002096C900082DE9F3410546254C9E
:1035F800254A05F111064FEA06180F4601466846A6
:10360800FFF77AFF08F10200A04469462044FDF75D
:10361800E9FE98F80930072B84BF022388F809309F
:1036280004EB0610194B427A198841FA02F2D207C4
:103638000FD40222427261B14807C1F3800208D454
:1036480041FA02FC1CF0010FD0B211D004EB0612B3
:10365800507204EB061696F809C0BCF1020F0BD89D
:10366800BCF1000F14D05A88022002F0160213E0B1
:103678000132102AE4D1ECE7ACF10602012A40F24B
:10368800D381FEE7A800002096C900086402002044
:103698005A88042002F00F0204EB05115A8091F8B1
:1036A8001AE1A3F84A00BEF1050FA3F89E004FEAFD
:1036B800051603D94FF0000E81F81AE104EB060E47
:1036C8009EF81A1142FA01F1C90713D401218EF8A4
:1036D8001A117AB112F0020FC2F340010AD142FA6C
:1036E80001F818F0010F5FFA81FE00F0A281A2191B
:1036F80082F81AE1A21992F81B11032902D90021B4
:1037080082F81B11BCF1010F04D9BCF1040F01D0E0
:1037180000229A8004EB060C99889CF81B2141FA38
:1037280002F212F0010210D18CF81B2169B111F0DC
:1037380001020AD141FA02FE1EF0010F5FFA82FC73
:1037480000F07C81A21982F81BC1CB4A002F40F0FF
:10375800BD81142101FB054797F84AC0BCF1050F4C
:1037680003D94FF0020C87F84AC001FB054191F8D4
:103778004B70042F02D9002781F84B70142101FBEC
:10378800054191F84B7040FA07F7FF0712D401275B
:1037980081F84B708707C0F340010BD440FA01FC55
:1037A8001CF0010FCFB200F04E81142101FB05413E
:1037B80081F84B70142101FB054191F84C70032FDF
:1037C80002D9012781F84C704FF0140C0CFB054C02
:1037D800B3F84C709CF84C1047FA01F111F0010154
:1037E80012D18CF84C107FB117F001010CD147FAB7
:1037F80001FE1EF0010F5FFA81FC00F029811421FF
:1038080001FB054181F84CC0142101FB054191F8E9
:103818004E70012F02D9002781F84E704FF0140C1A
:103828000CFB054CB3F84E709CF84E1047FA01F1AA
:1038380011F0010112D18CF84E107FB117F001017F
:103848000CD147FA01FE1EF0010F5FFA81FC00F06F
:103858000481142101FB054181F84EC0142101FBAC
:10386800054191F84F70042F02D9002781F84F7055
:103878004FF0140C0CFB054CB3F850109CF84F702B
:1038880041FA07F717F0010712D18CF84F7079B198
:1038980011F001070CD141FA07FE1EF0010F5FFA83
:1038A80087FC00F0DF80142707FB054787F84FC027
:1038B800142707FB054797F851C0BCF1030F03D93C
:1038C8004FF0000C87F851C04FF0140E0EFB054E58
:1038D800B3F852C09EF851704CFA07F717F0010779
:1038E80014D18EF85170BCF1000F0FD01CF00107F5
:1038F8000CD14CFA07F818F0010F5FFA87FE00F0B8
:10390800B680142707FB054787F851E0142707FB03
:10391800054C9CF850E0BEF1020F03D94FF0010EA0
:103928008CF850E007FB054797F854C0BCF1020F2C
:1039380003D94FF0010C87F854C0142707FB054C36
:103948009CF84DE0BEF1020F03D94FF0000E8CF841
:103958004DE007FB054797F852C0BCF1010F03D9AA
:103968004FF0010C87F852C0142707FB054C9CF850
:1039780055E0BEF1010F03D94FF0010E8CF855E068
:1039880007FB054797F853C0BCF1020F03D94FF066
:10399800000C87F853C04FF0140E0EFB054EB3F819
:1039A80056C09EF853704CFA07F717F0010713D169
:1039B8008EF85370BCF1000F0ED01CF001070BD12C
:1039C8004CFA07F818F0010F5FFA87FE56D0142753
:1039D80007FB052787F853E0142707FB054C9CF8DD
:1039E80056E0BEF10C0F03D94FF0000E8CF856E0EC
:1039F80007FB054797F84CC0BCF1010F0AD197F8AF
:103A08004FC0BCF1040F05D111F0010F3AD00021CD
:103A180087F84F10142101FB054191F84F70B7BB8F
:103A280091F85110012937E05A88012002F0160256
:103A380032E6013110297FF452AE5BE60132102ADA
:103A48007FF478AE81E6013110297FF4A7AEB1E6A4
:103A5800013110297FF4CBAED6E6013110297FF46D
:103A6800F0AEFBE60137102F7FF415AF20E70137E2
:103A7800102F7FF43EAF49E7A80000200137102F30
:103A88009ED1A9E711F0040118BF0221C0E7012F58
:103A98000AD191F85110022901BF142101FB0541F7
:103AA800002781F8517007E0022F03D191F85110D7
:103AB8000329F1E7032FB3D0142101FB05410127A6
:103AC80081F8577040F20117A1F8587094F8261041
:103AD800052902D9022184F8261094F82710042910
:103AE80002D9002184F8271094F8271040FA01F130
:103AF800C9070ED40121870784F82710C0F34001B5
:103B080007D440FA01FC1CF0010FCFB245D084F86D
:103B1800277094F82810022902D9002184F8281067
:103B280094F82910022902D9012184F82910B3F840
:103B3800A00094F8291040FA01F111F001010DD10B
:103B480084F8291050B110F0010107D140FA01FCA6
:103B58001CF0010FCFB224D084F8297094F82A10F1
:103B68000C2902D9002184F82A1094F832100C2963
:103B780002D9002184F8321094F82B10042902D9B4
:103B8800002184F82B10002148480F4610F901CF76
:103B98001CF1780F09DA07700AE001311029B0D159
:103BA800B7E701311029D1D1D8E7BCF1780FF2DCA1
:103BB8000131C9B20C29E9D13D480021012710F88B
:103BC80001CF0131BCF1020FC9B288BF07700429C7
:103BD800F5D194F83410022902D9002184F8341060
:103BE800B3F8A21094F8343041FA03F313F0010348
:103BF8000CD184F8343049B111F0010306D141FAEF
:103C080003F7FF07D8B211D584F8340094F82C30A4
:103C1800022B02D9002384F82C3094F82D30032B82
:103C280008D80AD1002384F8343006E00133102B79
:103C3800E5D1EBE7022384F82D3094F82E30022BDF
:103C480002D9012384F82E3094F83030022B02D99F
:103C5800002384F8303094F833300C2B02D9002339
:103C680084F8333092F83530042B02D9002382F8D7
:103C7800353016444FF6FF71A6F820111421FF23A2
:103C880001FB052182F82F3082F831304FF0FF33E5
:103C9800C6F81C3113629384A1F85A30A1F85C303D
:103CA800D386138702B0BDE8F08100BFE100002091
:103CB800ED0000200021FFF797BC0000034670B517
:103CC8000846052B04D8DFE803F01E04221A1E223A
:103CD800FEE720261F250F221B4CA4F84E50227702
:103CE80001255A1EA370A4F84C60A576A57300237D
:103CF800042A10D8DFE802F0121D20251D0009262D
:103D08006F250722E8E7142632250A22E4E735263C
:103D180013251922E0E72371237401E02371257428
:103D2800FDF7A2FE002808BF022000236073637617
:103D380070BD25710223EFE723712374A376A37363
:103D4800EEE72371A373E7E748000020012803D0BA
:103D580002280FD088B1FEE702460021084B83F8FD
:103D6800550083F8582083F8562083F8591083F8B3
:103D78005710704700220121F0E701221146EDE7B4
:103D8800480000202DE9F0437C4D7D4C00F11108DE
:103D980005EB081702378BB006463846FDF73EFBA1
:103DA8004FEA061900900421684605EB0616FDF750
:103DB80037FF96F81B31E0832BB103EB031303EBBA
:103DC80003231844E08305EB08135B7A062B40F0C5
:103DD800CA80E38B03F5B5432533E38305EB081865
:103DE80095F82700FFF7B2FF98F8091061708B1F4C
:103DF800A944012B8CBF0023012399F81A0184F8E8
:103E08005A30FFF75BFF99F81B21E18B009BE1809B
:103E18006182A36063612AB14FF0113000FB023365
:103E2800A360636195F82600564B616213F9203050
:103E380023732376002384F82A30637B84F82920AF
:103E480023B93846FDF70AFB84F82A006078FDF7A5
:103E58000BFE4D4A84F82800128802F001019707EA
:103E680048BF41F00201A185560742BFA18D41F02C
:103E78000401A1850346100742BFA18D41F010013E
:103E8800A185D10642BFA18D41F02001A1859206EE
:103E980042BFA28D42F00802A2853C4A01AE02F15F
:103EA800200C10685168374603C7083262453E4601
:103EB800F7D11068386006220AA994F802C0344E77
:103EC80002FB0313634413F8247C84F8207016E97A
:103ED8000F0086E80F0094F85A3053B1002384F895
:103EE80038300CF128030DEB030C1CF8243C84F843
:103EF800303094F83000874240F2E24328BF384619
:103F0800A4F850302CBF7E084608FCF7E1FD4FF0BE
:103F18007F51FCF731FEFDF71BF8042E98BF0523EF
:103F2800B4F84C2084F8546098BF84F854304FF4A7
:103F38007A73B3FBF2F3A4F8403095F82C30C0B292
:103F4800012BA4F8520016D0022B14BF4FF4614382
:103F58004FF461336364002384F85B30A4F85C3069
:103F68000BB0BDE8F083072B7FF438AFE38BA3F5E4
:103F7800B543263B31E74FF4E133EBE7A8000020D7
:103F880048000020E4CD0008640200205CC7000857
:103F98007800002002484FF4DE72FF2108F05EBB73
:103FA800A800002002484FF4DE71FEF7C5BD00BF2F
:103FB800A800002002484FF4DE71FEF7A9BD00BF3B
:103FC800A800002008B5FFF7F5FF034B1878BDE8F7
:103FD8000840FFF76FBE00BF48000020F8B5FFF7A4
:103FE800D9FFFEF7BDFD04280CD0FFF7D3FFFEF77D
:103FF800B7FD042803D1FFF7DDFF042806D0FFF73B
:10400800C9FF03E0FFF7D6FF0428EED14649474829
:10401800464C102208F046FB38B14549102220468C
:1040280008F040FB08B1FFF7B5FFA38A42F6A102EA
:10403800934266D042F6A002934258D800213B4BE7
:10404800022504260F46012093F84F20012A1ED08E
:10405800022A1FD00ABB93F85020042A20D0052A30
:1040680020D0033A18BF012201310A2983F85020D1
:1040780083F8540003F11403E6D194F82C30042B90
:1040880012D0052B31D0002384F82C300EE083F8B1
:104098004F50E0E783F84F60DDE783F84F70DAE7C9
:1040A8000122E1E70222DFE784F82C0042F6A103AF
:1040B800A382012522691C491C4842F6A2039A42A0
:1040C8004FF010021CBF2361012508F0EBFAD0B1B4
:1040D800154916481022FDF77DFA16491648082298
:1040E800FDF778FAFFF75EFF0FE00223CCE7002523
:1040F800E8B20135FFF730FA0A2DF9D10023E3774A
:10410800D4E70025D6E7002DECD10023E3770B4C4C
:104118002370FFF797F92078FFF7CCFD2078BDE8EA
:10412800F840FFF72FBE00BF9DC90008A800002077
:10413800AEC90008BFC900085A0200204800002084
:104148000129F7B5054600D9FEE70B4E06EB01132A
:104158001C460F016278F15D03619B7807F048FD0A
:10416800E3790193A379009322796379E17828466A
:1041780007F065FD03B0F0BDA4E5000838B5836815
:1041880004466BB1024652F8183BDD6900F1190389
:10419800A847217E20460222BDE8384007F0B1BD7D
:1041A80038BD000070B58160897A86B0044601B1D7
:1041B800012107F0F6FC204607F075FE204607F0BF
:1041C8004DFE217BFF2903D0FA22204607F052FE3C
:1041D800A3685B7A013B042B04D8DFE803F0043EB4
:1041E8003E414100FEE7E922E121204607F080FE3A
:1041F8000121204607F00FFE9621204607F04CFECD
:104208003821204607F05EFE204607F063FEA368CB
:10421800204693F90810FFF7B1FFA3689D7A15B3FC
:1042280019782046FFF78CFF00221146204607F038
:10423800D2FC0023009340F2032220464FF6FF7180
:1042480007F02CFD20464FF6FF7107F04EFD204683
:1042580006B0BDE8704007F0EEBDDB22D721C4E709
:104268006F226B21C1E75E880E4B63614CF25033BD
:10427800009320460C4919230B2207F049FE01231D
:10428800CDE903335B23CDE90153102319462046BA
:104298000095042207F07AFE3146204607F09AFE80
:1042A800C2E700BF84E50008A086010038B50446CF
:1042B8001D4613460A46002107F006FC20464FF625
:1042C800FF7107F012FDA9012046BDE8384007F04C
:1042D80025BD10B5044607F0AEFD20464FF6FF7128
:1042E800BDE8104007F001BD38B58168036891F951
:1042F8000810DD69044600F1190300F11802A84707
:10430800A3689A7A42B11A78012A00D9FEE7044BC9
:1043180003EB0213236138BD024B6361FBE700BF67
:10432800A4E5000884E50008836810B5044683B155
:1043380003691BB943690BB9FFF7D6FFA3689B7ADA
:104348001BB12369B3F90C0010BD6369B3F91C00F4
:10435800FAE71846F8E7836810B5044643B10369DD
:104368001BB943690BB9FFF7BFFF94F9190010BDDA
:104378001846FCE708B5836843B9FFF713FF7D20AB
:10438800FEF710FBBDE80840FEF706BA08BD10B5F9
:10439800C01A9DF90840123080F30500A042A8BF5A
:1043A8002046123B08701844107010BD07B5084627
:1043B80011461A46122300931B23FFF7E8FF03B0A8
:1043C8005DF804FB0229F7B5054600D9FEE70B4E58
:1043D80006EB01131C460F016278F15DC3609B7800
:1043E80007F06DFFE3790193A3790093227963794C
:1043F800E178284607F08CFF03B0F0BDD8E5000847
:1044080038B5836804466BB1024652F8143BDD693F
:1044180000F11503A847217D20462022BDE8384039
:1044280007F0D1BF38BD00007FB58D7A81600446A2
:1044380075B3012107F019FF0121204608F020F883
:104448000121204608F036F8A368204693F90810A1
:10445800FFF7D6FFA36820461978FFF7B3FF0022BD
:104468001146204607F01EFF0023009344F2030282
:1044780020464FF6FF7107F067FF20464FF6FF71A1
:1044880007F089FF204604B0BDE8704008F004B882
:10449800032107F0EAFE2046012107F0F1FF20463C
:1044A800012108F007F8A368204693F90810FFF7E0
:1044B800A7FFA3685E680C4B23612A462046102399
:1044C800862108F01BF85B23CDE9005320460295AE
:1044D80010230422702108F020F82A46314620468D
:1044E80008F039F8BBE700BFC4E5000838B5054651
:1044F8001C4613460A46002107F053FE28464FF68D
:10450800FF7107F048FF2201284692B2BDE8384003
:10451800012107F068BF10B5044607F0BDFF20462B
:104528004FF6FF71BDE8104007F035BF816838B518
:104538000446E9B1C368ABB903699BB9024691F96E
:10454800081052F8143BDD6900F11503A847A36869
:104558009A7A52B11A78022A00D9FEE7054B03EB82
:104568000213E36094F9150038BD034B2361F9E7A2
:104578000846F9E7D8E50008C4E5000808B58368E7
:1045880043B9FFF751FF7D20FEF70CFABDE808405C
:10459800FEF780B908BD0000F8B504460846202893
:1045A80011461D46BDF818C09DF81C209DF8203006
:1045B80000D9FEE7052DA57100D9FEE72B4F57F866
:1045C800356006B9FEE707EBC507A6603E797F7937
:1045D80027730027E67184F8D550A4F80EC084F834
:1045E800D470BCF1000F00D1FEE786429CBF06F1F3
:1045F800FF36F0B2052D60742DD0012D32D802F1AE
:10460800FF35EDB21DD0022D16D85D1E032D0DD835
:104618000C2801D90C256574657C854200D9607425
:104628002046FDF757F900232374F8BD122884BFEC
:10463800122363740023EFE7042B88BF00230022B2
:10464800EEE7022D04D80C2803D90C23637400E08C
:1046580000220023E4E7531E022BF9D80828F8D9D2
:104668000823F3E72046FDF7DBF8DCE7B4CD0008C4
:1046780090F8D43053B190F8D520074B03EBC20122
:1046880053F83230497953F821007047037C00EB26
:104698008300406B704700BFB4CD0008024690F815
:1046A800D40030B528B3B2F8D830B2F8D6100133F8
:1046B8009BB29942A2F8D8301BD80023A2F8D83070
:1046C800D48992F8D53006210133DBB2062B28BFF6
:1046D800002344FA03F5ED0707D5074951F83310CD
:1046E80001B9FEE782F8D53030BD013911F0FF017C
:1046F800EAD10020F8E700BFB4CD0008037C427C73
:104708000133DBB29A4298BF0023037490F8EC306F
:1047180090F8ED200133DBB29A4298BF002380F86D
:10472800EC30704713B5194B0288DB8B9A4204466C
:1047380027D1837813F0D00F25D18379812B22D804
:104748004FF6FF730D2201460DF10600ADF8063055
:10475800FDF74EFAB4F80D20BDF806309A420ED196
:104768004C2204F10D01FDF743FAB4F85900BDF8E5
:104778000630C01A18BF0120800002B010BD032007
:10478800FBE70120F9E70220F7E700BF4800002017
:104798000A7ACB7902F0070243EA022303804B7AB4
:1047A8000A7A03F03F035B0143EAD20343808B7A22
:1047B8004A7A9B0043EA9213CA7A02F0010243EA5A
:1047C800822383800B7BCA7A03F00F03DB0143EA61
:1047D8005203C3800B7BC3F30112012A11D813F0D3
:1047E800300F14BF012300239B0203830B7B7F2B15
:1047F8000AD813F0C00F14BF012300239B02438380
:10480800704740F2FF73F0E740F2FF73F7E70A7A68
:10481800CB7902F0070243EA022303804B7A0A7A33
:1048280003F03F035B0143EAD20343808B7A4A7A61
:104838009B0043EA9213CA7A02F0010243EA8223F8
:1048480083800B7BCA7A03F00F03DB0143EA520330
:10485800C3800A7CCB7B02F0070243EA0223038170
:104868004B7C0A7C03F03F035B0143EAD20343819C
:104878008B7C4A7C9B0043EA9213CA7C02F00102BB
:1048880043EA822383810B7DCA7C03F00F03DB019B
:1048980043EA5203C3814B7DDB0003828B7DDB003F
:1048A8004382CB7DDB0083820B7EDB00C3820B7BE4
:1048B800C3F30112012A2BD813F0300F14BF0123C0
:1048C80000239B0203830B7B7F2B24D813F0C00F9C
:1048D80014BF012300239B0243830B7DC3F3011202
:1048E800012A1BD813F0300F14BF012300239B02A9
:1048F80083830B7D7F2B14D813F0C00F14BF0123C3
:1049080000239B02C3834FF480630384438470476E
:1049180040F2FF73D6E740F2FF73DDE740F2FF7322
:10492800E6E740F2FF73EDE737B5214BDB8B0380F9
:104938004A78837862F3C30383704A79C37862F351
:104948000003C3708A79437962F38613437104467E
:1049580091F902000D46FCF72DFCE37860F347035C
:10496800E370EA78237962F3060323712A79DBB2CC
:1049780002F0010203F07F0343EAC21323712A798C
:104988006379C2F3450223F03F031343637159224D
:104998004FF6FF7321460DF10600ADF80630FDF71E
:1049A80027F9BDF80630A4F8593003B030BD00BF70
:1049B800480000202DE9F3419DF820601546522E4D
:1049C80088464FF05B024FF0000104461F4628BF9F
:1049D800522607F043FE2D4BDB8B23802A78A378E1
:1049E80062F30203A3706978C90001F00801DBB221
:1049F80003F0070341EA08111943A1706A79E378C3
:104A080062F30003E370AA79637962F38613637132
:104A180095F90200FCF7CEFBE37860F34703E370F7
:104A2800EA78237962F3060323712A79DBB202F06C
:104A3800010203F07F0343EAC21323712A796379E1
:104A4800C2F3450223F03F0313436371A37922465F
:104A580066F3470302F8063F3E443B46B34210D193
:104A68004FF6FF73592221460DF10600ADF80630C6
:104A7800FDF7BEF8BDF80630A4F8593002B0BDE81D
:104A8800F08113F8011B02F8011FE7E74800002036
:104A980007B5009313460A460121FFF78BFF03B0C1
:104AA8005DF804FB30B53A4B027893F8261061F3B1
:104AB8000302027093F8271061F30712027093F84B
:104AC8002810427861F30302427093F8291061F3C9
:104AD8000712427093F82A10827861F303028270F9
:104AE80093F83210827961F30302827193F82B10E4
:104AF800827861F30712827093F83410C27961F3F7
:104B08000302C27193F82C10C27861F30302C270D9
:104B180093F82D1061F30712C27093F82E100279E2
:104B280061F303020271427993F8301061F30302D2
:104B3800427193F83310827961F30712827193F806
:104B48003510C27961F30712C27103F1390100F11E
:104B58000A0200F1160411F9015F02F8015FA2428E
:104B6800F9D193F84610C27D61F30102C27593F83A
:104B7800471061F38302C27593F8481061F3051278
:104B8800C27593F8493063F38712C27530BD00BF10
:104B9800A80000200278344BC2F3030230B583F832
:104BA80026200278C2F3031283F827204278C2F342
:104BB800030283F828204278C2F3031283F82920DD
:104BC8008278C2F3030283F82A208279C2F30302AF
:104BD80083F832208278C2F3031283F82B20C2793B
:104BE800C2F3030283F83420C278C2F3030283F8C5
:104BF8002C20C278C2F3031283F82D200279C2F365
:104C0800030283F82E204279C2F3030283F830208E
:104C18008279C2F3031283F83320C279C2F30312F4
:104C280083F8352003F1390100F10A0200F1160476
:104C380012F9015F01F8015FA242F9D1C27DC2F306
:104C4800010283F84620C27DC2F3810283F847201F
:104C5800C27DC2F3011283F84820C27DC2F38112DB
:104C680083F8492030BD00BFA800002070B598B077
:104C7800522204460D4603A8002107F0EFFC212329
:104C880042F6A2008DF80C30FCF786FCADF80E0059
:104C980042F6A100FCF780FC214EADF81000214936
:104CA80014220DF11200FCF795FC96F8563013B952
:104CB80096F8583083B31C48FFF74DFB96F85530EB
:104CC8008DF826000AA88DF82730FFF7EBFE4FF67F
:104CD8008073ADF84630154A154BCDE91223154BB4
:104CE800149347F6FF73ADF85430134BB3F89E2076
:104CF8008DF85620B3F8A020B3F8A2308DF85830BC
:104D080052238DF8572000932A4603AB02212046F0
:104D1800FFF750FE18B070BD0848FFF707FCCDE755
:104D280048000020C5C900081C1F002001000A0017
:104D3800190064009E00FF7F64020020381F0020D5
:104D480038B5154D044600F11B01062205F589709A
:104D5800FCF7A0FC94F82130C3F3030385F819315C
:104D680094F82130C3F3031385F81A3194F82230EC
:104D7800C3F3030385F81B31B4F85700FCF71DFC97
:104D880042F6A103984205D104F12500BDE8384058
:104D9800FFF700BF38BD00BFA80000200B4A0C4930
:104DA800126882600A6802614A680A4942610A68B0
:104DB80082614A68C26100234EF660228380837153
:104DC8008381038402600385704700BF8C2D002017
:104DD800DAC90008E3C9000838B5214C94F8563000
:104DE80013B994F85830B3B11E4DAB6803B9FEE758
:104DF80022791A700021284606F0BCFE4FF47A701A
:104E0800FDF7D0FD0121284606F0CBFEAB68284609
:104E18001978FFF795F994F8573013B994F8593081
:104E2800B3B1114DAB6803B9FEE7227C1A700021BB
:104E3800284607F003FA4FF47A70FDF7B3FD012115
:104E4800284607F012FAAB6828461978FFF7BAFA2D
:104E58000448FFF73EFA0448FFF75DFB38BD00BF82
:104E6800480000201C1F0020381F002038B51D4DA9
:104E78000446A8786978052828D14FF6FF7323855A
:104E8800FEF71CFF6B7801229A40238D23EA020368
:104E9800238515491548FFF76DFA15491548FFF799
:104EA8006DFB1248FFF715FA1248FFF734FB0F485D
:104EB8006FF07F01FFF762F90E486FF07F01FFF78F
:104EC8009FFA2046BDE83840FFF786BF00232385B8
:104ED8000220FEF7F3FE6A7801239340228D1343E4
:104EE8009BB2D5E7480000204C0000201C1F002082
:104EF80058000020381F002010B5044639B9022098
:104F0800FEF724FF2046BDE81040FFF765BF0120EB
:104F1800F6E708B590F8203002468BB9FDF7F0FCAB
:104F280010B982F8210008BD92F8213001335BB234
:104F3800312B82F82130F6DD012382F82030F2E7A8
:104F4800FDF7DEFC18B1322382F82130EBE792F846
:104F58002130013B5BB2002B82F82130D8BF82F8A8
:104F68002000E0E70A4B90F820201B6872B18268A5
:104F78009B1AB3F57A6F01D901234371037923B9D9
:104F8800437913B101230371037370478360F5E715
:104F98008C2D00200346007B821E012A4FF0000260
:104FA80002D893F8201009B91A7370471046704751
:104FB8000A4A38B5138801339BB2502B04460D4674
:104FC80001D8138038BD002305491380FDF7D2F9B5
:104FD80029462046FDF7CEF9F4E700BF7803002004
:104FE800ECC900082DE9F84F154604460F466B49F1
:104FF8006B4EFDF7BFF929462046FDF7BBF9694B13
:105008000022012F1A800FD11023B362082746F21D
:10501800A810B761FDF7C6FCB762FDF7C3FC2946C7
:105028002046FFF7C5FFF2E7BB1E08220C2B00F253
:10503800A880DFE803F03141521C07A6A6A66262E9
:1050480062626200564E4FF008081027C6F81880B2
:1050580046F2A810B762FDF7A5FCC6F82880B7612C
:10506800FDF7A0FC29462046FFF7A2FFEDE74C4ECE
:105078004FF008081027C6F8188046F2A810B76144
:10508800FDF790FCC6F82880B762FDF78BFC29462F
:105098002046FFF78DFFEDE7B262414E102746F23A
:1050A800A810B761FDF77EFCB762FDF77BFC2946C7
:1050B8002046FFF77DFFF2E71023B361384E08273B
:1050C80046F2A810B761FDF76DFCB762FDF76AFC00
:1050D80029462046FFF76CFFF2E7B261304E1027F1
:1050E80046F2A810B761FDF75DFCB762FDF75AFC00
:1050F80029462046FFF75CFFF2E7A7F1090BDFF826
:10510800A0805FFA8BFB00264FF0080A5E453CBF83
:105118001023C8F818304FF0040946F2A810C8F850
:1051280018A0FDF73FFCC8F828A0FDF73BFC09F1E3
:10513800FF3929462046FFF73BFF19F0FF09ECD15C
:105148001023C8F828304FF0040946F2A810C8F810
:1051580018A0FDF727FCC8F828A0FDF723FC09F1E3
:10516800FF3929462046FFF723FF19F0FF09ECD144
:105178000136A7F10803F6B2DBB2B34238BF002606
:10518800C4E71023B261B3614CF25030FDF70AFC5A
:1051980029462046FFF70CFFF6E700BFECC90008D8
:1051A800000400487803002010B5437802789A423A
:1051B8001BD0052B8ABF052303700370027888BFB4
:1051C80043700A4B0A4813F922100A4C836821736A
:1051D800217613B11972FEF7D1FF0748836823B10E
:1051E80094F918101972FFF70BF910BDE4CD0008F7
:1051F8001C1F002048000020381F002010B50AB9E5
:10520800437010BD541E0B2CFBD80332D2B231F9B7
:105218001220C83A03FB022240F2716192FBF1F2BC
:1052280012B222EAE2729A42C8BF1AB24270E8E7A2
:1052380010B40C46014620B92246044810BC06F0BA
:105248006ABC034810BC002106F0D2BF1C1F002016
:10525800381F0020F8B51E4E1D4696F85A300F46E6
:1052680014467BB1FDF789FA1A482B462246FFF708
:105278001DF8FDF7D1FA18482B4622463946FFF7A4
:1052880035F9F8BD88B9FDF778FA12482B46224659
:10529800FFF70CF896F857301BB996F85930002BE1
:1052A800EFD00D48FFF737F9EBE7FDF7B5FA0A48F5
:1052B8002B462246FFF71AF996F856301BB996F88E
:1052C8005830002BDDD00348FFF703F8D9E700BFBB
:1052D800480000201C1F0020381F00202DE9F04145
:1052E800194C05465B270E463A460021204607F032
:1052F800B5F9AB692360EB696360144B14491B78FB
:105308009A1E53425341627A63F3000262726FF04D
:105318005D02A27228220023E27204F10E00142218
:1053280023736373FCF756F959212046FCF778FC80
:10533800084BA4F859003A46214630461B7FBDE881
:10534800F041FFF787BF00BFA41D00206B030020BA
:10535800C5C900084800002037B50C4698BB2F483F
:10536800836833B9812281F8A02081F8A23003B084
:1053780030BD9D7ADDB101F1A2020DF1060106F002
:1053880003FD94F9A230002B04DABDF8062013447B
:10539800ADF80630BDF90630002B0FDB4FF6FF7372
:1053A800ADF80630BDF8063084F8A030DFE70DF11F
:1053B800060106F020FE84F8A250EBE77F33F1DA0D
:1053C8004FF68173ECE7164883682BB9812281F880
:1053D800A12081F8A330CAE79D7A95B101F1A30213
:1053E8000DF1060107F029F8BDF90630002B0FDB97
:1053F8004FF6FF73ADF80630BDF8063084F8A130DB
:10540800B5E70DF1060107F0DCF884F8A350EBE7E7
:105418007F33F1DA4FF68173ECE700BF1C1F0020E1
:10542800381F00200A4608B501460148FFF7DAFD93
:105438000C0000200023FF22037043708370C270A9
:1054480003717047C178034629B982780171013226
:10545800827001207047007801281ED0022805D0EC
:10546800C8B99A78187101329A70F2E798785A7820
:105478004240D20704D40130002298701A71E8E73C
:10548800FF2902D10020187170471A790132D2B26F
:1054980091421A71EFD300207047FF29F2D01A7990
:1054A8000132D2B291421A71F5D29A7801329A70C9
:1054B80000221A71704700000E48C3691A0617D5F2
:1054C80003681B0614D50C4B0C4A1988138889B23B
:1054D8009BB299420AD013880133DBB21380138838
:1054E800074A9BB2D35CDBB283627047FCF76ABBA6
:1054F800704700BF00440040802100207E2100202A
:105508007E2000200E490F4A0B8812880133DBB237
:1055180092B29A4212D00C4AD0540B804FF04022DB
:1055280002F5806353E8003F43F0800302F5806092
:1055380040E800310029F3D101207047002070476E
:10554800802100207E2100207E20002038B50446DE
:105558004518AC4200D138BD14F8010BFFF7D2FF53
:10556800F7E708461146FFF7F1BF000070B588B0AD
:105578000C460646154600212022684607F06EF8BC
:10558800231E18BF01231B03CDE9023569460C23EE
:10559800034801960494059306F01AF908B070BD03
:1055A8000044004010B5064C236823F00103236033
:1055B800FFF7DCFF236843F00103236010BD00BF41
:1055C8000044004008B541B14FF4005204484FF47C
:1055D8008061FFF7E7FFFDF76BF9012008BD00BF09
:1055E800A086010008B531B1002211460348FFF733
:1055F800D9FFFDF75DF9012008BD00BF9A5B0600E1
:1056080008B541B14FF4005204484FF48061FFF7E8
:10561800C9FFFDF75DF9012008BD00BFA0860100A4
:1056280013B52F4C236823F0010323604FF4003097
:10563800FCF7B0FA08230120CDE900300A22032341
:1056480004214FF09040FCF7DFFE00221146254868
:10565800FFF78CFF636823F490436360A36823F02B
:105668002A03A360204BC02283F8252320225A60F6
:105678002046FCF7A7FA4FF0402101F5806353E874
:10568800003F23F0400301F5806040E80032002A23
:10569800F3D140232362154B1A80154B1A80636897
:1056A80023F400636360A36823F00803A3606368BE
:1056B80023F480436360A36823F02203A360A368F4
:1056C80043F48053A360236843F001032360044B31
:1056D800DA699102FCD5DA695202F9D502B010BD37
:1056E80000440040A086010000E100E07E21002087
:1056F8008021002030B5214C85B00E2200210546BE
:10570800684606F0ABFFB4F8A030ADF8003020468C
:10571800FBF7FCFC8DF802002046FBF7EEFCB4F822
:10572800A4308DF803001648ADF80430FEF713FED8
:1057380094F8A6308DF8073094F8A9308DF8083021
:10574800B4F8AA30ADF80A300E4B8DF806009A78F6
:105758008DF80C2093F8562093F857305AB1002B47
:105768000CBF01230323694628468DF80D3004F049
:10577800C4F805B030BD0133DBB2F4E7601E002089
:105788001C1F0020480000200148FDF7F3BD00BFA2
:105798005A1E0020F8B5154D0E4607465B232946CC
:1057A800304614462A46FFF743FDD7E90413286814
:1057B8006A689A4208BF884209D0002430460C49DA
:1057C800FFF7CAFD002C0CBF01200320F8BD5921AA
:1057D8002846FCF725FAB5F859308342EDD114B1C3
:1057E800FFF7D2FFEAE70124E8E700BF6D1F0020BA
:1057F800601E002013B5012104460844FCF710FA86
:10580800A178ADF806000DF10600FCF7E5F9E1789E
:10581800FCF7E2F92179FCF7DFF96179FCF7DCF9AB
:10582800A179FCF7D9F904F108010322FCF7E0F9A2
:10583800627804F10C01FCF7DBF994F82311FCF70A
:10584800CBF9BDF80630A4F80C3102B010BD000049
:105858000038024B18BF0120187070473003002031
:1058680070B5002A38D1042B71D89DB29BB3654C12
:1058780094F82830666A03F1030C5FFA8CFCF60092
:10588800BCF1070F666284F828C040F28980053BA6
:10589800DBB284F82830B1F800C0DE400CF1010317
:1058A8000B8000F80C600EE0083BDBB284F828306F
:1058B800B1F800C0666A0CF1010E26FA03F3A1F8EC
:1058C80000E000F80C3094F82830072BECD80132AF
:1058D80096B2B542CED870BDFF2AFCD1032B66D84C
:1058E8009DB2002BF7D0474C94F828300026626A06
:1058F80003F1040C5FFA8CFC120142F00202BCF1C5
:10590800070F626284F828C07AD9043BDBB284F8B6
:105918002830DA400B8803F1010CA1F800C0C2540A
:105928000CE0083BDBB284F82830626AB1F800C0AA
:10593800DA400CF101030B8000F80C2094F82830B1
:10594800072BEED80136B2B29542D0D870BD2D4C97
:10595800626A03F5C06343EA423394F8282063621D
:1059680002F10D05EDB2072D84F82850B3D90532A0
:10597800D2B284F82820D3400A88551C0D8083545D
:1059880009E0083BDBB284F82830626A0D88DA4007
:105998006B1C0B80425594F82830072BF1D870BD4A
:1059A800013296B2B54263463FF664AF93E7154CB1
:1059B800626A03F5E06343EA423394F8282063629D
:1059C80002F10D05EDB2072D84F8285083D9053270
:1059D800D2B284F82820D3400A88551C0D808354FD
:1059E80009E0083B626ADBB284F82830DA400B88A9
:1059F8005D1C0D80C25494F82830072BF1D870BD77
:105A080063469FE7600600202DE9F047674C0027B2
:105A1800FF250F8005708025676284F82870A577B8
:105A28009846002B00F0BB8003F1FF3912FA89F980
:105A3800561EBA463A4609E0554546D10137BFB227
:105A48000B8843453AD24E4500F0948016F8015F22
:105A5800002AF1D16B1EDBB2FD2B32D83F2B62D965
:105A680005F14103DBB23F2B34D8636A94F8282050
:105A78000135EDB245EA032502F10803DBB2072B35
:105A8800656284F8283015D984F828200B88D54019
:105A98005A1C0A80C55409E0083BDBB284F8283058
:105AA800626A0D88DA406B1C0B80425594F82830E6
:105AB800072BF1D800220B884345C4D30020BDE84A
:105AC800F0870127AA463A46BAE7FBB25246FFF7E3
:105AD800C7FEBFE7636A94F828203F35EDB245EA70
:105AE800432502F10903DBB2072B656284F82830ED
:105AF800E0D90132D2B284F828200B88D5405A1C4C
:105B08000A80C55409E0083BDBB284F82830626A91
:105B18000D88DA406B1C0B80425594F82830072B0F
:105B2800F1D80022C7E7636A94F828207F35EDB2E0
:105B380045EA032502F10803DBB2072B656284F806
:105B48002830B7D984F828200B88D5405A1C0A80F9
:105B5800C55409E0083BDBB284F82830626A0D8836
:105B6800DA406B1C0B80425594F82830072BF1D88B
:105B78000022A0E722B1FBB25246FFF771FE0B8864
:105B880094F8282062B1646AC2F1080201259440A1
:105B980005FA02F2013A22435C190C80C2540B88C0
:105BA800984594BF00200120BDE8F08760060020DA
:105BB8002DE9F04F47F26F730022827003800B7853
:105BC800A3F1FE03B3FA83F35B0983708A780D4669
:105BD80012F001011CBF43F080038370D5F8202127
:105BE80022F07F4222F0FF0285B0044612B143F052
:105BF80008038370AA68C2F31702FF2A1ED9B2F5F8
:105C0800803F18D363F07F03A37041F002014FF087
:105C1800020B09234FF00A0C0822E1700B20CDF883
:105C280004C01E4617464FF0070E4FF006094FF006
:105C3800050A042117E043F00203A370180600F1D7
:105C4800D68008234FF0090C07220A204FF0000BDA
:105C5800CDF804C01E4617464FF0060E4FF0050952
:105C68004FF0040A032195F8018004F8018004EB41
:105C78000108297904F80A10697904F80910A97942
:105C880004F80E10A178090709D595F82111A15437
:105C980095F82211A1550346674662460646A9684B
:105CA800A154A278900707D5BA1C1F46AB68C3F366
:105CB8000F23A35596B23346BBF1000F05D05A1CEB
:105CC8001F46AB7AA35596B23346A278D10606D5BD
:105CD8005A1C1F4695F82331A35596B23346454AB8
:105CE800127803F1010914FA89FA05F10C0B42B193
:105CF8006B785A460DF10E015046FFF785FE0028D5
:105D08005AD16A78504659461FFA82FA06F008FDB9
:105D18002278394B6178D243D2B2072F9A5C82EA53
:105D28000102995CA27882EA0102995CE27882EA2F
:105D38000102995C227982EA0102995C627982EA1D
:105D48000102995CA27982EA0102995CE27982EA0D
:105D58000102995C1BD0227A5140082F595C16D059
:105D6800627A5140092F595C11D0A27A51400A2F0A
:105D7800595C0CD0E27A51400B2F595C07D0227B3A
:105D880051400C2F595C1EBF627B5140595CA15594
:105D98001AFA89F39BB2B5F80C21E2545A1CB5F8EB
:105DA8000C1192B2090AA154AA78981CD20780B2A1
:105DB8000BD405B0BDE8F08FA378BDF80EA043F072
:105DC8004003A37088F800A0A2E7D5F81071D5F8B1
:105DD8001811D5F81461275022180F3356609160B6
:105DE80095F81C11117398B205B0BDE8F08F4FF00B
:105DF800000B0EE73003002028CE00082DE9F84FED
:105E0800AE4CAF4E0F4682460146AD48154606F0E9
:105E180087FC00233B809E462384636284F82830F5
:105E2800802384F822304FF0FF08F14606E03B88D3
:105E38005A1C3A800AF8039094F828E0BEF1010F42
:105E48005CD8218C8D4240F29D80606A735C0EF1B3
:105E5800080C5FFA8CFC43EA0023ACF1020B23FA2E
:105E68000BF00EF1060200F003000131D2B2022855
:105E78002184636284F8282000F08680032800F0DB
:105E8800888001281DD0002A40F08780228C954206
:105E980078D9B15C013241EA0323228407211A062A
:105EA800636284F82810C2D5062184F8281013F0FC
:105EB800400F40F08D803B885A1C3A800AF80380D6
:105EC800BAE7062A0BD8228C95425BD9B15C01321D
:105ED80041EA03230CF1060122846362CAB2073A3D
:105EE800D34003F07F037D2B84F828204AD83A88D2
:105EF8004133511C39800AF802309DE7636AAEF1DC
:105F0800020B23FA0BF000F003005FFA8BF2022871
:105F180084F8282003D003281CD0F446B1E7052ACA
:105F280032D8218C8D422DD9705C0EF106020131D8
:105F380040EA0323D2B221846362063A84F828E057
:105F4800D340398803F03F034A1C01333A800AF8EA
:105F5800013071E7052A1CD8218C8D4212D9705C5A
:105F68000EF10602013140EA0323D2B221846362B2
:105F7800063A84F828E0D340398803F03F034A1CE6
:105F8800413BE3E7BDE8F88F063A636A5FFA82FEB1
:105F9800D4E7063A5FFA82FEEBE70BF1FF3023FA0B
:105FA80000F0511EC9B2C00784F828107FF53FAF32
:105FB80069BB228C9542E5D9B15C013241EA0323E1
:105FC80007212284636284F8281013F0800F70E799
:105FD8004A1ED0B223FA02F2D20784F8280032D43B
:105FE8008446228C9542CDD9B05C013240EA032325
:105FF800C81D22846362C0B2A0F10802D34084F8AD
:1060080028C05FFA83FB38885A46002133E00139FB
:1060180023FA01F0911EC9B2C00784F828107FF551
:106028004AAF99BB228C9542ACD9B15C41EA0323B3
:1060380001324FF0070C19062284636284F828C0E5
:1060480021D40821CDE7072832D8228C954299D946
:1060580016F802C0073101324CEA03232284636236
:10606800C9B2083923FA01FB84F828005FFA8BFBD0
:1060780038885A46FF21504406F0F0FA3B889B4482
:10608800A7F800B0D8E660460821DEE701F1FF3C3A
:10609800D01E23FA0CFCC0B21CF0010F84F82800B3
:1060A800D1D107289CD90B3A636A5FFA82FCA3E72F
:1060B800A0F108020146D0B2D3E700BF6006002075
:1060C800340500202DE9F04F5788B7F58F7F8BB046
:1060D800144606460BD90022227000226F2B6280DC
:1060E80000F06581002333700BB0BDE8F08F1278A3
:1060F8000E2A0D4624D80E2A00F2118101A151F86A
:1061080022F000BFE360000833630008276300083B
:10611800276300083363000833630008336300080B
:1061280033630008336300083363000881630008A1
:10613800276300082763000827630008A563000891
:10614800692A40F2EA806A2A40F0E9809C4FFA8A7C
:1061580002F1FF3C1FFA8CFC002A00F078820CF157
:10616800030CDFF860E2BC44FF22B91C11F8010BF4
:10617800424061451EF80220F8D1934200F0D081D8
:1061880000222270C4F80220E280FA8A022AA9D9E1
:1061980039796F2900F02E83032AA3D079796F29E2
:1061A80000F03883042A9DD0B9796F2900F035832F
:1061B800052A97D0F9796F2900F03E83062A91D0F5
:1061C800397A6F2900F04582072A8BD0797A6F29AE
:1061D80000F03583082A85D0B97A6F2900F0328318
:1061E800092A3FF47FAFF97A6F2900F02E830A2A33
:1061F8003FF478AF397B6F2900F02A830B2A3FF4EC
:1062080071AF797B6F2900F026830C2A3FF46AAFBF
:10621800B97B6F2900F022830D2A3FF463AFF97B25
:106228006F2900F01E830E2A3FF45CAF397C6F297A
:1062380000F01D830F2A3FF455AF797C6F2900F0D9
:106248001383102A3FF44EAFB97C6F2900F01283F4
:10625800112A3FF447AFF97C6F2900F00E83122A08
:106268003FF440AF397D6F2908BF4FF012087FF423
:1062780039AF02F101091FFA89F93A44A7F81690D3
:106288005FFA89F9937050494A4602A806F048FA1D
:106298006F234FF0010CBB704FF0000E6423A7F87A
:1062A80000E0A7F816C0237008EB0C0399451FFA05
:1062B80089F27FF617AF901E02A9A0EB08005A1EBC
:1062C8000B440A4413FA80F04FF06A084FF00709AC
:1062D8004FF0660A05E0002B40F0BE8190423FF483
:1062E80001AFFB8A12F8011F07EB030B01338BF890
:1062F8000210FB822378092BEDD9A3F1640BBBF1C3
:10630800050FEBD8653B042B00F2BA82DFE813F0E7
:106318001F01170112010E011B01632A05D8002372
:106328002370C4F80230E380DDE6254FFA8AB918F5
:1063380001328B70FA822278092A00F2A480002A9E
:106348003FF4D0AE013A082A3FF6CCAE01A151F88D
:1063580022F000BF1D660008ED600008ED6000082F
:106368007F6500087F65000807660008D365000898
:1063780041660008F16500087A1C6280104EEB55F2
:10638800A088727F618883189942FFF6ADAE337892
:106398005F0600F1E4810E232370A5E67A1C628073
:1063A800EB55E2886388934210D201239BE60449A7
:1063B8000A800122CA8264228B702270002392E62E
:1063C8006006002028CE00086206002000236380B3
:1063D80023700223037042802B78FD2B00F0878006
:1063E800EB7803722B7943726B7943606A780832D1
:1063F8007280002240F28510DFF8CCC27281FE2143
:106408000446013499424FEA54042ED849D38B42AA
:1064180040F08A802B78FD2B7FD04FF0060B284662
:10642800DFF8A48210F801AF0BEB0A0909F1FF317C
:1064380089B2FBF7F5FB04EB440708EB8707ADF8D7
:1064480008003979019102A8FBF7C6FB05EB0902A0
:1064580015F809305278019903EB0223BDF808209A
:106468009BB29A421FD005233DE6601E1418824253
:1064780004F1010780F06C8127F0010101EB57015D
:106488005CF82110BDE7A2F1640105293FF62AAEA8
:10649800653A042A00F2FD81DFE802F0817D797512
:1064A80093002246E2E7BB79DA0706D5FA799245E6
:1064B80082BF521912F80B20B2729B070BD56300EA
:1064C800234408EB83036A781B7A9A4282BF5B19DC
:1064D80013F80B30F3724FEA4409A14408EB89081A
:1064E800317398F8053073730BB0BDE8F08F6B7992
:1064F8000372AB7943726B7A297AEA791B0403EB4E
:106508000123134443606A7802F10C014180A978A1
:10651800C9077FF56EAF19326AE74FF00A0B7EE7BD
:106528000A2201232270DEE50323DCE5F97684F8EC
:106538000090D3E64FF06803B9762370CEE6797001
:1065480084F800C0CAE6397784F80080C6E6397056
:1065580001F00103618887F801E0033B01F1010BB9
:10656800A4F802B06B5497F90030002BACBF634617
:1065780053462370B2E66288511C6180AB5423787D
:1065880001332370AEE50722FB76227016E76822F6
:10659800BB76227012E701227B7022700EE76288B8
:1065A8003B70002103F00103033B7970511C6180AB
:1065B800AB5497F90030002BC0F2328101232370CD
:1065C80090E56A223B772270F8E66288511C618068
:1065D800AB543B787A78134313F0020340F0D7802A
:1065E8006288511C6180AB546288511C6180AB5435
:1065F8003B78D8064CBF69236A23237072E562880A
:10660800511C6180AB543B781D074CBF672307239F
:10661800237067E562883A83511C6180AB543A78ED
:106628007B7712F0010200F0D08006220833A280A6
:10663800E3800423237055E56288511C6180AB54C4
:106648007B7813F00203CFD0092323704AE5FF2299
:1066580093E54FF006080CE6013B082B3FF63EAEEB
:106668000FF2040B5BF823F0A9660008E562000846
:10667800E56200089566000895660008236700082B
:10668800F16600083D670008D5660008638803F1D5
:10669800010BA4F802B0E9542378013323701DE6F6
:1066A80063883B8303F1010BA4F802B0E9543B78FB
:1066B800797713F001036DD008310623E180A380B8
:1066C800042323700AE600BF28CF0008638803F17B
:1066D800010BA4F802B0E9543B78DB067FF534AF30
:1066E8004FF069032370F9E5638803F1010BA4F8FF
:1066F80002B0E9543B7879780B4313F0020343D195
:10670800618801F1010BA4F802B06B54618801F1B2
:10671800010BA4F802B06B54DEE7638803F1010BA8
:10672800A4F802B0E9543B7819077FF500AF672356
:106738002370D3E5638803F1010BA4F802B0E95490
:106748007B7813F00203E1D04FF009032370C5E50D
:10675800574902EB4200144651F8201057E602A9A7
:106768002844FFF74BFB737FBDF808106288CB1AEB
:106778009BB21A446280727F1A447277E28813448B
:10678800E380338BE95406E608232370A6E5082343
:106798002370A7E40C31E18079784FF00A0B11F0EF
:1067A8000101A4F804B028D0618801F1010BA4F814
:1067B80002B005F801C0618801F1010BA4F802B02C
:1067C8006B54E3880D33E3807AE779780C33E38000
:1067D80011F001014FF00A03A38024D0638801213E
:1067E80058186080E954638859186180EA54E3882E
:1067F8000D331DE74FF002083BE5638803F1010BF9
:10680800A4F802B0E954638803F1010BA4F802B0BC
:10681800E95455E74FF003082BE54FF0040828E545
:10682800662323705EE463885A1C6280E954638897
:106838005A1C6280E954FCE64FF0050819E54FF050
:10684800070816E54FF0080813E54FF0090810E5AA
:106858004FF00A080DE54FF00B080AE54FF00C0859
:1068680007E54FF00D0804E54FF00F0801E54FF07C
:106878000E08FEE44FF01008FBE44FF01108F8E4AE
:1068880077290ED084F800E0C4F802E0A4F806E006
:1068980024E5772B09D000232370C4F80230E38065
:1068A80020E44FF06503237018E56523237019E48D
:1068B80028CF00082DE9F8431F46184B164693F8D1
:1068C800302004463AB393F82B301FB11BB31F1F77
:1068D80018BF0127A1F1020804F5E36901F11E05BB
:1068E80038F8020FFAF7DBFC29F8020FB8F80000B5
:1068F800FAF7E2FCA845A9F82000F1D1084B84F882
:106908005A771B68C4F85C3786F00106012384F8BF
:10691800606784F81937BDE8F88300BFA800002035
:106928008C2D002070B500F27C7400F5B071204603
:10693800FBF7C5F9044B0246186801680D69214642
:106948002B46BDE8704018475C1E0020B0F8E834BC
:10695800B0F8EA249B1A98B21B0444BF00F50070F3
:1069680080B2003818BF01207047D0F8F826B0F878
:10697800E8140132C0F8F826D0F800270132C0F830
:106988000027B0F8EA24914203461FBF811801325C
:1069980091F8EE04B3F8EC141ABF0A40A3F8EA24FD
:1069A80000207047114B93F82D305A1E012A02D847
:1069B8000F48FFF7DABF032B10D10E4AB2F81E3684
:1069C800B2F81C1699420ED0D118013391F822065C
:1069D800B2F820160B40A2F81E367047064B18680E
:1069E80003689B6918470020704700BFA800002073
:1069F800A8060020500F00205C1E00200023A0F8ED
:106A0800EA34A0F8E834024B18680368DB691847D1
:106A18005C1E002010B50748FFF7F0FF064B002268
:106A2800C3F81C26054B18680368BDE81040DB69ED
:106A3800184700BFA8060020500F00205C1E002049
:106A480038B5B0F8EA24B0F8E8349B1A9DB21B04B4
:106A5800084B04461868036848BF05F500751B6AAB
:106A680048BFADB298474319D4F8F006184480B22D
:106A780038BD00BF5C1E0020F8B5D0F8F43690F899
:106A88001877CB1AB3F57A7F04460E4626D2632BC5
:106A980001D800207DE0012F0AD0022F19D0002F45
:106AA800F7D1FFF7CDFFB0F5806FF2D9012305E0EC
:106AB800FFF7C6FFB0F5806F03D9022384F81837B3
:106AC8000CE02046FFF7BCFFB0F5C07FE1D2002301
:106AD800F4E7FFF7B5FFB0F5806FE7D33448C4F8A3
:106AE800F466FAF738FB334D334A2B681168C3F163
:106AF800000C411A614501DB99424BDD10600A2305
:106B08002B601368B3F5FA7FBCBF4FF4FA731360B8
:106B18001268D4F8F83652214A4328496425B1F856
:106B28004C1092FBF1F26B43B3FBF2F35F2B35D8B9
:106B3800552B35D83B2B03D94B2B34BF5B2532253E
:106B480094F81837022B2DD0012B2DD013B9002F14
:106B580018BF33254FF47A73D4F80027314604F26E
:106B68000470FAF797FF94F81837FBB9642D0BD126
:106B7800D4F8F436A3F29A23C4F8F436D4F8F836E5
:106B880003225B00B3FBF2F3C4F8F83684F8FC5632
:106B98000120F8BD002BB4DD013BB1E70025CFE7AC
:106BA8001E25CDE70025D5E73225D3E70023EBE7FF
:106BB800601E002008000020340300204800002048
:106BC80070B5D0F8F43690F81827CB1AB3F57A7F59
:106BD80004460E4614D2032A08D8DFE802F0020958
:106BE8002730FFF72DFFB0F5487F26D8002029E091
:106BF800FFF726FFB0F5AF6F11D9022384F81837D5
:106C0800304B94F81857B3F84C00C4F8F466D4F82D
:106C1800F836032D4ED8DFE805F03716494B2046E5
:106C2800FFF70EFFA328E1D80323E7E7632BDDD99D
:106C3800FFF706FFB0F5AF6FE2D20123DEE70020D1
:106C480084F8180770BD21254FF47A73D4F800270B
:106C5800314604F20470FAF71DFF94F818377BBB2D
:106C6800642D0BD1D4F8F436A3F54873C4F8F43680
:106C7800D4F8F83605229B00B3FBF2F3C4F8F836D3
:106C880084F8FC560120DDE764210F4AB2FBF0F2DC
:106C98004B43B3FBF2F35F2BD6D8552B0CD83B2BC9
:106CA8000CD94B2B34BF5B253225CDE70025CBE72C
:106CB8005D25C9E76425C7E71E25C5E70D46C3E777
:106CC8000023DBE74800002050400100F8B5244FBE
:106CD80004463846FAF708FAFAF782FA064697F9A8
:106CE800A600FAF77DFA05463846FAF706FA1D4B6C
:106CF80094F8FC2693F8353084F87221333384F8FD
:106D08006531442384F86631FF22D4F8683184F869
:106D180074216D2262F31703C4F86831C0F10A00C8
:106D28000023C4F86C3184F8813200B24FF439433F
:106D3800A4F8823280F30700092384F8730184F8E9
:106D4800706104F5B07084F8715184F8843204F5E8
:106D5800AA71FBF78DFA2046BDE8F840FFF7E2BDBF
:106D6800601E0020A80000202DE9F04F044685B0E1
:106D7800B4F82E270092B4F830270192B4F83227DD
:106D8800B0F828670292B4F838270378B0F822E7F9
:106D9800B0F824C7B0F81CA7B0F81E97B0F8208741
:106DA800B0F82677B0F82A570392B0F82C07B4F851
:106DB8001A27A4F87A610026B4F83617B4F834B75D
:106DC800A4F86C21A4F874E1A4F876C184F87C31A5
:106DD800A4F86EA1A4F87091A4F87281A4F878714F
:106DE80084F87D61A4F87E51009AA4F88221019A62
:106DF800A4F88421029AA4F88621039AA4F88C2185
:106E0800FF2284F86521442284F86621D4F8682199
:106E1800A4F88A1184F8813246214FF4F84361F3CB
:106E28001702A4F882322623A4F88001A4F888B1B6
:106E380004F5B07084F88E6184F88F6184F89061ED
:106E480084F89161C4F8682184F8843204F5AA7141
:106E5800FBF70EFA204605B0BDE8F04FFFF762BD1C
:106E6800F0B591B0044600F23A736D4600F25A76D6
:106E7800186859682A4603C20833B3421546F7D141
:106E880020220DEB0200002105F0E8FB94F86027B2
:106E980094F85A370AB943F00203224AA4F8703129
:106EA80092F835202778D4F85C17C4F86C110023C1
:106EB800333284F87331102384F87431D2B284F8F1
:106EC80072716B4604F275160DF1400C1D4603CD28
:106ED8006545306071602B4606F10806F6D14423FB
:106EE80084F86631D4F8683184F865214FF4D27299
:106EF80062F31703C4F868314FF4A053A4F8823240
:106F0800492304F5B07084F8817284F8843204F55A
:106F1800AA71FBF7ADF9204611B0BDE8F040FFF7C4
:106F280001BD00BFA800002070B5244B90F874572D
:106F380093F83530044690F8750784F86F016FF0C0
:106F48006E0084F8700133336FF02A0084F8710101
:106F580084F865311220442384F8720184F866317C
:106F68000020D4F8683184F873014D2060F31703CA
:106F7800C4F868318F2394F8721794F87327B4F81B
:106F8800706784F883320A2384F8741184F88112B4
:106F980004F5B070A4F86C6184F86E5184F875211A
:106FA80084F8822284F8843204F5AA71FBF760F928
:106FB8002046BDE87040FFF7B5BC00BFA800002020
:106FC80010B5224B017893F8352004464FF07E53D4
:106FD800C0F86C310023C0F87031C0F87431C0F8C3
:106FE8007831C0F87C31C0F88031C0F8843184F839
:106FF8008C31442384F866313332D4F8683184F80C
:1070080065214C2262F31703082084F88801C4F82C
:107018006831022049F6010384F88901A4F8823214
:107028000120212384F88A1184F88B0184F88112C5
:1070380004F5B07084F8843204F5AA71FBF718F9E6
:107048002046BDE81040FFF76DBC00BFA800002037
:10705800F0B54E78202E0D468BB0044601F10C0198
:107068003AD8324601A805F05BFB01ABC6F1210214
:107078000021981905F0F2FA3D4B9DF8222093F86B
:10708800353033339A4270D19DF82330442B6CD17C
:10709800BDF82030F62B02D0B3F5FA7F65D1B4F8ED
:1070A8007027A4F870379A421CBF002284F875270D
:1070B800012284F86D276A7984F87227AA7984F8FE
:1070C8007327F62B4FF0020284F8742713D0B3F518
:1070D800FA7F34D000232BE00B4601AA05F12C07D8
:1070E80018685968164603C60833BB423246F7D1BA
:1070F8001B783370C0E71F4B186803685B6A9847B2
:107108000028E7D01C490398F9F7CAFE98B11B4933
:107118000498F9F7C5FE70B119490798F9F7C0FE48
:1071280048B1002384F874379DF82430012B10D11E
:1071380084F8753719E0002384F87437CAE7002308
:107148000F49079884F87437F9F7AAFE0028C1D0C8
:10715800EAE7022BBED194F87527002ABAD084F842
:107168007537084B1B68C4F878370BB0F0BD00BF03
:10717800A80000205C1E002000004040000088425B
:1071880088AC96498C2D00204FF47F430380002360
:10719800C0E90133C0E90333436103767047000057
:1071A80038B50023C0E90733C0E955334362C0F856
:1071B8005C310446FAF7E8FD254B9878022845D05B
:1071C800431F58425841FEF743FB40F2FF13A4F80F
:1071D800EC34204B1B68002503F57A73C4F8F436A9
:1071E80004F20470C4E9A255C4F89052A4F8EA5411
:1071F800A4F8E854C4F8F05684F8FC5684F81857F4
:10720800C4F8F856C4F80057FAF73EFC84F8195742
:10721800294604F21A70402205F020FA7D2384F8EA
:107228005A57C4F85C5784F86057C4F86457C4F8D0
:107238006857A4F86C37A4F8725784F87557C4F8DF
:1072480078572046BDE83840FFF79EBF0120BAE7CF
:10725800480000208C2D002010B40E4A92F82E20F1
:10726800AAB102789AB10C4A0169126840F6C414AE
:10727800511AA14202D910BCFFF786BF416831B943
:107288004169511AFA2982BF42610122027610BC73
:10729800704700BFA80000208C2D00204378032BE6
:1072A80006D1C068B0F5834F34BF00200120704775
:1072B800002070477FB50B46324991F82D1000F138
:1072C80028060229044600F11C02314668461BD1F3
:1072D800FEF7F8FE9DF80030022B50D104F5B0758A
:1072E800324669462846FAF75DFDD4F8683123F03E
:1072F8007F436E2B2FD1244B9A78052A3DD8DFE89F
:1073080002F0303438063038FAF7A6FEE2E75A6C55
:10731800B2F5613F94BF002201222046FFF7BEFF6D
:10732800C8B9C2B194F86E31012B14D894F87231EF
:10733800042B10D11549102204F27B1005F0B2F984
:1073480048B9782384F8883184F8823184F87C310C
:107358002846FEF74FFA204604B0BDE87040FFF714
:10736800E1BA5A6CB2F5E13FD4E75A6CB2F5614F15
:10737800D0E75A6CB2F5164FCCE70122CDE704B03E
:1073880070BD00BFA800002048000020EEC900081A
:107398004378032B07D1C06844F2BF13984294BFC7
:1073A8000020012070470020704700002DE9F04FB1
:1073B800844B0446ABB084481D68FCF7CCFFD4F876
:1073C800683740F6C312EB1A934204D894F96C3725
:1073D800834200F0B6807D4EC4F86857B17884F8CF
:1073E8006C07052998BF7A4B8DF819009CBF33F8B4
:1073F8001180784B8DF8171098BF33F81150237807
:107408008DF814304FF000034FF006078DF8153053
:107418004FF07F0388BF00258DF818303A46B6F83C
:107428004E30ADF80C300DF11A0088BFA846ADF803
:107438000E308DF81670FAF709F97178DFF898911F
:107448003A4608A8FAF7D8F85F48ADF81080ADF8C2
:107458001250FCF769FF40428DF826005A48FCF7A5
:1074680063FF4242D2B220468DF82720FFF790FFF3
:1074780004F5B07504F5AA768046002864D099F81A
:1074880035309DF826109DF9190000913333BDF869
:107498000C1084F88721DDF81A209DF815B09DF8A6
:1074A80016E09DF817C09DF91870BDF80EA0BDF83C
:1074B8001090BDF812800193A4F86C119DF8143057
:1074C800009984F87901C4F87A210898BDF81E203B
:1074D80084F8743184F88611A4F87E21A4F86EA18A
:1074E800A4F87091A4F8728184F875B184F876E1F3
:1074F80084F877C184F87871C4F88001BDF8242035
:10750800A4F88421019A84F86521442284F866212C
:10751800D4F8682184F881324EF68E21AB2361F3CA
:10752800170284F88332C4F8682184F882B21C23D5
:10753800284684F884323146FAF79AFE2046FFF747
:10754800F1F92BB0BDE8F08F0146642211A805F0CF
:1075580085F80DF10C0CBCE80F000AAF0FC79CE8CA
:1075680007006FF02E0387E8070084F86C3199F85C
:10757800357094F8009084F86D811C2384F870317C
:10758800802284F86E9184F86F810AA904F2711040
:1075980005F0C6F8442384F86631D4F8683184F8D5
:1075A800819240F2811262F317033337FFB2C4F8B5
:1075B80068314FF41343A4F8823284F86571852347
:1075C800B6E700BF8C2D00201C1F002048000020BB
:1075D8009ACD0008A6CD0008A8000020BB4B2DE9D5
:1075E800F04F1A68D0F86437D31A122BABB00446A0
:1075F80040F26981DFF8D882DFF8D8B298F8001035
:10760800C0F864278E1E9BF856009BF857207142DD
:107618007141B14E002800F0DD80002A00F0E680BC
:1076280096F9A000F9F7F4FD98F8001096F9A2A0D1
:107638000746881E4142414196F9A100F9F7E8FD45
:1076480096F9A390009098F8001096F9A6008A1E63
:1076580051425141F9F7DCFD96F8A4200290012A25
:1076680096F8A5209D480CBF03250125012A96F808
:10767800AA200CBF45F0080545F00405012A96F834
:10768800AB2008BF45F01005012A0CBF45F02005C6
:1076980045F04005FCF7ECFFF9F716FA9049F9F7C1
:1076A8006BFA04F09DFF8F49F9F766FA03908E484C
:1076B800FCF7DEFFF9F708FA8C49F9F75DFA04F0F0
:1076C8008FFF8B49F9F758FA9BF85A200490002A43
:1076D80040F09A809BF85920002A00F0938098F88F
:1076E800001096F9A6008B1E59425941F9F790FDF2
:1076F80000230393FF23804602932378764801935F
:10770800F9F704FD05907448F9F70EFD704A0690E4
:107718001278022A0CBF96F8A930002320461E468C
:10772800FFF736FE734B93F835303333DBB20793EC
:1077380004F5B07B04F5AA730146002867D0019AC6
:1077480084F86E21002284F86F21059A84F870214C
:10775800069A84F87121029A84F875217F2284F8A8
:10776800762184F87A21039AC4F87B21049AC4F814
:107778007F21079A84F865214422009984F86621BC
:10778800D4F8682184F877114EF68D2161F3170239
:10779800C4F86821019A84F881224FF46062A4F841
:1077A80082221722A4F86C5184F8727184F873A1AC
:1077B80084F8746184F8789184F8798184F8842253
:1077C80058461946FAF754FD20462BB0BDE8F04F4D
:1077D800FFF7A8B852B196F9A100F9F719FD4FF0D3
:1077E8007F0A96F9A3900090FF272CE796F9A0004E
:1077F800F9F70EFDFF2396F9A2A0009307464FF074
:107808007F0920E7002304934FF0FF0875E76C22F7
:1078180008900FA8099304F021FF7F22019B8DF89F
:1078280032208DF83620039A8DF82A30CDF837208B
:10783800059B049A8DF82C30CDF83B20069B0899BF
:10784800ADF828506FF02F0225788DF82D3084F888
:107858006C21029B8DF82B1017228DF8313084F89B
:107868006D11009B84F86F1184F870210AA9802299
:1078780084F86E5104F271108DF833308DF82E7043
:107888008DF82FA08DF830608DF834908DF8358004
:1078980004F046FF442284F86621D4F86821079B47
:1078A80084F8653140F2811161F31702C4F8682148
:1078B8004FF41342A4F882228522099B84F881524E
:1078C80084F884227CE72BB0BDE8F08F8C2D002053
:1078D8006B03002048000020601E00207C0300206D
:1078E80000007A3A00007A44580400200000503919
:1078F80000247449A8000020F0B54E78082E85B001
:1079080005460C4601F10C0717D83246394601A83E
:1079180004F006FF01ABC6F109020021981904F032
:107928009DFE9DF80930032B05D162792A70064A1D
:1079380012682A616B7005B0F0BDC86879683A7A38
:1079480001AB03C31A70ECE78C2D002030B5037827
:1079580095B004461BB34A799A4220D14D784D2DF3
:1079680001F10C011DD82A46684604F0D9FEC5F17C
:107978004E0200210DEB050004F070FE049B6360CD
:10798800190EC3F3072242F2107000FB0122C3F361
:107998000743642101FB0323E360059BA36015B043
:1079A80030BD4E22684604F0BBFEE7E78A68C2F3A2
:1079B80017024C2A14D0942A09D09AB90A4A92F884
:1079C8002E207AB18B79012B0CD1FFF795BF064A8F
:1079D80092F82E2032B18B79012B03D1FFF7B6BF75
:1079E800FFF736BB704700BFA8000020B0F8EA34A4
:1079F800B0F8E824F0B5D21A93B2120444BF03F5E4
:107A080000739BB2DD2B85B0044609D82A4D00F5DA
:107A1800257600F52277286803685B69984708B9D6
:107A280005B0F0BD286803689B699847D4F8F0262C
:107A380001320346C4F8F02631463A466846FAF75A
:107A48000BFB9DF80030022BE5D104F5707532462A
:107A580069462846FAF7A6F9184B93F82D3004F230
:107A68007C76022B294630460FD1FEF7A1F8002379
:107A78009AB282420CD3002329462046C4F8F03635
:107A880005B0BDE8F040FFF791BFFAF718F9EEE747
:107A9800B4F8E814B4F8EC744A1C3A40B4F8EA7440
:107AA80097421EBF0919F75C81F8EE7403F10103D0
:107AB80018BFA4F8E824DBE75C1E0020A80000201B
:107AC8002DE9F0414B4BDFF830811E6898F8003003
:107AD8004A4F022B1EBF0023A0F8EA34A0F8E8346E
:107AE80097F82D30013B012B044600F28180FFF707
:107AF8007DFF97F82E50002D5BD098F80030022BB0
:107B08004BD1012D3ED0022D42D000252046FFF753
:107B1800A3FB94F8193743B1002384F8193797F871
:107B28003030012B4FD0022B50D015B12046FFF733
:107B3800CDF894F86D372BB1002384F86D372046C3
:107B4800FFF7F2F994F87537022B11D1D4F878378A
:107B5800F61AB6F57A7F0BD9B4F87037F62B3ED003
:107B6800B3F5FA7F3DD00023A4F8703784F8753751
:107B7800237E002B3CD0002323762046BDE8F0412D
:107B8800FFF71EBA31462046FEF776FF0546BDE7E9
:107B980031462046FFF714F8F8E7D4F8F436F31A1C
:107BA800B3F57A7F08D2002504F20470F9F76CFF68
:107BB800ACE7C4F8F466F7E73223C4F8F46684F84F
:107BC800FC360125F0E7FFF7CFF8AEE7FFF748F9F5
:107BD8002046FFF703FD2046FFF7E8FBA5E7FAF785
:107BE80007FD074B1A79002ABDD101225A71BAE75D
:107BF800BDE8F0818C2D00206B030020A800002038
:107C08003803002070B54C88B4F5427F03464FF026
:107C180000000AD80D780B2D77D8DFE805F0060F9D
:107C28001C2C2F32383B54575B6DA2F1240462425E
:107C3800488062410A7083F809033EE04D2A01D06A
:107C4800582A06D11A7002220A70002083F8090304
:107C580070BD0022F8E702F0FD003C2801D0212A7F
:107C6800F7D15A701A784D2A0CBF082203220A70DD
:107C780000229A70E9E79A700422DBE79A800522CD
:107C8800D8E7988800EB02229A800622DCE7DA809F
:107C98000722CFE7D88800EB022292B2002ADA80C6
:107CA8000CBF0B220A220A7000224A80012283F8A4
:107CB8000923DB88B3F5407F01D80020C8E70020FE
:107CC80008704880C4E7DA800922B3E79A800A225C
:107CD8000A70EBE7B4F5407F3CBFE41822724A888B
:107CE800013292B24A80D88890429CBF0B220A7017
:107CF800012283F80923E0E783F8082302220870A9
:107D0800488083F809230120A2E708704880D4E757
:107D1800CB88B3F5407F70B531D8242303700B7836
:107D280043704B7883700B784D2B14D1CB88C3707C
:107D38008B88037105230022CD88D4189542A6B2FA
:107D480010FA84F415D891F808232270CA880132F1
:107D5800981880B270BD8B78C3708B8803718B883C
:107D68001B0A4371CB888371CB881B0AC371082314
:107D7800E1E78C180132247A845592B2DCE70020BE
:107D8800E8E700002DE9F74F16464A88B2F5427F2A
:107D980004460D462ED80B780A2B0FD9A3F164029E
:107DA800032A03D90020287068802DE0653B8F4F97
:107DB800022B33D8DFE803F063A4A70000210A2BC5
:107DC800F0D801A050F823F0FD7D0008177E0008C8
:107DD800AD7D0008AD7D00085B7E0008697E000867
:107DE800757E00087B7E0008AD7D0008AD7D00082B
:107DF800E97E0008A6F124077E424FF000007E418C
:107E080068802E7084F8090303B0BDE8F08F6F2EE8
:107E18000CBF642300232B700020F3E716F0040F37
:107E280014BF4D2358233E7023703A78D1070ED4DF
:107E380012F0020F14BF21233E236370C2F3C00364
:107E4800D20648BF43F00203A3700423E3E73C23B0
:107E5800F3E7A68005232B7084F809130020D3E7E5
:107E6800A38803EB0623A3800623D4E7E680072331
:107E7800F1E7E38803EB0623E3806523CBE70DF105
:107E880006007E70F9F716FF3978F9F70BFFA78817
:107E98002179F9F707FF390AF9F704FFE788A1798B
:107EA800F9F700FF390AF9F7FDFE9DF80630B342ED
:107EB80006D000232B706B80032384F80933CDE7A9
:107EC800002F0CBF66230A232B70012384F8093383
:107ED80000236B80E288B2F5407FBFD92B70BDE7E5
:107EE800B2F5407F3CBF121916726B8801339BB202
:107EF8006B80E2889A4201D866232B700123DCE765
:107F08007E806723F9E7B7F8028097F8009008EBBE
:107F180006284FF6FF730DF106001FFA88F8494648
:107F2800ADF80630A7F80280F9F756FE2679B4F8BE
:107F380004A03146F9F750FE4FEA1A21F9F74CFE32
:107F480094F806B0B4F806A05946F9F745FE4FEA8A
:107F58001A21F9F741FE797804F10807F9F73CFE90
:107F680052463946F9F744FEBDF8063043453AD142
:107F780019F0040015D086EA0B01E21D002398B21F
:107F8800824584F8081307D80223012000222A70AA
:107F98006A8084F8093337E712F8010F013341404A
:107FA800EDE7A178F9F7DEF9217984F80803F9F704
:107FB800D9F9A18884F80803090AF9F7D3F9A1794E
:107FC80084F80803F9F7CEF9E18884F80803090A68
:107FD800F9F7C8F9E28884F808033946F9F7C8F9C7
:107FE80084F80803D0E703230020CFE7281D0020EA
:107FF800CB88B3F5407F2DE9F04104460D464AD8B9
:108008004B783C2B40D0A3F12100434243415B0015
:108018002A784D2AAA7808BF43F00403D10748BF3D
:1080280043F0080392074FF02402227048BF43F040
:1080380010036F226270A370AB88E370AB881B0AD1
:108048002371EB886371EB88A71C1B0AA371384660
:10805800F9F792FF0822E071E988A2F108039BB2C0
:10806800561C8B42B6B204EB02080FD3063189B214
:108078003846F9F7D5FD88F80000000AA055E888C9
:108088000A3080B2BDE8F0810123C1E72B441B7A96
:10809800A3543246E0E70020F4E710B50446242054
:1080A800207058206070237100201B0AA170E270B4
:1080B8006371A071E0710522E11CF9F759F920728A
:1080C800092010BD40F2FF3370B50025A0F8203616
:1080D8007D2380F8543A04460560C0F80E53A0F892
:1080E8001E56A0F81C56A0F8425AA0F8445A80F828
:1080F800465AC0F8485AC0F84C5AC0F8505AC0F806
:10810800585A00F6672103460A2600F66D2011F832
:10811800012F0AB1B6FBF2F2814283F8702A83F884
:10812800715AC3F8745A03F10803F0D11522FF21DC
:1081380004F52A6004F092FAC4F8B85A70BD000039
:10814800F8B5134A044692F83000F8B192F82B209B
:1081580003B1DAB18E1E04F5226701F11E0536F867
:10816800020FF9F79CF8AE4227F8020FF7D1012366
:1081780084F8423A94F8453A83F0010384F8433A84
:1081880094F8463A83F0010384F8443AF8BD00BFF6
:10819800A800002070B5061D04460A460146304670
:1081A800FFF7F0FD18B304F6BC2531462846FFF763
:1081B800AFFD0F4B0246186801680E692946B047A3
:1081C80063793C2B13D121890A4804F65A2304F613
:1081D8006622A4EB8404A4F5F7541C3C33F8025F30
:1081E8008D4204BF056844F823509342F6D170BD10
:1081F8005C1E00208C2D002070B5124890F82D00D0
:10820800451E012D0C460AD80F4E8D18AC4200D1E0
:1082180070BD14F8011B3046FFF74CF8F6E7032849
:1082280009D10A4E8D18AC42F2D014F8011B304621
:10823800FFF7B0FFF7E7064B18680368BDE8704022
:108248001B691847A8000020A8060020500F00202E
:108258005C1E0020B0F81C36B0F81E269B1A98B297
:108268001B0444BF00F5806080B2003818BF0120AD
:1082780070470000094B93F82D305A1E012A02D886
:108288000748FEF763BB032B02D10648FFF7E2BF9E
:10829800054B186803685B69184700BFA8000020F1
:1082A800A8060020500F00205C1E002070B500F6C4
:1082B800BC240B4602223C212046FFF7EEFE054B6C
:1082C8000246186801680D6921462B46BDE87040D2
:1082D800184700BF5C1E0020114B37B51A68D0F84C
:1082E800483AD31A122B19D9C0F8482A00F6BC24E8
:1082F800202300F6222001930090C82303223C216A
:108308002046F9F7E1FD074B0246186801680D6938
:1083180021462B4603B0BDE83040184703B030BDB6
:108328008C2D00205C1E00207FB5234B1A68D0F8E6
:108338004C3AD31AC72B04463CD9204DC0F84C2AD6
:108348004FF480732846ADF80830F8F7CDFE06469E
:108358001B48FBF7E9FF01463046F8F7E9FF8DF8BF
:108368000A002846F8F7C0FEF8F7DCFF95F8A930B0
:108378008DF80B0028468DF80C30F8F7C7FE8DF8FD
:108388000D002846F8F7B9FE072304F6BC2401932C
:1083980002AB8DF80E000093032241F20D033C213D
:1083A8002046F9F791FD074B0246186801680D69E8
:1083B8002146A84704B070BD8C2D0020601E002007
:1083C8001C1F00205C1E002030B5214B044687B0DE
:1083D80020481D68FBF7BFFFD4F8503A40F6C31297
:1083E800EB1A934203D894F9543A83422DD0C4F837
:1083F800505A002384F8540A8DF80830F8F7C8FF5B
:10840800154DADF809006978ADF80B0004220DF19F
:108418000D00F9F7F1F8A97806220DF11100F9F726
:1084280015F90F2304F6BC24019302AB0093032231
:1084380041F20E033C212046F9F746FD074B024660
:10844800186801680D692146A84707B030BD00BF0C
:108458008C2D00201C1F0020480000205C1E0020DE
:10846800F8B5354D354E0024FAF780FAFAF786FE4E
:10847800FAF74EFAFAF73CFA3149324801F002FAB3
:10848800FDF7CEF8C5E90444AC60FF232B73FAF777
:10849800D3FB2D4B1C70FAF751F92C4BD02283F8E3
:1084A80032233046FAF77EFA21462846284D03F053
:1084B80061FB4FF47A70FAF775FAC5E902442C614A
:1084C800FAF740FC234B1C70FAF76EF9224B4FF475
:1084D8008072DA60FAF7B6F930464FF09046022714
:1084E800FAF760FAB76241F28830FAF75BFAB761D7
:1084F8004CF25030FAF756FA2846FAF785F9214631
:10850800284603F09BFE154C4FF47A70FAF74AFAA6
:10851800FBF764FD1248FAF777FEB4F84C101148DF
:10852800FAF778FFFAF7EEFD0F4B1048616C186008
:10853800FAF75AFDF8BD00BF1C1F0020E0930400A5
:10854800CE0000202C1D00201000002000E100E0DB
:10855800381F0020110000200008005848000020A3
:10856800741D00205A1E00205C1E002018000020E8
:1085780073B51648164C4FF6FF7103F03BFC2060AC
:1085880023689B0712D5134E35798DB10F48082300
:108598006A46002103F0BFFAD6E90402DDE90013B8
:1085A8009A4208BF884201D00023236002B070BD00
:1085B80002236A460548294603F0ADFA064BDA8BD2
:1085C800BDF800309A4218BF2560EFE71C1F002055
:1085D800940600203803002048000020184B4FF470
:1085E800807273B5DA601748174C4FF6FF7103F0C5
:1085F800DEFE206023689B0712D5144E35798DB1B5
:10860800104808236A46002103F0F2FDD6E9040267
:10861800DDE900139A4208BF884201D00023236095
:1086280002B070BD02236A460648294603F0E0FD01
:10863800074BDA8BBDF800309A4218BF2560EFE788
:1086480000080058381F002090060020380300203A
:1086580048000020034A00231370034A1370034A9A
:10866800137070479F0600206C1F002070030020C5
:10867800024A00231370024A137070479F060020B5
:108688006C1F002008B5437E203B042B0FD8DFE881
:1086980003F0050E030B0F00FCF752FB064A0123FB
:1086A8001370064A137002E0054B01221A7008BDC8
:1086B800FBF788FCF2E700BF9F0600206C1F002034
:1086C80070030020034B1B78012B01D1FCF7CEBAB5
:1086D800704700BF9F0600202DE9F043074699B078
:1086E8003D48FCF7AFFE0646002860D03B4B1C789F
:1086F800002C5CD13A4B1B78022B54D1DFF8E49064
:108708000DF10C0825464846ECB2FFF7B3FD40B121
:108718004846FEF747F90135522D08F8010BF2D10A
:108728002C4631482146F9F79BF93048F9F792F978
:10873800DFF8A4802E4D98F802308DF800304FF005
:10874800010995F8A4308DF80530284685F8A570FC
:108758008DF806708DF80190F8F7C6FC8DF80200C8
:108768002846F8F7D3FC8DF803002846F8F7DCFC18
:10877800204F8DF804000EB3184B1B78CBB91E4858
:10878800234603AA6946FCF783F9194801233B707D
:10879800F8F7D8FC1648F8F7DEFC012388F8033010
:1087A80019B0BDE8F0830F48FEF734F9C0E700249C
:1087B800BEE711486946FFF785FFE6E73B7803B94E
:1087C800FEE70D486946FCF7AFF8284687F80090A1
:1087D800F8F7BDFC2846DEE7501F00206C1F00207C
:1087E8006B03002014000020C41E00209C1E0020E3
:1087F800601E002031030020FF1D002070B5CB78DB
:10880800284DC3F3000385F8AA304B79C3F38013CE
:1088180085F8AB300646C87840080C46F8F7DAFC0D
:1088280085F8A60023792048C3F3000385F8A7300C
:108838002379C3F3450385F8A8306379227903F0D7
:108848003F035B0043EAD21385F8A93021461EB9DD
:10885800BDE87040FBF79CBFFBF7D9FFA37803F096
:10886800F003202B04D12046BDE87040FFF70ABF73
:10887800FFF7FEFE0D4B1B78022B12D1A2790C4894
:1088880004F119015208FFF7B7FCA17905F1780046
:108898004908F9F7E5F805F15000BDE87040F9F727
:1088A800D9B870BD601E00207C1D00206B0300201D
:1088B8001400002070B5054658B9194B19491C78A1
:1088C800194803794BB1012C28D0BDE87040F9F75D
:1088D800D7BA164B16491C78F2E7012C154B164EE1
:1088E80013D98A78C2F3C0025A7002221A70E31EA2
:1088F80058425841FFF782FF3046F8F7EFFB032C48
:1089080005D13046F8F7EDFB01E001221A7086F830
:10891800A4500948BDE87040F8F7DEBB70BD00BF41
:108928009C060020C81F0020380300209D06002058
:1089380023200020501F0020601E00200A4B1A79B7
:1089480010B504462AB10146BDE810401846FCF7A8
:10895800C5BCFFF7C1FE054B05491B7F20465B22BE
:10896800BDE81040FCF776BC380300204800002022
:10897800FF1D0020244B1A7970B505460E4632B10A
:108988000A46BDE8704001461846FCF703BF1F4A77
:108998001F495B23FCF74CFC45BB1D48FBF7C2FE97
:1089A800044628B31B491C48F9F7E4FC05F13001DB
:1089B8001948C9B2F9F7D2FC18491748F9F7DAFC8F
:1089C800204602F0B1FF01461348F9F7D3FC1248DC
:1089D8000A21F9F7C3FC012C06D0042C11D001247C
:1089E8000F492846FCF7B8FC204670BD0748D5E774
:1089F8002EB10C48FAF7BEFC0CB10224F0E70324B0
:108A0800EEE7002EF9D0F4E73803002023200020F9
:108A1800C81F0020FFC900080C00002006CA000873
:108A2800601E00205A1E0020024B1878831E5842F0
:108A3800584170476B03002070B500239CB2A242D6
:108A480000D870BD058886886C1C34404688A642CC
:108A58001EBF2D18CE5CAE7103F1010318BF048050
:108A6800ECE700002DE9FF47B0F81E36B0F81C26E9
:108A7800D21A93B2110444BF03F580639BB2E62B6C
:108A880004460CD8744EDFF8D49100F21C6704F247
:108A98001238306803685B699847054610B904B016
:108AA800BDE8F087306803689B69984704F20E3187
:108AB80002464046FFF7A6F80028EAD094F8133398
:108AC8003E2B52D1B4F81633B3F5005F32D194F887
:108AD800983A7BBB039304F2273004F69F214FF0AA
:108AE800010C11F8012FFF2A0FD04FEAD20E02F025
:108AF800070210F80EE04EFA02F2D20741BF039ABD
:108B08000CFA03FE42EA0E0203920133152BE8D158
:108B1800042304F6BC2A019303AB009302223E21EE
:108B280042F6FF735046F9F73FFA51460246384677
:108B3800FFF782FFB4F81633772B47D11522FF21B0
:108B480004F52A6003F08AFD0023B4F818E304F260
:108B580019359C469AB2964523D894F8145384F84C
:108B680098CA85F00205C5F3400594F81333212B04
:108B780044D1B4F8163341F20D02934236D041F293
:108B88000E02934236D0002D81D004F6BC25414612
:108B98002846FFF72DFA294602463846FFF74CFFCC
:108BA80075E715F801AF2E4A00201179514507D114
:108BB8005179142904D8214481F8A03A0133C9E72E
:108BC80001303B2802F10802EFD1F7E743F2010236
:108BD8009342CAD194F81233582BC6D1214B1D7930
:108BE80015B901225A71C0E70025BEE7012384F8B0
:108BF800453A4CE7012384F8463A48E73C2BC2D172
:108C0800B4F816A3BAF1440FBDD194F81233582B17
:108C1800B9D13068D4F81A5303685B6A98470028BA
:108C28003FF435AF4D457FF432AF0F4B1B68C4F8A6
:108C3800B83A04F6BC250023CDE900330222534696
:108C48003E212846F9F740F9024630680168D1F814
:108C580010802946C0471AE75C1E002091D51200F3
:108C680008E60008380300208C2D00202DE9F04785
:108C78003A4B1B78022B04460CD00023A0F81E3672
:108C8800A0F81C3690F86D3A13B10A22B2FBF3F340
:108C980084F8983A324B93F82D30032B2DD1204687
:108CA800FFF7E0FE94F8422A3AB1002384F8423AEA
:108CB8002046BDE8F047FFF70FBB94F8433A33B1BD
:108CC80084F8432A2046BDE8F047FFF72DBB94F807
:108CD800448AB8F1000F06D084F8443A2046BDE82B
:108CE800F047FFF771BB1F4B1E68D4F8583AF31AC8
:108CF800632B04D8D4F8B83A4BBBBDE8F087C4F866
:108D0800586A254604F65C2704F1300940F6AB5A48
:108D180095F8702AAAB195F8713A0133DBB29A42F4
:108D28000BD885F8718AD5F8743AF31A534508D9DF
:108D380039882046FFF7BAFA03E085F8713A002B24
:108D4800F1D008354D4507F10207E1D1D2E7F61A0F
:108D5800B6F57A7FD1D9F9F74BFC00BF6B03002039
:108D6800A80000208C2D00202DE9F0437E4D2B78A3
:108D7800012B85B000F2CE800BB9F9F789FCFFF71B
:108D88006FFB7A4B00221A809A70794B08229A62FC
:108D980007244CF25030013CF9F7DAFDF9F702FEEE
:108DA80014F0FF04F5D1734803F053F8013880B28A
:108DB8004FF6FD76B04203D96F490120FCF732FB2C
:108DC8006E4803F08BFB013880B2B04202D96C497F
:108DD8000220F3E76B4B1C606B4B1C606B4C94F8E8
:108DE800563013B994F858301BB169496148FBF7FC
:108DF800C1FA94F8573013B994F859301BB1654942
:108E08005E48FBF7BBFB6448644FFBF7C7FF94F869
:108E18002A30029394F829300193A38D009394F893
:108E28002830626A94F820103846FBF7B5FB94F8AE
:108E38003A30029394F839300193A38F009394F851
:108E4800301094F83830626B07F1DC000026FBF72D
:108E5800A3FB534B3E74FF2287F8EC6038461A7028
:108E68005A70FBF705FC0146424802F0A8FE07F1DC
:108E7800DC00FBF7FDFB0146404803F002FA494BD2
:108E880049481E70494B1E70494B1E80494B1E7045
:108E9800494B1E70494B1E70494B1E70494B1E7042
:108EA800494B1E70494B1E70FFF7D4FB484BB4F872
:108EB8004E201E70474B94F840101E70464B1E7093
:108EC800B4F84C30F8F7CFF8B4F84C104348F8F73A
:108ED8000FFC4348FCF7AEFA424B434893F829107D
:108EE80000F0DDFC4148FEF75BF94148FFF7EAF87E
:108EF80094F8563013B994F8583053B31D48FBF71B
:108F08002AFA3C4A002313803B4A1380FAF704F9F3
:108F1800FF232B70FAF70AF91C4C002800F0938005
:108F2800234A13880BB1013B1380204B0F4A197851
:108F38001388022911D1A3B1013B9BB21380927807
:108F4800002A5BD0002B62D1F9F7F4FCF9F700FD99
:108F58005DE00A48FBF7EAFAD3E7002BECD1C72318
:108F6800ECE740F2F313E9E7A11D00209806002082
:108F7800000400481C1F002008CA0008381F0020F1
:108F880012CA00089006002094060020480000201D
:108F98004C00002058000020380300207C030020EB
:108FA800A21D00209E060020601E00206B030020EA
:108FB8006E0300206C030020680300206903002072
:108FC8006A0300209D0600209C060020A0060020C1
:108FD80073030020720300208C060020581F002015
:108FE800501F0020A80000202C1D0020A8060020EB
:108FF800500F0020681F00206A1F002002299C488B
:1090080040F0BA800BB9F9F795FC08238362994EB2
:109018003388002B00F0B680013B9BB29648338022
:10902800FBF777FF94F8563023B994F85830002BA3
:1090380000F0AB809148FBF78EF933881BB9904953
:109048009048F9F797F9904F3B78002B00F0A180F2
:10905800022B00F0DB8094F856301BB994F8583096
:10906800002B2CD0894E33684BB33B78032B40F050
:10907800D9803368DB070DD5854A00233360137820
:1090880043F00101117094F85A200AB1980701D5EC
:1090980000233B70336893B133689A0548BF33683F
:1090A80033687C4A9B0748BF33683368D80748BF92
:1090B800336800231370784A33603B70137094F858
:1090C80057301BB994F85930002B2CD0734E3368A5
:1090D8004BB33878032840F0B8803368D9070DD5EA
:1090E8006B4A00233360137843F00201117094F83F
:1090F8005A200AB1DA0701D500233B70336893B1CF
:109108003368590448BF336833689A0748BF3368DF
:109118003368604ADB0748BF3368002313705E4A30
:1091280033603B7013705E4B1A7802F0FF09002A17
:1091380000F07E824FF0000883F8008094F85630E3
:1091480094F85700002B00F0CB80002800F07881BD
:109158005149504A0B78002B40F0B0801678B6EB96
:10916800080618BF01261378012B00F2E682002EAC
:1091780040F0E982354666E110228262002B7FF4D6
:1091880046AFE3E640F2E73348E74648FBF7CEF957
:1091980053E7454B1B7813B14448FBF7AFFA4348F4
:1091A800FBF766FA0146354802F009FD4048FBF72F
:1091B8005FFA01463B4803F064F894F8563053B11F
:1091C8002E484FF6FF71F9F7DFFA02F08EFD2B48B3
:1091D800002102F0BEFD94F857305BB131484FF6DC
:1091E800FF71F9F725FB03F0D6F82E48002201217C
:1091F80003F00EF9274A01233B7000231370264A17
:109208001370264A1360214A136024E72948FBF7A4
:10921800CBFF294B187AFFF791FB03233B701C4ABD
:109228000023EDE7012B7FF435AF336899077FF50D
:1092380031AF184B1978B1FA81F100204909306033
:10924800FFF798FB144B187024E701287FF456AFFA
:1092580033689B077FF552AF002333600E4B1978B4
:10926800B1FA81F14909FFF785FB0A4B187045E708
:1092780000040048681F0020380300201C1F00203D
:109288001DCA00080C0000209E060020940600203D
:10929800A00600209D0600209C06002090060020C5
:1092A80071030020381F00206B0300207C0300207E
:1092B80058040020A21D0020581F0020012B06463C
:1092C8003FF451AFA94B93F9A100009093F9A03056
:1092D80012780978A6483546F8F7EFF946460EE0C1
:1092E800002800F0AD80A34B1B78012B8CBF012513
:1092F80000250CBF01260026002B00F0A480FFF7F4
:10930800D9FA94F8582094F85930002A00F09F8030
:10931800002B00F0A180954B974993F9A12000926A
:10932800944A93F9A030127809789448F8F7FAF932
:109338002DB9934B1D77DD831D62924B1D70DFF8AD
:10934800488298F80010012900F2B180ADB1874A2F
:1093580092F8A8303E2B00F2898092F8A7008B4A39
:10936800002840F0908092F810C09C4579D0517C3C
:109378001374994273D92E46002598F80030002BB3
:1093880000F0BD80824B1B88002B00F0E980814BE8
:1093980000221A7098F80020002A00F0C8811DB930
:1093A80001221A7002233B707B48FAF792FF7B4830
:1093B800FBF7B1F898F80030022B02D0784B002266
:1093C8001A70784A13880BB9B4F84E30013B9BB237
:1093D800138013B96548F7F7CAFE6448F7F77BFEB0
:1093E80098F80030022B0CD06048F7F724FE98F864
:1093F800003033B9FFF73CF96B4A012313706B4A0D
:1094080013706B4D2846F9F7E3FE6A78694B012A19
:1094180004D100216970197901B95A716548FBF7BF
:10942800A1FDFBF7B7FD0128054600F0CF80022813
:1094380000F0FA80604B05221A7005B0BDE8F08391
:109448004D4B51E70546564B01221A7059E71BB19F
:109458004A4B01221A726BE7484B0022FAE7107454
:1094680089E75648027842F001020270544849BB25
:109478003F2B524B01704FF0010228BF032188F89F
:109488000020197016E092F8EC0098420AD092F881
:10949800ED1082F8EC3099423FF66DAF002382F868
:1094A800EC3068E74548027842F00202DDE7002D1B
:1094B8003FF463AF364BB4F850201A8002233B7058
:1094C8004D465AE703783F4901330A78DBB2037007
:1094D8006AB994F854209342ECD3384B1B78032B89
:1094E80007D1022388F8003001230B70E2E7052238
:1094F800F1E7531EDBB293420370F2D2DAE706B10A
:109508003B70314EB4F8522033780133DBB29342CA
:10951800337005DB1D48FBF7F1F8002333703B700F
:10952800DFF868904846FBF7B9F8064609F1DC0011
:10953800FBF7B4F8864200D0FEE7002E3FF427AFD1
:1095480099F8D500F8F798FA81B21A48FBF7D4FCD5
:1095580000233B7098F80030002B3FF418AF11E758
:10956800194A88F8003013703B7010E7601E00201D
:10957800A01D00209D0600209C060020581F0020EA
:10958800A8060020500F00206B0300207C03002059
:109598006E0300208C0600201C1F0020381F0020AE
:1095A800501F00206A1F00209F0600206C1F00200B
:1095B800741D002038030020730300206803002076
:1095C8006C0300206A030020690300205F48FBF752
:1095D8004DFCB4F84C305E4A5E4803EB830303EB62
:1095E80083039B001380F9F7C5FE5B4BB4F84C204E
:1095F80083F8D45041F28831B1FBF2F10022A3F88C
:10960800D610A3F8B211A3F8D82083F8B051A3F864
:10961800B421524B1021996108219962504B88F866
:1096280000209D703A7005E74E4B01221A7001E741
:109638004D494E4A0B781BB1013BDBB20B7013B19D
:109648001378002B34D04A4E4A4896F82810002444
:10965800147000F04FF9484B1B78022B46D1474F46
:10966800474897F80090F7F73FFD80464448F7F7DA
:109678004DFD444923464A46CDE900803D4800F067
:1096880051FC3C48FCF736F83A783F493F482346B6
:10969800FDF710F93A783C493D482346FEF750FD5E
:1096A80096F8263096F8332036493A48FBF7A6FD57
:1096B800304800F047FD3548FEF702FA3448FFF716
:1096C800D5FA284B1B78002B3FF4B7AE3248FAF78F
:1096D80000FE3248FAF71FFF204B08229A61102239
:1096E8009A61FAF75FFC01232B70A6E62C4B1B78D6
:1096F800C3B16FF07E03009301231A4621491D4828
:10970800019400F00FFC1B4800F00BF901231A46E6
:109718001D491E48FDF7CEF801231B491C481A466F
:10972800FEF70EFD1B4B96F826205A70C0E73B78D3
:1097380013F0FD0F3FF438AE40E6002E3FF482AE42
:109748004FF00008BEE5B0460026BBE53803002010
:10975800440000205A1E00207C030020000400481A
:109768009806002070030020730300207203002075
:10977800A80000202C1D00206B0300208C06002070
:10978800601E00207C1D0020501D0020A80600201F
:10979800500F0020A21D00201C1F0020381F002091
:1097A8006A03002008B5FFF7DFFAFCE71E4B1F4AE3
:1097B80010B51A601E4B1F4A1A601F4B1F4A204CD7
:1097C8001A605A619A62DA631A651E4A5A669A677B
:1097D8001D4AC3F88C20204600F048F81B4B236034
:1097E8001B4B002240F2FF11C3F8E824C3F8EC1425
:1097F800184BC3F81C26C3F8502A7D2283F8542A34
:10980800154A40F2FF31506AC3F82016916A03F6F0
:109818005C2403C4D06A2060106B928EC3F8680A77
:10982800A3F86C2A10BD00BF1C1F002028CA00081E
:10983800381F002050CA0008601E002084C9000894
:109848002C1D00206CC9000878C90008D8CA000877
:10985800A8060020500F00205CC7000870470020B1
:1098680070470020704700207047000010B5044B77
:109878000446012140F8043BF7F78AFB204610BD57
:10988800E8E7000838B5242204460D46FF230021E6
:1098980003618182104402F0E1FEE56038BD38B50D
:1098A8000D46017CA942044615D0012918D0022989
:1098B80012D011B903685B6898470023012D6374BF
:1098C800257413D0022D0ED02DB923685B680121B1
:1098D80020469847607438BD0368DB680021EBE7D1
:1098E80003689B68FAE72368DB68F0E72368294682
:1098F8009B68EDE70430F7F759BB037C012B10B5E3
:109908000ED100F1160301F10C0251F8044B43F893
:10991800044B9142F9D10A881A8040F2011343821C
:1099280010BD037C012B0BD148F28113C3824FF485
:1099380001420023C0E90632038440F20113438246
:109948007047F0B5054689B008880C4616461F468C
:10995800F7F796FC9DF806308DF8050023F007030D
:10996800C0F30220034360888DF80630F7F788FCBF
:109978009DF8063000F01F0203F0070343EAC20314
:109988008DF806309DF80730C0F3451023F03F03EB
:109998000343A0888DF80730F7F772FC9DF807306D
:1099A80000F0030203F03F0343EA82138DF8073007
:1099B800C0F387038DF808309DF80930C0F3802084
:1099C80023F001030343E0888DF80930F7F758FCCA
:1099D8009DF8093000F07F0203F0010343EA4203D7
:1099E8008DF809309DF80A30C0F3C31023F00F0337
:1099F800034320898DF80A30F7F742FC9DF80A30B6
:109A080000F00F0203F00F0343EA02138DF80A3047
:109A18009DF80B30C0F3061023F07F0303436089E1
:109A28008DF80B30F7F72CFC9DF80B3000F0010295
:109A380003F07F0343EAC2138DF80B30C0F34703EA
:109A48008DF80C309DF80D30C0F3412023F003034E
:109A58000343A0898DF80D30F7F712FC9DF80D30FF
:109A680000F03F0203F0030343EA82038DF80D3050
:109A78009DF80E30C0F3841023F01F030343E089E0
:109A88008DF80E30F7F7FCFB9DF80E3000F007025A
:109A980003F01F03C0F3C70043EA42138DF80F0019
:109AA800208A8DF80E30F7F7EBFB9DF811308DF812
:109AB800100023F00703C0F302200343608A8DF8E7
:109AC8001130F7F7DDFB9DF8113000F01F0203F0AD
:109AD800070343EAC2038DF811309DF81230C0F332
:109AE800451023F03F030343A08A8DF81230F7F79F
:109AF800C7FB9DF8123000F0030203F03F0343EA6E
:109B080082138DF81230C0F387038DF813309DF857
:109B18001430C0F3802023F001030343E08A8DF85A
:109B28001430F7F7ADFB9DF8143000F07F0203F016
:109B3800010343EA42038DF814309DF81530C0F351
:109B4800C31023F00F030343208B8DF81530F7F76C
:109B580097FB9DF8153000F00F0203F00F0343EA5E
:109B680002138DF815309DF81630C0F3061023F057
:109B78007F030343608B8DF81630F7F781FB9DF860
:109B8800163000F0010203F07F0343EAC2138DF898
:109B98001630C0F347038DF817309DF81830C0F31E
:109BA800412123F003030B43A08B8DF81830F7F7FE
:109BB80067FB9DF8183000F03F0203F0030343EA07
:109BC80082038DF818309DF81930C0F3841023F003
:109BD8001F030343E08B8DF81930F7F751FB9DF80D
:109BE8001930218C00F0070203F01F0343EA4213E7
:109BF8008DF81930628C40F2A953994288BF01212F
:109C0800C0F3C70098BF00219A428DF81A0088BF98
:109C180041F002010EB141F004010FB141F0080119
:109C28000F238DF8043000238DF81C302B688DF835
:109C38001B101B68192201A92846984709B0F0BDD6
:109C480030B5054689B008880C46F7F726FB9DF81D
:109C580008308DF8070023F00703C0F30220034300
:109C680060888DF80830F7F718FB9DF8083000F089
:109C78001F0203F0070343EAC2038DF808309DF87A
:109C88000930C0F3451023F03F030343A0888DF843
:109C98000930F7F702FB9DF8093000F0030203F0E2
:109CA8003F0343EA82138DF80930C0F387038DF828
:109CB8000A309DF80B30C0F3802023F001030343E2
:109CC800E0888DF80B30F7F7E8FA9DF80B3000F0D4
:109CD8007F0203F0010343EA42038DF80B309DF83D
:109CE8000C30C0F3C31023F00F03034320898DF811
:109CF8000C30F7F7D2FA9DF80C3000F00F0203F0A1
:109D08000F0343EA02138DF80C309DF80D30C0F3B1
:109D1800061023F07F03034360898DF80D30F7F7B1
:109D2800BCFA9DF80D3000F0010203F07F0343EA0E
:109D3800C2138DF80D30C0F347038DF80E309DF82F
:109D48000F30C0F3412023F003030343A0898DF8AB
:109D58000F30F7F7A2FA9DF80F3000F03F0203F03A
:109D6800030343EA82038DF80F309DF81030C0F3E7
:109D7800841023F01F030343E0898DF81030F7F7B0
:109D88008CFA9DF8103000F0070203F01F03C0F3AF
:109D9800C70043EA42138DF81100208A8DF810306D
:109DA800F7F77BFA9DF813308DF8120023F00703BC
:109DB800C0F302200343608A8DF81330F7F76DFA79
:109DC8009DF8133000F01F0203F0070343EAC203B3
:109DD8008DF813309DF81430C0F3451023F03F037D
:109DE8000343A08A8DF81430F7F757FA9DF814301A
:109DF80000F0030203F03F0343EA82139DF81620A4
:109E08008DF81430C0F387038DF8153022F0010265
:109E1800C0F380231343E08A8DF81630F7F73DFA34
:109E28009DF8163000F07F0203F0010343EA420375
:109E38008DF816309DF81730C0F3C31023F00F03C8
:109E48000343208B8DF81730F7F727FA9DF8173062
:109E580000F00F0203F00F0343EA02138DF81730E6
:109E68009DF81830C0F3061023F07F030343608B7E
:109E78008DF81830F7F711FA9DF8183000F0010244
:109E880003F07F0343EAC2139DF81A208DF81830B7
:109E9800C0F347038DF8193022F00302C0F34123C1
:109EA8001343A08B8DF81A30F7F7F7F99DF81A309D
:109EB80000F03F0203F0030343EA82038DF81A30EF
:109EC8009DF81B30C0F3841023F01F030343E08B7D
:109ED8008DF81B30F7F7E1F9019B03F07F42104B37
:109EE800134301939DF81B3000F0070203F01F0392
:109EF800C0F3C70043EA42138DF81C000DF10601B8
:109F0800172200208DF81B30F7F732FA2B688DF8EE
:109F18001D001B681A2201A92846984709B030BDC0
:109F2800C81816002DE9F04700F124079DF920A074
:109F38009DF8249090461E4604463B4601F12402B3
:109F480051F8040B43F8040B9142F9D1251D394609
:109F58002846F7F74FF8E1684B7966B1042B77D8B4
:109F6800DFE803F07C76345C03004FF00423C4E997
:109F780009330026B046E3681D796B1E0B2B07D802
:109F880050460435F7F752F9EDB204EB45056884FD
:109F9800E3681D7B6B1E0B2B07D848460435F7F783
:109FA80060F9EDB204EB45056884637C002B55D05D
:109FB800237C012B46D013F0FD0F4FD13346424688
:109FC80039462046BDE8F047FFF7BBBC01F1130353
:109FD80004F1220001F11F054FF0780C13F9012F4D
:109FE800C2EB8222AB4292FBFCF202F5806220F8BF
:109FF800022FF3D104F13A02233140F2FF7513F82E
:10A00800010F48B102280CBF28464FF480609942DE
:10A0180022F8020FF3D1AEE70120F8E704F122039A
:10A0280004F146024FF4806123F8021F9342FBD1EA
:10A0380002212846F6F7FCFF103004EB400000230D
:10A04800838098E739462046BDE8F047FFF7F8BD1A
:10A05800042B90D813F0FD0F8DD0E9E7BDE8F08709
:10A0680030B54B7B032B85B005460C4642D191F9A0
:10A078000000F7F757F98DF8030094F90100F7F796
:10A0880051F9A3788DF80530E3788DF804008DF840
:10A098000630207B23798DF80730F7F73BF98DF8E8
:10A0A800080094F90600F7F710F98DF8090094F9FB
:10A0B8000700F7F737F9237A8DF80B30637A8DF8B4
:10A0C8000C3040F6C8438DF80A00ADF800300DF1A9
:10A0D800020114230B2200208DF80230F7F748F90B
:10A0E8002B688DF80D001B680E2269462846984794
:10A0F80005B030BD022B03D1FF238DF80330BCE738
:10A1080091F90000F7F70EF98DF80300FF20B8E782
:10A11800837C10B5044633B1F9F72AF8E37C1BB108
:10A128000023A082E37410BDA28A801A80B2B0F521
:10A138007A6FF8D9A37404F116012046BDE81040DF
:10A14800FFF78EBF427C22B1037C012B01D1FFF7C0
:10A15800DFBF704730B59BB0202200210BA802F06A
:10A168007DFA1822002102A802F078FA1C4A136826
:10A1780023F4C06343F400731360136803F4C063EB
:10A188000193019B01224FF48033CDE9082300237A
:10A198000A9310210623CDE915134FF40033022446
:10A1A800032517934FF0005C4FF0007308A8CDE922
:10A1B8001345CDE9183C00F03BFB08B172B6FEE749
:10A1C800CDE90400CDE906004F23214602A8CDE9D8
:10A1D800023500F0C7FD08B172B6FEE71BB030BD0E
:10A1E80000040058104B07B51A6842F480721A60D0
:10A1F8001A6842F400721A601A6822F480621A60BF
:10A2080000F096F8FFF7A6FF4FF0B043DA6C42F083
:10A218000102DA64DB6C03F001030193019B03B0D4
:10A228005DF804EBFFF7BEBA004000587047FEE740
:10A23800FEE7FEE7FEE7FEE7704770477047F8F76E
:10A2480085BF70470D488546FFF7FBFF0C480D4951
:10A258000D4A002302E0D458C4500433C4188C4279
:10A26800F9D30A4A0A4C002301E013600432A242DF
:10A27800FBD302F029FAFFF7B5FFFEE70000012043
:10A288000000002028000020D4E800082800002052
:10A29800C82D0020FEE770474FF0B04310B59A6B09
:10A2A8004FF0FF329A63D96BDA630024996B9C6391
:10A2B800D96BDC63196C1A64196C1C64596C5A6488
:10A2C800596C5C64996A9A62996A9C62D96ADA6282
:10A2D800D96ADC62196B1A631A6B1C63FFF7DBFF20
:10A2E800204610BD38B5104C237805460BB901201F
:10A2F80038BD00F08DFA22784FF47A73B3FBF2F38D
:10A30800B0FBF3F000F074F804460028EFD10F2DED
:10A31800EDD8024629464FF0FF3000F037F8034BDE
:10A3280020461D60E4E700BF200000202400002034
:10A3380010B5032000F018F800F06AFA064B186010
:10A348000F20FFF7CFFF044618B9FFF76FFF20462D
:10A3580010BD0124FBE700BF1C000020014B18685A
:10A36800704700BF8C2D00200749CA6822F4E062BC
:10A378000302120403F4E063120C134343F0BF63B7
:10A3880043F40033CB60704700ED00E0164B30B566
:10A39800DC68C4F30224C4F10703251D042B28BF7D
:10A3A8000423062D4FF0FF358CBF033C002405FA2B
:10A3B80003F321EA0303A54022EA0502A34000288B
:10A3C80043EA0203ACBF00F16040084A4FEA0313B6
:10A3D800B8BF00F00F00DBB2AABF00F5614013540C
:10A3E80080F8003330BD00BF00ED00E014ED00E060
:10A3F8000138B0F1807F0BD24FF0E023054A586155
:10A40800F02182F823100020072298611A61704712
:10A418000120704700ED00E00A4A536943F48023A5
:10A4280030B55361EFF3108472B60023CD58C55090
:10A438000433B3F5807FF9D11369DB03FCD484F3CB
:10A44800108830BD00400058064B5A69002ABFBF2B
:10A45800054A9A6002F188329A60BABF5869C00FFB
:10A46800002070470040005823016745044B5A6993
:10A4780042F000425A615869C043C00F704700BF9C
:10A488000040005870B50546FFF768FF124E0446B5
:10A498003369D90313D43369DA0744BF012232611F
:10A4A8004CF2FA32134011D10B4E306910F480206F
:10A4B8000BD0FFF753FF001BA842F6D304E0FFF7C9
:10A4C8004DFF001BA842E3D3032070BD024A13616D
:10A4D800024A01205360F8E700400058902D002000
:10A4E8002DE9F041184D98462B78012B06460C466D
:10A4F800174626D001232B704FF47A7000236B6027
:10A50800FFF7C0FFA0B9012E16D1104A536943F0D6
:10A51800010353612760BFF36F8FC4F804804FF4C1
:10A528007A70FFF7AFFF094A536923EA06035361BC
:10A5380000232B70BDE8F08139462046FFF76CFFF9
:10A54800EDE70220F6E700BF902D002000400058FC
:10A55800054A536923F47E7343EAC00040F480300F
:10A5680040F0020050617047004000582DE9F0416A
:10A57800234F3B78012B054688463FD001233B708B
:10A588004FF47A7000237B60FFF77CFF044688B99C
:10A598002B68042B13D11B4A536943F4803343F0CF
:10A5A800040353614FF47A70FFF76CFF0446154BB0
:10A5B8001A681B6800233B702046BDE8F0814FF005
:10A5C800FF33C8F800306E68D5E901321344B3424E
:10A5D8000AD93046FFF7BCFF4FF47A70FFF752FFF5
:10A5E80050B1C8F800600446064A536923F47E73E4
:10A5F80023F002035361DAE70136E5E70224DBE7DB
:10A60800902D002000400058024A136843F48073DC
:10A618001360704700040058024B186800F4C060CB
:10A62800704700BF000400584FF0B0431868C0F3EB
:10A63800404070474FF0B0431868C0F3400070477F
:10A648004FF0B042536823F47F4343EA002353603A
:10A6580070474FF0B0431868C0F34060704700007F
:10A668007FB54FF0B0432C4AD3F80831C0F303103C
:10A6780003F00F0352F82040284A52F82330B4FB65
:10A68800F3F4FFF7C9FF264B054693E80700B5F535
:10A69800007F04AB03E9070010D0224B9C4218D37B
:10A6A80003F5B70303F67F539C4229D903F57413C6
:10A6B80003F510639C4225D802230BE01A4B9C42F9
:10A6C80007D91A4B9C421BD903F5370303F5D85316
:10A6D800F0E7002304AA02EB830353F80C4C144D53
:10A6E8002B6823F0070323432B60FFF737FE06464A
:10A6F8002B6803F007039C4206D1002004B070BD0C
:10A708000123E7E70024EAE7FFF728FE801B022879
:10A71800EED90320F2E700BF58E80008F8E7000880
:10A7280094C70008C0CF6A00BFEA21013F933402F2
:10A73800004000584FF0B04310B59A68D96812F03D
:10A748000C0205D00C2A4AD101F00303012B50D189
:10A758004FF0B0412B480B6813F0080306D00B6884
:10A7680013F0080337D1D1F8941007E00C682407D8
:10A7780056BFD1F894300968C3F3032350F8233047
:10A78800002A0CBF184600204FF0B0418A6802F03A
:10A798000C020C2A1ED1CA6802F00302022A2ED02B
:10A7A800032A06D10B68184A13F4801F174B18BFE9
:10A7B80013464FF0B042D068D168D268C0F3062083
:10A7C8005843C1F302130133B0FBF3F0530F0133C5
:10A7D800B0FBF3F010BD0B68C3F30313CEE7042AF4
:10A7E8000AD0082A05D11B6813F4801304D107483E
:10A7F800CAE700231846C7E703480023C4E7024B0B
:10A80800D7E700BF58E800080024F4000048E80132
:10A8180008B5FFF78FFF4FF0B043044A9B68C3F3B6
:10A82800031352F82330B0FBF3F008BDF8E7000833
:10A838002DE9F0410446002853D04FF0B0439D68FD
:10A84800DE6803689B0605F00C0506F0030668D56C
:10A85800026A1DB10C2D46D1012E44D1002A40D0E8
:10A868004FF0B043A16A1A68170756BFD3F894305F
:10A878001B681B0903F0F00399421FD90846FFF72C
:10A88800EFFE00282DD14FF0B042136843F00803C3
:10A8980013601368A16A23F0F0030B431360606A26
:10A8A800FFF7CEFEFFF7B4FFAB4B1860AB4B186851
:10A8B800FFF718FD002834D0BDE8F0814FF0B04212
:10A8C800136843F008031360136823F0F0030B4385
:10A8D8001360606AFFF7B4FE0846FFF7C1FE002860
:10A8E800E0D00120E8E74FF0B043002A54D01A68BE
:10A8F80042F001021A60FFF731FD0746FFF79AFEA2
:10A90800002842D04FF0B042136843F008031360A8
:10A918001368A16A23F0F0030B431360606AFFF722
:10A928008FFE2368D80748D42368990700F18C80E4
:10A9380023681E0740F1FA80A3694FF0B046002B48
:10A9480000F0E180D6F89430E16903F010029142FA
:10A9580000F0C48003F00302022AC2D0D80740F1F5
:10A96800B380D6F8943023F00103C6F89430FFF78B
:10A97800F5FC0746D6F89430990740F1A580FFF713
:10A98800EDFCC31B112BF5D904E0FFF7E7FCC01B56
:10A998000228B3D903208FE71A6822F001021A604F
:10A9A800FFF7DCFC0746FFF745FE0028B9D0FFF7A4
:10A9B800D5FCC01B0228F6D9ECE7082D03D00C2DD6
:10A9C80005D1032E03D16368002BADD189E74FF081
:10A9D800B043A1681A6822F480120A431A606268B8
:10A9E800B2F5803F10D11A6842F480321A60FFF73E
:10A9F800B5FC0746FFF718FE002895D1FFF7AEFC17
:10AA0800C01B6428F6D9C5E7B2F5041F04D11A683B
:10AA180042F400121A60E6E7196821F480311960DF
:10AA2800196821F400111960002AE0D1FFF796FC9B
:10AA38000746FFF7F9FD00283FF476AFFFF78EFCD5
:10AA4800C01B6428F5D9A5E7042D236903D00C2D74
:10AA58000ED1022E0CD1002B3FF443AF4FF0B04281
:10AA68006169536823F0FE4343EA016353605FE77B
:10AA78004FF0B046BBB1336843F480733360FFF7DF
:10AA88006DFC074633685A0507D57368626923F079
:10AA9800FE4343EA026373604AE7FFF75FFCC31BA8
:10AAA800022BEFD976E7336823F480733360FFF71E
:10AAB80055FC074633685B057FF53AAFFFF74EFC58
:10AAC800C31B022BF6D965E74FF0B042E169D2F813
:10AAD800943023F010030B43C2F894304FF0B04782
:10AAE800D7F8943043F00103C7F89430FFF736FCE9
:10AAF8000646D7F894309A0718D4FFF72FFC831B23
:10AB0800112BF6D946E7D6F8943023F00103C6F89E
:10AB18009430FFF723FC0746D6F894309B0705D5F9
:10AB2800FFF71CFCC31B112BF6D933E72368580722
:10AB380054D50B4F3B68D90514D4FFF765FDFFF7D3
:10AB48000DFC06463B68DA050CD4FFF707FC831BAF
:10AB5800022BF7D91EE700BF1C00002024000020AC
:10AB680000040058E3684FF0B046002B58D023F09B
:10AB78008003052B02BFD6F8903043F00403C6F8D3
:10AB880090304FF0B046FFF7E9FBD6F8903043F02D
:10AB980001030746C6F8903041F28838D6F890305D
:10ABA8009B0705D4FFF7DAFBC31B4345F6D9F1E64B
:10ABB800E36823F00403812B1BD1FFF7CFFBD6F802
:10ABC800903043F08003C6F8903007464FF0B04607
:10ABD80041F28838D6F89030180504D5E06A002884
:10ABE8004AD1002068E6FFF7B9FBC01B4045F1D900
:10ABF800D0E6FFF7B3FBD6F8903023F08003C6F811
:10AC0800903007464FF0B04641F28838D6F8903079
:10AC18001905E3D5FFF7A2FBC01B4045F6D9B9E6F5
:10AC2800FFF79CFBD6F8903023F080030746C6F860
:10AC3800903041F28838D6F890301A0516D4FFF7CC
:10AC48008DFBD6F8903023F00103C6F89030074604
:10AC58004FF0B04841F28836D8F890309B07BDD500
:10AC6800FFF77CFBC31BB342F6D993E6FFF776FBED
:10AC7800C01B4045DFD98DE60C2D4ED04FF0B043B8
:10AC880002281A6822F080721A6033D1FFF766FB37
:10AC98000546FFF7DEFC38BBD4E90C314FF0B04273
:10ACA8000B43D0682D4901400B43E16B0B43216CEA
:10ACB8000B43616C0B43A16B43EA0123D360136818
:10ACC80043F080731360D36843F08053D360FFF779
:10ACD80045FB0446FFF7BDFC002882D1FFF73EFB89
:10ACE800001B0A28F6D955E6FFF738FB401B0A284F
:10ACF800CFD94FE6FFF732FB0446FFF7AAFC30B97D
:10AD08004FF0B042164BD1680B40D360D4E5FFF743
:10AD180025FB001B0A28F0D93CE601283FF4CCADFE
:10AD28004FF0B043226BDB6803F0030191427FF4DC
:10AD3800D8AD616B03F070028A427FF4D2ADA16B8B
:10AD480003F4FE42B2EB012F7FF4CBAD626C03F04B
:10AD5800604393423FF445AFC3E500BF8C80C11107
:10AD6800FCFFFEEE2DE9F0410D46044610B9012026
:10AD7800BDE8F081684E336803F007038B4216D3B1
:10AD880023689A0727D54FF0B047A268BB6823F01D
:10AD9800F0031343BB60FFF7E1FA0646BB68DB0329
:10ADA80019D4FFF7DBFA831B022BF7D911E03368BC
:10ADB80023F007030B433360FFF7D0FA07463368E5
:10ADC80003F00703AB42DBD0FFF7C8FAC01B022829
:10ADD800F5D90320CCE72368580617D54FF0B047BC
:10ADE8006269D7F8083123F00F0343EA1213C7F852
:10ADF8000831FFF7B3FA0646D7F80831D90305D466
:10AE0800FFF7ACFA831B022BF6D9E2E723685A074F
:10AE180013D54FF0B047E268BB6823F4E0631343EF
:10AE2800BB60FFF79BFA0646BB689B0305D4FFF798
:10AE380095FA831B022BF7D9CBE72368180714D59B
:10AE48004FF0B0472269BB6823F4605343EAC2035A
:10AE5800BB60FFF783FA0646BB68590305D4FFF7C2
:10AE68007DFA831B022BF7D9B3E72368DA070FD4DF
:10AE7800294C236803F00703AB4239D8FFF7C8FC15
:10AE8800264B1860264BBDE8F0411868FFF72ABA30
:10AE98006268022A1DD1FFF7C7FB00283FF467AF9D
:10AEA8004FF0B04641F28838B36823F003031343E8
:10AEB800B360FFF753FA0746B368626803F00C0300
:10AEC800B3EB820FD4D0FFF749FAC01B4045F3D942
:10AED8007FE7032A02D1FFF7BCFBDEE712B9FFF7D1
:10AEE800A9FBDAE74FF0B0431B685B05D8D43EE70F
:10AEF800236823F007032B432360FFF72FFA064646
:10AF0800236803F00703AB42B8D0FFF727FA801B8A
:10AF18000228F5D95DE700BF004000581C0000205A
:10AF28002400002030B5046891FAA1F3B3FA83F342
:10AF380003255B0005FA03F324EA030391FAA1F160
:10AF4800B1FA81F149008A401A43026030BD00001D
:10AF5800B0F1904F0BD14FF0B043DA6A42F00102E2
:10AF6800DA62DA6A22F00102DA6201207047144BD1
:10AF7800984209D14FF0B043DA6A42F00202DA622D
:10AF8800DA6A22F00202EFE70E4B984209D14FF03D
:10AF9800B043DA6A42F00402DA62DA6A22F00402A2
:10AFA800E2E7094B984209D14FF0B043DA6A42F020
:10AFB8008002DA62DA6A22F08002D5E70020704760
:10AFC8000004004800080048001C00482DE9F84F1C
:10AFD8000E460F6897FAA7F54FF0010BB5FA85F5FD
:10AFE8004FF0030A4FF00F0837FA05F302D101209A
:10AFF800BDE8F88F0BFA05F43C4053D0D6F804901E
:10B0080021464A46FFF78EFF09F1FF33012B19D875
:10B01800B368816894FAA4F2B2FA82F252000AFA8A
:10B0280002F221EA020294FAA4F1B1FA81F149008C
:10B038008B40134383604268F36822EA0402634347
:10B04800134343603369C16894FAA4F2B2FA82F2F6
:10B0580052000AFA02F221EA020294FAA4F1B1FAC1
:10B0680081F149008B401343B9F1020FC36015D138
:10B07800FF2C716918D8026A94FAA4F3B3FA83F31F
:10B088009B0008FA03F322EA030294FAA4F3B3FA42
:10B0980083F39B0001FA03F3134303624A462146F4
:10B0A800FFF740FF01359FE7426A230A93FAA3FCA2
:10B0B800BCFA8CFC4FEA8C0C08FA0CFC22EA0C0255
:10B0C80093FAA3F3B3FA83F39B00994011434162C7
:10B0D800E4E74FF0B0431868C0F3005070474FF0F2
:10B0E800B0431868C0F3802070474FF0B043D3F8DE
:10B0F8009000C0F3400070474FF0B0431868C0F3A9
:10B10800C00070474FF0B0431868C0F34060704704
:10B118004FF0B043044A9B68C3F3031352F823303B
:10B12800B0FBF3F0704700BFF8E700084FF0B043FA
:10B13800034A9B68C3F3022352F82330D840704770
:10B1480038E800084FF0B04238B5916801F00C01BA
:10B15800082950D017D889B3042900F08C80FFF74C
:10B16800CBFF46490246002876D1FFF7C5FF4FF0CE
:10B17800B043012816BFD3F894201B68C2F30322FA
:10B1880051F822002AE00C29E9D1D36803F003031F
:10B19800022B5FD0032B37D0FFF7AEFF374C0146A9
:10B1A80000284AD1FFF7A8FF012816BFD2F894104B
:10B1B8001368C1F3032154F821302CE0FFF79CFFFA
:10B1C8002E4D044658B9FFF797FF012816BFD2F84D
:10B1D80094401368C4F3032455F8240038BDFFF7DE
:10B1E8008BFF01280ABF1168D2F89430C1F303110C
:10B1F80055F82100F2E7FFF76CFF214B0146214883
:10B20800012908BF1846E9E7FFF763FF1D4A1C4BF1
:10B21800012818BF13464FF0B042D068D168D268F1
:10B22800C0F306205843C1F302130133B0FBF3F017
:10B23800530F0133B0FBF3F0D0E7FFF75DFF0128B0
:10B248000BBF1368D2F89430C3F30313002354F8E8
:10B258002330E0E70A4BDEE7FFF74EFF4FF0B0433D
:10B2680001280BBF1B68D3F89430C3F303130023E2
:10B2780051F82300B2E70248B0E700BF58E80008D9
:10B288000024F4000048E8014FF0B04307B51A68FD
:10B2980042F001021A601A689207FCD51A6822F077
:10B2A800F00242F060021A605A6822F47F425A6043
:10B2B8005A6822F0FE4242F080425A604FF4E0227F
:10B2C8009A601A6801920199104A0A400192019AFB
:10B2D8001A60FFF717FF0028FBD14FF0B0430C4A64
:10B2E800DA6040F23F3298610192019A1A62D3F80B
:10B2F800942042F40002C3F8942001204FF4403215
:10B30800C3F8082103B05DF804FB00BFFFF4CEFECC
:10B318000010042210B54FF0B0440328D4F8883048
:10B328002AD11F4A03F0030343F44033934209D060
:10B33800B3F1031F0DD0013A934211D1BDE810407B
:10B34800FFF700BFFFF7CBFE0128164818BF002003
:10B3580010BDFFF7CAFE431E58425841C003F7E725
:10B36800FFF7F0FEFFF7D4FEA3680F4AC3F3C2232A
:10B3780052F82330D840EBE7034043EA00400B4B38
:10B388009842DFD0B0F10C1FE3D0043B9842D5D0EF
:10B39800FFF7D8FEFFF7BCFEBDE81040FFF7C6BEBA
:10B3A800020003000024F40038E8000808000C003C
:10B3B8000F4B98420BD14FF0B0431A6C42F48052B5
:10B3C8001A641A6C22F480521A6401207047094BDF
:10B3D80098420AD14FF0B0439A6B42F480429A6384
:10B3E8009A6B22F480429A63EFE70020704700BF0F
:10B3F800003001400038004003685B0670B5024623
:10B408002DD4D1E900363343CE68056848690C6A03
:10B4180033430E6933438E6903433343CE6925F4BE
:10B428007F45334325F0BF0523432B4313605368FF
:10B438008D6823F4706323F0040345EA1040184331
:10B44800B5F5006F50603EBF536843F480535360B6
:10B45800B4F5005F01D18B8C1361012000E000205E
:10B46800D36923F40063D36170BD00001A4A0368EE
:10B47800904210B502D0B0F1804F09D14C6823F04A
:10B488007003904243EA040309D0B0F1804F06D01C
:10B49800124A904203D002F58062904203D1CA68F2
:10B4A80023F44073134303608B68C3620B88836281
:10B4B800094B984207D003F5C053984203D003F5CF
:10B4C8008063984201D10B690363436943F0010328
:10B4D8004361012010BD00BF002C01400044014021
:10B4E800B1F5805F30B500F0F08009D8102975D02B
:10B4F800B1F5807F00F0AE80012935D0002030BD45
:10B50800B1F5803F00F00E81B1F5801FF6D1036AD6
:10B51800146823F480130362036A416D21F080717B
:10B5280021F4E04141EA0424116923F4001343EAB9
:10B538000153516823F4801343EA01539149884227
:10B5480007D001F5C051884203D001F580618842D7
:10B5580006D14168956921F4802141EA852141603D
:10B56800D2684465C26536E0036A156823F00103B2
:10B578000362036A4168846924F4803424F0730404
:10B588002C43156923F002032B43556823F001036C
:10B598002B437C4DA84207D005F5C055A84203D0DF
:10B5A80005F58065A84212D1556923F0080343EADE
:10B5B8008503956823F0040343EA8503956921F41C
:10B5C80080712943D56921F4007141EA4501D268A7
:10B5D8004160846142630362012090E7036A156851
:10B5E80023F010030362036A4168846924F08074BD
:10B5F80024F4E64444EA0524156923F0200343EAC9
:10B608000513556823F0100343EA05135D4DA8425E
:10B6180007D005F5C055A84203D005F58065A842B6
:10B6280013D1556923F0800343EA8513956823F005
:10B63800400343EA8513956921F4806141EA850155
:10B64800D56921F4006141EAC501D268416084618D
:10B658008263C0E7036A156823F480730362036A90
:10B668004168C46924F4803424F073042C431569B8
:10B6780023F4007343EA0523556823F4807343EAEF
:10B688000523404DA84207D005F5C055A84203D070
:10B6980005F58065A84213D1556923F4006343EA90
:10B6A8008523956823F4806343EA8523956921F40B
:10B6B800805141EA0511D56921F4005141EA45114B
:10B6C800D2684160C461C26385E7036A156823F4E0
:10B6D80080530362036A4468C16921F0807121F4D0
:10B6E800E64141EA0521156923F4005343EA05338D
:10B6F800556823F4805343EA0533224DA84207D006
:10B7080005F5C055A84203D005F58065A84204D1C7
:10B71800956924F4804444EA8514D2684460C16180
:10B72800026458E7036A146823F480330362036AE7
:10B73800416D21F4803121F070010C43116923F42B
:10B74800003343EA0143516823F4803343EA014359
:10B758000C49884207D001F5C051884203D001F551
:10B768008061884206D14168956921F4803141EAB7
:10B77800052141604465816DD268090C09041143B3
:10B78800816528E7002C01400F4B98420BD14FF000
:10B79800B0431A6C42F480421A641A6C22F4804254
:10B7A8001A6401207047094B98420AD14FF0B04300
:10B7B8009A6B42F400329A639A6B22F400329A63CD
:10B7C800EFE70020704700BF003801400044004008
:10B7D80038B50368DB0704460D464DD42A69AB68C3
:10B7E800016813436A691343EA691343234A0A4009
:10B7F800134303604368EA6823F4405313434360E8
:10B808008368AA6923F44073134383601C4B9842EE
:10B8180020D10320FFF77EFD2B68F0B16A68E2B102
:10B828000B2B15D8174951F82330E969B0FBF3F011
:10B83800B1F5004F4FEA520319D103EB4003B3FBB4
:10B84800F2F34FF6F0721A40C3F342031343E36076
:10B85800012003E00C4B984207D00020E26A2B88B5
:10B8680022F00F021343E36238BD0C20D2E70344F1
:10B87800B3FBF2F39BB2EAE70020F5E7F369FFEFC9
:10B888000038014098E800080044004030B53024F2
:10B8980042F20F75A84212D80C703021B0F57A7FA9
:10B8A80014D211703022632816D81A703023092850
:10B8B80017D8039A1370049B3030187030BDA0F568
:10B8C8001C5001341038E4B280B2E3E70131A0F52E
:10B8D8007A70C9B280B2E1E701326438D2B280B27C
:10B8E800E1E701330A38DBB280B2E0E713B50B1D9C
:10B8F8000193CB1C00934A1C8B1C0C46FFF7C6FF18
:10B908000023637102B010BD03099F2800F00F00E7
:10B9180094BF3033373309280B7094BF3030373039
:10B92800002348708B70704708B50249FFF7ECFF99
:10B93800084608BDA82D002013B503688DF8071028
:10B948009C680DF107010123A04702B010BD07B59F
:10B9580003688DF807101B6901220DF1070198474C
:10B9680003B05DF804FB2DE9F0411D460368044669
:10B978005B690F4616469847236820461B68984718
:10B98800221D39462046FFF7D7FF2DB123682A46E6
:10B998001B69314620469847236820465B689847CC
:10B9A800236820469B69BDE8F0410C2118472DE922
:10B9B800F0411E46036804465B6915460F469847E2
:10B9C800236820461B689847221D39462046FFF702
:10B9D800B3FF20460021FFF7BAFF23682046DB6843
:10B9E800324629469847236820465B68BDE8F041FF
:10B9F80018472DE9F0411F46036804465B690D4668
:10BA080016469847236820461B689847221D2046FB
:10BA18000D21FFF791FF290A2046FFF798FFE9B2A9
:10BA28002046FFF794FF236831463A4620461B69B3
:10BA38009847236820465B689847236820469B6997
:10BA4800BDE8F0410C21184707B501238DF8072000
:10BA58000DF10702FFF7CDFF03B05DF804FB2DE9F8
:10BA6800F0411F46036804465B690D461646984731
:10BA7800236820461B689847221D20461D21FFF792
:10BA88005BFF290A2046FFF762FFE9B22046FFF76D
:10BA98005EFF20460021FFF75AFF23682046DB6837
:10BAA8003A4631469847236820465B68BDE8F0412E
:10BAB800184707B501230DF10702FFF7D0FF9DF8DE
:10BAC800070003B05DF804FB2DE9F0411E4603684A
:10BAD80004465B690F4615469847236820461B684D
:10BAE8009847221D20460E21FFF726FF394620469B
:10BAF800FFF72DFF23682946324620461B699847E1
:10BB0800236820465B689847236820469B69BDE800
:10BB1800F0410C2118472DE9F0411E460368044600
:10BB28005B690F4615469847236820461B68984767
:10BB3800221D20461E21FFF7FFFE39462046FFF74B
:10BB480006FF20460021FFF702FF23682046DB6836
:10BB5800324629469847236820465B68BDE8F0418D
:10BB6800184710B5002304461A46C021FFF7FBFE0C
:10BB7800207910BD37B504460D468DF8071001230E
:10BB880080210DF10702FFF7EEFE2368012D9B6966
:10BB98000CBF322140F2DC51204603B0BDE83040F2
:10BBA800184737B501230C468DF807100DF1070229
:10BBB8008A210546FFF7D7FEAC7103B030BD07B543
:10BBC800042309BA01910DEB03028621FFF7CBFE8E
:10BBD80003B05DF804FB07B502238DF804108DF857
:10BBE80005208F2101AAFFF7BEFE03B05DF804FB14
:10BBF80037B58DF8063000238DF807300423044646
:10BC080015468DF804108DF805208B210DEB0302E5
:10BC1800FFF7A9FE40F689012046FFF74AFF062DE7
:10BC280016BF40F0040200F0FB02D2B240F68901D0
:10BC380020468DF80420FFF707FF03B030BD73B529
:10BC480015468DF8033000229DF818309DF81C60C9
:10BC58008DF8002004468DF801108DF804308C21F1
:10BC680006236A468DF802508DF80560FFF77BFEC3
:10BC780040F236712046FFF71CFF5EB100F0FB0270
:10BC880040F2367120468DF80020FFF7DDFE657121
:10BC980002B070BD40F00402D2B2F1E707B55BBA5A
:10BCA800ADF80430BDF810305BBAADF8063049BACB
:10BCB800082352BAADF80010ADF8022019466A46BA
:10BCC800FFF751FE03B05DF804FB07B5022301AA94
:10BCD8001221FFF76CFE9DF804309DF8050000EB7B
:10BCE800032080B203B05DF804FB07B5022349BA0C
:10BCF800ADF8041001AA1946FFF735FE03B05DF848
:10BD080004FB07B502238DF804108DF805208E2159
:10BD180001AAFFF728FE03B05DF804FB13B56FF026
:10BD28007F43994228BF19460B0C04468DF804300E
:10BD38000B0A8DF805308DF8061001AA032383211C
:10BD4800FFF711FE236864219B692046984702B0DB
:10BD580010BD13B56FF07F43994228BF19460B0CED
:10BD680004468DF804300B0A8DF805308DF806105E
:10BD780001AA03238221FFF7F6FD236864219B694A
:10BD88002046984702B010BD37B503230D46144628
:10BD9800142101AAFFF70BFE9DF804305B085B42F3
:10BDA8002B809DF90530002BB8BF03339B102370FF
:10BDB80003B030BD10B543680D4A23F07F4323F02C
:10BDC800FF039342044611D1002240F60211FFF707
:10BDD8003BFE40F644112046FFF76BFE40F002029E
:10BDE800D2B240F644112046FFF72EFE10BD00BF28
:10BDF8000001010070B505460E46FFF766FF3146A3
:10BE080004462846FFF771FFA30702D52846FFF727
:10BE1800D1FF204670BD07B5002914BF4023202359
:10BE28008DF807300DF1070201239321FFF79BFDE1
:10BE380003B05DF804FB10B5002304461A46C1217F
:10BE4800FFF791FD236820469B69BDE81040462115
:10BE5800184708B5FFF785FE80B208BD07B500236F
:10BE6800ADF8043001AA02230721FFF77CFD03B0D7
:10BE78005DF804FB07B5130C8DF8053052BA04239E
:10BE88008DF80410ADF8062097210DEB0302FFF79B
:10BE98006AFD03B05DF804FB08B50A4640F6AC013C
:10BEA800FFF7D2FD08BD10B540F6D8010446FFF7EC
:10BEB80000FE40F01E02D2B240F6D8012046FFF73D
:10BEC800C3FD10BD08B50A4640F6E701FFF7BCFD03
:10BED80008BD000007B5054B019304230DEB0302D1
:10BEE8009521FFF740FD03B05DF804FB040700014E
:10BEF80007B502238DF804108DF80520982101AAB2
:10BF0800FFF731FD03B05DF804FB000000000000FE
:10BF180013B504461C48B0FBF1F1080C8DF800007D
:10BF2800080A8DF8010004988DF803208DF8043074
:10BF38008DF80210F4F766FA11A3D3E90023F4F799
:10BF480005FCF4F7EBFC030C8DF8053043BA6A46A0
:10BF5800ADF80630204608238B21FFF704FD40F694
:10BF680089012046FFF7A5FD40F00402D2B240F651
:10BF7800890120468DF80020FFF766FD02B010BD4C
:10BF8800000000008084EE3F0000093D1FB58DF8D9
:10BF980007309DF818308DF808309DF81C308DF862
:10BFA80009309DF820308DF80A309DF824308DF83E
:10BFB8000B3049BA9DF82830ADF804108DF80620EA
:10BFC8008DF80C3001AA09238C21FFF7CCFC05B0B1
:10BFD8005DF804FB07B5002349BAADF80010ADF8C9
:10BFE800023001936A4608234FF4D861FFF701FD38
:10BFF80003B05DF804FB13B503230C4601AA142112
:10C00800FFF7D5FC9DF806305B085B42238002B041
:10C0180010BD13B503688DF807109C680DF1070172
:10C028000123A04702B010BD07B503688DF80710BB
:10C038001B6901220DF10701984703B05DF804FB65
:10C048002DE9F0411D46036804465B690F46164614
:10C058009847236820461B689847221D3946204682
:10C06800FFF7D7FF2DB123682A461B6931462046C2
:10C078009847236820465B689847236820469B6951
:10C08800BDE8F0410C2118472DE9F0411E46036830
:10C0980004465B6915460F469847236820461B6887
:10C0A8009847221D39462046FFF7B3FF2046002156
:10C0B800FFF7BAFF23682046DB68324629469847CF
:10C0C800236820465B68BDE8F04118472DE9F04138
:10C0D8001F46036804465B690D4616469847236861
:10C0E80020461B689847221D20461821FFF791FF1C
:10C0F800290A2046FFF798FFE9B22046FFF794FF88
:10C10800236831463A4620461B69984723682046EB
:10C118005B689847236820469B69BDE8F0410C217D
:10C12800184707B501238DF807200DF10702FFF71F
:10C13800CDFF03B05DF804FB2DE9F0411F4603680D
:10C1480004465B690D4616469847236820461B68D7
:10C158009847221D20461921FFF75BFF290A204630
:10C16800FFF762FFE9B22046FFF75EFF2046002195
:10C17800FFF75AFF23682046DB683A46314698475E
:10C18800236820465B68BDE8F041184707B50123DE
:10C198000DF10702FFF7D0FF9DF8070003B05DF827
:10C1A80004FB2DE9F0411E46036804465B690F460F
:10C1B80015469847236820461B689847221D204645
:10C1C8001A21FFF726FF39462046FFF72DFF23687F
:10C1D8002946324620461B699847236820465B68F3
:10C1E8009847236820469B69BDE8F0410C21184711
:10C1F8002DE9F0411E46036804465B690F46154663
:10C208009847236820461B689847221D20461B2113
:10C21800FFF7FFFE39462046FFF706FF20460021BC
:10C22800FFF702FF23682046DB6832462946984715
:10C23800236820465B68BDE8F041184737B50446D7
:10C248000D468DF80710012380210DF10702FFF735
:10C25800F7FE2368012D9B690CBF322140F2DC51A7
:10C26800204603B0BDE83040184707B501238DF8D4
:10C2780007100DF107028A21FFF7E2FE03B05DF80F
:10C2880004FB07B50B0C8DF804300B0A8DF805304C
:10C298008DF80610032301AA8621FFF7D1FE03B00B
:10C2A8005DF804FB07B502238DF804108DF805200E
:10C2B8008F2101AAFFF7C4FE03B05DF804FB37B570
:10C2C8000C468DF804108DF805208DF8063001AA6B
:10C2D80003238B210546FFF7B3FE702C08D005D841
:10C2E800502C07D0602C05D0322204E0802CFBD1E2
:10C2F800372200E01E22284640F62511FFF711FFDD
:10C30800012240F63C112846FFF70BFF03B030BD71
:10C3180007B58DF802309DF810308DF803309DF880
:10C3280014308DF8043000238DF800108DF80120AA
:10C338008DF805308DF806306A4607238C21FFF703
:10C348007FFE03B05DF804FB07B55BBAADF80430B7
:10C35800BDF8103049BA52BA5BBAADF80010ADF862
:10C368000220ADF806306A4608238D21FFF768FEE3
:10C3780003B05DF804FB07B5022301AA1521FFF7F6
:10C3880083FE9DF804309DF8050000EB032080B281
:10C3980003B05DF804FB07B549BAADF804100223F1
:10C3A80001AA9721FFF74CFE03B05DF804FB70B5B6
:10C3B80005460E46FFF7DFFF314604462846FFF7DD
:10C3C800EAFF204670BD07B51F2928BF1F218DF839
:10C3D80004108DF80520022301AA8E21FFF730FEF4
:10C3E80003B05DF804FB13B5130A04468DF8041076
:10C3F8008DF805308DF80620032301AA8321FFF765
:10C408001FFE236864219B692046984702B010BD2F
:10C4180013B5130A04468DF804108DF805308DF80D
:10C428000620032301AA8221FFF70AFE236864215C
:10C438009B692046984702B010BD37B505230C46C6
:10C4480015461D216A46FFF71FFE9DF800309DF92D
:10C458000110F02B84BF00238DF800309DF80030C8
:10C468005B085B42002923800B46B8BFCB1C9B109E
:10C478002B700331BEBF22889B18238003B030BDC8
:10C4880007B501238DF807100DF107029E21FFF76C
:10C49800D7FD03B05DF804FB10B5002304461A4627
:10C4A800C121FFF7CDFD236820469B69BDE81040F8
:10C4B8004621184738B50D4640F691010446FFF766
:10C4C80065FE012D0ABF60F03F0200F03F02D2B2C4
:10C4D80040F691012046FFF724FE38BD38B540F2FA
:10C4E80053110546FFF752FE4FF4AA710446284639
:10C4F800FFF74CFE40EA042080B238BD07B58DF83E
:10C5080004108DF805208DF8063001AA03238B212D
:10C51800FFF796FD03B05DF804FB07B58DF8023010
:10C528009DF810308DF803309DF814308DF80430E4
:10C538009DF818308DF8053008238DF800108DF817
:10C5480001208DF806306A4607238C21FFF778FD15
:10C5580003B05DF804FB73B5C1F307230E0EC1F3F6
:10C56800074512F0FD0409BA019126D18C2E22D17B
:10C57800382D20D14AF6AC12ADF804209DF80420DD
:10C58800632A0ED19DF805200E2A0AD123F008034C
:10C5980042F66B2263F07F03ADF804208DF8063075
:10C5A800002404230DEB030240F6CF11FFF78EFDA4
:10C5B800204602B070BD0124E0E7141F18BF012413
:10C5C800EFE713B505230C466A461D21FFF75CFD0E
:10C5D8009DF800305B085B42238002B010BD00006C
:10C5E800C0F3C7537F3B162B10B5014614DC002B54
:10C5F80007DA013300F0004101D141F07E510846CD
:10C6080010BD084A1A411042F9D04FF4800119416F
:10C61800014421EA0201F2E7802BF0D1F4F7A4F9F2
:10C628000146ECE7FFFF7F00884210B501EB0204EA
:10C6380002D98442234607D8431EA14208D011F8E4
:10C64800012B03F8012FF8E7024401468A4200D182
:10C6580010BD13F8014D02F8014DF7E702440346F7
:10C66800934200D1704703F8011BF9E710B5024661
:10C67800147813460132002CFAD1013B11F8012B32
:10C6880003F8012F002AF9D110BDC9B20346184694
:10C6980013F8012B12B18A42F9D17047002918BF4B
:10C6A8000020704710B56AB10139841810F8012BC1
:10C6B80011F8013F9A4203D1A04201D0002AF5D1D6
:10C6C800D01A10BD1046FCE770B50D4D0D4C641B1B
:10C6D800A4100026A64209D10B4D0C4C00F02EF8F0
:10C6E800641BA4100026A64205D170BD55F8043B72
:10C6F80098470136EEE755F8043B98470136F2E7CC
:10C70800C8E80008C8E80008C8E80008D0E8000839
:10C71800034611F8012B03F8012B002AF9D17047C1
:10C728000A44914200F1FF3300D1704710B511F867
:10C73800014B03F8014F9142F9D110BDF8B500BF84
:10C74800F8BC08BC9E467047F8B500BFF8BC08BCEA
:04C758009E46704742
:10C75C0018120C1801010119190119190106060109
:10C76C000606010303010303010202010202011286
:10C77C000C01120C00206C0002206A006D00770086
:10C78C00020501020201000000000000010000008F
:10C79C00020000006D696E2C00206D572C00322EAB
:10C7AC003447003931354D003836384D0034333389
:10C7BC004D003730636D003836364D004455414CD2
:10C7CC00003F003530487A003331487A003139481F
:10C7DC007A00464C52430046534B003139487A3765
:10C7EC007800011F136F011300D57FAAFE2B815413
:10C7FC0029FC5683D702A87D52872DF8AC79D30635
:10C80C007BAE04D18550FA2FA471DB0E5A8F25F024
:10C81C008D58F22773A60CD9F623895C08DD77A214
:10C82C00DF0AA07521F45E8B9D48E23763B61CC904
:10C83C00B461CB1E4A9F35E0CF1AB06531E44E9BF4
:10C84C00E633994C18CD67B239EC4693C712B86DE4
:10C85C0010C56FBAEE3B91446BBE14C19540EA3FD4
:10C86C0042973DE8BC69C316EF3A904511C46EBBC4
:10C87C00C613B96C38ED4792BD68C21743963CE9B4
:10C88C009441EB3E6ABF15C04B9E34E1B560CA1FA4
:10C89C0062B71DC89C49E33619CC66B3E732984D94
:10C8AC0030E54F9ACE1BB16472A70DD88C59F32684
:10C8BC005B8E24F1A570DA0F20F55F8ADE0BA17474
:10C8CC0009DC76A3F722885DD603A97C28FD578264
:10C8DC00FF2A805501D47EAB8451FB2E7AAF05D054
:10C8EC00AD78D20753862CF961626364656667681C
:10C8FC00696A6B6C6D6E6F70717273747576777824
:10C90C00797A303132333435363738395F232D2E3E
:10C91C0000000100010002000200020003000400FC
:10C92C000500060008000A000C0010001400190095
:10C93C002000280032003F00500064007D009E0063
:10C94C00C800FA003C019001F40176022003E803D0
:10C95C00E204DC05D007000000000000000000002D
:10C96C00291A00080000000000000000351A000819
:10C97C000000000000000000111A00080001020471
:10C98C00050301020001020503046D6C72732E3065
:10C99C0000536574757053746172745374783452A7
:10C9AC007800536574757053746172744D61726B59
:10C9BC0065720021656E6421004449592045373762
:10C9CC0020453238204475616C42616E64006D4CB8
:10C9DC00525301020304006D4C5253040302010034
:10C9EC000A0040504152414D2F706172616D2E70A2
:10C9FC00636B006661696C20610020005378206EC7
:10CA0C006F74206F6B00537832206E6F74206F6BD5
:10CA1C00002E000000000000000000003123000880
:10CA2C0049230008ED2B0008192C0008372C0008AE
:10CA3C0075270008811B0008511C0008000000002D
:10CA4C0000000000711F00085D1F0008FB2C00088F
:10CA5C00252D0008432D000811280008831B000811
:10CA6C00B54300080000000000000000631B000834
:10CA7C001B310008F12F0008312F0008072F000888
:10CA8C00691C0008952F0008851C0008612F000800
:10CA9C00A91C00080000000000000000631B000837
:10CAAC00651B0008671B0008691B00086D1B00084C
:10CABC006F1B0008731B0008771B0008791B00080C
:10CACC007D1B000800000000000000006B550008F2
:10CADC0009560008ED550008CD550008000000006F
:10CAEC0000000000631B0008C51C0008671B000841
:10CAFC00691B0008018200087D820008AD690008EE
:10CB0C001D6A0008791B00087D1B0008414E474C2C
:10CB1C004500484F52495A4F4E004E415620414C09
:10CB2C0054484F4C440048454144494E4720484FD7
:10CB3C004C44004845414446524545004845414413
:10CB4C0041444A0043414D53544142004E4156200A
:10CB5C00525448004E415620504F53484F4C4400BD
:10CB6C004D414E55414C00424545504552004C45B7
:10CB7C004453204F4646004C4947485453004F53AA
:10CB8C0044204F46460054454C454D45545259009F
:10CB9C004155544F2054554E4500424C41434B4255
:10CBAC004F58004641494C53414645004E41562092
:10CBBC00575000414952204D4F444500484F4D4578
:10CBCC0020524553455400474353204E415600468E
:10CBDC00505620414E474C45204D49580053555214
:10CBEC004641434500464C415045524F4E0054552A
:10CBFC00524E20415353495354004E4156204C4100
:10CC0C00554E434800534552564F204155544F54AE
:10CC1C0052494D0043414D45524120434F4E5452D1
:10CC2C004F4C20310043414D45524120434F4E540F
:10CC3C00524F4C20320043414D45524120434F4E00
:10CC4C0054524F4C2033004F534420414C5420310C
:10CC5C00004F534420414C542032004F5344204148
:10CC6C004C542033004E415620434F5552534520CF
:10CC7C00484F4C44004D43204252414B494E4700D3
:10CC8C005553455231005553455232005553455278
:10CC9C0033005553455234004C4F495445522043B0
:10CCAC0048414E4745004D5350205243204F564566
:10CCBC0052524944450050524541524D0054555230
:10CCCC00544C45004E415620435255495345004162
:10CCDC0055544F204C4556454C205452494D005705
:10CCEC005020504C414E4E455200534F4152494EEC
:10CCFC0047004D495353494F4E204348414E4745F9
:10CD0C0000424545504552204D555445004D554C1B
:10CD1C0054492046554E4354494F4E004D495845B1
:10CD2C00522050524F46494C452032004D495845EF
:10CD3C0052205452414E534954494F4E00414E4794
:10CD4C004C4520484F4C440047494D42414C204CE7
:10CD5C004556454C2054494C540047494D42414C92
:10CD6C00204C4556454C20524F4C4C0047494D42A7
:10CD7C00414C2043454E5445520047494D42414C8D
:10CD8C002048454144545241434B45520000800CCD
:10CD9C00D007B704C71B800CB7040410020A0B069B
:10CDAC00972304100B06000070E10008502E0000C1
:10CDBC00D8E200082B130000B0E200080A000000C3
:10CDCC000000000000000000000000000000000057
:10CDDC000000000000000000800080FF0000010047
:10CDEC000A000A000E0019001400640016009E00D0
:10CDFC006162636465666768696A6B6C6D6E6F709F
:10CE0C007172737475767778797A30313233343550
:10CE1C00363738395F232D2E0000000000070E092D
:10CE2C001C1B1215383F363124232A2D70777E793E
:10CE3C006C6B6265484F464154535A5DE0E7EEE92E
:10CE4C00FCFBF2F5D8DFD6D1C4C3CACD90979E991E
:10CE5C008C8B8285A8AFA6A1B4B3BABDC7C0C9CE0E
:10CE6C00DBDCD5D2FFF8F1F6E3E4EDEAB7B0B9BEFE
:10CE7C00ABACA5A28F88818693949D9A2720292EEE
:10CE8C003B3C35321F18111603040D0A5750595EDE
:10CE9C004B4C45426F68616673747D7A898E8780CE
:10CEAC0095929B9CB1B6BFB8ADAAA3A4F9FEF7F0BE
:10CEBC00E5E2EBECC1C6CFC8DDDAD3D4696E6760AE
:10CECC0075727B7C51565F584D4A4344191E17109E
:10CEDC0005020B0C21262F283D3A33344E4940478E
:10CEEC0052555C5B7671787F6A6D64633E3930377E
:10CEFC0022252C2B0601080F1A1D1413AEA9A0A76E
:10CF0C00B2B5BCBB9691989F8A8D8483DED9D0D75D
:10CF1C00C2C5CCCBE6E1E8EFFAFDF4F3000000006B
:10CF2C003209000000000000010000007C2B000012
:10CF3C000000000002000000890C0000000000004E
:10CF4C0004000000ED0E030C0D00000005000000B5
:10CF5C00D91C01000000000006000000680300005E
:10CF6C000000000007000000772000000000000017
:10CF7C000800000075240000000000000B000000F9
:10CF8C00590601040000000014000000D61403022E
:10CF9C0003000000150000009F02030001000000C8
:10CFAC0016000000DC190000000000001700000053
:10CFBC00A817030405000000180000001834000036
:10CFCC0000000000190000001765000000000000C0
:10CFDC001A000000AA180000000000001B0000004E
:10CFEC00901D0000000000001C0000004310000019
:10CFFC00000000001D000000731000000000000085
:10D00C001E000000271C0000000000001F00000094
:10D01C00F63000000000000020000000B91C0000E9
:10D02C000000000021000000681C0000000000004F
:10D03C0022000000ED16000000000000230000009C
:10D04C00F41600000000000024000000DE250000A3
:10D05C000000000025000000D407030405000000B8
:10D06C00260000000907030405000000270000004B
:10D07C00FE2603202100000028000000E605030224
:10D08C0003000000290000001C0403020300000040
:10D09C002A0000001C120000000000002B00000001
:10D0AC0084030300010000002C000000DD090302D2
:10D0BC00030000002D000000E80303000100000045
:10D0CC002E0000000B020000000000002F000000EA
:10D0DC009908030001000000300000002915010C24
:10D0EC0000000000310000002714000000000000C8
:10D0FC00320000004E250312130000003300000024
:10D10C00C405030203000000350000000305000005
:10D11C0000000000360000000F1B0318190000006F
:10D12C003700000003190000000000003D00000063
:10D13C00A7480000000000003E000000B71A0000E5
:10D14C00000000003F00000077B500000000000068
:10D15C0040000000BFE100000000000041000000A2
:10D16C00762A000000000000420000009406030232
:10D17C000300000043000000150400000000000044
:10D18C0045000000F31E010A0000000046000000EC
:10D19C007C26031011000000490000002626032005
:10D1AC00210000004A0000001414000000000000E0
:10D1BC004B0000009E23031E1F0000004C000000CB
:10D1CC009821031E1F0000004D0000008F0A030869
:10D1DC0009000000500000000E04030203000000D0
:10D1EC00510000006A160000000000005200000010
:10D1FC0031330324250000005300000016250000E5
:10D20C0000000000540000008F3503323300000092
:10D21C00550000008C330000000000005600000098
:10D22C000535033233000000570000009633000030
:10D23C000000000059000000E71C00000000000086
:10D24C005A000000B7380000000000005B0000002E
:10D25C003F2A0000000000005C00000036210000A6
:10D26C00000000005D0000002F51000000000000D5
:10D27C0064000000AF220000000000006500000008
:10D28C006675000000000000660000009E7500003E
:10D29C000000000067000000D03900000000000012
:10D2AC0068000000387400000000000069000000F5
:10D2BC005D3F0000000000006A0000008A2C0000A6
:10D2CC00000000006B0000006C410000000000003A
:10D2DC006C000000205C0000000000006D000000ED
:10D2EC00B9090000000000006E00000054FE0301AC
:10D2FC00020000006F000000221203101100000059
:10D30C0070000000AE0C0000000000007100000076
:10D31C007C2700000000000072000000ED2C0000D3
:10D32C00000000007300000004400000000000003A
:10D33C00740000004C180000000000007500000094
:10D34C00800603040500000076000000380E000083
:10D35C000000000077000000740C030A0B000000B2
:10D36C0078000000866100000000000079000000D9
:10D37C00ED020300010000007A000000CB02030064
:10D38C00010000007B000000FA71030001000000A6
:10D39C007C00000057390000000000007D000000F8
:10D3AC00CB060000000000007E000000DC51034FA3
:10D3BC00500000007F000000192300000000000056
:10D3CC0080000000E223000000000000810000004B
:10D3DC002E18000000000000820000001D0D00004F
:10D3EC000000000083000000DFFF000000000000D0
:10D3FC00840000005527000000000000850000009C
:10D40C00061200000000000086000000E52B000062
:10D41C000000000087000000CB08000000000000A6
:10D42C0088000000011600000000000089000000C8
:10D43C00C3100000000000008A0000006D7800009E
:10D44C00000000008B000000A82B03292A0000001C
:10D45C008C000000B5290000000000008D000000C9
:10D46C002F200000000000008E00000048F3000098
:10D47C00000000008F00000083100000000000007E
:10D48C00900000007F5D0000000000009200000092
:10D49C006764000000000000930000009A36000052
:10D4AC000000000094000000B24E000000000000DC
:10D4BC0095000000C83C0000000000009600000031
:10D4CC00862A00000000000097000000DB0803061D
:10D4DC000700000098000000D008000000000000C9
:10D4EC0099000000BC0C0000000000009A00000035
:10D4FC00540F0306070000009B000000160D0304E8
:10D50C00050000009C000000130603000100000051
:10D51C009D000000150F030C0D0000009E00000084
:10D52C00860F030C0D000000A00000004E0C030839
:10D53C0009000000A10000004403030001000000EA
:10D54C00A2000000BD09000000000000A3000000C4
:10D55C007F1C000000000000A40000009A2C0000BA
:10D56C0000000000A50000001503000000000000F2
:10D57C00A60000001509000000000000A700000034
:10D58C009016000000000000A8000000010C000034
:10D59C0000000000A9000000EA12000000000000DA
:10D5AC00AA0000004922000000000000AB000000AF
:10D5BC00B542000000000000AC0000001662000044
:10D5CC0000000000AD000000530800000000000047
:10D5DC00AE000000A730000000000000AF0000000B
:10D5EC008A13030E0F000000B0000000EA030300D2
:10D5FC0001000000B1000000F01400000000000069
:10D60C00B20000002F18000000000000B300000062
:10D61C00BD1D011A00000000B4000000342F012AC7
:10D62C0000000000B5000000AE0400000000000087
:10D63C00B6000000E528000000000000B700000064
:10D64C005502030001000000B80000009FCE030447
:10D65C0005000000B9000000BA0703040500000033
:10D66C00BA000000481D030001000000BF000000CC
:10D67C005C1B000000000000C0000000243600000D
:10D68C0000000000C1000000471A0000000000006C
:10D69C00C20000006221000000000000C300000076
:10D6AC007825000000000000C8000000862A03282E
:10D6BC0029000000C9000000CD0E030C0D00000075
:10D6CC00D60000004508030607000000D700000044
:10D6DC006503000000000000D800000032030300C6
:10D6EC0001000000D9000000CA0600000000000084
:10D6FC00DA0000001107030001000000DB0000004D
:10D70C00A202000000000000DC000000222000004B
:10D71C0000000000DD000000472A000000000000AF
:10D72C00DE0000000F03000000000000DF0000001E
:10D73C00772F032A2B000000E0000000662D032A3F
:10D74C002B000000E1000000D049000000000000A8
:10D75C00E2000000CF08000000000000E60000001E
:10D76C00A32A000000000000E70000006928000068
:10D77C0000000000E80000009741000000000000DD
:10D78C00E900000023B6000000000000EA000000E1
:10D79C009628000000000000EB000000B32A0000F7
:10D7AC0000000000F10000005A2000000000000002
:10D7BC00F2000000683C000000000000F3000000D4
:10D7CC00553D013400000000F40000005F0600002D
:10D7DC0000000000F50000008202000000000000C4
:10D7EC00F6000000B826000000000000F700000062
:10D7FC005113000000000000F800000008FE0303B5
:10D80C0004000000F9000000CC240000000000001F
:10D81C00FA000000311E000000000000FB000000B8
:10D82C00AA12000000000000FC0000002C120000F6
:10D83C0000000000FD000000533600000000000056
:10D84C00FE0000002E090000000000000001000096
:10D85C00472A0308090000000101000083090000A9
:10D86C000000000002010000BBE803000100000002
:10D87C00030100005CED000000000000040100004A
:10D88C00920E00000000000005010000B33D0000F6
:10D89C0000000000060100000C1700000000000052
:10D8AC000701000085FF00000000000008010000D7
:10D8BC003120000000000000090100001A140000D3
:10D8CC00000000000A010000C1FF03020300000079
:10D8DC000B01000023FF0302030000000C010000F9
:10D8EC000E040302030000000D0100006DD70000C0
:10D8FC00000000000E0100003B14000000000000BE
:10D90C000F0100001635000000000000130100009C
:10D91C007E20000000000000140100001232000004
:10D92C0000000000150100003E1E00000000000079
:10D93C001801000046210000000000001901000041
:10D94C00300D0000000000001A0100007B230320B2
:10D95C00210000001B0100004A91000000000000A3
:10D96C001C0100006320031E1F0000001D010000AD
:10D97C0089310326270000001E010000D239033232
:10D98C00330000001F0100000117031415000000F4
:10D99C0020010000141703141500000022010000E0
:10D9AC00FB2E000000000000230100000A390000DB
:10D9BC000000000024010000E3DF03181900000040
:10D9CC0027010000EA0C0000000000002801000004
:10D9DC0032230000000000002B0100001362000045
:10D9EC00000000002C010000D9160000000000000F
:10D9FC002D010000F33A0000000000003601000089
:10DA0C001C11000000000000370100005F740000D2
:10DA1C000000000040010000F314030203000000AA
:10DA2C004101000058020300010000004201000007
:10DA3C00F395000000000000430100004E9303002A
:10DA4C00010000004401000084920000000000006E
:10DA5C004A01000017A70000000000004B01000065
:10DA6C005BE90000000000004C010000ECEF00003E
:10DA7C00000000004D010000E76D000000000000F8
:10DA8C004E010000480A0000000000004F01000099
:10DA9C00E11800000000000050010000F5540000E7
:10DAAC000000000053010000C7050000000000004A
:10DABC005401000063460000000000005901000002
:10DACC00D1150302030000005E010000E8FC000019
:10DADC000000000062010000D20E030C0D000000DB
:10DAEC0063010000060C000000000000680100004B
:10DAFC000B19000000000000690100005D2100000E
:10DB0C0000000000710100009718000000000000E8
:10DB1C00720100004B6D000000000000730100005A
:10DB2C000A1A000000000000740100001A8C0000AA
:10DB3C000000000075010000752A000000000000C4
:10DB4C0077010000FB8C0000000000007801000051
:10DB5C00C7080000000000007C010000E814000071
:10DB6C000000000081010000938503020300000007
:10DB7C0082010000841003040500000083010000F2
:10DB8C00044803040500000084010000082503205C
:10DB9C0021000000860100009CF000000000000045
:10DBAC008B01000000D40000000000008C0100007C
:10DBBC0032A00000000000008D010000B66C0000D7
:10DBCC0000000000900100006EFE03040500000040
:10DBDC0091010000B7060304050000009A01000043
:10DBEC00A0350000000000009B0100006A0300004B
:10DBFC00000000009C010000210603040500000049
:10DC0C009D0100004D070304050000009E0100006B
:10DC1C006D100000000000009F010000A11000002A
:10DC2C0000000000A40100001449030607000000D6
:10DC3C00B3010000862E000000000000B4010000BB
:10DC4C00C109000000000000B50100001E01000029
:10DC5C0000000000B801000042230000000000009A
:10DC6C00B9010000A911000000000000FE01000035
:10DC7C00F56A000000000000FF0100001C470000D6
:10DC8C000000000000020000B802000000000000CC
:10DC9C00421F0000DA10000000000000431F0000CB
:10DCAC00E729000000000000441F0000AC620000E7
:10DCBC0000000000451F0000FB26000000000000D3
:10DCCC00461F0000610E000000000000471F00000E
:10DCDC004020000000000000481F0000EA21000066
:10DCEC0000000000491F0000901000000000000020
:10DCFC004A1F00009B290000000000004B1F000081
:10DD0C0014660000000000004C1F000036100000DC
:10DD1C00000000004D1F0000DE2E0000000000007F
:10DD2C004E1F0000C80E0000000000004F1F000036
:10DD3C001718000000000000501F00009512000092
:10DD4C000000000028230000718900000000000082
:10DD5C002D23000075220000000000001127000098
:10DD6C00D11400000000000012270000BA290000A6
:10DD7C000000000013270000040100000000000058
:10DD8C001427000085090000000000001527000082
:10DD9C00670900000000000016270000C104000005
:10DDAC0000000000172700004711000000000000D1
:10DDBC0018270000F00E000000000000A72700004C
:10DDCC00C355000000000000F82A0000863403044C
:10DDDC0005000000F92A00000F8800000000000078
:10DDEC00FA2A0000EAB4030405000000FB2A000034
:10DDFC004005000000000000FC2A00000BE80308AE
:10DE0C0009000000FD2A00005DE600000000000093
:10DE1C00022B00002E31000000000000032B00003C
:10DE2C006A2C0000000000000C2B0000CD1000003C
:10DE3C0000000000162B0000902C000000000000D9
:10DE4C00172B0000852C000000000000182B000090
:10DE5C00552C000000000000192B0000C3250310F6
:10DE6C00110000001A2B00004F05000000000000FC
:10DE7C001B2B000080080304050000001C2B000075
:10DE8C00B1220000000000001D2B0000821C0000CD
:10DE9C00000000001E2B00002F26000000000000D8
:10DEAC001F2B00008E09000000000000202B00003A
:10DEBC00842C000000000000212B0000D02C00005E
:10DECC0000000000222B0000C92C00000000000004
:10DEDC00232B0000C12C000000000000242B0000AC
:10DEEC00BD2C000000000000342B0000A24E0000EE
:10DEFC000000000064320000722C030001000000DE
:10DF0C0065320000FE3B031E1F000000663200005D
:10DF1C008C3503040500000067320000F92E030065
:10DF2C0001000000683200004D36031C1D0000008B
:10DF3C0069320000312B0300010000007332000035
:10DF4C005EF9030001000000763200008B33000004
:10DF5C0000000000773200000712031011000000CF
:10DF6C007832000014050000000000006842000038
:10DF7C0067B3000000000000FE4200001A21000000
:10DF8C0000000000FF4200004810000000000000EC
:10DF9C0001430000131100000000000002430000C8
:10DFAC005911000000000000034300001B0A000090
:10DFBC0000000000044300000E5B000000000000A5
:10DFCC0005430000BB5400000000000006430000A5
:10DFDC006A1800000000000010A40000E30100001B
:10DFEC000000000011A40000EF2E00000000000053
:10DFFC0051C30000F62000000000000052C30000D6
:10E00C00B5F600000000000053C300003E130000F2
:10E01C000000000054C30000F00A030809000000CF
:10E02C0055C30000980603040500000020CB000037
:10E03C000D6400000000000021CB0000EF01000087
:10E04C000000000015CD0000F011000000000000E1
:10E05C0016CD0000584E00000000000017CD000047
:10E06C00605500000000000018CD0000B11C00003D
:10E07C000000000019CD0000D732000000000000A5
:10E08C0078CD0000B52603202100000079CD0000DA
:10E09C00662400000000000060EA0000041603146F
:10E0AC00150000006AEA0000D0210000000000000A
:10E0BC006BEA0000B7070000000000006CEA0000EB
:10E0CC0063240320210000006DEA00008118031472
:10E0DC00150000006EEA000086080304050000002D
:10E0EC0074EA0000CA0400000000000088EA000086
:10E0FC009CF500000000000089EA0000BFFF000052
:10E10C00000000008DEA00000E170302030000005F
:10E11C008EEA0000AB1C0308090000008FEA000027
:10E12C00370700000000000091EA0000610C0000BD
:10E13C000000000092EA0000DC0E0000000000006D
:10E14C0093EA0000F51800000000000094EA0000BB
:10E15C00652C00000000000095EA00002D06000070
:10E16C00000000003BB1B800ECC4B8009DD8B8006A
:10E17C004EECB8000000B900B113B9006227B90029
:10E18C00133BB900C44EB9007662B9002776B900CA
:10E19C00D889B900899DB9003BB1B900ECC4B9006C
:10E1AC009DD8B9004EECB9000000BA00B113BA000A
:10E1BC006227BA00133BBA00C44EBA007662BA00AA
:10E1CC002776BA00D889BA00899DBA003BB1BA004B
:10E1DC00ECC4BA009DD8BA004EECBA000000BB00EB
:10E1EC00B113BB006227BB00133BBB00C44EBB008A
:10E1FC007662BB002776BB00D889BB00899DBB002B
:10E20C003BB1BB00ECC4BB009DD8BB004EECBB00CB
:10E21C000000BC00B113BC006227BC00133BBC0067
:10E22C00C44EBC007662BC002776BC00D889BC000A
:10E23C00899DBC003BB1BC00ECC4BC009DD8BC00AB
:10E24C004EECBC000000BD00B113BD006227BD0048
:10E25C00133BBD00C44EBD007662BD002776BD00E9
:10E26C00D889BD00899DBD003BB1BD00ECC4BD008B
:10E27C009DD8BD004EECBD000000BE00B113BE0029
:10E28C006227BE00133BBE00C44EBE007662BE00C9
:10E29C002776BE00D889BE00899DBE003BB1BE006A
:10E2AC00ECC4BE006666F435CCCCFC353333053695
:10E2BC0099990D360000163666661E36CCCC26367D
:10E2CC0033332F36999937360000403666666638F8
:10E2DC00000070389999793833338338CCCC8C382A
:10E2EC00666696380000A0389999A9383333B3384C
:10E2FC00CCCCBC386666C6380000D0389999D93871
:10E30C003333E338CCCCEC386666F6380000003991
:10E31C009999093933331339CCCC1C3966662639B3
:10E32C00000030399999393933334339CCCC4C39D5
:10E33C0066665639000060399999693933337339F7
:10E34C00CCCC7C396666863900009039999999391C
:10E35C003333A339CCCCAC396666B6390000C0393E
:10E36C009999C9393333D339CCCCDC396666E63963
:10E37C000000F0399999F9390000891112239B3268
:10E38C002446AD573665BF74488CC19D5AAFD3BE79
:10E39C006CCAE5DB7EE9F7F88110080193331A2289
:10E3AC00A5562C47B7753E64C99C408DDBBF52AE59
:10E3BC00EDDA64CBFFF976E802218B301002991369
:10E3CC002667AF763444BD554AADC3BC588ED19F39
:10E3DC006EEBE7FA7CC8F5D983310A209112180349
:10E3EC00A7772E66B5543C45CBBD42ACD99E508F19
:10E3FC00EFFB66EAFDD874C904428D5316619F7019
:10E40C002004A9153227BB364CCEC5DF5EEDD7FCF8
:10E41C006888E1997AABF3BA85520C4397711E6008
:10E42C00A1142805B3373A26CDDE44CFDFFD56ECD8
:10E43C00E9986089FBBB72AA06638F7214409D51E8
:10E44C002225AB343006B9174EEFC7FE5CCCD5DDB8
:10E45C006AA9E3B8788AF19B87730E6295501C41C8
:10E46C00A3352A24B1163807CFFF46EEDDDC54CD98
:10E47C00EBB962A8F99A708B088481951AA793B6A8
:10E48C002CC2A5D33EE1B7F04008C919522BDB3A98
:10E49C00644EED5F766DFF7C899400859BB712A668
:10E4AC00ADD224C3BFF136E0C1184809D33B5A2A78
:10E4BC00E55E6C4FF77D7E6C0AA583B41886919748
:10E4CC002EE3A7F23CC0B5D14229CB38500AD91B58
:10E4DC00666FEF7E744CFD5D8BB502A49996108728
:10E4EC00AFF326E2BDD034C1C3394A28D11A580B38
:10E4FC00E77F6E6EF55C7C4D0CC685D71EE597F4F8
:10E50C002880A1913AA3B3B2444ACD5B5669DF7817
:10E51C00600CE91D722FFB3E8DD604C79FF516E4E7
:10E52C00A9902081BBB332A2C55A4C4BD7795E68F7
:10E53C00E11C680DF33F7A2E0EE787F61CC495D5C7
:10E54C002AA1A3B03882B193466BCF7A5448DD59D7
:10E55C00622DEB3C700EF91F8FF706E69DD414C5A7
:10E56C00ABB122A0B9923083C77B4E6AD5585C49B7
:10E57C00E33D6A2CF11E780FA08601000B190000F8
:10E58C0050C300001000041000005B0101000000EB
:10E59C00B01D000096FF00000506010C015B000099
:10E5AC009033000091FF00000606010C015B000097
:10E5BC002058000090FF0000860010700410005BD3
:10E5CC00000000004F09000098FF00005018050CD7
:10E5DC00805B0040D41E000097FF00006018050C03
:10E5EC00805B00406A34000094FF00007018050C3A
:10E5FC00805B0040E75B000090FF0000C5CC00088A
:10E60C000000000018CB0008010200001ECB00081F
:10E61C000203000026CB00080304000032CB0008E4
:10E62C00050500003FCB00080606000048CB00089B
:10E63C0007FF000050CB000808FF000058CB000873
:10E64C000A07000060CB00080B0800006CCB000828
:10E65C000C09000073CB00080DFF00007ACB0008FA
:10E66C000FFF000083CB000810FF00008ACB0008CE
:10E67C0013FF000092CB000814FF00009CCB000895
:10E68C00150A0000A6CB00081AFF0000AFCB00084B
:10E69C001B010000B8CB00081C0B0000BFCB00080E
:10E6AC001D0C0000C8CB00081EFF0000D3CB0008D7
:10E6BC001FFF0000DBCB000820FF0000E9CB0008A7
:10E6CC0021FF0000F1CB0008220D0000FACB00085E
:10E6DC00230E000006CC0008240F000011CC00080B
:10E6EC0025FF000020CC000827FF000031CC0008DB
:10E6FC0028FF000042CC000829FF000053CC000882
:10E70C002AFF00005DCC00082BFF000067CC00083E
:10E71C002CFF000071CC00082D10000081CC0008EB
:10E72C002EFF00008CCC00082FFF000092CC0008BC
:10E73C0030FF000098CC000839FF00009ECC000888
:10E74C003AFF0000A4CC000831FF0000B2CC000856
:10E75C0032FF0000C2CC000833FF0000C9CC000817
:10E76C0034110000D0CC000835120000DBCC0008BE
:10E77C0036FF0000EBCC000837FF0000F6CC000899
:10E78C0038130000FECC00083BFF00000DCD000844
:10E79C003CFF000019CD00083DFF000028CD00080B
:10E7AC003EFF000038CD00083FFF000049CD0008B7
:10E7BC004014000054CD000841FF000066CD000855
:10E7CC0042FF000078CD000843FF000086CD000812
:10E7DC0044FF0000000000000000000065980008E5
:10E7EC00679800086B9800086F98000801000000FB
:10E7FC000300000005000000010000000100000003
:10E80C00060000000A0000002000000002000000CA
:10E81C000400000008000000100000004000000090
:10E82C008000000000010000000200000000000059
:10E83C0000000000000000000000000001000000CB
:10E84C00020000000300000004000000A08601008C
:10E85C00400D0300801A060000350C0040420F00EA
:10E86C0080841E0000093D0000127A000024F40090
:10E87C0000366E010048E801006CDC02000000006C
:10E88C00000000000000000000000000010000007B
:10E89C000200000004000000060000000800000058
:10E8AC000A0000000C000000100000002000000016
:0CE8BC004000000080000000000100008F
:08E8C8005D010008B59700088E
:04E8D0003901000802
:10E8D40090BADCFE785634120A000000A8CA000878
:10E8E400FFFF0000F0CA000878CA000800093D00D4
:08E8F40001000000100000000B
:040000050800A24D00
:00000001FF
