:020000040800F2
:1000000000000120AD94000897940008999400081E
:100010009B9400089D9400089F9400080000000035
:10002000000000000000000000000000A194000893
:10003000A394000800000000A5940008A7940008FD
:10004000FD940008FD940008FD940008FD9400084C
:10005000FD940008FD940008FD940008FD9400083C
:10006000FD940008FD940008FD940008FD9400082C
:10007000FD940008FD940008FD940008FD9400081C
:10008000FD940008FD940008FD940008FD9400080C
:1000900000000000FD940008FD940008FD94000895
:1000A000FD940008FD940008FD940008052F000849
:1000B000FD940008FD940008FD940008FD940008DC
:1000C000FD940008FD940008FD940008FD940008CC
:1000D000E52900086D4A0008FD940008FD94000819
:1000E000FD940008FD940008FD940008FD940008AC
:1000F000FD9400080000000000000000FD940008CE
:10010000FD940008FD940008D9790008FD940008CA
:10011000FD940008FD940008FD940008FD9400087B
:10012000FD940008FD940008FD940008FD9400086B
:08013000FD940008FD94000895
:1001380010B5054C237833B9044B13B10448AFF319
:1001480000800123237010BD28000020000000005B
:10015800D8B3000808B5034B1BB103490348AFF3F4
:10016800008008BD000000002C000020D8B3000863
:10017800034613F8012B002AFBD1181A01387047DF
:1001880081F0004102E000BF83F0004330B54FEA40
:1001980041044FEA430594EA050F08BF90EA020FAD
:1001A8001FBF54EA000C55EA020C7FEA645C7FEA40
:1001B800655C00F0E2804FEA5454D4EB5555B8BF63
:1001C8006D420CDD2C4480EA020281EA030382EAD4
:1001D800000083EA010180EA020281EA0303362D66
:1001E80088BF30BD11F0004F4FEA01314FF4801C39
:1001F8004CEA113102D0404261EB410113F0004F4B
:100208004FEA03334CEA133302D0524263EB430301
:1002180094EA050F00F0A780A4F10104D5F1200E9F
:100228000DDB02FA0EFC22FA05F2801841F10001FA
:1002380003FA0EF2801843FA05F359410EE0A5F1CE
:1002480020050EF1200E012A03FA0EFC28BF4CF0FF
:10025800020C43FA05F3C01851EBE37101F00045B5
:1002680007D54FF0000EDCF1000C7EEB00006EEBC2
:100278000101B1F5801F1BD3B1F5001F0CD349084C
:100288005FEA30004FEA3C0C04F101044FEA4452A3
:1002980012F5800F80F09A80BCF1004F08BF5FEA2A
:1002A800500C50F1000041EB045141EA050130BD0A
:1002B8005FEA4C0C404141EB0101013C28BFB1F51C
:1002C800801FE9D291F0000F04BF01460020B1FA67
:1002D80081F308BF2033A3F10B03B3F120020CDA3A
:1002E8000C3208DD02F1140CC2F10C0201FA0CF018
:1002F80021FA02F10CE002F11402D8BFC2F1200C7D
:1003080001FA02F120FA0CFCDCBF41EA0C01904032
:10031800E41AA2BF01EB0451294330BD6FEA04047B
:100328001F3C1CDA0C340EDC04F11404C4F1200266
:1003380020FA04F001FA02F340EA030021FA04F378
:1003480045EA030130BDC4F10C04C4F1200220FACF
:1003580002F001FA04F340EA0300294630BD21FA0D
:1003680004F0294630BD94F0000F83F4801306BFD3
:1003780081F480110134013D4EE77FEA645C18BFC7
:100388007FEA655C29D094EA050F08BF90EA020F5E
:1003980005D054EA000C04BF1946104630BD91EA56
:1003A800030F1EBF0021002030BD5FEA545C05D159
:1003B8004000494128BF41F0004130BD14F5800498
:1003C8003CBF01F5801130BD01F0004545F0FE410C
:1003D80041F470014FF0000030BD7FEA645C1ABF41
:1003E800194610467FEA655C1CBF0B46024650EA78
:1003F800013406BF52EA033591EA030F41F40021A4
:1004080030BD00BF90F0000F04BF0021704730B529
:100418004FF4806404F132044FF000054FF00001FE
:1004280050E700BF90F0000F04BF0021704730B5BF
:100438004FF4806404F1320410F0004548BF404294
:100448004FF000013EE700BF42004FEAE2014FEAE9
:1004580031014FEA02701FBF12F07F4393F07F4FC4
:1004680081F06051704732F07F4208BF704793F0C7
:100478007F4F04BF41F40021704730B54FF46074DA
:1004880001F0004521F000411CE700BF50EA0102DD
:1004980008BF704730B54FF000050AE050EA010286
:1004A80008BF704730B511F0004502D5404261EBF6
:1004B80041014FF4806404F132045FEA915C3FF437
:1004C800D8AE4FF003025FEADC0C18BF03325FEAD4
:1004D800DC0C18BF033202EBDC02C2F1200300FA85
:1004E80003FC20FA02F001FA03FE40EA0E0021FAAA
:1004F80002F11444BDE600BF70B54FF0FF0C4CF498
:10050800E06C1CEA11541DBF1CEA135594EA0C0F49
:1005180095EA0C0F00F0DEF82C4481EA030621EA84
:100528004C5123EA4C5350EA013518BF52EA0335BF
:1005380041F4801143F4801338D0A0FB02CE4FF071
:100548000005E1FB02E506F00042E0FB03E54FF0A1
:100558000006E1FB03569CF0000F18BF4EF0010E99
:10056800A4F1FF04B6F5007F64F5407404D25FEA95
:100578004E0E6D4146EB060642EAC62141EA555148
:100588004FEAC52040EA5E504FEACE2EB4F1FD0C8A
:1005980088BFBCF5E06F1ED8BEF1004F08BF5FEA08
:1005A800500E50F1000041EB045170BD06F00046BA
:1005B80046EA010140EA020081EA0301B4EB5C0467
:1005C800C2BFD4EB0C0541EA045170BD41F480115F
:1005D8004FF0000E013C00F3AB8014F1360FDEBF84
:1005E800002001F0004170BDC4F10004203C35DA60
:1005F8000C341BDC04F11404C4F1200500FA05F3E3
:1006080020FA04F001FA05F240EA020001F0004283
:1006180021F0004110EBD37021FA04F642EB0601F9
:100628005EEA430E08BF20EAD37070BDC4F10C0423
:10063800C4F1200500FA04F320FA05F001FA04F2E7
:1006480040EA020001F0004110EBD37041F10001D3
:100658005EEA430E08BF20EAD37070BDC4F12005DE
:1006680000FA05F24EEA020E20FA04F301FA05F246
:1006780043EA020321FA04F001F0004121FA04F2EE
:1006880020EA020000EBD3705EEA430E08BF20EABE
:10069800D37070BD94F0000F0FD101F000464000F8
:1006A80041EB010111F4801F08BF013CF7D041EA7A
:1006B800060195F0000F18BF704703F0004652007E
:1006C80043EB030313F4801F08BF013DF7D043EA4F
:1006D8000603704794EA0C0F0CEA135518BF95EA05
:1006E8000C0F0CD050EA410618BF52EA4306D1D18C
:1006F80081EA030101F000414FF0000070BD50EAAB
:10070800410606BF1046194652EA430619D094EA34
:100718000C0F02D150EA013613D195EA0C0F05D11E
:1007280052EA03361CBF104619460AD181EA030172
:1007380001F0004141F0FE4141F470014FF000002A
:1007480070BD41F0FE4141F4780170BD70B54FF0C5
:10075800FF0C4CF4E06C1CEA11541DBF1CEA135545
:1007680094EA0C0F95EA0C0F00F0A7F8A4EB050427
:1007780081EA030E52EA03354FEA013100F088801E
:100788004FEA03334FF0805545EA131343EA1263E7
:100798004FEA022245EA111545EA10654FEA00269C
:1007A8000EF000419D4208BF964244F1FD0404F555
:1007B800407402D25B084FEA3202B61A65EB0305B1
:1007C8005B084FEA32024FF480104FF4002CB6EB6E
:1007D800020E75EB030E22BFB61A754640EA0C00EE
:1007E8005B084FEA3202B6EB020E75EB030E22BF2E
:1007F800B61A754640EA5C005B084FEA3202B6EB6F
:10080800020E75EB030E22BFB61A754640EA9C002D
:100818005B084FEA3202B6EB020E75EB030E22BFFD
:10082800B61A754640EADC0055EA060E18D04FEABB
:10083800051545EA16754FEA06164FEAC30343EA5B
:1008480052734FEAC2025FEA1C1CC0D111F4801F28
:100858000BD141EA00014FF000004FF0004CB6E721
:1008680011F4801F04BF01430020B4F1FD0C88BFC0
:10087800BCF5E06F3FF6AFAEB5EB030C04BFB6EBCB
:10088800020C5FEA500C50F1000041EB045170BDBE
:100898000EF0004E4EEA113114EB5C04C2BFD4EBEB
:1008A8000C0541EA045170BD41F480114FF0000E6F
:1008B800013C90E645EA060E8DE60CEA135594EAEB
:1008C8000C0F08BF95EA0C0F3FF43BAF94EA0C0FEE
:1008D8000AD150EA01347FF434AF95EA0C0F7FF463
:1008E80025AF104619462CE795EA0C0F06D152EAB7
:1008F80003353FF4FDAE1046194622E750EA41069B
:1009080018BF52EA43067FF4C5AE50EA41047FF4AB
:100918000DAF52EA43057FF4EBAE12E74A0011D25D
:1009280012F5001211D20DD56FF47873B3EB625241
:100938000ED44FEAC12343F0004343EA505323FA4D
:1009480002F070474FF00000704750EA013002D1C2
:100958004FF0FF3070474FF00000704780F00040C4
:1009680002E000BF81F0004142001FBF5FEA41037F
:1009780092EA030F7FEA226C7FEA236C6AD04FEA7F
:100988001262D2EB1363C1BFD218414048404140C4
:10099800B8BF5B42192B88BF704710F0004F40F476
:1009A800000020F07F4018BF404211F0004F41F492
:1009B800000121F07F4118BF494292EA030F3FD05E
:1009C800A2F1010241FA03FC10EB0C00C3F1200371
:1009D80001FA03F100F0004302D5494260EB400000
:1009E800B0F5000F13D3B0F1807F06D340084FEA6B
:1009F800310102F10102FE2A51D2B1F1004F40EB60
:100A0800C25008BF20F0010040EA030070474900C7
:100A180040EB0000013A28BFB0F5000FEDD2B0FA64
:100A280080FCACF1080CB2EB0C0200FA0CF0AABF87
:100A380000EBC25052421843BCBFD0401843704725
:100A480092F0000F81F4000106BF80F4000001322B
:100A5800013BB5E74FEA41037FEA226C18BF7FEA02
:100A6800236C21D092EA030F04D092F0000F08BF44
:100A78000846704790EA010F1CBF0020704712F02B
:100A88007F4F04D1400028BF40F00040704712F16A
:100A980000723CBF00F50000704700F0004343F0CF
:100AA800FE4040F4000070477FEA226216BF084605
:100AB8007FEA23630146420206BF5FEA412390EAC8
:100AC800010F40F4800070474FF0000304E000BFBE
:100AD80010F0004348BF40425FEA000C08BF70476F
:100AE80043F0964301464FF000001CE050EA010233
:100AF80008BF70474FF000030AE000BF50EA010248
:100B080008BF704711F0004302D5404261EB410134
:100B18005FEA010C02BF84460146002043F0B64359
:100B280008BFA3F18053A3F50003BCFA8CF2083A7E
:100B3800A3EBC25310DB01FA02FC634400FA02FC87
:100B4800C2F12002BCF1004F20FA02F243EB02008E
:100B580008BF20F00100704702F1200201FA02FCF0
:100B6800C2F1200250EA4C0021FA02F243EB0200E3
:100B780008BF20EADC7070474FF0FF0C1CEAD05227
:100B88001EBF1CEAD15392EA0C0F93EA0C0F6FD0E8
:100B98001A4480EA010C400218BF5FEA41211ED0C6
:100BA8004FF0006343EA501043EA5111A0FB0131B2
:100BB8000CF00040B1F5000F3EBF490041EAD37187
:100BC8005B0040EA010062F17F02FD2A1DD8B3F103
:100BD800004F40EBC25008BF20F00100704790F072
:100BE800000F0CF0004C08BF49024CEA502040EAC4
:100BF80051207F3AC2BFD2F1FF0340EAC25070478A
:100C080040F400004FF00003013A5DDC12F1190FC7
:100C1800DCBF00F000407047C2F10002410021FA39
:100C280002F1C2F1200200FA02FC5FEA310040F151
:100C3800000053EA4C0308BF20EADC70704792F0CA
:100C4800000F00F0004C02BF400010F4000F013A02
:100C5800F9D040EA0C0093F0000F01F0004C02BFFD
:100C6800490011F4000F013BF9D041EA0C018FE76C
:100C78000CEAD15392EA0C0F18BF93EA0C0F0AD072
:100C880030F0004C18BF31F0004CD8D180EA010098
:100C980000F00040704790F0000F17BF90F0004F31
:100CA800084691F0000F91F0004F14D092EA0C0F13
:100CB80001D142020FD193EA0C0F03D14B0218BFA6
:100CC800084608D180EA010000F0004040F0FE40EC
:100CD80040F40000704740F0FE4040F44000704788
:100CE8004FF0FF0C1CEAD0521EBF1CEAD15392EA07
:100CF8000C0F93EA0C0F69D0A2EB030280EA010CF7
:100D080049024FEA402037D04FF0805343EA11118F
:100D180043EA10130CF000408B4238BF5B0042F1ED
:100D28007D024FF4000C8B4224BF5B1A40EA0C0092
:100D3800B3EB510F24BFA3EB510340EA5C00B3EBC4
:100D4800910F24BFA3EB910340EA9C00B3EBD10FB2
:100D580024BFA3EBD10340EADC001B0118BF5FEA04
:100D68001C1CE0D1FD2A3FF650AF8B4240EBC2502D
:100D780008BF20F0010070470CF0004C4CEA5020EE
:100D88007F32C2BFD2F1FF0340EAC250704740F43D
:100D980000004FF00003013A37E792F0000F00F02F
:100DA800004C02BF400010F4000F013AF9D040EAAD
:100DB8000C0093F0000F01F0004C02BF490011F441
:100DC800000F013BF9D041EA0C0195E70CEAD15339
:100DD80092EA0C0F08D142027FF47DAF93EA0C0F20
:100DE8007FF470AF084676E793EA0C0F04D14B0204
:100DF8003FF44CAF08466EE730F0004C18BF31F0B6
:100E0800004CCAD130F000427FF45CAF31F00043AF
:100E18007FF43CAF5FE700BF4FF0FF3C06E000BF48
:100E28004FF0010C02E000BF4FF0010C4DF804CD6B
:100E38004FEA40024FEA41037FEA226C18BF7FEA7B
:100E4800236C11D001B052EA530C18BF90EA010F7D
:100E580058BFB2EB030088BFC81738BF6FEAE1700C
:100E680018BF40F0010070477FEA226C02D15FEAA8
:100E7800402C05D17FEA236CE4D15FEA412CE1D014
:100E88005DF8040B704700BF844608466146FFE7DB
:100E98000FB5FFF7C9FF002848BF10F1000F0FBDBD
:100EA8004DF808EDFFF7F4FF0CBF012000205DF8B6
:100EB80008FB00BF4DF808EDFFF7EAFF34BF01203B
:100EC80000205DF808FB00BF4DF808EDFFF7E0FFD4
:100ED80094BF012000205DF808FB00BF4DF808ED25
:100EE800FFF7D2FF94BF012000205DF808FB00BF88
:100EF8004DF808EDFFF7C8FF34BF012000205DF86A
:100F080008FB00BF4FEA4002B2F1FE4F0FD34FF08B
:100F18009E03B3EB12620DD94FEA002343F000435E
:100F280010F0004F23FA02F018BF404270474FF00C
:100F38000000704712F1610F01D1420205D110F093
:100F4800004008BF6FF0004070474FF00000704746
:100F580042000ED2B2F1FE4F0BD34FF09E03B3EB1B
:100F6800126209D44FEA002343F0004323FA02F047
:100F780070474FF00000704712F1610F01D1420233
:100F880002D14FF0FF3070474FF00000704700BFAC
:100F98000022427082700122C270B1FA81F10222ED
:100FA80049090271032201704271704743788B42EC
:100FB8001FD0012941700AD0022910D0C1B90123DC
:100FC800C370817002230371032343717047037850
:100FD80043B1012383700223C3700023F3E703782E
:100FE800002BF6D0022383700023C3700123EAE7A5
:100FF800FEE7704782B00B88ADF800304B88ADF83B
:1010080002308B88ADF80430CB88ADF80630023951
:10101800431C053013F8012F0DF1080C0CEB4202AC
:10102800834232F8082C21F8022FF3D102B070471E
:1010380008448078704738B54FF07F33C0F8A03047
:1010480004464FF6FF737F220025A0F8A43080F8ED
:10105800A62080F8A950A0F8AA30AC3000F096FC81
:10106800A4F8B85038BD70B51146154604461E465A
:1010780000F023FC294604F1140000F01EFC294668
:1010880004F1280000F019FC294604F13C0000F0A6
:1010980014FC294604F1500000F00FFC294604F125
:1010A800640000F00AFC294604F1780000F005FC11
:1010B800294604F18C0000F000FC04F1AC00324633
:1010C8004FF4FA734FF4FA6100F046FC2046BDE88D
:1010D8007040FFF7B0BF704700F0F6BB143000F067
:1010E800F3BB283000F0F0BB90F8A43013B990F9A6
:1010F800A000704790F9A100704790F8A43013B988
:1011080090F9A200704790F9A300704710B5044603
:1011180006F07EFE38B104F1140000F0D9FB012876
:1011280038BF0120C0B210BD10B5044606F070FEED
:1011380038B104F1500000F0CBFB012838BF012082
:10114800C0B210BD4FF47A71AC3000F026BC00215B
:10115800AC3000F022BC08B5AC3000F02FFCB0F584
:101168007A7FA8BF4FF47A7020EAE07008BD10B506
:10117800044600F083FB04F1140000F07FFB04F147
:10118800280000F07BFB04F13C0000F077FB04F141
:10119800500000F073FB04F1640000F07BFB04F1E5
:1011A800780000F077FB94F8B93013B1013B84F86C
:1011B800B93010BD7F2807D0002807DA10F1800F5A
:1011C80006D04042C0B270470020704701207047E7
:1011D8007F20704710B1404240B270477F2070476F
:1011E8007F280FD010F1310F0EDA10F1780F0DDBD8
:1011F8007830FE2340B2584323304623B0FBF3F047
:10120800C0B27047FF207047FE207047002070472B
:101218007F2805D031B1002806DA4042C0B27047B5
:10122800FF207047FE207047002070477F2811D0AC
:1012380010F1310F10DA10F1780F10DB783040F22E
:10124800A96340B2584323304623B0FBF3F0AC30D7
:1012580080B270470020704740F255707047AC204C
:10126800704763289FBF40F2A96358433230642314
:101278009DBFB0FBF3F0AC3080B240F255707047C0
:101288004FF4F063A0F58060584340F2FF7390FB81
:10129800F3F000F5787080B27047FFF7F1BF4FF4B4
:1012A8009663A0F58060584340F2FF7390FBF3F01B
:1012B80000F2DC5080B27047A0F58060D0EB0010DF
:1012C80048BF033040F38F007047032812DD0C2815
:1012D80012DD0F2812DD122812DD162812DD19285A
:1012E80012DD1C2812DD1F2812DD2128CCBFFF20AB
:1012F8000620704700207047012070470220704781
:101308000820704703207047072070470420704763
:101318000520704705289ABF014B185CFF207047CD
:1013280082B400087F281ABF4042C0B2002070472C
:101338007F2811D010F1320F10DA884210DD401AE0
:101348006423C1F1FF21584301F57F01CE313130CB
:1013580090FBF1F0C0B27047FF20704764207047DF
:1013680000207047014B4840185C704788B400085B
:1013780052B110B4054C0A4411F8013B58408A4256
:10138800205CF9D110BC7047704700BF88B40008D2
:10139800002805DB212805DC044B33F810007047D2
:1013A800002070474FF4FA60704700BFB2B50008DC
:1013B800392808D822280ED9094B2338C0B2C3408F
:1013C80003F0010070475F2807D0613819288CBFE7
:1013D800002001207047002070470120704700BF9F
:1013E80001EC7F00F8B50246451E461D00245F2724
:1013F80015F8010FFF2804BF0134E4B2FFF7D8FF46
:1014080000B92F70AE42F3D1062C04D119B10B6884
:1014180013608B88938000239371F8BD2DE9F843FE
:10142800DFF83490471E441D012500264FF0280898
:1014380017F8011F084809F072FF034610B1A0EB26
:101448000903DBB2A3FB05329E19A742A5FB08538B
:10145800EED13046BDE8F88388B5000810B541796B
:10146800A1F13000C3B2092B07D80523B0FBF3F371
:1014780003EB8303C01AC0B210BD044C204609F028
:101488004EFF0028F1D0001BC0B2EEE788B5000877
:1014980070B50446FEF76CFE02B20023551E18B262
:1014A800A84204FA83F104DA265C302E03F1010322
:1014B800F5D0121A01322046BDE8704009F0FEBE90
:1014C8002DE9F047432B28BF432396B00C46154619
:1014D80000211A469846074609F00AFF00214122D2
:1014E80005A8049109F004FFDFF87C90DFF87CA0E0
:1014F80004EB4505AC4210D104A8FEF739FE28B12B
:1015080000F158036B44002203F8492C04A938461B
:1015180009F048FF16B0BDE8F08734F9020B47F62A
:10152800FF739842E8D0002812DC5146684609F05B
:1015380039FF04A8FEF71CFE06466846FEF718FEAB
:101548000644B045D6D3694604A809F0D9FED1E7C8
:10155800694680B209F0FAFA6846FFF799FF4946EA
:10156800684609F0CDFEE4E739B4000834B4000851
:10157800F0B589B06D4600242F468E1CE1B28A4230
:1015880004D83946FFF79CFF09B0F0BD36F824109F
:1015980025F8021B0134F1E742F210736421B0FB15
:1015A800F3F203FB1200B0FBF1F301FB130000EBB5
:1015B800023000EB831080B27047020B00F03F034B
:1015C80042F2107101FB0233C0F38510642202FB62
:1015D8000030704770B50E4600210546144609F0E4
:1015E80087FE00239AB2944200D870BDF25C002AAC
:1015F800FBD0EA540133F5E7072914D8DFE801F0F6
:101608000407090B0D0F11110849FFF7E3BF08493B
:10161800FBE70849F9E70849F7E70849F5E7084902
:10162800F3E70849F1E70849EFE700BF3EB40008CF
:1016380043B4000848B400084DB4000852B4000888
:1016480057B400085CB4000861B40008052911D833
:10165800DFE801F00306080A0C0E0749FFF7BABFD6
:101668000649FBE70649F9E70649F7E70649F5E7BA
:101678000649F3E70649F1E763B4000868B40008CF
:101688006DB4000872B4000877B400087BB4000891
:1016980061B4000870B50E461446002101320546B3
:1016A80009F026FE00239AB2944200D870BDF25C7D
:1016B800002AFBD0EA540133F5E77D23438043F247
:1016C800390309B2C360002301808180C38003729B
:1016D8007047000002680449044B01FB023323F001
:1016E80000430360180C7047FD430300C39E2600A7
:1016F800F0B5002597B0016085800446562229463A
:10170800684609F0F5FD0126627CAA4209D8002343
:10171800802104F1B400237417B0BDE8F04009F04B
:10172800E7BD2046FFF7D6FFE7797B1B002190FB3A
:10173800F3F202FB1300C0B2EC460A46CBB29F425A
:101748001DD80023227B9A42DED0A279033A012ACF
:1017580004EB050105D925B191F91120D2B9012B66
:10176800D2D98B74A26852F82310583304EB85023F
:101778006B440135516303F8586CEDB2C4E71CF8AB
:1017880001EBBEF1000F03D18242DBD00132D2B2AD
:101798000131D3E7501E8342E3DB01329342E0DCA0
:1017A800B2E72DE9F047154696B0013D0160027198
:1017B80004464371EDB256220021684609F098FDAF
:1017C8000027022D84BF4FF0010900253E464FF047
:1017D800010A94F807809CBF4FF00309B8FBF9F899
:1017E800627CB24209D80023802104F1B40023743A
:1017F80016B0BDE8F04709F07BBD2046FFF76AFF49
:10180800A8EB0603002190FBF3F202FB1300C0B221
:10181800EC460A46CBB2984506D91CF801EBBEF156
:10182800000F22D182421ED1434528BF4346227B66
:1018380003FB095101F0FF018A42D1D016B1B7B9B3
:10184800012BCDD9A2191F469174A26852F8211014
:1018580004EB86020136516303F158026A44F6B27A
:1018680002F858ACBCE70132D2B20131D2E77A1E95
:101878009342E7DB7A1C9342E4DCB1E7D0E9012329
:101888006421D31AC36082604B43418AB3FBF1F3EE
:1018980003747047D0E90123D31AC0E902237047C3
:1018A80043682BB1C26864214A43B2FBF3F2D3B256
:1018B80003740023C360436070470023C0E9023308
:1018C8004182436003747047436801334360704743
:1018D800007C704743680B4443607047072800D971
:1018E800FEE7014B185C70471CB60008052800D9B4
:1018F800FEE7014B185C704724B600080023C0E9D6
:101908000133C36003747047F0B5047C0360012C95
:1019180011D944688568C668141B4FF47A774D1B43
:101928007C4305FB16442B4494FBF3F33344C36018
:10193800C0E90121F0BD1CB9C46001230374F7E7B5
:1019480043684FF47A74D31A634384680C1B93FB7F
:10195800F4F3C3600223F1E72DE9F0410446104691
:101968001D4616468846FFF7AFF8074606EB0800FF
:10197800FFF7AAF801463846FFF7B2F9656020601C
:101988002846FFF7A5F8A060BDE8F08110B5044629
:101998004068FFF79DF8A06010BD38B5856804461B
:1019A8000846FFF795F82946FEF7DCFF2168FFF7A0
:1019B800E3F82946FEF7D8FFA06038BD08B54FF018
:1019C8007C518068FEF7D0FFFFF79CFA08BD70478E
:1019D800704770470020704770470020704700200C
:1019E80070477047002070470020704770474FF0DD
:1019F800B04382B0DA6C0243DA64DB6C03400193D3
:101A0800019B02B070474FF0B04382B09A6D024319
:101A18009A659B6D03400193019B02B070474FF09C
:101A2800B04382B01A6E02431A661B6E03400193DC
:101A3800019B02B0704750E8003F23F0800340E864
:101A48000032002AF7D170470288044B5140C9B2CE
:101A580033F8113083EA1223038070479CCE0008C4
:101A68009AB110B4B0F800C0084C0A4411F8013B10
:101A780083EA0C03DBB2914234F8133083EA1C2C5E
:101A8800A0F800C0F2D110BC704770479CCE000887
:101A980037B54FF6FF730446ADF806304518AC422B
:101AA80003D1BDF8060003B030BD14F8011B0DF1D9
:101AB8000600FFF7C9FFF2E71629A8BF16216FF045
:101AC80008008142B8BF01461170197070470000C4
:101AD800044B1888044B1B8880B29BB2C01A18BFED
:101AE800012070478C2800208A280020044A0023FF
:101AF8001380044A1380044A1380044A13807047F1
:101B08008A2800208C2800208E2C0020902C002071
:101B1800002070470278024B51405B5C03707047AD
:101B280080BA0008FF230370704700BF704770B584
:101B38000B7803704B7843700B78FD2B05460C46E9
:101B480038D18B788370CB78C3700B7903714B795C
:101B580043718B7983718B68C3718B68C3F30F23CF
:101B680003728B7A43720A26627804F10C01A81971
:101B780009F020FC6378B4F80C213344981CEA542B
:101B88005A1CB4F80C1192B2090AA954A278D207C7
:101B980080B20ED504F58872054404F58E7452F8A7
:101BA800041B45F8041BA242F9D112782A700F339E
:101BB80098B270BD00238B700B7983704B79C3701A
:101BC8008B7903718B6843710626CDE708B52C2203
:101BD8000348002109F08CFB024B00221A7008BD53
:101BE80084050020300300202DE9F04113780370AC
:101BF80092F8018080F80180FD2B04460F461546B7
:101C080054D193788370D378C3701379037153795F
:101C18004371937983716B7A127A1B0403EB022365
:101C2800EA79134423F07F430A26A26863F3170274
:101C3800A260A919424604F10C0009F0BBFB7A7BAB
:101C4800904507D208F10C00A2EB080200212044BD
:101C580009F04EFB63781E44AB195A78AB5D03EB71
:101C68000223A4F80C31A378DB070ED5023615FA47
:101C780086F304F5887203F10C0153F8040B42F85B
:101C8800040B8B42F9D11B781370BB7A84F821318D
:101C9800FB7A84F822313B7B84F823317B7B84F800
:101CA80024313B7884F82031BDE8F081002343805B
:101CB80093780371D3784371137983715379062626
:101CC800B3E7000070B50F4C0F4D0646062204F12D
:101CD8000A0105F58970FFF7DDFC237CC3F30302D5
:101CE800C3F3031385F81A31637C85F81921C3F30C
:101CF800030385F81B31637ADB0744BF0223337380
:101D080070BD00BF751E0020A800002070B50446F5
:101D1800BDF81450E2702420237122461B0A20705B
:101D2800637158202B0AA1706070A57102F8073FF3
:101D3800049B59198B420CD16A1D92B2E11C0020F8
:101D4800FFF716FB05F10806A05505F1090080B25A
:101D580070BD13F8010B02F8010FEBE70A4A0B4BB1
:101D680012680B49A3FB02323220920C00FB02F2EC
:101D7800084B486802F5FA72A3FB023292094B68D5
:101D88001B1A9A42FBD870471C00002083DE1B43B5
:101D9800001000E0D34D621002780A4B90F801C0A1
:101DA8008178D243D2B29A5C82EA0C0290F803C0DE
:101DB8009A5C4A40995C027981EA0C01595C4A4074
:101DC800985C704780BA0008F8B53C29BDF81C50EB
:101DD800044635D0A1F12106714271414900D0076E
:101DE80048BF41F00801E37092074FEA13234FF010
:101DF800240248BF41F01001227023716F222B0A80
:101E0800A61C6270A170A37165713046FFF7C4FF0C
:101E18002246069B02F8070F59198B4212D1A91DB9
:101E280089B23046FFF734FE05F1080705F10903CA
:101E38009BB2E055000AE05405F10A0080B2F8BDF3
:101E48000121CCE713F8010B02F8010FE5E70000C8
:101E5800074B084A5B6A02F5006353E8003F43F00A
:101E6800200302F5006040E800310029F3D17047F3
:101E780000380140003001402DE9F04F0C465188F0
:101E8800B1F58C7F85B0054611D300211170D91C9E
:101E9800C9B2012995BF01210023518053809CBFFD
:101EA8002370117000232B7005B0BDE8F08F1078F7
:101EB8000E2800F28B8001A656F820F0971E000825
:101EC800011F0008291F0008431F0008D51F00082C
:101ED800D51F0008D51F0008D51F0008D51F00080A
:101EE800D51F0008D51F0008D51F0008D51F0008FA
:101EF800D51F0008551F0008481C508063542178DE
:101F0800FD299BB206D10C330A21D380918002238C
:101F18001370C7E708330621D38091800E23F7E7B3
:101F2800481C50806354D80742BFD1880D31D180F6
:101F3800012B8CBF00230323EAE7002B01F10100EA
:101F48005080635414BF00230E23E1E7481C5080DF
:101F580063545388D1888B4232D300235380137043
:101F680002232B7069802378FD2B35D163792B727E
:101F7800A3796B72637A227A1B0403EB0223E2795A
:101F880013446B60637803F10C026A80A278D1076E
:101F980001D519336B8000266968DFF8F0806E81FF
:101FA80040F285120C20B31801335B0800FB03F7DD
:101FB80058F80770B94218D25A1EB242F3D816E040
:101FC80092889A423FF66EAF01236CE700231370A4
:101FD80053809380D38066E7E3782B7223796B7202
:101FE80063796B6063780833D4E71E46E5D80C271D
:101FF800774358F80730994227D123782046FD2B9C
:1020080010F801BF0CBF4FF00A094FF0060909EBA1
:102018000B03591E89B247440193FFF739FD97F81E
:1020280004A0ADF80E0051460DF10E00FFF70CFDAF
:10203800019BE218E35C527803EB0223BDF80E2003
:102048009BB29A4203D005232DE703232BE7BB79E4
:10205800DA0706D5FA79934582BF04EB09018A5C51
:10206800AA729B0709D50C2303FB068362781B7AA7
:102078009A4282BF4C44E35CEB720C2303FB068359
:1020880085F80CA05B796B730EE700BF80BB000876
:10209800F0B50546FD2305F80C3B85B004468DF8E0
:1020A800043090F8243103F10C020244012B42D889
:1020B8000026637066808DF805308B7A23718DF861
:1020C80008308B7AADF8066001338B7263798DF82E
:1020D8000930A3798DF80A30A368C3F317031A12DD
:1020E8008DF80B3009211B140DF105008DF80D300A
:1020F8008DF80C20FFF7CCFC6778ADF802003A4663
:1021080029460DF10200FFF7ABFC94F82311FFF705
:102118009BFC94F82421BDF80230A4F80C319742B6
:1021280010D207F10C00D21B3146204405B0BDE89F
:10213800F04009F0DDB812F8010D0028B8D1013BD4
:10214800DBB2B3E705B0F0BD044AD2F8903023F40F
:102158000043C2F89030FFF701BE00BF00040058EA
:1021680008B5FFF7FBFD044AD2F8903043F400436A
:10217800C2F8903008BD00BF0004005807B50368D6
:102188008DF807101B6901220DF10701984703B06C
:102198005DF804FB70B5044608460D46FDF7E8FFF8
:1021A800236882B2294620461B69BDE8704018475B
:1021B800B0F1904F02D10120FFF719BC084B9842AB
:1021C80005D003F58063984203D10420F4E7022088
:1021D800F2E7044B984201D18020EDE7704700BF39
:1021E80000040048001C00480C4B984203D14FF4EF
:1021F8000060FFF714BCB0F1804F05D0084B98423F
:1022080005D14FF40030F4E70120FFF7FCBB054B84
:10221800984202D14FF48020EBE77047002C014030
:1022280000440140004801402DE9F04387B00E46C4
:10223800054614460021142201A89DF838809DF80F
:102248003C901F4609F054F800960B2C07D8DFE89D
:1022580004F007070A121414141616161A1CFEE7BF
:102268000323019301E002230493032F11D8DFE82D
:1022780007F0111321110123F6E70123F1E70123E8
:1022880001930393F1E70223EBE702230193012370
:10229800F7E7FEE702230293B8F1100F0CD8DFE846
:1022A80008F02D2D0C11131517191B1D1F2123259F
:1022B80027292B000123EEE7FEE7012305930223DC
:1022C80001931EE00223F9E70323F7E70423F5E768
:1022D8000523F3E70623F1E70723EFE70823EDE7F4
:1022E8000923EBE70A23E9E70B23E7E70C23E5E7F4
:1022F8000D23E3E70E23E1E70F23DFE7B8F1000F33
:10230800DDD1B9F1000F02D02846FFF751FF053C97
:10231800042C05D8DFE804F0030B04030B00AE62BD
:102328006946284607F082FF07B0BDE8F083AE6132
:10233800F6E713B54FF0010C0024CDE9004CFFF788
:1023480073FF02B010BD000030B587B000231546FA
:102358000446ADF80630FFF747FF042D04D8DFE840
:1023680005F02E3204363F00FEE71E4B1E4A1B685E
:10237800B3FBF2F39BB20022CDE90221013B01A994
:102388002046ADF804300492059208F09FF92368BE
:1023980023F080032360A36823F4A03323F007030A
:1023A800A360636823F070036360636823F47003B9
:1023B8006360A36823F08003A36007B030BD094BB6
:1023C8000A4A1B68D4E7074B094A1B68D0E7054B44
:1023D800064A1B68B3FBF2F303EB83035B00C9E710
:1023E8000123C8E71C00002080A8120140420F000A
:1023F80000127A0010B50446FFF7A6FF236843F0E1
:102408000103236010BD00224FF0FF31FFF7F2BF38
:10241800204B10B5204C5B68236007F06DF84FF037
:10242800904007F0C5FE1D4807F0C2FE1C4807F0A3
:10243800BFFE1C4808F0D8FA1B4808F0D5FA1B481C
:1024480008F0E6F808F050F84FF0E02200234FF0CB
:10245800B0411361536193618A6822F0030242F02C
:1024680001028A6072B64FF0FF319A0002F16042B1
:1024780002F561420133082BC2F88010C2F88011BE
:10248800F3D162B6034B1B6883F308882368984727
:10249800FEE700BF0000FF1F2C03002000040048D7
:1024A8000008004800380140004400400030014066
:1024B8000749084A881AEFF30883521A1A44013A5E
:1024C800013B984288BF0022AA2108F011BF00BF33
:1024D8000000012000040000044B5A69586910F0FC
:1024E800020018BFC2F38000704700BF0004005804
:1024F8004FF0B042D2F8943043F40043C2F894301D
:102508004FF47A7300BF013B9BB2002BFAD14FF016
:10251800B043D3F8942022F40042C3F89420D3F8AF
:1025280094205204FBD40C4BD3F8902022F40042A0
:10253800C3F890204FF47A7200BF013A92B2002A91
:10254800FAD1D3F8902042F40042C3F890204FF417
:1025580000629A61704700BF0004005810B5032359
:10256800052240214FF09040FFF7E3FEBDE8104000
:102578000323052280214FF09040FFF7DABE08B50B
:10258800FFF7AAFF003818BF012008BD08B5FFF7FC
:10259800F6FF00B908BD00BFF9E74FF0904380226D
:1025A8009A6240229A6170474FF0904340229A62A3
:1025B80080229A6170470000024B4FF480225A60D3
:1025C800704700BF00E100E0064B1A6822F00102E4
:1025D8001A605A6822F400325A601A6842F00102FE
:1025E8001A60704700440040064B1A6822F0010246
:1025F8001A605A6842F400325A601A6842F00102BE
:102608001A607047004400400023032202214FF063
:102618009040FFF78EBE4FF09043186980F002009B
:10262800C0F340007047000010B5074C0023204657
:1026380005221021FFF77DFE20460023BDE810404B
:1026480005220821FFF775BE0004004805494B69BB
:102658001A04DB4302F4801203F0100313438B6166
:10266800704700BF0004004805494B691A04DB4362
:1026780002F4002203F0080313438B61704700BF84
:10268800000400480C4BD3F8FC2022F08072C3F8F9
:10269800FC20D3F8FC2042F08072C3F8FC20A3F59C
:1026A8005D431A6822F001021A601A6842F00102BA
:1026B8001A6000225A60704700ED00E00649074B97
:1026C800074A1B68B3FBF2F310B54C6843434A68EA
:1026D800121B9A42FBD310BD001000E01C00002022
:1026E80040420F001FB50223CDE9013101A80123A3
:1026F8006946039307F06AF800280CBF04200520F8
:1027080005B05DF804FB014608B5012007F018F88C
:1027180000280CBF0420052008BD08B5FFF7E2FF1C
:10272800031F5842584108BD08B5FFF7ECFF031FC7
:102738005842584108BD00002DE9F047294B2A4D61
:1027480001280E4614462949294A0FBF79277827B8
:10275800AA461D4606BF88469A46904606F0A4FF3C
:1027680039462846FFF7D9FF28B9002406F0AEFFFE
:102778002046BDE8F087002E08BF4FF4FC640734FC
:1027880024F0070405F11007B1463444AAEB050A02
:10279800A1450BD14FF011324FF0FF332846FFF718
:1027A800C3FF041E18BF0124A400DFE76EB90AEBBB
:1027B8000703D3E90023B3F1FF3F08BFB2F1FF3F9E
:1027C80006D1083709F10809E2E7D9E90023F2E759
:1027D800B84505D93846FFF7A7FF0028F1D1C4E767
:1027E8000324C3E700C0030800C80308FFCF030899
:1027F800FFC7030810B506F057FF09487821FFF70F
:102808008CFF044638B107487921FFF786FF041E7C
:1028180018BF0124A40006F059FF204610BD00BFD0
:1028280000C0030800C8030830B5084D002340F273
:10283800EF749AB2914201D8042030BDA34203D06C
:102848005A5DC2540133F4E70320F6E710C00308C9
:1028580038B504460D4672B60A4601460020FFF711
:102868006BFF62B6042806D172B601202A462146BB
:10287800FFF762FF62B638BD38B5124B1C68D3F853
:102888000058B4F1113F09D1B5F1113F17D000221A
:1028980011460120BDE83840FFF74EBFB5F1113FA2
:1028A80003D1002211461046F4E7FFF7A3FF0428DE
:1028B80004D12C4001340CBF0220012038BD042073
:1028C800FCE700BF00C00308044B9A689107FCD5D9
:1028D80018739A68D207FCD5187B70470000015816
:1028E80070B50C46451E8E18B44200D170BD15F85F
:1028F800010FFFF7E9FF04F8010BF5E70846114659
:102908001A46FFF7EDBF000070B5064E044645189D
:10291800A54200D170BD3078FFF7D6FF04F8010B4F
:10292800F6E700BF1000002008461146FFF7ECBF8D
:1029380038B504464518AC4200D138BD14F8010B2F
:10294800FFF7C2FFF7E708461146FFF7F1BF00009F
:1029580010B58CB02822002102A808F0C9FC4FF05D
:10296800B0431C4C5A6E42F001025A665B6E03F08B
:1029780001030193019BFFF7BBFD082208924FF466
:102988008272002303924FF40072CDE90533CDE93A
:1029980009330293079207234FF4E06202A9204605
:1029A8000B93049207F058FE636823F010036360EA
:1029B800636823F008036360236843F040032360DF
:1029C800A3689B07FCD5237B034BFF221A700CB02E
:1029D80010BD00BF00000158100000201B4B10B4B0
:1029E800DC69A00611D51A6891060ED51848194950
:1029F8005A6A038809880133C3F30A0389B29942E2
:102A08001FBF1549D2B2CA54038010481F2322069B
:102A1800036215D503681B0612D5104B104A198896
:102A2800138889B29BB299420CD013880133C3F33F
:102A38000903138013880B4A9BB2D35CDBB2836211
:102A480010BC704710BCFEF7F6BF00BF003801404D
:102A58008C2800208A2800208A200020902C002022
:102A68008E2C00208E2800200E490F4A0B881288D1
:102A78000133C3F3090392B29A4211D00B4AD054DE
:102A88000B4A0B8002F5006353E8003F43F08003D4
:102A980002F5006040E800310029F3D101207047B9
:102AA80000207047902C00208E2C00208E280020BB
:102AB8000030014038B504464518AC4200D138BD55
:102AC80014F8010BFFF7D0FFF7E708461146FFF7A8
:102AD800F1BF0000054B064A1B8810880133C3F379
:102AE800090380B2181A18BF01207047902C0020E3
:102AF8008E2C002008B5FFF7EDFFB0FA80F04009F2
:102B080008BD0000054B064A1B8812889B1A98B21C
:102B18001B0444BF00F5006080B270478C28002079
:102B28008A280020FFF7EEBF0848094A0188138861
:102B380089B29BB29942F9D013880133C3F30A03CF
:102B480013801388034A9BB2D05C70478C280020FE
:102B58008A2800208A200020FFF7E6BF70B588B0D9
:102B68000C460646154600212022684608F0C0FBA0
:102B7800231E18BF01231B03CDE9023569460C2328
:102B8800034801960494059307F052FF08B070BDFE
:102B98000038014010B5064C236823F00103236078
:102BA800FFF7DCFF236843F00103236010BD00BF7B
:102BB80000380140002208461146FFF7EBBF00002D
:102BC80073B53B4C236823F00103236008250126D5
:102BD8004FF48040FEF723FF4021CDE900563548E9
:102BE80003230A22FFF720FB03231A46CDE90056E8
:102BF80030488021FFF718FB002211464FF461404E
:102C0800FFF7ACFF636823F490436360A36823F085
:102C18002A03A360284BB02283F8242310225A6089
:102C28002046FEF708FF254A02F5006353E8003FF7
:102C380023F0400302F5006040E800310029F3D199
:102C4800402323621E4B19801E4B198002F5006336
:102C580053E8003F23F0200302F5006040E800310C
:102C68000029F3D1184B1980184B1980104B5A685A
:102C780022F400625A609A6822F008029A605A6840
:102C880022F480425A609A6822F022029A609A6876
:102C980042F480529A601A6842F001021A60DA69B6
:102CA8009102FCD5DA695202F9D502B070BD00BFB5
:102CB800003801400004004800E100E00030014015
:102CC8008E2C0020902C00208A2800208C280020A0
:102CD80008B5FFF775FFBDE80840FFF7B9B8FFF77B
:102CE800F7BF0000024B1A68024B1A60704700BF1A
:102CF800942C002074030020054A064B19681368B9
:102D080099421DBF0133012013600020704700BFA6
:102D180074030020942C0020034A044B11681B788C
:102D28000B441360704700BF942C00202000002043
:102D38000148FFF768BB00BF00440140014B586AD7
:102D480080B270470044014008B5FFF7F1FFBDE8C5
:102D58000840FFF7C7BF70B504460D46164606F093
:102D6800A3FC083D04EBC606B44204D1042406F0D3
:102D7800ADFC204670BD55F8082FD4E900016B68FA
:102D8800994208BF904201D10834EDE72046FFF789
:102D9800CBFC0028F8D10446E9E700001FB503780A
:102DA8008BB10A4B1B68B3F5FA6F0CD300230022D2
:102DB80003700023CDE90023CDE9022340680222F5
:102DC8006946FFF7C8FF05B05DF804FB942C0020A6
:102DD8000123F0B50380444B444AD3E9005104462B
:102DE8004348914208BF854285B04FF0000202D1A6
:102DF800227005B0F0BD3AA1D1E900013D4F6260F3
:102E0800C3E900013C484FF0AA33D0E90021B1F1F1
:102E1800FF3F08BFB2F1FF3FD0E9026505D09942F4
:102E280008BF9A4201D00A4309D1B5F1FF3F08BF54
:102E3800B6F1FF3F0DD09D4208BF9E4209D0103029
:102E4800B842E2D172B67A212B48FFF766FC62B627
:102E580029486060D0E90032CDE90032B2F1FF3F85
:102E680008BFB3F1FF3FD0E9025109D1B1F1FF3FEB
:102E780008BFB5F1FF3F22D14FF0AA331A4623E02D
:102E88004FF0AA36B24208BFB3420BD1B1F1FF3FAF
:102E980008BFB5F1FF3F0FD0B14208BFB5420ED110
:102EA8000023EBE753EA020709D1B14208BFB54254
:102EB80005D14FF4807121801D46114604E000239E
:102EC80023701A461D461946CDE90032CDE9025154
:102ED80002226946FFF73FFF8BE700BFAFF3008090
:102EE80012345678FEDCBA9000000020FEDCBA905E
:102EF8001234567800D8030800D003084FF08043F6
:102F08001A6991070AD56FF002021A615A6B643286
:102F1800DA63084A596B12880A445A634FF08043AF
:102F28001A69120705D56FF008021A61024B0122CF
:102F38001A70704744000020710300200A490B886A
:102F480003B9FEE772B64FF0804309885A6A114404
:102F580064325963DA636FF002021A616FF0080293
:102F68001A6162B6704700BF4400002000B5032212
:102F780089B04FF0FF314FF08040FFF73BFA202235
:102F88000021684608F0B4F964236A4601214FF02D
:102F98008040039307F0D4FBC8236A464FF480713E
:102FA8004FF08040039307F0CBFB054BA02283F83A
:102FB8001B234FF000621A6009B05DF804FB00BFE4
:102FC80000E100E04FF08043DA6842F00202DA6084
:102FD800DA6842F00802DA607047000010B501EBC9
:102FE8008101084B01EB810189001980064B0446D9
:102FF80000221A70FFF7BAFF2046BDE81040FFF71D
:10300800E1BF00BF44000020710300202DE9F0411A
:103018001D4CDFF87880C4220021201D08F068F9D3
:103028001623062663800F23A38032464323414696
:10303800A0192680FEF79CFA0123C4E913333F2325
:1030480000250227A4F8583032464323414604F1AC
:103058005A00A4F84A706565FEF78AFA0C4B0D49C8
:10306800C4F8A03004F1B000C4E92A55A4F89E7051
:1030780084F8A45008F096F97F2384F8C530052316
:1030880084F8C630BDE8F081640200203CBA00082C
:103098000700010076B6000870B5094E05460C46D3
:1030A800415C304608F03BF9034628B1831B0133E5
:1030B800DBB2282B28BF0023F35C2B5570BD00BF63
:1030C80054BA000870B50C461146064608F06AF96D
:1030D80044B10025052130460135FFF7DDFFEBB28D
:1030E8009C42F7D870BD000073B5054605F111067E
:1030F8001F4C204A014636016846FFF7E3FFB01C23
:103108006946204408F04EF9264404EB05120023D2
:1031180002217172A2F81A31142202FB054001251E
:103128004FF00112C0E91352A0F84A10A2F1FF2291
:10313800E1844FF480714265A16240F201124FF4BC
:103148000071A0F8582084F83430A18584F82E50F6
:1031580084F8303084F83330C4F83A30C4F83E305C
:10316800C4F84230A4F84620A4F8482002B070BD44
:10317800A80000202AB600082DE9F3410546A54C11
:10318800A54A05F111074FEA07180E460146684699
:10319800FFF798FF08F10200A04469462044FEF7B3
:1031A80021F998F80930072B84BF022388F80930E1
:1031B80004EB0710994B427A198841FA02F2D207B8
:1031C80010D40222427269B14807C1F3800209D4BF
:1031D80041FA02FC1CF0010FD0B200F0A68104EB0A
:1031E8000712507204EB0512280192F81A110529EA
:1031F80002D9002182F81A1104EB000C59889CF8B6
:103208001A2141FA02F2D20713D401228CF81A21AA
:1032180079B111F0020FC1F340020AD141FA02FE5E
:103228001EF0010F5FFA82FC00F08481221882F8F8
:103238001AC1221892F81B11032902D9002182F819
:103248001B1104EB07177A7A012A03D9042A01D043
:1032580000229A802718998897F81B2141FA02F2D0
:1032680012F001020FD187F81B2161B111F00102A0
:1032780009D141FA02FC1CF0010FD7B200F05F81BE
:10328800221882F81B71002E40F09F81142202FB45
:10329800054191F84A60052E02D9022681F84A6054
:1032A80002FB054292F84B10042902D9002182F84A
:1032B8004B10142202FB0542B3F84A1092F84B60F7
:1032C80041FA06F6F60712D4012682F84B6071B16E
:1032D8008E07C1F340020AD441FA02F7FF07D6B2BB
:1032E80040F13281142202FB054282F84B6014221D
:1032F80002FB054292F84C10032902D9012182F8F9
:103308004C10142606FB0546B3F84C1096F84C20D2
:1033180041FA02F212F0010210D186F84C2069B18C
:1033280011F001020AD141FA02F7FF07D6B240F1C3
:103338001081142202FB054282F84C60142202FB21
:10334800054292F84E10012902D9002182F84E1048
:10335800142606FB0546B3F84E1096F84E2041FA9F
:1033680002F212F0010210D186F84E2069B111F074
:1033780001020AD141FA02F7FF07D6B240F1EE8006
:10338800142202FB054282F84E60142202FB054219
:1033980092F84F10042902D9002182F84F10142600
:1033A80006FB0546B3F8502096F84F1042FA01F193
:1033B80011F0010110D186F84F106AB112F0010125
:1033C8000AD142FA01F7FF07CEB240F1CC801421AE
:1033D80001FB054181F84F60142101FB054191F87B
:1033E8005160032E02D9002681F85160142707FB8B
:1033F8000547B3F8526097F8511046FA01F111F0F9
:10340800010119D187F85110B6B116F0010113D195
:1034180006E000BFA80000202AB6000864020020C9
:1034280046FA01FC1CF0010FCFB200F0A180142174
:1034380001FB054181F85170142101FB054696F8FE
:103448005070022F02D9012786F8507001FB054100
:1034580091F85460022E02D9012681F85460142193
:1034680001FB054696F84D70022F02D9002786F811
:103478004D7001FB054191F85260012E02D90126D9
:1034880081F85260142101FB054696F85570012F0A
:1034980002D9012786F8557001FB054191F8536060
:1034A800022E02D9002681F85360142707FB05472E
:1034B800B3F8566097F8531046FA01F111F001017C
:1034C80010D187F853106EB116F001010AD146FAEF
:1034D80001FC1CF0010FCFB24FD0142101FB0541B4
:1034E80081F85370142101FB054696F856700C2F8D
:1034F80002D9002786F8567001FB054191F84C6007
:10350800012E08D191F84F60042E04D1D70738D581
:10351800002281F84F20142202FB054292F84F1036
:10352800A1BB92F85120012A35E00132102A7FF41C
:103538004FAE57E60132102A7FF470AE79E60132B9
:10354800102A7FF496AE9EE60132102A7FF4C4AEAC
:10355800CDE60132102A7FF4E6AEEFE60132102AFA
:103568007FF408AF11E7013110297FF42AAF33E760
:10357800013110297FF454AF5EE701311029A6D13B
:10358800B0E712F0040218BF0222C2E701290AD1EB
:1035980092F85120022A01BF142202FB05420021A1
:1035A80082F8511007E0022903D192F85120032A2A
:1035B800F1E70329B5D0142202FB0542012182F864
:1035C800571040F20111A2F8581094F82620052A45
:1035D80002D9022284F8262094F82720042A02D946
:1035E800002284F82720B3F89E1094F8272041FA87
:1035F80002F2D7070ED4012284F8272051B18E0792
:10360800C1F3400206D441FA02F7FF07D6B244D507
:1036180084F8276094F82820022A02D9002284F826
:10362800282094F82920022A02D9012284F8292086
:10363800B3F8A01094F8292041FA02F212F001021E
:103648000CD184F8292049B111F0010206D141FAC0
:1036580002F7FF07D6B224D584F8296094F82A2007
:103668000C2A02D9002284F82A2094F832200C2A45
:1036780002D9002284F8322094F82B20042A02D997
:10368800002284F82B2000224749164611F9017FB1
:1036980017F1780F09DA0E7009E00132102AB2D159
:1036A800B8E70132102AD2D1D8E7782FF3DC0132FB
:1036B800D2B20C2AEAD13D490022012611F8017F35
:1036C8000132022FD2B288BF0E70042AF6D194F8C4
:1036D8003420022A02D9002284F83420B3F8A22028
:1036E80094F8343042FA03F313F001030CD184F850
:1036F80034304AB112F0010306D142FA03F6F60754
:10370800D9B211D584F8341094F82C30022B02D990
:10371800002384F82C3094F82D30032B08D80AD1D4
:10372800002384F8343006E00133102BE5D1EBE7B1
:10373800022384F82D3094F82E30022B02D901236D
:1037480084F82E3094F83030022B02D9002384F804
:10375800303094F833300C2B02D9002384F83330FE
:1037680094F83530042B02D9002384F83530104BF7
:1037780018444FF6FF71A0F820111421FF2201FB15
:10378800053183F82F2083F831204FF0FF32C0F83D
:103798001C211A629A84A1F85A20A1F85C20DA86C2
:1037A8001A8702B0BDE8F081E1000020ED0000209A
:1037B800A80000200021FFF7DFBC0000034670B519
:1037C8000846052B04D8DFE803F01D0421191D2144
:1037D800FEE720261F250F22174CA3702277013BF6
:1037E8000122A4F84C60A4F84E50A276A273042BD0
:1037F80010D8DFE803F010181B1B180009266F25E6
:103808000722E9E7142632250A22E5E7352613259B
:103818001922E1E7FEE7002323712374FEF75EF81F
:103828006073607670BD22712274F7E700232371FC
:103838002374A376A373F1E748000020044B012208
:1038480083F85520A3F85620A3F85820704700BFE6
:10385800480000202DE9F043704D714C00F111082B
:1038680005EB081702378BB006463846FDF7D6FD3C
:103878004FEA061900900421684605EB0616FEF784
:1038880007F996F81B31E0832BB103EB031303EB25
:1038980003231844E08305EB08135B7A062B40F0FA
:1038A800B280E38B03F5B5432533E38305EB0818B2
:1038B80095F82700FFF7C2FF98F8091061708B1F71
:1038C800A944012B8CBF0023012399F81A0184F81D
:1038D8005A30FFF773FF99F81B21E18B009BE180B9
:1038E8006182A36063612AB14FF0113000FB02339B
:1038F800A360636195F826004A4B616213F9203092
:1039080023732376002384F82A30637B84F82920E4
:1039180023B93846FDF7A2FD84F82A006078FDF740
:10392800DDFF414A84F82800128802F00101970758
:1039380048BF41F00201A185560742BFA18D41F061
:103948000401A1850346100742BFA18D41F0100173
:10395800A185D10642BFA18D41F02001A185920623
:1039680042BFA28D42F00802A285304A01AE02F1A0
:10397800200C10685168374603C7083262453E4636
:10398800F7D110683860A278294E06210AA801FBF1
:103998000303134413F8247C84F8207016E90F00FD
:1039A80086E80F0040F2E2433846A4F85030FDF7AD
:1039B8008FF84FF07F51FDF7DFF8FDF7C9FA7F0860
:1039C800B4F84C204FF47A73B3FBF2F3A4F8403008
:1039D80095F82C30052F38BF0527C0B2012BA4F865
:1039E800520084F8547016D0022B14BF4FF4614370
:1039F8004FF461336364002384F85B30A4F85C30CF
:103A08000BB0BDE8F083072B7FF450AFE38BA3F531
:103A1800B543263B49E74FF4E133EBE7A800002024
:103A2800480000203CBA000864020020F0B30008F7
:103A38007800002002484FF4DE72FF2107F058BCDE
:103A4800A800002002484FF4DE71FEF701BF00BF56
:103A5800A800002002484FF4DE71FEF7E5BE00BF63
:103A6800A800002008B5FFF7F5FF034B1878BDE85C
:103A78000840FFF79FBE00BF48000020F8B5FFF7D9
:103A8800D9FFFEF7F9FE04280CD0FFF7D3FFFEF7A5
:103A9800F3FE042803D1FFF7DDFF042806D0FFF763
:103AA800C9FF03E0FFF7D6FF0428EED1464947488F
:103AB800464C102207F040FC38B1454910222046F8
:103AC80007F03AFC08B1FFF7B5FFA38A42F6A10256
:103AD800934266D042F6A002934258D800213B4B4D
:103AE800022504260F46012093F84F20012A1ED0F4
:103AF800022A1FD00ABB93F85020042A20D0052A96
:103B080020D0033A18BF012201310A2983F8502036
:103B180083F8540003F11403E6D194F82C30042BF5
:103B280012D0052B31D0002384F82C300EE083F816
:103B38004F50E0E783F84F60DDE783F84F70DAE72E
:103B48000122E1E70222DFE784F82C0042F6A10314
:103B5800A382012522691C491C4842F6A2039A4205
:103B68004FF010021CBF2361012507F0E5FBD0B11F
:103B7800154916481022FDF72DFD1649164808224A
:103B8800FDF728FDFFF75EFF0FE00223CCE70025D5
:103B9800E8B20135FFF7A8FA0A2DF9D10023E37737
:103BA800D4E70025D6E7002DECD10023E3770B4CB2
:103BB8002370FFF72BFA2078FFF7FCFD2078BDE88B
:103BC800F840FFF747BE00BF31B60008A800002044
:103BD80042B6000853B600085A02002048000020E8
:103BE8000129F7B5054600D9FEE70B4E06EB011390
:103BF8001C460F016278F15D03619B7807F028F994
:103C0800E3790193A379009322796379E1782846CF
:103C180007F045F903B0F0BDBCD0000838B583689B
:103C280004466BB1024652F8183BDD6900F11903EE
:103C3800A847217E20460222BDE8384007F091B906
:103C480038BD000070B58160897A86B0044601B13C
:103C5800012107F0D6F8204607F055FA204607F06C
:103C68002DFA217BFF2903D0FA22204607F032FAE9
:103C7800A3685B7A013B042B04D8DFE803F0043E19
:103C88003E414100FEE7E922E121204607F060FAC3
:103C98000121204607F0EFF99621204607F02CFA7B
:103CA8003821204607F03EFA204607F043FAA36879
:103CB800204693F90810FFF7B1FFA3689D7A15B362
:103CC80019782046FFF78CFF00221146204607F09E
:103CD800B2F80023009340F2032220464FF6FF710A
:103CE80007F00CF920464FF6FF7107F02EF9204631
:103CF80006B0BDE8704007F0CEB9DB22D721C4E793
:103D08006F226B21C1E75E880E4B63614CF2503322
:103D1800009320460C4919230B2207F029FA0123A6
:103D2800CDE903335B23CDE901531023194620461F
:103D38000095042207F05AFA3146204607F07AFA2D
:103D4800C2E700BF9CD00008A086010010B5044659
:103D580007F0A1F920464FF6FF71BDE8104007F0C3
:103D6800F4B8000038B58168036891F90810DD6976
:103D7800044600F1190300F11802A847A3689A7ACB
:103D880042B11A78012A00D9FEE7044B03EB02136B
:103D9800236138BD024B6361FBE700BFBCD000085C
:103DA8009CD00008836810B5044683B103691BB929
:103DB80043690BB9FFF7D6FFA3689B7A1BB1236948
:103DC800B3F90C0010BD6369B3F91C00FAE7184693
:103DD800F8E7836810B5044643B103691BB9436922
:103DE8000BB9FFF7BFFF94F9190010BD1846FCE79F
:103DF80008B5836843B9FFF725FF7D20FEF75EFC11
:103E0800BDE80840FEF7D8BB08BD000090F8D430E4
:103E180053B190F8D520074B03EBC20153F8323069
:103E2800497953F821007047037C00EB8300406B0D
:103E3800704700BF0CBA000813B5194B0288DB8B1A
:103E48009A42044627D1837813F0D00F25D183797D
:103E5800812B22D84FF6FF730D2201460DF1060083
:103E6800ADF80630FDF7FCFDB4F80D20BDF80630BE
:103E78009A420ED14C2204F10D01FDF7F1FDB4F880
:103E88005900BDF80630C01A18BF0120800002B0E2
:103E980010BD0320FBE70120F9E70220F7E700BF88
:103EA800480000200A7ACB7902F0070243EA02238D
:103EB80003804B7A0A7A03F03F035B0143EAD2039B
:103EC80043808B7A4A7A9B0043EA9213CA7A02F0BB
:103ED800010243EA822383800B7BCA7A03F00F0333
:103EE800DB0143EA5203C3800B7BC3F30112012AAF
:103EF80011D813F0300F14BF012300239B02038352
:103F08000B7B7F2B0AD813F0C00F14BF01230023AB
:103F18009B024383704740F2FF73F0E740F2FF7360
:103F2800F7E70A7ACB7902F0070243EA0223038013
:103F38004B7A0A7A03F03F035B0143EAD2034380DA
:103F48008B7A4A7A9B0043EA9213CA7A02F00102FA
:103F580043EA822383800B7BCA7A03F00F03DB01D9
:103F680043EA5203C3800A7CCB7B02F0070243EA90
:103F7800022303814B7C0A7C03F03F035B0143EA85
:103F8800D20343818B7C4A7C9B0043EA9213CA7C10
:103F980002F0010243EA822383810B7DCA7C03F08D
:103FA8000F03DB0143EA5203C3814B7DDB0003822D
:103FB8008B7DDB004382CB7DDB0083820B7EDB00C5
:103FC800C3820B7BC3F30112012A2BD813F0300FE5
:103FD80014BF012300239B0203830B7B7F2B24D870
:103FE80013F0C00F14BF012300239B0243830B7DF2
:103FF800C3F30112012A1BD813F0300F14BF012399
:1040080000239B0283830B7D7F2B14D813F0C00FF2
:1040180014BF012300239B02C3834FF480630384EE
:104028004384704740F2FF73D6E740F2FF73DDE741
:1040380040F2FF73E6E740F2FF73EDE737B5214B37
:10404800DB8B03804A78837862F3C30383704A79F1
:10405800C37862F30003C3708A79437962F38613E5
:104068004371044691F902000D46FDF7A3F8E37881
:1040780060F34703E370EA78237962F30603237158
:104088002A79DBB202F0010203F07F0343EAC2138C
:1040980023712A796379C2F3450223F03F0313435E
:1040A800637159224FF6FF7321460DF10600ADF8F2
:1040B8000630FDF7D5FCBDF80630A4F8593003B03A
:1040C80030BD00BF480000202DE9F3419DF8206075
:1040D8001546522E88464FF05B024FF00001044609
:1040E8001F4628BF522607F003F92D4BDB8B238090
:1040F8002A78A37862F30203A3706978C90001F0F3
:104108000801DBB203F0070341EA08111943A17063
:104118006A79E37862F30003E370AA79637962F35A
:104128008613637195F90200FDF744F8E37860F3AC
:104138004703E370EA78237962F3060323712A7947
:10414800DBB202F0010203F07F0343EAC2132371DA
:104158002A796379C2F3450223F03F03134363715D
:10416800A379224666F3470302F8063F3E443B46DE
:10417800B34210D14FF6FF73592221460DF10600C4
:10418800ADF80630FDF76CFCBDF80630A4F85930E0
:1041980002B0BDE8F08113F8011B02F8011FE7E740
:1041A8004800002007B5009313460A460121FFF78F
:1041B8008BFF03B05DF804FB30B53A4B027893F8F7
:1041C800261061F30302027093F8271061F30712B7
:1041D800027093F82810427861F30302427093F852
:1041E800291061F30712427093F82A10827861F35C
:1041F8000302827093F83210827961F303028271AC
:1042080093F82B10827861F30712827093F83410B8
:10421800C27961F30302C27193F82C10C27861F37A
:104228000302C27093F82D1061F30712C27093F85D
:104238002E10027961F303020271427993F830106B
:1042480061F30302427193F83310827961F3071224
:10425800827193F83510C27961F30712C27103F1C4
:10426800390100F10A0200F1160411F9015F02F8A0
:10427800015FA242F9D193F84610C27D61F30102B1
:10428800C27593F8471061F38302C27593F848101A
:1042980061F30512C27593F8493063F38712C2754A
:1042A80030BD00BFA80000200278344BC2F30302DF
:1042B80030B583F826200278C2F3031283F827204A
:1042C8004278C2F3030283F828204278C2F303122B
:1042D80083F829208278C2F3030283F82A2082799E
:1042E800C2F3030283F832208278C2F3031283F800
:1042F8002B20C279C2F3030283F83420C278C2F3B8
:10430800030283F82C20C278C2F3031283F82D200D
:104318000279C2F3030283F82E204279C2F3030222
:1043280083F830208279C2F3031283F83320C279EC
:10433800C2F3031283F8352003F1390100F10A02B0
:1043480000F1160412F9015F01F8015FA242F9D1E8
:10435800C27DC2F3010283F84620C27DC2F3810206
:1043680083F84720C27DC2F3011283F84820C27D3A
:10437800C2F3811283F8492030BD00BFA800002095
:1043880070B5522698B0324604460D4603A800215F
:1043980006F0AEFF212342F6A2008DF80C30FDF79F
:1043A800FBF8ADF80E0042F6A100FDF7F5F81C4940
:1043B800ADF8100014220DF11200FDF70BF91948A1
:1043C800FFF707FD184B8DF8260093F855308DF848
:1043D80027300AA8FFF7F0FE4FF68073ADF8463095
:1043E800124A134BCDE91223124B149347F6FF736D
:1043F800ADF85430104BB3F89E208DF85620B3F822
:10440800A020B3F8A2308DF857208DF858300096C8
:1044180003AB2A4602212046FFF756FE18B070BDAE
:1044280059B600083C1E00204800002001000A0080
:10443800190064009E00FF7F6402002038B5154D06
:10444800044600F11B01062205F58970FDF722F9E3
:1044580094F82130C3F3030385F8193194F8213017
:10446800C3F3031385F81A3194F82230C3F3030316
:1044780085F81B31B4F85700FDF79FF842F6A10301
:10448800984205D104F12500BDE83840FFF70CBF7C
:1044980038BD00BFA80000200B4A0C491268826092
:1044A8000A6802614A680A4942610A6882614A6880
:1044B800C26100234EF66022838083718381038466
:1044C80002600385704700BF942C002065B6000881
:1044D8006EB6000810B50E4CA36803B9FEE70D4A86
:1044E80012791A700021204606F074FC4FF47A7095
:1044F800FEF7E4F82046012106F083FCA368204675
:104508001978FFF76DFB2046FFF720FC10BD00BFB0
:104518003C1E00204800002038B5174D0446A878F6
:10452800697805281CD14FF6FF732385FFF746F9F4
:104538006B7801229A40238D23EA020323850F49D1
:104548000F48FFF755FC0E48FFF700FC0C486FF0CA
:104558007F01FFF763FB2046BDE83840FFF7BABF8D
:10456800002323850220FFF729F96A780123934065
:10457800228D13439BB2E1E7480000204C00002045
:104588003C1E002008B590F8203002468BB9FEF793
:1045980042F810B982F8210008BD92F821300133A1
:1045A8005BB2312B82F82130F6DD012382F820300E
:1045B800F2E7FEF730F818B1322382F82130EBE742
:1045C80092F82130013B5BB2002B82F82130D8BF32
:1045D80082F82000E0E700000A4B90F820201B68D2
:1045E80072B182689B1AB3F57A6F01D901234371BE
:1045F800037923B9437913B1012303710373704716
:104608008360F5E7942C00200346007B821E012A74
:104618004FF0000202D893F8201009B91A737047B6
:10462800104670470A4A38B5138801339BB2502B9D
:1046380004460D4601D8138038BD00230549138070
:10464800FDF7A8FD29462046FDF7A4FDF4E700BFC5
:104658007803002077B600082DE9F84F1546044680
:104668000F466B496B4EFDF795FD29462046FDF731
:1046780091FD694B0022012F1A800FD11023B362DC
:10468800082746F2A810B761FEF718F8B762FEF7D8
:1046980015F829462046FFF7C5FFF2E7BB1E08229A
:1046A8000C2B00F2A880DFE803F03141521C07A66A
:1046B800A6A6626262626200564E4FF00808102792
:1046C800C6F8188046F2A810B762FDF7F7FFC6F8DB
:1046D8002880B761FDF7F2FF29462046FFF7A2FFC1
:1046E800EDE74C4E4FF008081027C6F8188046F240
:1046F800A810B761FDF7E2FFC6F82880B762FDF79A
:10470800DDFF29462046FFF78DFFEDE7B262414EF7
:10471800102746F2A810B761FDF7D0FFB762FDF782
:10472800CDFF29462046FFF77DFFF2E71023B3614E
:10473800384E082746F2A810B761FDF7BFFFB762E9
:10474800FDF7BCFF29462046FFF76CFFF2E7B26190
:10475800304E102746F2A810B761FDF7AFFFB762D9
:10476800FDF7ACFF29462046FFF75CFFF2E7A7F10B
:10477800090BDFF8A0805FFA8BFB00264FF0080AD0
:104788005E453CBF1023C8F818304FF0040946F2C4
:10479800A810C8F818A0FDF791FFC8F828A0FDF7E1
:1047A8008DFF09F1FF3929462046FFF73BFF19F035
:1047B800FF09ECD11023C8F828304FF0040946F25D
:1047C800A810C8F818A0FDF779FFC8F828A0FDF7C9
:1047D80075FF09F1FF3929462046FFF723FF19F035
:1047E800FF09ECD10136A7F10803F6B2DBB2B342F8
:1047F80038BF0026C4E71023B261B3614CF25030D1
:10480800FDF75CFF29462046FFF70CFFF6E700BFDF
:1048180077B60008000400487803002008B54378FC
:1048280002789A4213D0052B8ABF052303700370C0
:10483800027888BF4370064B064813F92210064BCE
:1048480019731976836813B11972FFF7E7F908BD70
:104858003CBA00083C1E00204800002010B50AB9E8
:10486800437010BD541E0B2CFBD80332D2B231F961
:104878001220C83A03FB022240F2716192FBF1F266
:1048880012B222EAE2729A42C8BF1AB24270E8E74C
:104898000A46014610B9024806F06DBA704700BFD3
:1048A8003C1E002070B50D4616461C46014688B9C8
:1048B800FDF773FE094833462A4606F035FA0748DD
:1048C8004FF6FF7106F041FBA1010448BDE87040B6
:1048D80006F054BB0148FFF739FA70BD3C1E0020B2
:1048E8002DE9F041194C05465B270E463A46002152
:1048F800204606F0FDFCAB692360EB696360144B4E
:1049080014491B789A1E53425341627A63F300029A
:1049180062726FF05D02A27228220023E27204F133
:104928000E00142223736373FCF754FE59212046AA
:10493800FDF7AEF8084BA4F859003A462146304630
:104948001B7FBDE8F041FFF7ADBF00BFC31C0020CF
:104958006B03002059B600084800002037B50C4604
:1049680038B91A48836833B9812281F8A02081F8C0
:10497800A23003B030BD9D7ADDB101F1A2020DF184
:10498800060106F031FB94F9A230002B04DABDF8D9
:1049980006201344ADF80630BDF90630002B0FDBB6
:1049A8004FF6FF73ADF80630BDF8063084F8A03036
:1049B800DFE70DF1060106F04EFC84F8A250EBE7A4
:1049C8007F33F1DA4FF68173ECE700BF3C1E00201D
:1049D8000A4608B501460148FFF73EFE0C000020D4
:1049E8000023FF22037043708370C2700371704705
:1049F800C178034629B98278017101328270012099
:104A08007047007801281ED0022805D0C8B99A78C6
:104A1800187101329A70F2E798785A784240D207B2
:104A280004D40130002298701A71E8E7FF2902D1F6
:104A38000020187170471A790132D2B291421A7166
:104A4800EFD300207047FF29F2D01A790132D2B291
:104A580091421A71F5D29A7801329A7000221A712D
:104A6800704700000E48C3691A0617D503681B066D
:104A780014D50C4B0C4A1988138889B29BB29942F9
:104A88000AD013880133DBB213801388074A9BB21C
:104A9800D35CDBB283627047FCF7CDBF704700BFC1
:104AA800004400408820002086200020861F002027
:104AB8000E490F4A0B8812880133DBB292B29A4230
:104AC80012D00C4AD0540B804FF0402202F580637C
:104AD80053E8003F43F0800302F5806040E800316E
:104AE8000029F3D10120704700207047882000205A
:104AF80086200020861F002038B504464518AC42A1
:104B080000D138BD14F8010BFFF7D2FFF7E70846CC
:104B18001146FFF7F1BF000070B588B00C46064695
:104B2800154600212022684606F0E2FB231E18BF26
:104B380001231B03CDE9023569460C23034801967E
:104B48000494059305F074FF08B070BD004400405C
:104B580010B5064C236823F001032360FFF7DCFF40
:104B6800236843F00103236010BD00BF00440040E8
:104B780008B541B14FF4005204484FF48061FFF783
:104B8800E7FFFDF721FD012008BD00BFA086010059
:104B980008B531B1002211460348FFF7D9FFFDF7E8
:104BA80013FD012008BD00BF9A5B060008B541B19E
:104BB8004FF4005204484FF48061FFF7C9FFFDF736
:104BC80013FD012008BD00BFA086010013B52F4CBE
:104BD800236823F0010323604FF40030FCF713FF30
:104BE80008230120CDE900300A22032304214FF0D5
:104BF8009040FDF719FB002211462548FFF78CFF6E
:104C0800636823F490436360A36823F02A03A360D6
:104C1800204BC02283F8252320225A602046FCF727
:104C28000AFF4FF0402101F5806353E8003F23F06D
:104C3800400301F5806040E80032002AF3D14023A8
:104C48002362154B1A80154B1A80636823F400639E
:104C58006360A36823F00803A360636823F48043B8
:104C68006360A36823F02203A360A36843F480531E
:104C7800A360236843F001032360044BDA699102BF
:104C8800FCD5DA695202F9D502B010BD00440040E3
:104C9800A086010000E100E0862000208820002096
:104CA80030B51C4C85B00E2200210546684606F03A
:104CB8001FFBB4F8A030ADF800302046FCF726FA08
:104CC8008DF802002046FCF718FAB4F8A4308DF8E5
:104CD80003001148ADF80430FFF77BF894F8A630CC
:104CE8008DF8073094F8A9308DF80830B4F8AA3058
:104CF800ADF80A30094B8DF806009B788DF80C301A
:104D08006946012328468DF80D3003F01CFF05B0D5
:104D180030BD00BF801D00203C1E00204800002040
:104D28000148FEF70BB900BF791D0020F8B5154DF5
:104D38000E4607465B232946304614462A46FFF7A7
:104D4800A7FDD7E9041328686A689A4208BF884211
:104D580009D0002430460C49FFF700FE002C0CBF98
:104D680001200320F8BD59212846FCF791FEB5F82B
:104D780059308342EDD114B1FFF7D2FFEAE701249D
:104D8800E8E700BF751E0020801D002013B5012133
:104D980004460844FCF77CFEA178ADF806000DF146
:104DA8000600FCF751FEE178FCF74EFE2179FCF78E
:104DB8004BFE6179FCF748FEA179FCF745FE04F14A
:104DC80008010322FCF74CFE627804F10C01FCF7A1
:104DD80047FE94F82311FCF737FEBDF80630A4F817
:104DE8000C3102B010BD00000038024B18BF012082
:104DF800187070473003002070B5002A38D1042B92
:104E080071D89DB29BB3654C94F82830666A03F15B
:104E1800030C5FFA8CFCF600BCF1070F666284F89D
:104E280028C040F28980053BDBB284F82830B1F80D
:104E380000C0DE400CF101030B8000F80C600EE0AE
:104E4800083BDBB284F82830B1F800C0666A0CF180
:104E5800010E26FA03F3A1F800E000F80C3094F8EC
:104E68002830072BECD8013296B2B542CED870BDA7
:104E7800FF2AFCD1032B66D89DB2002BF7D0474CF4
:104E880094F828300026626A03F1040C5FFA8CFC5F
:104E9800120142F00202BCF1070F626284F828C0D6
:104EA8007AD9043BDBB284F82830DA400B8803F166
:104EB800010CA1F800C0C2540CE0083BDBB284F836
:104EC8002830626AB1F800C0DA400CF101030B80A7
:104ED80000F80C2094F82830072BEED80136B2B22F
:104EE8009542D0D870BD2D4C626A03F5C06343EA81
:104EF800423394F82820636202F10D05EDB2072DC4
:104F080084F82850B3D90532D2B284F82820D34087
:104F18000A88551C0D80835409E0083BDBB284F8ED
:104F28002830626A0D88DA406B1C0B80425594F871
:104F38002830072BF1D870BD013296B2B5426346CE
:104F48003FF664AF93E7154C626A03F5E06343EA02
:104F5800423394F82820636202F10D05EDB2072D63
:104F680084F8285083D90532D2B284F82820D34057
:104F78000A88551C0D80835409E0083B626ADBB23D
:104F880084F82830DA400B885D1C0D80C25494F8F0
:104F98002830072BF1D870BD63469FE784050020B1
:104FA8002DE9F047674C0027FF250F800570802505
:104FB800676284F82870A5779846002B00F0BB80BC
:104FC80003F1FF3912FA89F9561EBA463A4609E042
:104FD800554546D10137BFB20B8843453AD24E45B5
:104FE80000F0948016F8015F002AF1D16B1EDBB245
:104FF800FD2B32D83F2B62D905F14103DBB23F2BA1
:1050080034D8636A94F828200135EDB245EA0325BF
:1050180002F10803DBB2072B656284F8283015D942
:1050280084F828200B88D5405A1C0A80C55409E00A
:10503800083BDBB284F82830626A0D88DA406B1CC2
:105048000B80425594F82830072BF1D800220B88A2
:105058004345C4D30020BDE8F0870127AA463A4655
:10506800BAE7FBB25246FFF7C7FEBFE7636A94F898
:1050780028203F35EDB245EA432502F10903DBB2AA
:10508800072B656284F82830E0D90132D2B284F85F
:1050980028200B88D5405A1C0A80C55409E0083BD3
:1050A800DBB284F82830626A0D88DA406B1C0B800A
:1050B800425594F82830072BF1D80022C7E7636AD5
:1050C80094F828207F35EDB245EA032502F108035C
:1050D800DBB2072B656284F82830B7D984F828201A
:1050E8000B88D5405A1C0A80C55409E0083BDBB23E
:1050F80084F82830626A0D88DA406B1C0B804255B0
:1051080094F82830072BF1D80022A0E722B1FBB28F
:105118005246FFF771FE0B8894F8282062B1646A42
:10512800C2F108020125944005FA02F2013A22432D
:105138005C190C80C2540B88984594BF002001204C
:10514800BDE8F087840500202DE9F04F47F26F7322
:105158000022827003800B78A3F1FE03B3FA83F375
:105168005B0983708A780D4612F001011CBF43F079
:1051780080038370D5F8202122F07F4222F0FF02BD
:1051880085B0044612B143F008038370AA68C2F3DD
:105198001702FF2A1ED9B2F5803F18D363F07F03A8
:1051A800A37041F002014FF0020B09234FF00A0CE3
:1051B8000822E1700B20CDF804C01E4617464FF0B8
:1051C800070E4FF006094FF0050A042117E043F0D7
:1051D8000203A370180600F1D68008234FF0090CCB
:1051E80007220A204FF0000BCDF804C01E461746D0
:1051F8004FF0060E4FF005094FF0040A032195F809
:10520800018004F8018004EB0108297904F80A10E8
:10521800697904F80910A97904F80E10A17809072A
:1052280009D595F82111A15495F82211A1550346E5
:10523800674662460646A968A154A278900707D532
:10524800BA1C1F46AB68C3F30F23A35596B2334667
:10525800BBF1000F05D05A1C1F46AB7AA35596B276
:105268003346A278D10606D55A1C1F4695F8233135
:10527800A35596B23346454A127803F1010914FA48
:1052880089FA05F10C0B42B16B785A460DF10E0103
:105298005046FFF785FE00285AD16A78504659468D
:1052A8001FFA82FA06F086F82278394B6178D243E1
:1052B800D2B2072F9A5C82EA0102995CA27882EA4C
:1052C8000102995CE27882EA0102995C227982EA19
:1052D8000102995C627982EA0102995CA27982EA08
:1052E8000102995CE27982EA0102995C1BD0227A78
:1052F8005140082F595C16D0627A5140092F595CE9
:1053080011D0A27A51400A2F595C0CD0E27A514050
:105318000B2F595C07D0227B51400C2F595C1EBFC4
:10532800627B5140595CA1551AFA89F39BB2B5F8D2
:105338000C21E2545A1CB5F80C1192B2090AA15476
:10534800AA78981CD20780B20BD405B0BDE8F08FBC
:10535800A378BDF80EA043F04003A37088F800A01E
:10536800A2E7D5F81071D5F81811D5F814612750AF
:1053780022180F335660916095F81C11117398B27A
:1053880005B0BDE8F08F4FF0000B0EE730030020AA
:1053980080BA00082DE9F84FAE4CAF4E0F46824652
:1053A8000146AD48154606F005F800233B809E46A9
:1053B8002384636284F82830802384F822304FF0F5
:1053C800FF08F14606E03B885A1C3A800AF8039029
:1053D80094F828E0BEF1010F5CD8218C8D4240F290
:1053E8009D80606A735C0EF1080C5FFA8CFC43EADE
:1053F8000023ACF1020B23FA0BF00EF1060200F0C9
:1054080003000131D2B202282184636284F8282083
:1054180000F08680032800F0888001281DD0002A2B
:1054280040F08780228C954278D9B15C013241EAFC
:105438000323228407211A06636284F82810C2D540
:10544800062184F8281013F0400F40F08D803B8827
:105458005A1C3A800AF80380BAE7062A0BD8228C2D
:1054680095425BD9B15C013241EA03230CF1060194
:1054780022846362CAB2073AD34003F07F037D2BCC
:1054880084F828204AD83A884133511C39800AF8D0
:1054980002309DE7636AAEF1020B23FA0BF000F0CD
:1054A80003005FFA8BF2022884F8282003D003282F
:1054B8001CD0F446B1E7052A32D8218C8D422DD96B
:1054C800705C0EF10602013140EA0323D2B2218456
:1054D8006362063A84F828E0D340398803F03F0332
:1054E8004A1C01333A800AF8013071E7052A1CD8B2
:1054F800218C8D4212D9705C0EF10602013140EA0E
:105508000323D2B221846362063A84F828E0D340A8
:10551800398803F03F034A1C413BE3E7BDE8F88FB5
:10552800063A636A5FFA82FED4E7063A5FFA82FEB9
:10553800EBE70BF1FF3023FA00F0511EC9B2C007A8
:1055480084F828107FF53FAF69BB228C9542E5D9D6
:10555800B15C013241EA032307212284636284F8A3
:10556800281013F0800F70E74A1ED0B223FA02F217
:10557800D20784F8280032D48446228C9542CDD9AB
:10558800B05C013240EA0323C81D22846362C0B2C2
:10559800A0F10802D34084F828C05FFA83FB38885A
:1055A8005A46002133E0013923FA01F0911EC9B2AD
:1055B800C00784F828107FF54AAF99BB228C954222
:1055C800ACD9B15C41EA032301324FF0070C19064C
:1055D8002284636284F828C021D40821CDE70728F3
:1055E80032D8228C954299D916F802C00731013277
:1055F8004CEA032322846362C9B2083923FA01FB07
:1056080084F828005FFA8BFB38885A46FF215044FB
:1056180005F06EFE3B889B44A7F800B0D8E66046CC
:105628000821DEE701F1FF3CD01E23FA0CFCC0B2D2
:105638001CF0010F84F82800D1D107289CD90B3A17
:10564800636A5FFA82FCA3E7A0F108020146D0B2C0
:10565800D3E700BF84050020580400202DE9F04F4F
:105668005788B7F58F7F8BB0144606460BD90022B2
:10567800227000226F2B628000F065810023337056
:105688000BB0BDE8F08F12780E2A0D4624D80E2AEA
:1056980000F2118101A151F822F000BF7B560008E9
:1056A800CB580008BF580008BF580008CB5800085E
:1056B800CB580008CB580008CB580008CB58000836
:1056C800CB58000819590008BF580008BF580008EF
:1056D800BF5800083D590008692A40F2EA806A2A42
:1056E80040F0E9809C4FFA8A02F1FF3C1FFA8CFCDB
:1056F800002A00F078820CF1030CDFF860E2BC4469
:10570800FF22B91C11F8010B424061451EF8022026
:10571800F8D1934200F0D08100222270C4F8022010
:10572800E280FA8A022AA9D939796F2900F02E83F2
:10573800032AA3D079796F2900F03883042A9DD0F1
:10574800B9796F2900F03583052A97D0F9796F293F
:1057580000F03E83062A91D0397A6F2900F04582FD
:10576800072A8BD0797A6F2900F03583082A85D0EB
:10577800B97A6F2900F03283092A3FF47FAFF97AAA
:105788006F2900F02E830A2A3FF478AF397B6F29FE
:1057980000F02A830B2A3FF471AF797B6F2900F060
:1057A80026830C2A3FF46AAFB97B6F2900F0228365
:1057B8000D2A3FF463AFF97B6F2900F01E830E2A90
:1057C8003FF45CAF397C6F2900F01D830F2A3FF44A
:1057D80055AF797C6F2900F01383102A3FF44EAF40
:1057E800B97C6F2900F01283112A3FF447AFF97C86
:1057F8006F2900F00E83122A3FF440AF397D6F29DC
:1058080008BF4FF012087FF439AF02F101091FFAFF
:1058180089F93A44A7F816905FFA89F993705049C4
:105828004A4602A805F0C6FD6F234FF0010CBB7075
:105838004FF0000E6423A7F800E0A7F816C0237005
:1058480008EB0C0399451FFA89F27FF617AF901EF3
:1058580002A9A0EB08005A1E0B440A4413FA80F070
:105868004FF06A084FF007094FF0660A05E0002B71
:1058780040F0BE8190423FF401AFFB8A12F8011F4D
:1058880007EB030B01338BF80210FB822378092BFB
:10589800EDD9A3F1640BBBF1050FEBD8653B042BE5
:1058A80000F2BA82DFE813F01F01170112010E019E
:1058B8001B01632A05D800232370C4F80230E38053
:1058C800DDE6254FFA8AB91801328B70FA82227800
:1058D800092A00F2A480002A3FF4D0AE013A082A2F
:1058E8003FF6CCAE01A151F822F000BFB55B00082D
:1058F8008556000885560008175B0008175B0008E6
:105908009F5B00086B5B0008D95B0008895B000897
:105918007A1C6280104EEB55A088727F61888318CC
:105928009942FFF6ADAE33785F0600F1E4810E23AD
:105938002370A5E67A1C6280EB55E288638893425F
:1059480010D201239BE604490A800122CA826422FC
:105958008B702270002392E68405002080BA00082C
:105968008605002000236380237002230370428091
:105978002B78FD2B00F08780EB7803722B7943722C
:105988006B7943606A7808327280002240F2851091
:10599800DFF8CCC27281FE210446013499424FEAF5
:1059A80054042ED849D38B4240F08A802B78FD2BA3
:1059B8007FD04FF0060B2846DFF8A48210F801AF1D
:1059C8000BEB0A0909F1FF3189B2FCF761F804EB26
:1059D800440708EB8707ADF808003979019102A858
:1059E800FCF732F805EB090215F8093052780199ED
:1059F80003EB0223BDF808209BB29A421FD005236F
:105A08003DE6601E1418824204F1010780F06C81A3
:105A180027F0010101EB57015CF82110BDE7A2F165
:105A2800640105293FF62AAE653A042A00F2FD8191
:105A3800DFE802F0817D797593002246E2E7BB79C1
:105A4800DA0706D5FA79924582BF521912F80B2067
:105A5800B2729B070BD56300234408EB83036A7873
:105A68001B7A9A4282BF5B1913F80B30F3724FEA24
:105A78004409A14408EB8908317398F80530737319
:105A88000BB0BDE8F08F6B790372AB7943726B7A18
:105A9800297AEA791B0403EB0123134443606A78EB
:105AA80002F10C014180A978C9077FF56EAF193260
:105AB8006AE74FF00A0B7EE70A2201232270DEE52F
:105AC8000323DCE5F97684F80090D3E64FF0680309
:105AD800B9762370CEE6797084F800C0CAE63977C3
:105AE80084F80080C6E6397001F00103618887F800
:105AF80001E0033B01F1010BA4F802B06B5497F9E4
:105B08000030002BACBF634653462370B2E6628870
:105B1800511C6180AB54237801332370AEE5072212
:105B2800FB76227016E76822BB76227012E7012204
:105B38007B7022700EE762883B70002103F001033E
:105B4800033B7970511C6180AB5497F90030002BEE
:105B5800C0F232810123237090E56A223B772270DC
:105B6800F8E66288511C6180AB543B787A7813431D
:105B780013F0020340F0D7806288511C6180AB5457
:105B88006288511C6180AB543B78D8064CBF6923AE
:105B98006A23237072E56288511C6180AB543B789C
:105BA8001D074CBF67230723237067E562883A8384
:105BB800511C6180AB543A787B7712F0010200F0F7
:105BC800D08006220833A280E3800423237055E5A1
:105BD8006288511C6180AB547B7813F00203CFD0EC
:105BE800092323704AE5FF2293E54FF006080CE6E7
:105BF800013B082B3FF63EAE0FF2040B5BF823F097
:105C0800415C00087D5800087D5800082D5C00089C
:105C18002D5C0008BB5C0008895C0008D55C0008A6
:105C28006D5C0008638803F1010BA4F802B0E95425
:105C38002378013323701DE663883B8303F1010B4E
:105C4800A4F802B0E9543B78797713F001036DD0DA
:105C580008310623E180A380042323700AE600BFED
:105C680080BB0008638803F1010BA4F802B0E95473
:105C78003B78DB067FF534AF4FF069032370F9E515
:105C8800638803F1010BA4F802B0E9543B787978F2
:105C98000B4313F0020343D1618801F1010BA4F80F
:105CA80002B06B54618801F1010BA4F802B06B5487
:105CB800DEE7638803F1010BA4F802B0E9543B78EE
:105CC80019077FF500AF67232370D3E5638803F1D5
:105CD800010BA4F802B0E9547B7813F00203E1D079
:105CE8004FF009032370C5E5574902EB42001446FB
:105CF80051F8201057E602A92844FFF74BFB737FA1
:105D0800BDF808106288CB1A9BB21A446280727F71
:105D18001A447277E2881344E380338BE95406E629
:105D280008232370A6E508232370A7E40C31E1803B
:105D380079784FF00A0B11F00101A4F804B028D0CB
:105D4800618801F1010BA4F802B005F801C061886F
:105D580001F1010BA4F802B06B54E3880D33E38022
:105D68007AE779780C33E38011F001014FF00A03E8
:105D7800A38024D06388012158186080E95463887F
:105D880059186180EA54E3880D331DE74FF0020883
:105D98003BE5638803F1010BA4F802B0E95463887A
:105DA80003F1010BA4F802B0E95455E74FF00308DA
:105DB8002BE54FF0040828E5662323705EE463882A
:105DC8005A1C6280E95463885A1C6280E954FCE6D4
:105DD8004FF0050819E54FF0070816E54FF00808D9
:105DE80013E54FF0090810E54FF00A080DE54FF0EC
:105DF8000B080AE54FF00C0807E54FF00D0804E51D
:105E08004FF00F0801E54FF00E08FEE44FF01008C0
:105E1800FBE44FF01108F8E477290ED084F800E08D
:105E2800C4F802E0A4F806E024E5772B09D00023A3
:105E38002370C4F80230E38020E44FF06503237038
:105E480018E56523237019E480BB00082DE9F843A1
:105E58001F46184B164693F8302004463AB393F879
:105E68002B301FB11BB31F1F18BF0127A1F1020858
:105E780004F5E36901F11E0538F8020FFBF70FFA84
:105E880029F8020FB8F80000FBF716FAA845A9F898
:105E98002000F1D1084B84F85A771B68C4F85C37A6
:105EA80086F00106012384F8606784F81937BDE895
:105EB800F88300BFA8000020942C002070B500F2E1
:105EC8007C7400F5B0712046FBF731FE044B0246A6
:105ED800186801680D6921462B46BDE870401847CF
:105EE8007C1D0020B0F8E834B0F8EA249B1A98B278
:105EF8001B0444BF00F5007080B2003818BF0120B1
:105F08007047D0F8F826B0F8E8140132C0F8F8263F
:105F1800D0F800270132C0F80027B0F8EA249142EF
:105F280003461FBF8118013291F8EE04B3F8EC1450
:105F38001ABF0A40A3F8EA2400207047114B93F8CF
:105F48002D305A1E012A02D80F48FFF7DABF032B5B
:105F580010D10E4AB2F81E36B2F81C1699420ED06D
:105F6800D118013391F82206B2F820160B40A2F896
:105F78001E367047064B186803689B69184700204F
:105F8800704700BFA8000020C8050020700E002040
:105F98007C1D00200023A0F8EA34A0F8E834024B66
:105FA80018680368DB6918477C1D002010B507488E
:105FB800FFF7F0FF064B0022C3F81C26054B1868B4
:105FC8000368BDE81040DB69184700BFC80500201A
:105FD800700E00207C1D002038B5B0F8EA24B0F817
:105FE800E8349B1A9DB21B04084B044618680368E2
:105FF80048BF05F500751B6A48BFADB298474319FD
:10600800D4F8F006184480B238BD00BF7C1D0020CB
:10601800F8B5D0F8F43690F81877CB1AB3F57A7F3C
:1060280004460E4626D2632B01D800207DE0012FBE
:106038000AD0022F19D0002FF7D1FFF7CDFFB0F506
:10604800806FF2D9012305E0FFF7C6FFB0F5806F36
:1060580003D9022384F818370CE02046FFF7BCFF69
:10606800B0F5C07FE1D20023F4E7FFF7B5FFB0F544
:10607800806FE7D33448C4F8F466FBF76CF8334D07
:10608800334A2B681168C3F1000C411A614501DBE2
:1060980099424BDD10600A232B601368B3F5FA7F31
:1060A800BCBF4FF4FA7313601268D4F8F836522163
:1060B8004A4328496425B1F84C1092FBF1F26B432E
:1060C800B3FBF2F35F2B35D8552B35D83B2B03D9CF
:1060D8004B2B34BF5B25322594F81837022B2DD073
:1060E800012B2DD013B9002F18BF33254FF47A7325
:1060F800D4F80027314604F20470FBF705FC94F845
:106108001837FBB9642D0BD1D4F8F436A3F29A23CF
:10611800C4F8F436D4F8F83603225B00B3FBF2F384
:10612800C4F8F83684F8FC560120F8BD002BB4DD1D
:10613800013BB1E70025CFE71E25CDE70025D5E7D0
:106148003225D3E70023EBE7801D0020080000205C
:10615800340300204800002070B5D0F8F43690F8D9
:106168001827CB1AB3F57A7F04460E4614D2032AB1
:1061780008D8DFE802F002092730FFF72DFFB0F555
:10618800487F26D8002029E0FFF726FFB0F5AF6F3B
:1061980011D9022384F81837304B94F81857B3F8FC
:1061A8004C00C4F8F466D4F8F836032D4ED8DFE86E
:1061B80005F03716494B2046FFF70EFFA328E1D814
:1061C8000323E7E7632BDDD9FFF706FFB0F5AF6FD1
:1061D800E2D20123DEE7002084F8180770BD2125EC
:1061E8004FF47A73D4F80027314604F20470FBF7B1
:1061F8008BFB94F818377BBB642D0BD1D4F8F4369D
:10620800A3F54873C4F8F436D4F8F83605229B0091
:10621800B3FBF2F3C4F8F83684F8FC560120DDE746
:1062280064210F4AB2FBF0F24B43B3FBF2F35F2B4E
:10623800D6D8552B0CD83B2B0CD94B2B34BF5B2510
:106248003225CDE70025CBE75D25C9E76425C7E7FB
:106258001E25C5E70D46C3E70023DBE748000020FD
:1062680050400100F8B5244F04463846FAF73CFF81
:10627800FAF7B6FF064697F9A600FAF7B1FF054602
:106288003846FAF73AFF1D4B94F8FC2693F8353058
:1062980084F87221333384F86531442384F86631F5
:1062A800FF22D4F8683184F874216D2262F3170351
:1062B800C4F86831C0F10A000023C4F86C3184F8CE
:1062C800813200B24FF43943A4F8823280F30700D8
:1062D800092384F8730184F8706104F5B07084F8B8
:1062E800715184F8843204F5AA71FBF7D1FE204677
:1062F800BDE8F840FFF7E2BD801D0020A80000209F
:106308002DE9F04F044685B0B4F82E270092B4F872
:1063180030270192B4F83227B0F828670292B4F80F
:1063280038270378B0F822E7B0F824C7B0F81CA7DC
:10633800B0F81E97B0F82087B0F82677B0F82A573B
:106348000392B0F82C07B4F81A27A4F87A6100264B
:10635800B4F83617B4F834B7A4F86C21A4F874E18B
:10636800A4F876C184F87C31A4F86EA1A4F87091E1
:10637800A4F87281A4F8787184F87D61A4F87E513C
:10638800009AA4F88221019AA4F88421029AA4F818
:106398008621039AA4F88C21FF2284F865214422DF
:1063A80084F86621D4F86821A4F88A1184F8813227
:1063B80046214FF4F84361F31702A4F882322623EA
:1063C800A4F88001A4F888B104F5B07084F88E614F
:1063D80084F88F6184F8906184F89161C4F8682129
:1063E80084F8843204F5AA71FBF752FE204605B002
:1063F800BDE8F04FFFF762BDF0B591B0044600F27A
:106408003A736D4600F25A76186859682A4603C2EC
:106418000833B3421546F7D120220DEB02000021C4
:1064280004F066FF94F8602794F85A370AB943F0E5
:106438000203224AA4F8703192F835202778D4F85C
:106448005C17C4F86C110023333284F873311023BD
:1064580084F87431D2B284F872716B4604F27516FE
:106468000DF1400C1D4603CD6545306071602B462B
:1064780006F10806F6D1442384F86631D4F8683169
:1064880084F865214FF4D27262F31703C4F86831B7
:106498004FF4A053A4F88232492304F5B07084F86D
:1064A800817284F8843204F5AA71FBF7F1FD204665
:1064B80011B0BDE8F040FFF701BD00BFA800002003
:1064C80070B5244B90F8745793F83530044690F81B
:1064D800750784F86F016FF06E0084F8700133332C
:1064E8006FF02A0084F8710184F865311220442382
:1064F80084F8720184F866310020D4F8683184F891
:1065080073014D2060F31703C4F868318F2394F8A2
:10651800721794F87327B4F8706784F883320A23E3
:1065280084F8741184F8811204F5B070A4F86C61D1
:1065380084F86E5184F8752184F8822284F88432B4
:1065480004F5AA71FBF7A4FD2046BDE87040FFF7EB
:10655800B5BC00BFA800002010B5224B017893F805
:10656800352004464FF07E53C0F86C310023C0F844
:106578007031C0F87431C0F87831C0F87C31C0F897
:106588008031C0F8843184F88C31442384F8663132
:106598003332D4F8683184F865214C2262F317034A
:1065A800082084F88801C4F86831022049F60103FC
:1065B80084F88901A4F882320120212384F88A1101
:1065C80084F88B0184F8811204F5B07084F8843261
:1065D80004F5AA71FBF75CFD2046BDE81040FFF703
:1065E8006DBC00BFA8000020F0B54E78202E0D46E7
:1065F8008BB0044601F10C013AD8324601A804F0E8
:10660800D9FE01ABC6F121020021981904F070FEF1
:106618003D4B9DF8222093F8353033339A4270D1A0
:106628009DF82330442B6CD1BDF82030F62B02D0D6
:10663800B3F5FA7F65D1B4F87027A4F870379A4299
:106648001CBF002284F87527012284F86D276A7917
:1066580084F87227AA7984F87327F62B4FF0020280
:1066680084F8742713D0B3F5FA7F34D000232BE0D5
:106678000B4601AA05F12C0718685968164603C687
:106688000833BB423246F7D11B783370C0E71F4B43
:10669800186803685B6A98470028E7D01C49039884
:1066A800FAF7FEFB98B11B490498FAF7F9FB70B1A9
:1066B80019490798FAF7F4FB48B1002384F87437AE
:1066C8009DF82430012B10D184F8753719E0002388
:1066D80084F87437CAE700230F49079884F8743799
:1066E800FAF7DEFB0028C1D0EAE7022BBED194F806
:1066F8007527002ABAD084F87537084B1B68C4F888
:1067080078370BB0F0BD00BFA80000207C1D00202A
:10671800000040400000884288AC9649942C002034
:106728004FF47F4303800023C0E90133C0E90333FA
:10673800436103767047000038B50023C0E907338A
:10674800C0E955334362C0F85C310446FBF73EFAB2
:10675800254B9878022845D0431F58425841FEF7E8
:1067680043FB40F2FF13A4F8EC34204B1B680025D0
:1067780003F57A73C4F8F43604F20470C4E9A25538
:10678800C4F89052A4F8EA54A4F8E854C4F8F056AF
:1067980084F8FC5684F81857C4F8F856C4F800571B
:1067A800FBF7ACF884F81957294604F21A7040220E
:1067B80004F09EFD7D2384F85A57C4F85C5784F88A
:1067C8006057C4F86457C4F86857A4F86C37A4F83D
:1067D800725784F87557C4F878572046BDE8384092
:1067E800FFF79EBF0120BAE748000020942C002044
:1067F80010B40E4A92F82E20AAB102789AB10C4A27
:106808000169126840F6C414511AA14202D910BC99
:10681800FFF786BF416831B94169511AFA2982BF29
:1068280042610122027610BC704700BFA800002018
:10683800942C00204378032B06D1C068B0F5834F11
:1068480034BF002001207047002070477FB50B46F9
:10685800324991F82D1000F128060229044600F16A
:106868001C02314668461BD1FEF7F8FE9DF8003041
:10687800022B50D104F5B075324669462846FBF71D
:10688800B3F9D4F8683123F07F436E2B2FD1244B12
:106898009A78052A3DD8DFE802F0303438063038D7
:1068A800FBF7EAFAE2E75A6CB2F5613F94BF0022BF
:1068B80001222046FFF7BEFFC8B9C2B194F86E3175
:1068C800012B14D894F87231042B10D115491022D9
:1068D80004F27B1004F030FD48B9782384F888313D
:1068E80084F8823184F87C312846FEF74FFA204636
:1068F80004B0BDE87040FFF7E1BA5A6CB2F5E13F69
:10690800D4E75A6CB2F5614FD0E75A6CB2F5164F1E
:10691800CCE70122CDE704B070BD00BFA80000207D
:106928004800002079B600084378032B07D1C068D7
:1069380044F2BF13984294BF002001207047002002
:10694800704700002DE9F04F844B0446ABB08448F3
:106958001D68FDF73EFAD4F8683740F6C312EB1A03
:10696800934204D894F96C37834200F0B6807D4E88
:10697800C4F86857B17884F86C07052998BF7A4B32
:106988008DF819009CBF33F81180784B8DF81710DB
:1069980098BF33F8115023788DF814304FF0000366
:1069A8004FF006078DF815304FF07F0388BF00259C
:1069B8008DF818303A46B6F84E30ADF80C300DF177
:1069C8001A0088BFA846ADF80E308DF81670FAF791
:1069D8003DFE7178DFF898913A4608A8FAF70CFE60
:1069E8005F48ADF81080ADF81250FDF7DBF9404272
:1069F8008DF826005A48FDF7D5F94242D2B2204612
:106A08008DF82720FFF790FF04F5B07504F5AA76F6
:106A18008046002864D099F835309DF826109DF9F5
:106A2800190000913333BDF80C1084F88721DDF884
:106A38001A209DF815B09DF816E09DF817C09DF92D
:106A48001870BDF80EA0BDF81090BDF81280019323
:106A5800A4F86C119DF81430009984F87901C4F8F1
:106A68007A210898BDF81E2084F8743184F88611BC
:106A7800A4F87E21A4F86EA1A4F87091A4F87281FC
:106A880084F875B184F876E184F877C184F8787170
:106A9800C4F88001BDF82420A4F88421019A84F860
:106AA8006521442284F86621D4F8682184F881326B
:106AB8004EF68E21AB2361F3170284F88332C4F8B3
:106AC800682184F882B21C23284684F8843231462F
:106AD800FBF7DEFA2046FFF7F1F92BB0BDE8F08F9F
:106AE8000146642211A804F003FC0DF10C0CBCE86B
:106AF8000F000AAF0FC79CE807006FF02E0387E866
:106B0800070084F86C3199F8357094F8009084F88F
:106B18006D811C2384F87031802284F86E9184F88A
:106B28006F810AA904F2711004F044FC442384F82C
:106B38006631D4F8683184F8819240F2811262F3A8
:106B480017033337FFB2C4F868314FF41343A4F87E
:106B5800823284F865718523B6E700BF942C002043
:106B68003C1E002048000020F2B90008FEB90008C9
:106B7800A80000208A4B2DE9F04F1A68D0F8643736
:106B8800D31A122BA7B0044640F20681DFF81492FC
:106B9800DFF814B299F80010C0F864278B1E594228
:106BA80059419BF9A000FAF733FB99F800109BF9BB
:106BB800A23000908A1E514251419BF9A6000193D0
:106BC800FAF726FB9BF8A4300290012B9BF8A5301E
:106BD80076480CBF03250125012B9BF8AA300CBF72
:106BE80045F0080545F00405012B9BF8AB3008BFBC
:106BF80045F01005012B0CBF45F0200545F0400578
:106C0800FDF704F9F9F760FF6949F9F7B5FF04F0F2
:106C180031FB6849F9F7B0FF0646634894F800A0CD
:106C2800FAF774FA80466048FAF77EFA99F8003065
:106C38000746022B20460CBF9BF8A9904FF000098D
:106C4800FFF772FE5C4B93F835303333DBB20393B6
:106C580004F5B07B04F5AA730146002846D000224B
:106C680084F86F21009A84F87221019A84F87321BC
:106C7800029A84F875217F2284F8762184F8782195
:106C880084F87A21039A84F865214422FF2184F844
:106C98006621D4F8682184F8771184F879114EF6C2
:106CA8008D2161F31702C4F868214FF46062A4F8DB
:106CB80082221722A4F86C5184F86EA184F870819E
:106CC80084F8717184F87491C4F87B61C4F87F61A9
:106CD80084F881A284F8842258461946FBF7D8F92B
:106CE800204627B0BDE8F04FFFF7E8B86C220490C3
:106CF8000BA8059304F0FCFA4FF67F72ADF822203A
:106D0800ADF824207F22009B8DF826206FF02F02FB
:106D18000499ADF818508DF81E302578019B84F839
:106D28006C2117228DF81B108DF81F3084F86D1117
:106D3800029B84F86F1184F8702106A9802284F8D8
:106D48006E5104F271108DF821308DF81AA08DF86B
:106D58001C808DF81D708DF82090CDF82760CDF837
:106D68002B6004F027FB442284F86621D4F86821BC
:106D7800039B84F8653140F2811161F31702C4F86E
:106D880068214FF41342A4F882228522059B84F8D7
:106D9800815284F884229FE727B0BDE8F08F00BFB6
:106DA800942C00206B030020801D00207C03002011
:106DB80000007A3A00007A44A8000020F0B54E7826
:106DC800082E85B005460C4601F10C0717D8324647
:106DD800394601A804F0EEFA01ABC6F10902002118
:106DE800981904F085FA9DF80930032B05D16279CA
:106DF8002A70064A12682A616B7005B0F0BDC8682F
:106E080079683A7A01AB03C31A70ECE7942C002036
:106E180030B5037895B004461BB34A799A4220D11D
:106E28004D784D2D01F10C011DD82A46684604F015
:106E3800C1FAC5F14E0200210DEB050004F058FA25
:106E4800049B6360190EC3F3072242F2107000FB23
:106E58000122C3F30743642101FB0323E360059B7D
:106E6800A36015B030BD4E22684604F0A3FAE7E7E8
:106E78008A68C2F317024C2A14D0942A09D09AB906
:106E88000A4A92F82E207AB18B79012B0CD1FFF7A0
:106E980095BF064A92F82E2032B18B79012B03D187
:106EA800FFF7B6BFFFF7A0BB704700BFA8000020E0
:106EB800B0F8EA34B0F8E824F0B5D21A93B2120464
:106EC80044BF03F500739BB2DD2B85B0044609D897
:106ED8002A4D00F5257600F52277286803685B6956
:106EE800984708B905B0F0BD286803689B699847BA
:106EF800D4F8F02601320346C4F8F02631463A4663
:106F08006846FAF7B9FF9DF80030022BE5D104F581
:106F18007075324669462846FAF766FE184B93F8AC
:106F28002D3004F27C76022B294630460FD1FEF72D
:106F38000BF900239AB282420CD30023294620463B
:106F4800C4F8F03605B0BDE8F040FFF791BFFAF796
:106F5800EEFDEEE7B4F8E814B4F8EC744A1C3A40D5
:106F6800B4F8EA7497421EBF0919F75C81F8EE7409
:106F780003F1010318BFA4F8E824DBE77C1D002017
:106F8800A80000202DE9F0414B4BDFF830811E6846
:106F980098F800304A4F022B1EBF0023A0F8EA34AD
:106FA800A0F8E83497F82D30013B012B044600F295
:106FB8008180FFF77DFF97F82E50002D5BD098F861
:106FC8000030022B4BD1012D3ED0022D42D000259E
:106FD8002046FFF70DFC94F8193743B1002384F8D5
:106FE800193797F83030012B4FD0022B50D015B1FC
:106FF8002046FFF737F994F86D372BB1002384F852
:107008006D372046FFF75CFA94F87537022B11D1DB
:10701800D4F87837F61AB6F57A7F0BD9B4F8703702
:10702800F62B3ED0B3F5FA7F3DD00023A4F8703795
:1070380084F87537237E002B3CD000232376204626
:10704800BDE8F041FFF788BA31462046FEF7E0FF79
:107058000546BDE731462046FFF77EF8F8E7D4F845
:10706800F436F31AB3F57A7F08D2002504F20470D7
:10707800FAF744FCACE7C4F8F466F7E73223C4F83F
:10708800F46684F8FC360125F0E7FFF739F9AEE736
:10709800FFF7B2F92046FFF76DFD2046FFF752FCD7
:1070A800A5E7FBF7B5F9074B1A79002ABDD10122EC
:1070B8005A71BAE7BDE8F081942C00206B030020D8
:1070C800A80000203803002070B54C88B4F5427F32
:1070D80003464FF000000AD80D780B2D77D8DFE86B
:1070E80005F0060F1C2C2F32383B54575B6DA2F16C
:1070F80024046242488062410A7083F809033EE032
:107108004D2A01D0582A06D11A7002220A7000208E
:1071180083F8090370BD0022F8E702F0FD003C285F
:1071280001D0212AF7D15A701A784D2A0CBF0822AB
:1071380003220A7000229A70E9E79A700422DBE7BA
:107148009A800522D8E7988800EB02229A800622C6
:10715800DCE7DA800722CFE7D88800EB022292B278
:10716800002ADA800CBF0B220A220A7000224A8009
:10717800012283F80923DB88B3F5407F01D800207A
:10718800C8E7002008704880C4E7DA800922B3E71E
:107198009A800A220A70EBE7B4F5407F3CBFE418F6
:1071A80022724A88013292B24A80D88890429CBFA3
:1071B8000B220A70012283F80923E0E783F80823E9
:1071C80002220870488083F809230120A2E708708A
:1071D8004880D4E7CB88B3F5407F70B531D82423F5
:1071E80003700B7843704B7883700B784D2B14D158
:1071F800CB88C3708B88037105230022CD88D418EF
:107208009542A6B210FA84F415D891F80823227092
:10721800CA880132981880B270BD8B78C3708B8889
:1072280003718B881B0A4371CB888371CB881B0A37
:10723800C3710823E1E78C180132247A845592B28D
:10724800DCE70020E8E700002DE9F74F16464A88FA
:10725800B2F5427F04460D462ED80B780A2B0FD97B
:10726800A3F16402032A03D90020287068802DE066
:10727800653B8F4F022B33D8DFE803F063A4A700E8
:1072880000210A2BF0D801A050F823F0C1720008A1
:10729800DB72000871720008717200081F73000821
:1072A8002D730008397300083F73000871720008D5
:1072B80071720008AD730008A6F124077E424FF0F2
:1072C80000007E4168802E7084F8090303B0BDE891
:1072D800F08F6F2E0CBF642300232B700020F3E780
:1072E80016F0040F14BF4D2358233E7023703A78CC
:1072F800D1070ED412F0020F14BF21233E2363706E
:10730800C2F3C003D20648BF43F00203A3700423AC
:10731800E3E73C23F3E7A68005232B7084F80913E1
:107328000020D3E7A38803EB0623A3800623D4E732
:10733800E6800723F1E7E38803EB0623E380652370
:10734800CBE70DF106007E70FAF7ECFB3978FAF717
:10735800E1FBA7882179FAF7DDFB390AFAF7DAFBAE
:10736800E788A179FAF7D6FB390AFAF7D3FB9DF833
:107378000630B34206D000232B706B80032384F8B9
:107388000933CDE7002F0CBF66230A232B70012396
:1073980084F8093300236B80E288B2F5407FBFD9B7
:1073A8002B70BDE7B2F5407F3CBF121916726B888F
:1073B80001339BB26B80E2889A4201D866232B7016
:1073C8000123DCE77E806723F9E7B7F8028097F8A6
:1073D800009008EB06284FF6FF730DF106001FFA20
:1073E80088F84946ADF80630A7F80280FAF72CFB72
:1073F8002679B4F804A03146FAF726FB4FEA1A2199
:10740800FAF722FB94F806B0B4F806A05946FAF742
:107418001BFB4FEA1A21FAF717FB797804F10807E2
:10742800FAF712FB52463946FAF71AFBBDF806304E
:1074380043453AD119F0040015D086EA0B01E21D44
:10744800002398B2824584F8081307D80223012044
:1074580000222A706A8084F8093337E712F8010F8E
:1074680001334140EDE7A178F9F77CFF217984F8F1
:107478000803F9F777FFA18884F80803090AF9F7E0
:1074880071FFA17984F80803F9F76CFFE18884F8A3
:107498000803090AF9F766FFE28884F80803394601
:1074A800F9F766FF84F80803D0E703230020CFE745
:1074B800481C0020CB88B3F5407F2DE9F0410446F5
:1074C8000D464AD84B783C2B40D0A3F121004342CB
:1074D80043415B002A784D2AAA7808BF43F0040389
:1074E800D10748BF43F0080392074FF024022270E7
:1074F80048BF43F010036F226270A370AB88E3703B
:10750800AB881B0A2371EB886371EB88A71C1B0AE5
:10751800A3713846FAF740FC0822E071E988A2F125
:1075280008039BB2561C8B42B6B204EB02080FD379
:10753800063189B23846FAF7ABFA88F80000000A33
:10754800A055E8880A3080B2BDE8F0810123C1E780
:107558002B441B7AA3543246E0E70020F4E710B529
:1075680004462420207058206070237100201B0AD4
:10757800A170E2706371A071E0710522E11CF9F756
:10758800F7FE2072092010BD40F2FF3370B50025C8
:10759800A0F820367D2380F8543A04460560C0F8E8
:1075A8000E53A0F81E56A0F81C56A0F8425AA0F890
:1075B800445A80F8465AC0F8485AC0F84C5AC0F89D
:1075C800505AC0F8585A00F6672103460A2600F6B2
:1075D8006D2011F8012F0AB1B6FBF2F2814283F84F
:1075E800702A83F8715AC3F8745A03F10803F0D16A
:1075F8001522FF2104F52A6003F07AFEC4F8B85A70
:1076080070BD0000F8B5134A044692F83000F8B18E
:1076180092F82B2003B1DAB18E1E04F5226701F12E
:107628001E0536F8020FF9F73AFEAE4227F8020FA8
:10763800F7D1012384F8423A94F8453A83F00103DC
:1076480084F8433A94F8463A83F0010384F8443ABC
:10765800F8BD00BFA800002070B5061D04460A4604
:1076680001463046FFF7F0FD18B304F6BC25314655
:107678002846FFF7AFFD0F4B0246186801680E69F0
:107688002946B04763793C2B13D121890A4804F66F
:107698005A2304F66622A4EB8404A4F5F7541C3C90
:1076A80033F8025F8D4204BF056844F823509342C3
:1076B800F6D170BD7C1D0020942C002070B51248B6
:1076C80090F82D00451E012D0C460AD80F4E8D1836
:1076D800AC4200D170BD14F8011B3046FFF7B6F874
:1076E800F6E7032809D10A4E8D18AC42F2D014F8F7
:1076F800011B3046FFF7B0FFF7E7064B1868036831
:10770800BDE870401B691847A8000020C805002084
:10771800700E00207C1D0020B0F81C36B0F81E2624
:107728009B1A98B21B0444BF00F5806080B20038F1
:1077380018BF012070470000094B93F82D305A1EDE
:10774800012A02D80748FEF7CDBB032B02D1064811
:10775800FFF7E2BF054B186803685B69184700BF6D
:10776800A8000020C8050020700E00207C1D002005
:1077780070B500F6BC240B4602223C212046FFF7D8
:10778800EEFE054B0246186801680D6921462B4636
:10779800BDE87040184700BF7C1D0020114B37B56D
:1077A8001A68D0F8483AD31A122B19D9C0F8482ABF
:1077B80000F6BC24202300F6222001930090C82361
:1077C80003223C212046FAF7A1FA074B0246186823
:1077D80001680D6921462B4603B0BDE830401847C3
:1077E80003B030BD942C00207C1D00207FB5234BB6
:1077F8001A68D0F84C3AD31AC72B04463CD9204D06
:10780800C0F84C2A4FF480732846ADF80830F9F7D1
:107818006BFC06461B48FCF7C5FA01463046F9F7EB
:1078280087FD8DF80A002846F9F75EFCF9F77AFD1E
:1078380095F8A9308DF80B0028468DF80C30F9F72B
:1078480065FC8DF80D002846F9F757FC072304F668
:10785800BC24019302AB8DF80E000093032241F281
:107868000D033C212046FAF751FA074B02461868E7
:1078780001680D692146A84704B070BD942C00200A
:10788800801D00203C1E00207C1D002030B5214BAF
:10789800044687B020481D68FCF79BFAD4F8503A94
:1078A80040F6C312EB1A934203D894F9543A834230
:1078B8002DD0C4F8505A002384F8540A8DF80830A3
:1078C800F9F766FD154DADF809006978ADF80B00BC
:1078D80004220DF10D00F9F78FFEA97806220DF1AB
:1078E8001100F9F7B3FE0F2304F6BC24019302AB91
:1078F8000093032241F20E033C212046FAF706FAD0
:10790800074B0246186801680D692146A84707B069
:1079180030BD00BF942C00203C1E002048000020F1
:107928007C1D002038B5FAF7ADFE1E4CFBF70CFAAB
:10793800FAF77AFEFAF768FE1B491C4801F0C8F806
:107948000025FDF743F90223C4E90455A560237314
:10795800FAF7FEFF164B1D70FAF700FE154B164896
:10796800D02283F83223FAF7A9FE2946204603F0ED
:1079780031FA124C4FF47A70FAF7A0FEFCF77EF851
:107988000F48FBF725FAB4F84C100E48FBF726FB16
:10799800FBF79EF90C4B0D48616C1860FBF70AF970
:1079A80038BD00BF3C1E0020CE0000204C1C00202B
:1079B8001000002000E100E0E093040048000020EF
:1079C800941C0020791D00207C1D00201800002038
:1079D80073B51648164C4FF6FF7103F03BFB206059
:1079E80023689B0712D5134E35798DB10F480823AC
:1079F8006A46002103F0BFF9D6E90402DDE9001365
:107A08009A4208BF884201D00023236002B070BDAB
:107A180002236A460548294603F0ADF9064BDA8B7E
:107A2800BDF800309A4218BF2560EFE73C1E0020E1
:107A3800B80500203803002048000020034A00232E
:107A48001370034A1370034A13707047C30500206C
:107A5800741E002070030020024A00231370024A9B
:107A680013707047C3050020741E002008B5437EBC
:107A7800203B042B0FD8DFE803F0050E030B0F00A3
:107A8800FCF7DCFC064A01231370064A137002E077
:107A9800054B01221A7008BDFBF7E4FFF2E700BFAF
:107AA800C3050020741E002070030020034B1B78C0
:107AB800012B01D1FCF764BC704700BFC30500204F
:107AC8002DE9F043074699B03D48FCF791FF06467B
:107AD800002860D03B4B1C78002C5CD13A4B1B78BB
:107AE800022B54D1DFF8E4900DF10C0825464846E6
:107AF800ECB2FFF721FE40B14846FEF71FFA013508
:107B0800522D08F8010BF2D12C4631482146F9F7DD
:107B1800E1FE3048F9F7D8FEDFF8A4802E4D98F83A
:107B280002308DF800304FF0010995F8A4308DF837
:107B38000530284685F8A5708DF806708DF80190F7
:107B4800F9F7D2FA8DF802002846F9F7DFFA8DF82E
:107B580003002846F9F7E8FA204F8DF804000EB321
:107B6800184B1B78CBB91E48234603AA6946FCF775
:107B780019FB194801233B70F9F7E4FA1648F9F79D
:107B8800EAFA012388F8033019B0BDE8F0830F48FA
:107B9800FEF70CFAC0E70024BEE711486946FFF774
:107BA80085FFE6E73B7803B9FEE70D486946FCF731
:107BB80045FA284687F80090F9F7C9FA2846DEE71B
:107BC800581E0020741E00206B03002014000020A3
:107BD800E41D0020BC1D0020801D00203103002072
:107BE8001E1D002070B5CB78284DC3F3000385F81F
:107BF800AA304B79C3F3801385F8AB300646C878B2
:107C080040080C46F9F7E6FA85F8A60023792048DB
:107C1800C3F3000385F8A7302379C3F3450385F838
:107C2800A8306379227903F03F035B0043EAD2135B
:107C380085F8A93021461EB9BDE87040FCF732B975
:107C4800FCF76FF9A37803F0F003202B04D120464A
:107C5800BDE87040FFF70ABFFFF7FEFE0D4B1B782B
:107C6800022B12D1A2790C4804F119015208FFF72E
:107C780025FDA17905F178004908F9F72BFE05F1F2
:107C88005000BDE87040F9F71FBE70BD801D002090
:107C98009C1C00206B0300201400002070B50546D2
:107CA80058B9194B19491C78194803794BB1012C5B
:107CB80028D0BDE87040FAF705B8164B16491C786D
:107CC800F2E7012C154B164E13D98A78C2F3C0027D
:107CD8005A7002221A70E31E58425841FFF782FF79
:107CE8003046F9F7FBF9032C05D13046F9F7F9F9D5
:107CF80001E001221A7086F8A4500948BDE87040D6
:107D0800F9F7EAB970BD00BFC0050020D01E0020F9
:107D180038030020C10500202B1F0020581E00201A
:107D2800801D00200A4B1A7910B504462AB1014675
:107D3800BDE810401846FCF7D3BDFFF7C1FE054B60
:107D480005491B7F20465B22BDE81040FCF7AABD11
:107D580038030020480000201E1D0020244B1A79FB
:107D680070B505460E4632B10A46BDE87040014678
:107D78001846FCF7DBBF1F4A1F495B23FCF788FD49
:107D880045BB1D48FCF758F8044628B31B491C4856
:107D9800FAF700FA05F130011948C9B2FAF7EEF915
:107DA80018491748FAF7F6F9204602F0EDFE0146A1
:107DB8001348FAF7EFF912480A21FAF7DFF9012C0C
:107DC80006D0042C11D001240F492846FCF7C6FD23
:107DD800204670BD0748D5E72EB10C48FBF7AEF832
:107DE8000CB10224F0E70324EEE7002EF9D0F4E703
:107DF800380300202B1F0020D01E00208AB6000860
:107E08000C00002091B60008801D0020791D00207C
:107E1800024B1878831E5842584170476B03002064
:107E280070B500239CB2A24200D870BD0588868830
:107E38006C1C34404688A6421EBF2D18CE5CAE711D
:107E480003F1010318BF0480ECE700002DE9FF47A8
:107E5800B0F81E36B0F81C26D21A93B2110444BFEB
:107E680003F580639BB2E62B04460CD8744EDFF80A
:107E7800D49100F21C6704F21238306803685B6919
:107E88009847054610B904B0BDE8F0873068036824
:107E98009B69984704F20E3102464046FFF714F9F1
:107EA8000028EAD094F813333E2B52D1B4F8163395
:107EB800B3F5005F32D194F8983A7BBB039304F290
:107EC800273004F69F214FF0010C11F8012FFF2AEB
:107ED8000FD04FEAD20E02F0070210F80EE04EFA69
:107EE80002F2D20741BF039A0CFA03FE42EA0E02DD
:107EF80003920133152BE8D1042304F6BC2A01931D
:107F080003AB009302223E2142F6FF735046F9F775
:107F18005BFF514602463846FFF782FFB4F8163336
:107F2800772B47D11522FF2104F52A6003F0E0F9E9
:107F38000023B4F818E304F219359C469AB2964522
:107F480023D894F8145384F898CA85F00205C5F329
:107F5800400594F81333212B44D1B4F8163341F279
:107F68000D02934236D041F20E02934236D0002DD4
:107F780081D004F6BC2541462846FFF79BFA2946DE
:107F880002463846FFF74CFF75E715F801AF2E4A51
:107F980000201179514507D15179142904D8214479
:107FA80081F8A03A0133C9E701303B2802F1080201
:107FB800EFD1F7E743F201029342CAD194F81233A2
:107FC800582BC6D1214B1D7915B901225A71C0E72A
:107FD8000025BEE7012384F8453A4CE7012384F8DD
:107FE800463A48E73C2BC2D1B4F816A3BAF1440F7D
:107FF800BDD194F81233582BB9D13068D4F81A533C
:1080080003685B6A984700283FF435AF4D457FF415
:1080180032AF0F4B1B68C4F8B83A04F6BC250023EE
:10802800CDE90033022253463E212846F9F76EFE79
:10803800024630680168D1F810802946C0471AE71F
:108048007C1D002091D51200DCD0000838030020E8
:10805800942C00202DE9F0473A4B1B78022B04465C
:108068000CD00023A0F81E36A0F81C3690F86D3A04
:1080780013B10A22B2FBF3F384F8983A324B93F81F
:108088002D30032B2DD12046FFF7E0FE94F8422A2D
:108098003AB1002384F8423A2046BDE8F047FFF79A
:1080A8007DBB94F8433A33B184F8432A2046BDE8AF
:1080B800F047FFF79BBB94F8448AB8F1000F06D04D
:1080C80084F8443A2046BDE8F047FFF7DFBB1F4B72
:1080D8001E68D4F8583AF31A632B04D8D4F8B83A7F
:1080E8004BBBBDE8F087C4F8586A254604F65C2700
:1080F80004F1300940F6AB5A95F8702AAAB195F800
:10810800713A0133DBB29A420BD885F8718AD5F8F7
:10811800743AF31A534508D939882046FFF728FBE3
:1081280003E085F8713A002BF1D008354D4507F189
:108138000207E1D1D2E7F61AB6F57A7FD1D9FAF774
:1081480067F900BF6B030020A8000020942C0020D2
:108158002DE9F7438F4E3378012B00F2E0800BB9FD
:10816800FAF7A6F9FFF7DEFB8B4B00221A809A700C
:108178008A4B08229A6207244CF25030013CFAF7E5
:1081880073FAFAF79BFA14F0FF04F5D1844802F069
:1081980090FF013880B24FF6FD73984203D98149A8
:1081A8000120FCF715FC804B804F1C60804B7C48FD
:1081B8001C60391DFBF71CFE7E48FCF76DF997F82B
:1081C8002020202A00D9FEE797F828007A4D796AFE
:1081D800B7F82C9097F829C097F82A30A871052885
:1081E80000D9FEE7DFF8D48158F830E0BEF1000F7F
:1081F80000D1FEE708EBC008C5F808E098F804E0ED
:1082080098F8058085F807E085F80C8085F8D50092
:10821800A5F80E9085F8D440B9F1000F00D1FEE71B
:10822800724524BF0EF1FF3E5FFA8EF205286A748C
:1082380000F09C80012800F2A1800CF1FF30C0B250
:1082480000F08B80022813D8581EC0B2032809D822
:108258000C2A01D90C206874687C904200D96A7491
:10826800644608E0122A84BF12236B740023F3E7E4
:10827800052B28BF002350482246F9F792FA00241C
:108288004F4B2C744C48FF251D705D70FBF7BEFDED
:108298000146434802F0C3FD4A4B4B481C704B4B08
:1082A8001C704B4B1C804B4B1C704B4B1C704B4B2E
:1082B8001C704B4B1C704B4B1C704B4B1C704B4B2E
:1082C8001C70FFF7BBFB4A4BB7F84E201C70494B9C
:1082D80097F840101C70484B1C70B7F84C30F8F7F2
:1082E800C2FEB7F84C104548F9F7E7F94448FCF7DF
:1082F80077FB444B444893F8291000F0F6FB4348B9
:10830800FEF71AFA4248FFF73FF92548FBF761FDE7
:10831800404B1C80404B1C80FAF7E4FC3570FAF7A0
:10832800EBFC002800F09780294A13880BB1013B29
:108338001380264B184A19781388022922D12BB3A7
:10834800013B9BB213809278002A67D0002B6ED134
:10835800FAF77CF9FAF788F969E0022804D80C2AB8
:1083680001D90C236B746446002384E70CF1FF33B6
:10837800022BF9D8082AF6D90823F3E70E48F9F7AB
:10838800B7F97CE7002BDBD1C723DBE740F2F31317
:10839800D8E700BFC01C0020BC050020000400482E
:1083A8003C1E002093B60008B405002048000020B9
:1083B800B8050020380300207C0300200CBA000810
:1083C800C11C0020C2050020801D00206B03002076
:1083D8006E0300206C03002068030020690300205E
:1083E8006A030020C1050020C0050020C405002044
:1083F8007303002072030020B0050020601E0020D7
:10840800581E0020A80000204C1C0020C805002091
:10841800700E0020701E0020721E00200229A54840
:1084280040F08B800BB9FAF711F908238362A24C4C
:108438002388002B00F08780013B9BB29F48238054
:10844800FCF7A0F89E48FBF7C4FC23881BB99D499C
:108458009D48F9F79FFE9D4D9D4C2978002975D0C0
:10846800022900F09C80236853B32B78032B40F03B
:10847800A2802368DB070ED5964A00232360137871
:1084880043F001011170944A92F85A200AB19F07EB
:1084980001D500232B70236893B12368990548BF41
:1084A800236823689A0748BF236823688B4ADB0739
:1084B80048BF236800231370894A23602B70137008
:1084C800884B1A7802F0FF07002A00F0DB810020B1
:1084D8001870834B1E7806F1FF3CDCF1000848EB6E
:1084E8000C08002E7AD0FFF7D9FB7F4A0023012E13
:1084F800137205D87D4A1377D38313627C4A1370AD
:108508007C4C2278012A00F28780012E13D97A4EFA
:1085180096F8A8303E2B6AD8784996F8A760087C68
:10852800002E72D183425DD04A7C0B749A429CBF64
:1085380000230B74B846002777E010228262002BD4
:108548007FF475AF06E740F2E73377E7694B1B78AE
:1085580043B16A4A137C507C0133DBB298421374EE
:1085680098BF11746548FBF751FC0146544802F066
:1085780056FC53484FF6FF71FAF716F802F0E5FC7F
:108588004F48002102F015FD544A01232B700023A7
:108598001370534A13705A4A1360236063E75948AB
:1085A800FCF73CF9504B187AFFF7BCFB03232B7000
:1085B800484A0023EEE7012B7FF46DAF2368980744
:1085C8007FF569AF454B1978B1FA81F10020490967
:1085D8002060FFF7C3FB424B18705CE74A4B01224F
:1085E8001A7082E74948017841F001010170484951
:1085F800002A40F095803F2B444B0A704FF0010051
:1086080028BF032220701A7008E083428CD13F48AB
:10861800017841F00201E9E7012E8CD92E4BB3F81D
:1086280050203C4B1A8002232B702378002B40F0FB
:10863800A080B8F1000F00D02B703749264A0B787C
:10864800B2F852200133DBB293420B702B4B0ADB9A
:108658001A7C587C0132D2B2904298BF00221A7418
:1086680000220A702A7093F8D420002A00F08D8026
:10867800B3F8D820B3F8D610013292B29142A3F8D9
:10868800D82000F28280002293F8D500D989A3F877
:10869800D82006220130C0B2062828BF002041FA9F
:1086A80000F6F6076DD51D4A52F83020002A55D13C
:1086B800FEE700BF00040048701E002038030020B9
:1086C8003C1E00209DB600080C000020C2050020BA
:1086D800B8050020C405002048000020C10500207E
:1086E800C005002071030020601E0020C80500207E
:1086F800700E00206B030020801D00207C030020EA
:10870800B4050020C11C0020581E0020680300206A
:108718006C0300206E030020690300200CBA0008D7
:108728000B78994801330278DBB20B7072B9974A1B
:1087380092F854209A423FF671AF954B1B78032B61
:1087480006D1022323700123037067E70522F1E7AE
:10875800531EDBB29A420B70F3D95FE783F8D5005A
:10876800F9F7C4F88B48FBF7B5FE00232B70237884
:108778005BB1894B1B8843B9884A237013702B70EF
:1087880003E0013A12F0FF0284D1854B00221A70EF
:108798002278002A00F0F1801FB901221A70022302
:1087A8002B708048FBF7D2FA2378022B02D07E4B3D
:1087B80000221A707D4A138813B9744BB3F84E30EF
:1087C800013B9BB2138013B97948F8F7D0FC78487D
:1087D800F8F781FC2378022B0BD07548F8F72BFCAF
:1087E800237833B9FFF738F9724A01231370724AB4
:1087F8001370724E3046FAF7D1FA7278654B012A37
:1088080004D100217170197901B95A716148FBF7D7
:10881800E3FEFBF7F9FE0128064607D002282DD013
:10882800674B05221A7003B0BDE8F083574F5948CB
:10883800FBF772FEB7F84C30624A634803EB8303D8
:1088480003EB83039B001380FAF778FB5F4AB7F8C2
:108858004C1082F8D46041F28833B3FBF1F3A2F8EC
:10886800D6300023A2F8D830594A10219161082146
:108878009162584A237096702B70D1E7564B0122AB
:108888001A70CDE74E49554A0B781BB1013BDBB254
:108898000B7013B11378002B34D0514D514895F813
:1088A80028100024147000F04BF94F4B1B78022B52
:1088B80042D13B4F3E4897F80090F8F715FC8046A8
:1088C8003B48F8F723FC494923464A46CDE900804E
:1088D800444800F04DFC4348FCF7E2F93A78444933
:1088E80044482346FDF7B2FA3A78414942482346BC
:1088F800FEF788FE95F8263095F833203B493F4827
:10890800FBF7ACFF374800F043FD3A48FEF73AFB67
:108918003948FFF79FFB304B1B78002B83D0214849
:10892800FBF714FA2A4B08229A6110229A61FBF786
:1089380089F80123337076E7134B1B78C3B16FF0C6
:108948007E03009301231A4628492648019400F023
:108958000FFC244800F00BF901231A462449254846
:10896800FDF774FA0123224923481A46FEF74AFE06
:10897800224B95F826205A70C4E72B7813F0FD0F88
:108988003FF40FAF13E700BF6A0300204800002040
:1089980068030020380300206E03002069030020CC
:1089A800B00500203C1E0020581E0020721E00202A
:1089B800801D0020C3050020741E0020941C002088
:1089C8007303002044000020791D00207C03002050
:1089D80000040048BC05002070030020720300203A
:1089E800A80000204C1C00206B0300209C1C0020C9
:1089F800701C0020C8050020700E0020C11C00203B
:108A080008B5FFF7A5FBFCE71C4B1D4A10B51A601B
:108A18001C4B1D4A1D4C1A605A619A62DA631A652A
:108A28001B4A5A669A671B4AC3F88C20204600F0F6
:108A380043F8194B2360194B002240F2FF11C3F889
:108A4800E824C3F8EC14164BC3F81C26C3F8502AC4
:108A58007D2283F8542A134A40F2FF31506AC3F842
:108A68002016916A03F65C2403C4D06A2060106B58
:108A7800928EC3F8680AA3F86C2A10BD3C1E002029
:108A8800A8B60008801D002018B600084C1C00205D
:108A980000B600080CB6000830B70008C80500206A
:108AA800700E0020F0B300087047002070470020C7
:108AB800704700207047000010B5044B04460121A0
:108AC80040F8043BF8F764FA204610BDBCD2000811
:108AD80038B5242204460D46FF2300210361818214
:108AE800104402F005FCE56038BD38B50D46017C40
:108AF800A942044615D0012918D0022912D011B96B
:108B080003685B6898470023012D6374257413D0AC
:108B1800022D0ED02DB923685B68012120469847A5
:108B2800607438BD0368DB680021EBE703689B6865
:108B3800FAE72368DB68F0E7236829469B68EDE7D6
:108B48000430F8F733BA037C012B10B50ED100F1CD
:108B5800160301F10C0251F8044B43F8044B9142FF
:108B6800F9D10A881A8040F20113438210BD037CB0
:108B7800012B0BD148F28113C3824FF40142002329
:108B8800C0E90632038440F2011343827047F0B50E
:108B9800054689B008880C4616461F46F8F770FB4C
:108BA8009DF806308DF8050023F00703C0F3022076
:108BB800034360888DF80630F8F762FB9DF80630AD
:108BC80000F01F0203F0070343EAC2038DF80630E2
:108BD8009DF80730C0F3451023F03F030343A088F6
:108BE8008DF80730F8F74CFB9DF8073000F00302CA
:108BF80003F03F0343EA82138DF80730C0F387037D
:108C08008DF808309DF80930C0F3802023F0010367
:108C18000343E0888DF80930F8F732FB9DF80930F6
:108C280000F07F0203F0010343EA42038DF80930A4
:108C38009DF80A30C0F3C31023F00F0303432089C3
:108C48008DF80A30F8F71CFB9DF80A3000F00F0287
:108C580003F00F0343EA02138DF80A309DF80B3036
:108C6800C0F3061023F07F03034360898DF80B30AF
:108C7800F8F706FB9DF80B3000F0010203F07F03C4
:108C880043EAC2138DF80B30C0F347038DF80C305C
:108C98009DF80D30C0F3412023F003030343A0895E
:108CA8008DF80D30F8F7ECFA9DF80D3000F03F0222
:108CB80003F0030343EA82038DF80D309DF80E306C
:108CC800C0F3841023F01F030343E0898DF80E30AE
:108CD800F8F7D6FA9DF80E3000F0070203F01F03EC
:108CE800C0F3C70043EA42138DF80F00208A8DF8BD
:108CF8000E30F8F7C5FA9DF811308DF8100023F002
:108D08000703C0F302200343608A8DF81130F8F797
:108D1800B7FA9DF8113000F01F0203F0070343EA89
:108D2800C2038DF811309DF81230C0F3451023F0BE
:108D38003F030343A08A8DF81230F8F7A1FA9DF893
:108D4800123000F0030203F03F0343EA82138DF868
:108D58001230C0F387038DF813309DF81430C0F338
:108D6800802023F001030343E08A8DF81430F8F7DC
:108D780087FA9DF8143000F07F0203F0010343EAFC
:108D880042038DF814309DF81530C0F3C31023F05A
:108D98000F030343208B8DF81530F8F771FA9DF80F
:108DA800153000F00F0203F00F0343EA02138DF8A9
:108DB80015309DF81630C0F3061023F07F030343E7
:108DC800608B8DF81630F8F75BFA9DF8163000F0D6
:108DD800010203F07F0343EAC2138DF81630C0F393
:108DE80047038DF817309DF81830C0F3412123F060
:108DF80003030B43A08B8DF81830F8F741FA9DF860
:108E0800183000F03F0203F0030343EA82038DF8B1
:108E180018309DF81930C0F3841023F01F03034362
:108E2800E08B8DF81930F8F72BFA9DF81930218C62
:108E380000F0070203F01F0343EA42138DF81930CC
:108E4800628C40F2A953994288BF0121C0F3C70040
:108E580098BF00219A428DF81A0088BF41F002019C
:108E68000EB141F004010FB141F008010F238DF854
:108E7800043000238DF81C302B688DF81B101B68FC
:108E8800192201A92846984709B0F0BD30B5054612
:108E980089B008880C46F8F700FA9DF808308DF874
:108EA800070023F00703C0F30220034360888DF80E
:108EB8000830F8F7F2F99DF8083000F01F0203F0C7
:108EC800070343EAC2038DF808309DF80930C0F360
:108ED800451023F03F030343A0888DF80930F8F7C5
:108EE800DCF99DF8093000F0030203F03F0343EA80
:108EF80082138DF80930C0F387038DF80A309DF886
:108F08000B30C0F3802023F001030343E0888DF881
:108F18000B30F8F7C2F99DF80B3000F07F0203F030
:108F2800010343EA42038DF80B309DF80C30C0F37F
:108F3800C31023F00F03034320898DF80C30F8F792
:108F4800ACF99DF80C3000F00F0203F00F0343EA70
:108F580002138DF80C309DF80D30C0F3061023F085
:108F68007F03034360898DF80D30F8F796F99DF873
:108F78000D3000F0010203F07F0343EAC2138DF8BD
:108F88000D30C0F347038DF80E309DF80F30C0F355
:108F9800412023F003030343A0898DF80F30F8F72D
:108FA8007CF99DF80F3000F03F0203F0030343EA19
:108FB80082038DF80F309DF81030C0F3841023F031
:108FC8001F030343E0898DF81030F8F766F99DF820
:108FD800103000F0070203F01F03C0F3C70043EA94
:108FE80042138DF81100208A8DF81030F8F755F9E2
:108FF8009DF813308DF8120023F00703C0F3022008
:109008000343608A8DF81330F8F747F99DF8133059
:1090180000F01F0203F0070343EAC2038DF8133080
:109028009DF81430C0F3451023F03F030343A08A92
:109038008DF81430F8F731F99DF8143000F0030278
:1090480003F03F0343EA82139DF816208DF814308D
:10905800C0F387038DF8153022F00102C0F3802396
:109068001343E08A8DF81630F8F717F99DF8163093
:1090780000F07F0203F0010343EA42038DF8163043
:109088009DF81730C0F3C31023F00F030343208B60
:109098008DF81730F8F701F99DF8173000F00F0236
:1090A80003F00F0343EA02138DF817309DF81830C8
:1090B800C0F3061023F07F030343608B8DF818304C
:1090C800F8F7EBF89DF8183000F0010203F07F0381
:1090D80043EAC2139DF81A208DF81830C0F34703ED
:1090E8008DF8193022F00302C0F341231343A08BFB
:1090F8008DF81A30F8F7D1F89DF81A3000F03F02D1
:1091080003F0030343EA82038DF81A309DF81B30FD
:10911800C0F3841023F01F030343E08B8DF81B304A
:10912800F8F7BBF8019B03F07F42104B1343019300
:109138009DF81B3000F0070203F01F03C0F3C700BF
:1091480043EA42138DF81C000DF106011722002096
:109158008DF81B30F8F70CF92B688DF81D001B688B
:109168001A2201A92846984709B030BDC818160028
:109178002DE9F04700F124079DF920A09DF82490DF
:1091880090461E4604463B4601F1240251F8040B62
:1091980043F8040B9142F9D1251D39462846F7F7C3
:1091A80029FFE1684B7966B1042B77D8DFE803F033
:1091B8007C76345C03004FF00423C4E909330026AD
:1091C800B046E3681D796B1E0B2B07D85046043553
:1091D800F8F72CF8EDB204EB45056884E3681D7BCD
:1091E8006B1E0B2B07D848460435F8F73AF8EDB252
:1091F80004EB45056884637C002B55D0237C012B48
:1092080046D013F0FD0F4FD133464246394620462B
:10921800BDE8F047FFF7BBBC01F1130304F12200DE
:1092280001F11F054FF0780C13F9012FC2EB8222D0
:10923800AB4292FBFCF202F5806220F8022FF3D1D8
:1092480004F13A02233140F2FF7513F8010F48B1D7
:1092580002280CBF28464FF48060994222F8020F7A
:10926800F3D1AEE70120F8E704F1220304F1460246
:109278004FF4806123F8021F9342FBD10221284654
:10928800F7F7D6FE103004EB40000023838098E700
:1092980039462046BDE8F047FFF7F8BD042B90D8C3
:1092A80013F0FD0F8DD0E9E7BDE8F08730B54B7BB3
:1092B800032B85B005460C4642D191F90000F8F71A
:1092C80031F88DF8030094F90100F8F72BF8A3782A
:1092D8008DF80530E3788DF804008DF80630207B92
:1092E80023798DF80730F8F715F88DF8080094F908
:1092F8000600F7F7EAFF8DF8090094F90700F8F778
:1093080011F8237A8DF80B30637A8DF80C3040F61B
:10931800C8438DF80A00ADF800300DF1020114239E
:109328000B2200208DF80230F8F722F82B688DF810
:109338000D001B680E2269462846984705B030BDC7
:10934800022B03D1FF238DF80330BCE791F900000D
:10935800F7F7E8FF8DF80300FF20B8E7837C10B526
:10936800044633B1F9F7EAFCE37C1BB10023A08281
:10937800E37410BDA28A801A80B2B0F57A6FF8D96A
:10938800A37404F116012046BDE81040FFF78EBF14
:10939800427C22B1037C012B01D1FFF7DFBF70476C
:1093A80030B59BB0202200210BA801F0A1FF1822A4
:1093B800002102A801F09CFF1C4A136823F4C06333
:1093C80043F400731360136803F4C0630193019BB3
:1093D80001224FF40413CDE9082300230A93102136
:1093E8000623CDE915134FF4003302240325179300
:1093F8004FF0005C4FF0007308A8CDE91345CDE9A4
:10940800183C00F045FB08B172B6FEE7CDE9040050
:10941800CDE906004F23214602A8CDE9023500F028
:10942800D1FD08B172B6FEE71BB030BD000400588C
:10943800154B07B51A6842F480721A601A6842F42C
:1094480000721A601A6822F480621A6000F0A0F8AC
:10945800FFF7A6FF4FF0B043DA6C42F00102DA647E
:10946800DA6C02F001020192019ADA6C42F002020F
:10947800DA64DB6C03F002030093009B03B05DF831
:1094880004EBFFF7BDBA00BF004000587047FEE785
:10949800FEE7FEE7FEE7FEE7704770477047F9F71B
:1094A8003BBC70470D488546FFF7FBFF0C480D494C
:1094B8000D4A002302E0D458C4500433C4188C4227
:1094C800F9D30A4A0A4C002301E013600432A2428D
:1094D800FBD301F043FFFFF7ABFFFEE700000120DD
:1094E8000000002028000020A8D300082800002041
:1094F800D02C0020FEE770474FF0B04310B59A6BB0
:109508004FF0FF329A63D96BDA630024996B9C633E
:10951800D96BDC63196C1A64196C1C64596C5A6435
:10952800596C5C64996A9A62996A9C62D96ADA622F
:10953800D96ADC62196B1A631A6B1C63FFF7DBFFCD
:10954800204610BD38B5104C237805460BB90120CC
:1095580038BD00F08DFA22784FF47A73B3FBF2F33A
:10956800B0FBF3F000F074F804460028EFD10F2D9B
:10957800EDD8024629464FF0FF3000F037F8034B8C
:1095880020461D60E4E700BF2000002024000020E2
:1095980010B5032000F018F800F06AFA064B1860BE
:1095A8000F20FFF7CFFF044618B9FFF76FFF2046DB
:1095B80010BD0124FBE700BF1C000020014B186808
:1095C800704700BF942C00200749CA6822F4E06263
:1095D8000302120403F4E063120C134343F0BF6365
:1095E80043F40033CB60704700ED00E0164B30B514
:1095F800DC68C4F30224C4F10703251D042B28BF2B
:109608000423062D4FF0FF358CBF033C002405FAD8
:1096180003F321EA0303A54022EA0502A340002838
:1096280043EA0203ACBF00F16040084A4FEA031363
:10963800B8BF00F00F00DBB2AABF00F561401354B9
:1096480080F8003330BD00BF00ED00E014ED00E00D
:109658000138B0F1807F0BD24FF0E023054A586102
:10966800F02182F823100020072298611A617047C0
:109678000120704700ED00E00A4A536943F4802353
:1096880030B55361EFF3108472B60023CD58C5503E
:109698000433B3F5807FF9D11369DB03FCD484F379
:1096A800108830BD00400058064B5A69002ABFBFD9
:1096B800054A9A6002F188329A60BABF5869C00FA9
:1096C800002070470040005823016745044B5A6941
:1096D80042F000425A615869C043C00F704700BF4A
:1096E8000040005870B50546FFF768FF124E044663
:1096F8003369D90313D43369DA0744BF01223261CD
:109708004CF2FA32134011D10B4E306910F480201C
:109718000BD0FFF753FF001BA842F6D304E0FFF776
:109728004DFF001BA842E3D3032070BD024A13611A
:10973800024A01205360F8E700400058982C0020A6
:109748002DE9F041184D98462B78012B06460C461A
:10975800174626D001232B704FF47A7000236B60D4
:10976800FFF7C0FFA0B9012E16D1104A536943F084
:10977800010353612760BFF36F8FC4F804804FF46F
:109788007A70FFF7AFFF094A536923EA060353616A
:1097980000232B70BDE8F08139462046FFF76CFFA7
:1097A800EDE70220F6E700BF982C002000400058A3
:1097B800054A536923F47E7343EAC00040F48030BD
:1097C80040F0020050617047004000582DE9F04118
:1097D800234F3B78012B054688463FD001233B7039
:1097E8004FF47A7000237B60FFF77CFF044688B94A
:1097F8002B68042B13D11B4A536943F4803343F07D
:10980800040353614FF47A70FFF76CFF0446154B5D
:109818001A681B6800233B702046BDE8F0814FF0B2
:10982800FF33C8F800306E68D5E901321344B342FB
:109838000AD93046FFF7BCFF4FF47A70FFF752FFA2
:1098480050B1C8F800600446064A536923F47E7391
:1098580023F002035361DAE70136E5E70224DBE788
:10986800982C002000400058024A136843F4807383
:109878001360704700040058024B186800F4C06079
:10988800704700BF000400584FF0B0431868C0F399
:10989800404070474FF0B0431868C0F3400070472D
:1098A8004FF0B042536823F47F4343EA00235360E8
:1098B80070474FF0B0431868C0F34060704700002D
:1098C8007FB54FF0B0432C4AD3F80831C0F30310EA
:1098D80003F00F0352F82040284A52F82330B4FB13
:1098E800F3F4FFF7C9FF264B054693E80700B5F5E3
:1098F800007F04AB03E9070010D0224B9C4218D329
:1099080003F5B70303F67F539C4229D903F5741373
:1099180003F510639C4225D802230BE01A4B9C42A6
:1099280007D91A4B9C421BD903F5370303F5D853C3
:10993800F0E7002304AA02EB830353F80C4C144D00
:109948002B6823F0070323432B60FFF737FE0646F7
:109958002B6803F007039C4206D1002004B070BDB9
:109968000123E7E70024EAE7FFF728FE801B022827
:10997800EED90320F2E700BF2CD30008CCD20008B0
:1099880028B40008C0CF6A00BFEA21013F9334021F
:10999800004000584FF0B04310B59A68D96812F0EB
:1099A8000C0205D00C2A4AD101F00303012B50D137
:1099B8004FF0B0412B480B6813F0080306D00B6832
:1099C80013F0080337D1D1F8941007E00C68240786
:1099D80056BFD1F894300968C3F3032350F82330F5
:1099E800002A0CBF184600204FF0B0418A6802F0E8
:1099F8000C020C2A1ED1CA6802F00302022A2ED0D9
:109A0800032A06D10B68184A13F4801F174B18BF96
:109A180013464FF0B042D068D168D268C0F3062030
:109A28005843C1F302130133B0FBF3F0530F013372
:109A3800B0FBF3F010BD0B68C3F30313CEE7042AA1
:109A48000AD0082A05D11B6813F4801304D10748EB
:109A5800CAE700231846C7E703480023C4E7024BB8
:109A6800D7E700BF2CD300080024F4000048E80121
:109A780008B5FFF78FFF4FF0B043044A9B68C3F364
:109A8800031352F82330B0FBF3F008BDCCD2000822
:109A98002DE9F0410446002853D04FF0B0439D68AB
:109AA800DE6803689B0605F00C0506F0030668D51A
:109AB800026A1DB10C2D46D1012E44D1002A40D096
:109AC8004FF0B043A16A1A68170756BFD3F894300D
:109AD8001B681B0903F0F00399421FD90846FFF7DA
:109AE800EFFE00282DD14FF0B042136843F0080371
:109AF80013601368A16A23F0F0030B431360606AD4
:109B0800FFF7CEFEFFF7B4FFAB4B1860AB4B1868FE
:109B1800FFF718FD002834D0BDE8F0814FF0B042BF
:109B2800136843F008031360136823F0F0030B4332
:109B38001360606AFFF7B4FE0846FFF7C1FE00280D
:109B4800E0D00120E8E74FF0B043002A54D01A686B
:109B580042F001021A60FFF731FD0746FFF79AFE4F
:109B6800002842D04FF0B042136843F00803136056
:109B78001368A16A23F0F0030B431360606AFFF7D0
:109B88008FFE2368D80748D42368990700F18C8092
:109B980023681E0740F1FA80A3694FF0B046002BF6
:109BA80000F0E180D6F89430E16903F010029142A8
:109BB80000F0C48003F00302022AC2D0D80740F1A3
:109BC800B380D6F8943023F00103C6F89430FFF739
:109BD800F5FC0746D6F89430990740F1A580FFF7C1
:109BE800EDFCC31B112BF5D904E0FFF7E7FCC01B04
:109BF8000228B3D903208FE71A6822F001021A60FD
:109C0800FFF7DCFC0746FFF745FE0028B9D0FFF751
:109C1800D5FCC01B0228F6D9ECE7082D03D00C2D83
:109C280005D1032E03D16368002BADD189E74FF02E
:109C3800B043A1681A6822F480120A431A60626865
:109C4800B2F5803F10D11A6842F480321A60FFF7EB
:109C5800B5FC0746FFF718FE002895D1FFF7AEFCC4
:109C6800C01B6428F6D9C5E7B2F5041F04D11A68E9
:109C780042F400121A60E6E7196821F4803119608D
:109C8800196821F400111960002AE0D1FFF796FC49
:109C98000746FFF7F9FD00283FF476AFFFF78EFC83
:109CA800C01B6428F5D9A5E7042D236903D00C2D22
:109CB8000ED1022E0CD1002B3FF443AF4FF0B0422F
:109CC8006169536823F0FE4343EA016353605FE729
:109CD8004FF0B046BBB1336843F480733360FFF78D
:109CE8006DFC074633685A0507D57368626923F027
:109CF800FE4343EA026373604AE7FFF75FFCC31B56
:109D0800022BEFD976E7336823F480733360FFF7CB
:109D180055FC074633685B057FF53AAFFFF74EFC05
:109D2800C31B022BF6D965E74FF0B042E169D2F8C0
:109D3800943023F010030B43C2F894304FF0B0472F
:109D4800D7F8943043F00103C7F89430FFF736FC96
:109D58000646D7F894309A0718D4FFF72FFC831BD0
:109D6800112BF6D946E7D6F8943023F00103C6F84C
:109D78009430FFF723FC0746D6F894309B0705D5A7
:109D8800FFF71CFCC31B112BF6D933E723685807D0
:109D980054D50B4F3B68D90514D4FFF765FDFFF781
:109DA8000DFC06463B68DA050CD4FFF707FC831B5D
:109DB800022BF7D91EE700BF1C000020240000205A
:109DC80000040058E3684FF0B046002B58D023F049
:109DD8008003052B02BFD6F8903043F00403C6F881
:109DE80090304FF0B046FFF7E9FBD6F8903043F0DB
:109DF80001030746C6F8903041F28838D6F890300B
:109E08009B0705D4FFF7DAFBC31B4345F6D9F1E6F8
:109E1800E36823F00403812B1BD1FFF7CFFBD6F8AF
:109E2800903043F08003C6F8903007464FF0B046B4
:109E380041F28838D6F89030180504D5E06A002831
:109E48004AD1002068E6FFF7B9FBC01B4045F1D9AD
:109E5800D0E6FFF7B3FBD6F8903023F08003C6F8BE
:109E6800903007464FF0B04641F28838D6F8903027
:109E78001905E3D5FFF7A2FBC01B4045F6D9B9E6A3
:109E8800FFF79CFBD6F8903023F080030746C6F80E
:109E9800903041F28838D6F890301A0516D4FFF77A
:109EA8008DFBD6F8903023F00103C6F890300746B2
:109EB8004FF0B04841F28836D8F890309B07BDD5AE
:109EC800FFF77CFBC31BB342F6D993E6FFF776FB9B
:109ED800C01B4045DFD98DE60C2D4ED04FF0B04366
:109EE80002281A6822F080721A6033D1FFF766FBE5
:109EF8000546FFF7DEFC38BBD4E90C314FF0B04221
:109F08000B43D0682D4901400B43E16B0B43216C97
:109F18000B43616C0B43A16B43EA0123D3601368C5
:109F280043F080731360D36843F08053D360FFF726
:109F380045FB0446FFF7BDFC002882D1FFF73EFB36
:109F4800001B0A28F6D955E6FFF738FB401B0A28FC
:109F5800CFD94FE6FFF732FB0446FFF7AAFC30B92A
:109F68004FF0B042164BD1680B40D360D4E5FFF7F1
:109F780025FB001B0A28F0D93CE601283FF4CCADAC
:109F88004FF0B043226BDB6803F0030191427FF48A
:109F9800D8AD616B03F070028A427FF4D2ADA16B39
:109FA80003F4FE42B2EB012F7FF4CBAD626C03F0F9
:109FB800604393423FF445AFC3E500BF8C80C111B5
:109FC800FCFFFEEE2DE9F0410D46044610B90120D4
:109FD800BDE8F081684E336803F007038B4216D35F
:109FE80023689A0727D54FF0B047A268BB6823F0CB
:109FF800F0031343BB60FFF7E1FA0646BB68DB03D7
:10A0080019D4FFF7DBFA831B022BF7D911E0336869
:10A0180023F007030B433360FFF7D0FA0746336892
:10A0280003F00703AB42DBD0FFF7C8FAC01B0228D6
:10A03800F5D90320CCE72368580617D54FF0B04769
:10A048006269D7F8083123F00F0343EA1213C7F8FF
:10A058000831FFF7B3FA0646D7F80831D90305D413
:10A06800FFF7ACFA831B022BF6D9E2E723685A07FD
:10A0780013D54FF0B047E268BB6823F4E06313439D
:10A08800BB60FFF79BFA0646BB689B0305D4FFF746
:10A0980095FA831B022BF7D9CBE72368180714D549
:10A0A8004FF0B0472269BB6823F4605343EAC20308
:10A0B800BB60FFF783FA0646BB68590305D4FFF770
:10A0C8007DFA831B022BF7D9B3E72368DA070FD48D
:10A0D800294C236803F00703AB4239D8FFF7C8FCC3
:10A0E800264B1860264BBDE8F0411868FFF72ABADE
:10A0F8006268022A1DD1FFF7C7FB00283FF467AF4B
:10A108004FF0B04641F28838B36823F00303134395
:10A11800B360FFF753FA0746B368626803F00C03AD
:10A12800B3EB820FD4D0FFF749FAC01B4045F3D9EF
:10A138007FE7032A02D1FFF7BCFBDEE712B9FFF77E
:10A14800A9FBDAE74FF0B0431B685B05D8D43EE7BC
:10A15800236823F007032B432360FFF72FFA0646F3
:10A16800236803F00703AB42B8D0FFF727FA801B38
:10A178000228F5D95DE700BF004000581C00002008
:10A188002400002030B5046891FAA1F3B3FA83F3F0
:10A1980003255B0005FA03F324EA030391FAA1F10E
:10A1A800B1FA81F149008A401A43026030BD0000CB
:10A1B800B0F1904F0BD14FF0B043DA6A42F0010290
:10A1C800DA62DA6A22F00102DA6201207047144B7F
:10A1D800984209D14FF0B043DA6A42F00202DA62DB
:10A1E800DA6A22F00202EFE70E4B984209D14FF0EB
:10A1F800B043DA6A42F00402DA62DA6A22F0040250
:10A20800E2E7094B984209D14FF0B043DA6A42F0CD
:10A218008002DA62DA6A22F08002D5E7002070470D
:10A228000004004800080048001C00482DE9F84FC9
:10A238000E460F6897FAA7F54FF0010BB5FA85F5AA
:10A248004FF0030A4FF00F0837FA05F302D1012047
:10A25800BDE8F88F0BFA05F43C4053D0D6F80490CB
:10A2680021464A46FFF78EFF09F1FF33012B19D823
:10A27800B368816894FAA4F2B2FA82F252000AFA38
:10A2880002F221EA020294FAA4F1B1FA81F149003A
:10A298008B40134383604268F36822EA04026343F5
:10A2A800134343603369C16894FAA4F2B2FA82F2A4
:10A2B80052000AFA02F221EA020294FAA4F1B1FA6F
:10A2C80081F149008B401343B9F1020FC36015D1E6
:10A2D800FF2C716918D8026A94FAA4F3B3FA83F3CD
:10A2E8009B0008FA03F322EA030294FAA4F3B3FAF0
:10A2F80083F39B0001FA03F3134303624A462146A2
:10A30800FFF740FF01359FE7426A230A93FAA3FC4F
:10A31800BCFA8CFC4FEA8C0C08FA0CFC22EA0C0202
:10A3280093FAA3F3B3FA83F39B0099401143416274
:10A33800E4E74FF0B0431868C0F3005070474FF09F
:10A34800B0431868C0F3802070474FF0B043D3F88B
:10A358009000C0F3400070474FF0B0431868C0F356
:10A36800C00070474FF0B0431868C0F340607047B2
:10A378004FF0B043044A9B68C3F3031352F82330E9
:10A38800B0FBF3F0704700BFCCD200084FF0B043E9
:10A39800034A9B68C3F3022352F82330D84070471E
:10A3A8000CD300084FF0B04238B5916801F00C01A9
:10A3B800082950D017D889B3042900F08C80FFF7FA
:10A3C800CBFF46490246002876D1FFF7C5FF4FF07C
:10A3D800B043012816BFD3F894201B68C2F30322A8
:10A3E80051F822002AE00C29E9D1D36803F00303CD
:10A3F800022B5FD0032B37D0FFF7AEFF374C014657
:10A4080000284AD1FFF7A8FF012816BFD2F89410F8
:10A418001368C1F3032154F821302CE0FFF79CFFA7
:10A428002E4D044658B9FFF797FF012816BFD2F8FA
:10A4380094401368C4F3032455F8240038BDFFF78B
:10A448008BFF01280ABF1168D2F89430C1F30311B9
:10A4580055F82100F2E7FFF76CFF214B0146214830
:10A46800012908BF1846E9E7FFF763FF1D4A1C4B9F
:10A47800012818BF13464FF0B042D068D168D2689F
:10A48800C0F306205843C1F302130133B0FBF3F0C5
:10A49800530F0133B0FBF3F0D0E7FFF75DFF01285E
:10A4A8000BBF1368D2F89430C3F30313002354F896
:10A4B8002330E0E70A4BDEE7FFF74EFF4FF0B043EB
:10A4C80001280BBF1B68D3F89430C3F30313002390
:10A4D80051F82300B2E70248B0E700BF2CD30008C8
:10A4E8000024F4000048E8014FF0B04307B51A68AB
:10A4F80042F001021A601A689207FCD51A6822F025
:10A50800F00242F060021A605A6822F47F425A60F0
:10A518005A6822F0FE4242F080425A604FF4E0222C
:10A528009A601A6801920199104A0A400192019AA8
:10A538001A60FFF717FF0028FBD14FF0B0430C4A11
:10A54800DA6040F23F3298610192019A1A62D3F8B8
:10A55800942042F40002C3F8942001204FF44032C2
:10A56800C3F8082103B05DF804FB00BFFFF4CEFE7A
:10A578000010042210B54FF0B0440328D4F88830F6
:10A588002AD11F4A03F0030343F44033934209D00E
:10A59800B3F1031F0DD0013A934211D1BDE8104029
:10A5A800FFF700BFFFF7CBFE0128164818BF0020B1
:10A5B80010BDFFF7CAFE431E58425841C003F7E7D3
:10A5C800FFF7F0FEFFF7D4FEA3680F4AC3F3C223D8
:10A5D80052F82330D840EBE7034043EA00400B4BE6
:10A5E8009842DFD0B0F10C1FE3D0043B9842D5D09D
:10A5F800FFF7D8FEFFF7BCFEBDE81040FFF7C6BE68
:10A60800020003000024F4000CD3000808000C002A
:10A618000F4B98420BD14FF0B0431A6C42F4805262
:10A628001A641A6C22F480521A6401207047094B8C
:10A6380098420AD14FF0B0439A6B42F480429A6331
:10A648009A6B22F480429A63EFE70020704700BFBC
:10A65800003001400038004003685B0670B50246D0
:10A668002DD4D1E900363343CE68056848690C6AB1
:10A6780033430E6933438E6903433343CE6925F46C
:10A688007F45334325F0BF0523432B4313605368AD
:10A698008D6823F4706323F0040345EA10401843DF
:10A6A800B5F5006F50603EBF536843F48053536064
:10A6B800B4F5005F01D18B8C1361012000E000200C
:10A6C800D36923F40063D36170BD00001A4A03689C
:10A6D800904210B502D0B0F1804F09D14C6823F0F8
:10A6E8007003904243EA040309D0B0F1804F06D0CA
:10A6F800124A904203D002F58062904203D1CA68A0
:10A7080023F44073134303608B68C3620B8883622E
:10A71800094B984207D003F5C053984203D003F57C
:10A728008063984201D10B690363436943F00103D5
:10A738004361012010BD00BF002C014000440140CE
:10A74800B1F5805F30B500F0F08009D8102975D0D8
:10A75800B1F5807F00F0AE80012935D0002030BDF2
:10A76800B1F5803F00F00E81B1F5801FF6D1036A84
:10A77800146823F480130362036A416D21F0807129
:10A7880021F4E04141EA0424116923F4001343EA67
:10A798000153516823F4801343EA015391498842D5
:10A7A80007D001F5C051884203D001F58061884285
:10A7B80006D14168956921F4802141EA85214160EB
:10A7C800D2684465C26536E0036A156823F0010360
:10A7D8000362036A4168846924F4803424F07304B2
:10A7E8002C43156923F002032B43556823F001031A
:10A7F8002B437C4DA84207D005F5C055A84203D08D
:10A8080005F58065A84212D1556923F0080343EA8B
:10A818008503956823F0040343EA8503956921F4C9
:10A8280080712943D56921F4007141EA4501D26854
:10A838004160846142630362012090E7036A1568FE
:10A8480023F010030362036A4168846924F080746A
:10A8580024F4E64444EA0524156923F0200343EA76
:10A868000513556823F0100343EA05135D4DA8420C
:10A8780007D005F5C055A84203D005F58065A84264
:10A8880013D1556923F0800343EA8513956823F0B3
:10A89800400343EA8513956921F4806141EA850103
:10A8A800D56921F4006141EAC501D268416084613B
:10A8B8008263C0E7036A156823F480730362036A3E
:10A8C8004168C46924F4803424F073042C43156966
:10A8D80023F4007343EA0523556823F4807343EA9D
:10A8E8000523404DA84207D005F5C055A84203D01E
:10A8F80005F58065A84213D1556923F4006343EA3E
:10A908008523956823F4806343EA8523956921F4B8
:10A91800805141EA0511D56921F4005141EA4511F8
:10A92800D2684160C461C26385E7036A156823F48D
:10A9380080530362036A4468C16921F0807121F47D
:10A94800E64141EA0521156923F4005343EA05333A
:10A95800556823F4805343EA0533224DA84207D0B3
:10A9680005F5C055A84203D005F58065A84204D175
:10A97800956924F4804444EA8514D2684460C1612E
:10A98800026458E7036A146823F480330362036A95
:10A99800416D21F4803121F070010C43116923F4D9
:10A9A800003343EA0143516823F4803343EA014307
:10A9B8000C49884207D001F5C051884203D001F5FF
:10A9C8008061884206D14168956921F4803141EA65
:10A9D800052141604465816DD268090C0904114361
:10A9E800816528E7002C01400F4B98420BD14FF0AE
:10A9F800B0431A6C42F480421A641A6C22F4804202
:10AA08001A6401207047094B98420AD14FF0B043AD
:10AA18009A6B42F400329A639A6B22F400329A637A
:10AA2800EFE70020704700BF0038014000440040B5
:10AA380038B50368DB0704460D464DD42A69AB6870
:10AA4800016813436A691343EA691343234A0A40B6
:10AA5800134303604368EA6823F440531343436095
:10AA68008368AA6923F44073134383601C4B98429C
:10AA780020D10320FFF77EFD2B68F0B16A68E2B1B0
:10AA88000B2B15D8174951F82330E969B0FBF3F0BF
:10AA9800B1F5004F4FEA520319D103EB4003B3FB62
:10AAA800F2F34FF6F0721A40C3F342031343E36024
:10AAB800012003E00C4B984207D00020E26A2B8863
:10AAC80022F00F021343E36238BD0C20D2E703449F
:10AAD800B3FBF2F39BB2EAE70020F5E7F369FFEF77
:10AAE800003801406CD300080044004030B53024E1
:10AAF80042F20F75A84212D80C703021B0F57A7F57
:10AB080014D211703022632816D81A7030230928FD
:10AB180017D8039A1370049B3030187030BDA0F515
:10AB28001C5001341038E4B280B2E3E70131A0F5DB
:10AB38007A70C9B280B2E1E701326438D2B280B229
:10AB4800E1E701330A38DBB280B2E0E713B50B1D49
:10AB58000193CB1C00934A1C8B1C0C46FFF7C6FFC5
:10AB68000023637102B010BD03099F2800F00F0095
:10AB780094BF3033373309280B7094BF30303730E7
:10AB8800002348708B70704708B50249FFF7ECFF47
:10AB9800084608BDB02C002013B503688DF80710CF
:10ABA8009C680DF107010123A04702B010BD07B54D
:10ABB80003688DF807101B6901220DF107019847FA
:10ABC80003B05DF804FB2DE9F0411D460368044617
:10ABD8005B690F4616469847236820461B689847C6
:10ABE800221D39462046FFF7D7FF2DB123682A4694
:10ABF8001B69314620469847236820465B6898477A
:10AC0800236820469B69BDE8F0410C2118472DE9CF
:10AC1800F0411E46036804465B6915460F4698478F
:10AC2800236820461B689847221D39462046FFF7AF
:10AC3800B3FF20460021FFF7BAFF23682046DB68F0
:10AC4800324629469847236820465B68BDE8F041AC
:10AC580018472DE9F0411F46036804465B690D4615
:10AC680016469847236820461B689847221D2046A9
:10AC78000D21FFF791FF290A2046FFF798FFE9B257
:10AC88002046FFF794FF236831463A4620461B6961
:10AC98009847236820465B689847236820469B6945
:10ACA800BDE8F0410C21184707B501238DF80720AE
:10ACB8000DF10702FFF7CDFF03B05DF804FB2DE9A6
:10ACC800F0411F46036804465B690D4616469847DF
:10ACD800236820461B689847221D20461D21FFF740
:10ACE8005BFF290A2046FFF762FFE9B22046FFF71B
:10ACF8005EFF20460021FFF75AFF23682046DB68E5
:10AD08003A4631469847236820465B68BDE8F041DB
:10AD1800184707B501230DF10702FFF7D0FF9DF88B
:10AD2800070003B05DF804FB2DE9F0411E460368F7
:10AD380004465B690F4615469847236820461B68FA
:10AD48009847221D20460E21FFF726FF3946204648
:10AD5800FFF72DFF23682946324620461B6998478E
:10AD6800236820465B689847236820469B69BDE8AE
:10AD7800F0410C2118472DE9F0411E4603680446AE
:10AD88005B690F4615469847236820461B68984715
:10AD9800221D20461E21FFF7FFFE39462046FFF7F9
:10ADA80006FF20460021FFF702FF23682046DB68E4
:10ADB800324629469847236820465B68BDE8F0413B
:10ADC800184710B5002304461A46C021FFF7FBFEBA
:10ADD800207910BD37B504460D468DF807100123BC
:10ADE80080210DF10702FFF7EEFE2368012D9B6914
:10ADF8000CBF322140F2DC51204603B0BDE83040A0
:10AE0800184737B501230C468DF807100DF10702D6
:10AE18008A210546FFF7D7FEAC7103B030BD07B5F0
:10AE2800042309BA01910DEB03028621FFF7CBFE3B
:10AE380003B05DF804FB07B502238DF804108DF804
:10AE480005208F2101AAFFF7BEFE03B05DF804FBC1
:10AE580037B58DF8063000238DF8073004230446F3
:10AE680015468DF804108DF805208B210DEB030293
:10AE7800FFF7A9FE40F689012046FFF74AFF062D95
:10AE880016BF40F0040200F0FB02D2B240F689017E
:10AE980020468DF80420FFF707FF03B030BD73B5D7
:10AEA80015468DF8033000229DF818309DF81C6077
:10AEB8008DF8002004468DF801108DF804308C219F
:10AEC80006236A468DF802508DF80560FFF77BFE71
:10AED80040F236712046FFF71CFF5EB100F0FB021E
:10AEE80040F2367120468DF80020FFF7DDFE6571CF
:10AEF80002B070BD40F00402D2B2F1E707B55BBA08
:10AF0800ADF80430BDF810305BBAADF8063049BA78
:10AF1800082352BAADF80010ADF8022019466A4667
:10AF2800FFF751FE03B05DF804FB07B5022301AA41
:10AF38001221FFF76CFE9DF804309DF8050000EB28
:10AF4800032080B203B05DF804FB07B5022349BAB9
:10AF5800ADF8041001AA1946FFF735FE03B05DF8F5
:10AF680004FB07B502238DF804108DF805208E2107
:10AF780001AAFFF728FE03B05DF804FB13B56FF0D4
:10AF88007F43994228BF19460B0C04468DF80430BC
:10AF98000B0A8DF805308DF8061001AA03238321CA
:10AFA800FFF711FE236864219B692046984702B089
:10AFB80010BD13B56FF07F43994228BF19460B0C9B
:10AFC80004468DF804300B0A8DF805308DF806100C
:10AFD80001AA03238221FFF7F6FD236864219B69F8
:10AFE8002046984702B010BD37B503230D461446D6
:10AFF800142101AAFFF70BFE9DF804305B085B42A1
:10B008002B809DF90530002BB8BF03339B102370AC
:10B0180003B030BD10B543680D4A23F07F4323F0D9
:10B02800FF039342044611D1002240F60211FFF7B4
:10B038003BFE40F644112046FFF76BFE40F002024B
:10B04800D2B240F644112046FFF72EFE10BD00BFD5
:10B058000001010070B505460E46FFF766FF314650
:10B0680004462846FFF771FFA30702D52846FFF7D5
:10B07800D1FF204670BD07B5002914BF4023202307
:10B088008DF807300DF1070201239321FFF79BFD8F
:10B0980003B05DF804FB10B5002304461A46C1212D
:10B0A800FFF791FD236820469B69BDE810404621C3
:10B0B800184708B5FFF785FE80B208BD07B500231D
:10B0C800ADF8043001AA02230721FFF77CFD03B085
:10B0D8005DF804FB07B5130C8DF8053052BA04234C
:10B0E8008DF80410ADF8062097210DEB0302FFF749
:10B0F8006AFD03B05DF804FB08B50A4640F6AC01EA
:10B10800FFF7D2FD08BD10B540F6D8010446FFF799
:10B1180000FE40F01E02D2B240F6D8012046FFF7EA
:10B12800C3FD10BD08B50A4640F6E701FFF7BCFDB0
:10B1380008BD000007B5054B019304230DEB03027E
:10B148009521FFF740FD03B05DF804FB04070001FB
:10B1580007B502238DF804108DF80520982101AA5F
:10B16800FFF731FD03B05DF804FB000000000000AC
:10B1780013B504461C48B0FBF1F1080C8DF800002B
:10B18800080A8DF8010004988DF803208DF8043022
:10B198008DF80210F5F736F911A3D3E90023F5F776
:10B1A800D5FAF5F7BBFB030C8DF8053043BA6A46B0
:10B1B800ADF80630204608238B21FFF704FD40F642
:10B1C80089012046FFF7A5FD40F00402D2B240F6FF
:10B1D800890120468DF80020FFF766FD02B010BDFA
:10B1E800000000008084EE3F0000093D1FB58DF887
:10B1F80007309DF818308DF808309DF81C308DF810
:10B2080009309DF820308DF80A309DF824308DF8EB
:10B218000B3049BA9DF82830ADF804108DF8062097
:10B228008DF80C3001AA09238C21FFF7CCFC05B05E
:10B238005DF804FB07B5002349BAADF80010ADF876
:10B24800023001936A4608234FF4D861FFF701FDE5
:10B2580003B05DF804FB13B503230C4601AA1421BF
:10B26800FFF7D5FC9DF806305B085B42238002B0EF
:10B2780010BD0000C0F3C7537F3B162B10B5014625
:10B2880014DC002B07DA013300F0004101D141F052
:10B298007E51084610BD084A1A411042F9D04FF4B1
:10B2A80080011941014421EA0201F2E7802BF0D123
:10B2B800F5F75AFB0146ECE7FFFF7F00884210B51F
:10B2C80001EB020402D98442234607D8431EA14257
:10B2D80008D011F8012B03F8012FF8E702440146C2
:10B2E8008A4200D110BD13F8014D02F8014DF7E76D
:10B2F80002440346934200D1704703F8011BF9E763
:10B3080010B50246147813460132002CFAD1013BDD
:10B3180011F8012B03F8012F002AF9D110BDC9B289
:10B328000346184613F8012B12B18A42F9D1704727
:10B33800002918BF0020704710B56AB10139841878
:10B3480010F8012B11F8013F9A4203D1A04201D015
:10B35800002AF5D1D01A10BD1046FCE770B50D4D86
:10B368000D4C641BA4100026A64209D10B4D0C4CB1
:10B3780000F02EF8641BA4100026A64205D170BD6B
:10B3880055F8043B98470136EEE755F8043B9847D3
:10B398000136F2E79CD300089CD300089CD3000830
:10B3A800A4D30008034611F8012B03F8012B002A47
:10B3B800F9D170470A44914200F1FF3300D1704738
:10B3C80010B511F8014B03F8014F9142F9D110BDA6
:10B3D800F8B500BFF8BC08BC9E467047F8B500BF7A
:08B3E800F8BC08BC9E4670474A
:10B3F00018120C1801010119190119190106060189
:10B400000606010303010303010202010202011205
:10B410000C01120C00206C0002206A006D00770005
:10B42000020501020201000000000000010000000E
:10B43000020000006D696E2C00206D572C00322E2A
:10B440003447003931354D003836384D0034333308
:10B450004D003730636D003836364D004455414C51
:10B46000003F003530487A003331487A003139489E
:10B470007A00464C52430046534B003139487A37E4
:10B480007800011F136F011300D57FAAFE2B815492
:10B4900029FC5683D702A87D52872DF8AC79D306B4
:10B4A0007BAE04D18550FA2FA471DB0E5A8F25F0A4
:10B4B0008D58F22773A60CD9F623895C08DD77A294
:10B4C000DF0AA07521F45E8B9D48E23763B61CC984
:10B4D000B461CB1E4A9F35E0CF1AB06531E44E9B74
:10B4E000E633994C18CD67B239EC4693C712B86D64
:10B4F00010C56FBAEE3B91446BBE14C19540EA3F54
:10B5000042973DE8BC69C316EF3A904511C46EBB43
:10B51000C613B96C38ED4792BD68C21743963CE933
:10B520009441EB3E6ABF15C04B9E34E1B560CA1F23
:10B5300062B71DC89C49E33619CC66B3E732984D13
:10B5400030E54F9ACE1BB16472A70DD88C59F32603
:10B550005B8E24F1A570DA0F20F55F8ADE0BA174F3
:10B5600009DC76A3F722885DD603A97C28FD5782E3
:10B57000FF2A805501D47EAB8451FB2E7AAF05D0D3
:10B58000AD78D20753862CF961626364656667689B
:10B59000696A6B6C6D6E6F707172737475767778A3
:10B5A000797A303132333435363738395F232D2EBE
:10B5B000000001000100020002000200030004007C
:10B5C0000500060008000A000C0010001400190015
:10B5D0002000280032003F00500064007D009E00E3
:10B5E000C800FA003C019001F40176022003E80350
:10B5F000E204DC05D00700000000000000000000AD
:10B600009D1800080000000000000000A9180008B4
:10B61000000000000000000085180008000102047E
:10B62000050301020001020503046D6C72732E30E4
:10B630000053657475705374617274537478345226
:10B640007800536574757053746172744D61726BD8
:10B6500065720021656E64210044495920453737E1
:10B6600020453232006D4C525301020304006D4CF0
:10B67000525304030201000A0040504152414D2F31
:10B68000706172616D2E70636B006661696C206120
:10B690000020005378206E6F74206F6B002E000026
:10B6A000000000000000000051210008692100088E
:10B6B00005290008312900084F29000895250008B0
:10B6C000F5190008C11A0008000000000000000081
:10B6D000D7190008E72C0008BD2B0008FD2A000838
:10B6E000D32A0008D91A0008612B0008F51A0008AF
:10B6F0002D2B0008191B00080000000000000000AE
:10B70000D7190008D9190008DB190008DD1900084D
:10B71000E1190008E3190008E7190008EB1900080F
:10B72000ED190008F11900080000000000000000F9
:10B73000174B0008B54B0008994B0008794B0008DF
:10B740000000000000000000D7190008351B0008A9
:10B75000DB190008DD190008C576000841770008EC
:10B76000455F0008B55F0008ED190008F1190008F1
:10B77000414E474C4500484F52495A4F4E004E41AA
:10B780005620414C54484F4C440048454144494E92
:10B790004720484F4C4400484541444652454500E7
:10B7A0004845414441444A0043414D5354414200BD
:10B7B0004E415620525448004E415620504F534857
:10B7C0004F4C44004D414E55414C0042454550457B
:10B7D00052004C454453204F4646004C494748547C
:10B7E00053004F5344204F46460054454C454D4569
:10B7F000545259004155544F2054554E4500424C27
:10B8000041434B424F58004641494C534146450045
:10B810004E415620575000414952204D4F4445005B
:10B82000484F4D4520524553455400474353204E01
:10B8300041560046505620414E474C45204D4958F0
:10B84000005355524641434500464C415045524FE6
:10B850004E005455524E20415353495354004E41CB
:10B8600056204C41554E434800534552564F2041B7
:10B8700055544F5452494D0043414D455241204388
:10B880004F4E54524F4C20310043414D45524120C0
:10B89000434F4E54524F4C20320043414D4552418C
:10B8A00020434F4E54524F4C2033004F53442041BD
:10B8B0004C542031004F534420414C542032004F0F
:10B8C000534420414C542033004E415620434F55A1
:10B8D00052534520484F4C44004D43204252414B67
:10B8E000494E470055534552310055534552320099
:10B8F0005553455233005553455234004C4F49542B
:10B900004552204348414E4745004D535020524335
:10B91000204F564552524944450050524541524DE0
:10B9200000545552544C45004E41562043525549FF
:10B930005345004155544F204C4556454C205452D8
:10B94000494D00575020504C414E4E455200534FE8
:10B950004152494E47004D495353494F4E204348A9
:10B96000414E474500424545504552204D555445AE
:10B97000004D554C54492046554E4354494F4E00B6
:10B980004D495845522050524F46494C45203200AF
:10B990004D49584552205452414E534954494F4EF7
:10B9A00000414E474C4520484F4C440047494D42CA
:10B9B000414C204C4556454C2054494C5400474975
:10B9C0004D42414C204C4556454C20524F4C4C006A
:10B9D00047494D42414C2043454E5445520047494A
:10B9E0004D42414C2048454144545241434B4552FD
:10B9F0000000800CD007B704C71B800CB7040410EC
:10BA0000020A0B06972304100B060000000000003A
:10BA100000000000F0CD00082B130000C8CD000886
:10BA20000A0000000000000000000000000000000C
:10BA3000000000000000000000000000800080FF07
:10BA4000000001000A000A000E0019001400640042
:10BA500016009E006162636465666768696A6B6C64
:10BA60006D6E6F707172737475767778797A303124
:10BA700032333435363738395F232D2E000000003D
:10BA800000070E091C1B1215383F363124232A2DBE
:10BA900070777E796C6B6265484F464154535A5DAE
:10BAA000E0E7EEE9FCFBF2F5D8DFD6D1C4C3CACD9E
:10BAB00090979E998C8B8285A8AFA6A1B4B3BABD8E
:10BAC000C7C0C9CEDBDCD5D2FFF8F1F6E3E4EDEA7E
:10BAD000B7B0B9BEABACA5A28F88818693949D9A6E
:10BAE0002720292E3B3C35321F18111603040D0A5E
:10BAF0005750595E4B4C45426F68616673747D7A4E
:10BB0000898E878095929B9CB1B6BFB8ADAAA3A43D
:10BB1000F9FEF7F0E5E2EBECC1C6CFC8DDDAD3D42D
:10BB2000696E676075727B7C51565F584D4A43441D
:10BB3000191E171005020B0C21262F283D3A33340D
:10BB40004E49404752555C5B7671787F6A6D6463FD
:10BB50003E39303722252C2B0601080F1A1D1413ED
:10BB6000AEA9A0A7B2B5BCBB9691989F8A8D8483DD
:10BB7000DED9D0D7C2C5CCCBE6E1E8EFFAFDF4F3CD
:10BB80000000000032090000000000000100000079
:10BB90007C2B00000000000002000000890C000067
:10BBA0000000000004000000ED0E030C0D0000007A
:10BBB00005000000D91C0100000000000600000084
:10BBC000680300000000000007000000772000006C
:10BBD00000000000080000007524000000000000C4
:10BBE0000B000000590601040000000014000000D2
:10BBF000D614030203000000150000009F0203009A
:10BC00000100000016000000DC1900000000000028
:10BC100017000000A817030405000000180000002A
:10BC20001834000000000000190000001765000033
:10BC3000000000001A000000AA1800000000000028
:10BC40001B000000901D0000000000001C00000010
:10BC500043100000000000001D00000073100000F1
:10BC6000000000001E000000271C00000000000073
:10BC70001F000000F630000000000000200000005F
:10BC8000B91C00000000000021000000681C00003A
:10BC90000000000022000000ED160000000000007F
:10BCA00023000000F4160000000000002400000043
:10BCB000DE2500000000000025000000D40703047A
:10BCC000050000002600000009070304050000002D
:10BCD00027000000FE2603202100000028000000AD
:10BCE000E605030203000000290000001C04030213
:10BCF000030000002A0000001C12000000000000E9
:10BD00002B00000084030300010000002C00000051
:10BD1000DD090302030000002D000000E80303001A
:10BD2000010000002E0000000B02000000000000D7
:10BD30002F000000990803000100000030000000FF
:10BD40002915010C0000000031000000271400003C
:10BD500000000000320000004E2503121300000016
:10BD600033000000C405030203000000350000009A
:10BD70000305000000000000360000000F1B031840
:10BD80001900000037000000031900000000000047
:10BD90003D000000A7480000000000003E00000039
:10BDA000B71A0000000000003F00000077B5000057
:10BDB0000000000040000000BFE1000000000000A3
:10BDC00041000000762A0000000000004200000050
:10BDD0009406030203000000430000001504000065
:10BDE0000000000045000000F31E010A00000000F2
:10BDF000460000007C2603101100000049000000EE
:10BE000026260320210000004A0000001414000030
:10BE1000000000004B0000009E23031E1F000000D6
:10BE20004C0000009821031E1F0000004D00000080
:10BE30008F0A030809000000500000000E040302EE
:10BE400003000000510000006A160000000000001E
:10BE5000520000003133032425000000530000008D
:10BE60001625000000000000540000008F3503324A
:10BE700033000000550000008C330000000000007B
:10BE80005600000005350332330000005700000063
:10BE9000963300000000000059000000E71C00007D
:10BEA000000000005A000000B73800000000000049
:10BEB0005B0000003F2A0000000000005C00000062
:10BEC00036210000000000005D0000002F5100003E
:10BED0000000000064000000AF220000000000002D
:10BEE00065000000667500000000000066000000AC
:10BEF0009E7500000000000067000000D0390000BF
:10BF0000000000006800000038740000000000001D
:10BF1000690000005D3F0000000000006A000000B2
:10BF20008A2C0000000000006B0000006C41000043
:10BF3000000000006C000000205C00000000000019
:10BF40006D000000B9090000000000006E00000054
:10BF500054FE0301020000006F00000022120310D3
:10BF60001100000070000000AE0C00000000000096
:10BF7000710000007C27000000000000720000003B
:10BF8000ED2C0000000000007300000004400000E1
:10BF900000000000740000004C18000000000000C9
:10BFA0007500000080060304050000007600000014
:10BFB000380E00000000000077000000740C030A37
:10BFC0000B00000078000000866100000000000007
:10BFD00079000000ED020300010000007A0000007B
:10BFE000CB020300010000007B000000FA71030097
:10BFF000010000007C000000573900000000000034
:10C000007D000000CB060000000000007E00000064
:10C01000DC51034F500000007F0000001923000096
:10C020000000000080000000E2230000000000008B
:10C03000810000002E1800000000000082000000B7
:10C040001D0D00000000000083000000DFFF000065
:10C0500000000000840000005527000000000000E0
:10C0600085000000061200000000000086000000AD
:10C07000E52B00000000000087000000CB08000056
:10C080000000000088000000011600000000000011
:10C0900089000000C3100000000000008A000000BA
:10C0A0006D780000000000008B000000A82B032921
:10C0B0002A0000008C000000B529000000000000EC
:10C0C0008D0000002F200000000000008E00000006
:10C0D00048F30000000000008F0000008310000003
:10C0E00000000000900000007F5D000000000000E4
:10C0F0009200000067640000000000009300000050
:10C100009A3600000000000094000000B24E0000CB
:10C110000000000095000000C83C00000000000086
:10C1200096000000862A0000000000009700000032
:10C13000DB0803060700000098000000D00800009C
:10C140000000000099000000BC0C0000000000008E
:10C150009A000000540F0306070000009B00000037
:10C16000160D0304050000009C00000013060300E8
:10C17000010000009D000000150F030C0D000000E1
:10C180009E000000860F030C0D000000A0000000C0
:10C190004E0C030809000000A10000004403030046
:10C1A00001000000A2000000BD0900000000000026
:10C1B000A30000007F1C000000000000A40000009D
:10C1C0009A2C000000000000A500000015030000EC
:10C1D00000000000A600000015090000000000009B
:10C1E000A70000009016000000000000A80000005A
:10C1F000010C000000000000A9000000EA1200008D
:10C2000000000000AA000000492200000000000019
:10C21000AB000000B542000000000000AC000000D0
:10C220001662000000000000AD000000530800008E
:10C2300000000000AE000000A73000000000000079
:10C24000AF0000008A13030E0F000000B0000000D2
:10C25000EA03030001000000B1000000F014000038
:10C2600000000000B20000002F18000000000000D5
:10C27000B3000000BD1D011A00000000B400000062
:10C28000342F012A00000000B5000000AE040000B9
:10C2900000000000B6000000E528000000000000DB
:10C2A000B70000005502030001000000B8000000C4
:10C2B0009FCE030405000000B9000000BA07030484
:10C2C00005000000BA000000481D03000100000046
:10C2D000BF0000005C1B000000000000C000000068
:10C2E0002436000000000000C1000000471A0000D2
:10C2F00000000000C20000006221000000000000F9
:10C30000C30000007825000000000000C800000005
:10C31000862A032829000000C9000000CD0E030C66
:10C320000D000000D60000004508030607000000CD
:10C33000D70000006503000000000000D8000000E6
:10C340003203030001000000D9000000CA0600000B
:10C3500000000000DA0000001107030001000000E7
:10C36000DB000000A202000000000000DC00000072
:10C370002220000000000000DD000000472A00002D
:10C3800000000000DE0000000F03000000000000BD
:10C39000DF000000772F032A2B000000E0000000E0
:10C3A000662D032A2B000000E1000000D0490000A8
:10C3B00000000000E2000000CF08000000000000C4
:10C3C000E6000000A32A000000000000E7000000D3
:10C3D0006928000000000000E8000000974100000C
:10C3E00000000000E900000023B60000000000008B
:10C3F000EA0000009628000000000000EB000000AA
:10C40000B32A000000000000F10000005A200000E4
:10C4100000000000F2000000683C00000000000086
:10C42000F3000000553D013400000000F40000005E
:10C430005F06000000000000F5000000820200001E
:10C4400000000000F6000000B82600000000000018
:10C45000F70000005113000000000000F800000089
:10C4600008FE030304000000F9000000CC240000D3
:10C4700000000000FA000000311E00000000000073
:10C48000FB000000AA12000000000000FC000000F9
:10C490002C12000000000000FD00000053360000D8
:10C4A00000000000FE0000002E0900000000000057
:10C4B00000010000472A03080900000001010000F4
:10C4C000830900000000000002010000BBE8030037
:10C4D00001000000030100005CED0000000000000E
:10C4E00004010000920E00000000000005010000A1
:10C4F000B33D000000000000060100000C17000022
:10C50000000000000701000085FF0000000000009F
:10C5100008010000312000000000000009010000B7
:10C520001A140000000000000A010000C1FF03020D
:10C53000030000000B01000023FF030203000000C2
:10C540000C0100000E040302030000000D010000B6
:10C550006DD70000000000000E0100003B14000039
:10C56000000000000F010000163500000000000070
:10C57000130100007E2000000000000014010000F4
:10C580001232000000000000150100003E1E0000F5
:10C59000000000001801000046210000000000001B
:10C5A00019010000300D0000000000001A01000019
:10C5B0007B230320210000001B0100004A910000A2
:10C5C000000000001C0100006320031E1F0000008B
:10C5D0001D01000089310326270000001E01000014
:10C5E000D2390332330000001F0100000117031489
:10C5F00015000000200100001417031415000000AE
:10C6000022010000FB2E00000000000023010000BA
:10C610000A3900000000000024010000E3DF0318D5
:10C620001900000027010000EA0C000000000000D3
:10C630002801000032230000000000002B01000050
:10C6400013620000000000002C010000D916000059
:10C65000000000002D010000F33A0000000000007F
:10C66000360100001C11000000000000370100002E
:10C670005F7400000000000040010000F31403029A
:10C680000300000041010000580203000100000007
:10C6900042010000F395000000000000430100008B
:10C6A0004E9303000100000044010000849200004A
:10C6B000000000004A01000017A700000000000071
:10C6C0004B0100005BE90000000000004C0100008D
:10C6D000ECEF0000000000004D010000E76D0000DD
:10C6E000000000004E010000480A000000000000A9
:10C6F0004F010000E11800000000000050010000A0
:10C70000F55400000000000053010000C7050000C0
:10C71000000000005401000063460000000000001B
:10C7200059010000D1150302030000005E01000062
:10C73000E8FC00000000000062010000D20E030CC3
:10C740000D00000063010000060C00000000000066
:10C75000680100000B1900000000000069010000E2
:10C760005D2100000000000071010000971800002A
:10C7700000000000720100004B6D0000000000008E
:10C78000730100000A1A000000000000740100009C
:10C790001A8C00000000000075010000752A0000DE
:10C7A0000000000077010000FB8C0000000000008A
:10C7B00078010000C7080000000000007C010000B4
:10C7C000E8140000000000008101000093850302CE
:10C7D0000300000082010000841003040500000033
:10C7E00083010000044803040500000084010000E8
:10C7F0000825032021000000860100009CF00000B5
:10C80000000000008B01000000D4000000000000C8
:10C810008C01000032A00000000000008D0100002B
:10C82000B66C000000000000900100006EFE0304E2
:10C830000500000091010000B70603040500000098
:10C840009A010000A0350000000000009B010000DC
:10C850006A030000000000009C01000021060304A0
:10C86000050000009D0100004D07030405000000C5
:10C870009E0100006D100000000000009F010000FC
:10C88000A110000000000000A401000014490306EC
:10C8900007000000B3010000862E00000000000029
:10C8A000B4010000C109000000000000B501000053
:10C8B0001E01000000000000B8010000422300003B
:10C8C00000000000B9010000A911000000000000F4
:10C8D000FE010000F56A000000000000FF010000FA
:10C8E0001C4700000000000000020000B802000029
:10C8F00000000000421F0000DA10000000000000ED
:10C90000431F0000E729000000000000441F000052
:10C91000AC62000000000000451F0000FB26000084
:10C9200000000000461F0000610E00000000000033
:10C93000471F00004020000000000000481F0000CA
:10C94000EA21000000000000491F000090100000D4
:10C95000000000004A1F00009B29000000000000AA
:10C960004B1F000014660000000000004C1F000078
:10C9700036100000000000004D1F0000DE2E0000F9
:10C98000000000004E1F0000C80E00000000000064
:10C990004F1F00001718000000000000501F00008B
:10C9A000951200000000000028230000718900009B
:10C9B000000000002D230000752200000000000090
:10C9C00011270000D1140000000000001227000011
:10C9D000BA29000000000000132700000401000035
:10C9E000000000001427000085090000000000007E
:10C9F000152700006709000000000000162700004E
:10CA0000C1040000000000001727000047110000CB
:10CA10000000000018270000F00E000000000000D9
:10CA2000A7270000C355000000000000F82A0000FE
:10CA30008634030405000000F92A00000F88000076
:10CA400000000000FA2A0000EAB403040500000018
:10CA5000FB2A00004005000000000000FC2A000046
:10CA60000BE8030809000000FD2A00005DE6000055
:10CA700000000000022B00002E310000000000002A
:10CA8000032B00006A2C0000000000000C2B0000AB
:10CA9000CD10000000000000162B0000902C0000BC
:10CAA00000000000172B0000852C00000000000093
:10CAB000182B0000552C000000000000192B00006E
:10CAC000C3250310110000001A2B00004F050000C1
:10CAD000000000001B2B000080080304050000007C
:10CAE0001C2B0000B1220000000000001D2B0000E4
:10CAF000821C0000000000001E2B00002F260000FA
:10CB0000000000001F2B00008E0900000000000044
:10CB1000202B0000842C000000000000212B0000CE
:10CB2000D02C000000000000222B0000C92C0000C7
:10CB300000000000232B0000C12C000000000000BA
:10CB4000242B0000BD2C000000000000342B00004E
:10CB5000A24E00000000000064320000722C0300AE
:10CB60000100000065320000FE3B031E1F000000B4
:10CB7000663200008C3503040500000067320000B7
:10CB8000F92E030001000000683200004D36031C3E
:10CB90001D00000069320000312B0300010000007D
:10CBA000733200005EF903000100000076320000DD
:10CBB0008B330000000000007732000007120310E2
:10CBC0001100000078320000140500000000000091
:10CBD0006842000067B3000000000000FE42000051
:10CBE0001A21000000000000FF4200004810000071
:10CBF00000000000014300001311000000000000CD
:10CC0000024300005911000000000000034300002F
:10CC10001B0A000000000000044300000E5B00003F
:10CC20000000000005430000BB54000000000000AD
:10CC3000064300006A1800000000000010A4000075
:10CC4000E30100000000000011A40000EF2E00002E
:10CC50000000000051C30000F620000000000000AA
:10CC600052C30000B5F600000000000053C30000EE
:10CC70003E1300000000000054C30000F00A030847
:10CC80000900000055C300009806030405000000D9
:10CC900020CB00000D6400000000000021CB00004C
:10CCA000EF0100000000000015CD0000F0110000B1
:10CCB0000000000016CD0000584E000000000000EB
:10CCC00017CD0000605500000000000018CD0000E6
:10CCD000B11C00000000000019CD0000D732000098
:10CCE0000000000078CD0000B526032021000000E0
:10CCF00079CD0000662400000000000060EA00001A
:10CD000004160314150000006AEA0000D021000098
:10CD1000000000006BEA0000B70700000000000000
:10CD20006CEA000063240320210000006DEA00008B
:10CD300081180314150000006EEA00008608030441
:10CD40000500000074EA0000CA04000000000000B2
:10CD500088EA00009CF500000000000089EA00005D
:10CD6000BFFF0000000000008DEA00000E17030264
:10CD7000030000008EEA0000AB1C0308090000005D
:10CD80008FEA0000370700000000000091EA000071
:10CD9000610C00000000000092EA0000DC0E0000C0
:10CDA0000000000093EA0000F518000000000000F9
:10CDB00094EA0000652C00000000000095EA0000E5
:10CDC0002D060000000000006666F435CCCCFC3572
:10CDD0003333053699990D360000163666661E36D1
:10CDE000CCCC263633332F3699993736000040366F
:10CDF000666666380000703899997938333383381D
:10CE0000CCCC8C38666696380000A0389999A93841
:10CE10003333B338CCCCBC386666C6380000D03863
:10CE20009999D9383333E338CCCCEC386666F63888
:10CE3000000000399999093933331339CCCC1C39A6
:10CE400066662639000030399999393933334339C8
:10CE5000CCCC4C39666656390000603999996939ED
:10CE600033337339CCCC7C3966668639000090390F
:10CE7000999999393333A339CCCCAC396666B63934
:10CE80000000C0399999C9393333D339CCCCDC3956
:10CE90006666E6390000F0399999F9390000891180
:10CEA00012239B322446AD573665BF74488CC19D12
:10CEB0005AAFD3BE6CCAE5DB7EE9F7F881100801F2
:10CEC00093331A22A5562C47B7753E64C99C408DF2
:10CED000DBBF52AEEDDA64CBFFF976E802218B308E
:10CEE000100299132667AF763444BD554AADC3BCD2
:10CEF000588ED19F6EEBE7FA7CC8F5D983310A20B2
:10CF000091121803A7772E66B5543C45CBBD42ACB1
:10CF1000D99E508FEFFB66EAFDD874C904428D5349
:10CF200016619F702004A9153227BB364CCEC5DF91
:10CF30005EEDD7FC6888E1997AABF3BA85520C4371
:10CF400097711E60A1142805B3373A26CDDE44CF71
:10CF5000DFFD56ECE9986089FBBB72AA06638F720D
:10CF600014409D512225AB343006B9174EEFC7FE51
:10CF70005CCCD5DD6AA9E3B8788AF19B87730E6231
:10CF800095501C41A3352A24B1163807CFFF46EE31
:10CF9000DDDC54CDEBB962A8F99A708B08848195D9
:10CFA0001AA793B62CC2A5D33EE1B7F04008C91921
:10CFB000522BDB3A644EED5F766DFF7C89940085E1
:10CFC0009BB712A6ADD224C3BFF136E0C118480901
:10CFD000D33B5A2AE55E6C4FF77D7E6C0AA583B47D
:10CFE000188691972EE3A7F23CC0B5D14229CB38E1
:10CFF000500AD91B666FEF7E744CFD5D8BB502A4A1
:10D0000099961087AFF326E2BDD034C1C3394A28C0
:10D01000D11A580BE77F6E6EF55C7C4D0CC685D738
:10D020001EE597F42880A1913AA3B3B2444ACD5BA0
:10D030005669DF78600CE91D722FFB3E8DD604C760
:10D040009FF516E4A9902081BBB332A2C55A4C4B80
:10D05000D7795E68E11C680DF33F7A2E0EE787F6FC
:10D060001CC495D52AA1A3B03882B193466BCF7A60
:10D070005448DD59622DEB3C700EF91F8FF706E620
:10D080009DD414C5ABB122A0B9923083C77B4E6A40
:10D09000D5585C49E33D6A2CF11E780FA08601004B
:10D0A0000B19000050C300001000041000005B01C9
:10D0B00001000000B01D000096FF00000506010CF5
:10D0C000015B00009033000091FF00000606010C98
:10D0D000015B00002058000090FF00001DB900080F
:10D0E0000000000070B700080102000076B70008D9
:10D0F000020300007EB70008030400008AB700089E
:10D100000505000097B7000806060000A0B7000854
:10D1100007FF0000A8B7000808FF0000B0B700082C
:10D120000A070000B8B700080B080000C4B70008E1
:10D130000C090000CBB700080DFF0000D2B70008B3
:10D140000FFF0000DBB7000810FF0000E2B7000887
:10D1500013FF0000EAB7000814FF0000F4B700084E
:10D16000150A0000FEB700081AFF000007B8000803
:10D170001B01000010B800081C0B000017B80008C5
:10D180001D0C000020B800081EFF00002BB800088E
:10D190001FFF000033B8000820FF000041B800085E
:10D1A00021FF000049B80008220D000052B8000815
:10D1B000230E00005EB80008240F000069B80008C4
:10D1C00025FF000078B8000827FF000089B8000894
:10D1D00028FF00009AB8000829FF0000ABB800083B
:10D1E0002AFF0000B5B800082BFF0000BFB80008F8
:10D1F0002CFF0000C9B800082D100000D9B80008A5
:10D200002EFF0000E4B800082FFF0000EAB8000875
:10D2100030FF0000F0B8000839FF0000F6B8000841
:10D220003AFF0000FCB8000831FF00000AB900080E
:10D2300032FF00001AB9000833FF000021B90008CE
:10D240003411000028B900083512000033B9000875
:10D2500036FF000043B9000837FF00004EB9000850
:10D260003813000056B900083BFF000065B90008FC
:10D270003CFF000071B900083DFF000080B90008C4
:10D280003EFF000090B900083FFF0000A1B9000870
:10D2900040140000ACB9000841FF0000BEB900080E
:10D2A00042FF0000D0B9000843FF0000DEB90008CB
:10D2B00044FF00000000000000000000B18A0008E8
:10D2C000B38A0008B78A0008BB8A00080100000082
:10D2D0000300000005000000010000000100000044
:10D2E000060000000A00000020000000020000000C
:10D2F00004000000080000001000000040000000D2
:10D30000800000000001000000020000000000009A
:10D31000000000000000000000000000010000000C
:10D32000020000000300000004000000A0860100CD
:10D33000400D0300801A060000350C0040420F002B
:10D3400080841E0000093D0000127A000024F400D1
:10D3500000366E010048E801006CDC0200000000AD
:10D3600000000000000000000000000001000000BC
:10D370000200000004000000060000000800000099
:10D380000A0000000C000000100000002000000057
:0CD39000400000008000000000010000D0
:08D39C005D010008118A000880
:04D3A4003901000843
:10D3A80090BADCFE785634120A00000000B7000874
:10D3B800FF00000048B70008D0B6000800093D008B
:08D3C80001000000100000004C
:04000005080094ADAE
:00000001FF
