:020000040800F2
:1000000000000120DD940008C7940008C99400088E
:10001000CB940008CD940008CF94000800000000A5
:10002000000000000000000000000000D194000863
:10003000D394000800000000D5940008D79400086D
:100040002D9500082D9500082D9500082D95000888
:100050002D9500082D9500082D9500082D95000878
:100060002D9500082D9500082D9500082D95000868
:100070002D9500082D9500082D9500082D95000858
:100080002D9500082D9500082D9500082D95000848
:10009000000000002D9500082D9500082D95000802
:1000A0002D9500082D9500082D950008452F000876
:1000B0002D9500082D9500082D9500082D95000818
:1000C0002D9500082D9500082D9500082D95000808
:1000D000A54A0008212A00082D9500082D95000842
:1000E0002D9500082D9500082D9500082D950008E8
:1000F0002D95000800000000000000002D9500086C
:100100002D9500082D9500081D7A00082D950008F2
:100110002D9500082D9500082D9500082D950008B7
:100120002D9500082D9500082D9500082D950008A7
:080130002D9500082D95000833
:1001380010B5054C237833B9044B13B10448AFF319
:1001480000800123237010BD28000020000000005B
:1001580008B4000808B5034B1BB103490348AFF3C3
:10016800008008BD000000002C00002008B4000832
:10017800034613F8012B002AFBD1181A01387047DF
:1001880081F0004102E000BF83F0004330B54FEA40
:1001980041044FEA430594EA050F08BF90EA020FAD
:1001A8001FBF54EA000C55EA020C7FEA645C7FEA40
:1001B800655C00F0E2804FEA5454D4EB5555B8BF63
:1001C8006D420CDD2C4480EA020281EA030382EAD4
:1001D800000083EA010180EA020281EA0303362D66
:1001E80088BF30BD11F0004F4FEA01314FF4801C39
:1001F8004CEA113102D0404261EB410113F0004F4B
:100208004FEA03334CEA133302D0524263EB430301
:1002180094EA050F00F0A780A4F10104D5F1200E9F
:100228000DDB02FA0EFC22FA05F2801841F10001FA
:1002380003FA0EF2801843FA05F359410EE0A5F1CE
:1002480020050EF1200E012A03FA0EFC28BF4CF0FF
:10025800020C43FA05F3C01851EBE37101F00045B5
:1002680007D54FF0000EDCF1000C7EEB00006EEBC2
:100278000101B1F5801F1BD3B1F5001F0CD349084C
:100288005FEA30004FEA3C0C04F101044FEA4452A3
:1002980012F5800F80F09A80BCF1004F08BF5FEA2A
:1002A800500C50F1000041EB045141EA050130BD0A
:1002B8005FEA4C0C404141EB0101013C28BFB1F51C
:1002C800801FE9D291F0000F04BF01460020B1FA67
:1002D80081F308BF2033A3F10B03B3F120020CDA3A
:1002E8000C3208DD02F1140CC2F10C0201FA0CF018
:1002F80021FA02F10CE002F11402D8BFC2F1200C7D
:1003080001FA02F120FA0CFCDCBF41EA0C01904032
:10031800E41AA2BF01EB0451294330BD6FEA04047B
:100328001F3C1CDA0C340EDC04F11404C4F1200266
:1003380020FA04F001FA02F340EA030021FA04F378
:1003480045EA030130BDC4F10C04C4F1200220FACF
:1003580002F001FA04F340EA0300294630BD21FA0D
:1003680004F0294630BD94F0000F83F4801306BFD3
:1003780081F480110134013D4EE77FEA645C18BFC7
:100388007FEA655C29D094EA050F08BF90EA020F5E
:1003980005D054EA000C04BF1946104630BD91EA56
:1003A800030F1EBF0021002030BD5FEA545C05D159
:1003B8004000494128BF41F0004130BD14F5800498
:1003C8003CBF01F5801130BD01F0004545F0FE410C
:1003D80041F470014FF0000030BD7FEA645C1ABF41
:1003E800194610467FEA655C1CBF0B46024650EA78
:1003F800013406BF52EA033591EA030F41F40021A4
:1004080030BD00BF90F0000F04BF0021704730B529
:100418004FF4806404F132044FF000054FF00001FE
:1004280050E700BF90F0000F04BF0021704730B5BF
:100438004FF4806404F1320410F0004548BF404294
:100448004FF000013EE700BF42004FEAE2014FEAE9
:1004580031014FEA02701FBF12F07F4393F07F4FC4
:1004680081F06051704732F07F4208BF704793F0C7
:100478007F4F04BF41F40021704730B54FF46074DA
:1004880001F0004521F000411CE700BF50EA0102DD
:1004980008BF704730B54FF000050AE050EA010286
:1004A80008BF704730B511F0004502D5404261EBF6
:1004B80041014FF4806404F132045FEA915C3FF437
:1004C800D8AE4FF003025FEADC0C18BF03325FEAD4
:1004D800DC0C18BF033202EBDC02C2F1200300FA85
:1004E80003FC20FA02F001FA03FE40EA0E0021FAAA
:1004F80002F11444BDE600BF70B54FF0FF0C4CF498
:10050800E06C1CEA11541DBF1CEA135594EA0C0F49
:1005180095EA0C0F00F0DEF82C4481EA030621EA84
:100528004C5123EA4C5350EA013518BF52EA0335BF
:1005380041F4801143F4801338D0A0FB02CE4FF071
:100548000005E1FB02E506F00042E0FB03E54FF0A1
:100558000006E1FB03569CF0000F18BF4EF0010E99
:10056800A4F1FF04B6F5007F64F5407404D25FEA95
:100578004E0E6D4146EB060642EAC62141EA555148
:100588004FEAC52040EA5E504FEACE2EB4F1FD0C8A
:1005980088BFBCF5E06F1ED8BEF1004F08BF5FEA08
:1005A800500E50F1000041EB045170BD06F00046BA
:1005B80046EA010140EA020081EA0301B4EB5C0467
:1005C800C2BFD4EB0C0541EA045170BD41F480115F
:1005D8004FF0000E013C00F3AB8014F1360FDEBF84
:1005E800002001F0004170BDC4F10004203C35DA60
:1005F8000C341BDC04F11404C4F1200500FA05F3E3
:1006080020FA04F001FA05F240EA020001F0004283
:1006180021F0004110EBD37021FA04F642EB0601F9
:100628005EEA430E08BF20EAD37070BDC4F10C0423
:10063800C4F1200500FA04F320FA05F001FA04F2E7
:1006480040EA020001F0004110EBD37041F10001D3
:100658005EEA430E08BF20EAD37070BDC4F12005DE
:1006680000FA05F24EEA020E20FA04F301FA05F246
:1006780043EA020321FA04F001F0004121FA04F2EE
:1006880020EA020000EBD3705EEA430E08BF20EABE
:10069800D37070BD94F0000F0FD101F000464000F8
:1006A80041EB010111F4801F08BF013CF7D041EA7A
:1006B800060195F0000F18BF704703F0004652007E
:1006C80043EB030313F4801F08BF013DF7D043EA4F
:1006D8000603704794EA0C0F0CEA135518BF95EA05
:1006E8000C0F0CD050EA410618BF52EA4306D1D18C
:1006F80081EA030101F000414FF0000070BD50EAAB
:10070800410606BF1046194652EA430619D094EA34
:100718000C0F02D150EA013613D195EA0C0F05D11E
:1007280052EA03361CBF104619460AD181EA030172
:1007380001F0004141F0FE4141F470014FF000002A
:1007480070BD41F0FE4141F4780170BD70B54FF0C5
:10075800FF0C4CF4E06C1CEA11541DBF1CEA135545
:1007680094EA0C0F95EA0C0F00F0A7F8A4EB050427
:1007780081EA030E52EA03354FEA013100F088801E
:100788004FEA03334FF0805545EA131343EA1263E7
:100798004FEA022245EA111545EA10654FEA00269C
:1007A8000EF000419D4208BF964244F1FD0404F555
:1007B800407402D25B084FEA3202B61A65EB0305B1
:1007C8005B084FEA32024FF480104FF4002CB6EB6E
:1007D800020E75EB030E22BFB61A754640EA0C00EE
:1007E8005B084FEA3202B6EB020E75EB030E22BF2E
:1007F800B61A754640EA5C005B084FEA3202B6EB6F
:10080800020E75EB030E22BFB61A754640EA9C002D
:100818005B084FEA3202B6EB020E75EB030E22BFFD
:10082800B61A754640EADC0055EA060E18D04FEABB
:10083800051545EA16754FEA06164FEAC30343EA5B
:1008480052734FEAC2025FEA1C1CC0D111F4801F28
:100858000BD141EA00014FF000004FF0004CB6E721
:1008680011F4801F04BF01430020B4F1FD0C88BFC0
:10087800BCF5E06F3FF6AFAEB5EB030C04BFB6EBCB
:10088800020C5FEA500C50F1000041EB045170BDBE
:100898000EF0004E4EEA113114EB5C04C2BFD4EBEB
:1008A8000C0541EA045170BD41F480114FF0000E6F
:1008B800013C90E645EA060E8DE60CEA135594EAEB
:1008C8000C0F08BF95EA0C0F3FF43BAF94EA0C0FEE
:1008D8000AD150EA01347FF434AF95EA0C0F7FF463
:1008E80025AF104619462CE795EA0C0F06D152EAB7
:1008F80003353FF4FDAE1046194622E750EA41069B
:1009080018BF52EA43067FF4C5AE50EA41047FF4AB
:100918000DAF52EA43057FF4EBAE12E74A0011D25D
:1009280012F5001211D20DD56FF47873B3EB625241
:100938000ED44FEAC12343F0004343EA505323FA4D
:1009480002F070474FF00000704750EA013002D1C2
:100958004FF0FF3070474FF00000704780F00040C4
:1009680002E000BF81F0004142001FBF5FEA41037F
:1009780092EA030F7FEA226C7FEA236C6AD04FEA7F
:100988001262D2EB1363C1BFD218414048404140C4
:10099800B8BF5B42192B88BF704710F0004F40F476
:1009A800000020F07F4018BF404211F0004F41F492
:1009B800000121F07F4118BF494292EA030F3FD05E
:1009C800A2F1010241FA03FC10EB0C00C3F1200371
:1009D80001FA03F100F0004302D5494260EB400000
:1009E800B0F5000F13D3B0F1807F06D340084FEA6B
:1009F800310102F10102FE2A51D2B1F1004F40EB60
:100A0800C25008BF20F0010040EA030070474900C7
:100A180040EB0000013A28BFB0F5000FEDD2B0FA64
:100A280080FCACF1080CB2EB0C0200FA0CF0AABF87
:100A380000EBC25052421843BCBFD0401843704725
:100A480092F0000F81F4000106BF80F4000001322B
:100A5800013BB5E74FEA41037FEA226C18BF7FEA02
:100A6800236C21D092EA030F04D092F0000F08BF44
:100A78000846704790EA010F1CBF0020704712F02B
:100A88007F4F04D1400028BF40F00040704712F16A
:100A980000723CBF00F50000704700F0004343F0CF
:100AA800FE4040F4000070477FEA226216BF084605
:100AB8007FEA23630146420206BF5FEA412390EAC8
:100AC800010F40F4800070474FF0000304E000BFBE
:100AD80010F0004348BF40425FEA000C08BF70476F
:100AE80043F0964301464FF000001CE050EA010233
:100AF80008BF70474FF000030AE000BF50EA010248
:100B080008BF704711F0004302D5404261EB410134
:100B18005FEA010C02BF84460146002043F0B64359
:100B280008BFA3F18053A3F50003BCFA8CF2083A7E
:100B3800A3EBC25310DB01FA02FC634400FA02FC87
:100B4800C2F12002BCF1004F20FA02F243EB02008E
:100B580008BF20F00100704702F1200201FA02FCF0
:100B6800C2F1200250EA4C0021FA02F243EB0200E3
:100B780008BF20EADC7070474FF0FF0C1CEAD05227
:100B88001EBF1CEAD15392EA0C0F93EA0C0F6FD0E8
:100B98001A4480EA010C400218BF5FEA41211ED0C6
:100BA8004FF0006343EA501043EA5111A0FB0131B2
:100BB8000CF00040B1F5000F3EBF490041EAD37187
:100BC8005B0040EA010062F17F02FD2A1DD8B3F103
:100BD800004F40EBC25008BF20F00100704790F072
:100BE800000F0CF0004C08BF49024CEA502040EAC4
:100BF80051207F3AC2BFD2F1FF0340EAC25070478A
:100C080040F400004FF00003013A5DDC12F1190FC7
:100C1800DCBF00F000407047C2F10002410021FA39
:100C280002F1C2F1200200FA02FC5FEA310040F151
:100C3800000053EA4C0308BF20EADC70704792F0CA
:100C4800000F00F0004C02BF400010F4000F013A02
:100C5800F9D040EA0C0093F0000F01F0004C02BFFD
:100C6800490011F4000F013BF9D041EA0C018FE76C
:100C78000CEAD15392EA0C0F18BF93EA0C0F0AD072
:100C880030F0004C18BF31F0004CD8D180EA010098
:100C980000F00040704790F0000F17BF90F0004F31
:100CA800084691F0000F91F0004F14D092EA0C0F13
:100CB80001D142020FD193EA0C0F03D14B0218BFA6
:100CC800084608D180EA010000F0004040F0FE40EC
:100CD80040F40000704740F0FE4040F44000704788
:100CE8004FF0FF0C1CEAD0521EBF1CEAD15392EA07
:100CF8000C0F93EA0C0F69D0A2EB030280EA010CF7
:100D080049024FEA402037D04FF0805343EA11118F
:100D180043EA10130CF000408B4238BF5B0042F1ED
:100D28007D024FF4000C8B4224BF5B1A40EA0C0092
:100D3800B3EB510F24BFA3EB510340EA5C00B3EBC4
:100D4800910F24BFA3EB910340EA9C00B3EBD10FB2
:100D580024BFA3EBD10340EADC001B0118BF5FEA04
:100D68001C1CE0D1FD2A3FF650AF8B4240EBC2502D
:100D780008BF20F0010070470CF0004C4CEA5020EE
:100D88007F32C2BFD2F1FF0340EAC250704740F43D
:100D980000004FF00003013A37E792F0000F00F02F
:100DA800004C02BF400010F4000F013AF9D040EAAD
:100DB8000C0093F0000F01F0004C02BF490011F441
:100DC800000F013BF9D041EA0C0195E70CEAD15339
:100DD80092EA0C0F08D142027FF47DAF93EA0C0F20
:100DE8007FF470AF084676E793EA0C0F04D14B0204
:100DF8003FF44CAF08466EE730F0004C18BF31F0B6
:100E0800004CCAD130F000427FF45CAF31F00043AF
:100E18007FF43CAF5FE700BF4FF0FF3C06E000BF48
:100E28004FF0010C02E000BF4FF0010C4DF804CD6B
:100E38004FEA40024FEA41037FEA226C18BF7FEA7B
:100E4800236C11D001B052EA530C18BF90EA010F7D
:100E580058BFB2EB030088BFC81738BF6FEAE1700C
:100E680018BF40F0010070477FEA226C02D15FEAA8
:100E7800402C05D17FEA236CE4D15FEA412CE1D014
:100E88005DF8040B704700BF844608466146FFE7DB
:100E98000FB5FFF7C9FF002848BF10F1000F0FBDBD
:100EA8004DF808EDFFF7F4FF0CBF012000205DF8B6
:100EB80008FB00BF4DF808EDFFF7EAFF34BF01203B
:100EC80000205DF808FB00BF4DF808EDFFF7E0FFD4
:100ED80094BF012000205DF808FB00BF4DF808ED25
:100EE800FFF7D2FF94BF012000205DF808FB00BF88
:100EF8004DF808EDFFF7C8FF34BF012000205DF86A
:100F080008FB00BF4FEA4002B2F1FE4F0FD34FF08B
:100F18009E03B3EB12620DD94FEA002343F000435E
:100F280010F0004F23FA02F018BF404270474FF00C
:100F38000000704712F1610F01D1420205D110F093
:100F4800004008BF6FF0004070474FF00000704746
:100F580042000ED2B2F1FE4F0BD34FF09E03B3EB1B
:100F6800126209D44FEA002343F0004323FA02F047
:100F780070474FF00000704712F1610F01D1420233
:100F880002D14FF0FF3070474FF00000704700BFAC
:100F98000022427082700122C270B1FA81F10222ED
:100FA80049090271032201704271704743788B42EC
:100FB8001FD0012941700AD0022910D0C1B90123DC
:100FC800C370817002230371032343717047037850
:100FD80043B1012383700223C3700023F3E703782E
:100FE800002BF6D0022383700023C3700123EAE7A5
:100FF800FEE7704782B00B88ADF800304B88ADF83B
:1010080002308B88ADF80430CB88ADF80630023951
:10101800431C053013F8012F0DF1080C0CEB4202AC
:10102800834232F8082C21F8022FF3D102B070471E
:1010380008448078704738B54FF07F33C0F8A03047
:1010480004464FF6FF737F220025A0F8A43080F8ED
:10105800A62080F8A950A0F8AA30AC3000F096FC81
:10106800A4F8B85038BD70B51146154604461E465A
:1010780000F023FC294604F1140000F01EFC294668
:1010880004F1280000F019FC294604F13C0000F0A6
:1010980014FC294604F1500000F00FFC294604F125
:1010A800640000F00AFC294604F1780000F005FC11
:1010B800294604F18C0000F000FC04F1AC00324633
:1010C8004FF4FA734FF4FA6100F046FC2046BDE88D
:1010D8007040FFF7B0BF704700F0F6BB143000F067
:1010E800F3BB283000F0F0BB90F8A43013B990F9A6
:1010F800A000704790F9A100704790F8A43013B988
:1011080090F9A200704790F9A300704710B5044603
:1011180006F0A0FE38B104F1140000F0D9FB012854
:1011280038BF0120C0B210BD10B5044606F092FECB
:1011380038B104F1500000F0CBFB012838BF012082
:10114800C0B210BD4FF47A71AC3000F026BC00215B
:10115800AC3000F022BC08B5AC3000F02FFCB0F584
:101168007A7FA8BF4FF47A7020EAE07008BD10B506
:10117800044600F083FB04F1140000F07FFB04F147
:10118800280000F07BFB04F13C0000F077FB04F141
:10119800500000F073FB04F1640000F07BFB04F1E5
:1011A800780000F077FB94F8B93013B1013B84F86C
:1011B800B93010BD7F2807D0002807DA10F1800F5A
:1011C80006D04042C0B270470020704701207047E7
:1011D8007F20704710B1404240B270477F2070476F
:1011E8007F280FD010F1310F0EDA10F1780F0DDBD8
:1011F8007830FE2340B2584323304623B0FBF3F047
:10120800C0B27047FF207047FE207047002070472B
:101218007F2805D031B1002806DA4042C0B27047B5
:10122800FF207047FE207047002070477F2811D0AC
:1012380010F1310F10DA10F1780F10DB783040F22E
:10124800A96340B2584323304623B0FBF3F0AC30D7
:1012580080B270470020704740F255707047AC204C
:10126800704763289FBF40F2A96358433230642314
:101278009DBFB0FBF3F0AC3080B240F255707047C0
:101288004FF4F063A0F58060584340F2FF7390FB81
:10129800F3F000F5787080B27047FFF7F1BF4FF4B4
:1012A8009663A0F58060584340F2FF7390FBF3F01B
:1012B80000F2DC5080B27047A0F58060D0EB0010DF
:1012C80048BF033040F38F007047032812DD0C2815
:1012D80012DD0F2812DD122812DD162812DD19285A
:1012E80012DD1C2812DD1F2812DD2128CCBFFF20AB
:1012F8000620704700207047012070470220704781
:101308000820704703207047072070470420704763
:101318000520704705289ABF014B185CFF207047CD
:10132800B2B400087F281ABF4042C0B200207047FC
:101338007F2811D010F1320F10DA884210DD401AE0
:101348006423C1F1FF21584301F57F01CE313130CB
:1013580090FBF1F0C0B27047FF20704764207047DF
:1013680000207047014B4840185C7047B8B400082B
:1013780052B110B4054C0A4411F8013B58408A4256
:10138800205CF9D110BC7047704700BFB8B40008A2
:10139800002805DB212805DC044B33F810007047D2
:1013A800002070474FF4FA60704700BFE2B50008AC
:1013B800392808D822280ED9094B2338C0B2C3408F
:1013C80003F0010070475F2807D0613819288CBFE7
:1013D800002001207047002070470120704700BF9F
:1013E80001EC7F00F8B50246451E461D00245F2724
:1013F80015F8010FFF2804BF0134E4B2FFF7D8FF46
:1014080000B92F70AE42F3D1062C04D119B10B6884
:1014180013608B88938000239371F8BD2DE9F843FE
:10142800DFF83490471E441D012500264FF0280898
:1014380017F8011F084809F08AFF034610B1A0EB0E
:101448000903DBB2A3FB05329E19A742A5FB08538B
:10145800EED13046BDE8F883B8B5000810B541793B
:10146800A1F13000C3B2092B07D80523B0FBF3F371
:1014780003EB8303C01AC0B210BD044C204609F028
:1014880066FF0028F1D0001BC0B2EEE7B8B500082F
:1014980070B50446FEF76CFE02B20023551E18B262
:1014A800A84204FA83F104DA265C302E03F1010322
:1014B800F5D0121A01322046BDE8704009F016BF77
:1014C8002DE9F047432B28BF432396B00C46154619
:1014D80000211A469846074609F022FF00214122BA
:1014E80005A8049109F01CFFDFF87C90DFF87CA0C8
:1014F80004EB4505AC4210D104A8FEF739FE28B12B
:1015080000F158036B44002203F8492C04A938461B
:1015180009F060FF16B0BDE8F08734F9020B47F612
:10152800FF739842E8D0002812DC5146684609F05B
:1015380051FF04A8FEF71CFE06466846FEF718FE93
:101548000644B045D6D3694604A809F0F1FED1E7B0
:10155800694680B209F012FB6846FFF799FF4946D1
:10156800684609F0E5FEE4E769B4000864B40008D9
:10157800F0B589B06D4600242F468E1CE1B28A4230
:1015880004D83946FFF79CFF09B0F0BD36F824109F
:1015980025F8021B0134F1E742F210736421B0FB15
:1015A800F3F203FB1200B0FBF1F301FB130000EBB5
:1015B800023000EB831080B27047020B00F03F034B
:1015C80042F2107101FB0233C0F38510642202FB62
:1015D8000030704770B50E4600210546144609F0E4
:1015E8009FFE00239AB2944200D870BDF25C002A94
:1015F800FBD0EA540133F5E7072914D8DFE801F0F6
:101608000407090B0D0F11110849FFF7E3BF08493B
:10161800FBE70849F9E70849F7E70849F5E7084902
:10162800F3E70849F1E70849EFE700BF6EB400089F
:1016380073B4000878B400087DB4000882B40008C8
:1016480087B400088CB4000891B40008052911D8A3
:10165800DFE801F00306080A0C0E0749FFF7BABFD6
:101668000649FBE70649F9E70649F7E70649F5E7BA
:101678000649F3E70649F1E793B4000898B400086F
:101688009DB40008A2B40008A7B40008ABB40008D1
:1016980091B4000870B50E46144600210132054683
:1016A80009F03EFE00239AB2944200D870BDF25C65
:1016B800002AFBD0EA540133F5E77D23438043F247
:1016C800390309B2C360002301808180C38003729B
:1016D8007047000002680449044B01FB023323F001
:1016E80000430360180C7047FD430300C39E2600A7
:1016F800F0B5002597B0016085800446562229463A
:10170800684609F00DFE0126627CAA4209D800232A
:10171800802104F1B400237417B0BDE8F04009F04B
:10172800FFBD2046FFF7D6FFE7797B1B002190FB22
:10173800F3F202FB1300C0B2EC460A46CBB29F425A
:101748001DD80023227B9A42DED0A279033A012ACF
:1017580004EB050105D925B191F91120D2B9012B66
:10176800D2D98B74A26852F82310583304EB85023F
:101778006B440135516303F8586CEDB2C4E71CF8AB
:1017880001EBBEF1000F03D18242DBD00132D2B2AD
:101798000131D3E7501E8342E3DB01329342E0DCA0
:1017A800B2E72DE9F047154696B0013D0160027198
:1017B80004464371EDB256220021684609F0B0FD97
:1017C8000027022D84BF4FF0010900253E464FF047
:1017D800010A94F807809CBF4FF00309B8FBF9F899
:1017E800627CB24209D80023802104F1B40023743A
:1017F80016B0BDE8F04709F093BD2046FFF76AFF31
:10180800A8EB0603002190FBF3F202FB1300C0B221
:10181800EC460A46CBB2984506D91CF801EBBEF156
:10182800000F22D182421ED1434528BF4346227B66
:1018380003FB095101F0FF018A42D1D016B1B7B9B3
:10184800012BCDD9A2191F469174A26852F8211014
:1018580004EB86020136516303F158026A44F6B27A
:1018680002F858ACBCE70132D2B20131D2E77A1E95
:101878009342E7DB7A1C9342E4DCB1E7D0E9012329
:101888006421D31AC36082604B43418AB3FBF1F3EE
:1018980003747047D0E90123D31AC0E902237047C3
:1018A80043682BB1C26864214A43B2FBF3F2D3B256
:1018B80003740023C360436070470023C0E9023308
:1018C8004182436003747047436801334360704743
:1018D800007C704743680B4443607047072800D971
:1018E800FEE7014B185C70474CB60008052800D984
:1018F800FEE7014B185C704754B600080023C0E9A6
:101908000133C36003747047F0B5047C0360012C95
:1019180011D944688568C668141B4FF47A774D1B43
:101928007C4305FB16442B4494FBF3F33344C36018
:10193800C0E90121F0BD1CB9C46001230374F7E7B5
:1019480043684FF47A74D31A634384680C1B93FB7F
:10195800F4F3C3600223F1E72DE9F0410446104691
:101968001D4616468846FFF7AFF8074606EB0800FF
:10197800FFF7AAF801463846FFF7B2F9656020601C
:101988002846FFF7A5F8A060BDE8F08110B5044629
:101998004068FFF79DF8A06010BD38B5856804461B
:1019A8000846FFF795F82946FEF7DCFF2168FFF7A0
:1019B800E3F82946FEF7D8FFA06038BD08B54FF018
:1019C8007C518068FEF7D0FFFFF79CFA08BD70478E
:1019D800704770470020704770470020704700200C
:1019E80070477047002070470020704770474FF0DD
:1019F800B04382B0DA6C0243DA64DB6C03400193D3
:101A0800019B02B070474FF0B04382B09A6D024319
:101A18009A659B6D03400193019B02B070474FF09C
:101A2800B04382B01A6E02431A661B6E03400193DC
:101A3800019B02B0704750E8003F23F0800340E864
:101A48000032002AF7D170470288044B5140C9B2CE
:101A580033F8113083EA1223038070470CCE000854
:101A68009AB110B4B0F800C0084C0A4411F8013B10
:101A780083EA0C03DBB2914234F8133083EA1C2C5E
:101A8800A0F800C0F2D110BC704770470CCE000817
:101A980037B54FF6FF730446ADF806304518AC422B
:101AA80003D1BDF8060003B030BD14F8011B0DF1D9
:101AB8000600FFF7C9FFF2E71629A8BF16216FF045
:101AC80008008142B8BF01461170197070470000C4
:101AD800044B1888044B1B8880B29BB2C01A18BFED
:101AE800012070478C2800208A280020044A0023FF
:101AF8001380044A1380044A1380044A13807047F1
:101B08008A2800208C2800208E2C0020902C002071
:101B1800012070470278024B51405B5C03707047AC
:101B2800B8BA0008FF230370704700BF704770B54C
:101B38000B7803704B7843700B78FD2B05460C46E9
:101B480038D18B788370CB78C3700B7903714B795C
:101B580043718B7983718B68C3718B68C3F30F23CF
:101B680003728B7A43720A26627804F10C01A81971
:101B780009F038FC6378B4F80C213344981CEA5413
:101B88005A1CB4F80C1192B2090AA954A278D207C7
:101B980080B20ED504F58872054404F58E7452F8A7
:101BA800041B45F8041BA242F9D112782A700F339E
:101BB80098B270BD00238B700B7983704B79C3701A
:101BC8008B7903718B6843710626CDE708B52C2203
:101BD8000348002109F0A4FB024B00221A7008BD3B
:101BE80084050020300300202DE9F04113780370AC
:101BF80092F8018080F80180FD2B04460F461546B7
:101C080054D193788370D378C3701379037153795F
:101C18004371937983716B7A127A1B0403EB022365
:101C2800EA79134423F07F430A26A26863F3170274
:101C3800A260A919424604F10C0009F0D3FB7A7B93
:101C4800904507D208F10C00A2EB080200212044BD
:101C580009F066FB63781E44AB195A78AB5D03EB59
:101C68000223A4F80C31A378DB070ED5023615FA47
:101C780086F304F5887203F10C0153F8040B42F85B
:101C8800040B8B42F9D11B781370BB7A84F821318D
:101C9800FB7A84F822313B7B84F823317B7B84F800
:101CA80024313B7884F82031BDE8F081002343805B
:101CB80093780371D3784371137983715379062626
:101CC800B3E7000070B50F4C0F4D0646062204F12D
:101CD8000A0105F58970FFF7DDFC237CC3F30302D5
:101CE800C3F3031385F81A31637C85F81921C3F30C
:101CF800030385F81B31637ADB0744BF0223337380
:101D080070BD00BF751E0020A800002070B50446F5
:101D1800BDF81450E2702420237122461B0A20705B
:101D2800637158202B0AA1706070A57102F8073FF3
:101D3800049B59198B420CD16A1D92B2E11C0020F8
:101D4800FFF716FB05F10806A05505F1090080B25A
:101D580070BD13F8010B02F8010FEBE70A4A0B4BB1
:101D680012680B49A3FB02323220920C00FB02F2EC
:101D7800084B486802F5FA72A3FB023292094B68D5
:101D88001B1A9A42FBD870471C00002083DE1B43B5
:101D9800001000E0D34D621002780A4B90F801C0A1
:101DA8008178D243D2B29A5C82EA0C0290F803C0DE
:101DB8009A5C4A40995C027981EA0C01595C4A4074
:101DC800985C7047B8BA0008F8B53C29BDF81C50B3
:101DD800044635D0A1F12106714271414900D0076E
:101DE80048BF41F00801E37092074FEA13234FF010
:101DF800240248BF41F01001227023716F222B0A80
:101E0800A61C6270A170A37165713046FFF7C4FF0C
:101E18002246069B02F8070F59198B4212D1A91DB9
:101E280089B23046FFF734FE05F1080705F10903CA
:101E38009BB2E055000AE05405F10A0080B2F8BDF3
:101E48000121CCE713F8010B02F8010FE5E70000C8
:101E5800084B5B6A4FF0402202F5806353E8003F6D
:101E680043F0200302F5806040E800310029F3D1F7
:101E7800704700BF004400402DE9F04F0C465188E0
:101E8800B1F58C7F85B0054611D300211170D91C9E
:101E9800C9B2012995BF01210023518053809CBFFD
:101EA8002370117000232B7005B0BDE8F08F1078F7
:101EB8000E2800F28B8001A656F820F0971E000825
:101EC800011F0008291F0008431F0008D51F00082C
:101ED800D51F0008D51F0008D51F0008D51F00080A
:101EE800D51F0008D51F0008D51F0008D51F0008FA
:101EF800D51F0008551F0008481C508063542178DE
:101F0800FD299BB206D10C330A21D380918002238C
:101F18001370C7E708330621D38091800E23F7E7B3
:101F2800481C50806354D80742BFD1880D31D180F6
:101F3800012B8CBF00230323EAE7002B01F10100EA
:101F48005080635414BF00230E23E1E7481C5080DF
:101F580063545388D1888B4232D300235380137043
:101F680002232B7069802378FD2B35D163792B727E
:101F7800A3796B72637A227A1B0403EB0223E2795A
:101F880013446B60637803F10C026A80A278D1076E
:101F980001D519336B8000266968DFF8F0806E81FF
:101FA80040F285120C20B31801335B0800FB03F7DD
:101FB80058F80770B94218D25A1EB242F3D816E040
:101FC80092889A423FF66EAF01236CE700231370A4
:101FD80053809380D38066E7E3782B7223796B7202
:101FE80063796B6063780833D4E71E46E5D80C271D
:101FF800774358F80730994227D123782046FD2B9C
:1020080010F801BF0CBF4FF00A094FF0060909EBA1
:102018000B03591E89B247440193FFF739FD97F81E
:1020280004A0ADF80E0051460DF10E00FFF70CFDAF
:10203800019BE218E35C527803EB0223BDF80E2003
:102048009BB29A4203D005232DE703232BE7BB79E4
:10205800DA0706D5FA79934582BF04EB09018A5C51
:10206800AA729B0709D50C2303FB068362781B7AA7
:102078009A4282BF4C44E35CEB720C2303FB068359
:1020880085F80CA05B796B730EE700BFB8BB00083E
:10209800F0B50546FD2305F80C3B85B004468DF8E0
:1020A800043090F8243103F10C020244012B42D889
:1020B8000026637066808DF805308B7A23718DF861
:1020C80008308B7AADF8066001338B7263798DF82E
:1020D8000930A3798DF80A30A368C3F317031A12DD
:1020E8008DF80B3009211B140DF105008DF80D300A
:1020F8008DF80C20FFF7CCFC6778ADF802003A4663
:1021080029460DF10200FFF7ABFC94F82311FFF705
:102118009BFC94F82421BDF80230A4F80C319742B6
:1021280010D207F10C00D21B3146204405B0BDE89F
:10213800F04009F0F5B812F8010D0028B8D1013BBC
:10214800DBB2B3E705B0F0BD044AD2F8903023F40F
:102158000043C2F89030FFF701BE00BF00040058EA
:1021680008B5FFF7FBFD044AD2F8903043F400436A
:10217800C2F8903008BD00BF0004005807B50368D6
:102188008DF807101B6901220DF10701984703B06C
:102198005DF804FB70B5044608460D46FDF7E8FFF8
:1021A800236882B2294620461B69BDE8704018475B
:1021B800B0F1904F02D10120FFF719BC084B9842AB
:1021C80005D003F58063984203D10420F4E7022088
:1021D800F2E7044B984201D18020EDE7704700BF39
:1021E80000040048001C00480C4B984203D14FF4EF
:1021F8000060FFF714BCB0F1804F05D0084B98423F
:1022080005D14FF40030F4E70120FFF7FCBB054B84
:10221800984202D14FF48020EBE77047002C014030
:1022280000440140004801402DE9F04387B00E46C4
:10223800054614460021142201A89DF838809DF80F
:102248003C901F4609F06CF800960B2C07D8DFE885
:1022580004F007070A121414141616161A1CFEE7BF
:102268000323019301E002230493032F11D8DFE82D
:1022780007F0111321110123F6E70123F1E70123E8
:1022880001930393F1E70223EBE702230193012370
:10229800F7E7FEE702230293B8F1100F0CD8DFE846
:1022A80008F02D2D0C11131517191B1D1F2123259F
:1022B80027292B000123EEE7FEE7012305930223DC
:1022C80001931EE00223F9E70323F7E70423F5E768
:1022D8000523F3E70623F1E70723EFE70823EDE7F4
:1022E8000923EBE70A23E9E70B23E7E70C23E5E7F4
:1022F8000D23E3E70E23E1E70F23DFE7B8F1000F33
:10230800DDD1B9F1000F02D02846FFF751FF053C97
:10231800042C05D8DFE804F0030B04030B00AE62BD
:102328006946284607F09AFF07B0BDE8F083AE611A
:10233800F6E713B54FF0010C0024CDE9004CFFF788
:1023480073FF02B010BD000030B587B000231546FA
:102358000446ADF80630FFF747FF042D04D8DFE840
:1023680005F02E3204363F00FEE71E4B1E4A1B685E
:10237800B3FBF2F39BB20022CDE90221013B01A994
:102388002046ADF804300492059208F0B7F92368A6
:1023980023F080032360A36823F4A03323F007030A
:1023A800A360636823F070036360636823F47003B9
:1023B8006360A36823F08003A36007B030BD094BB6
:1023C8000A4A1B68D4E7074B094A1B68D0E7054B44
:1023D800064A1B68B3FBF2F303EB83035B00C9E710
:1023E8000123C8E71C00002080A8120140420F000A
:1023F80000127A0010B50446FFF7A6FF236843F0E1
:102408000103236010BD00224FF0FF31FFF7F2BF38
:10241800204B10B5204C5B68236007F085F84FF01F
:10242800904007F0DDFE1D4807F0DAFE1C4807F073
:10243800D7FE1C4808F0F0FA1B4808F0EDFA1B48D4
:1024480008F0FEF808F068F84FF0E02200234FF09B
:10245800B0411361536193618A6822F0030242F02C
:1024680001028A6072B64FF0FF319A0002F16042B1
:1024780002F561420133082BC2F88010C2F88011BE
:10248800F3D162B6034B1B6883F308882368984727
:10249800FEE700BF0000FF1F2C03002000040048D7
:1024A8000008004800380140004400400030014066
:1024B8000749084A881AEFF30883521A1A44013A5E
:1024C800013B984288BF0022AA2108F029BF00BF1B
:1024D8000000012000040000044B5A69586910F0FC
:1024E800020018BFC2F38000704700BF0004005804
:1024F8004FF0B042D2F8943043F40043C2F894301D
:102508004FF47A7300BF013B9BB2002BFAD14FF016
:10251800B043D3F8942022F40042C3F89420D3F8AF
:1025280094205204FBD40C4BD3F8902022F40042A0
:10253800C3F890204FF47A7200BF013A92B2002A91
:10254800FAD1D3F8902042F40042C3F890204FF417
:1025580000629A61704700BF0004005810B5032359
:10256800052240214FF09040FFF7E3FEBDE8104000
:102578000323052280214FF09040FFF7DABE08B50B
:10258800FFF7AAFF003818BF012008BD08B5FFF7FC
:10259800F6FF00B908BD00BFF9E74FF0904380226D
:1025A8009A6240229A6170474FF0904340229A62A3
:1025B80080229A6170470000024B4FF480225A60D3
:1025C800704700BF00E100E0064B1A6822F00102E4
:1025D8001A605A6822F400325A601A6842F00102FE
:1025E8001A60704700380140064B1A6822F0010251
:1025F8001A605A6842F400325A601A6842F00102BE
:102608001A607047003801400023032201214FF06F
:102618009040FFF78EBE4FF090431869C04300F01A
:102628000100704710B5074C0023204605220821F9
:10263800FFF77FFE20460023BDE810400522102149
:10264800FFF777BE0004004805494B691A04DB43CD
:1026580002F4002203F0080313438B61704700BFA4
:102668000004004805494B691A04DB4302F4801250
:1026780003F0100313438B61704700BF0004004848
:102688000C4BD3F8FC2022F08072C3F8FC20D3F85E
:10269800FC2042F08072C3F8FC20A3F55D431A6861
:1026A80022F001021A601A6842F001021A60002240
:1026B8005A60704700ED00E00649074B074A1B685F
:1026C800B3FBF2F310B54C6843434A68121B9A42B5
:1026D800FBD310BD001000E01C00002040420F009A
:1026E80008B50322002302214FF09040FFF721FE96
:1026F80042F21070FFF7E0FF102200234FF09041E4
:102708000869800758BF013302F1FF3258BFDBB2B6
:1027180012F0FF02F4D10C2B01D9FFF779FE08BDA6
:102728001FB50223CDE9013101A8012369460393AE
:1027380007F064F800280CBF0420052005B05DF8F8
:1027480004FB014608B5012007F012F800280CBF69
:102758000420052008BD08B5FFF7E2FF031F584213
:10276800584108BD08B5FFF7ECFF031F5842584110
:1027780008BD00002DE9F047294B2A4D01280E46D7
:1027880014462949294A0FBF79277827AA461D46A2
:1027980006BF88469A46904606F09EFF3946284668
:1027A800FFF7D9FF28B9002406F0A8FF2046BDE8A6
:1027B800F087002E08BF4FF4FC64073424F00704A8
:1027C80005F11007B1463444AAEB050AA1450BD11F
:1027D8004FF011324FF0FF332846FFF7C3FF041EB6
:1027E80018BF0124A400DFE76EB90AEB0703D3E999
:1027F8000023B3F1FF3F08BFB2F1FF3F06D108370E
:1028080009F10809E2E7D9E90023F2E7B84505D953
:102818003846FFF7A7FF0028F1D1C4E70324C3E730
:1028280000C0030800C80308FFCF0308FFC7030858
:1028380010B506F051FF09487821FFF78CFF0446D0
:1028480038B107487921FFF786FF041E18BF012415
:10285800A40006F053FF204610BD00BF00C00308C7
:1028680000C8030830B5084D002340F2EF749AB24F
:10287800914201D8042030BDA34203D05A5DC2540E
:102888000133F4E70320F6E710C0030838B504461F
:102898000D4672B60A4601460020FFF76BFF62B686
:1028A800042806D172B601202A462146FFF762FFA6
:1028B80062B638BD38B5124B1C68D3F80058B4F16D
:1028C800113F09D1B5F1113F17D00022114601205F
:1028D800BDE83840FFF74EBFB5F1113F03D10022E4
:1028E80011461046F4E7FFF7A3FF042804D12C4053
:1028F80001340CBF0220012038BD0420FCE700BFD2
:1029080000C00308044B9A689107FCD518739A68AD
:10291800D207FCD5187B70470000015870B50C46EB
:10292800451E8E18B44200D170BD15F8010FFFF78F
:10293800E9FF04F8010BF5E7084611461A46FFF7C8
:10294800EDBF000070B5064E04464518A54200D1FB
:1029580070BD3078FFF7D6FF04F8010BF6E700BF2B
:102968001000002008461146FFF7ECBF38B50446B2
:102978004518AC4200D138BD14F8010BFFF7C2FF6F
:10298800F7E708461146FFF7F1BF000010B58CB015
:102998002822002102A808F0C3FC4FF0B0431C4CC9
:1029A8005A6E42F001025A665B6E03F0010301930E
:1029B800019BFFF79DFD082208924FF482720023C5
:1029C80003924FF40072CDE90533CDE90933029340
:1029D800079207234FF4E06202A920460B93049262
:1029E80007F052FE636823F010036360636823F006
:1029F80008036360236843F040032360A3689B07D0
:102A0800FCD5237B034BFF221A700CB010BD00BF0E
:102A180000000158100000201B4B10B4DC69A00610
:102A280011D51A6891060ED5184819495A6A0388AB
:102A380009880133C3F30A0389B299421FBF1549B4
:102A4800D2B2CA54038010481F232206036215D548
:102A580003681B0612D5104B104A1988138889B2CF
:102A68009BB299420CD013880133C3F30903138036
:102A780013880B4A9BB2D35CDBB2836210BC7047ED
:102A880010BCFEF7D8BF00BF004400408C280020CF
:102A98008A2800208A200020902C00208E2C0020DC
:102AA8008E2800200F49104A0B8812880133C3F37F
:102AB800090392B29A4212D00C4AD0540B804FF0BC
:102AC800402202F5806353E8003F43F0800302F59B
:102AD800806040E800310029F3D1012070470020D0
:102AE800704700BF902C00208E2C00208E280020DC
:102AF80038B504464518AC4200D138BD14F8010B6E
:102B0800FFF7D0FFF7E708461146FFF7F1BF0000CF
:102B1800054B064A1B8810880133C3F3090380B2AA
:102B2800181A18BF01207047902C00208E2C002006
:102B380008B5FFF7EDFFB0FA80F0400908BD0000C6
:102B4800054B064A1B8812889B1A98B21B0444BF7F
:102B580000F5006080B270478C2800208A28002089
:102B6800FFF7EEBF0848094A0188138889B29BB26B
:102B78009942F9D013880133C3F30A0313801388E9
:102B8800034A9BB2D05C70478C2800208A2800201A
:102B98008A200020FFF7E6BF70B588B00C460646CD
:102BA800154600212022684608F0BAFB231E18BFEC
:102BB80001231B03CDE9023569460C23034801961E
:102BC8000494059307F04CFF08B070BD0044004022
:102BD80010B5064C236823F001032360FFF7DCFFE0
:102BE800236843F00103236010BD00BF0044004088
:102BF800002208461146FFF7EBBF000073B53D4CB5
:102C0800236823F001030825236001264FF40030D0
:102C1800FEF7F9FE0421CDE9005603230A224FF0FE
:102C28009040FFF701FB03231A462946CDE90056D9
:102C38004FF09040FFF7F8FA002211464FF4614038
:102C4800FFF7AAFF636823F490436360A36823F047
:102C58002A03A360284BB02283F8252320225A6038
:102C68002046FEF7E8FE4FF0402101F5806353E867
:102C7800003F23F0400301F5806040E80032002A5D
:102C8800F3D1402323621D4B1A801D4B4FF0402186
:102C98001A8001F5806353E8003F23F0200301F513
:102CA800806040E80032002AF3D1164B1A80164B98
:102CB8001A80104B5A6822F400625A609A6822F00F
:102CC80008029A605A6822F480425A609A6822F090
:102CD80022029A609A6842F480529A601A6842F016
:102CE80001021A60DA699102FCD5DA695202F9D553
:102CF80002B070BD0044004000E100E08E2C0020CE
:102D0800902C00208A2800208C28002008B5FFF786
:102D180075FFBDE80840FFF79BB8FFF7F7BF000055
:102D2800024B1A68024B1A60704700BF942C0020AF
:102D380074030020054A064B1968136899421DBFA1
:102D48000133012013600020704700BF7403002086
:102D5800942C0020034A044B11681B780B44136021
:102D6800704700BF942C0020200000200148FFF786
:102D78004ABB00BF00440140014B586A80B270470B
:102D88000044014008B5FFF7F1FFBDE80840FFF730
:102D9800C7BF70B504460D46164606F09DFC083DB3
:102DA80004EBC606B44204D1042406F0A7FC20466E
:102DB80070BD55F8082FD4E900016B68994208BF27
:102DC800904201D10834EDE72046FFF7CBFC0028FC
:102DD800F8D10446E9E700001FB503788BB10A4B28
:102DE8001B68B3F5FA6F0CD300230022037000238D
:102DF800CDE90023CDE90223406802226946FFF7A6
:102E0800C8FF05B05DF804FB942C0020000000000A
:102E18000123F0B50380444B444AD3E900510446EA
:102E28004348914208BF854285B04FF0000202D165
:102E3800227005B0F0BD3AA1D1E900013D4F6260B2
:102E4800C3E900013C484FF0AA33D0E90021B1F1B1
:102E5800FF3F08BFB2F1FF3FD0E9026505D09942B4
:102E680008BF9A4201D00A4309D1B5F1FF3F08BF14
:102E7800B6F1FF3F0DD09D4208BF9E4209D01030E9
:102E8800B842E2D172B67A212B48FFF764FC62B6E9
:102E980029486060D0E90032CDE90032B2F1FF3F45
:102EA80008BFB3F1FF3FD0E9025109D1B1F1FF3FAB
:102EB80008BFB5F1FF3F22D14FF0AA331A4623E0ED
:102EC8004FF0AA36B24208BFB3420BD1B1F1FF3F6F
:102ED80008BFB5F1FF3F0FD0B14208BFB5420ED1D0
:102EE8000023EBE753EA020709D1B14208BFB54214
:102EF80005D14FF4807121801D46114604E000235E
:102F080023701A461D461946CDE90032CDE9025113
:102F180002226946FFF73DFF8BE700BFAFF3008051
:102F280012345678FEDCBA9000000020FEDCBA901D
:102F38001234567800D8030800D003084FF08043B5
:102F48001A6991070AD56FF002021A615A6B643246
:102F5800DA63084A596B12880A445A634FF080436F
:102F68001A69120705D56FF008021A61024B01228F
:102F78001A70704744000020710300200A490B882A
:102F880003B9FEE772B64FF0804309885A6A1144C4
:102F980064325963DA636FF002021A616FF0080253
:102FA8001A6162B6704700BF4400002000B50322D2
:102FB80089B04FF0FF314FF08040FFF71BFA202215
:102FC8000021684608F0ACF964236A4601214FF0F5
:102FD8008040039307F0CCFBC8236A464FF4807106
:102FE8004FF08040039307F0C3FB054BA02283F802
:102FF8001B234FF000621A6009B05DF804FB00BFA4
:1030080000E100E04FF08043DA6842F00202DA6043
:10301800DA6842F00802DA607047000010B501EB88
:103028008101084B01EB810189001980064B044698
:1030380000221A70FFF7BAFF2046BDE81040FFF7DC
:10304800E1BF00BF4400002071030020F8B51B4C0D
:103058001B4B1C4F2046C42240F8043B002108F0BB
:103068005FF90622A01843233946FEF781FA0123A7
:10307800C4E913333F2300250226A4F8583006225A
:103088004323394604F15A00A4F84A606565FEF7FF
:103098006FFA0D4B0D49C4F8A03004F1B000C4E933
:1030A8002A55A4F89E6084F8A45008F093F97F2369
:1030B80084F8C530052384F8C630F8BD64020020C2
:1030C8000800160074BA000807000100ADB6000831
:1030D80070B5094E05460C46415C304608F037F994
:1030E800034628B1831B0133DBB2282B28BF0023FA
:1030F800F35C2B5570BD00BF8CBA000870B50C4648
:103108001146064608F066F944B100250521304607
:103118000135FFF7DDFFEBB29C42F7D870BD000028
:1031280073B5054605F111061F4C204A01463601C4
:103138006846FFF7E3FFB01C6946204408F04AF9E7
:10314800264404EB0512002302217172A2F81A31F9
:10315800142202FB054001254FF00112C0E9135269
:10316800A0F84A10A2F1FF22E1844FF48071426571
:10317800A16240F201124FF40071A0F8582084F8BF
:103188003430A18584F82E5084F8303084F83330F8
:10319800C4F83A30C4F83E30C4F84230A4F84620A7
:1031A800A4F8482002B070BDA80000205AB6000854
:1031B8002DE9F3410546A54CA54A05F111074FEA4B
:1031C80007180E4601466846FFF798FF08F1020007
:1031D800A04469462044FEF705F998F80930072B02
:1031E80084BF032388F8093004EB0710994B427A0F
:1031F800198841FA02F2D20710D40322427269B147
:103208000807C1F3C00209D441FA02FC1CF0010FFF
:10321800D0B200F0A68104EB0712507204EB05123D
:10322800280192F81A11052902D9002182F81A11E9
:1032380004EB000C59889CF81A2141FA02F2D207D3
:1032480013D401228CF81A2179B111F0020FC1F3BD
:1032580040020AD141FA02FE1EF0010F5FFA82FC19
:1032680000F08481221882F81AC1221892F81B11E2
:10327800032902D9002182F81B1104EB07177A7A77
:10328800012A03D9042A01D000229A802718998894
:1032980097F81B2141FA02F212F001020FD187F8C8
:1032A8001B2161B111F0010209D141FA02FC1CF0A5
:1032B800010FD7B200F05F81221882F81B71002E2F
:1032C80040F09F81142202FB054191F84A60052EC7
:1032D80002D9022681F84A6002FB054292F84B1097
:1032E800042902D9002182F84B10142202FB05425E
:1032F800B3F84A1092F84B6041FA06F6F60712D472
:10330800012682F84B6071B18E07C1F340020AD4DE
:1033180041FA02F7FF07D6B240F13281142202FBCC
:10332800054282F84B60142202FB054292F84C10C9
:10333800032902D9012182F84C10142606FB054600
:10334800B3F84C1096F84C2041FA02F212F0010240
:1033580010D186F84C2069B111F001020AD141FA66
:1033680002F7FF07D6B240F11081142202FB054292
:1033780082F84C60142202FB054292F84E10012993
:1033880002D9002182F84E10142606FB0546B3F830
:103398004E1096F84E2041FA02F212F0010210D1B6
:1033A80086F84E2069B111F001020AD141FA02F7FC
:1033B800FF07D6B240F1EE80142202FB054282F8E4
:1033C8004E60142202FB054292F84F10042902D9DC
:1033D800002182F84F10142606FB0546B3F850204A
:1033E80096F84F1042FA01F111F0010110D186F858
:1033F8004F106AB112F001010AD142FA01F7FF0732
:10340800CEB240F1CC80142101FB054181F84F6018
:10341800142101FB054191F85160032E02D90026C1
:1034280081F85160142707FB0547B3F8526097F8F5
:10343800511046FA01F111F0010119D187F8511024
:10344800B6B116F0010113D106E000BFA8000020B4
:103458005AB600086402002046FA01FC1CF0010F6D
:10346800CFB200F0A180142101FB054181F8517011
:10347800142101FB054696F85070022F02D9012746
:1034880086F8507001FB054191F85460022E02D96C
:10349800012681F85460142101FB054696F84D7009
:1034A800022F02D9002786F84D7001FB054191F8DB
:1034B8005260012E02D9012681F85260142101FBC5
:1034C800054696F85570012F02D9012786F85570E0
:1034D80001FB054191F85360022E02D9002681F8BC
:1034E8005360142707FB0547B3F8566097F8531045
:1034F80046FA01F111F0010110D187F853106EB1AD
:1035080016F001010AD146FA01FC1CF0010FCFB2F6
:103518004FD0142101FB054181F85370142101FBA0
:10352800054696F856700C2F02D9002786F8567073
:1035380001FB054191F84C60012E08D191F84F60CC
:10354800042E04D1D70738D5002281F84F20142241
:1035580002FB054292F84F10A1BB92F85120012AB4
:1035680035E00132102A7FF44FAE57E60132102AB7
:103578007FF470AE79E60132102A7FF496AE9EE6AB
:103588000132102A7FF4C4AECDE60132102A7FF44E
:10359800E6AEEFE60132102A7FF408AF11E70131F9
:1035A80010297FF42AAF33E7013110297FF454AF93
:1035B8005EE701311029A6D1B0E712F0040218BF66
:1035C8000222C2E701290AD192F85120022A01BF3A
:1035D800142202FB0542002182F8511007E002295B
:1035E80003D192F85120032AF1E70329B5D0142218
:1035F80002FB0542012182F8571040F20111A2F89E
:10360800581094F82620052A02D9022284F8262088
:1036180094F82720042A02D9002284F82720B3F836
:103628009E1094F8272041FA02F2D7070ED40122FF
:1036380084F8272051B18E07C1F3400206D441FA1D
:1036480002F7FF07D6B244D584F8276094F82820FB
:10365800022A02D9002284F8282094F82920022A74
:1036680002D9012284F82920B3F8A01094F829205F
:1036780041FA02F212F001020CD184F8292049B172
:1036880011F0010206D141FA02F7FF07D6B224D59C
:1036980084F8296094F82A200C2A02D9002284F898
:1036A8002A2094F832200C2A02D9002284F83220E9
:1036B80094F82B20042A02D9002284F82B20002217
:1036C8004749164611F9017F17F1780F09DA0E708C
:1036D80009E00132102AB2D1B8E70132102AD2D15A
:1036E800D8E7782FF3DC0132D2B20C2AEAD13D496F
:1036F8000022012611F8017F0132022FD2B288BFC1
:103708000E70042AF6D194F83420022A02D9002235
:1037180084F83420B3F8A22094F8343042FA03F342
:1037280013F001030CD184F834304AB112F00103CC
:1037380006D142FA03F6F607D9B211D584F8341047
:1037480094F82C30022B02D9002384F82C3094F8FA
:103758002D30032B08D80AD1002384F8343006E032
:103768000133102BE5D1EBE7022384F82D3094F8D0
:103778002E30022B02D9012384F82E3094F83030F1
:10378800022B02D9002384F8303094F833300C2B04
:1037980002D9002384F8333094F83530042B02D949
:1037A800002384F83530104B18444FF6FF71A0F809
:1037B80020111421FF2201FB053183F82F2083F803
:1037C80031204FF0FF32C0F81C211A629A84A1F808
:1037D8005A20A1F85C20DA861A8702B0BDE8F08189
:1037E800E1000020ED000020A80000200021FFF7E4
:1037F800DFBC0000034670B50846052B04D8DFE897
:1038080003F01D0421191D21FEE720261F250F2284
:10381800174CA3702277013B0122A4F84C60A4F84E
:103828004E50A276A273042B10D8DFE803F01018CC
:103838001B1B180009266F250722E9E714263225E5
:103848000A22E5E7352613251922E1E7FEE70023DA
:1038580023712374FEF742F86073607670BD22719D
:103868002274F7E7002323712374A376A373F1E787
:1038780048000020044B012283F85520A3F8562065
:10388800A3F85820704700BF480000202DE9F043F6
:10389800704D714C00F1110805EB081702378BB019
:1038A80006463846FDF7BAFD4FEA0619009004218E
:1038B800684605EB0616FEF7EBF896F81B31E08331
:1038C8002BB103EB031303EB03231844E08305EB4D
:1038D80008135B7A062B40F0B280E38B03F5B543FF
:1038E8002533E38305EB081895F82700FFF7C2FF97
:1038F80098F8091061708B1FA944012B8CBF002315
:10390800012399F81A0184F85A30FFF773FF99F8E0
:103918001B21E18B009BE1806182A36063612AB176
:103928004FF0113000FB0233A360636195F8260065
:103938004A4B616213F9203023732376002384F8FD
:103948002A30637B84F8292023B93846FDF786FDA1
:1039580084F82A006078FDF7C1FF414A84F82800FE
:10396800128802F00101970748BF41F00201A185C2
:10397800560742BFA18D41F00401A18503461007F7
:1039880042BFA18D41F01001A185D10642BFA18D92
:1039980041F02001A185920642BFA28D42F00802A3
:1039A800A285304A01AE02F1200C106851683746F2
:1039B80003C7083262453E46F7D110683860A278DE
:1039C800294E06210AA801FB0303134413F8247C9B
:1039D80084F8207016E90F0086E80F0040F2E243F1
:1039E8003846A4F85030FDF773F84FF07F51FDF7D3
:1039F800C3F8FDF7ADFA7F08B4F84C204FF47A739A
:103A0800B3FBF2F3A4F8403095F82C30052F38BFFB
:103A18000527C0B2012BA4F8520084F8547016D0C0
:103A2800022B14BF4FF461434FF4613363640023E6
:103A380084F85B30A4F85C300BB0BDE8F083072B4A
:103A48007FF450AFE38BA3F5B543263B49E74FF42A
:103A5800E133EBE7A80000204800002074BA000812
:103A68006402002020B400087800002002484FF4C7
:103A7800DE72FF2107F054BCA800002002484FF472
:103A8800DE71FEF703BF00BFA800002002484FF414
:103A9800DE71FEF7E7BE00BFA800002008B5FFF7FB
:103AA800F5FF034B1878BDE80840FFF79FBE00BF3D
:103AB80048000020F8B5FFF7D9FFFEF7FBFE042801
:103AC8000CD0FFF7D3FFFEF7F5FE042803D1FFF76C
:103AD800DDFF042806D0FFF7C9FF03E0FFF7D6FF94
:103AE8000428EED146494748464C102207F03CFCD2
:103AF80038B145491022204607F036FC08B1FFF7D7
:103B0800B5FFA38A42F6A102934266D042F6A0020C
:103B1800934258D800213B4B022504260F4601202A
:103B280093F84F20012A1ED0022A1FD00ABB93F80F
:103B38005020042A20D0052A20D0033A18BF012299
:103B480001310A2983F8502083F8540003F1140343
:103B5800E6D194F82C30042B12D0052B31D0002359
:103B680084F82C300EE083F84F50E0E783F84F607C
:103B7800DDE783F84F70DAE70122E1E70222DFE7A9
:103B880084F82C0042F6A103A382012522691C496E
:103B98001C4842F6A2039A424FF010021CBF236150
:103BA800012507F0E1FBD0B1154916481022FDF7B1
:103BB80011FD164916480822FDF70CFDFFF75EFFB8
:103BC8000FE00223CCE70025E8B20135FFF7A8FA99
:103BD8000A2DF9D10023E377D4E70025D6E7002D95
:103BE800ECD10023E3770B4C2370FFF72FFA2078F2
:103BF800FFF7FCFD2078BDE8F840FFF747BE00BF9F
:103C080061B60008A800002072B6000883B6000854
:103C18005A020020480000200129F7B5054600D9BE
:103C2800FEE70B4E06EB01131C460F016278F15DAF
:103C380003619B7807F024F9E3790193A379009352
:103C480022796379E178284607F041F903B0F0BD9D
:103C58002CD0000838B5836804466BB1024652F888
:103C6800183BDD6900F11903A847217E204602228E
:103C7800BDE8384007F08DB938BD000070B58160E7
:103C8800897A86B0044601B1012107F0D2F82046AE
:103C980007F051FA204607F029FA217BFF2903D0C3
:103CA800FA22204607F02EFAA3685B7A013B042B20
:103CB80004D8DFE803F0043E3E414100FEE7E92274
:103CC800E121204607F05CFA0121204607F0EBF9D4
:103CD8009621204607F028FA3821204607F03AFABC
:103CE800204607F03FFAA368204693F90810FFF72B
:103CF800B1FFA3689D7A15B319782046FFF78CFFAA
:103D080000221146204607F0AEF80023009340F247
:103D1800032220464FF6FF7107F008F920464FF6B8
:103D2800FF7107F02AF9204606B0BDE8704007F099
:103D3800CAB9DB22D721C4E76F226B21C1E75E88AD
:103D48000E4B63614CF25033009320460C49192303
:103D58000B2207F025FA0123CDE903335B23CDE9D4
:103D680001531023194620460095042207F056FAFD
:103D78003146204607F076FAC2E700BF0CD00008AB
:103D8800A086010010B5044607F09DF920464FF6BD
:103D9800FF71BDE8104007F0F0B8000038B5816841
:103DA800036891F90810DD69044600F1190300F170
:103DB8001802A847A3689A7A42B11A78012A00D94A
:103DC800FEE7044B03EB0213236138BD024B63612A
:103DD800FBE700BF2CD000080CD00008836810B5A2
:103DE800044683B103691BB943690BB9FFF7D6FFD2
:103DF800A3689B7A1BB12369B3F90C0010BD6369F2
:103E0800B3F91C00FAE71846F8E7836810B50446CA
:103E180043B103691BB943690BB9FFF7BFFF94F9B5
:103E2800190010BD1846FCE708B5836843B9FFF7C9
:103E380025FF7D20FEF740FCBDE80840FEF7BCBB2F
:103E480008BD000090F8D43053B190F8D520074B46
:103E580003EBC20153F83230497953F82100704717
:103E6800037C00EB8300406B704700BF44BA000836
:103E780013B5194B0288DB8B9A42044627D1837805
:103E880013F0D00F25D18379812B22D84FF6FF73F9
:103E98000D2201460DF10600ADF80630FDF7E0FDF4
:103EA800B4F80D20BDF806309A420ED14C2204F128
:103EB8000D01FDF7D5FDB4F85900BDF80630C01A5C
:103EC80018BF0120800002B010BD0320FBE70120CD
:103ED800F9E70220F7E700BF480000200A7ACB790B
:103EE80002F0070243EA022303804B7A0A7A03F0BE
:103EF8003F035B0143EAD20343808B7A4A7A9B00F3
:103F080043EA9213CA7A02F0010243EA82238380C9
:103F18000B7BCA7A03F00F03DB0143EA5203C38029
:103F28000B7BC3F30112012A11D813F0300F14BF11
:103F3800012300239B0203830B7B7F2B0AD813F0FA
:103F4800C00F14BF012300239B024383704740F234
:103F5800FF73F0E740F2FF73F7E70A7ACB7902F0D4
:103F6800070243EA022303804B7A0A7A03F03F03ED
:103F78005B0143EAD20343808B7A4A7A9B0043EA87
:103F88009213CA7A02F0010243EA822383800B7BF0
:103F9800CA7A03F00F03DB0143EA5203C3800A7CA9
:103FA800CB7B02F0070243EA022303814B7C0A7CA5
:103FB80003F03F035B0143EAD20343818B7C4A7CD5
:103FC8009B0043EA9213CA7C02F0010243EA82236F
:103FD80083810B7DCA7C03F00F03DB0143EA5203A4
:103FE800C3814B7DDB0003828B7DDB004382CB7D6D
:103FF800DB0083820B7EDB00C3820B7BC3F30112E1
:10400800012A2BD813F0300F14BF012300239B0281
:1040180003830B7B7F2B24D813F0C00F14BF01231D
:1040280000239B0243830B7DC3F30112012A1BD893
:1040380013F0300F14BF012300239B0283830B7DF1
:104048007F2B14D813F0C00F14BF012300239B0249
:10405800C3834FF4806303844384704740F2FF7343
:10406800D6E740F2FF73DDE740F2FF73E6E740F280
:10407800FF73EDE737B5214BDB8B03804A788378F4
:1040880062F3C30383704A79C37862F30003C37091
:104098008A79437962F386134371044691F90200E1
:1040A8000D46FDF787F8E37860F34703E370EA7895
:1040B800237962F3060323712A79DBB202F0010245
:1040C80003F07F0343EAC21323712A796379C2F3A9
:1040D800450223F03F031343637159224FF6FF73E0
:1040E80021460DF10600ADF80630FDF7B9FCBDF824
:1040F8000630A4F8593003B030BD00BF4800002096
:104108002DE9F3419DF820601546522E88464FF060
:104118005B024FF0000104461F4628BF522607F0F5
:10412800FFF82D4BDB8B23802A78A37862F30203F8
:10413800A3706978C90001F00801DBB203F0070336
:1041480041EA08111943A1706A79E37862F3000320
:10415800E370AA79637962F38613637195F90200B3
:10416800FDF728F8E37860F34703E370EA782379EA
:1041780062F3060323712A79DBB202F0010203F02D
:104188007F0343EAC21323712A796379C2F3450294
:1041980023F03F0313436371A379224666F3470371
:1041A80002F8063F3E443B46B34210D14FF6FF7338
:1041B800592221460DF10600ADF80630FDF750FCF6
:1041C800BDF80630A4F8593002B0BDE8F08113F804
:1041D800011B02F8011FE7E74800002007B500931C
:1041E80013460A460121FFF78BFF03B05DF804FB75
:1041F80030B53A4B027893F8261061F30302027047
:1042080093F8271061F30712027093F82810427888
:1042180061F30302427093F8291061F307124270A8
:1042280093F82A10827861F30302827093F83210AF
:10423800827961F30302827193F82B10827861F31B
:104248000712827093F83410C27961F30302C271C5
:1042580093F82C10C27861F30302C27093F82D1002
:1042680061F30712C27093F82E10027961F303020A
:104278000271427993F8301061F30302427193F8A6
:104288003310827961F30712827193F83510C2797D
:1042980061F30712C27103F1390100F10A0200F15A
:1042A800160411F9015F02F8015FA242F9D193F8EF
:1042B8004610C27D61F30102C27593F8471061F39D
:1042C8008302C27593F8481061F30512C27593F81A
:1042D800493063F38712C27530BD00BFA8000020C3
:1042E8000278344BC2F3030230B583F826200278F3
:1042F800C2F3031283F827204278C2F3030283F83B
:1043080028204278C2F3031283F829208278C2F366
:10431800030283F82A208279C2F3030283F8322049
:104328008278C2F3031283F82B20C279C2F3030206
:1043380083F83420C278C2F3030283F82C20C278B1
:10434800C2F3031283F82D200279C2F3030283F823
:104358002E204279C2F3030283F830208279C2F317
:10436800031283F83320C279C2F3031283F835208D
:1043780003F1390100F10A0200F1160412F9015F94
:1043880001F8015FA242F9D1C27DC2F3010283F8AC
:104398004620C27DC2F3810283F84720C27DC2F362
:1043A800011283F84820C27DC2F3811283F84920A4
:1043B80030BD00BFA800002070B5522698B0324624
:1043C80004460D4603A8002106F0AAFF212342F661
:1043D800A2008DF80C30FDF7DFF8ADF80E0042F6BC
:1043E800A100FDF7D9F81C49ADF8100014220DF111
:1043F8001200FDF7EFF81948FFF707FD184B8DF885
:10440800260093F855308DF827300AA8FFF7F0FEFC
:104418004FF68073ADF84630124A134BCDE912239C
:10442800124B149347F6FF73ADF85430104BB3F8A2
:104438009E208DF85620B3F8A020B3F8A2308DF84E
:1044480057208DF85830009603AB2A4602212046A3
:10445800FFF756FE18B070BD89B600083C1E002054
:104468004800002001000A00190064009E00FF7F38
:104478006402002038B5154D044600F11B010622E0
:1044880005F58970FDF706F994F82130C3F30303A5
:1044980085F8193194F82130C3F3031385F81A31DC
:1044A80094F82230C3F3030385F81B31B4F857009E
:1044B800FDF783F842F6A103984205D104F12500DF
:1044C800BDE83840FFF70CBF38BD00BFA80000208A
:1044D8000B4A0C49126882600A6802614A680A49F4
:1044E80042610A6882614A68C26100234EF660220E
:1044F800838083718381038402600385704700BFD2
:10450800942C00209CB60008A5B6000810B50E4CE7
:10451800A36803B9FEE70D4A12791A7000212046F4
:1045280006F070FC4FF47A70FEF7C6F820460121B9
:1045380006F07FFCA36820461978FFF76DFB20463C
:10454800FFF720FC10BD00BF3C1E002048000020E3
:1045580038B5174D0446A878697805281CD14FF658
:10456800FF732385FFF746F96B7801229A40238D64
:1045780023EA020323850F490F48FFF755FC0E482D
:10458800FFF700FC0C486FF07F01FFF763FB204644
:10459800BDE83840FFF7BABF002323850220FFF7A4
:1045A80029F96A7801239340228D13439BB2E1E7EE
:1045B800480000204C0000203C1E002008B590F860
:1045C800203002468BB9FEF726F810B982F8210090
:1045D80008BD92F8213001335BB2312B82F82130CB
:1045E800F6DD012382F82030F2E7FEF714F818B15F
:1045F800322382F82130EBE792F82130013B5BB29D
:10460800002B82F82130D8BF82F82000E0E70000B4
:104618000A4B90F820201B6872B182689B1AB3F588
:104628007A6F01D901234371037923B9437913B10F
:1046380001230371037370478360F5E7942C00200E
:104648000346007B821E012A4FF0000202D893F82D
:10465800201009B91A737047104670470A4A38B5CE
:10466800138801339BB2502B04460D4601D81380A2
:1046780038BD002305491380FDF78CFD29462046E7
:10468800FDF788FDF4E700BF78030020AEB6000808
:104698002DE9F84F154604460F466B496B4EFDF75A
:1046A80079FD29462046FDF775FD694B0022012F4B
:1046B8001A800FD10823B362102746F2A810B761F9
:1046C800FDF7FAFFB762FDF7F7FF29462046FFF727
:1046D800C5FFF2E7BB1E10220C2B00F2A880DFE812
:1046E80003F03141521C07A6A6A66262626262000C
:1046F800564E4FF010080827C6F8188046F2A81042
:10470800B762FDF7D9FFC6F82880B761FDF7D4FF77
:1047180029462046FFF7A2FFEDE74C4E4FF0100860
:104728000827C6F8188046F2A810B761FDF7C4FF3D
:10473800C6F82880B762FDF7BFFF29462046FFF775
:104748008DFFEDE7B262414E082746F2A810B76127
:10475800FDF7B2FFB762FDF7AFFF29462046FFF726
:104768007DFFF2E70823B361384E102746F2A81000
:10477800B761FDF7A1FFB762FDF79EFF2946204606
:10478800FFF76CFFF2E7B261304E082746F2A81037
:10479800B761FDF791FFB762FDF78EFF2946204606
:1047A800FFF75CFFF2E7A7F1090BDFF8A0805FFADB
:1047B8008BFB00264FF0100A5E453CBF0823C8F863
:1047C80018304FF0040946F2A810C8F818A0FDF7F1
:1047D80073FFC8F828A0FDF76FFF09F1FF392946D4
:1047E8002046FFF73BFF19F0FF09ECD10823C8F872
:1047F80028304FF0040946F2A810C8F818A0FDF7B1
:104808005BFFC8F828A0FDF757FF09F1FF392946D3
:104818002046FFF723FF19F0FF09ECD10136A7F175
:104828000803F6B2DBB2B34238BF0026C4E7082358
:10483800B261B3614CF25030FDF73EFF2946204685
:10484800FFF70CFFF6E700BFAEB60008000400480B
:104858007803002008B5437802789A4213D0052BD4
:104868008ABF052303700370027888BF4370064B24
:10487800064813F92210064B19731976836813B189
:104888001972FFF7E7F908BD74BA00083C1E00204A
:104898004800002010B50AB9437010BD541E0B2CF7
:1048A800FBD80332D2B231F91220C83A03FB0222F4
:1048B80040F2716192FBF1F212B222EAE2729A427C
:1048C800C8BF1AB24270E8E70A46014610B9024862
:1048D80006F069BA704700BF3C1E002070B50D464F
:1048E80016461C46014688B9FDF757FE0948334667
:1048F8002A4606F031FA07484FF6FF7106F03DFBED
:10490800A1010448BDE8704006F050BB0148FFF71C
:1049180039FA70BD3C1E00202DE9F041194C0546BE
:104928005B270E463A460021204606F0F9FCAB69A3
:104938002360EB696360144B14491B789A1E534239
:104948005341627A63F3000262726FF05D02A272F1
:1049580028220023E27204F10E00142223736373E9
:10496800FCF738FE59212046FDF792F8084BA4F8C9
:1049780059003A46214630461B7FBDE8F041FFF713
:10498800ADBF00BFC31C00206B03002089B6000820
:104998004800002037B50C4638B91A48836833B93F
:1049A800812281F8A02081F8A23003B030BD9D7A21
:1049B800DDB101F1A2020DF1060106F02DFB94F91B
:1049C800A230002B04DABDF806201344ADF80630F7
:1049D800BDF90630002B0FDB4FF6FF73ADF806303C
:1049E800BDF8063084F8A030DFE70DF1060106F0C7
:1049F8004AFC84F8A250EBE77F33F1DA4FF6817373
:104A0800ECE700BF3C1E00200A4608B501460148F5
:104A1800FFF73EFE0C0000200023FF2203704370C6
:104A28008370C27003717047C178034629B98278D0
:104A380001710132827001207047007801281ED070
:104A4800022805D0C8B99A78187101329A70F2E72D
:104A580098785A784240D20704D4013000229870DE
:104A68001A71E8E7FF2902D10020187170471A79F6
:104A78000132D2B291421A71EFD300207047FF2958
:104A8800F2D01A790132D2B291421A71F5D29A78DB
:104A980001329A7000221A71704700000E48C369EB
:104AA8001A0617D503681B0614D50C4B0C4A19882F
:104AB800138889B29BB299420AD013880133DBB2BA
:104AC80013801388074A9BB2D35CDBB283627047BA
:104AD800FCF7B1BF704700BF0038014088200020B4
:104AE80086200020861F00200E490F4A0B88128856
:104AF8000133DBB292B29A4211D00C4AD0540C4A1C
:104B08000B8002F5006353E8003F43F0800302F591
:104B1800006040E800310029F3D1012070470020EF
:104B2800704700BF8820002086200020861F0020B4
:104B38000030014038B504464518AC4200D138BDB4
:104B480014F8010BFFF7D0FFF7E708461146FFF707
:104B5800F1BF000070B588B00C4606461546002126
:104B68002022684606F0DCFB231E18BF01231B0326
:104B7800CDE9023569460C23034801960494059350
:104B880005F06EFF08B070BD0038014010B5064C46
:104B9800236823F001032360FFF7DCFF236843F059
:104BA8000103236010BD00BF0038014008B541B1C2
:104BB8004FF4005204484FF48061FFF7E7FFFDF718
:104BC80003FD012008BD00BFA086010008B531B172
:104BD800002211460348FFF7D9FFFDF7F5FC012035
:104BE80008BD00BF9A5B060008B541B14FF40052FA
:104BF80004484FF48061FFF7C9FFFDF7F5FC012079
:104C080008BD00BFA086010013B52E4C236823F011
:104C1800010323604FF48040FCF701FF08230120C3
:104C2800CDE900300A22032327484021FDF7FCFA8A
:104C3800002211462548FFF78DFF636823F490434F
:104C48006360A36823F02A03A360214BC02283F882
:104C5800242310225A602046FCF7EDFE1D4901F579
:104C6800006353E8003F23F0400301F5006040E88B
:104C78000032002AF3D140232362174B1A80174BC6
:104C88001A80636823F400636360A36823F0080351
:104C9800A360636823F480436360A36823F022035E
:104CA800A360A36843F48053A360236843F001031F
:104CB8002360044BDA699102FCD5DA695202F9D50E
:104CC80002B010BD0038014000040048A086010071
:104CD80000E100E00030014086200020882000200C
:104CE80030B51C4C85B00E2200210546684606F0FA
:104CF80017FBB4F8A030ADF800302046FCF706FAF0
:104D08008DF802002046FCF7F8F9B4F8A4308DF8C5
:104D180003001148ADF80430FFF777F894F8A6308F
:104D28008DF8073094F8A9308DF80830B4F8AA3017
:104D3800ADF80A30094B8DF806009B788DF80C30D9
:104D48006946012328468DF80D3003F01EFF05B093
:104D580030BD00BF801D00203C1E00204800002000
:104D68000148FEF70BB900BF791D0020F8B5154DB5
:104D78000E4607465B232946304614462A46FFF767
:104D8800A3FDD7E9041328686A689A4208BF8842D5
:104D980009D0002430460C49FFF7FCFD002C0CBF5D
:104DA80001200320F8BD59212846FCF771FEB5F80B
:104DB80059308342EDD114B1FFF7D2FFEAE701245D
:104DC800E8E700BF751E0020801D002013B50121F3
:104DD80004460844FCF75CFEA178ADF806000DF126
:104DE8000600FCF731FEE178FCF72EFE2179FCF78E
:104DF8002BFE6179FCF728FEA179FCF725FE04F16A
:104E080008010322FCF72CFE627804F10C01FCF780
:104E180027FE94F82311FCF717FEBDF80630A4F816
:104E28000C3102B010BD00000038024B18BF012041
:104E3800187070473003002070B5002A38D1042B51
:104E480071D89DB29BB3654C94F82830666A03F11B
:104E5800030C5FFA8CFCF600BCF1070F666284F85D
:104E680028C040F28980053BDBB284F82830B1F8CD
:104E780000C0DE400CF101030B8000F80C600EE06E
:104E8800083BDBB284F82830B1F800C0666A0CF140
:104E9800010E26FA03F3A1F800E000F80C3094F8AC
:104EA8002830072BECD8013296B2B542CED870BD67
:104EB800FF2AFCD1032B66D89DB2002BF7D0474CB4
:104EC80094F828300026626A03F1040C5FFA8CFC1F
:104ED800120142F00202BCF1070F626284F828C096
:104EE8007AD9043BDBB284F82830DA400B8803F126
:104EF800010CA1F800C0C2540CE0083BDBB284F8F6
:104F08002830626AB1F800C0DA400CF101030B8066
:104F180000F80C2094F82830072BEED80136B2B2EE
:104F28009542D0D870BD2D4C626A03F5C06343EA40
:104F3800423394F82820636202F10D05EDB2072D83
:104F480084F82850B3D90532D2B284F82820D34047
:104F58000A88551C0D80835409E0083BDBB284F8AD
:104F68002830626A0D88DA406B1C0B80425594F831
:104F78002830072BF1D870BD013296B2B54263468E
:104F88003FF664AF93E7154C626A03F5E06343EAC2
:104F9800423394F82820636202F10D05EDB2072D23
:104FA80084F8285083D90532D2B284F82820D34017
:104FB8000A88551C0D80835409E0083B626ADBB2FD
:104FC80084F82830DA400B885D1C0D80C25494F8B0
:104FD8002830072BF1D870BD63469FE78405002071
:104FE8002DE9F047674C0027FF250F8005708025C5
:104FF800676284F82870A5779846002B00F0BB807C
:1050080003F1FF3912FA89F9561EBA463A4609E001
:10501800554546D10137BFB20B8843453AD24E4574
:1050280000F0948016F8015F002AF1D16B1EDBB204
:10503800FD2B32D83F2B62D905F14103DBB23F2B60
:1050480034D8636A94F828200135EDB245EA03257F
:1050580002F10803DBB2072B656284F8283015D902
:1050680084F828200B88D5405A1C0A80C55409E0CA
:10507800083BDBB284F82830626A0D88DA406B1C82
:105088000B80425594F82830072BF1D800220B8862
:105098004345C4D30020BDE8F0870127AA463A4615
:1050A800BAE7FBB25246FFF7C7FEBFE7636A94F858
:1050B80028203F35EDB245EA432502F10903DBB26A
:1050C800072B656284F82830E0D90132D2B284F81F
:1050D80028200B88D5405A1C0A80C55409E0083B93
:1050E800DBB284F82830626A0D88DA406B1C0B80CA
:1050F800425594F82830072BF1D80022C7E7636A95
:1051080094F828207F35EDB245EA032502F108031B
:10511800DBB2072B656284F82830B7D984F82820D9
:105128000B88D5405A1C0A80C55409E0083BDBB2FD
:1051380084F82830626A0D88DA406B1C0B8042556F
:1051480094F82830072BF1D80022A0E722B1FBB24F
:105158005246FFF771FE0B8894F8282062B1646A02
:10516800C2F108020125944005FA02F2013A2243ED
:105178005C190C80C2540B88984594BF002001200C
:10518800BDE8F087840500202DE9F04F47F26F73E2
:105198000022827003800B78A3F1FE03B3FA83F335
:1051A8005B0983708A780D4612F001011CBF43F039
:1051B80080038370D5F8202122F07F4222F0FF027D
:1051C80085B0044612B143F008038370AA68C2F39D
:1051D8001702FF2A1ED9B2F5803F18D363F07F0368
:1051E800A37041F002014FF0020B09234FF00A0CA3
:1051F8000822E1700B20CDF804C01E4617464FF078
:10520800070E4FF006094FF0050A042117E043F096
:105218000203A370180600F1D68008234FF0090C8A
:1052280007220A204FF0000BCDF804C01E4617468F
:105238004FF0060E4FF005094FF0040A032195F8C8
:10524800018004F8018004EB0108297904F80A10A8
:10525800697904F80910A97904F80E10A1780907EA
:1052680009D595F82111A15495F82211A1550346A5
:10527800674662460646A968A154A278900707D5F2
:10528800BA1C1F46AB68C3F30F23A35596B2334627
:10529800BBF1000F05D05A1C1F46AB7AA35596B236
:1052A8003346A278D10606D55A1C1F4695F82331F5
:1052B800A35596B23346454A127803F1010914FA08
:1052C80089FA05F10C0B42B16B785A460DF10E01C3
:1052D8005046FFF785FE00285AD16A78504659464D
:1052E8001FFA82FA06F07EF82278394B6178D243A9
:1052F800D2B2072F9A5C82EA0102995CA27882EA0C
:105308000102995CE27882EA0102995C227982EAD8
:105318000102995C627982EA0102995CA27982EAC7
:105328000102995CE27982EA0102995C1BD0227A37
:105338005140082F595C16D0627A5140092F595CA8
:1053480011D0A27A51400A2F595C0CD0E27A514010
:105358000B2F595C07D0227B51400C2F595C1EBF84
:10536800627B5140595CA1551AFA89F39BB2B5F892
:105378000C21E2545A1CB5F80C1192B2090AA15436
:10538800AA78981CD20780B20BD405B0BDE8F08F7C
:10539800A378BDF80EA043F04003A37088F800A0DE
:1053A800A2E7D5F81071D5F81811D5F8146127506F
:1053B80022180F335660916095F81C11117398B23A
:1053C80005B0BDE8F08F4FF0000B0EE7300300206A
:1053D800B8BA00082DE9F84FAE4CAF4E0F468246DA
:1053E8000146AD48154605F0FDFF00233B809E466B
:1053F8002384636284F82830802384F822304FF0B5
:10540800FF08F14606E03B885A1C3A800AF80390E8
:1054180094F828E0BEF1010F5CD8218C8D4240F24F
:105428009D80606A735C0EF1080C5FFA8CFC43EA9D
:105438000023ACF1020B23FA0BF00EF1060200F088
:1054480003000131D2B202282184636284F8282043
:1054580000F08680032800F0888001281DD0002AEB
:1054680040F08780228C954278D9B15C013241EABC
:105478000323228407211A06636284F82810C2D500
:10548800062184F8281013F0400F40F08D803B88E7
:105498005A1C3A800AF80380BAE7062A0BD8228CED
:1054A80095425BD9B15C013241EA03230CF1060154
:1054B80022846362CAB2073AD34003F07F037D2B8C
:1054C80084F828204AD83A884133511C39800AF890
:1054D80002309DE7636AAEF1020B23FA0BF000F08D
:1054E80003005FFA8BF2022884F8282003D00328EF
:1054F8001CD0F446B1E7052A32D8218C8D422DD92B
:10550800705C0EF10602013140EA0323D2B2218415
:105518006362063A84F828E0D340398803F03F03F1
:105528004A1C01333A800AF8013071E7052A1CD871
:10553800218C8D4212D9705C0EF10602013140EACD
:105548000323D2B221846362063A84F828E0D34068
:10555800398803F03F034A1C413BE3E7BDE8F88F75
:10556800063A636A5FFA82FED4E7063A5FFA82FE79
:10557800EBE70BF1FF3023FA00F0511EC9B2C00768
:1055880084F828107FF53FAF69BB228C9542E5D996
:10559800B15C013241EA032307212284636284F863
:1055A800281013F0800F70E74A1ED0B223FA02F2D7
:1055B800D20784F8280032D48446228C9542CDD96B
:1055C800B05C013240EA0323C81D22846362C0B282
:1055D800A0F10802D34084F828C05FFA83FB38881A
:1055E8005A46002133E0013923FA01F0911EC9B26D
:1055F800C00784F828107FF54AAF99BB228C9542E2
:10560800ACD9B15C41EA032301324FF0070C19060B
:105618002284636284F828C021D40821CDE70728B2
:1056280032D8228C954299D916F802C00731013236
:105638004CEA032322846362C9B2083923FA01FBC6
:1056480084F828005FFA8BFB38885A46FF215044BB
:1056580005F066FE3B889B44A7F800B0D8E6604694
:105668000821DEE701F1FF3CD01E23FA0CFCC0B292
:105678001CF0010F84F82800D1D107289CD90B3AD7
:10568800636A5FFA82FCA3E7A0F108020146D0B280
:10569800D3E700BF84050020580400202DE9F04F0F
:1056A8005788B7F58F7F8BB0144606460BD9002272
:1056B800227000226F2B628000F065810023337016
:1056C8000BB0BDE8F08F12780E2A0D4624D80E2AAA
:1056D80000F2118101A151F822F000BFBB56000869
:1056E8000B590008FF580008FF5800080B5900081C
:1056F8000B5900080B5900080B5900080B590008F2
:105708000B59000859590008FF580008FF580008AD
:10571800FF5800087D590008692A40F2EA806A2A81
:1057280040F0E9809C4FFA8A02F1FF3C1FFA8CFC9A
:10573800002A00F078820CF1030CDFF860E2BC4428
:10574800FF22B91C11F8010B424061451EF80220E6
:10575800F8D1934200F0D08100222270C4F80220D0
:10576800E280FA8A022AA9D939796F2900F02E83B2
:10577800032AA3D079796F2900F03883042A9DD0B1
:10578800B9796F2900F03583052A97D0F9796F29FF
:1057980000F03E83062A91D0397A6F2900F04582BD
:1057A800072A8BD0797A6F2900F03583082A85D0AB
:1057B800B97A6F2900F03283092A3FF47FAFF97A6A
:1057C8006F2900F02E830A2A3FF478AF397B6F29BE
:1057D80000F02A830B2A3FF471AF797B6F2900F020
:1057E80026830C2A3FF46AAFB97B6F2900F0228325
:1057F8000D2A3FF463AFF97B6F2900F01E830E2A50
:105808003FF45CAF397C6F2900F01D830F2A3FF409
:1058180055AF797C6F2900F01383102A3FF44EAFFF
:10582800B97C6F2900F01283112A3FF447AFF97C45
:105838006F2900F00E83122A3FF440AF397D6F299B
:1058480008BF4FF012087FF439AF02F101091FFABF
:1058580089F93A44A7F816905FFA89F99370504984
:105868004A4602A805F0BEFD6F234FF0010CBB703D
:105878004FF0000E6423A7F800E0A7F816C02370C5
:1058880008EB0C0399451FFA89F27FF617AF901EB3
:1058980002A9A0EB08005A1E0B440A4413FA80F030
:1058A8004FF06A084FF007094FF0660A05E0002B31
:1058B80040F0BE8190423FF401AFFB8A12F8011F0D
:1058C80007EB030B01338BF80210FB822378092BBB
:1058D800EDD9A3F1640BBBF1050FEBD8653B042BA5
:1058E80000F2BA82DFE813F01F01170112010E015E
:1058F8001B01632A05D800232370C4F80230E38013
:10590800DDE6254FFA8AB91801328B70FA822278BF
:10591800092A00F2A480002A3FF4D0AE013A082AEE
:105928003FF6CCAE01A151F822F000BFF55B0008AC
:10593800C5560008C5560008575B0008575B0008A5
:10594800DF5B0008AB5B0008195C0008C95B000856
:105958007A1C6280104EEB55A088727F618883188C
:105968009942FFF6ADAE33785F0600F1E4810E236D
:105978002370A5E67A1C6280EB55E288638893421F
:1059880010D201239BE604490A800122CA826422BC
:105998008B702270002392E684050020B8BA0008B4
:1059A8008605002000236380237002230370428051
:1059B8002B78FD2B00F08780EB7803722B794372EC
:1059C8006B7943606A7808327280002240F2851051
:1059D800DFF8CCC27281FE210446013499424FEAB5
:1059E80054042ED849D38B4240F08A802B78FD2B63
:1059F8007FD04FF0060B2846DFF8A48210F801AFDD
:105A08000BEB0A0909F1FF3189B2FCF741F804EB05
:105A1800440708EB8707ADF808003979019102A817
:105A2800FCF712F805EB090215F8093052780199CC
:105A380003EB0223BDF808209BB29A421FD005232E
:105A48003DE6601E1418824204F1010780F06C8163
:105A580027F0010101EB57015CF82110BDE7A2F125
:105A6800640105293FF62AAE653A042A00F2FD8151
:105A7800DFE802F0817D797593002246E2E7BB7981
:105A8800DA0706D5FA79924582BF521912F80B2027
:105A9800B2729B070BD56300234408EB83036A7833
:105AA8001B7A9A4282BF5B1913F80B30F3724FEAE4
:105AB8004409A14408EB8908317398F805307373D9
:105AC8000BB0BDE8F08F6B790372AB7943726B7AD8
:105AD800297AEA791B0403EB0123134443606A78AB
:105AE80002F10C014180A978C9077FF56EAF193220
:105AF8006AE74FF00A0B7EE70A2201232270DEE5EF
:105B08000323DCE5F97684F80090D3E64FF06803C8
:105B1800B9762370CEE6797084F800C0CAE6397782
:105B280084F80080C6E6397001F00103618887F8BF
:105B380001E0033B01F1010BA4F802B06B5497F9A3
:105B48000030002BACBF634653462370B2E6628830
:105B5800511C6180AB54237801332370AEE50722D2
:105B6800FB76227016E76822BB76227012E70122C4
:105B78007B7022700EE762883B70002103F00103FE
:105B8800033B7970511C6180AB5497F90030002BAE
:105B9800C0F232810123237090E56A223B7722709C
:105BA800F8E66288511C6180AB543B787A781343DD
:105BB80013F0020340F0D7806288511C6180AB5417
:105BC8006288511C6180AB543B78D8064CBF69236E
:105BD8006A23237072E56288511C6180AB543B785C
:105BE8001D074CBF67230723237067E562883A8344
:105BF800511C6180AB543A787B7712F0010200F0B7
:105C0800D08006220833A280E3800423237055E560
:105C18006288511C6180AB547B7813F00203CFD0AB
:105C2800092323704AE5FF2293E54FF006080CE6A6
:105C3800013B082B3FF63EAE0FF2040B5BF823F056
:105C4800815C0008BD580008BD5800086D5C00085C
:105C58006D5C0008FB5C0008C95C0008155D000865
:105C6800AD5C0008638803F1010BA4F802B0E954A5
:105C78002378013323701DE663883B8303F1010B0E
:105C8800A4F802B0E9543B78797713F001036DD09A
:105C980008310623E180A380042323700AE600BFAD
:105CA800B8BB0008638803F1010BA4F802B0E954FB
:105CB8003B78DB067FF534AF4FF069032370F9E5D5
:105CC800638803F1010BA4F802B0E9543B787978B2
:105CD8000B4313F0020343D1618801F1010BA4F8CF
:105CE80002B06B54618801F1010BA4F802B06B5447
:105CF800DEE7638803F1010BA4F802B0E9543B78AE
:105D080019077FF500AF67232370D3E5638803F194
:105D1800010BA4F802B0E9547B7813F00203E1D038
:105D28004FF009032370C5E5574902EB42001446BA
:105D380051F8201057E602A92844FFF74BFB737F60
:105D4800BDF808106288CB1A9BB21A446280727F31
:105D58001A447277E2881344E380338BE95406E6E9
:105D680008232370A6E508232370A7E40C31E180FB
:105D780079784FF00A0B11F00101A4F804B028D08B
:105D8800618801F1010BA4F802B005F801C061882F
:105D980001F1010BA4F802B06B54E3880D33E380E2
:105DA8007AE779780C33E38011F001014FF00A03A8
:105DB800A38024D06388012158186080E95463883F
:105DC80059186180EA54E3880D331DE74FF0020843
:105DD8003BE5638803F1010BA4F802B0E95463883A
:105DE80003F1010BA4F802B0E95455E74FF003089A
:105DF8002BE54FF0040828E5662323705EE46388EA
:105E08005A1C6280E95463885A1C6280E954FCE693
:105E18004FF0050819E54FF0070816E54FF0080898
:105E280013E54FF0090810E54FF00A080DE54FF0AB
:105E38000B080AE54FF00C0807E54FF00D0804E5DC
:105E48004FF00F0801E54FF00E08FEE44FF0100880
:105E5800FBE44FF01108F8E477290ED084F800E04D
:105E6800C4F802E0A4F806E024E5772B09D0002363
:105E78002370C4F80230E38020E44FF065032370F8
:105E880018E56523237019E4B8BB00082DE9F84329
:105E98001F46184B164693F8302004463AB393F839
:105EA8002B301FB11BB31F1F18BF0127A1F1020818
:105EB80004F5E36901F11E0538F8020FFBF7EFF965
:105EC80029F8020FB8F80000FBF7F6F9A845A9F879
:105ED8002000F1D1084B84F85A771B68C4F85C3766
:105EE80086F00106012384F8606784F81937BDE855
:105EF800F88300BFA8000020942C002070B500F2A1
:105F08007C7400F5B0712046FBF711FE044B024685
:105F1800186801680D6921462B46BDE8704018478E
:105F28007C1D0020B0F8E834B0F8EA249B1A98B237
:105F38001B0444BF00F5007080B2003818BF012070
:105F48007047D0F8F826B0F8E8140132C0F8F826FF
:105F5800D0F800270132C0F80027B0F8EA249142AF
:105F680003461FBF8118013291F8EE04B3F8EC1410
:105F78001ABF0A40A3F8EA2400207047114B93F88F
:105F88002D305A1E012A02D80F48FFF7DABF032B1B
:105F980010D10E4AB2F81E36B2F81C1699420ED02D
:105FA800D118013391F82206B2F820160B40A2F856
:105FB8001E367047064B186803689B69184700200F
:105FC800704700BFA8000020C8050020700E002000
:105FD8007C1D00200023A0F8EA34A0F8E834024B26
:105FE80018680368DB6918477C1D002010B507484E
:105FF800FFF7F0FF064B0022C3F81C26054B186874
:106008000368BDE81040DB69184700BFC8050020D9
:10601800700E00207C1D002038B5B0F8EA24B0F8D6
:10602800E8349B1A9DB21B04084B044618680368A1
:1060380048BF05F500751B6A48BFADB298474319BC
:10604800D4F8F006184480B238BD00BF7C1D00208B
:10605800F8B5D0F8F43690F81877CB1AB3F57A7FFC
:1060680004460E4626D2632B01D800207DE0012F7E
:106078000AD0022F19D0002FF7D1FFF7CDFFB0F5C6
:10608800806FF2D9012305E0FFF7C6FFB0F5806FF6
:1060980003D9022384F818370CE02046FFF7BCFF29
:1060A800B0F5C07FE1D20023F4E7FFF7B5FFB0F504
:1060B800806FE7D33448C4F8F466FBF74CF8334DE7
:1060C800334A2B681168C3F1000C411A614501DBA2
:1060D80099424BDD10600A232B601368B3F5FA7FF1
:1060E800BCBF4FF4FA7313601268D4F8F836522123
:1060F8004A4328496425B1F84C1092FBF1F26B43EE
:10610800B3FBF2F35F2B35D8552B35D83B2B03D98E
:106118004B2B34BF5B25322594F81837022B2DD032
:10612800012B2DD013B9002F18BF33254FF47A73E4
:10613800D4F80027314604F20470FBF7E5FB94F825
:106148001837FBB9642D0BD1D4F8F436A3F29A238F
:10615800C4F8F436D4F8F83603225B00B3FBF2F344
:10616800C4F8F83684F8FC560120F8BD002BB4DDDD
:10617800013BB1E70025CFE71E25CDE70025D5E790
:106188003225D3E70023EBE7801D0020080000201C
:10619800340300204800002070B5D0F8F43690F899
:1061A8001827CB1AB3F57A7F04460E4614D2032A71
:1061B80008D8DFE802F002092730FFF72DFFB0F515
:1061C800487F26D8002029E0FFF726FFB0F5AF6FFB
:1061D80011D9022384F81837304B94F81857B3F8BC
:1061E8004C00C4F8F466D4F8F836032D4ED8DFE82E
:1061F80005F03716494B2046FFF70EFFA328E1D8D4
:106208000323E7E7632BDDD9FFF706FFB0F5AF6F90
:10621800E2D20123DEE7002084F8180770BD2125AB
:106228004FF47A73D4F80027314604F20470FBF770
:106238006BFB94F818377BBB642D0BD1D4F8F4367C
:10624800A3F54873C4F8F436D4F8F83605229B0051
:10625800B3FBF2F3C4F8F83684F8FC560120DDE706
:1062680064210F4AB2FBF0F24B43B3FBF2F35F2B0E
:10627800D6D8552B0CD83B2B0CD94B2B34BF5B25D0
:106288003225CDE70025CBE75D25C9E76425C7E7BB
:106298001E25C5E70D46C3E70023DBE748000020BD
:1062A80050400100F8B5244F04463846FAF71CFF61
:1062B800FAF796FF064697F9A600FAF791FF054602
:1062C8003846FAF71AFF1D4B94F8FC2693F8353038
:1062D80084F87221333384F86531442384F86631B5
:1062E800FF22D4F8683184F874216D2262F3170311
:1062F800C4F86831C0F10A000023C4F86C3184F88E
:10630800813200B24FF43943A4F8823280F3070097
:10631800092384F8730184F8706104F5B07084F877
:10632800715184F8843204F5AA71FBF7B1FE204656
:10633800BDE8F840FFF7E2BD801D0020A80000205E
:106348002DE9F04F044685B0B4F82E270092B4F832
:1063580030270192B4F83227B0F828670292B4F8CF
:1063680038270378B0F822E7B0F824C7B0F81CA79C
:10637800B0F81E97B0F82087B0F82677B0F82A57FB
:106388000392B0F82C07B4F81A27A4F87A6100260B
:10639800B4F83617B4F834B7A4F86C21A4F874E14B
:1063A800A4F876C184F87C31A4F86EA1A4F87091A1
:1063B800A4F87281A4F8787184F87D61A4F87E51FC
:1063C800009AA4F88221019AA4F88421029AA4F8D8
:1063D8008621039AA4F88C21FF2284F8652144229F
:1063E80084F86621D4F86821A4F88A1184F88132E7
:1063F80046214FF4F84361F31702A4F882322623AA
:10640800A4F88001A4F888B104F5B07084F88E610E
:1064180084F88F6184F8906184F89161C4F86821E8
:1064280084F8843204F5AA71FBF732FE204605B0E1
:10643800BDE8F04FFFF762BDF0B591B0044600F239
:106448003A736D4600F25A76186859682A4603C2AC
:106458000833B3421546F7D120220DEB0200002184
:1064680004F05EFF94F8602794F85A370AB943F0AD
:106478000203224AA4F8703192F835202778D4F81C
:106488005C17C4F86C110023333284F8733110237D
:1064980084F87431D2B284F872716B4604F27516BE
:1064A8000DF1400C1D4603CD6545306071602B46EB
:1064B80006F10806F6D1442384F86631D4F8683129
:1064C80084F865214FF4D27262F31703C4F8683177
:1064D8004FF4A053A4F88232492304F5B07084F82D
:1064E800817284F8843204F5AA71FBF7D1FD204645
:1064F80011B0BDE8F040FFF701BD00BFA8000020C3
:1065080070B5244B90F8745793F83530044690F8DA
:10651800750784F86F016FF06E0084F870013333EB
:106528006FF02A0084F8710184F865311220442341
:1065380084F8720184F866310020D4F8683184F850
:1065480073014D2060F31703C4F868318F2394F862
:10655800721794F87327B4F8706784F883320A23A3
:1065680084F8741184F8811204F5B070A4F86C6191
:1065780084F86E5184F8752184F8822284F8843274
:1065880004F5AA71FBF784FD2046BDE87040FFF7CB
:10659800B5BC00BFA800002010B5224B017893F8C5
:1065A800352004464FF07E53C0F86C310023C0F804
:1065B8007031C0F87431C0F87831C0F87C31C0F857
:1065C8008031C0F8843184F88C31442384F86631F2
:1065D8003332D4F8683184F865214C2262F317030A
:1065E800082084F88801C4F86831022049F60103BC
:1065F80084F88901A4F882320120212384F88A11C1
:1066080084F88B0184F8811204F5B07084F8843220
:1066180004F5AA71FBF73CFD2046BDE81040FFF7E2
:106628006DBC00BFA8000020F0B54E78202E0D46A6
:106638008BB0044601F10C013AD8324601A804F0A7
:10664800D1FE01ABC6F121020021981904F068FEC1
:106658003D4B9DF8222093F8353033339A4270D160
:106668009DF82330442B6CD1BDF82030F62B02D096
:10667800B3F5FA7F65D1B4F87027A4F870379A4259
:106688001CBF002284F87527012284F86D276A79D7
:1066980084F87227AA7984F87327F62B4FF0020240
:1066A80084F8742713D0B3F5FA7F34D000232BE095
:1066B8000B4601AA05F12C0718685968164603C647
:1066C8000833BB423246F7D11B783370C0E71F4B03
:1066D800186803685B6A98470028E7D01C49039844
:1066E800FAF7DEFB98B11B490498FAF7D9FB70B1A9
:1066F80019490798FAF7D4FB48B1002384F874378E
:106708009DF82430012B10D184F8753719E0002347
:1067180084F87437CAE700230F49079884F8743758
:10672800FAF7BEFB0028C1D0EAE7022BBED194F8E5
:106738007527002ABAD084F87537084B1B68C4F847
:1067480078370BB0F0BD00BFA80000207C1D0020EA
:10675800000040400000884288AC9649942C0020F4
:106768004FF47F4303800023C0E90133C0E90333BA
:10677800436103767047000038B50023C0E907334A
:10678800C0E955334362C0F85C310446FBF71EFA92
:10679800254B9878022845D0431F58425841FEF7A8
:1067A80043FB40F2FF13A4F8EC34204B1B68002590
:1067B80003F57A73C4F8F43604F20470C4E9A255F8
:1067C800C4F89052A4F8EA54A4F8E854C4F8F0566F
:1067D80084F8FC5684F81857C4F8F856C4F80057DB
:1067E800FBF78CF884F81957294604F21A704022EE
:1067F80004F096FD7D2384F85A57C4F85C5784F852
:106808006057C4F86457C4F86857A4F86C37A4F8FC
:10681800725784F87557C4F878572046BDE8384051
:10682800FFF79EBF0120BAE748000020942C002003
:1068380010B40E4A92F82E20AAB102789AB10C4AE6
:106848000169126840F6C414511AA14202D910BC59
:10685800FFF786BF416831B94169511AFA2982BFE9
:1068680042610122027610BC704700BFA8000020D8
:10687800942C00204378032B06D1C068B0F5834FD1
:1068880034BF002001207047002070477FB50B46B9
:10689800324991F82D1000F128060229044600F12A
:1068A8001C02314668461BD1FEF7F8FE9DF8003001
:1068B800022B50D104F5B075324669462846FBF7DD
:1068C80093F9D4F8683123F07F436E2B2FD1244BF2
:1068D8009A78052A3DD8DFE802F030343806303897
:1068E800FBF7CAFAE2E75A6CB2F5613F94BF00229F
:1068F80001222046FFF7BEFFC8B9C2B194F86E3135
:10690800012B14D894F87231042B10D11549102298
:1069180004F27B1004F028FD48B9782384F8883104
:1069280084F8823184F87C312846FEF74FFA2046F5
:1069380004B0BDE87040FFF7E1BA5A6CB2F5E13F28
:10694800D4E75A6CB2F5614FD0E75A6CB2F5164FDE
:10695800CCE70122CDE704B070BD00BFA80000203D
:1069680048000020B0B600084378032B07D1C06860
:1069780044F2BF13984294BF0020012070470020C2
:10698800704700002DE9F04F844B0446ABB08448B3
:106998001D68FDF73AFAD4F8683740F6C312EB1AC7
:1069A800934204D894F96C37834200F0B6807D4E48
:1069B800C4F86857B17884F86C07052998BF7A4BF2
:1069C8008DF819009CBF33F81180784B8DF817109B
:1069D80098BF33F8115023788DF814304FF0000326
:1069E8004FF006078DF815304FF07F0388BF00255C
:1069F8008DF818303A46B6F84E30ADF80C300DF137
:106A08001A0088BFA846ADF80E308DF81670FAF750
:106A18001DFE7178DFF898913A4608A8FAF7ECFD60
:106A28005F48ADF81080ADF81250FDF7D7F9404235
:106A38008DF826005A48FDF7D1F94242D2B22046D5
:106A48008DF82720FFF790FF04F5B07504F5AA76B6
:106A58008046002864D099F835309DF826109DF9B5
:106A6800190000913333BDF80C1084F88721DDF844
:106A78001A209DF815B09DF816E09DF817C09DF9ED
:106A88001870BDF80EA0BDF81090BDF812800193E3
:106A9800A4F86C119DF81430009984F87901C4F8B1
:106AA8007A210898BDF81E2084F8743184F886117C
:106AB800A4F87E21A4F86EA1A4F87091A4F87281BC
:106AC80084F875B184F876E184F877C184F8787130
:106AD800C4F88001BDF82420A4F88421019A84F820
:106AE8006521442284F86621D4F8682184F881322B
:106AF8004EF68E21AB2361F3170284F88332C4F873
:106B0800682184F882B21C23284684F884323146EE
:106B1800FBF7BEFA2046FFF7F1F92BB0BDE8F08F7E
:106B28000146642211A804F0FBFB0DF10C0CBCE833
:106B38000F000AAF0FC79CE807006FF02E0387E825
:106B4800070084F86C3199F8357094F8009084F84F
:106B58006D811C2384F87031802284F86E9184F84A
:106B68006F810AA904F2711004F03CFC442384F8F4
:106B78006631D4F8683184F8819240F2811262F368
:106B880017033337FFB2C4F868314FF41343A4F83E
:106B9800823284F865718523B6E700BF942C002003
:106BA8003C1E0020480000202ABA000836BA000817
:106BB800A80000208A4B2DE9F04F1A68D0F86437F6
:106BC800D31A122BA7B0044640F20681DFF81492BC
:106BD800DFF814B299F80010C0F864278B1E5942E8
:106BE80059419BF9A000FAF713FB99F800109BF99B
:106BF800A23000908A1E514251419BF9A600019390
:106C0800FAF706FB9BF8A4300290012B9BF8A530FD
:106C180076480CBF03250125012B9BF8AA300CBF31
:106C280045F0080545F00405012B9BF8AB3008BF7B
:106C380045F01005012B0CBF45F0200545F0400537
:106C4800FDF700F9F9F740FF6949F9F795FF04F0F6
:106C580029FB6849F9F790FF0646634894F800A0B5
:106C6800FAF754FA80466048FAF75EFA99F8003065
:106C78000746022B20460CBF9BF8A9904FF000094D
:106C8800FFF772FE5C4B93F835303333DBB2039376
:106C980004F5B07B04F5AA730146002846D000220B
:106CA80084F86F21009A84F87221019A84F873217C
:106CB800029A84F875217F2284F8762184F8782155
:106CC80084F87A21039A84F865214422FF2184F804
:106CD8006621D4F8682184F8771184F879114EF682
:106CE8008D2161F31702C4F868214FF46062A4F89B
:106CF80082221722A4F86C5184F86EA184F870815E
:106D080084F8717184F87491C4F87B61C4F87F6168
:106D180084F881A284F8842258461946FBF7B8F90A
:106D2800204627B0BDE8F04FFFF7E8B86C22049082
:106D38000BA8059304F0F4FA4FF67F72ADF8222001
:106D4800ADF824207F22009B8DF826206FF02F02BB
:106D58000499ADF818508DF81E302578019B84F8F9
:106D68006C2117228DF81B108DF81F3084F86D11D7
:106D7800029B84F86F1184F8702106A9802284F898
:106D88006E5104F271108DF821308DF81AA08DF82B
:106D98001C808DF81D708DF82090CDF82760CDF8F7
:106DA8002B6004F01FFB442284F86621D4F8682184
:106DB800039B84F8653140F2811161F31702C4F82E
:106DC80068214FF41342A4F882228522059B84F897
:106DD800815284F884229FE727B0BDE8F08F00BF76
:106DE800942C00206B030020801D00207C030020D1
:106DF80000007A3A00007A44A8000020F0B54E78E6
:106E0800082E85B005460C4601F10C0717D8324606
:106E1800394601A804F0E6FA01ABC6F109020021DF
:106E2800981904F07DFA9DF80930032B05D1627991
:106E38002A70064A12682A616B7005B0F0BDC868EE
:106E480079683A7A01AB03C31A70ECE7942C0020F6
:106E580030B5037895B004461BB34A799A4220D1DD
:106E68004D784D2D01F10C011DD82A46684604F0D5
:106E7800B9FAC5F14E0200210DEB050004F050FAF5
:106E8800049B6360190EC3F3072242F2107000FBE3
:106E98000122C3F30743642101FB0323E360059B3D
:106EA800A36015B030BD4E22684604F09BFAE7E7B0
:106EB8008A68C2F317024C2A14D0942A09D09AB9C6
:106EC8000A4A92F82E207AB18B79012B0CD1FFF760
:106ED80095BF064A92F82E2032B18B79012B03D147
:106EE800FFF7B6BFFFF7A0BB704700BFA8000020A0
:106EF800B0F8EA34B0F8E824F0B5D21A93B2120424
:106F080044BF03F500739BB2DD2B85B0044609D856
:106F18002A4D00F5257600F52277286803685B6915
:106F2800984708B905B0F0BD286803689B69984779
:106F3800D4F8F02601320346C4F8F02631463A4622
:106F48006846FAF799FF9DF80030022BE5D104F561
:106F58007075324669462846FAF746FE184B93F88C
:106F68002D3004F27C76022B294630460FD1FEF7ED
:106F78000BF900239AB282420CD3002329462046FB
:106F8800C4F8F03605B0BDE8F040FFF791BFFAF756
:106F9800CEFDEEE7B4F8E814B4F8EC744A1C3A40B5
:106FA800B4F8EA7497421EBF0919F75C81F8EE74C9
:106FB80003F1010318BFA4F8E824DBE77C1D0020D7
:106FC800A80000202DE9F0414B4BDFF830811E6806
:106FD80098F800304A4F022B1EBF0023A0F8EA346D
:106FE800A0F8E83497F82D30013B012B044600F255
:106FF8008180FFF77DFF97F82E50002D5BD098F821
:107008000030022B4BD1012D3ED0022D42D000255D
:107018002046FFF70DFC94F8193743B1002384F894
:10702800193797F83030012B4FD0022B50D015B1BB
:107038002046FFF737F994F86D372BB1002384F811
:107048006D372046FFF75CFA94F87537022B11D19B
:10705800D4F87837F61AB6F57A7F0BD9B4F87037C2
:10706800F62B3ED0B3F5FA7F3DD00023A4F8703755
:1070780084F87537237E002B3CD0002323762046E6
:10708800BDE8F041FFF788BA31462046FEF7E0FF39
:107098000546BDE731462046FFF77EF8F8E7D4F805
:1070A800F436F31AB3F57A7F08D2002504F2047097
:1070B800FAF724FCACE7C4F8F466F7E73223C4F81F
:1070C800F46684F8FC360125F0E7FFF739F9AEE7F6
:1070D800FFF7B2F92046FFF76DFD2046FFF752FC97
:1070E800A5E7FBF795F9074B1A79002ABDD10122CC
:1070F8005A71BAE7BDE8F081942C00206B03002098
:10710800A80000203803002070B54C88B4F5427FF1
:1071180003464FF000000AD80D780B2D77D8DFE82A
:1071280005F0060F1C2C2F32383B54575B6DA2F12B
:1071380024046242488062410A7083F809033EE0F1
:107148004D2A01D0582A06D11A7002220A7000204E
:1071580083F8090370BD0022F8E702F0FD003C281F
:1071680001D0212AF7D15A701A784D2A0CBF08226B
:1071780003220A7000229A70E9E79A700422DBE77A
:107188009A800522D8E7988800EB02229A80062286
:10719800DCE7DA800722CFE7D88800EB022292B238
:1071A800002ADA800CBF0B220A220A7000224A80C9
:1071B800012283F80923DB88B3F5407F01D800203A
:1071C800C8E7002008704880C4E7DA800922B3E7DE
:1071D8009A800A220A70EBE7B4F5407F3CBFE418B6
:1071E80022724A88013292B24A80D88890429CBF63
:1071F8000B220A70012283F80923E0E783F80823A9
:1072080002220870488083F809230120A2E7087049
:107218004880D4E7CB88B3F5407F70B531D82423B4
:1072280003700B7843704B7883700B784D2B14D117
:10723800CB88C3708B88037105230022CD88D418AE
:107248009542A6B210FA84F415D891F80823227052
:10725800CA880132981880B270BD8B78C3708B8849
:1072680003718B881B0A4371CB888371CB881B0AF7
:10727800C3710823E1E78C180132247A845592B24D
:10728800DCE70020E8E700002DE9F74F16464A88BA
:10729800B2F5427F04460D462ED80B780A2B0FD93B
:1072A800A3F16402032A03D90020287068802DE026
:1072B800653B8F4F022B33D8DFE803F063A4A700A8
:1072C80000210A2BF0D801A050F823F00173000820
:1072D8001B730008B1720008B17200085F730008E0
:1072E8006D730008797300087F730008B172000895
:1072F800B1720008ED730008A6F124077E424FF032
:1073080000007E4168802E7084F8090303B0BDE850
:10731800F08F6F2E0CBF642300232B700020F3E73F
:1073280016F0040F14BF4D2358233E7023703A788B
:10733800D1070ED412F0020F14BF21233E2363702D
:10734800C2F3C003D20648BF43F00203A37004236C
:10735800E3E73C23F3E7A68005232B7084F80913A1
:107368000020D3E7A38803EB0623A3800623D4E7F2
:10737800E6800723F1E7E38803EB0623E380652330
:10738800CBE70DF106007E70FAF7CCFB3978FAF7F7
:10739800C1FBA7882179FAF7BDFB390AFAF7BAFBCE
:1073A800E788A179FAF7B6FB390AFAF7B3FB9DF833
:1073B8000630B34206D000232B706B80032384F879
:1073C8000933CDE7002F0CBF66230A232B70012356
:1073D80084F8093300236B80E288B2F5407FBFD977
:1073E8002B70BDE7B2F5407F3CBF121916726B884F
:1073F80001339BB26B80E2889A4201D866232B70D6
:107408000123DCE77E806723F9E7B7F8028097F865
:10741800009008EB06284FF6FF730DF106001FFADF
:1074280088F84946ADF80630A7F80280FAF70CFB51
:107438002679B4F804A03146FAF706FB4FEA1A2178
:10744800FAF702FB94F806B0B4F806A05946FAF722
:10745800FBFA4FEA1A21FAF7F7FA797804F10807E4
:10746800FAF7F2FA52463946FAF7FAFABDF8063050
:1074780043453AD119F0040015D086EA0B01E21D04
:10748800002398B2824584F8081307D80223012004
:1074980000222A706A8084F8093337E712F8010F4E
:1074A80001334140EDE7A178F9F75CFF217984F8D1
:1074B8000803F9F757FFA18884F80803090AF9F7C0
:1074C80051FFA17984F80803F9F74CFFE18884F8A3
:1074D8000803090AF9F746FFE28884F808033946E1
:1074E800F9F746FF84F80803D0E703230020CFE725
:1074F800481C0020CB88B3F5407F2DE9F0410446B5
:107508000D464AD84B783C2B40D0A3F1210043428A
:1075180043415B002A784D2AAA7808BF43F0040348
:10752800D10748BF43F0080392074FF024022270A6
:1075380048BF43F010036F226270A370AB88E370FA
:10754800AB881B0A2371EB886371EB88A71C1B0AA5
:10755800A3713846FAF720FC0822E071E988A2F105
:1075680008039BB2561C8B42B6B204EB02080FD339
:10757800063189B23846FAF78BFA88F80000000A13
:10758800A055E8880A3080B2BDE8F0810123C1E740
:107598002B441B7AA3543246E0E70020F4E710B5E9
:1075A80004462420207058206070237100201B0A94
:1075B800A170E2706371A071E0710522E11CF9F716
:1075C800D7FE2072092010BD40F2FF3370B50025A8
:1075D800A0F820367D2380F8543A04460560C0F8A8
:1075E8000E53A0F81E56A0F81C56A0F8425AA0F850
:1075F800445A80F8465AC0F8485AC0F84C5AC0F85D
:10760800505AC0F8585A00F6672103460A2600F671
:107618006D2011F8012F0AB1B6FBF2F2814283F80E
:10762800702A83F8715AC3F8745A03F10803F0D129
:107638001522FF2104F52A6003F072FEC4F8B85A37
:1076480070BD0000F8B5134A044692F83000F8B14E
:1076580092F82B2003B1DAB18E1E04F5226701F1EE
:107668001E0536F8020FF9F71AFEAE4227F8020F88
:10767800F7D1012384F8423A94F8453A83F001039C
:1076880084F8433A94F8463A83F0010384F8443A7C
:10769800F8BD00BFA800002070B5061D04460A46C4
:1076A80001463046FFF7F0FD18B304F6BC25314615
:1076B8002846FFF7AFFD0F4B0246186801680E69B0
:1076C8002946B04763793C2B13D121890A4804F62F
:1076D8005A2304F66622A4EB8404A4F5F7541C3C50
:1076E80033F8025F8D4204BF056844F82350934283
:1076F800F6D170BD7C1D0020942C002070B5124876
:1077080090F82D00451E012D0C460AD80F4E8D18F5
:10771800AC4200D170BD14F8011B3046FFF7B6F833
:10772800F6E7032809D10A4E8D18AC42F2D014F8B6
:10773800011B3046FFF7B0FFF7E7064B18680368F0
:10774800BDE870401B691847A8000020C805002044
:10775800700E00207C1D0020B0F81C36B0F81E26E4
:107768009B1A98B21B0444BF00F5806080B20038B1
:1077780018BF012070470000094B93F82D305A1E9E
:10778800012A02D80748FEF7CDBB032B02D10648D1
:10779800FFF7E2BF054B186803685B69184700BF2D
:1077A800A8000020C8050020700E00207C1D0020C5
:1077B80070B500F6BC240B4602223C212046FFF798
:1077C800EEFE054B0246186801680D6921462B46F6
:1077D800BDE87040184700BF7C1D0020114B37B52D
:1077E8001A68D0F8483AD31A122B19D9C0F8482A7F
:1077F80000F6BC24202300F6222001930090C82321
:1078080003223C212046FAF781FA074B0246186802
:1078180001680D6921462B4603B0BDE83040184782
:1078280003B030BD942C00207C1D00207FB5234B75
:107838001A68D0F84C3AD31AC72B04463CD9204DC5
:10784800C0F84C2A4FF480732846ADF80830F9F791
:107858004BFC06461B48FCF7C1FA01463046F9F7CF
:1078680067FD8DF80A002846F9F73EFCF9F75AFD3E
:1078780095F8A9308DF80B0028468DF80C30F9F7EB
:1078880045FC8DF80D002846F9F737FC072304F668
:10789800BC24019302AB8DF80E000093032241F241
:1078A8000D033C212046FAF731FA074B02461868C7
:1078B80001680D692146A84704B070BD942C0020CA
:1078C800801D00203C1E00207C1D002030B5214B6F
:1078D800044687B020481D68FCF797FAD4F8503A58
:1078E80040F6C312EB1A934203D894F9543A8342F0
:1078F8002DD0C4F8505A002384F8540A8DF8083063
:10790800F9F746FD154DADF809006978ADF80B009B
:1079180004220DF10D00F9F76FFEA97806220DF18A
:107928001100F9F793FE0F2304F6BC24019302AB70
:107938000093032241F20E033C212046FAF7E6F9B0
:10794800074B0246186801680D692146A84707B029
:1079580030BD00BF942C00203C1E002048000020B1
:107968007C1D002038B5204C0025FAF789FEFAF76F
:10797800B7FEFBF707FAFAF755FEFAF745FE1B497B
:107988001B4801F0C7F8FDF73FF9C4E90455A560A5
:10799800FF232373FAF7FAFF164B1D70FAF7DEFD83
:1079A800154B1648D02283F83223FAF785FE29466C
:1079B800204603F027FA124C4FF47A70FAF77CFE4F
:1079C800FCF778F80F48FBF723FAB4F84C100E4888
:1079D800FBF724FBFBF79AF90C4B0D48616C186018
:1079E800FBF706F938BD00BF3C1E0020CE00002082
:1079F8004C1C00201000002000E100E0E09304008F
:107A080048000020941C0020791D00207C1D0020C7
:107A18001800002073B51648164C4FF6FF7103F096
:107A280031FB206023689B0712D5134E35798DB141
:107A38000F4808236A46002103F0B5F9D6E9040285
:107A4800DDE900139A4208BF884201D00023236071
:107A580002B070BD02236A460548294603F0A3F91F
:107A6800064BDA8BBDF800309A4218BF2560EFE765
:107A78003C1E0020B80500203803002048000020E4
:107A8800034A00231370034A1370034A13707047A4
:107A9800C3050020741E002070030020024A002342
:107AA8001370024A13707047C3050020741E00202B
:107AB80008B5437E203B042B0FD8DFE803F0050E02
:107AC800030B0F00FCF7D6FC064A01231370064A85
:107AD800137002E0054B01221A7008BDFBF7DEFFA8
:107AE800F2E700BFC3050020741E002070030020C9
:107AF800034B1B78012B01D1FCF75EBC704700BF1C
:107B0800C30500202DE9F043074699B03D48FCF72E
:107B18008BFF0646002860D03B4B1C78002C5CD1BC
:107B28003A4B1B78022B54D1DFF8E4900DF10C0886
:107B380025464846ECB2FFF71FFE40B14846FEF71F
:107B48001DFA0135522D08F8010BF2D12C463148A7
:107B58002146F9F7BFFE3048F9F7B6FEDFF8A480F2
:107B68002E4D98F802308DF800304FF0010995F845
:107B7800A4308DF80530284685F8A5708DF8067074
:107B88008DF80190F9F7B0FA8DF802002846F9F758
:107B9800BDFA8DF803002846F9F7C6FA204F8DF88C
:107BA80004000EB3184B1B78CBB91E48234603AA12
:107BB8006946FCF713FB194801233B70F9F7C2FA31
:107BC8001648F9F7C8FA012388F8033019B0BDE858
:107BD800F0830F48FEF70AFAC0E70024BEE7114811
:107BE8006946FFF785FFE6E73B7803B9FEE70D48EE
:107BF8006946FCF73FFA284687F80090F9F7A7FA94
:107C08002846DEE7581E0020741E00206B03002063
:107C180014000020E41D0020BC1D0020801D002051
:107C2800310300201E1D002070B5CB78284DC3F30A
:107C3800000385F8AA304B79C3F3801385F8AB307D
:107C48000646C87840080C46F9F7C4FA85F8A60035
:107C580023792048C3F3000385F8A7302379C3F3B9
:107C6800450385F8A8306379227903F03F035B0068
:107C780043EAD21385F8A93021461EB9BDE8704001
:107C8800FCF72CB9FCF769F9A37803F0F003202B73
:107C980004D12046BDE87040FFF70ABFFFF7FEFE9B
:107CA8000D4B1B78022B12D1A2790C4804F1190153
:107CB8005208FFF723FDA17905F178004908F9F783
:107CC80009FE05F15000BDE87040F9F7FDBD70BD33
:107CD800801D00209C1C00206B0300201400002045
:107CE80070B5054658B9194B19491C7819480379D4
:107CF8004BB1012C28D0BDE87040F9F7E3BF164B13
:107D080016491C78F2E7012C154B164E13D98A78C0
:107D1800C2F3C0025A7002221A70E31E5842584138
:107D2800FFF782FF3046F9F7D9F9032C05D1304621
:107D3800F9F7D7F901E001221A7086F8A45009482A
:107D4800BDE87040F9F7C8B970BD00BFC005002094
:107D5800D01E002038030020C10500202B1F002062
:107D6800581E0020801D00200A4B1A7910B50446C1
:107D78002AB10146BDE810401846FCF7CDBDFFF713
:107D8800C1FE054B05491B7F20465B22BDE810401C
:107D9800FCF7A4BD38030020480000201E1D002069
:107DA800244B1A7970B505460E4632B10A46BDE82D
:107DB800704001461846FCF7D9BF1F4A1F495B238C
:107DC800FCF782FD45BB1D48FCF752F8044628B372
:107DD8001B491C48FAF7DEF905F130011948C9B208
:107DE800FAF7CCF918491748FAF7D4F9204602F0FF
:107DF800E3FE01461348FAF7CDF912480A21FAF7CB
:107E0800BDF9012C06D0042C11D001240F492846B5
:107E1800FCF7C0FD204670BD0748D5E72EB10C48D9
:107E2800FBF7ACF80CB10224F0E70324EEE7002ED0
:107E3800F9D0F4E7380300202B1F0020D01E0020C3
:107E4800C1B600080C000020C8B60008801D00203C
:107E5800791D0020024B1878831E584258417047FC
:107E68006B03002070B500239CB2A24200D870BDFD
:107E7800058886886C1C34404688A6421EBF2D188B
:107E8800CE5CAE7103F1010318BF0480ECE700007B
:107E98002DE9FF47B0F81E36B0F81C26D21A93B267
:107EA800110444BF03F580639BB2E62B04460CD84B
:107EB800744EDFF8D49100F21C6704F2123830686F
:107EC80003685B699847054610B904B0BDE8F087B8
:107ED800306803689B69984704F20E3102464046B1
:107EE800FFF712F90028EAD094F813333E2B52D149
:107EF800B4F81633B3F5005F32D194F8983A7BBBE7
:107F0800039304F2273004F69F214FF0010C11F877
:107F1800012FFF2A0FD04FEAD20E02F0070210F805
:107F28000EE04EFA02F2D20741BF039A0CFA03FEA2
:107F380042EA0E0203920133152BE8D1042304F61A
:107F4800BC2A019303AB009302223E2142F6FF7341
:107F58005046F9F739FF514602463846FFF782FF87
:107F6800B4F81633772B47D11522FF2104F52A6080
:107F780003F0D6F90023B4F818E304F219359C4647
:107F88009AB2964523D894F8145384F898CA85F081
:107F98000205C5F3400594F81333212B44D1B4F8F6
:107FA800163341F20D02934236D041F20E0293424B
:107FB80036D0002D81D004F6BC2541462846FFF76F
:107FC80099FA294602463846FFF74CFF75E715F837
:107FD80001AF2E4A00201179514507D15179142952
:107FE80004D8214481F8A03A0133C9E701303B287D
:107FF80002F10802EFD1F7E743F201029342CAD136
:1080080094F81233582BC6D1214B1D7915B901228A
:108018005A71C0E70025BEE7012384F8453A4CE7CA
:10802800012384F8463A48E73C2BC2D1B4F816A39A
:10803800BAF1440FBDD194F81233582BB9D1306836
:10804800D4F81A5303685B6A984700283FF435AFA1
:108058004D457FF432AF0F4B1B68C4F8B83A04F6AD
:10806800BC250023CDE90033022253463E21284691
:10807800F9F74CFE024630680168D1F810802946AD
:10808800C0471AE77C1D002091D512004CD000088B
:1080980038030020942C00202DE9F0473A4B1B7838
:1080A800022B04460CD00023A0F81E36A0F81C367C
:1080B80090F86D3A13B10A22B2FBF3F384F8983AB8
:1080C800324B93F82D30032B2DD12046FFF7E0FEDD
:1080D80094F8422A3AB1002384F8423A2046BDE88F
:1080E800F047FFF77BBB94F8433A33B184F8432A4F
:1080F8002046BDE8F047FFF799BB94F8448AB8F1E9
:10810800000F06D084F8443A2046BDE8F047FFF750
:10811800DDBB1F4B1E68D4F8583AF31A632B04D8FA
:10812800D4F8B83A4BBBBDE8F087C4F8586A25467E
:1081380004F65C2704F1300940F6AB5A95F8702A2A
:10814800AAB195F8713A0133DBB29A420BD885F897
:10815800718AD5F8743AF31A534508D939882046F4
:10816800FFF726FB03E085F8713A002BF1D00835BC
:108178004D4507F10207E1D1D2E7F61AB6F57A7F45
:10818800D1D9FAF745F900BF6B030020A8000020F9
:10819800942C00202DE9F7438F4E3378012B00F201
:1081A800E0800BB9FAF784F9FFF7DCFB8B4B002270
:1081B8001A809A708A4B10229A6207244CF2503027
:1081C800013CFAF74FFAFAF777FA14F0FF04F5D101
:1081D800844802F086FF013880B24FF6FD7398425A
:1081E80003D981490120FCF70FFC804B804F1C60AC
:1081F800804B7C481C60391DFBF716FE7E48FCF757
:1082080067F997F82020202A00D9FEE797F8280078
:108218007A4D796AB7F82C9097F829C097F82A30E0
:10822800A871052800D9FEE7DFF8D48158F830E0B6
:10823800BEF1000F00D1FEE708EBC008C5F808E062
:1082480098F804E098F8058085F807E085F80C8030
:1082580085F8D500A5F80E9085F8D440B9F1000F3F
:1082680000D1FEE7724524BF0EF1FF3E5FFA8EF2A1
:1082780005286A7400F09C80012800F2A1800CF1A6
:10828800FF30C0B200F08B80022813D8581EC0B24D
:10829800032809D80C2A01D90C206874687C9042FC
:1082A80000D96A74644608E0122A84BF12236B74EA
:1082B8000023F3E7052B28BF002350482246F9F78F
:1082C80070FA00244F4B2C744C48FF251D705D70CC
:1082D800FBF7B8FD0146434802F0B9FD4A4B4B484D
:1082E8001C704B4B1C704B4B1C804B4B1C704B4BEE
:1082F8001C704B4B1C704B4B1C704B4B1C704B4BEE
:108308001C704B4B1C70FFF7BBFB4A4BB7F84E2059
:108318001C70494B97F840101C70484B1C70B7F8FC
:108328004C30F8F7A0FEB7F84C104548F9F7C5F9F6
:108338004448FCF771FB444B444893F8291000F07B
:10834800F6FB4348FEF718FA4248FFF73DF925487F
:10835800FBF75BFD404B1C80404B1C80FAF7E0FCB0
:108368003570FAF7E7FC002800F09780294A13884F
:108378000BB1013B1380264B184A19781388022940
:1083880022D12BB3013B9BB213809278002A67D08D
:10839800002B6ED1FAF758F9FAF764F969E0022868
:1083A80004D80C2A01D90C236B746446002384E793
:1083B8000CF1FF33022BF9D8082AF6D90823F3E782
:1083C8000E48F9F795F97CE7002BDBD1C723DBE7EB
:1083D80040F2F313D8E700BFC01C0020BC05002002
:1083E800000400483C1E0020CAB60008B40500205E
:1083F80048000020B8050020380300207C03002036
:1084080044BA0008C11C0020C2050020801D0020BD
:108418006B0300206E0300206C030020680300201B
:10842800690300206A030020C1050020C005002060
:10843800C40500207303002072030020B00500204B
:10844800601E0020581E0020A80000204C1C0020A0
:10845800C8050020700E0020701E0020721E00202B
:108468000229A54840F08B800BB9FAF7EDF81023E4
:108478008362A24C2388002B00F08780013B9BB2CB
:108488009F482380FCF79AF89E48FBF7BEFC238898
:108498001BB99D499D48F9F77DFE9D4D9D4C297856
:1084A800002975D0022900F09C80236853B32B78EB
:1084B800032B40F0A2802368DB070ED5964A0023E1
:1084C8002360137843F001011170944A92F85A20FE
:1084D8000AB19F0701D500232B70236893B1236845
:1084E800990548BF236823689A0748BF236823680B
:1084F8008B4ADB0748BF236800231370894A23602F
:108508002B701370884B1A7802F0FF07002A00F0CE
:10851800DB8100201870834B1E7806F1FF3CDCF1EC
:10852800000848EB0C08002E7AD0FFF7D9FB7F4AE9
:108538000023012E137205D87D4A1377D383136263
:108548007C4A13707C4C2278012A00F28780012E25
:1085580013D97A4E96F8A8303E2B6AD8784996F8FF
:10856800A760087C002E72D183425DD04A7C0B74D0
:108578009A429CBF00230B74B846002777E0082274
:108588008262002B7FF475AF06E740F2E73377E7A6
:10859800694B1B7843B16A4A137C507C0133DBB2C8
:1085A8009842137498BF11746548FBF74BFC014659
:1085B800544802F04CFC53484FF6FF71F9F7F4FFAA
:1085C80002F0DBFC4F48002102F00BFD544A012366
:1085D8002B7000231370534A13705A4A1360236098
:1085E80063E75948FCF736F9504B187AFFF7BCFB9C
:1085F80003232B70484A0023EEE7012B7FF46DAF6D
:10860800236898077FF569AF454B1978B1FA81F16E
:10861800002049092060FFF7C3FB424B18705CE754
:108628004A4B01221A7082E74948017841F001015A
:1086380001704849002A40F095803F2B444B0A704E
:108648004FF0010028BF032220701A7008E083420F
:108658008CD13F48017841F00201E9E7012E8CD91D
:108668002E4BB3F850203C4B1A8002232B702378F2
:10867800002B40F0A080B8F1000F00D02B703749D4
:10868800264A0B78B2F852200133DBB293420B70C2
:108698002B4B0ADB1A7C587C0132D2B2904298BF2D
:1086A80000221A7400220A702A7093F8D420002A33
:1086B80000F08D80B3F8D820B3F8D610013292B20A
:1086C8009142A3F8D82000F28280002293F8D500C6
:1086D800D989A3F8D82006220130C0B2062828BFBD
:1086E800002041FA00F6F6076DD51D4A52F83020F1
:1086F800002A55D1FEE700BF00040048701E002084
:10870800380300203C1E0020D4B600080C000020CE
:10871800C2050020B8050020C4050020480000203C
:10872800C1050020C005002071030020601E002044
:10873800C8050020700E00206B030020801D00205B
:108748007C030020B4050020C11C0020581E002016
:10875800680300206C0300206E03002069030020DA
:1087680044BA00080B78994801330278DBB20B70E1
:1087780072B9974A92F854209A423FF671AF954BD6
:108788001B78032B06D1022323700123037067E7AC
:108798000522F1E7531EDBB29A420B70F3D95FE76B
:1087A80083F8D500F9F7A2F88B48FBF7AFFE002352
:1087B8002B7023785BB1894B1B8843B9884A237097
:1087C80013702B7003E0013A12F0FF0284D1854B3D
:1087D80000221A702278002A00F0F1801FB90122C5
:1087E8001A7002232B708048FBF7CCFA2378022BEF
:1087F80002D07E4B00221A707D4A138813B9744B3D
:10880800B3F84E30013B9BB2138013B97948F8F79F
:10881800AEFC7848F8F75FFC2378022B0BD075483C
:10882800F8F709FC237833B9FFF738F9724A0123BE
:108838001370724A1370724E3046FAF7CDFA727896
:10884800654B012A04D100217170197901B95A7157
:108858006148FBF7DDFEFBF7F3FE0128064607D06B
:1088680002282DD0674B05221A7003B0BDE8F083AB
:10887800574F5948FBF76CFEB7F84C30624A6348CB
:1088880003EB830303EB83039B001380FAF776FB68
:108898005F4AB7F84C1082F8D46041F28833B3FBD2
:1088A800F1F3A2F8D6300023A2F8D830594A0821AB
:1088B800916110219162584A237096702B70D1E70C
:1088C800564B01221A70CDE74E49554A0B781BB119
:1088D800013BDBB20B7013B11378002B34D0514D30
:1088E800514895F828100024147000F04BF94F4BAC
:1088F8001B78022B42D13B4F3E4897F80090F8F77F
:10890800F3FB80463B48F8F701FC494923464A46B1
:10891800CDE90080444800F04DFC4348FCF7E0F9FD
:108928003A78444944482346FDF7B0FA3A78414931
:1089380042482346FEF786FE95F8263095F8332000
:108948003B493F48FBF7A6FF374800F043FD3A484C
:10895800FEF738FB3948FFF79FFB304B1B78002B9D
:1089680083D02148FBF70EFA2A4B10229A6108227D
:108978009A61FBF783F80123337076E7134B1B7872
:10898800C3B16FF07E03009301231A462849264895
:10899800019400F00FFC244800F00BF901231A465B
:1089A80024492548FDF772FA0123224923481A462B
:1089B800FEF748FE224B95F826205A70C4E72B781C
:1089C80013F0FD0F3FF40FAF13E700BF6A03002059
:1089D8004800002068030020380300206E030020B0
:1089E80069030020B00500203C1E0020581E00200E
:1089F800721E0020801D0020C3050020741E002068
:108A0800941C00207303002044000020791D0020DE
:108A18007C03002000040048BC05002070030020EF
:108A280072030020A80000204C1C00206B030020CB
:108A38009C1C0020701C0020C8050020700E00201F
:108A4800C11C002008B5FFF7A5FBFCE71C4B1D4A1D
:108A580010B51A601C4B1D4A1D4C1A605A619A6267
:108A6800DA631A651B4A5A669A671B4AC3F88C2050
:108A7800204600F043F8194B2360194B002240F2BE
:108A8800FF11C3F8E824C3F8EC14164BC3F81C26EE
:108A9800C3F8502A7D2283F8542A134A40F2FF3142
:108AA800506AC3F82016916A03F65C2403C4D06A9E
:108AB8002060106B928EC3F8680AA3F86C2A10BD68
:108AC8003C1E0020E0B60008801D002048B60008C3
:108AD8004C1C002030B600083CB6000868B70008F7
:108AE800C8050020700E002020B400087047002040
:108AF80070470020704700207047000010B5044BF5
:108B08000446012140F8043BF8F742FA204610BD1C
:108B18002CD2000838B5242204460D46FF23002134
:108B280003618182104402F0FBFBE56038BD38B573
:108B38000D46017CA942044615D0012918D0022906
:108B480012D011B903685B6898470023012D63743C
:108B5800257413D0022D0ED02DB923685B6801212E
:108B680020469847607438BD0368DB680021EBE74E
:108B780003689B68FAE72368DB68F0E723682946FF
:108B88009B68EDE70430F8F711BA037C012B10B5A8
:108B98000ED100F1160301F10C0251F8044B43F811
:108BA800044B9142F9D10A881A8040F2011343829A
:108BB80010BD037C012B0BD148F28113C3824FF403
:108BC80001420023C0E90632038440F201134382C4
:108BD8007047F0B5054689B008880C4616461F460A
:108BE800F8F74EFB9DF806308DF8050023F00703D3
:108BF800C0F30220034360888DF80630F8F740FB85
:108C08009DF8063000F01F0203F0070343EAC20391
:108C18008DF806309DF80730C0F3451023F03F0368
:108C28000343A0888DF80730F8F72AFB9DF8073032
:108C380000F0030203F03F0343EA82138DF8073084
:108C4800C0F387038DF808309DF80930C0F3802001
:108C580023F001030343E0888DF80930F8F710FB8F
:108C68009DF8093000F07F0203F0010343EA420354
:108C78008DF809309DF80A30C0F3C31023F00F03B4
:108C8800034320898DF80A30F8F7FAFA9DF80A307C
:108C980000F00F0203F00F0343EA02138DF80A30C5
:108CA8009DF80B30C0F3061023F07F03034360895F
:108CB8008DF80B30F8F7E4FA9DF80B3000F001025C
:108CC80003F07F0343EAC2138DF80B30C0F3470368
:108CD8008DF80C309DF80D30C0F3412023F00303CC
:108CE8000343A0898DF80D30F8F7CAFA9DF80D30C6
:108CF80000F03F0203F0030343EA82038DF80D30CE
:108D08009DF80E30C0F3841023F01F030343E0895D
:108D18008DF80E30F8F7B4FA9DF80E3000F007021F
:108D280003F01F03C0F3C70043EA42138DF80F0096
:108D3800208A8DF80E30F8F7A3FA9DF811308DF8D7
:108D4800100023F00703C0F302200343608A8DF864
:108D58001130F8F795FA9DF8113000F01F0203F072
:108D6800070343EAC2038DF811309DF81230C0F3AF
:108D7800451023F03F030343A08A8DF81230F8F71B
:108D88007FFA9DF8123000F0030203F03F0343EA34
:108D980082138DF81230C0F387038DF813309DF8D5
:108DA8001430C0F3802023F001030343E08A8DF8D8
:108DB8001430F8F765FA9DF8143000F07F0203F0DC
:108DC800010343EA42038DF814309DF81530C0F3CF
:108DD800C31023F00F030343208B8DF81530F8F7E9
:108DE8004FFA9DF8153000F00F0203F00F0343EA25
:108DF80002138DF815309DF81630C0F3061023F0D5
:108E08007F030343608B8DF81630F8F739FA9DF825
:108E1800163000F0010203F07F0343EAC2138DF815
:108E28001630C0F347038DF817309DF81830C0F39B
:108E3800412123F003030B43A08B8DF81830F8F77A
:108E48001FFA9DF8183000F03F0203F0030343EACD
:108E580082038DF818309DF81930C0F3841023F080
:108E68001F030343E08B8DF81930F8F709FA9DF8D2
:108E78001930218C00F0070203F01F0343EA421364
:108E88008DF81930628C40F2A953994288BF0121AC
:108E9800C0F3C70098BF00219A428DF81A0088BF16
:108EA80041F002010EB141F004010FB141F0080197
:108EB8000F238DF8043000238DF81C302B688DF8B3
:108EC8001B101B68192201A92846984709B0F0BD54
:108ED80030B5054689B008880C46F8F7DEF99DF8E4
:108EE80008308DF8070023F00703C0F3022003437E
:108EF80060888DF80830F8F7D0F99DF8083000F050
:108F08001F0203F0070343EAC2038DF808309DF8F7
:108F18000930C0F3451023F03F030343A0888DF8C0
:108F28000930F8F7BAF99DF8093000F0030203F0A8
:108F38003F0343EA82138DF80930C0F387038DF8A5
:108F48000A309DF80B30C0F3802023F0010303435F
:108F5800E0888DF80B30F8F7A0F99DF80B3000F099
:108F68007F0203F0010343EA42038DF80B309DF8BA
:108F78000C30C0F3C31023F00F03034320898DF88E
:108F88000C30F8F78AF99DF80C3000F00F0203F066
:108F98000F0343EA02138DF80C309DF80D30C0F32F
:108FA800061023F07F03034360898DF80D30F8F72E
:108FB80074F99DF80D3000F0010203F07F0343EAD5
:108FC800C2138DF80D30C0F347038DF80E309DF8AD
:108FD8000F30C0F3412023F003030343A0898DF829
:108FE8000F30F8F75AF99DF80F3000F03F0203F000
:108FF800030343EA82038DF80F309DF81030C0F365
:10900800841023F01F030343E0898DF81030F8F72C
:1090180044F99DF8103000F0070203F01F03C0F375
:10902800C70043EA42138DF81100208A8DF81030EA
:10903800F8F733F99DF813308DF8120023F0070381
:10904800C0F302200343608A8DF81330F8F725F93E
:109058009DF8133000F01F0203F0070343EAC20330
:109068008DF813309DF81430C0F3451023F03F03FA
:109078000343A08A8DF81430F8F70FF99DF81430DF
:1090880000F0030203F03F0343EA82139DF8162021
:109098008DF81430C0F387038DF8153022F00102E3
:1090A800C0F380231343E08A8DF81630F8F7F5F8FB
:1090B8009DF8163000F07F0203F0010343EA4203F3
:1090C8008DF816309DF81730C0F3C31023F00F0346
:1090D8000343208B8DF81730F8F7DFF89DF8173029
:1090E80000F00F0203F00F0343EA02138DF8173064
:1090F8009DF81830C0F3061023F07F030343608BFC
:109108008DF81830F8F7C9F89DF8183000F001020A
:1091180003F07F0343EAC2139DF81A208DF8183034
:10912800C0F347038DF8193022F00302C0F341233E
:109138001343A08B8DF81A30F8F7AFF89DF81A3062
:1091480000F03F0203F0030343EA82038DF81A306C
:109158009DF81B30C0F3841023F01F030343E08BFA
:109168008DF81B30F8F799F8019B03F07F42104BFC
:10917800134301939DF81B3000F0070203F01F030F
:10918800C0F3C70043EA42138DF81C000DF1060135
:10919800172200208DF81B30F8F7EAF82B688DF8B5
:1091A8001D001B681A2201A92846984709B030BD3E
:1091B800C81816002DE9F04700F124079DF920A0F2
:1091C8009DF8249090461E4604463B4601F1240231
:1091D80051F8040B43F8040B9142F9D1251D394687
:1091E8002846F7F707FFE1684B7966B1042B77D873
:1091F800DFE803F07C76345C03004FF00423C4E915
:1092080009330026B046E3681D796B1E0B2B07D87F
:1092180050460435F8F70AF8EDB204EB45056884C2
:10922800E3681D7B6B1E0B2B07D848460435F8F7FF
:1092380018F8EDB204EB45056884637C002B55D023
:10924800237C012B46D013F0FD0F4FD13346424605
:1092580039462046BDE8F047FFF7BBBC01F11303D0
:1092680004F1220001F11F054FF0780C13F9012FCA
:10927800C2EB8222AB4292FBFCF202F5806220F83C
:10928800022FF3D104F13A02233140F2FF7513F8AB
:10929800010F48B102280CBF28464FF4806099425C
:1092A80022F8020FF3D1AEE70120F8E704F1220318
:1092B80004F146024FF4806123F8021F9342FBD168
:1092C80002212846F7F7B4FE103004EB40000023D3
:1092D800838098E739462046BDE8F047FFF7F8BD98
:1092E800042B90D813F0FD0F8DD0E9E7BDE8F08787
:1092F80030B54B7B032B85B005460C4642D191F91E
:109308000000F8F70FF88DF8030094F90100F8F75A
:1093180009F8A3788DF80530E3788DF804008DF806
:109328000630207B23798DF80730F7F7F3FF8DF8A7
:10933800080094F90600F7F7C8FF8DF8090094F9BA
:109348000700F7F7EFFF237A8DF80B30637A8DF873
:109358000C3040F6C8438DF80A00ADF800300DF126
:10936800020114230B2200208DF80230F8F700F8D0
:109378002B688DF80D001B680E2269462846984711
:1093880005B030BD022B03D1FF238DF80330BCE7B5
:1093980091F90000F7F7C6FF8DF80300FF20B8E742
:1093A800837C10B5044633B1F9F7E6FCE37C1BB1C6
:1093B8000023A082E37410BDA28A801A80B2B0F59F
:1093C8007A6FF8D9A37404F116012046BDE810405D
:1093D800FFF78EBF427C22B1037C012B01D1FFF73E
:1093E800DFBF704730B59BB0202200210BA801F0E9
:1093F80097FF1822002102A801F092FF1C4A136867
:1094080023F4C06343F400731360136803F4C06368
:109418000193019B01224FF48033CDE908230023F7
:109428000A9310210623CDE915134FF400330224C3
:10943800032517934FF0005C4FF0007308A8CDE99F
:109448001345CDE9183C00F03BFB08B172B6FEE7C6
:10945800CDE90400CDE906004F23214602A8CDE955
:10946800023500F0C7FD08B172B6FEE71BB030BD8B
:1094780000040058104B07B51A6842F480721A604D
:109488001A6842F400721A601A6822F480621A603C
:1094980000F096F8FFF7A6FF4FF0B043DA6C42F001
:1094A8000102DA64DB6C03F001030193019B03B052
:1094B8005DF804EBFFF7C6BA004000587047FEE7B6
:1094C800FEE7FEE7FEE7FEE7704770477047F9F7EB
:1094D80041BC70470D488546FFF7FBFF0C480D4916
:1094E8000D4A002302E0D458C4500433C4188C42F7
:1094F800F9D30A4A0A4C002301E013600432A2425D
:10950800FBD301F043FFFFF7B5FFFEE700000120A2
:10951800000000202800002018D3000828000020A0
:10952800D02C0020FEE770474FF0B04310B59A6B7F
:109538004FF0FF329A63D96BDA630024996B9C630E
:10954800D96BDC63196C1A64196C1C64596C5A6405
:10955800596C5C64996A9A62996A9C62D96ADA62FF
:10956800D96ADC62196B1A631A6B1C63FFF7DBFF9D
:10957800204610BD38B5104C237805460BB901209C
:1095880038BD00F08DFA22784FF47A73B3FBF2F30A
:10959800B0FBF3F000F074F804460028EFD10F2D6B
:1095A800EDD8024629464FF0FF3000F037F8034B5C
:1095B80020461D60E4E700BF2000002024000020B2
:1095C80010B5032000F018F800F06AFA064B18608E
:1095D8000F20FFF7CFFF044618B9FFF76FFF2046AB
:1095E80010BD0124FBE700BF1C000020014B1868D8
:1095F800704700BF942C00200749CA6822F4E06233
:109608000302120403F4E063120C134343F0BF6334
:1096180043F40033CB60704700ED00E0164B30B5E3
:10962800DC68C4F30224C4F10703251D042B28BFFA
:109638000423062D4FF0FF358CBF033C002405FAA8
:1096480003F321EA0303A54022EA0502A340002808
:1096580043EA0203ACBF00F16040084A4FEA031333
:10966800B8BF00F00F00DBB2AABF00F56140135489
:1096780080F8003330BD00BF00ED00E014ED00E0DD
:109688000138B0F1807F0BD24FF0E023054A5861D2
:10969800F02182F823100020072298611A61704790
:1096A8000120704700ED00E00A4A536943F4802323
:1096B80030B55361EFF3108472B60023CD58C5500E
:1096C8000433B3F5807FF9D11369DB03FCD484F349
:1096D800108830BD00400058064B5A69002ABFBFA9
:1096E800054A9A6002F188329A60BABF5869C00F79
:1096F800002070470040005823016745044B5A6911
:1097080042F000425A615869C043C00F704700BF19
:109718000040005870B50546FFF768FF124E044632
:109728003369D90313D43369DA0744BF012232619C
:109738004CF2FA32134011D10B4E306910F48020EC
:109748000BD0FFF753FF001BA842F6D304E0FFF746
:109758004DFF001BA842E3D3032070BD024A1361EA
:10976800024A01205360F8E700400058982C002076
:109778002DE9F041184D98462B78012B06460C46EA
:10978800174626D001232B704FF47A7000236B60A4
:10979800FFF7C0FFA0B9012E16D1104A536943F054
:1097A800010353612760BFF36F8FC4F804804FF43F
:1097B8007A70FFF7AFFF094A536923EA060353613A
:1097C80000232B70BDE8F08139462046FFF76CFF77
:1097D800EDE70220F6E700BF982C00200040005873
:1097E800054A536923F47E7343EAC00040F480308D
:1097F80040F0020050617047004000582DE9F041E8
:10980800234F3B78012B054688463FD001233B7008
:109818004FF47A7000237B60FFF77CFF044688B919
:109828002B68042B13D11B4A536943F4803343F04C
:10983800040353614FF47A70FFF76CFF0446154B2D
:109848001A681B6800233B702046BDE8F0814FF082
:10985800FF33C8F800306E68D5E901321344B342CB
:109868000AD93046FFF7BCFF4FF47A70FFF752FF72
:1098780050B1C8F800600446064A536923F47E7361
:1098880023F002035361DAE70136E5E70224DBE758
:10989800982C002000400058024A136843F4807353
:1098A8001360704700040058024B186800F4C06049
:1098B800704700BF000400584FF0B0431868C0F369
:1098C800404070474FF0B0431868C0F340007047FD
:1098D8004FF0B042536823F47F4343EA00235360B8
:1098E80070474FF0B0431868C0F3406070470000FD
:1098F8007FB54FF0B0432C4AD3F80831C0F30310BA
:1099080003F00F0352F82040284A52F82330B4FBE2
:10991800F3F4FFF7C9FF264B054693E80700B5F5B2
:10992800007F04AB03E9070010D0224B9C4218D3F8
:1099380003F5B70303F67F539C4229D903F5741343
:1099480003F510639C4225D802230BE01A4B9C4276
:1099580007D91A4B9C421BD903F5370303F5D85393
:10996800F0E7002304AA02EB830353F80C4C144DD0
:109978002B6823F0070323432B60FFF737FE0646C7
:109988002B6803F007039C4206D1002004B070BD89
:109998000123E7E70024EAE7FFF728FE801B0228F7
:1099A800EED90320F2E700BF9CD200083CD20008A1
:1099B80058B40008C0CF6A00BFEA21013F933402BF
:1099C800004000584FF0B04310B59A68D96812F0BB
:1099D8000C0205D00C2A4AD101F00303012B50D107
:1099E8004FF0B0412B480B6813F0080306D00B6802
:1099F80013F0080337D1D1F8941007E00C68240756
:109A080056BFD1F894300968C3F3032350F82330C4
:109A1800002A0CBF184600204FF0B0418A6802F0B7
:109A28000C020C2A1ED1CA6802F00302022A2ED0A8
:109A3800032A06D10B68184A13F4801F174B18BF66
:109A480013464FF0B042D068D168D268C0F3062000
:109A58005843C1F302130133B0FBF3F0530F013342
:109A6800B0FBF3F010BD0B68C3F30313CEE7042A71
:109A78000AD0082A05D11B6813F4801304D10748BB
:109A8800CAE700231846C7E703480023C4E7024B88
:109A9800D7E700BF9CD200080024F4000048E80182
:109AA80008B5FFF78FFF4FF0B043044A9B68C3F334
:109AB800031352F82330B0FBF3F008BD3CD2000882
:109AC8002DE9F0410446002853D04FF0B0439D687B
:109AD800DE6803689B0605F00C0506F0030668D5EA
:109AE800026A1DB10C2D46D1012E44D1002A40D066
:109AF8004FF0B043A16A1A68170756BFD3F89430DD
:109B08001B681B0903F0F00399421FD90846FFF7A9
:109B1800EFFE00282DD14FF0B042136843F0080340
:109B280013601368A16A23F0F0030B431360606AA3
:109B3800FFF7CEFEFFF7B4FFAB4B1860AB4B1868CE
:109B4800FFF718FD002834D0BDE8F0814FF0B0428F
:109B5800136843F008031360136823F0F0030B4302
:109B68001360606AFFF7B4FE0846FFF7C1FE0028DD
:109B7800E0D00120E8E74FF0B043002A54D01A683B
:109B880042F001021A60FFF731FD0746FFF79AFE1F
:109B9800002842D04FF0B042136843F00803136026
:109BA8001368A16A23F0F0030B431360606AFFF7A0
:109BB8008FFE2368D80748D42368990700F18C8062
:109BC80023681E0740F1FA80A3694FF0B046002BC6
:109BD80000F0E180D6F89430E16903F01002914278
:109BE80000F0C48003F00302022AC2D0D80740F173
:109BF800B380D6F8943023F00103C6F89430FFF709
:109C0800F5FC0746D6F89430990740F1A580FFF790
:109C1800EDFCC31B112BF5D904E0FFF7E7FCC01BD3
:109C28000228B3D903208FE71A6822F001021A60CC
:109C3800FFF7DCFC0746FFF745FE0028B9D0FFF721
:109C4800D5FCC01B0228F6D9ECE7082D03D00C2D53
:109C580005D1032E03D16368002BADD189E74FF0FE
:109C6800B043A1681A6822F480120A431A60626835
:109C7800B2F5803F10D11A6842F480321A60FFF7BB
:109C8800B5FC0746FFF718FE002895D1FFF7AEFC94
:109C9800C01B6428F6D9C5E7B2F5041F04D11A68B9
:109CA80042F400121A60E6E7196821F4803119605D
:109CB800196821F400111960002AE0D1FFF796FC19
:109CC8000746FFF7F9FD00283FF476AFFFF78EFC53
:109CD800C01B6428F5D9A5E7042D236903D00C2DF2
:109CE8000ED1022E0CD1002B3FF443AF4FF0B042FF
:109CF8006169536823F0FE4343EA016353605FE7F9
:109D08004FF0B046BBB1336843F480733360FFF75C
:109D18006DFC074633685A0507D57368626923F0F6
:109D2800FE4343EA026373604AE7FFF75FFCC31B25
:109D3800022BEFD976E7336823F480733360FFF79B
:109D480055FC074633685B057FF53AAFFFF74EFCD5
:109D5800C31B022BF6D965E74FF0B042E169D2F890
:109D6800943023F010030B43C2F894304FF0B047FF
:109D7800D7F8943043F00103C7F89430FFF736FC66
:109D88000646D7F894309A0718D4FFF72FFC831BA0
:109D9800112BF6D946E7D6F8943023F00103C6F81C
:109DA8009430FFF723FC0746D6F894309B0705D577
:109DB800FFF71CFCC31B112BF6D933E723685807A0
:109DC80054D50B4F3B68D90514D4FFF765FDFFF751
:109DD8000DFC06463B68DA050CD4FFF707FC831B2D
:109DE800022BF7D91EE700BF1C000020240000202A
:109DF80000040058E3684FF0B046002B58D023F019
:109E08008003052B02BFD6F8903043F00403C6F850
:109E180090304FF0B046FFF7E9FBD6F8903043F0AA
:109E280001030746C6F8903041F28838D6F89030DA
:109E38009B0705D4FFF7DAFBC31B4345F6D9F1E6C8
:109E4800E36823F00403812B1BD1FFF7CFFBD6F87F
:109E5800903043F08003C6F8903007464FF0B04684
:109E680041F28838D6F89030180504D5E06A002801
:109E78004AD1002068E6FFF7B9FBC01B4045F1D97D
:109E8800D0E6FFF7B3FBD6F8903023F08003C6F88E
:109E9800903007464FF0B04641F28838D6F89030F7
:109EA8001905E3D5FFF7A2FBC01B4045F6D9B9E673
:109EB800FFF79CFBD6F8903023F080030746C6F8DE
:109EC800903041F28838D6F890301A0516D4FFF74A
:109ED8008DFBD6F8903023F00103C6F89030074682
:109EE8004FF0B04841F28836D8F890309B07BDD57E
:109EF800FFF77CFBC31BB342F6D993E6FFF776FB6B
:109F0800C01B4045DFD98DE60C2D4ED04FF0B04335
:109F180002281A6822F080721A6033D1FFF766FBB4
:109F28000546FFF7DEFC38BBD4E90C314FF0B042F0
:109F38000B43D0682D4901400B43E16B0B43216C67
:109F48000B43616C0B43A16B43EA0123D360136895
:109F580043F080731360D36843F08053D360FFF7F6
:109F680045FB0446FFF7BDFC002882D1FFF73EFB06
:109F7800001B0A28F6D955E6FFF738FB401B0A28CC
:109F8800CFD94FE6FFF732FB0446FFF7AAFC30B9FA
:109F98004FF0B042164BD1680B40D360D4E5FFF7C1
:109FA80025FB001B0A28F0D93CE601283FF4CCAD7C
:109FB8004FF0B043226BDB6803F0030191427FF45A
:109FC800D8AD616B03F070028A427FF4D2ADA16B09
:109FD80003F4FE42B2EB012F7FF4CBAD626C03F0C9
:109FE800604393423FF445AFC3E500BF8C80C11185
:109FF800FCFFFEEE2DE9F0410D46044610B90120A4
:10A00800BDE8F081684E336803F007038B4216D32E
:10A0180023689A0727D54FF0B047A268BB6823F09A
:10A02800F0031343BB60FFF7E1FA0646BB68DB03A6
:10A0380019D4FFF7DBFA831B022BF7D911E0336839
:10A0480023F007030B433360FFF7D0FA0746336862
:10A0580003F00703AB42DBD0FFF7C8FAC01B0228A6
:10A06800F5D90320CCE72368580617D54FF0B04739
:10A078006269D7F8083123F00F0343EA1213C7F8CF
:10A088000831FFF7B3FA0646D7F80831D90305D4E3
:10A09800FFF7ACFA831B022BF6D9E2E723685A07CD
:10A0A80013D54FF0B047E268BB6823F4E06313436D
:10A0B800BB60FFF79BFA0646BB689B0305D4FFF716
:10A0C80095FA831B022BF7D9CBE72368180714D519
:10A0D8004FF0B0472269BB6823F4605343EAC203D8
:10A0E800BB60FFF783FA0646BB68590305D4FFF740
:10A0F8007DFA831B022BF7D9B3E72368DA070FD45D
:10A10800294C236803F00703AB4239D8FFF7C8FC92
:10A11800264B1860264BBDE8F0411868FFF72ABAAD
:10A128006268022A1DD1FFF7C7FB00283FF467AF1A
:10A138004FF0B04641F28838B36823F00303134365
:10A14800B360FFF753FA0746B368626803F00C037D
:10A15800B3EB820FD4D0FFF749FAC01B4045F3D9BF
:10A168007FE7032A02D1FFF7BCFBDEE712B9FFF74E
:10A17800A9FBDAE74FF0B0431B685B05D8D43EE78C
:10A18800236823F007032B432360FFF72FFA0646C3
:10A19800236803F00703AB42B8D0FFF727FA801B08
:10A1A8000228F5D95DE700BF004000581C000020D8
:10A1B8002400002030B5046891FAA1F3B3FA83F3C0
:10A1C80003255B0005FA03F324EA030391FAA1F1DE
:10A1D800B1FA81F149008A401A43026030BD00009B
:10A1E800B0F1904F0BD14FF0B043DA6A42F0010260
:10A1F800DA62DA6A22F00102DA6201207047144B4F
:10A20800984209D14FF0B043DA6A42F00202DA62AA
:10A21800DA6A22F00202EFE70E4B984209D14FF0BA
:10A22800B043DA6A42F00402DA62DA6A22F004021F
:10A23800E2E7094B984209D14FF0B043DA6A42F09D
:10A248008002DA62DA6A22F08002D5E700207047DD
:10A258000004004800080048001C00482DE9F84F99
:10A268000E460F6897FAA7F54FF0010BB5FA85F57A
:10A278004FF0030A4FF00F0837FA05F302D1012017
:10A28800BDE8F88F0BFA05F43C4053D0D6F804909B
:10A2980021464A46FFF78EFF09F1FF33012B19D8F3
:10A2A800B368816894FAA4F2B2FA82F252000AFA08
:10A2B80002F221EA020294FAA4F1B1FA81F149000A
:10A2C8008B40134383604268F36822EA04026343C5
:10A2D800134343603369C16894FAA4F2B2FA82F274
:10A2E80052000AFA02F221EA020294FAA4F1B1FA3F
:10A2F80081F149008B401343B9F1020FC36015D1B6
:10A30800FF2C716918D8026A94FAA4F3B3FA83F39C
:10A318009B0008FA03F322EA030294FAA4F3B3FABF
:10A3280083F39B0001FA03F3134303624A46214671
:10A33800FFF740FF01359FE7426A230A93FAA3FC1F
:10A34800BCFA8CFC4FEA8C0C08FA0CFC22EA0C02D2
:10A3580093FAA3F3B3FA83F39B0099401143416244
:10A36800E4E74FF0B0431868C0F3005070474FF06F
:10A37800B0431868C0F3802070474FF0B043D3F85B
:10A388009000C0F3400070474FF0B0431868C0F326
:10A39800C00070474FF0B0431868C0F34060704782
:10A3A8004FF0B043044A9B68C3F3031352F82330B9
:10A3B800B0FBF3F0704700BF3CD200084FF0B04349
:10A3C800034A9B68C3F3022352F82330D8407047EE
:10A3D8007CD200084FF0B04238B5916801F00C010A
:10A3E800082950D017D889B3042900F08C80FFF7CA
:10A3F800CBFF46490246002876D1FFF7C5FF4FF04C
:10A40800B043012816BFD3F894201B68C2F3032277
:10A4180051F822002AE00C29E9D1D36803F003039C
:10A42800022B5FD0032B37D0FFF7AEFF374C014626
:10A4380000284AD1FFF7A8FF012816BFD2F89410C8
:10A448001368C1F3032154F821302CE0FFF79CFF77
:10A458002E4D044658B9FFF797FF012816BFD2F8CA
:10A4680094401368C4F3032455F8240038BDFFF75B
:10A478008BFF01280ABF1168D2F89430C1F3031189
:10A4880055F82100F2E7FFF76CFF214B0146214800
:10A49800012908BF1846E9E7FFF763FF1D4A1C4B6F
:10A4A800012818BF13464FF0B042D068D168D2686F
:10A4B800C0F306205843C1F302130133B0FBF3F095
:10A4C800530F0133B0FBF3F0D0E7FFF75DFF01282E
:10A4D8000BBF1368D2F89430C3F30313002354F866
:10A4E8002330E0E70A4BDEE7FFF74EFF4FF0B043BB
:10A4F80001280BBF1B68D3F89430C3F30313002360
:10A5080051F82300B2E70248B0E700BF9CD2000828
:10A518000024F4000048E8014FF0B04307B51A687A
:10A5280042F001021A601A689207FCD51A6822F0F4
:10A53800F00242F060021A605A6822F47F425A60C0
:10A548005A6822F0FE4242F080425A604FF4E022FC
:10A558009A601A6801920199104A0A400192019A78
:10A568001A60FFF717FF0028FBD14FF0B0430C4AE1
:10A57800DA6040F23F3298610192019A1A62D3F888
:10A58800942042F40002C3F8942001204FF4403292
:10A59800C3F8082103B05DF804FB00BFFFF4CEFE4A
:10A5A8000010042210B54FF0B0440328D4F88830C6
:10A5B8002AD11F4A03F0030343F44033934209D0DE
:10A5C800B3F1031F0DD0013A934211D1BDE81040F9
:10A5D800FFF700BFFFF7CBFE0128164818BF002081
:10A5E80010BDFFF7CAFE431E58425841C003F7E7A3
:10A5F800FFF7F0FEFFF7D4FEA3680F4AC3F3C223A8
:10A6080052F82330D840EBE7034043EA00400B4BB5
:10A618009842DFD0B0F10C1FE3D0043B9842D5D06C
:10A62800FFF7D8FEFFF7BCFEBDE81040FFF7C6BE37
:10A63800020003000024F4007CD2000808000C008B
:10A648000F4B98420BD14FF0B0431A6C42F4805232
:10A658001A641A6C22F480521A6401207047094B5C
:10A6680098420AD14FF0B0439A6B42F480429A6301
:10A678009A6B22F480429A63EFE70020704700BF8C
:10A68800003001400038004003685B0670B50246A0
:10A698002DD4D1E900363343CE68056848690C6A81
:10A6A80033430E6933438E6903433343CE6925F43C
:10A6B8007F45334325F0BF0523432B43136053687D
:10A6C8008D6823F4706323F0040345EA10401843AF
:10A6D800B5F5006F50603EBF536843F48053536034
:10A6E800B4F5005F01D18B8C1361012000E00020DC
:10A6F800D36923F40063D36170BD00001A4A03686C
:10A70800904210B502D0B0F1804F09D14C6823F0C7
:10A718007003904243EA040309D0B0F1804F06D099
:10A72800124A904203D002F58062904203D1CA686F
:10A7380023F44073134303608B68C3620B888362FE
:10A74800094B984207D003F5C053984203D003F54C
:10A758008063984201D10B690363436943F00103A5
:10A768004361012010BD00BF002C0140004401409E
:10A77800B1F5805F30B500F0F08009D8102975D0A8
:10A78800B1F5807F00F0AE80012935D0002030BDC2
:10A79800B1F5803F00F00E81B1F5801FF6D1036A54
:10A7A800146823F480130362036A416D21F08071F9
:10A7B80021F4E04141EA0424116923F4001343EA37
:10A7C8000153516823F4801343EA015391498842A5
:10A7D80007D001F5C051884203D001F58061884255
:10A7E80006D14168956921F4802141EA85214160BB
:10A7F800D2684465C26536E0036A156823F0010330
:10A808000362036A4168846924F4803424F0730481
:10A818002C43156923F002032B43556823F00103E9
:10A828002B437C4DA84207D005F5C055A84203D05C
:10A8380005F58065A84212D1556923F0080343EA5B
:10A848008503956823F0040343EA8503956921F499
:10A8580080712943D56921F4007141EA4501D26824
:10A868004160846142630362012090E7036A1568CE
:10A8780023F010030362036A4168846924F080743A
:10A8880024F4E64444EA0524156923F0200343EA46
:10A898000513556823F0100343EA05135D4DA842DC
:10A8A80007D005F5C055A84203D005F58065A84234
:10A8B80013D1556923F0800343EA8513956823F083
:10A8C800400343EA8513956921F4806141EA8501D3
:10A8D800D56921F4006141EAC501D268416084610B
:10A8E8008263C0E7036A156823F480730362036A0E
:10A8F8004168C46924F4803424F073042C43156936
:10A9080023F4007343EA0523556823F4807343EA6C
:10A918000523404DA84207D005F5C055A84203D0ED
:10A9280005F58065A84213D1556923F4006343EA0D
:10A938008523956823F4806343EA8523956921F488
:10A94800805141EA0511D56921F4005141EA4511C8
:10A95800D2684160C461C26385E7036A156823F45D
:10A9680080530362036A4468C16921F0807121F44D
:10A97800E64141EA0521156923F4005343EA05330A
:10A98800556823F4805343EA0533224DA84207D083
:10A9980005F5C055A84203D005F58065A84204D145
:10A9A800956924F4804444EA8514D2684460C161FE
:10A9B800026458E7036A146823F480330362036A65
:10A9C800416D21F4803121F070010C43116923F4A9
:10A9D800003343EA0143516823F4803343EA0143D7
:10A9E8000C49884207D001F5C051884203D001F5CF
:10A9F8008061884206D14168956921F4803141EA35
:10AA0800052141604465816DD268090C0904114330
:10AA1800816528E7002C01400F4B98420BD14FF07D
:10AA2800B0431A6C42F480421A641A6C22F48042D1
:10AA38001A6401207047094B98420AD14FF0B0437D
:10AA48009A6B42F400329A639A6B22F400329A634A
:10AA5800EFE70020704700BF003801400044004085
:10AA680038B50368DB0704460D464DD42A69AB6840
:10AA7800016813436A691343EA691343234A0A4086
:10AA8800134303604368EA6823F440531343436065
:10AA98008368AA6923F44073134383601C4B98426C
:10AAA80020D10320FFF77EFD2B68F0B16A68E2B180
:10AAB8000B2B15D8174951F82330E969B0FBF3F08F
:10AAC800B1F5004F4FEA520319D103EB4003B3FB32
:10AAD800F2F34FF6F0721A40C3F342031343E360F4
:10AAE800012003E00C4B984207D00020E26A2B8833
:10AAF80022F00F021343E36238BD0C20D2E703446F
:10AB0800B3FBF2F39BB2EAE70020F5E7F369FFEF46
:10AB180000380140DCD200080044004030B5302441
:10AB280042F20F75A84212D80C703021B0F57A7F26
:10AB380014D211703022632816D81A7030230928CD
:10AB480017D8039A1370049B3030187030BDA0F5E5
:10AB58001C5001341038E4B280B2E3E70131A0F5AB
:10AB68007A70C9B280B2E1E701326438D2B280B2F9
:10AB7800E1E701330A38DBB280B2E0E713B50B1D19
:10AB88000193CB1C00934A1C8B1C0C46FFF7C6FF95
:10AB98000023637102B010BD03099F2800F00F0065
:10ABA80094BF3033373309280B7094BF30303730B7
:10ABB800002348708B70704708B50249FFF7ECFF17
:10ABC800084608BDB02C002013B503688DF807109F
:10ABD8009C680DF107010123A04702B010BD07B51D
:10ABE80003688DF807101B6901220DF107019847CA
:10ABF80003B05DF804FB2DE9F0411D4603680446E7
:10AC08005B690F4616469847236820461B68984795
:10AC1800221D39462046FFF7D7FF2DB123682A4663
:10AC28001B69314620469847236820465B68984749
:10AC3800236820469B69BDE8F0410C2118472DE99F
:10AC4800F0411E46036804465B6915460F4698475F
:10AC5800236820461B689847221D39462046FFF77F
:10AC6800B3FF20460021FFF7BAFF23682046DB68C0
:10AC7800324629469847236820465B68BDE8F0417C
:10AC880018472DE9F0411F46036804465B690D46E5
:10AC980016469847236820461B689847221D204679
:10ACA8000D21FFF791FF290A2046FFF798FFE9B227
:10ACB8002046FFF794FF236831463A4620461B6931
:10ACC8009847236820465B689847236820469B6915
:10ACD800BDE8F0410C21184707B501238DF807207E
:10ACE8000DF10702FFF7CDFF03B05DF804FB2DE976
:10ACF800F0411F46036804465B690D4616469847AF
:10AD0800236820461B689847221D20461D21FFF70F
:10AD18005BFF290A2046FFF762FFE9B22046FFF7EA
:10AD28005EFF20460021FFF75AFF23682046DB68B4
:10AD38003A4631469847236820465B68BDE8F041AB
:10AD4800184707B501230DF10702FFF7D0FF9DF85B
:10AD5800070003B05DF804FB2DE9F0411E460368C7
:10AD680004465B690F4615469847236820461B68CA
:10AD78009847221D20460E21FFF726FF3946204618
:10AD8800FFF72DFF23682946324620461B6998475E
:10AD9800236820465B689847236820469B69BDE87E
:10ADA800F0410C2118472DE9F0411E46036804467E
:10ADB8005B690F4615469847236820461B689847E5
:10ADC800221D20461E21FFF7FFFE39462046FFF7C9
:10ADD80006FF20460021FFF702FF23682046DB68B4
:10ADE800324629469847236820465B68BDE8F0410B
:10ADF800184710B5002304461A46C021FFF7FBFE8A
:10AE0800207910BD37B504460D468DF8071001238B
:10AE180080210DF10702FFF7EEFE2368012D9B69E3
:10AE28000CBF322140F2DC51204603B0BDE830406F
:10AE3800184737B501230C468DF807100DF10702A6
:10AE48008A210546FFF7D7FEAC7103B030BD07B5C0
:10AE5800042309BA01910DEB03028621FFF7CBFE0B
:10AE680003B05DF804FB07B502238DF804108DF8D4
:10AE780005208F2101AAFFF7BEFE03B05DF804FB91
:10AE880037B58DF8063000238DF8073004230446C3
:10AE980015468DF804108DF805208B210DEB030263
:10AEA800FFF7A9FE40F689012046FFF74AFF062D65
:10AEB80016BF40F0040200F0FB02D2B240F689014E
:10AEC80020468DF80420FFF707FF03B030BD73B5A7
:10AED80015468DF8033000229DF818309DF81C6047
:10AEE8008DF8002004468DF801108DF804308C216F
:10AEF80006236A468DF802508DF80560FFF77BFE41
:10AF080040F236712046FFF71CFF5EB100F0FB02ED
:10AF180040F2367120468DF80020FFF7DDFE65719E
:10AF280002B070BD40F00402D2B2F1E707B55BBAD7
:10AF3800ADF80430BDF810305BBAADF8063049BA48
:10AF4800082352BAADF80010ADF8022019466A4637
:10AF5800FFF751FE03B05DF804FB07B5022301AA11
:10AF68001221FFF76CFE9DF804309DF8050000EBF8
:10AF7800032080B203B05DF804FB07B5022349BA89
:10AF8800ADF8041001AA1946FFF735FE03B05DF8C5
:10AF980004FB07B502238DF804108DF805208E21D7
:10AFA80001AAFFF728FE03B05DF804FB13B56FF0A4
:10AFB8007F43994228BF19460B0C04468DF804308C
:10AFC8000B0A8DF805308DF8061001AA032383219A
:10AFD800FFF711FE236864219B692046984702B059
:10AFE80010BD13B56FF07F43994228BF19460B0C6B
:10AFF80004468DF804300B0A8DF805308DF80610DC
:10B0080001AA03238221FFF7F6FD236864219B69C7
:10B018002046984702B010BD37B503230D461446A5
:10B02800142101AAFFF70BFE9DF804305B085B4270
:10B038002B809DF90530002BB8BF03339B1023707C
:10B0480003B030BD10B543680D4A23F07F4323F0A9
:10B05800FF039342044611D1002240F60211FFF784
:10B068003BFE40F644112046FFF76BFE40F002021B
:10B07800D2B240F644112046FFF72EFE10BD00BFA5
:10B088000001010070B505460E46FFF766FF314620
:10B0980004462846FFF771FFA30702D52846FFF7A5
:10B0A800D1FF204670BD07B5002914BF40232023D7
:10B0B8008DF807300DF1070201239321FFF79BFD5F
:10B0C80003B05DF804FB10B5002304461A46C121FD
:10B0D800FFF791FD236820469B69BDE81040462193
:10B0E800184708B5FFF785FE80B208BD07B50023ED
:10B0F800ADF8043001AA02230721FFF77CFD03B055
:10B108005DF804FB07B5130C8DF8053052BA04231B
:10B118008DF80410ADF8062097210DEB0302FFF718
:10B128006AFD03B05DF804FB08B50A4640F6AC01B9
:10B13800FFF7D2FD08BD10B540F6D8010446FFF769
:10B1480000FE40F01E02D2B240F6D8012046FFF7BA
:10B15800C3FD10BD08B50A4640F6E701FFF7BCFD80
:10B1680008BD000007B5054B019304230DEB03024E
:10B178009521FFF740FD03B05DF804FB04070001CB
:10B1880007B502238DF804108DF80520982101AA2F
:10B19800FFF731FD03B05DF804FB0000000000007C
:10B1A80013B504461C48B0FBF1F1080C8DF80000FB
:10B1B800080A8DF8010004988DF803208DF80430F2
:10B1C8008DF80210F5F71EF911A3D3E90023F5F75E
:10B1D800BDFAF5F7A3FB030C8DF8053043BA6A46B0
:10B1E800ADF80630204608238B21FFF704FD40F612
:10B1F80089012046FFF7A5FD40F00402D2B240F6CF
:10B20800890120468DF80020FFF766FD02B010BDC9
:10B21800000000008084EE3F0000093D1FB58DF856
:10B2280007309DF818308DF808309DF81C308DF8DF
:10B2380009309DF820308DF80A309DF824308DF8BB
:10B248000B3049BA9DF82830ADF804108DF8062067
:10B258008DF80C3001AA09238C21FFF7CCFC05B02E
:10B268005DF804FB07B5002349BAADF80010ADF846
:10B27800023001936A4608234FF4D861FFF701FDB5
:10B2880003B05DF804FB13B503230C4601AA14218F
:10B29800FFF7D5FC9DF806305B085B42238002B0BF
:10B2A80010BD0000C0F3C7537F3B162B10B50146F5
:10B2B80014DC002B07DA013300F0004101D141F022
:10B2C8007E51084610BD084A1A411042F9D04FF481
:10B2D80080011941014421EA0201F2E7802BF0D1F3
:10B2E800F5F742FB0146ECE7FFFF7F00884210B507
:10B2F80001EB020402D98442234607D8431EA14227
:10B3080008D011F8012B03F8012FF8E70244014691
:10B318008A4200D110BD13F8014D02F8014DF7E73C
:10B3280002440346934200D1704703F8011BF9E732
:10B3380010B50246147813460132002CFAD1013BAD
:10B3480011F8012B03F8012F002AF9D110BDC9B259
:10B358000346184613F8012B12B18A42F9D17047F7
:10B36800002918BF0020704710B56AB10139841848
:10B3780010F8012B11F8013F9A4203D1A04201D0E5
:10B38800002AF5D1D01A10BD1046FCE770B50D4D56
:10B398000D4C641BA4100026A64209D10B4D0C4C81
:10B3A80000F02EF8641BA4100026A64205D170BD3B
:10B3B80055F8043B98470136EEE755F8043B9847A3
:10B3C8000136F2E70CD300080CD300080CD30008B0
:10B3D80014D30008034611F8012B03F8012B002AA7
:10B3E800F9D170470A44914200F1FF3300D1704708
:10B3F80010B511F8014B03F8014F9142F9D110BD76
:10B40800F8B500BFF8BC08BC9E467047F8B500BF49
:08B41800F8BC08BC9E46704719
:10B4200018120C1801010119190119190106060158
:10B4300006060103030103030102020102020112D5
:10B440000C01120C00206C0002206A006D007700D5
:10B4500002050102020100000000000001000000DE
:10B46000020000006D696E2C00206D572C00322EFA
:10B470003447003931354D003836384D00343333D8
:10B480004D003730636D003836364D004455414C21
:10B49000003F003530487A003331487A003139486E
:10B4A0007A00464C52430046534B003139487A37B4
:10B4B0007800011F136F011300D57FAAFE2B815462
:10B4C00029FC5683D702A87D52872DF8AC79D30684
:10B4D0007BAE04D18550FA2FA471DB0E5A8F25F074
:10B4E0008D58F22773A60CD9F623895C08DD77A264
:10B4F000DF0AA07521F45E8B9D48E23763B61CC954
:10B50000B461CB1E4A9F35E0CF1AB06531E44E9B43
:10B51000E633994C18CD67B239EC4693C712B86D33
:10B5200010C56FBAEE3B91446BBE14C19540EA3F23
:10B5300042973DE8BC69C316EF3A904511C46EBB13
:10B54000C613B96C38ED4792BD68C21743963CE903
:10B550009441EB3E6ABF15C04B9E34E1B560CA1FF3
:10B5600062B71DC89C49E33619CC66B3E732984DE3
:10B5700030E54F9ACE1BB16472A70DD88C59F326D3
:10B580005B8E24F1A570DA0F20F55F8ADE0BA174C3
:10B5900009DC76A3F722885DD603A97C28FD5782B3
:10B5A000FF2A805501D47EAB8451FB2E7AAF05D0A3
:10B5B000AD78D20753862CF961626364656667686B
:10B5C000696A6B6C6D6E6F70717273747576777873
:10B5D000797A303132333435363738395F232D2E8E
:10B5E000000001000100020002000200030004004C
:10B5F0000500060008000A000C00100014001900E5
:10B600002000280032003F00500064007D009E00B2
:10B61000C800FA003C019001F40176022003E8031F
:10B62000E204DC05D007000000000000000000007C
:10B630009D1800080000000000000000A918000884
:10B64000000000000000000085180008000102044E
:10B65000050301020001020503046D6C72732E30B4
:10B6600000536574757053746172745374783452F6
:10B670007800536574757053746172744D61726BA8
:10B6800065720021656E642100453737204D424CBC
:10B69000204B697420574C45354343006D4C525341
:10B6A00001020304006D4C525304030201000A001E
:10B6B00040504152414D2F706172616D2E70636B2D
:10B6C000006661696C20610020005378206E6F7401
:10B6D000206F6B002E000000000000000000000042
:10B6E0005121000869210008412900086D2900083E
:10B6F0008B29000895250008F5190008C11A0008D3
:10B700000000000000000000D7190008232D0008E9
:10B71000F92B0008392B00080F2B0008D91A000854
:10B720009D2B0008F51A0008692B0008191B00085A
:10B730000000000000000000D7190008D919000817
:10B74000DB190008DD190008E1190008E3190008F9
:10B75000E7190008EB190008ED190008F1190008B5
:10B760000000000000000000534B0008F14B0008EF
:10B77000D54B0008B54B0008000000000000000099
:10B78000D7190008351B0008DB190008DD1900086F
:10B790000577000881770008855F0008F55F0008DD
:10B7A000ED190008F1190008414E474C4500484F7B
:10B7B00052495A4F4E004E415620414C54484F4C2E
:10B7C000440048454144494E4720484F4C440048B6
:10B7D00045414446524545004845414441444A009C
:10B7E00043414D53544142004E415620525448006B
:10B7F0004E415620504F53484F4C44004D414E55FA
:10B80000414C00424545504552004C454453204F61
:10B810004646004C4947485453004F5344204F4636
:10B82000460054454C454D45545259004155544FDE
:10B830002054554E4500424C41434B424F58004620
:10B8400041494C53414645004E4156205750004116
:10B850004952204D4F444500484F4D4520524553D5
:10B86000455400474353204E415600465056204110
:10B870004E474C45204D495800535552464143458B
:10B8800000464C415045524F4E005455524E2041B7
:10B890005353495354004E4156204C41554E434852
:10B8A00000534552564F204155544F5452494D0074
:10B8B00043414D45524120434F4E54524F4C20314D
:10B8C0000043414D45524120434F4E54524F4C206E
:10B8D000320043414D45524120434F4E54524F4C4C
:10B8E0002033004F534420414C542031004F5344E7
:10B8F00020414C542032004F534420414C542033BB
:10B90000004E415620434F5552534520484F4C441A
:10B91000004D43204252414B494E4700555345523A
:10B92000310055534552320055534552330055535B
:10B93000455234004C4F49544552204348414E47EC
:10B9400045004D5350205243204F564552524944D2
:10B95000450050524541524D00545552544C4500FB
:10B960004E415620435255495345004155544F20AE
:10B970004C4556454C205452494D00575020504C90
:10B98000414E4E455200534F4152494E47004D499A
:10B990005353494F4E204348414E47450042454589
:10B9A000504552204D555445004D554C5449204664
:10B9B000554E4354494F4E004D4958455220505220
:10B9C0004F46494C452032004D495845522054526B
:10B9D000414E534954494F4E00414E474C45204833
:10B9E0004F4C440047494D42414C204C4556454C34
:10B9F0002054494C540047494D42414C204C455637
:10BA0000454C20524F4C4C0047494D42414C20433D
:10BA1000454E5445520047494D42414C204845410E
:10BA200044545241434B45520000800CD007B704A8
:10BA3000C71B800CB7040410020A0B0697230410DE
:10BA40000B060000000000000000000000000000E5
:10BA500000000000000000000000000000000000E6
:10BA60000000000000CE00080300000000000000FD
:10BA700000000000800080FF000001000A000A00B2
:10BA80000E0019001400640016009E0061626364D9
:10BA900065666768696A6B6C6D6E6F7071727374DE
:10BAA00075767778797A30313233343536373839BC
:10BAB0005F232D2E0000000000070E091C1B12152D
:10BAC000383F363124232A2D70777E796C6B62657E
:10BAD000484F464154535A5DE0E7EEE9FCFBF2F56E
:10BAE000D8DFD6D1C4C3CACD90979E998C8B82855E
:10BAF000A8AFA6A1B4B3BABDC7C0C9CEDBDCD5D24E
:10BB0000FFF8F1F6E3E4EDEAB7B0B9BEABACA5A23D
:10BB10008F88818693949D9A2720292E3B3C35322D
:10BB20001F18111603040D0A5750595E4B4C45421D
:10BB30006F68616673747D7A898E878095929B9C0D
:10BB4000B1B6BFB8ADAAA3A4F9FEF7F0E5E2EBECFD
:10BB5000C1C6CFC8DDDAD3D4696E676075727B7CED
:10BB600051565F584D4A4344191E171005020B0CDD
:10BB700021262F283D3A33344E49404752555C5BCD
:10BB80007671787F6A6D64633E39303722252C2BBD
:10BB90000601080F1A1D1413AEA9A0A7B2B5BCBBAD
:10BBA0009691989F8A8D8483DED9D0D7C2C5CCCB9D
:10BBB000E6E1E8EFFAFDF4F30000000032090000CE
:10BBC00000000000010000007C2B000000000000CD
:10BBD00002000000890C00000000000004000000CA
:10BBE000ED0E030C0D00000005000000D91C010043
:10BBF00000000000060000006803000000000000D4
:10BC0000070000007720000000000000080000008E
:10BC100075240000000000000B000000590601041C
:10BC20000000000014000000D6140302030000000E
:10BC3000150000009F020300010000001600000034
:10BC4000DC1900000000000017000000A817030422
:10BC5000050000001800000018340000000000007B
:10BC60001900000017650000000000001A00000025
:10BC7000AA180000000000001B000000901D00003A
:10BC8000000000001C000000431000000000000045
:10BC90001D00000073100000000000001E000000E6
:10BCA000271C0000000000001F000000F63000000C
:10BCB0000000000020000000B91C0000000000008F
:10BCC00021000000681C00000000000022000000AD
:10BCD000ED1600000000000023000000F416000034
:10BCE0000000000024000000DE250000000000002D
:10BCF00025000000D4070304050000002600000012
:10BD0000090703040500000027000000FE260320A9
:10BD10002100000028000000E605030203000000E7
:10BD2000290000001C040302030000002A00000098
:10BD30001C120000000000002B0000008403030020
:10BD4000010000002C000000DD09030203000000D8
:10BD50002D000000E8030300010000002E00000099
:10BD60000B020000000000002F00000099080300F3
:10BD700001000000300000002915010C0000000047
:10BD80003100000027140000000000003200000015
:10BD90004E2503121300000033000000C405030207
:10BDA0000300000035000000030500000000000053
:10BDB000360000000F1B03181900000037000000B8
:10BDC00003190000000000003D000000A74800002B
:10BDD000000000003E000000B71A00000000000054
:10BDE0003F00000077B500000000000040000000A8
:10BDF000BFE100000000000041000000762A0000C2
:10BE0000000000004200000094060302030000004E
:10BE10004300000015040000000000004500000081
:10BE2000F31E010A00000000460000007C260310FB
:10BE30001100000049000000262603202100000018
:10BE40004A00000014140000000000004B00000035
:10BE50009E23031E1F0000004C0000009821031EBB
:10BE60001F0000004D0000008F0A030809000000B9
:10BE7000500000000E040302030000005100000007
:10BE80006A16000000000000520000003133032455
:10BE900025000000530000001625000000000000EF
:10BEA000540000008F3503323300000055000000BD
:10BEB0008C330000000000005600000005350332FE
:10BEC000330000005700000096330000000000001F
:10BED00059000000E71C0000000000005A000000AC
:10BEE000B7380000000000005B0000003F2A00009F
:10BEF000000000005C00000036210000000000008F
:10BF00005D0000002F5100000000000064000000F0
:10BF1000AF22000000000000650000006675000010
:10BF200000000000660000009E7500000000000098
:10BF300067000000D0390000000000006800000029
:10BF40003874000000000000690000005D3F000040
:10BF5000000000006A0000008A2C000000000000C1
:10BF60006B0000006C410000000000006C0000004D
:10BF7000205C0000000000006D000000B909000016
:10BF8000000000006E00000054FE030102000000EB
:10BF90006F0000002212031011000000700000006A
:10BFA000AE0C000000000000710000007C270000C3
:10BFB0000000000072000000ED2C000000000000F6
:10BFC0007300000004400000000000007400000046
:10BFD0004C180000000000007500000080060304FB
:10BFE0000500000076000000380E00000000000090
:10BFF00077000000740C030A0B00000078000000BA
:10C00000866100000000000079000000ED020300DE
:10C01000010000007A000000CB02030001000000D4
:10C020007B000000FA710300010000007C000000AA
:10C0300057390000000000007D000000CB06000022
:10C04000000000007E000000DC51034F50000000A3
:10C050007F000000192300000000000080000000A5
:10C06000E223000000000000810000002E18000004
:10C0700000000000820000001D0D00000000000014
:10C0800083000000DFFF00000000000084000000CB
:10C090005527000000000000850000000612000087
:10C0A0000000000086000000E52B000000000000FA
:10C0B00087000000CB08000000000000880000009E
:10C0C000011600000000000089000000C3100000FD
:10C0D000000000008A0000006D78000000000000F1
:10C0E0008B000000A82B03292A0000008C00000010
:10C0F000B5290000000000008D0000002F20000086
:10C10000000000008E00000048F300000000000066
:10C110008F0000008310000000000000900000006D
:10C120007F5D0000000000009200000067640000D6
:10C1300000000000930000009A360000000000009C
:10C1400094000000B24E00000000000095000000C6
:10C15000C83C00000000000096000000862A000095
:10C160000000000097000000DB0803060700000045
:10C1700098000000D00800000000000099000000B6
:10C18000BC0C0000000000009A000000540F0306E1
:10C19000070000009B000000160D030405000000CE
:10C1A0009C00000013060300010000009D00000039
:10C1B000150F030C0D0000009E000000860F030CFD
:10C1C0000D000000A00000004E0C03080900000054
:10C1D000A10000004403030001000000A2000000D1
:10C1E000BD09000000000000A30000007F1C00004B
:10C1F00000000000A40000009A2C000000000000D5
:10C20000A50000001503000000000000A6000000CB
:10C210001509000000000000A700000090160000B3
:10C2200000000000A8000000010C00000000000059
:10C23000A9000000EA12000000000000AA000000AF
:10C240004922000000000000AB000000B5420000E1
:10C2500000000000AC0000001662000000000000BA
:10C26000AD0000005308000000000000AE00000018
:10C27000A730000000000000AF0000008A13030E8A
:10C280000F000000B0000000EA03030001000000FE
:10C29000B1000000F014000000000000B200000037
:10C2A0002F18000000000000B3000000BD1D011A9F
:10C2B00000000000B4000000342F012A000000003C
:10C2C000B5000000AE04000000000000B600000051
:10C2D000E528000000000000B70000005502030040
:10C2E00001000000B80000009FCE0304050000001C
:10C2F000B9000000BA07030405000000BA000000FE
:10C30000481D030001000000BF0000005C1B00008E
:10C3100000000000C0000000243600000000000003
:10C32000C1000000471A000000000000C200000029
:10C330006221000000000000C3000000782500001A
:10C3400000000000C8000000862A03282900000021
:10C35000C9000000CD0E030C0D000000D600000047
:10C360004508030607000000D70000006503000031
:10C3700000000000D80000003203030001000000AC
:10C38000D9000000CA06000000000000DA0000002A
:10C390001107030001000000DB000000A202000002
:10C3A00000000000DC00000022200000000000006F
:10C3B000DD000000472A000000000000DE00000051
:10C3C0000F03000000000000DF000000772F032AA9
:10C3D0002B000000E0000000662D032A2B00000067
:10C3E000E1000000D049000000000000E200000071
:10C3F000CF08000000000000E6000000A32A0000B3
:10C4000000000000E70000006928000000000000B4
:10C41000E80000009741000000000000E900000073
:10C4200023B6000000000000EA000000962800008B
:10C4300000000000EB000000B32A00000000000034
:10C44000F10000005A20000000000000F20000008F
:10C45000683C000000000000F3000000553D01347E
:10C4600000000000F40000005F0600000000000073
:10C47000F50000008202000000000000F60000004D
:10C48000B826000000000000F70000005113000073
:10C4900000000000F800000008FE03030400000094
:10C4A000F9000000CC24000000000000FA000000A9
:10C4B000311E000000000000FB000000AA12000076
:10C4C00000000000FC0000002C1200000000000032
:10C4D000FD0000005336000000000000FE000000D8
:10C4E0002E0900000000000000010000472A030898
:10C4F00009000000010100008309000000000000A5
:10C5000002010000BBE8030001000000030100007D
:10C510005CED00000000000004010000920E00002D
:10C520000000000005010000B33D00000000000015
:10C53000060100000C1700000000000007010000C9
:10C5400085FF00000000000008010000312000000D
:10C5500000000000090100001A14000000000000A3
:10C560000A010000C1FF0302030000000B010000EC
:10C5700023FF0302030000000C0100000E0403026D
:10C58000030000000D0100006DD700000000000056
:10C590000E0100003B140000000000000F0100002D
:10C5A0001635000000000000130100007E2000008E
:10C5B0000000000014010000123200000000000022
:10C5C000150100003E1E00000000000018010000E0
:10C5D000462100000000000019010000300D00009D
:10C5E000000000001A0100007B230320210000004E
:10C5F0001B0100004A910000000000001C01000027
:10C600006320031E1F0000001D0100008931032666
:10C61000270000001E010000D23903323300000061
:10C620001F01000001170314150000002001000085
:10C63000141703141500000022010000FB2E000057
:10C6400000000000230100000A3900000000000083
:10C6500024010000E3DF0318190000002701000097
:10C66000EA0C000000000000280100003223000056
:10C67000000000002B010000136200000000000019
:10C680002C010000D9160000000000002D01000060
:10C69000F33A000000000000360100001C11000009
:10C6A00000000000370100005F740000000000007F
:10C6B00040010000F31403020300000041010000E8
:10C6C000580203000100000042010000F395000041
:10C6D00000000000430100004E9303000100000031
:10C6E0004401000084920000000000004A010000A4
:10C6F00017A70000000000004B0100005BE90000EC
:10C70000000000004C010000ECEF00000000000001
:10C710004D010000E76D0000000000004E01000028
:10C72000480A0000000000004F010000E11800006E
:10C730000000000050010000F5540000000000005F
:10C7400053010000C7050000000000005401000074
:10C75000634600000000000059010000D1150302EB
:10C76000030000005E010000E8FC00000000000083
:10C7700062010000D20E030C0D00000063010000F6
:10C78000060C000000000000680100000B1900000A
:10C7900000000000690100005D21000000000000B1
:10C7A00071010000971800000000000072010000F5
:10C7B0004B6D000000000000730100000A1A000029
:10C7C00000000000740100001A8C0000000000004E
:10C7D00075010000752A00000000000077010000CC
:10C7E000FB8C00000000000078010000C70800007A
:10C7F000000000007C010000E814000000000000C0
:10C800008101000093850302030000008201000003
:10C8100084100304050000008301000004480304A1
:10C82000050000008401000008250320210000000D
:10C83000860100009CF00000000000008B01000059
:10C8400000D40000000000008C01000032A00000B5
:10C85000000000008D010000B66C00000000000028
:10C86000900100006EFE030405000000910100002D
:10C87000B7060304050000009A010000A03500007F
:10C88000000000009B0100006A030000000000009F
:10C890009C01000021060304050000009D0100002A
:10C8A0004D070304050000009E0100006D1000000C
:10C8B000000000009F010000A11000000000000027
:10C8C000A40100001449030607000000B3010000A2
:10C8D000862E000000000000B4010000C109000025
:10C8E00000000000B50100001E0100000000000073
:10C8F000B80100004223000000000000B901000060
:10C90000A911000000000000FE010000F56A00000F
:10C9100000000000FF0100001C47000000000000B4
:10C9200000020000B802000000000000421F0000EA
:10C93000DA10000000000000431F0000E72900009B
:10C9400000000000441F0000AC6200000000000076
:10C95000451F0000FB26000000000000461F0000ED
:10C96000610E000000000000471F00004020000092
:10C9700000000000481F0000EA2100000000000045
:10C98000491F000090100000000000004A1F000036
:10C990009B290000000000004B1F000014660000EF
:10C9A000000000004C1F00003610000000000000D6
:10C9B0004D1F0000DE2E0000000000004E1F000092
:10C9C000C80E0000000000004F1F000017180000F4
:10C9D00000000000501F0000951200000000000041
:10C9E0002823000071890000000000002D230000B2
:10C9F000752200000000000011270000D114000083
:10CA00000000000012270000BA290000000000000A
:10CA1000132700000401000000000000142700009C
:10CA200085090000000000001527000067090000CC
:10CA30000000000016270000C104000000000000F4
:10CA40001727000047110000000000001827000011
:10CA5000F00E000000000000A7270000C3550000F2
:10CA600000000000F82A00008634030405000000DE
:10CA7000F92A00000F88000000000000FA2A0000D8
:10CA8000EAB4030405000000FB2A00004005000092
:10CA900000000000FC2A00000BE803080900000069
:10CAA000FD2A00005DE6000000000000022B0000EF
:10CAB0002E31000000000000032B00006A2C000053
:10CAC000000000000C2B0000CD1000000000000052
:10CAD000162B0000902C000000000000172B000017
:10CAE000852C000000000000182B0000552C0000D1
:10CAF00000000000192B0000C325031011000000E6
:10CB00001A2B00004F050000000000001B2B000046
:10CB100080080304050000001C2B0000B122000067
:10CB2000000000001D2B0000821C0000000000001F
:10CB30001E2B00002F260000000000001F2B00000D
:10CB40008E09000000000000202B0000842C000053
:10CB500000000000212B0000D02C0000000000008D
:10CB6000222B0000C92C000000000000232B000035
:10CB7000C12C000000000000242B0000BD2C000090
:10CB800000000000342B0000A24E00000000000056
:10CB900064320000722C03000100000065320000C6
:10CBA000FE3B031E1F000000663200008C350304AC
:10CBB0000500000067320000F92E030001000000AC
:10CBC000683200004D36031C1D0000006932000071
:10CBD000312B030001000000733200005EF90300F6
:10CBE00001000000763200008B33000000000000DE
:10CBF00077320000071203101100000078320000A5
:10CC000014050000000000006842000067B3000047
:10CC100000000000FE4200001A2100000000000099
:10CC2000FF42000048100000000000000143000027
:10CC30001311000000000000024300005911000021
:10CC400000000000034300001B0A00000000000079
:10CC5000044300000E5B00000000000005430000DC
:10CC6000BB54000000000000064300006A180000EA
:10CC70000000000010A40000E3010000000000001C
:10CC800011A40000EF2E00000000000051C30000BE
:10CC9000F62000000000000052C30000B5F60000BE
:10CCA0000000000053C300003E130000000000001D
:10CCB00054C30000F00A03080900000055C3000037
:10CCC000980603040500000020CB00000D6400005E
:10CCD0000000000021CB0000EF0100000000000078
:10CCE00015CD0000F01100000000000016CD00007E
:10CCF000584E00000000000017CD000060550000F5
:10CD00000000000018CD0000B11C00000000000071
:10CD100019CD0000D73200000000000078CD0000DF
:10CD2000B52603202100000079CD00006624000014
:10CD30000000000060EA0000041603141500000063
:10CD40006AEA0000D0210000000000006BEA000049
:10CD5000B7070000000000006CEA00006324032015
:10CD6000210000006DEA0000811803141500000086
:10CD70006EEA0000860803040500000074EA000063
:10CD8000CA0400000000000088EA00009CF50000D2
:10CD90000000000089EA0000BFFF00000000000062
:10CDA0008DEA00000E170302030000008EEA000067
:10CDB000AB1C0308090000008FEA000037070000E1
:10CDC0000000000091EA0000610C0000000000007B
:10CDD00092EA0000DC0E00000000000093EA000070
:10CDE000F51800000000000094EA0000652C000027
:10CDF0000000000095EA00002D0600000000000081
:10CE00008FC2151B51B81E1B14AE171B00008911D1
:10CE100012239B322446AD573665BF74488CC19DA2
:10CE20005AAFD3BE6CCAE5DB7EE9F7F88110080182
:10CE300093331A22A5562C47B7753E64C99C408D82
:10CE4000DBBF52AEEDDA64CBFFF976E802218B301E
:10CE5000100299132667AF763444BD554AADC3BC62
:10CE6000588ED19F6EEBE7FA7CC8F5D983310A2042
:10CE700091121803A7772E66B5543C45CBBD42AC42
:10CE8000D99E508FEFFB66EAFDD874C904428D53DA
:10CE900016619F702004A9153227BB364CCEC5DF22
:10CEA0005EEDD7FC6888E1997AABF3BA85520C4302
:10CEB00097711E60A1142805B3373A26CDDE44CF02
:10CEC000DFFD56ECE9986089FBBB72AA06638F729E
:10CED00014409D512225AB343006B9174EEFC7FEE2
:10CEE0005CCCD5DD6AA9E3B8788AF19B87730E62C2
:10CEF00095501C41A3352A24B1163807CFFF46EEC2
:10CF0000DDDC54CDEBB962A8F99A708B0884819569
:10CF10001AA793B62CC2A5D33EE1B7F04008C919B1
:10CF2000522BDB3A644EED5F766DFF7C8994008571
:10CF30009BB712A6ADD224C3BFF136E0C118480991
:10CF4000D33B5A2AE55E6C4FF77D7E6C0AA583B40D
:10CF5000188691972EE3A7F23CC0B5D14229CB3871
:10CF6000500AD91B666FEF7E744CFD5D8BB502A431
:10CF700099961087AFF326E2BDD034C1C3394A2851
:10CF8000D11A580BE77F6E6EF55C7C4D0CC685D7C9
:10CF90001EE597F42880A1913AA3B3B2444ACD5B31
:10CFA0005669DF78600CE91D722FFB3E8DD604C7F1
:10CFB0009FF516E4A9902081BBB332A2C55A4C4B11
:10CFC000D7795E68E11C680DF33F7A2E0EE787F68D
:10CFD0001CC495D52AA1A3B03882B193466BCF7AF1
:10CFE0005448DD59622DEB3C700EF91F8FF706E6B1
:10CFF0009DD414C5ABB122A0B9923083C77B4E6AD1
:10D00000D5585C49E33D6A2CF11E780FA0860100DB
:10D010000B19000050C300001000041000005B0159
:10D0200001000000B01D000096FF00000506010C85
:10D03000015B00009033000091FF00000606010C28
:10D04000015B00002058000090FF000055B9000867
:10D0500000000000A8B7000801020000AEB70008F9
:10D0600002030000B6B7000803040000C2B70008BE
:10D0700005050000CFB7000806060000D8B7000875
:10D0800007FF0000E0B7000808FF0000E8B700084D
:10D090000A070000F0B700080B080000FCB7000802
:10D0A0000C09000003B800080DFF00000AB80008D2
:10D0B0000FFF000013B8000810FF00001AB80008A6
:10D0C00013FF000022B8000814FF00002CB800086D
:10D0D000150A000036B800081AFF00003FB8000823
:10D0E0001B01000048B800081C0B00004FB80008E6
:10D0F0001D0C000058B800081EFF000063B80008AF
:10D100001FFF00006BB8000820FF000079B800087E
:10D1100021FF000081B80008220D00008AB8000835
:10D12000230E000096B80008240F0000A1B80008E4
:10D1300025FF0000B0B8000827FF0000C1B80008B4
:10D1400028FF0000D2B8000829FF0000E3B800085B
:10D150002AFF0000EDB800082BFF0000F7B8000818
:10D160002CFF000001B900082D10000011B90008C3
:10D170002EFF00001CB900082FFF000022B9000894
:10D1800030FF000028B9000839FF00002EB9000860
:10D190003AFF000034B9000831FF000042B900082E
:10D1A00032FF000052B9000833FF000059B90008EF
:10D1B0003411000060B90008351200006BB9000896
:10D1C00036FF00007BB9000837FF000086B9000871
:10D1D000381300008EB900083BFF00009DB900081D
:10D1E0003CFF0000A9B900083DFF0000B8B90008E5
:10D1F0003EFF0000C8B900083FFF0000D9B9000891
:10D2000040140000E4B9000841FF0000F6B900082E
:10D2100042FF000008BA000843FF000016BA0008E9
:10D2200044FF00000000000000000000F58A000834
:10D23000F78A0008FB8A0008FF8A00080100000046
:10D2400003000000050000000100000001000000D4
:10D25000060000000A00000020000000020000009C
:10D260000400000008000000100000004000000062
:10D27000800000000001000000020000000000002B
:10D28000000000000000000000000000010000009D
:10D29000020000000300000004000000A08601005E
:10D2A000400D0300801A060000350C0040420F00BC
:10D2B00080841E0000093D0000127A000024F40062
:10D2C00000366E010048E801006CDC02000000003E
:10D2D000000000000000000000000000010000004D
:10D2E000020000000400000006000000080000002A
:10D2F0000A0000000C0000001000000020000000E8
:0CD3000040000000800000000001000060
:08D30C005D010008558A0008CC
:04D3140039010008D3
:10D3180090BADCFE785634120A00000038B70008CC
:10D32800FF00000080B7000808B7000800093D00AA
:08D338000100000010000000DC
:04000005080094DD7E
:00000001FF
