:020000040800F2
:1000000000000120E5940008CF940008D194000876
:10001000D3940008D5940008D7940008000000008D
:10002000000000000000000000000000D99400085B
:10003000DB94000800000000DD940008DF94000855
:100040003595000835950008359500083595000868
:100050003595000835950008359500083595000858
:100060003595000835950008359500083595000848
:100070003595000835950008359500083595000838
:100080003595000835950008359500083595000828
:1000900000000000359500083595000835950008EA
:1000A000359500083595000835950008452F00085E
:1000B00035950008359500083595000835950008F8
:1000C00035950008359500083595000835950008E8
:1000D000AD4A0008212A000835950008359500082A
:1000E00035950008359500083595000835950008C8
:1000F000359500080000000000000000359500085C
:100100003595000835950008257A000835950008D2
:100110003595000835950008359500083595000897
:100120003595000835950008359500083595000887
:08013000359500083595000823
:1001380010B5054C237833B9044B13B10448AFF319
:1001480000800123237010BD28000020000000005B
:1001580010B4000808B5034B1BB103490348AFF3BB
:10016800008008BD000000002C00002010B400082A
:10017800034613F8012B002AFBD1181A01387047DF
:1001880081F0004102E000BF83F0004330B54FEA40
:1001980041044FEA430594EA050F08BF90EA020FAD
:1001A8001FBF54EA000C55EA020C7FEA645C7FEA40
:1001B800655C00F0E2804FEA5454D4EB5555B8BF63
:1001C8006D420CDD2C4480EA020281EA030382EAD4
:1001D800000083EA010180EA020281EA0303362D66
:1001E80088BF30BD11F0004F4FEA01314FF4801C39
:1001F8004CEA113102D0404261EB410113F0004F4B
:100208004FEA03334CEA133302D0524263EB430301
:1002180094EA050F00F0A780A4F10104D5F1200E9F
:100228000DDB02FA0EFC22FA05F2801841F10001FA
:1002380003FA0EF2801843FA05F359410EE0A5F1CE
:1002480020050EF1200E012A03FA0EFC28BF4CF0FF
:10025800020C43FA05F3C01851EBE37101F00045B5
:1002680007D54FF0000EDCF1000C7EEB00006EEBC2
:100278000101B1F5801F1BD3B1F5001F0CD349084C
:100288005FEA30004FEA3C0C04F101044FEA4452A3
:1002980012F5800F80F09A80BCF1004F08BF5FEA2A
:1002A800500C50F1000041EB045141EA050130BD0A
:1002B8005FEA4C0C404141EB0101013C28BFB1F51C
:1002C800801FE9D291F0000F04BF01460020B1FA67
:1002D80081F308BF2033A3F10B03B3F120020CDA3A
:1002E8000C3208DD02F1140CC2F10C0201FA0CF018
:1002F80021FA02F10CE002F11402D8BFC2F1200C7D
:1003080001FA02F120FA0CFCDCBF41EA0C01904032
:10031800E41AA2BF01EB0451294330BD6FEA04047B
:100328001F3C1CDA0C340EDC04F11404C4F1200266
:1003380020FA04F001FA02F340EA030021FA04F378
:1003480045EA030130BDC4F10C04C4F1200220FACF
:1003580002F001FA04F340EA0300294630BD21FA0D
:1003680004F0294630BD94F0000F83F4801306BFD3
:1003780081F480110134013D4EE77FEA645C18BFC7
:100388007FEA655C29D094EA050F08BF90EA020F5E
:1003980005D054EA000C04BF1946104630BD91EA56
:1003A800030F1EBF0021002030BD5FEA545C05D159
:1003B8004000494128BF41F0004130BD14F5800498
:1003C8003CBF01F5801130BD01F0004545F0FE410C
:1003D80041F470014FF0000030BD7FEA645C1ABF41
:1003E800194610467FEA655C1CBF0B46024650EA78
:1003F800013406BF52EA033591EA030F41F40021A4
:1004080030BD00BF90F0000F04BF0021704730B529
:100418004FF4806404F132044FF000054FF00001FE
:1004280050E700BF90F0000F04BF0021704730B5BF
:100438004FF4806404F1320410F0004548BF404294
:100448004FF000013EE700BF42004FEAE2014FEAE9
:1004580031014FEA02701FBF12F07F4393F07F4FC4
:1004680081F06051704732F07F4208BF704793F0C7
:100478007F4F04BF41F40021704730B54FF46074DA
:1004880001F0004521F000411CE700BF50EA0102DD
:1004980008BF704730B54FF000050AE050EA010286
:1004A80008BF704730B511F0004502D5404261EBF6
:1004B80041014FF4806404F132045FEA915C3FF437
:1004C800D8AE4FF003025FEADC0C18BF03325FEAD4
:1004D800DC0C18BF033202EBDC02C2F1200300FA85
:1004E80003FC20FA02F001FA03FE40EA0E0021FAAA
:1004F80002F11444BDE600BF70B54FF0FF0C4CF498
:10050800E06C1CEA11541DBF1CEA135594EA0C0F49
:1005180095EA0C0F00F0DEF82C4481EA030621EA84
:100528004C5123EA4C5350EA013518BF52EA0335BF
:1005380041F4801143F4801338D0A0FB02CE4FF071
:100548000005E1FB02E506F00042E0FB03E54FF0A1
:100558000006E1FB03569CF0000F18BF4EF0010E99
:10056800A4F1FF04B6F5007F64F5407404D25FEA95
:100578004E0E6D4146EB060642EAC62141EA555148
:100588004FEAC52040EA5E504FEACE2EB4F1FD0C8A
:1005980088BFBCF5E06F1ED8BEF1004F08BF5FEA08
:1005A800500E50F1000041EB045170BD06F00046BA
:1005B80046EA010140EA020081EA0301B4EB5C0467
:1005C800C2BFD4EB0C0541EA045170BD41F480115F
:1005D8004FF0000E013C00F3AB8014F1360FDEBF84
:1005E800002001F0004170BDC4F10004203C35DA60
:1005F8000C341BDC04F11404C4F1200500FA05F3E3
:1006080020FA04F001FA05F240EA020001F0004283
:1006180021F0004110EBD37021FA04F642EB0601F9
:100628005EEA430E08BF20EAD37070BDC4F10C0423
:10063800C4F1200500FA04F320FA05F001FA04F2E7
:1006480040EA020001F0004110EBD37041F10001D3
:100658005EEA430E08BF20EAD37070BDC4F12005DE
:1006680000FA05F24EEA020E20FA04F301FA05F246
:1006780043EA020321FA04F001F0004121FA04F2EE
:1006880020EA020000EBD3705EEA430E08BF20EABE
:10069800D37070BD94F0000F0FD101F000464000F8
:1006A80041EB010111F4801F08BF013CF7D041EA7A
:1006B800060195F0000F18BF704703F0004652007E
:1006C80043EB030313F4801F08BF013DF7D043EA4F
:1006D8000603704794EA0C0F0CEA135518BF95EA05
:1006E8000C0F0CD050EA410618BF52EA4306D1D18C
:1006F80081EA030101F000414FF0000070BD50EAAB
:10070800410606BF1046194652EA430619D094EA34
:100718000C0F02D150EA013613D195EA0C0F05D11E
:1007280052EA03361CBF104619460AD181EA030172
:1007380001F0004141F0FE4141F470014FF000002A
:1007480070BD41F0FE4141F4780170BD70B54FF0C5
:10075800FF0C4CF4E06C1CEA11541DBF1CEA135545
:1007680094EA0C0F95EA0C0F00F0A7F8A4EB050427
:1007780081EA030E52EA03354FEA013100F088801E
:100788004FEA03334FF0805545EA131343EA1263E7
:100798004FEA022245EA111545EA10654FEA00269C
:1007A8000EF000419D4208BF964244F1FD0404F555
:1007B800407402D25B084FEA3202B61A65EB0305B1
:1007C8005B084FEA32024FF480104FF4002CB6EB6E
:1007D800020E75EB030E22BFB61A754640EA0C00EE
:1007E8005B084FEA3202B6EB020E75EB030E22BF2E
:1007F800B61A754640EA5C005B084FEA3202B6EB6F
:10080800020E75EB030E22BFB61A754640EA9C002D
:100818005B084FEA3202B6EB020E75EB030E22BFFD
:10082800B61A754640EADC0055EA060E18D04FEABB
:10083800051545EA16754FEA06164FEAC30343EA5B
:1008480052734FEAC2025FEA1C1CC0D111F4801F28
:100858000BD141EA00014FF000004FF0004CB6E721
:1008680011F4801F04BF01430020B4F1FD0C88BFC0
:10087800BCF5E06F3FF6AFAEB5EB030C04BFB6EBCB
:10088800020C5FEA500C50F1000041EB045170BDBE
:100898000EF0004E4EEA113114EB5C04C2BFD4EBEB
:1008A8000C0541EA045170BD41F480114FF0000E6F
:1008B800013C90E645EA060E8DE60CEA135594EAEB
:1008C8000C0F08BF95EA0C0F3FF43BAF94EA0C0FEE
:1008D8000AD150EA01347FF434AF95EA0C0F7FF463
:1008E80025AF104619462CE795EA0C0F06D152EAB7
:1008F80003353FF4FDAE1046194622E750EA41069B
:1009080018BF52EA43067FF4C5AE50EA41047FF4AB
:100918000DAF52EA43057FF4EBAE12E74A0011D25D
:1009280012F5001211D20DD56FF47873B3EB625241
:100938000ED44FEAC12343F0004343EA505323FA4D
:1009480002F070474FF00000704750EA013002D1C2
:100958004FF0FF3070474FF00000704780F00040C4
:1009680002E000BF81F0004142001FBF5FEA41037F
:1009780092EA030F7FEA226C7FEA236C6AD04FEA7F
:100988001262D2EB1363C1BFD218414048404140C4
:10099800B8BF5B42192B88BF704710F0004F40F476
:1009A800000020F07F4018BF404211F0004F41F492
:1009B800000121F07F4118BF494292EA030F3FD05E
:1009C800A2F1010241FA03FC10EB0C00C3F1200371
:1009D80001FA03F100F0004302D5494260EB400000
:1009E800B0F5000F13D3B0F1807F06D340084FEA6B
:1009F800310102F10102FE2A51D2B1F1004F40EB60
:100A0800C25008BF20F0010040EA030070474900C7
:100A180040EB0000013A28BFB0F5000FEDD2B0FA64
:100A280080FCACF1080CB2EB0C0200FA0CF0AABF87
:100A380000EBC25052421843BCBFD0401843704725
:100A480092F0000F81F4000106BF80F4000001322B
:100A5800013BB5E74FEA41037FEA226C18BF7FEA02
:100A6800236C21D092EA030F04D092F0000F08BF44
:100A78000846704790EA010F1CBF0020704712F02B
:100A88007F4F04D1400028BF40F00040704712F16A
:100A980000723CBF00F50000704700F0004343F0CF
:100AA800FE4040F4000070477FEA226216BF084605
:100AB8007FEA23630146420206BF5FEA412390EAC8
:100AC800010F40F4800070474FF0000304E000BFBE
:100AD80010F0004348BF40425FEA000C08BF70476F
:100AE80043F0964301464FF000001CE050EA010233
:100AF80008BF70474FF000030AE000BF50EA010248
:100B080008BF704711F0004302D5404261EB410134
:100B18005FEA010C02BF84460146002043F0B64359
:100B280008BFA3F18053A3F50003BCFA8CF2083A7E
:100B3800A3EBC25310DB01FA02FC634400FA02FC87
:100B4800C2F12002BCF1004F20FA02F243EB02008E
:100B580008BF20F00100704702F1200201FA02FCF0
:100B6800C2F1200250EA4C0021FA02F243EB0200E3
:100B780008BF20EADC7070474FF0FF0C1CEAD05227
:100B88001EBF1CEAD15392EA0C0F93EA0C0F6FD0E8
:100B98001A4480EA010C400218BF5FEA41211ED0C6
:100BA8004FF0006343EA501043EA5111A0FB0131B2
:100BB8000CF00040B1F5000F3EBF490041EAD37187
:100BC8005B0040EA010062F17F02FD2A1DD8B3F103
:100BD800004F40EBC25008BF20F00100704790F072
:100BE800000F0CF0004C08BF49024CEA502040EAC4
:100BF80051207F3AC2BFD2F1FF0340EAC25070478A
:100C080040F400004FF00003013A5DDC12F1190FC7
:100C1800DCBF00F000407047C2F10002410021FA39
:100C280002F1C2F1200200FA02FC5FEA310040F151
:100C3800000053EA4C0308BF20EADC70704792F0CA
:100C4800000F00F0004C02BF400010F4000F013A02
:100C5800F9D040EA0C0093F0000F01F0004C02BFFD
:100C6800490011F4000F013BF9D041EA0C018FE76C
:100C78000CEAD15392EA0C0F18BF93EA0C0F0AD072
:100C880030F0004C18BF31F0004CD8D180EA010098
:100C980000F00040704790F0000F17BF90F0004F31
:100CA800084691F0000F91F0004F14D092EA0C0F13
:100CB80001D142020FD193EA0C0F03D14B0218BFA6
:100CC800084608D180EA010000F0004040F0FE40EC
:100CD80040F40000704740F0FE4040F44000704788
:100CE8004FF0FF0C1CEAD0521EBF1CEAD15392EA07
:100CF8000C0F93EA0C0F69D0A2EB030280EA010CF7
:100D080049024FEA402037D04FF0805343EA11118F
:100D180043EA10130CF000408B4238BF5B0042F1ED
:100D28007D024FF4000C8B4224BF5B1A40EA0C0092
:100D3800B3EB510F24BFA3EB510340EA5C00B3EBC4
:100D4800910F24BFA3EB910340EA9C00B3EBD10FB2
:100D580024BFA3EBD10340EADC001B0118BF5FEA04
:100D68001C1CE0D1FD2A3FF650AF8B4240EBC2502D
:100D780008BF20F0010070470CF0004C4CEA5020EE
:100D88007F32C2BFD2F1FF0340EAC250704740F43D
:100D980000004FF00003013A37E792F0000F00F02F
:100DA800004C02BF400010F4000F013AF9D040EAAD
:100DB8000C0093F0000F01F0004C02BF490011F441
:100DC800000F013BF9D041EA0C0195E70CEAD15339
:100DD80092EA0C0F08D142027FF47DAF93EA0C0F20
:100DE8007FF470AF084676E793EA0C0F04D14B0204
:100DF8003FF44CAF08466EE730F0004C18BF31F0B6
:100E0800004CCAD130F000427FF45CAF31F00043AF
:100E18007FF43CAF5FE700BF4FF0FF3C06E000BF48
:100E28004FF0010C02E000BF4FF0010C4DF804CD6B
:100E38004FEA40024FEA41037FEA226C18BF7FEA7B
:100E4800236C11D001B052EA530C18BF90EA010F7D
:100E580058BFB2EB030088BFC81738BF6FEAE1700C
:100E680018BF40F0010070477FEA226C02D15FEAA8
:100E7800402C05D17FEA236CE4D15FEA412CE1D014
:100E88005DF8040B704700BF844608466146FFE7DB
:100E98000FB5FFF7C9FF002848BF10F1000F0FBDBD
:100EA8004DF808EDFFF7F4FF0CBF012000205DF8B6
:100EB80008FB00BF4DF808EDFFF7EAFF34BF01203B
:100EC80000205DF808FB00BF4DF808EDFFF7E0FFD4
:100ED80094BF012000205DF808FB00BF4DF808ED25
:100EE800FFF7D2FF94BF012000205DF808FB00BF88
:100EF8004DF808EDFFF7C8FF34BF012000205DF86A
:100F080008FB00BF4FEA4002B2F1FE4F0FD34FF08B
:100F18009E03B3EB12620DD94FEA002343F000435E
:100F280010F0004F23FA02F018BF404270474FF00C
:100F38000000704712F1610F01D1420205D110F093
:100F4800004008BF6FF0004070474FF00000704746
:100F580042000ED2B2F1FE4F0BD34FF09E03B3EB1B
:100F6800126209D44FEA002343F0004323FA02F047
:100F780070474FF00000704712F1610F01D1420233
:100F880002D14FF0FF3070474FF00000704700BFAC
:100F98000022427082700122C270B1FA81F10222ED
:100FA80049090271032201704271704743788B42EC
:100FB8001FD0012941700AD0022910D0C1B90123DC
:100FC800C370817002230371032343717047037850
:100FD80043B1012383700223C3700023F3E703782E
:100FE800002BF6D0022383700023C3700123EAE7A5
:100FF800FEE7704782B00B88ADF800304B88ADF83B
:1010080002308B88ADF80430CB88ADF80630023951
:10101800431C053013F8012F0DF1080C0CEB4202AC
:10102800834232F8082C21F8022FF3D102B070471E
:1010380008448078704738B54FF07F33C0F8A03047
:1010480004464FF6FF737F220025A0F8A43080F8ED
:10105800A62080F8A950A0F8AA30AC3000F096FC81
:10106800A4F8B85038BD70B51146154604461E465A
:1010780000F023FC294604F1140000F01EFC294668
:1010880004F1280000F019FC294604F13C0000F0A6
:1010980014FC294604F1500000F00FFC294604F125
:1010A800640000F00AFC294604F1780000F005FC11
:1010B800294604F18C0000F000FC04F1AC00324633
:1010C8004FF4FA734FF4FA6100F046FC2046BDE88D
:1010D8007040FFF7B0BF704700F0F6BB143000F067
:1010E800F3BB283000F0F0BB90F8A43013B990F9A6
:1010F800A000704790F9A100704790F8A43013B988
:1011080090F9A200704790F9A300704710B5044603
:1011180006F0A4FE38B104F1140000F0D9FB012850
:1011280038BF0120C0B210BD10B5044606F096FEC7
:1011380038B104F1500000F0CBFB012838BF012082
:10114800C0B210BD4FF47A71AC3000F026BC00215B
:10115800AC3000F022BC08B5AC3000F02FFCB0F584
:101168007A7FA8BF4FF47A7020EAE07008BD10B506
:10117800044600F083FB04F1140000F07FFB04F147
:10118800280000F07BFB04F13C0000F077FB04F141
:10119800500000F073FB04F1640000F07BFB04F1E5
:1011A800780000F077FB94F8B93013B1013B84F86C
:1011B800B93010BD7F2807D0002807DA10F1800F5A
:1011C80006D04042C0B270470020704701207047E7
:1011D8007F20704710B1404240B270477F2070476F
:1011E8007F280FD010F1310F0EDA10F1780F0DDBD8
:1011F8007830FE2340B2584323304623B0FBF3F047
:10120800C0B27047FF207047FE207047002070472B
:101218007F2805D031B1002806DA4042C0B27047B5
:10122800FF207047FE207047002070477F2811D0AC
:1012380010F1310F10DA10F1780F10DB783040F22E
:10124800A96340B2584323304623B0FBF3F0AC30D7
:1012580080B270470020704740F255707047AC204C
:10126800704763289FBF40F2A96358433230642314
:101278009DBFB0FBF3F0AC3080B240F255707047C0
:101288004FF4F063A0F58060584340F2FF7390FB81
:10129800F3F000F5787080B27047FFF7F1BF4FF4B4
:1012A8009663A0F58060584340F2FF7390FBF3F01B
:1012B80000F2DC5080B27047A0F58060D0EB0010DF
:1012C80048BF033040F38F007047032812DD0C2815
:1012D80012DD0F2812DD122812DD162812DD19285A
:1012E80012DD1C2812DD1F2812DD2128CCBFFF20AB
:1012F8000620704700207047012070470220704781
:101308000820704703207047072070470420704763
:101318000520704705289ABF014B185CFF207047CD
:10132800BAB400087F281ABF4042C0B200207047F4
:101338007F2811D010F1320F10DA884210DD401AE0
:101348006423C1F1FF21584301F57F01CE313130CB
:1013580090FBF1F0C0B27047FF20704764207047DF
:1013680000207047014B4840185C7047C0B4000823
:1013780052B110B4054C0A4411F8013B58408A4256
:10138800205CF9D110BC7047704700BFC0B400089A
:10139800002805DB212805DC044B33F810007047D2
:1013A800002070474FF4FA60704700BFEAB50008A4
:1013B800392808D822280ED9094B2338C0B2C3408F
:1013C80003F0010070475F2807D0613819288CBFE7
:1013D800002001207047002070470120704700BF9F
:1013E80001EC7F00F8B50246451E461D00245F2724
:1013F80015F8010FFF2804BF0134E4B2FFF7D8FF46
:1014080000B92F70AE42F3D1062C04D119B10B6884
:1014180013608B88938000239371F8BD2DE9F843FE
:10142800DFF83490471E441D012500264FF0280898
:1014380017F8011F084809F08EFF034610B1A0EB0A
:101448000903DBB2A3FB05329E19A742A5FB08538B
:10145800EED13046BDE8F883C0B5000810B5417933
:10146800A1F13000C3B2092B07D80523B0FBF3F371
:1014780003EB8303C01AC0B210BD044C204609F028
:101488006AFF0028F1D0001BC0B2EEE7C0B5000823
:1014980070B50446FEF76CFE02B20023551E18B262
:1014A800A84204FA83F104DA265C302E03F1010322
:1014B800F5D0121A01322046BDE8704009F01ABF73
:1014C8002DE9F047432B28BF432396B00C46154619
:1014D80000211A469846074609F026FF00214122B6
:1014E80005A8049109F020FFDFF87C90DFF87CA0C4
:1014F80004EB4505AC4210D104A8FEF739FE28B12B
:1015080000F158036B44002203F8492C04A938461B
:1015180009F064FF16B0BDE8F08734F9020B47F60E
:10152800FF739842E8D0002812DC5146684609F05B
:1015380055FF04A8FEF71CFE06466846FEF718FE8F
:101548000644B045D6D3694604A809F0F5FED1E7AC
:10155800694680B209F016FB6846FFF799FF4946CD
:10156800684609F0E9FEE4E771B400086CB40008C5
:10157800F0B589B06D4600242F468E1CE1B28A4230
:1015880004D83946FFF79CFF09B0F0BD36F824109F
:1015980025F8021B0134F1E742F210736421B0FB15
:1015A800F3F203FB1200B0FBF1F301FB130000EBB5
:1015B800023000EB831080B27047020B00F03F034B
:1015C80042F2107101FB0233C0F38510642202FB62
:1015D8000030704770B50E4600210546144609F0E4
:1015E800A3FE00239AB2944200D870BDF25C002A90
:1015F800FBD0EA540133F5E7072914D8DFE801F0F6
:101608000407090B0D0F11110849FFF7E3BF08493B
:10161800FBE70849F9E70849F7E70849F5E7084902
:10162800F3E70849F1E70849EFE700BF76B4000897
:101638007BB4000880B4000885B400088AB40008A8
:101648008FB4000894B4000899B40008052911D88B
:10165800DFE801F00306080A0C0E0749FFF7BABFD6
:101668000649FBE70649F9E70649F7E70649F5E7BA
:101678000649F3E70649F1E79BB40008A0B400085F
:10168800A5B40008AAB40008AFB40008B3B40008B1
:1016980099B4000870B50E4614460021013205467B
:1016A80009F042FE00239AB2944200D870BDF25C61
:1016B800002AFBD0EA540133F5E77D23438043F247
:1016C800390309B2C360002301808180C38003729B
:1016D8007047000002680449044B01FB023323F001
:1016E80000430360180C7047FD430300C39E2600A7
:1016F800F0B5002597B0016085800446562229463A
:10170800684609F011FE0126627CAA4209D8002326
:10171800802104F1B400237417B0BDE8F04009F04B
:1017280003BE2046FFF7D6FFE7797B1B002190FB1D
:10173800F3F202FB1300C0B2EC460A46CBB29F425A
:101748001DD80023227B9A42DED0A279033A012ACF
:1017580004EB050105D925B191F91120D2B9012B66
:10176800D2D98B74A26852F82310583304EB85023F
:101778006B440135516303F8586CEDB2C4E71CF8AB
:1017880001EBBEF1000F03D18242DBD00132D2B2AD
:101798000131D3E7501E8342E3DB01329342E0DCA0
:1017A800B2E72DE9F047154696B0013D0160027198
:1017B80004464371EDB256220021684609F0B4FD93
:1017C8000027022D84BF4FF0010900253E464FF047
:1017D800010A94F807809CBF4FF00309B8FBF9F899
:1017E800627CB24209D80023802104F1B40023743A
:1017F80016B0BDE8F04709F097BD2046FFF76AFF2D
:10180800A8EB0603002190FBF3F202FB1300C0B221
:10181800EC460A46CBB2984506D91CF801EBBEF156
:10182800000F22D182421ED1434528BF4346227B66
:1018380003FB095101F0FF018A42D1D016B1B7B9B3
:10184800012BCDD9A2191F469174A26852F8211014
:1018580004EB86020136516303F158026A44F6B27A
:1018680002F858ACBCE70132D2B20131D2E77A1E95
:101878009342E7DB7A1C9342E4DCB1E7D0E9012329
:101888006421D31AC36082604B43418AB3FBF1F3EE
:1018980003747047D0E90123D31AC0E902237047C3
:1018A80043682BB1C26864214A43B2FBF3F2D3B256
:1018B80003740023C360436070470023C0E9023308
:1018C8004182436003747047436801334360704743
:1018D800007C704743680B4443607047072800D971
:1018E800FEE7014B185C704754B60008052800D97C
:1018F800FEE7014B185C70475CB600080023C0E99E
:101908000133C36003747047F0B5047C0360012C95
:1019180011D944688568C668141B4FF47A774D1B43
:101928007C4305FB16442B4494FBF3F33344C36018
:10193800C0E90121F0BD1CB9C46001230374F7E7B5
:1019480043684FF47A74D31A634384680C1B93FB7F
:10195800F4F3C3600223F1E72DE9F0410446104691
:101968001D4616468846FFF7AFF8074606EB0800FF
:10197800FFF7AAF801463846FFF7B2F9656020601C
:101988002846FFF7A5F8A060BDE8F08110B5044629
:101998004068FFF79DF8A06010BD38B5856804461B
:1019A8000846FFF795F82946FEF7DCFF2168FFF7A0
:1019B800E3F82946FEF7D8FFA06038BD08B54FF018
:1019C8007C518068FEF7D0FFFFF79CFA08BD70478E
:1019D800704770470020704770470020704700200C
:1019E80070477047002070470020704770474FF0DD
:1019F800B04382B0DA6C0243DA64DB6C03400193D3
:101A0800019B02B070474FF0B04382B09A6D024319
:101A18009A659B6D03400193019B02B070474FF09C
:101A2800B04382B01A6E02431A661B6E03400193DC
:101A3800019B02B0704750E8003F23F0800340E864
:101A48000032002AF7D170470288044B5140C9B2CE
:101A580033F8113083EA122303807047DCCE000884
:101A68009AB110B4B0F800C0084C0A4411F8013B10
:101A780083EA0C03DBB2914234F8133083EA1C2C5E
:101A8800A0F800C0F2D110BC70477047DCCE000847
:101A980037B54FF6FF730446ADF806304518AC422B
:101AA80003D1BDF8060003B030BD14F8011B0DF1D9
:101AB8000600FFF7C9FFF2E71629A8BF16216FF045
:101AC80008008142B8BF01461170197070470000C4
:101AD800044B1888044B1B8880B29BB2C01A18BFED
:101AE800012070478C2800208A280020044A0023FF
:101AF8001380044A1380044A1380044A13807047F1
:101B08008A2800208C2800208E2C0020902C002071
:101B1800012070470278024B51405B5C03707047AC
:101B2800C0BA0008FF230370704700BF704770B544
:101B38000B7803704B7843700B78FD2B05460C46E9
:101B480038D18B788370CB78C3700B7903714B795C
:101B580043718B7983718B68C3718B68C3F30F23CF
:101B680003728B7A43720A26627804F10C01A81971
:101B780009F03CFC6378B4F80C213344981CEA540F
:101B88005A1CB4F80C1192B2090AA954A278D207C7
:101B980080B20ED504F58872054404F58E7452F8A7
:101BA800041B45F8041BA242F9D112782A700F339E
:101BB80098B270BD00238B700B7983704B79C3701A
:101BC8008B7903718B6843710626CDE708B52C2203
:101BD8000348002109F0A8FB024B00221A7008BD37
:101BE80084050020300300202DE9F04113780370AC
:101BF80092F8018080F80180FD2B04460F461546B7
:101C080054D193788370D378C3701379037153795F
:101C18004371937983716B7A127A1B0403EB022365
:101C2800EA79134423F07F430A26A26863F3170274
:101C3800A260A919424604F10C0009F0D7FB7A7B8F
:101C4800904507D208F10C00A2EB080200212044BD
:101C580009F06AFB63781E44AB195A78AB5D03EB55
:101C68000223A4F80C31A378DB070ED5023615FA47
:101C780086F304F5887203F10C0153F8040B42F85B
:101C8800040B8B42F9D11B781370BB7A84F821318D
:101C9800FB7A84F822313B7B84F823317B7B84F800
:101CA80024313B7884F82031BDE8F081002343805B
:101CB80093780371D3784371137983715379062626
:101CC800B3E7000070B50F4C0F4D0646062204F12D
:101CD8000A0105F58970FFF7DDFC237CC3F30302D5
:101CE800C3F3031385F81A31637C85F81921C3F30C
:101CF800030385F81B31637ADB0744BF0223337380
:101D080070BD00BF751E0020A800002070B50446F5
:101D1800BDF81450E2702420237122461B0A20705B
:101D2800637158202B0AA1706070A57102F8073FF3
:101D3800049B59198B420CD16A1D92B2E11C0020F8
:101D4800FFF716FB05F10806A05505F1090080B25A
:101D580070BD13F8010B02F8010FEBE70A4A0B4BB1
:101D680012680B49A3FB02323220920C00FB02F2EC
:101D7800084B486802F5FA72A3FB023292094B68D5
:101D88001B1A9A42FBD870471C00002083DE1B43B5
:101D9800001000E0D34D621002780A4B90F801C0A1
:101DA8008178D243D2B29A5C82EA0C0290F803C0DE
:101DB8009A5C4A40995C027981EA0C01595C4A4074
:101DC800985C7047C0BA0008F8B53C29BDF81C50AB
:101DD800044635D0A1F12106714271414900D0076E
:101DE80048BF41F00801E37092074FEA13234FF010
:101DF800240248BF41F01001227023716F222B0A80
:101E0800A61C6270A170A37165713046FFF7C4FF0C
:101E18002246069B02F8070F59198B4212D1A91DB9
:101E280089B23046FFF734FE05F1080705F10903CA
:101E38009BB2E055000AE05405F10A0080B2F8BDF3
:101E48000121CCE713F8010B02F8010FE5E70000C8
:101E5800084B5B6A4FF0402202F5806353E8003F6D
:101E680043F0200302F5806040E800310029F3D1F7
:101E7800704700BF004400402DE9F04F0C465188E0
:101E8800B1F58C7F85B0054611D300211170D91C9E
:101E9800C9B2012995BF01210023518053809CBFFD
:101EA8002370117000232B7005B0BDE8F08F1078F7
:101EB8000E2800F28B8001A656F820F0971E000825
:101EC800011F0008291F0008431F0008D51F00082C
:101ED800D51F0008D51F0008D51F0008D51F00080A
:101EE800D51F0008D51F0008D51F0008D51F0008FA
:101EF800D51F0008551F0008481C508063542178DE
:101F0800FD299BB206D10C330A21D380918002238C
:101F18001370C7E708330621D38091800E23F7E7B3
:101F2800481C50806354D80742BFD1880D31D180F6
:101F3800012B8CBF00230323EAE7002B01F10100EA
:101F48005080635414BF00230E23E1E7481C5080DF
:101F580063545388D1888B4232D300235380137043
:101F680002232B7069802378FD2B35D163792B727E
:101F7800A3796B72637A227A1B0403EB0223E2795A
:101F880013446B60637803F10C026A80A278D1076E
:101F980001D519336B8000266968DFF8F0806E81FF
:101FA80040F285120C20B31801335B0800FB03F7DD
:101FB80058F80770B94218D25A1EB242F3D816E040
:101FC80092889A423FF66EAF01236CE700231370A4
:101FD80053809380D38066E7E3782B7223796B7202
:101FE80063796B6063780833D4E71E46E5D80C271D
:101FF800774358F80730994227D123782046FD2B9C
:1020080010F801BF0CBF4FF00A094FF0060909EBA1
:102018000B03591E89B247440193FFF739FD97F81E
:1020280004A0ADF80E0051460DF10E00FFF70CFDAF
:10203800019BE218E35C527803EB0223BDF80E2003
:102048009BB29A4203D005232DE703232BE7BB79E4
:10205800DA0706D5FA79934582BF04EB09018A5C51
:10206800AA729B0709D50C2303FB068362781B7AA7
:102078009A4282BF4C44E35CEB720C2303FB068359
:1020880085F80CA05B796B730EE700BFC0BB000836
:10209800F0B50546FD2305F80C3B85B004468DF8E0
:1020A800043090F8243103F10C020244012B42D889
:1020B8000026637066808DF805308B7A23718DF861
:1020C80008308B7AADF8066001338B7263798DF82E
:1020D8000930A3798DF80A30A368C3F317031A12DD
:1020E8008DF80B3009211B140DF105008DF80D300A
:1020F8008DF80C20FFF7CCFC6778ADF802003A4663
:1021080029460DF10200FFF7ABFC94F82311FFF705
:102118009BFC94F82421BDF80230A4F80C319742B6
:1021280010D207F10C00D21B3146204405B0BDE89F
:10213800F04009F0F9B812F8010D0028B8D1013BB8
:10214800DBB2B3E705B0F0BD044AD2F8903023F40F
:102158000043C2F89030FFF701BE00BF00040058EA
:1021680008B5FFF7FBFD044AD2F8903043F400436A
:10217800C2F8903008BD00BF0004005807B50368D6
:102188008DF807101B6901220DF10701984703B06C
:102198005DF804FB70B5044608460D46FDF7E8FFF8
:1021A800236882B2294620461B69BDE8704018475B
:1021B800B0F1904F02D10120FFF719BC084B9842AB
:1021C80005D003F58063984203D10420F4E7022088
:1021D800F2E7044B984201D18020EDE7704700BF39
:1021E80000040048001C00480C4B984203D14FF4EF
:1021F8000060FFF714BCB0F1804F05D0084B98423F
:1022080005D14FF40030F4E70120FFF7FCBB054B84
:10221800984202D14FF48020EBE77047002C014030
:1022280000440140004801402DE9F04387B00E46C4
:10223800054614460021142201A89DF838809DF80F
:102248003C901F4609F070F800960B2C07D8DFE881
:1022580004F007070A121414141616161A1CFEE7BF
:102268000323019301E002230493032F11D8DFE82D
:1022780007F0111321110123F6E70123F1E70123E8
:1022880001930393F1E70223EBE702230193012370
:10229800F7E7FEE702230293B8F1100F0CD8DFE846
:1022A80008F02D2D0C11131517191B1D1F2123259F
:1022B80027292B000123EEE7FEE7012305930223DC
:1022C80001931EE00223F9E70323F7E70423F5E768
:1022D8000523F3E70623F1E70723EFE70823EDE7F4
:1022E8000923EBE70A23E9E70B23E7E70C23E5E7F4
:1022F8000D23E3E70E23E1E70F23DFE7B8F1000F33
:10230800DDD1B9F1000F02D02846FFF751FF053C97
:10231800042C05D8DFE804F0030B04030B00AE62BD
:102328006946284607F09EFF07B0BDE8F083AE6116
:10233800F6E713B54FF0010C0024CDE9004CFFF788
:1023480073FF02B010BD000030B587B000231546FA
:102358000446ADF80630FFF747FF042D04D8DFE840
:1023680005F02E3204363F00FEE71E4B1E4A1B685E
:10237800B3FBF2F39BB20022CDE90221013B01A994
:102388002046ADF804300492059208F0BBF92368A2
:1023980023F080032360A36823F4A03323F007030A
:1023A800A360636823F070036360636823F47003B9
:1023B8006360A36823F08003A36007B030BD094BB6
:1023C8000A4A1B68D4E7074B094A1B68D0E7054B44
:1023D800064A1B68B3FBF2F303EB83035B00C9E710
:1023E8000123C8E71C00002080A8120140420F000A
:1023F80000127A0010B50446FFF7A6FF236843F0E1
:102408000103236010BD00224FF0FF31FFF7F2BF38
:10241800204B10B5204C5B68236007F089F84FF01B
:10242800904007F0E1FE1D4807F0DEFE1C4807F06B
:10243800DBFE1C4808F0F4FA1B4808F0F1FA1B48C8
:1024480008F002F908F06CF84FF0E02200234FF092
:10245800B0411361536193618A6822F0030242F02C
:1024680001028A6072B64FF0FF319A0002F16042B1
:1024780002F561420133082BC2F88010C2F88011BE
:10248800F3D162B6034B1B6883F308882368984727
:10249800FEE700BF0000FF1F2C03002000040048D7
:1024A8000008004800380140004400400030014066
:1024B8000749084A881AEFF30883521A1A44013A5E
:1024C800013B984288BF0022AA2108F02DBF00BF17
:1024D8000000012000040000044B5A69586910F0FC
:1024E800020018BFC2F38000704700BF0004005804
:1024F8004FF0B042D2F8943043F40043C2F894301D
:102508004FF47A7300BF013B9BB2002BFAD14FF016
:10251800B043D3F8942022F40042C3F89420D3F8AF
:1025280094205204FBD40C4BD3F8902022F40042A0
:10253800C3F890204FF47A7200BF013A92B2002A91
:10254800FAD1D3F8902042F40042C3F890204FF417
:1025580000629A61704700BF0004005810B5032359
:10256800052240214FF09040FFF7E3FEBDE8104000
:102578000323052280214FF09040FFF7DABE08B50B
:10258800FFF7AAFF003818BF012008BD08B5FFF7FC
:10259800F6FF00B908BD00BFF9E74FF0904380226D
:1025A8009A6240229A6170474FF0904340229A62A3
:1025B80080229A6170470000024B4FF480225A60D3
:1025C800704700BF00E100E0064B1A6822F00102E4
:1025D8001A605A6822F400325A601A6842F00102FE
:1025E8001A60704700380140064B1A6822F0010251
:1025F8001A605A6842F400325A601A6842F00102BE
:102608001A607047003801400023032201214FF06F
:102618009040FFF78EBE4FF090431869C04300F01A
:102628000100704710B5074C0023204605220821F9
:10263800FFF77FFE20460023BDE810400522102149
:10264800FFF777BE0004004805494B691A04DB43CD
:1026580002F4002203F0080313438B61704700BFA4
:102668000004004805494B691A04DB4302F4801250
:1026780003F0100313438B61704700BF0004004848
:102688000C4BD3F8FC2022F08072C3F8FC20D3F85E
:10269800FC2042F08072C3F8FC20A3F55D431A6861
:1026A80022F001021A601A6842F001021A60002240
:1026B8005A60704700ED00E00649074B074A1B685F
:1026C800B3FBF2F310B54C6843434A68121B9A42B5
:1026D800FBD310BD001000E01C00002040420F009A
:1026E80008B50322002302214FF09040FFF721FE96
:1026F80042F21070FFF7E0FF102200234FF09041E4
:102708000869800758BF013302F1FF3258BFDBB2B6
:1027180012F0FF02F4D10C2B01D9FFF779FE08BDA6
:102728001FB50223CDE9013101A8012369460393AE
:1027380007F068F800280CBF0420052005B05DF8F4
:1027480004FB014608B5012007F016F800280CBF65
:102758000420052008BD08B5FFF7E2FF031F584213
:10276800584108BD08B5FFF7ECFF031F5842584110
:1027780008BD00002DE9F047294B2A4D01280E46D7
:1027880014462949294A0FBF79277827AA461D46A2
:1027980006BF88469A46904606F0A2FF3946284664
:1027A800FFF7D9FF28B9002406F0ACFF2046BDE8A2
:1027B800F087002E08BF4FF4FC64073424F00704A8
:1027C80005F11007B1463444AAEB050AA1450BD11F
:1027D8004FF011324FF0FF332846FFF7C3FF041EB6
:1027E80018BF0124A400DFE76EB90AEB0703D3E999
:1027F8000023B3F1FF3F08BFB2F1FF3F06D108370E
:1028080009F10809E2E7D9E90023F2E7B84505D953
:102818003846FFF7A7FF0028F1D1C4E70324C3E730
:1028280000C0030800C80308FFCF0308FFC7030858
:1028380010B506F055FF09487821FFF78CFF0446CC
:1028480038B107487921FFF786FF041E18BF012415
:10285800A40006F057FF204610BD00BF00C00308C3
:1028680000C8030830B5084D002340F2EF749AB24F
:10287800914201D8042030BDA34203D05A5DC2540E
:102888000133F4E70320F6E710C0030838B504461F
:102898000D4672B60A4601460020FFF76BFF62B686
:1028A800042806D172B601202A462146FFF762FFA6
:1028B80062B638BD38B5124B1C68D3F80058B4F16D
:1028C800113F09D1B5F1113F17D00022114601205F
:1028D800BDE83840FFF74EBFB5F1113F03D10022E4
:1028E80011461046F4E7FFF7A3FF042804D12C4053
:1028F80001340CBF0220012038BD0420FCE700BFD2
:1029080000C00308044B9A689107FCD518739A68AD
:10291800D207FCD5187B70470000015870B50C46EB
:10292800451E8E18B44200D170BD15F8010FFFF78F
:10293800E9FF04F8010BF5E7084611461A46FFF7C8
:10294800EDBF000070B5064E04464518A54200D1FB
:1029580070BD3078FFF7D6FF04F8010BF6E700BF2B
:102968001000002008461146FFF7ECBF38B50446B2
:102978004518AC4200D138BD14F8010BFFF7C2FF6F
:10298800F7E708461146FFF7F1BF000010B58CB015
:102998002822002102A808F0C7FC4FF0B0431C4CC5
:1029A8005A6E42F001025A665B6E03F0010301930E
:1029B800019BFFF79DFD082208924FF482720023C5
:1029C80003924FF40072CDE90533CDE90933029340
:1029D800079207234FF4E06202A920460B93049262
:1029E80007F056FE636823F010036360636823F002
:1029F80008036360236843F040032360A3689B07D0
:102A0800FCD5237B034BFF221A700CB010BD00BF0E
:102A180000000158100000201B4B10B4DC69A00610
:102A280011D51A6891060ED5184819495A6A0388AB
:102A380009880133C3F30A0389B299421FBF1549B4
:102A4800D2B2CA54038010481F232206036215D548
:102A580003681B0612D5104B104A1988138889B2CF
:102A68009BB299420CD013880133C3F30903138036
:102A780013880B4A9BB2D35CDBB2836210BC7047ED
:102A880010BCFEF7D8BF00BF004400408C280020CF
:102A98008A2800208A200020902C00208E2C0020DC
:102AA8008E2800200F49104A0B8812880133C3F37F
:102AB800090392B29A4212D00C4AD0540B804FF0BC
:102AC800402202F5806353E8003F43F0800302F59B
:102AD800806040E800310029F3D1012070470020D0
:102AE800704700BF902C00208E2C00208E280020DC
:102AF80038B504464518AC4200D138BD14F8010B6E
:102B0800FFF7D0FFF7E708461146FFF7F1BF0000CF
:102B1800054B064A1B8810880133C3F3090380B2AA
:102B2800181A18BF01207047902C00208E2C002006
:102B380008B5FFF7EDFFB0FA80F0400908BD0000C6
:102B4800054B064A1B8812889B1A98B21B0444BF7F
:102B580000F5006080B270478C2800208A28002089
:102B6800FFF7EEBF0848094A0188138889B29BB26B
:102B78009942F9D013880133C3F30A0313801388E9
:102B8800034A9BB2D05C70478C2800208A2800201A
:102B98008A200020FFF7E6BF70B588B00C460646CD
:102BA800154600212022684608F0BEFB231E18BFE8
:102BB80001231B03CDE9023569460C23034801961E
:102BC8000494059307F050FF08B070BD004400401E
:102BD80010B5064C236823F001032360FFF7DCFFE0
:102BE800236843F00103236010BD00BF0044004088
:102BF800002208461146FFF7EBBF000073B53D4CB5
:102C0800236823F001030825236001264FF40030D0
:102C1800FEF7F9FE0421CDE9005603230A224FF0FE
:102C28009040FFF701FB03231A462946CDE90056D9
:102C38004FF09040FFF7F8FA002211464FF4614038
:102C4800FFF7AAFF636823F490436360A36823F047
:102C58002A03A360284BB02283F8252320225A6038
:102C68002046FEF7E8FE4FF0402101F5806353E867
:102C7800003F23F0400301F5806040E80032002A5D
:102C8800F3D1402323621D4B1A801D4B4FF0402186
:102C98001A8001F5806353E8003F23F0200301F513
:102CA800806040E80032002AF3D1164B1A80164B98
:102CB8001A80104B5A6822F400625A609A6822F00F
:102CC80008029A605A6822F480425A609A6822F090
:102CD80022029A609A6842F480529A601A6842F016
:102CE80001021A60DA699102FCD5DA695202F9D553
:102CF80002B070BD0044004000E100E08E2C0020CE
:102D0800902C00208A2800208C28002008B5FFF786
:102D180075FFBDE80840FFF79BB8FFF7F7BF000055
:102D2800024B1A68024B1A60704700BF942C0020AF
:102D380074030020054A064B1968136899421DBFA1
:102D48000133012013600020704700BF7403002086
:102D5800942C0020034A044B11681B780B44136021
:102D6800704700BF942C0020200000200148FFF786
:102D78004ABB00BF00440140014B586A80B270470B
:102D88000044014008B5FFF7F1FFBDE80840FFF730
:102D9800C7BF70B504460D46164606F0A1FC083DAF
:102DA80004EBC606B44204D1042406F0ABFC20466A
:102DB80070BD55F8082FD4E900016B68994208BF27
:102DC800904201D10834EDE72046FFF7CBFC0028FC
:102DD800F8D10446E9E700001FB503788BB10A4B28
:102DE8001B68B3F5FA6F0CD300230022037000238D
:102DF800CDE90023CDE90223406802226946FFF7A6
:102E0800C8FF05B05DF804FB942C0020000000000A
:102E18000123F0B50380444B444AD3E900510446EA
:102E28004348914208BF854285B04FF0000202D165
:102E3800227005B0F0BD3AA1D1E900013D4F6260B2
:102E4800C3E900013C484FF0AA33D0E90021B1F1B1
:102E5800FF3F08BFB2F1FF3FD0E9026505D09942B4
:102E680008BF9A4201D00A4309D1B5F1FF3F08BF14
:102E7800B6F1FF3F0DD09D4208BF9E4209D01030E9
:102E8800B842E2D172B67A212B48FFF764FC62B6E9
:102E980029486060D0E90032CDE90032B2F1FF3F45
:102EA80008BFB3F1FF3FD0E9025109D1B1F1FF3FAB
:102EB80008BFB5F1FF3F22D14FF0AA331A4623E0ED
:102EC8004FF0AA36B24208BFB3420BD1B1F1FF3F6F
:102ED80008BFB5F1FF3F0FD0B14208BFB5420ED1D0
:102EE8000023EBE753EA020709D1B14208BFB54214
:102EF80005D14FF4807121801D46114604E000235E
:102F080023701A461D461946CDE90032CDE9025113
:102F180002226946FFF73DFF8BE700BFAFF3008051
:102F280012345678FEDCBA9000000020FEDCBA901D
:102F38001234567800D8030800D003084FF08043B5
:102F48001A6991070AD56FF002021A615A6B643246
:102F5800DA63084A596B12880A445A634FF080436F
:102F68001A69120705D56FF008021A61024B01228F
:102F78001A70704744000020710300200A490B882A
:102F880003B9FEE772B64FF0804309885A6A1144C4
:102F980064325963DA636FF002021A616FF0080253
:102FA8001A6162B6704700BF4400002000B50322D2
:102FB80089B04FF0FF314FF08040FFF71BFA202215
:102FC8000021684608F0B0F964236A4601214FF0F1
:102FD8008040039307F0D0FBC8236A464FF4807102
:102FE8004FF08040039307F0C7FB054BA02283F8FE
:102FF8001B234FF000621A6009B05DF804FB00BFA4
:1030080000E100E04FF08043DA6842F00202DA6043
:10301800DA6842F00802DA607047000010B501EB88
:103028008101084B01EB810189001980064B044698
:1030380000221A70FFF7BAFF2046BDE81040FFF7DC
:10304800E1BF00BF44000020710300202DE9F041DA
:103058001D4CDFF87880C4220021201D08F064F997
:103068001623062663800F23A38032464323414656
:10307800A0192680FEF77CFA0123C4E913333F2305
:1030880000250227A4F8583032464323414604F16C
:103098005A00A4F84A706565FEF76AFA0C4B0D49A8
:1030A800C4F8A03004F1B000C4E92A55A4F89E7011
:1030B80084F8A45008F092F97F2384F8C5300523DA
:1030C80084F8C630BDE8F081640200207CBA0008AC
:1030D80007000100B5B6000870B5094E05460C4654
:1030E800415C304608F037F9034628B1831B0133A9
:1030F800DBB2282B28BF0023F35C2B5570BD00BF23
:1031080094BA000870B50C461146064608F066F9F0
:1031180044B10025052130460135FFF7DDFFEBB24C
:103128009C42F7D870BD000073B5054605F111063D
:103138001F4C204A014636016846FFF7E3FFB01CE2
:103148006946204408F04AF9264404EB0512002396
:1031580002217172A2F81A31142202FB05400125DE
:103168004FF00112C0E91352A0F84A10A2F1FF2251
:10317800E1844FF480714265A16240F201124FF47C
:103188000071A0F8582084F83430A18584F82E50B6
:1031980084F8303084F83330C4F83A30C4F83E301C
:1031A800C4F84230A4F84620A4F8482002B070BD04
:1031B800A800002062B600082DE9F3410546A54C99
:1031C800A54A05F111074FEA07180E460146684659
:1031D800FFF798FF08F10200A04469462044FEF773
:1031E80001F998F80930072B84BF022388F80930C1
:1031F80004EB0710994B427A198841FA02F2D20778
:1032080010D40222427269B14807C1F3800209D47E
:1032180041FA02FC1CF0010FD0B200F0A68104EBC9
:103228000712507204EB0512280192F81A110529A9
:1032380002D9002182F81A1104EB000C59889CF875
:103248001A2141FA02F2D20713D401228CF81A216A
:1032580079B111F0020FC1F340020AD141FA02FE1E
:103268001EF0010F5FFA82FC00F08481221882F8B8
:103278001AC1221892F81B11032902D9002182F8D9
:103288001B1104EB07177A7A012A03D9042A01D003
:1032980000229A802718998897F81B2141FA02F290
:1032A80012F001020FD187F81B2161B111F0010260
:1032B80009D141FA02FC1CF0010FD7B200F05F817E
:1032C800221882F81B71002E40F09F81142202FB05
:1032D800054191F84A60052E02D9022681F84A6014
:1032E80002FB054292F84B10042902D9002182F80A
:1032F8004B10142202FB0542B3F84A1092F84B60B7
:1033080041FA06F6F60712D4012682F84B6071B12D
:103318008E07C1F340020AD441FA02F7FF07D6B27A
:1033280040F13281142202FB054282F84B601422DC
:1033380002FB054292F84C10032902D9012182F8B8
:103348004C10142606FB0546B3F84C1096F84C2092
:1033580041FA02F212F0010210D186F84C2069B14C
:1033680011F001020AD141FA02F7FF07D6B240F183
:103378001081142202FB054282F84C60142202FBE1
:10338800054292F84E10012902D9002182F84E1008
:10339800142606FB0546B3F84E1096F84E2041FA5F
:1033A80002F212F0010210D186F84E2069B111F034
:1033B80001020AD141FA02F7FF07D6B240F1EE80C6
:1033C800142202FB054282F84E60142202FB0542D9
:1033D80092F84F10042902D9002182F84F101426C0
:1033E80006FB0546B3F8502096F84F1042FA01F153
:1033F80011F0010110D186F84F106AB112F00101E5
:103408000AD142FA01F7FF07CEB240F1CC8014216D
:1034180001FB054181F84F60142101FB054191F83A
:103428005160032E02D9002681F85160142707FB4A
:103438000547B3F8526097F8511046FA01F111F0B8
:10344800010119D187F85110B6B116F0010113D155
:1034580006E000BFA800002062B600086402002051
:1034680046FA01FC1CF0010FCFB200F0A180142134
:1034780001FB054181F85170142101FB054696F8BE
:103488005070022F02D9012786F8507001FB0541C0
:1034980091F85460022E02D9012681F85460142153
:1034A80001FB054696F84D70022F02D9002786F8D1
:1034B8004D7001FB054191F85260012E02D9012699
:1034C80081F85260142101FB054696F85570012FCA
:1034D80002D9012786F8557001FB054191F8536020
:1034E800022E02D9002681F85360142707FB0547EE
:1034F800B3F8566097F8531046FA01F111F001013C
:1035080010D187F853106EB116F001010AD146FAAE
:1035180001FC1CF0010FCFB24FD0142101FB054173
:1035280081F85370142101FB054696F856700C2F4C
:1035380002D9002786F8567001FB054191F84C60C6
:10354800012E08D191F84F60042E04D1D70738D541
:10355800002281F84F20142202FB054292F84F10F6
:10356800A1BB92F85120012A35E00132102A7FF4DC
:103578004FAE57E60132102A7FF470AE79E6013279
:10358800102A7FF496AE9EE60132102A7FF4C4AE6C
:10359800CDE60132102A7FF4E6AEEFE60132102ABA
:1035A8007FF408AF11E7013110297FF42AAF33E720
:1035B800013110297FF454AF5EE701311029A6D1FB
:1035C800B0E712F0040218BF0222C2E701290AD1AB
:1035D80092F85120022A01BF142202FB0542002161
:1035E80082F8511007E0022903D192F85120032AEA
:1035F800F1E70329B5D0142202FB0542012182F824
:10360800571040F20111A2F8581094F82620052A04
:1036180002D9022284F8262094F82720042A02D905
:10362800002284F82720B3F89E1094F8272041FA46
:1036380002F2D7070ED4012284F8272051B18E0751
:10364800C1F3400206D441FA02F7FF07D6B244D5C7
:1036580084F8276094F82820022A02D9002284F8E6
:10366800282094F82920022A02D9012284F8292046
:10367800B3F8A01094F8292041FA02F212F00102DE
:103688000CD184F8292049B111F0010206D141FA80
:1036980002F7FF07D6B224D584F8296094F82A20C7
:1036A8000C2A02D9002284F82A2094F832200C2A05
:1036B80002D9002284F8322094F82B20042A02D957
:1036C800002284F82B2000224749164611F9017F71
:1036D80017F1780F09DA0E7009E00132102AB2D119
:1036E800B8E70132102AD2D1D8E7782FF3DC0132BB
:1036F800D2B20C2AEAD13D490022012611F8017FF5
:103708000132022FD2B288BF0E70042AF6D194F883
:103718003420022A02D9002284F83420B3F8A220E7
:1037280094F8343042FA03F313F001030CD184F80F
:1037380034304AB112F0010306D142FA03F6F60713
:10374800D9B211D584F8341094F82C30022B02D950
:10375800002384F82C3094F82D30032B08D80AD194
:10376800002384F8343006E00133102BE5D1EBE771
:10377800022384F82D3094F82E30022B02D901232D
:1037880084F82E3094F83030022B02D9002384F8C4
:10379800303094F833300C2B02D9002384F83330BE
:1037A80094F83530042B02D9002384F83530104BB7
:1037B80018444FF6FF71A0F820111421FF2201FBD5
:1037C800053183F82F2083F831204FF0FF32C0F8FD
:1037D8001C211A629A84A1F85A20A1F85C20DA8682
:1037E8001A8702B0BDE8F081E1000020ED0000205A
:1037F800A80000200021FFF7DFBC0000034670B5D9
:103808000846052B04D8DFE803F01D0421191D2103
:10381800FEE720261F250F22174CA3702277013BB5
:103828000122A4F84C60A4F84E50A276A273042B8F
:1038380010D8DFE803F010181B1B180009266F25A5
:103848000722E9E7142632250A22E5E7352613255B
:103858001922E1E7FEE7002323712374FEF73EF8FF
:103868006073607670BD22712274F7E700232371BC
:103878002374A376A373F1E748000020044B0122C8
:1038880083F85520A3F85620A3F85820704700BFA6
:10389800480000202DE9F043704D714C00F11108EB
:1038A80005EB081702378BB006463846FDF7B6FD1C
:1038B8004FEA061900900421684605EB0616FEF744
:1038C800E7F896F81B31E0832BB103EB031303EB06
:1038D80003231844E08305EB08135B7A062B40F0BA
:1038E800B280E38B03F5B5432533E38305EB081872
:1038F80095F82700FFF7C2FF98F8091061708B1F31
:10390800A944012B8CBF0023012399F81A0184F8DC
:103918005A30FFF773FF99F81B21E18B009BE18078
:103928006182A36063612AB14FF0113000FB02335A
:10393800A360636195F826004A4B616213F9203051
:1039480023732376002384F82A30637B84F82920A4
:1039580023B93846FDF782FD84F82A006078FDF720
:10396800BDFF414A84F82800128802F00101970738
:1039780048BF41F00201A185560742BFA18D41F021
:103988000401A1850346100742BFA18D41F0100133
:10399800A185D10642BFA18D41F02001A1859206E3
:1039A80042BFA28D42F00802A285304A01AE02F160
:1039B800200C10685168374603C7083262453E46F6
:1039C800F7D110683860A278294E06210AA801FBB1
:1039D8000303134413F8247C84F8207016E90F00BD
:1039E80086E80F0040F2E2433846A4F85030FDF76D
:1039F8006FF84FF07F51FDF7BFF8FDF7A9FA7F0880
:103A0800B4F84C204FF47A73B3FBF2F3A4F84030C7
:103A180095F82C30052F38BF0527C0B2012BA4F824
:103A2800520084F8547016D0022B14BF4FF461432F
:103A38004FF461336364002384F85B30A4F85C308E
:103A48000BB0BDE8F083072B7FF450AFE38BA3F5F1
:103A5800B543263B49E74FF4E133EBE7A8000020E4
:103A6800480000207CBA00086402002028B400083E
:103A78007800002002484FF4DE72FF2107F054BCA2
:103A8800A800002002484FF4DE71FEF7FFBE00BF19
:103A9800A800002002484FF4DE71FEF7E3BE00BF25
:103AA800A800002008B5FFF7F5FF034B1878BDE81C
:103AB8000840FFF79FBE00BF48000020F8B5FFF799
:103AC800D9FFFEF7F7FE04280CD0FFF7D3FFFEF767
:103AD800F1FE042803D1FFF7DDFF042806D0FFF725
:103AE800C9FF03E0FFF7D6FF0428EED1464947484F
:103AF800464C102207F03CFC38B1454910222046BC
:103B080007F036FC08B1FFF7B5FFA38A42F6A10219
:103B1800934266D042F6A002934258D800213B4B0C
:103B2800022504260F46012093F84F20012A1ED0B3
:103B3800022A1FD00ABB93F85020042A20D0052A55
:103B480020D0033A18BF012201310A2983F85020F6
:103B580083F8540003F11403E6D194F82C30042BB5
:103B680012D0052B31D0002384F82C300EE083F8D6
:103B78004F50E0E783F84F60DDE783F84F70DAE7EE
:103B88000122E1E70222DFE784F82C0042F6A103D4
:103B9800A382012522691C491C4842F6A2039A42C5
:103BA8004FF010021CBF2361012507F0E1FBD0B1E3
:103BB800154916481022FDF70DFD1649164808222A
:103BC800FDF708FDFFF75EFF0FE00223CCE70025B5
:103BD800E8B20135FFF7A8FA0A2DF9D10023E377F7
:103BE800D4E70025D6E7002DECD10023E3770B4C72
:103BF8002370FFF72BFA2078FFF7FCFD2078BDE84B
:103C0800F840FFF747BE00BF69B60008A8000020CB
:103C18007AB600088BB600085A0200204800002037
:103C28000129F7B5054600D9FEE70B4E06EB01134F
:103C38001C460F016278F15D03619B7807F024F957
:103C4800E3790193A379009322796379E17828468F
:103C580007F041F903B0F0BDFCD0000838B583681F
:103C680004466BB1024652F8183BDD6900F11903AE
:103C7800A847217E20460222BDE8384007F08DB9CA
:103C880038BD000070B58160897A86B0044601B1FC
:103C9800012107F0D2F8204607F051FA204607F034
:103CA80029FA217BFF2903D0FA22204607F02EFAB1
:103CB800A3685B7A013B042B04D8DFE803F0043ED9
:103CC8003E414100FEE7E922E121204607F05CFA87
:103CD8000121204607F0EBF99621204607F028FA43
:103CE8003821204607F03AFA204607F03FFAA36841
:103CF800204693F90810FFF7B1FFA3689D7A15B322
:103D080019782046FFF78CFF00221146204607F05D
:103D1800AEF80023009340F2032220464FF6FF71CD
:103D280007F008F920464FF6FF7107F02AF92046F8
:103D380006B0BDE8704007F0CAB9DB22D721C4E756
:103D48006F226B21C1E75E880E4B63614CF25033E2
:103D5800009320460C4919230B2207F025FA01236A
:103D6800CDE903335B23CDE90153102319462046DF
:103D78000095042207F056FA3146204607F076FAF5
:103D8800C2E700BFDCD00008A086010010B50446D9
:103D980007F09DF920464FF6FF71BDE8104007F087
:103DA800F0B8000038B58168036891F90810DD693A
:103DB800044600F1190300F11802A847A3689A7A8B
:103DC80042B11A78012A00D9FEE7044B03EB02132B
:103DD800236138BD024B6361FBE700BFFCD00008DC
:103DE800DCD00008836810B5044683B103691BB9A9
:103DF80043690BB9FFF7D6FFA3689B7A1BB1236908
:103E0800B3F90C0010BD6369B3F91C00FAE7184652
:103E1800F8E7836810B5044643B103691BB94369E1
:103E28000BB9FFF7BFFF94F9190010BD1846FCE75E
:103E380008B5836843B9FFF725FF7D20FEF73CFCF2
:103E4800BDE80840FEF7B8BB08BD000090F8D430C4
:103E580053B190F8D520074B03EBC20153F8323029
:103E6800497953F821007047037C00EB8300406BCD
:103E7800704700BF4CBA000813B5194B0288DB8B9A
:103E88009A42044627D1837813F0D00F25D183793D
:103E9800812B22D84FF6FF730D2201460DF1060043
:103EA800ADF80630FDF7DCFDB4F80D20BDF806309E
:103EB8009A420ED14C2204F10D01FDF7D1FDB4F860
:103EC8005900BDF80630C01A18BF0120800002B0A2
:103ED80010BD0320FBE70120F9E70220F7E700BF48
:103EE800480000200A7ACB7902F0070243EA02234D
:103EF80003804B7A0A7A03F03F035B0143EAD2035B
:103F080043808B7A4A7A9B0043EA9213CA7A02F07A
:103F1800010243EA822383800B7BCA7A03F00F03F2
:103F2800DB0143EA5203C3800B7BC3F30112012A6E
:103F380011D813F0300F14BF012300239B02038311
:103F48000B7B7F2B0AD813F0C00F14BF012300236B
:103F58009B024383704740F2FF73F0E740F2FF7320
:103F6800F7E70A7ACB7902F0070243EA02230380D3
:103F78004B7A0A7A03F03F035B0143EAD20343809A
:103F88008B7A4A7A9B0043EA9213CA7A02F00102BA
:103F980043EA822383800B7BCA7A03F00F03DB0199
:103FA80043EA5203C3800A7CCB7B02F0070243EA50
:103FB800022303814B7C0A7C03F03F035B0143EA45
:103FC800D20343818B7C4A7C9B0043EA9213CA7CD0
:103FD80002F0010243EA822383810B7DCA7C03F04D
:103FE8000F03DB0143EA5203C3814B7DDB000382ED
:103FF8008B7DDB004382CB7DDB0083820B7EDB0085
:10400800C3820B7BC3F30112012A2BD813F0300FA4
:1040180014BF012300239B0203830B7B7F2B24D82F
:1040280013F0C00F14BF012300239B0243830B7DB1
:10403800C3F30112012A1BD813F0300F14BF012358
:1040480000239B0283830B7D7F2B14D813F0C00FB2
:1040580014BF012300239B02C3834FF480630384AE
:104068004384704740F2FF73D6E740F2FF73DDE701
:1040780040F2FF73E6E740F2FF73EDE737B5214BF7
:10408800DB8B03804A78837862F3C30383704A79B1
:10409800C37862F30003C3708A79437962F38613A5
:1040A8004371044691F902000D46FDF783F8E37861
:1040B80060F34703E370EA78237962F30603237118
:1040C8002A79DBB202F0010203F07F0343EAC2134C
:1040D80023712A796379C2F3450223F03F0313431E
:1040E800637159224FF6FF7321460DF10600ADF8B2
:1040F8000630FDF7B5FCBDF80630A4F8593003B01A
:1041080030BD00BF480000202DE9F3419DF8206034
:104118001546522E88464FF05B024FF000010446C8
:104128001F4628BF522607F0FFF82D4BDB8B238054
:104138002A78A37862F30203A3706978C90001F0B2
:104148000801DBB203F0070341EA08111943A17023
:104158006A79E37862F30003E370AA79637962F31A
:104168008613637195F90200FDF724F8E37860F38C
:104178004703E370EA78237962F3060323712A7907
:10418800DBB202F0010203F07F0343EAC21323719A
:104198002A796379C2F3450223F03F03134363711D
:1041A800A379224666F3470302F8063F3E443B469E
:1041B800B34210D14FF6FF73592221460DF1060084
:1041C800ADF80630FDF74CFCBDF80630A4F85930C0
:1041D80002B0BDE8F08113F8011B02F8011FE7E700
:1041E8004800002007B5009313460A460121FFF74F
:1041F8008BFF03B05DF804FB30B53A4B027893F8B7
:10420800261061F30302027093F8271061F3071276
:10421800027093F82810427861F30302427093F811
:10422800291061F30712427093F82A10827861F31B
:104238000302827093F83210827961F3030282716B
:1042480093F82B10827861F30712827093F8341078
:10425800C27961F30302C27193F82C10C27861F33A
:104268000302C27093F82D1061F30712C27093F81D
:104278002E10027961F303020271427993F830102B
:1042880061F30302427193F83310827961F30712E4
:10429800827193F83510C27961F30712C27103F184
:1042A800390100F10A0200F1160411F9015F02F860
:1042B800015FA242F9D193F84610C27D61F3010271
:1042C800C27593F8471061F38302C27593F84810DA
:1042D80061F30512C27593F8493063F38712C2750A
:1042E80030BD00BFA80000200278344BC2F303029F
:1042F80030B583F826200278C2F3031283F827200A
:104308004278C2F3030283F828204278C2F30312EA
:1043180083F829208278C2F3030283F82A2082795D
:10432800C2F3030283F832208278C2F3031283F8BF
:104338002B20C279C2F3030283F83420C278C2F377
:10434800030283F82C20C278C2F3031283F82D20CD
:104358000279C2F3030283F82E204279C2F30302E2
:1043680083F830208279C2F3031283F83320C279AC
:10437800C2F3031283F8352003F1390100F10A0270
:1043880000F1160412F9015F01F8015FA242F9D1A8
:10439800C27DC2F3010283F84620C27DC2F38102C6
:1043A80083F84720C27DC2F3011283F84820C27DFA
:1043B800C2F3811283F8492030BD00BFA800002055
:1043C80070B5522698B0324604460D4603A800211F
:1043D80006F0AAFF212342F6A2008DF80C30FDF763
:1043E800DBF8ADF80E0042F6A100FDF7D5F81C4940
:1043F800ADF8100014220DF11200FDF7EBF8194882
:10440800FFF707FD184B8DF8260093F855308DF807
:1044180027300AA8FFF7F0FE4FF68073ADF8463054
:10442800124A134BCDE91223124B149347F6FF732C
:10443800ADF85430104BB3F89E208DF85620B3F8E1
:10444800A020B3F8A2308DF857208DF85830009688
:1044580003AB2A4602212046FFF756FE18B070BD6E
:1044680091B600083C1E00204800002001000A0008
:10447800190064009E00FF7F6402002038B5154DC6
:10448800044600F11B01062205F58970FDF702F9C3
:1044980094F82130C3F3030385F8193194F82130D7
:1044A800C3F3031385F81A3194F82230C3F30303D6
:1044B80085F81B31B4F85700FDF77FF842F6A103E1
:1044C800984205D104F12500BDE83840FFF70CBF3C
:1044D80038BD00BFA80000200B4A0C491268826052
:1044E8000A6802614A680A4942610A6882614A6840
:1044F800C26100234EF66022838083718381038426
:1045080002600385704700BF942C0020A4B6000801
:10451800ADB6000810B50E4CA36803B9FEE70D4A06
:1045280012791A700021204606F070FC4FF47A7058
:10453800FEF7C2F82046012106F07FFCA36820465A
:104548001978FFF76DFB2046FFF720FC10BD00BF70
:104558003C1E00204800002038B5174D0446A878B6
:10456800697805281CD14FF6FF732385FFF746F9B4
:104578006B7801229A40238D23EA020323850F4991
:104588000F48FFF755FC0E48FFF700FC0C486FF08A
:104598007F01FFF763FB2046BDE83840FFF7BABF4D
:1045A800002323850220FFF729F96A780123934025
:1045B800228D13439BB2E1E7480000204C00002005
:1045C8003C1E002008B590F8203002468BB9FEF753
:1045D80022F810B982F8210008BD92F82130013381
:1045E8005BB2312B82F82130F6DD012382F82030CE
:1045F800F2E7FEF710F818B1322382F82130EBE722
:1046080092F82130013B5BB2002B82F82130D8BFF1
:1046180082F82000E0E700000A4B90F820201B6891
:1046280072B182689B1AB3F57A6F01D9012343717D
:10463800037923B9437913B10123037103737047D5
:104648008360F5E7942C00200346007B821E012A34
:104658004FF0000202D893F8201009B91A73704776
:10466800104670470A4A38B5138801339BB2502B5D
:1046780004460D4601D8138038BD00230549138030
:10468800FDF788FD29462046FDF784FDF4E700BFC5
:1046980078030020B6B600082DE9F84F1546044601
:1046A8000F466B496B4EFDF775FD29462046FDF711
:1046B80071FD694B0022012F1A800FD10823B362C4
:1046C800102746F2A810B761FDF7F6FFB762FDF7AD
:1046D800F3FF29462046FFF7C5FFF2E7BB1E10226D
:1046E8000C2B00F2A880DFE803F03141521C07A62A
:1046F800A6A6626262626200564E4FF01008082752
:10470800C6F8188046F2A810B762FDF7D5FFC6F8BC
:104718002880B761FDF7D0FF29462046FFF7A2FFA2
:10472800EDE74C4E4FF010080827C6F8188046F2FF
:10473800A810B761FDF7C0FFC6F82880B762FDF77B
:10474800BBFF29462046FFF78DFFEDE7B262414ED9
:10475800082746F2A810B761FDF7AEFFB762FDF76C
:10476800ABFF29462046FFF77DFFF2E70823B36138
:10477800384E102746F2A810B761FDF79DFFB762C3
:10478800FDF79AFF29462046FFF76CFFF2E7B26172
:10479800304E082746F2A810B761FDF78DFFB762C3
:1047A800FDF78AFF29462046FFF75CFFF2E7A7F1ED
:1047B800090BDFF8A0805FFA8BFB00264FF0100A88
:1047C8005E453CBF0823C8F818304FF0040946F28C
:1047D800A810C8F818A0FDF76FFFC8F828A0FDF7C3
:1047E8006BFF09F1FF3929462046FFF73BFF19F017
:1047F800FF09ECD10823C8F828304FF0040946F225
:10480800A810C8F818A0FDF757FFC8F828A0FDF7AA
:1048180053FF09F1FF3929462046FFF723FF19F016
:10482800FF09ECD10136A7F10803F6B2DBB2B342B7
:1048380038BF0026C4E70823B261B3614CF2503098
:10484800FDF73AFF29462046FFF70CFFF6E700BFC1
:10485800B6B60008000400487803002008B543787D
:1048680002789A4213D0052B8ABF05230370037080
:10487800027888BF4370064B064813F92210064B8E
:1048880019731976836813B11972FFF7E7F908BD30
:104898007CBA00083C1E00204800002010B50AB968
:1048A800437010BD541E0B2CFBD80332D2B231F921
:1048B8001220C83A03FB022240F2716192FBF1F226
:1048C80012B222EAE2729A42C8BF1AB24270E8E70C
:1048D8000A46014610B9024806F069BA704700BF97
:1048E8003C1E002070B50D4616461C46014688B988
:1048F800FDF753FE094833462A4606F031FA0748C1
:104908004FF6FF7106F03DFBA1010448BDE8704079
:1049180006F050BB0148FFF739FA70BD3C1E002075
:104928002DE9F041194C05465B270E463A46002111
:10493800204606F0F9FCAB692360EB696360144B11
:1049480014491B789A1E53425341627A63F300025A
:1049580062726FF05D02A27228220023E27204F1F3
:104968000E00142223736373FCF734FE592120468A
:10497800FDF78EF8084BA4F859003A462146304610
:104988001B7FBDE8F041FFF7ADBF00BFC31C00208F
:104998006B03002091B600084800002037B50C468C
:1049A80038B91A48836833B9812281F8A02081F880
:1049B800A23003B030BD9D7ADDB101F1A2020DF144
:1049C800060106F02DFB94F9A230002B04DABDF89D
:1049D80006201344ADF80630BDF90630002B0FDB76
:1049E8004FF6FF73ADF80630BDF8063084F8A030F6
:1049F800DFE70DF1060106F04AFC84F8A250EBE768
:104A08007F33F1DA4FF68173ECE700BF3C1E0020DC
:104A18000A4608B501460148FFF73EFE0C00002093
:104A28000023FF22037043708370C27003717047C4
:104A3800C178034629B98278017101328270012058
:104A48007047007801281ED0022805D0C8B99A7886
:104A5800187101329A70F2E798785A784240D20772
:104A680004D40130002298701A71E8E7FF2902D1B6
:104A78000020187170471A790132D2B291421A7126
:104A8800EFD300207047FF29F2D01A790132D2B251
:104A980091421A71F5D29A7801329A7000221A71ED
:104AA800704700000E48C3691A0617D503681B062D
:104AB80014D50C4B0C4A1988138889B29BB29942B9
:104AC8000AD013880133DBB213801388074A9BB2DC
:104AD800D35CDBB283627047FCF7ADBF704700BFA1
:104AE800003801408820002086200020861F0020F2
:104AF8000E490F4A0B8812880133DBB292B29A42F0
:104B080011D00C4AD0540C4A0B8002F5006353E8CC
:104B1800003F43F0800302F5006040E800310029BF
:104B2800F3D1012070470020704700BF8820002083
:104B380086200020861F00200030014038B504463A
:104B48004518AC4200D138BD14F8010BFFF7D0FF6F
:104B5800F7E708461146FFF7F1BF000070B588B0C7
:104B68000C460646154600212022684606F0DCFB66
:104B7800231E18BF01231B03CDE9023569460C2308
:104B8800034801960494059305F06EFF08B070BDC4
:104B98000038014010B5064C236823F00103236058
:104BA800FFF7DCFF236843F00103236010BD00BF5B
:104BB8000038014008B541B14FF4005204484FF4A1
:104BC8008061FFF7E7FFFDF7FFFC012008BD00BF8C
:104BD800A086010008B531B1002211460348FFF74D
:104BE800D9FFFDF7F1FC012008BD00BF9A5B060064
:104BF80008B541B14FF4005204484FF48061FFF703
:104C0800C9FFFDF7F1FC012008BD00BFA086010027
:104C180013B52E4C236823F0010323604FF4804022
:104C2800FCF7FDFE08230120CDE900300A2203230A
:104C380027484021FDF7F8FA002211462548FFF7DA
:104C48008DFF636823F490436360A36823F02A030D
:104C5800A360214BC02283F8242310225A602046E7
:104C6800FCF7E9FE1D4901F5006353E8003F23F016
:104C7800400301F5006040E80032002AF3D14023E8
:104C88002362174B1A80174B1A80636823F400635A
:104C98006360A36823F00803A360636823F4804378
:104CA8006360A36823F02203A360A36843F48053DE
:104CB800A360236843F001032360044BDA6991027F
:104CC800FCD5DA695202F9D502B010BD00380140AE
:104CD80000040048A086010000E100E00030014027
:104CE800862000208820002030B51C4C85B00E227C
:104CF80000210546684606F017FBB4F8A030ADF869
:104D080000302046FCF702FA8DF802002046FCF736
:104D1800F4F9B4F8A4308DF803001148ADF8043064
:104D2800FFF777F894F8A6308DF8073094F8A93093
:104D38008DF80830B4F8AA30ADF80A30094B8DF870
:104D480006009B788DF80C306946012328468DF8BB
:104D58000D3003F01EFF05B030BD00BF801D0020E0
:104D68003C1E0020480000200148FEF707B900BF9C
:104D7800791D0020F8B5154D0E4607465B232946D8
:104D8800304614462A46FFF7A3FDD7E904132868DE
:104D98006A689A4208BF884209D0002430460C4904
:104DA800FFF7FCFD002C0CBF01200320F8BD5921A2
:104DB8002846FCF76DFEB5F859308342EDD114B1A1
:104DC800FFF7D2FFEAE70124E8E700BF751E0020DD
:104DD800801D002013B5012104460844FCF758FE45
:104DE800A178ADF806000DF10600FCF72DFEE1787C
:104DF800FCF72AFE2179FCF727FE6179FCF724FEEF
:104E0800A179FCF721FE04F108010322FCF728FE32
:104E1800627804F10C01FCF723FE94F82311FCF7E7
:104E280013FEBDF80630A4F80C3102B010BD000026
:104E38000038024B18BF012018707047300300205B
:104E480070B5002A38D1042B71D89DB29BB3654C3C
:104E580094F82830666A03F1030C5FFA8CFCF600BC
:104E6800BCF1070F666284F828C040F28980053BD0
:104E7800DBB284F82830B1F800C0DE400CF1010341
:104E88000B8000F80C600EE0083BDBB284F8283099
:104E9800B1F800C0666A0CF1010E26FA03F3A1F816
:104EA80000E000F80C3094F82830072BECD80132D9
:104EB80096B2B542CED870BDFF2AFCD1032B66D876
:104EC8009DB2002BF7D0474C94F828300026626A30
:104ED80003F1040C5FFA8CFC120142F00202BCF1EF
:104EE800070F626284F828C07AD9043BDBB284F8E1
:104EF8002830DA400B8803F1010CA1F800C0C25435
:104F08000CE0083BDBB284F82830626AB1F800C0D4
:104F1800DA400CF101030B8000F80C2094F82830DB
:104F2800072BEED80136B2B29542D0D870BD2D4CC1
:104F3800626A03F5C06343EA423394F82820636247
:104F480002F10D05EDB2072D84F82850B3D90532CA
:104F5800D2B284F82820D3400A88551C0D80835487
:104F680009E0083BDBB284F82830626A0D88DA4031
:104F78006B1C0B80425594F82830072BF1D870BD74
:104F8800013296B2B54263463FF664AF93E7154CDB
:104F9800626A03F5E06343EA423394F828206362C7
:104FA80002F10D05EDB2072D84F8285083D905329A
:104FB800D2B284F82820D3400A88551C0D80835427
:104FC80009E0083B626ADBB284F82830DA400B88D3
:104FD8005D1C0D80C25494F82830072BF1D870BDA1
:104FE80063469FE7840500202DE9F047674C0027BA
:104FF800FF250F8005708025676284F82870A577E3
:105008009846002B00F0BB8003F1FF3912FA89F9AA
:10501800561EBA463A4609E0554546D10137BFB251
:105028000B8843453AD24E4500F0948016F8015F4C
:10503800002AF1D16B1EDBB2FD2B32D83F2B62D98F
:1050480005F14103DBB23F2B34D8636A94F828207A
:105058000135EDB245EA032502F10803DBB2072B5F
:10506800656284F8283015D984F828200B88D54043
:105078005A1C0A80C55409E0083BDBB284F8283082
:10508800626A0D88DA406B1C0B80425594F8283010
:10509800072BF1D800220B884345C4D30020BDE874
:1050A800F0870127AA463A46BAE7FBB25246FFF70D
:1050B800C7FEBFE7636A94F828203F35EDB245EA9A
:1050C800432502F10903DBB2072B656284F8283017
:1050D800E0D90132D2B284F828200B88D5405A1C76
:1050E8000A80C55409E0083BDBB284F82830626ABC
:1050F8000D88DA406B1C0B80425594F82830072B3A
:10510800F1D80022C7E7636A94F828207F35EDB20A
:1051180045EA032502F10803DBB2072B656284F830
:105128002830B7D984F828200B88D5405A1C0A8023
:10513800C55409E0083BDBB284F82830626A0D8860
:10514800DA406B1C0B80425594F82830072BF1D8B5
:105158000022A0E722B1FBB25246FFF771FE0B888E
:1051680094F8282062B1646AC2F1080201259440CB
:1051780005FA02F2013A22435C190C80C2540B88EA
:10518800984594BF00200120BDE8F08784050020E1
:105198002DE9F04F47F26F730022827003800B787D
:1051A800A3F1FE03B3FA83F35B0983708A780D4693
:1051B80012F001011CBF43F080038370D5F8202151
:1051C80022F07F4222F0FF0285B0044612B143F07C
:1051D80008038370AA68C2F31702FF2A1ED9B2F522
:1051E800803F18D363F07F03A37041F002014FF0B2
:1051F800020B09234FF00A0C0822E1700B20CDF8AE
:1052080004C01E4617464FF0070E4FF006094FF030
:10521800050A042117E043F00203A370180600F101
:10522800D68008234FF0090C07220A204FF0000B04
:10523800CDF804C01E4617464FF0060E4FF005097C
:105248004FF0040A032195F8018004F8018004EB6B
:105258000108297904F80A10697904F80910A9796C
:1052680004F80E10A178090709D595F82111A15461
:1052780095F82211A1550346674662460646A96875
:10528800A154A278900707D5BA1C1F46AB68C3F390
:105298000F23A35596B23346BBF1000F05D05A1C15
:1052A8001F46AB7AA35596B23346A278D10606D5E7
:1052B8005A1C1F4695F82331A35596B23346454AE2
:1052C800127803F1010914FA89FA05F10C0B42B1BD
:1052D8006B785A460DF10E015046FFF785FE0028FF
:1052E8005AD16A78504659461FFA82FA06F07EF873
:1052F8002278394B6178D243D2B2072F9A5C82EA7E
:105308000102995CA27882EA0102995CE27882EA59
:105318000102995C227982EA0102995C627982EA47
:105328000102995CA27982EA0102995CE27982EA37
:105338000102995C1BD0227A5140082F595C16D083
:10534800627A5140092F595C11D0A27A51400A2F34
:10535800595C0CD0E27A51400B2F595C07D0227B64
:1053680051400C2F595C1EBF627B5140595CA155BE
:105378001AFA89F39BB2B5F80C21E2545A1CB5F815
:105388000C1192B2090AA154AA78981CD20780B2CB
:105398000BD405B0BDE8F08FA378BDF80EA043F09C
:1053A8004003A37088F800A0A2E7D5F81071D5F8DB
:1053B8001811D5F81461275022180F3356609160E0
:1053C80095F81C11117398B205B0BDE8F08F4FF035
:1053D800000B0EE730030020C0BA00082DE9F84F93
:1053E800AE4CAF4E0F4682460146AD48154605F015
:1053F800FDFF00233B809E462384636284F82830A7
:10540800802384F822304FF0FF08F14606E03B88FD
:105418005A1C3A800AF8039094F828E0BEF1010F6C
:105428005CD8218C8D4240F29D80606A735C0EF1DD
:10543800080C5FFA8CFC43EA0023ACF1020B23FA58
:105448000BF00EF1060200F003000131D2B202287F
:105458002184636284F8282000F08680032800F005
:10546800888001281DD0002A40F08780228C954230
:1054780078D9B15C013241EA0323228407211A0654
:10548800636284F82810C2D5062184F8281013F026
:10549800400F40F08D803B885A1C3A800AF8038000
:1054A800BAE7062A0BD8228C95425BD9B15C013247
:1054B80041EA03230CF1060122846362CAB2073A67
:1054C800D34003F07F037D2B84F828204AD83A88FC
:1054D8004133511C39800AF802309DE7636AAEF106
:1054E800020B23FA0BF000F003005FFA8BF202289C
:1054F80084F8282003D003281CD0F446B1E7052AF5
:1055080032D8218C8D422DD9705C0EF10602013102
:1055180040EA0323D2B221846362063A84F828E081
:10552800D340398803F03F034A1C01333A800AF814
:10553800013071E7052A1CD8218C8D4212D9705C84
:105548000EF10602013140EA0323D2B221846362DC
:10555800063A84F828E0D340398803F03F034A1C10
:10556800413BE3E7BDE8F88F063A636A5FFA82FEDB
:10557800D4E7063A5FFA82FEEBE70BF1FF3023FA35
:1055880000F0511EC9B2C00784F828107FF53FAF5C
:1055980069BB228C9542E5D9B15C013241EA03230B
:1055A80007212284636284F8281013F0800F70E7C3
:1055B8004A1ED0B223FA02F2D20784F8280032D465
:1055C8008446228C9542CDD9B05C013240EA03234F
:1055D800C81D22846362C0B2A0F10802D34084F8D7
:1055E80028C05FFA83FB38885A46002133E0013926
:1055F80023FA01F0911EC9B2C00784F828107FF57C
:105608004AAF99BB228C9542ACD9B15C41EA0323DD
:1056180001324FF0070C19062284636284F828C00F
:1056280021D40821CDE7072832D8228C954299D970
:1056380016F802C0073101324CEA03232284636260
:10564800C9B2083923FA01FB84F828005FFA8BFBFA
:1056580038885A46FF21504405F066FE3B889B4433
:10566800A7F800B0D8E660460821DEE701F1FF3C64
:10567800D01E23FA0CFCC0B21CF0010F84F82800DD
:10568800D1D107289CD90B3A636A5FFA82FCA3E759
:10569800A0F108020146D0B2D3E700BF840500207C
:1056A800580400202DE9F04F5788B7F58F7F8BB04D
:1056B800144606460BD90022227000226F2B628006
:1056C80000F06581002333700BB0BDE8F08F1278CD
:1056D8000E2A0D4624D80E2A00F2118101A151F894
:1056E80022F000BFC35600081359000807590008E4
:1056F80007590008135900081359000813590008DE
:105708001359000813590008135900086159000873
:105718000759000807590008075900088559000863
:10572800692A40F2EA806A2A40F0E9809C4FFA8AA6
:1057380002F1FF3C1FFA8CFC002A00F078820CF181
:10574800030CDFF860E2BC44FF22B91C11F8010B1E
:10575800424061451EF80220F8D1934200F0D08102
:1057680000222270C4F80220E280FA8A022AA9D90B
:1057780039796F2900F02E83032AA3D079796F290C
:1057880000F03883042A9DD0B9796F2900F0358359
:10579800052A97D0F9796F2900F03E83062A91D01F
:1057A800397A6F2900F04582072A8BD0797A6F29D8
:1057B80000F03583082A85D0B97A6F2900F0328342
:1057C800092A3FF47FAFF97A6F2900F02E830A2A5D
:1057D8003FF478AF397B6F2900F02A830B2A3FF416
:1057E80071AF797B6F2900F026830C2A3FF46AAFEA
:1057F800B97B6F2900F022830D2A3FF463AFF97B50
:105808006F2900F01E830E2A3FF45CAF397C6F29A4
:1058180000F01D830F2A3FF455AF797C6F2900F003
:105828001383102A3FF44EAFB97C6F2900F012831E
:10583800112A3FF447AFF97C6F2900F00E83122A32
:105848003FF440AF397D6F2908BF4FF012087FF44D
:1058580039AF02F101091FFA89F93A44A7F81690FD
:105868005FFA89F9937050494A4602A805F0BEFDCF
:105878006F234FF0010CBB704FF0000E6423A7F8A4
:1058880000E0A7F816C0237008EB0C0399451FFA2F
:1058980089F27FF617AF901E02A9A0EB08005A1EE6
:1058A8000B440A4413FA80F04FF06A084FF00709D6
:1058B8004FF0660A05E0002B40F0BE8190423FF4AD
:1058C80001AFFB8A12F8011F07EB030B01338BF8BA
:1058D8000210FB822378092BEDD9A3F1640BBBF1ED
:1058E800050FEBD8653B042B00F2BA82DFE813F012
:1058F8001F01170112010E011B01632A05D800239D
:105908002370C4F80230E380DDE6254FFA8AB9181F
:1059180001328B70FA822278092A00F2A480002AC8
:105928003FF4D0AE013A082A3FF6CCAE01A151F8B7
:1059380022F000BFFD5B0008CD560008CD560008D8
:105948005F5B00085F5B0008E75B0008B35B00086B
:10595800215C0008D15B00087A1C6280104EEB5570
:10596800A088727F618883189942FFF6ADAE3378BC
:105978005F0600F1E4810E232370A5E67A1C62809D
:10598800EB55E2886388934210D201239BE60449D1
:105998000A800122CA8264228B702270002392E658
:1059A80084050020C0BA0008860500200023638013
:1059B80023700223037042802B78FD2B00F0878030
:1059C800EB7803722B7943726B7943606A780832FB
:1059D8007280002240F28510DFF8CCC27281FE216D
:1059E8000446013499424FEA54042ED849D38B42D5
:1059F80040F08A802B78FD2B7FD04FF0060B28468D
:105A0800DFF8A48210F801AF0BEB0A0909F1FF31A6
:105A180089B2FCF73DF804EB440708EB8707ADF8BB
:105A280008003979019102A8FCF70EF805EB090284
:105A380015F809305278019903EB0223BDF80820C4
:105A48009BB29A421FD005233DE6601E141882427D
:105A580004F1010780F06C8127F0010101EB570187
:105A68005CF82110BDE7A2F1640105293FF62AAED2
:105A7800653A042A00F2FD81DFE802F0817D79753C
:105A880093002246E2E7BB79DA0706D5FA79924510
:105A980082BF521912F80B20B2729B070BD5630014
:105AA800234408EB83036A781B7A9A4282BF5B1906
:105AB80013F80B30F3724FEA4409A14408EB890844
:105AC800317398F8053073730BB0BDE8F08F6B79BC
:105AD8000372AB7943726B7A297AEA791B0403EB78
:105AE8000123134443606A7802F10C014180A978CC
:105AF800C9077FF56EAF19326AE74FF00A0B7EE7E8
:105B08000A2201232270DEE50323DCE5F97684F816
:105B18000090D3E64FF06803B9762370CEE679702B
:105B280084F800C0CAE6397784F80080C6E6397080
:105B380001F00103618887F801E0033B01F1010BE3
:105B4800A4F802B06B5497F90030002BACBF634641
:105B580053462370B2E66288511C6180AB542378A7
:105B680001332370AEE50722FB76227016E7682220
:105B7800BB76227012E701227B7022700EE76288E2
:105B88003B70002103F00103033B7970511C6180D5
:105B9800AB5497F90030002BC0F2328101232370F7
:105BA80090E56A223B772270F8E66288511C618092
:105BB800AB543B787A78134313F0020340F0D78054
:105BC8006288511C6180AB546288511C6180AB545F
:105BD8003B78D8064CBF69236A23237072E5628834
:105BE800511C6180AB543B781D074CBF67230723CA
:105BF800237067E562883A83511C6180AB543A7818
:105C08007B7712F0010200F0D08006220833A280D0
:105C1800E3800423237055E56288511C6180AB54EE
:105C28007B7813F00203CFD0092323704AE5FF22C3
:105C380093E54FF006080CE6013B082B3FF63EAE15
:105C48000FF2040B5BF823F0895C0008C5580008C4
:105C5800C5580008755C0008755C0008035D0008FD
:105C6800D15C00081D5D0008B55C0008638803F17D
:105C7800010BA4F802B0E9542378013323701DE620
:105C880063883B8303F1010BA4F802B0E9543B7825
:105C9800797713F001036DD008310623E180A380E2
:105CA800042323700AE600BFC0BB0008638803F121
:105CB800010BA4F802B0E9543B78DB067FF534AF5A
:105CC8004FF069032370F9E5638803F1010BA4F829
:105CD80002B0E9543B7879780B4313F0020343D1BF
:105CE800618801F1010BA4F802B06B54618801F1DD
:105CF800010BA4F802B06B54DEE7638803F1010BD3
:105D0800A4F802B0E9543B7819077FF500AF672380
:105D18002370D3E5638803F1010BA4F802B0E954BA
:105D28007B7813F00203E1D04FF009032370C5E537
:105D3800574902EB4200144651F8201057E602A9D1
:105D48002844FFF74BFB737FBDF808106288CB1A15
:105D58009BB21A446280727F1A447277E2881344B5
:105D6800E380338BE95406E608232370A6E508236D
:105D78002370A7E40C31E18079784FF00A0B11F019
:105D88000101A4F804B028D0618801F1010BA4F83E
:105D980002B005F801C0618801F1010BA4F802B056
:105DA8006B54E3880D33E3807AE779780C33E3802A
:105DB80011F001014FF00A03A38024D06388012168
:105DC80058186080E954638859186180EA54E38858
:105DD8000D331DE74FF002083BE5638803F1010B23
:105DE800A4F802B0E954638803F1010BA4F802B0E7
:105DF800E95455E74FF003082BE54FF0040828E570
:105E0800662323705EE463885A1C6280E9546388C1
:105E18005A1C6280E954FCE64FF0050819E54FF07A
:105E2800070816E54FF0080813E54FF0090810E5D4
:105E38004FF00A080DE54FF00B080AE54FF00C0883
:105E480007E54FF00D0804E54FF00F0801E54FF0A6
:105E58000E08FEE44FF01008FBE44FF01108F8E4D8
:105E680077290ED084F800E0C4F802E0A4F806E030
:105E780024E5772B09D000232370C4F80230E3808F
:105E880020E44FF06503237018E56523237019E4B7
:105E9800C0BB00082DE9F8431F46184B164693F877
:105EA800302004463AB393F82B301FB11BB31F1FA1
:105EB80018BF0127A1F1020804F5E36901F11E05E5
:105EC80038F8020FFBF7EBF929F8020FB8F80000D1
:105ED800FBF7F2F9A845A9F82000F1D1084B84F89E
:105EE8005A771B68C4F85C3786F00106012384F8EA
:105EF800606784F81937BDE8F88300BFA800002060
:105F0800942C002070B500F27C7400F5B071204626
:105F1800FBF70DFE044B0246186801680D6921461F
:105F28002B46BDE8704018477C1D0020B0F8E834C7
:105F3800B0F8EA249B1A98B21B0444BF00F500701D
:105F480080B2003818BF01207047D0F8F826B0F8A2
:105F5800E8140132C0F8F826D0F800270132C0F85A
:105F68000027B0F8EA24914203461FBF8118013286
:105F780091F8EE04B3F8EC141ABF0A40A3F8EA2427
:105F880000207047114B93F82D305A1E012A02D871
:105F98000F48FFF7DABF032B10D10E4AB2F81E36AE
:105FA800B2F81C1699420ED0D118013391F8220686
:105FB800B2F820160B40A2F81E367047064B186838
:105FC80003689B6918470020704700BFA80000209D
:105FD800C8050020700E00207C1D00200023A0F8BA
:105FE800EA34A0F8E834024B18680368DB691847FC
:105FF8007C1D002010B50748FFF7F0FF064B002274
:10600800C3F81C26054B18680368BDE81040DB6917
:10601800184700BFC8050020700E00207C1D002016
:1060280038B5B0F8EA24B0F8E8349B1A9DB21B04DE
:10603800084B04461868036848BF05F500751B6AD5
:1060480048BFADB298474319D4F8F006184480B257
:1060580038BD00BF7C1D0020F8B5D0F8F43690F8A4
:106068001877CB1AB3F57A7F04460E4626D2632BEF
:1060780001D800207DE0012F0AD0022F19D0002F6F
:10608800F7D1FFF7CDFFB0F5806FF2D9012305E016
:10609800FFF7C6FFB0F5806F03D9022384F81837DD
:1060A8000CE02046FFF7BCFFB0F5C07FE1D200232B
:1060B800F4E7FFF7B5FFB0F5806FE7D33448C4F8CD
:1060C800F466FBF748F8334D334A2B681168C3F17F
:1060D800000C411A614501DB99424BDD10600A232F
:1060E8002B601368B3F5FA7FBCBF4FF4FA731360E3
:1060F8001268D4F8F83652214A4328496425B1F881
:106108004C1092FBF1F26B43B3FBF2F35F2B35D8E3
:10611800552B35D83B2B03D94B2B34BF5B25322568
:1061280094F81837022B2DD0012B2DD013B9002F3E
:1061380018BF33254FF47A73D4F80027314604F298
:106148000470FBF7E1FB94F81837FBB9642D0BD109
:10615800D4F8F436A3F29A23C4F8F436D4F8F8360F
:1061680003225B00B3FBF2F3C4F8F83684F8FC565C
:106178000120F8BD002BB4DD013BB1E70025CFE7D6
:106188001E25CDE70025D5E73225D3E70023EBE729
:10619800801D002008000020340300204800002053
:1061A80070B5D0F8F43690F81827CB1AB3F57A7F83
:1061B80004460E4614D2032A08D8DFE802F0020982
:1061C8002730FFF72DFFB0F5487F26D8002029E0BB
:1061D800FFF726FFB0F5AF6F11D9022384F81837FF
:1061E800304B94F81857B3F84C00C4F8F466D4F858
:1061F800F836032D4ED8DFE805F03716494B204610
:10620800FFF70EFFA328E1D80323E7E7632BDDD9C7
:10621800FFF706FFB0F5AF6FE2D20123DEE70020FB
:1062280084F8180770BD21254FF47A73D4F8002735
:10623800314604F20470FBF767FB94F818377BBB10
:10624800642D0BD1D4F8F436A3F54873C4F8F436AA
:10625800D4F8F83605229B00B3FBF2F3C4F8F836FD
:1062680084F8FC560120DDE764210F4AB2FBF0F206
:106278004B43B3FBF2F35F2BD6D8552B0CD83B2BF3
:106288000CD94B2B34BF5B253225CDE70025CBE756
:106298005D25C9E76425C7E71E25C5E70D46C3E7A1
:1062A8000023DBE74800002050400100F8B5244FE8
:1062B80004463846FAF718FFFAF792FF064697F9A8
:1062C800A600FAF78DFF05463846FAF716FF1D4B6C
:1062D80094F8FC2693F8353084F87221333384F827
:1062E8006531442384F86631FF22D4F8683184F894
:1062F80074216D2262F31703C4F86831C0F10A00F3
:106308000023C4F86C3184F8813200B24FF4394369
:10631800A4F8823280F30700092384F8730184F813
:10632800706104F5B07084F8715184F8843204F512
:10633800AA71FBF7ADFE2046BDE8F840FFF7E2BDC5
:10634800801D0020A80000202DE9F04F044685B0EC
:10635800B4F82E270092B4F830270192B4F8322707
:10636800B0F828670292B4F838270378B0F822E723
:10637800B0F824C7B0F81CA7B0F81E97B0F820876B
:10638800B0F82677B0F82A570392B0F82C07B4F87B
:106398001A27A4F87A610026B4F83617B4F834B787
:1063A800A4F86C21A4F874E1A4F876C184F87C31CF
:1063B800A4F86EA1A4F87091A4F87281A4F8787179
:1063C80084F87D61A4F87E51009AA4F88221019A8C
:1063D800A4F88421029AA4F88621039AA4F88C21AF
:1063E800FF2284F86521442284F86621D4F86821C4
:1063F800A4F88A1184F8813246214FF4F84361F3F6
:106408001702A4F882322623A4F88001A4F888B1E0
:1064180004F5B07084F88E6184F88F6184F8906117
:1064280084F89161C4F8682184F8843204F5AA716B
:10643800FBF72EFE204605B0BDE8F04FFFF762BD22
:10644800F0B591B0044600F23A736D4600F25A7600
:10645800186859682A4603C20833B3421546F7D16B
:1064680020220DEB0200002104F05EFF94F8602763
:1064780094F85A370AB943F00203224AA4F8703153
:1064880092F835202778D4F85C17C4F86C110023EB
:10649800333284F87331102384F87431D2B284F81B
:1064A80072716B4604F275160DF1400C1D4603CD52
:1064B8006545306071602B4606F10806F6D1442325
:1064C80084F86631D4F8683184F865214FF4D272C3
:1064D80062F31703C4F868314FF4A053A4F882326A
:1064E800492304F5B07084F8817284F8843204F585
:1064F800AA71FBF7CDFD204611B0BDE8F040FFF7CB
:1065080001BD00BFA800002070B5244B90F8745757
:1065180093F83530044690F8750784F86F016FF0EA
:106528006E0084F8700133336FF02A0084F871012B
:1065380084F865311220442384F8720184F86631A6
:106548000020D4F8683184F873014D2060F31703F4
:10655800C4F868318F2394F8721794F87327B4F845
:10656800706784F883320A2384F8741184F88112DE
:1065780004F5B070A4F86C6184F86E5184F8752144
:1065880084F8822284F8843204F5AA71FBF780FD2E
:106598002046BDE87040FFF7B5BC00BFA80000204A
:1065A80010B5224B017893F8352004464FF07E53FE
:1065B800C0F86C310023C0F87031C0F87431C0F8ED
:1065C8007831C0F87C31C0F88031C0F8843184F863
:1065D8008C31442384F866313332D4F8683184F836
:1065E80065214C2262F31703082084F88801C4F857
:1065F8006831022049F6010384F88901A4F882323F
:106608000120212384F88A1184F88B0184F88112EF
:1066180004F5B07084F8843204F5AA71FBF738FDEC
:106628002046BDE81040FFF76DBC00BFA800002061
:10663800F0B54E78202E0D468BB0044601F10C01C2
:106648003AD8324601A804F0D1FE01ABC6F12102C6
:106658000021981904F068FE3D4B9DF8222093F81C
:10666800353033339A4270D19DF82330442B6CD1A6
:10667800BDF82030F62B02D0B3F5FA7F65D1B4F817
:106688007027A4F870379A421CBF002284F8752737
:10669800012284F86D276A7984F87227AA7984F828
:1066A8007327F62B4FF0020284F8742713D0B3F542
:1066B800FA7F34D000232BE00B4601AA05F12C0702
:1066C80018685968164603C60833BB423246F7D1E4
:1066D8001B783370C0E71F4B186803685B6A9847DC
:1066E8000028E7D01C490398FAF7DAFB98B11B4950
:1066F8000498FAF7D5FB70B119490798FAF7D0FB57
:1067080048B1002384F874379DF82430012B10D148
:1067180084F8753719E0002384F87437CAE7002332
:106728000F49079884F87437FAF7BAFB0028C1D0E4
:10673800EAE7022BBED194F87527002ABAD084F86C
:106748007537084B1B68C4F878370BB0F0BD00BF2D
:10675800A80000207C1D0020000040400000884266
:1067680088AC9649942C00204FF47F430380002383
:10677800C0E90133C0E90333436103767047000081
:1067880038B50023C0E90733C0E955334362C0F880
:106798005C310446FBF71AFA254B9878022845D055
:1067A800431F58425841FEF743FB40F2FF13A4F839
:1067B800EC34204B1B68002503F57A73C4F8F436D3
:1067C80004F20470C4E9A255C4F89052A4F8EA543B
:1067D800A4F8E854C4F8F05684F8FC5684F818571E
:1067E800C4F8F856C4F80057FBF788F884F8195726
:1067F800294604F21A70402204F096FD7D2384F89D
:106808005A57C4F85C5784F86057C4F86457C4F8FA
:106818006857A4F86C37A4F8725784F87557C4F809
:1068280078572046BDE83840FFF79EBF0120BAE7F9
:1068380048000020942C002010B40E4A92F82E2014
:10684800AAB102789AB10C4A0169126840F6C414D8
:10685800511AA14202D910BCFFF786BF416831B96D
:106868004169511AFA2982BF42610122027610BC9D
:10687800704700BFA8000020942C00204378032B09
:1068880006D1C068B0F5834F34BF0020012070479F
:10689800002070477FB50B46324991F82D1000F162
:1068A80028060229044600F11C02314668461BD11D
:1068B800FEF7F8FE9DF80030022B50D104F5B075B4
:1068C800324669462846FBF78FF9D4F8683123F039
:1068D8007F436E2B2FD1244B9A78052A3DD8DFE8C9
:1068E80002F0303438063038FBF7C6FAE2E75A6C63
:1068F800B2F5613F94BF002201222046FFF7BEFF98
:10690800C8B9C2B194F86E31012B14D894F8723119
:10691800042B10D11549102204F27B1004F028FD35
:1069280048B9782384F8883184F8823184F87C3136
:106938002846FEF74FFA204604B0BDE87040FFF73E
:10694800E1BA5A6CB2F5E13FD4E75A6CB2F5614F3F
:10695800D0E75A6CB2F5164FCCE70122CDE704B068
:1069680070BD00BFA800002048000020B8B600088D
:106978004378032B07D1C06844F2BF13984294BFF1
:106988000020012070470020704700002DE9F04FDB
:10699800844B0446ABB084481D68FDF73AFAD4F836
:1069A800683740F6C312EB1A934204D894F96C374F
:1069B800834200F0B6807D4EC4F86857B17884F8F9
:1069C8006C07052998BF7A4B8DF819009CBF33F8DE
:1069D8001180784B8DF8171098BF33F81150237831
:1069E8008DF814304FF000034FF006078DF815307E
:1069F8004FF07F0388BF00258DF818303A46B6F867
:106A08004E30ADF80C300DF11A0088BFA846ADF82D
:106A18000E308DF81670FAF719FE7178DFF8989134
:106A28003A4608A8FAF7E8FD5F48ADF81080ADF8D7
:106A38001250FDF7D7F940428DF826005A48FDF765
:106A4800D1F94242D2B220468DF82720FFF790FFB5
:106A580004F5B07504F5AA768046002864D099F844
:106A680035309DF826109DF9190000913333BDF893
:106A78000C1084F88721DDF81A209DF815B09DF8D0
:106A880016E09DF817C09DF91870BDF80EA0BDF866
:106A98001090BDF812800193A4F86C119DF8143081
:106AA800009984F87901C4F87A210898BDF81E2065
:106AB80084F8743184F88611A4F87E21A4F86EA1B4
:106AC800A4F87091A4F8728184F875B184F876E11D
:106AD80084F877C184F87871C4F88001BDF824205F
:106AE800A4F88421019A84F86521442284F8662157
:106AF800D4F8682184F881324EF68E21AB2361F3F5
:106B0800170284F88332C4F8682184F882B21C23FF
:106B1800284684F884323146FBF7BAFA2046FFF754
:106B2800F1F92BB0BDE8F08F0146642211A804F0FA
:106B3800FBFB0DF10C0CBCE80F000AAF0FC79CE87B
:106B480007006FF02E0387E8070084F86C3199F886
:106B5800357094F8009084F86D811C2384F87031A6
:106B6800802284F86E9184F86F810AA904F271106A
:106B780004F03CFC442384F86631D4F8683184F886
:106B8800819240F2811262F317033337FFB2C4F8DF
:106B980068314FF41343A4F8823284F86571852371
:106BA800B6E700BF942C00203C1E002048000020BF
:106BB80032BA00083EBA0008A80000208A4B2DE926
:106BC800F04F1A68D0F86437D31A122BA7B00446CE
:106BD80040F20681DFF81492DFF814B299F8001039
:106BE800C0F864278B1E594259419BF9A000FAF757
:106BF8000FFB99F800109BF9A23000908A1E5142B1
:106C080051419BF9A6000193FAF702FB9BF8A430C7
:106C18000290012B9BF8A53076480CBF032501256F
:106C2800012B9BF8AA300CBF45F0080545F0040578
:106C3800012B9BF8AB3008BF45F01005012B0CBFAA
:106C480045F0200545F04005FDF700F9F9F73CFF50
:106C58006949F9F791FF04F029FB6849F9F78CFFB6
:106C68000646634894F800A0FAF750FA8046604850
:106C7800FAF75AFA99F800300746022B20460CBF5B
:106C88009BF8A9904FF00009FFF772FE5C4B93F850
:106C980035303333DBB2039304F5B07B04F5AA73C4
:106CA8000146002846D0002284F86F21009A84F813
:106CB8007221019A84F87321029A84F875217F223F
:106CC80084F8762184F8782184F87A21039A84F864
:106CD80065214422FF2184F86621D4F8682184F8CC
:106CE800771184F879114EF68D2161F31702C4F8F3
:106CF80068214FF46062A4F882221722A4F86C512C
:106D080084F86EA184F8708184F8717184F87491A4
:106D1800C4F87B61C4F87F6184F881A284F8842276
:106D280058461946FBF7B4F9204627B0BDE8F04F9E
:106D3800FFF7E8B86C2204900BA8059304F0F4FA66
:106D48004FF67F72ADF82220ADF824207F22009BF9
:106D58008DF826206FF02F020499ADF818508DF8A1
:106D68001E302578019B84F86C2117228DF81B10A2
:106D78008DF81F3084F86D11029B84F86F1184F828
:106D8800702106A9802284F86E5104F271108DF8E2
:106D980021308DF81AA08DF81C808DF81D708DF8A3
:106DA8002090CDF82760CDF82B6004F01FFB44221B
:106DB80084F86621D4F86821039B84F8653140F291
:106DC800811161F31702C4F868214FF41342A4F843
:106DD80082228522059B84F8815284F884229FE7C9
:106DE80027B0BDE8F08F00BF942C00206B03002073
:106DF800801D00207C03002000007A3A00007A44BD
:106E0800A8000020F0B54E78082E85B005460C463F
:106E180001F10C0717D83246394601A804F0E6FA02
:106E280001ABC6F109020021981904F07DFA9DF81A
:106E38000930032B05D162792A70064A12682A6143
:106E48006B7005B0F0BDC86879683A7A01AB03C3C6
:106E58001A70ECE7942C002030B5037895B00446FE
:106E68001BB34A799A4220D14D784D2D01F10C017E
:106E78001DD82A46684604F0B9FAC5F14E02002129
:106E88000DEB050004F050FA049B6360190EC3F380
:106E9800072242F2107000FB0122C3F3074364216A
:106EA80001FB0323E360059BA36015B030BD4E22B0
:106EB800684604F09BFAE7E78A68C2F317024C2A8F
:106EC80014D0942A09D09AB90A4A92F82E207AB195
:106ED8008B79012B0CD1FFF795BF064A92F82E202B
:106EE80032B18B79012B03D1FFF7B6BFFFF7A0BBF7
:106EF800704700BFA8000020B0F8EA34B0F8E824D2
:106F0800F0B5D21A93B2120444BF03F500739BB2D2
:106F1800DD2B85B0044609D82A4D00F5257600F505
:106F28002277286803685B69984708B905B0F0BDFF
:106F3800286803689B699847D4F8F026013203460D
:106F4800C4F8F02631463A466846FAF795FF9DF8A8
:106F58000030022BE5D104F57075324669462846A3
:106F6800FAF742FE184B93F82D3004F27C76022B88
:106F7800294630460FD1FEF70BF900239AB2824218
:106F88000CD3002329462046C4F8F03605B0BDE8E6
:106F9800F040FFF791BFFAF7CAFDEEE7B4F8E8143E
:106FA800B4F8EC744A1C3A40B4F8EA7497421EBF2D
:106FB8000919F75C81F8EE7403F1010318BFA4F80E
:106FC800E824DBE77C1D0020A80000202DE9F04123
:106FD8004B4BDFF830811E6898F800304A4F022B7F
:106FE8001EBF0023A0F8EA34A0F8E83497F82D3043
:106FF800013B012B044600F28180FFF77DFF97F8E3
:107008002E50002D5BD098F80030022B4BD1012D6B
:107018003ED0022D42D000252046FFF70DFC94F803
:10702800193743B1002384F8193797F83030012B0A
:107038004FD0022B50D015B12046FFF737F994F8FE
:107048006D372BB1002384F86D372046FFF75CFAC3
:1070580094F87537022B11D1D4F87837F61AB6F5AB
:107068007A7F0BD9B4F87037F62B3ED0B3F5FA7F98
:107078003DD00023A4F8703784F87537237E002BA1
:107088003CD0002323762046BDE8F041FFF788BABC
:1070980031462046FEF7E0FF0546BDE7314620466B
:1070A800FFF77EF8F8E7D4F8F436F31AB3F57A7FE9
:1070B80008D2002504F20470FAF720FCACE7C4F803
:1070C800F466F7E73223C4F8F46684F8FC36012541
:1070D800F0E7FFF739F9AEE7FFF7B2F92046FFF717
:1070E8006DFD2046FFF752FCA5E7FBF791F9074B2A
:1070F8001A79002ABDD101225A71BAE7BDE8F08198
:10710800942C00206B030020A800002038030020E6
:1071180070B54C88B4F5427F03464FF000000AD89A
:107128000D780B2D77D8DFE805F0060F1C2C2F32D1
:10713800383B54575B6DA2F1240462424880624197
:107148000A7083F809033EE04D2A01D0582A06D177
:107158001A7002220A70002083F8090370BD002209
:10716800F8E702F0FD003C2801D0212AF7D15A7037
:107178001A784D2A0CBF082203220A7000229A703E
:10718800E9E79A700422DBE79A800522D8E7988815
:1071980000EB02229A800622DCE7DA800722CFE79A
:1071A800D88800EB022292B2002ADA800CBF0B22A8
:1071B8000A220A7000224A80012283F80923DB8808
:1071C800B3F5407F01D80020C8E700200870488048
:1071D800C4E7DA800922B3E79A800A220A70EBE74B
:1071E800B4F5407F3CBFE41822724A88013292B25B
:1071F8004A80D88890429CBF0B220A70012283F8EB
:107208000923E0E783F8082302220870488083F8FE
:1072180009230120A2E708704880D4E7CB88B3F59A
:10722800407F70B531D8242303700B7843704B78B6
:1072380083700B784D2B14D1CB88C3708B88037166
:1072480005230022CD88D4189542A6B210FA84F4FA
:1072580015D891F808232270CA880132981880B28C
:1072680070BD8B78C3708B8803718B881B0A437140
:10727800CB888371CB881B0AC3710823E1E78C187C
:107288000132247A845592B2DCE70020E8E7000056
:107298002DE9F74F16464A88B2F5427F04460D4657
:1072A8002ED80B780A2B0FD9A3F16402032A03D92D
:1072B8000020287068802DE0653B8F4F022B33D863
:1072C800DFE803F063A4A70000210A2BF0D801A08F
:1072D80050F823F00973000823730008B9720008F6
:1072E800B972000867730008757300088173000895
:1072F80087730008B9720008B9720008F5730008AE
:10730800A6F124077E424FF000007E4168802E706F
:1073180084F8090303B0BDE8F08F6F2E0CBF642317
:1073280000232B700020F3E716F0040F14BF4D2341
:1073380058233E7023703A78D1070ED412F0020F0A
:1073480014BF21233E236370C2F3C003D20648BF93
:1073580043F00203A3700423E3E73C23F3E7A6808A
:1073680005232B7084F809130020D3E7A38803EBC7
:107378000623A3800623D4E7E6800723F1E7E38802
:1073880003EB0623E3806523CBE70DF106007E704F
:10739800FAF7C8FB3978FAF7BDFBA7882179FAF71D
:1073A800B9FB390AFAF7B6FBE788A179FAF7B2FB15
:1073B800390AFAF7AFFB9DF80630B34206D000232E
:1073C8002B706B80032384F80933CDE7002F0CBFA3
:1073D80066230A232B70012384F8093300236B806A
:1073E800E288B2F5407FBFD92B70BDE7B2F5407F88
:1073F8003CBF121916726B8801339BB26B80E2880E
:107408009A4201D866232B700123DCE77E8067232C
:10741800F9E7B7F8028097F8009008EB06284FF6CE
:10742800FF730DF106001FFA88F84946ADF80630DB
:10743800A7F80280FAF708FB2679B4F804A03146C9
:10744800FAF702FB4FEA1A21FAF7FEFA94F806B0A7
:10745800B4F806A05946FAF7F7FA4FEA1A21FAF7EC
:10746800F3FA797804F10807FAF7EEFA5246394642
:10747800FAF7F6FABDF8063043453AD119F0040098
:1074880015D086EA0B01E21D002398B2824584F8E4
:10749800081307D80223012000222A706A8084F882
:1074A800093337E712F8010F01334140EDE7A178BE
:1074B800F9F758FF217984F80803F9F753FFA188F1
:1074C80084F80803090AF9F74DFFA17984F808033D
:1074D800F9F748FFE18884F80803090AF9F742FF39
:1074E800E28884F808033946F9F742FF84F808036C
:1074F800D0E703230020CFE7481C0020CB88B3F552
:10750800407F2DE9F04104460D464AD84B783C2B84
:1075180040D0A3F12100434243415B002A784D2A21
:10752800AA7808BF43F00403D10748BF43F0080313
:1075380092074FF02402227048BF43F010036F22D5
:107548006270A370AB88E370AB881B0A2371EB8869
:107558006371EB88A71C1B0AA3713846FAF71CFC59
:107568000822E071E988A2F108039BB2561C8B42FD
:10757800B6B204EB02080FD3063189B23846FAF7DF
:1075880087FA88F80000000AA055E8880A3080B217
:10759800BDE8F0810123C1E72B441B7AA35432468E
:1075A800E0E70020F4E710B50446242020705820B6
:1075B8006070237100201B0AA170E2706371A071D2
:1075C800E0710522E11CF9F7D3FE2072092010BDF5
:1075D80040F2FF3370B50025A0F820367D2380F8EF
:1075E800543A04460560C0F80E53A0F81E56A0F899
:1075F8001C56A0F8425AA0F8445A80F8465AC0F8D7
:10760800485AC0F84C5AC0F8505AC0F8585A00F6B0
:10761800672103460A2600F66D2011F8012F0AB1EA
:10762800B6FBF2F2814283F8702A83F8715AC3F8E4
:10763800745A03F10803F0D11522FF2104F52A60DA
:1076480003F072FEC4F8B85A70BD0000F8B5134ACA
:10765800044692F83000F8B192F82B2003B1DAB161
:107668008E1E04F5226701F11E0536F8020FF9F7A0
:1076780016FEAE4227F8020FF7D1012384F8423AEA
:1076880094F8453A83F0010384F8433A94F8463A6B
:1076980083F0010384F8443AF8BD00BFA800002035
:1076A80070B5061D04460A4601463046FFF7F0FD50
:1076B80018B304F6BC2531462846FFF7AFFD0F4B3B
:1076C8000246186801680E692946B04763793C2B61
:1076D80013D121890A4804F65A2304F66622A4EB3A
:1076E8008404A4F5F7541C3C33F8025F8D4204BFB0
:1076F800056844F823509342F6D170BD7C1D0020E4
:10770800942C002070B5124890F82D00451E012DCC
:107718000C460AD80F4E8D18AC4200D170BD14F833
:10772800011B3046FFF7B6F8F6E7032809D10A4EE1
:107738008D18AC42F2D014F8011B3046FFF7B0FFA9
:10774800F7E7064B18680368BDE870401B691847DF
:10775800A8000020C8050020700E00207C1D002015
:10776800B0F81C36B0F81E269B1A98B21B0444BF0A
:1077780000F5806080B2003818BF01207047000013
:10778800094B93F82D305A1E012A02D80748FEF7F4
:10779800CDBB032B02D10648FFF7E2BF054B1868A3
:1077A80003685B69184700BFA8000020C8050020CF
:1077B800700E00207C1D002070B500F6BC240B461E
:1077C80002223C212046FFF7EEFE054B02461868D0
:1077D80001680D6921462B46BDE87040184700BF77
:1077E8007C1D0020114B37B51A68D0F8483AD31AD7
:1077F800122B19D9C0F8482A00F6BC24202300F619
:10780800222001930090C82303223C212046FAF746
:107818007DFA074B0246186801680D6921462B4618
:1078280003B0BDE83040184703B030BD942C0020A9
:107838007C1D00207FB5234B1A68D0F84C3AD31A28
:10784800C72B04463CD9204DC0F84C2A4FF480730E
:107858002846ADF80830F9F747FC06461B48FCF700
:10786800C1FA01463046F9F763FD8DF80A0028464B
:10787800F9F73AFCF9F756FD95F8A9308DF80B00A1
:1078880028468DF80C30F9F741FC8DF80D00284694
:10789800F9F733FC072304F6BC24019302AB8DF8F7
:1078A8000E000093032241F20D033C212046FAF713
:1078B8002DFA074B0246186801680D692146A8474A
:1078C80004B070BD942C0020801D00203C1E0020B8
:1078D8007C1D002030B5214B044687B020481D6828
:1078E800FCF797FAD4F8503A40F6C312EB1A9342D1
:1078F80003D894F9543A83422DD0C4F8505A00233F
:1079080084F8540A8DF80830F9F742FD154DADF8A2
:1079180009006978ADF80B0004220DF10D00F9F7A4
:107928006BFEA97806220DF11100F9F78FFE0F23DF
:1079380004F6BC24019302AB0093032241F20E0328
:107948003C212046FAF7E2F9074B0246186801681D
:107958000D692146A84707B030BD00BF942C002010
:107968003C1E0020480000207C1D002038B5204C1B
:107978000025FAF785FEFAF7B3FEFBF703FAFAF7E4
:1079880051FEFAF741FE1B491B4801F0C7F8FDF705
:107998003FF9C4E90455A560FF232373FAF7F6FFFE
:1079A800164B1D70FAF7DAFD154B1648D02283F8EE
:1079B8003223FAF781FE2946204603F027FA124CB3
:1079C8004FF47A70FAF778FEFCF778F80F48FBF76F
:1079D8001FFAB4F84C100E48FBF720FBFBF796F99A
:1079E8000C4B0D48616C1860FBF702F938BD00BFFD
:1079F8003C1E0020CE0000204C1C0020100000205F
:107A080000E100E0E093040048000020941C0020FE
:107A1800791D00207C1D00201800002073B5164831
:107A2800164C4FF6FF7103F031FB206023689B076B
:107A380012D5134E35798DB10F4808236A460021B7
:107A480003F0B5F9D6E90402DDE900139A4208BF4C
:107A5800884201D00023236002B070BD02236A4629
:107A68000548294603F0A3F9064BDA8BBDF8003028
:107A78009A4218BF2560EFE73C1E0020B805002099
:107A88003803002048000020034A00231370034AEB
:107A98001370034A13707047C3050020741E00203A
:107AA80070030020024A00231370024A13707047C3
:107AB800C3050020741E002008B5437E203B042B1C
:107AC8000FD8DFE803F0050E030B0F00FCF7D6FC18
:107AD800064A01231370064A137002E0054B01227F
:107AE8001A7008BDFBF7DEFFF2E700BFC3050020F0
:107AF800741E002070030020034B1B78012B01D15A
:107B0800FCF75EBC704700BFC30500202DE9F043B9
:107B1800074699B03D48FCF78BFF0646002860D021
:107B28003B4B1C78002C5CD13A4B1B78022B54D170
:107B3800DFF8E4900DF10C0825464846ECB2FFF753
:107B48001FFE40B14846FEF71DFA0135522D08F8D0
:107B5800010BF2D12C4631482146F9F7BBFE3048DB
:107B6800F9F7B2FEDFF8A4802E4D98F802308DF8B0
:107B780000304FF0010995F8A4308DF805302846FB
:107B880085F8A5708DF806708DF80190F9F7ACFAB4
:107B98008DF802002846F9F7B9FA8DF8030028464F
:107BA800F9F7C2FA204F8DF804000EB3184B1B7872
:107BB800CBB91E48234603AA6946FCF713FB1948AC
:107BC80001233B70F9F7BEFA1648F9F7C4FA012306
:107BD80088F8033019B0BDE8F0830F48FEF70AFAB9
:107BE800C0E70024BEE711486946FFF785FFE6E7CE
:107BF8003B7803B9FEE70D486946FCF73FFA28468B
:107C080087F80090F9F7A3FA2846DEE7581E002007
:107C1800741E00206B03002014000020E41D0020C7
:107C2800BC1D0020801D0020310300201E1D0020E7
:107C380070B5CB78284DC3F3000385F8AA304B798B
:107C4800C3F3801385F8AB300646C87840080C4665
:107C5800F9F7C0FA85F8A60023792048C3F3000392
:107C680085F8A7302379C3F3450385F8A8306379ED
:107C7800227903F03F035B0043EAD21385F8A93069
:107C880021461EB9BDE87040FCF72CB9FCF769F92C
:107C9800A37803F0F003202B04D12046BDE8704000
:107CA800FFF70ABFFFF7FEFE0D4B1B78022B12D120
:107CB800A2790C4804F119015208FFF723FDA179B4
:107CC80005F178004908F9F705FE05F15000BDE80F
:107CD8007040F9F7F9BD70BD801D00209C1C002084
:107CE8006B0300201400002070B5054658B9194BE5
:107CF80019491C78194803794BB1012C28D0BDE8E3
:107D08007040F9F7DFBF164B16491C78F2E7012CD3
:107D1800154B164E13D98A78C2F3C0025A70022244
:107D28001A70E31E58425841FFF782FF3046F9F7B0
:107D3800D5F9032C05D13046F9F7D3F901E0012232
:107D48001A7086F8A4500948BDE87040F9F7C4B91C
:107D580070BD00BFC0050020D01E002038030020E1
:107D6800C10500202B1F0020581E0020801D002068
:107D78000A4B1A7910B504462AB10146BDE81040ED
:107D88001846FCF7CDBDFFF7C1FE054B05491B7F23
:107D980020465B22BDE81040FCF7A4BD3803002054
:107DA800480000201E1D0020244B1A7970B5054696
:107DB8000E4632B10A46BDE8704001461846FCF747
:107DC800D9BF1F4A1F495B23FCF782FD45BB1D48ED
:107DD800FCF752F8044628B31B491C48FAF7DAF9AD
:107DE80005F130011948C9B2FAF7C8F91849174816
:107DF800FAF7D0F9204602F0E3FE01461348FAF7F5
:107E0800C9F912480A21FAF7B9F9012C06D0042C4D
:107E180011D001240F492846FCF7C0FD204670BD4B
:107E28000748D5E72EB10C48FBF7A8F80CB1022497
:107E3800F0E70324EEE7002EF9D0F4E7380300203A
:107E48002B1F0020D01E0020C9B600080C000020FF
:107E5800D0B60008801D0020791D0020024B18783C
:107E6800831E5842584170476B03002070B50023A9
:107E78009CB2A24200D870BD058886886C1C34402C
:107E88004688A6421EBF2D18CE5CAE7103F10103D1
:107E980018BF0480ECE700002DE9FF47B0F81E3654
:107EA800B0F81C26D21A93B2110444BF03F58063BC
:107EB8009BB2E62B04460CD8744EDFF8D49100F23E
:107EC8001C6704F21238306803685B6998470546F6
:107ED80010B904B0BDE8F087306803689B6998471B
:107EE80004F20E3102464046FFF712F90028EAD0A4
:107EF80094F813333E2B52D1B4F81633B3F5005F20
:107F080032D194F8983A7BBB039304F2273004F6F5
:107F18009F214FF0010C11F8012FFF2A0FD04FEAD3
:107F2800D20E02F0070210F80EE04EFA02F2D20763
:107F380041BF039A0CFA03FE42EA0E020392013390
:107F4800152BE8D1042304F6BC2A019303AB009354
:107F580002223E2142F6FF735046F9F735FF51469B
:107F680002463846FFF782FFB4F81633772B47D11D
:107F78001522FF2104F52A6003F0D6F90023B4F88E
:107F880018E304F219359C469AB2964523D894F81A
:107F9800145384F898CA85F00205C5F3400594F88F
:107FA8001333212B44D1B4F8163341F20D02934216
:107FB80036D041F20E02934236D0002D81D004F61D
:107FC800BC2541462846FFF799FA29460246384615
:107FD800FFF74CFF75E715F801AF2E4A002011791D
:107FE800514507D15179142904D8214481F8A03A80
:107FF8000133C9E701303B2802F10802EFD1F7E766
:1080080043F201029342CAD194F81233582BC6D1D5
:10801800214B1D7915B901225A71C0E70025BEE729
:10802800012384F8453A4CE7012384F8463A48E7A7
:108038003C2BC2D1B4F816A3BAF1440FBDD194F8C1
:108048001233582BB9D13068D4F81A5303685B6AD5
:10805800984700283FF435AF4D457FF432AF0F4BBA
:108068001B68C4F8B83A04F6BC250023CDE90033F0
:10807800022253463E212846F9F748FE0246306858
:108088000168D1F810802946C0471AE77C1D0020F6
:1080980091D512001CD1000838030020942C002030
:1080A8002DE9F0473A4B1B78022B04460CD00023ED
:1080B800A0F81E36A0F81C3690F86D3A13B10A22C3
:1080C800B2FBF3F384F8983A324B93F82D30032B34
:1080D8002DD12046FFF7E0FE94F8422A3AB100235A
:1080E80084F8423A2046BDE8F047FFF77BBB94F896
:1080F800433A33B184F8432A2046BDE8F047FFF7F6
:1081080099BB94F8448AB8F1000F06D084F8443A31
:108118002046BDE8F047FFF7DDBB1F4B1E68D4F8CB
:10812800583AF31A632B04D8D4F8B83A4BBBBDE8D5
:10813800F087C4F8586A254604F65C2704F130092C
:1081480040F6AB5A95F8702AAAB195F8713A0133FE
:10815800DBB29A420BD885F8718AD5F8743AF31ACB
:10816800534508D939882046FFF726FB03E085F8F0
:10817800713A002BF1D008354D4507F10207E1D1DE
:10818800D2E7F61AB6F57A7FD1D9FAF741F900BFE6
:108198006B030020A8000020942C00202DE9F74351
:1081A8008F4E3378012B00F2E0800BB9FAF780F993
:1081B800FFF7DCFB8B4B00221A809A708A4B102247
:1081C8009A6207244CF25030013CFAF74BFAFAF75E
:1081D80073FA14F0FF04F5D1844802F086FF0138E1
:1081E80080B24FF6FD73984203D981490120FCF70C
:1081F8000FFC804B804F1C60804B7C481C60391DF5
:10820800FBF716FE7E48FCF767F997F82020202A2E
:1082180000D9FEE797F828007A4D796AB7F82C90CC
:1082280097F829C097F82A30A871052800D9FEE7E1
:10823800DFF8D48158F830E0BEF1000F00D1FEE736
:1082480008EBC008C5F808E098F804E098F805803D
:1082580085F807E085F80C8085F8D500A5F80E901C
:1082680085F8D440B9F1000F00D1FEE7724524BF6C
:108278000EF1FF3E5FFA8EF205286A7400F09C80CA
:10828800012800F2A1800CF1FF30C0B200F08B8011
:10829800022813D8581EC0B2032809D80C2A01D9BD
:1082A8000C206874687C904200D96A74644608E0BF
:1082B800122A84BF12236B740023F3E7052B28BF0F
:1082C800002350482246F9F76CFA00244F4B2C74CF
:1082D8004C48FF251D705D70FBF7B8FD014643480B
:1082E80002F0B9FD4A4B4B481C704B4B1C704B4B72
:1082F8001C804B4B1C704B4B1C704B4B1C704B4BDE
:108308001C704B4B1C704B4B1C704B4B1C70FFF77D
:10831800BBFB4A4BB7F84E201C70494B97F84010EE
:108328001C70484B1C70B7F84C30F8F79CFEB7F837
:108338004C104548F9F7C1F94448FCF771FB444B28
:10834800444893F8291000F0F6FB4348FEF718FA62
:108358004248FFF73DF92548FBF75BFD404B1C8081
:10836800404B1C80FAF7DCFC3570FAF7E3FC002878
:1083780000F09780294A13880BB1013B1380264BE4
:10838800184A19781388022922D12BB3013B9BB2D2
:1083980013809278002A67D0002B6ED1FAF754F92F
:1083A800FAF760F969E0022804D80C2A01D90C23ED
:1083B8006B746446002384E70CF1FF33022BF9D871
:1083C800082AF6D90823F3E70E48F9F791F97CE76C
:1083D800002BDBD1C723DBE740F2F313D8E700BF5C
:1083E800C01C0020BC050020000400483C1E0020E2
:1083F800D2B60008B405002048000020B8050020C7
:10840800380300207C0300204CBA0008C11C00205F
:10841800C2050020801D00206B0300206E03002091
:108428006C03002068030020690300206A03002011
:10843800C1050020C0050020C405002073030020EA
:1084480072030020B0050020601E0020581E002086
:10845800A80000204C1C0020C8050020700E002039
:10846800701E0020721E00200229A54840F08B8053
:108478000BB9FAF7E9F810238362A24C2388002B82
:1084880000F08780013B9BB29F482380FCF79AF855
:108498009E48FBF7BEFC23881BB99D499D48F9F708
:1084A80079FE9D4D9D4C2978002975D0022900F050
:1084B8009C80236853B32B78032B40F0A280236859
:1084C800DB070ED5964A00232360137843F0010199
:1084D8001170944A92F85A200AB19F0701D50023D7
:1084E8002B70236893B12368990548BF23682368D4
:1084F8009A0748BF236823688B4ADB0748BF23686D
:1085080000231370894A23602B701370884B1A78E4
:1085180002F0FF07002A00F0DB8100201870834B6F
:108528001E7806F1FF3CDCF1000848EB0C08002E31
:108538007AD0FFF7D9FB7F4A0023012E137205D8A2
:108548007D4A1377D38313627C4A13707C4C22785C
:10855800012A00F28780012E13D97A4E96F8A830A6
:108568003E2B6AD8784996F8A760087C002E72D10D
:1085780083425DD04A7C0B749A429CBF00230B74E3
:10858800B846002777E008228262002B7FF475AF97
:1085980006E740F2E73377E7694B1B7843B16A4A4D
:1085A800137C507C0133DBB29842137498BF11746A
:1085B8006548FBF74BFC0146544802F04CFC534815
:1085C8004FF6FF71F9F7F0FF02F0DBFC4F4800218E
:1085D80002F00BFD544A01232B7000231370534AF9
:1085E80013705A4A1360236063E75948FCF736F959
:1085F800504B187AFFF7BCFB03232B70484A002323
:10860800EEE7012B7FF46DAF236898077FF569AF1C
:10861800454B1978B1FA81F1002049092060FFF72C
:10862800C3FB424B18705CE74A4B01221A7082E781
:108638004948017841F0010101704849002A40F099
:1086480095803F2B444B0A704FF0010028BF03224E
:1086580020701A7008E083428CD13F48017841F0BD
:108668000201E9E7012E8CD92E4BB3F850203C4B80
:108678001A8002232B702378002B40F0A080B8F1D9
:10868800000F00D02B703749264A0B78B2F85220D9
:108698000133DBB293420B702B4B0ADB1A7C587CFC
:1086A8000132D2B2904298BF00221A7400220A7096
:1086B8002A7093F8D420002A00F08D80B3F8D820CF
:1086C800B3F8D610013292B29142A3F8D82000F242
:1086D8008280002293F8D500D989A3F8D8200622F1
:1086E8000130C0B2062828BF002041FA00F6F6077C
:1086F8006DD51D4A52F83020002A55D1FEE700BF3B
:1087080000040048701E0020380300203C1E002092
:10871800DCB600080C000020C2050020B8050020C7
:10872800C405002048000020C1050020C005002025
:1087380071030020601E0020C8050020700E002074
:108748006B030020801D00207C030020B40500205E
:10875800C11C0020581E0020680300206C03002064
:108768006E030020690300204CBA00080B78994872
:1087780001330278DBB20B7072B9974A92F8542031
:108788009A423FF671AF954B1B78032B06D1022313
:1087980023700123037067E70522F1E7531EDBB25C
:1087A8009A420B70F3D95FE783F8D500F9F79EF882
:1087B8008B48FBF7AFFE00232B7023785BB1894B06
:1087C8001B8843B9884A237013702B7003E0013A61
:1087D80012F0FF0284D1854B00221A702278002AF9
:1087E80000F0F1801FB901221A7002232B70804813
:1087F800FBF7CCFA2378022B02D07E4B00221A70AA
:108808007D4A138813B9744BB3F84E30013B9BB2C1
:10881800138013B97948F8F7AAFC7848F8F75BFC95
:108828002378022B0BD07548F8F705FC237833B969
:10883800FFF738F9724A01231370724A1370724EA7
:108848003046FAF7C9FA7278654B012A04D100213B
:108858007170197901B95A716148FBF7DDFEFBF7B0
:10886800F3FE0128064607D002282DD0674B0522C3
:108878001A7003B0BDE8F083574F5948FBF76CFEF8
:10888800B7F84C30624A634803EB830303EB830376
:108898009B001380FAF772FB5F4AB7F84C1082F816
:1088A800D46041F28833B3FBF1F3A2F8D630002349
:1088B800A2F8D830594A0821916110219162584A8A
:1088C800237096702B70D1E7564B01221A70CDE7B2
:1088D8004E49554A0B781BB1013BDBB20B7013B103
:1088E8001378002B34D0514D514895F828100024A6
:1088F800147000F04BF94F4B1B78022B42D13B4FC1
:108908003E4897F80090F8F7EFFB80463B48F8F7A9
:10891800FDFB494923464A46CDE90080444800F01A
:108928004DFC4348FCF7E0F93A784449444823466B
:10893800FDF7B0FA3A78414942482346FEF786FEE9
:1089480095F8263095F833203B493F48FBF7A6FFBA
:10895800374800F043FD3A48FEF738FB3948FFF73F
:108968009FFB304B1B78002B83D02148FBF70EFA76
:108978002A4B10229A6108229A61FBF783F8012397
:10898800337076E7134B1B78C3B16FF07E03009307
:1089980001231A4628492648019400F00FFC244870
:1089A80000F00BF901231A4624492548FDF772FA0D
:1089B8000123224923481A46FEF748FE224B95F820
:1089C80026205A70C4E72B7813F0FD0F3FF40FAF41
:1089D80013E700BF6A030020480000206803002056
:1089E800380300206E03002069030020B005002032
:1089F8003C1E0020581E0020721E0020801D0020F2
:108A0800C3050020741E0020941C0020730300205E
:108A180044000020791D00207C0300200004004849
:108A2800BC0500207003002072030020A80000206D
:108A38004C1C00206B0300209C1C0020701C002094
:108A4800C8050020700E0020C11C002008B5FFF7E3
:108A5800A5FBFCE71C4B1D4A10B51A601C4B1D4AB0
:108A68001D4C1A605A619A62DA631A651B4A5A6683
:108A78009A671B4AC3F88C20204600F043F8194B2C
:108A88002360194B002240F2FF11C3F8E824C3F811
:108A9800EC14164BC3F81C26C3F8502A7D2283F821
:108AA800542A134A40F2FF31506AC3F82016916ADB
:108AB80003F65C2403C4D06A2060106B928EC3F85E
:108AC800680AA3F86C2A10BD3C1E0020E8B600080E
:108AD800801D002050B600084C1C002038B6000845
:108AE80044B6000870B70008C8050020700E0020C2
:108AF80028B4000870470020704700207047002005
:108B08007047000010B5044B0446012140F8043BAF
:108B1800F8F73EFA204610BDFCD2000838B52422EA
:108B280004460D46FF23002103618182104402F0B0
:108B3800FBFBE56038BD38B50D46017CA94204460B
:108B480015D0012918D0022912D011B903685B6821
:108B580098470023012D6374257413D0022D0ED07D
:108B68002DB923685B68012120469847607438BD99
:108B78000368DB680021EBE703689B68FAE7236872
:108B8800DB68F0E7236829469B68EDE70430F8F7CF
:108B98000DBA037C012B10B50ED100F1160301F1BB
:108BA8000C0251F8044B43F8044B9142F9D10A885E
:108BB8001A8040F20113438210BD037C012B0BD1B4
:108BC80048F28113C3824FF401420023C0E9063200
:108BD800038440F2011343827047F0B5054689B01B
:108BE80008880C4616461F46F8F74AFB9DF80630DB
:108BF8008DF8050023F00703C0F3022003436088C3
:108C08008DF80630F8F73CFB9DF8063000F01F029F
:108C180003F0070343EAC2038DF806309DF80730D6
:108C2800C0F3451023F03F030343A0888DF80730B5
:108C3800F8F726FB9DF8073000F0030203F03F0326
:108C480043EA82138DF80730C0F387038DF80830A4
:108C58009DF80930C0F3802023F001030343E08826
:108C68008DF80930F8F70CFB9DF8093000F07F0209
:108C780003F0010343EA42038DF809309DF80A30F6
:108C8800C0F3C31023F00F03034320898DF80A3083
:108C9800F8F7F6FA9DF80A3000F00F0203F00F0318
:108CA80043EA02138DF80A309DF80B30C0F3061022
:108CB80023F07F03034360898DF80B30F8F7E0FA5F
:108CC8009DF80B3000F0010203F07F0343EAC21362
:108CD8008DF80B30C0F347038DF80C309DF80D303C
:108CE800C0F3412023F003030343A0898DF80D301E
:108CF800F8F7C6FA9DF80D3000F03F0203F00303C1
:108D080043EA82038DF80D309DF80E30C0F38410CD
:108D180023F01F030343E0898DF80E30F8F7B0FA0B
:108D28009DF80E3000F0070203F01F03C0F3C700E0
:108D380043EA42138DF80F00208A8DF80E30F8F7B9
:108D48009FFA9DF811308DF8100023F00703C0F347
:108D580002200343608A8DF81130F8F791FA9DF8E4
:108D6800113000F01F0203F0070343EAC2038DF835
:108D780011309DF81230C0F3451023F03F03034330
:108D8800A08A8DF81230F8F77BFA9DF8123000F0BF
:108D9800030203F03F0343EA82138DF81230C0F355
:108DA80087038DF813309DF81430C0F3802023F02A
:108DB80001030343E08A8DF81430F8F761FA9DF84F
:108DC800143000F07F0203F0010343EA42038DF8F8
:108DD80014309DF81530C0F3C31023F00F0303437C
:108DE800208B8DF81530F8F74BFA9DF8153000F008
:108DF8000F0203F00F0343EA02138DF815309DF8B4
:108E08001630C0F3061023F07F030343608B8DF800
:108E18001630F8F735FA9DF8163000F0010203F025
:108E28007F0343EAC2138DF81630C0F347038DF869
:108E380017309DF81830C0F3412123F003030B438A
:108E4800A08B8DF81830F8F71BFA9DF8183000F051
:108E58003F0203F0030343EA82038DF818309DF8BC
:108E68001930C0F3841023F01F030343E08B8DF8FF
:108E78001930F8F705FA9DF81930218C00F007022F
:108E880003F01F0343EA42138DF81930628C40F255
:108E9800A953994288BF0121C0F3C70098BF002198
:108EA8009A428DF81A0088BF41F002010EB141F0D4
:108EB80004010FB141F008010F238DF8043000239D
:108EC8008DF81C302B688DF81B101B68192201A91E
:108ED8002846984709B0F0BD30B5054689B00888DE
:108EE8000C46F8F7DAF99DF808308DF8070023F0FA
:108EF8000703C0F30220034360888DF80830F8F7B1
:108F0800CCF99DF8083000F01F0203F0070343EA8C
:108F1800C2038DF808309DF80930C0F3451023F0DE
:108F28003F030343A0888DF80930F8F7B6F99DF898
:108F3800093000F0030203F03F0343EA82138DF87F
:108F48000930C0F387038DF80A309DF80B30C0F361
:108F5800802023F001030343E0888DF80B30F8F7F5
:108F68009CF99DF80B3000F07F0203F0010343EAFF
:108F780042038DF80B309DF80C30C0F3C31023F07A
:108F88000F03034320898DF80C30F8F786F99DF814
:108F98000C3000F00F0203F00F0343EA02138DF8C0
:108FA8000C309DF80D30C0F3061023F07F03034307
:108FB80060898DF80D30F8F770F99DF80D3000F0E4
:108FC800010203F07F0343EAC2138DF80D30C0F3AA
:108FD80047038DF80E309DF80F30C0F3412023F081
:108FE80003030343A0898DF80F30F8F756F99DF86D
:108FF8000F3000F03F0203F0030343EA82038DF8C9
:109008000F309DF81030C0F3841023F01F03034382
:10901800E0898DF81030F8F740F99DF8103000F02D
:10902800070203F01F03C0F3C70043EA42138DF899
:109038001100208A8DF81030F8F72FF99DF81330B9
:109048008DF8120023F00703C0F302200343608A5F
:109058008DF81330F8F721F99DF8133000F01F024E
:1090680003F0070343EAC2038DF813309DF8143068
:10907800C0F3451023F03F030343A08A8DF8143052
:10908800F8F70BF99DF8143000F0030203F03F03E2
:1090980043EA82139DF816208DF81430C0F3870335
:1090A8008DF8153022F00102C0F380231343E08AC3
:1090B8008DF81630F8F7F1F89DF8163000F07F02B9
:1090C80003F0010343EA42038DF816309DF8173088
:1090D800C0F3C31023F00F030343208B8DF8173020
:1090E800F8F7DBF89DF8173000F00F0203F00F03D4
:1090F80043EA02138DF817309DF81830C0F30610B4
:1091080023F07F030343608B8DF81830F8F7C5F818
:109118009DF8183000F0010203F07F0343EAC21300
:109128009DF81A208DF81830C0F347038DF81930D0
:1091380022F00302C0F341231343A08B8DF81A30A9
:10914800F8F7ABF89DF81A3000F03F0203F003037C
:1091580043EA82038DF81A309DF81B30C0F384105F
:1091680023F01F030343E08B8DF81B30F8F795F8C5
:10917800019B03F07F42104B134301939DF81B3072
:1091880000F0070203F01F03C0F3C70043EA4213CD
:109198008DF81C000DF10601172200208DF81B30F8
:1091A800F8F7E6F82B688DF81D001B681A2201A94C
:1091B8002846984709B030BDC81816002DE9F04771
:1091C80000F124079DF920A09DF8249090461E46A2
:1091D80004463B4601F1240251F8040B43F8040B02
:1091E8009142F9D1251D39462846F7F703FFE16872
:1091F8004B7966B1042B77D8DFE803F07C76345CD2
:1092080003004FF00423C4E909330026B046E3689D
:109218001D796B1E0B2B07D850460435F8F706F856
:10922800EDB204EB45056884E3681D7B6B1E0B2BD0
:1092380007D848460435F8F714F8EDB204EB4505AD
:109248006884637C002B55D0237C012B46D013F017
:10925800FD0F4FD13346424639462046BDE8F04718
:10926800FFF7BBBC01F1130304F1220001F11F0554
:109278004FF0780C13F9012FC2EB8222AB4292FB1C
:10928800FCF202F5806220F8022FF3D104F13A02D1
:10929800233140F2FF7513F8010F48B102280CBFC3
:1092A80028464FF48060994222F8020FF3D1AEE7C6
:1092B8000120F8E704F1220304F146024FF480612B
:1092C80023F8021F9342FBD102212846F7F7B0FE8C
:1092D800103004EB40000023838098E7394620468D
:1092E800BDE8F047FFF7F8BD042B90D813F0FD0F49
:1092F8008DD0E9E7BDE8F08730B54B7B032B85B00F
:1093080005460C4642D191F90000F8F70BF88DF8A4
:10931800030094F90100F8F705F8A3788DF80530F3
:10932800E3788DF804008DF80630207B23798DF8DA
:109338000730F7F7EFFF8DF8080094F90600F7F704
:10934800C4FF8DF8090094F90700F7F7EBFF237ABB
:109358008DF80B30637A8DF80C3040F6C8438DF8E1
:109368000A00ADF800300DF1020114230B22002091
:109378008DF80230F7F7FCFF2B688DF80D001B689D
:109388000E2269462846984705B030BD022B03D106
:10939800FF238DF80330BCE791F90000F7F7C2FF0F
:1093A8008DF80300FF20B8E7837C10B5044633B17D
:1093B800F9F7E2FCE37C1BB10023A082E37410BD43
:1093C800A28A801A80B2B0F57A6FF8D9A37404F132
:1093D80016012046BDE81040FFF78EBF427C22B13F
:1093E800037C012B01D1FFF7DFBF704730B59BB07D
:1093F800202200210BA801F097FF1822002102A8C3
:1094080001F092FF1C4A136823F4C06343F400730D
:109418001360136803F4C0630193019B01224FF4A6
:109428008033CDE9082300230A9310210623CDE9D0
:1094380015134FF400330224032517934FF0005CF3
:109448004FF0007308A8CDE91345CDE9183C00F0AA
:109458003BFB08B172B6FEE7CDE90400CDE9060092
:109468004F23214602A8CDE9023500F0C7FD08B117
:1094780072B6FEE71BB030BD00040058104B07B5AC
:109488001A6842F480721A601A6842F400721A600C
:109498001A6822F480621A6000F096F8FFF7A6FFB7
:1094A8004FF0B043DA6C42F00102DA64DB6C03F08F
:1094B80001030193019B03B05DF804EBFFF7C6BA03
:1094C800004000587047FEE7FEE7FEE7FEE7FEE7CC
:1094D800704770477047F9F73DBC70470D4885469F
:1094E800FFF7FBFF0C480D490D4A002302E0D45852
:1094F800C4500433C4188C42F9D30A4A0A4C0023D6
:1095080001E013600432A242FBD301F043FFFFF7EE
:10951800B5FFFEE700000120000000202800002021
:10952800E8D3000828000020D02C0020FEE7704770
:109538004FF0B04310B59A6B4FF0FF329A63D96B76
:10954800DA630024996B9C63D96BDC63196C1A6429
:10955800196C1C64596C5A64596C5C64996A9A62F7
:10956800996A9C62D96ADA62D96ADC62196B1A63F1
:109578001A6B1C63FFF7DBFF204610BD38B5104C93
:10958800237805460BB9012038BD00F08DFA227802
:109598004FF47A73B3FBF2F3B0FBF3F000F074F816
:1095A80004460028EFD10F2DEDD8024629464FF08A
:1095B800FF3000F037F8034B20461D60E4E700BF9A
:1095C800200000202400002010B5032000F018F827
:1095D80000F06AFA064B18600F20FFF7CFFF044629
:1095E80018B9FFF76FFF204610BD0124FBE700BF45
:1095F8001C000020014B1868704700BF942C002005
:109608000749CA6822F4E0620302120403F4E06323
:10961800120C134343F0BF6343F40033CB6070472D
:1096280000ED00E0164B30B5DC68C4F30224C4F149
:109638000703251D042B28BF0423062D4FF0FF35F3
:109648008CBF033C002405FA03F321EA0303A54079
:1096580022EA0502A340002843EA0203ACBF00F156
:109668006040084A4FEA0313B8BF00F00F00DBB2AE
:10967800AABF00F56140135480F8003330BD00BF25
:1096880000ED00E014ED00E00138B0F1807F0BD26E
:109698004FF0E023054A5861F02182F8231000209A
:1096A800072298611A6170470120704700ED00E0B9
:1096B8000A4A536943F4802330B55361EFF31084A9
:1096C80072B60023CD58C5500433B3F5807FF9D165
:1096D8001369DB03FCD484F3108830BD00400058C4
:1096E800064B5A69002ABFBF054A9A6002F18832C0
:1096F8009A60BABF5869C00F0020704700400058F0
:1097080023016745044B5A6942F000425A6158697F
:10971800C043C00F704700BF0040005870B50546F1
:10972800FFF768FF124E04463369D90313D433692F
:10973800DA0744BF012232614CF2FA32134011D1E8
:109748000B4E306910F480200BD0FFF753FF001B3D
:10975800A842F6D304E0FFF74DFF001BA842E3D36D
:10976800032070BD024A1361024A01205360F8E7E2
:1097780000400058982C00202DE9F041184D9846DB
:109788002B78012B06460C46174626D001232B7052
:109798004FF47A7000236B60FFF7C0FFA0B9012E69
:1097A80016D1104A536943F0010353612760BFF390
:1097B8006F8FC4F804804FF47A70FFF7AFFF094A3F
:1097C800536923EA0603536100232B70BDE8F08137
:1097D80039462046FFF76CFFEDE70220F6E700BFA9
:1097E800982C002000400058054A536923F47E73E2
:1097F80043EAC00040F4803040F0020050617047F6
:10980800004000582DE9F041234F3B78012B0546D5
:1098180088463FD001233B704FF47A7000237B6069
:10982800FFF77CFF044688B92B68042B13D11B4A29
:10983800536943F4803343F0040353614FF47A705F
:10984800FFF76CFF0446154B1A681B6800233B7032
:109858002046BDE8F0814FF0FF33C8F800306E684D
:10986800D5E901321344B3420AD93046FFF7BCFFA9
:109878004FF47A70FFF752FF50B1C8F80060044601
:10988800064A536923F47E7323F002035361DAE72F
:109898000136E5E70224DBE7982C00200040005859
:1098A800024A136843F48073136070470004005839
:1098B800024B186800F4C060704700BF00040058ED
:1098C8004FF0B0431868C0F3404070474FF0B043C2
:1098D8001868C0F3400070474FF0B042536823F453
:1098E8007F4343EA0023536070474FF0B043186842
:1098F800C0F34060704700007FB54FF0B0432C4A7A
:10990800D3F80831C0F3031003F00F0352F82040D6
:10991800284A52F82330B4FBF3F4FFF7C9FF264B6B
:10992800054693E80700B5F5007F04AB03E9070097
:1099380010D0224B9C4218D303F5B70303F67F538C
:109948009C4229D903F5741303F510639C4225D86A
:1099580002230BE01A4B9C4207D91A4B9C421BD995
:1099680003F5370303F5D853F0E7002304AA02EB05
:10997800830353F80C4C144D2B6823F0070323433F
:109988002B60FFF737FE06462B6803F007039C425F
:1099980006D1002004B070BD0123E7E70024EAE700
:1099A800FFF728FE801B0228EED90320F2E700BF4C
:1099B8006CD300080CD3000860B40008C0CF6A005C
:1099C800BFEA21013F933402004000584FF0B043F2
:1099D80010B59A68D96812F00C0205D00C2A4AD141
:1099E80001F00303012B50D14FF0B0412B480B6815
:1099F80013F0080306D00B6813F0080337D1D1F829
:109A0800941007E00C68240756BFD1F89430096811
:109A1800C3F3032350F82330002A0CBF1846002054
:109A28004FF0B0418A6802F00C020C2A1ED1CA68B5
:109A380002F00302022A2ED0032A06D10B68184A24
:109A480013F4801F174B18BF13464FF0B042D0686D
:109A5800D168D268C0F306205843C1F3021301331A
:109A6800B0FBF3F0530F0133B0FBF3F010BD0B68FC
:109A7800C3F30313CEE7042A0AD0082A05D11B68CA
:109A880013F4801304D10748CAE700231846C7E730
:109A980003480023C4E7024BD7E700BF6CD3000894
:109AA8000024F4000048E80108B5FFF78FFF4FF0E5
:109AB800B043044A9B68C3F3031352F82330B0FB46
:109AC800F3F008BD0CD300082DE9F0410446002846
:109AD80053D04FF0B0439D68DE6803689B0605F0DD
:109AE8000C0506F0030668D5026A1DB10C2D46D197
:109AF800012E44D1002A40D04FF0B043A16A1A6821
:109B0800170756BFD3F894301B681B0903F0F003FE
:109B180099421FD90846FFF7EFFE00282DD14FF0D4
:109B2800B042136843F0080313601368A16A23F076
:109B3800F0030B431360606AFFF7CEFEFFF7B4FF34
:109B4800AB4B1860AB4B1868FFF718FD002834D0F2
:109B5800BDE8F0814FF0B042136843F0080313608A
:109B6800136823F0F0030B431360606AFFF7B4FE39
:109B78000846FFF7C1FE0028E0D00120E8E74FF0D3
:109B8800B043002A54D01A6842F001021A60FFF765
:109B980031FD0746FFF79AFE002842D04FF0B04249
:109BA800136843F0080313601368A16A23F0F003F5
:109BB8000B431360606AFFF78FFE2368D80748D409
:109BC8002368990700F18C8023681E0740F1FA800A
:109BD800A3694FF0B046002B00F0E180D6F894302E
:109BE800E16903F01002914200F0C48003F003021F
:109BF800022AC2D0D80740F1B380D6F8943023F0B7
:109C08000103C6F89430FFF7F5FC0746D6F8943000
:109C1800990740F1A580FFF7EDFCC31B112BF5D97F
:109C280004E0FFF7E7FCC01B0228B3D903208FE745
:109C38001A6822F001021A60FFF7DCFC0746FFF7FA
:109C480045FE0028B9D0FFF7D5FCC01B0228F6D97D
:109C5800ECE7082D03D00C2D05D1032E03D1636842
:109C6800002BADD189E74FF0B043A1681A6822F400
:109C780080120A431A606268B2F5803F10D11A68F0
:109C880042F480321A60FFF7B5FC0746FFF718FE6A
:109C9800002895D1FFF7AEFCC01B6428F6D9C5E7AC
:109CA800B2F5041F04D11A6842F400121A60E6E7FC
:109CB800196821F480311960196821F400111960BC
:109CC800002AE0D1FFF796FC0746FFF7F9FD0028C8
:109CD8003FF476AFFFF78EFCC01B6428F5D9A5E7E3
:109CE800042D236903D00C2D0ED1022E0CD1002B8C
:109CF8003FF443AF4FF0B0426169536823F0FE432D
:109D080043EA016353605FE74FF0B046BBB1336885
:109D180043F480733360FFF76DFC074633685A05D8
:109D280007D57368626923F0FE4343EA02637360F0
:109D38004AE7FFF75FFCC31B022BEFD976E73368CE
:109D480023F480733360FFF755FC074633685B05DF
:109D58007FF53AAFFFF74EFCC31B022BF6D965E738
:109D68004FF0B042E169D2F8943023F010030B436E
:109D7800C2F894304FF0B047D7F8943043F001035D
:109D8800C7F89430FFF736FC0646D7F894309A07A0
:109D980018D4FFF72FFC831B112BF6D946E7D6F80A
:109DA800943023F00103C6F89430FFF723FC0746EC
:109DB800D6F894309B0705D5FFF71CFCC31B112B65
:109DC800F6D933E72368580754D50B4F3B68D905B4
:109DD80014D4FFF765FDFFF70DFC06463B68DA056E
:109DE8000CD4FFF707FC831B022BF7D91EE700BF33
:109DF8001C0000202400002000040058E3684FF0F5
:109E0800B046002B58D023F08003052B02BFD6F8AC
:109E1800903043F00403C6F890304FF0B046FFF797
:109E2800E9FBD6F8903043F001030746C6F89030B6
:109E380041F28838D6F890309B0705D4FFF7DAFB53
:109E4800C31B4345F6D9F1E6E36823F00403812BED
:109E58001BD1FFF7CFFBD6F8903043F08003C6F84C
:109E6800903007464FF0B04641F28838D6F8903027
:109E7800180504D5E06A00284AD1002068E6FFF7F3
:109E8800B9FBC01B4045F1D9D0E6FFF7B3FBD6F8C4
:109E9800903023F08003C6F8903007464FF0B04664
:109EA80041F28838D6F890301905E3D5FFF7A2FBC0
:109EB800C01B4045F6D9B9E6FFF79CFBD6F89030B1
:109EC80023F080030746C6F8903041F28838D6F868
:109ED80090301A0516D4FFF78DFBD6F8903023F092
:109EE8000103C6F8903007464FF0B04841F2883673
:109EF800D8F890309B07BDD5FFF77CFBC31BB34256
:109F0800F6D993E6FFF776FBC01B4045DFD98DE60F
:109F18000C2D4ED04FF0B04302281A6822F0807200
:109F28001A6033D1FFF766FB0546FFF7DEFC38BB46
:109F3800D4E90C314FF0B0420B43D0682D490140B1
:109F48000B43E16B0B43216C0B43616C0B43A16B1F
:109F580043EA0123D360136843F080731360D36826
:109F680043F08053D360FFF745FB0446FFF7BDFC81
:109F7800002882D1FFF73EFB001B0A28F6D955E6D8
:109F8800FFF738FB401B0A28CFD94FE6FFF732FB13
:109F98000446FFF7AAFC30B94FF0B042164BD1681F
:109FA8000B40D360D4E5FFF725FB001B0A28F0D946
:109FB8003CE601283FF4CCAD4FF0B043226BDB68A0
:109FC80003F0030191427FF4D8AD616B03F0700296
:109FD8008A427FF4D2ADA16B03F4FE42B2EB012FAB
:109FE8007FF4CBAD626C03F0604393423FF445AF1E
:109FF800C3E500BF8C80C111FCFFFEEE2DE9F041E6
:10A008000D46044610B90120BDE8F081684E33685A
:10A0180003F007038B4216D323689A0727D54FF01E
:10A02800B047A268BB6823F0F0031343BB60FFF797
:10A03800E1FA0646BB68DB0319D4FFF7DBFA831B9A
:10A04800022BF7D911E0336823F007030B43336081
:10A05800FFF7D0FA0746336803F00703AB42DBD0BB
:10A06800FFF7C8FAC01B0228F5D90320CCE72368FC
:10A07800580617D54FF0B0476269D7F8083123F072
:10A088000F0343EA1213C7F80831FFF7B3FA06467D
:10A09800D7F80831D90305D4FFF7ACFA831B022B94
:10A0A800F6D9E2E723685A0713D54FF0B047E268BC
:10A0B800BB6823F4E0631343BB60FFF79BFA0646D3
:10A0C800BB689B0305D4FFF795FA831B022BF7D9CE
:10A0D800CBE72368180714D54FF0B0472269BB684F
:10A0E80023F4605343EAC203BB60FFF783FA0646D2
:10A0F800BB68590305D4FFF77DFA831B022BF7D9F8
:10A10800B3E72368DA070FD4294C236803F0070361
:10A11800AB4239D8FFF7C8FC264B1860264BBDE880
:10A12800F0411868FFF72ABA6268022A1DD1FFF7C2
:10A13800C7FB00283FF467AF4FF0B04641F28838BC
:10A14800B36823F003031343B360FFF753FA0746DA
:10A15800B368626803F00C03B3EB820FD4D0FFF747
:10A1680049FAC01B4045F3D97FE7032A02D1FFF71C
:10A17800BCFBDEE712B9FFF7A9FBDAE74FF0B04303
:10A188001B685B05D8D43EE7236823F007032B43FD
:10A198002360FFF72FFA0646236803F00703AB4254
:10A1A800B8D0FFF727FA801B0228F5D95DE700BF72
:10A1B800004000581C0000202400002030B504682E
:10A1C80091FAA1F3B3FA83F303255B0005FA03F3CD
:10A1D80024EA030391FAA1F1B1FA81F149008A4016
:10A1E8001A43026030BD0000B0F1904F0BD14FF020
:10A1F800B043DA6A42F00102DA62DA6A22F0010256
:10A20800DA6201207047144B984209D14FF0B043ED
:10A21800DA6A42F00202DA62DA6A22F00202EFE750
:10A228000E4B984209D14FF0B043DA6A42F004026B
:10A23800DA62DA6A22F00402E2E7094B984209D1AD
:10A248004FF0B043DA6A42F08002DA62DA6A22F04A
:10A258008002D5E700207047000400480008004845
:10A26800001C00482DE9F84F0E460F6897FAA7F52D
:10A278004FF0010BB5FA85F54FF0030A4FF00F08C0
:10A2880037FA05F302D10120BDE8F88F0BFA05F47F
:10A298003C4053D0D6F8049021464A46FFF78EFF3B
:10A2A80009F1FF33012B19D8B368816894FAA4F235
:10A2B800B2FA82F252000AFA02F221EA020294FA8F
:10A2C800A4F1B1FA81F149008B40134383604268DD
:10A2D800F36822EA04026343134343603369C168A5
:10A2E80094FAA4F2B2FA82F252000AFA02F221EACD
:10A2F800020294FAA4F1B1FA81F149008B401343A8
:10A30800B9F1020FC36015D1FF2C716918D8026A20
:10A3180094FAA4F3B3FA83F39B0008FA03F322EA4E
:10A32800030294FAA4F3B3FA83F39B0001FA03F34C
:10A33800134303624A462146FFF740FF01359FE772
:10A34800426A230A93FAA3FCBCFA8CFC4FEA8C0CF1
:10A3580008FA0CFC22EA0C0293FAA3F3B3FA83F38B
:10A368009B00994011434162E4E74FF0B0431868FD
:10A37800C0F3005070474FF0B0431868C0F3802016
:10A3880070474FF0B043D3F89000C0F340007047D7
:10A398004FF0B0431868C0F3C00070474FF0B043A7
:10A3A8001868C0F3406070474FF0B043044A9B6898
:10A3B800C3F3031352F82330B0FBF3F0704700BF28
:10A3C8000CD300084FF0B043034A9B68C3F3022341
:10A3D80052F82330D84070474CD300084FF0B042B1
:10A3E80038B5916801F00C01082950D017D889B305
:10A3F800042900F08C80FFF7CBFF4649024600286D
:10A4080076D1FFF7C5FF4FF0B043012816BFD3F848
:10A4180094201B68C2F3032251F822002AE00C2979
:10A42800E9D1D36803F00303022B5FD0032B37D0A5
:10A43800FFF7AEFF374C014600284AD1FFF7A8FFC7
:10A44800012816BFD2F894101368C1F3032154F8F9
:10A4580021302CE0FFF79CFF2E4D044658B9FFF73A
:10A4680097FF012816BFD2F894401368C4F3032459
:10A4780055F8240038BDFFF78BFF01280ABF116883
:10A48800D2F89430C1F3031155F82100F2E7FFF731
:10A498006CFF214B01462148012908BF1846E9E70E
:10A4A800FFF763FF1D4A1C4B012818BF13464FF0E6
:10A4B800B042D068D168D268C0F306205843C1F3CF
:10A4C80002130133B0FBF3F0530F0133B0FBF3F089
:10A4D800D0E7FFF75DFF01280BBF1368D2F894306F
:10A4E800C3F30313002354F82330E0E70A4BDEE7F5
:10A4F800FFF74EFF4FF0B04301280BBF1B68D3F89E
:10A508009430C3F30313002351F82300B2E7024841
:10A51800B0E700BF6CD300080024F4000048E8014D
:10A528004FF0B04307B51A6842F001021A601A6882
:10A538009207FCD51A6822F0F00242F060021A6015
:10A548005A6822F47F425A605A6822F0FE4242F06A
:10A5580080425A604FF4E0229A601A680192019989
:10A56800104A0A400192019A1A60FFF717FF002863
:10A57800FBD14FF0B0430C4ADA6040F23F329861A9
:10A588000192019A1A62D3F8942042F40002C3F8A7
:10A59800942001204FF44032C3F8082103B05DF83D
:10A5A80004FB00BFFFF4CEFE0010042210B54FF0EC
:10A5B800B0440328D4F888302AD11F4A03F0030393
:10A5C80043F44033934209D0B3F1031F0DD0013A4D
:10A5D800934211D1BDE81040FFF700BFFFF7CBFE53
:10A5E8000128164818BF002010BDFFF7CAFE431EF9
:10A5F80058425841C003F7E7FFF7F0FEFFF7D4FED3
:10A60800A3680F4AC3F3C22352F82330D840EBE7BC
:10A61800034043EA00400B4B9842DFD0B0F10C1FD7
:10A62800E3D0043B9842D5D0FFF7D8FEFFF7BCFE35
:10A63800BDE81040FFF7C6BE020003000024F40086
:10A648004CD3000808000C000F4B98420BD14FF078
:10A65800B0431A6C42F480521A641A6C22F4805285
:10A668001A6401207047094B98420AD14FF0B04351
:10A678009A6B42F480429A639A6B22F480429A63FE
:10A68800EFE70020704700BF00300140003800406D
:10A6980003685B0670B502462DD4D1E90036334312
:10A6A800CE68056848690C6A33430E6933438E697E
:10A6B80003433343CE6925F47F45334325F0BF0573
:10A6C80023432B43136053688D6823F4706323F08E
:10A6D800040345EA10401843B5F5006F50603EBFCB
:10A6E800536843F480535360B4F5005F01D18B8CF9
:10A6F8001361012000E00020D36923F40063D361D3
:10A7080070BD00001A4A0368904210B502D0B0F13B
:10A71800804F09D14C6823F07003904243EA040348
:10A7280009D0B0F1804F06D0124A904203D002F50A
:10A738008062904203D1CA6823F4407313430360D4
:10A748008B68C3620B888362094B984207D003F574
:10A75800C053984203D003F58063984201D10B6936
:10A768000363436943F001034361012010BD00BF47
:10A77800002C014000440140B1F5805F30B500F085
:10A78800F08009D8102975D0B1F5807F00F0AE802F
:10A79800012935D0002030BDB1F5803F00F00E8191
:10A7A800B1F5801FF6D1036A146823F4801303629D
:10A7B800036A416D21F0807121F4E04141EA0424EB
:10A7C800116923F4001343EA0153516823F48013F9
:10A7D80043EA01539149884207D001F5C0518842A4
:10A7E80003D001F58061884206D14168956921F45A
:10A7F800802141EA85214160D2684465C26536E01E
:10A80800036A156823F001030362036A41688469D7
:10A8180024F4803424F073042C43156923F00203D4
:10A828002B43556823F001032B437C4DA84207D0E6
:10A8380005F5C055A84203D005F58065A84212D198
:10A84800556923F0080343EA8503956823F0040358
:10A8580043EA8503956921F480712943D56921F478
:10A86800007141EA4501D268416084614263036234
:10A87800012090E7036A156823F010030362036A56
:10A888004168846924F0807424F4E64444EA052489
:10A89800156923F0200343EA0513556823F01003D4
:10A8A80043EA05135D4DA84207D005F5C055A842F7
:10A8B80003D005F58065A84213D1556923F08003BC
:10A8C80043EA8513956823F0400343EA85139569A5
:10A8D80021F4806141EA8501D56921F4006141EAEA
:10A8E800C501D268416084618263C0E7036A156864
:10A8F80023F480730362036A4168C46924F48034D2
:10A9080024F073042C43156923F4007343EA0523E8
:10A91800556823F4807343EA0523404DA84207D0C5
:10A9280005F5C055A84203D005F58065A84213D1A6
:10A93800556923F4006343EA8523956823F480630B
:10A9480043EA8523956921F4805141EA0511D569C7
:10A9580021F4005141EA4511D2684160C461C263E3
:10A9680085E7036A156823F480530362036A446821
:10A97800C16921F0807121F4E64141EA0521156998
:10A9880023F4005343EA0533556823F4805343EA1C
:10A998000533224DA84207D005F5C055A84203D07B
:10A9A80005F58065A84204D1956924F4804444EAF9
:10A9B8008514D2684460C161026458E7036A146868
:10A9C80023F480330362036A416D21F4803121F05E
:10A9D80070010C43116923F4003343EA01435168C1
:10A9E80023F4803343EA01430C49884207D001F538
:10A9F800C051884203D001F58061884206D1416880
:10AA0800956921F4803141EA052141604465816DF1
:10AA1800D268090C09041143816528E7002C01401C
:10AA28000F4B98420BD14FF0B0431A6C42F480425E
:10AA38001A641A6C22F480421A6401207047094B88
:10AA480098420AD14FF0B0439A6B42F400329A63AD
:10AA58009A6B22F400329A63EFE70020704700BF38
:10AA6800003801400044004038B50368DB0704465D
:10AA78000D464DD42A69AB68016813436A691343CC
:10AA8800EA691343234A0A40134303604368EA68A8
:10AA980023F44053134343608368AA6923F4407343
:10AAA800134383601C4B984220D10320FFF77EFD9F
:10AAB8002B68F0B16A68E2B10B2B15D8174951F829
:10AAC8002330E969B0FBF3F0B1F5004F4FEA5203C8
:10AAD80019D103EB4003B3FBF2F34FF6F0721A40BF
:10AAE800C3F342031343E360012003E00C4B984295
:10AAF80007D00020E26A2B8822F00F021343E3629A
:10AB080038BD0C20D2E70344B3FBF2F39BB2EAE76B
:10AB18000020F5E7F369FFEF00380140ACD30008E7
:10AB28000044004030B5302442F20F75A84212D8D4
:10AB38000C703021B0F57A7F14D21170302263285E
:10AB480016D81A703023092817D8039A1370049B53
:10AB58003030187030BDA0F51C5001341038E4B204
:10AB680080B2E3E70131A0F57A70C9B280B2E1E7BB
:10AB780001326438D2B280B2E1E701330A38DBB27D
:10AB880080B2E0E713B50B1D0193CB1C00934A1C60
:10AB98008B1C0C46FFF7C6FF0023637102B010BD83
:10ABA80003099F2800F00F0094BF3033373309287A
:10ABB8000B7094BF30303730002348708B7070476B
:10ABC80008B50249FFF7ECFF084608BDB02C002085
:10ABD80013B503688DF807109C680DF10701012370
:10ABE800A04702B010BD07B503688DF807101B69B0
:10ABF80001220DF10701984703B05DF804FB2DE928
:10AC0800F0411D46036804465B690F46164698479F
:10AC1800236820461B689847221D39462046FFF7BF
:10AC2800D7FF2DB123682A461B693146204698472D
:10AC3800236820465B689847236820469B69BDE8DF
:10AC4800F0410C2118472DE9F0411E4603680446DF
:10AC58005B6915460F469847236820461B68984746
:10AC6800221D39462046FFF7B3FF20460021FFF793
:10AC7800BAFF23682046DB6832462946984723688E
:10AC880020465B68BDE8F04118472DE9F0411F46B2
:10AC9800036804465B690D461646984723682046B4
:10ACA8001B689847221D20460D21FFF791FF290AAE
:10ACB8002046FFF798FFE9B22046FFF794FF236884
:10ACC80031463A4620461B699847236820465B6808
:10ACD8009847236820469B69BDE8F0410C21184736
:10ACE80007B501238DF807200DF10702FFF7CDFF07
:10ACF80003B05DF804FB2DE9F0411F4603680446E4
:10AD08005B690D4616469847236820461B68984796
:10AD1800221D20461D21FFF75BFF290A2046FFF769
:10AD280062FFE9B22046FFF75EFF20460021FFF7E9
:10AD38005AFF23682046DB683A463146984723681D
:10AD480020465B68BDE8F041184707B501230DF1BF
:10AD58000702FFF7D0FF9DF8070003B05DF804FB7A
:10AD68002DE9F0411E46036804465B690F46154607
:10AD78009847236820461B689847221D20460E21C5
:10AD8800FFF726FF39462046FFF72DFF236829469F
:10AD9800324620461B699847236820465B689847D7
:10ADA800236820469B69BDE8F0410C2118472DE92E
:10ADB800F0411E46036804465B690F4615469847EE
:10ADC800236820461B689847221D20461E21FFF74E
:10ADD800FFFE39462046FFF706FF20460021FFF711
:10ADE80002FF23682046DB683246294698472368D5
:10ADF80020465B68BDE8F041184710B500230446BB
:10AE08001A46C021FFF7FBFE207910BD37B504466E
:10AE18000D468DF80710012380210DF10702FFF779
:10AE2800EEFE2368012D9B690CBF322140F2DC51F4
:10AE3800204603B0BDE83040184737B501230C461B
:10AE48008DF807100DF107028A210546FFF7D7FE96
:10AE5800AC7103B030BD07B5042309BA01910DEBFD
:10AE680003028621FFF7CBFE03B05DF804FB07B5AC
:10AE780002238DF804108DF805208F2101AAFFF711
:10AE8800BEFE03B05DF804FB37B58DF8063000232D
:10AE98008DF807300423044615468DF804108DF804
:10AEA80005208B210DEB0302FFF7A9FE40F689016F
:10AEB8002046FFF74AFF062D16BF40F0040200F0B7
:10AEC800FB02D2B240F6890120468DF80420FFF734
:10AED80007FF03B030BD73B515468DF80330002267
:10AEE8009DF818309DF81C608DF8002004468DF8F8
:10AEF80001108DF804308C2106236A468DF8025023
:10AF08008DF80560FFF77BFE40F236712046FFF7AB
:10AF18001CFF5EB100F0FB0240F2367120468DF84E
:10AF28000020FFF7DDFE657102B070BD40F004023D
:10AF3800D2B2F1E707B55BBAADF80430BDF810300E
:10AF48005BBAADF8063049BA082352BAADF800101A
:10AF5800ADF8022019466A46FFF751FE03B05DF8C6
:10AF680004FB07B5022301AA1221FFF76CFE9DF826
:10AF780004309DF8050000EB032080B203B05DF8B3
:10AF880004FB07B5022349BAADF8041001AA194613
:10AF9800FFF735FE03B05DF804FB07B502238DF813
:10AFA80004108DF805208E2101AAFFF728FE03B0B2
:10AFB8005DF804FB13B56FF07F43994228BF19462B
:10AFC8000B0C04468DF804300B0A8DF805308DF80B
:10AFD800061001AA03238321FFF711FE23686421C9
:10AFE8009B692046984702B010BD13B56FF07F43A8
:10AFF800994228BF19460B0C04468DF804300B0AF9
:10B008008DF805308DF8061001AA03238221FFF779
:10B01800F6FD236864219B692046984702B010BD5D
:10B0280037B503230D461446142101AAFFF70BFE7A
:10B038009DF804305B085B422B809DF90530002B9E
:10B04800B8BF03339B10237003B030BD10B54368FD
:10B058000D4A23F07F4323F0FF039342044611D1A6
:10B06800002240F60211FFF73BFE40F6441120464D
:10B07800FFF76BFE40F00202D2B240F644112046C0
:10B08800FFF72EFE10BD00BF0001010070B5054698
:10B098000E46FFF766FF314604462846FFF771FF64
:10B0A800A30702D52846FFF7D1FF204670BD07B594
:10B0B800002914BF402320238DF807300DF1070223
:10B0C80001239321FFF79BFD03B05DF804FB10B546
:10B0D800002304461A46C121FFF791FD2368204644
:10B0E8009B69BDE810404621184708B5FFF785FE63
:10B0F80080B208BD07B50023ADF8043001AA0223C9
:10B108000721FFF77CFD03B05DF804FB07B5130CBE
:10B118008DF8053052BA04238DF80410ADF80620D6
:10B1280097210DEB0302FFF76AFD03B05DF804FBFE
:10B1380008B50A4640F6AC01FFF7D2FD08BD10B5C8
:10B1480040F6D8010446FFF700FE40F01E02D2B2D6
:10B1580040F6D8012046FFF7C3FD10BD08B50A46E2
:10B1680040F6E701FFF7BCFD08BD000007B5054B39
:10B17800019304230DEB03029521FFF740FD03B073
:10B188005DF804FB0407000107B502238DF80410DD
:10B198008DF80520982101AAFFF731FD03B05DF86D
:10B1A80004FB00000000000013B504461C48B0FB77
:10B1B800F1F1080C8DF80000080A8DF801000498D8
:10B1C8008DF803208DF804308DF80210F5F71AF980
:10B1D80011A3D3E90023F5F7B9FAF5F79FFB030CA0
:10B1E8008DF8053043BA6A46ADF806302046082384
:10B1F8008B21FFF704FD40F689012046FFF7A5FDE6
:10B2080040F00402D2B240F6890120468DF80020B1
:10B21800FFF766FD02B010BD000000008084EE3F1D
:10B228000000093D1FB58DF807309DF818308DF8DE
:10B2380008309DF81C308DF809309DF820308DF8C5
:10B248000A309DF824308DF80B3049BA9DF8283023
:10B25800ADF804108DF806208DF80C3001AA0923EA
:10B268008C21FFF7CCFC05B05DF804FB07B5002383
:10B2780049BAADF80010ADF8023001936A460823C8
:10B288004FF4D861FFF701FD03B05DF804FB13B577
:10B2980003230C4601AA1421FFF7D5FC9DF80630BC
:10B2A8005B085B42238002B010BD0000C0F3C753A7
:10B2B8007F3B162B10B5014614DC002B07DA01334F
:10B2C80000F0004101D141F07E51084610BD084A06
:10B2D8001A411042F9D04FF480011941014421EA82
:10B2E8000201F2E7802BF0D1F5F73EFB0146ECE7CF
:10B2F800FFFF7F00884210B501EB020402D98442A7
:10B30800234607D8431EA14208D011F8012B03F8A1
:10B31800012FF8E7024401468A4200D110BD13F814
:10B32800014D02F8014DF7E702440346934200D16C
:10B33800704703F8011BF9E710B502461478134665
:10B348000132002CFAD1013B11F8012B03F8012F2F
:10B35800002AF9D110BDC9B20346184613F8012BCB
:10B3680012B18A42F9D17047002918BF00207047EE
:10B3780010B56AB10139841810F8012B11F8013F92
:10B388009A4203D1A04201D0002AF5D1D01A10BDAB
:10B398001046FCE770B50D4D0D4C641BA41000263B
:10B3A800A64209D10B4D0C4C00F02EF8641BA410DA
:10B3B8000026A64205D170BD55F8043B98470136D2
:10B3C800EEE755F8043B98470136F2E7DCD300086E
:10B3D800DCD30008DCD30008E4D30008034611F8E6
:10B3E800012B03F8012B002AF9D170470A44914236
:10B3F80000F1FF3300D1704710B511F8014B03F885
:10B40800014F9142F9D110BDF8B500BFF8BC08BC96
:10B418009E467047F8B500BFF8BC08BC9E4670470A
:10B4280018120C1801010119190119190106060150
:10B4380006060103030103030102020102020112CD
:10B448000C01120C00206C0002206A006D007700CD
:10B4580002050102020100000000000001000000D6
:10B46800020000006D696E2C00206D572C00322EF2
:10B478003447003931354D003836384D00343333D0
:10B488004D003730636D003836364D004455414C19
:10B49800003F003530487A003331487A0031394866
:10B4A8007A00464C52430046534B003139487A37AC
:10B4B8007800011F136F011300D57FAAFE2B81545A
:10B4C80029FC5683D702A87D52872DF8AC79D3067C
:10B4D8007BAE04D18550FA2FA471DB0E5A8F25F06C
:10B4E8008D58F22773A60CD9F623895C08DD77A25C
:10B4F800DF0AA07521F45E8B9D48E23763B61CC94C
:10B50800B461CB1E4A9F35E0CF1AB06531E44E9B3B
:10B51800E633994C18CD67B239EC4693C712B86D2B
:10B5280010C56FBAEE3B91446BBE14C19540EA3F1B
:10B5380042973DE8BC69C316EF3A904511C46EBB0B
:10B54800C613B96C38ED4792BD68C21743963CE9FB
:10B558009441EB3E6ABF15C04B9E34E1B560CA1FEB
:10B5680062B71DC89C49E33619CC66B3E732984DDB
:10B5780030E54F9ACE1BB16472A70DD88C59F326CB
:10B588005B8E24F1A570DA0F20F55F8ADE0BA174BB
:10B5980009DC76A3F722885DD603A97C28FD5782AB
:10B5A800FF2A805501D47EAB8451FB2E7AAF05D09B
:10B5B800AD78D20753862CF9616263646566676863
:10B5C800696A6B6C6D6E6F7071727374757677786B
:10B5D800797A303132333435363738395F232D2E86
:10B5E8000000010001000200020002000300040044
:10B5F8000500060008000A000C00100014001900DD
:10B608002000280032003F00500064007D009E00AA
:10B61800C800FA003C019001F40176022003E80317
:10B62800E204DC05D0070000000000000000000074
:10B638009D1800080000000000000000A91800087C
:10B648000000000000000000851800080001020446
:10B65800050301020001020503046D6C72732E30AC
:10B6680000536574757053746172745374783452EE
:10B678007800536574757053746172744D61726BA0
:10B6880065720021656E642100453737204D424CB4
:10B69800204B697420574C45354343006D4C525339
:10B6A80001020304006D4C525304030201000A0016
:10B6B80040504152414D2F706172616D2E70636B25
:10B6C800006661696C20610020005378206E6F74F9
:10B6D800206F6B002E00000000000000000000003A
:10B6E8005121000869210008412900086D29000836
:10B6F8008B29000895250008F5190008C11A0008CB
:10B708000000000000000000D7190008232D0008E1
:10B71800F92B0008392B00080F2B0008D91A00084C
:10B728009D2B0008F51A0008692B0008191B000852
:10B738000000000000000000D7190008D91900080F
:10B74800DB190008DD190008E1190008E3190008F1
:10B75800E7190008EB190008ED190008F1190008AD
:10B7680000000000000000005B4B0008F94B0008D7
:10B77800DD4B0008BD4B0008000000000000000081
:10B78800D7190008351B0008DB190008DD19000867
:10B798000D770008897700088D5F0008FD5F0008B5
:10B7A800ED190008F1190008414E474C4500484F73
:10B7B80052495A4F4E004E415620414C54484F4C26
:10B7C800440048454144494E4720484F4C440048AE
:10B7D80045414446524545004845414441444A0094
:10B7E80043414D53544142004E4156205254480063
:10B7F8004E415620504F53484F4C44004D414E55F2
:10B80800414C00424545504552004C454453204F59
:10B818004646004C4947485453004F5344204F462E
:10B82800460054454C454D45545259004155544FD6
:10B838002054554E4500424C41434B424F58004618
:10B8480041494C53414645004E415620575000410E
:10B858004952204D4F444500484F4D4520524553CD
:10B86800455400474353204E415600465056204108
:10B878004E474C45204D4958005355524641434583
:10B8880000464C415045524F4E005455524E2041AF
:10B898005353495354004E4156204C41554E43484A
:10B8A80000534552564F204155544F5452494D006C
:10B8B80043414D45524120434F4E54524F4C203145
:10B8C8000043414D45524120434F4E54524F4C2066
:10B8D800320043414D45524120434F4E54524F4C44
:10B8E8002033004F534420414C542031004F5344DF
:10B8F80020414C542032004F534420414C542033B3
:10B90800004E415620434F5552534520484F4C4412
:10B91800004D43204252414B494E47005553455232
:10B928003100555345523200555345523300555353
:10B93800455234004C4F49544552204348414E47E4
:10B9480045004D5350205243204F564552524944CA
:10B95800450050524541524D00545552544C4500F3
:10B968004E415620435255495345004155544F20A6
:10B978004C4556454C205452494D00575020504C88
:10B98800414E4E455200534F4152494E47004D4992
:10B998005353494F4E204348414E47450042454581
:10B9A800504552204D555445004D554C544920465C
:10B9B800554E4354494F4E004D4958455220505218
:10B9C8004F46494C452032004D4958455220545263
:10B9D800414E534954494F4E00414E474C4520482B
:10B9E8004F4C440047494D42414C204C4556454C2C
:10B9F8002054494C540047494D42414C204C45562F
:10BA0800454C20524F4C4C0047494D42414C204335
:10BA1800454E5445520047494D42414C2048454106
:10BA280044545241434B45520000800CD007B704A0
:10BA3800C71B800CB7040410020A0B0697230410D6
:10BA48000B060000000000000000000030CE0008D7
:10BA58002B13000008CE00080A00000000000000B8
:10BA680000000000000000000000000000000000CE
:10BA780000000000800080FF000001000A000A00AA
:10BA88000E0019001400640016009E0061626364D1
:10BA980065666768696A6B6C6D6E6F7071727374D6
:10BAA80075767778797A30313233343536373839B4
:10BAB8005F232D2E0000000000070E091C1B121525
:10BAC800383F363124232A2D70777E796C6B626576
:10BAD800484F464154535A5DE0E7EEE9FCFBF2F566
:10BAE800D8DFD6D1C4C3CACD90979E998C8B828556
:10BAF800A8AFA6A1B4B3BABDC7C0C9CEDBDCD5D246
:10BB0800FFF8F1F6E3E4EDEAB7B0B9BEABACA5A235
:10BB18008F88818693949D9A2720292E3B3C353225
:10BB28001F18111603040D0A5750595E4B4C454215
:10BB38006F68616673747D7A898E878095929B9C05
:10BB4800B1B6BFB8ADAAA3A4F9FEF7F0E5E2EBECF5
:10BB5800C1C6CFC8DDDAD3D4696E676075727B7CE5
:10BB680051565F584D4A4344191E171005020B0CD5
:10BB780021262F283D3A33344E49404752555C5BC5
:10BB88007671787F6A6D64633E39303722252C2BB5
:10BB98000601080F1A1D1413AEA9A0A7B2B5BCBBA5
:10BBA8009691989F8A8D8483DED9D0D7C2C5CCCB95
:10BBB800E6E1E8EFFAFDF4F30000000032090000C6
:10BBC80000000000010000007C2B000000000000C5
:10BBD80002000000890C00000000000004000000C2
:10BBE800ED0E030C0D00000005000000D91C01003B
:10BBF80000000000060000006803000000000000CC
:10BC08000700000077200000000000000800000086
:10BC180075240000000000000B0000005906010414
:10BC28000000000014000000D61403020300000006
:10BC3800150000009F02030001000000160000002C
:10BC4800DC1900000000000017000000A81703041A
:10BC58000500000018000000183400000000000073
:10BC68001900000017650000000000001A0000001D
:10BC7800AA180000000000001B000000901D000032
:10BC8800000000001C00000043100000000000003D
:10BC98001D00000073100000000000001E000000DE
:10BCA800271C0000000000001F000000F630000004
:10BCB8000000000020000000B91C00000000000087
:10BCC80021000000681C00000000000022000000A5
:10BCD800ED1600000000000023000000F41600002C
:10BCE8000000000024000000DE2500000000000025
:10BCF80025000000D407030405000000260000000A
:10BD0800090703040500000027000000FE260320A1
:10BD18002100000028000000E605030203000000DF
:10BD2800290000001C040302030000002A00000090
:10BD38001C120000000000002B0000008403030018
:10BD4800010000002C000000DD09030203000000D0
:10BD58002D000000E8030300010000002E00000091
:10BD68000B020000000000002F00000099080300EB
:10BD780001000000300000002915010C000000003F
:10BD8800310000002714000000000000320000000D
:10BD98004E2503121300000033000000C4050302FF
:10BDA800030000003500000003050000000000004B
:10BDB800360000000F1B03181900000037000000B0
:10BDC80003190000000000003D000000A748000023
:10BDD800000000003E000000B71A0000000000004C
:10BDE8003F00000077B500000000000040000000A0
:10BDF800BFE100000000000041000000762A0000BA
:10BE08000000000042000000940603020300000046
:10BE18004300000015040000000000004500000079
:10BE2800F31E010A00000000460000007C260310F3
:10BE38001100000049000000262603202100000010
:10BE48004A00000014140000000000004B0000002D
:10BE58009E23031E1F0000004C0000009821031EB3
:10BE68001F0000004D0000008F0A030809000000B1
:10BE7800500000000E0403020300000051000000FF
:10BE88006A1600000000000052000000313303244D
:10BE980025000000530000001625000000000000E7
:10BEA800540000008F3503323300000055000000B5
:10BEB8008C330000000000005600000005350332F6
:10BEC8003300000057000000963300000000000017
:10BED80059000000E71C0000000000005A000000A4
:10BEE800B7380000000000005B0000003F2A000097
:10BEF800000000005C000000362100000000000087
:10BF08005D0000002F5100000000000064000000E8
:10BF1800AF22000000000000650000006675000008
:10BF280000000000660000009E7500000000000090
:10BF380067000000D0390000000000006800000021
:10BF48003874000000000000690000005D3F000038
:10BF5800000000006A0000008A2C000000000000B9
:10BF68006B0000006C410000000000006C00000045
:10BF7800205C0000000000006D000000B90900000E
:10BF8800000000006E00000054FE030102000000E3
:10BF98006F00000022120310110000007000000062
:10BFA800AE0C000000000000710000007C270000BB
:10BFB8000000000072000000ED2C000000000000EE
:10BFC800730000000440000000000000740000003E
:10BFD8004C180000000000007500000080060304F3
:10BFE8000500000076000000380E00000000000088
:10BFF80077000000740C030A0B00000078000000B2
:10C00800866100000000000079000000ED020300D6
:10C01800010000007A000000CB02030001000000CC
:10C028007B000000FA710300010000007C000000A2
:10C0380057390000000000007D000000CB0600001A
:10C04800000000007E000000DC51034F500000009B
:10C058007F0000001923000000000000800000009D
:10C06800E223000000000000810000002E180000FC
:10C0780000000000820000001D0D0000000000000C
:10C0880083000000DFFF00000000000084000000C3
:10C09800552700000000000085000000061200007F
:10C0A8000000000086000000E52B000000000000F2
:10C0B80087000000CB080000000000008800000096
:10C0C800011600000000000089000000C3100000F5
:10C0D800000000008A0000006D78000000000000E9
:10C0E8008B000000A82B03292A0000008C00000008
:10C0F800B5290000000000008D0000002F2000007E
:10C10800000000008E00000048F30000000000005E
:10C118008F00000083100000000000009000000065
:10C128007F5D0000000000009200000067640000CE
:10C1380000000000930000009A3600000000000094
:10C1480094000000B24E00000000000095000000BE
:10C15800C83C00000000000096000000862A00008D
:10C168000000000097000000DB080306070000003D
:10C1780098000000D00800000000000099000000AE
:10C18800BC0C0000000000009A000000540F0306D9
:10C19800070000009B000000160D030405000000C6
:10C1A8009C00000013060300010000009D00000031
:10C1B800150F030C0D0000009E000000860F030CF5
:10C1C8000D000000A00000004E0C0308090000004C
:10C1D800A10000004403030001000000A2000000C9
:10C1E800BD09000000000000A30000007F1C000043
:10C1F80000000000A40000009A2C000000000000CD
:10C20800A50000001503000000000000A6000000C3
:10C218001509000000000000A700000090160000AB
:10C2280000000000A8000000010C00000000000051
:10C23800A9000000EA12000000000000AA000000A7
:10C248004922000000000000AB000000B5420000D9
:10C2580000000000AC0000001662000000000000B2
:10C26800AD0000005308000000000000AE00000010
:10C27800A730000000000000AF0000008A13030E82
:10C288000F000000B0000000EA03030001000000F6
:10C29800B1000000F014000000000000B20000002F
:10C2A8002F18000000000000B3000000BD1D011A97
:10C2B80000000000B4000000342F012A0000000034
:10C2C800B5000000AE04000000000000B600000049
:10C2D800E528000000000000B70000005502030038
:10C2E80001000000B80000009FCE03040500000014
:10C2F800B9000000BA07030405000000BA000000F6
:10C30800481D030001000000BF0000005C1B000086
:10C3180000000000C00000002436000000000000FB
:10C32800C1000000471A000000000000C200000021
:10C338006221000000000000C30000007825000012
:10C3480000000000C8000000862A03282900000019
:10C35800C9000000CD0E030C0D000000D60000003F
:10C368004508030607000000D70000006503000029
:10C3780000000000D80000003203030001000000A4
:10C38800D9000000CA06000000000000DA00000022
:10C398001107030001000000DB000000A2020000FA
:10C3A80000000000DC000000222000000000000067
:10C3B800DD000000472A000000000000DE00000049
:10C3C8000F03000000000000DF000000772F032AA1
:10C3D8002B000000E0000000662D032A2B0000005F
:10C3E800E1000000D049000000000000E200000069
:10C3F800CF08000000000000E6000000A32A0000AB
:10C4080000000000E70000006928000000000000AC
:10C41800E80000009741000000000000E90000006B
:10C4280023B6000000000000EA0000009628000083
:10C4380000000000EB000000B32A0000000000002C
:10C44800F10000005A20000000000000F200000087
:10C45800683C000000000000F3000000553D013476
:10C4680000000000F40000005F060000000000006B
:10C47800F50000008202000000000000F600000045
:10C48800B826000000000000F7000000511300006B
:10C4980000000000F800000008FE0303040000008C
:10C4A800F9000000CC24000000000000FA000000A1
:10C4B800311E000000000000FB000000AA1200006E
:10C4C80000000000FC0000002C120000000000002A
:10C4D800FD0000005336000000000000FE000000D0
:10C4E8002E0900000000000000010000472A030890
:10C4F800090000000101000083090000000000009D
:10C5080002010000BBE80300010000000301000075
:10C518005CED00000000000004010000920E000025
:10C528000000000005010000B33D0000000000000D
:10C53800060100000C1700000000000007010000C1
:10C5480085FF000000000000080100003120000005
:10C5580000000000090100001A140000000000009B
:10C568000A010000C1FF0302030000000B010000E4
:10C5780023FF0302030000000C0100000E04030265
:10C58800030000000D0100006DD70000000000004E
:10C598000E0100003B140000000000000F01000025
:10C5A8001635000000000000130100007E20000086
:10C5B800000000001401000012320000000000001A
:10C5C800150100003E1E00000000000018010000D8
:10C5D800462100000000000019010000300D000095
:10C5E800000000001A0100007B2303202100000046
:10C5F8001B0100004A910000000000001C0100001F
:10C608006320031E1F0000001D010000893103265E
:10C61800270000001E010000D23903323300000059
:10C628001F0100000117031415000000200100007D
:10C63800141703141500000022010000FB2E00004F
:10C6480000000000230100000A390000000000007B
:10C6580024010000E3DF031819000000270100008F
:10C66800EA0C00000000000028010000322300004E
:10C67800000000002B010000136200000000000011
:10C688002C010000D9160000000000002D01000058
:10C69800F33A000000000000360100001C11000001
:10C6A80000000000370100005F7400000000000077
:10C6B80040010000F31403020300000041010000E0
:10C6C800580203000100000042010000F395000039
:10C6D80000000000430100004E9303000100000029
:10C6E8004401000084920000000000004A0100009C
:10C6F80017A70000000000004B0100005BE90000E4
:10C70800000000004C010000ECEF000000000000F9
:10C718004D010000E76D0000000000004E01000020
:10C72800480A0000000000004F010000E118000066
:10C738000000000050010000F55400000000000057
:10C7480053010000C705000000000000540100006C
:10C75800634600000000000059010000D1150302E3
:10C76800030000005E010000E8FC0000000000007B
:10C7780062010000D20E030C0D00000063010000EE
:10C78800060C000000000000680100000B19000002
:10C7980000000000690100005D21000000000000A9
:10C7A80071010000971800000000000072010000ED
:10C7B8004B6D000000000000730100000A1A000021
:10C7C80000000000740100001A8C00000000000046
:10C7D80075010000752A00000000000077010000C4
:10C7E800FB8C00000000000078010000C708000072
:10C7F800000000007C010000E814000000000000B8
:10C8080081010000938503020300000082010000FB
:10C818008410030405000000830100000448030499
:10C828000500000084010000082503202100000005
:10C83800860100009CF00000000000008B01000051
:10C8480000D40000000000008C01000032A00000AD
:10C85800000000008D010000B66C00000000000020
:10C86800900100006EFE0304050000009101000025
:10C87800B7060304050000009A010000A035000077
:10C88800000000009B0100006A0300000000000097
:10C898009C01000021060304050000009D01000022
:10C8A8004D070304050000009E0100006D10000004
:10C8B800000000009F010000A1100000000000001F
:10C8C800A40100001449030607000000B30100009A
:10C8D800862E000000000000B4010000C10900001D
:10C8E80000000000B50100001E010000000000006B
:10C8F800B80100004223000000000000B901000058
:10C90800A911000000000000FE010000F56A000007
:10C9180000000000FF0100001C47000000000000AC
:10C9280000020000B802000000000000421F0000E2
:10C93800DA10000000000000431F0000E729000093
:10C9480000000000441F0000AC620000000000006E
:10C95800451F0000FB26000000000000461F0000E5
:10C96800610E000000000000471F0000402000008A
:10C9780000000000481F0000EA210000000000003D
:10C98800491F000090100000000000004A1F00002E
:10C998009B290000000000004B1F000014660000E7
:10C9A800000000004C1F00003610000000000000CE
:10C9B8004D1F0000DE2E0000000000004E1F00008A
:10C9C800C80E0000000000004F1F000017180000EC
:10C9D80000000000501F0000951200000000000039
:10C9E8002823000071890000000000002D230000AA
:10C9F800752200000000000011270000D11400007B
:10CA08000000000012270000BA2900000000000002
:10CA18001327000004010000000000001427000094
:10CA280085090000000000001527000067090000C4
:10CA38000000000016270000C104000000000000EC
:10CA48001727000047110000000000001827000009
:10CA5800F00E000000000000A7270000C3550000EA
:10CA680000000000F82A00008634030405000000D6
:10CA7800F92A00000F88000000000000FA2A0000D0
:10CA8800EAB4030405000000FB2A0000400500008A
:10CA980000000000FC2A00000BE803080900000061
:10CAA800FD2A00005DE6000000000000022B0000E7
:10CAB8002E31000000000000032B00006A2C00004B
:10CAC800000000000C2B0000CD100000000000004A
:10CAD800162B0000902C000000000000172B00000F
:10CAE800852C000000000000182B0000552C0000C9
:10CAF80000000000192B0000C325031011000000DE
:10CB08001A2B00004F050000000000001B2B00003E
:10CB180080080304050000001C2B0000B12200005F
:10CB2800000000001D2B0000821C00000000000017
:10CB38001E2B00002F260000000000001F2B000005
:10CB48008E09000000000000202B0000842C00004B
:10CB580000000000212B0000D02C00000000000085
:10CB6800222B0000C92C000000000000232B00002D
:10CB7800C12C000000000000242B0000BD2C000088
:10CB880000000000342B0000A24E0000000000004E
:10CB980064320000722C03000100000065320000BE
:10CBA800FE3B031E1F000000663200008C350304A4
:10CBB8000500000067320000F92E030001000000A4
:10CBC800683200004D36031C1D0000006932000069
:10CBD800312B030001000000733200005EF90300EE
:10CBE80001000000763200008B33000000000000D6
:10CBF800773200000712031011000000783200009D
:10CC080014050000000000006842000067B300003F
:10CC180000000000FE4200001A2100000000000091
:10CC2800FF4200004810000000000000014300001F
:10CC38001311000000000000024300005911000019
:10CC480000000000034300001B0A00000000000071
:10CC5800044300000E5B00000000000005430000D4
:10CC6800BB54000000000000064300006A180000E2
:10CC78000000000010A40000E30100000000000014
:10CC880011A40000EF2E00000000000051C30000B6
:10CC9800F62000000000000052C30000B5F60000B6
:10CCA8000000000053C300003E1300000000000015
:10CCB80054C30000F00A03080900000055C300002F
:10CCC800980603040500000020CB00000D64000056
:10CCD8000000000021CB0000EF0100000000000070
:10CCE80015CD0000F01100000000000016CD000076
:10CCF800584E00000000000017CD000060550000ED
:10CD08000000000018CD0000B11C00000000000069
:10CD180019CD0000D73200000000000078CD0000D7
:10CD2800B52603202100000079CD0000662400000C
:10CD38000000000060EA000004160314150000005B
:10CD48006AEA0000D0210000000000006BEA000041
:10CD5800B7070000000000006CEA0000632403200D
:10CD6800210000006DEA000081180314150000007E
:10CD78006EEA0000860803040500000074EA00005B
:10CD8800CA0400000000000088EA00009CF50000CA
:10CD98000000000089EA0000BFFF0000000000005A
:10CDA8008DEA00000E170302030000008EEA00005F
:10CDB800AB1C0308090000008FEA000037070000D9
:10CDC8000000000091EA0000610C00000000000073
:10CDD80092EA0000DC0E00000000000093EA000068
:10CDE800F51800000000000094EA0000652C00001F
:10CDF8000000000095EA00002D0600000000000079
:10CE08006666F435CCCCFC353333053699990D3646
:10CE18000000163666661E36CCCC263633332F36DF
:10CE280099993736000040366666663800007038D3
:10CE38009999793833338338CCCC8C3866669638F0
:10CE48000000A0389999A9383333B338CCCCBC3812
:10CE58006666C6380000D0389999D9383333E33834
:10CE6800CCCCEC386666F638000000399999093957
:10CE780033331339CCCC1C39666626390000303977
:10CE88009999393933334339CCCC4C39666656399C
:10CE9800000060399999693933337339CCCC7C39BE
:10CEA8006666863900009039999999393333A339E0
:10CEB800CCCCAC396666B6390000C0399999C93905
:10CEC8003333D339CCCCDC396666E6390000F03927
:10CED8009999F9390000891112239B322446AD57DC
:10CEE8003665BF74488CC19D5AAFD3BE6CCAE5DBAA
:10CEF8007EE9F7F88110080193331A22A5562C47CA
:10CF0800B7753E64C99C408DDBBF52AEEDDA64CB89
:10CF1800FFF976E802218B30100299132667AF7665
:10CF28003444BD554AADC3BC588ED19F6EEBE7FA69
:10CF38007CC8F5D983310A2091121803A7772E6689
:10CF4800B5543C45CBBD42ACD99E508FEFFB66EA49
:10CF5800FDD874C904428D5316619F702004A91529
:10CF68003227BB364CCEC5DF5EEDD7FC6888E19929
:10CF78007AABF3BA85520C4397711E60A114280549
:10CF8800B3373A26CDDE44CFDFFD56ECE998608909
:10CF9800FBBB72AA06638F7214409D512225AB34E5
:10CFA8003006B9174EEFC7FE5CCCD5DD6AA9E3B8E9
:10CFB800788AF19B87730E6295501C41A3352A2409
:10CFC800B1163807CFFF46EEDDDC54CDEBB962A8C9
:10CFD800F99A708B088481951AA793B62CC2A5D3A9
:10CFE8003EE1B7F04008C919522BDB3A644EED5FB9
:10CFF800766DFF7C899400859BB712A6ADD224C3B9
:10D00800BFF136E0C1184809D33B5A2AE55E6C4F98
:10D01800F77D7E6C0AA583B4188691972EE3A7F254
:10D028003CC0B5D14229CB38500AD91B666FEF7E78
:10D03800744CFD5D8BB502A499961087AFF326E278
:10D04800BDD034C1C3394A28D11A580BE77F6E6E58
:10D05800F55C7C4D0CC685D71EE597F42880A19118
:10D068003AA3B3B2444ACD5B5669DF78600CE91D38
:10D07800722FFB3E8DD604C79FF516E4A990208138
:10D08800BBB332A2C55A4C4BD7795E68E11C680D18
:10D09800F33F7A2E0EE787F61CC495D52AA1A3B0D4
:10D0A8003882B193466BCF7A5448DD59622DEB3CF8
:10D0B800700EF91F8FF706E69DD414C5ABB122A0F8
:10D0C800B9923083C77B4E6AD5585C49E33D6A2CD8
:10D0D800F11E780FA08601000B19000050C3000054
:10D0E8001000041000005B0101000000B01D0000EA
:10D0F80096FF00000506010C015B0000903300005C
:10D1080091FF00000606010C015B0000205800009A
:10D1180090FF00005DB9000800000000B0B70008EB
:10D1280001020000B6B7000802030000BEB70008FD
:10D1380003040000CAB7000805050000D7B70008B7
:10D1480006060000E0B7000807FF0000E8B700087F
:10D1580008FF0000F0B700080A070000F8B7000849
:10D168000B08000004B800080C0900000BB8000800
:10D178000DFF000012B800080FFF00001BB80008E0
:10D1880010FF000022B8000813FF00002AB80008AA
:10D1980014FF000034B80008150A00003EB8000863
:10D1A8001AFF000047B800081B01000050B800082B
:10D1B8001C0B000057B800081D0C000060B80008E0
:10D1C8001EFF00006BB800081FFF000073B80008BE
:10D1D80020FF000081B8000821FF000089B800087E
:10D1E800220D000092B80008230E00009EB8000827
:10D1F800240F0000A9B8000825FF0000B8B80008EF
:10D2080027FF0000C9B8000828FF0000DAB80008A6
:10D2180029FF0000EBB800082AFF0000F5B8000855
:10D228002BFF0000FFB800082CFF000009B9000818
:10D238002D10000019B900082EFF000024B90008BD
:10D248002FFF00002AB9000830FF000030B900089D
:10D2580039FF000036B900083AFF00003CB9000861
:10D2680031FF00004AB9000832FF00005AB900082F
:10D2780033FF000061B900083411000068B90008E4
:10D288003512000073B9000836FF000083B90008A2
:10D2980037FF00008EB900083813000096B900085F
:10D2A8003BFF0000A5B900083CFF0000B1B9000829
:10D2B8003DFF0000C0B900083EFF0000D0B90008DB
:10D2C8003FFF0000E1B9000840140000ECB9000875
:10D2D80041FF0000FEB9000842FF000010BA000834
:10D2E80043FF00001EBA000844FF000000000000D1
:10D2F80000000000FD8A0008FF8A0008038B000870
:10D30800078B000801000000030000000500000072
:10D318000100000001000000060000000A000000F3
:10D3280020000000020000000400000008000000C7
:10D338001000000040000000800000000001000014
:10D3480000020000000000000000000000000000D3
:10D3580000000000010000000200000003000000BF
:10D3680004000000A0860100400D0300801A06009A
:10D3780000350C0040420F0080841E0000093D006B
:10D3880000127A000024F40000366E010048E8011B
:10D39800006CDC020000000000000000000000003B
:10D3A800000000000100000002000000040000006E
:10D3B80006000000080000000A0000000C00000041
:10D3C8001000000020000000400000008000000065
:04D3D8000001000050
:08D3DC005D0100085D8A0008F4
:04D3E4003901000803
:10D3E80090BADCFE785634120A00000040B70008F4
:10D3F800FF00000088B7000810B7000800093D00CA
:08D4080001000000100000000B
:04000005080094E576
:00000001FF
