:020000040800F2
:1000000000000120AD9E0008979E0008999E000800
:100010009B9E00089D9E00089F9E00080000000017
:10002000000000000000000000000000A19E000889
:10003000A39E000800000000A59E0008A79E0008DF
:10004000FD9E0008FD9E0008FD9E0008FD9E000824
:10005000FD9E0008FD9E0008FD9E0008FD9E000814
:10006000FD9E0008FD9E0008FD9E0008FD9E000804
:10007000FD9E0008FD9E0008FD9E0008FD9E0008F4
:10008000FD9E0008FD9E0008FD9E0008FD9E0008E4
:1000900000000000FD9E0008FD9E0008FD9E000877
:1000A000FD9E0008FD9E0008FD9E0008ED32000840
:1000B000FD9E0008FD9E0008FD9E0008FD9E0008B4
:1000C000FD9E0008FD9E0008FD9E0008FD9E0008A4
:1000D000CD2D000831510008FD9E0008FD9E00084E
:1000E000FD9E000851820008FD9E0008FD9E00084C
:1000F000FD9E00080000000000000000FD9E0008BA
:10010000FD9E0008FD9E0008E5810008FD9E000898
:10011000FD9E0008FD9E0008FD9E0008FD9E000853
:10012000FD9E0008FD9E0008FD9E0008FD9E000843
:08013000FD9E0008FD9E000881
:1001380010B5054C237833B9044B13B10448AFF319
:1001480000800123237010BD28000020000000005B
:10015800D8BD000808B5034B1BB103490348AFF3EA
:10016800008008BD000000002C000020D8BD000859
:10017800034613F8012B002AFBD1181A01387047DF
:1001880081F0004102E000BF83F0004330B54FEA40
:1001980041044FEA430594EA050F08BF90EA020FAD
:1001A8001FBF54EA000C55EA020C7FEA645C7FEA40
:1001B800655C00F0E2804FEA5454D4EB5555B8BF63
:1001C8006D420CDD2C4480EA020281EA030382EAD4
:1001D800000083EA010180EA020281EA0303362D66
:1001E80088BF30BD11F0004F4FEA01314FF4801C39
:1001F8004CEA113102D0404261EB410113F0004F4B
:100208004FEA03334CEA133302D0524263EB430301
:1002180094EA050F00F0A780A4F10104D5F1200E9F
:100228000DDB02FA0EFC22FA05F2801841F10001FA
:1002380003FA0EF2801843FA05F359410EE0A5F1CE
:1002480020050EF1200E012A03FA0EFC28BF4CF0FF
:10025800020C43FA05F3C01851EBE37101F00045B5
:1002680007D54FF0000EDCF1000C7EEB00006EEBC2
:100278000101B1F5801F1BD3B1F5001F0CD349084C
:100288005FEA30004FEA3C0C04F101044FEA4452A3
:1002980012F5800F80F09A80BCF1004F08BF5FEA2A
:1002A800500C50F1000041EB045141EA050130BD0A
:1002B8005FEA4C0C404141EB0101013C28BFB1F51C
:1002C800801FE9D291F0000F04BF01460020B1FA67
:1002D80081F308BF2033A3F10B03B3F120020CDA3A
:1002E8000C3208DD02F1140CC2F10C0201FA0CF018
:1002F80021FA02F10CE002F11402D8BFC2F1200C7D
:1003080001FA02F120FA0CFCDCBF41EA0C01904032
:10031800E41AA2BF01EB0451294330BD6FEA04047B
:100328001F3C1CDA0C340EDC04F11404C4F1200266
:1003380020FA04F001FA02F340EA030021FA04F378
:1003480045EA030130BDC4F10C04C4F1200220FACF
:1003580002F001FA04F340EA0300294630BD21FA0D
:1003680004F0294630BD94F0000F83F4801306BFD3
:1003780081F480110134013D4EE77FEA645C18BFC7
:100388007FEA655C29D094EA050F08BF90EA020F5E
:1003980005D054EA000C04BF1946104630BD91EA56
:1003A800030F1EBF0021002030BD5FEA545C05D159
:1003B8004000494128BF41F0004130BD14F5800498
:1003C8003CBF01F5801130BD01F0004545F0FE410C
:1003D80041F470014FF0000030BD7FEA645C1ABF41
:1003E800194610467FEA655C1CBF0B46024650EA78
:1003F800013406BF52EA033591EA030F41F40021A4
:1004080030BD00BF90F0000F04BF0021704730B529
:100418004FF4806404F132044FF000054FF00001FE
:1004280050E700BF90F0000F04BF0021704730B5BF
:100438004FF4806404F1320410F0004548BF404294
:100448004FF000013EE700BF42004FEAE2014FEAE9
:1004580031014FEA02701FBF12F07F4393F07F4FC4
:1004680081F06051704732F07F4208BF704793F0C7
:100478007F4F04BF41F40021704730B54FF46074DA
:1004880001F0004521F000411CE700BF50EA0102DD
:1004980008BF704730B54FF000050AE050EA010286
:1004A80008BF704730B511F0004502D5404261EBF6
:1004B80041014FF4806404F132045FEA915C3FF437
:1004C800D8AE4FF003025FEADC0C18BF03325FEAD4
:1004D800DC0C18BF033202EBDC02C2F1200300FA85
:1004E80003FC20FA02F001FA03FE40EA0E0021FAAA
:1004F80002F11444BDE600BF70B54FF0FF0C4CF498
:10050800E06C1CEA11541DBF1CEA135594EA0C0F49
:1005180095EA0C0F00F0DEF82C4481EA030621EA84
:100528004C5123EA4C5350EA013518BF52EA0335BF
:1005380041F4801143F4801338D0A0FB02CE4FF071
:100548000005E1FB02E506F00042E0FB03E54FF0A1
:100558000006E1FB03569CF0000F18BF4EF0010E99
:10056800A4F1FF04B6F5007F64F5407404D25FEA95
:100578004E0E6D4146EB060642EAC62141EA555148
:100588004FEAC52040EA5E504FEACE2EB4F1FD0C8A
:1005980088BFBCF5E06F1ED8BEF1004F08BF5FEA08
:1005A800500E50F1000041EB045170BD06F00046BA
:1005B80046EA010140EA020081EA0301B4EB5C0467
:1005C800C2BFD4EB0C0541EA045170BD41F480115F
:1005D8004FF0000E013C00F3AB8014F1360FDEBF84
:1005E800002001F0004170BDC4F10004203C35DA60
:1005F8000C341BDC04F11404C4F1200500FA05F3E3
:1006080020FA04F001FA05F240EA020001F0004283
:1006180021F0004110EBD37021FA04F642EB0601F9
:100628005EEA430E08BF20EAD37070BDC4F10C0423
:10063800C4F1200500FA04F320FA05F001FA04F2E7
:1006480040EA020001F0004110EBD37041F10001D3
:100658005EEA430E08BF20EAD37070BDC4F12005DE
:1006680000FA05F24EEA020E20FA04F301FA05F246
:1006780043EA020321FA04F001F0004121FA04F2EE
:1006880020EA020000EBD3705EEA430E08BF20EABE
:10069800D37070BD94F0000F0FD101F000464000F8
:1006A80041EB010111F4801F08BF013CF7D041EA7A
:1006B800060195F0000F18BF704703F0004652007E
:1006C80043EB030313F4801F08BF013DF7D043EA4F
:1006D8000603704794EA0C0F0CEA135518BF95EA05
:1006E8000C0F0CD050EA410618BF52EA4306D1D18C
:1006F80081EA030101F000414FF0000070BD50EAAB
:10070800410606BF1046194652EA430619D094EA34
:100718000C0F02D150EA013613D195EA0C0F05D11E
:1007280052EA03361CBF104619460AD181EA030172
:1007380001F0004141F0FE4141F470014FF000002A
:1007480070BD41F0FE4141F4780170BD70B54FF0C5
:10075800FF0C4CF4E06C1CEA11541DBF1CEA135545
:1007680094EA0C0F95EA0C0F00F0A7F8A4EB050427
:1007780081EA030E52EA03354FEA013100F088801E
:100788004FEA03334FF0805545EA131343EA1263E7
:100798004FEA022245EA111545EA10654FEA00269C
:1007A8000EF000419D4208BF964244F1FD0404F555
:1007B800407402D25B084FEA3202B61A65EB0305B1
:1007C8005B084FEA32024FF480104FF4002CB6EB6E
:1007D800020E75EB030E22BFB61A754640EA0C00EE
:1007E8005B084FEA3202B6EB020E75EB030E22BF2E
:1007F800B61A754640EA5C005B084FEA3202B6EB6F
:10080800020E75EB030E22BFB61A754640EA9C002D
:100818005B084FEA3202B6EB020E75EB030E22BFFD
:10082800B61A754640EADC0055EA060E18D04FEABB
:10083800051545EA16754FEA06164FEAC30343EA5B
:1008480052734FEAC2025FEA1C1CC0D111F4801F28
:100858000BD141EA00014FF000004FF0004CB6E721
:1008680011F4801F04BF01430020B4F1FD0C88BFC0
:10087800BCF5E06F3FF6AFAEB5EB030C04BFB6EBCB
:10088800020C5FEA500C50F1000041EB045170BDBE
:100898000EF0004E4EEA113114EB5C04C2BFD4EBEB
:1008A8000C0541EA045170BD41F480114FF0000E6F
:1008B800013C90E645EA060E8DE60CEA135594EAEB
:1008C8000C0F08BF95EA0C0F3FF43BAF94EA0C0FEE
:1008D8000AD150EA01347FF434AF95EA0C0F7FF463
:1008E80025AF104619462CE795EA0C0F06D152EAB7
:1008F80003353FF4FDAE1046194622E750EA41069B
:1009080018BF52EA43067FF4C5AE50EA41047FF4AB
:100918000DAF52EA43057FF4EBAE12E74A0011D25D
:1009280012F5001211D20DD56FF47873B3EB625241
:100938000ED44FEAC12343F0004343EA505323FA4D
:1009480002F070474FF00000704750EA013002D1C2
:100958004FF0FF3070474FF00000704780F00040C4
:1009680002E000BF81F0004142001FBF5FEA41037F
:1009780092EA030F7FEA226C7FEA236C6AD04FEA7F
:100988001262D2EB1363C1BFD218414048404140C4
:10099800B8BF5B42192B88BF704710F0004F40F476
:1009A800000020F07F4018BF404211F0004F41F492
:1009B800000121F07F4118BF494292EA030F3FD05E
:1009C800A2F1010241FA03FC10EB0C00C3F1200371
:1009D80001FA03F100F0004302D5494260EB400000
:1009E800B0F5000F13D3B0F1807F06D340084FEA6B
:1009F800310102F10102FE2A51D2B1F1004F40EB60
:100A0800C25008BF20F0010040EA030070474900C7
:100A180040EB0000013A28BFB0F5000FEDD2B0FA64
:100A280080FCACF1080CB2EB0C0200FA0CF0AABF87
:100A380000EBC25052421843BCBFD0401843704725
:100A480092F0000F81F4000106BF80F4000001322B
:100A5800013BB5E74FEA41037FEA226C18BF7FEA02
:100A6800236C21D092EA030F04D092F0000F08BF44
:100A78000846704790EA010F1CBF0020704712F02B
:100A88007F4F04D1400028BF40F00040704712F16A
:100A980000723CBF00F50000704700F0004343F0CF
:100AA800FE4040F4000070477FEA226216BF084605
:100AB8007FEA23630146420206BF5FEA412390EAC8
:100AC800010F40F4800070474FF0000304E000BFBE
:100AD80010F0004348BF40425FEA000C08BF70476F
:100AE80043F0964301464FF000001CE050EA010233
:100AF80008BF70474FF000030AE000BF50EA010248
:100B080008BF704711F0004302D5404261EB410134
:100B18005FEA010C02BF84460146002043F0B64359
:100B280008BFA3F18053A3F50003BCFA8CF2083A7E
:100B3800A3EBC25310DB01FA02FC634400FA02FC87
:100B4800C2F12002BCF1004F20FA02F243EB02008E
:100B580008BF20F00100704702F1200201FA02FCF0
:100B6800C2F1200250EA4C0021FA02F243EB0200E3
:100B780008BF20EADC7070474FF0FF0C1CEAD05227
:100B88001EBF1CEAD15392EA0C0F93EA0C0F6FD0E8
:100B98001A4480EA010C400218BF5FEA41211ED0C6
:100BA8004FF0006343EA501043EA5111A0FB0131B2
:100BB8000CF00040B1F5000F3EBF490041EAD37187
:100BC8005B0040EA010062F17F02FD2A1DD8B3F103
:100BD800004F40EBC25008BF20F00100704790F072
:100BE800000F0CF0004C08BF49024CEA502040EAC4
:100BF80051207F3AC2BFD2F1FF0340EAC25070478A
:100C080040F400004FF00003013A5DDC12F1190FC7
:100C1800DCBF00F000407047C2F10002410021FA39
:100C280002F1C2F1200200FA02FC5FEA310040F151
:100C3800000053EA4C0308BF20EADC70704792F0CA
:100C4800000F00F0004C02BF400010F4000F013A02
:100C5800F9D040EA0C0093F0000F01F0004C02BFFD
:100C6800490011F4000F013BF9D041EA0C018FE76C
:100C78000CEAD15392EA0C0F18BF93EA0C0F0AD072
:100C880030F0004C18BF31F0004CD8D180EA010098
:100C980000F00040704790F0000F17BF90F0004F31
:100CA800084691F0000F91F0004F14D092EA0C0F13
:100CB80001D142020FD193EA0C0F03D14B0218BFA6
:100CC800084608D180EA010000F0004040F0FE40EC
:100CD80040F40000704740F0FE4040F44000704788
:100CE8004FF0FF0C1CEAD0521EBF1CEAD15392EA07
:100CF8000C0F93EA0C0F69D0A2EB030280EA010CF7
:100D080049024FEA402037D04FF0805343EA11118F
:100D180043EA10130CF000408B4238BF5B0042F1ED
:100D28007D024FF4000C8B4224BF5B1A40EA0C0092
:100D3800B3EB510F24BFA3EB510340EA5C00B3EBC4
:100D4800910F24BFA3EB910340EA9C00B3EBD10FB2
:100D580024BFA3EBD10340EADC001B0118BF5FEA04
:100D68001C1CE0D1FD2A3FF650AF8B4240EBC2502D
:100D780008BF20F0010070470CF0004C4CEA5020EE
:100D88007F32C2BFD2F1FF0340EAC250704740F43D
:100D980000004FF00003013A37E792F0000F00F02F
:100DA800004C02BF400010F4000F013AF9D040EAAD
:100DB8000C0093F0000F01F0004C02BF490011F441
:100DC800000F013BF9D041EA0C0195E70CEAD15339
:100DD80092EA0C0F08D142027FF47DAF93EA0C0F20
:100DE8007FF470AF084676E793EA0C0F04D14B0204
:100DF8003FF44CAF08466EE730F0004C18BF31F0B6
:100E0800004CCAD130F000427FF45CAF31F00043AF
:100E18007FF43CAF5FE700BF4FF0FF3C06E000BF48
:100E28004FF0010C02E000BF4FF0010C4DF804CD6B
:100E38004FEA40024FEA41037FEA226C18BF7FEA7B
:100E4800236C11D001B052EA530C18BF90EA010F7D
:100E580058BFB2EB030088BFC81738BF6FEAE1700C
:100E680018BF40F0010070477FEA226C02D15FEAA8
:100E7800402C05D17FEA236CE4D15FEA412CE1D014
:100E88005DF8040B704700BF844608466146FFE7DB
:100E98000FB5FFF7C9FF002848BF10F1000F0FBDBD
:100EA8004DF808EDFFF7F4FF0CBF012000205DF8B6
:100EB80008FB00BF4DF808EDFFF7EAFF34BF01203B
:100EC80000205DF808FB00BF4DF808EDFFF7E0FFD4
:100ED80094BF012000205DF808FB00BF4DF808ED25
:100EE800FFF7D2FF94BF012000205DF808FB00BF88
:100EF8004DF808EDFFF7C8FF34BF012000205DF86A
:100F080008FB00BF4FEA4002B2F1FE4F0FD34FF08B
:100F18009E03B3EB12620DD94FEA002343F000435E
:100F280010F0004F23FA02F018BF404270474FF00C
:100F38000000704712F1610F01D1420205D110F093
:100F4800004008BF6FF0004070474FF00000704746
:100F580042000ED2B2F1FE4F0BD34FF09E03B3EB1B
:100F6800126209D44FEA002343F0004323FA02F047
:100F780070474FF00000704712F1610F01D1420233
:100F880002D14FF0FF3070474FF00000704700BFAC
:100F98000022427082700122C270B1FA81F10222ED
:100FA80049090271032201704271704743788B42EC
:100FB8001FD0012941700AD0022910D0C1B90123DC
:100FC800C370817002230371032343717047037850
:100FD80043B1012383700223C3700023F3E703782E
:100FE800002BF6D0022383700023C3700123EAE7A5
:100FF800FEE7704782B00B88ADF800304B88ADF83B
:1010080002308B88ADF80430CB88ADF80630023951
:10101800431C053013F8012F0DF1080C0CEB4202AC
:10102800834232F8082C21F8022FF3D102B070471E
:1010380008448078704738B54FF07F33C0F8A03047
:1010480004464FF6FF737F220025A0F8A43080F8ED
:10105800A62080F8A950A0F8AA30AC3000F02EFDE8
:10106800A4F8B85038BD70B51146154604461E465A
:1010780000F0BBFC294604F1140000F0B6FC294638
:1010880004F1280000F0B1FC294604F13C0000F00E
:10109800ACFC294604F1500000F0A7FC294604F1F5
:1010A800640000F0A2FC294604F1780000F09DFCE1
:1010B800294604F18C0000F098FC04F1AC0032469B
:1010C8004FF4FA734FF4FA6100F0DEFC2046BDE8F5
:1010D8007040FFF7B0BF704700F08EBC143000F0CE
:1010E8008BBC283000F088BC90F8A43013B990F974
:1010F800A000704790F9A100704790F8A43013B988
:1011080090F9A200704790F9A300704710B5044603
:1011180007F0C0FA38B104F1140000F071FC01289E
:1011280038BF0120C0B210BD10B5044607F0B2FAAE
:1011380038B104F1500000F063FC012838BF0120E9
:10114800C0B210BD4FF47A71AC3000F0BEBC0021C3
:10115800AC3000F0BABC08B5AC3000F0C7FCB0F554
:101168007A7FA8BF4FF47A7020EAE07008BD10B506
:10117800044600F01BFC04F1140000F017FC04F115
:10118800280000F013FC04F13C0000F00FFC04F10F
:10119800500000F00BFC04F1640000F013FC04F1B3
:1011A800780000F00FFC94F8B93013B1013B84F8D3
:1011B800B93010BD7F2807D0002807DA10F1800F5A
:1011C80006D04042C0B270470020704701207047E7
:1011D8007F20704710B1404240B270477F2070476F
:1011E8007F280FD010F1310F0EDA10F1780F0DDBD8
:1011F8007830FE2340B2584323304623B0FBF3F047
:10120800C0B27047FF207047FE207047002070472B
:101218007F2805D031B1002806DA4042C0B27047B5
:10122800FF207047FE207047002070477F2811D0AC
:1012380010F1310F10DA10F1780F10DB783040F22E
:10124800A96340B2584323304623B0FBF3F0AC30D7
:1012580080B270470020704740F255707047AC204C
:10126800704763289FBF40F2A96358433230642314
:101278009DBFB0FBF3F0AC3080B240F255707047C0
:101288004FF4F063A0F58060584340F2FF7390FB81
:10129800F3F000F5787080B27047FFF7F1BF4FF4B4
:1012A8009663A0F58060584340F2FF7390FBF3F01B
:1012B80000F2DC5080B27047A0F58060D0EB0010DF
:1012C80048BF033040F38F007047032812DD0C2815
:1012D80012DD0F2812DD122812DD162812DD19285A
:1012E80012DD1C2812DD1F2812DD2128CCBFFF20AB
:1012F8000620704700207047012070470220704781
:101308000820704703207047072070470420704763
:101318000520704705289ABF014B185CFF207047CD
:1013280082BE00087F281ABF4042C0B20020704722
:101338007F2811D010F1320F10DA884210DD401AE0
:101348006423C1F1FF21584301F57F01CE313130CB
:1013580090FBF1F0C0B27047FF20704764207047DF
:1013680000207047014B4840185C704788BE000851
:1013780052B110B4054C0A4411F8013B58408A4256
:10138800205CF9D110BC7047704700BF88BE0008C8
:10139800002805DB212805DC044B33F810007047D2
:1013A800002070474FF4FA60704700BFB2BF0008D2
:1013B800392808D822280ED9094B2338C0B2C3408F
:1013C80003F0010070475F2807D0613819288CBFE7
:1013D800002001207047002070470120704700BF9F
:1013E80001EC7F00F8B50246451E461D00245F2724
:1013F80015F8010FFF2804BF0134E4B2FFF7D8FF46
:1014080000B92F70AE42F3D1062C04D119B10B6884
:1014180013608B88938000239371F8BD2DE9F843FE
:10142800DFF83490471E441D012500264FF0280898
:1014380017F8011F08480AF072FC034610B1A0EB28
:101448000903DBB2A3FB05329E19A742A5FB08538B
:10145800EED13046BDE8F88388BF000810B5417961
:10146800A1F13000C3B2092B07D80523B0FBF3F371
:1014780003EB8303C01AC0B210BD044C20460AF027
:101488004EFC0028F1D0001BC0B2EEE788BF000870
:1014980070B50446FEF76CFE02B20023551E18B262
:1014A800A84204FA83F104DA265C302E03F1010322
:1014B800F5D0121A01322046BDE870400AF0FEBB92
:1014C8002DE9F047432B28BF432396B00C46154619
:1014D80000211A46984607460AF00AFC00214122D4
:1014E80005A804910AF004FCDFF87C90DFF87CA0E2
:1014F80004EB4505AC4210D104A8FEF739FE28B12B
:1015080000F158036B44002203F8492C04A938461B
:101518000AF048FC16B0BDE8F08734F9020B47F62C
:10152800FF739842E8D0002812DC514668460AF05A
:1015380039FC04A8FEF71CFE06466846FEF718FEAE
:101548000644B045D6D3694604A80AF0D9FBD1E7CA
:10155800694680B209F0FAFF6846FFF799FF4946E5
:1015680068460AF0CDFBE4E739BE000834BE00083F
:10157800F0B589B06D4600242F468E1CE1B28A4230
:1015880004D83946FFF79CFF09B0F0BD36F824109F
:1015980025F8021B0134F1E742F210736421B0FB15
:1015A800F3F203FB1200B0FBF1F301FB130000EBB5
:1015B800023000EB831080B27047020B00F03F034B
:1015C80042F2107101FB0233C0F38510642202FB62
:1015D8000030704770B50E460021054614460AF0E3
:1015E80087FB00239AB2944200D870BDF25C002AAF
:1015F800FBD0EA540133F5E7072914D8DFE801F0F6
:101608000407090B0D0F11110849FFF7E3BF08493B
:10161800FBE70849F9E70849F7E70849F5E7084902
:10162800F3E70849F1E70849EFE700BF3EBE0008C5
:1016380043BE000848BE00084DBE000852BE000860
:1016480057BE00085CBE000861BE0008052911D815
:10165800DFE801F00306080A0C0E0749FFF7BABFD6
:101668000649FBE70649F9E70649F7E70649F5E7BA
:101678000649F3E70649F1E763BE000868BE0008BB
:101688006DBE000872BE000877BE00087BBE000869
:1016980061BE000870B50E461446002101320546A9
:1016A8000AF026FB00239AB2944200D870BDF25C7F
:1016B800002AFBD0EA540133F5E7914206D19DF99F
:1016C80000008342CCBF00200120704703290DD0C1
:1016D800032A09D0022909D0022A05D0012905D0F8
:1016E800531E5842584170470120704700207047E8
:1016F8007D23438043F2390309B2C360002301808C
:101708008180C38003727047C2680449044B01FB9F
:10171800023323F00043C360980F7047FD43030072
:10172800C39E260010B50129044680790ED80428E6
:1017380001D80130A071012AE0790BD8042801D81A
:101748000130E071032925D14B2319E00028F2D09C
:101758000138EFE708B10138E07103290AD1032AFB
:1017680018D19DF90820934208DC3ADA23885B42B5
:101778001BB205E002290DD1022AF1E7B4F90030C5
:1017880062881A4412B27C2A30DD7D2262800022EF
:1017980022722FE09142D7D825D3012910D1012AEE
:1017A8000ED1A279E3799A4208D302D96FF07C036B
:1017B800E6E72046FFF7A8FF0028F7D07D23DFE7FC
:1017C800B4F90400B4F900302288B4F902100028F2
:1017D80004DB7C29D4DD524213B2D1E77C31CFDB64
:1017E800F9E70023CCE76FF04A03C9E712F17C0F51
:1017F80002DB6280A38010BD4FF6837262800122F3
:10180800C6E7000002680449044B01FB023323F0D9
:1018180000430360180C7047FD430300C39E260075
:10182800F0B5002597B00160858004465622294608
:1018380068460AF05DFA0126627CAA4209D80023AC
:10184800802104F1B400237417B0BDE8F0400AF019
:101858004FBA2046FFF7D6FFE7797B1B002190FBA4
:10186800F3F202FB1300C0B2EC460A46CBB29F4229
:101878001DD80023227B9A42DED0A279033A012A9E
:1018880004EB050105D925B191F91120D2B9012B35
:10189800D2D98B74A26852F82310583304EB85020E
:1018A8006B440135516303F8586CEDB2C4E71CF87A
:1018B80001EBBEF1000F03D18242DBD00132D2B27C
:1018C8000131D3E7501E8342E3DB01329342E0DC6F
:1018D800B2E72DE9F047154696B0013D0160027167
:1018E80004464371EDB25622002168460AF000FA18
:1018F8000027022D84BF4FF0010900253E464FF016
:10190800010A94F807809CBF4FF00309B8FBF9F867
:10191800627CB24209D80023802104F1B400237408
:1019280016B0BDE8F0470AF0E3B92046FFF76AFFB2
:10193800A8EB0603002190FBF3F202FB1300C0B2F0
:10194800EC460A46CBB2984506D91CF801EBBEF125
:10195800000F22D182421ED1434528BF4346227B35
:1019680003FB095101F0FF018A42D1D016B1B7B982
:10197800012BCDD9A2191F469174A26852F82110E3
:1019880004EB86020136516303F158026A44F6B249
:1019980002F858ACBCE70132D2B20131D2E77A1E64
:1019A8009342E7DB7A1C9342E4DCB1E7D0E90123F8
:1019B8006421D31AC36082604B43418AB3FBF1F3BD
:1019C80003747047D0E90123D31AC0E90223704792
:1019D80043682BB1C26864214A43B2FBF3F2D3B225
:1019E80003740023C360436070470023C0E90233D7
:1019F8004182436003747047436801334360704712
:101A0800007C704743680B4443607047072800D93F
:101A1800FEE7014B185C70471CC00008052800D978
:101A2800FEE7014B185C704724C000080023C0E99A
:101A38000133C36003747047F0B5047C0360012C64
:101A480011D944688568C668141B4FF47A774D1B12
:101A58007C4305FB16442B4494FBF3F33344C360E7
:101A6800C0E90121F0BD1CB9C46001230374F7E784
:101A780043684FF47A74D31A634384680C1B93FB4E
:101A8800F4F3C3600223F1E72DE9F0410446104660
:101A98001D4616468846FFF717F8074606EB080066
:101AA800FFF712F801463846FFF71AF9656020601B
:101AB8002846FFF70DF8A060BDE8F08110B5044690
:101AC8004068FFF705F8A06010BD38B58568044682
:101AD8000846FEF7FDFF2946FEF744FF2168FFF799
:101AE8004BF82946FEF740FFA06038BD08B54FF017
:101AF8007C518068FEF738FFFFF704FA08BD70478D
:101B080070477047002070477047002070470020DA
:101B180070477047002070470020704770474FF0AB
:101B2800B04382B0DA6C0243DA64DB6C03400193A1
:101B3800019B02B070474FF0B04382B09A6D0243E8
:101B48009A659B6D03400193019B02B070474FF06B
:101B5800B04382B01A6E02431A661B6E03400193AB
:101B6800019B02B0704750E8003F23F0800340E833
:101B78000032002AF7D170470288044B5140C9B29D
:101B880033F8113083EA122303807047E4D8000841
:101B98009AB110B4B0F800C0084C0A4411F8013BDF
:101BA80083EA0C03DBB2914234F8133083EA1C2C2D
:101BB800A0F800C0F2D110BC70477047E4D8000804
:101BC80037B54FF6FF730446ADF806304518AC42FA
:101BD80003D1BDF8060003B030BD14F8011B0DF1A8
:101BE8000600FFF7C9FFF2E71629A8BF16216FF014
:101BF80008008142B8BF0146117019707047162954
:101C0800A8BF16216FF008008142B8BF01461170C5
:101C180019707047044B1888044B1B8880B29BB21C
:101C2800C01A18BF01207047882900208629002083
:101C3800044A00231380044A1380044A1380044A88
:101C48001380704786290020882900208A2D0020CB
:101C58008C2D0020002070470278024B51405B5CBD
:101C680003707047BCC40008FF230370704700BFAF
:101C7800704770B50B7803704B7843700B78FD2B69
:101C880005460C4638D18B788370CB78C3700B79B6
:101C980003714B7943718B7983718B68C3718B683E
:101CA800C3F30F2303728B7A43720A26627804F116
:101CB8000C01A8190AF07EF86378B4F80C213344B3
:101CC800981CEA545A1CB4F80C1192B2090AA95487
:101CD800A278D20780B20ED504F58872054404F5BF
:101CE8008E7452F8041B45F8041BA242F9D11278ED
:101CF8002A700F3398B270BD00238B700B798370F4
:101D08004B79C3708B7903718B6843710626CDE7D5
:101D180001F003039B0003F1804303F5803310B502
:101D28009C680A0C24EA114192FAA2F2B2FA82F2F1
:101D380002F00F0290400843986010BD08B52C22AD
:101D48000348002109F0D4FF024B00221A7008BD95
:101D580060060020300300202DE9F041137803705D
:101D680092F8018080F80180FD2B04460F46154645
:101D780054D193788370D378C370137903715379EE
:101D88004371937983716B7A127A1B0403EB0223F4
:101D9800EA79134423F07F430A26A26863F3170203
:101DA800A260A919424604F10C000AF003F87A7BF4
:101DB800904507D208F10C00A2EB0802002120444C
:101DC80009F096FF63781E44AB195A78AB5D03EBB4
:101DD8000223A4F80C31A378DB070ED5023615FAD6
:101DE80086F304F5887203F10C0153F8040B42F8EA
:101DF800040B8B42F9D11B781370BB7A84F821311C
:101E0800FB7A84F822313B7B84F823317B7B84F88E
:101E180024313B7884F82031BDE8F08100234380E9
:101E280093780371D37843711379837153790626B4
:101E3800B3E7000070B50F4C0F4D0646062204F1BB
:101E48000A0105F58970FFF725FC237CC3F303021B
:101E5800C3F3031385F81A31637C85F81921C3F39A
:101E6800030385F81B31637ADB0744BF022333730E
:101E780070BD00BF711F0020A800002070B5044687
:101E8800BDF81450E2702420237122461B0A2070EA
:101E9800637158202B0AA1706070A57102F8073F82
:101EA800049B59198B420CD16A1D92B2E11C002087
:101EB800FFF75EFA05F10806A05505F1090080B2A2
:101EC80070BD13F8010B02F8010FEBE70A4A0B4B40
:101ED80012680B49A3FB02323220920C00FB02F27B
:101EE800084B486802F5FA72A3FB023292094B6864
:101EF8001B1A9A42FBD870471C00002083DE1B4344
:101F0800001000E0D34D621008B5FFF7DFFF024B69
:101F18004FF480529A6108BD00040048024B4FF408
:101F280080529A62FFF7D2BF0004004802780A4B39
:101F380090F801C08178D243D2B29A5C82EA0C024E
:101F480090F803C09A5C4A40995C027981EA0C01D6
:101F5800595C4A40985C7047BCC40008F8B53C29F5
:101F6800BDF81C50044635D0A1F1210671427141DB
:101F78004900D00748BF41F00801E37092074FEAD3
:101F880013234FF0240248BF41F01001227023713F
:101F98006F222B0AA61C6270A170A371657130466E
:101FA800FFF7C4FF2246069B02F8070F59198B4218
:101FB80012D1A91D89B23046FFF702FE05F10807C4
:101FC80005F109039BB2E055000AE05405F10A0047
:101FD80080B2F8BD0121CCE713F8010B02F8010F1C
:101FE800E5E70000074B084A5B6A02F5006353E81F
:101FF800003F43F0200302F5006040E8003100296B
:10200800F3D1704700380140003001402DE9F04F0E
:102018000C465188B1F58C7F85B0054611D3002157
:102028001170D91CC9B2012995BF01210023518023
:1020380053809CBF2370117000232B7005B0BDE83E
:10204800F08F10780E2800F28B8001A656F820F049
:102058002B20000895200008BD200008D720000884
:102068006921000869210008692100086921000820
:102078006921000869210008692100086921000810
:102088006921000869210008E9200008481C5080DF
:1020980063542178FD299BB206D10C330A21D380E1
:1020A800918002231370C7E708330621D3809180FB
:1020B8000E23F7E7481C50806354D80742BFD188E5
:1020C8000D31D180012B8CBF00230323EAE7002BBD
:1020D80001F101005080635414BF00230E23E1E78F
:1020E800481C508063545388D1888B4232D30023D4
:1020F8005380137002232B7069802378FD2B35D110
:1021080063792B72A3796B72637A227A1B0403EBCF
:102118000223E27913446B60637803F10C026A804E
:10212800A278D10701D519336B8000266968DFF8DA
:10213800F0806E8140F285120C20B31801335B08E1
:1021480000FB03F758F80770B94218D25A1EB2427A
:10215800F3D816E092889A423FF66EAF01236CE7F7
:102168000023137053809380D38066E7E3782B7243
:1021780023796B7263796B6063780833D4E71E4602
:10218800E5D80C27774358F80730994227D12378A8
:102198002046FD2B10F801BF0CBF4FF00A094FF085
:1021A800060909EB0B03591E89B247440193FFF74F
:1021B80007FD97F804A0ADF80E0051460DF10E008A
:1021C800FFF7DAFC019BE218E35C527803EB022389
:1021D800BDF80E209BB29A4203D005232DE70323B6
:1021E8002BE7BB79DA0706D5FA79934582BF04EB6A
:1021F80009018A5CAA729B0709D50C2303FB068395
:1022080062781B7A9A4282BF4C44E35CEB720C23DF
:1022180003FB068385F80CA05B796B730EE700BFA0
:10222800BCC50008F0B50546FD2305F80C3B85B094
:1022380004468DF8043090F8243103F10C0202446E
:10224800012B42D80026637066808DF805308B7AA2
:1022580023718DF808308B7AADF8066001338B72E4
:1022680063798DF80930A3798DF80A30A368C3F330
:1022780017031A128DF80B3009211B140DF10500F4
:102288008DF80D308DF80C20FFF79AFC6778ADF8C3
:1022980002003A4629460DF10200FFF779FC94F84E
:1022A8002311FFF769FC94F82421BDF80230A4F843
:1022B8000C31974210D207F10C00D21B3146204452
:1022C80005B0BDE8F04009F013BD12F8010D002873
:1022D800B8D1013BDBB2B3E705B0F0BD044AD2F890
:1022E800903023F40043C2F89030FFF7EFBD00BFF1
:1022F8000004005808B5FFF7E9FD044AD2F8903009
:1023080043F40043C2F8903008BD00BF00040058F1
:1023180007B503688DF807101B6901220DF1070145
:10232800984703B05DF804FB70B5044608460D46AF
:10233800FDF71EFF236882B2294620461B69BDE8C7
:1023480070401847B0F1904F02D10120FFF7E7BB6A
:10235800084B984205D003F58063984203D10420C6
:10236800F4E70220F2E7044B984201D18020EDE720
:10237800704700BF00040048001C00480C4B9842FE
:1023880003D14FF40060FFF7E2BBB0F1804F05D0F6
:10239800084B984205D14FF40030F4E70120FFF7CD
:1023A800CABB054B984202D14FF48020EBE7704737
:1023B800002C014000440140004801402DE9F04351
:1023C80087B00E46054614460021142201A89DF840
:1023D80038809DF83C901F4609F08AFC00960B2C2B
:1023E80007D8DFE804F007070A12141414161616A3
:1023F8001A1CFEE70323019301E002230493032F31
:1024080011D8DFE807F0111321110123F6E70123A2
:10241800F1E7012301930393F1E70223EBE702239A
:1024280001930123F7E7FEE702230293B8F1100FA7
:102438000CD8DFE808F02D2D0C11131517191B1DEA
:102448001F21232527292B000123EEE7FEE701237F
:102458000593022301931EE00223F9E70323F7E71C
:102468000423F5E70523F3E70623F1E70723EFE75E
:102478000823EDE70923EBE70A23E9E70B23E7E75E
:102488000C23E5E70D23E3E70E23E1E70F23DFE75E
:10249800B8F1000FDDD1B9F1000F02D02846FFF7DF
:1024A80051FF053C042C05D8DFE804F0030B0403B6
:1024B8000B00AE626946284608F0B8FB07B0BDE8D5
:1024C800F083AE61F6E713B54FF0010C0024CDE9B7
:1024D800004CFFF773FF02B010BD000030B587B0A5
:1024E800002315460446ADF80630FFF747FF042DD4
:1024F80004D8DFE805F02E3204363F00FEE71E4B15
:102508001E4A1B68B3FBF2F39BB20022CDE90221FD
:10251800013B01A92046ADF804300492059208F069
:10252800D5FD236823F080032360A36823F4A03338
:1025380023F00703A360636823F070036360636894
:1025480023F470036360A36823F08003A36007B0DB
:1025580030BD094B0A4A1B68D4E7074B094A1B6878
:10256800D0E7054B064A1B68B3FBF2F303EB830382
:102578005B00C9E70123C8E71C00002080A81201FE
:1025880040420F0000127A0010B50446FFF7A6FF7C
:10259800236843F00103236010BD00224FF0FF3190
:1025A800FFF7F2BF204B10B5204C5B68236007F0A3
:1025B800A3FC4FF0904008F0FBFA1D4808F0F8FA29
:1025C8001C4808F0F5FA1C4808F00EFF1B4808F0F4
:1025D8000BFF1B4808F01CFD08F086FC4FF0E022BA
:1025E80000234FF0B0411361536193618A6822F070
:1025F800030242F001028A6072B64FF0FF319A007E
:1026080002F1604202F561420133082BC2F88010E2
:10261800C2F88011F3D162B6034B1B6883F30888B4
:1026280023689847FEE700BF0000FF1F2C03002027
:1026380000040048000800480038014000440040F9
:10264800003001400749084A881AEFF30883521AF4
:102658001A44013A013B984288BF0022AA2109F096
:1026680047BB00BF0000012000040000044B5A696A
:10267800586910F0020018BFC2F38000704700BF0D
:10268800000400584FF0B042D2F8943043F40043AD
:10269800C2F894304FF47A7300BF013B9BB2002B11
:1026A800FAD14FF0B043D3F8942022F40042C3F893
:1026B8009420D3F894205204FBD40C4BD3F89020E8
:1026C80022F40042C3F890204FF47A7200BF013A16
:1026D80092B2002AFAD1D3F8902042F40042C3F80B
:1026E80090204FF400629A61704700BF00040058C0
:1026F80010B50323052240214FF09040FFF7E3FE79
:10270800BDE810400323052280214FF09040FFF7D9
:10271800DABE08B5FFF7AAFF003818BF012008BDC8
:1027280008B5FFF7F6FF00B908BD00BFF9E74FF09D
:10273800904380229A6240229A6170474FF09043FA
:1027480040229A6280229A6170470000024B4FF43F
:1027580080225A60704700BF00E100E010B5134CBA
:102768000323204606220421FFF7ADFE1048032369
:1027780002224FF40051FFF7A6FE03231A464FF436
:1027880000414FF09040FFF79EFE204603230522AC
:102798004FF48071FFF797FEBDE810400323052230
:1027A80001214FF09040FFF78EBE00BF00040048A3
:1027B800000800484FF090431869C0F3C0307047D4
:1027C80008B5FFF7F7FF00B908BD00BFF9E74FF0FC
:1027D800904301229A624FF48072C3F8182470471C
:1027E800044B4FF480729A624FF0904301229A6131
:1027F800704700BF0004004808B510490220FFF7E1
:1028080087FA0F4BD3F8842022F40052C3F88420AF
:10281800D3F8802022F40052C3F880205A6822F4AA
:1028280000525A601A6842F400521A60054BD022CE
:1028380083F829234FF400725A6008BD0300F000A2
:102848000008005800E100E0054B4FF40052DA6040
:10285800D3F8802042F40052C3F88020704700BFAC
:1028680000080058064B1A6822F001021A605A68DC
:1028780022F400325A601A6842F001021A60704766
:1028880000440040064B1A6822F001021A605A6898
:1028980042F400325A601A6842F001021A60704726
:1028A800004400400023032202214FF09040FFF72C
:1028B8000ABE4FF09043186980F00200C0F3400050
:1028C8007047000010B5074C002320460522102150
:1028D800FFF7F9FD20460023BDE810400522082136
:1028E800FFF7F1BD0004004805494B691A04DB43B2
:1028F80002F4801203F0100313438B61704700BF8A
:102908000004004805494B691A04DB4302F400221D
:1029180003F0080313438B61704700BF00040048AD
:102928000C4BD3F8FC2022F08072C3F8FC20D3F8BB
:10293800FC2042F08072C3F8FC20A3F55D431A68BE
:1029480022F001021A601A6842F001021A6000229D
:102958005A60704700ED00E00649074B074A1B68BC
:10296800B3FBF2F310B54C6843434A68121B9A4212
:10297800FBD310BD001000E01C00002040420F00F7
:102988001FB50223CDE9013101A80123694603934C
:1029980007F01CFC00280CBF0420052005B05DF8DA
:1029A80004FB014608B5012007F0CAFB00280CBF4C
:1029B8000420052008BD08B5FFF7E2FF031F5842B1
:1029C800584108BD08B5FFF7ECFF031F58425841AE
:1029D80008BD00002DE9F047294B2A4D01280E4675
:1029E80014462949294A0FBF79277827AA461D4640
:1029F80006BF88469A46904607F056FB3946284651
:102A0800FFF7D9FF28B9002407F060FB2046BDE88E
:102A1800F087002E08BF4FF4FC64073424F0070445
:102A280005F11007B1463444AAEB050AA1450BD1BC
:102A38004FF011324FF0FF332846FFF7C3FF041E53
:102A480018BF0124A400DFE76EB90AEB0703D3E936
:102A58000023B3F1FF3F08BFB2F1FF3F06D10837AB
:102A680009F10809E2E7D9E90023F2E7B84505D9F1
:102A78003846FFF7A7FF0028F1D1C4E70324C3E7CE
:102A880000C0030800C80308FFCF0308FFC70308F6
:102A980010B507F009FB09487821FFF78CFF0446B9
:102AA80038B107487921FFF786FF041E18BF0124B3
:102AB800A40007F00BFB204610BD00BF00C00308B0
:102AC80000C8030830B5084D002340F2EF749AB2ED
:102AD800914201D8042030BDA34203D05A5DC254AC
:102AE8000133F4E70320F6E710C0030838B50446BD
:102AF8000D4672B60A4601460020FFF76BFF62B624
:102B0800042806D172B601202A462146FFF762FF43
:102B180062B638BD38B5124B1C68D3F80058B4F10A
:102B2800113F09D1B5F1113F17D0002211460120FC
:102B3800BDE83840FFF74EBFB5F1113F03D1002281
:102B480011461046F4E7FFF7A3FF042804D12C40F0
:102B580001340CBF0220012038BD0420FCE700BF6F
:102B680000C00308044B9A689107FCD518739A684B
:102B7800D207FCD5187B70470000015870B50C4689
:102B8800451E8E18B44200D170BD15F8010FFFF72D
:102B9800E9FF04F8010BF5E7084611461A46FFF766
:102BA800EDBF000070B5064E04464518A54200D199
:102BB80070BD3078FFF7D6FF04F8010BF6E700BFC9
:102BC8001000002008461146FFF7ECBF38B5044650
:102BD8004518AC4200D138BD14F8010BFFF7C2FF0D
:102BE800F7E708461146FFF7F1BF000010B58CB0B3
:102BF8002822002102A809F07BF84FF0B0431C4CB2
:102C08005A6E42F001025A665B6E03F001030193AB
:102C1800019BFFF737FD082208924FF482720023C8
:102C280003924FF40072CDE90533CDE909330293DD
:102C3800079207234FF4E06202A920460B930492FF
:102C480008F00AFA636823F010036360636823F0EE
:102C580008036360236843F040032360A3689B076D
:102C6800FCD5237B034BFF221A700CB010BD00BFAC
:102C78000000015810000020034B18739A68D2070F
:102C8800FCD5187B704700BF0030014038B5441EA2
:102C98008D18A94200D138BD14F8010FFFF7ECFFD9
:102CA80001F8010BF5E7084611461A46FFF7EEBF93
:102CB80038B5064D04460144A14200D138BD2878F4
:102CC800FFF7DAFF04F8010BF6E700BF1100002058
:102CD80008461146FFF7ECBF10B5014404468C4284
:102CE80000D110BD14F8010BFFF7C6FFF7E708463F
:102CF8001146FFF7F1BF000070B58CB02E4C2822AA
:102D0800002102A808F0F4FF4FF48050FEF71FFFDF
:102D180001460323204606224FF48056FFF7D3FBD3
:102D28000125A6610624CDE9004503230A222021B6
:102D38004FF09040FFF742FBCDE9004503230A22FC
:102D480031464FF09040FFF739FB03231A46CDE98F
:102D580000454FF400614FF09040FFF72FFB082229
:102D6800164C08924FF48272002303924FF40072BB
:102D7800CDE90533CDE909330293079207234FF4D0
:102D8800E06202A920460B93049208F065F9636893
:102D980023F010036360636823F00803636023680B
:102DA80043F040032360A3689B07FCD5237B044BB7
:102DB800FF221A700CB070BD0004004800300140BA
:102DC800110000201B4B10B4DC69A00611D51A684D
:102DD80091060ED5184819495A6A0388098801339B
:102DE800C3F30A0389B299421FBF1549D2B2CA5424
:102DF800038010481F232206036215D503681B06AB
:102E080012D5104B104A1988138889B29BB299427F
:102E18000CD013880133C3F30903138013880B4ABA
:102E28009BB2D35CDBB2836210BC704710BCFEF768
:102E38009ABE00BF0038014088290020862900205A
:102E4800862100208C2D00208A2D00208A29002030
:102E58000E490F4A0B8812880133C3F3090392B253
:102E68009A4211D00B4AD0540B4A0B8002F50063EA
:102E780053E8003F43F0800302F5006040E800316A
:102E88000029F3D101207047002070478C2D0020C5
:102E98008A2D00208A2900200030014038B50446D8
:102EA8004518AC4200D138BD14F8010BFFF7D0FF2C
:102EB800F7E708461146FFF7F1BF0000054B064A41
:102EC8001B8810880133C3F3090380B2181A18BF8E
:102ED800012070478C2D00208A2D002008B5FFF7AF
:102EE800EDFFB0FA80F0400908BD0000054B064A26
:102EF8001B8812889B1A98B21B0444BF00F5006017
:102F080080B270478829002086290020FFF7EEBF8D
:102F18000848094A0188138889B29BB29942F9D0B6
:102F280013880133C3F30A0313801388034A9BB23F
:102F3800D05C70478829002086290020862100203F
:102F4800FFF7E6BF70B588B00C4606461546002167
:102F58002022684608F0CCFE231E18BF01231B035D
:102F6800CDE9023569460C2303480196049405937C
:102F780008F05EFA08B070BD0038014010B5064C84
:102F8800236823F001032360FFF7DCFF236843F085
:102F98000103236010BD00BF00380140002208462D
:102FA8001146FFF7EBBF000073B53B4C236823F0D5
:102FB80001032360082501264FF48040FEF7C7FD72
:102FC8004021CDE90056354803230A22FFF7F6F9D8
:102FD80003231A46CDE9005630488021FFF7EEF961
:102FE800002211464FF46140FFF7ACFF636823F4F9
:102FF80090436360A36823F02A03A360284BB022A0
:1030080083F8242310225A602046FEF7ACFD254A97
:1030180002F5006353E8003F23F0400302F5006027
:1030280040E800310029F3D1402323621E4B198068
:103038001E4B198002F5006353E8003F23F020037C
:1030480002F5006040E800310029F3D1184B1980DF
:10305800184B1980104B5A6822F400625A609A681B
:1030680022F008029A605A6822F480425A609A68EC
:1030780022F022029A609A6842F480529A601A6892
:1030880042F001021A60DA699102FCD5DA6952024B
:10309800F9D502B070BD00BF0038014000040048F7
:1030A80000E100E0003001408A2D00208C2D002036
:1030B800862900208829002008B5FFF775FFBDE89C
:1030C8000840FEF78FBFFFF7F7BF0000024B1A68F2
:1030D800024B1A60704700BF902D00207403002037
:1030E800054A064B1968136899421DBF0133012030
:1030F80013600020704700BF74030020902D00204B
:10310800034A044B11681B780B441360704700BFD7
:10311800902D0020200000200148FFF73EBA00BF94
:1031280000440140014B586A80B270470044014096
:1031380008B5FFF7F1FFBDE80840FFF7C7BF70B556
:1031480004460D46164606F0AFFF083D04EBC606DA
:10315800B44204D1042406F0B9FF204670BD55F8E6
:10316800082FD4E900016B68994208BF904201D149
:103178000834EDE72046FFF725FC0028F8D104467F
:10318800E9E700001FB503788BB10A4B1B68B3F55C
:10319800FA6F0CD30023002203700023CDE900232B
:1031A800CDE90223406802226946FFF7C8FF05B04F
:1031B8005DF804FB902D00200123F0B50380444BFB
:1031C800444AD3E9005104464348914208BF854226
:1031D80085B04FF0000202D1227005B0F0BD3AA1CF
:1031E800D1E900013D4F6260C3E900013C484FF05E
:1031F800AA33D0E90021B1F1FF3F08BFB2F1FF3F88
:10320800D0E9026505D0994208BF9A4201D00A4325
:1032180009D1B5F1FF3F08BFB6F1FF3F0DD09D4280
:1032280008BF9E4209D01030B842E2D172B67A2166
:103238002B48FFF7C0FB62B629486060D0E900322E
:10324800CDE90032B2F1FF3F08BFB3F1FF3FD0E94B
:10325800025109D1B1F1FF3F08BFB5F1FF3F22D1BB
:103268004FF0AA331A4623E04FF0AA36B24208BFFD
:10327800B3420BD1B1F1FF3F08BFB5F1FF3F0FD00B
:10328800B14208BFB5420ED10023EBE753EA02076B
:1032980009D1B14208BFB54205D14FF480712180F0
:1032A8001D46114604E0002323701A461D461946A0
:1032B800CDE90032CDE9025102226946FFF73FFF0E
:1032C8008BE700BFAFF3008012345678FEDCBA906B
:1032D80000000020FEDCBA901234567800D80308AB
:1032E80000D003084FF080431A6991070AD56FF0A0
:1032F80002021A615A6B6432DA63084A596B1288FF
:103308000A445A634FF080431A69120705D56FF0D3
:1033180008021A61024B01221A707047440000200B
:10332800710300200A490B8803B9FEE772B64FF013
:10333800804309885A6A114464325963DA636FF02A
:1033480002021A616FF008021A6162B6704700BF84
:103358004400002000B5032289B04FF0FF314FF040
:103368008040FFF711F920220021684608F0C0FCD0
:1033780064236A4601214FF08040039307F0E0FE82
:10338800C8236A464FF480714FF08040039307F0DA
:10339800D7FE054BA02283F81B234FF000621A606A
:1033A80009B05DF804FB00BF00E100E04FF0804386
:1033B800DA6842F00202DA60DA6842F00802DA609B
:1033C8007047000010B501EB8101084B01EB81014A
:1033D80089001980064B044600221A70FFF7BAFFCD
:1033E8002046BDE81040FFF7E1BF00BF44000020C1
:1033F800710300202DE9F0411C4CDFF87480C422D1
:103408000021201D08F074FC06270F23A3803A46EC
:1034180043234146E01927806780FEF7A9F83F2338
:1034280001260025A4F858303A464323414604F1C2
:103438005A00C4E91366A4F84A606565FEF798F86F
:103448000C4B0D49C4F8A03004F1B000C4E92A556A
:10345800A4F89E6084F8A45008F0A4FC7F2384F8A4
:10346800C530052384F8C630BDE8F0816402002029
:1034780078C40008070001007FC0000870B5094E35
:1034880005460C46415C304608F049FC034628B125
:10349800831B0133DBB2282B28BF0023F35C2B5599
:1034A80070BD00BF90C4000870B50C4611460646B2
:1034B80008F078FC44B10025052130460135FFF7B6
:1034C800DDFFEBB29C42F7D870BD000073B505462E
:1034D80005F111061F4C204A014636016846FFF7E0
:1034E800E3FFB01C6946204408F05CFC264404EB6A
:1034F8000512002302217172A2F81A31142202FB6C
:10350800054001254FF00112C0E91352A0F84A10F6
:10351800A2F1FF22E1844FF480714265A16240F27A
:1035280001124FF40071A0F8582084F83430A185B6
:1035380084F82E5084F8303084F83330C4F83A30A8
:10354800C4F83E30C4F84230A4F84620A4F8482015
:1035580002B070BDA80000202AC000082DE9F34180
:103568000546A54CA54A05F111074FEA07180E466E
:1035780001466846FFF798FF08F10200A044694633
:103588002044FDF72FFF98F80930072B84BF02234A
:1035980088F8093004EB0710994B427A198841FAE8
:1035A80002F2D20710D40222427269B14807C1F36D
:1035B800800209D441FA02FC1CF0010FD0B200F0DD
:1035C800A68104EB0712507204EB0512280192F849
:1035D8001A11052902D9002182F81A1104EB000CEE
:1035E80059889CF81A2141FA02F2D20713D4012211
:1035F8008CF81A2179B111F0020FC1F340020AD1F7
:1036080041FA02FE1EF0010F5FFA82FC00F084818D
:10361800221882F81AC1221892F81B11032902D91C
:10362800002182F81B1104EB07177A7A012A03D9C3
:10363800042A01D000229A802718998897F81B211C
:1036480041FA02F212F001020FD187F81B2161B191
:1036580011F0010209D141FA02FC1CF0010FD7B2A6
:1036680000F05F81221882F81B71002E40F09F81C4
:10367800142202FB054191F84A60052E02D9022660
:1036880081F84A6002FB054292F84B10042902D9DE
:10369800002182F84B10142202FB0542B3F84A10AD
:1036A80092F84B6041FA06F6F60712D4012682F822
:1036B8004B6071B18E07C1F340020AD441FA02F798
:1036C800FF07D6B240F13281142202FB054282F88C
:1036D8004B60142202FB054292F84C10032902D9D0
:1036E800012182F84C10142606FB0546B3F84C104D
:1036F80096F84C2041FA02F212F0010210D186F835
:103708004C2069B111F001020AD141FA02F7FF0712
:10371800D6B240F11081142202FB054282F84C60B7
:10372800142202FB054292F84E10012902D9002109
:1037380082F84E10142606FB0546B3F84E1096F88C
:103748004E2041FA02F212F0010210D186F84E2002
:1037580069B111F001020AD141FA02F7FF07D6B2A6
:1037680040F1EE80142202FB054282F84E601422DA
:1037780002FB054292F84F10042902D9002182F871
:103788004F10142606FB0546B3F8502096F84F1044
:1037980042FA01F111F0010110D186F84F106AB117
:1037A80012F001010AD142FA01F7FF07CEB240F147
:1037B800CC80142101FB054181F84F60142101FBE5
:1037C800054191F85160032E02D9002681F8516015
:1037D800142707FB0547B3F8526097F8511046FACB
:1037E80001F111F0010119D187F85110B6B116F0A5
:1037F800010113D106E000BFA80000202AC000087C
:103808006402002046FA01FC1CF0010FCFB200F060
:10381800A180142101FB054181F85170142101FB9D
:10382800054696F85070022F02D9012786F8507085
:1038380001FB054191F85460022E02D9012681F856
:103848005460142101FB054696F84D70022F02D9E9
:10385800002786F84D7001FB054191F85260012E52
:1038680002D9012681F85260142101FB054696F819
:103878005570012F02D9012786F8557001FB0541C3
:1038880091F85360022E02D9002681F8536014275C
:1038980007FB0547B3F8566097F8531046FA01F14D
:1038A80011F0010110D187F853106EB116F0010123
:1038B8000AD146FA01FC1CF0010FCFB24FD01421F7
:1038C80001FB054181F85370142101FB054696F868
:1038D80056700C2F02D9002786F8567001FB054157
:1038E80091F84C60012E08D191F84F60042E04D154
:1038F800D70738D5002281F84F20142202FB054251
:1039080092F84F10A1BB92F85120012A35E00132FC
:10391800102A7FF44FAE57E60132102A7FF470AEBA
:1039280079E60132102A7FF496AE9EE60132102A1B
:103938007FF4C4AECDE60132102A7FF4E6AEEFE69E
:103948000132102A7FF408AF11E7013110297FF402
:103958002AAF33E7013110297FF454AF5EE7013114
:103968001029A6D1B0E712F0040218BF0222C2E75C
:1039780001290AD192F85120022A01BF142202FB20
:103988000542002182F8511007E0022903D192F87C
:103998005120032AF1E70329B5D0142202FB05427E
:1039A800012182F8571040F20111A2F8581094F83A
:1039B8002620052A02D9022284F8262094F82720F6
:1039C800042A02D9002284F82720B3F89E1094F81C
:1039D800272041FA02F2D7070ED4012284F82720C3
:1039E80051B18E07C1F3400206D441FA02F7FF072E
:1039F800D6B244D584F8276094F82820022A02D940
:103A0800002284F8282094F82920022A02D90122C9
:103A180084F82920B3F8A01094F8292041FA02F27A
:103A280012F001020CD184F8292049B111F00102E9
:103A380006D141FA02F7FF07D6B224D584F82960E7
:103A480094F82A200C2A02D9002284F82A2094F813
:103A580032200C2A02D9002284F8322094F82B2034
:103A6800042A02D9002284F82B200022474916464E
:103A780011F9017F17F1780F09DA0E7009E00132A8
:103A8800102AB2D1B8E70132102AD2D1D8E7782F5C
:103A9800F3DC0132D2B20C2AEAD13D4900220126D8
:103AA80011F8017F0132022FD2B288BF0E70042AAA
:103AB800F6D194F83420022A02D9002284F834205E
:103AC800B3F8A22094F8343042FA03F313F0010358
:103AD8000CD184F834304AB112F0010306D142FA0D
:103AE80003F6F607D9B211D584F8341094F82C30BF
:103AF800022B02D9002384F82C3094F82D30032BA4
:103B080008D80AD1002384F8343006E00133102B9A
:103B1800E5D1EBE7022384F82D3094F82E30022B00
:103B280002D9012384F82E3094F83030022B02D9C0
:103B3800002384F8303094F833300C2B02D900235A
:103B480084F8333094F83530042B02D9002384F8F4
:103B58003530104B18444FF6FF71A0F8201114218E
:103B6800FF2201FB053183F82F2083F831204FF025
:103B7800FF32C0F81C211A629A84A1F85A20A1F8D1
:103B88005C20DA861A8702B0BDE8F081E1000020E7
:103B9800ED000020A80000200021FFF7DFBC000096
:103BA800034670B50846052B04D8DFE803F01D046A
:103BB80021191D21FEE720261F250F22184CA3706E
:103BC8002277013B0122A4F84C60A4F84E50A2765B
:103BD800A273042B10D8DFE803F010191C1C19007D
:103BE80009266F250722E9E7142632250A22E5E788
:103BF800352613251922E1E7FEE7002323712374F4
:103C0800FDF704FF04236073637670BD227122748C
:103C1800F6E7002323712374A376A373F0E700BFAC
:103C280048000020012803D002280FD088B1FEE701
:103C380002460021084B83F8550083F8582083F882
:103C4800562083F8591083F8571070470022012135
:103C5800F0E701221146EDE7480000202DE9F04386
:103C6800794D7A4C00F1110805EB081702378BB033
:103C780006463846FDF7D2FB4FEA061900900421A4
:103C8800684605EB0616FDF79BFF96F81B31E083A7
:103C98002BB103EB031303EB03231844E08305EB79
:103CA80008135B7A062B40F0BF80E38B03F5B5431E
:103CB8002533E38305EB081895F82700FFF7B2FFD3
:103CC80098F8091061708B1FA944012B8CBF002341
:103CD800012399F81A0184F85A30FFF761FF99F81F
:103CE8001B21E18B009BE1806182A36063612AB1A3
:103CF8004FF0113000FB0233A360636195F8260092
:103D0800534B616213F9203023732376002384F820
:103D18002A30637B84F8292023B93846FDF79EFBB7
:103D280084F82A006078FDF771FE4A4A84F8280072
:103D3800128802F00101970748BF41F00201A185EE
:103D4800560742BFA18D41F00401A1850346100723
:103D580042BFA18D41F01001A185D10642BFA18DBE
:103D680041F02001A185920642BFA28D42F00802CF
:103D7800A285394A01AE02F1200C10685168374615
:103D880003C7083262453E46F7D110683860A2780A
:103D9800324E06210AA801FB0303134413F8247CBE
:103DA80084F8207016E90F0086E80F00012384F8D4
:103DB8005A30042384F83830022384F83030012F35
:103DC80040F2E243A4F8503036D97E08384684F8E9
:103DD8005460FCF77DFE4FF07F51FCF7CDFEFDF7F8
:103DE800B7F8042EC0B2A4F8520002D8052384F80C
:103DF8005430B4F84C204FF47A73B3FBF2F3A4F8C0
:103E0800403095F82C30012B1AD0022B14BF4FF4F8
:103E180061434FF461336364002384F85B30A4F892
:103E28005C300BB0BDE8F083072B7FF443AFE38B26
:103E3800A3F5B543263B3CE70323A4F85230D5E766
:103E48004FF4E133E7E700BFA80000204800002056
:103E580078C4000864020020F0BD00087800002043
:103E680002484FF4DE72FF2107F042BFA80000208D
:103E780002484FF4DE71FEF739BE00BFA8000020EB
:103E880002484FF4DE71FEF71DBE00BFA8000020F7
:103E980008B5FFF7F5FF034B1878BDE80840FFF7B2
:103EA8007BBE00BF48000020F8B5FFF7D9FFFEF73A
:103EB80031FE04280CD0FFF7D3FFFEF72BFE0428B1
:103EC80003D1FFF7DDFF042806D0FFF7C9FF03E0A1
:103ED800FFF7D6FF0428EED146494748464C102242
:103EE80007F02AFF38B145491022204607F024FF81
:103EF80008B1FFF7B5FFA38A42F6A102934266D044
:103F080042F6A002934258D800213B4B02250426D2
:103F18000F46012093F84F20012A1ED0022A1FD0F5
:103F28000ABB93F85020042A20D0052A20D0033A4F
:103F380018BF012201310A2983F8502083F8540060
:103F480003F11403E6D194F82C30042B12D0052B7E
:103F580031D0002384F82C300EE083F84F50E0E78E
:103F680083F84F60DDE783F84F70DAE70122E1E775
:103F78000222DFE784F82C0042F6A103A382012580
:103F880022691C491C4842F6A2039A424FF01002CB
:103F98001CBF2361012507F0CFFED0B11549164893
:103FA8001022FDF717FB164916480822FDF712FBE9
:103FB800FFF75EFF0FE00223CCE70025E8B20135EA
:103FC800FFF784FA0A2DF9D10023E377D4E7002517
:103FD800D6E7002DECD10023E3770B4C2370FFF7D5
:103FE80009FA2078FFF7D8FD2078BDE8F840FFF7F8
:103FF80035BE00BF31C00008A800002042C000083C
:1040080053C000085A020020480000200129F7B5D3
:10401800054600D9FEE70B4E06EB01131C460F01BF
:104028006278F15D03619B7807F012FCE3790193F4
:10403800A379009322796379E178284607F02FFC69
:1040480003B0F0BD04DB0008836810B5044603B96B
:10405800FEE70A781A70002107F0BCFB4FF47A706B
:10406800FEF77AFC2046012107F0CBFBA368204627
:104078001978FFF7CBFF10BD38B5836804466BB1DC
:10408800024652F8183BDD6900F11903A847217E62
:1040980020460222BDE8384007F063BC38BD000066
:1040A80070B58160897A86B0044601B1012107F0B4
:1040B800A8FB204607F027FD204607F0FFFC217BE0
:1040C800FF2903D0FA22204607F004FDA3685B7A93
:1040D800013B042B04D8DFE803F0043E3E414100D5
:1040E800FEE7E922E121204607F032FD01212046C2
:1040F80007F0C1FC9621204607F0FEFC3821204637
:1041080007F010FD204607F015FDA368204693F937
:104118000810FFF7B1FFA3689D7A15B319782046F8
:10412800FFF774FF00221146204607F084FB0023A6
:10413800009340F2032220464FF6FF7107F0DEFBA2
:1041480020464FF6FF7107F000FC204606B0BDE898
:10415800704007F0A0BCDB22D721C4E76F226B2197
:10416800C1E75E880E4B63614CF2503300932046E2
:104178000C4919230B2207F0FBFC0123CDE903337B
:104188005B23CDE9015310231946204600950422EC
:1041980007F02CFD3146204607F04CFDC2E700BF72
:1041A800E4DA0008A086010038B504461D46134627
:1041B8000A46002107F0B8FA20464FF6FF7107F0CB
:1041C800C4FBA9012046BDE8384007F0D7BB10B5AD
:1041D8004FF6FF71044607F0B8FB20460021BDE802
:1041E800104007F0E6BB10B5044607F054FC204623
:1041F8004FF6FF71BDE8104007F0A7BB836873B5A1
:104208000D46144623B981220A70237002B070BD8E
:104218009E7A0DF10601B6B107F0E6FB94F900307D
:10422800002B04DABDF806201344ADF80630BDF9BA
:104238000630002B0BDB4FF6FF73ADF80630BDF8E8
:1042480006302B70E2E707F006FD2670EFE77F33B4
:10425800F5DA4FF68173F0E738B58168036891F9AC
:104268000810DD69044600F1190300F11802A84797
:10427800A3689A7A42B11A78012A00D9FEE7044B5A
:1042880003EB0213236138BD024B6361FBE700BFF8
:1042980004DB0008E4DA0008836810B5044683B13B
:1042A80003691BB943690BB9FFF7D6FFA3689B7A6B
:1042B8001BB12369B3F90C0010BD6369B3F91C0085
:1042C800FAE71846F8E7836810B5044643B103696E
:1042D8001BB943690BB9FFF7BFFF94F9190010BD6B
:1042E8001846FCE708B5836843B9FFF7D9FE7D2077
:1042F800FEF732FBBDE80840FEF728BA08BD08B54E
:10430800836843B9FFF7CCFE7D20FEF725FBBDE8A7
:104318000840FEF799BA08BDF8B5044608462028B3
:1043280011461D46BDF818C09DF81C209DF8203088
:1043380000D9FEE7052DA57100D9FEE72B4F57F8E8
:10434800356006B9FEE707EBC507A6603E797F79B9
:1043580027730027E67184F8D550A4F80EC084F8B6
:10436800D470BCF1000F00D1FEE786429CBF06F175
:10437800FF36F0B2052D60742DD0012D32D802F130
:10438800FF35EDB21DD0022D16D85D1E032D0DD8B8
:104398000C2801D90C256574657C854200D96074A8
:1043A8002046FDF796FA00232374F8BD122884BF2F
:1043B800122363740023EFE7042B88BF0023002235
:1043C800EEE7022D04D80C2803D90C23637400E00F
:1043D80000220023E4E7531E022BF9D80828F8D955
:1043E8000823F3E72046FDF71BFADCE748C400087A
:1043F80090F8D43053B190F8D520074B03EBC201A5
:1044080053F83230497953F821007047037C00EBA8
:104418008300406B704700BF48C40008024690F80C
:10442800D40030B528B3B2F8D830B2F8D61001337A
:104438009BB29942A2F8D8301BD80023A2F8D830F2
:10444800D48992F8D53006210133DBB2062B28BF78
:10445800002344FA03F5ED0707D5074951F833104F
:1044680001B9FEE782F8D53030BD013911F0FF01FE
:10447800EAD10020F8E700BF48C40008037C427C6A
:104488000133DBB29A4298BF0023037490F8EC30F2
:1044980090F8ED200133DBB29A4298BF002380F8F0
:1044A800EC30704713B5194B0288DB8B9A420446EF
:1044B80027D1837813F0D00F25D18379812B22D887
:1044C8004FF6FF730D2201460DF10600ADF80630D8
:1044D800FDF75EFBB4F80D20BDF806309A420ED108
:1044E8004C2204F10D01FDF753FBB4F85900BDF857
:1044F8000630C01A18BF0120800002B010BD03208A
:10450800FBE70120F9E70220F7E700BF4800002099
:104518000A7ACB7902F0070243EA022303804B7A36
:104528000A7A03F03F035B0143EAD20343808B7AA4
:104538004A7A9B0043EA9213CA7A02F0010243EADC
:10454800822383800B7BCA7A03F00F03DB0143EAE3
:104558005203C3800B7BC3F30112012A11D813F055
:10456800300F14BF012300239B0203830B7B7F2B97
:104578000AD813F0C00F14BF012300239B02438302
:10458800704740F2FF73F0E740F2FF73F7E70A7AEB
:10459800CB7902F0070243EA022303804B7A0A7AB6
:1045A80003F03F035B0143EAD20343808B7A4A7AE4
:1045B8009B0043EA9213CA7A02F0010243EA82237B
:1045C80083800B7BCA7A03F00F03DB0143EA5203B3
:1045D800C3800A7CCB7B02F0070243EA02230381F3
:1045E8004B7C0A7C03F03F035B0143EAD20343811F
:1045F8008B7C4A7C9B0043EA9213CA7C02F001023E
:1046080043EA822383810B7DCA7C03F00F03DB011D
:1046180043EA5203C3814B7DDB0003828B7DDB00C1
:104628004382CB7DDB0083820B7EDB00C3820B7B66
:10463800C3F30112012A2BD813F0300F14BF012342
:1046480000239B0203830B7B7F2B24D813F0C00F1E
:1046580014BF012300239B0243830B7DC3F3011284
:10466800012A1BD813F0300F14BF012300239B022B
:1046780083830B7D7F2B14D813F0C00F14BF012345
:1046880000239B02C3834FF48063038443847047F1
:1046980040F2FF73D6E740F2FF73DDE740F2FF73A5
:1046A800E6E740F2FF73EDE737B5214BDB8B03807C
:1046B8004A78837862F3C30383704A79C37862F3D4
:1046C8000003C3708A79437962F386134371044601
:1046D80091F902000D46FCF76DFDE37860F347039E
:1046E800E370EA78237962F3060323712A79DBB24F
:1046F80002F0010203F07F0343EAC21323712A790F
:104708006379C2F3450223F03F03134363715922CF
:104718004FF6FF7321460DF10600ADF80630FDF7A0
:1047280037FABDF80630A4F8593003B030BD00BFE1
:10473800480000202DE9F3419DF820601546522ECF
:1047480088464FF05B024FF0000104461F4628BF21
:10475800522607F0CDFA2D4BDB8B23802A78A378DD
:1047680062F30203A3706978C90001F00801DBB2A3
:1047780003F0070341EA08111943A1706A79E37845
:1047880062F30003E370AA79637962F386136371B5
:1047980095F90200FCF70EFDE37860F34703E37038
:1047A800EA78237962F3060323712A79DBB202F0EF
:1047B800010203F07F0343EAC21323712A79637964
:1047C800C2F3450223F03F0313436371A3792246E2
:1047D80066F3470302F8063F3E443B46B34210D116
:1047E8004FF6FF73592221460DF10600ADF8063049
:1047F800FDF7CEF9BDF80630A4F8593002B0BDE88F
:10480800F08113F8011B02F8011FE7E748000020B8
:1048180007B5009313460A460121FFF78BFF03B043
:104828005DF804FB30B53A4B027893F8261061F333
:104838000302027093F8271061F30712027093F8CD
:104848002810427861F30302427093F8291061F34B
:104858000712427093F82A10827861F3030282707B
:1048680093F83210827961F30302827193F82B1066
:10487800827861F30712827093F83410C27961F379
:104888000302C27193F82C10C27861F30302C2705C
:1048980093F82D1061F30712C27093F82E10027965
:1048A80061F303020271427993F8301061F3030255
:1048B800427193F83310827961F30712827193F889
:1048C8003510C27961F30712C27103F1390100F1A1
:1048D8000A0200F1160411F9015F02F8015FA24211
:1048E800F9D193F84610C27D61F30102C27593F8BD
:1048F800471061F38302C27593F8481061F30512FB
:10490800C27593F8493063F38712C27530BD00BF92
:10491800A80000200278344BC2F3030230B583F8B4
:1049280026200278C2F3031283F827204278C2F3C4
:10493800030283F828204278C2F3031283F829205F
:104948008278C2F3030283F82A208279C2F3030231
:1049580083F832208278C2F3031283F82B20C279BD
:10496800C2F3030283F83420C278C2F3030283F847
:104978002C20C278C2F3031283F82D200279C2F3E7
:10498800030283F82E204279C2F3030283F8302011
:104998008279C2F3031283F83320C279C2F3031277
:1049A80083F8352003F1390100F10A0200F11604F9
:1049B80012F9015F01F8015FA242F9D1C27DC2F389
:1049C800010283F84620C27DC2F3810283F84720A2
:1049D800C27DC2F3011283F84820C27DC2F381125E
:1049E80083F8492030BD00BFA800002070B598B0FA
:1049F800522204460D4603A8002107F079F9212325
:104A080042F6A2008DF80C30FCF7C6FDADF80E009A
:104A180042F6A100FCF7C0FD204EADF81000204979
:104A280014220DF11200FCF7D5FD96F8563013B993
:104A380096F8583083B31B48FFF745FC96F8553075
:104A48008DF826000AA88DF82730FFF7EBFE4FF601
:104A58008073ADF84630144A144BCDE91223144B39
:104A6800149347F6FF73ADF85430124BB3F89E20F9
:104A78008DF85620B3F8A020B3F8A2308DF858303E
:104A880052238DF8572000932A4603AB0221204673
:104A9800FFF750FE18B070BD0748CDE7480000206A
:104AA80059C000081C1F002001000A0019006400FA
:104AB8009E00FF7F64020020381F002038B5154D86
:104AC800044600F11B01062205F58970FCF7E2FD9A
:104AD80094F82130C3F3030385F8193194F8213091
:104AE800C3F3031385F81A3194F82230C3F3030390
:104AF80085F81B31B4F85700FCF75FFD42F6A103B7
:104B0800984205D104F12500BDE83840FFF702BFFF
:104B180038BD00BFA80000200B4A0C49126882600B
:104B28000A6802614A680A4942610A6882614A68F9
:104B3800C26100234EF660228380837183810384DF
:104B480002600385704700BF902D00206EC00008EA
:104B580077C0000810B50E4C94F8563013B994F885
:104B680058301BB10B490C48FFF76EFA94F85730D0
:104B780013B994F859301BB108490948FFF764FA8A
:104B88000548FFF730FB0648FFF72DFB10BD00BFB7
:104B9800480000204C0000201C1F00205800002066
:104BA800381F002038B51D4D0446A87869780528B7
:104BB80028D14FF6FF732385FEF7F2FF6B780122A9
:104BC8009A40238D23EA0203238515491548FFF7E8
:104BD80089FB15491548FFF792FB1248FFF703FBBD
:104BE8001248FFF700FB0F486FF07F01FFF744FA08
:104BF8000E486FF07F01FFF73FFA2046BDE83840C6
:104C0800FFF7A8BF002323850220FEF7C9FF6A78B3
:104C180001239340228D13439BB2D5E7480000201F
:104C28004C0000201C1F002058000020381F0020C6
:104C380008B590F8203002468BB9FDF73AFE10B956
:104C480082F8210008BD92F8213001335BB2312B84
:104C580082F82130F6DD012382F82030F2E7FDF7F3
:104C680028FE18B1322382F82130EBE792F8213080
:104C7800013B5BB2002B82F82130D8BF82F82000BC
:104C8800E0E700000A4B90F820201B6872B18268A8
:104C98009B1AB3F57A6F01D901234371037923B9BC
:104CA800437913B101230371037370478360F5E7F8
:104CB800902D00200346007B821E012A4FF000023F
:104CC80002D893F8201009B91A7370471046704734
:104CD8000A4A38B5138801339BB2502B04460D4657
:104CE80001D8138038BD002305491380FDF71CFB4C
:104CF80029462046FDF718FBF4E700BF780300209B
:104D080080C000082DE9F84F154604460F466B4948
:104D18006B4EFDF709FB29462046FDF705FB694B5D
:104D28000022012F1A800FD11023B362082746F200
:104D3800A810B761FDF710FEB762FDF70DFE294612
:104D48002046FFF7C5FFF2E7BB1E08220C2B00F236
:104D5800A880DFE803F03141521C07A6A6A66262CC
:104D680062626200564E4FF008081027C6F8188095
:104D780046F2A810B762FDF7EFFDC6F82880B761C4
:104D8800FDF7EAFD29462046FFF7A2FFEDE74C4E66
:104D98004FF008081027C6F8188046F2A810B76127
:104DA800FDF7DAFDC6F82880B762FDF7D5FD29467C
:104DB8002046FFF78DFFEDE7B262414E102746F21D
:104DC800A810B761FDF7C8FDB762FDF7C5FD294614
:104DD8002046FFF77DFFF2E71023B361384E08271E
:104DE80046F2A810B761FDF7B7FDB762FDF7B4FD4D
:104DF80029462046FFF76CFFF2E7B261304E1027D4
:104E080046F2A810B761FDF7A7FDB762FDF7A4FD4C
:104E180029462046FFF75CFFF2E7A7F1090BDFF808
:104E2800A0805FFA8BFB00264FF0080A5E453CBF66
:104E38001023C8F818304FF0040946F2A810C8F833
:104E480018A0FDF789FDC8F828A0FDF785FD09F130
:104E5800FF3929462046FFF73BFF19F0FF09ECD13F
:104E68001023C8F828304FF0040946F2A810C8F8F3
:104E780018A0FDF771FDC8F828A0FDF76DFD09F130
:104E8800FF3929462046FFF723FF19F0FF09ECD127
:104E98000136A7F10803F6B2DBB2B34238BF0026E9
:104EA800C4E71023B261B3614CF25030FDF754FDF2
:104EB80029462046FFF70CFFF6E700BF80C0000830
:104EC800000400487803002010B5437802789A421D
:104ED8001BD0052B8ABF052303700370027888BF97
:104EE80043700A4B0A4813F922100A4C836821734D
:104EF800217613B11972FFF7BFF80748836823B109
:104F080094F918101972FFF7B7F810BD78C40008A3
:104F18001C1F002048000020381F002010B50AB9C7
:104F2800437010BD541E0B2CFBD80332D2B231F99A
:104F38001220C83A03FB022240F2716192FBF1F29F
:104F480012B222EAE2729A42C8BF1AB24270E8E785
:104F580010B40C46014620B90348224610BC06F09E
:104F68000ABC02480021F9E71C1F0020381F002056
:104F7800F8B51D4E1D4696F85A300F4614467BB1BB
:104F8800FDF7D5FB19482B462246FFF70DF9FDF72B
:104F98001EFC17482B4622463946FFF705F9F8BD8F
:104FA80088B9FDF7C4FB11482B462246FFF7FCF8E9
:104FB80096F857301BB996F85930002BEFD00C48AB
:104FC800FFF711F9EBE7FDF702FC09482B462246EB
:104FD800FFF7EAF896F856301BB996F85830002BC8
:104FE800DDD00248ECE700BF480000201C1F00206D
:104FF800381F00202DE9F041194C05465B270E4665
:105008003A460021204606F073FEAB692360EB693F
:105018006360144B14491B789A1E53425341627AB9
:1050280063F3000262726FF05D02A272282200230D
:10503800E27204F10E00142223736373FCF7CAFAB8
:1050480059212046FCF7BCFD084BA4F859003A4604
:10505800214630461B7FBDE8F041FFF789BF00BFFE
:10506800A41D00206B03002059C000084800002040
:1050780008B530B9054801F1A202A031FFF7BEF822
:1050880008BD01F1A3020248A131F7E71C1F002067
:10509800381F00200A4608B501460148FFF732FECE
:1050A8000C0000200023FF22037043708370C2703D
:1050B80003717047C178034629B9827801710132BA
:1050C800827001207047007801281ED0022805D080
:1050D800C8B99A78187101329A70F2E798785A78B4
:1050E8004240D20704D40130002298701A71E8E7D0
:1050F800FF2902D10020187170471A790132D2B203
:1051080091421A71EFD300207047FF29F2D01A7923
:105118000132D2B291421A71F5D29A7801329A705C
:1051280000221A71704700000E48C3691A0617D585
:1051380003681B0614D50C4B0C4A1988138889B2CE
:105148009BB299420AD013880133DBB213801388CB
:10515800074A9BB2D35CDBB283627047FCF703BD9E
:10516800704700BF004400408421002082210020B5
:10517800822000200E490F4A0B8812880133DBB2C7
:1051880092B29A4212D00C4AD0540B804FF040226F
:1051980002F5806353E8003F43F0800302F5806026
:1051A80040E800310029F3D1012070470020704702
:1051B80084210020822100208220002038B5044666
:1051C8004518AC4200D138BD14F8010BFFF7D2FFE7
:1051D800F7E708461146FFF7F1BF000070B588B041
:1051E8000C460646154600212022684606F080FD3A
:1051F800231E18BF01231B03CDE9023569460C2382
:10520800034801960494059306F012F908B070BD9E
:105218000044004010B5064C236823F001032360C6
:10522800FFF7DCFF236843F00103236010BD00BFD4
:105238000044004008B541B14FF4005204484FF40F
:105248008061FFF7E7FFFDF70DFB012008BD00BFF8
:10525800A086010008B531B1002211460348FFF7C6
:10526800D9FFFDF7FFFA012008BD00BF9A5B0600D1
:1052780008B541B14FF4005204484FF48061FFF77C
:10528800C9FFFDF7FFFA012008BD00BFA086010095
:1052980013B52F4C236823F0010323604FF400302B
:1052A800FCF749FC08230120CDE900300A2203233A
:1052B80004214FF09040FDF781F80022114625485F
:1052C800FFF78CFF636823F490436360A36823F0BF
:1052D8002A03A360204BC02283F8252320225A608A
:1052E8002046FCF740FC4FF0402101F5806353E86D
:1052F800003F23F0400301F5806040E80032002AB7
:10530800F3D140232362154B1A80154B1A8063682A
:1053180023F400636360A36823F00803A360636851
:1053280023F480436360A36823F02203A360A36887
:1053380043F48053A360236843F001032360044BC4
:10534800DA699102FCD5DA695202F9D502B010BDCA
:1053580000440040A086010000E100E08221002016
:105368008421002030B5214C85B00E22002105464D
:10537800684606F0BDFCB4F8A030ADF80030204611
:10538800FBF7C4FE8DF802002046FBF7B6FEB4F822
:10539800A4308DF803001648ADF80430FEF793FFEB
:1053A80094F8A6308DF8073094F8A9308DF80830B5
:1053B800B4F8AA30ADF80A300E4B8DF806009A788A
:1053C8008DF80C2093F8562093F857305AB1002BDB
:1053D8000CBF01230323694628468DF80D3004F0DD
:1053E800B2F805B030BD0133DBB2F4E7601E00202F
:1053F8001C1F0020480000200148FDF793BF00BF94
:105408005A1E0020F8B5154D0E4607465B2329465F
:10541800304614462A46FFF79BFDD7E9041328684F
:105428006A689A4208BF884209D0002430460C496D
:10543800FFF71EFE002C0CBF01200320F8BD5921E8
:105448002846FCF7BDFBB5F859308342EDD114B1BD
:10545800FFF7D2FFEAE70124E8E700BF711F002049
:10546800601E002013B5012104460844FCF7A8FB80
:10547800A178ADF806000DF10600FCF77DFBE17898
:10548800FCF77AFB2179FCF777FB6179FCF774FB71
:10549800A179FCF771FB04F108010322FCF778FB02
:1054A800627804F10C01FCF773FB94F82311FCF704
:1054B80063FBBDF80630A4F80C3102B010BD000043
:1054C8000038024B18BF01201870704730030020C5
:1054D80070B5002A38D1042B71D89DB29BB3654CA6
:1054E80094F82830666A03F1030C5FFA8CFCF60026
:1054F800BCF1070F666284F828C040F28980053B3A
:10550800DBB284F82830B1F800C0DE400CF10103AA
:105518000B8000F80C600EE0083BDBB284F8283002
:10552800B1F800C0666A0CF1010E26FA03F3A1F87F
:1055380000E000F80C3094F82830072BECD8013242
:1055480096B2B542CED870BDFF2AFCD1032B66D8DF
:105558009DB2002BF7D0474C94F828300026626A99
:1055680003F1040C5FFA8CFC120142F00202BCF158
:10557800070F626284F828C07AD9043BDBB284F84A
:105588002830DA400B8803F1010CA1F800C0C2549E
:105598000CE0083BDBB284F82830626AB1F800C03E
:1055A800DA400CF101030B8000F80C2094F8283045
:1055B800072BEED80136B2B29542D0D870BD2D4C2B
:1055C800626A03F5C06343EA423394F828206362B1
:1055D80002F10D05EDB2072D84F82850B3D9053234
:1055E800D2B284F82820D3400A88551C0D808354F1
:1055F80009E0083BDBB284F82830626A0D88DA409B
:105608006B1C0B80425594F82830072BF1D870BDDD
:10561800013296B2B54263463FF664AF93E7154C44
:10562800626A03F5E06343EA423394F82820636230
:1056380002F10D05EDB2072D84F8285083D9053203
:10564800D2B284F82820D3400A88551C0D80835490
:1056580009E0083B626ADBB284F82830DA400B883C
:105668005D1C0D80C25494F82830072BF1D870BD0A
:1056780063469FE7600600202DE9F047674C002746
:10568800FF250F8005708025676284F82870A5774C
:105698009846002B00F0BB8003F1FF3912FA89F914
:1056A800561EBA463A4609E0554546D10137BFB2BB
:1056B8000B8843453AD24E4500F0948016F8015FB6
:1056C800002AF1D16B1EDBB2FD2B32D83F2B62D9F9
:1056D80005F14103DBB23F2B34D8636A94F82820E4
:1056E8000135EDB245EA032502F10803DBB2072BC9
:1056F800656284F8283015D984F828200B88D540AD
:105708005A1C0A80C55409E0083BDBB284F82830EB
:10571800626A0D88DA406B1C0B80425594F8283079
:10572800072BF1D800220B884345C4D30020BDE8DD
:10573800F0870127AA463A46BAE7FBB25246FFF776
:10574800C7FEBFE7636A94F828203F35EDB245EA03
:10575800432502F10903DBB2072B656284F8283080
:10576800E0D90132D2B284F828200B88D5405A1CDF
:105778000A80C55409E0083BDBB284F82830626A25
:105788000D88DA406B1C0B80425594F82830072BA3
:10579800F1D80022C7E7636A94F828207F35EDB274
:1057A80045EA032502F10803DBB2072B656284F89A
:1057B8002830B7D984F828200B88D5405A1C0A808D
:1057C800C55409E0083BDBB284F82830626A0D88CA
:1057D800DA406B1C0B80425594F82830072BF1D81F
:1057E8000022A0E722B1FBB25246FFF771FE0B88F8
:1057F80094F8282062B1646AC2F108020125944035
:1058080005FA02F2013A22435C190C80C2540B8853
:10581800984594BF00200120BDE8F087600600206D
:105828002DE9F04F47F26F730022827003800B78E6
:10583800A3F1FE03B3FA83F35B0983708A780D46FC
:1058480012F001011CBF43F080038370D5F82021BA
:1058580022F07F4222F0FF0285B0044612B143F0E5
:1058680008038370AA68C2F31702FF2A1ED9B2F58B
:10587800803F18D363F07F03A37041F002014FF01B
:10588800020B09234FF00A0C0822E1700B20CDF817
:1058980004C01E4617464FF0070E4FF006094FF09A
:1058A800050A042117E043F00203A370180600F16B
:1058B800D68008234FF0090C07220A204FF0000B6E
:1058C800CDF804C01E4617464FF0060E4FF00509E6
:1058D8004FF0040A032195F8018004F8018004EBD5
:1058E8000108297904F80A10697904F80910A979D6
:1058F80004F80E10A178090709D595F82111A154CB
:1059080095F82211A1550346674662460646A968DE
:10591800A154A278900707D5BA1C1F46AB68C3F3F9
:105928000F23A35596B23346BBF1000F05D05A1C7E
:105938001F46AB7AA35596B23346A278D10606D550
:105948005A1C1F4695F82331A35596B23346454A4B
:10595800127803F1010914FA89FA05F10C0B42B126
:105968006B785A460DF10E015046FFF785FE002868
:105978005AD16A78504659461FFA82FA06F01AFA3E
:105988002278394B6178D243D2B2072F9A5C82EAE7
:105998000102995CA27882EA0102995CE27882EAC3
:1059A8000102995C227982EA0102995C627982EAB1
:1059B8000102995CA27982EA0102995CE27982EAA1
:1059C8000102995C1BD0227A5140082F595C16D0ED
:1059D800627A5140092F595C11D0A27A51400A2F9E
:1059E800595C0CD0E27A51400B2F595C07D0227BCE
:1059F80051400C2F595C1EBF627B5140595CA15528
:105A08001AFA89F39BB2B5F80C21E2545A1CB5F87E
:105A18000C1192B2090AA154AA78981CD20780B234
:105A28000BD405B0BDE8F08FA378BDF80EA043F005
:105A38004003A37088F800A0A2E7D5F81071D5F844
:105A48001811D5F81461275022180F335660916049
:105A580095F81C11117398B205B0BDE8F08F4FF09E
:105A6800000B0EE730030020BCC400082DE9F84FF6
:105A7800AE4CAF4E0F4682460146AD48154606F07D
:105A880099F900233B809E462384636284F828307A
:105A9800802384F822304FF0FF08F14606E03B8867
:105AA8005A1C3A800AF8039094F828E0BEF1010FD6
:105AB8005CD8218C8D4240F29D80606A735C0EF147
:105AC800080C5FFA8CFC43EA0023ACF1020B23FAC2
:105AD8000BF00EF1060200F003000131D2B20228E9
:105AE8002184636284F8282000F08680032800F06F
:105AF800888001281DD0002A40F08780228C95429A
:105B080078D9B15C013241EA0323228407211A06BD
:105B1800636284F82810C2D5062184F8281013F08F
:105B2800400F40F08D803B885A1C3A800AF8038069
:105B3800BAE7062A0BD8228C95425BD9B15C0132B0
:105B480041EA03230CF1060122846362CAB2073AD0
:105B5800D34003F07F037D2B84F828204AD83A8865
:105B68004133511C39800AF802309DE7636AAEF16F
:105B7800020B23FA0BF000F003005FFA8BF2022805
:105B880084F8282003D003281CD0F446B1E7052A5E
:105B980032D8218C8D422DD9705C0EF1060201316C
:105BA80040EA0323D2B221846362063A84F828E0EB
:105BB800D340398803F03F034A1C01333A800AF87E
:105BC800013071E7052A1CD8218C8D4212D9705CEE
:105BD8000EF10602013140EA0323D2B22184636246
:105BE800063A84F828E0D340398803F03F034A1C7A
:105BF800413BE3E7BDE8F88F063A636A5FFA82FE45
:105C0800D4E7063A5FFA82FEEBE70BF1FF3023FA9E
:105C180000F0511EC9B2C00784F828107FF53FAFC5
:105C280069BB228C9542E5D9B15C013241EA032374
:105C380007212284636284F8281013F0800F70E72C
:105C48004A1ED0B223FA02F2D20784F8280032D4CE
:105C58008446228C9542CDD9B05C013240EA0323B8
:105C6800C81D22846362C0B2A0F10802D34084F840
:105C780028C05FFA83FB38885A46002133E001398F
:105C880023FA01F0911EC9B2C00784F828107FF5E5
:105C98004AAF99BB228C9542ACD9B15C41EA032347
:105CA80001324FF0070C19062284636284F828C079
:105CB80021D40821CDE7072832D8228C954299D9DA
:105CC80016F802C0073101324CEA032322846362CA
:105CD800C9B2083923FA01FB84F828005FFA8BFB64
:105CE80038885A46FF21504406F002F83B889B4406
:105CF800A7F800B0D8E660460821DEE701F1FF3CCE
:105D0800D01E23FA0CFCC0B21CF0010F84F8280046
:105D1800D1D107289CD90B3A636A5FFA82FCA3E7C2
:105D2800A0F108020146D0B2D3E700BF6006002008
:105D3800340500202DE9F04F5788B7F58F7F8BB0D9
:105D4800144606460BD90022227000226F2B62806F
:105D580000F06581002333700BB0BDE8F08F127836
:105D68000E2A0D4624D80E2A00F2118101A151F8FD
:105D780022F000BF535D0008A35F0008975F00088A
:105D8800975F0008A35F0008A35F0008A35F0008EF
:105D9800A35F0008A35F0008A35F0008F15F000885
:105DA800975F0008975F0008975F00081560000874
:105DB800692A40F2EA806A2A40F0E9809C4FFA8A10
:105DC80002F1FF3C1FFA8CFC002A00F078820CF1EB
:105DD800030CDFF860E2BC44FF22B91C11F8010B88
:105DE800424061451EF80220F8D1934200F0D0816C
:105DF80000222270C4F80220E280FA8A022AA9D975
:105E080039796F2900F02E83032AA3D079796F2975
:105E180000F03883042A9DD0B9796F2900F03583C2
:105E2800052A97D0F9796F2900F03E83062A91D088
:105E3800397A6F2900F04582072A8BD0797A6F2941
:105E480000F03583082A85D0B97A6F2900F03283AB
:105E5800092A3FF47FAFF97A6F2900F02E830A2AC6
:105E68003FF478AF397B6F2900F02A830B2A3FF47F
:105E780071AF797B6F2900F026830C2A3FF46AAF53
:105E8800B97B6F2900F022830D2A3FF463AFF97BB9
:105E98006F2900F01E830E2A3FF45CAF397C6F290E
:105EA80000F01D830F2A3FF455AF797C6F2900F06D
:105EB8001383102A3FF44EAFB97C6F2900F0128388
:105EC800112A3FF447AFF97C6F2900F00E83122A9C
:105ED8003FF440AF397D6F2908BF4FF012087FF4B7
:105EE80039AF02F101091FFA89F93A44A7F8169067
:105EF8005FFA89F9937050494A4602A805F05AFF9B
:105F08006F234FF0010CBB704FF0000E6423A7F80D
:105F180000E0A7F816C0237008EB0C0399451FFA98
:105F280089F27FF617AF901E02A9A0EB08005A1E4F
:105F38000B440A4413FA80F04FF06A084FF007093F
:105F48004FF0660A05E0002B40F0BE8190423FF416
:105F580001AFFB8A12F8011F07EB030B01338BF823
:105F68000210FB822378092BEDD9A3F1640BBBF156
:105F7800050FEBD8653B042B00F2BA82DFE813F07B
:105F88001F01170112010E011B01632A05D8002306
:105F98002370C4F80230E380DDE6254FFA8AB91889
:105FA80001328B70FA822278092A00F2A480002A32
:105FB8003FF4D0AE013A082A3FF6CCAE01A151F821
:105FC80022F000BF8D6200085D5D00085D5D00087D
:105FD800EF610008EF61000877620008436200087B
:105FE800B1620008616200087A1C6280104EEB55AD
:105FF800A088727F618883189942FFF6ADAE337826
:106008005F0600F1E4810E232370A5E67A1C628006
:10601800EB55E2886388934210D201239BE604493A
:106028000A800122CA8264228B702270002392E6C1
:1060380060060020BCC400086206002000236380BC
:1060480023700223037042802B78FD2B00F0878099
:10605800EB7803722B7943726B7943606A78083264
:106068007280002240F28510DFF8CCC27281FE21D6
:106078000446013499424FEA54042ED849D38B423E
:1060880040F08A802B78FD2B7FD04FF0060B2846F6
:10609800DFF8A48210F801AF0BEB0A0909F1FF3110
:1060A80089B2FBF78DFD04EB440708EB8707ADF8D1
:1060B80008003979019102A8FBF75EFD05EB09029A
:1060C80015F809305278019903EB0223BDF808202E
:1060D8009BB29A421FD005233DE6601E14188242E7
:1060E80004F1010780F06C8127F0010101EB5701F1
:1060F8005CF82110BDE7A2F1640105293FF62AAE3C
:10610800653A042A00F2FD81DFE802F0817D7975A5
:1061180093002246E2E7BB79DA0706D5FA79924579
:1061280082BF521912F80B20B2729B070BD563007D
:10613800234408EB83036A781B7A9A4282BF5B196F
:1061480013F80B30F3724FEA4409A14408EB8908AD
:10615800317398F8053073730BB0BDE8F08F6B7925
:106168000372AB7943726B7A297AEA791B0403EBE1
:106178000123134443606A7802F10C014180A97835
:10618800C9077FF56EAF19326AE74FF00A0B7EE751
:106198000A2201232270DEE50323DCE5F97684F880
:1061A8000090D3E64FF06803B9762370CEE6797095
:1061B80084F800C0CAE6397784F80080C6E63970EA
:1061C80001F00103618887F801E0033B01F1010B4D
:1061D800A4F802B06B5497F90030002BACBF6346AB
:1061E80053462370B2E66288511C6180AB54237811
:1061F80001332370AEE50722FB76227016E768228A
:10620800BB76227012E701227B7022700EE762884B
:106218003B70002103F00103033B7970511C61803E
:10622800AB5497F90030002BC0F232810123237060
:1062380090E56A223B772270F8E66288511C6180FB
:10624800AB543B787A78134313F0020340F0D780BD
:106258006288511C6180AB546288511C6180AB54C8
:106268003B78D8064CBF69236A23237072E562889D
:10627800511C6180AB543B781D074CBF6723072333
:10628800237067E562883A83511C6180AB543A7881
:106298007B7712F0010200F0D08006220833A2803A
:1062A800E3800423237055E56288511C6180AB5458
:1062B8007B7813F00203CFD0092323704AE5FF222D
:1062C80093E54FF006080CE6013B082B3FF63EAE7F
:1062D8000FF2040B5BF823F019630008555F000800
:1062E800555F00080563000805630008936300080C
:1062F80061630008AD63000845630008638803F123
:10630800010BA4F802B0E9542378013323701DE689
:1063180063883B8303F1010BA4F802B0E9543B788E
:10632800797713F001036DD008310623E180A3804B
:10633800042323700AE600BFBCC50008638803F184
:10634800010BA4F802B0E9543B78DB067FF534AFC3
:106358004FF069032370F9E5638803F1010BA4F892
:1063680002B0E9543B7879780B4313F0020343D128
:10637800618801F1010BA4F802B06B54618801F146
:10638800010BA4F802B06B54DEE7638803F1010B3C
:10639800A4F802B0E9543B7819077FF500AF6723EA
:1063A8002370D3E5638803F1010BA4F802B0E95424
:1063B8007B7813F00203E1D04FF009032370C5E5A1
:1063C800574902EB4200144651F8201057E602A93B
:1063D8002844FFF74BFB737FBDF808106288CB1A7F
:1063E8009BB21A446280727F1A447277E28813441F
:1063F800E380338BE95406E608232370A6E50823D7
:106408002370A7E40C31E18079784FF00A0B11F082
:106418000101A4F804B028D0618801F1010BA4F8A7
:1064280002B005F801C0618801F1010BA4F802B0BF
:106438006B54E3880D33E3807AE779780C33E38093
:1064480011F001014FF00A03A38024D063880121D1
:1064580058186080E954638859186180EA54E388C1
:106468000D331DE74FF002083BE5638803F1010B8C
:10647800A4F802B0E954638803F1010BA4F802B050
:10648800E95455E74FF003082BE54FF0040828E5D9
:10649800662323705EE463885A1C6280E95463882B
:1064A8005A1C6280E954FCE64FF0050819E54FF0E4
:1064B800070816E54FF0080813E54FF0090810E53E
:1064C8004FF00A080DE54FF00B080AE54FF00C08ED
:1064D80007E54FF00D0804E54FF00F0801E54FF010
:1064E8000E08FEE44FF01008FBE44FF01108F8E442
:1064F80077290ED084F800E0C4F802E0A4F806E09A
:1065080024E5772B09D000232370C4F80230E380F8
:1065180020E44FF06503237018E56523237019E420
:10652800BCC500082DE9F8431F46184B164693F8DA
:10653800302004463AB393F82B301FB11BB31F1F0A
:1065480018BF0127A1F1020804F5E36901F11E054E
:1065580038F8020FFAF7A3FE29F8020FB8F800007E
:10656800FAF7AAFEA845A9F82000F1D1084B84F84B
:106578005A771B68C4F85C3786F00106012384F853
:10658800606784F81937BDE8F88300BFA8000020C9
:10659800902D002070B500F27C7400F5B071204693
:1065A800FBF767FB044B0246186801680D69214632
:1065B8002B46BDE8704018475C1E0020B0F8E83450
:1065C800B0F8EA249B1A98B21B0444BF00F5007087
:1065D80080B2003818BF01207047D0F8F826B0F80C
:1065E800E8140132C0F8F826D0F800270132C0F8C4
:1065F8000027B0F8EA24914203461FBF81180132F0
:1066080091F8EE04B3F8EC141ABF0A40A3F8EA2490
:1066180000207047114B93F82D305A1E012A02D8DA
:106628000F48FFF7DABF032B10D10E4AB2F81E3617
:10663800B2F81C1699420ED0D118013391F82206EF
:10664800B2F820160B40A2F81E367047064B1868A1
:1066580003689B6918470020704700BFA800002006
:10666800A8060020500F00205C1E00200023A0F880
:10667800EA34A0F8E834024B18680368DB69184765
:106688005C1E002010B50748FFF7F0FF064B0022FC
:10669800C3F81C26054B18680368BDE81040DB6981
:1066A800184700BFA8060020500F00205C1E0020DD
:1066B80038B5B0F8EA24B0F8E8349B1A9DB21B0448
:1066C800084B04461868036848BF05F500751B6A3F
:1066D80048BFADB298474319D4F8F006184480B2C1
:1066E80038BD00BF5C1E0020F8B5D0F8F43690F82D
:1066F8001877CB1AB3F57A7F04460E4626D2632B59
:1067080001D800207DE0012F0AD0022F19D0002FD8
:10671800F7D1FFF7CDFFB0F5806FF2D9012305E07F
:10672800FFF7C6FFB0F5806F03D9022384F8183746
:106738000CE02046FFF7BCFFB0F5C07FE1D2002394
:10674800F4E7FFF7B5FFB0F5806FE7D33448C4F836
:10675800F466FAF700FD334D334A2B681168C3F12C
:10676800000C411A614501DB99424BDD10600A2398
:106778002B601368B3F5FA7FBCBF4FF4FA7313604C
:106788001268D4F8F83652214A4328496425B1F8EA
:106798004C1092FBF1F26B43B3FBF2F35F2B35D84D
:1067A800552B35D83B2B03D94B2B34BF5B253225D2
:1067B80094F81837022B2DD0012B2DD013B9002FA8
:1067C80018BF33254FF47A73D4F80027314604F202
:1067D8000470FBF731F994F81837FBB9642D0BD125
:1067E800D4F8F436A3F29A23C4F8F436D4F8F83679
:1067F80003225B00B3FBF2F3C4F8F83684F8FC56C6
:106808000120F8BD002BB4DD013BB1E70025CFE73F
:106818001E25CDE70025D5E73225D3E70023EBE792
:10682800601E0020080000203403002048000020DB
:1068380070B5D0F8F43690F81827CB1AB3F57A7FEC
:1068480004460E4614D2032A08D8DFE802F00209EB
:106858002730FFF72DFFB0F5487F26D8002029E024
:10686800FFF726FFB0F5AF6F11D9022384F8183768
:10687800304B94F81857B3F84C00C4F8F466D4F8C1
:10688800F836032D4ED8DFE805F03716494B204679
:10689800FFF70EFFA328E1D80323E7E7632BDDD931
:1068A800FFF706FFB0F5AF6FE2D20123DEE7002065
:1068B80084F8180770BD21254FF47A73D4F800279F
:1068C800314604F20470FBF7B7F894F818377BBB2D
:1068D800642D0BD1D4F8F436A3F54873C4F8F43614
:1068E800D4F8F83605229B00B3FBF2F3C4F8F83667
:1068F80084F8FC560120DDE764210F4AB2FBF0F270
:106908004B43B3FBF2F35F2BD6D8552B0CD83B2B5C
:106918000CD94B2B34BF5B253225CDE70025CBE7BF
:106928005D25C9E76425C7E71E25C5E70D46C3E70A
:106938000023DBE74800002050400100F8B5244F51
:1069480004463846FAF7D0FBFAF74AFC064697F9A8
:10695800A600FAF745FC05463846FAF7CEFB1D4B6C
:1069680094F8FC2693F8353084F87221333384F890
:106978006531442384F86631FF22D4F8683184F8FD
:1069880074216D2262F31703C4F86831C0F10A005C
:106998000023C4F86C3184F8813200B24FF43943D3
:1069A800A4F8823280F30700092384F8730184F87D
:1069B800706104F5B07084F8715184F8843204F57C
:1069C800AA71FBF72FFC2046BDE8F840FFF7E2BDAF
:1069D800601E0020A80000202DE9F04F044685B075
:1069E800B4F82E270092B4F830270192B4F8322771
:1069F800B0F828670292B4F838270378B0F822E78D
:106A0800B0F824C7B0F81CA7B0F81E97B0F82087D4
:106A1800B0F82677B0F82A570392B0F82C07B4F8E4
:106A28001A27A4F87A610026B4F83617B4F834B7F0
:106A3800A4F86C21A4F874E1A4F876C184F87C3138
:106A4800A4F86EA1A4F87091A4F87281A4F87871E2
:106A580084F87D61A4F87E51009AA4F88221019AF5
:106A6800A4F88421029AA4F88621039AA4F88C2118
:106A7800FF2284F86521442284F86621D4F868212D
:106A8800A4F88A1184F8813246214FF4F84361F35F
:106A98001702A4F882322623A4F88001A4F888B14A
:106AA80004F5B07084F88E6184F88F6184F8906181
:106AB80084F89161C4F8682184F8843204F5AA71D5
:106AC800FBF7B0FB204605B0BDE8F04FFFF762BD0D
:106AD800F0B591B0044600F23A736D4600F25A766A
:106AE800186859682A4603C20833B3421546F7D1D5
:106AF80020220DEB0200002105F0FAF894F8602737
:106B080094F85A370AB943F00203224AA4F87031BC
:106B180092F835202778D4F85C17C4F86C11002354
:106B2800333284F87331102384F87431D2B284F884
:106B380072716B4604F275160DF1400C1D4603CDBB
:106B48006545306071602B4606F10806F6D144238E
:106B580084F86631D4F8683184F865214FF4D2722C
:106B680062F31703C4F868314FF4A053A4F88232D3
:106B7800492304F5B07084F8817284F8843204F5EE
:106B8800AA71FBF74FFB204611B0BDE8F040FFF7B4
:106B980001BD00BFA800002070B5244B90F87457C1
:106BA80093F83530044690F8750784F86F016FF054
:106BB8006E0084F8700133336FF02A0084F8710195
:106BC80084F865311220442384F8720184F8663110
:106BD8000020D4F8683184F873014D2060F317035E
:106BE800C4F868318F2394F8721794F87327B4F8AF
:106BF800706784F883320A2384F8741184F8811248
:106C080004F5B070A4F86C6184F86E5184F87521AD
:106C180084F8822284F8843204F5AA71FBF702FB17
:106C28002046BDE87040FFF7B5BC00BFA8000020B3
:106C380010B5224B017893F8352004464FF07E5367
:106C4800C0F86C310023C0F87031C0F87431C0F856
:106C58007831C0F87C31C0F88031C0F8843184F8CC
:106C68008C31442384F866313332D4F8683184F89F
:106C780065214C2262F31703082084F88801C4F8C0
:106C88006831022049F6010384F88901A4F88232A8
:106C98000120212384F88A1184F88B0184F8811259
:106CA80004F5B07084F8843204F5AA71FBF7BAFAD7
:106CB8002046BDE81040FFF76DBC00BFA8000020CB
:106CC800F0B54E78202E0D468BB0044601F10C012C
:106CD8003AD8324601A805F06DF801ABC6F1210299
:106CE8000021981905F004F83D4B9DF8222093F8EF
:106CF800353033339A4270D19DF82330442B6CD110
:106D0800BDF82030F62B02D0B3F5FA7F65D1B4F880
:106D18007027A4F870379A421CBF002284F87527A0
:106D2800012284F86D276A7984F87227AA7984F891
:106D38007327F62B4FF0020284F8742713D0B3F5AB
:106D4800FA7F34D000232BE00B4601AA05F12C076B
:106D580018685968164603C60833BB423246F7D14D
:106D68001B783370C0E71F4B186803685B6A984745
:106D78000028E7D01C490398FAF792F898B11B4904
:106D88000498FAF78DF870B119490798FAF788F856
:106D980048B1002384F874379DF82430012B10D1B2
:106DA80084F8753719E0002384F87437CAE700239C
:106DB8000F49079884F87437FAF772F80028C1D099
:106DC800EAE7022BBED194F87527002ABAD084F8D6
:106DD8007537084B1B68C4F878370BB0F0BD00BF97
:106DE800A80000205C1E00200000404000008842EF
:106DF80088AC9649902D00204FF47F4303800023F0
:106E0800C0E90133C0E903334361037670470000EA
:106E180038B50023C0E90733C0E955334362C0F8E9
:106E28005C310446FAF78AFF254B9878022845D04A
:106E3800431F58425841FEF743FB40F2FF13A4F8A2
:106E4800EC34204B1B68002503F57A73C4F8F4363C
:106E580004F20470C4E9A255C4F89052A4F8EA54A4
:106E6800A4F8E854C4F8F05684F8FC5684F8185787
:106E7800C4F8F856C4F80057FAF7D8FD84F819573B
:106E8800294604F21A70402204F032FF7D2384F868
:106E98005A57C4F85C5784F86057C4F86457C4F864
:106EA8006857A4F86C37A4F8725784F87557C4F873
:106EB80078572046BDE83840FFF79EBF0120BAE763
:106EC80048000020902D002010B40E4A92F82E2081
:106ED800AAB102789AB10C4A0169126840F6C41442
:106EE800511AA14202D910BCFFF786BF416831B9D7
:106EF8004169511AFA2982BF42610122027610BC07
:106F0800704700BFA8000020902D00204378032B75
:106F180006D1C068B0F5834F34BF00200120704708
:106F2800002070477FB50B46324991F82D1000F1CB
:106F380028060229044600F11C02314668461BD186
:106F4800FEF7F8FE9DF80030022B50D104F5B0751D
:106F5800324669462846FAF7FFFED4F8683123F02E
:106F68007F436E2B2FD1244B9A78052A3DD8DFE832
:106F780002F0303438063038FBF748F8E2E75A6C4C
:106F8800B2F5613F94BF002201222046FFF7BEFF01
:106F9800C8B9C2B194F86E31012B14D894F8723183
:106FA800042B10D11549102204F27B1004F0C4FE02
:106FB80048B9782384F8883184F8823184F87C31A0
:106FC8002846FEF74FFA204604B0BDE87040FFF7A8
:106FD800E1BA5A6CB2F5E13FD4E75A6CB2F5614FA9
:106FE800D0E75A6CB2F5164FCCE70122CDE704B0D2
:106FF80070BD00BFA80000204800002082C0000823
:107008004378032B07D1C06844F2BF13984294BF5A
:107018000020012070470020704700002DE9F04F44
:10702800844B0446ABB084481D68FDF74CF9D4F88E
:10703800683740F6C312EB1A934204D894F96C37B8
:10704800834200F0B6807D4EC4F86857B17884F862
:107058006C07052998BF7A4B8DF819009CBF33F847
:107068001180784B8DF8171098BF33F8115023789A
:107078008DF814304FF000034FF006078DF81530E7
:107088004FF07F0388BF00258DF818303A46B6F8D0
:107098004E30ADF80C300DF11A0088BFA846ADF897
:1070A8000E308DF81670FAF7D1FA7178DFF89891EA
:1070B8003A4608A8FAF7A0FA5F48ADF81080ADF88C
:1070C8001250FDF7E9F840428DF826005A48FDF7BE
:1070D800E3F84242D2B220468DF82720FFF790FF0E
:1070E80004F5B07504F5AA768046002864D099F8AE
:1070F80035309DF826109DF9190000913333BDF8FD
:107108000C1084F88721DDF81A209DF815B09DF839
:1071180016E09DF817C09DF91870BDF80EA0BDF8CF
:107128001090BDF812800193A4F86C119DF81430EA
:10713800009984F87901C4F87A210898BDF81E20CE
:1071480084F8743184F88611A4F87E21A4F86EA11D
:10715800A4F87091A4F8728184F875B184F876E186
:1071680084F877C184F87871C4F88001BDF82420C8
:10717800A4F88421019A84F86521442284F86621C0
:10718800D4F8682184F881324EF68E21AB2361F35E
:10719800170284F88332C4F8682184F882B21C2369
:1071A800284684F884323146FBF73CF82046FFF73E
:1071B800F1F92BB0BDE8F08F0146642211A804F064
:1071C80097FD0DF10C0CBCE80F000AAF0FC79CE847
:1071D80007006FF02E0387E8070084F86C3199F8F0
:1071E800357094F8009084F86D811C2384F8703110
:1071F800802284F86E9184F86F810AA904F27110D4
:1072080004F0D8FD442384F86631D4F8683184F852
:10721800819240F2811262F317033337FFB2C4F848
:1072280068314FF41343A4F8823284F865718523DA
:10723800B6E700BF902D00201C1F0020480000204A
:107248002EC400083AC40008A8000020BB4B2DE952
:10725800F04F1A68D0F86437D31A122BABB0044633
:1072680040F26981DFF8D882DFF8D8B298F80010C8
:10727800C0F864278E1E9BF856009BF85720714271
:107288007141B14E002800F0DD80002A00F0E68050
:1072980096F9A000F9F7BCFF98F8001096F9A2A09B
:1072A8000746881E4142414196F9A100F9F7B0FF0F
:1072B80096F9A390009098F8001096F9A6008A1EF7
:1072C80051425141F9F7A4FF96F8A4200290012AEF
:1072D80096F8A5209D480CBF03250125012A96F89C
:1072E800AA200CBF45F0080545F00405012A96F8C8
:1072F800AB2008BF45F01005012A0CBF45F020055A
:1073080045F04005FDF774F8F9F7DEFB9049F9F709
:1073180033FC04F0AFFC8F49F9F72EFC03908E483C
:10732800FDF766F8F9F7D0FB8949F9F725FC04F071
:10733800A1FC8849F9F720FC9BF85A200490002A00
:1073480040F09A809BF85920002A00F0938098F822
:10735800001096F9A6008B1E59425941F9F758FFBB
:1073680000230393FF2380460293237876480193F2
:10737800F9F7CCFE05907448F9F7D6FE704A0690E6
:107388001278022A0CBF96F8A930002320461E4620
:10739800FFF736FE714B93F835303333DBB2079382
:1073A80004F5B07B04F5AA730146002867D0019A5A
:1073B80084F86E21002284F86F21059A84F87021E0
:1073C800069A84F87121029A84F875217F2284F83C
:1073D800762184F87A21039AC4F87B21049AC4F8A8
:1073E8007F21079A84F865214422009984F8662150
:1073F800D4F8682184F877114EF68D2161F31702CD
:10740800C4F86821019A84F881224FF46062A4F8D4
:1074180082221722A4F86C5184F8727184F873A13F
:1074280084F8746184F8789184F8798184F88422E6
:1074380058461946FAF7F6FE20462BB0BDE8F04F3D
:10744800FFF7A8B852B196F9A100F9F7E1FE4FF09D
:107458007F0A96F9A3900090FF272CE796F9A000E1
:10746800F9F7D6FEFF2396F9A2A0009307464FF03E
:107478007F0920E7002304934FF0FF0875E76C228B
:1074880008900FA8099304F033FC7F22019B8DF824
:1074980032208DF83620039A8DF82A30CDF837201F
:1074A800059B049A8DF82C30CDF83B20069B089953
:1074B800ADF828506FF02F0225788DF82D3084F81C
:1074C8006C21029B8DF82B1017228DF8313084F82F
:1074D8006D11009B84F86F1184F870210AA980222D
:1074E80084F86E5104F271108DF833308DF82E70D7
:1074F8008DF82FA08DF830608DF834908DF8358098
:1075080004F058FC442284F86621D4F86821079BCB
:1075180084F8653140F2811161F31702C4F86821DB
:107528004FF41342A4F882228522099B84F88152E1
:1075380084F884227CE72BB0BDE8F08F902D0020E2
:107548006B03002048000020601E00207C03002000
:1075580000007A3A00007A4458040020A80000206D
:10756800F0B54E78082E85B005460C4601F10C079B
:1075780017D83246394601A804F01CFC01ABC6F105
:1075880009020021981904F0B3FB9DF80930032B78
:1075980005D162792A70064A12682A616B7005B0B3
:1075A800F0BDC86879683A7A01AB03C31A70ECE792
:1075B800902D002030B5037895B004461BB34A7966
:1075C8009A4220D14D784D2D01F10C011DD82A4643
:1075D800684604F0EFFBC5F14E0200210DEB0500F3
:1075E80004F086FB049B6360190EC3F3072242F282
:1075F800107000FB0122C3F30743642101FB03233E
:10760800E360059BA36015B030BD4E22684604F0C8
:10761800D1FBE7E78A68C2F317024C2A14D0942AF0
:1076280009D09AB90A4A92F82E207AB18B79012B9F
:107638000CD1FFF795BF064A92F82E2032B18B790C
:10764800012B03D1FFF7B6BFFFF73ABB704700BF66
:10765800A8000020B0F8EA34B0F8E824F0B5D21A4F
:1076680093B2120444BF03F500739BB2DD2B85B0BF
:10767800044609D82A4D00F5257600F522772868B2
:1076880003685B69984708B905B0F0BD28680368C6
:107698009B699847D4F8F02601320346C4F8F026CF
:1076A80031463A466846FAF7B1FC9DF80030022B9D
:1076B800E5D104F57075324669462846FAF74CFB61
:1076C800184B93F82D3004F27C76022B294630466D
:1076D8000FD1FEF7A5F800239AB282420CD30023FB
:1076E80029462046C4F8F03605B0BDE8F040FFF75B
:1076F80091BFFAF7BEFAEEE7B4F8E814B4F8EC7400
:107708004A1C3A40B4F8EA7497421EBF0919F75C5C
:1077180081F8EE7403F1010318BFA4F8E824DBE74D
:107728005C1E0020A80000202DE9F0414B4BDFF83B
:1077380030811E6898F800304A4F022B1EBF002384
:10774800A0F8EA34A0F8E83497F82D30013B012B73
:10775800044600F28180FFF77DFF97F82E50002D38
:107768005BD098F80030022B4BD1012D3ED0022D72
:1077780042D000252046FFF7A7FB94F8193743B1FC
:10778800002384F8193797F83030012B4FD0022B9B
:1077980050D015B12046FFF7D1F894F86D372BB1CA
:1077A800002384F86D372046FFF7F6F994F875370B
:1077B800022B11D1D4F87837F61AB6F57A7F0BD99F
:1077C800B4F87037F62B3ED0B3F5FA7F3DD00023DE
:1077D800A4F8703784F87537237E002B3CD000233B
:1077E80023762046BDE8F041FFF722BA314620460D
:1077F800FEF77AFF0546BDE731462046FFF718F841
:10780800F8E7D4F8F436F31AB3F57A7F08D20025EE
:1078180004F20470FAF70AF9ACE7C4F8F466F7E77B
:107828003223C4F8F46684F8FC360125F0E7FFF744
:10783800D3F8AEE7FFF74CF92046FFF707FD2046DF
:10784800FFF7ECFBA5E7FAF7ADFE074B1A79002A1C
:10785800BDD101225A71BAE7BDE8F081902D002010
:107868006B030020A80000203803002070B54C8866
:10787800B4F5427F03464FF000000AD80D780B2D6F
:1078880077D8DFE805F0060F1C2C2F32383B545709
:107898005B6DA2F124046242488062410A7083F859
:1078A80009033EE04D2A01D0582A06D11A70022257
:1078B8000A70002083F8090370BD0022F8E702F07F
:1078C800FD003C2801D0212AF7D15A701A784D2A98
:1078D8000CBF082203220A7000229A70E9E79A7006
:1078E8000422DBE79A800522D8E7988800EB022279
:1078F8009A800622DCE7DA800722CFE7D88800EBF7
:10790800022292B2002ADA800CBF0B220A220A70E5
:1079180000224A80012283F80923DB88B3F5407FDF
:1079280001D80020C8E7002008704880C4E7DA8042
:107938000922B3E79A800A220A70EBE7B4F5407F80
:107948003CBFE41822724A88013292B24A80D88831
:1079580090429CBF0B220A70012283F80923E0E7BA
:1079680083F8082302220870488083F8092301203D
:10797800A2E708704880D4E7CB88B3F5407F70B59C
:1079880031D8242303700B7843704B7883700B78BD
:107998004D2B14D1CB88C3708B880371052300222B
:1079A800CD88D4189542A6B210FA84F415D891F867
:1079B80008232270CA880132981880B270BD8B786B
:1079C800C3708B8803718B881B0A4371CB888371C2
:1079D800CB881B0AC3710823E1E78C180132247A8B
:1079E800845592B2DCE70020E8E700002DE9F74F64
:1079F80016464A88B2F5427F04460D462ED80B78C3
:107A08000A2B0FD9A3F16402032A03D90020287096
:107A180068802DE0653B8F4F022B33D8DFE803F0F9
:107A280063A4A70000210A2BF0D801A050F823F086
:107A3800657A00087F7A0008157A0008157A000828
:107A4800C37A0008D17A0008DD7A0008E37A0008D2
:107A5800157A0008157A0008517B0008A6F124075A
:107A68007E424FF000007E4168802E7084F8090342
:107A780003B0BDE8F08F6F2E0CBF642300232B707A
:107A88000020F3E716F0040F14BF4D2358233E706F
:107A980023703A78D1070ED412F0020F14BF2123B5
:107AA8003E236370C2F3C003D20648BF43F002030B
:107AB800A3700423E3E73C23F3E7A68005232B7098
:107AC80084F809130020D3E7A38803EB0623A380D7
:107AD8000623D4E7E6800723F1E7E38803EB0623D0
:107AE800E3806523CBE70DF106007E70FAF7BCF85A
:107AF8003978FAF7B1F8A7882179FAF7ADF8390A91
:107B0800FAF7AAF8E788A179FAF7A6F8390AFAF78E
:107B1800A3F89DF80630B34206D000232B706B8083
:107B2800032384F80933CDE7002F0CBF66230A230B
:107B38002B70012384F8093300236B80E288B2F5A7
:107B4800407FBFD92B70BDE7B2F5407F3CBF12190B
:107B580016726B8801339BB26B80E2889A4201D817
:107B680066232B700123DCE77E806723F9E7B7F8EB
:107B7800028097F8009008EB06284FF6FF730DF186
:107B880006001FFA88F84946ADF80630A7F80280C3
:107B9800F9F7F2FF2679B4F804A03146F9F7ECFFBB
:107BA8004FEA1A21F9F7E8FF94F806B0B4F806A0EE
:107BB8005946F9F7E1FF4FEA1A21F9F7DDFF79781D
:107BC80004F10807F9F7D8FF52463946F9F7E0FFFC
:107BD800BDF8063043453AD119F0040015D086EABD
:107BE8000B01E21D002398B2824584F8081307D8D8
:107BF8000223012000222A706A8084F8093337E7BB
:107C080012F8010F01334140EDE7A178F9F7AAFB1B
:107C1800217984F80803F9F7A5FBA18884F80803FB
:107C2800090AF9F79FFBA17984F80803F9F79AFB89
:107C3800E18884F80803090AF9F794FBE28884F8D4
:107C480008033946F9F794FB84F80803D0E70323BF
:107C58000020CFE7281D0020CB88B3F5407F2DE911
:107C6800F04104460D464AD84B783C2B40D0A3F14E
:107C78002100434243415B002A784D2AAA7808BF75
:107C880043F00403D10748BF43F0080392074FF0BD
:107C98002402227048BF43F010036F226270A37061
:107CA800AB88E370AB881B0A2371EB886371EB88A0
:107CB800A71C1B0AA3713846FAF738F90822E071A5
:107CC800E988A2F108039BB2561C8B42B6B204EBBA
:107CD80002080FD3063189B23846F9F771FF88F8E0
:107CE8000000000AA055E8880A3080B2BDE8F0819B
:107CF8000123C1E72B441B7AA3543246E0E7002056
:107D0800F4E710B5044624202070582060702371D1
:107D180000201B0AA170E2706371A071E071052256
:107D2800E11CF9F725FB2072092010BD40F2FF3352
:107D380070B50025A0F820367D2380F8543A044613
:107D48000560C0F80E53A0F81E56A0F81C56A0F8FF
:107D5800425AA0F8445A80F8465AC0F8485AC0F81F
:107D68004C5AC0F8505AC0F8585A00F667210346D2
:107D78000A2600F66D2011F8012F0AB1B6FBF2F2BF
:107D8800814283F8702A83F8715AC3F8745A03F150
:107D98000803F0D11522FF2104F52A6003F0A8FF9B
:107DA800C4F8B85A70BD0000F8B5134A044692F8F2
:107DB8003000F8B192F82B2003B1DAB18E1E04F529
:107DC800226701F11E0536F8020FF9F768FAAE428C
:107DD80027F8020FF7D1012384F8423A94F8453A7C
:107DE80083F0010384F8433A94F8463A83F0010398
:107DF80084F8443AF8BD00BFA800002070B5061DFD
:107E080004460A4601463046FFF7F0FD18B304F66B
:107E1800BC2531462846FFF7AFFD0F4B02461868D0
:107E280001680E692946B04763793C2B13D1218933
:107E38000A4804F65A2304F66622A4EB8404A4F53F
:107E4800F7541C3C33F8025F8D4204BF056844F8C0
:107E580023509342F6D170BD5C1E0020902D002067
:107E680070B5124890F82D00451E012D0C460AD811
:107E78000F4E8D18AC4200D170BD14F8011B30466E
:107E8800FFF750F8F6E7032809D10A4E8D18AC42DF
:107E9800F2D014F8011B3046FFF7B0FFF7E7064BA6
:107EA80018680368BDE870401B691847A8000020DF
:107EB800A8060020500F00205C1E0020B0F81C36D9
:107EC800B0F81E269B1A98B21B0444BF00F58060C8
:107ED80080B2003818BF012070470000094B93F8A2
:107EE8002D305A1E012A02D80748FEF767BB032B1C
:107EF80002D10648FFF7E2BF054B186803685B69C3
:107F0800184700BFA8000020A8060020500F002036
:107F18005C1E002070B500F6BC240B4602223C21F2
:107F28002046FFF7EEFE054B0246186801680D690A
:107F380021462B46BDE87040184700BF5C1E002054
:107F4800114B37B51A68D0F8483AD31A122B19D9F9
:107F5800C0F8482A00F6BC24202300F6222001930A
:107F68000090C82303223C212046F9F787FF074BDE
:107F78000246186801680D6921462B4603B0BDE822
:107F88003040184703B030BD902D00205C1E002003
:107F98007FB5234B1A68D0F84C3AD31AC72B04463E
:107FA8003CD9204DC0F84C2A4FF480732846ADF8D0
:107FB8000830F9F799F806461B48FCF76DF90146B1
:107FC8003046F9F7B5F98DF80A002846F9F78CF824
:107FD800F9F7A8F995F8A9308DF80B0028468DF81F
:107FE8000C30F9F793F88DF80D002846F9F785F865
:107FF800072304F6BC24019302AB8DF80E0000930E
:10800800032241F20D033C212046F9F737FF074BC5
:108018000246186801680D692146A84704B070BD7A
:10802800902D0020601E00201C1F00205C1E0020D8
:1080380030B5214B044687B020481D68FCF743F94A
:10804800D4F8503A40F6C312EB1A934203D894F985
:10805800543A83422DD0C4F8505A002384F8540A65
:108068008DF80830F9F794F9154DADF809006978DD
:10807800ADF80B0004220DF10D00F9F7BDFAA9784F
:1080880006220DF11100F9F7E1FA0F2304F6BC24DA
:10809800019302AB0093032241F20E033C212046D8
:1080A800F9F7ECFE074B0246186801680D6921468E
:1080B800A84707B030BD00BF902D00201C1F00202E
:1080C800480000205C1E0020F8B5354D354E0024D0
:1080D800FAF726FC0227FBF72BF8FAF7F3FBFAF777
:1080E800E1FB3149314801F0F3F9FDF7D1F8C5E971
:1080F8000444AC602F73FAF779FD2D4B1C70FAF726
:10810800F7FA2C4BD02283F832233046FAF724FCB6
:1081180021462846284D03F05DFB4FF47A70FAF7A4
:108128001BFCC5E90444AC602F73FAF7E5FD234B4B
:108138001C70FAF713FB224B4FF40052DA60FAF77F
:108148005BFB30461F4E0427FAF706FCB76241F284
:108158008830FAF701FCB7614CF25030FAF7FCFBB3
:108168002846FAF72DFB2146284603F033FB164C28
:108178004FF47A70FAF7F0FBFBF796FE1348FBF71B
:108188001BF8B4F84C101248FBF71CF9FAF794FFE7
:10819800104B1148616C1860FAF700FFF8BD00BF7A
:1081A8001C1F0020E0930400CE0000202C1D00209E
:1081B8001000002000E100E0381F0020110000201E
:1081C800000800580004004848000020741D0020E2
:1081D8005A1E00205C1E00201800002073B51648A7
:1081E800164C4FF6FF7103F035FC206023689B079F
:1081F80012D5134E35798DB10F4808236A460021F0
:1082080003F0B9FAD6E90402DDE900139A4208BF7F
:10821800884201D00023236002B070BD02236A4661
:108228000548294603F0A7FA064BDA8BBDF800305B
:108238009A4218BF2560EFE71C1F00209406002013
:108248003803002048000020184B4FF4005273B543
:10825800DA601748174C4FF6FF7103F0FBFB2060FC
:1082680023689B0712D5144E35798DB11048082321
:108278006A46002103F07FFAD6E90402DDE900131B
:108288009A4208BF884201D00023236002B070BD23
:1082980002236A460648294603F06DFA074BDA8B33
:1082A800BDF800309A4218BF2560EFE70008005873
:1082B800381F0020900600203803002048000020C6
:1082C800034A00231370034A1370034A137070475C
:1082D8009F060020701F002070030020024A002320
:1082E8001370024A137070479F060020701F002009
:1082F80008B5437E203B042B0FD8DFE803F0050EBA
:10830800030B0F00FCF7DAFB064A01231370064A39
:10831800137002E0054B01221A7008BDFBF7B8FD87
:10832800F2E700BF9F060020701F002070030020A6
:10833800034B1B78012B01D1FCF758BB704700BFDA
:108348009F0600202DE9F043074699B03D48FCF709
:10835800B1FE0646002860D03B4B1C78002C5CD14F
:108368003A4B1B78022B54D1DFF8E4900DF10C083E
:1083780025464846ECB2FFF7B1FD40B14846FEF746
:1083880049F90135522D08F8010BF2D12C46314834
:108398002146F9F737FB3048F9F72EFBDFF8A480C0
:1083A8002E4D98F802308DF800304FF0010995F8FD
:1083B800A4308DF80530284685F8A5708DF806702C
:1083C8008DF80190F8F790FE8DF802002846F8F72E
:1083D8009DFE8DF803002846F8F7A6FE204F8DF87D
:1083E80004000EB3184B1B78CBB91E48234603AACA
:1083F8006946FCF70DFA194801233B70F8F7A2FE0D
:108408001648F8F7A8FE012388F8033019B0BDE82C
:10841800F0830F48FEF736F9C0E70024BEE711489D
:108428006946FFF785FFE6E73B7803B9FEE70D48A5
:108438006946FCF739F9284687F80090F8F787FE6F
:108448002846DEE7541F0020701F00206B03002021
:1084580014000020C41E00209C1E0020601E002066
:1084680031030020FF1D002070B5CB78284DC3F3E1
:10847800000385F8AA304B79C3F3801385F8AB3035
:108488000646C87840080C46F8F7A4FE85F8A6000A
:1084980023792048C3F3000385F8A7302379C3F371
:1084A800450385F8A8306379227903F03F035B0020
:1084B80043EAD21385F8A93021461EB9BDE87040B9
:1084C800FCF726B8FCF763F8A37803F0F003202B39
:1084D80004D12046BDE87040FFF70ABFFFF7FEFE53
:1084E8000D4B1B78022B12D1A2790C4804F119010B
:1084F8005208FFF7B5FCA17905F178004908F9F7AA
:1085080081FA05F15000BDE87040F9F775BA70BD01
:10851800601E00207C1D00206B030020140000203A
:1085280070B5054658B9194B19491C78194803798B
:108538004BB1012C28D0BDE87040F9F77BBC164B35
:1085480016491C78F2E7012C154B164E13D98A7878
:10855800C2F3C0025A7002221A70E31E58425841F0
:10856800FFF782FF3046F8F7B9FD032C05D13046F6
:10857800F8F7B7FD01E001221A7086F8A4500948FF
:10858800BDE87040F8F7A8BD70BD00BF9C0600208C
:10859800CC1F0020380300209D0600202720002043
:1085A800541F0020601E00200A4B1A7910B504469B
:1085B8002AB10146BDE810401846FCF71BBDFFF77D
:1085C800C1FE054B05491B7F20465B22BDE81040D4
:1085D800FCF7CEBC3803002048000020FF1D002017
:1085E800244B1A7970B505460E4632B10A46BDE8E5
:1085F800704001461846FCF705BF1F4A1F495B2318
:10860800FCF7A6FC45BB1D48FBF74CFF044628B306
:108618001B491C48F9F788FE05F130011948C9B211
:10862800F9F776FE18491748F9F77EFE204602F05A
:10863800ABFF01461348F9F777FE12480A21F9F70C
:1086480067FE012C06D0042C11D001240F492846BE
:10865800FCF70EFD204670BD0748D5E72EB10C4843
:10866800FAF760FE0CB10224F0E70324EEE7002ECF
:10867800F9D0F4E73803002027200020CC1F002081
:1086880093C000080C0000209AC00008601E00205B
:108698005A1E0020024B1878831E584258417047D2
:1086A8006B03002070B500239CB2A24200D870BDB5
:1086B800058886886C1C34404688A6421EBF2D1843
:1086C800CE5CAE7103F1010318BF0480ECE7000033
:1086D8002DE9FF47B0F81E36B0F81C26D21A93B21F
:1086E800110444BF03F580639BB2E62B04460CD803
:1086F800744EDFF8D49100F21C6704F21238306827
:1087080003685B699847054610B904B0BDE8F0876F
:10871800306803689B69984704F20E310246404668
:10872800FFF7A4F80028EAD094F813333E2B52D16F
:10873800B4F81633B3F5005F32D194F8983A7BBB9E
:10874800039304F2273004F69F214FF0010C11F82F
:10875800012FFF2A0FD04FEAD20E02F0070210F8BD
:108768000EE04EFA02F2D20741BF039A0CFA03FE5A
:1087780042EA0E0203920133152BE8D1042304F6D2
:10878800BC2A019303AB009302223E2142F6FF73F9
:108798005046F9F7E3FB514602463846FFF782FF99
:1087A800B4F81633772B47D11522FF2104F52A6038
:1087B80003F09EFA0023B4F818E304F219359C4636
:1087C8009AB2964523D894F8145384F898CA85F039
:1087D8000205C5F3400594F81333212B44D1B4F8AE
:1087E800163341F20D02934236D041F20E02934203
:1087F80036D0002D81D004F6BC2541462846FFF727
:108808002BFA294602463846FFF74CFF75E715F85C
:1088180001AF2E4A00201179514507D15179142909
:1088280004D8214481F8A03A0133C9E701303B2834
:1088380002F10802EFD1F7E743F201029342CAD1ED
:1088480094F81233582BC6D1214B1D7915B9012242
:108858005A71C0E70025BEE7012384F8453A4CE782
:10886800012384F8463A48E73C2BC2D1B4F816A352
:10887800BAF1440FBDD194F81233582BB9D13068EE
:10888800D4F81A5303685B6A984700283FF435AF59
:108898004D457FF432AF0F4B1B68C4F8B83A04F665
:1088A800BC250023CDE90033022253463E21284649
:1088B800F9F7E4FA024630680168D1F810802946D1
:1088C800C0471AE75C1E002091D5120024DB00087F
:1088D80038030020902D00202DE9F0473A4B1B78F3
:1088E800022B04460CD00023A0F81E36A0F81C3634
:1088F80090F86D3A13B10A22B2FBF3F384F8983A70
:10890800324B93F82D30032B2DD12046FFF7E0FE94
:1089180094F8422A3AB1002384F8423A2046BDE846
:10892800F047FFF70DBB94F8433A33B184F8432A74
:108938002046BDE8F047FFF72BBB94F8448AB8F10E
:10894800000F06D084F8443A2046BDE8F047FFF708
:108958006FBB1F4B1E68D4F8583AF31A632B04D820
:10896800D4F8B83A4BBBBDE8F087C4F8586A254636
:1089780004F65C2704F1300940F6AB5A95F8702AE2
:10898800AAB195F8713A0133DBB29A420BD885F84F
:10899800718AD5F8743AF31A534508D939882046AC
:1089A800FFF7B8FA03E085F8713A002BF1D00835E3
:1089B8004D4507F10207E1D1D2E7F61AB6F57A7FFD
:1089C800D1D9F9F7EFFD00BF6B030020A800002004
:1089D800902D00202DE9F0437D4D2B78012B85B09B
:1089E80000F2CE800BB9F9F72DFEFFF76DFB794B3E
:1089F80000221A809A70784B08229A6207244CF257
:108A08005030013CF9F77EFFF9F7A6FF14F0FF0498
:108A1800F5D1724803F04DF8013880B24FF6FD7673
:108A2800B04203D96E490120FCF734FB6D4803F0CE
:108A380040F8013880B2B04202D96B490220F3E70E
:108A48006A4B1C606A4B1C606A4C94F8563013B928
:108A580094F858301BB168496048FBF743FC94F818
:108A6800573013B994F859301BB164495D48FBF786
:108A780046FC6348634FFCF74FF894F82A3002939A
:108A880094F829300193A38D009394F82830626AF2
:108A980094F820103846FBF73FFC94F83A300293DC
:108AA80094F839300193A38F009394F8301094F818
:108AB8003830626B07F1DC000026FBF72DFC524BC7
:108AC8003E74FF2287F8EC6038461A705A70FBF73C
:108AD8008FFC0146414802F0A2FE07F1DC00FBF7DB
:108AE80087FC01463F4802F09AFE484B48481E70F2
:108AF800484B1E70484B1E80484B1E70484B1E70DA
:108B0800484B1E70484B1E70484B1E70484B1E70D9
:108B1800484B1E70FFF7D4FB474BB4F84E201E702D
:108B2800464B94F840101E70454B1E70B4F84C30FC
:108B3800F8F799FAB4F84C104248F8F7D9FD4248CA
:108B4800FCF7B0FA414B424893F8291000F0CDFCED
:108B58004048FEF75DF94048FFF7E8F894F85630CA
:108B680013B994F8583053B31C48FBF7ACFB3B4A95
:108B7800002313803A4A1380FAF7A8FAFF232B70D0
:108B8800FAF7AEFA1B4C002800F09180224A1388AD
:108B98000BB1013B13801F4B0E4A19781388022929
:108BA8000FD193B1013B9BB213809278002A59D020
:108BB800002B60D1F9F798FEF9F7A4FE5BE00948AD
:108BC800D3E7002BEED1C723EEE740F2F313EBE730
:108BD800A11D002098060020000400481C1F00204A
:108BE8009CC00008381F0020A6C00008900600207E
:108BF80094060020480000204C0000205800002067
:108C0800380300207C030020A21D00209E060020BF
:108C1800601E00206B0300206E0300206C03002000
:108C280068030020690300206A0300209D060020D5
:108C38009C060020A0060020730300207203002079
:108C48008C0600205C1F0020541F0020A800002074
:108C58002C1D0020A8060020500F00206C1F0020AB
:108C68006E1F002002299D4840F0B9800BB9F9F722
:108C78003BFE082383629A4E3388002B00F0B580B0
:108C8800013B9BB297483380FBF7D2FF94F85630EC
:108C980023B994F85830002B00F0AA809248FBF7CB
:108CA80012FB33881BB991499148F9F73DFB914F65
:108CB8003B78002B00F09E80022B00F0CB8094F8CC
:108CC80056301BB994F85830002B2CD08A4E336894
:108CD8004BB33B78032B40F0C9803368DB070DD5D5
:108CE800864A00233360137843F00101117094F829
:108CF8005A200AB1980701D500233B70336893B115
:108D080033689A0548BF336833687D4A9B0748BF74
:108D180033683368D80748BF336800231370794A2B
:108D280033603B70137094F857301BB994F859307E
:108D3800002B2CD0744E33684BB33878032840F09E
:108D4800A8803368D9070DD56C4A0023336013789F
:108D580043F00201117094F85A200AB1DA0701D5DC
:108D680000233B70336893B13368990548BF336873
:108D780033689A0748BF33683368614ADB0748BFDE
:108D88003368002313705F4A33603B7013705F4B86
:108D98001A7802F0FF09002A00F070824FF00008EC
:108DA80083F8008094F8563094F85700002B00F0B0
:108DB800BF80002800F06C815249514A0B78002B83
:108DC8007AD11678B6EB080618BF01261378012B5E
:108DD80000F2D982002E40F0DC8235465BE1102299
:108DE8008262002B7FF447AFE6E640F2E73349E7BB
:108DF800474854E7474B1B7813B14748FBF73EFBFE
:108E08004548FBF7F5FA0146374802F008FD4348A4
:108E1800FBF7EEFA01463E4802F001FD94F85630A1
:108E280023B13148F9F78AFCFBF7D1F994F85730A8
:108E380023B13748F9F7D4FCFBF7C9F9304A0123C5
:108E48003B70002313702F4A13702F4A13602A4A6D
:108E5800136034E73248FCF737F8324B187AFFF7DB
:108E6800A3FB03233B70254A0023EDE7012B7FF486
:108E780045AF336899077FF541AF214B1978B1FAAF
:108E880081F1002049093060FFF7AAFB1D4B1870DB
:108E980034E701287FF466AF33689B077FF562AF3C
:108EA80000233360174B1978B1FA81F14909FFF7AC
:108EB80097FB134B187055E7012B064686D01A4BC3
:108EC80093F9A100009093F9A03012780978174817
:108ED8003546F8F7F2FB464639E000BF0004004883
:108EE8006C1F0020380300201C1F0020B1C00008A0
:108EF8000C0000209E06002094060020A0060020FA
:108F08009D0600209C06002090060020710300208A
:108F1800381F00206B0300207C0300205804002029
:108F2800A21D00205C1F0020601E0020A01D002044
:108F3800002800F0AD80A14B1B78012B8CBF0125C8
:108F480000250CBF01260026002B00F0A480FFF7A7
:108F5800E7FA94F8582094F85930002A00F09F80D6
:108F6800002B00F0A180964B964993F9A12000921E
:108F7800924A93F9A030127809789348F8F7D2FB0F
:108F88002DB9924B1D77DD831D62914B1D70DFF863
:108F9800448298F80010012900F2B180ADB1884AE6
:108FA80092F8A8303E2B00F2898092F8A7008A4AEE
:108FB800002840F0908092F810C09C4579D0517CF0
:108FC8001374994273D92E46002598F80030002B67
:108FD80000F0BD80814B1B88002B00F0E880804B9F
:108FE80000221A7098F80020002A00F0C6811DB9E6
:108FF80001221A7002233B707A48FBF7F4F87A488A
:10900800FBF7F1F898F80030022B02D0774B0022DA
:109018001A70774A13880BB9B4F84E30013B9BB2EB
:10902800138013B96648F8F7A2F86548F8F753F8BB
:1090380098F80030022B0CD06148F7F7FCFF98F83D
:10904800003033B9FFF74AF96A4A012313706A4AB4
:1090580013706A4D2846FAF795F86A78684B012A22
:1090680004D100216970197901B95A716448FBF774
:1090780009FEFBF71FFE0128054600F0CD800228F7
:1090880000F0F8805F4B05221A7005B0BDE8F08348
:109098004C4B51E70546554B01221A7059E71BB155
:1090A800494B01221A726BE7474B0022FAE710740A
:1090B80089E75548027842F001020270534849BBDB
:1090C8003F2B514B01704FF0010228BF032188F854
:1090D8000020197016E092F8EC0098420AD092F835
:1090E800ED1082F8EC3099423FF66DAF002382F81C
:1090F800EC3068E74448027842F00202DDE7002DD0
:109108003FF463AF354BB4F850201A8002233B700C
:109118004D465AE703783E4901330A78DBB20370BB
:109128006AB994F854209342ECD3374B1B78032B3D
:1091380007D1022388F8003001230B70E2E70522EB
:10914800F1E7531EDBB293420370F2D2DAE706B1BD
:109158003B70304EB4F8522033780133DBB293427F
:10916800337005DB1C48FBF789F9002333703B702B
:10917800DFF864904846FBF751F9064609F1DC0030
:10918800FBF74CF9864200D0FEE7002E3FF427AFEC
:1091980099F8D500F8F742FC1948FBF7DBFC0023E7
:1091A8003B7098F80030002B3FF419AF12E7194ACA
:1091B80088F8003013703B7011E700BF9D0600204F
:1091C800601E00209C0600205C1F0020A8060020CE
:1091D800500F00206B0300207C0300206E0300204A
:1091E8008C0600201C1F0020381F0020541F002060
:1091F8006E1F00209F060020701F0020741D002095
:109208003803002073030020680300206C0300204B
:109218006A030020690300205F48FBF7C3FCB4F829
:109228004C305E4A5E4803EB830303EB83039B00E9
:109238001380FAF777F85B4BB4F84C2083F8D450D6
:1092480041F28831B1FBF2F10022A3F8D610A3F85D
:10925800B211A3F8D82083F8B051A3F8B421524B27
:109268001021996108219962504B88F800209D705F
:109278003A7007E74E4B01221A7003E74D494E4AF0
:109288000B781BB1013BDBB20B7013B11378002BC9
:1092980034D04A4E4A4896F828100024147000F03A
:1092A8004FF9484B1B78022B46D1474F474897F850
:1092B8000090F7F719FF80464448F7F727FF44491D
:1092C80023464A46CDE900803D4800F051FC3C4821
:1092D800FCF748F83A783F493F482346FDF722F91A
:1092E8003A783C493D482346FEF75EFD96F826301D
:1092F80096F8332036493A48FBF710FE304800F01C
:1093080047FD3548FEF710FA3448FFF7E5FA284BD1
:109318001B78002B3FF4B9AE3248FAF764FF3248A5
:10932800FAF761FF204B08229A6110229A61FAF736
:109338009FFD01232B70A8E62C4B1B78C3B16FF05F
:109348007E03009301231A4621491D48019400F029
:109358000FFC1B4800F00BF901231A461D491E4853
:10936800FDF7E0F801231B491C481A46FEF71CFDCF
:109378001B4B96F826205A70C0E73B7813F0FD0F78
:109388003FF43AAE42E6002E3FF484AE4FF00008B8
:1093980095E5B046002692E53803002044000020F9
:1093A8005A1E00207C030020000400489806002074
:1093B800700300207303002072030020A80000201F
:1093C8002C1D00206B0300208C060020601E00204E
:1093D8007C1D0020501D0020A8060020500F0020F2
:1093E800A21D00201C1F0020381F00206A03002037
:1093F80008B5FFF7EFFAFCE71E4B1F4A10B51A60D5
:109408001E4B1F4A1A601F4B1F4A204C1A605A6194
:109418009A62DA631A651E4A5A669A671D4AC3F841
:109428008C20204600F048F81B4B23601B4B002281
:1094380040F2FF11C3F8E824C3F8EC14184BC3F842
:109448001C26C3F8502A7D2283F8542A154A40F274
:10945800FF31506AC3F82016916A03F65C2403C4EE
:10946800D06A2060106B928EC3F8680AA3F86C2A41
:1094780010BD00BF1C1F0020BCC00008381F002002
:10948800E4C00008601E002018C000082C1D002041
:1094980000C000080CC000086CC10008A806002025
:1094A800500F0020F0BD00087047002070470020D2
:1094B800704700207047000010B5044B0446012196
:1094C80040F8043BF7F764FD204610BD04DD0008B2
:1094D80038B5242204460D46FF230021036181820A
:1094E800104402F005FCE56038BD38B50D46017C36
:1094F800A942044615D0012918D0022912D011B961
:1095080003685B6898470023012D6374257413D0A2
:10951800022D0ED02DB923685B680121204698479B
:10952800607438BD0368DB680021EBE703689B685B
:10953800FAE72368DB68F0E7236829469B68EDE7CC
:109548000430F7F733BD037C012B10B50ED100F1C1
:10955800160301F10C0251F8044B43F8044B9142F5
:10956800F9D10A881A8040F20113438210BD037CA6
:10957800012B0BD148F28113C3824FF4014200231F
:10958800C0E90632038440F2011343827047F0B504
:10959800054689B008880C4616461F46F7F770FE40
:1095A8009DF806308DF8050023F00703C0F302206C
:1095B800034360888DF80630F7F762FE9DF80630A1
:1095C80000F01F0203F0070343EAC2038DF80630D8
:1095D8009DF80730C0F3451023F03F030343A088EC
:1095E8008DF80730F7F74CFE9DF8073000F00302BE
:1095F80003F03F0343EA82138DF80730C0F3870373
:109608008DF808309DF80930C0F3802023F001035D
:109618000343E0888DF80930F7F732FE9DF80930EA
:1096280000F07F0203F0010343EA42038DF809309A
:109638009DF80A30C0F3C31023F00F0303432089B9
:109648008DF80A30F7F71CFE9DF80A3000F00F027B
:1096580003F00F0343EA02138DF80A309DF80B302C
:10966800C0F3061023F07F03034360898DF80B30A5
:10967800F7F706FE9DF80B3000F0010203F07F03B8
:1096880043EAC2138DF80B30C0F347038DF80C3052
:109698009DF80D30C0F3412023F003030343A08954
:1096A8008DF80D30F7F7ECFD9DF80D3000F03F0216
:1096B80003F0030343EA82038DF80D309DF80E3062
:1096C800C0F3841023F01F030343E0898DF80E30A4
:1096D800F7F7D6FD9DF80E3000F0070203F01F03E0
:1096E800C0F3C70043EA42138DF80F00208A8DF8B3
:1096F8000E30F7F7C5FD9DF811308DF8100023F0F6
:109708000703C0F302200343608A8DF81130F7F78E
:10971800B7FD9DF8113000F01F0203F0070343EA7C
:10972800C2038DF811309DF81230C0F3451023F0B4
:109738003F030343A08A8DF81230F7F7A1FD9DF887
:10974800123000F0030203F03F0343EA82138DF85E
:109758001230C0F387038DF813309DF81430C0F32E
:10976800802023F001030343E08A8DF81430F7F7D3
:1097780087FD9DF8143000F07F0203F0010343EAEF
:1097880042038DF814309DF81530C0F3C31023F050
:109798000F030343208B8DF81530F7F771FD9DF803
:1097A800153000F00F0203F00F0343EA02138DF89F
:1097B80015309DF81630C0F3061023F07F030343DD
:1097C800608B8DF81630F7F75BFD9DF8163000F0CA
:1097D800010203F07F0343EAC2138DF81630C0F389
:1097E80047038DF817309DF81830C0F3412123F056
:1097F80003030B43A08B8DF81830F7F741FD9DF854
:10980800183000F03F0203F0030343EA82038DF8A7
:1098180018309DF81930C0F3841023F01F03034358
:10982800E08B8DF81930F7F72BFD9DF81930218C56
:1098380000F0070203F01F0343EA42138DF81930C2
:10984800628C40F2A953994288BF0121C0F3C70036
:1098580098BF00219A428DF81A0088BF41F0020192
:109868000EB141F004010FB141F008010F238DF84A
:10987800043000238DF81C302B688DF81B101B68F2
:10988800192201A92846984709B0F0BD30B5054608
:1098980089B008880C46F7F700FD9DF808308DF868
:1098A800070023F00703C0F30220034360888DF804
:1098B8000830F7F7F2FC9DF8083000F01F0203F0BB
:1098C800070343EAC2038DF808309DF80930C0F356
:1098D800451023F03F030343A0888DF80930F7F7BC
:1098E800DCFC9DF8093000F0030203F03F0343EA73
:1098F80082138DF80930C0F387038DF80A309DF87C
:109908000B30C0F3802023F001030343E0888DF877
:109918000B30F7F7C2FC9DF80B3000F07F0203F024
:10992800010343EA42038DF80B309DF80C30C0F375
:10993800C31023F00F03034320898DF80C30F7F789
:10994800ACFC9DF80C3000F00F0203F00F0343EA63
:1099580002138DF80C309DF80D30C0F3061023F07B
:109968007F03034360898DF80D30F7F796FC9DF867
:109978000D3000F0010203F07F0343EAC2138DF8B3
:109988000D30C0F347038DF80E309DF80F30C0F34B
:10999800412023F003030343A0898DF80F30F7F724
:1099A8007CFC9DF80F3000F03F0203F0030343EA0C
:1099B80082038DF80F309DF81030C0F3841023F027
:1099C8001F030343E0898DF81030F7F766FC9DF814
:1099D800103000F0070203F01F03C0F3C70043EA8A
:1099E80042138DF81100208A8DF81030F7F755FCD6
:1099F8009DF813308DF8120023F00703C0F30220FE
:109A08000343608A8DF81330F7F747FC9DF813304D
:109A180000F01F0203F0070343EAC2038DF8133076
:109A28009DF81430C0F3451023F03F030343A08A88
:109A38008DF81430F7F731FC9DF8143000F003026C
:109A480003F03F0343EA82139DF816208DF8143083
:109A5800C0F387038DF8153022F00102C0F380238C
:109A68001343E08A8DF81630F7F717FC9DF8163087
:109A780000F07F0203F0010343EA42038DF8163039
:109A88009DF81730C0F3C31023F00F030343208B56
:109A98008DF81730F7F701FC9DF8173000F00F022A
:109AA80003F00F0343EA02138DF817309DF81830BE
:109AB800C0F3061023F07F030343608B8DF8183042
:109AC800F7F7EBFB9DF8183000F0010203F07F0375
:109AD80043EAC2139DF81A208DF81830C0F34703E3
:109AE8008DF8193022F00302C0F341231343A08BF1
:109AF8008DF81A30F7F7D1FB9DF81A3000F03F02C5
:109B080003F0030343EA82038DF81A309DF81B30F3
:109B1800C0F3841023F01F030343E08B8DF81B3040
:109B2800F7F7BBFB019B03F07F42104B13430193F4
:109B38009DF81B3000F0070203F01F03C0F3C700B5
:109B480043EA42138DF81C000DF10601172200208C
:109B58008DF81B30F7F70CFC2B688DF81D001B687F
:109B68001A2201A92846984709B030BDC81816001E
:109B78002DE9F04700F124079DF920A09DF82490D5
:109B880090461E4604463B4601F1240251F8040B58
:109B980043F8040B9142F9D1251D39462846F7F7B9
:109BA80029FAE1684B7966B1042B77D8DFE803F02E
:109BB8007C76345C03004FF00423C4E909330026A3
:109BC800B046E3681D796B1E0B2B07D85046043549
:109BD800F7F72CFBEDB204EB45056884E3681D7BC1
:109BE8006B1E0B2B07D848460435F7F73AFBEDB246
:109BF80004EB45056884637C002B55D0237C012B3E
:109C080046D013F0FD0F4FD1334642463946204621
:109C1800BDE8F047FFF7BBBC01F1130304F12200D4
:109C280001F11F054FF0780C13F9012FC2EB8222C6
:109C3800AB4292FBFCF202F5806220F8022FF3D1CE
:109C480004F13A02233140F2FF7513F8010F48B1CD
:109C580002280CBF28464FF48060994222F8020F70
:109C6800F3D1AEE70120F8E704F1220304F146023C
:109C78004FF4806123F8021F9342FBD1022128464A
:109C8800F7F7D6F9103004EB40000023838098E7FB
:109C980039462046BDE8F047FFF7F8BD042B90D8B9
:109CA80013F0FD0F8DD0E9E7BDE8F08730B54B7BA9
:109CB800032B85B005460C4642D191F90000F7F711
:109CC80031FB8DF8030094F90100F7F72BFBA3781B
:109CD8008DF80530E3788DF804008DF80630207B88
:109CE80023798DF80730F7F715FB8DF8080094F9FC
:109CF8000600F7F7EAFA8DF8090094F90700F7F774
:109D080011FB237A8DF80B30637A8DF80C3040F60E
:109D1800C8438DF80A00ADF800300DF10201142394
:109D28000B2200208DF80230F7F722FB2B688DF804
:109D38000D001B680E2269462846984705B030BDBD
:109D4800022B03D1FF238DF80330BCE791F9000003
:109D5800F7F7E8FA8DF80300FF20B8E7837C10B521
:109D6800044633B1F9F7DEF9E37C1BB10023A08286
:109D7800E37410BDA28A801A80B2B0F57A6FF8D960
:109D8800A37404F116012046BDE81040FFF78EBF0A
:109D9800427C22B1037C012B01D1FFF7DFBF704762
:109DA80030B59BB0202200210BA801F0A1FF18229A
:109DB800002102A801F09CFF1C4A136823F4C06329
:109DC80043F400731360136803F4C0630193019BA9
:109DD80001224FF40413CDE9082300230A9310212C
:109DE8000623CDE915134FF40033022403251793F6
:109DF8004FF0005C4FF0007308A8CDE91345CDE99A
:109E0800183C00F045FB08B172B6FEE7CDE9040046
:109E1800CDE906004F23214602A8CDE9023500F01E
:109E2800D1FD08B172B6FEE71BB030BD0004005882
:109E3800154B07B51A6842F480721A601A6842F422
:109E480000721A601A6822F480621A6000F0A0F8A2
:109E5800FFF7A6FF4FF0B043DA6C42F00102DA6474
:109E6800DA6C02F001020192019ADA6C42F0020205
:109E7800DA64DB6C03F002030093009B03B05DF827
:109E880004EBFFF7B5BA00BF004000587047FEE783
:109E9800FEE7FEE7FEE7FEE7704770477047F9F711
:109EA8002FB970470D488546FFF7FBFF0C480D4951
:109EB8000D4A002302E0D458C4500433C4188C421D
:109EC800F9D30A4A0A4C002301E013600432A24283
:109ED800FBD301F043FFFFF7ABFFFEE700000120D3
:109EE8000000002028000020F0DD000828000020E5
:109EF800CC2D0020FEE770474FF0B04310B59A6BA9
:109F08004FF0FF329A63D96BDA630024996B9C6334
:109F1800D96BDC63196C1A64196C1C64596C5A642B
:109F2800596C5C64996A9A62996A9C62D96ADA6225
:109F3800D96ADC62196B1A631A6B1C63FFF7DBFFC3
:109F4800204610BD38B5104C237805460BB90120C2
:109F580038BD00F08DFA22784FF47A73B3FBF2F330
:109F6800B0FBF3F000F074F804460028EFD10F2D91
:109F7800EDD8024629464FF0FF3000F037F8034B82
:109F880020461D60E4E700BF2000002024000020D8
:109F980010B5032000F018F800F06AFA064B1860B4
:109FA8000F20FFF7CFFF044618B9FFF76FFF2046D1
:109FB80010BD0124FBE700BF1C000020014B1868FE
:109FC800704700BF902D00200749CA6822F4E0625C
:109FD8000302120403F4E063120C134343F0BF635B
:109FE80043F40033CB60704700ED00E0164B30B50A
:109FF800DC68C4F30224C4F10703251D042B28BF21
:10A008000423062D4FF0FF358CBF033C002405FACE
:10A0180003F321EA0303A54022EA0502A34000282E
:10A0280043EA0203ACBF00F16040084A4FEA031359
:10A03800B8BF00F00F00DBB2AABF00F561401354AF
:10A0480080F8003330BD00BF00ED00E014ED00E003
:10A058000138B0F1807F0BD24FF0E023054A5861F8
:10A06800F02182F823100020072298611A617047B6
:10A078000120704700ED00E00A4A536943F4802349
:10A0880030B55361EFF3108472B60023CD58C55034
:10A098000433B3F5807FF9D11369DB03FCD484F36F
:10A0A800108830BD00400058064B5A69002ABFBFCF
:10A0B800054A9A6002F188329A60BABF5869C00F9F
:10A0C800002070470040005823016745044B5A6937
:10A0D80042F000425A615869C043C00F704700BF40
:10A0E8000040005870B50546FFF768FF124E044659
:10A0F8003369D90313D43369DA0744BF01223261C3
:10A108004CF2FA32134011D10B4E306910F4802012
:10A118000BD0FFF753FF001BA842F6D304E0FFF76C
:10A128004DFF001BA842E3D3032070BD024A136110
:10A13800024A01205360F8E700400058942D00209F
:10A148002DE9F041184D98462B78012B06460C4610
:10A15800174626D001232B704FF47A7000236B60CA
:10A16800FFF7C0FFA0B9012E16D1104A536943F07A
:10A17800010353612760BFF36F8FC4F804804FF465
:10A188007A70FFF7AFFF094A536923EA0603536160
:10A1980000232B70BDE8F08139462046FFF76CFF9D
:10A1A800EDE70220F6E700BF942D0020004000589C
:10A1B800054A536923F47E7343EAC00040F48030B3
:10A1C80040F0020050617047004000582DE9F0410E
:10A1D800234F3B78012B054688463FD001233B702F
:10A1E8004FF47A7000237B60FFF77CFF044688B940
:10A1F8002B68042B13D11B4A536943F4803343F073
:10A20800040353614FF47A70FFF76CFF0446154B53
:10A218001A681B6800233B702046BDE8F0814FF0A8
:10A22800FF33C8F800306E68D5E901321344B342F1
:10A238000AD93046FFF7BCFF4FF47A70FFF752FF98
:10A2480050B1C8F800600446064A536923F47E7387
:10A2580023F002035361DAE70136E5E70224DBE77E
:10A26800942D002000400058024A136843F480737C
:10A278001360704700040058024B186800F4C0606F
:10A28800704700BF000400584FF0B0431868C0F38F
:10A29800404070474FF0B0431868C0F34000704723
:10A2A8004FF0B042536823F47F4343EA00235360DE
:10A2B80070474FF0B0431868C0F340607047000023
:10A2C8007FB54FF0B0432C4AD3F80831C0F30310E0
:10A2D80003F00F0352F82040284A52F82330B4FB09
:10A2E800F3F4FFF7C9FF264B054693E80700B5F5D9
:10A2F800007F04AB03E9070010D0224B9C4218D31F
:10A3080003F5B70303F67F539C4229D903F5741369
:10A3180003F510639C4225D802230BE01A4B9C429C
:10A3280007D91A4B9C421BD903F5370303F5D853B9
:10A33800F0E7002304AA02EB830353F80C4C144DF6
:10A348002B6823F0070323432B60FFF737FE0646ED
:10A358002B6803F007039C4206D1002004B070BDAF
:10A368000123E7E70024EAE7FFF728FE801B02281D
:10A37800EED90320F2E700BF74DD000814DD000801
:10A3880028BE0008C0CF6A00BFEA21013F9334020B
:10A39800004000584FF0B04310B59A68D96812F0E1
:10A3A8000C0205D00C2A4AD101F00303012B50D12D
:10A3B8004FF0B0412B480B6813F0080306D00B6828
:10A3C80013F0080337D1D1F8941007E00C6824077C
:10A3D80056BFD1F894300968C3F3032350F82330EB
:10A3E800002A0CBF184600204FF0B0418A6802F0DE
:10A3F8000C020C2A1ED1CA6802F00302022A2ED0CF
:10A40800032A06D10B68184A13F4801F174B18BF8C
:10A4180013464FF0B042D068D168D268C0F3062026
:10A428005843C1F302130133B0FBF3F0530F013368
:10A43800B0FBF3F010BD0B68C3F30313CEE7042A97
:10A448000AD0082A05D11B6813F4801304D10748E1
:10A45800CAE700231846C7E703480023C4E7024BAE
:10A46800D7E700BF74DD00080024F4000048E801C5
:10A4780008B5FFF78FFF4FF0B043044A9B68C3F35A
:10A48800031352F82330B0FBF3F008BD14DD0008C5
:10A498002DE9F0410446002853D04FF0B0439D68A1
:10A4A800DE6803689B0605F00C0506F0030668D510
:10A4B800026A1DB10C2D46D1012E44D1002A40D08C
:10A4C8004FF0B043A16A1A68170756BFD3F8943003
:10A4D8001B681B0903F0F00399421FD90846FFF7D0
:10A4E800EFFE00282DD14FF0B042136843F0080367
:10A4F80013601368A16A23F0F0030B431360606ACA
:10A50800FFF7CEFEFFF7B4FFAB4B1860AB4B1868F4
:10A51800FFF718FD002834D0BDE8F0814FF0B042B5
:10A52800136843F008031360136823F0F0030B4328
:10A538001360606AFFF7B4FE0846FFF7C1FE002803
:10A54800E0D00120E8E74FF0B043002A54D01A6861
:10A5580042F001021A60FFF731FD0746FFF79AFE45
:10A56800002842D04FF0B042136843F0080313604C
:10A578001368A16A23F0F0030B431360606AFFF7C6
:10A588008FFE2368D80748D42368990700F18C8088
:10A5980023681E0740F1FA80A3694FF0B046002BEC
:10A5A80000F0E180D6F89430E16903F0100291429E
:10A5B80000F0C48003F00302022AC2D0D80740F199
:10A5C800B380D6F8943023F00103C6F89430FFF72F
:10A5D800F5FC0746D6F89430990740F1A580FFF7B7
:10A5E800EDFCC31B112BF5D904E0FFF7E7FCC01BFA
:10A5F8000228B3D903208FE71A6822F001021A60F3
:10A60800FFF7DCFC0746FFF745FE0028B9D0FFF747
:10A61800D5FCC01B0228F6D9ECE7082D03D00C2D79
:10A6280005D1032E03D16368002BADD189E74FF024
:10A63800B043A1681A6822F480120A431A6062685B
:10A64800B2F5803F10D11A6842F480321A60FFF7E1
:10A65800B5FC0746FFF718FE002895D1FFF7AEFCBA
:10A66800C01B6428F6D9C5E7B2F5041F04D11A68DF
:10A6780042F400121A60E6E7196821F48031196083
:10A68800196821F400111960002AE0D1FFF796FC3F
:10A698000746FFF7F9FD00283FF476AFFFF78EFC79
:10A6A800C01B6428F5D9A5E7042D236903D00C2D18
:10A6B8000ED1022E0CD1002B3FF443AF4FF0B04225
:10A6C8006169536823F0FE4343EA016353605FE71F
:10A6D8004FF0B046BBB1336843F480733360FFF783
:10A6E8006DFC074633685A0507D57368626923F01D
:10A6F800FE4343EA026373604AE7FFF75FFCC31B4C
:10A70800022BEFD976E7336823F480733360FFF7C1
:10A7180055FC074633685B057FF53AAFFFF74EFCFB
:10A72800C31B022BF6D965E74FF0B042E169D2F8B6
:10A73800943023F010030B43C2F894304FF0B04725
:10A74800D7F8943043F00103C7F89430FFF736FC8C
:10A758000646D7F894309A0718D4FFF72FFC831BC6
:10A76800112BF6D946E7D6F8943023F00103C6F842
:10A778009430FFF723FC0746D6F894309B0705D59D
:10A78800FFF71CFCC31B112BF6D933E723685807C6
:10A7980054D50B4F3B68D90514D4FFF765FDFFF777
:10A7A8000DFC06463B68DA050CD4FFF707FC831B53
:10A7B800022BF7D91EE700BF1C0000202400002050
:10A7C80000040058E3684FF0B046002B58D023F03F
:10A7D8008003052B02BFD6F8903043F00403C6F877
:10A7E80090304FF0B046FFF7E9FBD6F8903043F0D1
:10A7F80001030746C6F8903041F28838D6F8903001
:10A808009B0705D4FFF7DAFBC31B4345F6D9F1E6EE
:10A81800E36823F00403812B1BD1FFF7CFFBD6F8A5
:10A82800903043F08003C6F8903007464FF0B046AA
:10A8380041F28838D6F89030180504D5E06A002827
:10A848004AD1002068E6FFF7B9FBC01B4045F1D9A3
:10A85800D0E6FFF7B3FBD6F8903023F08003C6F8B4
:10A86800903007464FF0B04641F28838D6F890301D
:10A878001905E3D5FFF7A2FBC01B4045F6D9B9E699
:10A88800FFF79CFBD6F8903023F080030746C6F804
:10A89800903041F28838D6F890301A0516D4FFF770
:10A8A8008DFBD6F8903023F00103C6F890300746A8
:10A8B8004FF0B04841F28836D8F890309B07BDD5A4
:10A8C800FFF77CFBC31BB342F6D993E6FFF776FB91
:10A8D800C01B4045DFD98DE60C2D4ED04FF0B0435C
:10A8E80002281A6822F080721A6033D1FFF766FBDB
:10A8F8000546FFF7DEFC38BBD4E90C314FF0B04217
:10A908000B43D0682D4901400B43E16B0B43216C8D
:10A918000B43616C0B43A16B43EA0123D3601368BB
:10A9280043F080731360D36843F08053D360FFF71C
:10A9380045FB0446FFF7BDFC002882D1FFF73EFB2C
:10A94800001B0A28F6D955E6FFF738FB401B0A28F2
:10A95800CFD94FE6FFF732FB0446FFF7AAFC30B920
:10A968004FF0B042164BD1680B40D360D4E5FFF7E7
:10A9780025FB001B0A28F0D93CE601283FF4CCADA2
:10A988004FF0B043226BDB6803F0030191427FF480
:10A99800D8AD616B03F070028A427FF4D2ADA16B2F
:10A9A80003F4FE42B2EB012F7FF4CBAD626C03F0EF
:10A9B800604393423FF445AFC3E500BF8C80C111AB
:10A9C800FCFFFEEE2DE9F0410D46044610B90120CA
:10A9D800BDE8F081684E336803F007038B4216D355
:10A9E80023689A0727D54FF0B047A268BB6823F0C1
:10A9F800F0031343BB60FFF7E1FA0646BB68DB03CD
:10AA080019D4FFF7DBFA831B022BF7D911E033685F
:10AA180023F007030B433360FFF7D0FA0746336888
:10AA280003F00703AB42DBD0FFF7C8FAC01B0228CC
:10AA3800F5D90320CCE72368580617D54FF0B0475F
:10AA48006269D7F8083123F00F0343EA1213C7F8F5
:10AA58000831FFF7B3FA0646D7F80831D90305D409
:10AA6800FFF7ACFA831B022BF6D9E2E723685A07F3
:10AA780013D54FF0B047E268BB6823F4E063134393
:10AA8800BB60FFF79BFA0646BB689B0305D4FFF73C
:10AA980095FA831B022BF7D9CBE72368180714D53F
:10AAA8004FF0B0472269BB6823F4605343EAC203FE
:10AAB800BB60FFF783FA0646BB68590305D4FFF766
:10AAC8007DFA831B022BF7D9B3E72368DA070FD483
:10AAD800294C236803F00703AB4239D8FFF7C8FCB9
:10AAE800264B1860264BBDE8F0411868FFF72ABAD4
:10AAF8006268022A1DD1FFF7C7FB00283FF467AF41
:10AB08004FF0B04641F28838B36823F0030313438B
:10AB1800B360FFF753FA0746B368626803F00C03A3
:10AB2800B3EB820FD4D0FFF749FAC01B4045F3D9E5
:10AB38007FE7032A02D1FFF7BCFBDEE712B9FFF774
:10AB4800A9FBDAE74FF0B0431B685B05D8D43EE7B2
:10AB5800236823F007032B432360FFF72FFA0646E9
:10AB6800236803F00703AB42B8D0FFF727FA801B2E
:10AB78000228F5D95DE700BF004000581C000020FE
:10AB88002400002030B5046891FAA1F3B3FA83F3E6
:10AB980003255B0005FA03F324EA030391FAA1F104
:10ABA800B1FA81F149008A401A43026030BD0000C1
:10ABB800B0F1904F0BD14FF0B043DA6A42F0010286
:10ABC800DA62DA6A22F00102DA6201207047144B75
:10ABD800984209D14FF0B043DA6A42F00202DA62D1
:10ABE800DA6A22F00202EFE70E4B984209D14FF0E1
:10ABF800B043DA6A42F00402DA62DA6A22F0040246
:10AC0800E2E7094B984209D14FF0B043DA6A42F0C3
:10AC18008002DA62DA6A22F08002D5E70020704703
:10AC28000004004800080048001C00482DE9F84FBF
:10AC38000E460F6897FAA7F54FF0010BB5FA85F5A0
:10AC48004FF0030A4FF00F0837FA05F302D101203D
:10AC5800BDE8F88F0BFA05F43C4053D0D6F80490C1
:10AC680021464A46FFF78EFF09F1FF33012B19D819
:10AC7800B368816894FAA4F2B2FA82F252000AFA2E
:10AC880002F221EA020294FAA4F1B1FA81F1490030
:10AC98008B40134383604268F36822EA04026343EB
:10ACA800134343603369C16894FAA4F2B2FA82F29A
:10ACB80052000AFA02F221EA020294FAA4F1B1FA65
:10ACC80081F149008B401343B9F1020FC36015D1DC
:10ACD800FF2C716918D8026A94FAA4F3B3FA83F3C3
:10ACE8009B0008FA03F322EA030294FAA4F3B3FAE6
:10ACF80083F39B0001FA03F3134303624A46214698
:10AD0800FFF740FF01359FE7426A230A93FAA3FC45
:10AD1800BCFA8CFC4FEA8C0C08FA0CFC22EA0C02F8
:10AD280093FAA3F3B3FA83F39B009940114341626A
:10AD3800E4E74FF0B0431868C0F3005070474FF095
:10AD4800B0431868C0F3802070474FF0B043D3F881
:10AD58009000C0F3400070474FF0B0431868C0F34C
:10AD6800C00070474FF0B0431868C0F340607047A8
:10AD78004FF0B043044A9B68C3F3031352F82330DF
:10AD8800B0FBF3F0704700BF14DD00084FF0B0438C
:10AD9800034A9B68C3F3022352F82330D840704714
:10ADA80054DD00084FF0B04238B5916801F00C014D
:10ADB800082950D017D889B3042900F08C80FFF7F0
:10ADC800CBFF46490246002876D1FFF7C5FF4FF072
:10ADD800B043012816BFD3F894201B68C2F303229E
:10ADE80051F822002AE00C29E9D1D36803F00303C3
:10ADF800022B5FD0032B37D0FFF7AEFF374C01464D
:10AE080000284AD1FFF7A8FF012816BFD2F89410EE
:10AE18001368C1F3032154F821302CE0FFF79CFF9D
:10AE28002E4D044658B9FFF797FF012816BFD2F8F0
:10AE380094401368C4F3032455F8240038BDFFF781
:10AE48008BFF01280ABF1168D2F89430C1F30311AF
:10AE580055F82100F2E7FFF76CFF214B0146214826
:10AE6800012908BF1846E9E7FFF763FF1D4A1C4B95
:10AE7800012818BF13464FF0B042D068D168D26895
:10AE8800C0F306205843C1F302130133B0FBF3F0BB
:10AE9800530F0133B0FBF3F0D0E7FFF75DFF012854
:10AEA8000BBF1368D2F89430C3F30313002354F88C
:10AEB8002330E0E70A4BDEE7FFF74EFF4FF0B043E1
:10AEC80001280BBF1B68D3F89430C3F30313002386
:10AED80051F82300B2E70248B0E700BF74DD00086C
:10AEE8000024F4000048E8014FF0B04307B51A68A1
:10AEF80042F001021A601A689207FCD51A6822F01B
:10AF0800F00242F060021A605A6822F47F425A60E6
:10AF18005A6822F0FE4242F080425A604FF4E02222
:10AF28009A601A6801920199104A0A400192019A9E
:10AF38001A60FFF717FF0028FBD14FF0B0430C4A07
:10AF4800DA6040F23F3298610192019A1A62D3F8AE
:10AF5800942042F40002C3F8942001204FF44032B8
:10AF6800C3F8082103B05DF804FB00BFFFF4CEFE70
:10AF78000010042210B54FF0B0440328D4F88830EC
:10AF88002AD11F4A03F0030343F44033934209D004
:10AF9800B3F1031F0DD0013A934211D1BDE810401F
:10AFA800FFF700BFFFF7CBFE0128164818BF0020A7
:10AFB80010BDFFF7CAFE431E58425841C003F7E7C9
:10AFC800FFF7F0FEFFF7D4FEA3680F4AC3F3C223CE
:10AFD80052F82330D840EBE7034043EA00400B4BDC
:10AFE8009842DFD0B0F10C1FE3D0043B9842D5D093
:10AFF800FFF7D8FEFFF7BCFEBDE81040FFF7C6BE5E
:10B00800020003000024F40054DD000808000C00CE
:10B018000F4B98420BD14FF0B0431A6C42F4805258
:10B028001A641A6C22F480521A6401207047094B82
:10B0380098420AD14FF0B0439A6B42F480429A6327
:10B048009A6B22F480429A63EFE70020704700BFB2
:10B05800003001400038004003685B0670B50246C6
:10B068002DD4D1E900363343CE68056848690C6AA7
:10B0780033430E6933438E6903433343CE6925F462
:10B088007F45334325F0BF0523432B4313605368A3
:10B098008D6823F4706323F0040345EA10401843D5
:10B0A800B5F5006F50603EBF536843F4805353605A
:10B0B800B4F5005F01D18B8C1361012000E0002002
:10B0C800D36923F40063D36170BD00001A4A036892
:10B0D800904210B502D0B0F1804F09D14C6823F0EE
:10B0E8007003904243EA040309D0B0F1804F06D0C0
:10B0F800124A904203D002F58062904203D1CA6896
:10B1080023F44073134303608B68C3620B88836224
:10B11800094B984207D003F5C053984203D003F572
:10B128008063984201D10B690363436943F00103CB
:10B138004361012010BD00BF002C014000440140C4
:10B14800B1F5805F30B500F0F08009D8102975D0CE
:10B15800B1F5807F00F0AE80012935D0002030BDE8
:10B16800B1F5803F00F00E81B1F5801FF6D1036A7A
:10B17800146823F480130362036A416D21F080711F
:10B1880021F4E04141EA0424116923F4001343EA5D
:10B198000153516823F4801343EA015391498842CB
:10B1A80007D001F5C051884203D001F5806188427B
:10B1B80006D14168956921F4802141EA85214160E1
:10B1C800D2684465C26536E0036A156823F0010356
:10B1D8000362036A4168846924F4803424F07304A8
:10B1E8002C43156923F002032B43556823F0010310
:10B1F8002B437C4DA84207D005F5C055A84203D083
:10B2080005F58065A84212D1556923F0080343EA81
:10B218008503956823F0040343EA8503956921F4BF
:10B2280080712943D56921F4007141EA4501D2684A
:10B238004160846142630362012090E7036A1568F4
:10B2480023F010030362036A4168846924F0807460
:10B2580024F4E64444EA0524156923F0200343EA6C
:10B268000513556823F0100343EA05135D4DA84202
:10B2780007D005F5C055A84203D005F58065A8425A
:10B2880013D1556923F0800343EA8513956823F0A9
:10B29800400343EA8513956921F4806141EA8501F9
:10B2A800D56921F4006141EAC501D2684160846131
:10B2B8008263C0E7036A156823F480730362036A34
:10B2C8004168C46924F4803424F073042C4315695C
:10B2D80023F4007343EA0523556823F4807343EA93
:10B2E8000523404DA84207D005F5C055A84203D014
:10B2F80005F58065A84213D1556923F4006343EA34
:10B308008523956823F4806343EA8523956921F4AE
:10B31800805141EA0511D56921F4005141EA4511EE
:10B32800D2684160C461C26385E7036A156823F483
:10B3380080530362036A4468C16921F0807121F473
:10B34800E64141EA0521156923F4005343EA053330
:10B35800556823F4805343EA0533224DA84207D0A9
:10B3680005F5C055A84203D005F58065A84204D16B
:10B37800956924F4804444EA8514D2684460C16124
:10B38800026458E7036A146823F480330362036A8B
:10B39800416D21F4803121F070010C43116923F4CF
:10B3A800003343EA0143516823F4803343EA0143FD
:10B3B8000C49884207D001F5C051884203D001F5F5
:10B3C8008061884206D14168956921F4803141EA5B
:10B3D800052141604465816DD268090C0904114357
:10B3E800816528E7002C01400F4B98420BD14FF0A4
:10B3F800B0431A6C42F480421A641A6C22F48042F8
:10B408001A6401207047094B98420AD14FF0B043A3
:10B418009A6B42F400329A639A6B22F400329A6370
:10B42800EFE70020704700BF0038014000440040AB
:10B4380038B50368DB0704460D464DD42A69AB6866
:10B44800016813436A691343EA691343234A0A40AC
:10B45800134303604368EA6823F44053134343608B
:10B468008368AA6923F44073134383601C4B984292
:10B4780020D10320FFF77EFD2B68F0B16A68E2B1A6
:10B488000B2B15D8174951F82330E969B0FBF3F0B5
:10B49800B1F5004F4FEA520319D103EB4003B3FB58
:10B4A800F2F34FF6F0721A40C3F342031343E3601A
:10B4B800012003E00C4B984207D00020E26A2B8859
:10B4C80022F00F021343E36238BD0C20D2E7034495
:10B4D800B3FBF2F39BB2EAE70020F5E7F369FFEF6D
:10B4E80000380140B4DD00080044004030B5302485
:10B4F80042F20F75A84212D80C703021B0F57A7F4D
:10B5080014D211703022632816D81A7030230928F3
:10B5180017D8039A1370049B3030187030BDA0F50B
:10B528001C5001341038E4B280B2E3E70131A0F5D1
:10B538007A70C9B280B2E1E701326438D2B280B21F
:10B54800E1E701330A38DBB280B2E0E713B50B1D3F
:10B558000193CB1C00934A1C8B1C0C46FFF7C6FFBB
:10B568000023637102B010BD03099F2800F00F008B
:10B5780094BF3033373309280B7094BF30303730DD
:10B58800002348708B70704708B50249FFF7ECFF3D
:10B59800084608BDAC2D002013B503688DF80710C8
:10B5A8009C680DF107010123A04702B010BD07B543
:10B5B80003688DF807101B6901220DF107019847F0
:10B5C80003B05DF804FB2DE9F0411D46036804460D
:10B5D8005B690F4616469847236820461B689847BC
:10B5E800221D39462046FFF7D7FF2DB123682A468A
:10B5F8001B69314620469847236820465B68984770
:10B60800236820469B69BDE8F0410C2118472DE9C5
:10B61800F0411E46036804465B6915460F46984785
:10B62800236820461B689847221D39462046FFF7A5
:10B63800B3FF20460021FFF7BAFF23682046DB68E6
:10B64800324629469847236820465B68BDE8F041A2
:10B6580018472DE9F0411F46036804465B690D460B
:10B6680016469847236820461B689847221D20469F
:10B678000D21FFF791FF290A2046FFF798FFE9B24D
:10B688002046FFF794FF236831463A4620461B6957
:10B698009847236820465B689847236820469B693B
:10B6A800BDE8F0410C21184707B501238DF80720A4
:10B6B8000DF10702FFF7CDFF03B05DF804FB2DE99C
:10B6C800F0411F46036804465B690D4616469847D5
:10B6D800236820461B689847221D20461D21FFF736
:10B6E8005BFF290A2046FFF762FFE9B22046FFF711
:10B6F8005EFF20460021FFF75AFF23682046DB68DB
:10B708003A4631469847236820465B68BDE8F041D1
:10B71800184707B501230DF10702FFF7D0FF9DF881
:10B72800070003B05DF804FB2DE9F0411E460368ED
:10B7380004465B690F4615469847236820461B68F0
:10B748009847221D20460E21FFF726FF394620463E
:10B75800FFF72DFF23682946324620461B69984784
:10B76800236820465B689847236820469B69BDE8A4
:10B77800F0410C2118472DE9F0411E4603680446A4
:10B788005B690F4615469847236820461B6898470B
:10B79800221D20461E21FFF7FFFE39462046FFF7EF
:10B7A80006FF20460021FFF702FF23682046DB68DA
:10B7B800324629469847236820465B68BDE8F04131
:10B7C800184710B5002304461A46C021FFF7FBFEB0
:10B7D800207910BD37B504460D468DF807100123B2
:10B7E80080210DF10702FFF7EEFE2368012D9B690A
:10B7F8000CBF322140F2DC51204603B0BDE8304096
:10B80800184737B501230C468DF807100DF10702CC
:10B818008A210546FFF7D7FEAC7103B030BD07B5E6
:10B82800042309BA01910DEB03028621FFF7CBFE31
:10B8380003B05DF804FB07B502238DF804108DF8FA
:10B8480005208F2101AAFFF7BEFE03B05DF804FBB7
:10B8580037B58DF8063000238DF8073004230446E9
:10B8680015468DF804108DF805208B210DEB030289
:10B87800FFF7A9FE40F689012046FFF74AFF062D8B
:10B8880016BF40F0040200F0FB02D2B240F6890174
:10B8980020468DF80420FFF707FF03B030BD73B5CD
:10B8A80015468DF8033000229DF818309DF81C606D
:10B8B8008DF8002004468DF801108DF804308C2195
:10B8C80006236A468DF802508DF80560FFF77BFE67
:10B8D80040F236712046FFF71CFF5EB100F0FB0214
:10B8E80040F2367120468DF80020FFF7DDFE6571C5
:10B8F80002B070BD40F00402D2B2F1E707B55BBAFE
:10B90800ADF80430BDF810305BBAADF8063049BA6E
:10B91800082352BAADF80010ADF8022019466A465D
:10B92800FFF751FE03B05DF804FB07B5022301AA37
:10B938001221FFF76CFE9DF804309DF8050000EB1E
:10B94800032080B203B05DF804FB07B5022349BAAF
:10B95800ADF8041001AA1946FFF735FE03B05DF8EB
:10B9680004FB07B502238DF804108DF805208E21FD
:10B9780001AAFFF728FE03B05DF804FB13B56FF0CA
:10B988007F43994228BF19460B0C04468DF80430B2
:10B998000B0A8DF805308DF8061001AA03238321C0
:10B9A800FFF711FE236864219B692046984702B07F
:10B9B80010BD13B56FF07F43994228BF19460B0C91
:10B9C80004468DF804300B0A8DF805308DF8061002
:10B9D80001AA03238221FFF7F6FD236864219B69EE
:10B9E8002046984702B010BD37B503230D461446CC
:10B9F800142101AAFFF70BFE9DF804305B085B4297
:10BA08002B809DF90530002BB8BF03339B102370A2
:10BA180003B030BD10B543680D4A23F07F4323F0CF
:10BA2800FF039342044611D1002240F60211FFF7AA
:10BA38003BFE40F644112046FFF76BFE40F0020241
:10BA4800D2B240F644112046FFF72EFE10BD00BFCB
:10BA58000001010070B505460E46FFF766FF314646
:10BA680004462846FFF771FFA30702D52846FFF7CB
:10BA7800D1FF204670BD07B5002914BF40232023FD
:10BA88008DF807300DF1070201239321FFF79BFD85
:10BA980003B05DF804FB10B5002304461A46C12123
:10BAA800FFF791FD236820469B69BDE810404621B9
:10BAB800184708B5FFF785FE80B208BD07B5002313
:10BAC800ADF8043001AA02230721FFF77CFD03B07B
:10BAD8005DF804FB07B5130C8DF8053052BA042342
:10BAE8008DF80410ADF8062097210DEB0302FFF73F
:10BAF8006AFD03B05DF804FB08B50A4640F6AC01E0
:10BB0800FFF7D2FD08BD10B540F6D8010446FFF78F
:10BB180000FE40F01E02D2B240F6D8012046FFF7E0
:10BB2800C3FD10BD08B50A4640F6E701FFF7BCFDA6
:10BB380008BD000007B5054B019304230DEB030274
:10BB48009521FFF740FD03B05DF804FB04070001F1
:10BB580007B502238DF804108DF80520982101AA55
:10BB6800FFF731FD03B05DF804FB000000000000A2
:10BB780013B504461C48B0FBF1F1080C8DF8000021
:10BB8800080A8DF8010004988DF803208DF8043018
:10BB98008DF80210F4F736FC11A3D3E90023F4F76B
:10BBA800D5FDF4F7BBFE030C8DF8053043BA6A46A1
:10BBB800ADF80630204608238B21FFF704FD40F638
:10BBC80089012046FFF7A5FD40F00402D2B240F6F5
:10BBD800890120468DF80020FFF766FD02B010BDF0
:10BBE800000000008084EE3F0000093D1FB58DF87D
:10BBF80007309DF818308DF808309DF81C308DF806
:10BC080009309DF820308DF80A309DF824308DF8E1
:10BC18000B3049BA9DF82830ADF804108DF806208D
:10BC28008DF80C3001AA09238C21FFF7CCFC05B054
:10BC38005DF804FB07B5002349BAADF80010ADF86C
:10BC4800023001936A4608234FF4D861FFF701FDDB
:10BC580003B05DF804FB13B503230C4601AA1421B5
:10BC6800FFF7D5FC9DF806305B085B42238002B0E5
:10BC780010BD0000C0F3C7537F3B162B10B501461B
:10BC880014DC002B07DA013300F0004101D141F048
:10BC98007E51084610BD084A1A411042F9D04FF4A7
:10BCA80080011941014421EA0201F2E7802BF0D119
:10BCB800F4F75AFE0146ECE7FFFF7F00884210B513
:10BCC80001EB020402D98442234607D8431EA1424D
:10BCD80008D011F8012B03F8012FF8E702440146B8
:10BCE8008A4200D110BD13F8014D02F8014DF7E763
:10BCF80002440346934200D1704703F8011BF9E759
:10BD080010B50246147813460132002CFAD1013BD3
:10BD180011F8012B03F8012F002AF9D110BDC9B27F
:10BD28000346184613F8012B12B18A42F9D170471D
:10BD3800002918BF0020704710B56AB1013984186E
:10BD480010F8012B11F8013F9A4203D1A04201D00B
:10BD5800002AF5D1D01A10BD1046FCE770B50D4D7C
:10BD68000D4C641BA4100026A64209D10B4D0C4CA7
:10BD780000F02EF8641BA4100026A64205D170BD61
:10BD880055F8043B98470136EEE755F8043B9847C9
:10BD98000136F2E7E4DD0008E4DD0008E4DD000830
:10BDA800ECDD0008034611F8012B03F8012B002AEB
:10BDB800F9D170470A44914200F1FF3300D170472E
:10BDC80010B511F8014B03F8014F9142F9D110BD9C
:10BDD800F8B500BFF8BC08BC9E467047F8B500BF70
:08BDE800F8BC08BC9E46704740
:10BDF00018120C180101011919011919010606017F
:10BE000006060103030103030102020102020112FB
:10BE10000C01120C00206C0002206A006D007700FB
:10BE20000205010202010000000000000100000004
:10BE3000020000006D696E2C00206D572C00322E20
:10BE40003447003931354D003836384D00343333FE
:10BE50004D003730636D003836364D004455414C47
:10BE6000003F003530487A003331487A0031394894
:10BE70007A00464C52430046534B003139487A37DA
:10BE80007800011F136F011300D57FAAFE2B815488
:10BE900029FC5683D702A87D52872DF8AC79D306AA
:10BEA0007BAE04D18550FA2FA471DB0E5A8F25F09A
:10BEB0008D58F22773A60CD9F623895C08DD77A28A
:10BEC000DF0AA07521F45E8B9D48E23763B61CC97A
:10BED000B461CB1E4A9F35E0CF1AB06531E44E9B6A
:10BEE000E633994C18CD67B239EC4693C712B86D5A
:10BEF00010C56FBAEE3B91446BBE14C19540EA3F4A
:10BF000042973DE8BC69C316EF3A904511C46EBB39
:10BF1000C613B96C38ED4792BD68C21743963CE929
:10BF20009441EB3E6ABF15C04B9E34E1B560CA1F19
:10BF300062B71DC89C49E33619CC66B3E732984D09
:10BF400030E54F9ACE1BB16472A70DD88C59F326F9
:10BF50005B8E24F1A570DA0F20F55F8ADE0BA174E9
:10BF600009DC76A3F722885DD603A97C28FD5782D9
:10BF7000FF2A805501D47EAB8451FB2E7AAF05D0C9
:10BF8000AD78D20753862CF9616263646566676891
:10BF9000696A6B6C6D6E6F70717273747576777899
:10BFA000797A303132333435363738395F232D2EB4
:10BFB0000000010001000200020002000300040072
:10BFC0000500060008000A000C001000140019000B
:10BFD0002000280032003F00500064007D009E00D9
:10BFE000C800FA003C019001F40176022003E80346
:10BFF000E204DC05D00700000000000000000000A3
:10C00000CD1900080000000000000000D919000848
:10C010000000000000000000B51900080001020443
:10C02000050301020001020503046D6C72732E30DA
:10C03000005365747570537461727453747834521C
:10C040007800536574757053746172744D61726BCE
:10C0500065720021656E64210044495920453737D7
:10C0600020453232204475616C42616E64006D4C33
:10C07000525301020304006D4C52530403020100A9
:10C080000A0040504152414D2F706172616D2E7017
:10C09000636B006661696C20610020005378206E3C
:10C0A0006F74206F6B00537832206E6F74206F6B4B
:10C0B000002E00000000000000000000E522000843
:10C0C000FD220008A12B0008CD2B0008EB2B000857
:10C0D00029270008251B0008F11B000800000000AC
:10C0E00000000000251F0008111F0008AF2C0008E9
:10C0F000D92C0008F72C0008C9270008251B0008C8
:10C10000071C00080000000000000000071B0008DA
:10C11000CF300008A52F0008E52E0008BB2E000830
:10C120001D1C0008492F0008391C0008152F0008A5
:10C130005D1C00080000000000000000071B000854
:10C14000091B00080B1B00080D1B0008111B000831
:10C15000131B0008171B00081B1B00081D1B0008F1
:10C16000211B00080000000000000000DB51000857
:10C17000795200085D5200083D520008000000009E
:10C1800000000000071B0008791C00080B1B0008BA
:10C190000D1B0008697E0008E57E00081D6600088A
:10C1A0008D6600081D1B0008211B0008414E474CEE
:10C1B0004500484F52495A4F4E004E415620414C7F
:10C1C00054484F4C440048454144494E4720484F4D
:10C1D0004C44004845414446524545004845414489
:10C1E00041444A0043414D53544142004E41562080
:10C1F000525448004E415620504F53484F4C440033
:10C200004D414E55414C00424545504552004C452C
:10C210004453204F4646004C4947485453004F531F
:10C2200044204F46460054454C454D455452590014
:10C230004155544F2054554E4500424C41434B42CA
:10C240004F58004641494C53414645004E41562007
:10C25000575000414952204D4F444500484F4D45ED
:10C2600020524553455400474353204E4156004603
:10C27000505620414E474C45204D49580053555289
:10C280004641434500464C415045524F4E0054559F
:10C29000524E20415353495354004E4156204C4175
:10C2A000554E434800534552564F204155544F5424
:10C2B00052494D0043414D45524120434F4E545247
:10C2C0004F4C20310043414D45524120434F4E5485
:10C2D000524F4C20320043414D45524120434F4E76
:10C2E00054524F4C2033004F534420414C54203182
:10C2F000004F534420414C542032004F53442041BE
:10C300004C542033004E415620434F555253452044
:10C31000484F4C44004D43204252414B494E470048
:10C3200055534552310055534552320055534552ED
:10C3300033005553455234004C4F49544552204325
:10C3400048414E4745004D5350205243204F5645DB
:10C3500052524944450050524541524D00545552A5
:10C36000544C45004E4156204352554953450041D7
:10C3700055544F204C4556454C205452494D00577A
:10C380005020504C414E4E455200534F4152494E61
:10C3900047004D495353494F4E204348414E47456E
:10C3A00000424545504552204D555445004D554C91
:10C3B00054492046554E4354494F4E004D49584527
:10C3C000522050524F46494C452032004D49584565
:10C3D00052205452414E534954494F4E00414E470A
:10C3E0004C4520484F4C440047494D42414C204C5D
:10C3F0004556454C2054494C540047494D42414C08
:10C40000204C4556454C20524F4C4C0047494D421C
:10C41000414C2043454E5445520047494D42414C02
:10C420002048454144545241434B45520000800C42
:10C43000D007B704C71B800CB7040410020A0B0610
:10C44000972304100B06000000000000000000000D
:10C4500038D800082B13000010D800080A0000008C
:10C46000000000000000000004D8000803000000E5
:10C470000000000000000000800080FF00000100BC
:10C480000A000A000E0019001400640016009E0045
:10C490006162636465666768696A6B6C6D6E6F7014
:10C4A0007172737475767778797A303132333435C6
:10C4B000363738395F232D2E0000000000070E09A3
:10C4C0001C1B1215383F363124232A2D70777E79B4
:10C4D0006C6B6265484F464154535A5DE0E7EEE9A4
:10C4E000FCFBF2F5D8DFD6D1C4C3CACD90979E9994
:10C4F0008C8B8285A8AFA6A1B4B3BABDC7C0C9CE84
:10C50000DBDCD5D2FFF8F1F6E3E4EDEAB7B0B9BE73
:10C51000ABACA5A28F88818693949D9A2720292E63
:10C520003B3C35321F18111603040D0A5750595E53
:10C530004B4C45426F68616673747D7A898E878043
:10C5400095929B9CB1B6BFB8ADAAA3A4F9FEF7F033
:10C55000E5E2EBECC1C6CFC8DDDAD3D4696E676023
:10C5600075727B7C51565F584D4A4344191E171013
:10C5700005020B0C21262F283D3A33344E49404703
:10C5800052555C5B7671787F6A6D64633E393037F3
:10C5900022252C2B0601080F1A1D1413AEA9A0A7E3
:10C5A000B2B5BCBB9691989F8A8D8483DED9D0D7D3
:10C5B000C2C5CCCBE6E1E8EFFAFDF4F300000000E1
:10C5C0003209000000000000010000007C2B000088
:10C5D0000000000002000000890C000000000000C4
:10C5E00004000000ED0E030C0D000000050000002B
:10C5F000D91C0100000000000600000068030000D4
:10C60000000000000700000077200000000000008C
:10C610000800000075240000000000000B0000006E
:10C62000590601040000000014000000D6140302A3
:10C6300003000000150000009F020300010000003D
:10C6400016000000DC1900000000000017000000C8
:10C65000A8170304050000001800000018340000AB
:10C660000000000019000000176500000000000035
:10C670001A000000AA180000000000001B000000C3
:10C68000901D0000000000001C000000431000008E
:10C69000000000001D0000007310000000000000FA
:10C6A0001E000000271C0000000000001F0000000A
:10C6B000F63000000000000020000000B91C00005F
:10C6C0000000000021000000681C000000000000C5
:10C6D00022000000ED160000000000002300000012
:10C6E000F41600000000000024000000DE25000019
:10C6F0000000000025000000D4070304050000002E
:10C7000026000000090703040500000027000000C0
:10C71000FE2603202100000028000000E605030299
:10C7200003000000290000001C04030203000000B5
:10C730002A0000001C120000000000002B00000076
:10C7400084030300010000002C000000DD09030247
:10C75000030000002D000000E803030001000000BA
:10C760002E0000000B020000000000002F0000005F
:10C770009908030001000000300000002915010C99
:10C78000000000003100000027140000000000003D
:10C79000320000004E250312130000003300000099
:10C7A000C40503020300000035000000030500007B
:10C7B00000000000360000000F1B031819000000E5
:10C7C0003700000003190000000000003D000000D9
:10C7D000A7480000000000003E000000B71A00005B
:10C7E000000000003F00000077B5000000000000DE
:10C7F00040000000BFE10000000000004100000018
:10C80000762A0000000000004200000094060302A7
:10C8100003000000430000001504000000000000B9
:10C8200045000000F31E010A000000004600000061
:10C830007C2603101100000049000000262603207A
:10C84000210000004A000000141400000000000055
:10C850004B0000009E23031E1F0000004C00000040
:10C860009821031E1F0000004D0000008F0A0308DE
:10C8700009000000500000000E0403020300000045
:10C88000510000006A160000000000005200000085
:10C89000313303242500000053000000162500005A
:10C8A00000000000540000008F3503323300000008
:10C8B000550000008C33000000000000560000000E
:10C8C00005350332330000005700000096330000A6
:10C8D0000000000059000000E71C000000000000FC
:10C8E0005A000000B7380000000000005B000000A4
:10C8F0003F2A0000000000005C000000362100001C
:10C90000000000005D0000002F510000000000004A
:10C9100064000000AF22000000000000650000007D
:10C920006675000000000000660000009E750000B3
:10C930000000000067000000D03900000000000087
:10C94000680000003874000000000000690000006A
:10C950005D3F0000000000006A0000008A2C00001B
:10C96000000000006B0000006C41000000000000AF
:10C970006C000000205C0000000000006D00000062
:10C98000B9090000000000006E00000054FE030121
:10C99000020000006F0000002212031011000000CE
:10C9A00070000000AE0C00000000000071000000EC
:10C9B0007C2700000000000072000000ED2C000049
:10C9C00000000000730000000440000000000000B0
:10C9D000740000004C18000000000000750000000A
:10C9E000800603040500000076000000380E0000F9
:10C9F0000000000077000000740C030A0B00000028
:10CA0000780000008661000000000000790000004E
:10CA1000ED020300010000007A000000CB020300D9
:10CA2000010000007B000000FA710300010000001B
:10CA30007C00000057390000000000007D0000006D
:10CA4000CB060000000000007E000000DC51034F18
:10CA5000500000007F0000001923000000000000CB
:10CA600080000000E22300000000000081000000C0
:10CA70002E18000000000000820000001D0D0000C4
:10CA80000000000083000000DFFF00000000000045
:10CA90008400000055270000000000008500000011
:10CAA000061200000000000086000000E52B0000D8
:10CAB0000000000087000000CB080000000000001C
:10CAC000880000000116000000000000890000003E
:10CAD000C3100000000000008A0000006D78000014
:10CAE000000000008B000000A82B03292A00000092
:10CAF0008C000000B5290000000000008D0000003F
:10CB00002F200000000000008E00000048F300000D
:10CB1000000000008F0000008310000000000000F3
:10CB2000900000007F5D0000000000009200000007
:10CB30006764000000000000930000009A360000C7
:10CB40000000000094000000B24E00000000000051
:10CB500095000000C83C00000000000096000000A6
:10CB6000862A00000000000097000000DB08030692
:10CB70000700000098000000D0080000000000003E
:10CB800099000000BC0C0000000000009A000000AA
:10CB9000540F0306070000009B000000160D03045D
:10CBA000050000009C0000001306030001000000C7
:10CBB0009D000000150F030C0D0000009E000000FA
:10CBC000860F030C0D000000A00000004E0C0308AF
:10CBD00009000000A1000000440303000100000060
:10CBE000A2000000BD09000000000000A30000003A
:10CBF0007F1C000000000000A40000009A2C000030
:10CC000000000000A5000000150300000000000067
:10CC1000A60000001509000000000000A7000000A9
:10CC20009016000000000000A8000000010C0000A9
:10CC300000000000A9000000EA120000000000004F
:10CC4000AA0000004922000000000000AB00000024
:10CC5000B542000000000000AC00000016620000B9
:10CC600000000000AD0000005308000000000000BC
:10CC7000AE000000A730000000000000AF00000080
:10CC80008A13030E0F000000B0000000EA03030047
:10CC900001000000B1000000F014000000000000DE
:10CCA000B20000002F18000000000000B3000000D8
:10CCB000BD1D011A00000000B4000000342F012A3D
:10CCC00000000000B5000000AE04000000000000FD
:10CCD000B6000000E528000000000000B7000000DA
:10CCE0005502030001000000B80000009FCE0304BD
:10CCF00005000000B9000000BA07030405000000A9
:10CD0000BA000000481D030001000000BF00000041
:10CD10005C1B000000000000C00000002436000082
:10CD200000000000C1000000471A000000000000E1
:10CD3000C20000006221000000000000C3000000EB
:10CD40007825000000000000C8000000862A0328A3
:10CD500029000000C9000000CD0E030C0D000000EA
:10CD6000D60000004508030607000000D7000000B9
:10CD70006503000000000000D8000000320303003B
:10CD800001000000D9000000CA06000000000000F9
:10CD9000DA0000001107030001000000DB000000C2
:10CDA000A202000000000000DC00000022200000C1
:10CDB00000000000DD000000472A00000000000025
:10CDC000DE0000000F03000000000000DF00000094
:10CDD000772F032A2B000000E0000000662D032AB5
:10CDE0002B000000E1000000D0490000000000001E
:10CDF000E2000000CF08000000000000E600000094
:10CE0000A32A000000000000E700000069280000DD
:10CE100000000000E8000000974100000000000052
:10CE2000E900000023B6000000000000EA00000056
:10CE30009628000000000000EB000000B32A00006C
:10CE400000000000F10000005A2000000000000077
:10CE5000F2000000683C000000000000F300000049
:10CE6000553D013400000000F40000005F060000A2
:10CE700000000000F5000000820200000000000039
:10CE8000F6000000B826000000000000F7000000D7
:10CE90005113000000000000F800000008FE03032A
:10CEA00004000000F9000000CC2400000000000095
:10CEB000FA000000311E000000000000FB0000002E
:10CEC000AA12000000000000FC0000002C1200006C
:10CED00000000000FD0000005336000000000000CC
:10CEE000FE0000002E09000000000000000100000C
:10CEF000472A03080900000001010000830900001F
:10CF00000000000002010000BBE803000100000077
:10CF1000030100005CED00000000000004010000BF
:10CF2000920E00000000000005010000B33D00006B
:10CF300000000000060100000C17000000000000C7
:10CF40000701000085FF000000000000080100004C
:10CF50003120000000000000090100001A14000048
:10CF6000000000000A010000C1FF030203000000EE
:10CF70000B01000023FF0302030000000C0100006E
:10CF80000E040302030000000D0100006DD7000035
:10CF9000000000000E0100003B1400000000000033
:10CFA0000F01000016350000000000001301000012
:10CFB0007E2000000000000014010000123200007A
:10CFC00000000000150100003E1E000000000000EF
:10CFD00018010000462100000000000019010000B7
:10CFE000300D0000000000001A0100007B23032028
:10CFF000210000001B0100004A9100000000000019
:10D000001C0100006320031E1F0000001D01000022
:10D0100089310326270000001E010000D2390332A7
:10D02000330000001F010000011703141500000069
:10D030002001000014170314150000002201000055
:10D04000FB2E000000000000230100000A39000050
:10D050000000000024010000E3DF031819000000B5
:10D0600027010000EA0C0000000000002801000079
:10D0700032230000000000002B01000013620000BA
:10D08000000000002C010000D91600000000000084
:10D090002D010000F33A00000000000036010000FE
:10D0A0001C11000000000000370100005F74000048
:10D0B0000000000040010000F31403020300000020
:10D0C000410100005802030001000000420100007D
:10D0D000F395000000000000430100004E930300A0
:10D0E00001000000440100008492000000000000E4
:10D0F0004A01000017A70000000000004B010000DB
:10D100005BE90000000000004C010000ECEF0000B3
:10D11000000000004D010000E76D0000000000006D
:10D120004E010000480A0000000000004F0100000E
:10D13000E11800000000000050010000F55400005C
:10D140000000000053010000C705000000000000BF
:10D150005401000063460000000000005901000077
:10D16000D1150302030000005E010000E8FC00008E
:10D170000000000062010000D20E030C0D00000050
:10D1800063010000060C00000000000068010000C0
:10D190000B19000000000000690100005D21000083
:10D1A000000000007101000097180000000000005E
:10D1B000720100004B6D00000000000073010000D0
:10D1C0000A1A000000000000740100001A8C000020
:10D1D0000000000075010000752A0000000000003A
:10D1E00077010000FB8C00000000000078010000C7
:10D1F000C7080000000000007C010000E8140000E7
:10D20000000000008101000093850302030000007C
:10D210008201000084100304050000008301000067
:10D2200004480304050000008401000008250320D1
:10D2300021000000860100009CF0000000000000BA
:10D240008B01000000D40000000000008C010000F1
:10D2500032A00000000000008D010000B66C00004C
:10D2600000000000900100006EFE030405000000B5
:10D2700091010000B7060304050000009A010000B8
:10D28000A0350000000000009B0100006A030000C0
:10D29000000000009C0100002106030405000000BE
:10D2A0009D0100004D070304050000009E010000E1
:10D2B0006D100000000000009F010000A1100000A0
:10D2C00000000000A401000014490306070000004C
:10D2D000B3010000862E000000000000B401000031
:10D2E000C109000000000000B50100001E0100009F
:10D2F00000000000B8010000422300000000000010
:10D30000B9010000A911000000000000FE010000AA
:10D31000F56A000000000000FF0100001C4700004B
:10D320000000000000020000B80200000000000041
:10D33000421F0000DA10000000000000431F000040
:10D34000E729000000000000441F0000AC6200005C
:10D3500000000000451F0000FB2600000000000048
:10D36000461F0000610E000000000000471F000083
:10D370004020000000000000481F0000EA210000DB
:10D3800000000000491F0000901000000000000095
:10D390004A1F00009B290000000000004B1F0000F6
:10D3A00014660000000000004C1F00003610000052
:10D3B000000000004D1F0000DE2E000000000000F5
:10D3C0004E1F0000C80E0000000000004F1F0000AC
:10D3D0001718000000000000501F00009512000008
:10D3E00000000000282300007189000000000000F8
:10D3F0002D2300007522000000000000112700000E
:10D40000D11400000000000012270000BA2900001B
:10D4100000000000132700000401000000000000CD
:10D4200014270000850900000000000015270000F7
:10D43000670900000000000016270000C10400007A
:10D440000000000017270000471100000000000046
:10D4500018270000F00E000000000000A7270000C1
:10D46000C355000000000000F82A000086340304C1
:10D4700005000000F92A00000F88000000000000ED
:10D48000FA2A0000EAB4030405000000FB2A0000A9
:10D490004005000000000000FC2A00000BE8030823
:10D4A00009000000FD2A00005DE600000000000009
:10D4B000022B00002E31000000000000032B0000B2
:10D4C0006A2C0000000000000C2B0000CD100000B2
:10D4D00000000000162B0000902C0000000000004F
:10D4E000172B0000852C000000000000182B000006
:10D4F000552C000000000000192B0000C32503106C
:10D50000110000001A2B00004F0500000000000071
:10D510001B2B000080080304050000001C2B0000EA
:10D52000B1220000000000001D2B0000821C000042
:10D53000000000001E2B00002F260000000000004D
:10D540001F2B00008E09000000000000202B0000AF
:10D55000842C000000000000212B0000D02C0000D3
:10D5600000000000222B0000C92C00000000000079
:10D57000232B0000C12C000000000000242B000021
:10D58000BD2C000000000000342B0000A24E000063
:10D590000000000064320000722C03000100000053
:10D5A00065320000FE3B031E1F00000066320000D3
:10D5B0008C3503040500000067320000F92E0300DB
:10D5C00001000000683200004D36031C1D00000001
:10D5D00069320000312B03000100000073320000AB
:10D5E0005EF9030001000000763200008B3300007A
:10D5F0000000000077320000071203101100000045
:10D6000078320000140500000000000068420000AD
:10D6100067B3000000000000FE4200001A21000075
:10D6200000000000FF420000481000000000000061
:10D63000014300001311000000000000024300003D
:10D640005911000000000000034300001B0A000005
:10D6500000000000044300000E5B0000000000001A
:10D6600005430000BB54000000000000064300001A
:10D670006A1800000000000010A40000E301000090
:10D680000000000011A40000EF2E000000000000C8
:10D6900051C30000F62000000000000052C300004B
:10D6A000B5F600000000000053C300003E13000068
:10D6B0000000000054C30000F00A03080900000045
:10D6C00055C30000980603040500000020CB0000AD
:10D6D0000D6400000000000021CB0000EF010000FD
:10D6E0000000000015CD0000F01100000000000057
:10D6F00016CD0000584E00000000000017CD0000BD
:10D70000605500000000000018CD0000B11C0000B2
:10D710000000000019CD0000D7320000000000001A
:10D7200078CD0000B52603202100000079CD00004F
:10D73000662400000000000060EA000004160314E4
:10D74000150000006AEA0000D0210000000000007F
:10D750006BEA0000B7070000000000006CEA000060
:10D7600063240320210000006DEA000081180314E7
:10D77000150000006EEA00008608030405000000A2
:10D7800074EA0000CA0400000000000088EA0000FB
:10D790009CF500000000000089EA0000BFFF0000C7
:10D7A000000000008DEA00000E17030203000000D5
:10D7B0008EEA0000AB1C0308090000008FEA00009D
:10D7C000370700000000000091EA0000610C000033
:10D7D0000000000092EA0000DC0E000000000000E3
:10D7E00093EA0000F51800000000000094EA000031
:10D7F000652C00000000000095EA00002D060000E6
:10D80000000000008FC2151B51B81E1B14AE171B61
:10D810006666F435CCCCFC353333053699990D3634
:10D820000000163666661E36CCCC263633332F36CD
:10D8300099993736000040366666663800007038C1
:10D840009999793833338338CCCC8C3866669638DE
:10D850000000A0389999A9383333B338CCCCBC3800
:10D860006666C6380000D0389999D9383333E33822
:10D87000CCCCEC386666F638000000399999093945
:10D8800033331339CCCC1C39666626390000303965
:10D890009999393933334339CCCC4C39666656398A
:10D8A000000060399999693933337339CCCC7C39AC
:10D8B0006666863900009039999999393333A339CE
:10D8C000CCCCAC396666B6390000C0399999C939F3
:10D8D0003333D339CCCCDC396666E6390000F03915
:10D8E0009999F9390000891112239B322446AD57CA
:10D8F0003665BF74488CC19D5AAFD3BE6CCAE5DB98
:10D900007EE9F7F88110080193331A22A5562C47B7
:10D91000B7753E64C99C408DDBBF52AEEDDA64CB77
:10D92000FFF976E802218B30100299132667AF7653
:10D930003444BD554AADC3BC588ED19F6EEBE7FA57
:10D940007CC8F5D983310A2091121803A7772E6677
:10D95000B5543C45CBBD42ACD99E508FEFFB66EA37
:10D96000FDD874C904428D5316619F702004A91517
:10D970003227BB364CCEC5DF5EEDD7FC6888E19917
:10D980007AABF3BA85520C4397711E60A114280537
:10D99000B3373A26CDDE44CFDFFD56ECE9986089F7
:10D9A000FBBB72AA06638F7214409D512225AB34D3
:10D9B0003006B9174EEFC7FE5CCCD5DD6AA9E3B8D7
:10D9C000788AF19B87730E6295501C41A3352A24F7
:10D9D000B1163807CFFF46EEDDDC54CDEBB962A8B7
:10D9E000F99A708B088481951AA793B62CC2A5D397
:10D9F0003EE1B7F04008C919522BDB3A644EED5FA7
:10DA0000766DFF7C899400859BB712A6ADD224C3A6
:10DA1000BFF136E0C1184809D33B5A2AE55E6C4F86
:10DA2000F77D7E6C0AA583B4188691972EE3A7F242
:10DA30003CC0B5D14229CB38500AD91B666FEF7E66
:10DA4000744CFD5D8BB502A499961087AFF326E266
:10DA5000BDD034C1C3394A28D11A580BE77F6E6E46
:10DA6000F55C7C4D0CC685D71EE597F42880A19106
:10DA70003AA3B3B2444ACD5B5669DF78600CE91D26
:10DA8000722FFB3E8DD604C79FF516E4A990208126
:10DA9000BBB332A2C55A4C4BD7795E68E11C680D06
:10DAA000F33F7A2E0EE787F61CC495D52AA1A3B0C2
:10DAB0003882B193466BCF7A5448DD59622DEB3CE6
:10DAC000700EF91F8FF706E69DD414C5ABB122A0E6
:10DAD000B9923083C77B4E6AD5585C49E33D6A2CC6
:10DAE000F11E780FA08601000B19000050C3000042
:10DAF0001000041000005B0101000000B01D0000D8
:10DB000096FF00000506010C015B00009033000049
:10DB100091FF00000606010C015B00002058000088
:10DB200090FF000059C3000800000000ACC10008CD
:10DB300001020000B2C1000802030000BAC10008DF
:10DB400003040000C6C1000805050000D3C1000899
:10DB500006060000DCC1000807FF0000E4C1000861
:10DB600008FF0000ECC100080A070000F4C100082B
:10DB70000B08000000C200080C09000007C20008E2
:10DB80000DFF00000EC200080FFF000017C20008C2
:10DB900010FF00001EC2000813FF000026C200088C
:10DBA00014FF000030C20008150A00003AC2000845
:10DBB0001AFF000043C200081B0100004CC200080D
:10DBC0001C0B000053C200081D0C00005CC20008C2
:10DBD0001EFF000067C200081FFF00006FC20008A0
:10DBE00020FF00007DC2000821FF000085C2000860
:10DBF000220D00008EC20008230E00009AC2000809
:10DC0000240F0000A5C2000825FF0000B4C20008D0
:10DC100027FF0000C5C2000828FF0000D6C2000888
:10DC200029FF0000E7C200082AFF0000F1C2000837
:10DC30002BFF0000FBC200082CFF000005C30008FA
:10DC40002D10000015C300082EFF000020C300089F
:10DC50002FFF000026C3000830FF00002CC300087F
:10DC600039FF000032C300083AFF000038C3000843
:10DC700031FF000046C3000832FF000056C3000811
:10DC800033FF00005DC300083411000064C30008C6
:10DC9000351200006FC3000836FF00007FC3000884
:10DCA00037FF00008AC300083813000092C3000841
:10DCB0003BFF0000A1C300083CFF0000ADC300080B
:10DCC0003DFF0000BCC300083EFF0000CCC30008BD
:10DCD0003FFF0000DDC3000840140000E8C3000857
:10DCE00041FF0000FAC3000842FF00000CC4000816
:10DCF00043FF00001AC4000844FF000000000000B9
:10DD000000000000B1940008B3940008B794000824
:10DD1000BB940008010000000300000005000000A3
:10DD20000100000001000000060000000A000000E1
:10DD300020000000020000000400000008000000B5
:10DD40001000000040000000800000000001000002
:10DD500000020000000000000000000000000000C1
:10DD600000000000010000000200000003000000AD
:10DD700004000000A0860100400D0300801A060088
:10DD800000350C0040420F0080841E0000093D0059
:10DD900000127A000024F40000366E010048E80109
:10DDA000006CDC0200000000000000000000000029
:10DDB000000000000100000002000000040000005C
:10DDC00006000000080000000A0000000C0000002F
:10DDD0001000000020000000400000008000000053
:04DDE000000100003E
:08DDE4005D0100080194000834
:04DDEC0039010008F1
:10DDF00090BADCFE785634120A0000003CC10008DC
:10DE0000FFFF000084C100080CC1000800093D00AC
:08DE10000100000010000000F9
:0400000508009EADA4
:00000001FF
