:020000040800F2
:1000000000800020658A00083D8A00083F8A0008B9
:10001000418A0008438A0008458A00080000000061
:10002000000000000000000000000000478A0008F7
:10003000498A0008000000004B8A00084D8A000829
:10004000B58A0008B58A0008B58A0008B58A000894
:10005000B58A0008B58A0008B58A0008B58A000884
:10006000B58A0008B58A0008B58A0008B58A000874
:10007000B58A0008B58A0008B58A0008B58A000864
:10008000B58A000800000000B58A0008B58A00089B
:10009000B58A000869A20008B58A0008B58A000878
:1000A000B58A0008B58A0008B58A0008B58A000834
:1000B00045260008B58A0008B58A0008B58A0008F8
:1000C000B58A0008B58A0008B58A0008B58A000814
:1000D000B58A0008E1200008511A0008B58A000816
:1000E0005D6F0008B58A0008B58A0008B58A000867
:1000F000B58A0008B58A0008B58A0008000000002B
:1001000000000000B58A000800000000B58A000861
:10011000B58A000800000000B58A0008B58A00080A
:10012000B58A0008B58A0008B58A0008B58A0008B3
:10013000B58A00080000000000000000B58A000831
:10014000B58A0008B58A0008000000000000000021
:10015000000000000000000000000000000000009F
:10016000000000000000000000000000B58A000848
:10017000B58A000800000000000000000000000038
:1001800000000000B58A0008000000000000000028
:10019000000000000000000000000000000000005F
:1001A0000000000000000000B58A0008B58A0008C1
:1001B000B58A0008B58A0008B58A0008000000006A
:1001C00000000000B58A00080000000000000000E8
:0801D000B58A0008B58A000899
:1001D80010B5054C237833B9044B13B10448AFF379
:1001E80000800123237010BD48000020000000009B
:1001F80070AA000808B5034B1BB103490348AFF3C5
:10020800008008BD000000004C00002070AA000813
:10021800034613F8012B002AFBD1181A013870473E
:100228000022427082700122C270B1FA81F102226A
:1002380049090271032201704271704743788B4269
:100248001FD0012941700AD0022910D0C1B9012359
:10025800C3708170022303710323437170470378CD
:1002680043B1012383700223C3700023F3E70378AB
:10027800002BF6D0022383700023C3700123EAE722
:10028800FEE7704782B00B88ADF800304B88ADF8B8
:1002980002308B88ADF80430CB88ADF806300239CF
:1002A800431C053013F8012F0DF1080C0CEB42022A
:1002B800834232F8082C21F8022FF3D102B070479C
:1002C80001448878704738B54FF07F33C0F8A030C4
:1002D80004464FF6FF737F220025A0F8A43080F86B
:1002E800A62080F8A950A0F8AA30AC3000F0C1FCD4
:1002F800A4F8B85038BD37B51546044611460193E1
:1003080000F053FC294604F1140000F04EFC294685
:1003180004F1280000F049FC294604F13C0000F0F3
:1003280044FC294604F1500000F03FFC294604F142
:10033800640000F03AFC294604F1780000F035FC2E
:10034800294604F18C0000F030FC04F1AC00019A5D
:100358004FF4FA734FF4FA6100F076FC204603B0CC
:10036800BDE83040FFF7AFBF704700F025BC143040
:1003780000F022BC283000F01FBC90F8A43013B95C
:1003880090F9A000704790F9A100704790F8A43048
:1003980013B990F9A200704790F9A300704710B5FF
:1003A800044606F0FDFF38B104F1140000F008FC23
:1003B800012838BF0120C0B210BD10B5044606F0B0
:1003C800EFFF38B104F1500000F0FAFB012838BF04
:1003D8000120C0B210BD4FF47A71AC3000F050BCAF
:1003E8000021AC3000F04CBC08B5AC3000F057FC34
:1003F800B0F57A7FA8BF4FF47A7020EAE07008BDA4
:1004080010B5044600F0B2FB04F1140000F0AEFB96
:1004180004F1280000F0AAFB04F13C0000F0A6FB60
:1004280004F1500000F0A2FB04F1640000F0AAFB04
:1004380004F1780000F0A6FB94F8B93013B1013B41
:1004480084F8B93010BD7F2807D0002807DA10F1EA
:10045800800F06D04042C0B270470020704701208C
:1004680070477F20704710B1404240B270477F20EC
:1004780070477F280FD010F1310F0EDA10F1780F86
:100488000DDB7830FE2340B2584323304623B0FBBF
:10049800F3F0C0B27047FF207047FE20704700207D
:1004A80070477F2805D031B1002806DA4042C0B233
:1004B8007047FF207047FE207047002070477F2854
:1004C80011D010F1310F10DA10F1780F10DB7830FD
:1004D80040F2A96340B2584323304623B0FBF3F0FF
:1004E800AC3080B270470020704740F255707047BA
:1004F800AC20704763289FBF40F2A963584332304D
:1005080064239DBFB0FBF3F0AC3080B240F255706D
:1005180070474FF4F063A0F58060584340F2FF73D2
:1005280090FBF3F000F5787080B27047FFF7F1BFE9
:100538004FF49663A0F58060584340F2FF7390FB38
:10054800F3F000F2DC5080B27047A0F58060D0EB89
:10055800001048BF033040F38F007047032812DDB6
:100568000C2812DD0F2812DD122812DD162812DDE4
:10057800192812DD1C2812DD1F2812DD2128CCBF06
:10058800FF20062070470020704701207047022096
:1005980070470820704703207047072070470420E1
:1005A800704705207047000005289ABF014B185C6A
:1005B800FF2070470CAB00087F281ABF4042C0B22A
:1005C800002070477F2811D010F1320F10DA8842CE
:1005D80010DD401A6423C1F1FF21584301F57F0162
:1005E800CE31313090FBF1F0C0B27047FF20704738
:1005F8006420704700207047014B4140585C7047A9
:1006080014AB00085AB110B4054C0A4411F8013B68
:1006180058408A42205CF9D15DF8044B7047704716
:1006280014AB0008002805DB212805DC044B33F84F
:1006380010007047002070474FF4FA60704700BF01
:100648003EAC0008392808D822280ED9094B23388F
:10065800C0B2C34003F0010070475F2807D061387B
:1006680019288CBF00200120704700207047012006
:10067800704700BF01EC7F00F8B50246451E461DD5
:1006880000245F2715F8010FFF2804BF0134E4B2E6
:10069800FFF7D8FF00B92F70AE42F3D1062C04D172
:1006A80019B10B6813608B88938000239371F8BD90
:1006B8002DE9F843DFF83490471E441D0125002634
:1006C8004FF0280817F8011F08480AF074F9034684
:1006D80010B1A0EB0903DBB2A3FB05329E19A742B8
:1006E800A5FB0853EED13046BDE8F88314AC0008EA
:1006F80010B54179A1F13000C3B2092B07D8052301
:10070800B0FBF3F303EB8303C01AC0B210BD044C73
:1007180020460AF050F90028F1D0001BC0B2EEE7DD
:1007280014AC000870B50446FFF772FD02B200234E
:10073800551E18B2A84204FA83F104DA265C302E5A
:1007480003F10103F5D0121A01322046BDE87040CA
:100758000AF000B92DE9F047432B28BF432396B090
:100768000C46154600211A46984607460AF00CF929
:100778000021412205A804910AF006F9DFF87C90CF
:10078800DFF87CA004EB4505AC4210D104A8FFF7C4
:100798003FFD28B100F158036B44002203F8492CAF
:1007A80004A938460AF04AF916B0BDE8F08734F9CA
:1007B800020B47F6FF739842E8D0002812DC514636
:1007C80068460AF03BF904A8FFF722FD064668468A
:1007D800FFF71EFD0644B045D6D3694604A80AF0C3
:1007E800DBF8D1E7694680B209F076FD6846FFF785
:1007F80099FF494668460AF0CFF8E4E7C3AA00081B
:10080800BEAA0008F0B589B06D4600242F468E1C9C
:10081800E1B28A4204D83946FFF79CFF09B0F0BD1F
:1008280036F8241025F8021B0134F1E742F2107360
:100838006421B0FBF3F203FB1200B0FBF1F301FB00
:10084800130000EB023000EB831080B27047020BFC
:1008580000F03F0342F2107101FB0233C0F3851030
:10086800642202FB0030704770B50E460021054631
:1008780014460AF089F800239AB2944200D870BD51
:10088800F25C002AFBD0EA540133F5E7072914D8B3
:10089800DFE801F00407090B0D0F11110849FFF7F4
:1008A800E3BF0849FBE70849F9E70849F7E70849BA
:1008B800F5E70849F3E70849F1E70849EFE700BF1A
:1008C800C8AA0008CDAA0008D2AA0008D7AA00081A
:1008D800DCAA0008E1AA0008E6AA0008EBAA0008BA
:1008E800052911D8DFE801F00306080A0C0E0749AC
:1008F800FFF7BABF0649FBE70649F9E70649F7E7F4
:100908000649F5E70649F3E70649F1E7EDAA0008C5
:10091800F2AA0008F7AA0008FCAA000801AB000820
:1009280005AB0008EBAA000870B50E461446002176
:10093800013205460AF028F800239AB2944200D8FA
:1009480070BDF25C002AFBD0EA540133F5E77D2341
:10095800438043F2390309B2C360002301808180D8
:10096800C38003727047000002680449044B01FB0E
:10097800023323F000430360180C7047FD43030063
:10098800C39E2600F0B5002597B001608580044617
:1009980056222946684609F0F7FF0126627CAA42DA
:1009A80009D80023802104F1B400237417B0BDE8EE
:1009B800F04009F0E9BF2046FFF7D6FFE7797B1B37
:1009C800002190FBF3F202FB1300C0B2EC460A468A
:1009D800CBB29F421DD80023227B9A42DED0A27957
:1009E800033A012A04EB050105D925B191F9112033
:1009F800D2B9012BD2D98B74A26852F8231058337C
:100A080004EB85026B440135516303F8586CEDB271
:100A1800C4E71CF801EBBEF1000F03D18242DBD022
:100A28000132D2B20131D3E7501E8342E3DB0132F7
:100A38009342E0DCB2E700002DE9F04F154697B08D
:100A4800013D0160027104464371EDB25622002156
:100A580068469946002709F097FF022D84BF4FF09A
:100A6800010A00253E4694F807809CBF4FF0030A10
:100A7800B8FBFAF8627CB24209D80023802104F15D
:100A8800B400237417B0BDE8F04F09F07DBF2046CD
:100A9800FFF76AFFA8EB060390FBF3F202FB1303D0
:100AA8000020DBB2EC460246C1B2884506D91CF8E4
:100AB80001EBBEF1000F1BD19A4217D1414528BF67
:100AC8004146227B01FB0A5303F0FF039A42D1D02F
:100AD800A0680FFA83FC09F1FF3E50F82C20BEF104
:100AE800030F0DD8DFE80EF0062124270132D2B219
:100AF8000130D9E7DFF864E09644174A9645B9D93A
:100B080016B10FBB0129B5D9A2190F46937404EB8E
:100B1800860350F82C205A6301F1580301226B44D4
:100B2800164403F8582CF6B2A4E7DFF834E0E3E7FC
:100B3800DFF830E0E0E7A2F53D02DFF82CE0A2F5AF
:100B48009D42443A7245DAE77A1E9142DCDB7A1C10
:100B58009142D9DC8EE700BF3BB10100C54E47FF8B
:100B6800776245FF287643FF3CB10100D0E90123B5
:100B78006421D31AC36082604B43418AB3FBF1F30B
:100B880003747047D0E90123D31AC0E902237047E0
:100B980043682BB1C26864214A43B2FBF3F2D3B273
:100BA80003740023C360436070470023C0E9023325
:100BB8004182436003747047436801334360704760
:100BC800007C70474368194441607047072800D982
:100BD800FEE7014B185C7047A8AC0008052800D94F
:100BE800FEE7014B185C7047B0AC00080023C0E971
:100BF8000133C36003747047F0B5047C0360012CB3
:100C080011D944688568C668141B4FF47A774D1B60
:100C18007C4305FB16442B4494FBF3F33344C36035
:100C2800C0E90121F0BD1CB9C46001230374F7E7D2
:100C380043684FF47A74D31A634384680C1B93FB9C
:100C4800F4F3C3600223F1E707EE902A0A44F8EEB2
:100C5800676A07EE902AF8EE677A436086EEA77A0D
:100C680007EE903AF8EEE77A80ED007AC0ED027A66
:100C78007047D0ED017AF8EEE77AC0ED027A704756
:100C880007EE901A90ED027AD0ED006AF8EEE77A56
:100C980077EEC77AA6EEA77A80ED027A7047D0ED94
:100CA800027AB6EE007A77EE877AFDEEE77A17EEEB
:100CB800900A704770477047704700207047704728
:100CC80000207047002070477047002070470020C0
:100CD80070477047054BDA6C0243DA64DB6C82B00C
:100CE80003400193019B02B0704700BF001002400F
:100CF800054B9A6D02439A659B6D82B00340019340
:100D0800019B02B0704700BF00100240054B1A6EED
:100D180002431A661B6E82B003400193019B02B026
:100D2800704700BF0010024050E8003F23F08003E6
:100D380040E80032002AF7D1704700000288044BCF
:100D48005140C9B233F8113083EA12230380704747
:100D580094C50008A2B110B4B0F800C0094C0A4408
:100D680011F8013B83EA0C03DBB2914234F81330EB
:100D780083EA1C2CA0F800C0F2D15DF8044B704740
:100D8800704700BF94C5000837B54FF6FF73044697
:100D9800ADF806304518AC4203D1BDF8060003B0E3
:100DA80030BD14F8011B0DF10600FFF7C7FFF2E78D
:100DB800044B1888044B1B8880B29BB2C01A18BF1A
:100DC80001207047A8280020A6280020044A0023F4
:100DD8001380044A1380044A1380044A138070471E
:100DE800A6280020A8280020AA2C0020AC2C00202F
:100DF800012070470278024B51405B5C03707047DA
:100E08000CB10008FF230370704700BF704770B52E
:100E18000B7803704B7843700B78FD2B05460C4616
:100E280038D18B788370CB78C3700B7903714B7989
:100E380043718B7983718B68C3718B68C3F30F23FC
:100E480003728B7A43720A26627804F10C01A8199E
:100E580009F0FCFD6378B4F80C213344981CEA547B
:100E68005A1CB4F80C1192B2090AA954A278D207F4
:100E780080B20ED504F58872054404F58E7452F8D4
:100E8800041B45F8041BA242F9D112782A700F33CB
:100E980098B270BD00238B700B7983704B79C37047
:100EA8008B7903718B6843710626CDE701F0030344
:100EB8009B0003F1804303F5803310B59C680A0C4E
:100EC80024EA114192FAA2F2B2FA82F202F01F0267
:100ED80090400843986010BD08B52C2203480021B3
:100EE80009F052FD024B00221A7008BDA40500202B
:100EF800500300202DE9F0411378037092F8018027
:100F080080F80180FD2B04460F46154654D193788E
:100F18008370D378C37013790371537943719379CC
:100F280083716B7A127A1B0403EB0223EA79134468
:100F380023F07F430A26A26863F31702A260A91967
:100F4800424604F10C0009F081FD7A7B904507D2F6
:100F580008F10C00A2EB08020021204409F014FD5E
:100F680063781E44AB195A78AB5D03EB0223A4F8EF
:100F78000C31A378DB070ED5023615FA86F304F593
:100F8800887203F10C0153F8040B42F8040B8B42EE
:100F9800F9D11B781370BB7A84F82131FB7A84F875
:100FA80022313B7B84F823317B7B84F824313B78E6
:100FB80084F82031BDE8F0810023438093780371E1
:100FC800D37843711379837153790626B3E7000008
:100FD80070B50F4C0F4D0646062204F10A0105F5BF
:100FE8008970FFF7A1FC237CC3F30302C3F3031347
:100FF80085F81A31637C85F81921C3F3030385F852
:101008001B31637ADB0744BF0223337370BD00BF13
:10101800911E0020C800002070B50446BDF8145089
:10102800E2702420237122461B0A20706371582025
:101038002B0AA1706070A57102F8073F049B59192B
:101048008B420CD16A1D92B2E11C0020FFF7DAFA3C
:1010580005F10806A05505F1090080B270BD13F826
:10106800010B02F8010FEBE70A4A0B4B12680B4918
:10107800A3FB02323220920C00FB02F2084B4868B4
:1010880002F5FA72A3FB023292094B681B1A9A42C4
:10109800FBD870471C00002083DE1B43001000E0D3
:1010A800D34D621008B5FFF7DFFF4FF090431022D1
:1010B8009A6108BD4FF0904310229A62FFF7D4BF9F
:1010C80002780A4B90F801C08178D243D2B29A5C78
:1010D80082EA0C0290F803C09A5C4A40995C027953
:1010E80081EA0C01595C4A40985C70470CB10008D1
:1010F800F8B53C29BDF81C50044635D0A1F12106AD
:10110800714271414900D00748BF41F00801E370BE
:1011180092074FEA13234FF0240248BF41F0100111
:10112800227023716F222B0AA61C6270A170A37112
:1011380065713046FFF7C4FF2246069B02F8070F89
:1011480059198B4212D1A91D89B23046FFF71CFEEE
:1011580005F1080705F109039BB2E055000AE054C0
:1011680005F10A0080B2F8BD0121CCE713F8010BA4
:1011780002F8010FE5E70000074B084A5B6A02F531
:10118800006353E8003F43F0200302F5006040E8A5
:1011980000310029F3D17047003801400030014088
:1011A8002DE9F04F0C465188B1F58C7F85B0054686
:1011B80011D300211170D91CC9B2012995BF012191
:1011C8000023518053809CBF2370117000232B7023
:1011D80005B0BDE8F08F10780E2800F28B8001A6CC
:1011E80056F820F0BF110008291200085112000813
:1011F8006B120008FD120008FD120008FD1200081D
:10120800FD120008FD120008FD120008FD1200087A
:10121800FD120008FD120008FD1200087D120008EA
:10122800481C508063542178FD299BB206D10C33A9
:101238000A21D380918002231370C7E7083306215F
:10124800D38091800E23F7E7481C50806354D80759
:1012580042BFD1880D31D180012B8CBF00230323DD
:10126800EAE7002B01F101005080635414BF00230A
:101278000E23E1E7481C508063545388D1888B4281
:1012880032D300235380137002232B706980237894
:10129800FD2B35D163792B72A3796B72637A227A2D
:1012A8001B0403EB0223E27913446B60637803F1B8
:1012B8000C026A80A278D10701D519336B80002609
:1012C8006968DFF8F0806E8140F285120C20B3184F
:1012D80001335B0800FB03F758F80770B94218D2CE
:1012E8005A1EB242F3D816E092889A423FF66EAF81
:1012F80001236CE70023137053809380D38066E743
:10130800E3782B7223796B7263796B6063780833A7
:10131800D4E71E46E5D80C27774358F8073099429A
:1013280027D123782046FD2B10F801BF0CBF4FF0C2
:101338000A094FF0060909EB0B03591E89B2474405
:101348000193FFF721FD97F804A0ADF80E00514670
:101358000DF10E00FFF7F2FC019BE218E35C5278F6
:1013680003EB0223BDF80E209BB29A4203D005235B
:101378002DE703232BE7BB79DA0706D5FA799345DE
:1013880082BF04EB09018A5CAA729B0709D50C236A
:1013980003FB068362781B7A9A4282BF4C44E35C63
:1013A800EB720C2303FB068385F80CA05B796B7347
:1013B8000EE700BF0CB20008F0B50546FD2305F89E
:1013C8000C3B85B004468DF8043090F8243103F1C5
:1013D8000C020244012B42D80026637066808DF807
:1013E80005308B7A23718DF808308B7AADF806605A
:1013F80001338B7263798DF80930A3798DF80A303F
:10140800A368C3F317031A128DF80B3009211B14B4
:101418000DF105008DF80D308DF80C20FFF7B4FCA8
:101428006778ADF802003A4629460DF10200FFF749
:1014380091FC94F82311FFF781FC94F82421BDF85E
:101448000230A4F80C31974210D207F10C00D21BDD
:101458003146204405B0BDE8F04009F095BA12F8CD
:10146800010D0028B8D1013BDBB2B3E705B0F0BDF0
:1014780007B503688DF807101B6901220DF10701F4
:10148800984703B05DF804FB13B50446084601917C
:10149800FEF7BEFE236801991B6982B2204602B09E
:1014A800BDE8104018470000B0F1904F08B501465C
:1014B80007D10120FFF70EFC114B99420BD12020D8
:1014C80014E0104B98420BD003F58063984209D181
:1014D8000420FFF7FFFB0C4B994210D1402005E098
:1014E8000220E7E7094B984204D10820BDE80840EC
:1014F800FFF7F0BB064B9842DED11020F6E708BD97
:10150800001400480004004800180048000C004877
:101518000010004808B5224B984201460BD14FF401
:101528000060FFF7F3FB1F4B99420DD1BDE808405F
:101538002020FFF7DDBBB0F1804F0ED01A4B984248
:101548000FD10220FFF7D4FB184B99420FD14FF46B
:101558000050BDE80840FFF7D9BB0120FFF7C8FBE2
:10156800E1E7134B984208D10420FFF7C1FB114B68
:1015780099420CD14FF48030EBE70F4B9842D2D10F
:101588001020FFF7B5FB0D4B994206D008BD0C4B58
:101598009942F8D14FF40030DBE74FF48020D8E7C8
:1015A800002C0140001400400004004000340140B9
:1015B8000008004000400140001000400048014081
:1015C800004401402DE9F04387B00E460546144615
:1015D8000021142201A89DF838809DF83C901F46F0
:1015E80009F0D2F900960B2C07D8DFE804F00707BA
:1015F8000A121414141616161A1CFEE70323019374
:1016080001E002230493032F11D8DFE807F0111338
:1016180021110123F6E70123F1E701230193039345
:10162800F1E70223EBE7022301930123F7E7FEE743
:1016380002230293B8F1100F0CD8DFE808F02D2D23
:101648000C11131517191B1D1F21232527292B00E2
:101658000123EEE7FEE701230593022301931EE031
:101668000223F9E70323F7E70423F5E70523F3E764
:101678000623F1E70723EFE70823EDE70923EBE764
:101688000A23E9E70B23E7E70C23E5E70D23E3E764
:101698000E23E1E70F23DFE7B8F1000FDDD1B9F141
:1016A800000F02D02846FFF7FFFE053C042C05D8A2
:1016B800DFE804F0030B04030B00AE62694628461A
:1016C80008F000F807B0BDE8F083AE61F6E713B59F
:1016D8004FF0010C0024CDE9004CFFF773FF02B076
:1016E80010BD000070B586B00023164604460D46AE
:1016F800ADF80630FFF70EFF042E04D8DFE806F039
:10170800303404384100FEE71F4B204A1B68B3FB06
:10171800F2F39BB20022013B01A92046ADF8043048
:10172800CDE902250492059208F000FA236823F017
:1017380080032360A36823F4A03323F00703A36086
:10174800636823F0007323F070036360636823F415
:1017580070036360A36823F08003A36006B070BDC4
:10176800094B0B4A1B68D2E7074B0A4A1B68CEE7AE
:10177800054B074A1B68B3FBF2F303EB83035B00DB
:10178800C7E70123C6E700BF1C00002080A812019C
:1017980040420F008096980010B50446FFF7A2FF5C
:1017A800236843F00103236010BD00224FF0FF318E
:1017B800FFF7F2BF274B10B5274C5B68236007F093
:1017C80077F94FF0904007F01DFF244807F01AFF03
:1017D800234807F017FF234808F098FB224808F031
:1017E80095FB224808F092FB214808F08FFB21481E
:1017F80008F030F9204808F02DF908F05DF84FF0AE
:10180800E02200231D491361536193618A6822F025
:10181800030242F001028A6072B64FF0FF319A006B
:1018280002F1604202F561420133082BC2F88010D0
:10183800C2F88011F3D162B6114A136823F0070386
:1018480043F001031360034B1B6883F30888236884
:101858009847FEE70000FF1F4C03002000040048E3
:10186800000800480038014000440040004800409B
:10187800004C004000300140003C00400010024095
:10188800000001400749084A881AEFF30883521AF2
:101898001A44013A013B984288BF0022AA2109F064
:1018A80073B800BF008000200004000010B5114C80
:1018B8000323204606224021FFF709FF03230222C3
:1018C8004FF400414FF09040FFF701FF03231A4601
:1018D80020462021FFF7FBFE204603230522802116
:1018E800FFF7F5FE20460323BDE81040052201213D
:1018F800FFF7EDBE00040048024B1869C0F3401022
:10190800704700BF0004004808B5FFF7F5FF00B9AD
:1019180008BD00BFF9E70000024B01229A6280224D
:101928009A61704700040048024B80229A620122A3
:101938009A6170470004004808B50E490020FFF777
:10194800B5FA0D4B5A6822F400425A601A6822F41C
:1019580000421A60DA6822F40042DA609A6842F4B7
:1019680000429A60054BD02283F828234FF48072F6
:101978005A6008BD030000F00004014000E100E0E7
:10198800044B4FF400425A611A6842F400421A604C
:10199800704700BF000401400348002303224FF4AE
:1019A8008071FFF794BE00BF00040048024B18691D
:1019B800C0F30020704700BF0004004808B50522A6
:1019C800002302214FF09040FFF781FE00230522FB
:1019D80001214FF09040FFF77AFE4FF0904302222A
:1019E8009A6201229A6208BD4FF090414B691A042D
:1019F800DB4302F4003203F0020313438B617047A8
:101A08004FF090414B691A04DB4302F4803203F033
:101A1800010313438B61704708B5052200234FF477
:101A280080714FF09040FFF752FE4FF090434FF413
:101A380080729A6208BD4FF090431A284FF4807262
:101A4800CCBF9A619A6270470E48C3691A0617D5C7
:101A580003681B0614D50C4B0C4A1988138889B2E5
:101A68009BB299420AD013880133DBB213801388E2
:101A7800074A9BB2D35CDBB283627047FFF754B965
:101A8800704700BF00440040A4200020A22000208E
:101A9800A21F00200E490F4A0B8812880133DBB2BF
:101AA80092B29A4212D00C4AD0540B804FF0402286
:101AB80002F5806353E8003F43F0800302F580603D
:101AC80040E800310029F3D1012070470020704719
:101AD800A4200020A2200020A21F002038B5044620
:101AE8004518AC4200D138BD14F8010BFFF7D2FFFE
:101AF800F7E708461146FFF7F1BF000070B588B058
:101B08000C460646154600212022684608F03CFF90
:101B1800231E18BF01231B03CDE9023569460C2398
:101B2800034801960494059308F032FA08B070BD92
:101B38000044004010B5064C236823F001032360DD
:101B4800FFF7DCFF236843F00103236010BD00BFEB
:101B58000044004013B53E4C236823F00103236082
:101B68004FF40030FFF7C4F808210123CDE9001332
:101B7800384803230A22FFF725FD0022114636487C
:101B8800FFF7BCFF636823F490436360A36823F006
:101B98002A03A360236823F0005323604FF04022F8
:101BA80002F5816353E8003F23F0604302F581604A
:101BB80040E800310029F3D14FF0402202F581635B
:101BC80053E8003F23F0606302F5816040E800318C
:101BD8000029F3D1214BC02283F8262340225A60E2
:101BE8001B48FFF7A1F84FF0402101F5806353E847
:101BF800003F23F0400301F5806040E80032002AEE
:101C0800F3D1134B4021196215490A8015490A80FE
:101C18005A6822F400625A609A6822F008029A60B0
:101C28005A6822F480425A609A6822F022029A6026
:101C38009A6842F480529A601A6842F001021A6067
:101C4800DA699102FCD5DA695202F9D502B010BD01
:101C58000044004000040048A086010000E100E0C4
:101C6800A2200020A4200020064B1A6822F00102BE
:101C78001A605A6822F400325A601A6842F0010267
:101C88001A6070470044004008B541B14FF4005253
:101C980004484FF48061FFF74DFFFFF7E5FF01208F
:101CA80008BD00BFA086010008B531B10022114669
:101CB8000348FFF73FFFFFF7D7FF012008BD00BF2C
:101CC8009A5B0600064B1A6822F001021A605A68ED
:101CD80042F400325A601A6842F001021A607047F2
:101CE8000044004008B541B14FF4005204484FF495
:101CF8008061FFF71FFFFFF7E5FF012008BD00BF68
:101D0800A08601001D280EDC1A280FDC172810DC1D
:101D1800132811DC1128B5BF00200120102311233E
:101D280008701370704713201E23F9E70C201B233B
:101D3800F6E708201823F3E704201423F0E7084601
:101D480011461A46FFF7DEBF0C4BD3F8FC2022F0F1
:101D58008072C3F8FC20D3F8FC2042F08072C3F8EC
:101D6800FC20A3F55D431A6822F001021A601A6884
:101D780042F001021A6000225A60704700ED00E04C
:101D8800064A074B51681B6810B5064CB3FBF4F3C1
:101D9800584353685B1A8342FBD310BD001000E020
:101DA8001C00002040420F007FB50123CDE9041339
:101DB800002201A902A8CDE9022307F015F800289E
:101DC8000CBF0420052007B05DF804FB014608B5E8
:101DD800002006F073FF00280CBF0420052008BD72
:101DE80008B5FFF7E1FF031F5842584108BD08B581
:101DF800FFF7ECFF031F5842584108BD2DE9F34790
:101E08002A4B2B4D012814462A482B4A0E4617BF49
:101E1800AA463D213C211D46019106BF9A468046AF
:101E2800904606F005FF01992846FFF7D9FF30B91B
:101E3800002406F00FFF204602B0BDE8F087002E10
:101E480008BF4FF4FC64073424F0070405F11007B9
:101E5800B1463444AAEB050AA1450BD14FF0113223
:101E68004FF0FF332846FFF7C2FF003818BF0120A4
:101E78008400DEE76EB90AEB0703D3E90023B3F168
:101E8800FF3F08BFB2F1FF3F06D1083709F1080943
:101E9800E2E7D9E90023F2E7B84505D93846FFF764
:101EA800A6FF0028F1D1C3E70324C2E700E0010838
:101EB80000E80108FFEF0108FFE7010810B506F088
:101EC800B7FE09483C21FFF78BFF58B107483D2171
:101ED800FFF786FF003818BF0120840006F0BAFE1D
:101EE800204610BD0446F9E700E0010800E80108B3
:101EF80030B5084D002340F2EF749AB2914201D8F0
:101F0800042030BDA34203D05A5DC2540133F4E724
:101F18000320F6E710E0010813B50A46044672B636
:101F2800019101460020FFF769FF62B60428019A73
:101F380005D172B601202146FFF760FF62B602B0F4
:101F480010BD000038B5124B1C68D3F80058B4F126
:101F5800113F09D1B5F1113F17D0002211460120D8
:101F6800BDE83840FFF74ABFB5F1113F03D1002261
:101F780011461046F4E7FFF7A1FF042804D12C40CE
:101F880001340CBF0220012038BD0420FCE700BF4B
:101F980000E00108034B18739A68D207FCD5187B38
:101FA800704700BF0030014038B5441E8D18A94263
:101FB80000D138BD14F8010FFFF7ECFF01F8010B51
:101FC800F5E7084611461A46FFF7EEBF38B5064D45
:101FD80004460144A14200D138BD2878FFF7DAFF52
:101FE80004F8010BF6E700BF100000200846114670
:101FF800FFF7ECBF10B5014404468C4200D110BD78
:1020080014F8010BFFF7C6FFF7E708461146FFF77C
:10201800F1BF000030B58DB02822002102A808F0D9
:10202800B3FC4FF48050FEF771FE10210323062203
:102038004FF09040FFF74BFB4FF0904006240125EE
:10204800102383610A22CDE9004503232021FFF7ED
:10205800B9FACDE9004503230A2280214FF09040C8
:10206800FFF7B0FA03231A46CDE9004540214FF0A7
:102078009040FFF7A7FA1822154C08924FF4827285
:10208800002303924FF40072CDE90533CDE90933FB
:102098000293079207234FF4E06202A920460B93AC
:1020A800049207F009FD636823F010036360636816
:1020B80023F008036360236843F040032360A368A8
:1020C8009B07FCD5237B034BFF221A700DB030BD54
:1020D80000300140100000201C4B10B4DC69A00641
:1020E80011D51A6891060ED519481A495A6A0388F3
:1020F80009880133C3F30A0389B299421FBF1649FD
:10210800D2B2CA54038011481F232206036215D590
:1021180003681B0612D5114B114A1988138889B216
:102128009BB299420DD013880133C3F3090313807E
:1021380013880C4A9BB2D35CDBB283625DF8044B14
:1021480070475DF8044BFEF7EFBD00BF0038014053
:10215800A8280020A6280020A6200020AC2C0020BB
:10216800AA2C0020AA2800200E490F4A0B881288A2
:102178000133C3F3090392B29A4211D00B4AD054E7
:102188000B4A0B8002F5006353E8003F43F08003DD
:1021980002F5006040E800310029F3D101207047C2
:1021A80000207047AC2C0020AA2C0020AA28002070
:1021B8000030014038B504464518AC4200D138BD5E
:1021C80014F8010BFFF7D0FFF7E708461146FFF7B1
:1021D800F1BF0000054B064A1B8810880133C3F382
:1021E800090380B2181A18BF01207047AC2C0020D0
:1021F800AA2C002008B5FFF7EDFFB0FA80F04009DF
:1022080008BD0000054B064A1B8812889B1A98B225
:102218001B0444BF00F5006080B27047A828002066
:10222800A6280020FFF7EEBF0848094A018813884E
:1022380089B29BB29942F9D013880133C3F30A03D8
:1022480013801388034A9BB2D05C7047A8280020EB
:10225800A6280020A6200020FFF7E6BF70B588B0AA
:102268000C460646154600212022684608F08CFBDD
:10227800231E18BF01231B03CDE9023569460C2331
:10228800034801960494059307F082FE08B070BDD8
:102298000038014010B5064C236823F00103236081
:1022A800FFF7DCFF236843F00103236010BD00BF84
:1022B80000380140002208461146FFF7EBBF000036
:1022C80073B54C4C236823F0010323604FF480401E
:1022D80008250126FEF71AFD4FF4007103230A2290
:1022E8004FF09040CDE90056FFF76CF903231A46EA
:1022F8004FF480614FF09040CDE90056FFF762F946
:10230800002211464FF46140FFF7A8FF63683A4A7C
:1023180023F490436360A36823F02A03A36023682F
:1023280023F00053236002F6080353E8003F23F02C
:10233800604302F6080040E800310029F3D102F6B4
:10234800080353E8003F23F0606302F6080040E802
:1023580000310029F3D1294BB02283F8252320220C
:102368005A602448FEF7E0FC234A02F5006353E86C
:10237800003F23F0400302F5006040E800310029E7
:10238800F3D11C4B402018621D4B19801D4B19803E
:1023980002F5006353E8003F23F0200302F50060D4
:1023A80040E800310029F3D1174B1980174B1980E9
:1023B800104B5A6822F400625A609A6822F00802A8
:1023C8009A605A6822F480425A609A6822F022027F
:1023D8009A609A6842F480529A601A6842F0010240
:1023E8001A60DA699102FCD5DA695202F9D502B0AD
:1023F80070BD00BF003801400030014000E100E03E
:10240800AA2C0020AC2C0020A6280020A8280020F8
:1024180008B5FFF755FFBDE80840FEF7ADBEFFF76A
:10242800F7BF0000024B1A68024B1A60704700BFE2
:10243800B02C002094030020054A064B1968136845
:1024480099421DBF0133012013600020704700BF6F
:1024580094030020B02C0020034A0449136809683B
:102468000B441360704700BFB02C002020000020F0
:102478000148FFF79AB900BF00040040014B586AB1
:1024880080B270470004004008B5FFF7F1FFBDE8CF
:102498000840FFF7C7BF70B504460D46164606F05C
:1024A800C7FB083D04EBC606B44204D1042406F079
:1024B800D1FB204670BD55F8082FD4E900016B68A0
:1024C800994208BF904201D10834EDE72046FFF752
:1024D8008EFC0028F8D10446E9E700001FB5037810
:1024E8008BB10A4B1B68B3F5FA6F0CD3002300229B
:1024F80003700023CDE90023CDE9022340680222BE
:102508006946FFF7C8FF05B05DF804FBB02C002052
:102518000123F0B50380444B444AD3E900510446F3
:102528004348914208BF854285B04FF0000202D16E
:10253800227005B0F0BD3AA1D1E900013D4F6260BB
:10254800C3E900013C484FF0AA33D0E90021B1F1BA
:10255800FF3F08BFB2F1FF3FD0E9026505D09942BD
:1025680008BF9A4201D00A4309D1B5F1FF3F08BF1D
:10257800B6F1FF3F0DD09D4208BF9E4209D01030F2
:10258800B842E2D172B63E212B48FFF729FC62B669
:1025980029486060D0E90032CDE90032B2F1FF3F4E
:1025A80008BFB3F1FF3FD0E9025109D1B1F1FF3FB4
:1025B80008BFB5F1FF3F22D14FF0AA331A4623E0F6
:1025C8004FF0AA36B24208BFB3420BD1B1F1FF3F78
:1025D80008BFB5F1FF3F0FD0B14208BFB5420ED1D9
:1025E8000023EBE753EA020709D1B14208BFB5421D
:1025F80005D14FF4807121801D46114604E0002367
:1026080023701A461D461946CDE90032CDE902511C
:1026180002226946FFF73FFF8BE700BFAFF3008058
:1026280012345678FEDCBA9000000020FEDCBA9026
:102638001234567800F8010800F001084FF0804382
:102648001A6991070AD56FF002021A615A6B64324F
:10265800DA63084A596B12880A445A634FF0804378
:102668001A69120705D56FF008021A61024B012298
:102678001A70704764000020910300200A490B88F3
:1026880003B9FEE772B64FF0804309885A6A1144CD
:1026980064325963DA636FF002021A616FF008025C
:1026A8001A6162B6704700BF6400002000B50322BB
:1026B80089B04FF0FF314FF08040FFF76DF82022CE
:1026C8000021684608F060F964236A4601214FF04A
:1026D8008040039307F086FAC8236A464FF4807156
:1026E8004FF08040039307F07DFA054BA02283F852
:1026F8001C234FF080521A6009B05DF804FB00BF3C
:1027080000E100E04FF08043DA6842F00202DA604C
:10271800DA6842F00802DA607047000010B501EB91
:102728008101084B01EB810189001980064B0446A1
:1027380000221A70FFF7BAFF2046BDE81040FFF7E5
:10274800E1BF00BF640000209103002070B51B4C5E
:10275800C4220021201D08F017F90F23012518496C
:102768006380A38005224323A01D2580FEF74AF835
:102778003F23C4E913551249A4F85830002502260E
:102788004323052204F15A00A4F84A606565FEF760
:1027980039F80C4B0C49C4F8A03004F1B000C4E976
:1027A8002A55A4F89E6084F8A45008F047F97F23BE
:1027B80084F8C530052384F8C63070BD8402002033
:1027C800CCB000080700010004AD000870B5094E40
:1027D80005460C46415C304608F0EDF8034628B142
:1027E800831B0133DBB2282B28BF0023F35C2B5556
:1027F80070BD00BFE0B0000870B50D461146044634
:10280800164608F01BF92DB3013D082D08D8DFE85E
:1028180005F00511131517191B1D1F0035236371CA
:10282800627973799A4215D120460521BDE8704036
:10283800FFF7CCBF6123F2E76623F0E76B23EEE7EF
:102848007023ECE77523EAE77A23E8E73123E6E724
:102858003223E4E770BD000073B5054605F11106A3
:102868001F4C204A014636016846FFF7C5FFB01CD9
:1028780069462044264408F0E1F804EB05120223D7
:1028880073720023A2F81A31142202FB05404FF09C
:1028980001110165A1F1FF210122416540F20111F9
:1028A800A0F84A20C264A0F858104FF48070A062C3
:1028B8004FF4007084F83430E284A08584F82E2028
:1028C80084F8303084F83330C4F83A30C4F83E30F5
:1028D800C4F84230A4F84610A4F8481002B070BDFD
:1028E800C8000020B6AC00082DE9F3410546A34C0A
:1028F800A34A05F111074FEA07180E460146684634
:10290800FFF77AFF08F10200A04469462044FDF76A
:10291800B3FE98F80930072B84BF002388F80930E4
:1029280004EB0710974B427A198841FA02F212F029
:1029380001020ED1427261B111F0010209D141FACE
:1029480002FC1CF0010FD0B200F0A38104EB0712C7
:10295800507204EB0512280192F81A11052902D9C0
:10296800002182F81A1104EB000C59889CF81A21EE
:1029780041FA02F212F0010210D18CF81A2169B161
:1029880011F001020AD141FA02FE1EF0010F5FFAAE
:1029980082FC00F08381221882F81AC1221892F86A
:1029A8001B11032902D9002182F81B1104EB071718
:1029B8007A7A012A03D9042A01D000229A8027189A
:1029C800998897F81B2141FA02F212F001020FD1FF
:1029D80087F81B2161B111F0010209D141FA02FC0B
:1029E8001CF0010FD7B200F05E81221882F81B712B
:1029F800002E40F09E81142202FB054191F84A60A6
:102A0800042E02D9012681F84A6002FB054292F899
:102A18004B10042902D9002182F84B10142202FB22
:102A28000542B3F84A1092F84B6041FA06F6F607E9
:102A380012D4012682F84B6071B18E07C1F34002AF
:102A48000AD441FA02F7FF07D6B240F131811422C5
:102A580002FB054282F84B60142202FB054292F801
:102A68004C10032902D9012182F84C10142606FBC8
:102A78000546B3F84C1096F84C2041FA02F212F0D1
:102A8800010210D186F84C2069B111F001020AD177
:102A980041FA02F7FF07D6B240F10F81142202FB78
:102AA800054282F84C60142202FB054292F84E104F
:102AB800012902D9002182F84E10142606FB05468A
:102AC800B3F84E1096F84E2041FA02F212F00102C5
:102AD80010D186F84E2069B111F001020AD141FAED
:102AE80002F7FF07D6B240F1ED80142202FB05423F
:102AF80082F84E60142202FB054292F84F10042916
:102B080002D9002182F84F10142606FB0546B3F8B7
:102B1800502096F84F1042FA01F111F0010110D13E
:102B280086F84F106AB112F001010AD142FA01F792
:102B3800FF07CEB240F1CB80142101FB054181F89B
:102B48004F60142101FB054191F85160032E02D911
:102B5800002681F85160142707FB0547B3F8526037
:102B680097F8511046FA01F111F0010118D187F8D0
:102B78005110AEB116F0010112D105E0C8000020D5
:102B8800B6AC00088402002046FA01FC1CF0010FD4
:102B9800CFB200F0A180142101FB054181F85170EA
:102BA800142101FB054696F85070022F02D901271F
:102BB80086F8507001FB054191F85460022E02D945
:102BC800012681F85460142101FB054696F84D70E2
:102BD800022F02D9002786F84D7001FB054191F8B4
:102BE8005260012E02D9012681F85260142101FB9E
:102BF800054696F85570012F02D9012786F85570B9
:102C080001FB054191F85360022E02D9002681F894
:102C18005360142707FB0547B3F8566097F853101D
:102C280046FA01F111F0010110D187F853106EB185
:102C380016F001010AD146FA01FC1CF0010FCFB2CF
:102C48004FD0142101FB054181F85370142101FB79
:102C5800054696F856700C2F02D9002786F856704C
:102C680001FB054191F84C60012E08D191F84F60A5
:102C7800042E04D1D70738D5002281F84F2014221A
:102C880002FB054292F84F10A1BB92F85120012A8D
:102C980035E00132102A7FF452AE5AE60132102A8A
:102CA8007FF471AE7AE60132102A7FF497AE9FE680
:102CB8000132102A7FF4C5AECEE60132102A7FF425
:102CC800E7AEF0E60132102A7FF409AF12E70131CE
:102CD80010297FF42BAF34E7013110297FF454AF6A
:102CE8005EE701311029A6D1B0E712F0040218BF3F
:102CF8000222C2E701290AD192F85120022A01BF13
:102D0800142202FB0542002182F8511007E0022933
:102D180003D192F85120032AF1E70329B5D01422F0
:102D280002FB0542012182F8571040F20111A2F876
:102D3800581094F82620042A02D9012284F8262063
:102D480094F82720042A02D9002284F82720B3F80F
:102D58009E1094F8272041FA02F2D7070ED40122D8
:102D680084F8272051B18E07C1F3400206D441FAF6
:102D780002F7FF07D6B244D584F8276094F82820D4
:102D8800022A02D9002284F8282094F82920022A4D
:102D980002D9012284F82920B3F8A01094F8292038
:102DA80041FA02F212F001020CD184F8292049B14B
:102DB80011F0010206D141FA02F7FF07D6B224D575
:102DC80084F8296094F82A200C2A02D9002284F871
:102DD8002A2094F832200C2A02D9002284F83220C2
:102DE80094F82B20042A02D9002284F82B200022F0
:102DF8004749164611F9017F17F1780F09DA0E7065
:102E080009E00132102AB2D1B8E70132102AD2D132
:102E1800D8E7782FF3DC0132D2B20C2AEAD13D4947
:102E28000022012611F8017F0132022FD2B288BF99
:102E38000E70042AF6D194F83420022A02D900220E
:102E480084F83420B3F8A22094F8343042FA03F31B
:102E580013F001030CD184F834304AB112F00103A5
:102E680006D142FA03F6F607D9B211D584F8341020
:102E780094F82C30022B02D9002384F82C3094F8D3
:102E88002D30032B08D80AD1002384F8343006E00B
:102E98000133102BE5D1EBE7022384F82D3094F8A9
:102EA8002E30022B02D9012384F82E3094F83030CA
:102EB800022B02D9002384F8303094F833300C2BDD
:102EC80002D9002384F8333094F83530042B02D922
:102ED800002384F83530104B18444FF6FF71A0F8E2
:102EE80020111421FF2201FB053183F82F2083F8DC
:102EF80031204FF0FF32C0F81C211A629A84A1F8E1
:102F08005A20A1F85C20DA861A8702B0BDE8F08161
:102F1800010100200D010020C80000200021FFF75A
:102F2800E3BC0000034670B50846052B04D8DFE86B
:102F380003F01D0421191D21FEE720261F250F225D
:102F4800184CA3702277013B0122A4F84C60A4F826
:102F58004E50A276A273042B10D8DFE803F0131AA0
:102F68001C1C1A0009266F250722E9E714263225BA
:102F78000A22E5E7352613251922E1E70023237104
:102F8800237401E022712274FDF720FE60736076DD
:102F980070BD0223F3E7002323712374A376A37380
:102FA800F2E700BF68000020044B012283F8552097
:102FB800A3F85620A3F85820704700BF68000020E7
:102FC8002DE9F043724D734C00F1110805EB081719
:102FD80002378DB006463846FDF76AFB4FEA0619F8
:102FE8000290042102A805EB0616FDF7CDFE96F81F
:102FF8001B31E0832BB103EB031303EB03231844CA
:10300800E08305EB08135B7A062B40F0B680E38B70
:1030180003F5B5432533E38305EB081895F8270036
:10302800FFF7C2FF98F8091061708B1FA944012BA4
:103038008CBF0023012399F81A0184F85A30FFF74E
:1030480071FF99F81B21E18B029BE1806182A360EB
:1030580063612AB14FF0113000FB0233A360636152
:1030680095F826004C4B616213F9203023732376C0
:10307800002384F82A30637B84F8292023B9384652
:10308800FDF736FB84F82A006078FDF79FFD434A78
:1030980084F82800128802F00101970748BF41F020
:1030A8000201A185560742BFA18D41F00401A18507
:1030B8000346100742BFA18D41F01001A185D1063A
:1030C80042BFA18D41F02001A185920642BFA28D89
:1030D80042F00802A285324A03AE02F1200C1068C1
:1030E8005168374603C7083262453E46F7D1106833
:1030F8003860A2782B4E06210CA801FB0303134469
:10310800B7EE087A13F8247C84F8207007EE907ADA
:10311800F8EEE77A16E90F0067EE877A86E80F007F
:10312800FCEEE77A40F2E243CDED017AA4F85030A4
:103138009DF80430B4F84C20A4F852307F084FF4BE
:103148007A73B3FBF2F3A4F8403095F82C30052FCE
:1031580038BF0527012B84F8547016D0022B14BFF2
:103168004FF461434FF461336364002384F85B30A8
:10317800A4F85C300DB0BDE8F083072B7FF44CAFAA
:10318800E38BA3F5B543263B45E74FF4E133EBE783
:10319800C800002068000020CCB00008840200208D
:1031A80088AA00089800002002484FF4DE72FF2128
:1031B80007F0EABBC800002002484FF4DE71FEF7B2
:1031C800ABBE00BFC800002002484FF4DE71FEF716
:1031D8008FBE00BFC800002008B5FFF7F5FF034BFE
:1031E8001878BDE80840FFF799BE00BF68000020C6
:1031F800F8B5FFF7D9FFFEF7A5FE04280CD0FFF7B6
:10320800D3FFFEF79FFE042803D1FFF7DDFF042854
:1032180006D0FFF7C9FF03E0FFF7D6FF0428EED179
:1032280046494748464C102207F0D2FB38B1454979
:103238001022204607F0CCFB08B1FFF7B5FFA38AA0
:1032480042F6A102934266D042F6A002934258D8B1
:1032580000213B4B022504260F46012093F84F20FE
:10326800012A1ED0022A1FD00ABB93F85020042A34
:1032780020D0052A20D0033A18BF012201310A299B
:1032880083F8502083F8540003F11403E6D194F82E
:103298002C30042B12D0052B31D0002384F82C308D
:1032A8000EE083F84F50E0E783F84F60DDE783F8DE
:1032B8004F70DAE70122E1E70222DFE784F82C0009
:1032C80042F6A103A382012522691C491C4842F643
:1032D800A2039A424FF010021CBF2361012507F098
:1032E80077FBD0B1154916481022FDF7BDFA1649EB
:1032F80016480822FDF7B8FAFFF75EFF0FE0022331
:10330800CCE70025E8B20135FFF7A6FA0A2DF9D176
:103318000023E377D4E70025D6E7002DECD100237E
:10332800E3770B4C2370FFF711FA2078FFF7F6FDCF
:103338002078BDE8F840FFF743BE00BFBDAC0008E9
:10334800C8000020CEAC0008DFAC00087A020020DC
:10335800680000200229F7B5054600D9FEE70B4EA4
:1033680006EB01131C460F016278F15DC3609B7880
:1033780007F02EF9E3790193A37900932279637911
:10338800E178284607F04DF903B0F0BDA8C700085A
:1033980038B5836804466BB1024652F8143BDD69C0
:1033A80000F11503A847217D20462022BDE83840BA
:1033B80007F093B938BD00007FB58D7A8160044667
:1033C80075B3012107F0DAF80121204607F0EEF97C
:1033D8000121204607F004FAA368204693F9081053
:1033E800FFF7D6FFA36820461978FFF7B3FF00223E
:1033F8001146204607F0DFF80023009344F2030249
:1034080020464FF6FF7107F028F920464FF6FF7166
:1034180007F04AF9204604B0BDE8704007F0D2B979
:10342800032107F0ABF82046012107F0BFF9204639
:10343800012107F0D5F9A368204693F90810FFF792
:10344800A7FFA3685E680C4B23612A462046102319
:10345800862107F0E9F95B23CDE900532046029560
:1034680010230422702107F0EEF92A46314620463F
:1034780007F007FABBE700BF94C7000810B5044679
:1034880007F0A0F920464FF6FF71BDE8104007F09D
:103498000BB9000038B58168036891F90810DD6937
:1034A800044600F1150300F11402A847A3689A7AAC
:1034B80042B11A78022A00D9FEE7044B03EB021343
:1034C800E36038BD024B2361FBE700BFA8C70008D3
:1034D80094C70008836810B5044683B1C3681BB954
:1034E80003690BB9FFF7D6FFA3689B7A1BB1E368A2
:1034F800B3F90C0010BD2369B3F91000FAE71846B8
:10350800F8E7836810B5044643B1C3681BB903697B
:103518000BB9FFF7BFFF94F9150010BD1846FCE77B
:1035280038B5836804460D466BB9012107F032F9B6
:1035380029462046FFF740FF7D20FEF721FCBDE825
:103548003840FEF71DBA38BD90F8D43053B190F822
:10355800D520074B03EBC20153F83230497953F8B1
:1035680021007047037C00EB8300406B704700BF6D
:103578009CB0000813B5194B0288DB8B9A420446AD
:1035880027D1837813F0D00F25D18379812B22D8C6
:103598004FF6FF730D2201460DF10600ADF8063017
:1035A800FDF7D8FBB4F80D20BDF806309A420ED1CD
:1035B8004C2204F10D01FDF7CDFBB4F85900BDF81C
:1035C8000630C01A18BF0120800002B010BD0320C9
:1035D800FBE70120F9E70220F7E700BF68000020B9
:1035E8000A7ACB7902F0070243EA022303804B7A76
:1035F8000A7A03F03F035B0143EAD20343808B7AE4
:103608004A7A9B0043EA9213CA7A02F0010243EA1B
:10361800822383800B7BCA7A03F00F03DB0143EA22
:103628005203C3800B7BC3F30112012A11D813F094
:10363800300F14BF012300239B0203830B7B7F2BD6
:103648000AD813F0C00F14BF012300239B02438341
:10365800704740F2FF73F0E740F2FF73F7E70A7A2A
:10366800CB7902F0070243EA022303804B7A0A7AF5
:1036780003F03F035B0143EAD20343808B7A4A7A23
:103688009B0043EA9213CA7A02F0010243EA8223BA
:1036980083800B7BCA7A03F00F03DB0143EA5203F2
:1036A800C3800A7CCB7B02F0070243EA0223038132
:1036B8004B7C0A7C03F03F035B0143EAD20343815E
:1036C8008B7C4A7C9B0043EA9213CA7C02F001027D
:1036D80043EA822383810B7DCA7C03F00F03DB015D
:1036E80043EA5203C3814B7DDB0003828B7DDB0001
:1036F8004382CB7DDB0083820B7EDB00C3820B7BA6
:10370800C3F30112012A2BD813F0300F14BF012381
:1037180000239B0203830B7B7F2B24D813F0C00F5D
:1037280014BF012300239B0243830B7DC3F30112C3
:10373800012A1BD813F0300F14BF012300239B026A
:1037480083830B7D7F2B14D813F0C00F14BF012384
:1037580000239B02C3834FF4806303844384704730
:1037680040F2FF73D6E740F2FF73DDE740F2FF73E4
:10377800E6E740F2FF73EDE737B5214BDB8B0380BB
:103788004A78837862F3C30383704A79C37862F313
:103798000003C3708A79437962F386134371044640
:1037A80091F902000D46FCF74EFEE37860F34703FB
:1037B800E370EA78237962F3060323712A79DBB28E
:1037C80002F0010203F07F0343EAC21323712A794E
:1037D8006379C2F3450223F03F031343637159220F
:1037E8004FF6FF7321460DF10600ADF80630FDF7E0
:1037F800B1FABDF80630A4F8593003B030BD00BFA7
:10380800680000202DE9F3419DF820601546522EEE
:1038180088464FF05B024FF0000104461F4628BF60
:10382800522607F0B1F82D4BDB8B23802A78A3783A
:1038380062F30203A3706A78D20002F00802DBB2D6
:1038480042EA081103F007031943A1706A79E37883
:1038580062F30003E370AA79637962F386136371F4
:1038680095F90200FCF7EFFDE37860F34703E37096
:10387800EA78237962F3060323712A79DBB202F02E
:10388800010203F07F0343EAC21323712A796379A3
:10389800C2F3450223F03F0313436371A379224621
:1038A80066F3470302F8063F3E443B46B34210D155
:1038B8004FF6FF73592221460DF10600ADF8063088
:1038C800FDF748FABDF80630A4F8593002B0BDE853
:1038D800F08113F8011B02F8011FE7E768000020D8
:1038E80007B5009313460A460121FFF78BFF03B083
:1038F8005DF804FB30B53A4B027893F8261061F373
:103908000302027093F8271061F30712027093F80C
:103918002810427861F30302427093F8291061F38A
:103928000712427093F82A10827861F303028270BA
:1039380093F83210827961F30302827193F82B10A5
:10394800827861F30712827093F83410C27961F3B8
:103958000302C27193F82C10C27861F30302C2709B
:1039680093F82D1061F30712C27093F82E100279A4
:1039780061F303020271427993F8301061F3030294
:10398800427193F83310827961F30712827193F8C8
:103998003510C27961F30712C27103F1390100F1E0
:1039A8000A0200F1160411F9015F02F8015FA24250
:1039B800F9D193F84610C27D61F30102C27593F8FC
:1039C800471061F38302C27593F8481061F305123A
:1039D800C27593F8493063F38712C27530BD00BFD2
:1039E800C80000200278344BC2F3030230B583F8D4
:1039F80026200278C2F3031283F827204278C2F304
:103A0800030283F828204278C2F3031283F829209E
:103A18008278C2F3030283F82A208279C2F3030270
:103A280083F832208278C2F3031283F82B20C279FC
:103A3800C2F3030283F83420C278C2F3030283F886
:103A48002C20C278C2F3031283F82D200279C2F326
:103A5800030283F82E204279C2F3030283F8302050
:103A68008279C2F3031283F83320C279C2F30312B6
:103A780083F8352003F1390100F10A0200F1160438
:103A880012F9015F01F8015FA242F9D1C27DC2F3C8
:103A9800010283F84620C27DC2F3810283F84720E1
:103AA800C27DC2F3011283F84820C27DC2F381129D
:103AB80083F8492030BD00BFC800002070B55226E9
:103AC80098B0324604460D4603A8002106F05CFF74
:103AD800212342F6A2008DF80C30FCF7A7FEADF8C2
:103AE8000E0042F6A100FCF7A1FE1C49ADF810003B
:103AF80014220DF11200FCF7B7FE1948FFF701FD7B
:103B0800184B8DF8260093F855308DF827300AA801
:103B1800FFF7F0FE3223ADF84630134A134BCDE9D8
:103B280012236FF08023149347F6FF73ADF85430D7
:103B38000F4BB3F89E208DF85620B3F8A020B3F8A9
:103B4800A2308DF857208DF85830009603AB2A46DE
:103B580002212046FFF756FE18B070BDE5AC0008FC
:103B68005C1E0020680000206400FA00F401E803ED
:103B78008402002038B5154D044600F11B010622C9
:103B880005F58970FCF7D0FE94F82130C3F30303E0
:103B980085F8193194F82130C3F3031385F81A31E5
:103BA80094F82230C3F3030385F81B31B4F85700A7
:103BB800FCF74DFE42F6A103984205D104F1250019
:103BC800BDE83840FFF70EBF38BD00BFC800002071
:103BD8000B4A0C49126882600A6802614A680A49FD
:103BE80042610A6882614A68C26100234EF6602217
:103BF800838083718381038402600385704700BFDB
:103C0800B02C0020F3AC0008FCAC000810B50E4C3A
:103C1800A36803B9FEE70D4A12791A7000212046FD
:103C280006F095FC4FF47A70FEF7AAF820460121B9
:103C380006F0A4FCA36820461978FFF78BFB204602
:103C4800FFF71CFC10BD00BF5C1E002068000020B0
:103C580038B5174D0446A878697805281BD14FF662
:103C6800FF732385FFF75EF96B7801229A40238D55
:103C780023EA020323850F490F48FFF751FC0E483A
:103C8800FFF7FCFB0C481121FFF782FB2046BDE83B
:103C98003840FFF7BBBF002323850220FFF742F916
:103CA8006A7801239340228D13439BB2E2E700BF59
:103CB800680000206C0000205C1E002008B590F809
:103CC800203002468BB9FDF771FE10B982F8210049
:103CD80008BD92F8213001335BB2312B82F82130D4
:103CE800F6DD012382F82030F2E7FDF75FFE18B118
:103CF800322382F82130EBE792F82130013B5BB2A6
:103D0800002B82F82130D8BF82F82000E0E70000BD
:103D18000A4B90F820201B6872B182689B1AB3F591
:103D28007A6F01D901234371037923B9437913B118
:103D380001230371037370478360F5E7B02C0020FB
:103D4800037B9A1E012A4FF0000202D890F8201037
:103D580011B90273184670471346FBE70A4A38B58B
:103D6800138801339BB2502B04460D4601D81380AB
:103D780038BD002305491380FDF786FB29462046F8
:103D8800FDF782FBF4E700BF9803002005AD0008AB
:103D98002DE9F84F154604460F467749FDF774FBA1
:103DA80029462046FDF770FB744B0022012F1A802C
:103DB8004FF0904610D10223B362B76146F2A810C3
:103DC800FDF7DEFFB76246F2A810FDF7D9FF2946D6
:103DD8002046FFF7C3FFF0E7BB1E01220C2B00F2C1
:103DE800BE80DFE803F0374A5E1F07BCBCBC7171B8
:103DF800717171004FF090464FF001080227C6F824
:103E0800188046F2A810B762FDF7BAFFC6F82880F6
:103E180046F2A810B761FDF7B3FF29462046FFF721
:103E28009DFFEBE74FF090464FF001080227C6F8D8
:103E3800188046F2A810B761FDF7A2FFC6F82880DF
:103E480046F2A810B762FDF79BFF29462046FFF708
:103E580085FFEBE7B26202274FF09046B76146F262
:103E6800A810FDF78DFFB76246F2A810FDF788FF8E
:103E780029462046FFF772FFF0E70223B3610127C6
:103E88004FF09046B76146F2A810FDF779FFB76288
:103E980046F2A810FDF774FF29462046FFF75EFF9B
:103EA800F0E7B26102274FF09046B76146F2A810DA
:103EB800FDF766FFB76246F2A810FDF761FF2946D5
:103EC8002046FFF74BFFF0E7A7F1090A5FFA8AFAE5
:103ED80000264FF0010956453EBF4FF0904302229D
:103EE8009A614FF004084FF0904B46F2A810CBF8B7
:103EF8001890FDF745FF46F2A810CBF82890FDF77B
:103F08003FFF08F1FF3829462046FFF727FF18F042
:103F1800FF08EAD10223CBF828304FF004084FF00D
:103F2800904B46F2A810CBF81890FDF729FF46F2FF
:103F3800A810CBF82890FDF723FF08F1FF38294691
:103F48002046FFF70BFF18F0FF08EAD10136A7F16A
:103F58000803F6B2DBB2B34238BF0026BBE7022340
:103F6800B261B3614CF25030FDF70AFF2946204692
:103F7800FFF7F4FEF6E700BF05AD00089803002040
:103F880010B50446084694F901308B4201D12378D4
:103F980023B901232370FDF74EFD607010BD0000AA
:103FA80008B5437802789A4213D0042B8ABF0423B9
:103FB80003700370027888BF4370064B064813F9F4
:103FC8002210064B19731976836813B11972FFF71B
:103FD800DFF908BDCCB000085C1E00206800002096
:103FE80010B50AB9437010BD541E0B2CFBD8033210
:103FF800D2B231F91220C83A03FB022240F27161B1
:1040080092FBF1F212B222EAE2729A42C8BF1AB2E5
:104018004270E8E70A46014610B9024806F071BA4C
:10402800704700BF5C1E002038B515461C46A0B975
:10403800FDF772FC0A462B4601460A4806F03AFA92
:1040480008484FF6FF7106F02FFB22010548BDE82E
:10405800384092B2012106F050BB0248FFF70EFA31
:1040680038BD00BF5C1E00202DE9F041194C054603
:104078005B270E463A460021204606F085FCAB69D0
:104088002360EB696360144B14491B789A1E5342F2
:104098005341627A63F3000262726FF05D02A272AA
:1040A80028220023E27204F10E00142223736373A2
:1040B800FCF7DAFB59212046FCF766FE084BA4F80A
:1040C80059003A46214630461B7FBDE8F041FFF7CC
:1040D800ABBF00BFE31C00208B030020E5AC000849
:1040E8006800002037B50C4638B91548836833B9DD
:1040F800812281F8A02081F8A23003B030BD9D7ADA
:1041080095B101F1A2020DF1060106F020FBBDF9FF
:104118000630002B0FDB4FF6FF73ADF80630BDF805
:10412800063084F8A030E8E70DF1060106F0DFFB61
:1041380084F8A250EBE77F33F1DA4FF68173ECE7AE
:104148005C1E00200A4608B501460148FFF720FE1C
:104158000C0000200023FF22037043708370C2709C
:1041680003717047C17829B983780171013383706D
:10417800012070470378012B1DD0022B05D08BB985
:104188008278013282700371F2E782784378534073
:10419800DB0703D4013282700023F4E7FF2903D13F
:1041A800002303710020704703790133DBB2994281
:1041B8000371EFD3F6E7FF29F2D002790132D2B2C8
:1041C80091420271EED2827801328270002202712D
:1041D800CEE7000030B51C4C85B00E220021054604
:1041E800684606F0D1FBB4F8A030ADF800302046A0
:1041F800FCF7D5F88DF802002046FCF7C7F8B4F8AC
:10420800A4308DF803001148ADF80430FFF779F9B0
:1042180094F8A6308DF8073094F8A9308DF8083056
:10422800B4F8AA30ADF80A30094B8DF806009B782F
:104238008DF80C306946012328468DF80D3003F0BF
:1042480054FF05B030BD00BFA01D00205C1E00203B
:10425800680000200148FEF711BA00BF991D002030
:10426800F8B5154D0E4607465B23294630461446D9
:104278002A46FFF7CFFED7E9041328686A689A42EE
:1042880008BF884209D0002430460C49FFF72AFFAE
:10429800002C0CBF01200320F8BD59212846FCF74B
:1042A80073FDB5F859308342EDD114B1FFF7D2FF51
:1042B800EAE70124E8E700BF911E0020A01D0020C6
:1042C80013B5012104460844FCF75EFDA178ADF85A
:1042D80006000DF10600FCF731FDE178FCF72EFD34
:1042E8002179FCF72BFD6179FCF728FDA179FCF712
:1042F80025FD04F108010322FCF72CFD627804F186
:104308000C01FCF727FD94F82311FCF717FDBDF805
:104318000630A4F80C3102B010BD00000038024B82
:1043280018BF0120187070475003002070B5002A8C
:1043380038D1042B71D89DB29BB3654C94F82830C2
:10434800666A03F1030C5FFA8CFCF600BCF1070FF8
:10435800666284F828C040F28980053BDBB284F8A5
:104368002830B1F800C0DE400CF101030B8000F8E2
:104378000C600EE0083BDBB284F82830B1F800C0CE
:10438800666A0CF1010E26FA03F3A1F800E000F8C2
:104398000C3094F82830072BECD8013296B2B5428D
:1043A800CED870BDFF2AFCD1032B66D89DB2002B56
:1043B800F7D0474C94F828300026626A03F1040CC1
:1043C8005FFA8CFC120142F00202BCF1070F626234
:1043D80084F828C07AD9043BDBB284F82830DA4064
:1043E8000B8803F1010CA1F800C0C2540CE0083B93
:1043F800DBB284F82830626AB1F800C0DA400CF108
:1044080001030B8000F80C2094F82830072BEED815
:104418000136B2B29542D0D870BD2D4C626A03F510
:10442800C06343EA423394F82820636202F10D0521
:10443800EDB2072D84F82850B3D90532D2B284F8EA
:104448002820D3400A88551C0D80835409E0083B76
:10445800DBB284F82830626A0D88DA406B1C0B8066
:10446800425594F82830072BF1D870BD013296B226
:10447800B54263463FF664AF93E7154C626A03F5AD
:10448800E06343EA423394F82820636202F10D05A1
:10449800EDB2072D84F8285083D90532D2B284F8BA
:1044A8002820D3400A88551C0D80835409E0083B16
:1044B800626ADBB284F82830DA400B885D1C0D8014
:1044C800C25494F82830072BF1D870BD63469FE793
:1044D800A40500202DE9F047674C0027FF250F8031
:1044E80005708025676284F82870A5779846002BA8
:1044F80000F0BB8003F1FF3912FA89F9561EBA465B
:104508003A4609E0554546D10137BFB20B884345C5
:104518003AD24E4500F0948016F8015F002AF1D196
:104528006B1EDBB2FD2B32D83F2B62D905F141035C
:10453800DBB23F2B34D8636A94F828200135EDB2FA
:1045480045EA032502F10803DBB2072B656284F80C
:10455800283015D984F828200B88D5405A1C0A80A1
:10456800C55409E0083BDBB284F82830626A0D883C
:10457800DA406B1C0B80425594F82830072BF1D891
:1045880000220B884345C4D30020BDE8F0870127EB
:10459800AA463A46BAE7FBB25246FFF7C7FEBFE75C
:1045A800636A94F828203F35EDB245EA432502F1C5
:1045B8000903DBB2072B656284F82830E0D90132A1
:1045C800D2B284F828200B88D5405A1C0A80C554DA
:1045D80009E0083BDBB284F82830626A0D88DA40CB
:1045E8006B1C0B80425594F82830072BF1D8002219
:1045F800C7E7636A94F828207F35EDB245EA0325BA
:1046080002F10803DBB2072B656284F82830B7D9BA
:1046180084F828200B88D5405A1C0A80C55409E024
:10462800083BDBB284F82830626A0D88DA406B1CDC
:104638000B80425594F82830072BF1D80022A0E7C8
:1046480022B1FBB25246FFF771FE0B8894F828207E
:1046580062B1646AC2F108020125944005FA02F2C7
:10466800013A22435C190C80C2540B88984594BFC8
:1046780000200120BDE8F087A40500202DE9F04FB7
:1046880047F26F730022827003800B78A3F1FE0358
:10469800B3FA83F35B0983708A780D4612F001013F
:1046A8001CBF43F080038370D5F8202122F07F429D
:1046B80022F0FF0285B0044612B143F0080383706C
:1046C800AA68C2F31702FF2A1ED9B2F5803F18D391
:1046D80063F07F03A37041F002014FF0020B09233E
:1046E8004FF00A0C0822E1700B20CDF804C01E46DA
:1046F80017464FF0070E4FF006094FF0050A042140
:1047080017E043F00203A370180600F1D6800823CF
:104718004FF0090C07220A204FF0000BCDF804C017
:104728001E4617464FF0060E4FF005094FF0040AD3
:10473800032195F8018004F8018004EB0108297928
:1047480004F80A10697904F80910A97904F80E1018
:10475800A178090709D595F82111A15495F82211D6
:10476800A1550346674662460646A968A154A27841
:10477800900707D5BA1C1F46AB68C3F30F23A35590
:1047880096B23346BBF1000F05D05A1C1F46AB7AD0
:10479800A35596B23346A278D10606D55A1C1F46B1
:1047A80095F82331A35596B23346454A127803F15A
:1047B800010914FA89FA05F10C0B42B16B785A46D3
:1047C8000DF10E015046FFF785FE00285AD16A7890
:1047D800504659461FFA82FA06F038F92278394BC2
:1047E8006178D243D2B2072F9A5C82EA0102995CBF
:1047F800A27882EA0102995CE27882EA0102995C75
:10480800227982EA0102995C627982EA0102995C62
:10481800A27982EA0102995CE27982EA0102995C52
:104828001BD0227A5140082F595C16D0627A514029
:10483800092F595C11D0A27A51400A2F595C0CD02B
:10484800E27A51400B2F595C07D0227B51400C2F44
:10485800595C1EBF627B5140595CA1551AFA89F315
:104868009BB2B5F80C21E2545A1CB5F80C1192B25F
:10487800090AA154AA78981CD20780B20BD405B0B3
:10488800BDE8F08FA378BDF80EA043F04003A370F5
:1048980088F800A0A2E7D5F81071D5F81811D5F856
:1048A8001461275022180F335660916095F81C1137
:1048B800117398B205B0BDE8F08F4FF0000B0EE70A
:1048C800500300200CB100082DE9F84FAE4CAF4E54
:1048D8000F4682460146AD48154606F0B7F8002354
:1048E8003B809E462384636284F82830802384F8C2
:1048F80022304FF0FF08F14606E03B885A1C3A8008
:104908000AF8039094F828E0BEF1010F5CD8218CD6
:104918008D4240F29D80606A735C0EF1080C5FFA6C
:104928008CFC43EA0023ACF1020B23FA0BF00EF1E6
:10493800060200F003000131D2B20228218463622A
:1049480084F8282000F08680032800F08880012859
:104958001DD0002A40F08780228C954278D9B15C1E
:10496800013241EA0323228407211A06636284F88C
:104978002810C2D5062184F8281013F0400F40F003
:104988008D803B885A1C3A800AF80380BAE7062AC9
:104998000BD8228C95425BD9B15C013241EA0323E2
:1049A8000CF1060122846362CAB2073AD34003F0CD
:1049B8007F037D2B84F828204AD83A884133511C3C
:1049C80039800AF802309DE7636AAEF1020B23FAD8
:1049D8000BF000F003005FFA8BF2022884F828201D
:1049E80003D003281CD0F446B1E7052A32D8218C1D
:1049F8008D422DD9705C0EF10602013140EA032385
:104A0800D2B221846362063A84F828E0D340398818
:104A180003F03F034A1C01333A800AF8013071E77A
:104A2800052A1CD8218C8D4212D9705C0EF1060221
:104A3800013140EA0323D2B221846362063A84F842
:104A480028E0D340398803F03F034A1C413BE3E7A1
:104A5800BDE8F88F063A636A5FFA82FED4E7063A41
:104A68005FFA82FEEBE70BF1FF3023FA00F0511EEC
:104A7800C9B2C00784F828107FF53FAF69BB228C04
:104A88009542E5D9B15C013241EA0323072122842A
:104A9800636284F8281013F0800F70E74A1ED0B2C2
:104AA80023FA02F2D20784F8280032D48446228CF2
:104AB8009542CDD9B05C013240EA0323C81D228457
:104AC8006362C0B2A0F10802D34084F828C05FFA3C
:104AD80083FB38885A46002133E0013923FA01F074
:104AE800911EC9B2C00784F828107FF54AAF99BB58
:104AF800228C9542ACD9B15C41EA032301324FF0D4
:104B0800070C19062284636284F828C021D408217E
:104B1800CDE7072832D8228C954299D916F802C0D9
:104B2800073101324CEA032322846362C9B208398F
:104B380023FA01FB84F828005FFA8BFB38885A4671
:104B4800FF21504405F020FF3B889B44A7F800B0A4
:104B5800D8E660460821DEE701F1FF3CD01E23FAC3
:104B68000CFCC0B21CF0010F84F82800D1D1072832
:104B78009CD90B3A636A5FFA82FCA3E7A0F10802AA
:104B88000146D0B2D3E700BFA40500207804002076
:104B98002DE9F04F5788B7F58F7F8BB0144606463E
:104BA8000BD90022227000226F2B628000F06581F1
:104BB800002333700BB0BDE8F08F12780E2A0D4633
:104BC80024D80E2A00F2118101A151F822F000BF69
:104BD800AF4B0008FF4D0008F34D0008F34D0008E7
:104BE800FF4D0008FF4D0008FF4D0008FF4D00086D
:104BF800FF4D0008FF4D00084D4E0008F34D00081A
:104C0800F34D0008F34D0008714E0008692A40F280
:104C1800EA806A2A40F0E9809C4FFA8A02F1FF3C58
:104C28001FFA8CFC002A00F077820CF1030CDFF8E5
:104C380064E2BC44FF22B91C11F8010B42406145F3
:104C48001EF80220F8D1934200F0CF810022227092
:104C5800C4F80220E280FA8A022AA9D939796F2990
:104C680000F02B83032AA3D079796F2900F03583CC
:104C7800042A9DD0B9796F2900F03283052A97D08C
:104C8800F9796F2900F03B83062A91D0397A6F2988
:104C980000F04482072A8BD0797A6F2900F032839A
:104CA800082A85D0B97A6F2900F02F83092A3FF4A2
:104CB8007FAFF97A6F2900F02B830A2A3FF478AF87
:104CC800397B6F2900F027830B2A3FF471AF797B7A
:104CD8006F2900F023830C2A3FF46AAFB97B6F2950
:104CE80000F01F830D2A3FF463AFF97B6F2900F0B2
:104CF8001B830E2A3FF45CAF397C6F2900F01A83BE
:104D08000F2A3FF455AF797C6F2900F01083102AE1
:104D18003FF44EAFB97C6F2900F00F83112A3FF49E
:104D280047AFF97C6F2900F00B83122A3FF440AF9C
:104D3800397D6F2908BF4FF012087FF439AF02F1AF
:104D480001091FFA89F93A44A7F816905FFA89F918
:104D580093704F494A4602A805F078FE6F234FF03A
:104D6800010CBB704FF0000E6423A7F800E0A7F811
:104D780016C0237008EB0C0399451FFA89F27FF6D9
:104D880017AF901E02A9A0EB08005A1E0B440A4454
:104D980013FA80F04FF06A084FF007094FF0660ADF
:104DA80005E0002B40F0BD8190423FF401AFFB8A43
:104DB80012F8011F07EB030B01338BF80210FB827B
:104DC8002378092BEDD9A3F1640BBBF1050FEBD8C0
:104DD800653B042B00F2B782DFE813F01E011601D1
:104DE80011010D011A01632A05D800232370C4F8A4
:104DF8000230E380DDE6254FFA8AB91801328B705C
:104E0800FA822278092A00F2A480002A3FF4D0AE60
:104E1800013A082A3FF6CCAE01A151F822F000BFB2
:104E2800E7500008B94B0008B94B00084950000882
:104E380049500008D15000089D5000080B51000847
:104E4800BB5000087A1C6280104EEB55A088727F18
:104E5800618883189942FFF6ADAE33785F0600F19A
:104E6800E1810E232370A5E67A1C6280EB55E28867
:104E78006388934210D201239BE604490A800122E9
:104E8800CA8264228B702270002392E6A405002057
:104E9800A60500200CB100080023638023700223BC
:104EA800037042802B78FD2B00F08680EB7803722C
:104EB8002B7943726B7943606A78083272800022DA
:104EC80040F28510DFF8B0C47281FE210446013437
:104ED80099424FEA54042ED849D38B4240F0898036
:104EE8002B78FD2B7ED04FF0060B2846DFF8888400
:104EF80010F801AF0BEB0A0909F1FF3189B2FBF792
:104F080043FF04EB440708EB8707ADF8080039793D
:104F1800019102A8FBF712FF05EB090215F8093009
:104F28005278019903EB0223BDF808209BB29A42FC
:104F38001FD005233DE6601E1418824204F10107C4
:104F480080F0698127F0010101EB57015CF821101D
:104F5800BDE7A2F1640105293FF62AAE653A042AA5
:104F680000F2FA81DFE802F0807C78749200224631
:104F7800E2E7BB79DA0706D5FA79924582BF52197A
:104F880012F80B20B2729B070BD56300234408EB81
:104F980083036A781B7A9A4282BF5B1913F80B3035
:104FA800F3726300234408EB8308317398F80530E3
:104FB80073730BB0BDE8F08F6B790372AB794372F2
:104FC8006B7A297AEA791B0403EB012313444360C3
:104FD8006A7802F10C014180A978C9077FF56FAFA3
:104FE80019326BE74FF00A0B7FE70A220123227080
:104FF800DFE50323DDE5F97684F80090D4E64FF089
:105008006803B9762370CFE6797084F800C0CBE6E0
:10501800397784F80080C7E6397001F001036188A8
:1050280087F801E0033B01F1010BA4F802B06B54CF
:1050380097F90030002BACBF634653462370B3E6A4
:105048006288511C6180AB54237801332370AFE52B
:105058000722FB76227017E76822BB76227013E7D7
:1050680001227B7022700FE762883B70002103F0F9
:105078000103033B7970511C6180AB5497F90030F0
:10508800002BC0F230810123237091E56A223B771F
:105098002270F9E66288511C6180AB543B787A78BB
:1050A800134313F0020340F0D5806288511C6180DD
:1050B800AB546288511C6180AB543B78D8064CBF16
:1050C80069236A23237073E56288511C6180AB549D
:1050D8003B781D074CBF67230723237068E5628868
:1050E8003A83511C6180AB543A787B7712F0010205
:1050F80000F0CE8006220833A280E38004232370C8
:1051080056E56288511C6180AB547B7813F002032A
:10511800CFD0092323704BE5FF2294E54FF0060812
:105128000DE6013B082B3FF63FAE0FF2080B5BF88C
:1051380023F000BF75510008B14D0008B14D0008BB
:105148006151000861510008E9510008B751000891
:10515800035200089B510008638803F1010BA4F86F
:1051680002B0E9542378013323701DE663883B833A
:1051780003F1010BA4F802B0E9543B78797713F0F6
:1051880001036AD008310623E180A3800423237039
:105198000AE6638803F1010BA4F802B0E9543B78EE
:1051A800DB067FF536AF4FF069032370FCE56388B3
:1051B80003F1010BA4F802B0E9543B7879780B436A
:1051C80013F0020343D1618801F1010BA4F802B086
:1051D8006B54618801F1010BA4F802B06B54DEE74F
:1051E800638803F1010BA4F802B0E9543B7819076E
:1051F8007FF502AF67232370D6E5638803F1010BBF
:10520800A4F802B0E9547B7813F00203E1D04FF020
:1052180009032370C8E5584902EB4200144651F8C7
:1052280020105AE602A92844FFF74EFB737FBDF809
:1052380008106288CB1A9BB21A446280727F1A44A3
:105248007277E2881344E380338BE95409E6082334
:105258002370A9E508232370AAE40C31E18079784A
:105268004FF00A0B11F00101A4F804B028D06188AE
:1052780001F1010BA4F802B005F801C0618801F141
:10528800010BA4F802B06B54E3880D33E3807DE78B
:1052980079780C33E38011F001014FF00A03A38001
:1052A80024D06388012158186080E954638859180C
:1052B8006180EA54E3880D331FE74FF002083EE5AA
:1052C800638803F1010BA4F802B0E954638803F181
:1052D800010BA4F802B0E95458E74FF003082EE593
:1052E8004FF004082BE56623237061E463885A1C99
:1052F8006280E95463885A1C6280E954FEE64FF0E4
:1053080005081CE54FF0070819E54FF0080816E5F1
:105318004FF0090813E54FF00A0810E54FF00B08A5
:105328000DE54FF00C080AE54FF00D0807E54FF0C2
:105338000F0804E54FF00E0801E54FF01008FEE4F1
:105348004FF01108FBE477290ED084F800E0C4F888
:1053580002E0A4F806E027E5772B09D000232370A4
:10536800C4F80230E38023E44FF0650323701BE5A3
:10537800652323701CE400BF0CB200082DE9F84334
:105388001F46184B164693F8302004463AB393F854
:105398002B301FB11BB31F1F18BF0127A1F1020833
:1053A80004F5E36901F11E0538F8020FFBF7C0F8B0
:1053B80029F8020FB8F80000FBF7C7F8A845A9F8C4
:1053C8002000F1D1084B84F85A771B68C4F85C3781
:1053D80086F00106012384F8606784F81937BDE870
:1053E800F88300BFC8000020B02C002070B500F280
:1053F8007C7400F5B0712046FBF709FD044B0246AA
:10540800186801680D6921462B46BDE870401847A9
:105418009C1D0020B0F8E834B0F8EA249B1A98B232
:105428001B0444BF00F5007080B2003818BF01208B
:105438007047D0F8F836B0F8E8240133C0F8F836E9
:10544800D0F800370133C0F80037B0F8EA349A4290
:105458001FBFC218B0F8EC1492F8EE24013316BF3F
:105468000B400022A0F8EA3410467047114B93F81D
:105478002D305A1E012A02D80F48FFF7DABF032B36
:1054880010D10E4AB2F81E36B2F81C1699420ED048
:10549800D118013391F82206B2F820160B40A2F871
:1054A8001E367047064B186803689B69184700202A
:1054B800704700BFC8000020E8050020900E0020BB
:1054C8009C1D00200023A0F8EA34A0F8E834024B21
:1054D80018680368DB6918479C1D002010B5074849
:1054E800FFF7F0FF064B0022C3F81C26054B18688F
:1054F8000368BDE81040DB69184700BFE8050020D5
:10550800900E00209C1D002038B5B0F8EA24B0F8B1
:10551800E8349B1A9DB21B04084B044618680368BC
:1055280048BF05F500751B6A48BFADB298474319D7
:10553800D4F8F006184480B238BD00BF9C1D002086
:10554800F8B5D0F8F43690F81877CB1AB3F57A7F17
:1055580004460E4626D2632B01D800207DE0012F99
:105568000AD0022F19D0002FF7D1FFF7CDFFB0F5E1
:10557800806FF2D9012305E0FFF7C6FFB0F5806F11
:1055880003D9022384F818370CE02046FFF7BCFF44
:10559800B0F5C07FE1D20023F4E7FFF7B5FFB0F51F
:1055A800806FE7D33448C4F8F466FAF71DFF334D2B
:1055B800334A2B681168C3F1000C411A614501DBBD
:1055C80099424BDD10600A232B601368B3F5FA7F0C
:1055D800BCBF4FF4FA7313601268D4F8F83652213E
:1055E8004A4328496425B1F84C1092FBF1F26B4309
:1055F800B3FBF2F35F2B35D8552B35D83B2B03D9AA
:105608004B2B34BF5B25322594F81837022B2DD04D
:10561800012B2DD013B9002F18BF33254FF47A73FF
:10562800D4F80027314604F20470FBF7E5FA94F841
:105638001837FBB9642D0BD1D4F8F436A3F29A23AA
:10564800C4F8F436D4F8F83603225B00B3FBF2F35F
:10565800C4F8F83684F8FC560120F8BD002BB4DDF8
:10566800013BB1E70025CFE71E25CDE70025D5E7AB
:105678003225D3E70023EBE7A01D00200800002017
:10568800540300206800002070B5D0F8F43690F874
:105698001827CB1AB3F57A7F04460E4614D2032A8C
:1056A80008D8DFE802F002092730FFF72DFFB0F530
:1056B800487F26D8002029E0FFF726FFB0F5AF6F16
:1056C80011D9022384F81837304B94F81857B3F8D7
:1056D8004C00C4F8F466D4F8F836032D4ED8DFE849
:1056E80005F03716494B2046FFF70EFFA328E1D8EF
:1056F8000323E7E7632BDDD9FFF706FFB0F5AF6FAC
:10570800E2D20123DEE7002084F8180770BD2125C6
:105718004FF47A73D4F80027314604F20470FBF78B
:105728006BFA94F818377BBB642D0BD1D4F8F43698
:10573800A3F54873C4F8F436D4F8F83605229B006C
:10574800B3FBF2F3C4F8F83684F8FC560120DDE721
:1057580064210F4AB2FBF0F24B43B3FBF2F35F2B29
:10576800D6D8552B0CD83B2B0CD94B2B34BF5B25EB
:105778003225CDE70025CBE75D25C9E76425C7E7D6
:105788001E25C5E70D46C3E70023DBE768000020B8
:1057980050400100F8B5244F04463846FAF7EDFDAD
:1057A800FAF767FE064697F9A600FAF762FE05467D
:1057B8003846FAF7EBFD1D4B94F8FC2693F8353084
:1057C80084F87221333384F86531442384F86631D0
:1057D800FF22D4F8683184F874216D2262F317032C
:1057E800C4F86831C0F10A000023C4F86C3184F8A9
:1057F800813200B24FF43943A4F8823280F30700B3
:10580800092384F8730184F8706104F5B07084F892
:10581800715184F8843204F5AA71FBF7CDFD204656
:10582800BDE8F840FFF7E2BDA01D0020C800002039
:105838002DE9F04F044685B0B4F82E270092B4F84D
:1058480030270192B4F83227B0F828670292B4F8EA
:1058580038270378B0F822E7B0F824C7B0F81CA7B7
:10586800B0F81E97B0F82087B0F82677B0F82A5716
:105878000392B0F82C07B4F81A27A4F87A61002626
:10588800B4F83617B4F834B7A4F86C21A4F874E166
:10589800A4F876C184F87C31A4F86EA1A4F87091BC
:1058A800A4F87281A4F8787184F87D61A4F87E5117
:1058B800039AA4F88C21FF2284F865214422A4F8D5
:1058C800800184F866210098D4F86821A4F8820140
:1058D800A4F88A11019884F8813246214FF4F843DC
:1058E80061F31702A4F88401A4F882320298A4F89C
:1058F8008601262304F5B070A4F888B184F88E6177
:1059080084F88F6184F8906184F89161C4F8682103
:1059180084F8843204F5AA71FBF74EFD204605B0E1
:10592800BDE8F04FFFF762BDF0B591B0044600F254
:105938003A736D4600F25A76186859682A4603C2C7
:105948000833B3421546F7D120220DEB020000219F
:1059580005F01AF894F8602794F85A370AB943F012
:105968000203224AA4F8703192F835202778D4F837
:105978005C17C4F86C110023333284F87331102398
:1059880084F87431D2B284F872716B4604F27516D9
:105998000DF1400C1D4603CD6545306071602B4606
:1059A80006F10806F6D1442384F86631D4F8683144
:1059B80084F865214FF4D27262F31703C4F8683192
:1059C8004FF4A053A4F88232492304F5B07084F848
:1059D800817284F8843204F5AA71FBF7EDFC204645
:1059E80011B0BDE8F040FFF701BD00BFC8000020BE
:1059F80070B5244B90F8745793F83530044690F8F6
:105A0800750784F86F016FF06E0084F87001333306
:105A18006FF02A0084F8710184F86531122044235C
:105A280084F8720184F866310020D4F8683184F86B
:105A380073014D2060F31703C4F868318F2394F87D
:105A4800721794F87327B4F8706784F883320A23BE
:105A580084F8741184F8811204F5B070A4F86C61AC
:105A680084F86E5184F8752184F8822284F884328F
:105A780004F5AA71FBF7A0FC2046BDE87040FFF7CB
:105A8800B5BC00BFC800002010B5224B027893F8BF
:105A9800353004464FF07E51C0F86C113333002185
:105AA800C0F87011C0F87411C0F87811C0F87C11F2
:105AB800C0F88011C0F8841184F86531442384F853
:105AC8006631D4F8683184F88C114C2161F31703DE
:105AD800082084F88801C4F86831022049F60103D7
:105AE80084F88901A4F882320120212384F88B01EB
:105AF80084F88A2104F5B07084F8812284F884320D
:105B080004F5AA71FBF758FC2046BDE81040FFF7E2
:105B18006DBC00BFC8000020F0B54E78202E0D46A1
:105B28008BB0044601F10C013AD8324601A804F0C2
:105B38008DFF01ABC6F121020021981904F024FF62
:105B4800444B9DF8222093F8353033339A427FD165
:105B58009DF82330442B7BD1BDF82030F62B02D0A2
:105B6800B3F5FA7F74D1B4F87027A4F870379A4265
:105B78001CBF002284F87527012284F86D276A79F2
:105B880084F87227AA7984F87327F62B4FF002025B
:105B980084F8742713D0B3F5FA7F40D0002337E098
:105BA8000B4601AA05F12C0718685968164603C662
:105BB8000833BB423246F7D11B783370C0E7264B17
:105BC800186803685B6A98470028E7D09DED037A58
:105BD800F0EE087AB4EE677AF1EE10FA1BD1DFED39
:105BE8001F7A9DED047AB4EE677AF1EE10FA12D1BD
:105BF800DFED1B7A9DED077AB4EE677AF1EE10FAC5
:105C080009D1002384F874379DF82430012B13D16F
:105C180084F875371CE0002384F87437BEE79DEDDF
:105C2800077ADFED0F7AB4EE677A0023F1EE10FA07
:105C380084F87437B2D1E7E7022BAFD194F875270F
:105C4800002AABD084F87537064B1B68C4F8783740
:105C58000BB0F0BDC80000209C1D00200000884249
:105C680088AC9649B02C00204FF47F430380002372
:105C7800C0E90133C0E9033343610376704700008C
:105C880038B50023C0E90733C0E955334362C0F88B
:105C98005C310446FBF720F9254B9878022845D05B
:105CA800431F58425841FEF739FB40F2FF13A4F84E
:105CB800EC34204B1B68002503F57A73C4F8F436DE
:105CC80004F20470C4E9A255C4F89052A4F8EA5446
:105CD800A4F8E854C4F8F05684F8FC5684F8185729
:105CE800C4F8F856C4F80057FAF780FF84F8195733
:105CF800294604F21A70402204F046FE7D2384F8F7
:105D08005A57C4F85C5784F86057C4F86457C4F805
:105D18006857A4F86C37A4F8725784F87557C4F814
:105D280078572046BDE83840FFF79EBF0120BAE704
:105D380068000020B02C002010B40F4A92F82E20E2
:105D4800B2B10278A2B10D4A0169126840F6C414D2
:105D5800511AA14203D95DF8044BFFF785BF41688A
:105D680031B94169511AFA2982BF4261012202768A
:105D78005DF8044B704700BFC8000020B02C00201D
:105D88004378032B06D1C068B0F5834F34BF002099
:105D980001207047002070477FB50B46324991F8C3
:105DA8002D1000F128060229044600F11C02314694
:105DB80068461BD1FEF7ECFE9DF80030022B50D14F
:105DC80004F5B075324669462846FBF793F8D4F8CF
:105DD800683123F07F436E2B2FD1244B9A78052A04
:105DE8003DD8DFE802F0303438063038FBF7D8F910
:105DF800E2E75A6CB2F5613F94BF002201222046C7
:105E0800FFF7BEFFC8B9C2B194F86E31012B14D8A0
:105E180094F87231042B10D11549102204F27B102A
:105E280004F0D6FD48B9782384F8883184F88231A3
:105E380084F87C312846FEF743FA204604B0BDE8D2
:105E48007040FFF7D3BA5A6CB2F5E13FD4E75A6C09
:105E5800B2F5614FD0E75A6CB2F5164FCCE7012284
:105E6800CDE704B070BD00BFC80000206800002066
:105E780007AD00084378032B07D1C06844F2BF136D
:105E8800984294BF0020012070470020704700000E
:105E98002DE9F04F844B0446ABB084481D68FDF7EC
:105EA80030FBD4F8683740F6C312EB1A934204D893
:105EB80094F96C37834200F0B6807D4EC4F8685779
:105EC800B17884F86C07052998BF7A4B8DF81900CA
:105ED8009CBF33F81180784B8DF8171098BF33F8B2
:105EE800115023788DF814304FF000034FF0060757
:105EF8008DF815304FF07F0388BF00258DF81830D6
:105F08003A46B6F84E30ADF80C300DF11A0088BF9D
:105F1800A846ADF80E308DF81670FAF7E1FC7178E6
:105F2800DFF898913A4608A8FAF7B0FC5F48ADF850
:105F38001080ADF81250FDF7CDFA40428DF82600DA
:105F48005A48FDF7C7FA4042C2B220468DF82720CA
:105F5800FFF790FF04F5B07504F5AA76804600288F
:105F680064D099F835309DF826109DF919000091F4
:105F78003333BDF80C1084F88721DDF81A209DF81A
:105F880015B09DF816E09DF817C09DF91870BDF87A
:105F98000EA0BDF81090BDF812800193A4F86C1102
:105FA8009DF81430009984F87901C4F87A2108988A
:105FB800BDF81E2084F8743184F88611A4F87E2177
:105FC800A4F86EA1A4F87091A4F8728184F875B150
:105FD80084F876E184F877C184F87871C4F8800190
:105FE800BDF82420A4F88421019A84F8652144226C
:105FF80084F86621D4F8682184F881324EF68E211F
:10600800AB2361F3170284F88332C4F8682184F85B
:1060180082B21C23284684F884323146FBF7CCF937
:106028002046FFF7E3F92BB0BDE8F08F0146642264
:1060380011A804F0A9FC0DF10C0CBCE80F000AAF84
:106048000FC79CE807006FF02E0387E8070084F865
:106058006C3199F8357094F8009084F86D811C23A0
:1060680084F87031802284F86E9184F86F810AA9CF
:1060780004F2711004F0EAFC442384F86631D4F881
:10608800683184F8819240F2811262F31703333742
:10609800FFB2C4F868314FF41343A4F8823284F88D
:1060A80065718523B6E700BFB02C00205C1E002078
:1060B8006800002082B000088EB00008C8000020E8
:1060C8002DE9F04F8E4B1A68D0F864372DED028B0E
:1060D800D31A122BA7B0044640F20D81DFF838928C
:1060E800DFF82CB299F80010C0F864278B1E5942CB
:1060F80059419BF9A000FAF7D4F999F800109BF9D7
:10610800A23001938A1E5142514106469BF9A600CE
:10611800FAF7C7F99BF8A4300290012B9BF8A53039
:1061280078480CBF03250125012B9BF8AA300CBF2A
:1061380045F0080545F00405012B9BF8AB3008BF76
:1061480045F01005012B0CBF45F0200545F0400532
:10615800FDF7FAF907EE900AB8EE670ADFED6A7AFA
:1061680020EE270A04F0D2FBDFED687A684894F83D
:1061780000A020EE278AFAF712F980466448FAF759
:106188001CF999F800300746022B20460CBF9BF8F3
:10619800A9904FF00009FFF76DFE5E4B93F835307C
:1061A8003333DBB2039304F5B07B04F5AA730146DD
:1061B800002849D0002284F86F21019A84F87321BD
:1061C800029A84F875217F2284F8762184F8782150
:1061D80084F87A2118EE102AC4F87B21C4F87F21AC
:1061E800039A84F865214422FF2184F86621D4F8B3
:1061F800682184F8771184F879114EF68D2161F3BE
:106208001702C4F868214FF46062A4F882221722AA
:10621800A4F86C5184F86EA184F8708184F87171C7
:1062280084F8726184F8749184F881A284F88422D5
:1062380058461946FBF7C0F8204627B0BDEC028B3C
:10624800BDE8F04FFFF7D2B86C2204900BA8059375
:1062580004F09AFB4FF67F72ADF82220ADF82420A7
:106268007F228DF8262018EE102ACDF82720CDF8A9
:106278002B206FF02F020499019BADF8185084F879
:106288006C2125788DF81B1017228DF81F3084F8A3
:106298006D11029B84F86F1184F8702106A9802281
:1062A80084F86E5104F271108DF821308DF81AA01F
:1062B8008DF81C808DF81D708DF81E608DF820906B
:1062C80004F0C4FB442284F86621D4F86821039BB7
:1062D80084F8653140F2811161F31702C4F868212E
:1062E8004FF41342A4F882228522059B84F8815238
:1062F80084F884229CE727B0BDEC028BBDE8F08FC0
:10630800B02C00209C030020000050390024744960
:10631800A01D0020C80000208B030020F0B54E7897
:10632800082E85B005460C4601F10C0717D83246F1
:10633800394601A804F08AFB01ABC6F10902002125
:10634800981904F021FB9DF80930032B05D16279D7
:106358002A70064A12682A616B7005B0F0BDC868D9
:1063680079683A7A01AB03C31A70ECE7B02C0020C5
:1063780030B5037895B004461BB34A799A4220D1C8
:106388004D784D2D01F10C011DD82A46684604F0C0
:106398005DFBC5F14E0200210DEB050004F0F4FA97
:1063A800049B6360190EC3F3072242F2107000FBCE
:1063B8000122C3F30743642101FB0323E360059B28
:1063C800A36015B030BD4E22684604F03FFBE7E7F6
:1063D8008A68C2F317024C2A14D0942A09D09AB9B1
:1063E8000A4A92F82E207AB18B79012B0CD1FFF74B
:1063F80095BF064A92F82E2032B18B79012B03D132
:10640800FFF7B6BFFFF788BB704700BFC800002082
:10641800B0F8EA34B0F8E824F0B5D21A93B212040E
:1064280044BF03F500739BB2DD2B85B0044609D841
:106438002A4D00F5257600F52277286803685B6900
:10644800984708B905B0F0BD286803689B69984764
:10645800D4F8F02601320346C4F8F02631463A460D
:106468006846FAF79DFE9DF80030022BE5D104F549
:106478007075324669462846FAF73CFD184B93F882
:106488002D3004F27C76022B294630460FD1FEF7D8
:10649800F5F800239AB282420CD3002329462046FD
:1064A800C4F8F03605B0BDE8F040FFF791BFFAF741
:1064B800AEFCEEE7B4F8E814B4F8EC744A1C3A40C1
:1064C800B4F8EA7497421EBF0919F75C81F8EE74B4
:1064D80003F1010318BFA4F8E824DBE79C1D0020A2
:1064E800C80000202DE9F0414B4BDFF838811E68C9
:1064F80098F80030494F022B1EBF0023A0F8EA3459
:10650800A0F8E83497F82D30013B012B044600F23F
:106518008180FFF77DFF97F82E50002D5BD098F80B
:106528000030022B4BD1012D3ED0022D42D0002548
:106538002046FFF701FC94F8193743B1002384F88B
:10654800193797F83030012B4FD0022B50D015B1A6
:106558002046FFF71FF994F86D372BB1002384F814
:106568006D372046FFF744FA94F87537022B11D19E
:10657800D4F87837F61AB6F57A7F0BD9B4F87037AD
:10658800F62B3ED0B3F5FA7F3DD00023A4F8703740
:1065980084F87537237E002B3CD0002323762046D1
:1065A800BDE8F041FFF770BA31462046FEF7C8FF54
:1065B8000546BDE731462046FFF766F8F8E7D4F808
:1065C800F436F31AB3F57A7F08D2002504F2047082
:1065D800FAF70CFBACE7C4F8F466F7E73223C4F823
:1065E800F46684F8FC360125F0E7FFF721F9AEE7F9
:1065F800FFF79AF92046FFF763FD2046FFF748FCAE
:10660800A5E7FBF7D7F8064B1A79002ABDD1012276
:106618005A71BAE7BDE8F081B02C0020C80000200C
:10662800580300208B03002070B54C88B4F5427FD6
:106638004FF000030AD80D780B2D73D8DFE805F06A
:10664800060D1A2A2D30363952555969A2F12404FB
:1066580062424B8062410A7007E04D2A01D0582AF5
:1066680006D1027002230B70002380F8093333E04F
:106678000023F8E702F0FD033C2B01D0212AF7D1D3
:10668800037842704D2B0CBF082303230B700023A3
:106698008370E9E782700422DDE782800522DAE769
:1066A800838803EB022383800623DCE7C28007226A
:1066B800D1E7C38803EB02239BB2002BC3800CBF36
:1066C8000B230A230B7000234B80012380F8093326
:1066D800C388B3F5407F01D8002002E0002008708D
:1066E800488070BDC2800922B5E70A2382800B70FA
:1066F800EBE7B4F5407F3CBF241822724B88013386
:106708009BB24B80C2889A429CBF0B230B7001231B
:10671800ABE780F808230B704B80022380F809331D
:106728000120DEE70B704B80D6E7CB88B3F5407FBE
:1067380070B531D8242303700B7843704B7883707D
:106748000B784D2B14D1CB88C3708B88037105232C
:106758000022CD88D4189542A6B210FA84F415D830
:1067680091F808232270CA880132981880B270BD47
:106778008B78C3708B8803718B881B0A4371CB8815
:106788008371CB881B0AC3710823E1E78C18013297
:10679800247A845592B2DCE70020E8E72DE9F74F28
:1067A80016464A88B2F5427F04460D462ED80B7825
:1067B8000A2B0FD9A3F16402032A03D900202870F9
:1067C80068802DE0653B8F4F022B33D8DFE803F05C
:1067D80063A4A70000210A2BF0D801A050F823F0E9
:1067E800156800082F680008C5670008C567000815
:1067F80073680008816800088D68000893680008BD
:10680800C5670008C567000801690008A6F12407E4
:106818007E424FF000007E4168802E7084F80903A4
:1068280003B0BDE8F08F6F2E0CBF642300232B70DC
:106838000020F3E716F0040F14BF4D2358233E70D1
:1068480023703A78D1070ED412F0020F14BF212317
:106858003E236370C2F3C003D20648BF43F002036D
:10686800A3700423E3E73C23F3E7A68005232B70FA
:1068780084F809130020D3E7A38803EB0623A38039
:106888000623D4E7E6800723F1E7E38803EB062332
:10689800E3806523CBE70DF106007E70FAF7B2FAC4
:1068A8003978FAF7A7FAA7882179FAF7A3FA390A03
:1068B800FAF7A0FAE788A179FAF79CFA390AFAF701
:1068C80099FA9DF80630B34206D000232B706B80EE
:1068D800032384F80933CDE7002F0CBF66230A236E
:1068E8002B70012384F8093300236B80E288B2F50A
:1068F800407FBFD92B70BDE7B2F5407F3CBF12196E
:1069080016726B8801339BB26B80E2889A4201D879
:1069180066232B700123DCE77E806723F9E7B7F84D
:10692800028097F8009008EB06284FF6FF730DF1E8
:1069380006001FFA88F84946ADF80630A7F8028025
:10694800FAF7FCF92679B4F804A03146FAF7F6F913
:106958004FEA1A21FAF7F2F994F806B0B4F806A04B
:106968005946FAF7EBF94FEA1A21FAF7E7F9797875
:1069780004F10807FAF7E2F952463946FAF7EAF954
:10698800BDF8063043453AD119F0040015D086EA1F
:106998000B01E21D002398B2824584F8081307D83A
:1069A8000223012000222A706A8084F8093337E71D
:1069B80012F8010F01334140EDE7A178F9F71CFE09
:1069C800217984F80803F9F717FEA18884F80803E9
:1069D800090AF9F711FEA17984F80803F9F70CFE02
:1069E800E18884F80803090AF9F706FEE28884F8C2
:1069F80008033946F9F706FE84F80803D0E70323AD
:106A08000020CFE7681C0020CB88B3F5407F2DE934
:106A1800F04104460D464AD84B783C2B40D0A3F1B0
:106A28002100434243415B002A784D2AAA7808BFD7
:106A380043F00403D10748BF43F0080392074FF01F
:106A48002402227048BF43F010036F226270A370C3
:106A5800AB88E370AB881B0A2371EB886371EB8802
:106A6800A71C1B0AA3713846FAF72AFB0822E07113
:106A7800E988A2F108039BB2561C8B42B6B204EB1C
:106A880002080FD3063189B23846FAF77DF988F83B
:106A98000000000AA055E8880A3080B2BDE8F081FD
:106AA8000123C1E72B441B7AA3543246E0E70020B8
:106AB800F4E710B504462420207058206070237134
:106AC80000201B0AA170E2706371A071E0710522B9
:106AD800E11CF9F797FD2072092010BD40F2FF3341
:106AE80070B50025A0F820367D2380F8543A044676
:106AF8000560C0F80E53A0F81E56A0F81C56A0F862
:106B0800425AA0F8445A80F8465AC0F8485AC0F881
:106B18004C5AC0F8505AC0F8585A00F66721034634
:106B28000A2600F66D2011F8012F0AB1B6FBF2F221
:106B3800814283F8702A83F8715AC3F8745A03F1B2
:106B48000803F0D11522FF2104F52A6003F01CFF89
:106B5800C4F8B85A70BD0000F8B5134A044692F854
:106B68003000F8B192F82B2003B1DAB18E1E04F58B
:106B7800226701F11E0536F8020FF9F7D9FCAE427B
:106B880027F8020FF7D1012384F8423A94F8453ADE
:106B980083F0010384F8433A94F8463A83F00103FA
:106BA80084F8443AF8BD00BFC800002070B5061D3F
:106BB80004460A4601463046FFF7F0FD18B304F6CE
:106BC800BC2531462846FFF7B0FD0F4B0246186832
:106BD80001680E692946B04763793C2B13D1218996
:106BE8000A4804F65A2304F66622A4EB8404A4F5A2
:106BF800F7541C3C33F8025F8D4204BF056844F823
:106C080023509342F6D170BD9C1D0020B02C00206B
:106C180070B5124890F82D00451E012D0C460AD873
:106C28000F4E8D18AC4200D170BD14F8011B3046D0
:106C3800FFF7B2F8F6E7032809D10A4E8D18AC42DF
:106C4800F2D014F8011B3046FFF7B0FFF7E7064B08
:106C580018680368BDE870401B691847C800002021
:106C6800E8050020900E00209C1D0020B0F81C367E
:106C7800B0F81E269B1A98B21B0444BF00F580602A
:106C880080B2003818BF012070470000094B93F804
:106C98002D305A1E012A02D80748FEF7BBBB032B2A
:106CA80002D10648FFF7E2BF054B186803685B6925
:106CB800184700BFC8000020E8050020900E0020FB
:106CC8009C1D002070B500F6BC240B4602223C2116
:106CD8002046FFF7EEFE054B0246186801680D696D
:106CE80021462B46BDE87040184700BF9C1D002078
:106CF800114B37B51A68D0F8483AD31A122B19D95C
:106D0800C0F8482A00F6BC24202300F6222001936C
:106D18000090C82303223C212046FAF77DF9074B4F
:106D28000246186801680D6921462B4603B0BDE884
:106D38003040184703B030BDB02C00209C1D002007
:106D48007FB5234B1A68D0F84C3AD31AC72B0446A0
:106D58003CD9204DC0F84C2A4FF480732846ADF832
:106D68000830F9F70AFB06461B48FCF7B3FB014657
:106D78003046F9F727FC8DF80A002846F9F7FDFA9E
:106D8800F9F71AFC95F8A9308DF80B0028468DF80C
:106D98000C30F9F704FB8DF80D002846F9F7F6FAE0
:106DA800072304F6BC24019302AB8DF80E00009370
:106DB800032241F20D033C212046FAF72DF9074B37
:106DC8000246186801680D692146A84704B070BDDD
:106DD800B02C0020A01D00205C1E00209C1D00205F
:106DE80030B5214B044687B020481D68FCF789FB65
:106DF800D4F8503A40F6C312EB1A934203D894F9E8
:106E0800543A83422DD0C4F8505A002384F8540AC7
:106E18008DF80830F9F706FC154DADF809006978CA
:106E2800ADF80B0004220DF10D00F9F72FFDA9783C
:106E380006220DF11100F9F753FD0F2304F6BC24C7
:106E4800019302AB0093032241F20E033C2120463A
:106E5800FAF7E2F8074B0246186801680D692146FF
:106E6800A84707B030BD00BFB02C00205C1E002032
:106E7800680000209C1D0020F8B5FAF765FFFBF7B5
:106E880003FBFAF79BFDFAF787FD25492548264DB0
:106E9800264E01F0EFF8FAF75DFEFAF7BDFD244B38
:106EA800002480225A70C5E902441C702C61FBF74B
:106EB800B1F8204B1C70FAF7F9FC1F4B4FF4004255
:106EC8005A61FAF739FD40271C48FAF759FFB762AB
:106ED80041F28830FAF754FFB7614CF25030FAF7B4
:106EE8004FFF2846FAF710FD2146284603F02FFBEE
:106EF800134C4FF47A70FAF743FFFCF779F911480D
:106F0800FBF706FBB4F84C100F48FBF707FCFBF740
:106F18007FFA0E4B0E48616C1860FBF7CBF9F8BD91
:106F2800EE0000206C1C00205C1E002000040048BD
:106F38009A0300201000002000040140E0930400A0
:106F480068000020B41C0020991D00209C1D002012
:106F580018000020184B4FF4004273B55A611748C7
:106F6800174C4FF6FF7103F0ABFB206023689B07BB
:106F780012D5144E35798DB1104808236A46002180
:106F880003F0BFFAD6E90402DDE900139A4208BF0C
:106F9800884201D00023236002B070BD02236A46F4
:106FA8000648294603F0ADFA074BDA8BBDF80030E6
:106FB8009A4218BF2560EFE7000401405C1E0020DC
:106FC800D80500205803002068000020034A002349
:106FD8001370034A1370034A13707047E3050020C7
:106FE800901E002090030020024A00231370024ADA
:106FF80013707047E3050020901E002008B5437EFB
:10700800203B042B0FD8DFE803F0050E030B0F001D
:10701800FCF7B0FD064A01231370064A137002E01C
:10702800054B01221A7008BDFCF7D6F8F2E700BF3D
:10703800E3050020901E002090030020034B1B78DE
:10704800012B01D1FCF73ABD704700BFE3050020D2
:107058002DE9F043074699B03D48FDF783F8064609
:10706800002860D03B4B1C78002C5CD13A4B1B7835
:10707800022B54D1DFF8F8900DF10C08254648464C
:10708800ECB2FFF703FE40B14846FEF7EFF90135D1
:10709800522D08F8010BF2D12C4630482146F9F759
:1070A80091FD2F48F9F788FDDFF8A4802D4D98F859
:1070B80002308DF800304FF0010995F8A4308DF8B2
:1070C8000530284685F8A5708DF806708DF8019072
:1070D800F9F753F98DF802002846F9F760F98DF8A9
:1070E80003002846F9F769F91F4F8DF804000EB31D
:1070F800184B1B78CBB91D48234603AA6946FCF7F1
:10710800EFFB184801233B70F9F765F91548F9F7C3
:107118006BF9012388F8033019B0BDE8F0831448EF
:10712800FEF7DCF9C0E70024BEE710486946FFF720
:1071380085FFE6E73B7803B9FEE70C486946FCF7AC
:107148001BFB284687F80090F9F74AF92846DEE73E
:10715800741E0020901E00208B030020041E0020B7
:10716800DC1D0020A01D0020510300203E1D002032
:107178001400002070B5CB78284DC3F3000385F8C0
:10718800AA304B79C3F3801385F8AB300646C8782C
:1071980040080C46F9F767F985F8A60023792048D6
:1071A800C3F3000385F8A7302379C3F3450385F8B3
:1071B800A8306379227903F03F035B0043EAD213D6
:1071C80085F8A93021461EB9BDE87040FCF708BA19
:1071D800FCF745FAA37803F0F003202B04D12046EE
:1071E800BDE87040FFF70ABFFFF7FEFE0D4B1B78A6
:1071F800022B12D1A2790C4804F119015208FFF7A9
:1072080007FDA17905F178004908F9F7DBFC05F1DC
:107218005000BDE87040F9F7CFBC70BDA01D00203C
:10722800BC1C00208B0300201400002070B505460C
:1072380058B9194B19491C78194803794BB1012CD5
:1072480028D0BDE87040F9F7C3BE164B16491C7824
:10725800F2E7012C154B164E13D98A78C2F3C002F7
:107268005A7002221A70E31E58425841FFF782FFF3
:107278003046F9F77CF8032C05D13046F9F77AF84F
:1072880001E001221A7086F8A4500948BDE8704050
:10729800F9F76BB870BD00BFE0050020EC1E0020B8
:1072A80058030020E1050020471F0020741E00201D
:1072B800A01D00200A4B1A7910B504462AB10146D0
:1072C800BDE810401846FCF7CFBEFFF7C1FE054BDE
:1072D80005491B7F20465B22BDE81040FCF7A4BE91
:1072E80058030020680000203E1D0020244B1A7916
:1072F80070B505460E4632B10A46BDE870400146F3
:107308001846FCF7ADBF1F4A1F495B23FCF782FEF6
:1073180045BB1D48FCF72EF9044628B31B491C48F9
:10732800FAF7B2F805F130011948C9B2FAF7A0F82E
:1073380018491748FAF7A8F8204602F0EBFF01466B
:107348001348FAF7A1F812480A21FAF791F8012C24
:1073580006D0042C11D001240F492846FCF7C2FEA0
:10736800204670BD0748D5E72EB10C48FBF786F9D3
:107378000CB10224F0E70324EEE7002EF9D0F4E77D
:1073880058030020471F0020EC1E002018AD0008FD
:107398000C0000201FAD0008A01D0020991D002032
:1073A800024B1878831E5842584170478B030020BF
:1073B80070B500239CB2A24200D870BD05888688AB
:1073C8006C1C34404688A6421EBF2D18CE5CAE7198
:1073D80003F1010318BF0480ECE700002DE9FF4723
:1073E800B0F81E36B0F81C26D21A93B2110444BF66
:1073F80003F580639BB2E62B04460CD8744EDFF885
:10740800E09100F21C6704F21238306803685B6987
:107418009847054610B904B0BDE8F087306803689E
:107428009B69984704F20E3102464046FFF7FCF884
:107438000028EAD094F813333E2B52D1B4F816330F
:10744800B3F5005F32D194F8983A7BBB039304F20A
:10745800273004F69F214FF0010C11F8012FFF2A65
:107468000FD04FEAD20E02F0070210F80EE04EFAE3
:1074780002F2D20741BF039A0CFA03FE42EA0E0257
:1074880003920133152BE8D1042304F6BC2A019397
:1074980003AB009302223E2142F6FF735046F9F7F0
:1074A80027FE514602463846FFF782FFB4F81633E6
:1074B800772B47D11522FF2104F52A6003F064FADF
:1074C8000023B4F818E304F219359C469AB296459D
:1074D80023D894F8145384F898CA85F00205C5F3A4
:1074E800400594F81333212B44D1B4F8163341F2F4
:1074F8000D02934236D041F20E02934236D0002D4F
:1075080081D004F6BC2541462846FFF77DFA294676
:1075180002463846FFF74CFF75E715F801AF2D4ACC
:1075280000201179514507D15179142904D82144F3
:1075380081F8A03A0133C9E701303B2802F108027B
:10754800EFD1F7E743F201029342CAD194F812331C
:10755800582BC6D1204B1D7915B901225A71C0E7A5
:107568000025BEE7012384F8453A4CE7012384F857
:10757800463A48E73C2BC2D1B4F816A3BAF1440FF7
:10758800BDD194F81233582BB9D13068D4F81A53B6
:1075980003685B6A984700283FF435AF4D457FF490
:1075A80032AF0E4B1B68C4F8B83A04F6BC2500236A
:1075B800CDE90033022253463E212846F9F72CFD37
:1075C800024630680168D1F810802946C0471AE79A
:1075D8009C1D0020D8C7000858030020B02C0020AC
:1075E80091D512002DE9F0473A4B1B78022B04463F
:1075F8000CD00023A0F81E36A0F81C3690F86D3A7F
:1076080013B10A22B2FBF3F384F8983A324B93F899
:107618002D30032B2DD12046FFF7E0FE94F8422AA7
:107628003AB1002384F8423A2046BDE8F047FFF714
:107638005FBB94F8433A33B184F8432A2046BDE847
:10764800F047FFF77DBB94F8448AB8F1000F06D0E5
:1076580084F8443A2046BDE8F047FFF7C1BB1F4B0A
:107668001E68D4F8583AF31A632B04D8D4F8B83AF9
:107678004BBBBDE8F087C4F8586A254604F65C277A
:1076880004F1300940F6AB5A95F8702AAAB195F87A
:10769800713A0133DBB29A420BD885F8718AD5F872
:1076A800743AF31A534508D939882046FFF70AFB7C
:1076B80003E085F8713A002BF1D008354D4507F104
:1076C8000207E1D1D2E7F61AB6F57A7FD1D9FAF7EF
:1076D80071F800BF8B030020C8000020B02C0020E8
:1076E8002DE9F043924E3378012B85B000F2E58006
:1076F8000BB9FAF7C7F8FFF7BFFB8E4B00221A80C9
:107708009A704FF0904301229A6207244CF250304D
:10771800013CFAF775F9FAF733FB14F0FF04F5D1D9
:10772800854803F071F8013880B24FF6FD7398422E
:1077380003D982490120FCF705FD814B814F1C606C
:10774800814B7D481C60391DFBF7EAFE7F48FCF73A
:107758003FFA97F82020202A00D9FEE797F828005A
:107768007B4D796AB7F82C9097F829C097F82A309A
:10777800A871052800D9FEE7DFF8388258F830E00C
:10778800BEF1000F00D1FEE708EBC008C5F808E01D
:1077980098F804E098F8058085F807E085F80C80EB
:1077A80085F8D500A5F80E9085F8D440B9F1000FFA
:1077B80000D1FEE7724524BF0EF1FF3E5FFA8EF25C
:1077C80005286A7400F0A080012800F2A5800CF159
:1077D800FF30C0B200F08F80022813D8581EC0B204
:1077E800032809D80C2A01D90C206874687C9042B7
:1077F80000D96A74644608E0122A84BF12236B74A5
:107808000023F3E7052B28BF002351482246F9F748
:1078180013F900244F4B2C744D48FF251D705D70E3
:10782800FBF792FE0146444802F0B4FE4A4B4B482F
:107838001C704B4B1C704B4B1C804B4B1C704B4BA8
:107848001C704B4B1C704B4B1C704B4B1C704B4BA8
:107858001C704B4B1C70FFF7B9FB4A4BB7F84E2016
:107868001C70494B97F840101C70484B1C70B7F8B7
:107878004C30F8F740FDB7F84C104548F9F767F871
:107888004448FCF767FC444B444893F8291000F03F
:10789800FEFB4348FEF7F4F94248FFF71FF9264874
:1078A800FBF72FFE01464048FCF76AFB3F4B1C8064
:1078B8003F4B1C80FAF7B6FD3570FAF7BDFD00287E
:1078C80000F09C80274A13880BB1013B1380244B9E
:1078D800184A19781388022922D12BB3013B9BB28D
:1078E80013809278002A67D0002B6FD1FAF77CF8C2
:1078F800FAF786F86AE0022804D80C2A01D90C2382
:107908006B746446002380E70CF1FF33022BF9D82F
:10791800082AF6D90823F3E70D48F9F733F878E78A
:10792800002BDBD1C723DBE740F2F313D8E700BF16
:10793800E01C0020DC0500205C1E002021AD0008B2
:10794800D405002068000020D80500205803002036
:107958009C030020E11C0020E2050020A01D00205F
:107968008B0300208E0300208C0300208803002056
:10797800890300208A030020E1050020E00500209B
:10798800E40500209303002092030020D005002086
:107998007C1E0020741E0020C80000206C1C0020E3
:1079A800E8050020900E00209A0300208C1E00207D
:1079B8008E1E00209CB0000802294FF0904040F035
:1079C8008F800BB9FAF710F801238362A34C238840
:1079D800002B00F08B80013B9BB2A1482380FCF771
:1079E8006DF9A048FBF78DFD01469F48FCF7C8FAE2
:1079F80023881BB99D499E48F9F746FD9D4D9E4C2D
:107A08002978002975D0022900F09D80236853B396
:107A18002B78032B40F0A3802368DB070ED5974A09
:107A280000232360137843F001011170944A92F8FF
:107A38005A200AB19F0701D500232B70236893B100
:107A48002368590448BF236823689A0748BF2368F6
:107A580023688C4ADB0748BF2368002313708A4ACF
:107A680023602B701370894B1A7802F0FF07002AE5
:107A780000F0DC8100201870834B1E7806F1FF3C73
:107A8800DCF1000848EB0C08002E7BD0FFF7CEFB9A
:107A98007F4A0023012E137205D87E4A1377D383B9
:107AA80013627D4A13707D4C2278012A00F2888087
:107AB800012E13D97A4E96F8A8303E2B6BD8794907
:107AC80096F8A760087C002E73D183425ED04A7C6A
:107AD8000B749A429CBF00230B74B846002778E0C9
:107AE80002228262002B7FF471AF01E740F2E73394
:107AF80073E76A4B1B7843B16A4A137C507C0133A5
:107B0800DBB29842137498BF11746648FBF71CFDEA
:107B18000146544802F03EFD52484FF6FF71F9F70E
:107B280003FF02F0C1FD00224E48012102F0FAFDD8
:107B3800544A01232B7000231370534A13705A4A76
:107B48001360236062E75948FCF72AFA504B187A09
:107B5800FFF7B0FB03232B70484A0023EEE7012B05
:107B68007FF46CAF236898077FF568AF454B1978A9
:107B7800B1FA81F1002049092060FFF7B7FB424BB9
:107B880018705BE74A4B01221A7081E7494801786F
:107B980041F0010101704849002A40F095803F2BCF
:107BA800444B0A704FF0010028BF032220701A705E
:107BB80008E083428BD13F48017841F00201E9E7B0
:107BC800012E8BD92E4BB3F850203C4B1A80022340
:107BD8002B702378002B40F0A080B8F1000F00D064
:107BE8002B703749264A0B78B2F852200133DBB2A2
:107BF80093420B702B4B0ADB1A7C587C0132D2B2B1
:107C0800904298BF00221A7400220A702A7093F8D2
:107C1800D420002A00F08D80B3F8D820B3F8D6100D
:107C2800013292B29142A3F8D82000F28280002259
:107C380093F8D500D989A3F8D82006220130C0B21C
:107C4800062828BF002041FA00F6F6076DD51D4A20
:107C580052F83020002A55D1FEE700BF8C1E0020C4
:107C6800580300205C1E00209A0300202BAD00085A
:107C78000C000020E2050020D8050020E4050020C3
:107C880068000020E1050020E005002091030020A5
:107C98007C1E0020E8050020900E00208B030020A9
:107CA800A01D00209C030020D4050020E11C00201A
:107CB800741E0020880300208C0300208E030020FF
:107CC800890300209CB000080B789948013302789A
:107CD800DBB20B7072B9974A92F854209A423FF679
:107CE80071AF954B1B78032B06D102232370012318
:107CF800037067E70522F1E7531EDBB29A420B7067
:107D0800F3D95FE783F8D500F8F768FF8B48FBF7EE
:107D18007DFF00232B7023785BB1894B1B8843B907
:107D2800884A237013702B7003E0013A12F0FF02A7
:107D380084D1854B00221A702278002A00F0F18045
:107D48001FB901221A7002232B708048FBF796FB9B
:107D58002378022B02D07E4B00221A707D4A1388AA
:107D680013B9744BB3F84E30013B9BB2138013B96F
:107D78007948F8F745FB7848F8F7F6FA2378022BA4
:107D88000BD07548F8F79FFA237833B9FFF72CF929
:107D9800724A01231370724A1370724E3046FAF712
:107DA8009DFB7278654B012A04D100217170197905
:107DB80001B95A716148FBF7ABFFFBF7C1FF012816
:107DC800064607D002282DD0674B05221A7005B049
:107DD800BDE8F083574F5948FBF73AFFB7F84C30E6
:107DE800624A634803EB830303EB83039B0013801E
:107DF800FAF744FC5F4AB7F84C1082F8D46041F2B5
:107E08008833B3FBF1F3A2F8D6300023A2F8D830B8
:107E18004FF09042022191619662574A2370967002
:107E28002B70D1E7554B01221A70CDE74E49544AC1
:107E38000B781BB1013BDBB20B7013B11378002B2D
:107E480034D0504D504895F828100024147000F094
:107E580049F94E4B1B78022B42D13B4F3E483A78AA
:107E68000392F8F78AFA80463B48F8F798FA039A9B
:107E780047492346CDE90080434800F04BFC42487F
:107E8800FCF7A8F93A78434943482346FDF776FAC0
:107E98003A78404941482346FEF75EFE95F8263079
:107EA80095F833203A493E48FCF79AF8364800F0EE
:107EB80044FD3948FEF716FB3848FFF793FB2F4B74
:107EC8001B78002B83D02148FBF7D8FA4FF090435A
:107ED800012402229C619A61FBF76EF9347076E7FF
:107EE800134B1B78C3B16FF07E03009301231A462E
:107EF80027492548019400F00DFC234800F009F9B2
:107F080001231A4623492448FDF738FA0123214959
:107F180022481A46FEF720FE214B95F826205A7073
:107F2800C4E72B7813F0FD0F3FF40FAF13E700BF42
:107F38008A030020680000208803002058030020DE
:107F48008E03002089030020D00500205C1E00203D
:107F5800741E00208E1E0020A01D0020E3050020B6
:107F6800901E0020B41C0020930300206400002011
:107F7800991D00209C030020DC05002090030020B0
:107F880092030020C80000206C1C00208B030020F6
:107F9800BC1C0020901C0020E8050020900E00204A
:107FA800E11C002008B5FFF79BFBFCE71C4B1D4AB2
:107FB80010B51A601C4B1D4A1D4C1A605A619A6212
:107FC800DA631A651B4A5A669A671B4AC3F88C20FB
:107FD800204600F043F8194B2360194B002240F269
:107FE800FF11C3F8E824C3F8EC14164BC3F81C2699
:107FF800C3F8502A7D2283F8542A134A40F2FF31ED
:10800800506AC3F82016916A03F65C2403C4D06A48
:108018002060106B928EC3F8680AA3F86C2A10BD12
:108028005C1E002038AD0008A01D0020A4AC00088C
:108038006C1C00208CAC000898AC0008C0AD00088F
:10804800E8050020900E002088AA0008704700204C
:1080580070470020704700207047000010B5044B9F
:108068000446012140F8043BF8F7DAF8204610BD31
:10807800B8C9000838B5242204460D46FF2300215C
:1080880003618182104402F07FFCE56038BD38B599
:108098000D46017CA942044615D0012918D00229B1
:1080A80012D011B903685B6898470023012D6374E7
:1080B800257413D0022D0ED02DB923685B680121D9
:1080C80020469847607438BD0368DB680021EBE7F9
:1080D80003689B68FAE72368DB68F0E723682946AA
:1080E8009B68EDE70430F8F7A9B8037C012B10B5BD
:1080F8000ED100F1160301F10C0251F8044B43F8BC
:10810800044B9142F9D10A881A8040F20113438244
:1081180010BD037C012B0BD148F28113C3824FF4AD
:1081280001420023C0E90632038440F2011343826E
:108138007047F0B5054689B008880C4616461F46B4
:10814800F8F7E7F99DF806308DF8050023F00703E6
:10815800C0F30220034360888DF80630F8F7D9F998
:108168009DF8063000F01F0203F0070343EAC2033C
:108178008DF806309DF80730C0F3451023F03F0313
:108188000343A0888DF80730F8F7C3F99DF8073046
:1081980000F0030203F03F0343EA82138DF807302F
:1081A800C0F387038DF808309DF80930C0F38020AC
:1081B80023F001030343E0888DF80930F8F7A9F9A3
:1081C8009DF8093000F07F0203F0010343EA4203FF
:1081D8008DF809309DF80A30C0F3C31023F00F035F
:1081E800034320898DF80A30F8F793F99DF80A308F
:1081F80000F00F0203F00F0343EA02138DF80A3070
:108208009DF80B30C0F3061023F07F030343608909
:108218008DF80B30F8F77DF99DF80B3000F001026E
:1082280003F07F0343EAC2138DF80B30C0F3470312
:108238008DF80C309DF80D30C0F3412023F0030376
:108248000343A0898DF80D30F8F763F99DF80D30D8
:1082580000F03F0203F0030343EA82038DF80D3078
:108268009DF80E30C0F3841023F01F030343E08908
:108278008DF80E30F8F74DF99DF80E3000F0070232
:1082880003F01F03C0F3C70043EA42138DF80F0041
:10829800208A8DF80E30F8F73CF99DF811308DF8EA
:1082A800100023F00703C0F302200343608A8DF80F
:1082B8001130F8F72EF99DF8113000F01F0203F085
:1082C800070343EAC2038DF811309DF81230C0F35A
:1082D800451023F03F030343A08A8DF81230F8F7C6
:1082E80018F99DF8123000F0030203F03F0343EA47
:1082F80082138DF81230C0F387038DF813309DF880
:108308001430C0F3802023F001030343E08A8DF882
:108318001430F8F7FEF89DF8143000F07F0203F0EF
:10832800010343EA42038DF814309DF81530C0F379
:10833800C31023F00F030343208B8DF81530F8F793
:10834800E8F89DF8153000F00F0203F00F0343EA38
:1083580002138DF815309DF81630C0F3061023F07F
:108368007F030343608B8DF81630F8F7D2F89DF839
:10837800163000F0010203F07F0343EAC2138DF8C0
:108388001630C0F347038DF817309DF81830C0F346
:10839800412123F003030B43A08B8DF81830F8F725
:1083A800B8F89DF8183000F03F0203F0030343EAE1
:1083B80082038DF818309DF81930C0F3841023F02B
:1083C8001F030343E08B8DF81930F8F7A2F89DF8E6
:1083D8001930218C00F0070203F01F0343EA42130F
:1083E8008DF81930628C40F2A953994288BF012157
:1083F800C0F3C70098BF00219A428DF81A0088BFC1
:1084080041F002010EB141F004010FB141F0080141
:108418000F238DF8043000238DF81C302B688DF85D
:108428001B101B68192201A92846984709B0F0BDFE
:1084380030B5054689B008880C46F8F777F89DF8F6
:1084480008308DF8070023F00703C0F30220034328
:1084580060888DF80830F8F769F89DF8083000F062
:108468001F0203F0070343EAC2038DF808309DF8A2
:108478000930C0F3451023F03F030343A0888DF86B
:108488000930F8F753F89DF8093000F0030203F0BB
:108498003F0343EA82138DF80930C0F387038DF850
:1084A8000A309DF80B30C0F3802023F0010303430A
:1084B800E0888DF80B30F8F739F89DF80B3000F0AC
:1084C8007F0203F0010343EA42038DF80B309DF865
:1084D8000C30C0F3C31023F00F03034320898DF839
:1084E8000C30F8F723F89DF80C3000F00F0203F079
:1084F8000F0343EA02138DF80C309DF80D30C0F3DA
:10850800061023F07F03034360898DF80D30F8F7D8
:108518000DF89DF80D3000F0010203F07F0343EAE7
:10852800C2138DF80D30C0F347038DF80E309DF857
:108538000F30C0F3412023F003030343A0898DF8D3
:108548000F30F7F7F3FF9DF80F3000F03F0203F00C
:10855800030343EA82038DF80F309DF81030C0F30F
:10856800841023F01F030343E0898DF81030F7F7D8
:10857800DDFF9DF8103000F0070203F01F03C0F381
:10858800C70043EA42138DF81100208A8DF8103095
:10859800F7F7CCFF9DF813308DF8120023F007038E
:1085A800C0F302200343608A8DF81330F7F7BEFF4B
:1085B8009DF8133000F01F0203F0070343EAC203DB
:1085C8008DF813309DF81430C0F3451023F03F03A5
:1085D8000343A08A8DF81430F7F7A8FF9DF81430EC
:1085E80000F0030203F03F0343EA82139DF81620CC
:1085F8008DF81430C0F387038DF8153022F001028E
:10860800C0F380231343E08A8DF81630F7F78EFF06
:108618009DF8163000F07F0203F0010343EA42039D
:108628008DF816309DF81730C0F3C31023F00F03F0
:108638000343208B8DF81730F7F778FF9DF8173034
:1086480000F00F0203F00F0343EA02138DF817300E
:108658009DF81830C0F3061023F07F030343608BA6
:108668008DF81830F7F762FF9DF8183000F0010216
:1086780003F07F0343EAC2139DF81A208DF81830DF
:10868800C0F347038DF8193022F00302C0F34123E9
:108698001343A08B8DF81A30F7F748FF9DF81A306E
:1086A80000F03F0203F0030343EA82038DF81A3017
:1086B8009DF81B30C0F3841023F01F030343E08BA5
:1086C8008DF81B30F7F732FF019B03F07F42104B08
:1086D800134301939DF81B3000F0070203F01F03BA
:1086E800C0F3C70043EA42138DF81C000DF10601E0
:1086F800172200208DF81B30F7F784FF2B688DF8C0
:108708001D001B681A2201A92846984709B030BDE8
:10871800C81816002DE9F34700F124079DF928A091
:108728009DF82C9090461E4604463B4601F12402D3
:1087380051F8040B43F8040B9142F9D1201D394636
:108748000190F7F79FFDE1684B796EB10198042B12
:1087580078D8DFE803F07D77355D03004FF0042318
:10876800C4E909330026B046E3681D796B1E0B2B5C
:1087780007D850460435F7F7A2FEEDB204EB4505DD
:108788006884E3681D7B6B1E0B2B07D848460435AD
:10879800F7F7B0FEEDB204EB45056884637C002B67
:1087A80056D0237C012B46D013F0FD0F50D1334611
:1087B80042463946204602B0BDE8F047FFF7B9BC4B
:1087C80001F1130304F1220001F11F054FF0780CA9
:1087D80013F9012FC2EB8222AB4292FBFCF202F5A5
:1087E800806220F8022FF3D104F13A02233140F2DB
:1087F800FF7513F8010F48B102280CBF28464FF443
:108808008060994222F8020FF3D1ADE70120F8E722
:1088180004F1220304F146024FF4806123F8021F99
:108828009342FBD10221F7F74BFD103004EB4000D7
:108838000023838098E73946204602B0BDE8F04718
:10884800FFF7F6BD042B8FD813F0FD0F8CD0E9E7A6
:1088580002B0BDE8F08730B54B7B032B85B00546E9
:108868000C4642D191F90000F7F7A6FE8DF80300F7
:1088780094F90100F7F7A0FEA3788DF80530E378A6
:108888008DF804008DF80630207B23798DF80730A9
:10889800F7F78AFE8DF8080094F90600F7F75EFEF0
:1088A8008DF8090094F90700F7F786FE237A8DF80A
:1088B8000B30637A8DF80C3040F6C8438DF80A0007
:1088C800ADF800300DF1020114230B2200208DF8C1
:1088D8000230F7F797FE2B688DF80D001B680E2203
:1088E80069462846984705B030BD022B03D1FF23BF
:1088F8008DF80330BCE791F90000F7F75DFE8DF8BD
:108908000300FF20B8E7837C10B5044633B1F9F7BC
:10891800B5FDE37C1BB10023A082E37410BDA28ADD
:10892800801A80B2B0F57A6FF8D9A37404F11601F1
:108938002046BDE81040FFF78EBF427C22B1037C81
:10894800012B01D1FFF7DFBF704710B594B0382273
:10895800002106A802F018F81422002101A802F04C
:1089680013F8002000F0AAFA01224FF48033CDE971
:10897800062303240223552206A8CDE90D34CDE9A8
:108988001023CDE912330F9300F0FAFA08B172B64A
:10899800FEE70421CDE903000F2305900DEB01004C
:1089A800CDE9013400F032FD08B172B6FEE714B02B
:1089B80010BD000007B5104A136823F480631360E4
:1089C80000F0B2F8FFF7C1FF0C4BDA6C42F020025E
:1089D800DA64DA6C02F020020192019ADA6C42F051
:1089E8000102DA64DB6C03F001030093009B03B01F
:1089F8005DF804EBFFF7D6BA0020024000100240F1
:108A08000B4B1A6E42F001021A661A6E82B002F01F
:108A180001020092009A9A6D42F080529A659B6D0D
:108A280003F080530193019B02B000F0A1BA00BF8C
:108A380000100240FEE7FEE7FEE7FEE7FEE77047AC
:108A480070477047F9F708BD034AD2F8883043F4F5
:108A58007003C2F88830704700ED00E00D48854685
:108A6800FFF7F2FF0C480D490D4A002302E0D458E5
:108A7800C4500433C4188C42F9D30A4A0A4C002360
:108A880001E013600432A242FBD301F0B3FFFFF709
:108A980091FFFEE700800020000000204800002031
:108AA8002CCA000848000020D43F0020FEE7704789
:108AB80010B5094B4FF0FF3200249A639C631A6487
:108AC8001C649A629C62DA62DC621A631C63FFF7B8
:108AD800EEFF204610BD00BF0010024038B50F4B16
:108AE8001A6805460AB9012038BD4FF47A73B3FBFA
:108AF800F2F30B4A1068B0FBF3F000F06FF804468D
:108B08000028F0D10F2DEED8024629464FF0FF304D
:108B180000F032F8034B20461D60E5E720000020F6
:108B28001C0000202400002010B5032000F012F8DB
:108B38000F20FFF7D3FF044618B9FFF761FF20465F
:108B480010BD0124FBE70000014B1868704700BF07
:108B5800B02C00200749CA6822F4E062030212041C
:108B680003F4E063120C134343F0BF6343F4003390
:108B7800CB60704700ED00E0164B30B5DC68C4F3FD
:108B88000224C4F10703251D042B28BF0423062D46
:108B98004FF0FF358CBF033C002405FA03F321EAAC
:108BA8000303A54022EA0502A340002843EA020382
:108BB800ACBF00F16040084A4FEA0313B8BF00F0A9
:108BC8000F00DBB2AABF00F56140135480F80033F0
:108BD80030BD00BF00ED00E014ED00E00138B0F159
:108BE800807F0BD24FF0E023054A5861F02182F8CC
:108BF80023100020072298611A61704701207047EE
:108C080000ED00E0094A536943F4802310B553612D
:108C1800EFF3108272B60023CC58C4500433B3F576
:108C2800807FF9D182F3108810BD00BF0020024078
:108C3800064B5A69002ABFBF054A9A6002F188327A
:108C48009A60BABF5869C00F0020704700200240E0
:108C580023016745044B5A6942F000425A6158693A
:108C6800C043C00F704700BF0020024070B50646E1
:108C7800FFF76AFF0F4C05462369DB030BD4236912
:108C88004CF2FA3213400DD00B494A681A434A6035
:108C98000120236170BDFFF757FF401BB042EBD99D
:108CA8000320F7E7206910F00100F3D001222261C8
:108CB8001846EFE700200240280000202DE9F04781
:108CC8001D4E99463378012B05460F46904631D004
:108CD8004FF0010A4FF47A7086F800A0FFF7C6FF3C
:108CE8000446B8B97060CDB9144A536943EA0A0317
:108CF8005361C7F80080BFF36F8FC7F804905446DC
:108D08004FF47A70FFF7B2FF24B10C4A536923EA93
:108D18000403536100233370BDE8F0876B1E012BF9
:108D2800EED841463846FFF76DFFAB1E5D425D4108
:108D3800AC04E5E70220EFE728000020002002400D
:108D4800064B10F0010F1EBF5A6942F004025A6127
:108D58005A6942F480325A61704700BF00200240CD
:108D6800084B5A69C00022F4FC7200F4FF601043FB
:108D780058615A6942F002025A615A6942F48032D3
:108D88005A617047002002401548037FDAB203F0A9
:108D9800FD03012B10D1134B196821F400711960E0
:108DA800196841F400611960196821F400611960BB
:108DB800196841F400711960931E012B0CD8094BF6
:108DC8001A6842F480521A601A6822F480521A60B3
:108DD8001A6842F480621A6000230377704700BF64
:108DE80028000020002002402DE9F843314D2B785F
:108DF800012B064688465AD001274FF47A702F7007
:108E0800FFF734FF044610BB2B4B68601A6812F456
:108E1800007F1A6820D0510506D51A6822F48062AE
:108E28001A6003232B7700E02F773368012B1DD1BD
:108E38007068FFF785FF4FF47A70FFF717FF1E4A37
:108E4800536923F0040304465361FFF79DFF002391
:108E58002B702046BDE8F883520505D51A6822F420
:108E680080621A600223DDE72877DEE74FF0FF33E0
:108E7800C8F80030B768DFF84090D6E902321344EA
:108E8800BB42E2D971683846FFF76AFF4FF47A703F
:108E9800FFF7ECFED9F8143023F4FD73C9F8143049
:108EA80018B1C8F800700446CFE70137E5E7022497
:108EB800CFE700BF2800002000200240294B1A6895
:108EC80030BB02F4C062B2F5806FD3F8802022F480
:108ED8008072C3F880201AD11A6822F4C06242F462
:108EE80000721A60204A126832214A431F49B2FBB5
:108EF800F1F201325969490500D522B95B69580573
:108F080003D400207047013AF4E703207047704704
:108F1800B0F5007F1FD102F4C062B2F5806FD3F8BC
:108F2800802042F48072C3F88020EAD11A6822F4C3
:108F3800C06242F400721A600B4A126832214A4336
:108F48000A49B2FBF1F2013259694905D6D5002A1E
:108F5800D4D0013AF8E722F4C06242F480621A6081
:108F6800CFE700BF007000401C00002040420F0007
:108F7800024A936843F4804393607047007000404E
:108F88002DE9F341044640B30368DF0714D423688E
:108F98009E075BD423681E0700F1A48023685D0741
:108FA80000F1CB8023689B0600F13281E06900283C
:108FB80040F06081002028E0A14DAB68EA6803F02A
:108FC8000C030C2B0BD102F00303032B09D12B68E4
:108FD8009D03DCD56368002BD9D1012015E0082B4F
:108FE800F4E76368B3F5803F12D12B6843F480330C
:108FF8002B60FFF7A9FD06462B689803C7D4FFF737
:10900800A3FD801B6428F7D9032002B0BDE8F081D6
:10901800B3F5A02F04D12B6843F480232B60E4E739
:109028002A6822F480322A602A6822F480222A6080
:10903800002BDED1FFF788FD06462B689903A6D5DD
:10904800FFF782FD801B6428F7D9DDE77C4DAB680C
:10905800EA6803F00C030C2B17D102F00303022B70
:1090680015D12B685A0502D5E368002BB5D06B687B
:10907800226923F0FE4343EA02636B60714B186870
:10908800FFF72CFD002885D0A7E7042BE8E7E36865
:10909800BBB12B6843F480732B60FFF755FD064680
:1090A8002B685B0507D56B68226923F0FE4343EA0A
:1090B80002636B606EE7FFF747FD801B0228EFD95C
:1090C800A2E72B6823F480732B60FFF73DFD06466B
:1090D8002B685F057FF55EAFFFF736FD801B022822
:1090E800F6D991E76369564D9BB1D5F8943043F0B2
:1090F8000103C5F89430FFF727FD0646D5F89430EC
:1091080098073FF54BAFFFF71FFD801B0228F5D9E5
:109118007AE7D5F8943023F00103C5F89430FFF7C7
:1091280013FD0646D5F8943099077FF537AFFFF75A
:109138000BFD801B0228F5D966E7414DAB6DDA00BF
:1091480027D4AB6D43F08053AB65AB6D03F0805310
:109158000193019B01273C4E3368DB051BD5A368AF
:10916800012B29D1D5F8903043F00103C5F8903090
:10917800FFF7EAFC41F288380646D5F8903099079F
:1091880040D5002F3FF40EAFAB6D23F08053AB6595
:1091980008E70027DFE7336843F480733360FFF79D
:1091A800D3FC80463368D805D9D4FFF7CDFCA0EBB3
:1091B80008000228F6D927E7052B06D1D5F8903004
:1091C80043F00403C5F89030CCE7D5F8902022F09E
:1091D8000102C5F89020D5F8902022F00402C5F8C5
:1091E8009020002BC4D1FFF7AFFC41F28838064627
:1091F800D5F890309A07C4D5FFF7A6FC801B4045E8
:10920800F6D901E7FFF7A0FC801B4045B5D9FBE67E
:10921800A3690B4DD3B1D5F8983043F00103C5F8D5
:109228009830FFF791FC0646D5F898309F073FF530
:10923800BDAEFFF789FC801B0228F5D9E4E600BF24
:10924800001002402400002000700040D5F898303B
:1092580023F00103C5F89830FFF776FC0646D5F8E9
:10926800983098077FF5A2AEFFF76EFC801B0228A6
:10927800F5D9C9E6484DAB6803F00C030C2B57D061
:109288002B68022823F080732B603AD1FFF75CFC2F
:1092980006462B6899012ED4EA68404B1340226A8F
:1092A8001343A26A43EA0223E26A43EAC263626A98
:1092B800013A43EA0213226B5208013A43EA425345
:1092C800626B5208013A43EA4263EB602B6843F051
:1092D80080732B60EB6843F08073EB60FFF734FC1E
:1092E80004462B689A013FF565AEFFF72DFC001B7D
:1092F8000228F6D988E6FFF727FC801B0228C8D980
:1093080082E6EB6823F00303EB60EB6823F08873D5
:1093180023F48033EB60FFF717FC04462B689B01AE
:109328007FF548AEFFF710FC001B0228F6D96BE664
:1093380001283FF46AAEEB68226A03F00301914208
:109348007FF44BAE616A03F0F0020139B2EB011F02
:109358007FF443AEA16A03F4FE42B2EB012F7FF41F
:109368003CAEE16A03F07842B2EBC16F7FF435AEF0
:10937800226B520803F4C001013AB1EB425F7FF45B
:109388002CAE626B520803F0C063013AB3EB426F34
:109398003FF410AE21E600BF001002400C809F0190
:1093A800174B9A6802F00C02042A23D09A6802F03C
:1093B8000C02082A20D09A6802F00C020C2A1DD14F
:1093C800D968DA68D868DB6801F00301C3F3416340
:1093D8000329C2F30312C0F3062003F101030CBFF3
:1093E800084909495B000132B1FBF2F25043B0FB76
:1093F800F3F07047044870470248704700207047F0
:109408000010024000127A000024F4002DE9F8430D
:109418000E46054610B90120BDE8F8836D4A136869
:1094280003F00F038B4245D3296811F001084CD192
:109438002A68910740F1A780674B12F0040F1EBFFE
:10944800996841F4E0619960120741BF9A6822F473
:109458007C5242F4E0629A609A68A96822F0F002AD
:109468000A439A605B4C236803F00F03B34200F28F
:1094780093802A68584C12F0040F40F0A380130719
:1094880006D5A3682A6923F4605343EAC203A3609C
:10949800FFF786FFA368514AC3F30313D35C03F0B5
:1094A8001F03D8404E4B18604E4B1868BDE8F84370
:1094B800FFF714BB136823F00F030B431360136803
:1094C80003F00F038B42A6D1AEE76F68424C032F1F
:1094D800236849D19B019ED5E368E26803F0030342
:1094E800032BE3680CBF40484048C2F30312C3F3A0
:1094F80006230132B0FBF2F25343E268C2F3416241
:1095080001325200B3FBF2F3394A93421AD84FF0B2
:109518000008A36823F003033B43A360FFF714FB91
:1095280041F288390746A3686A6803F00C03B3EB75
:10953800820F3FF47DAFFFF707FBC01B4845F2D908
:10954800032069E7A36813F0F00F04D08807DED57D
:10955800AB68002BDBD1A36823F0F00343F0800352
:10956800A3604FF08008D4E7022F09D113F4003F1D
:109578003FF451AFFFF714FF1D4B9842C7D9EAE7F4
:1095880013F4806FF4E7B8F1800F01BF124A9368B3
:1095980023F0F003936065E7236823F00F03334358
:1095A8002360FFF7D1FA41F288380746236803F0B1
:1095B8000F03B3423FF45DAFFFF7C6FAC01B404547
:1095C800F4D9BDE7A368E96823F4E0630B43A3601B
:1095D80055E700BF0020024000100240C8C900083B
:1095E8001C0000202400002000127A000024F4004F
:1095F80000B4C404024AD36A1843D062704700BF5B
:1096080000100240B0F1904F08B509D10120FFF7D2
:10961800F1FF254AD36A23F00103D362002008BD75
:10962800224B984207D10220FFF7E4FF1E4AD36A73
:1096380023F00203F1E71E4B984207D10420FFF7FD
:10964800D9FF194AD36A23F00403E6E7194B984275
:1096580007D10820FFF7CEFF134AD36A23F0080387
:10966800DBE7154B984207D11020FFF7C3FF0E4ADE
:10967800D36A23F01003D0E7104B984207D120207B
:10968800FFF7B8FF084AD36A23F02003C5E70C4B5D
:10969800984207D14020FFF7ADFF034AD36A23F071
:1096A8004003BAE70120BAE700100240000400486E
:1096B80000080048000C004800100048001400484A
:1096C800001800482DE9F04F02460D6895FAA5F4F8
:1096D8004FF0010EB4FA84F403274FF00F0C6FEA31
:1096E800050835FA04F001D1BDE8F08F0EFA04F34D
:1096F8002B4067D04868461E012E1ED8966893FAFC
:10970800A3F9B9FA89F94FEA490907FA09F926EAE2
:10971800090993FAA3FA8E68BAFA8AFA4FEA4A0A4A
:1097280006FA0AF646EA09069660566808EA06093D
:10973800CE686E4349EA06065660D66893FAA3F9DE
:10974800B9FA89F94FEA490907FA09F926EA09092C
:1097580093FAA3FA0E69BAFA8AFA4FEA4A0A06FA9B
:109768000AF646EA09060228D66018D1FF2BD1F876
:1097780014A029D8D2F8209093FAA3F6B6FA86F660
:10978800B6000CFA06F629EA060993FAA3F6B6FA21
:1097980086F6B6000AFA06F646EA0906166216685A
:1097A80093FAA3F9B9FA89F94FEA490907FA09F9C5
:1097B80026EA090693FAA3F3B3FA83F35B00984009
:1097C8003043106001348CE7D2F824901E0A96FAD0
:1097D800A6FBBBFA8BFB4FEA8B0B0CFA0BFB29EAB7
:1097E8000B0996FAA6F6B6FA86F6B6000AFA06FA4B
:1097F8004AEA09065662D2E7024B1868C0F380208D
:10980800704700BF00100240024BD3F89000C0F32D
:109818004000704700100240024B1868C0F34060D7
:10982800704700BF00100240044B054A9B68C3F311
:109838000313D35C03F01F03D840704700100240A5
:10984800C8C90008044B054A9B68C3F30223D35CCC
:1098580003F01F03D840704700100240D8C9000821
:10986800124B9A6802F00C02082A1BD00C2A1BD152
:10987800DA680F480F4902F00302032A08BF0146BD
:10988800D868DA68DB68C3F34163C0F30620C2F323
:1098980003120133484301325B00B0FBF2F0B0FB26
:1098A800F3F07047024870470248704700100240C2
:1098B80000127A000024F400164A08B5136843F42D
:1098C80080731360FFF798FF0028FBD0536823F0DC
:1098D800FE4343F08043536001239360936803F091
:1098E8000C03042BFAD14FF4807313601360FFF755
:1098F80093FF0028FBD14FF4805140F23B73D160B5
:1099080090611362D2F8943043F40003C2F89430A3
:1099180008BD00BF00100240032810B52DD12D4C02
:109928002D4AD4F8883003F0030343F440339342BC
:1099380009D0B3F1031F0CD0013A934210D1BDE80E
:109948001040FFF78DBFFFF757FF002840D10020D8
:1099580010BDFFF759FF003818BF0120C003F7E713
:10996800FFF77EFFFFF760FFA3681C4AC3F3C2231B
:10997800D35C03F01F03D840EAE70C2817D1154B36
:10998800174AD3F8883003F00C0343F4402393427A
:10999800D9D0B3F10C1FDCD0043A9342CFD0FFF7F3
:1099A8005FFFFFF741FFBDE81040FFF74BBF3028CE
:1099B800CDD1084B0B4AD3F8883003F0300343F479
:1099C80040139342BFD0B3F1301FC2D0103AE4E73E
:1099D8000548BDE70010024002000300D8C900088E
:1099E80008000C00200030000024F400C02808B54E
:1099F80001D0002008BD144B144AD3F8883003F076
:109A0800C00343F44003934209D0B3F1C01F0CD004
:109A1800403A934210D1BDE80840FFF721BFFFF755
:109A2800EBFE0028E5D00A48E4E7FFF7EDFE003832
:109A380018BF0120C003DDE7FFF712FFFFF7F4FEB0
:109A4800BDE80840FFF7FEBE001002408000C000DD
:109A58000024F400154B98420BD103F560431A6CAF
:109A680042F480521A641A6C22F480521A6400205C
:109A780070470F4B984205D003F5806398420BD08E
:109A8800012070470B4B9A6B42F480429A639A6BA1
:109A980022F480429A63EAE7064B9A6B42F400424A
:109AA8009A639A6B22F40042F4E700BF0030014049
:109AB800003800400010024003685B0670B502469B
:109AC8002DD4D1E900363343CE68056848690C6A5D
:109AD80033430E6933438E6903433343CE6925F418
:109AE8007F45334325F0BF0523432B431360536859
:109AF8008D6823F4706323F0040345EA104018438B
:109B0800B5F5006F50603EBF536843F4805353600F
:109B1800B4F5005F01D18B8C1361002000E00120B7
:109B2800D36923F40063D36170BD00002B4A036836
:109B380090420ED0B0F1804F0BD0A2F594329042F3
:109B480007D002F58062904203D002F59632904227
:109B580015D14A6823F070031343204A904219D064
:109B6800B0F1804F16D0A2F59432904212D002F58F
:109B7800806290420ED002F5963290420AD0184A7E
:109B8800904207D002F58062904203D002F58062CD
:109B9800904203D1CA6823F44073134303608B686F
:109BA800C3620B8883620D4B98420FD003F50063A4
:109BB80098420BD003F54063984207D003F58063C1
:109BC800984203D003F58063984201D10B6903637F
:109BD800436943F00103436100207047002C0140B2
:109BE80000400140B1F5805F30B500F011810AD81E
:109BF800102900F08680B1F5807F00F0C680012929
:109C08003DD0012030BDB1F5803F00F04781B1F56E
:109C1800801FF6D1036A146823F480130362036A71
:109C2800016D21F0807121F4E04141EA04241169B9
:109C380023F4001343EA0153516823F4801343EAE1
:109C48000153954988420FD001F5006188420BD035
:109C580001F54061884207D001F58061884203D050
:109C680001F58061884206D14168956921F4802117
:109C780041EA85214160D2680465C2643EE0036A16
:109C8800156823F001030362036A4168846924F4B8
:109C9800803424F073042C43156923F002032B430A
:109CA800556823F001032B437B4DA8420FD005F5DF
:109CB8000065A8420BD005F54065A84207D005F518
:109CC8008065A84203D005F58065A84212D1556980
:109CD80023F0080343EA8503956823F0040343EA65
:109CE8008503956921F480712943D56921F40071B0
:109CF80041EA4501D2684160846142630362002001
:109D080080E7036A156823F010030362036A416859
:109D1800846924F0807424F4E64444EA052415692F
:109D280023F0200343EA0513556823F0100343EAA0
:109D38000513594DA8420FD005F50065A8420BD070
:109D480005F54065A84207D005F58065A84203D00F
:109D580005F58065A84213D1556923F0800343EACD
:109D68008513956823F0400343EA8513956921F428
:109D7800806141EA8501D56921F4006141EAC501A4
:109D8800D268416084618263B8E7036A156823F486
:109D980080730362036A4168C46924F4803424F040
:109DA80073042C43156923F4007343EA05235568AB
:109DB80023F4807343EA0523374DA8420FD005F5F5
:109DC8000065A8420BD005F54065A84207D005F507
:109DD8008065A84203D005F58065A84213D155696E
:109DE80023F4006343EA8523956823F4806343EAF8
:109DF8008523956921F4805141EA0511D56921F43B
:109E0800005141EA4511D2684160C461C26375E7F7
:109E1800036A156823F480530362036A4168C469BE
:109E280024F0807424F4E64444EA0524156923F4F4
:109E3800005343EA0533556823F4805343EA053356
:109E4800154DA8420FD005F50065A8420BD005F5C1
:109E58004065A84207D005F58065A84203D005F5FE
:109E68008065A84213D1556923F4004343EA85333A
:109E7800956823F4804343EA8533956921F480414A
:109E880041EA8511D56921F4004141EAC511D2683A
:109E98004160C461026431E7002C0140036A146820
:109EA80023F480330362036A016D21F4803121F0C9
:109EB80070010C43116923F4003343EA01435168EC
:109EC80023F4803343EA01430F4988420FD001F558
:109ED800006188420BD001F54061884207D001F546
:109EE8008061884203D001F58061884206D14168CB
:109EF800956921F4803141EA052141600465D26801
:109F0800816C8264FAE600BF002C01401C4B984229
:109F18000BD103F558431A6C42F480421A641A6C48
:109F280022F480421A6400207047164B98420AD1E6
:109F380003F5E6339A6B42F400329A639A6B22F483
:109F480000329A63EFE7104B984209D103F5E433E6
:109F58009A6B42F480229A639A6B22F48022F0E78B
:109F68000A4B984209D103F5E2339A6B42F4002276
:109F78009A639A6B22F40022E3E70120704700BF3E
:109F8800003801400044004000480040004C0040B8
:109F980038B50368DB0704460D4659D42A69AB680F
:109FA800016813436A691343EA691343294A0A405B
:109FB800134303604368EA6823F440531343436040
:109FC8008368AA6923F4407313438360224B984241
:109FD80020D10320FFF7A0FC2B6840B36A6832B396
:109FE8000B2B15D81D4951F82330E969B0FBF3F064
:109FF800B1F5004F4FEA520325D103EB4003B3FB01
:10A00800F2F34FF6F0721A40C3F342031343E360CE
:10A0180000200DE0124B984201D10C20DAE7114BD9
:10A02800984201D13020D5E70F4B984207D0012044
:10A03800E26A2B8822F00F021343E36238BDC02086
:10A04800FFF7D4FCC8E70344B3FBF2F39BB2DEE7A7
:10A058000120F3E7F369FFEF00380140E0C9000889
:10A068000044004000480040004C00400F289ABFC0
:10A07800014B185C4020704710CA00080168F8B509
:10A088004C0004D4334AD36B0133D363F8BD11F0C9
:10A09800005404D02F4A136C01331364F6E72E4D95
:10A0A80043682D7803F4001265B922B1294A536C2C
:10A0B80001335364EAE7DA0242D5264A936C013346
:10A0C8009364E3E7002A3BD0244A01251570244F06
:10A0D800244E3A883588013202F03F02ADB29542EB
:10A0E80028D03A80204D4827574305EB070CE95103
:10A0F800CCF8043000F10801C3F30340FFF7B6FFC2
:10A1080012230330C0F387005343E7B2874209D3D1
:10A118003388D21A0F4B996B02F03F028A42B5D9A5
:10A128009A63B3E71F19023751F804CB45F827C0E3
:10A138000134EAE7074B5A6B01325A634022EFE7D2
:10A1480003F47022B2F5002FC1D9024AD36C01334F
:10A15800D3649BE7B42C00204D3F00204C3F0020E7
:10A168004A3F0020483F0020482D00202DE9F843B1
:10A17800394C23681D6D5A6D1E6D15405A6D164079
:10A1880015F0070206F0380811D01A65AA0706D09C
:10A198004FF048092368D3F89020170738D1AB0748
:10A1A80043D4680741BF2D4A536D01335365236873
:10A1B800B8F1000F12D016F0180FC3F8508005D070
:10A1C80048272368D3F89820120733D1F1063ED4E4
:10A1D800B30641BF214AD36D0133D3652368196D96
:10A1E8005A6D11401A6D586D11F4710102EA00029E
:10A1F80002F4602204D019481965016E0131016624
:10A2080022B11A65154A536E01335366BDE8F883C7
:10A21800D3F89070A06CC7F3012709FB0700FFF77C
:10A228002DFF2368C3F89470B4E70C4A136D01330B
:10A238001365B6E7D3F89850E06CC5F3012507FB22
:10A248000500FFF71BFF2368C3F89C50B9E7034AD2
:10A25800936D01339365BBE7503F0020B42C002079
:10A26800034B1A68034B9A4201D1FFF77FBF70472F
:10A27800503F00200064004030B5302442F20F7592
:10A28800A84212D80C703021B0F57A7F14D2117020
:10A298003022632816D81A703023092817D8039A51
:10A2A8001370049B3030187030BDA0F51C50013479
:10A2B8001038E4B280B2E3E70131A0F57A70C9B290
:10A2C80080B2E1E701326438D2B280B2E1E701330B
:10A2D8000A38DBB280B2E0E713B50B1D0193CB1C43
:10A2E80000934A1C8B1C0C46FFF7C6FF00236371C2
:10A2F80002B010BD03099F2800F00F0094BF30334F
:10A30800373309280B7094BF30303730002348703A
:10A318008B70704708B50249FFF7ECFF084608BD87
:10A32800B43F002013B503688DF807109C680DF141
:10A3380007010123A04702B010BD07B503688DF8D7
:10A3480007101B6901220DF10701984703B05DF85A
:10A3580004FB73B51D460368019104465B69164604
:10A368009847236820461B6898470199221D204674
:10A37800FFF7D8FF2DB123682A461B6931462046CE
:10A388009847236820465B68984723689B690C2197
:10A39800204602B0BDE87040184773B51E460368F2
:10A3A800019104465B6915469847236820461B6857
:10A3B8009847221D01992046FFF7B4FF2046002147
:10A3C800FFF7BBFF23682046DB68324629469847DB
:10A3D80023685B68204602B0BDE8704018472DE945
:10A3E800F0411F46036804465B690D4616469847C8
:10A3F800236820461B689847221D20461821FFF72E
:10A4080091FF290A2046FFF798FFE9B22046FFF797
:10A4180094FF236831463A4620461B6998472368CB
:10A4280020465B689847236820469B69BDE8F04151
:10A438000C21184707B501238DF807200DF10702F5
:10A44800FFF7CDFF03B05DF804FB2DE9F0411F468F
:10A45800036804465B690D461646984723682046FC
:10A468001B689847221D20461921FFF75BFF290A20
:10A478002046FFF762FFE9B22046FFF75EFF20465D
:10A488000021FFF75AFF23682046DB683A46314629
:10A498009847236820465B68BDE8F041184707B530
:10A4A80001230DF10702FFF7D0FF9DF8070003B065
:10A4B8005DF804FB2DE9F0411E46036804465B691C
:10A4C8000F4615469847236820461B689847221D63
:10A4D80020461A21FFF726FF39462046FFF72DFFB1
:10A4E80023682946324620461B6998472368204638
:10A4F8005B689847236820469B69BDE8F0410C21BA
:10A5080018472DE9F0411E46036804465B690F466B
:10A5180015469847236820461B689847221D204601
:10A528001B21FFF7FFFE39462046FFF706FF2046AE
:10A538000021FFF702FF23682046DB6832462946E0
:10A548009847236820465B68BDE8F041184737B54F
:10A5580004460D468DF80710012380210DF10702EE
:10A56800FFF7F7FE2368012D9B690CBF322140F2EB
:10A57800DC51204603B0BDE83040184707B5012339
:10A588008DF807100DF107028A21FFF7E2FE03B0EC
:10A598005DF804FB07B50B0C8DF804300B0A8DF839
:10A5A80005308DF80610032301AA8621FFF7D1FE96
:10A5B80003B05DF804FB07B502238DF804108DF88D
:10A5C80005208F2101AAFFF7C4FE03B05DF804FB44
:10A5D80037B50C468DF804108DF805208DF8063037
:10A5E80001AA03238B210546FFF7B3FE702C08D080
:10A5F80005D8502C07D0602C05D0322204E0802CDE
:10A60800FBD1372200E01E22284640F62511FFF72D
:10A6180011FF012240F63C112846FFF70BFF03B05B
:10A6280030BD07B58DF802309DF810308DF8033035
:10A638009DF814308DF8043000238DF800108DF843
:10A6480001208DF805308DF806306A4607238C21E5
:10A65800FFF77FFE03B05DF804FB07B55BBAADF802
:10A668000430BDF8103049BA52BA5BBAADF80010E0
:10A67800ADF80220ADF806306A4608238D21FFF7B1
:10A6880068FE03B05DF804FB07B5022301AA152193
:10A69800FFF783FE9DF804309DF8050000EB0320CA
:10A6A80080B203B05DF804FB07B549BAADF80410F1
:10A6B800022301AA9721FFF74CFE03B05DF804FBC3
:10A6C80037B505460191FFF7DFFF01990446284693
:10A6D800FFF7EAFF204603B030BD07B51F2928BFA2
:10A6E8001F218DF804108DF80520022301AA8E2160
:10A6F800FFF72FFE03B05DF804FB13B5130A0446F9
:10A708008DF804108DF805308DF80620032301AA72
:10A718008321FFF71EFE236864219B692046984722
:10A7280002B010BD13B5130A04468DF804108DF855
:10A7380005308DF80620032301AA8221FFF709FEC0
:10A74800236864219B692046984702B010BD37B53D
:10A7580005230C4615461D216A46FFF71EFE9DF887
:10A7680000309DF90110F02B84BF00238DF80030D4
:10A778009DF800305B085B42002923800B46B8BF78
:10A78800CB1C9B102B700331BEBF22889B182380E3
:10A7980003B030BD07B501238DF807100DF107028E
:10A7A8009621FFF7D6FD03B05DF804FB07B501233A
:10A7B8008DF807100DF107029E21FFF7CAFD03B0BF
:10A7C8005DF804FB10B5002304461A46C121FFF7C3
:10A7D800C0FD236820469B69BDE810404621184704
:10A7E80038B50D4640F691010446FFF758FE012D95
:10A7F8000ABF60F03F0200F03F02D2B240F691017A
:10A808002046FFF717FE38BD38B540F2531105460C
:10A81800FFF745FE4FF4AA7104462846FFF73FFEAE
:10A8280040EA042080B238BD07B58DF804108DF8D1
:10A8380005208DF8063001AA03238B21FFF789FD37
:10A8480003B05DF804FB07B58DF802309DF81030B1
:10A858008DF803309DF814308DF804309DF81830C9
:10A868008DF8053008238DF800108DF801208DF83B
:10A8780006306A4607238C21FFF76BFD03B05DF8AD
:10A8880004FB73B5C1F307230E0EC1F3074512F09D
:10A89800FD0409BA019126D18C2E22D1382D20D160
:10A8A8004AF6AC12ADF804209DF80420632A0ED1B4
:10A8B8009DF805200E2A0AD123F0080342F66B22E0
:10A8C80063F07F03ADF804208DF8063000240423DC
:10A8D8000DEB030240F6CF11FFF781FD204602B0D1
:10A8E80070BD0124E0E7141F18BF0124EFE713B57A
:10A8F80005230C466A461D21FFF74FFD9DF80030E1
:10A908005B085B42238002B010BD000010EE100A05
:10A91800C0F3C7527F3A162A15DC002A08DA01323A
:10A9280000F0004301D143F07E5300EE103A704727
:10A93800074911410842FAD04FF4800313410344F8
:10A9480023EA0103F1E7802AF1D130EE000A7047CB
:10A95800FFFF7F00884210B501EB020402D9844250
:10A96800234607D8431EA14208D011F8012B03F84B
:10A97800012FF8E7024401468A4200D110BD13F8BE
:10A98800014D02F8014DF7E702440346934200D116
:10A99800704703F8011BF9E710B50246147813460F
:10A9A8000132002CFAD1013B11F8012B03F8012FD9
:10A9B800002AF9D110BDC9B2034610F8012B1AB10B
:10A9C8008A42F9D118467047002918BF0023F9E7D1
:10A9D80010B56AB10139841810F8012B11F8013F3C
:10A9E8009A4203D1A04201D0002AF5D1D01A10BD55
:10A9F8001046FCE770B50D4D0D4C641BA4100026E5
:10AA0800A64209D10B4D0C4C00F02EF8641BA41083
:10AA18000026A64205D170BD55F8043B984701367B
:10AA2800EEE755F8043B98470136F2E720CA0008DC
:10AA380020CA000820CA000828CA0008034611F8DE
:10AA4800012B03F8012B002AF9D170470A449142DF
:10AA580000F1FF3300D1704710B511F8014B03F82E
:10AA6800014F9142F9D110BDF8B500BFF8BC08BC40
:10AA78009E467047F8B500BFF8BC08BC9E467047B4
:10AA880018120C18010101191901191901060601FA
:10AA98000606010303010303010202010202011277
:10AAA8000C01120C00206C0002206A006D00770077
:10AAB8000205010202016D696E2C00206D572C0001
:10AAC800322E3447003931354D003836384D003490
:10AAD80033334D003730636D003836364D004455FA
:10AAE800414C003F003530487A003331487A003114
:10AAF80039487A00464C52430046534B0031394896
:10AB08007A377800011F136F0113000000D57FAA60
:10AB1800FE2B815429FC5683D702A87D52872DF835
:10AB2800AC79D3067BAE04D18550FA2FA471DB0E25
:10AB38005A8F25F08D58F22773A60CD9F623895C15
:10AB480008DD77A2DF0AA07521F45E8B9D48E23705
:10AB580063B61CC9B461CB1E4A9F35E0CF1AB065F5
:10AB680031E44E9BE633994C18CD67B239EC4693E5
:10AB7800C712B86D10C56FBAEE3B91446BBE14C1D5
:10AB88009540EA3F42973DE8BC69C316EF3A9045C5
:10AB980011C46EBBC613B96C38ED4792BD68C217B5
:10ABA80043963CE99441EB3E6ABF15C04B9E34E1A5
:10ABB800B560CA1F62B71DC89C49E33619CC66B395
:10ABC800E732984D30E54F9ACE1BB16472A70DD885
:10ABD8008C59F3265B8E24F1A570DA0F20F55F8A75
:10ABE800DE0BA17409DC76A3F722885DD603A97C65
:10ABF80028FD5782FF2A805501D47EAB8451FB2E55
:10AC08007AAF05D0AD78D20753862CF961626364B8
:10AC180065666768696A6B6C6D6E6F707172737464
:10AC280075767778797A3031323334353637383942
:10AC38005F232D2E00000100010002000200020027
:10AC4800030004000500060008000A000C001000BC
:10AC5800140019002000280032003F005000640052
:10AC68007D009E00C800FA003C019001F4017602C4
:10AC78002003E803E204DC05D00700000000000020
:10AC8800000000008D0B000800000000000000001C
:10AC9800990B00080000000000000000750B000878
:10ACA80000010204050301020001020503046D6CA2
:10ACB80072732E30005365747570537461727453D7
:10ACC8007478345278005365747570537461727473
:10ACD8004D61726B65720021656E6421004D61746F
:10ACE800656B206D5232342D3330006D4C52530158
:10ACF800020304006D4C525304030201000A004091
:10AD0800504152414D2F706172616D2E70636B001E
:10AD18006661696C20610020005378206E6F742092
:10AD28006F6B002E00000000000000000000000013
:10AD3800BD100008AD100008CB1F0008F51F000863
:10AD48001320000811190008DB0C0008471D000833
:10AD58000000000000000000BD0C000827240008C7
:10AD6800BD220008FD210008D3210008B90D000804
:10AD780061220008D50D00082D220008F90D0008F1
:10AD88000000000000000000BD0C0008BF0C000817
:10AD9800C10C0008C30C0008C70C0008C90C000847
:10ADA800CD0C0008D10C0008D30C0008D70C000803
:10ADB8000000000000000000FB1A0008ED1C00085D
:10ADC800B11C0008911C00080000000000000000F1
:10ADD800BD0C0008150E0008C10C0008C30C0008C3
:10ADE800196C0008956C000875540008E5540008B3
:10ADF800D30C0008D70C0008414E474C4500484F7B
:10AE080052495A4F4E004E415620414C54484F4CDF
:10AE1800440048454144494E4720484F4C44004867
:10AE280045414446524545004845414441444A004D
:10AE380043414D53544142004E415620525448001C
:10AE48004E415620504F53484F4C44004D414E55AB
:10AE5800414C00424545504552004C454453204F13
:10AE68004646004C4947485453004F5344204F46E8
:10AE7800460054454C454D45545259004155544F90
:10AE88002054554E4500424C41434B424F580046D2
:10AE980041494C53414645004E41562057500041C8
:10AEA8004952204D4F444500484F4D452052455387
:10AEB800455400474353204E4156004650562041C2
:10AEC8004E474C45204D495800535552464143453D
:10AED80000464C415045524F4E005455524E204169
:10AEE8005353495354004E4156204C41554E434804
:10AEF80000534552564F204155544F5452494D0026
:10AF080043414D45524120434F4E54524F4C2031FE
:10AF18000043414D45524120434F4E54524F4C201F
:10AF2800320043414D45524120434F4E54524F4CFD
:10AF38002033004F534420414C542031004F534498
:10AF480020414C542032004F534420414C5420336C
:10AF5800004E415620434F5552534520484F4C44CC
:10AF6800004D43204252414B494E470055534552EC
:10AF7800310055534552320055534552330055530D
:10AF8800455234004C4F49544552204348414E479E
:10AF980045004D5350205243204F56455252494484
:10AFA800450050524541524D00545552544C4500AD
:10AFB8004E415620435255495345004155544F2060
:10AFC8004C4556454C205452494D00575020504C42
:10AFD800414E4E455200534F4152494E47004D494C
:10AFE8005353494F4E204348414E4745004245453B
:10AFF800504552204D555445004D554C5449204616
:10B00800554E4354494F4E004D49584552205052D1
:10B018004F46494C452032004D495845522054521C
:10B02800414E534954494F4E00414E474C452048E4
:10B038004F4C440047494D42414C204C4556454CE5
:10B048002054494C540047494D42414C204C4556E8
:10B05800454C20524F4C4C0047494D42414C2043EF
:10B06800454E5445520047494D42414C20484541C0
:10B0780044545241434B45520000800CD007B7045A
:10B08800C71B800CB7040410020A0B069723041090
:10B098000B06000054C40008502E000000000000F9
:10B0A8000000000000000000000000000000000098
:10B0B8000000000000000000000000000000000088
:10B0C8000000000011003200140064001800FA00AB
:10B0D8001B00F4011E00E80361626364656667682B
:10B0E800696A6B6C6D6E6F70717273747576777850
:10B0F800797A303132333435363738395F232D2E6B
:10B108000000000000070E091C1B1215383F3631DD
:10B1180024232A2D70777E796C6B6265484F4641EF
:10B1280054535A5DE0E7EEE9FCFBF2F5D8DFD6D1DF
:10B13800C4C3CACD90979E998C8B8285A8AFA6A1CF
:10B14800B4B3BABDC7C0C9CEDBDCD5D2FFF8F1F6BF
:10B15800E3E4EDEAB7B0B9BEABACA5A28F888186AF
:10B1680093949D9A2720292E3B3C35321F1811169F
:10B1780003040D0A5750595E4B4C45426F6861668F
:10B1880073747D7A898E878095929B9CB1B6BFB87F
:10B19800ADAAA3A4F9FEF7F0E5E2EBECC1C6CFC86F
:10B1A800DDDAD3D4696E676075727B7C51565F585F
:10B1B8004D4A4344191E171005020B0C21262F284F
:10B1C8003D3A33344E49404752555C5B7671787F3F
:10B1D8006A6D64633E39303722252C2B0601080F2F
:10B1E8001A1D1413AEA9A0A7B2B5BCBB9691989F1F
:10B1F8008A8D8483DED9D0D7C2C5CCCBE6E1E8EF0F
:10B20800FAFDF4F30000000032090000000000001D
:10B21800010000007C2B000000000000020000007C
:10B22800890C00000000000004000000ED0E030C73
:10B238000D00000005000000D91C010000000000FE
:10B24800060000006803000000000000070000007E
:10B2580077200000000000000800000075240000AE
:10B26800000000000B000000590601040000000067
:10B2780014000000D61403020300000015000000AB
:10B288009F0203000100000016000000DC19000006
:10B298000000000017000000A817030405000000C4
:10B2A8001800000018340000000000001900000019
:10B2B80017650000000000001A000000AA1800002E
:10B2C800000000001B000000901D000000000000AE
:10B2D8001C00000043100000000000001D000000DA
:10B2E80073100000000000001E000000271C000072
:10B2F800000000001F000000F63000000000000001
:10B3080020000000B91C000000000000210000001F
:10B31800681C00000000000022000000ED1600007C
:10B328000000000023000000F416000000000000E8
:10B3380024000000DE2500000000000025000000B9
:10B34800D4070304050000002600000009070304D1
:10B358000500000027000000FE2603202100000051
:10B3680028000000E6050302030000002900000091
:10B378001C040302030000002A0000001C12000045
:10B38800000000002B0000008403030001000000FF
:10B398002C000000DD090302030000002D0000005E
:10B3A800E8030300010000002E0000000B0200006B
:10B3B800000000002F0000009908030001000000B1
:10B3C800300000002915010C0000000031000000C9
:10B3D8002714000000000000320000004E25031270
:10B3E8001300000033000000C4050302030000003E
:10B3F80035000000030500000000000036000000D2
:10B408000F1B031819000000370000000319000083
:10B41800000000003D000000A748000000000000F8
:10B428003E000000B71A0000000000003F000000C6
:10B4380077B500000000000040000000BFE10000F8
:10B448000000000041000000762A00000000000013
:10B4580042000000940603020300000043000000BD
:10B46800150400000000000045000000F31E010A5A
:10B4780000000000460000007C26031011000000B8
:10B488004900000026260320210000004A00000091
:10B4980014140000000000004B0000009E23031E4F
:10B4A8001F0000004C0000009821031E1F00000030
:10B4B8004D0000008F0A030809000000500000003A
:10B4C8000E04030203000000510000006A16000089
:10B4D8000000000052000000313303242500000062
:10B4E8005300000016250000000000005400000072
:10B4F8008F35033233000000550000008C33000004
:10B50800000000005600000005350332330000003B
:10B5180057000000963300000000000059000000AA
:10B52800E71C0000000000005A000000B7380000C7
:10B53800000000005B0000003F2A0000000000003F
:10B548005C00000036210000000000005D000000E3
:10B558002F5100000000000064000000AF2200002E
:10B568000000000065000000667500000000000093
:10B57800660000009E7500000000000067000000E3
:10B58800D039000000000000680000003874000096
:10B5980000000000690000005D3F0000000000009E
:10B5A8006A0000008A2C0000000000006B00000008
:10B5B8006C410000000000006C000000205C0000EE
:10B5C800000000006D000000B90900000000000044
:10B5D8006E00000054FE0301020000006F0000002E
:10B5E800221203101100000070000000AE0C0000D1
:10B5F80000000000710000007C270000000000002F
:10B6080072000000ED2C0000000000007300000034
:10B618000440000000000000740000004C18000006
:10B62800000000007500000080060304050000000B
:10B6380076000000380E00000000000077000000CF
:10B64800740C030A0B0000007800000086610000FB
:10B658000000000079000000ED0203000100000076
:10B668007A000000CB020300010000007B0000000C
:10B67800FA710300010000007C0000005739000047
:10B68800000000007D000000CB0600000000000064
:10B698007E000000DC51034F500000007F000000D6
:10B6A800192300000000000080000000E2230000D1
:10B6B80000000000810000002E18000000000000BB
:10B6C800820000001D0D0000000000008300000043
:10B6D800DFFF000000000000840000005527000084
:10B6E80000000000850000000612000000000000B5
:10B6F80086000000E52B0000000000008700000025
:10B70800CB080000000000008800000001160000BF
:10B718000000000089000000C310000000000000C5
:10B728008A0000006D780000000000008B00000017
:10B73800A82B03292A0000008C000000B52900006E
:10B74800000000008D0000002F2000000000000015
:10B758008E00000048F30000000000008F00000089
:10B768008310000000000000900000007F5D0000D2
:10B778000000000092000000676400000000000064
:10B78800930000009A3600000000000094000000BA
:10B79800B24E00000000000095000000C83C000008
:10B7A8000000000096000000862A0000000000004B
:10B7B80097000000DB08030607000000980000005F
:10B7C800D00800000000000099000000BC0C000038
:10B7D800000000009A000000540F03060700000054
:10B7E8009B000000160D0304050000009C000000EB
:10B7F80013060300010000009D000000150F030C54
:10B808000D0000009E000000860F030C0D000000D4
:10B81800A00000004E0C030809000000A100000071
:10B828004403030001000000A2000000BD0900005D
:10B8380000000000A30000007F1C000000000000C2
:10B84800A40000009A2C000000000000A5000000E1
:10B858001503000000000000A60000001509000004
:10B8680000000000A7000000901600000000000083
:10B87800A8000000010C000000000000A900000062
:10B88800EA12000000000000AA000000492200009F
:10B8980000000000AB000000B542000000000000FE
:10B8A800AC0000001662000000000000AD000000BF
:10B8B8005308000000000000AE000000A7300000A0
:10B8C80000000000AF0000008A13030E0F00000004
:10B8D800B0000000EA03030001000000B10000000E
:10B8E800F014000000000000B20000002F18000053
:10B8F80000000000B3000000BD1D011A0000000098
:10B90800B4000000342F012A00000000B500000038
:10B91800AE04000000000000B6000000E5280000AA
:10B9280000000000B70000005502030001000000FD
:10B93800B80000009FCE030405000000B900000015
:10B94800BA07030405000000BA000000481D030000
:10B9580001000000BF0000005C1B000000000000A8
:10B96800C00000002436000000000000C1000000F4
:10B97800471A000000000000C20000006221000019
:10B9880000000000C300000078250000000000004F
:10B99800C8000000862A032829000000C90000000A
:10B9A800CD0E030C0D000000D6000000450803066C
:10B9B80007000000D7000000650300000000000039
:10B9C800D80000003203030001000000D900000085
:10B9D800CA06000000000000DA000000110703009A
:10B9E80001000000DB000000A202000000000000CF
:10B9F800DC0000002220000000000000DD00000044
:10BA0800472A000000000000DE0000000F030000CD
:10BA180000000000DF000000772F032A2B00000041
:10BA2800E0000000662D032A2B000000E100000062
:10BA3800D049000000000000E2000000CF0800002C
:10BA480000000000E6000000A32A0000000000003B
:10BA5800E70000006928000000000000E80000007E
:10BA68009741000000000000E900000023B6000034
:10BA780000000000EA000000962800000000000016
:10BA8800EB000000B32A000000000000F1000000F5
:10BA98005A20000000000000F2000000683C00008E
:10BAA80000000000F3000000553D013400000000D4
:10BAB800F40000005F06000000000000F500000030
:10BAC8008202000000000000F6000000B826000016
:10BAD80000000000F7000000511300000000000003
:10BAE800F800000008FE030304000000F90000004D
:10BAF800CC24000000000000FA000000311E000005
:10BB080000000000FB000000AA1200000000000076
:10BB1800FC0000002C12000000000000FD000000E6
:10BB28005336000000000000FE0000002E0900004F
:10BB38000000000000010000472A03080900000077
:10BB4800010100008309000000000000020100005C
:10BB5800BBE8030001000000030100005CED0000E9
:10BB68000000000004010000920E00000000000028
:10BB780005010000B33D00000000000006010000C0
:10BB88000C170000000000000701000085FF0000FE
:10BB98000000000008010000312000000000000043
:10BBA800090100001A140000000000000A0100004A
:10BBB800C1FF0302030000000B01000023FF030282
:10BBC800030000000C0100000E0403020300000043
:10BBD8000D0100006DD70000000000000E010000FC
:10BBE8003B140000000000000F01000016350000A3
:10BBF80000000000130100007E200000000000008B
:10BC080014010000123200000000000015010000BD
:10BC18003E1E000000000000180100004621000040
:10BC28000000000019010000300D000000000000B5
:10BC38001A0100007B230320210000001B010000E3
:10BC48004A910000000000001C0100006320031E50
:10BC58001F0000001D010000893103262700000095
:10BC68001E010000D2390332330000001F0100001A
:10BC78000117031415000000200100001417031415
:10BC88001500000022010000FB2E0000000000004B
:10BC9800230100000A390000000000002401000010
:10BCA800E3DF03181900000027010000EA0C000078
:10BCB80000000000280100003223000000000000FE
:10BCC8002B01000013620000000000002C0100009E
:10BCD800D9160000000000002D010000F33A000012
:10BCE80000000000360100001C11000000000000E8
:10BCF800370100005F7400000000000040010000F0
:10BD0800F31403020300000041010000580203007D
:10BD18000100000042010000F3950000000000004F
:10BD2800430100004E93030001000000440100009D
:10BD380084920000000000004A01000017A70000DC
:10BD4800000000004B0100005BE90000000000005B
:10BD58004C010000ECEF0000000000004D01000065
:10BD6800E76D0000000000004E010000480A0000D6
:10BD7800000000004F010000E11800000000000072
:10BD880050010000F55400000000000053010000BD
:10BD9800C7050000000000005401000063460000D1
:10BDA8000000000059010000D11503020300000043
:10BDB8005E010000E8FC00000000000062010000D5
:10BDC800D20E030C0D00000063010000060C0000F9
:10BDD80000000000680100000B19000000000000CE
:10BDE800690100005D2100000000000071010000F1
:10BDF8009718000000000000720100004B6D000061
:10BE080000000000730100000A1A00000000000092
:10BE1800740100001A8C0000000000007501000089
:10BE2800752A00000000000077010000FB8C00006C
:10BE38000000000078010000C708000000000000B2
:10BE48007C010000E81400000000000081010000EF
:10BE5800938503020300000082010000841003049C
:10BE680005000000830100000448030405000000E9
:10BE7800840100000825032021000000860100003D
:10BE88009CF00000000000008B01000000D40000BE
:10BE9800000000008C01000032A00000000000003B
:10BEA8008D010000B66C0000000000009001000049
:10BEB8006EFE03040500000091010000B7060304AC
:10BEC800050000009A010000A035000000000000F5
:10BED8009B0100006A030000000000009C010000B4
:10BEE80021060304050000009D0100004D0703041E
:10BEF800050000009E0100006D1000000000000019
:10BF08009F010000A110000000000000A401000033
:10BF18001449030607000000B3010000862E000044
:10BF280000000000B4010000C1090000000000008A
:10BF3800B50100001E01000000000000B80100006B
:10BF48004223000000000000B9010000A911000010
:10BF580000000000FE010000F56A0000000000007B
:10BF6800FF0100001C470000000000000002000064
:10BF7800B802000000000000421F0000DA100000B4
:10BF880000000000431F0000E72900000000000037
:10BF9800441F0000AC62000000000000451F0000C4
:10BFA800FB26000000000000461F0000610E000094
:10BFB80000000000471F00004020000000000000B3
:10BFC800481F0000EA21000000000000491F00008F
:10BFD80090100000000000004A1F00009B2900008C
:10BFE800000000004B1F0000146600000000000065
:10BFF8004C1F000036100000000000004D1F00001C
:10C00800DE2E0000000000004E1F0000C80E0000D9
:10C01800000000004F1F000017180000000000007B
:10C02800501F0000951200000000000028230000A7
:10C0380071890000000000002D2300007522000017
:10C048000000000011270000D114000000000000CB
:10C0580012270000BA290000000000001327000082
:10C0680004010000000000001427000085090000FA
:10C07800000000001527000067090000000000000C
:10C0880016270000C1040000000000001727000068
:10C09800471100000000000018270000F00E000003
:10C0A80000000000A7270000C355000000000000A2
:10C0B800F82A00008634030405000000F92A00006D
:10C0C8000F88000000000000FA2A0000EAB4030408
:10C0D80005000000FB2A00004005000000000000E9
:10C0E800FC2A00000BE8030809000000FD2A0000F4
:10C0F8005DE6000000000000022B00002E31000069
:10C1080000000000032B00006A2C00000000000063
:10C118000C2B0000CD10000000000000162B0000C2
:10C12800902C000000000000172B0000852C000058
:10C1380000000000182B0000552C00000000000033
:10C14800192B0000C3250310110000001A2B000052
:10C158004F050000000000001B2B000080080304AE
:10C16800050000001C2B0000B122000000000000A8
:10C178001D2B0000821C0000000000001E2B000088
:10C188002F260000000000001F2B00008E09000071
:10C1980000000000202B0000842C0000000000009C
:10C1A800212B0000D02C000000000000222B0000F2
:10C1B800C92C000000000000232B0000C12C000047
:10C1C80000000000242B0000BD2C0000000000002F
:10C1D800342B0000A24E0000000000006432000072
:10C1E800722C03000100000065320000FE3B031EB4
:10C1F8001F000000663200008C35030405000000B3
:10C2080067320000F92E03000100000068320000C8
:10C218004D36031C1D00000069320000312B03005D
:10C2280001000000733200005EF903000100000005
:10C23800763200008B3300000000000077320000E7
:10C2480007120310110000007832000014050000E6
:10C25800000000006842000067B300000000000012
:10C26800FE4200001A21000000000000FF4200000A
:10C2780048100000000000000143000013110000F6
:10C2880000000000024300005911000000000000F7
:10C29800034300001B0A00000000000004430000E4
:10C2A8000E5B00000000000005430000BB540000C6
:10C2B80000000000064300006A18000000000000AB
:10C2C80010A40000E30100000000000011A4000019
:10C2D800EF2E00000000000051C30000F62000000F
:10C2E8000000000052C30000B5F600000000000086
:10C2F80053C300003E1300000000000054C30000B8
:10C30800F00A03080900000055C30000980603045A
:10C318000500000020CB00000D64000000000000B4
:10C3280021CB0000EF0100000000000015CD000047
:10C33800F01100000000000016CD0000584E00006B
:10C348000000000017CD000060550000000000004C
:10C3580018CD0000B11C00000000000019CD00003D
:10C36800D73200000000000078CD0000B526032079
:10C378002100000079CD00006624000000000000C4
:10C3880060EA000004160314150000006AEA0000C1
:10C39800D0210000000000006BEA0000B707000091
:10C3A800000000006CEA0000632403202100000064
:10C3B8006DEA000081180314150000006EEA000001
:10C3C800860803040500000074EA0000CA0400009F
:10C3D8000000000088EA00009CF500000000000052
:10C3E80089EA0000BFFF0000000000008DEA00009D
:10C3F8000E170302030000008EEA0000AB1C0308BE
:10C40800090000008FEA0000370700000000000064
:10C4180091EA0000610C00000000000092EA0000B0
:10C42800DC0E00000000000093EA0000F518000090
:10C438000000000094EA0000652C000000000000E5
:10C4480095EA00002D060000000000003BB1B8008E
:10C45800ECC4B8009DD8B8004EECB8000000B90094
:10C46800B113B9006227B900133BB900C44EB90033
:10C478007662B9002776B900D889B900899DB900D4
:10C488003BB1B900ECC4B9009DD8B9004EECB90075
:10C498000000BA00B113BA006227BA00133BBA0011
:10C4A800C44EBA007662BA002776BA00D889BA00B4
:10C4B800899DBA003BB1BA00ECC4BA009DD8BA0055
:10C4C8004EECBA000000BB00B113BB006227BB00F2
:10C4D800133BBB00C44EBB007662BB002776BB0093
:10C4E800D889BB00899DBB003BB1BB00ECC4BB0035
:10C4F8009DD8BB004EECBB000000BC00B113BC00D3
:10C508006227BC00133BBC00C44EBC007662BC0072
:10C518002776BC00D889BC00899DBC003BB1BC0013
:10C52800ECC4BC009DD8BC004EECBC000000BD00B3
:10C53800B113BD006227BD00133BBD00C44EBD0052
:10C548007662BD002776BD00D889BD00899DBD00F3
:10C558003BB1BD00ECC4BD009DD8BD004EECBD0094
:10C568000000BE00B113BE006227BE00133BBE0030
:10C57800C44EBE007662BE002776BE00D889BE00D3
:10C58800899DBE003BB1BE00ECC4BE00000089110D
:10C5980012239B322446AD573665BF74488CC19D23
:10C5A8005AAFD3BE6CCAE5DB7EE9F7F88110080103
:10C5B80093331A22A5562C47B7753E64C99C408D03
:10C5C800DBBF52AEEDDA64CBFFF976E802218B309F
:10C5D800100299132667AF763444BD554AADC3BCE3
:10C5E800588ED19F6EEBE7FA7CC8F5D983310A20C3
:10C5F80091121803A7772E66B5543C45CBBD42ACC3
:10C60800D99E508FEFFB66EAFDD874C904428D535A
:10C6180016619F702004A9153227BB364CCEC5DFA2
:10C628005EEDD7FC6888E1997AABF3BA85520C4382
:10C6380097711E60A1142805B3373A26CDDE44CF82
:10C64800DFFD56ECE9986089FBBB72AA06638F721E
:10C6580014409D512225AB343006B9174EEFC7FE62
:10C668005CCCD5DD6AA9E3B8788AF19B87730E6242
:10C6780095501C41A3352A24B1163807CFFF46EE42
:10C68800DDDC54CDEBB962A8F99A708B08848195EA
:10C698001AA793B62CC2A5D33EE1B7F04008C91932
:10C6A800522BDB3A644EED5F766DFF7C89940085F2
:10C6B8009BB712A6ADD224C3BFF136E0C118480912
:10C6C800D33B5A2AE55E6C4FF77D7E6C0AA583B48E
:10C6D800188691972EE3A7F23CC0B5D14229CB38F2
:10C6E800500AD91B666FEF7E744CFD5D8BB502A4B2
:10C6F80099961087AFF326E2BDD034C1C3394A28D2
:10C70800D11A580BE77F6E6EF55C7C4D0CC685D749
:10C718001EE597F42880A1913AA3B3B2444ACD5BB1
:10C728005669DF78600CE91D722FFB3E8DD604C771
:10C738009FF516E4A9902081BBB332A2C55A4C4B91
:10C74800D7795E68E11C680DF33F7A2E0EE787F60D
:10C758001CC495D52AA1A3B03882B193466BCF7A71
:10C768005448DD59622DEB3C700EF91F8FF706E631
:10C778009DD414C5ABB122A0B9923083C77B4E6A51
:10C78800D5585C49E33D6A2CF11E780F860010707D
:10C798000410005B000000004F09000098FF000033
:10C7A8005018050C805B0040D41E000097FF000065
:10C7B8006018050C805B00406A34000094FF00009C
:10C7C8007018050C805B0040E75B000090FF0000DC
:10C7D800ADAF00080000000000AE00080102000034
:10C7E80006AE0008020300000EAE000803040000B5
:10C7F8001AAE00080505000027AE0008060600006E
:10C8080030AE000807FF000038AE000808FF00003F
:10C8180040AE00080A07000048AE00080B080000F8
:10C8280054AE00080C0900005BAE00080DFF0000C4
:10C8380062AE00080FFF00006BAE000810FF00009A
:10C8480072AE000813FF00007AAE000814FF000063
:10C8580084AE0008150A00008EAE00081AFF00001A
:10C8680097AE00081B010000A0AE00081C0B0000DA
:10C87800A7AE00081D0C0000B0AE00081EFF0000A7
:10C88800BBAE00081FFF0000C3AE000820FF000079
:10C89800D1AE000821FF0000D9AE0008220D00002B
:10C8A800E2AE0008230E0000EEAE0008240F0000E0
:10C8B800F9AE000825FF000008AF000827FF0000B8
:10C8C80019AF000828FF00002AAF000829FF000060
:10C8D8003BAF00082AFF000045AF00082BFF00000F
:10C8E8004FAF00082CFF000059AF00082D100000C2
:10C8F80069AF00082EFF000074AF00082FFF00008A
:10C908007AAF000830FF000080AF000839FF000050
:10C9180086AF00083AFF00008CAF000831FF000026
:10C928009AAF000832FF0000AAAF000833FF0000EA
:10C93800B1AF000834110000B8AF0008351200008C
:10C94800C3AF000836FF0000D3AF000837FF000070
:10C95800DEAF000838130000E6AF00083BFF000018
:10C96800F5AF00083CFF000001B000083DFF0000E3
:10C9780010B000083EFF000020B000083FFF000094
:10C9880031B00008401400003CB0000841FF00002E
:10C998004EB0000842FF000060B0000843FF0000EE
:10C9A8006EB0000844FF0000000000000000000016
:10C9B80055800008578000085B8000085F800008E9
:10C9C8000000000000000000010203040607080937
:10C9D8000000000001020304010000000200000042
:10C9E8000400000006000000080000000A00000023
:10C9F8000C000000100000002000000040000000B3
:10CA08008000000000010000000102030405060781
:08CA1800080C10141820304036
:08CA2000FD010008B57F0008CC
:04CA2800D901000828
:10CA2C0090BADCFE785634120A00000090AD000873
:10CA3C00FF000000D8AD000860AD00080024F40031
:10CA4C0001000000100000000000000000000000C9
:10CA5C0000000000000000000100000000000000C9
:08CA6C000000000000000000C2
:0400000508008A6500
:00000001FF
