:020000040800F2
:1000000000500020F58E0008DD8E0008DF8E00080D
:10001000E18E0008E38E0008E58E00080000000075
:10002000000000000000000000000000E78E000853
:10003000E98E000800000000EB8E0008ED8E00083D
:100040003D8F00083D8F00083D8F00083D8F000860
:100050003D8F00083D8F00083D8F00083D8F000850
:100060003D8F00083D8F00083D8F00083D8F000840
:100070003D8F00083D8F00083D8F00083D8F000830
:100080003D8F00083D8F00083D8F00083D8F000820
:100090003D8F00083D8F00083D8F00083D8F000810
:1000A0003D8F00083D8F00083D8F00083D8F000800
:1000B0005D2900083D8F00083D8F00083D8F000836
:1000C0003D8F00083D8F00083D8F00083D8F0008E0
:1000D0003D8F0008892300083D8F00083D4400083B
:1000E000B17300083D8F00083D8F0008000000003C
:1000F0000000000000000000000000000000000000
:0C01000000000000000000005FF808F1A3
:1001100010B5054C237833B9044B13B10448AFF341
:1001200000800123237010BD280000200000000083
:1001300054AA000808B5034B1BB103490348AFF3A9
:10014000008008BD000000002C00002054AA000818
:10015000034613F8012B002AFBD1181A0138704707
:1001600080F0004002E000BF81F0004142001FBF6C
:100170005FEA410392EA030F7FEA226C7FEA236C75
:100180006AD04FEA1262D2EB1363C1BFD21841406A
:1001900048404140B8BF5B42192B88BF704710F000
:1001A000004F40F4000020F07F4018BF404211F0A3
:1001B000004F41F4000121F07F4118BF494292EA0B
:1001C000030F3FD0A2F1010241FA03FC10EB0C0037
:1001D000C3F1200301FA03F100F0004302D54942C4
:1001E00060EB4000B0F5000F13D3B0F1807F06D371
:1001F00040084FEA310102F10102FE2A51D2B1F169
:10020000004F40EBC25008BF20F0010040EA03005D
:100210007047490040EB0000013A28BFB0F5000FDD
:10022000EDD2B0FA80FCACF1080CB2EB0C0200FA93
:100230000CF0AABF00EBC25052421843BCBFD040E2
:100240001843704792F0000F81F4000106BF80F45C
:1002500000000132013BB5E74FEA41037FEA226C1F
:1002600018BF7FEA236C21D092EA030F04D092F0EA
:10027000000F08BF0846704790EA010F1CBF00201E
:10028000704712F07F4F04D1400028BF40F000407B
:10029000704712F100723CBF00F50000704700F09B
:1002A000004343F0FE4040F4000070477FEA2262C2
:1002B00016BF08467FEA23630146420206BF5FEA93
:1002C000412390EA010F40F4800070474FF0000393
:1002D00004E000BF10F0004348BF40425FEA000C5A
:1002E00008BF704743F0964301464FF000001CE002
:1002F00050EA010208BF70474FF000030AE000BF58
:1003000050EA010208BF704711F0004302D5404295
:1003100061EB41015FEA010C02BF84460146002007
:1003200043F0B64308BFA3F18053A3F50003BCFA22
:100330008CF2083AA3EBC25310DB01FA02FC6344CF
:1003400000FA02FCC2F12002BCF1004F20FA02F2D6
:1003500043EB020008BF20F00100704702F12002C9
:1003600001FA02FCC2F1200250EA4C0021FA02F22A
:1003700043EB020008BF20EADC7070474FF0FF0C2F
:100380001CEAD0521EBF1CEAD15392EA0C0F93EA2A
:100390000C0F6FD01A4480EA010C400218BF5FEACC
:1003A00041211ED04FF0006343EA501043EA51113F
:1003B000A0FB01310CF00040B1F5000F3EBF490039
:1003C00041EAD3715B0040EA010062F17F02FD2A3D
:1003D0001DD8B3F1004F40EBC25008BF20F0010020
:1003E000704790F0000F0CF0004C08BF49024CEA37
:1003F000502040EA51207F3AC2BFD2F1FF0340EAC9
:10040000C250704740F400004FF00003013A5DDC39
:1004100012F1190FDCBF00F000407047C2F100027A
:10042000410021FA02F1C2F1200200FA02FC5FEA67
:10043000310040F1000053EA4C0308BF20EADC70B1
:10044000704792F0000F00F0004C02BF400010F423
:10045000000F013AF9D040EA0C0093F0000F01F0D0
:10046000004C02BF490011F4000F013BF9D041EAF2
:100470000C018FE70CEAD15392EA0C0F18BF93EAF4
:100480000C0F0AD030F0004C18BF31F0004CD8D11E
:1004900080EA010000F00040704790F0000F17BFA5
:1004A00090F0004F084691F0000F91F0004F14D0EB
:1004B00092EA0C0F01D142020FD193EA0C0F03D143
:1004C0004B0218BF084608D180EA010000F0004046
:1004D00040F0FE4040F40000704740F0FE4040F421
:1004E000400070474FF0FF0C1CEAD0521EBF1CEAC0
:1004F000D15392EA0C0F93EA0C0F69D0A2EB0302DE
:1005000080EA010C49024FEA402037D04FF0805377
:1005100043EA111143EA10130CF000408B4238BF3C
:100520005B0042F17D024FF4000C8B4224BF5B1A4A
:1005300040EA0C00B3EB510F24BFA3EB510340EA98
:100540005C00B3EB910F24BFA3EB910340EA9C0046
:10055000B3EBD10F24BFA3EBD10340EADC001B01B6
:1005600018BF5FEA1C1CE0D1FD2A3FF650AF8B425A
:1005700040EBC25008BF20F0010070470CF0004C67
:100580004CEA50207F32C2BFD2F1FF0340EAC25092
:10059000704740F400004FF00003013A37E792F053
:1005A000000F00F0004C02BF400010F4000F013AB1
:1005B000F9D040EA0C0093F0000F01F0004C02BFAC
:1005C000490011F4000F013BF9D041EA0C0195E715
:1005D0000CEAD15392EA0C0F08D142027FF47DAFAE
:1005E00093EA0C0F7FF470AF084676E793EA0C0F9E
:1005F00004D14B023FF44CAF08466EE730F0004C9C
:1006000018BF31F0004CCAD130F000427FF45CAF2B
:1006100031F000437FF43CAF5FE700BF4FF0FF3C99
:1006200006E000BF4FF0010C02E000BF4FF0010CEC
:100630004DF804CD4FEA40024FEA41037FEA226CB5
:1006400018BF7FEA236C11D001B052EA530C18BFD7
:1006500090EA010F58BFB2EB030088BFC81738BF3C
:100660006FEAE17018BF40F0010070477FEA226C2A
:1006700002D15FEA402C05D17FEA236CE4D15FEA26
:10068000412CE1D05DF8040B704700BF844608465A
:100690006146FFE70FB5FFF7C9FF002848BF10F11B
:1006A000000F0FBD4DF808EDFFF7F4FF0CBF012060
:1006B00000205DF808FB00BF4DF808EDFFF7EAFFEA
:1006C00034BF012000205DF808FB00BF4DF808EDA5
:1006D000FFF7E0FF94BF012000205DF808FB00BF9A
:1006E0004DF808EDFFF7D2FF94BF012000205DF820
:1006F00008FB00BF4DF808EDFFF7C8FF34BF01202D
:1007000000205DF808FB00BF4FEA4002B2F1FE4F47
:100710000FD34FF09E03B3EB12620DD94FEA0023C3
:1007200043F0004310F0004F23FA02F018BF40429C
:1007300070474FF00000704712F1610F01D1420283
:1007400005D110F0004008BF6FF0004070474FF037
:100750000000704742000ED2B2F1FE4F0BD34FF0B3
:100760009E03B3EB126209D44FEA002343F0004327
:1007700023FA02F070474FF00000704712F1610F4A
:1007800001D1420202D14FF0FF3070474FF000001C
:10079000704700BF0022427082700122C2700222A4
:1007A000B1FA81F102710322490901704271704767
:1007B00043788B421FD0012941700AD0022910D002
:1007C000C1B90123C37002238170037103234371F4
:1007D0007047037843B1012383700223C370002361
:1007E000F3E70378002BF6D0022383700023C37055
:1007F0000123EAE7FEE770470B8882B0ADF80030CE
:100800004B880239ADF80230CB88ADF804300B8943
:10081000ADF80630431C053013F8012F0DF1080C1C
:100820000CEB420232F8082C834221F8022FF3D15C
:1008300002B0704708448078704738B54FF07F3376
:100840007F22C0F8A03000254FF6FF730446A0F8C1
:10085000A43080F8A62080F8A950A0F8AA30AC30C7
:1008600000F096FCA4F8B85038BD70B515460446A3
:100870001E46114600F022FC294604F1140000F047
:100880001DFC294604F1280000F018FC294604F15B
:100890003C0000F013FC294604F1500000F00EFC6F
:1008A000294604F1640000F009FC294604F17800AF
:1008B00000F004FC294604F18C0000F0FFFB04F179
:1008C000AC0032464FF4FA734FF4FA6100F046FC84
:1008D0002046BDE87040FFF7B0BF704700F0F5BBA1
:1008E000143000F0F2BB283000F0EFBB90F8A430D9
:1008F00013B990F9A000704790F9A100704790F8E3
:10090000A43013B990F9A200704790F9A300704782
:1009100010B5044606F072FF38B104F1140000F07F
:10092000D8FB012838BF0120C0B210BD10B5044665
:1009300006F064FF38B104F1500000F0CAFB012852
:1009400038BF0120C0B210BD4FF47A71AC3000F056
:1009500026BC0021AC3000F022BC08B5AC3000F061
:100960002FFCB0F57A7FA8BF4FF47A7020EAE070D0
:1009700008BD10B5044600F082FB04F1140000F03D
:100980007EFB04F1280000F07AFB04F13C0000F04B
:1009900076FB04F1500000F072FB04F1640000F0FB
:1009A0007AFB04F1780000F076FB94F8B93013B1CB
:1009B000013B84F8B93010BD7F2807D0002807DA42
:1009C00010F1800F06D04042C0B27047002070473F
:1009D000012070477F20704710B1404240B27047FD
:1009E0007F2070477F280FD010F1310F0EDA10F101
:1009F000780F0DDBFE23783040B258434623233076
:100A0000B0FBF3F0C0B27047FF207047FE20704784
:100A1000002070477F2805D031B1002806DA404217
:100A2000C0B27047FF207047FE207047002070471B
:100A30007F2811D010F1310F10DA10F1780F10DB90
:100A400040F2A963783040B2584346232330B0FBCC
:100A5000F3F0AC3080B270470020704740F2557020
:100A60007047AC20704763289FBF40F2A96358438A
:100A7000642332309DBFB0FBF3F0AC3080B240F263
:100A8000557070474FF4F063A0F58060584340F212
:100A9000FF7390FBF3F000F5787080B27047FFF7BA
:100AA000F1BF4FF49663A0F58060584340F2FF73A6
:100AB00090FBF3F000F2DC5080B27047A0F580604C
:100AC000D0EB001048BF033040F38F00704703287D
:100AD00012DD0C2812DD0F2812DD122812DD162877
:100AE00012DD192812DD1C2812DD1F2812DD212835
:100AF000CCBFFF20062070470020704701207047C0
:100B00000220704708207047032070470720704775
:100B1000042070470520704705289ABF014B185CD8
:100B2000FF207047F0AA00087F281ABF4042C0B2D9
:100B3000002070477F2811D010F1320F10DA884260
:100B400010DD6423401A5843C1F1FF2101F57F01F4
:100B5000CE31313090FBF1F0C0B27047FF207047CA
:100B60006420704700207047014B4840185C704774
:100B7000F8AA000852B110B4054C0A4411F8013B20
:100B800058408A42205CF9D110BC7047704700BFC2
:100B9000F8AA0008002805DB212805DC044B33F8FF
:100BA00010007047002070474FF4FA60704700BF94
:100BB00022AC0008392808D822280ED9094B23383E
:100BC000C0B2C34003F0010070475F2807D061380E
:100BD00019288CBF00200120704700207047012099
:100BE000704700BF01EC7F00F8B5024600245F2784
:100BF000451E461D15F8010FFF2804BF0134E4B25D
:100C0000FFF7D8FF00B92F70AE42F3D1062C04D104
:100C100019B10B6813608B88938000239371F8BD22
:100C20002DE9F843012500264FF02808DFF82C9025
:100C3000471E441D17F8011F084809F0B2FE03467D
:100C400010B1A0EB0903DBB2A3FB05329E19A7424A
:100C5000A5FB0853EED13046BDE8F883F8AB000899
:100C600010B54179A1F13000C3B2092B07D8052393
:100C7000B0FBF3F303EB8303C01AC0B210BD044C06
:100C8000204609F08EFE0028F1D0001BC0B2EEE72E
:100C9000F8AB000870B50446FFF75AFA02B200201C
:100CA000551E03B2AB4204EB030103DAE65C0130EC
:100CB000302EF6D0D21A2046BDE87040013209F03D
:100CC0003FBE0000432B28BF43232DE9F0470C46CD
:100CD00096B0154600211A469846074609F04AFE86
:100CE0000021412205A8049109F044FEDFF87C9020
:100CF000DFF87CA004EB4505AC4210D104A8FFF757
:100D000027FA28B1002200F158036B4403F8492C5C
:100D1000384604A909F088FE16B0BDE8F08747F60A
:100D2000FF7334F9020B9842E8D0002812DC5146D8
:100D3000684609F079FE04A8FFF70AFA06466846F5
:100D4000FFF706FA0644B045D6D3694604A809F071
:100D500019FED1E7694680B209F064FB6846FFF7E7
:100D600099FF4946684609F00DFEE4E7A7AA000886
:100D7000A2AA0008F0B589B06D4600242F468E1C4B
:100D8000E1B28A4204D83946FFF79CFF09B0F0BDB2
:100D900036F82410013425F8021BF1E742F21073F3
:100DA000B0FBF3F2642103FB1200B0FBF1F301FB93
:100DB000130000EB023000EB831080B2704742F268
:100DC0001071020B00F03F0301FB02336422C0F3F9
:100DD000851002FB0030704770B50E4600210546B5
:100DE000144609F0C7FD00239AB2944200D870BDA2
:100DF000F25C002AFBD0EA540133F5E7072914D846
:100E0000DFE801F00407090B0D0F11110849FFF786
:100E1000E3BF0849FBE70849F9E70849F7E708494C
:100E2000F5E70849F3E70849F1E70849EFE700BFAC
:100E3000ACAA0008B1AA0008B6AA0008BBAA00081C
:100E4000C0AA0008C5AA0008CAAA0008CFAA0008BC
:100E5000052911D8DFE801F00306080A0C0E07493E
:100E6000FFF7BABF0649FBE70649F9E70649F7E786
:100E70000649F5E70649F3E70649F1E7D1AA000874
:100E8000D6AA0008DBAA0008E0AA0008E5AA000824
:100E9000E9AA0008CFAA000870B50E461446002142
:100EA0000132054609F066FD00239AB2944200D84B
:100EB00070BDF25C002AFBD0EA540133F5E77D23D4
:100EC000438043F23903C360002309B2018081806B
:100ED000C38003727047000002680449044B01FBA1
:100EE000023323F000430360180C7047FD430300F6
:100EF000C39E2600F0B5002597B0016085800446AA
:100F000056222946684609F035FD0126627CAA4230
:100F100009D80023802104F1B400237417B0BDE880
:100F2000F04009F027BD2046FFF7D6FFE779002102
:100F30007B1B90FBF3F2EC4602FB13000A46C0B2A7
:100F4000CBB29F421CD80023227B9A42DED0A279EA
:100F50006119033A012A05D925B191F91120D2B9B5
:100F6000012BD3D98B74A26852F82310583304EBA9
:100F700085026B440135516303F8586CEDB2C5E747
:100F80001CF801EBBEF1000F03D18242DCD001322C
:100F9000D2B20131D4E7501E8342E3DB01329342E7
:100FA000E0DCB3E72DE9F047154696B0013D01605E
:100FB000027104464371EDB256220021684609F0E1
:100FC000D9FC022D98BF4FF003094FF0000794F8A9
:100FD00007808ABF4FF00109B8FBF9F800253E46AB
:100FE0004FF0010A627CB24209D80023802104F14B
:100FF000B400237416B0BDE8F04709F0BBBC20462E
:10100000FFF76AFFA8EB060390FBF3F2002102FB57
:101010001300EC460A46C0B2CBB2984506D91CF87C
:1010200001EBBEF1000F21D182421DD1434528BF03
:10103000434609FB0351227BC9B28A42D2D016B182
:10104000B7B9012BCED9A2199174A2681F4652F8E4
:10105000211004EB8602516303F158026A44013601
:1010600002F858ACF6B2BDE70132D2B20131D3E793
:101070007A1E9342E7DB7A1C9342E4DCB2E76421F8
:10108000D0E90123D31AC3604B43418A8260B3FB8A
:10109000F1F303747047D0E90123D31AC0E90223A6
:1010A000704743682BB16421C2684A43B2FBF3F234
:1010B000D3B203740023C3604360704700234182AE
:1010C000C0E90233436003747047436801334360EF
:1010D0007047007C704743680B44436070470000D2
:1010E000072800D9FEE7014B185C70478CAC00085C
:1010F000052800D9FEE7014B185C704794AC000846
:101100000023C0E90133C36003747047F0B5047C69
:101110000360012C11D94FF47A7744688568141B59
:101120007C43C6684D1B05FB16442B4494FBF3F32C
:101130003344C360C0E90121F0BD1CB90123C46080
:101140000374F7E74FF47A744368D31A63438468EF
:101150000C1B93FBF4F3C3600223F1E72DE9F0418C
:10116000044610461D4616468846FFF7AFF8074668
:1011700006EB0800FFF7AAF801463846FFF7B2F978
:10118000656020602846FFF7A5F8A060BDE8F08103
:1011900010B504464068FFF79DF8A06010BD38B553
:1011A000044685680846FFF795F82946FEF7DCFFF8
:1011B0002168FFF7E3F82946FEF7D8FFA06038BDA5
:1011C00008B54FF07C518068FEF7D0FFFFF79CFA1E
:1011D00008BD704770477047002070477047002077
:1011E000704700207047704700207047002070470C
:1011F000054B82B0DA690243DA61DB69034001938F
:10120000019B02B0704700BF00100240054B82B046
:101210009A6902439A619B6903400193019B02B062
:10122000704700BF0010024000F10C0353E8003F7C
:1012300023F0800300F10C0141E80032002AF3D1D1
:10124000704700000B4B0C4A1B6830B4A2FB032311
:101250009B0C00FB03F2094D02F5FA72A5FB02524A
:10126000074992094C684B681B1B9342FBD330BC67
:10127000704700BF1C00002083DE1B43D34D62106B
:10128000001000E00288044B5140C9B233F811301D
:1012900083EA12230380704714C500089AB110B482
:1012A000B0F800C0084C0A4411F8013B83EA0C0373
:1012B000DBB234F81330914283EA1C2CA0F800C052
:1012C000F2D110BC7047704714C500084FF6FF7389
:1012D00037B50446ADF806304518AC4203D1BDF829
:1012E000060003B030BD14F8011B0DF10600FFF736
:1012F000C9FFF2E708B51E20FFF7A4FF4FF48052A4
:10130000034B28205A61BDE80840FFF79BBF00BF90
:10131000000C014008B56420FFF794FF4FF48052A1
:10132000024B1A61BDE80840FFF78CBF000C01407A
:10133000044B1888044B80B21B889BB2C01A18BF9C
:1013400001207047EC280020EA2800200023044AEE
:101350001380044A1380044A1380044A13807047A0
:10136000EA280020EC280020EE2C0020F02C0020A1
:101370000120704700207047002070470278024B20
:1013800051405B5C03707047F8B00008FF230370A6
:10139000704700BF704770B50B78054603704B78F7
:1013A0000C4643700B78FD2B38D10A268B7883705E
:1013B000CB78C3700B7903714B7943718B7983714F
:1013C0008B68C3718B68C3F30F2303728B7A4372EC
:1013D000627804F10C01A81909F02EFB6378B4F8C7
:1013E0000C213344EA54B4F80C115A1C92B2090A85
:1013F000A954A278981CD20780B20ED504F5887241
:10140000054404F58E7452F8041BA24245F8041BEF
:10141000F9D112780F332A7098B270BD00238B7007
:101420000B79062683704B79C3708B7903718B68B7
:101430004371CDE72C2208B50021034809F09AFA40
:101440000022024B1A7008BD8C05002030030020DA
:101450002DE9F04113780446037092F80180FD2BCA
:101460000F46154680F8018054D10A269378837080
:10147000D378C3701379037153794371937983716E
:101480006B7A127A1B0403EB0223EA79134423F0EC
:101490007F43A268A91963F31702A26004F10C004C
:1014A000424609F0C9FA7A7B904507D208F10C0050
:1014B0000021A2EB0802204409F05CFA63781E4484
:1014C000AB195A78AB5D03EB0223A4F80C31A37877
:1014D000DB070ED50236B6B2354404F5887305F144
:1014E0000C0255F8041B954243F8041BF9D12A78E5
:1014F0001A70BB7A84F82131FB7A84F822313B7B65
:1015000084F823317B7B84F824313B7884F82031C4
:10151000BDE8F08100234380937806260371D378D9
:101520004371137983715379B3E7000070B50F4CA1
:101530000F4D0646062204F10A0105F58970FFF7F2
:10154000ABFC237CC3F30302C3F3031385F81A3106
:10155000637C85F81921C3F3030385F81B31637A93
:10156000DB0744BF0223337370BD00BFD51E0020CC
:10157000A800002070B504462420E27020702246A6
:101580005820BDF8145023711B0A63712B0AA170F7
:101590006070A57102F8073F049B59198B420CD16A
:1015A0006A1D92B2E11C0020FFF7E4FA05F108067B
:1015B000A05505F1090080B270BD13F8010B02F8C7
:1015C000010FEBE710B502780A4BD243D2B2447850
:1015D0009A5C90F802E062409A5C90F803C082EA5C
:1015E0000E029A5C017982EA0C029A5C4A40985C8D
:1015F00010BD00BFF8B00008F8B53C290446BDF89E
:101600001C5036D0A1F12106714271414900D0072A
:1016100048BF41F0080192074FF0240222704FF0BA
:101620006F02E3704FEA132348BF41F010012371AA
:10163000A61C2B0A6270A170A37130466571FFF77A
:10164000C1FF2246069B02F8070F59198B4212D19F
:10165000A91D304689B2FFF739FE05F1080705F1EB
:101660000903E0559BB2000AE05405F10A0080B27C
:10167000F8BD0121CBE713F8010B02F8010FE5E7F4
:101680006FF02002084B1A605B68084A02F60C03F0
:1016900053E8003F43F0200302F60C0040E800311D
:1016A0000029F3D1704700BF0038014000300140ED
:1016B00050294FEA10122CD018D830292CD00DD830
:1016C00010292CD041F6786343F6F040202908BF5A
:1016D000034617489040B0FBF3F0704741F678633B
:1016E00047F61220402908BF0346F2E7802919D0A7
:1016F00008D8602918D041F678630E48702908BFD1
:101700000346E6E741F678630B48902908BF034695
:10171000DFE74AF2E423DCE745F24013D9E742F67B
:10172000A003D6E7054BD4E74FF22443D1E700BF2F
:1017300040420F0048E8010020A1070090D00300BC
:101740002DE9F04F0C4651880546B1F58C7F85B0E8
:1017500011D300211170D91CC9B2012995BF0121F3
:101760000023518053809CBF2370117000232B7085
:1017700005B0BDE8F08F10780E2800F28B8001A62E
:1017800056F820F057170008C1170008E91700089D
:101790000318000895180008951800089518000807
:1017A0009518000895180008951800089518000865
:1017B00095180008951800089518000815180008D5
:1017C000481C5080635421789BB2FD2906D10C330C
:1017D0000A21D380022391801370C7E706210833C2
:1017E000D38091800E23F7E7481C5080D8076354BC
:1017F00042BFD1880D31D180012B8CBF0023032340
:10180000EAE7002B01F101005080635414BF00236C
:101810000E23E1E7481C508063545388D1888B42E3
:1018200032D3002353801370022369802B702378F6
:10183000FD2B35D163792B72A3796B72637A227A8F
:101840001B0403EB0223E27913446B60637803F11A
:101850000C026A80A278D10701D519336B8000266B
:1018600040F285120C206968DFF8E8806E81B318B9
:1018700001335B0800FB03F758F80770B94218D230
:101880005A1EB242F3D816E092889A423FF66EAFE3
:1018900001236CE70023137053809380D38066E7A5
:1018A000E3782B7223796B7263796B60637808330A
:1018B000D4E71E46E5D80C27774358F807309942FD
:1018C00027D123782046FD2B0CBF4FF00A094FF09B
:1018D000060910F801BF474409EB0B03591E89B2F2
:1018E0000193FFF7F3FC97F804A0ADF80E00514602
:1018F0000DF10E00FFF7C6FC019BE2185278E35C85
:1019000003EB0223BDF80E209BB29A4203D00523BD
:101910002DE703232BE7BB79DA0706D5FA79934540
:1019200082BF04EB09018A5CAA729B0709D50C23CC
:1019300003FB068362781B7A9A4282BF4C44E35CC5
:10194000EB720C2303FB06835B7985F80CA06B73A9
:101950000EE700BFF8B10008F0B5FD2305460446C8
:1019600085B005F80C3B8DF8043090F8243103F174
:101970000C020244012B42D80026637066808DF869
:1019800005308B7A0DF1050023718DF808308B7AC4
:10199000ADF8066001338B72637909218DF8093047
:1019A000A3798DF80A30A368C3F317031A128DF8D0
:1019B0000B301B148DF80D308DF80C20FFF786FCD2
:1019C000677829463A46ADF802000DF10200FFF7AC
:1019D00065FC94F82311FFF755FC94F82421BDF819
:1019E00002309742A4F80C3110D2314607F10C00B6
:1019F000D21B204405B0BDE8F04008F0BBBF12F890
:101A0000010D0028B8D1013BDBB2B3E705B0F0BD52
:101A100007B503688DF8071001221B690DF1070156
:101A2000984703B05DF804FB70B5044608460D46C0
:101A3000FEF78EFB2368294682B21B692046BDE86B
:101A4000704018470120FFF7E1BB00000D4B9842A2
:101A500002D10420FFF7DABB0B4B984205D003F507
:101A60008063984203D11020F4E70820F2E7074B87
:101A7000984201D12020EDE7054B984200D07047F5
:101A80004020E7E700080140000C0140001401403D
:101A9000001801400B4B984203D14FF40060FFF750
:101AA000B5BBB0F1804F04D0074B984204D102205F
:101AB00000E00120FFF79CBB044B984201D10420B9
:101AC000F8E77047002C0140000400400008004087
:101AD0002DE9F0410C46154686B00746102200213C
:101AE00002A81E469DF8348008F044FF01940B2D97
:101AF00007D8DFE805F00E0E070A141414161616A0
:101B00001B1DFEE70823029303E008230293012331
:101B10000593032E0ED8DFE806F01E200E1E0123CB
:101B2000F1E70123029304230493F2E70923EAE790
:101B30000923F7E7FEE701230393B8F1000F02D072
:101B40003846FFF783FF053D042D0BD8DFE805F08D
:101B500007110A0711000323EEE70223ECE7C4F3A1
:101B60000F247C61384601A908F044F906B0BDE8AD
:101B7000F081C4F30F243C61F4E713B54FF0010C7E
:101B80000024CDE9004CFFF7A3FF02B010BD000018
:101B900030B50023154687B00446ADF80630FFF790
:101BA00079FF042D04D8DFE805F02A2E04323B002B
:101BB000FEE71C4B1C4A1B68B3FBF2F39BB20022EE
:101BC000013BCDE90221204601A9ADF80430049281
:101BD000059208F073FA236823F080032360A3685A
:101BE00023F4804323F00703A360636823F07003AA
:101BF0006360A36823F08003A36007B030BD094B86
:101C00000A4A1B68D8E7074B094A1B68D4E7054B0B
:101C1000064A1B68B3FBF2F303EB83035B00CDE7DB
:101C20000123CCE71C00002080A8120140420F00D5
:101C300000127A0010B50446FFF7AAFF236843F0AC
:101C40000103236010BD00224FF0FF31FFF7F2BF08
:101C50001F4B10B55B681F4C236007F071F91E48DD
:101C600008F078F81D4808F075F81D4808F072F87B
:101C70001C4808F023FB1C4808F020FB1B4808F018
:101C80001DFB1B4808F0CAF908F038F94FF0E022B4
:101C9000002318491361536193614A6822F00302DB
:101CA0004A6072B64FF0FF319A0002F16042013390
:101CB00002F56142082BC2F88010C2F88011F3D1FE
:101CC00062B6034B1B6883F3088823689847FEE7D6
:101CD00000F0FF1F2C03002000080140000C014011
:101CE000001001400038014000440040004800401E
:101CF00000300140001002400749084A881AEFF3FB
:101D00000883521A1A44013A013B984288BF0022C4
:101D1000AA2108F02FBE00BF0050002000040000E0
:101D200010B50E4C032306220D490E48FFF725FF80
:101D30002046032302220C49FFF71FFF032305223D
:101D400040F608010948FFF718FF2046BDE810409B
:101D50000323052244F24001FFF70FBF00080140B2
:101D6000400040040010014080008004000C01404D
:101D70000822034B5A614022A3F580631A61704721
:101D8000000C01404022034B5A610822C3F8102482
:101D9000704700BF00080140104A4FF4704153697A
:101DA00023F4704391FAA1F153610D4B5A6822F468
:101DB00000425A601A6822F400421A60DA6822F47B
:101DC0000042DA609A6842F400429A60D022054BE1
:101DD00083F828234FF480725A6070470000014056
:101DE0000004014000E100E04FF40042034B5A615F
:101DF0001A6842F400421A60704700BF00040140B4
:101E000010B5054C0023062242F220012046FFF7C0
:101E1000B4FE2023236110BD0008014000230322EB
:101E200001490248FFF7A9BE010001040008014072
:101E3000024B9868C043C0F300207047000801407F
:101E400010B50A4C0023052220460949FFF795FEEC
:101E50000023052220460749FFF78FFE4FF48053E9
:101E600063614FF40063636110BD00BF000801406F
:101E700010001004080008040549CB681A04DB436D
:101E800002F0805203F4805313430B61704700BF8C
:101E9000000801400549CB681A04DB4302F00062E8
:101EA00003F4006313430B61704700BF0008014057
:101EB00010B5054C0023052220460449FFF75DFEBE
:101EC0004FF40073636110BD000C01400200020476
:101ED0004FF40072024B1628CCBF1A615A6170474A
:101EE000000C014073B504461C2C0E46184628DC35
:101EF000192C2ADC162C2CDC122C2EDC0F2C30DCBE
:101F00000C2C32DC062CB5BF03250A2564244FF4C3
:101F1000347440F6E443C4EB0424B4FBF3F41570CA
:101F2000C4F30B138DF80430036824018DF80540C9
:101F30000C215C6801AA0223A0470023337002B081
:101F400070BD1E2540F6CA04E3E71B2540F2C264BB
:101F5000DFE7182540F2C354DBE7142540F2AB4419
:101F6000D7E711254FF47A74D3E70E2540F26B348E
:101F7000CFE70000084611461A46014BFFF7B2BFF3
:101F8000700300200C4BD3F8FC2022F08072C3F8C1
:101F9000FC20D3F8FC2042F08072C3F8FC20A3F5AB
:101FA0005D431A6822F001021A601A6842F00102C9
:101FB0001A6000225A60704700ED00E0064B074AA5
:101FC0001B680749B3FBF2F3434310B54C684A68FA
:101FD000121B9A42FBD310BD1C00002040420F0090
:101FE000001000E02DE9F84381464CF250300E46D7
:101FF00017461D4607F08AF888BBB9F1010F06D0D5
:10200000B9F1020F0CBF4FF002094FF004094FF075
:102010000008144A136943F0010313614FEA0814DE
:10202000C4F12002A4F1200305FA02F227FA04F415
:10203000144325FA03F31C43A4B24CF2503026F8A3
:10204000184007F063F828B908F101085FFA88F32F
:102050009945E3D8034A136923F001031361BDE8EE
:10206000F88300BF002002407FB501230022CDE9A4
:10207000040301A902A8CDE9022307F083F8002890
:102080000CBF0420052007B05DF804FB0A4608B524
:10209000014600230220FFF7A5FF00280CBF042003
:1020A000052008BD08B5FFF7DFFF031F5842584160
:1020B00008BD08B5FFF7EAFF031F5842584108BDA5
:1020C0002DE9F047264B274D01280FBF7D267C26A2
:1020D000AA461D460F4614462349244A06BF894690
:1020E0009A46914606F0F6FF31462846FFF7DAFF9A
:1020F00028B9002407F000F82046BDE8F087002F3B
:1021000008BF4FF478744FF000080334C4F38F0411
:1021100005F11006AAEB050A1FFA88F39C4209D8BC
:102120004FF011312846FFF7C4FF041E18BF0124E9
:10213000A400DFE73FB95AF806104B1C06D108F19E
:1021400001080436E8E757F82810F6E74E4505D2AF
:102150003046FFF7AEFF0028F1D1CAE70324C9E7F4
:1021600000F0010800F40108FFF70108FFF301087F
:1021700010B506F0AFFF7C210848FFF793FF044637
:1021800038B17D210648FFF78DFF041E18BF0124DA
:10219000A40006F0B1FF204610BD00BF00F001080A
:1021A00000F4010830B5002340F2EF34064D9AB236
:1021B000914201D8042030BDA34203D05A5DC254DD
:1021C0000133F4E70320F6E710F0010838B50446C0
:1021D0000D4672B60A4601460020FFF771FF62B64F
:1021E000042806D172B601202A462146FFF768FF6F
:1021F00062B638BD38B5124B1C68D3F80054B4F140
:10220000113F09D1B5F1113F17D00022012011462D
:10221000BDE83840FFF754BFB5F1113F03D10022AC
:1022200011461046F4E7FFF7A3FF042804D12C4021
:1022300001340CBF0220012038BD0420FCE700BFA0
:1022400000F00108034B18739A68D207FCD5187B7D
:10225000704700BF0038004038B5441E8D18A942B1
:1022600000D138BD14F8010FFFF7ECFF01F8010BA6
:10227000F5E7084611461A46FFF7EEBF38B50446A3
:10228000054D0144A14200D138BD2878FFF7DAFF9F
:1022900004F8010BF6E700BF1000002008461146C5
:1022A000FFF7ECBF10B5044601448C4200D110BDCD
:1022B00014F8010BFFF7C6FFF7E708461146FFF7D2
:1022C000F1BF000070B58CB0294C2822002102A873
:1022D00008F050FBFFF7B6FB4FF48040FEF788FF95
:1022E0002449204603230622FFF747FC0625012642
:1022F0004FF48053204623610A2203231E49CDE96F
:102300000056FFF7E5FB204603230A221B49CDE9CF
:102310000056FFF7DDFB032320461A461849CDE996
:102320000056FFF7D5FB0822002308924FF4827273
:10233000CDE90533CDE909330293039204934FF4B9
:1023400000720723A4F55444204602A90B93079278
:1023500007F088FE236843F040032360A3689B07CF
:10236000FCD5FF22237B074B1A700CB070BD00BF59
:10237000000C0140100010042000200480008004A4
:1023800040004004100000201C4B10B41A68940652
:1023900011D5D96888060ED5194C1A485968238872
:1023A00000880133C3F30A0380B298421FBF164866
:1023B000C9B2C1542380110744BF104B5B68120699
:1023C00016D50E48C3681B0612D5104B104A198843
:1023D000138889B29BB299420CD013880133C3F39E
:1023E0000903138013880B4A9BB2D35CDBB24360B2
:1023F00010BC704710BCFEF717BF00BF003801408B
:10240000EC280020EA280020EA200020F02C002000
:10241000EE2C0020EE2800200E490F4A0B8812886F
:102420000133C3F3090392B29A4211D00B4AD0543C
:102430000B4A0B8002F60C0353E8003F43F0800385
:1024400002F60C0040E800310029F3D1012070476A
:1024500000207047F02C0020EE2C0020EE280020F9
:102460000030014038B504464518AC4200D138BDB3
:1024700014F8010BFFF7D0FFF7E708461146FFF706
:10248000F1BF0000054B064A1B8810880133C3F3D7
:10249000090380B2181A18BF01207047F02C0020E1
:1024A000EE2C002008B5FFF7EDFFB0FA80F04009F0
:1024B00008BD0000054B064A1B8812889B1A98B27B
:1024C0001B0444BF00F5006080B27047EC28002078
:1024D000EA280020FFF7EEBF0848094A0188138860
:1024E00089B29BB29942F9D013880133C3F30A032E
:1024F00013801388034A9BB2D05C7047EC280020FD
:10250000EA280020EA200020FFF7E6BF002300B5FC
:1025100089B0CDE90633CB1A18BF01231B03CDE9DF
:1025200002320C2301900491034801A9059307F09E
:10253000F7FE09B05DF804FB0038014010B5064C09
:10254000E36823F40053E360FFF7E0FFE36843F43C
:102550000053E36010BD00BF003801400022084670
:102560001146FFF7EBBF000073B53A4C0825E3684E
:10257000012623F40053E360FFF764FA4FF4804030
:10258000FEF744FE00F1804003230A22CDE9005605
:10259000314900F54840FFF79BFA0323CDE9005687
:1025A0001A462E492E48FFF793FA00224FF4614055
:1025B0001146FFF7ABFFB022236923F49043236158
:1025C000636923F02A036361264B83F825232022C5
:1025D0005A602046FEF728FE234A02F60C0353E811
:1025E000003F23F0400302F60C0040E800310029D0
:1025F000F3D16FF0400323601C4B19801C4B1980F2
:1026000002F60C0353E8003F23F0200302F60C000F
:1026100040E800310029F3D16FF020020D4B1A6021
:10262000144A1180144A11801A6922F400621A6156
:102630005A6922F008025A611A6922F480421A612A
:102640005A6922F022025A61DA6842F40052DA60D2
:1026500002B070BD0038014002000204040004040E
:102660000008014000E100E000300140EE2C0020B5
:10267000F02C0020EA280020EC28002008B5FFF705
:1026800073FFBDE80840FEF7FBBFFFF7F7BF000090
:102690007FB500250126044644F24001FFF7D2F938
:1026A00002230B220F48CDE90056FFF711FA02234F
:1026B0000B2248F28001CDE900560A48FFF708FADC
:1026C0002268094B9A420AD103F5DE33DA6942F4F3
:1026D0000012DA61DB6903F400130393039B04B077
:1026E00070BD00BF000C0140005400400848094B79
:1026F0004FF4804203600023C0E90332064AC0E978
:102700000533C0E90733C0E9012306F07FBE00BFEF
:10271000BC05002000540040801A060013B50B468B
:10272000054902460C784FF0FF31044800916100E2
:1027300006F014FF02B010BD10060020BC050020FA
:10274000007920B50D46194638B1044B10461D706E
:10275000FFF7E4FFB0FA80F0400920BD100600202A
:10276000044B0A22197804484FF0FF33490006F061
:10277000CDBF00BF10060020BC05002008B5FFF744
:10278000B5FF0022014B1A7008BD00BF10060020E3
:1027900010B50446FFF7F2FF0C22044B1A70FFF746
:1027A000DFFFB0FA80F35B09237110BD1006002033
:1027B000024B1A68024B1A60704700BFF42C0020CD
:1027C0007C030020054A064B1968136899421DBF17
:1027D0000133012013600020704700BF7C030020FC
:1027E000F42C0020034A044B11681B780B4413603F
:1027F000704700BFF42C0020200000200148FFF7A4
:1028000022BA00BF00040040014B586A80B27047F2
:102810000004004008B5FFF7F1FFBDE80840FFF7EE
:10282000C7BF2DE9F041164605468846002706F049
:1028300051FCB6B2BBB29E4201D804240DE058F858
:1028400027102B688B4202D104350137F2E7284666
:10285000FFF72FFC04460028F6D106F04DFC204679
:10286000BDE8F081037807B56BB1084B1B68B3F581
:10287000FA6F08D300230222037069464068CDE94D
:102880000033FFF7CEFF03B05DF804FBF42C00200B
:10289000012337B52C4A038004462C4B2C48D3E93E
:1028A0000051914208BF85424FF0000202D12270D0
:1028B00003B030BD22A1D1E90001C3E900012548E0
:1028C00025496260D0E900325D1C03D0B3F1AA3F14
:1028D00000D023B9551C0CD0B2F1AA3F09D0083062
:1028E0008842EFD172B67E211A48FFF7DBFB62B651
:1028F0001848606003684268591C009304D1551C55
:102900001BD14FF0AA3311E0B3F1AA3F06D1511CFD
:102910000BD0B2F1AA3F10D1002307E06BB9B2F19E
:10292000AA3F0AD14FF4807222801A46CDE90032C4
:1029300069460222FFF775FFBAE700232370F4E728
:1029400012345678FEDCBA90FEDCBA90000000200B
:102950001234567800F8010800FC01084FF080435B
:102960001A6991070AD56FF002021A615A6B643234
:10297000DA63084A596B12880A445A634FF080435D
:102980001A69120705D56FF008021A610122024B7D
:102990001A70704744000020790300200A490B8810
:1029A00003B9FEE772B64FF0804309885A6A1144B2
:1029B00064325963DA636FF002021A616FF0080241
:1029C0001A6162B6704700BF4400002000B50322C0
:1029D00089B04FF0FF314FF08040FFF72BF92022F4
:1029E0000021684607F0C6FF64236A4601214FF0C4
:1029F0008040039307F09AFBC8236A464FF4807126
:102A00004FF08040039307F091FBA022044B83F822
:102A10001C234FF080521A6009B05DF804FB00BF20
:102A200000E100E04FF08043DA6842F00202DA6031
:102A3000DA6842F00802DA607047000010B5002240
:102A4000044601EB8101074B01EB810189001980EC
:102A5000054B1A70FFF7BAFF2046BDE81040FFF79C
:102A6000E1BF00BF44000020790300202DE9F041C0
:102A70001E4CC4220021201D07F07CFF20230626C7
:102A800063800F23DFF8688032464146A380A01997
:102A900043232680FEF76EF90123C4E913333F2355
:102AA0000025022732464146A4F8583004F15A0066
:102AB0004323A4F84A706565FEF75CF94FF00113F3
:102AC0000C4904F1B000C4F8A030C4E92A55A4F8B8
:102AD0009E7084F8A45007F0A7FF7F2384F8C530C8
:102AE000052384F8C630BDE8F08100BF64020020F1
:102AF000B4B00008E4AC000870B5094E05460C46B9
:102B0000415C304607F04DFF034628B1831B01337B
:102B1000DBB2282B28BF0023F35C2B5570BD00BF10
:102B2000CCB0000870B50C461146064607F07CFF95
:102B300044B10025052130460135FFF7DDFFEBB23A
:102B40009C42F7D870BD0000F7B5054605F11106A7
:102B50001F4C01461F4A68463601FFF7E3FFB01CD1
:102B60006946204407F060FF0227002304EB0512AA
:102B700026447772A2F81A3114224FF0011102FB99
:102B800005400165A1F1FF210122416540F20111DB
:102B9000A0F84A20C264A0F858104FF48070A062D8
:102BA0004FF4007084F83430E284A08584F82E203D
:102BB00084F8307084F83330C4F83A30C4F83E30CA
:102BC000C4F84230A4F84610A4F8481003B0F0BD91
:102BD000A80000209AAC00082DE9F341054605F154
:102BE0001107A44AA44C4FEA07180E46014668464E
:102BF000FFF798FF08F1020069462044A044FDF762
:102C0000F3FF98F8093004EB0710072B84BF022369
:102C100088F80930994B427A198841FA02F2D207B2
:102C200010D40222427269B14807C1F3800209D46C
:102C300041FA02FC1CF0010FD0B200F0A68104EBB7
:102C40000712507204EB051292F81A112801052997
:102C500002D9002182F81A1104EB000C59889CF863
:102C60001A2141FA02F2D20713D405228CF81A2154
:102C700079B111F0200FC1F340120AD141FA02FEDE
:102C80001EF0010F5FFA82FC00F08481221882F8A6
:102C90001AC1221892F81B11032902D9002182F8C7
:102CA0001B1104EB07177A7A012A03D9042A01D0F1
:102CB00000229A802718998897F81B2141FA02F27E
:102CC00012F001020FD187F81B2161B111F001024E
:102CD00009D141FA02FC1CF0010FD7B200F05F816C
:102CE000221882F81B71002E40F09F81142202FBF3
:102CF000054191F84A60052E02D9012681F84A6003
:102D000002FB054292F84B10042902D9002182F8F7
:102D10004B10142202FB0542B3F84A1092F84B60A4
:102D200041FA06F6F60712D4012682F84B6071B11B
:102D30008E07C1F340020AD441FA02F7FF07D6B268
:102D400040F13281142202FB054282F84B601422CA
:102D500002FB054292F84C10032902D9012182F8A6
:102D60004C10142606FB0546B3F84C1096F84C2080
:102D700041FA02F212F0010210D186F84C2069B13A
:102D800011F001020AD141FA02F7FF07D6B240F171
:102D90001081142202FB054282F84C60142202FBCF
:102DA000054292F84E10012902D9002182F84E10F6
:102DB000142606FB0546B3F84E1096F84E2041FA4D
:102DC00002F212F0010210D186F84E2069B111F022
:102DD00001020AD141FA02F7FF07D6B240F1EE80B4
:102DE000142202FB054282F84E60142202FB0542C7
:102DF00092F84F10042902D9002182F84F101426AE
:102E000006FB0546B3F8502096F84F1042FA01F140
:102E100011F0010110D186F84F106AB112F00101D2
:102E20000AD142FA01F7FF07CEB240F1CC8014215B
:102E300001FB054181F84F60142101FB054191F828
:102E40005160032E02D9002681F85160142707FB38
:102E50000547B3F8526097F8511046FA01F111F0A6
:102E6000010119D187F85110B6B116F0010113D143
:102E700006E000BF9AAC0008A80000206402002011
:102E800046FA01FC1CF0010FCFB200F0A180142122
:102E900001FB054181F85170142101FB054696F8AC
:102EA0005070022F02D9012786F8507001FB0541AE
:102EB00091F85460022E02D9012681F85460142141
:102EC00001FB054696F84D70022F02D9002786F8BF
:102ED0004D7001FB054191F85260012E02D9012687
:102EE00081F85260142101FB054696F85570012FB8
:102EF00002D9012786F8557001FB054191F853600E
:102F0000022E02D9002681F85360142707FB0547DB
:102F1000B3F8566097F8531046FA01F111F0010129
:102F200010D187F853106EB116F001010AD146FA9C
:102F300001FC1CF0010FCFB24FD0142101FB054161
:102F400081F85370142101FB054696F856700C2F3A
:102F500002D9002786F8567001FB054191F84C60B4
:102F6000012E08D191F84F60042E04D1D70738D52F
:102F7000002281F84F20142202FB054292F84F10E4
:102F8000A1BB92F85120012A35E00132102A7FF4CA
:102F90004FAE57E60132102A7FF470AE79E6013267
:102FA000102A7FF496AE9EE60132102A7FF4C4AE5A
:102FB000CDE60132102A7FF4E6AEEFE60132102AA8
:102FC0007FF408AF11E7013110297FF42AAF33E70E
:102FD000013110297FF454AF5EE701311029A6D1E9
:102FE000B0E712F0040218BF0222C2E701290AD199
:102FF00092F85120022A01BF1422002102FB05424F
:1030000082F8511007E0022903D192F85120032AD7
:10301000F1E70329B5D01422012102FB054282F811
:10302000571040F20111A2F8581094F82620052AF2
:1030300002D9012284F8262094F82720042A02D9F4
:10304000002284F82720B3F89E1094F8272041FA34
:1030500002F2D7070ED4012284F8272051B18E073F
:10306000C1F3400206D441FA02F7FF07D6B244D5B5
:1030700084F8276094F82820022A02D9002284F8D4
:10308000282094F82920022A02D9012284F8292034
:10309000B3F8A01094F8292041FA02F212F00102CC
:1030A0000CD184F8292049B111F0010206D141FA6E
:1030B00002F7FF07D6B224D584F8296094F82A20B5
:1030C0000C2A02D9002284F82A2094F832200C2AF3
:1030D00002D9002284F8322094F82B20042A02D945
:1030E000002284F82B2000221646474911F9017F5F
:1030F00017F1780F09DA0E7009E00132102AB2D107
:10310000B8E70132102AD2D1D8E7782FF3DC0132A8
:10311000D2B20C2AEAD1002201263C4911F8017FE3
:103120000132022FD2B288BF0E70042AF6D194F871
:103130003420022A02D9002284F83420B3F8A220D5
:1031400094F8343042FA03F313F001030CD184F8FD
:1031500034304AB112F0010306D142FA03F6F60701
:10316000D9B211D584F8341094F82C30022B02D93E
:10317000002384F82C3094F82D30032B08D80AD182
:10318000002384F8343006E00133102BE5D1EBE75F
:10319000022384F82D3094F82E30022B02D901231B
:1031A00084F82E3094F83030022B02D9022384F8B0
:1031B000303094F833300C2B02D9002384F83330AC
:1031C00094F83530042B02D9002384F835304FF6BB
:1031D000FF71FF220E4B1844A0F82011142183F830
:1031E0002F2083F831204FF0FF3201FB0531C0F86A
:1031F0001C211A629A84A1F85A20A1F85C20DA8670
:103200001A8702B0BDE8F081E1000020ED00002047
:10321000A80000200021FFF7DFBC0000034670B5C6
:103220000846052B04D8DFE803F01D0421191D21F1
:10323000FEE720261F250F22164C22770122A370BD
:10324000013BA4F84C60A4F84E50A276A273042B64
:1032500011D8DFE803F00F111919110009266F25A5
:103260000722E9E7142632250A22E5E73526132549
:103270001922E1E7FEE7FEE7002323712374FDF73F
:103280002FFF6073607670BD002323712374A376D3
:10329000A373F4E7480000200122044B83F8552073
:1032A000A3F85620A3F85820704700BF480000201C
:1032B0002DE9F043714D00F1110805EB08170237B5
:1032C0008BB006463846FDF7ABFC042100906846FB
:1032D000FDF7FCFF4FEA061905EB0616684C96F859
:1032E0001B31E0832BB103EB031303EB03231844DF
:1032F000E08305EB08135B7A062B40F0B380E38B89
:1033000003F5B5432533E38395F8270005EB08184B
:10331000FFF7C2FF98F80910A9448B1F012B8CBF3F
:103320000023012399F81A01617084F85A30FFF7DD
:1033300075FFE18B009B99F81B21E1806182A360FE
:1033400063612AB14FF0113000FB0233A360636167
:1033500095F826004B4B616213F9203084F8292040
:1033600023732376002384F82A30637B23B93846FD
:10337000FDF776FC84F82A006078FDF7B1FE424A3A
:103380000346128884F8280002F00101970748BF1D
:1033900041F00201A185560748BFA18D01AE44BF8F
:1033A00041F00401A185100742BFA18D41F0100139
:1033B000A185D10642BFA18D41F02001A1859206D1
:1033C00042BFA28D42F00802A285304A02F1200CD1
:1033D000374610685168083203C762453E46F7D148
:1033E000062110682A4E38600AA801FB0303A27860
:1033F000134413F8247C84F8207016E90F0086E843
:103400000F0040F2E2433846A4F85030FCF762FF68
:103410004FF07F51FCF7B2FFFDF79CF94FF47A7340
:10342000B4F84C207F08B3FBF2F3052F38BF052713
:10343000A4F8403095F82C30C0B2012BA4F852000B
:1034400084F8547016D0022B14BF4FF461434FF42C
:1034500061336364002384F85B30A4F85C300BB004
:10346000BDE8F083072B7FF44FAFE38BA3F5B543A3
:10347000263B48E74FF4E133EBE700BFA80000200C
:1034800048000020B4B00008640200206CAA0008C4
:10349000780000204FF4DE72FF21014807F06ABA7D
:1034A000A80000204FF4DE710148FEF78FBE00BF78
:1034B000A80000204FF4DE710148FEF773BE00BF84
:1034C000A800002008B5FFF7F5FF034B1878BDE80A
:1034D0000840FFF79FBE00BF48000020F8B5FFF787
:1034E000D9FFFEF787FE04280CD0FFF7D3FFFEF7C5
:1034F00081FE042803D1FFF7DDFF042806D0FFF783
:10350000C9FF03E0FFF7D6FF0428EED11022464999
:10351000464807F053FA454C38B11022204644493A
:1035200007F04CFA08B1FFF7B5FF42F6A102A38AF3
:10353000934266D042F6A002934258D80021022559
:1035400004260F460120394B93F84F20012A1ED044
:10355000022A1FD00ABB93F85020042A20D0052A43
:1035600020D0033A18BF012201310A2983F85020E4
:1035700083F8540003F11403E6D194F82C30042BA3
:1035800012D0052B31D0002384F82C300EE083F8C4
:103590004F50E0E783F84F60DDE783F84F70DAE7DC
:1035A0000122E1E70222DFE784F82C0042F6A103C2
:1035B0000125A38242F6A20322691B499A421B48B5
:1035C0004FF010021CBF0125236107F0F7F9D0B1BD
:1035D000102215491548FDF7FFFB0822154916482A
:1035E000FDF7FAFBFFF75EFF0FE00223CCE70025B3
:1035F000E8B20135FFF7A8FA0A2DF9D10023E377E5
:10360000D4E70025D6E7002DECD10023E3770B4C5F
:103610002370FFF72BFA2078FFF7FCFD2078BDE838
:10362000F840FFF745BE00BFA1AC0008A80000208D
:10363000B2AC0008C3AC00085A02002048000020C9
:1036400037B50C4605468B784A78097807F047F875
:10365000E37928460193A3792279E178009363798D
:1036600007F06DF861782078FEF722F8A86103B0C2
:1036700030BDC36837B50446A3B1024652F8153BC6
:103680005D6900F11603A84732233F220B21204633
:1036900006F07BFF09237022009380212046637D82
:1036A00007F0ABF803B030BD4B7A73B5043B012B88
:1036B0008CBF002301230446DB00C160037506F0C4
:1036C00095FF237D0DF1070263F07F038DF807302E
:1036D00001232046194606F00DFF204606F08CFF18
:1036E000E3681D4E1B78227D06EB03135D782046B0
:1036F000294606F09EFF2946204606F0AFFF03222A
:103700002021204606F08FFF04230C22262120468C
:1037100006F03BFFE368204693F90810FFF7A9FF86
:10372000E3681D7805B1FEE7314620462661FFF7C4
:1037300087FF2A462946204606F0C4FF20462B462E
:10374000C022C82107F027F8FF21204602B0BDE8BB
:10375000704007F03DB800BF14C7000810B504461C
:1037600006F04AFF2046BDE81040FF2107F030B8C0
:1037700038B504460368C1685D6991F9081000F125
:10378000160300F11502A847E3681B7803B1FEE7B2
:10379000034B902160202361FDF78AFFA06138BDB3
:1037A00014C70008C36810B504463BB103690BB9E0
:1037B000FFF7DEFF2369B3F90C0010BD1846FCE7E4
:1037C000C36810B5044633B103690BB9FFF7D0FFE6
:1037D00094F9160010BD1846FCE708B5C36843B954
:1037E000FFF762FF7D20FEF7E9FBBDE80840FEF72A
:1037F000FBBA08BD90F8D43053B190F8D520074BF0
:1038000003EBC201497953F8323053F82100704775
:10381000037C00EB8300406B704700BF84B000085E
:1038200013B5194B0288DB8B04469A4227D1837863
:1038300013F0D00F25D18379812B22D84FF6FF7357
:103840000D2201460DF10600ADF80630FDF726FD0C
:10385000B4F80D20BDF806309A420ED14C2204F186
:103860000D01FDF71BFDB4F85900BDF80630C01A74
:1038700018BF0120800002B010BD0320FBE701202B
:10388000F9E70220F7E700BF480000200A7ACB7969
:1038900002F0070243EA022303804B7A0A7A03F01C
:1038A0003F035B0143EAD20343808B7A4A7A9B0051
:1038B00043EA9213CA7A02F0010243EA8223838028
:1038C0000B7BCA7A03F00F03DB0143EA5203C38088
:1038D0000B7BC3F30112012A11D813F0300F14BF70
:1038E000012300239B0203830B7B7F2B0AD813F059
:1038F000C00F14BF012300239B024383704740F293
:10390000FF73F0E740F2FF73F7E70A7ACB7902F032
:10391000070243EA022303804B7A0A7A03F03F034B
:103920005B0143EAD20343808B7A4A7A9B0043EAE5
:103930009213CA7A02F0010243EA822383800B7B4E
:10394000CA7A03F00F03DB0143EA5203C3800A7C07
:10395000CB7B02F0070243EA022303814B7C0A7C03
:1039600003F03F035B0143EAD20343818B7C4A7C33
:103970009B0043EA9213CA7C02F0010243EA8223CD
:1039800083810B7DCA7C03F00F03DB0143EA520302
:10399000C3814B7DDB0003828B7DDB004382CB7DCB
:1039A000DB0083820B7EDB00C3820B7BC3F301123F
:1039B000012A2BD813F0300F14BF012300239B02E0
:1039C00003830B7B7F2B24D813F0C00F14BF01237C
:1039D00000239B0243830B7DC3F30112012A1BD8F2
:1039E00013F0300F14BF012300239B0283830B7D50
:1039F0007F2B14D813F0C00F14BF012300239B02A8
:103A0000C3834FF4806303844384704740F2FF73A1
:103A1000D6E740F2FF73DDE740F2FF73E6E740F2DE
:103A2000FF73EDE737B5214B0446DB8B0D46038072
:103A30004A78837862F3C30383704A79C37862F368
:103A40000003C3708A79437962F38613437191F955
:103A50000200FCF7B1FFE378214660F34703E3700F
:103A6000EA7823790DF1060062F3060323712A79BF
:103A7000DBB202F0010203F07F0343EAC2132371B9
:103A80002A796379C2F3450223F03F03134363713C
:103A90004FF6FF735922ADF80630FDF7FFFBBDF876
:103AA0000630A4F8593003B030BD00BF48000020F4
:103AB0002DE9F3410446154688469DF820605B22B7
:103AC000522E4FF000011F4628BF522606F052FF2B
:103AD0002D4BDB8B23802A78A37862F30203A3703B
:103AE0006978DBB2C90001F0080103F0070341EA7D
:103AF00008111943A1706A79E37862F30003E37057
:103B0000AA79637962F38613637195F90200FCF771
:103B100053FFE37860F34703E370EA78237962F3B5
:103B2000060323712A79DBB202F0010203F07F035E
:103B300043EAC21323712A796379C2F3450223F061
:103B40003F03134322466371A37966F3470302F8E8
:103B5000063F3B463E44B34210D14FF6FF73592215
:103B600021460DF10600ADF80630FDF797FBBDF8D4
:103B70000630A4F8593002B0BDE8F08113F8011BFB
:103B800002F8011FE7E700BF4800002007B50093D7
:103B900013460A460121FFF78BFF03B05DF804FBD3
:103BA00030B53A4B027893F8261000F1160461F311
:103BB0000302027093F8271061F30712027093F862
:103BC0002810427861F30302427093F8291061F3E0
:103BD0000712427093F82A10827861F30302827010
:103BE00093F83210827961F30302827193F82B10FB
:103BF000827861F30712827093F83410C27961F30E
:103C00000302C27193F82C10C27861F30302C270F0
:103C100093F82D1061F30712C27093F82E100279F9
:103C200061F303020271427993F8301061F30302E9
:103C3000427193F83310827961F30712827193F81D
:103C40003510C27961F30712C27103F1390100F135
:103C50000A0211F9015F02F8015FA242F9D193F85B
:103C60004610C27D61F30102C27593F8471061F3FB
:103C70008302C27593F8481061F30512C27593F878
:103C8000493063F38712C27530BD00BFA800002021
:103C90000278344BC2F3030230B583F82620027851
:103CA00003F13901C2F3031283F82720427800F1AF
:103CB0001604C2F3030283F828204278C2F30312E9
:103CC00083F829208278C2F3030283F82A208279BC
:103CD000C2F3030283F832208278C2F3031283F81E
:103CE0002B20C279C2F3030283F83420C278C2F3D6
:103CF000030283F82C20C278C2F3031283F82D202C
:103D00000279C2F3030283F82E204279C2F3030240
:103D100083F830208279C2F3031283F83320C2790A
:103D2000C2F3031283F8352000F10A0212F9015F91
:103D3000A24201F8015FF9D1C27DC2F3010283F80A
:103D40004620C27DC2F3810283F84720C27DC2F3C0
:103D5000011283F84820C27DC2F3811283F8492002
:103D600030BD00BFA800002070B5522698B0324682
:103D700004460D4603A8002106F0FCFD212342F66F
:103D8000A2008DF80C30FDF709F8ADF80E0042F6F0
:103D9000A100FDF703F814221A49ADF810000DF147
:103DA0001200FDF719F81848FFF70AFD174B8DF8B8
:103DB000260093F855300AA88DF82730FFF7F0FE5B
:103DC000134A144B0221CDE91223134B20461493BE
:103DD00047F6FF73ADF85430104BADF84610B3F80A
:103DE0009E208DF85620B3F8A020B3F8A2308DF8AD
:103DF00057208DF858302A46009603ABFFF758FE3F
:103E000018B070BDC9AC00089C1E002048000020FE
:103E10000A006400FA00F401E803FF7F6402002056
:103E200038B50446144D00F11B01062205F58970D2
:103E3000FDF732F894F82130C3F3030385F8193104
:103E400094F82130C3F3031385F81A3194F8223023
:103E5000C3F3030385F81B31B4F85700FCF7AFFF39
:103E600042F6A103984205D104F12500BDE838408F
:103E7000FFF70EBF38BD00BFA80000200B4A0C4959
:103E80001268002382600A68838002614A680949D7
:103E900042610A68837182614A688381C2614EF619
:103EA0006022038402600385704700BFF42C002069
:103EB000D3AC0008DCAC000810B5094CE26802B9CC
:103EC000FEE7084B1B79137003B1FEE70649204655
:103ED0002161FFF7B5FB2046FFF740FC10BD00BF96
:103EE0009C1E00204800002014C7000838B5174D5C
:103EF0000446A878697805281BD14FF6FF732385FF
:103F0000FFF78CF901226B789A40238D23EA020394
:103F100023850F490F48FFF760FC0E48FFF71EFC92
:103F20000C480321FFF7A5FB2046BDE83840FFF70A
:103F3000C3BF002302202385FFF770F901236A78AD
:103F40009340228D13439BB2E2E700BF480000205C
:103F50004C0000209C1E002008B590F8203002463E
:103F60008BB9FDF765FF10B982F8210008BD92F802
:103F7000213001335BB2312B82F82130F6DD012391
:103F800082F82030F2E7FDF753FF18B1322382F8B0
:103F90002130EBE792F82130013B5BB2002B82F835
:103FA0002130D8BF82F82000E0E700000A4B90F8EB
:103FB00020201B6872B182689B1AB3F57A6F01D911
:103FC00001234371037923B9437913B101230371A9
:103FD000037370478360F5E7F42C00200346007BF1
:103FE000821E012A4FF0000202D893F8201009B96E
:103FF0001A737047104670470A4A38B5138804464A
:1040000001339BB2502B0D4601D8138038BD0023DD
:1040100005491380FDF708FD29462046FDF704FDFC
:10402000F4E700BF80030020E5AC00082DE9F74F5E
:104030001646054688466D49FDF7F6FC314628468A
:10404000FDF7F2FC00226A4BB8F1010F694C1A80AF
:1040500011D14FF480534FF40067636146F2A8100A
:104060002761FDF7ABFF6761FDF7A8FF31462846E2
:10407000FFF7C2FFF2E7A8F102034FF400620C2B36
:1040800000F2A780DFE803F03141531C07A5A5A586
:104090006363636363004FF400684FF4805746F234
:1040A000A810C4F810806761FDF788FFC4F8148079
:1040B0002761FDF783FF31462846FFF79DFFEEE7B6
:1040C0004FF400684FF4805746F2A810C4F81080EF
:1040D0002761FDF773FFC4F814806761FDF76EFF79
:1040E00031462846FFF788FFEEE74FF480576261BC
:1040F00046F2A8102761FDF761FF6761FDF75EFFDB
:1041000031462846FFF778FFF2E74FF480534FF42B
:104110000067236146F2A8102761FDF74FFF676132
:10412000FDF74CFF31462846FFF766FFF2E74FF4F4
:104130008057226146F2A8102761FDF73FFF6761B3
:10414000FDF73CFF31462846FFF756FFF2E7002710
:104150004FF4805B4FF40069A8F1090A5FFA8AFA0C
:104160000423574538BFC4F810B0019346F2A81095
:10417000C4F81090FDF722FFC4F81490FDF71EFF5D
:1041800031462846FFF738FF019B013B13F0FF0340
:10419000EBD10423C4F814B0019346F2A810C4F87C
:1041A0001090FDF70BFFC4F81490FDF707FF3146A0
:1041B0002846FFF721FF019B013B13F0FF03EBD1E2
:1041C0000137A8F10803FFB2DBB2BB4238BF0027BA
:1041D000C6E74FF48053226123614CF25030FDF763
:1041E000EDFE31462846FFF707FFF6E7E5AC00088D
:1041F000800300200008014010B5044694F9013006
:1042000008468B4201D1237823B901232370FDF79F
:104210005FFE607010BD000008B5437802789A42D6
:1042200013D0052B8ABF052303700370027888BF63
:104230004370064B064813F92210064B1973197682
:10424000C36813B11972FFF714FA08BDB4B00008BF
:104250009C1E00204800002010B50AB9437010BD14
:10426000541E0B2CFBD80332D2B231F9122040F28B
:104270007161C83A03FB022292FBF1F212B222EA08
:10428000E2729A42C8BF1AB24270E8E70A46014693
:1042900010B9024806F09AB9704700BF9C1E002072
:1042A00038B50C461546014690B9FDF761FD0A4840
:1042B0002B46224606F07AF9FF21074806F088FAD5
:1042C000054806F0ADFABDE838407D20FDF776BE22
:1042D0000148FFF743FA38BD9C1E00202DE9F0414C
:1042E0005B270546184C0E463A460021204606F04C
:1042F00041FBAB6904F10E002360EB691349636075
:10430000134B1B789A1E53425341627A63F30002A7
:1043100062726FF05D02A27228220023E272142200
:1043200023736373FCF758FD59212046FCF7CEFF39
:10433000084BA4F859003A4621463046BDE8F04102
:104340001B7FFFF7ADBF00BF231D0020C9AC0008D5
:104350006B0300204800002013B50C4638B9114803
:10436000C36833B9812281F8A23081F8A02002B05D
:1043700010BD037D01F1A2020DF1060106F05CFA09
:10438000BDF90630002B08DB4FF6FF73ADF80630A1
:10439000BDF8063084F8A030E9E77F33F8DA4FF64D
:1043A0008173F3E79C1E00200A4608B501460148C8
:1043B000FFF73CFE0C0000200023FF220370437037
:1043C0008370C27003717047C178034629B982783F
:1043D00001710132827001207047007801281ED0DF
:1043E000022805D0C8B99A78187101329A70F2E79C
:1043F00098785A784240D20704D40022013098704D
:104400001A71E8E7FF2902D10020187170471A7964
:104410000132D2B291421A71EFD300207047FF29C6
:10442000F2D01A790132D2B291421A71F5D29A7849
:1044300001329A7000221A71704700000E4803681A
:104440001A0617D5C3681B0614D50C4B0C4A1988DD
:10445000138889B29BB299420AD013880133DBB228
:1044600013801388074A9BB2D35CDBB2436070476A
:10447000FCF7DABE704700BF00480040E82000208B
:10448000E6200020E61F00200E490F4A0B88128804
:104490000133DBB292B29A4212D00C4AD0544FF0A0
:1044A00040220B8002F60C0353E8003F43F08003E8
:1044B00002F60C0040E800310029F3D101207047DA
:1044C00000207047E8200020E6200020E61F0020A2
:1044D00038B504464518AC4200D138BD14F8010B7C
:1044E000FFF7D2FFF7E708461146FFF7F1BF0000DC
:1044F000002300B589B0CDE90633CB1A18BF0123DC
:104500001B03CDE902320C2301900491034801A959
:10451000059305F005FF09B05DF804FB0048004075
:1045200010B5064CE36823F40053E360FFF7E0FFA7
:10453000E36843F40053E36010BD00BF004800404F
:1045400008B531B14FF400524FF480610248FFF7D3
:10455000E7FF012008BD00BFA086010013B52B4C6A
:104560002B49E36823F40053E360FDF76BFA4FF443
:104570008020FCF73DFE082301222648CDE90032C9
:1045800003230A22FDF7A4FA002223481146FFF76D
:10459000AFFFC022236923F490432361636923F0B2
:1045A0002A0363611D4B83F8272380225A6020462B
:1045B000FCF73AFE4FF0402101F60C0353E8003FB0
:1045C00023F0400301F60C0040E80032002AF3D14A
:1045D0006FF040032360124B1A80124B1A8023693C
:1045E00023F400632361636923F008036361236993
:1045F00023F480432361636923F022036361E3684A
:1046000043F40053E36002B010BD00BF0048004017
:1046100004000404000C0140A086010000E100E059
:10462000E6200020E820002030B51C4C85B00E228A
:1046300000210546684606F09DF9B4F8A0302046F2
:10464000ADF80030FCF764F98DF802002046FCF765
:1046500056F9B4F8A4308DF803001148ADF80430D1
:10466000FFF7AEF894F8A6308DF806008DF8073005
:1046700094F8A93069468DF80830B4F8AA30284675
:10468000ADF80A30074B9B788DF80C3001238DF87C
:104690000D3003F084FF05B030BD00BFE01D0020E9
:1046A0009C1E0020480000200148FEF777B900BF9B
:1046B000D91D0020F8B50E460746144D5B23294648
:1046C000304614462A46FFF7E1FDD7E9041328686F
:1046D0006A689A4208BF884209D0002430460C49D3
:1046E000FFF73AFE002C0CBF01200320F8BD592132
:1046F0002846FCF7EBFDB5F859308342EDD114B1F3
:10470000FFF7D2FFEAE70124E8E700BFD51E00204B
:10471000E01D002013B5012104460844FCF7D6FD36
:10472000A178ADF806000DF10600FCF7ABFDE178CD
:10473000FCF7A8FD2179FCF7A5FD6179FCF7A2FD46
:10474000A179FCF79FFD04F108010322FCF7A6FD07
:10475000627804F10C01FCF7A1FD94F82311FCF739
:1047600091FDBDF80630A4F80C3102B010BD000078
:10477000003818BF0120014B18707047300300202B
:1047800070B5002A39D1042B73D89DB2A3B3144657
:10479000654A92F82830566A03F1030C5FFA8CFCE4
:1047A000F600BCF1070F566282F828C040F28A80FA
:1047B000053BDBB282F82830B1F800C0DE400CF1D6
:1047C00001030B8000F80C600EE0083BDBB282F8BE
:1047D0002830B1F800C0566A0CF1010E26FA03F336
:1047E000A1F800E000F80C3092F82830072BECD844
:1047F0000134A6B2B542CED870BDFF2AFCD1032B3E
:1048000067D89DB2002BF7D00026474A92F828308F
:10481000546A03F1040C5FFA8CFC240144F0020496
:10482000BCF1070F546282F828C07BD9043BDBB28D
:1048300082F82830DC400B8803F1010CA1F800C09D
:10484000C4540DE0083BDBB282F82830546AB1F85A
:1048500000C024FA03F30CF101040C8000F80C30C2
:1048600092F82830072BEDD80136B4B2A542CFD844
:1048700070BD2D4A03F5C063546A43EA443392F88D
:104880002840536204F10D05EDB2072D82F828503F
:10489000B2D90534E4B282F82840E3400C88651CA4
:1048A0000D80035509E0083BDBB282F82830546ADA
:1048B0000D88DC406B1C0B80445592F82830072B88
:1048C000F1D870BD0134A6B2B54263463FF663AF7E
:1048D00092E7154A03F5E063546A43EA443392F8D9
:1048E0002840536204F10D05EDB2072D82F82850DF
:1048F00082D90534E4B282F82840E3400C88651C74
:104900000D80035509E0083B546ADBB282F8283079
:10491000DC400B885D1C0D80C45492F82830072BB6
:10492000F1D870BD63469FE78C0500202DE9F04764
:104930000027FF268025674C0F8098460670A577D4
:10494000676284F82870002B00F0BC8003F1FF3907
:104950001FFA89F99144561EBA463A4609E0554570
:1049600046D10137BFB20B8843453AD24E4500F0DD
:10497000948016F8015F002AF1D16B1EDBB2FD2B8B
:1049800032D83F2B62D905F14103DBB23F2B34D83B
:10499000636A94F828200135EDB245EA032502F157
:1049A0000803DBB2072B656284F8283015D984F838
:1049B00028200B88D5405A1C0A80C55409E0083BC2
:1049C000DBB284F82830626A0D88DA406B1C0B80F9
:1049D000425594F82830072BF1D800220B88434524
:1049E000C4D30020BDE8F0870127AA463A46BAE7BB
:1049F0005246FBB2FFF7C4FEBFE7636A94F8282073
:104A00003F35EDB245EA432502F10903DBB2072B3E
:104A1000656284F82830E0D90132D2B284F82820C7
:104A20000B88D5405A1C0A80C55409E0083BDBB20C
:104A300084F82830626A0D88DA406B1C0B8042557E
:104A400094F82830072BF1D80022C7E7636A94F85E
:104A500028207F35EDB245EA032502F10803DBB2D9
:104A6000072B656284F82830B7D984F828200B8892
:104A7000D5405A1C0A80C55409E0083BDBB284F8D3
:104A80002830626A0D88DA406B1C0B80425594F81E
:104A90002830072BF1D80022A0E722B1FBB2524602
:104AA000FFF76EFE0B8894F8282062B10125646A36
:104AB000C2F10802944005FA02F2013A22435C195D
:104AC0000C80C2540B88984594BF00200120BDE89B
:104AD000F08700BF8C05002047F26F7300222DE99C
:104AE000F04F827003800B780D46A3F1FE03B3FAFA
:104AF00083F35B0983708A78044612F001011CBFBE
:104B000043F080038370D5F8202185B022F07F42E6
:104B100022F0FF0212B143F008038370AA68C2F3C7
:104B20001702FF2A19D9B2F5803F13D34FF00208BC
:104B300063F07F03A37041EA0801E17009260B22AC
:104B40000A21082307204FF0060C4FF0050E4FF006
:104B5000040912E043F00203A3701E0600F1EC808A
:104B600008260A2209214FF00008072306204FF0EB
:104B7000050C4FF0040E4FF0030995F801A03746DD
:104B800004F809A095F804A09B4604F80EA095F837
:104B900005E0019104F80CE095F806C0A14404F882
:104BA00000C0A078000709D595F821018B46E05494
:104BB0000B4695F822111646E1551746AA68E254AD
:104BC000A378990708D5AB680BF10202C3F30F2352
:104BD000E35597B2B3463E46B8F1000F05D0AB7A25
:104BE000B346E355771CBFB23E46A378DA0606D536
:104BF00095F82331B346E355771CBFB23E46504B80
:104C000001361B781FFA86F8A04405F10C0A43B15F
:104C1000524640466B780DF10E01FFF787FE0028E3
:104C20006ED16A78514693B24046019305F004FF75
:104C30002178444BC943C9B2627894F80780595C23
:104C400094F802A051404246595C94F803908AEAD5
:104C5000010A13F80A1094F804E089EA010913F82C
:104C6000091094F805C08EEA010E13F80E10A07911
:104C70008CEA010C13F80C10BBF1070F80EA01005D
:104C8000195C82EA01029A5C25D0217ABBF1080FF7
:104C900082EA01029A5C1ED0617ABBF1090F82EAB6
:104CA00001029A5C17D0A17ABBF10A0F82EA0102D5
:104CB0009A5C10D0E17ABBF10B0F82EA01029A5C98
:104CC00009D0217BBBF10C0F82EA01029A5C1EBF66
:104CD000617B4A409A5CE255019AB5F80C31164462
:104CE000B6B2A355B5F80C21731C9BB2120AE2545C
:104CF000AB78B01CDB0780B20CD405B0BDE8F08FF8
:104D0000A37843F04003A370BDF80E30019389F8F7
:104D100000308DE7D5F81821D5F81071D5F81411A9
:104D20002318275059609A6095F81C210F36B0B2AD
:104D30001A7305B0BDE8F08F4FF00008FDE600BF24
:104D400030030020F8B000082DE9F84F8246AE4845
:104D50000F4651461546064605F06EFE002380229A
:104D6000AA4C3B804FF0FF089E46994684F82220CB
:104D70002384636284F8283006E03B885A1C3A801A
:104D80000AF8039094F828E0BEF1010F5CD8218C5A
:104D90008D4240F29D80606A735C0EF1080C5FFAF0
:104DA0008CFC43EA0023ACF1020B23FA0BF00EF16A
:104DB000060200F003000131D2B2022821846362AE
:104DC00084F8282000F08680032800F088800128DD
:104DD0001DD0002A40F08780228C954278D9072187
:104DE000B05C013240EA032322841A06636284F82D
:104DF0002810C2D5062113F0400F84F8281040F087
:104E00008D803B885A1C3A800AF80380BAE7062A4C
:104E10000BD8228C95425BD9B15C013241EA032365
:104E20000CF1060122846362CAB2073AD34003F050
:104E30007F037D2B84F828204AD83A884133511CBF
:104E400039800AF802309DE7636AAEF1020B23FA5B
:104E50000BF000F003005FFA8BF2022884F82820A0
:104E600003D003281CD0F446B1E7052A32D8218CA0
:104E70008D422DD9705C0EF10602013140EA032308
:104E8000D2B221846362063A84F828E0D34039889C
:104E900003F03F034A1C01333A800AF8013071E7FE
:104EA000052A1CD8218C8D4212D9705C0EF10602A5
:104EB000013140EA0323D2B221846362063A84F8C6
:104EC00028E0D340398803F03F034A1C413BE3E725
:104ED000BDE8F88F063A636A5FFA82FED4E7063AC5
:104EE0005FFA82FEEBE70BF1FF3023FA00F0511E70
:104EF000C9B2C00784F828107FF53FAF69BB228C88
:104F00009542E5D90721B05C013240EA03232284AF
:104F1000636284F8281013F0800F70E74A1ED0B245
:104F200023FA02F2D20784F8280032D48446228C75
:104F30009542CDD9B05C013240EA0323C81D2284DA
:104F40006362C0B2A0F10802D34084F828C05FFABF
:104F500083FB5A460021388833E0013923FA01F0F7
:104F6000911EC9B2C00784F828107FF54AAF99BBDB
:104F7000228C9542ACD94FF0070CB15C013241EA6A
:104F8000032319062284636284F828C021D40821EF
:104F9000CDE7072832D8228C954299D916F802C05D
:104FA000073101324CEA032322846362C9B2083913
:104FB00023FA01FB5FFA8BFB5A46FF2184F8280095
:104FC0003888504405F0D6FC3B889B44A7F800B0D5
:104FD000D8E660460821DEE701F1FF3CD01E23FA47
:104FE0000CFCC0B21CF0010F84F82800D1D10728B6
:104FF0009CD90B3A636A5FFA82FCA3E7A0F108022E
:105000000146D0B2D3E700BF600400208C05002029
:105010002DE9F04F0D4651881446B1F58F7F0646B5
:105020008BB00BD90022227000226F2B628000F01F
:105030006281002333700BB0BDE8F08F12780E2A26
:1050400024D80E2A00F2108101A050F822F000BFEF
:10505000295000087552000869520008695200087A
:105060007552000875520008755200087552000804
:105070007552000875520008C152000869520008B4
:105080006952000869520008E5520008692A40F296
:10509000E9806A2A40F0E8809B4FFA8A02F1FF3CDF
:1050A0001FFA8CFC002A00F07982FF220CF1030C1D
:1050B000DFF858E2BC44B91C11F8010B42406145CD
:1050C0001EF80220F8D1934200F0D1810022227014
:1050D000C4F80220E280FA8A022AAAD939796F2913
:1050E00000F02E83032AA4D079796F2900F0388349
:1050F000042A9ED0B9796F2900F03583052A98D00B
:10510000F9796F2900F03B83062A92D0397A6F290A
:1051100000F04682072A8CD0797A6F2900F032831A
:10512000082A86D0B97A6F2900F02F83092A80D007
:10513000F97A6F2900F02C830A2A3FF47AAF397B81
:105140006F2900F028830B2A3FF473AF797B6F2916
:1051500000F024830C2A3FF46CAFB97B6F2900F078
:1051600020830D2A3FF465AFF97B6F2900F01C8383
:105170000E2A3FF45EAF397C6F2900F01B830F2AA3
:105180003FF457AF797C6F2900F01183102A3FF468
:1051900050AFB97C6F2900F01083112A3FF449AF5A
:1051A000F97C6F2900F00C83122A3FF442AF397D5D
:1051B0006F2908BF4FF012087FF43BAF02F10109DD
:1051C0001FFA89F93A44A7F816905FFA89F99370A3
:1051D0004F494A4602A805F02FFC6F234FF0010CFF
:1051E000BB704FF0000E6423A7F800E0A7F816C0CC
:1051F000237008EB0C0399451FFA89F27FF619AF6B
:10520000901EA0EB080002A95A1E80B20B444FF07A
:105210006A084FF007094FF0660A0A44184405E08F
:10522000002B40F0C08190423FF403AFFB8A12F89C
:10523000011F03F1010B3B44A7F816B099702378C6
:10524000092BEDD9A3F1640BBBF1050FEBD8653B3E
:10525000042B00F2B882DFE813F0210119011401D8
:1052600010011D01632A05D800232370C4F8023001
:10527000E380DFE6244FFA8A511C3A44F9829370A6
:105280002278092A00F2A680002A3FF4D2AE013A21
:10529000082A3FF6CEAE01A151F822F07955000858
:1052A0003350000833500008C5540008C5540008A6
:1052B00063550008195500084D550008375500087A
:1052C0004A1C114E62806B54A088727F61888318DB
:1052D0009942FFF6B0AE33785F0600F1E8810E2305
:1052E0002370A8E64A1C62806B54E288638893426C
:1052F00010D201239EE604490A808B7001226423A8
:10530000CA822370002395E68C050020F8B00008BF
:105310008E0500200023022163802370317072808B
:105320002B78FD2B00F08A80EB7833722B79737227
:105330006B7973606A780832728040F285100022BF
:10534000FE210446DFF8D0C27281013499424FEA4F
:10535000540431D84CD38B4240F08D802B78FD2BF8
:1053600000F082804FF0060B284610F801AF620073
:105370000BEB0A0909F1FF3189B20192FBF7A6FF95
:10538000DFF8948204EB440708EB87073979ADF81E
:10539000080002A80191FBF775FF05EB090252789E
:1053A00015F80930019903EB0223BDF808209BB2E0
:1053B0009A421FD005233DE6601E1418824204F174
:1053C000010780F06D8127F0010101EB57015CF8C6
:1053D0002110BAE7A2F1640105293FF62AAE653A29
:1053E000042A00F2F981DFE802F0819379757D00EB
:1053F0002246E2E7BB79DA0706D5FA79924582BF01
:10540000521912F80B20B2729B070BD5630023448C
:1054100008EB83031B7A6A789A4282BF5B1913F800
:105420000B30F3724FEA4409A14408EB890898F85D
:105430000530317373730BB0BDE8F08F6B79337245
:10544000AB7973726B7A297AEA791B0403EB012337
:10545000134473606A7802F10C017180A978C9075E
:105460007FF56BAF193267E74FF00A0B7CE70A2232
:1054700001232270DEE50323DCE5F97684F8009051
:10548000D1E64FF06803B9762370CCE6797084F8E2
:1054900000C0C8E6397784F80080C4E6397001F0AE
:1054A00001036188033B01F1010B87F801E0A4F8D7
:1054B00002B06B5497F90030002BACBF63465346E3
:1054C0002370B0E66288511C6180AB5423780133AD
:1054D000237017E70722FB762270AAE56822BB76C5
:1054E0002270A6E56A223B772270A2E500227A703C
:1054F00062883B7003F00103033B511C6180AB5495
:1055000097F90030002BB4BF662301232370F9E61E
:1055100001227B7022708CE56288511C6180AB5443
:105520003B787A78134313F0020340F0D880628806
:10553000511C6180AB546288511C6180AB543B7834
:10554000D8064CBF69236A232370DBE66288511CAE
:105550006180AB547B7813F00203ECD009232370F5
:10556000D0E66288511C6180AB543B781D074CBF6C
:10557000672307232370C5E66288511C3A83618044
:10558000AB543A787B7712F0010200F0C480062217
:105590000833E380A28004232370B3E6FF2292E560
:1055A0004FF006080AE6013B082B3FF63CAE0FF22F
:1055B000080B5BF823F000BFF155000827520008E4
:1055C00027520008DD550008DD5500086B5600081D
:1055D00039560008855600081D560008638803F1F7
:1055E000010BA4F802B0E9542378013323701AE6C2
:1055F000638803F1010B3B83A4F802B0E9543B78C4
:10560000797713F001036DD006230831E180A38080
:105610000423237007E600BFF8B10008638803F194
:10562000010BA4F802B0E9543B78DB067FF533AFF9
:105630004FF069032370F6E5638803F1010BA4F8CA
:1056400002B0E9543B7879780B4313F0020343D15D
:10565000618801F1010BA4F802B06B54618801F17B
:10566000010BA4F802B06B54DEE7638803F1010B71
:10567000A4F802B0E9543B7819077FF5FFAE672321
:105680002370D0E5638803F1010BA4F802B0E9545C
:105690007B7813F00203E1D04FF009032370C2E5D9
:1056A000554902EB4200144651F8201053E602A976
:1056B0002844FFF749FB737FBDF808106288CB1AB6
:1056C0009BB21A446280727F1A447277E288134454
:1056D000E380338BE95402E608232370A3E5082313
:1056E00023700FE60C31E1800A21A180797811F056
:1056F000010128D0618801F1010BA4F802B005F87E
:1057000001C0618801F1010BA4F802B06B54E38879
:105710000D33E3807CE70C33E3800A237978A380A0
:1057200011F0010122D00121638858186080E954EA
:10573000638859186180EA54E3880D33E3802AE7CF
:105740004FF002083AE5638803F1010BA4F802B0B8
:10575000E954638803F1010BA4F802B0E95457E758
:105760004FF003082AE54FF0040827E563885A1C28
:105770006280E95463885A1C6280E9540BE74FF059
:1057800005081BE54FF0070818E54FF0080815E578
:105790004FF0090812E54FF00A080FE54FF00B082B
:1057A0000CE54FF00C0809E54FF00D0806E54FF049
:1057B0000F0803E54FF00E0800E54FF01008FDE478
:1057C0004FF01108FAE477290ED084F800E0C4F80D
:1057D00002E0A4F806E026E5772B09D00023237029
:1057E000C4F80230E38024E44FF0650323701AE527
:1057F0006523237086E500BFF8B100082DE9F84362
:105800001F46184B164693F8302004463AB393F8D7
:105810002B301FB11BB31F1F18BF0127A1F10208B6
:1058200004F5E36901F11E0538F8020FFBF739F9B9
:1058300029F8020FB8F80000FBF740F9A845A9F8CD
:105840002000F1D1084B86F001061B6884F85A77D6
:10585000C4F85C37012384F8606784F81937BDE821
:10586000F88300BFA8000020F42C002070B500F2DF
:105870007C7400F5B0712046FBF78DFD044B0246A9
:10588000186801680D6921462B46BDE8704018472D
:10589000DC1D0020B0F8E834B0F8EA249B1A98B276
:1058A0001B0444BF00F5007080B2003818BF01200F
:1058B00070470346D0F8F826B0F8E8140132C0F873
:1058C000F826D0F800270132C0F80027B0F8EA2403
:1058D00091421FBF811891F8EE04B3F8EC14013225
:1058E0001ABF0A40A3F8EA2400207047114B93F82E
:1058F0002D305A1E012A02D80F48FFF7DABF032BBA
:1059000010D10E4AB2F81E36B2F81C1699420ED0CB
:10591000D11891F82206B2F8201601330B40A2F8F4
:105920001E367047064B186803689B6918470020AD
:10593000704700BFA800002028060020D00E0020DD
:10594000DC1D00200023A0F8EA34A0F8E834024B64
:1059500018680368DB691847DC1D002010B507488C
:10596000FFF7F0FFBDE810400022054BC3F81C26EE
:10597000044B18680368DB69184700BF280600203D
:10598000D00E0020DC1D002038B5B0F8EA24B0F8B5
:10599000E83404469B1A9DB21B04084B48BF05F52A
:1059A0000075186848BFADB203681B6A9847431971
:1059B000D4F8F006184480B238BD00BFDC1D0020CA
:1059C000F8B5D0F8F4360446CB1AB3F57A7F0E4614
:1059D00090F8187726D2632B01D800207DE0012FA4
:1059E0000AD0022F19D0002FF7D1FFF7CDFFB0F565
:1059F000806FF2D9012305E0FFF7C6FFB0F5806F95
:105A000003D9022384F818370CE02046FFF7BCFFC7
:105A1000B0F5C07FE1D20023F4E7FFF7B5FFB0F5A2
:105A2000806FE7D33448C4F8F466FAF796FF334D35
:105A3000334A2B681168C3F1000C411A614501DB40
:105A400099424BDD0A2310602B6013685221B3F595
:105A5000FA7FBCBF4FF4FA731360126864254A439F
:105A60002849D4F8F836B1F84C106B4392FBF1F2A8
:105A7000B3FBF2F35F2B35D8552B35D83B2B03D92D
:105A80004B2B34BF5B25322594F81837022B2DD0D1
:105A9000012B2DD013B9002F18BF33254FF47A7383
:105AA0003146D4F8002704F20470FBF72FFB94F87A
:105AB0001837FBB9642D0BD10322D4F8F436A3F2C6
:105AC0009A23C4F8F436D4F8F8365B00B3FBF2F34B
:105AD0000120C4F8F83684F8FC56F8BD002BB4DD7C
:105AE000013BB1E70025CFE71E25CDE70025D5E72F
:105AF0003225D3E70023EBE7E01D0020080000205B
:105B0000340300204800002070B5D0F8F436044675
:105B1000CB1AB3F57A7F0E4690F8182714D2032AD1
:105B200008D8DFE802F002092730FFF72DFFB0F5B3
:105B3000487F26D8002029E0FFF726FFB0F5AF6F99
:105B400011D9022384F81837304B94F81857B3F85A
:105B50004C00C4F8F466D4F8F836032D4ED8DFE8CC
:105B600005F03716494B2046FFF70EFFA328E1D872
:105B70000323E7E7632BDDD9FFF706FFB0F5AF6F2F
:105B8000E2D20123DEE7002084F8180770BD21254A
:105B90004FF47A733146D4F8002704F20470FBF70F
:105BA000B5FA94F818377BBB642D0BD10522D4F8D5
:105BB000F436A3F54873C4F8F436D4F8F8369B00ED
:105BC000B3FBF2F30120C4F8F83684F8FC56DDE7A5
:105BD00064210F4A4B43B2FBF0F2B3FBF2F35F2BAD
:105BE000D6D8552B0CD83B2B0CD94B2B34BF5B256F
:105BF0003225CDE70025CBE75D25C9E76425C7E75A
:105C00001E25C5E70D46C3E70023DBE7480000205B
:105C100050400100F8B5244F04463846FAF766FEB6
:105C2000FAF7E0FE064697F9A600FAF7DBFE05460E
:105C30003846FAF764FE94F8FC261C4B84F872216F
:105C4000FF2293F8353084F87421333384F86531BA
:105C500044236D2284F86631D4F86831C0F10A001B
:105C600062F31703C4F868310023C4F86C3184F878
:105C700081324FF43943A4F88232092300B280F311
:105C8000070084F8730184F8706104F5B07084F83B
:105C9000715184F8843204F5AA71FBF75DFE204649
:105CA000BDE8F840FFF7E2BDE01D0020A80000209D
:105CB0002DE9F04F0446B0F828670378B0F822E7E2
:105CC000B0F824C7B0F81CA7B0F81E97B0F820872A
:105CD000B0F82677B0F82A57B0F82C07A4F87A6104
:105CE0000026B4F82E2785B00092B4F83027B4F817
:105CF00036170192B4F83227B4F834B70292B4F8E8
:105D00003827A4F874E10392B4F81A27A4F876C1EE
:105D1000A4F86C2184F87C31A4F86EA1A4F87091E9
:105D2000A4F87281A4F8787184F87D61A4F87E519A
:105D3000009A84F88132A4F88221019A4FF4F84342
:105D4000A4F88421029AA4F88A11A4F88621039A5F
:105D50004621A4F88C21FF2284F865214422A4F86E
:105D60008232262384F86621D4F86821A4F88001C1
:105D700061F3170204F5B070A4F888B184F88E615D
:105D800084F88F6184F8906184F89161C4F8682187
:105D900084F8843204F5AA71FBF7DEFD204605B0D5
:105DA000BDE8F04FFFF762BDF0B591B004466D4617
:105DB00000F23A7300F25A762A4618685968083396
:105DC00003C2B3421546F7D1202200210DEB020099
:105DD00004F0D0FD94F8602794F85A370AB943F0DC
:105DE0000203A4F87031002384F87331102384F87F
:105DF00074316B461D4A277892F83520D4F85C1729
:105E00003332D2B2C4F86C1184F8727104F2751690
:105E10000DF1400C1D4603CD6545306071602B4689
:105E200006F10806F6D1442384F865214FF4D272B6
:105E300084F86631D4F8683104F5B07062F3170362
:105E4000C4F868314FF4A053A4F88232492384F88F
:105E5000817284F8843204F5AA71FBF77DFD204637
:105E600011B0BDE8F040FFF701BD00BFA800002061
:105E700070B5044690F8745790F87507214B84F874
:105E80006F016FF06E0084F870016FF02A0084F8E3
:105E90007101122084F87201002093F8353084F8E3
:105EA0007301333384F8653144234D2084F866311F
:105EB000D4F8683194F8721760F31703C4F86831A6
:105EC0008F2384F883320A2394F87327B4F8706719
:105ED00084F8741184F8811204F5B070A4F86C6130
:105EE00084F86E5184F8752184F8822284F8843213
:105EF00004F5AA71FBF730FD2046BDE87040FFF7BE
:105F0000B5BC00BFA800002010B5224B044693F892
:105F100035204FF07E53C0F86C3100230178C0F873
:105F20007031C0F87431C0F87831C0F87C31C0F8F5
:105F30008031C0F8843184F88C314423333284F8C2
:105F400065214C22082084F86631D4F8683184F841
:105F5000880162F31703C4F86831022049F601038F
:105F600084F88901A4F882320120212384F88A115F
:105F700084F88B0184F8811204F5B07084F88432BF
:105F800004F5AA71FBF7E8FC2046BDE81040FFF7D6
:105F90006DBC00BFA8000020F0B54E780D46202E45
:105FA00004468BB001F10C013AD8324601A804F046
:105FB00043FD01AB0021C6F12102981904F0DAFC7F
:105FC0003D4B9DF8222093F8353033339A4270D1FF
:105FD0009DF82330442B6CD1BDF82030F62B02D035
:105FE000B3F5FA7F65D1B4F87027A4F870379A42F8
:105FF0001CBF002284F87527012284F86D276A7976
:10600000F62B84F87227AA7984F873274FF00202DE
:1060100084F8742713D0B3F5FA7F34D000232BE033
:106020000B4601AA05F12C07164618685968083373
:1060300003C6BB423246F7D11B783370C0E71F4B13
:10604000186803685B6A98470028E7D01C490398E2
:10605000FAF728FB98B11B490498FAF723FB70B1B3
:1060600019490798FAF71EFB48B1002384F87437E2
:106070009DF82430012B10D184F8753719E00023E6
:1060800084F87437CAE700230F49079884F87437F7
:10609000FAF708FB0028C1D0EAE7022BBED194F83A
:1060A0007527002ABAD084F87537084B1B68C4F8E6
:1060B00078370BB0F0BD00BFA8000020DC1D002029
:1060C000000040400000884288AC9649F42C002033
:1060D0004FF47F4303800023C0E90133C0E9033359
:1060E000436103767047000038B50023C0E90733E9
:1060F000C0E955334362C0F85C310446FBF79AF9B6
:10610000254B9878022845D0431F58425841FEF746
:106110002FFB40F2FF130025A4F8EC341F4B04F2D0
:1061200004701B68C4E9A25503F57A73C4F8F43609
:10613000C4F89052A4F8EA54A4F8E854C4F8F0560D
:1061400084F8FC5684F81857C4F8F856C4F8005779
:10615000FAF7D6FF294684F8195704F21A7040223C
:1061600004F008FC7D23204684F85A57C4F85C5795
:1061700084F86057C4F86457C4F86857A4F86C37BB
:10618000A4F8725784F87557C4F87857BDE83840BA
:10619000FFF79EBF0120BAE748000020F42C002042
:1061A00010B40E4A92F82E20AAB102789AB140F6A5
:1061B000C4140B4A01691268511AA14202D910BCD9
:1061C000FFF786BF416831B94169511AFA2982BF88
:1061D00042610122027610BC704700BFA800002077
:1061E000F42C00204378032B06D1C068B0F5834F10
:1061F00034BF002001207047002070477FB50B4658
:10620000324900F1280691F82D100446022900F1C8
:106210001C02314668461BD1FEF7FAFE9DF800309D
:10622000022B50D104F5B075324669462846FBF77B
:106230000FF9D4F8683123F07F436E2B2FD1244B14
:106240009A78052A3DD8DFE802F030343806303835
:10625000FBF776FAE2E75A6CB2F5613F94BF002291
:1062600001222046FFF7BEFFC8B9C2B194F86E31D3
:10627000012B14D894F87231042B10D11022154937
:1062800004F27B1004F09AFB48B97823284684F87E
:10629000883184F8823184F87C31FEF73BFA20465D
:1062A00004B0BDE87040FFF7E1BA5A6CB2F5E13FC7
:1062B000D4E75A6CB2F5614FD0E75A6CB2F5164F7D
:1062C000CCE70122CDE704B070BD00BFA8000020DC
:1062D00048000020E7AC00084378032B07D144F2C4
:1062E000BF13C068984294BF00200120704700206F
:1062F000704700002DE9F04F0446814B8148ABB058
:106300001D68FDF75DFA40F6C312D4F86837EB1A42
:10631000934204D894F96C37834200F0B0807A4EEF
:10632000C4F86857B1780627052997BF774B002531
:1063300033F81180764B8CBFA84633F81150237880
:106340003A468DF8143000238DF815307F238DF8F0
:106350001830B6F84E3084F86C078DF819000DF13E
:106360001A00ADF80C30ADF80E308DF817108DF81E
:106370001670FAF76DFD3A46717808A8FAF73EFDF7
:106380006048ADF81080ADF81250FDF70BFA4042AE
:106390008DF826005B48FDF705FA4242D2B220464E
:1063A0008DF82720FFF798FFDFF86891804604F505
:1063B000B07504F5AA76002864D09DF8261099F8E7
:1063C00035309DF91900009184F88721BDF80C1033
:1063D000DDF81A2033339DF815B09DF816E09DF8CE
:1063E00017C09DF91870BDF80EA0BDF81090BDF84B
:1063F00012800193A4F86C119DF81430009984F870
:106400007901C4F87A210898BDF81E2084F8743107
:1064100084F88611A4F87E21A4F86EA1A4F87091E6
:10642000A4F8728184F875B184F876E184F877C1B4
:1064300084F87871C4F8800184F88132AB23BDF808
:1064400024204EF68E21A4F88421019A84F8833208
:1064500084F8652144221C2384F86621D4F868213D
:1064600084F882B261F31702C4F8682128463146E5
:1064700084F88432FBF770FA2046FFF7F7F92BB067
:10648000BDE8F08F0146642211A804F073FA0AAF48
:106490000DF10C0CBCE80F000FC79CE807006FF073
:1064A0002E0384F86C311C2387E8070099F83570B7
:1064B00094F80090802284F8703184F86D8184F81B
:1064C0006E9184F86F810AA904F2711004F0B4FA95
:1064D000442340F2811284F86631D4F868313337AE
:1064E00062F31703C4F868314FF41343FFB2A4F802
:1064F000823284F86571852384F88192B6E700BF03
:10650000F42C00209C1E0020480000206AB00008E7
:1065100076B00008A80000208A4B2DE9F04F1A68D9
:10652000D0F864370446D31A122BA7B040F2068184
:10653000DFF81492DFF814B299F80010C0F864275D
:106540008B1E594259419BF9A000FAF763FA99F85A
:1065500000109BF9A2308A1E5142514100909BF9D4
:10656000A6000193FAF756FA9BF8A4300290012B8B
:106570000CBF032501259BF8A5307548012B9BF81E
:10658000AA300CBF45F0080545F00405012B9BF827
:10659000AB3008BF45F01005012B0CBF45F02005BE
:1065A00045F04005FDF726F9F9F790FE6949F9F73E
:1065B000E5FE04F0A1F96849F9F7E0FE06466348F4
:1065C00094F800A0FAF7A4F980466048FAF7AEF90B
:1065D00099F800300746022B20460CBF9BF8A99083
:1065E0004FF00009FFF778FE5C4B014693F8353019
:1065F00004F5B07B3333DBB2039304F5AA730028B0
:1066000046D0002284F86F21009AFF2184F872217D
:10661000019A84F8771184F87321029A84F8791129
:1066200084F875217F2284F8762184F8782184F813
:106630007A21039A4EF68D2184F86521442284F84C
:106640006621D4F86821A4F86C5161F31702C4F8EC
:1066500068214FF46062A4F88222172284F86EA1A8
:1066600084F8708184F8717184F87491C4F87B6146
:10667000C4F87F6184F881A284F8842258461946C0
:10668000FBF76AF9204627B0BDE8F04FFFF7EEB8F8
:106690006C2204900BA8059304F06CF94FF67F72FE
:1066A000ADF82220ADF824207F228DF826206FF04F
:1066B0002F0284F86C211722009B04998DF81E305C
:1066C000019BADF8185025788DF81F30029B8DF88E
:1066D0001B1084F86D1184F86F1184F8702106A9DD
:1066E000802284F86E5104F271108DF821308DF8FB
:1066F0001AA08DF81C808DF81D708DF82090CDF8B3
:106700002760CDF82B6004F097F9442240F2811104
:1067100084F86621D4F86821039B61F31702C4F85A
:1067200068214FF41342A4F88222852284F865314F
:1067300084F88152059B84F884229FE727B0BDE846
:10674000F08F00BFF42C00206B030020E01D002020
:106750008403002000007A3D00007A44A800002055
:10676000F0B54E780546082E0C4685B001F10C07B1
:1067700017D83246394601A804F05EF901AB002172
:10678000C6F10902981904F0F5F89DF80930032BB9
:1067900005D162792A70064A12686B702A6105B0C9
:1067A000F0BDC868796801AB03C33A7A1A70ECE7A8
:1067B000F42C002030B50378044695B013B34A7921
:1067C0009A421FD14D780C314D2D1DD82A4668466E
:1067D00004F032F90021C5F14E020DEB050004F082
:1067E000C9F842F21070049B190EC3F3072200FB94
:1067F000012264216360C3F3074301FB0323E360C9
:10680000059BA36015B030BD4E22684604F014F914
:10681000E7E700008A68C2F317024C2A14D0942AD2
:1068200009D09AB90A4A92F82E207AB18B79012BB5
:106830000CD1FFF795BF064A92F82E2032B18B7922
:10684000012B03D1FFF7B6BFFFF7A6BB704700BF10
:10685000A8000020B0F8EA34B0F8E824F0B5D21A65
:1068600093B2120444BF03F500739BB2DD2B0446C0
:1068700085B009D82A4D00F5257600F522772868DD
:1068800003685B69984708B905B0F0BD28680368DC
:106890009B699847D4F8F02603460132C4F8F026E5
:1068A00031463A466846FAF74BFF9DF80030022B16
:1068B000E5D104F57075324669462846FAF7C8FDF9
:1068C000184B04F27C7693F82D302946022B304683
:1068D0000FD1FEF701F900239AB282420CD30023B4
:1068E00029462046C4F8F03605B0BDE8F040FFF771
:1068F00091BFFAF750FDEEE7B4F8E814B4F8EC7481
:106900004A1C3A40B4F8EA7497421EBFF75C091972
:1069100081F8EE7403F1010318BFA4F8E824DBE763
:10692000DC1D0020A80000202DE9F0414B4BDFF8D2
:1069300030811E6898F800304A4F022B1EBF00239A
:10694000A0F8EA34A0F8E83497F82D300446013B6B
:10695000012B00F28180FFF77DFF97F82E50002D6C
:106960005BD098F80030022B4BD1012D3ED0022D88
:1069700042D000252046FFF713FC94F8193743B1A5
:10698000002384F8193797F83030012B4FD0022BB1
:1069900050D015B12046FFF73DF994F86D372BB173
:1069A0000023204684F86D37FFF762FA94F87537B4
:1069B000022B11D1D4F87837F61AB6F57A7F0BD9B5
:1069C000B4F87037F62B3ED0B3F5FA7F3DD00023F4
:1069D000A4F8703784F87537237E002B3CD0002351
:1069E00020462376BDE8F041FFF78EBA31462046B7
:1069F000FEF7E6FF0546BDE731462046FFF784F87F
:106A0000F8E7D4F8F436F31AB3F57A7F08D2002504
:106A100004F20470FAF774FBACE7C4F8F466F7E725
:106A200032230125C4F8F46684F8FC36F0E7FFF75A
:106A30003FF9AEE7FFF7B8F92046FFF76DFD2046B6
:106A4000FFF758FCA5E7FBF703F9074B1A79002A73
:106A5000BDD101225A71BAE7BDE8F081F42C0020C3
:106A60006B030020A80000203803002070B54C887C
:106A70000346B4F5427F4FF000000AD80D780B2D85
:106A800077D8DFE805F0060F1C2C2F32383B54571F
:106A90005B6DA2F124046242488062410A7083F86F
:106AA00009033EE04D2A01D0582A06D11A7002226D
:106AB0000A70002083F8090370BD0022F8E702F095
:106AC000FD003C2801D0212AF7D15A701A784D2AAE
:106AD0000CBF082203220A7000229A70E9E79A701C
:106AE0000422DBE79A800522D8E7988800EB02228F
:106AF0009A800622DCE7DA800722CFE7D88800EB0D
:106B0000022292B2002ADA800CBF0B220A220A70FB
:106B100000224A80012283F80923DB88B3F5407FF5
:106B200001D80020C8E7002008704880C4E7DA8058
:106B30000922B3E79A800A220A70EBE7B4F5407F96
:106B40003CBFE41822724A88013292B24A80D88847
:106B500090429CBF0B220A70012283F80923E0E7D0
:106B600083F80823022208704880012083F8092353
:106B7000A2E708704880D4E7CB8870B5B3F5407FB2
:106B800031D8242303700B7843704B7883700B78D3
:106B90004D2B14D1CB88C3708B8803710523002241
:106BA000CE88D418A4B2964200EB040515D891F80B
:106BB00008232A70CA880132981880B270BD8B7879
:106BC000C3708B8803718B881B0A4371CB888371D8
:106BD000CB881B0AC3710823E1E78D182D7A013297
:106BE000055592B2DCE70020E8E700002DE9F74FF9
:106BF00016464A880446B2F5427F0D462ED80B78D9
:106C00000A2B0FD9A3F16402032A03D900202870AC
:106C100068802CE0653B8F4F022B32D8DFE803F011
:106C200062A3A60000210A2BF0D801A050F823F09F
:106C30005D6C0008756C00080D6C00080D6C000898
:106C4000B96C0008C76C0008D36C0008D96C000848
:106C50000D6C00080D6C0008476D00080020A6F1BF
:106C600024077E427E4168802E7084F8090303B0B9
:106C7000BDE8F08F6F2E0CBF6423002300202B7023
:106C8000F3E716F0040F14BF4D2358233E70237012
:106C90003A78D1070ED412F0020F14BF21233E23FD
:106CA0006370C2F3C003D20648BF43F00203A3706F
:106CB0000423E3E73C23F3E70523A6802B7084F845
:106CC00009130020D3E7A38803EB0623A380062340
:106CD000D4E70723E680F1E7E38803EB0623E380AC
:106CE0006523CBE70DF106007E70FAF74FFB39788C
:106CF000FAF744FBA7882179FAF740FB390AFAF73B
:106D00003DFBE788A179FAF739FB390AFAF736FB38
:106D10009DF80630B34206D000232B706B8003230E
:106D200084F80933CDE7002F0CBF66230A232B70AC
:106D3000012384F8093300236B80E288B2F5407F99
:106D4000BFD92B70BDE7B2F5407F3CBF1219167258
:106D50006B8801339BB26B80E2889A4201D866232C
:106D60002B700123DCE767237E80F9E74FF6FF7382
:106D7000B7F8028097F8009008EB06280DF106009E
:106D800049461FFA88F8ADF80630A7F80280FAF7EE
:106D900079FA2679B4F804A03146FAF773FA4FEA83
:106DA0001A21FAF76FFA94F806B0B4F806A059461B
:106DB000FAF768FA4FEA1A21FAF764FA797804F1D7
:106DC0000807FAF75FFA52463946FAF767FABDF84C
:106DD000063043453AD119F0040015D0002386EA65
:106DE0000B01E21D98B2824584F8081307D80223EC
:106DF000012000222A706A8084F8093337E712F8EC
:106E0000010F01334140EDE7A178F9F7ADFE21799B
:106E100084F80803F9F7A8FEA18884F80803090A92
:106E2000F9F7A2FEA17984F80803F9F79DFEE1883D
:106E300084F80803090AF9F797FE3946E28884F8CE
:106E40000803F9F797FE84F80803D0E7032300202E
:106E5000CFE700BFA81C0020CB882DE9F041B3F597
:106E6000407F04460D464BD84B783C2B41D0A3F1D4
:106E70002100434243415B002A78A71C4D2AAA788F
:106E800008BF43F00403D10748BF43F0080392074B
:106E90004FF0240222704FF06F0248BF43F01003FE
:106EA0006270A370AB883846E370AB881B0A23710D
:106EB000EB886371EB881B0AA371FAF783FB082246
:106EC000E071E988A2F108039BB2561C8B42B6B26E
:106ED00004EB02080FD30631384689B2FAF7F6F907
:106EE00088F80000000AA055E8880A3080B2BDE8A2
:106EF000F0810123C0E72B441B7AA3543246E0E71C
:106F00000020F4E710B5044624202070582060705B
:106F1000002023711B0AA170E27063710522A07129
:106F2000E071E11CF9F726FE2072092010BD40F245
:106F3000FF3370B50025A0F820367D230A2680F89F
:106F4000543A044603460560C0F80E53A0F81E5696
:106F5000A0F81C56A0F8425AA0F8445A80F8465AA5
:106F6000C0F8485AC0F84C5AC0F8505AC0F8585A9D
:106F700000F6672100F66D2011F8012F0AB1B6FB6B
:106F8000F2F2814283F8702A83F8715AC3F8745A76
:106F900003F10803F0D11522FF2104F52A6003F064
:106FA000E9FCC4F8B85A70BDF8B5134A044692F823
:106FB0003000F8B192F82B2003B1DAB18E1E04F53F
:106FC000226701F11E0536F8020FF9F76AFDAE429D
:106FD00027F8020FF7D1012384F8423A94F8453A92
:106FE00083F0010384F8433A94F8463A83F00103AE
:106FF00084F8443AF8BD00BFA800002070B5061D13
:1070000004460A4601463046FFF7F0FD18B304F681
:10701000BC2531462846FFF7AFFD0F4B02461868E6
:1070200001680E692946B04763793C2B13D1218949
:1070300004F65A2304F66622A4EB8404A4F5F7545C
:1070400006481C3C33F8025F8D4204BF056844F8D3
:1070500023509342F6D170BDDC1D0020F42C00209B
:1070600070B512480C4690F82D00451E012D0AD827
:107070000F4E8D18AC4200D170BD304614F8011B84
:10708000FFF7BCF8F6E7032809D10A4E8D18AC4289
:10709000F2D0304614F8011BFFF7B0FFF7E7064BBC
:1070A000BDE87040186803681B691847A8000020F5
:1070B00028060020D00E0020DC1D0020B0F81C3671
:1070C000B0F81E269B1A98B21B0444BF00F58060DE
:1070D00080B2003818BF012070470000094B93F8B8
:1070E0002D305A1E012A02D80748FEF7D3BB032BC6
:1070F00002D10648FFF7E2BF054B186803685B69D9
:10710000184700BFA800002028060020D00E00204D
:10711000DC1D002070B500F6BC240B4602223C2189
:107120002046FFF7EFFE054B0246186801680D691F
:1071300021462B46BDE87040184700BFDC1D0020EB
:10714000114B37B51A68D0F8483AD31A122B19D90F
:107150002023C0F8482A00F6BC2400F62220019320
:107160000090C82303223C212046FAF703FA074B7C
:107170000246186801680D6921462B4603B0BDE838
:107180003040184703B030BDF42C0020DC1D002037
:107190007FB5234B04461A68D0F84C3AD31AC72B54
:1071A0003CD94FF480731F4DC0F84C2A2846ADF8E7
:1071B0000830F9F79BFB06461B48FCF7F3FA01463B
:1071C0003046F9F7B7FC8DF80A002846F9F78EFB30
:1071D000F9F7AAFC95F8A9308DF80B0028468DF830
:1071E0000C30F9F795FB8DF80D002846F9F787FB71
:1071F000072304F6BC24019302AB03223C218DF843
:107200000E000093204641F20D03FAF7B3F9074B45
:107210000246186801680D692146A84704B070BD90
:10722000F42C0020E01D00209C1E0020DC1D00200E
:1072300030B50446204B214887B01D68FCF7C0FAE2
:1072400040F6C312D4F8503AEB1A934203D894F99B
:10725000543A83422DD00023C4F8505A84F8540A7B
:107260008DF80830F9F796FC154D04226978ADF8D1
:107270000900ADF80B000DF10D00F9F7BFFDA9787D
:1072800006220DF11100F9F7E3FD0F2304F6BC24EB
:10729000019302AB03223C210093204641F20E03EE
:1072A000FAF768F9074B0246186801680D6921462C
:1072B000A84707B030BD00BFF42C00209C1E002062
:1072C00048000020DC1D002070B5FAF75BFEFBF7DC
:1072D000A1FAFAF7B5FDFAF7A1FD2849284801F00F
:1072E00023F90024FAF78CFDFDF738F9FAF7E0FDF1
:1072F0008022244B244D5A70C5E903441C702C7520
:10730000FAF7E0FF214B4FF480461C70FAF708FDB6
:107310004FF400421E4B04F180445A6104F5883456
:107320001C48FAF739FDFAF749FE666141F28830E8
:10733000FAF744FE26614CF25030FAF73FFE164849
:10734000FBF726FA284603F057F9144C4FF47A70ED
:10735000FAF734FEFCF7C2F81148FBF799FAB4F8D3
:107360004C101048FBF76AFBFBF788F90E480F4BEF
:10737000616C1860FBF7F2F870BD00BFCE00002012
:10738000AC1C0020820300209C1E00201000002066
:1073900000040140E0930400700300204800002036
:1073A000F41C0020D91D002018000020DC1D002046
:1073B0004FF40042174B73B55A61FF21164803F092
:1073C0000DFA164C206023685B0612D5144E3579F1
:1073D0008DB108236A4600210F4803F0F7F8D6E97B
:1073E0000402DDE900139A4208BF884201D000235D
:1073F000236002B070BD02236A462946064803F0A6
:10740000E5F8084BDA8BBDF800309A4218BF2560CA
:10741000EFE700BF000401409C1E0020180600207A
:1074200038030020480000200023034A1370034A59
:107430001370034A1370704723060020D41E0020E7
:10744000780300200023024A1370024A1370704729
:1074500023060020D41E002008B5437E203B042BC9
:107460000FD8DFE803F0050E030B0F00FCF7D8FC84
:107470000123064A1370064A137002E00122054BED
:107480001A7008BDFCF71EF8F2E700BF23060020C3
:10749000D41E002078030020034B1B78012B01D160
:1074A000FCF762BC704700BF230600202DE9F043C3
:1074B000074699B03D48FCF787FF0646002860D094
:1074C0003B4B1C78002C5CD13A4B1B78022B54D1DF
:1074D0002546DFF8E4900DF10C084846ECB2FFF7C2
:1074E000FDFD40B14846FEF701FA0135522D08F87E
:1074F000010BF2D12C4631482146F9F7ECFD30481A
:10750000F9F7E3FD4FF00109DFF8A0802D4D98F861
:10751000023028468DF8003095F8A43085F8A57023
:107520008DF805308DF806708DF80190F9F7DEF9C9
:107530008DF802002846F9F7EBF98DF8030028468C
:10754000F9F7F4F9204F8DF804000EB3184B1B78AF
:10755000CBB9234669461D4803AAFCF717FB012354
:1075600018483B70F9F7F0F91648F9F7F6F90123D6
:1075700088F8033019B0BDE8F0830F48FEF7EEF944
:10758000C0E70024BEE769461048FFF785FFE6E73D
:107590003B7803B9FEE769460C48FCF743FA2846F6
:1075A00087F80090F9F7D5F92846DEE7B81E0020E5
:1075B000D41E00206B03002014000020441E002075
:1075C0001C1E0020E01D0020310300207E1D002035
:1075D00070B5CB78284DC3F3000385F8AA304B79FA
:1075E0000646C3F3801385F8AB30C8780C464008D4
:1075F000F9F7F2F985F8A60023792146C3F30003D1
:1076000085F8A73023791D48C3F3450385F8A830D2
:107610006379227903F03F035B0043EAD21385F8D4
:10762000A9301EB9BDE87040FCF730B9FCF76DF920
:10763000A37803F0F003202B04D12046BDE870406E
:10764000FFF70ABFFFF7FEFE0D4B1B78022B12D18E
:10765000A27904F119010B485208FFF701FDA17945
:1076600005F178004908F9F736FD05F15000BDE84D
:107670007040F9F72ABD70BDE01D0020FC1C002001
:107680006B0300201400002070B5054658B9194B53
:1076900019491C78194803794BB1012C28D0BDE851
:1076A0007040F9F743BF164B16491C78F2E7012CDE
:1076B000154B164E13D98A78C2F3C0025A700222B3
:1076C0001A70E31E58425841FFF782FF3046F9F71F
:1076D00007F9032C05D13046F9F705F901E001223D
:1076E0001A7086F8A4500948BDE87040F9F7F6B85A
:1076F00070BD00BF20060020301F0020380300208E
:10770000210600208B1F0020B81E0020E01D002055
:107710000A4B10B51A7904462AB1BDE8104001465B
:107720001846FCF7DBBDFFF7C1FE054B2046BDE860
:1077300010405B221B7F0349FCF7B2BD38030020D9
:10774000480000207E1D0020244B70B51A790546A4
:107750000E4632B1BDE870400A4601461846FCF7B5
:10776000A9BF5B231E4A1F49FCF790FD45BB1D487E
:10777000FCF756F8044628B31B491C48FAF754F99D
:1077800005F130011948C9B2FAF742F9184917480A
:10779000FAF74AF9204602F063FE01461348FAF769
:1077A00043F90A211148FAF733F9012C06D0042CC9
:1077B00011D0012428460F49FCF7CEFD204670BDAC
:1077C0000748D5E72EB10C48FBF7E8F80CB10224C6
:1077D000F0E70324EEE7002EF9D0F4E738030020A9
:1077E0008B1F0020301F0020F8AC00080C00002088
:1077F000FFAC0008E01D0020D91D0020024B1878C6
:10780000831E5842584170476B030020002370B517
:107810009CB2A24200D870BD058886886C1C34409A
:107820004688A6421EBFCE5C2D18AE7103F101033F
:1078300018BF0480ECE700002DE9FF47B0F81E36C2
:10784000B0F81C260446D21A93B2110444BF03F5C3
:1078500080639BB2E62B0CD8744EDFF8D49100F213
:107860001C6704F21238306803685B699847054664
:1078700010B904B0BDE8F087306803689B69984789
:1078800004F20E3102464046FFF7F0F80028EAD035
:1078900094F813333E2B52D1B4F81633B3F5005F8E
:1078A00032D194F8983A7BBB4FF0010C039304F269
:1078B000273004F69F2111F8012FFF2A0FD04FEA3D
:1078C000D20E10F80EE002F007024EFA02F2D207D2
:1078D00041BF039A0CFA03FE42EA0E0203920133FF
:1078E000152BE8D1042304F6BC2A019303AB022232
:1078F0003E210093504642F6FF73F9F77DFE514654
:1079000002463846FFF782FFB4F81633772B47D18B
:107910001522FF2104F52A6003F02CF800239C4671
:10792000B4F818E304F219359AB2964523D894F8BE
:10793000145384F898CA85F00205C5F3400594F8FD
:107940001333212B44D141F20D02B4F81633934284
:1079500036D041F20E02934236D0002D81D004F68B
:10796000BC2541462846FFF777FA294602463846A5
:10797000FFF74CFF75E7002015F801AF2D4A11798C
:10798000514507D15179142904D8214481F8A03AEE
:107990000133C9E701303B2802F10802EFD1F7E7D4
:1079A00043F201029342CAD194F81233582BC6D144
:1079B000214B1D7915B901225A71C0E70025BEE798
:1079C000012384F8453A4CE7012384F8463A48E716
:1079D0003C2BC2D1B4F816A3BAF1440FBDD194F830
:1079E0001233582BB9D13068D4F81A5303685B6A44
:1079F000984700283FF435AF4D457FF432AF0F4B29
:107A000004F6BC251B680222C4F8B83A00233E21C4
:107A1000CDE9003328465346F9F7ACFD02463068FD
:107A20000168D1F810802946C0471AE7DC1D002004
:107A300091D5120024C7000838030020F42C002040
:107A40002DE9F0473A4B04461B78022B0CD000235B
:107A5000A0F81E36A0F81C3690F86D3A13B10A2231
:107A6000B2FBF3F384F8983A324B93F82D30032BA2
:107A70002DD12046FFF7E0FE94F8422A3AB10023C8
:107A8000204684F8423ABDE8F047FFF759BB94F826
:107A9000433A33B1204684F8432ABDE8F047FFF764
:107AA00077BB94F8448AB8F1000F06D0204684F8DA
:107AB000443ABDE8F047FFF7BBBB1F4B1E68D4F844
:107AC000583AF31A632B04D8D4F8B83A4BBBBDE844
:107AD000F087254640F6AB5AC4F8586A04F65C278E
:107AE00004F1300995F8702AAAB195F8713A01337A
:107AF000DBB29A420BD885F8718AD5F8743AF31A3A
:107B0000534508D920463988FFF704FB03E085F880
:107B1000713A002BF1D008354D4507F10207E1D14C
:107B2000D2E7F61AB6F57A7FD1D9FAF791F800BF05
:107B30006B030020A8000020F42C00202DE9F04366
:107B4000904E85B03378012B00F2E1800BB9FAF743
:107B5000D3F8FFF7B9FB00228B4B07241A809A70E9
:107B60004FF40062894B5A614CF25030013CFAF7F5
:107B700091F9FAF723FA14F0FF04F5D1844802F0E2
:107B80007DFE122803D001208249FCF70DFC824BB8
:107B9000824F1C60824B7E48391D1C60FBF71DFE26
:107BA0008048FCF76BF997F82020202A00D9FEE7DF
:107BB00097F828007C4D0528796AB7F82C9097F83B
:107BC00029C097F82A30A87100D9FEE7DFF8DC81D8
:107BD00058F830E0BEF1000F00D1FEE708EBC00816
:107BE000C5F808E098F804E098F8058085F807E003
:107BF00085F80C8085F8D500A5F80E9085F8D4405E
:107C0000B9F1000F00D1FEE7724524BF0EF1FF3E2F
:107C10005FFA8EF205286A7400F0A080012800F255
:107C2000A5800CF1FF30C0B200F08F80022813D87D
:107C3000581EC0B2032809D80C2A01D90C20687438
:107C4000687C904200D96A74644608E0122A84BFB6
:107C500012236B740023F3E7052B28BF0023224671
:107C60005148F9F79FF900242C74FF25504B4E48DA
:107C70001D705D70FBF7BEFD0146454802F003FE36
:107C80004C4B4D481C704D4B1C704D4B1C804D4B4C
:107C90001C704D4B1C704D4B1C704D4B1C704D4B54
:107CA0001C704D4B1C704D4B1C70FFF7BDFB4C4BBB
:107CB000B7F84E201C704B4B97F840101C704A4B85
:107CC0001C70B7F84C30F8F7D0FDB7F84C104748A7
:107CD000F9F7F5F84648FCF76FFB464B464893F832
:107CE000291000F02EFC4548FEF7FEF94448FFF746
:107CF0001EF92748FBF764FD01464248FCF77CFA71
:107D0000414B1C80414B1C80FAF752FD3570FAF74D
:107D100059FD002800F09E80294A13880BB1013BD1
:107D20001380264B184A19781388022922D12BB3C5
:107D3000013B9BB213809278002A69D0002B71D14D
:107D4000FAF79AF8FAF7A6F86CE0022804D80C2A99
:107D500001D90C236B746446002380E70CF1FF33D8
:107D6000022BF9D8082AF6D90823F3E70E48F9F7C9
:107D7000C1F878E7002BDBD1C723DBE740F2F31330
:107D8000D8E700BF201D00201C060020000801408D
:107D90009C1E002001AD00081406002048000020B1
:107DA00018060020380300208403002084B0000857
:107DB000211D002022060020E01D00206B03002072
:107DC0006E0300206C03002068030020690300207C
:107DD0006A0300202106002020060020240600203F
:107DE0007B0300207A030020B8050020C01E00207D
:107DF000B81E0020A8000020AC1C0020280600208F
:107E0000D00E002082030020D01E0020D21E0020B1
:107E100002298E4840F094800BB9FAF72DF84FF400
:107E2000006343618A4C2388002B00F09080013B63
:107E30009BB288482380FCF78FF88748FBF7C0FC8B
:107E400001468648FCF7D8F923881BB98449854840
:107E5000F9F7EAFD844D854C297800297AD002296A
:107E600000F0AB80236853B32B78032B40F0B58030
:107E700023681B070ED500237D4A2360137843F047
:107E8000010111707B4A92F85A200AB19F0701D56F
:107E900000232B70236893B12368190648BF236819
:107EA00023685A0648BF23682368734A1B0748BFE4
:107EB000236800231370714A23602B701370704B7A
:107EC0001A7802F0FF07002A00F01C8200201870C8
:107ED0006A4B1E7806F1FF3CDCF1000848EB0C0809
:107EE000002E00F09380FFF7CFFB0023654A012EA0
:107EF000137205D8644A1377D3831362634A1370ED
:107F0000634C2278012A00F2D380012E16D9614EEB
:107F100096F8A8303E2B00F282805F4996F8A76061
:107F2000087C002E40F08980834273D04A7C0B7419
:107F30009A4298BF0023B84698BF0B740027C1E04F
:107F40004FF480524261002B7FF46CAFFAE640F2AE
:107F5000E7336EE74E4B1B7843B14F4A137C507C9E
:107F60000133DBB29842137498BF11744A48FBF78F
:107F700041FC00270146384802F085FCF9F702FF72
:107F80000D2101230DF10F0233488DF80F7002F01F
:107F9000B1FAFF21304802F01BFC2F4802F046FCEA
:107FA0007D20FAF70BF801232B70334B1F70334BF6
:107FB0001F703A4B1F60276054E73948FCF72CF9D3
:107FC000304B187AFFF7A4FB03232B700023284AB9
:107FD0001370324A1360236044E7012B7FF45AAFD9
:107FE000236858067FF556AF234B00201978206090
:107FF000B1FA81F14909FFF7A7FB204B032818705C
:108000007FF448AF144802F043FC43E70122254BBC
:108010001A706AE72448017841F001010170234990
:10802000002A40F08F803F2B4FF001000A7028BFDC
:1080300003221D4B20701A703DE083427FF476AF1F
:108040001948017841F00201E8E700BF000801404B
:10805000D01E0020380300209C1E00208203002038
:108060000BAD00080C00002022060020180600209E
:1080700024060020480000202106002020060020C1
:1080800079030020C01E002028060020D00E00200A
:108090006B030020E01D0020840300201406002054
:1080A000211D0020B81E0020680300206C03002062
:1080B000012E7FF643AF7D4BB3F850207C4B1A80E6
:1080C00002232B702378002B64D1B8F1000F00D06D
:1080D0002B707849754A0B78B2F852200133DBB225
:1080E00093420B70744B0ADB1A7C587C0132D2B27B
:1080F000904298BF00221A7400220A702A7093F8E6
:10810000D420002A52D0B3F8D820B3F8D6100132C8
:1081100092B29142A3F8D82048D80022A3F8D820E0
:10812000062293F8D500D9890130C0B2062828BFAD
:10813000002041FA00F6F60734D5604A52F83020A4
:10814000EAB9FEE70B785E4801330278DBB20B70C8
:108150006AB9564A92F854209A42ACD8594B1B78C7
:10816000032B06D10223237001230370A3E705220A
:10817000F2E7531EDBB29A420B70F3D99BE783F808
:10818000D500F8F7B5FF5048FBF796FE00232B709B
:1081900023785BB1464B1B8843B9464A2370137062
:1081A0002B7003E0013A12F0FF02BDD10022474BD1
:1081B0001A702278002A00F023811FB901221A7058
:1081C00002232B704248FBF7C9FA2378022B02D016
:1081D0000022404B1A70404A138813B9334BB3F84E
:1081E0004E30013B9BB2138013B93C48F8F7C1FBFA
:1081F0003A48F8F772FB2378022B0BD03748F8F790
:108200001CFB237833B9FFF71DF90123344A13709F
:10821000344A1370344E3046FAF724FB72782A4BF6
:10822000012A04D100217170197901B95A712648C7
:10823000FBF7BCFEFBF7D2FE0128064607D002285A
:108240002FD00522294B1A7005B0BDE8F083174FD7
:108250001D48FBF74BFEB7F84C30254A03EB830370
:1082600003EB83039B0023481380FAF797FB41F24B
:108270008833B7F84C10104AB3FBF1F3A2F8D630AC
:1082800000234FF4805182F8D460A2F8D8301A4A03
:1082900011614FF400615161184A237096702B7080
:1082A000CFE70122164B1A70CBE700BF4800002031
:1082B0006E030020690300208403002084B00008BE
:1082C0006A0300206803002038030020B80500205E
:1082D0009C1E0020B81E0020D21E0020E01D0020A1
:1082E00023060020D41E0020F41C00207B03002065
:1082F00044000020D91D0020000801401C06002079
:10830000780300204149424A0B781BB1013BDBB2A4
:108310000B7013B11378002B34D000243D4D3E4830
:1083200095F82810147000F037F93C4B1B78022B9D
:1083300045D13B4F3B4897F80090F8F7D7FA804675
:108340003848F8F7E5FA23464A463749CDE9008030
:10835000314800F039FC3048FCF766F923463A789A
:1083600032493348FDF74AFA23463A782F493148D3
:10837000FEF71AFE95F8263095F833202A492E4844
:10838000FBF76AFF244800F02FFD2948FEF7CCFADE
:108390002848FFF755FB294B1B78002B3FF454AFBF
:1083A0002748FBF7DBF94FF40062264B1A614FF4C4
:1083B00080521A61FBF776F80123337044E7224BB1
:1083C0001B78C3B16FF07E030093012316491A4650
:1083D0001148019400F0F8FB0F4800F0F4F8012375
:1083E00012491A461248FDF709FA01230F491A46A5
:1083F0001048FEF7D9FD95F826200F4B5A70C1E7BB
:108400002B7813F0FD0F3FF4DDAEE1E67B03002097
:108410007A030020A8000020AC1C00206B03002081
:10842000B8050020E01D0020FC1C0020D01C00200E
:1084300028060020D00E0020211D002078030020F7
:108440009C1E0020000801406A03002008B5FFF7C9
:1084500075FBFCE710B51F4B1F4A204C1A602046E5
:1084600002F040F81E4B1F4A23601F4B1F4C1A603E
:108470005A619A62DA631A651D4A20465A669A67FB
:108480001C4AC3F88C2000F043F8002240F2FF1190
:10849000194B2360194BC3F8E824C3F8EC14184BAC
:1084A00040F2FF31C3F81C26C3F8502A7D2283F81E
:1084B000542A144AC3F82016506A916A03F65C24C1
:1084C00003C4D06A2060106B928EC3F8680AA3F8C8
:1084D0006C2A10BD7003002018AD00089C1E0020FF
:1084E00028AD000888AC0008E01D0020AC1C00206E
:1084F00070AC00087CAC0008A8AD0008280600207D
:10850000D00E00206CAA00087047002070470000C1
:1085100010B50446034B012140F8043BF8F73AF943
:10852000204610BD04C9000838B524220D46FF239B
:108530000021044603618182104402F01BFAE560C9
:1085400038BD38B50D46017C0446A94215D0012935
:1085500018D0022912D011B903685B68984700232C
:10856000012D6374257413D0022D0ED02DB923680C
:108570005B68012120469847607438BD0368DB685A
:108580000021EBE703689B68FAE72368DB68F0E704
:10859000236829469B68EDE70430F8F709B9037CA6
:1085A00010B5012B0ED100F1160301F10C0251F8A8
:1085B000044B914243F8044BF9D10A881A8040F2E7
:1085C0000113438210BD037C012B0BD148F28113B0
:1085D0004FF40142C3820023C0E90632038440F213
:1085E000011343827047F0B5054689B008880C46F0
:1085F00016461F46F8F746FA9DF806308DF8050036
:1086000023F00703C0F30220034360888DF806308F
:10861000F8F738FA9DF8063000F01F0203F0070360
:1086200043EAC2038DF806309DF80730C0F34510C9
:1086300023F03F030343A0888DF80730F8F722FAB0
:108640009DF8073000F0030203F03F0343EA821372
:108650008DF80730C0F387038DF808309DF8093096
:10866000C0F3802023F001030343E0888DF8093034
:10867000F8F708FA9DF8093000F07F0203F00103D3
:1086800043EA42038DF809309DF80A30C0F3C31065
:1086900023F00F03034320898DF80A30F8F7F2F92D
:1086A0009DF80A3000F00F0203F00F0343EA0213B3
:1086B0008DF80A309DF80B30C0F3061023F07F03CD
:1086C000034360898DF80B30F8F7DCF99DF80B3027
:1086D00000F0010203F07F0343EAC2138DF80B3070
:1086E000C0F347038DF80C309DF80D30C0F34120E6
:1086F00023F003030343A0898DF80D30F8F7C2F986
:108700009DF80D3000F03F0203F0030343EA8203BB
:108710008DF80D309DF80E30C0F3841023F01F0348
:108720000343E0898DF80E30F8F7ACF99DF80E3070
:1087300000F0070203F01F03C0F3C70043EA42132F
:108740008DF80F00208A8DF80E30F8F79BF99DF810
:1087500011308DF8100023F00703C0F3022003430B
:10876000608A8DF81130F8F78DF99DF8113000F01E
:108770001F0203F0070343EAC2038DF811309DF88E
:108780001230C0F3451023F03F030343A08A8DF855
:108790001230F8F777F99DF8123000F0030203F079
:1087A0003F0343EA82138DF81230C0F387038DF83C
:1087B00013309DF81430C0F3802023F001030343ED
:1087C000E08A8DF81430F8F75DF99DF8143000F068
:1087D0007F0203F0010343EA42038DF814309DF851
:1087E0001530C0F3C31023F00F030343208B8DF823
:1087F0001530F8F747F99DF8153000F00F0203F037
:108800000F0343EA02138DF815309DF81630C0F3BC
:10881000061023F07F030343608B8DF81630F8F7C2
:1088200031F99DF8163000F0010203F07F0343EAAE
:10883000C2138DF81630C0F347038DF817309DF83A
:108840001830C0F3412123F003030B43A08B8DF8B4
:108850001830F8F717F99DF8183000F03F0203F0D0
:10886000030343EA82038DF818309DF81930C0F3F2
:10887000841023F01F030343E08B8DF81930F8F7C1
:1088800001F99DF8193000F0070203F01F0343EAD5
:1088900042138DF8193040F2A953218C628C994211
:1088A0008CBF01210021C0F3C7009A428DF81A0045
:1088B00088BF41F002010EB141F004010FB141F057
:1088C00008010F238DF8043000238DF81C302B682D
:1088D0008DF81B10192228461B6801A9984709B07A
:1088E000F0BD000030B5054689B008880C46F8F7A1
:1088F000D6F89DF808308DF8070023F00703C0F381
:108900000220034360888DF80830F8F7C8F89DF816
:10891000083000F01F0203F0070343EAC2038DF89A
:1089200008309DF80930C0F3451023F03F0303439E
:10893000A0888DF80930F8F7B2F89DF8093000F0FA
:10894000030203F03F0343EA82138DF80930C0F3BA
:1089500087038DF80A309DF80B30C0F3802023F098
:1089600001030343E0888DF80B30F8F798F89DF881
:108970000B3000F07F0203F0010343EA42038DF85D
:108980000B309DF80C30C0F3C31023F00F030343EA
:1089900020898DF80C30F8F782F89DF80C3000F043
:1089A0000F0203F00F0343EA02138DF80C309DF819
:1089B0000D30C0F3061023F07F03034360898DF868
:1089C0000D30F8F76CF89DF80D3000F0010203F05F
:1089D0007F0343EAC2138DF80D30C0F347038DF8CF
:1089E0000E309DF80F30C0F3412023F00303034302
:1089F000A0898DF80F30F8F752F89DF80F3000F08D
:108A00003F0203F0030343EA82038DF80F309DF821
:108A10001030C0F3841023F01F030343E0898DF866
:108A20001030F8F73CF89DF8103000F0070203F022
:108A30001F03C0F3C70043EA42138DF81100208AD8
:108A40008DF81030F8F72BF89DF813308DF81200E0
:108A500023F00703C0F302200343608A8DF813302C
:108A6000F8F71DF89DF8133000F01F0203F007031C
:108A700043EAC2038DF813309DF81430C0F345105B
:108A800023F03F030343A08A8DF81430F8F707F86A
:108A90009DF8143000F0030203F03F0343EA821311
:108AA0009DF816208DF81430C0F387038DF815302B
:108AB00022F00102C0F380231343E08A8DF81630C0
:108AC000F7F7EDFF9DF8163000F07F0203F0010389
:108AD00043EA42038DF816309DF81730C0F3C310F7
:108AE00023F00F030343208B8DF81730F7F7D7FFE0
:108AF0009DF8173000F00F0203F00F0343EA021352
:108B00008DF817309DF81830C0F3061023F07F035E
:108B10000343608B8DF81830F7F7C1FF9DF81830CC
:108B200000F0010203F07F0343EAC2139DF81A200C
:108B30008DF81830C0F347038DF8193022F0030286
:108B4000C0F341231343A08B8DF81A30F7F7A7FF2A
:108B50009DF81A3000F03F0203F0030343EA82035A
:108B60008DF81A309DF81B30C0F3841023F01F03DA
:108B70000343E08B8DF81B30F7F791FF019B0DF15C
:108B8000060103F07F420F4B134301939DF81B3006
:108B900000F0070203F01F03C0F3C70043EA4213CB
:108BA0008DF81C00172200208DF81B30F7F7E2FF2C
:108BB0002B688DF81D001A2228461B6801A99847CA
:108BC00009B030BDC81816002DE9F04700F12407A0
:108BD0001E4604463B469DF920A09DF824909046F1
:108BE00001F1240251F8040B914243F8040BF9D12E
:108BF000251D39462846F7F7FFFDE1684B7966B138
:108C0000042B77D8DFE803F07C76345C0300002681
:108C10004FF00423B046C4E90933E3681D796B1EA5
:108C20000B2B07D85046F7F703FF0435EDB204EBE2
:108C300045056884E3681D7B6B1E0B2B07D84846EF
:108C4000F7F711FF0435EDB204EB45056884637C4A
:108C5000002B55D0237C012B46D013F0FD0F4FD1B4
:108C60003346424639462046BDE8F047FFF7BBBCD5
:108C70004FF0780C01F1130304F1220001F11F05FC
:108C800013F9012FC2EB822292FBFCF2AB4202F5F8
:108C9000806220F8022FF3D140F2FF7504F13A020E
:108CA000233113F8010F48B102280CBF28464FF4B6
:108CB0008060994222F8020FF3D1AEE70120F8E775
:108CC0004FF4806104F1220304F1460223F8021FED
:108CD0009342FBD102212846F7F7ACFD0023103068
:108CE00004EB4000838098E739462046BDE8F04712
:108CF000FFF7F8BD042B90D813F0FD0F8DD0E9E7F6
:108D0000BDE8F08730B54B7B0546032B0C4685B09C
:108D100042D191F90000F7F707FF8DF8030094F9AD
:108D20000100F7F701FFA3788DF804008DF80530F6
:108D3000E378207B8DF8063023798DF80730F7F73C
:108D4000EBFE8DF8080094F90600F7F7C0FE8DF8E9
:108D5000090094F90700F7F7E7FE237A8DF80A0077
:108D60008DF80B30637A0DF102018DF80C3040F66E
:108D7000C843ADF8003014230B2200208DF80230D8
:108D8000F7F7F8FE2B688DF80D000E22694628468D
:108D90001B68984705B030BD022B03D1FF238DF827
:108DA0000330BCE791F90000F7F7BEFE8DF8030031
:108DB000FF20B8E7837C10B5044633B1F9F724FDF2
:108DC000E37C1BB10023A082E37410BDA28A801A49
:108DD00080B2B0F57A6FF8D92046A37404F1160179
:108DE000BDE81040FFF78EBF427C22B1037C012B0F
:108DF00001D1FFF7DFBF704710B590B014220021FA
:108E000008A801F0B7FD1422002101A801F0B2FD6D
:108E100002244FF480330122CDE90D43CDE906232E
:108E20004FF4801306A80A920F9300F01FFD08B1BB
:108E300072B6FEE70F23CDE901344FF4806303904F
:108E4000CDE90430214601A800F0D8FE08B172B681
:108E5000FEE710B010BD000007B500F0A5F8FFF761
:108E6000CBFF0C4B9A6942F020029A619A6902F09A
:108E700020020192019A9A6942F004029A619B6968
:108E800003F004030093009B03B05DF804EBFFF7CD
:108E9000DDBA00BF001002400E4B82B09A6942F06A
:108EA00001029A619A6902F001020092009ADA695D
:108EB00042F08052DA61DB69074A03F08053019384
:108EC000019B536823F0E06343F00073536002B0EA
:108ED000704700BF0010024000000140FEE7FEE7BF
:108EE000FEE7FEE7FEE7704770477047F9F77ABC88
:108EF00070470000FFF7FCFF0B480C490C4A0023A9
:108F000002E0D458C4500433C4188C42F9D3094A3F
:108F1000094C002301E013600432A242FBD301F0AC
:108F20005FFDFFF799FF7047000000202800002038
:108F300068C9000828000020382D0020FEE770478F
:108F400010B54FF0FF320024044B1A611C61DA6047
:108F5000DC60FFF7F4FF204610BD00BF00100240A8
:108F600038B50E4B05461A784FF47A73B3FBF2F31B
:108F70000B4A1068B0FBF3F000F070F8044658B9E3
:108F80000F2D09D8024629464FF0FF3000F036F881
:108F90002046044B1D6038BD0120FCE72000002066
:108FA0001C00002024000020074A08B51368032095
:108FB00043F01003136000F00FF80F20FFF7D0FF0D
:108FC000FFF76AFF002008BD00200240014B18682F
:108FD000704700BFF42C002007490302CA6803F45D
:108FE000E06322F4E0621204120C134343F0BF6307
:108FF00043F40033CB60704700ED00E0154B30B513
:10900000DC68C4F30224C4F10703251D042B28BF28
:109010000423062D4FF0FF3594BF0024033C05FACE
:1090200003F321EA0303A54022EA0502A340002836
:1090300043EA0203ACBF00F16040074A4FEA031362
:10904000DBB2ABBF00F5614000F00F0080F80033E9
:10905000135430BD00ED00E014ED00E00138B0F134
:10906000807F0BD24FF0E023F021054A586182F84F
:1090700023100020072298611A6170470120704771
:1090800000ED00E0114AD36813F0100305D0104939
:10909000CB6943F00203CB611023D268500706D599
:1090A0000B4943F00403CA6942F00102CA61074A4E
:1090B000D169C90708D50648C16941F00401C161F9
:1090C000D16921F00101D161D360704700200240D5
:1090D000F82C0020064B186910F0800007D0054AD4
:1090E0005A6002F188325A601869C0F3C0107047A4
:1090F0000020024023016745034A0020136943F022
:1091000080031361704700BF0020024070B5054620
:10911000FFF75CFF0646114CE368D80712D4E368FA
:10912000990644BF2023E360E368DA0606D4E369C6
:10913000DB0703D4E06810F0040007D0FFF7A2FFBC
:10914000012003E06B1CE7D00DB9032070BDFFF7D1
:109150003DFF801BA842DFD9F7E700BF0020024097
:109160000022064BDA61064B1A6942F002021A61CC
:1091700058611A6942F040021A617047F82C0020C9
:10918000002002402DE9F041264F05463B7E8846EF
:10919000012B44D001243C7603684CF25030022B62
:1091A0001AD1FFF7B3FF20B1012000233B76BDE8C1
:1091B000F0811D4CF86123694CF2503043F00403F8
:1091C0002361236943F040032361FFF79FFF236975
:1091D00023F004032361E8E7FFF798FF0028E3D1B9
:1091E0004FF0FF33C8F800302046AE680E4CD5E98A
:1091F000023203EB8223B342D7D93046FFF7B0FFE8
:109200004CF25030FFF782FF236923F00203236101
:1092100010B1C8F80060C8E706F58066E7E70220ED
:10922000C5E700BFF82C00200020024001680022A2
:109230004B6913F4806310D06FF480634B6120237B
:10924000026380F83D3080F83E20036C80F83C20BB
:1092500043F00403036401207047184670472DE96A
:10926000F84606460F4691461D464FEA114A3368B6
:10927000BAF1010F0CBF5C699C6927EA0404A4B22F
:10928000B4FA84F46409A14501D0002025E06A1CE9
:10929000EED0FFF79BFE089BC01AA84201D8002D14
:1092A000E5D13368BAF1010F0CBF5B699B6927EA0E
:1092B00003039BB2B3FA83F35B099945D7D100232B
:1092C00020220120336386F83D2086F83E30326C40
:1092D00086F83C3042F020023264BDE8F8862DE981
:1092E000F04104460F46164698462568686927EA05
:1092F000000080B2B8B16B695A0516D52B682022E0
:1093000043F400732B606FF480636B61002323636D
:1093100084F83D2084F83E30226C42F004020120A3
:10932000226484F83C30BDE8F081731CDED0FFF786
:109330004DFEA0EB0800B04201D8002ED5D1236825
:109340005A6927EA020292B2002ACED000232022D4
:10935000236384F83D2084F83E30226C42F02002E2
:10936000DDE770B504460D46164623685B691B06AB
:1093700001D5002070BD2046FFF758FFC8B96A1C10
:10938000F3D0FFF723FE801BA84201D8002DECD1BB
:1093900023685B6913F08003E7D12022236384F8FC
:1093A0003D2084F83E30226C84F83C3042F02002AC
:1093B00022640120DEE770B504460D461646236898
:1093C0005B695B0701D5002070BD2046FFF72EFFCB
:1093D000C8B96A1CF3D0FFF7F9FD801BA84201D879
:1093E000002DECD123685B6913F00403E7D1202240
:1093F000236384F83D2084F83E30226C84F83C30AE
:1094000042F0200222640120DEE7000070B504462D
:1094100008B9012070BD90F83D3003F0FF021BB980
:1094200080F83C20F9F734F9242384F83D30236890
:109430001A6822F001021A601A6842F400421A60A7
:109440001A6822F400421A6000F074FC3F4B656811
:109450009D4294BF3E4B3F4B98428CBF002301235B
:10946000002BD6D1394E3C4BB542B0FBF3F388BF4D
:109470004FF496762268516821F03F0141EA0301DA
:1094800082BF73434FF47A76B3FBF6F35160116AEF
:10949000013321F03F010B431362D169431E2B4876
:1094A00021F44F41854221F0FF0132D86D00B3FB1A
:1094B000F5F340F6FC700133034242D0C3F30B03D3
:1094C0001943D1611168D4E9073021F0C001034389
:1094D0000B4313609168D4E9030321F40341034370
:1094E00021F0FF010B439360D168D4E9053021F0EE
:1094F000FF0103430B43D3601368002043F00103D3
:1095000013602023206484F83D30206384F83E00FB
:1095100080E7A06850B905EB4505B3FBF5F30133CF
:10952000C3F30B037BB143F40043C9E7192068433D
:10953000B3FBF0F30133C3F30B0323B143F4404314
:10954000BEE70423BCE70123BAE700BFA086010001
:109550007F841E00FF083D0040420F002DE9F043CC
:10956000044685B098460D4691460C9FFFF72EFDA8
:1095700094F83D300646202B04D00225284605B03D
:10958000BDE8F08300901923012220465B49FFF7D4
:1095900066FE0028F1D194F83C30012BEDD0012378
:1095A000216884F83C300B68DA075EBF0B6843F033
:1095B00001030B600B6823F400630B60212384F824
:1095C0003D30102384F83E3000232364A4F82A8021
:1095D000638DC4F824902385494BE362E36A082B2A
:1095E00004D0012B02D013F5803F04D10B6843F463
:1095F00080730B6002E0236B122BF7D000223B46F6
:109600004FF0011120460096FFF729FE226838B17D
:109610001368DB0544BF4FF4007323640125ADE7F5
:109620002369B3F5804F21D105F0FE05156133465E
:109630003A4620463349FFF752FE05460028EDD151
:10964000236803905A6903929B690393039B238DBC
:10965000F3B921680A6842F400720A60202284F893
:109660003C3084F83D2084F83E3087E7EB1103F06E
:10967000060343F0F0031361204633463A4622497D
:10968000FFF72DFE0028C9D12368EDB21D61CEE79A
:10969000324639462046FFF764FE40B1236C042B66
:1096A000BCD12268136843F400731360B6E7636AA1
:1096B00020681A4612F8011B01616262628D013A4C
:1096C00092B26285228DD0F814C0511E89B21CF06E
:1096D000040F21850AD049B15978023301616362D0
:1096E000638D023A013B9BB263852285324639463F
:1096F0002046FFF760FE0028A9D0CFE70200100047
:109700000000FFFF02000100080001002DE9F04FFA
:10971000044685B01F4688469246FFF757FC94F8EA
:109720003D300546202B03D0022005B0BDE8F08F68
:1097300000901923012220464A49FFF790FD002896
:10974000F2D194F83C30012BEED0012384F83C3068
:10975000236800261A68DFF80CB1D20758BF1A68D0
:1097600008F0FE085CBF42F001021A601A6822F499
:1097700000621A60242384F83D303B4B2664E36288
:1097800022684FF001111368204643F48073136080
:109790003B4600220095FFF762FD236838B11B6845
:1097A000DB0502D54FF4007323640320BDE7C3F843
:1097B0001080FFF70BFC4FF0A009054623685A699B
:1097C0005B69C2F34002C3F3802394F83D10A029E3
:1097D00001D013431DD04FF02009236884F83D9039
:1097E0005A6912F0020F1A6842F400721A6025D00A
:1097F000002203925A69204603929B690122039337
:10980000039B184919230095FFF729FD88B1012012
:109810008BE7FFF7DBFB401BB84200D80FB984F899
:109820003D9023685A695B69C2F34002C3F3802309
:10983000CBE784F83D9084F83C0076E76FF48062D3
:1098400059465A612046192301220095FFF707FD6A
:109850000028DCD10136564592D384F83D9084F837
:109860003C00D4E7020010000000FFFF2DE9F341A7
:10987000054638B30368DB0710D42B689F075ED416
:109880002B68190700F195802B685A0700F1C180F9
:10989000E869002840F02C81002029E0904C6368A2
:1098A00003F00C03042B07D0636803F00C03082BB0
:1098B0000AD16368DE0307D523689C03DDD56B6896
:1098C000002BDAD1012013E06B68B3F5803F12D191
:1098D000236843F480332360FFF778FB0646236850
:1098E0009803CAD4FFF772FB801B6428F7D90320C2
:1098F00002B0BDE8F0819BB9236823F48033236074
:10990000236823F480232360FFF760FB0646236867
:109910009903B2D5FFF75AFB801B6428F7D9E6E715
:10992000B3F5A02F236803D143F480232360CFE74E
:1099300023F480332360236823F48023CBE7684C2F
:10994000636813F00C0F07D0636803F00C03082B57
:1099500010D16368DA030DD423689B0702D52B6905
:10996000012BAFD123686A6923F0F80343EAC203ED
:10997000236085E72A695B4B6AB101221A60FFF711
:1099800025FB064623689F07ECD4FFF71FFB801BCF
:109990000228F7D9ABE71A60FFF718FB06462368E1
:1099A00098077FF56DAFFFF711FB801B0228F6D9F2
:1099B0009DE7AA694A4E4B4BE2B10122C3F88024CD
:1099C000FFF704FB0446736A9B070DD54FF4FA5268
:1099D000454B1B68B3FBF2F3019300BF019B5A1E7A
:1099E0000192002BF9D14FE7FFF7F0FA001B022894
:1099F000E9D97CE7C3F88024FFF7E8FA0446736AE4
:109A00009F077FF541AFFFF7E1FA001B0228F6D967
:109A10006DE7334CE369D80024D40127E36943F0B0
:109A20008053E361E36903F080530093009B2F4E62
:109A30003368D90518D5EB68012B26D1236A43F08A
:109A400001032362FFF7C2FA41F288380646236A0F
:109A50009B073FD5002F3FF41BAFE36923F08053F2
:109A6000E36115E70027E2E7336843F4807333606E
:109A7000FFF7ACFA80463368DA05DCD4FFF7A6FAC4
:109A8000A0EB08006428F6D931E7ABB9236A41F2AC
:109A9000883823F001032362236A23F0040323623E
:109AA000FFF794FA0646236A9807D3D5FFF78EFA94
:109AB000801B4045F7D91AE7052B236A03D143F0F1
:109AC00004032362BAE723F001032362236A23F02D
:109AD0000403B6E7FFF77AFA801B4045B7D906E7DB
:109AE00000100240000042421C00002000700040B4
:109AF0002A4C636803F00C03082B3ED00022284B4D
:109B000002281A662CD1FFF761FA064623689901EC
:109B100020D42B6AB3F5803F05D16268A96822F48E
:109B200000320A436260696A62680B4322F474126D
:109B30001343012263601A4B1A66FFF747FA054682
:109B400023689A013FF5A8AEFFF740FA401B0228B0
:109B5000F6D9CCE6FFF73AFA801B0228D6D9C6E63A
:109B6000FFF734FA054623689B017FF595AEFFF7B2
:109B70002DFA401B0228F6D9B9E601283FF4B8AE09
:109B800063682A6A03F4803191427FF49BAE6A6A6B
:109B900003F4701393423FF47FAE93E6001002404B
:109BA000000042420F4A536803F00C01042914D00C
:109BB000082914D10C48C3F38341DB03405C09D569
:109BC00053680A4AC3F340435043094AD35CB0FB8D
:109BD000F3F07047074B58437047044870470648F6
:109BE000704700BF001002402CC90008001BB700DE
:109BF0003CC9000800093D0000127A002DE9F0413F
:109C00000D46044610B90120BDE8F081444A1368AE
:109C100003F007038B4228D321688E0730D4CA078C
:109C200043D43F4A136803F00703AB4265D8226868
:109C30003C4D12F0040F6CD1130706D56B682269F6
:109C400023F4605343EAC2036B60FFF7ABFF6B681A
:109C5000354AC3F30313D35CD840344B1860344BFC
:109C60001868FFF77DF90020CEE7136823F007039B
:109C70000B431360136803F007038B42C3D1CBE798
:109C8000284B11F0040F1EBF5A6842F4E0625A607C
:109C9000080742BF5A6842F460525A605A68A06886
:109CA00022F0F00202435A60B9E762681D4E012AB1
:109CB00033681AD113F4003FA5D0736841F2883895
:109CC00023F0030313437360FFF780F907467368BB
:109CD000626803F00C03B3EB820FA2D0FFF776F9B2
:109CE000C01B4045F3D903208EE7022A02D113F0AE
:109CF000007FE1E713F0020FDEE7136823F00703AC
:109D00002B431360136803F00703AB427FF47BAF70
:109D10008DE76B68E16823F4E0630B436B608BE7CE
:109D2000002002400010024014C900081C0000205E
:109D300024000020044B054A5B68C3F30223D35C74
:109D4000034A1068D84070470010024024C9000838
:109D50001C000020224B98420BD103F58433DA68B3
:109D600042F00402DA60DA6822F004020020DA60CD
:109D700070471C4B984209D103F58233DA6842F0F0
:109D80000802DA60DA6822F00802EFE7164B984220
:109D900009D103F58033DA6842F01002DA60DA683C
:109DA00022F01002E2E7114B984209D103F57C43FF
:109DB000DA6842F02002DA60DA6822F02002D5E7A1
:109DC0000B4B984209D103F57843DA6842F0400220
:109DD000DA60DA6822F04002C8E70120704700BF6D
:109DE00000080140000C0140001001400014014037
:109DF000001801402DE9F04F0D680446C5F30F250A
:109E000095FAA5F24FF00F0AB2FA82F203274FF04B
:109E1000040C4FF0011E40F2011835FA02F001D196
:109E2000BDE8F08F012393402B4265D0072A88BFFD
:109E3000A2F108034E688ABF0EFA03F308FA02F390
:109E400043F08063082E0ED1E0684FEA132920EA20
:109E5000132B99FAA9F9B9FA89F9086900FA09F0F6
:109E600040EA0B00E0604FEA136954F8090093FAE6
:109E7000A3FBBBFA8BFB4FEA8B0B0AFA0BFB20EA26
:109E80000B0093FAA3FBBBFA8BFB4FEA8B0B06FA92
:109E90000BF6064344F80960486820F008000128E2
:109EA0002AD1886893FAA3FBBBFA8BFB4FEA8B0B92
:109EB00007FA0BFB26EA0B0693FAA3FBBBFA8BFB14
:109EC0004FEA8B0B00FA0BF0304344F80900CE68E0
:109ED00093FAA3FBBBFA8BFB4FEA8B0B0CFA0BFB41
:109EE00020EA0B0B93FAA3F3B3FA83F39B009E4093
:109EF00046EA0B0644F8096001328EE7144B1A68F3
:109F000042F001021A601A689207FCD55A6822F0E2
:109F100003025A605A6812F00C0FFBD11A6822F043
:109F200080721A60186810F00070FBD158601A68CF
:109F300022F450221A601A6822F0F80242F08002DD
:109F40001A6098605A6A42F080725A62704700BF85
:109F500000100240034B044A5B68C3F30313D35C55
:109F6000D84070470010024014C90008034B044A4F
:109F70005B68C3F30223D35CD840704700100240F3
:109F800024C90008034B044A5B68C3F3C223D35CB3
:109F9000D84070470010024024C90008094A53689D
:109FA000DB0341BF53680848C3F34043013348BF54
:109FB000B0FBF3F0536858BF0448C3F38343023344
:109FC0005843704700100240001BB70000093D00D5
:109FD000064B5B6803F00C03042B03D0082B03D162
:109FE000FFF7DCBF0248704702487047001002408C
:109FF000001BB70000127A0010B50146FFF7E8FF1A
:10A000000860FFF7A7FF48600446FFF7AFFF8860CE
:10A010002046FFF7B7FFC86010BD00000F4B984205
:10A020000BD103F56043DA6842F48052DA60DA68F3
:10A0300022F48052DA6000207047094B98420AD11E
:10A0400003F5EC331A6942F480421A611A6922F46A
:10A0500080421A61EFE70120704700BF00300140E5
:10A060000038004002460068F0B510F0400023D1EF
:10A07000D1E900373B438F684D693B43CF68166891
:10A080003B430F690C6A3B438F692B433B43CF69CA
:10A0900026F47F463B43234326F0BF063343136039
:10A0A0005368B4F5005F23F0040343EA154353609B
:10A0B00001D18B8C1361F0BD0120FCE71A4A0368C3
:10A0C00090420AD0B0F1804F07D0A2F5943290426E
:10A0D00003D002F58062904215D14A6823F07003E4
:10A0E0001343114A90420AD0B0F1804F07D0A2F535
:10A0F0009432904203D002F58062904203D1CA6844
:10A1000023F44073134303608B68C3620B8883623C
:10A11000054B984204BF0B690363436943F0010395
:10A1200043610020704700BF002C0140B1F5807FE3
:10A1300030B500F0908005D801292AD0102958D0D8
:10A14000012030BDB1F5805FFAD1036A156823F4B0
:10A1500080530362036A4468C16923F4005321F405
:10A16000E64141EA0521156943EA0533556823F4C0
:10A17000805343EA0533504DA84204BF956924F447
:10A180008044D26808BF44EA85144460C161026417
:10A190002CE0036A156823F001030362036A416837
:10A1A000846923F0020324F073042C4315692B43C4
:10A1B000556823F001032B433F4DA84212D1556946
:10A1C00023F0080343EA8503956823F0040343EA78
:10A1D0008503956921F480712943D56921F40071C3
:10A1E00041EA4501D2684160846142630362002014
:10A1F000A7E7036A156823F010030362036A416846
:10A20000846923F0200324F4E64444EA0524156914
:10A2100043EA0513556823F0100343EA0513264D5E
:10A22000A84213D1556923F0800343EA851395684A
:10A2300023F0400343EA8513956921F4806141EAE4
:10A240008501D56921F4006141EAC501D268416008
:10A2500084618263CAE7036A156823F4807303622A
:10A26000036A4168C46923F4007324F073042C4327
:10A27000156943EA0523556823F4807343EA0523EF
:10A280000D4DA84213D1556923F4006343EA852399
:10A29000956823F4806343EA8523956921F480510E
:10A2A00041EA0511D56921F4005141EA4511D2680E
:10A2B0004160C461C26399E7002C0140154B98428C
:10A2C0000BD103F55843DA6842F48042DA60DA6869
:10A2D00022F48042DA60002070470F4B98420AD186
:10A2E00003F5E6331A6942F400321A611A6922F45E
:10A2F00000321A61EFE7094B984209D103F5E433C4
:10A300001A6942F480221A611A6922F48022F0E765
:10A3100001207047003801400044004000480040E0
:10A3200030B5C36804469B040D4685B002D50120B4
:10A3300005B030BD4B68C968C2680B43296922F477
:10A34000B0520B4322F00C021343C3600369AA68A6
:10A3500023F440531343036143696A6923F4407350
:10A36000134343616846FFF747FE134B9C4219D1E4
:10A37000039B002BDBD02A68002AD8D019214B433D
:10A380009200B3FBF2F36422B3FBF2F102FB113350
:10A390001B013233B3FBF2F303EB01139BB200203A
:10A3A000A360C5E7054B9C4201D1029BE1E7044B4A
:10A3B0009C42BCD1F9E700BF003801400044004096
:10A3C0000048004030B5302442F20F75A84212D840
:10A3D0000C703021B0F57A7F14D2117030226328CE
:10A3E00016D81A703023092817D8039A3030137002
:10A3F000049B187030BDA0F51C5001341038E4B235
:10A4000080B2E3E70131A0F57A70C9B280B2E1E72A
:10A4100001326438D2B280B2E1E701330A38DBB2EC
:10A4200080B2E0E713B50B1D0193CB1C00934A1CCF
:10A430008B1C0C46FFF7C6FF0023637102B010BDF2
:10A4400003099F2894BF303337330B70002300F08B
:10A450000F00092894BF3030373048708B70704738
:10A4600008B50249FFF7ECFF084608BD182D00208B
:10A470002DE9F34105460C4600278E18B44202D15F
:10A4800002B0BDE8F0812B682246D3F80880284648
:10A4900001238DF807700DF10701C0470134EDE786
:10A4A000F7B505460C468E18B44201D103B0F0BD95
:10A4B00014F8013B28468DF807302B680DF1060291
:10A4C0009F680DF107010123B847EDE707B5036861
:10A4D0008DF8071001221B690DF10701984703B0A1
:10A4E0005DF804FB024A02600022C0E901227047C5
:10A4F00048C900082DE9F0410D46044616461F469E
:10A5000003681B68984765F07F012046C9B2FFF7D2
:10A51000DDFF236820463A4631461B699847236889
:10A520002046BDE8F0415B68184707B501238DF868
:10A5300007200DF10702FFF7DDFF03B05DF804FB14
:10A540002DE9F04104460F4615461E4603681B6878
:10A550009847204607F07F01FFF7B8FF23682046A1
:10A5600032462946DB68984723682046BDE8F0411B
:10A570005B68184707B501230DF10702FFF7E0FFFD
:10A580009DF8070003B05DF804FBF8B505460E46DC
:10A5900014461F46FFF7EEFF20EA0402D2B23C4009
:10A5A000314628462243FFF7C0FFF8BD70B5044688
:10A5B00015461E460A460D21FFF7B7FF33462A46C9
:10A5C0002046BDE870400021FFF794BF70B50446F7
:10A5D00015461E460A460D21FFF7A7FF33462A46B9
:10A5E0002046BDE870400021FFF7AABF08B5002251
:10A5F0000121FFF79AFF08BD012208B51146FFF7B8
:10A6000094FF08BD07B50B0C8DF804300B0A8DF8CC
:10A6100005308DF806100323062101AAFFF76AFF13
:10A6200003B05DF804FB08B50A430C21FFF77DFF7A
:10A6300008BD902938B5044615460CD102223621B2
:10A64000FFF773FF2DB964223A212046FFF76DFF13
:10A6500038BD7F22F8E703223621F7E7902970B54D
:10A6600005460C4606D1BDE87040802331211A46CC
:10A67000FFF78BBF002380223121FFF786FF302CAC
:10A680001ED00AD8B4B1102C1AD0202C18D0002219
:10A6900030212846FFF749FF70BD602C08D003D851
:10A6A00004F0EF04402CF1E7702C01D0802CEED1A7
:10A6B000402200E048222F212846FFF736FFE6E738
:10A6C0004422F8E738B5044615460A460E21FFF73E
:10A6D0002CFF2A460F212046FFF727FF38BD6029AF
:10A6E00038B504460D4643EA020316D143F0010291
:10A6F0001D21FFF71AFF2B46F4221E212046FFF7EB
:10A7000044FF0722052331212046FFF73EFF0C229C
:10A7100037212046FFF709FF38BDFE221D21FFF734
:10A7200034FF2B46F0221E212046FFF72EFF072282
:10A73000032331212046FFF728FF0A22E8E72DE90D
:10A74000F04704460F4616461D46002220219DF87C
:10A7500020909DF82480FFF7E8FE3A46204621210C
:10A76000FFF7E3FE3346204601221D21FFF70DFFD0
:10A770004B46204604221E21FFF707FF2A462046AB
:10A780002221FFF7D2FE43462046BDE8F047412292
:10A790003321FFF7FABE70B51646CA431D4604467C
:10A7A0001121D2B2FFF7C1FE204646EA0502402140
:10A7B000FFF7BBFE2046BDE870400023F122412197
:10A7C000FFF7E3BE122108B5FFF7D4FE80B208BD43
:10A7D00008B50A461221FFF7A8FE08BD70B5044669
:10A7E0000E46FFF7EFFF0546F1B22046FFF7F0FFF8
:10A7F0002046FFF701FF284670BD70B5044603F000
:10A800000F059DF810602A430A430921FFF78DFECA
:10A8100033462046BDE870400F220A21FFF7B5BE3F
:10A8200008B503220121FFF780FE08BD08B5052207
:10A830000121FFF77AFE08BD70B50C4606461546A5
:10A840001A21B3B9FFF796FEA0F19D031BB2238036
:10A8500019213046FFF78EFE40B203460028B8BFEC
:10A86000C31C9B102B700330BEBF22889B18238013
:10A8700070BDFFF77FFEA0F1A403E7E708B5422112
:10A88000FFF778FE08BD43688160C91AFFF7BABEBA
:10A89000836810B504463BB32821FFF76BFE10F028
:10A8A000080F636800F007000BD007280CBF03F106
:10A8B000FF33043B636062680D4B9A4209DA6360C0
:10A8C00007E090B90133636040F2666362689A42C0
:10A8D000F5DC084B626827215A43A3682046B2FB87
:10A8E000F3F2D2B2FFF721FE10BD0433EBE700BF55
:10A8F0009AF9FFFFF07E0E00C0F3C7537F3B162B83
:10A90000014610B514DC002B07DA013300F00041DA
:10A9100001D141F07E51084610BD084A1A4110424B
:10A92000F9D04FF480011941014421EA0201F2E714
:10A93000802BF0D1F5F71AFC0146ECE7FFFF7F0012
:10A94000884210B501EB020402D98442234607D89D
:10A95000431EA14208D011F8012B03F8012FF8E79C
:10A96000014602448A4200D110BD13F8014D02F89D
:10A97000014DF7E703460244934200D1704703F8C4
:10A98000011BF9E7024610B5147813460132002C7A
:10A99000FAD1013B11F8012B03F8012F002AF9D15C
:10A9A00010BD0346C9B2184613F8012B12B18A42F2
:10A9B000F9D17047002918BF0020704710B56AB15F
:10A9C0000139841810F8012B11F8013F9A4203D184
:10A9D000A04201D0002AF5D1D01A10BD1046FCE7E4
:10A9E00070B500260C4D0D4C641BA410A64209D175
:10A9F00000F030F800260A4D0A4C641BA410A64251
:10AA000005D170BD55F8043B98470136EEE755F87F
:10AA1000043B98470136F2E75CC900085CC90008AE
:10AA20005CC9000864C90008034611F8012B03F84B
:10AA3000012B002AF9D170470A44914200F1FF33FB
:10AA400000D1704710B511F8014B914203F8014F46
:10AA5000F9D110BDF8B500BFF8BC08BC9E467047E0
:0CAA6000F8B500BFF8BC08BC9E4670476B
:10AA6C0018120C1801010119190119190106060116
:10AA7C000606010303010303010202010202011293
:10AA8C000C01120C00206C0002206A006D00770093
:10AA9C000205010202016D696E2C00206D572C001D
:10AAAC00322E3447003931354D003836384D0034AC
:10AABC0033334D003730636D003836364D00445516
:10AACC00414C003F003530487A003331487A003130
:10AADC0039487A00464C52430046534B00313948B2
:10AAEC007A377800011F136F0113000000D57FAA7D
:10AAFC00FE2B815429FC5683D702A87D52872DF852
:10AB0C00AC79D3067BAE04D18550FA2FA471DB0E41
:10AB1C005A8F25F08D58F22773A60CD9F623895C31
:10AB2C0008DD77A2DF0AA07521F45E8B9D48E23721
:10AB3C0063B61CC9B461CB1E4A9F35E0CF1AB06511
:10AB4C0031E44E9BE633994C18CD67B239EC469301
:10AB5C00C712B86D10C56FBAEE3B91446BBE14C1F1
:10AB6C009540EA3F42973DE8BC69C316EF3A9045E1
:10AB7C0011C46EBBC613B96C38ED4792BD68C217D1
:10AB8C0043963CE99441EB3E6ABF15C04B9E34E1C1
:10AB9C00B560CA1F62B71DC89C49E33619CC66B3B1
:10ABAC00E732984D30E54F9ACE1BB16472A70DD8A1
:10ABBC008C59F3265B8E24F1A570DA0F20F55F8A91
:10ABCC00DE0BA17409DC76A3F722885DD603A97C81
:10ABDC0028FD5782FF2A805501D47EAB8451FB2E71
:10ABEC007AAF05D0AD78D20753862CF961626364D5
:10ABFC0065666768696A6B6C6D6E6F707172737481
:10AC0C0075767778797A303132333435363738395E
:10AC1C005F232D2E00000100010002000200020043
:10AC2C00030004000500060008000A000C001000D8
:10AC3C00140019002000280032003F00500064006E
:10AC4C007D009E00C800FA003C019001F4017602E0
:10AC5C002003E803E204DC05D0070000000000003C
:10AC6C000000000097100008000000000000000029
:10AC7C00A310000800000000000000007F10000876
:10AC8C0000010204050301020001020503046D6CBE
:10AC9C0072732E30005365747570537461727453F3
:10ACAC00747834527800536574757053746172748F
:10ACBC004D61726B65720021656E64210046727382
:10ACCC006B792052394D006D4C5253010203040034
:10ACDC006D4C525304030201000A00405041524192
:10ACEC004D2F706172616D2E70636B006661696CC3
:10ACFC0020610020005378206E6F74206F6B002E43
:10AD0C000000000000000000000000009127000877
:10AD1C00412700080000000000000000F5120008A8
:10AD2C0015130008732200089D220008BB2200089E
:10AD3C00751F00080000000000000000D31100087F
:10AD4C008B2600085D250008A52400087B2400083C
:10AD5C0031130008092500084D130008D5240008FC
:10AD6C00711300080000000000000000D31100085F
:10AD7C00D5110008D7110008D9110008DD11000801
:10AD8C00DF110008E3110008E7110008E9110008C1
:10AD9C00ED1100080000000000000000E74400086E
:10ADAC0041450008751300087913000800000000E5
:10ADBC0000000000D311000895130008D7110008FB
:10ADCC00D911000861700008DD700008ED5800080A
:10ADDC005D590008E9110008ED110008414E474C7F
:10ADEC004500484F52495A4F4E004E415620414C57
:10ADFC0054484F4C440048454144494E4720484F25
:10AE0C004C44004845414446524545004845414460
:10AE1C0041444A0043414D53544142004E41562057
:10AE2C00525448004E415620504F53484F4C44000A
:10AE3C004D414E55414C00424545504552004C4504
:10AE4C004453204F4646004C4947485453004F53F7
:10AE5C0044204F46460054454C454D4554525900EC
:10AE6C004155544F2054554E4500424C41434B42A2
:10AE7C004F58004641494C53414645004E415620DF
:10AE8C00575000414952204D4F444500484F4D45C5
:10AE9C0020524553455400474353204E41560046DB
:10AEAC00505620414E474C45204D49580053555261
:10AEBC004641434500464C415045524F4E00545577
:10AECC00524E20415353495354004E4156204C414D
:10AEDC00554E434800534552564F204155544F54FC
:10AEEC0052494D0043414D45524120434F4E54521F
:10AEFC004F4C20310043414D45524120434F4E545D
:10AF0C00524F4C20320043414D45524120434F4E4D
:10AF1C0054524F4C2033004F534420414C54203159
:10AF2C00004F534420414C542032004F5344204195
:10AF3C004C542033004E415620434F55525345201C
:10AF4C00484F4C44004D43204252414B494E470020
:10AF5C0055534552310055534552320055534552C5
:10AF6C0033005553455234004C4F495445522043FD
:10AF7C0048414E4745004D5350205243204F5645B3
:10AF8C0052524944450050524541524D005455527D
:10AF9C00544C45004E4156204352554953450041AF
:10AFAC0055544F204C4556454C205452494D005752
:10AFBC005020504C414E4E455200534F4152494E39
:10AFCC0047004D495353494F4E204348414E474546
:10AFDC0000424545504552204D555445004D554C69
:10AFEC0054492046554E4354494F4E004D495845FF
:10AFFC00522050524F46494C452032004D4958453D
:10B00C0052205452414E534954494F4E00414E47E1
:10B01C004C4520484F4C440047494D42414C204C34
:10B02C004556454C2054494C540047494D42414CDF
:10B03C00204C4556454C20524F4C4C0047494D42F4
:10B04C00414C2043454E5445520047494D42414CDA
:10B05C002048454144545241434B45520000800C1A
:10B06C00D007B704C71B800CB7040410020A0B06E8
:10B07C00972304100B0600000000000000000000E5
:10B08C0068C400082B13000040C400080A0000002C
:10B09C0000000000000000000000000000000000A4
:10B0AC000000000000000000030002000A000A007B
:10B0BC00140064001800FA001B00F4011E00E803E1
:10B0CC006162636465666768696A6B6C6D6E6F70EC
:10B0DC007172737475767778797A3031323334359E
:10B0EC00363738395F232D2E0000000000070E097B
:10B0FC001C1B1215383F363124232A2D70777E798C
:10B10C006C6B6265484F464154535A5DE0E7EEE97B
:10B11C00FCFBF2F5D8DFD6D1C4C3CACD90979E996B
:10B12C008C8B8285A8AFA6A1B4B3BABDC7C0C9CE5B
:10B13C00DBDCD5D2FFF8F1F6E3E4EDEAB7B0B9BE4B
:10B14C00ABACA5A28F88818693949D9A2720292E3B
:10B15C003B3C35321F18111603040D0A5750595E2B
:10B16C004B4C45426F68616673747D7A898E87801B
:10B17C0095929B9CB1B6BFB8ADAAA3A4F9FEF7F00B
:10B18C00E5E2EBECC1C6CFC8DDDAD3D4696E6760FB
:10B19C0075727B7C51565F584D4A4344191E1710EB
:10B1AC0005020B0C21262F283D3A33344E494047DB
:10B1BC0052555C5B7671787F6A6D64633E393037CB
:10B1CC0022252C2B0601080F1A1D1413AEA9A0A7BB
:10B1DC00B2B5BCBB9691989F8A8D8483DED9D0D7AB
:10B1EC00C2C5CCCBE6E1E8EFFAFDF4F300000000B9
:10B1FC003209000000000000010000007C2B000060
:10B20C000000000002000000890C0000000000009B
:10B21C0004000000ED0E030C0D0000000500000002
:10B22C00D91C0100000000000600000068030000AB
:10B23C000000000007000000772000000000000064
:10B24C000800000075240000000000000B00000046
:10B25C00590601040000000014000000D61403027B
:10B26C0003000000150000009F0203000100000015
:10B27C0016000000DC1900000000000017000000A0
:10B28C00A817030405000000180000001834000083
:10B29C00000000001900000017650000000000000D
:10B2AC001A000000AA180000000000001B0000009B
:10B2BC00901D0000000000001C0000004310000066
:10B2CC00000000001D0000007310000000000000D2
:10B2DC001E000000271C0000000000001F000000E2
:10B2EC00F63000000000000020000000B91C000037
:10B2FC000000000021000000681C0000000000009D
:10B30C0022000000ED1600000000000023000000E9
:10B31C00F41600000000000024000000DE250000F0
:10B32C000000000025000000D40703040500000005
:10B33C002600000009070304050000002700000098
:10B34C00FE2603202100000028000000E605030271
:10B35C0003000000290000001C040302030000008D
:10B36C002A0000001C120000000000002B0000004E
:10B37C0084030300010000002C000000DD0903021F
:10B38C00030000002D000000E80303000100000092
:10B39C002E0000000B020000000000002F00000037
:10B3AC009908030001000000300000002915010C71
:10B3BC000000000031000000271400000000000015
:10B3CC00320000004E250312130000003300000071
:10B3DC00C405030203000000350000000305000053
:10B3EC0000000000360000000F1B031819000000BD
:10B3FC003700000003190000000000003D000000B1
:10B40C00A7480000000000003E000000B71A000032
:10B41C00000000003F00000077B5000000000000B5
:10B42C0040000000BFE100000000000041000000EF
:10B43C00762A00000000000042000000940603027F
:10B44C000300000043000000150400000000000091
:10B45C0045000000F31E010A000000004600000039
:10B46C007C26031011000000490000002626032052
:10B47C00210000004A00000014140000000000002D
:10B48C004B0000009E23031E1F0000004C00000018
:10B49C009821031E1F0000004D0000008F0A0308B6
:10B4AC0009000000500000000E040302030000001D
:10B4BC00510000006A16000000000000520000005D
:10B4CC003133032425000000530000001625000032
:10B4DC0000000000540000008F35033233000000E0
:10B4EC00550000008C3300000000000056000000E6
:10B4FC00053503323300000057000000963300007E
:10B50C000000000059000000E71C000000000000D3
:10B51C005A000000B7380000000000005B0000007B
:10B52C003F2A0000000000005C00000036210000F3
:10B53C00000000005D0000002F5100000000000022
:10B54C0064000000AF220000000000006500000055
:10B55C006675000000000000660000009E7500008B
:10B56C000000000067000000D0390000000000005F
:10B57C006800000038740000000000006900000042
:10B58C005D3F0000000000006A0000008A2C0000F3
:10B59C00000000006B0000006C4100000000000087
:10B5AC006C000000205C0000000000006D0000003A
:10B5BC00B9090000000000006E00000054FE0301F9
:10B5CC00020000006F0000002212031011000000A6
:10B5DC0070000000AE0C00000000000071000000C4
:10B5EC007C2700000000000072000000ED2C000021
:10B5FC000000000073000000044000000000000088
:10B60C00740000004C1800000000000075000000E1
:10B61C00800603040500000076000000380E0000D0
:10B62C000000000077000000740C030A0B000000FF
:10B63C007800000086610000000000007900000026
:10B64C00ED020300010000007A000000CB020300B1
:10B65C00010000007B000000FA71030001000000F3
:10B66C007C00000057390000000000007D00000045
:10B67C00CB060000000000007E000000DC51034FF0
:10B68C00500000007F0000001923000000000000A3
:10B69C0080000000E2230000000000008100000098
:10B6AC002E18000000000000820000001D0D00009C
:10B6BC000000000083000000DFFF0000000000001D
:10B6CC0084000000552700000000000085000000E9
:10B6DC00061200000000000086000000E52B0000B0
:10B6EC000000000087000000CB08000000000000F4
:10B6FC008800000001160000000000008900000016
:10B70C00C3100000000000008A0000006D780000EB
:10B71C00000000008B000000A82B03292A00000069
:10B72C008C000000B5290000000000008D00000016
:10B73C002F200000000000008E00000048F30000E5
:10B74C00000000008F0000008310000000000000CB
:10B75C00900000007F5D00000000000092000000DF
:10B76C006764000000000000930000009A3600009F
:10B77C000000000094000000B24E00000000000029
:10B78C0095000000C83C000000000000960000007E
:10B79C00862A00000000000097000000DB0803066A
:10B7AC000700000098000000D00800000000000016
:10B7BC0099000000BC0C0000000000009A00000082
:10B7CC00540F0306070000009B000000160D030435
:10B7DC00050000009C00000013060300010000009F
:10B7EC009D000000150F030C0D0000009E000000D2
:10B7FC00860F030C0D000000A00000004E0C030887
:10B80C0009000000A1000000440303000100000037
:10B81C00A2000000BD09000000000000A300000011
:10B82C007F1C000000000000A40000009A2C000007
:10B83C0000000000A500000015030000000000003F
:10B84C00A60000001509000000000000A700000081
:10B85C009016000000000000A8000000010C000081
:10B86C0000000000A9000000EA1200000000000027
:10B87C00AA0000004922000000000000AB000000FC
:10B88C00B542000000000000AC0000001662000091
:10B89C0000000000AD000000530800000000000094
:10B8AC00AE000000A730000000000000AF00000058
:10B8BC008A13030E0F000000B0000000EA0303001F
:10B8CC0001000000B1000000F014000000000000B6
:10B8DC00B20000002F18000000000000B3000000B0
:10B8EC00BD1D011A00000000B4000000342F012A15
:10B8FC0000000000B5000000AE04000000000000D5
:10B90C00B6000000E528000000000000B7000000B1
:10B91C005502030001000000B80000009FCE030494
:10B92C0005000000B9000000BA0703040500000080
:10B93C00BA000000481D030001000000BF00000019
:10B94C005C1B000000000000C0000000243600005A
:10B95C0000000000C1000000471A000000000000B9
:10B96C00C20000006221000000000000C3000000C3
:10B97C007825000000000000C8000000862A03287B
:10B98C0029000000C9000000CD0E030C0D000000C2
:10B99C00D60000004508030607000000D700000091
:10B9AC006503000000000000D80000003203030013
:10B9BC0001000000D9000000CA06000000000000D1
:10B9CC00DA0000001107030001000000DB0000009A
:10B9DC00A202000000000000DC0000002220000099
:10B9EC0000000000DD000000472A000000000000FD
:10B9FC00DE0000000F03000000000000DF0000006C
:10BA0C00772F032A2B000000E0000000662D032A8C
:10BA1C002B000000E1000000D049000000000000F5
:10BA2C00E2000000CF08000000000000E60000006B
:10BA3C00A32A000000000000E700000069280000B5
:10BA4C0000000000E800000097410000000000002A
:10BA5C00E900000023B6000000000000EA0000002E
:10BA6C009628000000000000EB000000B32A000044
:10BA7C0000000000F10000005A200000000000004F
:10BA8C00F2000000683C000000000000F300000021
:10BA9C00553D013400000000F40000005F0600007A
:10BAAC0000000000F5000000820200000000000011
:10BABC00F6000000B826000000000000F7000000AF
:10BACC005113000000000000F800000008FE030302
:10BADC0004000000F9000000CC240000000000006D
:10BAEC00FA000000311E000000000000FB00000006
:10BAFC00AA12000000000000FC0000002C12000044
:10BB0C0000000000FD0000005336000000000000A3
:10BB1C00FE0000002E0900000000000000010000E3
:10BB2C00472A0308090000000101000083090000F6
:10BB3C000000000002010000BBE80300010000004F
:10BB4C00030100005CED0000000000000401000097
:10BB5C00920E00000000000005010000B33D000043
:10BB6C0000000000060100000C170000000000009F
:10BB7C000701000085FF0000000000000801000024
:10BB8C003120000000000000090100001A14000020
:10BB9C00000000000A010000C1FF030203000000C6
:10BBAC000B01000023FF0302030000000C01000046
:10BBBC000E040302030000000D0100006DD700000D
:10BBCC00000000000E0100003B140000000000000B
:10BBDC000F010000163500000000000013010000EA
:10BBEC007E20000000000000140100001232000052
:10BBFC0000000000150100003E1E000000000000C7
:10BC0C00180100004621000000000000190100008E
:10BC1C00300D0000000000001A0100007B230320FF
:10BC2C00210000001B0100004A91000000000000F0
:10BC3C001C0100006320031E1F0000001D010000FA
:10BC4C0089310326270000001E010000D23903327F
:10BC5C00330000001F010000011703141500000041
:10BC6C00200100001417031415000000220100002D
:10BC7C00FB2E000000000000230100000A39000028
:10BC8C000000000024010000E3DF0318190000008D
:10BC9C0027010000EA0C0000000000002801000051
:10BCAC0032230000000000002B0100001362000092
:10BCBC00000000002C010000D9160000000000005C
:10BCCC002D010000F33A00000000000036010000D6
:10BCDC001C11000000000000370100005F74000020
:10BCEC000000000040010000F314030203000000F8
:10BCFC004101000058020300010000004201000055
:10BD0C00F395000000000000430100004E93030077
:10BD1C0001000000440100008492000000000000BB
:10BD2C004A01000017A70000000000004B010000B2
:10BD3C005BE90000000000004C010000ECEF00008B
:10BD4C00000000004D010000E76D00000000000045
:10BD5C004E010000480A0000000000004F010000E6
:10BD6C00E11800000000000050010000F554000034
:10BD7C000000000053010000C70500000000000097
:10BD8C00540100006346000000000000590100004F
:10BD9C00D1150302030000005E010000E8FC000066
:10BDAC000000000062010000D20E030C0D00000028
:10BDBC0063010000060C0000000000006801000098
:10BDCC000B19000000000000690100005D2100005B
:10BDDC000000000071010000971800000000000036
:10BDEC00720100004B6D00000000000073010000A8
:10BDFC000A1A000000000000740100001A8C0000F8
:10BE0C000000000075010000752A00000000000011
:10BE1C0077010000FB8C000000000000780100009E
:10BE2C00C7080000000000007C010000E8140000BE
:10BE3C000000000081010000938503020300000054
:10BE4C00820100008410030405000000830100003F
:10BE5C0004480304050000008401000008250320A9
:10BE6C0021000000860100009CF000000000000092
:10BE7C008B01000000D40000000000008C010000C9
:10BE8C0032A00000000000008D010000B66C000024
:10BE9C0000000000900100006EFE0304050000008D
:10BEAC0091010000B7060304050000009A01000090
:10BEBC00A0350000000000009B0100006A03000098
:10BECC00000000009C010000210603040500000096
:10BEDC009D0100004D070304050000009E010000B9
:10BEEC006D100000000000009F010000A110000078
:10BEFC0000000000A4010000144903060700000024
:10BF0C00B3010000862E000000000000B401000008
:10BF1C00C109000000000000B50100001E01000076
:10BF2C0000000000B80100004223000000000000E7
:10BF3C00B9010000A911000000000000FE01000082
:10BF4C00F56A000000000000FF0100001C47000023
:10BF5C000000000000020000B80200000000000019
:10BF6C00421F0000DA10000000000000431F000018
:10BF7C00E729000000000000441F0000AC62000034
:10BF8C0000000000451F0000FB2600000000000020
:10BF9C00461F0000610E000000000000471F00005B
:10BFAC004020000000000000481F0000EA210000B3
:10BFBC0000000000491F000090100000000000006D
:10BFCC004A1F00009B290000000000004B1F0000CE
:10BFDC0014660000000000004C1F0000361000002A
:10BFEC00000000004D1F0000DE2E000000000000CD
:10BFFC004E1F0000C80E0000000000004F1F000084
:10C00C001718000000000000501F000095120000DF
:10C01C0000000000282300007189000000000000CF
:10C02C002D230000752200000000000011270000E5
:10C03C00D11400000000000012270000BA290000F3
:10C04C0000000000132700000401000000000000A5
:10C05C0014270000850900000000000015270000CF
:10C06C00670900000000000016270000C104000052
:10C07C00000000001727000047110000000000001E
:10C08C0018270000F00E000000000000A727000099
:10C09C00C355000000000000F82A00008634030499
:10C0AC0005000000F92A00000F88000000000000C5
:10C0BC00FA2A0000EAB4030405000000FB2A000081
:10C0CC004005000000000000FC2A00000BE80308FB
:10C0DC0009000000FD2A00005DE6000000000000E1
:10C0EC00022B00002E31000000000000032B00008A
:10C0FC006A2C0000000000000C2B0000CD1000008A
:10C10C0000000000162B0000902C00000000000026
:10C11C00172B0000852C000000000000182B0000DD
:10C12C00552C000000000000192B0000C325031043
:10C13C00110000001A2B00004F0500000000000049
:10C14C001B2B000080080304050000001C2B0000C2
:10C15C00B1220000000000001D2B0000821C00001A
:10C16C00000000001E2B00002F2600000000000025
:10C17C001F2B00008E09000000000000202B000087
:10C18C00842C000000000000212B0000D02C0000AB
:10C19C0000000000222B0000C92C00000000000051
:10C1AC00232B0000C12C000000000000242B0000F9
:10C1BC00BD2C000000000000342B0000A24E00003B
:10C1CC000000000064320000722C0300010000002B
:10C1DC0065320000FE3B031E1F00000066320000AB
:10C1EC008C3503040500000067320000F92E0300B3
:10C1FC0001000000683200004D36031C1D000000D9
:10C20C0069320000312B0300010000007332000082
:10C21C005EF9030001000000763200008B33000051
:10C22C00000000007732000007120310110000001C
:10C23C007832000014050000000000006842000085
:10C24C0067B3000000000000FE4200001A2100004D
:10C25C0000000000FF420000481000000000000039
:10C26C000143000013110000000000000243000015
:10C27C005911000000000000034300001B0A0000DD
:10C28C0000000000044300000E5B000000000000F2
:10C29C0005430000BB5400000000000006430000F2
:10C2AC006A1800000000000010A40000E301000068
:10C2BC000000000011A40000EF2E000000000000A0
:10C2CC0051C30000F62000000000000052C3000023
:10C2DC00B5F600000000000053C300003E13000040
:10C2EC000000000054C30000F00A0308090000001D
:10C2FC0055C30000980603040500000020CB000085
:10C30C000D6400000000000021CB0000EF010000D4
:10C31C000000000015CD0000F0110000000000002E
:10C32C0016CD0000584E00000000000017CD000094
:10C33C00605500000000000018CD0000B11C00008A
:10C34C000000000019CD0000D732000000000000F2
:10C35C0078CD0000B52603202100000079CD000027
:10C36C00662400000000000060EA000004160314BC
:10C37C00150000006AEA0000D02100000000000057
:10C38C006BEA0000B7070000000000006CEA000038
:10C39C0063240320210000006DEA000081180314BF
:10C3AC00150000006EEA000086080304050000007A
:10C3BC0074EA0000CA0400000000000088EA0000D3
:10C3CC009CF500000000000089EA0000BFFF00009F
:10C3DC00000000008DEA00000E17030203000000AD
:10C3EC008EEA0000AB1C0308090000008FEA000075
:10C3FC00370700000000000091EA0000610C00000B
:10C40C000000000092EA0000DC0E000000000000BA
:10C41C0093EA0000F51800000000000094EA000008
:10C42C00652C00000000000095EA00002D060000BD
:10C43C000000000099D1D70033F3D700CC14D800FA
:10C44C006636D8000058D8009979D800339BD800AC
:10C45C00CCBCD80066DED8000000D9009999E10068
:10C46C0000C0E10066E6E100CC0CE2003333E200F0
:10C47C009959E2000080E20066A6E200CCCCE20012
:10C48C0033F3E2009919E3000040E3006666E30031
:10C49C00CC8CE30033B3E30099D9E3000000E40053
:10C4AC006626E400CC4CE4003373E4009999E40074
:10C4BC0000C0E40066E6E400CC0CE5003333E50094
:10C4CC009959E5000080E50066A6E500CCCCE500B6
:10C4DC0033F3E5009919E6000040E6006666E600D5
:10C4EC00CC8CE60033B3E60099D9E6000000E700F7
:10C4FC006626E700CC4CE7003373E7009999E70018
:10C50C0000C0E70066E6E7000000891112239B32A9
:10C51C002446AD573665BF74488CC19D5AAFD3BE07
:10C52C006CCAE5DB7EE9F7F88110080193331A2217
:10C53C00A5562C47B7753E64C99C408DDBBF52AEE7
:10C54C00EDDA64CBFFF976E802218B3010029913F7
:10C55C002667AF763444BD554AADC3BC588ED19FC7
:10C56C006EEBE7FA7CC8F5D983310A2091121803D7
:10C57C00A7772E66B5543C45CBBD42ACD99E508FA7
:10C58C00EFFB66EAFDD874C904428D5316619F70A7
:10C59C002004A9153227BB364CCEC5DF5EEDD7FC87
:10C5AC006888E1997AABF3BA85520C4397711E6097
:10C5BC00A1142805B3373A26CDDE44CFDFFD56EC67
:10C5CC00E9986089FBBB72AA06638F7214409D5177
:10C5DC002225AB343006B9174EEFC7FE5CCCD5DD47
:10C5EC006AA9E3B8788AF19B87730E6295501C4157
:10C5FC00A3352A24B1163807CFFF46EEDDDC54CD27
:10C60C00EBB962A8F99A708B088481951AA793B636
:10C61C002CC2A5D33EE1B7F04008C919522BDB3A26
:10C62C00644EED5F766DFF7C899400859BB712A6F6
:10C63C00ADD224C3BFF136E0C1184809D33B5A2A06
:10C64C00E55E6C4FF77D7E6C0AA583B418869197D6
:10C65C002EE3A7F23CC0B5D14229CB38500AD91BE6
:10C66C00666FEF7E744CFD5D8BB502A499961087B6
:10C67C00AFF326E2BDD034C1C3394A28D11A580BC6
:10C68C00E77F6E6EF55C7C4D0CC685D71EE597F486
:10C69C002880A1913AA3B3B2444ACD5B5669DF78A6
:10C6AC00600CE91D722FFB3E8DD604C79FF516E476
:10C6BC00A9902081BBB332A2C55A4C4BD7795E6886
:10C6CC00E11C680DF33F7A2E0EE787F61CC495D556
:10C6DC002AA1A3B03882B193466BCF7A5448DD5966
:10C6EC00622DEB3C700EF91F8FF706E69DD414C536
:10C6FC00ABB122A0B9923083C77B4E6AD5585C4946
:10C70C00E33D6A2CF11E780F6090020C015B000176
:10C71C001C57000090FF000095AF000800000000BF
:10C72C00E8AD000801020000EEAD000802030000B5
:10C73C00F6AD00080304000002AE00080505000079
:10C74C000FAE00080606000018AE000807FF000038
:10C75C0020AE000808FF000028AE00080A07000001
:10C76C0030AE00080B0800003CAE00080C090000BD
:10C77C0043AE00080DFF00004AAE00080FFF00009A
:10C78C0053AE000810FF00005AAE000813FF000063
:10C79C0062AE000814FF00006CAE0008150A000021
:10C7AC0076AE00081AFF00007FAE00081B010000E7
:10C7BC0088AE00081C0B00008FAE00081D0C00009A
:10C7CC0098AE00081EFF0000A3AE00081FFF00007B
:10C7DC00ABAE000820FF0000B9AE000821FF00003E
:10C7EC00C1AE0008220D0000CAAE0008230E0000E6
:10C7FC00D6AE0008240F0000E1AE000825FF0000B3
:10C80C00F0AE000827FF000001AF000828FF000071
:10C81C0012AF000829FF000023AF00082AFF000018
:10C82C002DAF00082BFF000037AF00082CFF0000D5
:10C83C0041AF00082D10000051AF00082EFF000082
:10C84C005CAF00082FFF000062AF000830FF000053
:10C85C0068AF000839FF00006EAF00083AFF000017
:10C86C0074AF000831FF000082AF000832FF0000F7
:10C87C0092AF000833FF000099AF0008341100009C
:10C88C00A0AF000835120000ABAF000836FF000067
:10C89C00BBAF000837FF0000C6AF0008381300001C
:10C8AC00CEAF00083BFF0000DDAF00083CFF0000EE
:10C8BC00E9AF00083DFF0000F8AF00083EFF0000A4
:10C8CC0008B000083FFF000019B000084014000039
:10C8DC0024B0000841FF000036B0000842FF000001
:10C8EC0048B0000843FF000056B0000844FF0000A9
:10C8FC000000000000000000098500080B850008FE
:10C90C0075130008791300080000000000000000F7
:10C91C0001020304060708090000000001020304D9
:10C92C0002030405060708090A0B0C0D0E0F101064
:10C93C0001020000000000000000000000000000E8
:10C94C00000000000000000071A40008A1A4000871
:08C95C003501000855840008B4
:04C9640011010008B5
:10C9680090BADCFE785634120A00000078AD000850
:10C97800FF000000C0AD000848AD00080024F40026
:08C98800010000001000000096
:0400000508008EF56C
:00000001FF
