:020000040800F2
:1000000000A0002025890008FD880008FF8800085E
:100010000189000803890008058900080000000024
:100020000000000000000000000000000789000838
:1000300009890008000000000B8900080D890008EC
:100040007589000875890008758900087589000898
:100050007589000875890008758900087589000888
:100060007589000875890008758900087589000878
:100070007589000875890008758900087589000868
:100080007589000875890008758900087589000858
:10009000758900087589000875890008FD6D0008DC
:1000A0007589000875890008758900087589000838
:1000B0007D23000875890008758900087589000886
:1000C0007589000875890008758900087589000818
:1000D0007589000875890008B91E0008553E00089A
:1000E00075890008758900087589000875890008F8
:1000F00075890008758900087589000875890008E8
:1001000000000000000000000000000075890008E9
:1001100075890008758900087589000875890008C7
:1001200075890008758900087589000875890008B7
:1001300075890008758900080000000000000000B3
:10014000758900087589000875890008000000009D
:10015000000000000000000000000000000000009F
:100160000000000000000000758900087589000883
:100170007589000800000000000000000000000079
:08018000000000007589000871
:1001880010B5054C237833B9044B13B10448AFF3C9
:1001980000800123237010BD300000200000000003
:1001A80078A5000808B5034B1BB103490348AFF312
:1001B800008008BD000000003400002078A5000879
:1001C800034613F8012B002AFBD1181A013870478F
:1001D8000022427082700122C270B1FA81F10222BB
:1001E80049090271032201704271704743788B42BA
:1001F8001FD0012941700AD0022910D0C1B90123AA
:10020800C37081700223037103234371704703781D
:1002180043B1012383700223C3700023F3E70378FB
:10022800002BF6D0022383700023C3700123EAE772
:10023800FEE7704782B00B88ADF800304B88ADF808
:1002480002308B88ADF80430CB88ADF8063002391F
:10025800431C053013F8012F0DF1080C0CEB42027A
:10026800834232F8082C21F8022FF3D102B07047EC
:1002780001448878704738B54FF07F33C0F8A03014
:1002880004464FF6FF737F220025A0F8A43080F8BB
:10029800A62080F8A950A0F8AA30AC3000F093FC52
:1002A800A4F8B85038BD37B5154604461146019331
:1002B80000F025FC294604F1140000F020FC294632
:1002C80004F1280000F01BFC294604F13C0000F072
:1002D80016FC294604F1500000F011FC294604F1EF
:1002E800640000F00CFC294604F1780000F007FCDB
:1002F800294604F18C0000F002FC04F1AC00019ADC
:100308004FF4FA734FF4FA6100F048FC204603B04A
:10031800BDE83040FFF7AFBF704700F0F7BB1430BF
:1003280000F0F4BB283000F0F1BB90F8A43013B90A
:1003380090F9A000704790F9A100704790F8A43098
:1003480013B990F9A200704790F9A300704710B54F
:10035800044606F075FF38B104F1140000F0DAFB2A
:10036800012838BF0120C0B210BD10B5044606F000
:1003780067FF38B104F1500000F0CCFB012838BF0A
:100388000120C0B210BD4FF47A71AC3000F022BC2D
:100398000021AC3000F01EBC08B5AC3000F029FCE0
:1003A800B0F57A7FA8BF4FF47A7020EAE07008BDF4
:1003B80010B5044600F084FB04F1140000F080FB43
:1003C80004F1280000F07CFB04F13C0000F078FB0D
:1003D80004F1500000F074FB04F1640000F07CFBB1
:1003E80004F1780000F078FB94F8B93013B1013BC0
:1003F80084F8B93010BD7F2807D0002807DA10F13B
:10040800800F06D04042C0B27047002070470120DC
:1004180070477F20704710B1404240B270477F203C
:1004280070477F280FD010F1310F0EDA10F1780FD6
:100438000DDB7830FE2340B2584323304623B0FB0F
:10044800F3F0C0B27047FF207047FE2070470020CD
:1004580070477F2805D031B1002806DA4042C0B283
:100468007047FF207047FE207047002070477F28A4
:1004780011D010F1310F10DA10F1780F10DB78304D
:1004880040F2A96340B2584323304623B0FBF3F04F
:10049800AC3080B270470020704740F2557070470A
:1004A800AC20704763289FBF40F2A963584332309D
:1004B80064239DBFB0FBF3F0AC3080B240F25570BE
:1004C80070474FF4F063A0F58060584340F2FF7323
:1004D80090FBF3F000F5787080B27047FFF7F1BF3A
:1004E8004FF49663A0F58060584340F2FF7390FB89
:1004F800F3F000F2DC5080B27047A0F58060D0EBDA
:10050800001048BF033040F38F007047032812DD06
:100518000C2812DD0F2812DD122812DD162812DD34
:10052800192812DD1C2812DD1F2812DD2128CCBF56
:10053800FF200620704700207047012070470220E6
:100548007047082070470320704707207047042031
:10055800704705207047000005289ABF014B185CBA
:10056800FF20704714A600087F281ABF4042C0B277
:10057800002070477F2811D010F1320F10DA88421E
:1005880010DD401A6423C1F1FF21584301F57F01B2
:10059800CE31313090FBF1F0C0B27047FF20704788
:1005A8006420704700207047014B4140585C7047F9
:1005B8001CA600085AB110B4054C0A4411F8013BB6
:1005C80058408A42205CF9D15DF8044B7047704767
:1005D8001CA60008002805DB212805DC044B33F89D
:1005E80010007047002070474FF4FA60704700BF52
:1005F80046A70008392808D822280ED9094B2338DD
:10060800C0B2C34003F0010070475F2807D06138CB
:1006180019288CBF00200120704700207047012056
:10062800704700BF01EC7F00F8B50246451E461D25
:1006380000245F2715F8010FFF2804BF0134E4B236
:10064800FFF7D8FF00B92F70AE42F3D1062C04D1C2
:1006580019B10B6813608B88938000239371F8BDE0
:100668002DE9F843DFF83490471E441D0125002684
:100678004FF0280817F8011F084809F020FF034623
:1006880010B1A0EB0903DBB2A3FB05329E19A74208
:10069800A5FB0853EED13046BDE8F8831CA7000837
:1006A80010B54179A1F13000C3B2092B07D8052351
:1006B800B0FBF3F303EB8303C01AC0B210BD044CC4
:1006C800204609F0FCFE0028F1D0001BC0B2EEE77E
:1006D8001CA7000870B50446FFF772FD02B200239C
:1006E800551E18B2A84204FA83F104DA265C302EAB
:1006F80003F10103F5D0121A01322046BDE870401B
:1007080009F0ACBE2DE9F047432B28BF432396B030
:100718000C46154600211A469846074609F0B8FEC9
:100728000021412205A8049109F0B2FEDFF87C906F
:10073800DFF87CA004EB4505AC4210D104A8FFF714
:100748003FFD28B100F158036B44002203F8492CFF
:1007580004A9384609F0F6FE16B0BDE8F08734F96A
:10076800020B47F6FF739842E8D0002812DC514686
:10077800684609F0E7FE04A8FFF722FD064668462A
:10078800FFF71EFD0644B045D6D3694604A809F014
:1007980087FED1E7694680B209F0CCFB6846FFF7CF
:1007A80099FF4946684609F07BFEE4E7CBA50008B7
:1007B800C6A50008F0B589B06D4600242F468E1CEA
:1007C800E1B28A4204D83946FFF79CFF09B0F0BD70
:1007D80036F8241025F8021B0134F1E742F21073B1
:1007E8006421B0FBF3F203FB1200B0FBF1F301FB51
:1007F800130000EB023000EB831080B27047020B4D
:1008080000F03F0342F2107101FB0233C0F3851080
:10081800642202FB0030704770B50E460021054681
:10082800144609F035FE00239AB2944200D870BDF0
:10083800F25C002AFBD0EA540133F5E7072914D803
:10084800DFE801F00407090B0D0F11110849FFF744
:10085800E3BF0849FBE70849F9E70849F7E708490A
:10086800F5E70849F3E70849F1E70849EFE700BF6A
:10087800D0A50008D5A50008DAA50008DFA500085E
:10088800E4A50008E9A50008EEA50008F3A50008FE
:10089800052911D8DFE801F00306080A0C0E0749FC
:1008A800FFF7BABF0649FBE70649F9E70649F7E744
:1008B8000649F5E70649F3E70649F1E7F5A5000813
:1008C800FAA50008FFA5000804A6000809A6000864
:1008D8000DA60008F3A5000870B50E4614460021C1
:1008E8000132054609F0D4FD00239AB2944200D89B
:1008F80070BDF25C002AFBD0EA540133F5E77D2392
:10090800438043F2390309B2C36000230180818028
:10091800C38003727047000002680449044B01FB5E
:10092800023323F000430360180C7047FD430300B3
:10093800C39E2600F0B5002597B001608580044667
:1009480056222946684609F0A3FD0126627CAA4280
:1009580009D80023802104F1B400237417B0BDE83E
:10096800F04009F095BD2046FFF7D6FFE7797B1BDD
:10097800002190FBF3F202FB1300C0B2EC460A46DA
:10098800CBB29F421DD80023227B9A42DED0A279A7
:10099800033A012A04EB050105D925B191F9112083
:1009A800D2B9012BD2D98B74A26852F823105833CC
:1009B80004EB85026B440135516303F8586CEDB2C2
:1009C800C4E71CF801EBBEF1000F03D18242DBD073
:1009D8000132D2B20131D3E7501E8342E3DB013248
:1009E8009342E0DCB2E72DE9F047154696B0013DA9
:1009F8000160027104464371EDB256220021684637
:100A080009F046FD0027022D84BF4FF0010900259B
:100A18003E464FF0010A94F807809CBF4FF0030947
:100A2800B8FBF9F8627CB24209D80023802104F1AE
:100A3800B400237416B0BDE8F04709F029BD20467C
:100A4800FFF76AFFA8EB0603002190FBF3F202FB15
:100A58001300C0B2EC460A46CBB2984506D91CF83A
:100A680001EBBEF1000F22D182421ED1434528BFBF
:100A78004346227B03FB095101F0FF018A42D1D092
:100A880016B1B7B9012BCDD9A2191F469174A26826
:100A980052F8211004EB86020136516303F1580223
:100AA8006A44F6B202F858ACBCE70132D2B201315E
:100AB800D2E77A1E9342E7DB7A1C9342E4DCB1E783
:100AC800D0E901236421D31AC36082604B43418A71
:100AD800B3FBF1F303747047D0E90123D31AC0E9DB
:100AE8000223704743682BB1C26864214A43B2FBB2
:100AF800F3F2D3B203740023C3604360704700234A
:100B0800C0E902334182436003747047436801338C
:100B180043607047007C70474368194441607047E0
:100B2800072800D9FEE7014B185C7047B0A70008FA
:100B3800052800D9FEE7014B185C7047B8A70008E4
:100B48000023C0E90133C36003747047F0B5047C27
:100B58000360012C11D944688568C668141B4FF4DA
:100B68007A774D1B7C4305FB16442B4494FBF3F327
:100B78003344C360C0E90121F0BD1CB9C46001233E
:100B88000374F7E743684FF47A74D31A63438468AD
:100B98000C1B93FBF4F3C3600223F1E707EE902AE2
:100BA8000A44F8EE676A07EE902AF8EE677A43601F
:100BB80086EEA77A07EE903AF8EEE77A80ED007AAB
:100BC800C0ED027A7047D0ED017AF8EEE77AC0ED11
:100BD800027A704707EE901A90ED027AD0ED006A1B
:100BE800F8EEE77A77EEC77AA6EEA77A80ED027A72
:100BF8007047D0ED027AB6EE007A77EE877AFDEE8E
:100C0800E77A17EE900A70477047704770470020E0
:100C180070477047002070470020704770470020D9
:100C28007047002070477047054B5A6902435A6164
:100C38005B6982B003400193019B02B0704700BF1B
:100C480000100240054BDA690243DA61DB6982B0C1
:100C580003400193019B02B0704700BF001002409F
:100C6800054B9A6902439A619B6982B003400193DC
:100C7800019B02B0704700BF0010024050E8003FDF
:100C880023F0800340E80032002AF7D170470000C3
:100C98000A4B0B4A1B680B49A2FB03239B0C00FB66
:100CA80003F2094B486802F5FA72A3FB0232920973
:100CB8004B681B1A9342FBD3704700BF20000020EB
:100CC80083DE1B43001000E0D34D62100288044B02
:100CD8005140C9B233F8113083EA122303807047B8
:100CE80040C00008A2B110B4B0F800C0094C0A44D2
:100CF80011F8013B83EA0C03DBB2914234F813305C
:100D080083EA1C2CA0F800C0F2D15DF8044B7047B0
:100D1800704700BF40C0000837B54FF6FF73044660
:100D2800ADF806304518AC4203D1BDF8060003B053
:100D380030BD14F8011B0DF10600FFF7C7FFF2E7FD
:100D480008B51E20FFF7A4FF044B4FF480529A62A7
:100D58002820BDE80840FFF79BBF00BF00040048FB
:100D680008B56420FFF794FF044B4FF480529A6152
:100D78006420BDE80840FFF78BBF00BF00040048AF
:100D8800044B1888044B1B8880B29BB2C01A18BF4A
:100D9800012070479428002092280020044A00234C
:100DA8001380044A1380044A1380044A138070474E
:100DB8009228002094280020962C0020982C0020AF
:100DC800002070470278024B51405B5C037070470B
:100DD80024AC0008FF230370704700BF704770B54C
:100DE8000B7803704B7843700B78FD2B05460C4647
:100DF80038D18B788370CB78C3700B7903714B79BA
:100E080043718B7983718B68C3718B68C3F30F232C
:100E180003728B7A43720A26627804F10C01A819CE
:100E280009F098FB6378B4F80C213344981CEA5411
:100E38005A1CB4F80C1192B2090AA954A278D20724
:100E480080B20ED504F58872054404F58E7452F804
:100E5800041B45F8041BA242F9D112782A700F33FB
:100E680098B270BD00238B700B7983704B79C37077
:100E78008B7903718B6843710626CDE7083001F43E
:100E880070214FF4702393FAA3F3B3FA83F3D94094
:100E980050F8213023F47F6323F00F031A4340F8FE
:100EA800212070470A4602480249FFF7E7BF00BF02
:100EB80000740040010010020A4602480249FFF788
:100EC800DDBF00BF007400401200431508B52C2296
:100ED8000348002109F0DCFA024B00221A7008BD11
:100EE8008C050020380300202DE9F04113780370A9
:100EF80092F8018080F80180FD2B04460F461546C4
:100F080054D193788370D378C3701379037153796C
:100F18004371937983716B7A127A1B0403EB022372
:100F2800EA79134423F07F430A26A26863F3170281
:100F3800A260A919424604F10C0009F00BFB7A7B68
:100F4800904507D208F10C00A2EB080200212044CA
:100F580009F09EFA63781E44AB195A78AB5D03EB2F
:100F68000223A4F80C31A378DB070ED5023615FA54
:100F780086F304F5887203F10C0153F8040B42F868
:100F8800040B8B42F9D11B781370BB7A84F821319A
:100F9800FB7A84F822313B7B84F823317B7B84F80D
:100FA80024313B7884F82031BDE8F0810023438068
:100FB80093780371D3784371137983715379062633
:100FC800B3E7000070B50F4C0F4D0646062204F13A
:100FD8000A0105F58970FFF77FFC237CC3F3030240
:100FE800C3F3031385F81A31637C85F81921C3F319
:100FF800030385F81B31637ADB0744BF022333738D
:1010080070BD00BF7D1E0020B000002070B50446F2
:10101800BDF81450E2702420237122461B0A207068
:10102800637158202B0AA1706070A57102F8073F00
:10103800049B59198B420CD16A1D92B2E11C002005
:10104800FFF7B8FA05F10806A05505F1090080B2C6
:1010580070BD13F8010B02F8010FEBE702780A4B99
:1010680090F801C08178D243D2B29A5C82EA0C022D
:1010780090F803C09A5C4A40995C027981EA0C01B5
:10108800595C4A40985C704724AC0008F8B53C2984
:10109800BDF81C50044635D0A1F1210671427141BA
:1010A8004900D00748BF41F00801E37092074FEAB2
:1010B80013234FF0240248BF41F01001227023711E
:1010C8006F222B0AA61C6270A170A371657130464D
:1010D800FFF7C4FF2246069B02F8070F59198B42F7
:1010E80012D1A91D89B23046FFF716FE05F108078F
:1010F80005F109039BB2E055000AE05405F10A0026
:1011080080B2F8BD0121CCE713F8010B02F8010FFA
:10111800E5E70000084B9B8C4FF0402202F5806306
:1011280053E8003F43F0200302F5806040E80031B7
:101138000029F3D1704700BF0044004050294FEA0E
:1011480010102DD019D830292DD00ED810292DD017
:1011580041F6786343F6F042202908BF1346174A40
:1011680002FA00F0B0FBF3F0704741F6786347F6F7
:101178001222402908BF1346F1E7802919D008D860
:10118800602918D00E4A41F67863702908BF1346C3
:10119800E5E70C4A41F67863902908BF1346DEE775
:1011A8004AF2E423DBE745F24013D8E742F6A0030E
:1011B800D5E7054BD3E74FF22443D0E740420F0071
:1011C80048E8010020A1070090D003002DE9F04F66
:1011D8000C465188B1F58C7F85B0054611D30021A6
:1011E8001170D91CC9B2012995BF01210023518072
:1011F80053809CBF2370117000232B7005B0BDE88D
:10120800F08F10780E2800F28B8001A656F820F097
:10121800EB110008551200087D120008971200080B
:1012280029130008291300082913000829130008A6
:101238002913000829130008291300082913000896
:101248002913000829130008A9120008481C508017
:1012580063542178FD299BB206D10C330A21D3802F
:10126800918002231370C7E708330621D380918049
:101278000E23F7E7481C50806354D80742BFD18833
:101288000D31D180012B8CBF00230323EAE7002B0B
:1012980001F101005080635414BF00230E23E1E7DD
:1012A800481C508063545388D1888B4232D3002322
:1012B8005380137002232B7069802378FD2B35D15E
:1012C80063792B72A3796B72637A227A1B0403EB1E
:1012D8000223E27913446B60637803F10C026A809D
:1012E800A278D10701D519336B8000266968DFF829
:1012F800F0806E8140F285120C20B31801335B0830
:1013080000FB03F758F80770B94218D25A1EB242C8
:10131800F3D816E092889A423FF66EAF01236CE745
:101328000023137053809380D38066E7E3782B7291
:1013380023796B7263796B6063780833D4E71E4650
:10134800E5D80C27774358F80730994227D12378F6
:101358002046FD2B10F801BF0CBF4FF00A094FF0D3
:10136800060909EB0B03591E89B247440193FFF79D
:10137800D3FC97F804A0ADF80E0051460DF10E000D
:10138800FFF7A4FC019BE218E35C527803EB02230D
:10139800BDF80E209BB29A4203D005232DE7032304
:1013A8002BE7BB79DA0706D5FA79934582BF04EBB8
:1013B80009018A5CAA729B0709D50C2303FB0683E3
:1013C80062781B7A9A4282BF4C44E35CEB720C232E
:1013D80003FB068385F80CA05B796B730EE700BFEF
:1013E80024AD0008F0B50546FD2305F80C3B85B093
:1013F80004468DF8043090F8243103F10C020244BD
:10140800012B42D80026637066808DF805308B7AF0
:1014180023718DF808308B7AADF8066001338B7232
:1014280063798DF80930A3798DF80A30A368C3F37E
:1014380017031A128DF80B3009211B140DF1050042
:101448008DF80D308DF80C20FFF766FC6778ADF845
:1014580002003A4629460DF10200FFF743FC94F8D2
:101468002311FFF733FC94F82421BDF80230A4F8C7
:101478000C31974210D207F10C00D21B31462044A0
:1014880005B0BDE8F04009F003B812F8010D0028D6
:10149800B8D1013BDBB2B3E705B0F0BD07B50368CF
:1014A8008DF807101B6901220DF10701984703B059
:1014B8005DF804FB13B5044608460191FEF780FE6B
:1014C800236801991B6982B2204602B0BDE810402A
:1014D80018470000B0F1904F08B5014609D14FF404
:1014E8000030FFF7A1FB114B99421ED14FF4800049
:1014F80008E00F4B984209D003F58063984208D161
:101508004FF40020BDE80840FFF78EBB4FF4802061
:10151800E7E7084B984202D14FF48010F2E7064BF8
:101528009842E0D14FF40010ECE708BD00140048E1
:1015380000040048000C00480010004808B5224B81
:10154800984201460BD14FF40060FFF789FB1F4B0F
:1015580099420DD1BDE808402020FFF773BBB0F1D8
:10156800804F0ED01A4B98420FD10220FFF76AFB2A
:10157800184B99420FD14FF40050BDE80840FFF7CF
:101588006FBB0120FFF75EFBE1E7134B984208D1E0
:101598000420FFF757FB114B99420CD14FF48030D0
:1015A800EBE70F4B9842D2D11020FFF74BFB0D4BC6
:1015B800994206D008BD0C4B9942F8D14FF400303F
:1015C800DBE74FF48020D8E7002C014000140040EE
:1015D8000004004000340140000800400040014081
:1015E8000010004000480140004401402DE9F0434C
:1015F80087B00E46054614460021142201A89DF81E
:1016080038809DF83C901F4608F042FF00960B2C4E
:1016180007D8DFE804F007070A1214141416161680
:101628001A1CFEE70323019301E002230493032F0E
:1016380011D8DFE807F0111321110123F6E7012380
:10164800F1E7012301930393F1E70223EBE7022378
:1016580001930123F7E7FEE703230293B8F1100F84
:101668000CD8DFE808F02D2D0C11131517191B1DC8
:101678001F21232527292B000123EEE7FEE701235D
:101688000593022301931EE00223F9E70323F7E7FA
:101698000423F5E70523F3E70623F1E70723EFE73C
:1016A8000823EDE70923EBE70A23E9E70B23E7E73C
:1016B8000C23E5E70D23E3E70E23E1E70F23DFE73C
:1016C800B8F1000FDDD1B9F1000F02D02846FFF7BD
:1016D80001FF053C042C05D8DFE804F0030B0403E4
:1016E8000B00AE626946284607F0FEFE07B0BDE86B
:1016F800F083AE61F6E713B54FF0010C0024CDE995
:10170800004CFFF773FF02B010BD000070B586B043
:101718000023164604460D46ADF80630FFF70EFFC7
:10172800042E04D8DFE806F02E3204363F00FEE728
:101738001E4B1F4A1B68B3FBF2F39BB20022013B0E
:1017480001A92046ADF80430CDE90225049205929E
:1017580008F02AF9236823F080032360A36823F4A0
:10176800A03323F00703A360636823F0700363606A
:10177800636823F470036360A36823F08003A360A5
:1017880006B070BD094B0B4A1B68D4E7074B0A4AE1
:101798001B68D0E7054B074A1B68B3FBF2F303EB62
:1017A80083035B00C9E70123C8E700BF20000020CE
:1017B80080A8120140420F0000127A0010B50446BA
:1017C800FFF7A4FF236843F00103236010BD002244
:1017D8004FF0FF31FFF7F2BF254B10B5254CD3F87A
:1017E8000438236007F0C4F84FF0904007F014FE67
:1017F800214807F011FE214807F00EFE204808F0A6
:10180800B1FA204808F0AEFA1F4808F0ABFA1F48B2
:1018180008F0A8FA1E4808F0A5FA1E4808F058F87B
:101828001D4808F055F807F007FF4FF0E0220023A5
:101838001A491361536193614A6822F003024A60AE
:1018480072B64FF0FF319A0002F1604202F5614230
:101858000133082BC2F88010C2F88011F3D162B6A8
:10186800034BD3F8003883F3088823689847FEE7CA
:1018780000D0FF1F3403002000040048000800487F
:10188800003801400044004000480040004C00403F
:101898000050004000300140003C00400010024071
:1018A80030B5044685B00D4610461946012200237E
:1018B800FFF721FF0023CDE9013303936A4638235C
:1018C80029462046009305F0100507F07DFD2368A2
:1018D8000422AA4023EA0203236022680123AB40C2
:1018E8001343236005B030BD10B54FF00050FFF72B
:1018F800A9F90849084820234FF09042FFF7D0FF84
:10190800BDE810400549044810234FF09042FFF706
:10191800C7BF00BF01001002007400401200431549
:101928000749084A881AEFF30883521A1A44013AF9
:10193800013B984288BF0022AA2108F0A9BD00BF38
:1019480000A000200004000010B5032306224FF475
:1019580000714FF09040FFF7CEFE032302224FF4B0
:1019680080714FF09040FFF7C6FEBDE8104003239A
:10197800052240214FF09040FFF7BDBE104A136981
:101988000F2123F00F0391FAA1F113610D4B5A684F
:1019980022F480725A601A6822F480721A60DA6837
:1019A80022F48072DA609A6842F480729A60064B78
:1019B800D02283F817234FF400021A60704700BF43
:1019C800000001400004014000E100E0044B4FF436
:1019D80080725A611A6842F480721A60704700BFB8
:1019E800000401400248002305220421FFF783BEBA
:1019F80000040048064B1A6822F001021A605A686F
:101A080042F400325A601A6842F001021A607047C4
:101A180000480040064B1A6822F001021A605A6812
:101A280022F400325A601A6842F001021A607047C4
:101A38000048004010B5002305224FF400414FF044
:101A48009040FFF758FE0A48002305220821FFF7B7
:101A580052FE4FF090434FF4004205489A62082323
:101A68008362BDE81040002305221021FFF743BE22
:101A7800000400484FF090414B691A04DB4302F020
:101A8800004203F4004313438B61704705494B69D7
:101A98001A04DB4302F4002203F0080313438B61AA
:101AA800704700BF000400481C2873B50E461D4649
:101AB80021DC162823DC122825DC062840F28A744B
:101AC800B6BF6FF00E030A234FF4E16413702403CA
:101AD80040F6E443B4FBF3F42B68A1B20191284625
:101AE8005B6898472B6801999B68284698470023AC
:101AF800337002B070BD1E2340F6CA04E6E71B230C
:101B080040F65204E2E7142340F2E474DEE70000F2
:101B1800084611461A46014BFFF7C6BF0C000020C5
:101B28000C4BD3F8FC2022F08072C3F8FC20D3F8C9
:101B3800FC2042F08072C3F8FC20A3F55D431A68CC
:101B480022F001021A601A6842F001021A600022AB
:101B58005A60704700ED00E0064A074B51681B6861
:101B680010B5064CB3FBF4F3584353685B1A834231
:101B7800FBD310BD001000E02000002040420F0001
:101B88001FB50023CDE901306946012301A803935D
:101B980007F068F800280CBF0420052005B05DF8A0
:101BA80004FB08B50A4600230146022006F0E4FFBC
:101BB80000280CBF0420052008BD08B5FFF7E0FF8A
:101BC800031F5842584108BD08B5FFF7EAFF031F35
:101BD8005842584108BD00002DE9F347274B284DCE
:101BE800012814462748284A0F4617BFAA467D21D0
:101BF8007C211D46019106BF9A468146914606F012
:101C080079FF01992846FFF7D8FF30B9002406F07C
:101C180083FF204602B0BDE8F087002F08BF4FF4CD
:101C2800FC640334C4F38F0405F110064FF0000878
:101C3800AAEB050A1FFA88F39C4209D84FF0113124
:101C48002846FFF7C1FF003818BF01208400DEE7EF
:101C58003FB95AF806104B1C06D108F101080436A2
:101C6800E8E757F82810F6E74E4505D23046FFF763
:101C7800ABFF0028F1D1C9E70324C8E700E0030857
:101C880000E80308FFEF0308FFE7030810B506F0B4
:101C980031FF09487C21FFF790FF58B107487D21A3
:101CA800FFF78BFF003818BF0120840006F034FFCF
:101CB800204610BD0446F9E700E0030800E80308E1
:101CC80030B5084D002340F2EF749AB2914201D822
:101CD800042030BDA34203D05A5DC2540133F4E757
:101CE8000320F6E710E0030813B50A46044672B667
:101CF800019101460020FFF76FFF62B60428019AA0
:101D080005D172B601202146FFF766FF62B602B020
:101D180010BD000038B5124B1C68D3F80058B4F158
:101D2800113F09D1B5F1113F17D00022114601200A
:101D3800BDE83840FFF750BFB5F1113F03D100228D
:101D480011461046F4E7FFF7A1FF042804D12C4000
:101D580001340CBF0220012038BD0420FCE700BF7D
:101D680000E00308034B18739A68D207FCD5187B68
:101D7800704700BF0038004038B5441E8D18A9428E
:101D880000D138BD14F8010FFFF7ECFF01F8010B83
:101D9800F5E7084611461A46FFF7EEBF38B5064D77
:101DA80004460144A14200D138BD2878FFF7DAFF84
:101DB80004F8010BF6E700BF14000020084611469E
:101DC800FFF7ECBF10B5014404468C4200D110BDAA
:101DD80014F8010BFFF7C6FFF7E708461146FFF7AF
:101DE800F1BF000030B58DB02822002102A808F00C
:101DF8004FFB4FF48040FEF725FF4FF480512948F0
:101E080003230622FFF777FC2648062401254FF412
:101E1800805383610A22CDE9004503234FF4005122
:101E2800FFF7E4FBCDE900451E4803230A224FF4DF
:101E38000041FFF7DBFB03231A46CDE900451948AB
:101E4800194C4FF48041FFF7D1FB082208924FF458
:101E58008272002303924FF40072CDE90533CDE975
:101E680009330293079207234FF4E06202A9204640
:101E78000B93049207F05EFD636823F01003636020
:101E8800636823F008036360236843F0400323601A
:101E9800A3689B07FCD5237B044BFF221A700DB067
:101EA80030BD00BF00040048003800401400002086
:101EB8001C4B10B4DC69A00612D51A6891060FD520
:101EC80019481A499A8C038809880133C3F30A030D
:101ED80089B2994292B21FBF1549D2B2CA5403803F
:101EE80010481F232206036214D503681B0611D568
:101EF800104B114A1988138889B29BB299420CD0A9
:101F080013880133C3F30903138013880B4A9BB268
:101F1800D35C03855DF8044B70475DF8044BFEF70E
:101F2800ADBE00BF00440040942800209228002045
:101F380092200020982C0020962C00209628002023
:101F48000F49104A0B8812880133C3F3090392B270
:101F58009A4212D00C4AD0540B804FF0402202F51E
:101F6800806353E8003F43F0800302F5806040E857
:101F780000310029F3D1012070470020704700BFCD
:101F8800982C0020962C00209628002038B504466E
:101F98004518AC4200D138BD14F8010BFFF7D0FF4B
:101FA800F7E708461146FFF7F1BF0000054B064A60
:101FB8001B8810880133C3F3090380B2181A18BFAD
:101FC80001207047982C0020962C002008B5FFF7B8
:101FD800EDFFB0FA80F0400908BD0000054B064A45
:101FE8001B8812889B1A98B21B0444BF00F5006036
:101FF80080B270479428002092280020FFF7EEBF97
:102008000848094A0188138889B29BB29942F9D0D5
:1020180013880133C3F30A0313801388034A9BB25E
:10202800D05C70479428002092280020922000203D
:10203800FFF7E6BF00B5002389B0CDE90633CB1A18
:1020480018BF01231B03CDE90232019004910C2330
:1020580001A90348059307F0D5FE09B05DF804FB14
:102068000044004010B5064C236823F001032360A8
:10207800FFF7E0FF236843F00103236010BD00BFB2
:1020880000440040002208461146FFF7EBBF00005D
:1020980073B5414C236823F001030825236001260A
:1020A8004FF40030FEF7CEFD0421CDE9005603239E
:1020B8000A224FF09040FFF799FA03232946CDE909
:1020C800005602224FF09040FFF790FA0022114686
:1020D8004FF46140FFF7AEFF636823F490436360F9
:1020E800A36823F02A03A360636843F400336360A2
:1020F800636843F480336360284BB02283F8262357
:1021080040225A602046FEF7B9FD4FF0402101F504
:10211800806353E8003F23F0400301F5806040E806
:102128000032002AF3D1402323621D4B1A801D4B35
:102138004FF040211A8001F5806353E8003F23F0F7
:10214800200301F5806040E80032002AF3D1164BE5
:102158001A80164B1A80104B5A6822F400625A6093
:102168009A6822F008029A605A6822F480425A60FB
:102178009A6822F022029A609A6842F480529A6021
:102188001A6842F001021A60DA699102FCD5DA692C
:102198005202F9D502B070BD0044004000E100E0F1
:1021A800962C0020982C00209228002094280020AB
:1021B80008B5FFF76DFFBDE80840FEF7ABBFFFF7B6
:1021C800F7BF0000024B1A68024B1A60704700BF45
:1021D8009C2C00207C030020054A064B19681368D4
:1021E80099421DBF0133012013600020704700BFD2
:1021F8007C0300209C2C0020034A044B11681B78A8
:102208000B441360704700BF9C2C00202400002062
:102218000148FFF7DCBA00BF00040040014B586AD0
:1022280080B270470004004008B5FFF7F1FFBDE831
:102238000840FFF7C7BF2DE9F04116460546884616
:1022480006F058FC0027B6B2BBB29E4201D804245F
:102258000DE058F827102B688B4202D1043501375E
:10226800F2E72846FFF7B0FC04460028F6D106F04E
:1022780053FC2046BDE8F081037807B56BB1084BE5
:102288001B68B3F5FA6F08D3002303700222406875
:102298006946CDE90033FFF7CEFF03B05DF804FBD4
:1022A8009C2C002000000000012337B503802C4B34
:1022B8002C4AD3E9005104462B48914208BF854275
:1022C8004FF0000202D1227003B030BD22A1D1E943
:1022D8000001C3E90001254825496260D0E90032C0
:1022E8005D1C03D0B3F1AA3F00D023B9551C0CD014
:1022F800B2F1AA3F09D008308842EFD172B67E21E8
:102308001A48FFF75AFC62B61848606003684268CA
:102318000093591C04D1551C1BD14FF0AA3311E06E
:10232800B3F1AA3F06D1511C0BD0B2F1AA3F10D18C
:10233800002307E06BB9B2F1AA3F0AD14FF48072CB
:1023480022801A46CDE9003269460222FFF773FF60
:10235800BAE700232370F4E712345678FEDCBA900B
:1023680000000020FEDCBA901234567800F0030812
:1023780000F803084FF080431A6991070AD56FF0F7
:1023880002021A615A6B6432DA63084A596B12887E
:102398000A445A634FF080431A69120705D56FF053
:1023A80008021A61024B01221A7070474C00002083
:1023B800790300200A490B8803B9FEE772B64FF08B
:1023C800804309885A6A114464325963DA636FF0AA
:1023D80002021A616FF008021A6162B6704700BF04
:1023E8004C00002000B5032289B04FF0FF314FF0B8
:1023F8008040FFF7E3F920220021684608F048F8FA
:1024080064236A4601214FF08040039307F028FBBC
:10241800C8236A464FF480714FF08040039307F059
:102428001FFB054BA02283F81C234FF080521A6033
:1024380009B05DF804FB00BF00E100E04FF0804305
:10244800DA6842F00202DA60DA6842F00802DA601A
:102458007047000010B501EB8101084B01EB8101C9
:1024680089001980064B044600221A70FFF7BAFF4C
:102478002046BDE81040FFF7E1BF00BF4C00002038
:102488007903002070B51C4CC4220021201D07F0E0
:10249800FFFF06232380202363800F231749A3808F
:1024A80005224323A01DFEF785F90123C4E9133350
:1024B8003F2300251149A4F858300226432305225A
:1024C80004F15A00A4F84A606565FEF773F90C4BED
:1024D8000C49C4F8A03004F1B000C4E92A55A4F8A6
:1024E8009E6084F8A45008F02DF87F2384F8C53046
:1024F800052384F8C63070BD6C020020E4AB0008E8
:10250800070001000FA8000870B5094E05460C46E3
:10251800415C304607F0D3FF034628B1831B0133E3
:10252800DBB2282B28BF0023F35C2B5570BD00BFFE
:10253800F8AB000870B50C461146064608F002F8DC
:1025480044B10025052130460135FFF7DDFFEBB228
:102558009C42F7D870BD000073B5054605F1110619
:102568001F4C204A014636016846FFF7E3FFB01CBE
:1025780069462044264407F0E5FF04EB05120223D0
:1025880073720023A2F81A31142202FB05404FF09F
:1025980001110165A1F1FF210122416540F20111FC
:1025A800A0F84A20C264A0F858104FF48070A062C6
:1025B8004FF4007084F83430E284A08584F82E202B
:1025C80084F8303084F83330C4F83A30C4F83E30F8
:1025D800C4F84230A4F84610A4F8481002B070BD00
:1025E800B0000020BEA700082DE9F3410546A54C20
:1025F800A54A05F111074FEA07180E460146684635
:10260800FFF798FF08F10200A04469462044FEF74E
:102618000BF898F80930072B84BF022388F8093093
:1026280004EB0710994B427A198841FA02F2D20753
:1026380010D40222427269B14807C1F3800209D45A
:1026480041FA02FC1CF0010FD0B200F0A68104EBA5
:102658000712507204EB0512280192F81A11052985
:1026680002D9002182F81A1104EB000C59889CF851
:102678001A2141FA02F2D20713D405228CF81A2142
:1026880079B111F0200FC1F340120AD141FA02FECC
:102698001EF0010F5FFA82FC00F08481221882F894
:1026A8001AC1221892F81B11032902D9002182F8B5
:1026B8001B1104EB07177A7A012A03D9042A01D0DF
:1026C80000229A802718998897F81B2141FA02F26C
:1026D80012F001020FD187F81B2161B111F001023C
:1026E80009D141FA02FC1CF0010FD7B200F05F815A
:1026F800221882F81B71002E40F09F81142202FBE1
:10270800054191F84A60042E02D9012681F84A60F1
:1027180002FB054292F84B10042902D9002182F8E5
:102728004B10142202FB0542B3F84A1092F84B6092
:1027380041FA06F6F60712D4012682F84B6071B109
:102748008E07C1F340020AD441FA02F7FF07D6B256
:1027580040F13281142202FB054282F84B601422B8
:1027680002FB054292F84C10032902D9012182F894
:102778004C10142606FB0546B3F84C1096F84C206E
:1027880041FA02F212F0010210D186F84C2069B128
:1027980011F001020AD141FA02F7FF07D6B240F15F
:1027A8001081142202FB054282F84C60142202FBBD
:1027B800054292F84E10012902D9002182F84E10E4
:1027C800142606FB0546B3F84E1096F84E2041FA3B
:1027D80002F212F0010210D186F84E2069B111F010
:1027E80001020AD141FA02F7FF07D6B240F1EE80A2
:1027F800142202FB054282F84E60142202FB0542B5
:1028080092F84F10042902D9002182F84F1014269B
:1028180006FB0546B3F8502096F84F1042FA01F12E
:1028280011F0010110D186F84F106AB112F00101C0
:102838000AD142FA01F7FF07CEB240F1CC80142149
:1028480001FB054181F84F60142101FB054191F816
:102858005160032E02D9002681F85160142707FB26
:102868000547B3F8526097F8511046FA01F111F094
:10287800010119D187F85110B6B116F0010113D131
:1028880006E000BFB0000020BEA700086C020020D0
:1028980046FA01FC1CF0010FCFB200F0A180142110
:1028A80001FB054181F85170142101FB054696F89A
:1028B8005070022F02D9012786F8507001FB05419C
:1028C80091F85460022E02D9012681F8546014212F
:1028D80001FB054696F84D70022F02D9002786F8AD
:1028E8004D7001FB054191F85260012E02D9012675
:1028F80081F85260142101FB054696F85570012FA6
:1029080002D9012786F8557001FB054191F85360FB
:10291800022E02D9002681F85360142707FB0547C9
:10292800B3F8566097F8531046FA01F111F0010117
:1029380010D187F853106EB116F001010AD146FA8A
:1029480001FC1CF0010FCFB24FD0142101FB05414F
:1029580081F85370142101FB054696F856700C2F28
:1029680002D9002786F8567001FB054191F84C60A2
:10297800012E08D191F84F60042E04D1D70738D51D
:10298800002281F84F20142202FB054292F84F10D2
:10299800A1BB92F85120012A35E00132102A7FF4B8
:1029A8004FAE57E60132102A7FF470AE79E6013255
:1029B800102A7FF496AE9EE60132102A7FF4C4AE48
:1029C800CDE60132102A7FF4E6AEEFE60132102A96
:1029D8007FF408AF11E7013110297FF42AAF33E7FC
:1029E800013110297FF454AF5EE701311029A6D1D7
:1029F800B0E712F0040218BF0222C2E701290AD187
:102A080092F85120022A01BF142202FB054200213C
:102A180082F8511007E0022903D192F85120032AC5
:102A2800F1E70329B5D0142202FB0542012182F8FF
:102A3800571040F20111A2F8581094F82620042AE1
:102A480002D9012284F8262094F82720042A02D9E2
:102A5800002284F82720B3F89E1094F8272041FA22
:102A680002F2D7070ED4012284F8272051B18E072D
:102A7800C1F3400206D441FA02F7FF07D6B244D5A3
:102A880084F8276094F82820022A02D9002284F8C2
:102A9800282094F82920022A02D9012284F8292022
:102AA800B3F8A01094F8292041FA02F212F00102BA
:102AB8000CD184F8292049B111F0010206D141FA5C
:102AC80002F7FF07D6B224D584F8296094F82A20A3
:102AD8000C2A02D9002284F82A2094F832200C2AE1
:102AE80002D9002284F8322094F82B20042A02D933
:102AF800002284F82B2000224749164611F9017F4D
:102B080017F1780F09DA0E7009E00132102AB2D1F4
:102B1800B8E70132102AD2D1D8E7782FF3DC013296
:102B2800D2B20C2AEAD13D490022012611F8017FD0
:102B38000132022FD2B288BF0E70042AF6D194F85F
:102B48003420022A02D9002284F83420B3F8A220C3
:102B580094F8343042FA03F313F001030CD184F8EB
:102B680034304AB112F0010306D142FA03F6F607EF
:102B7800D9B211D584F8341094F82C30022B02D92C
:102B8800002384F82C3094F82D30032B08D80AD170
:102B9800002384F8343006E00133102BE5D1EBE74D
:102BA800022384F82D3094F82E30022B02D9012309
:102BB80084F82E3094F83030022B02D9002384F8A0
:102BC800303094F833300C2B02D9002384F833309A
:102BD80094F83530042B02D9002384F83530104B93
:102BE80018444FF6FF71A0F820111421FF2201FBB1
:102BF800053183F82F2083F831204FF0FF32C0F8D9
:102C08001C211A629A84A1F85A20A1F85C20DA865D
:102C18001A8702B0BDE8F081E9000020F500002025
:102C2800B00000200021FFF7DFBC0000034670B5AC
:102C38000846052B04D8DFE803F01D0421191D21DF
:102C4800FEE720261F250F22164CA3702277013B92
:102C58000122A4F84C60A4F84E50A276A273042B6B
:102C680011D8DFE803F00F111919110009266F2593
:102C78000722E9E7142632250A22E5E73526132537
:102C88001922E1E7FEE7FEE7002323712374FDF72D
:102C980047FF6073607670BD002323712374A376A9
:102CA800A373F4E750000020044B012283F8552059
:102CB800A3F85620A3F85820704700BF5000002002
:102CC8002DE9F043724D734C00F1110805EB08171C
:102CD80002378DB006463846FDF7C2FC4FEA0619A2
:102CE8000290042102A805EB0616FEF715F896F8DF
:102CF8001B31E0832BB103EB031303EB03231844CD
:102D0800E08305EB08135B7A062B40F0B680E38B73
:102D180003F5B5432533E38305EB081895F8270039
:102D2800FFF7C2FF98F8091061708B1FA944012BA7
:102D38008CBF0023012399F81A0184F85A30FFF751
:102D480075FF99F81B21E18B029BE1806182A360EA
:102D580063612AB14FF0113000FB0233A360636155
:102D680095F826004C4B616213F9203023732376C3
:102D7800002384F82A30637B84F8292023B9384655
:102D8800FDF78EFC84F82A006078FDF7C9FE434AF7
:102D980084F82800128802F00101970748BF41F023
:102DA8000201A185560742BFA18D41F00401A1850A
:102DB8000346100742BFA18D41F01001A185D1063D
:102DC80042BFA18D41F02001A185920642BFA28D8C
:102DD80042F00802A285324A03AE02F1200C1068C4
:102DE8005168374603C7083262453E46F7D1106836
:102DF8003860A2782B4E06210CA801FB030313446C
:102E0800B7EE087A13F8247C84F8207007EE907ADD
:102E1800F8EEE77A16E90F0067EE877A86E80F0082
:102E2800FCEEE77A40F2E243CDED017AA4F85030A7
:102E38009DF80430B4F84C20A4F852307F084FF4C1
:102E48007A73B3FBF2F3A4F8403095F82C30052FD1
:102E580038BF0527012B84F8547016D0022B14BFF5
:102E68004FF461434FF461336364002384F85B30AB
:102E7800A4F85C300DB0BDE8F083072B7FF44CAFAD
:102E8800E38BA3F5B543263B45E74FF4E133EBE786
:102E9800B000002050000020E4AB00086C020020C5
:102EA80090A500088000002002484FF4DE72FF2140
:102EB80007F0EEBAB000002002484FF4DE71FEF7CA
:102EC80013BF00BFB000002002484FF4DE71FEF7C8
:102ED800F7BE00BFB000002008B5FFF7F5FF034BB1
:102EE8001878BDE80840FFF79DBE00BF50000020DD
:102EF800F8B5FFF7D9FFFEF70DFF04280CD0FFF750
:102F0800D3FFFEF707FF042803D1FFF7DDFF0428EE
:102F180006D0FFF7C9FF03E0FFF7D6FF0428EED17C
:102F280046494748464C102207F0D6FA38B1454979
:102F38001022204607F0D0FA08B1FFF7B5FFA38AA0
:102F480042F6A102934266D042F6A002934258D8B4
:102F580000213B4B022504260F46012093F84F2001
:102F6800012A1ED0022A1FD00ABB93F85020042A37
:102F780020D0052A20D0033A18BF012201310A299E
:102F880083F8502083F8540003F11403E6D194F831
:102F98002C30042B12D0052B31D0002384F82C3090
:102FA8000EE083F84F50E0E783F84F60DDE783F8E1
:102FB8004F70DAE70122E1E70222DFE784F82C000C
:102FC80042F6A103A382012522691C491C4842F646
:102FD800A2039A424FF010021CBF2361012507F09B
:102FE8007BFAD0B1154916481022FDF715FC164991
:102FF80016480822FDF710FCFFF75EFF0FE00223DA
:10300800CCE70025E8B20135FFF7A6FA0A2DF9D179
:103018000023E377D4E70025D6E7002DECD1002381
:10302800E3770B4C2370FFF72DFA2078FFF7FAFDB2
:103038002078BDE8F840FFF743BE00BFC5A70008E9
:10304800B0000020D6A70008E7A700086202002009
:103058005000002037B50C468B784A780978054629
:1030680007F0C7F8E3790193A3792279E17800930F
:103078002846637907F0EDF861782078FEF75EF866
:10308800A86103B030BDC36837B50446A3B1024692
:1030980052F8153B5D6900F11603A84732233F2219
:1030A8000B21204606F0F9FF092300937022637D67
:1030B8008021204607F02BF903B030BD7FB54B7A4D
:1030C800C160043B012B8CBF002301230446DB00B5
:1030D800037507F015F8237D244E63F07F038DF800
:1030E8000F30012319460DF10F02204606F08AFF22
:1030F800204607F00BF8E368227D1B7806EB0313E4
:1031080020465978019107F01EF80199204607F0EA
:103118002FF803222021204607F00FF804230C2261
:103128002621204606F0B9FFE368204693F90810E7
:10313800FFF7A9FFE3681D7805B1FEE73146204691
:103148002661FFF787FF2A462946204607F044F8FC
:1031580020462B46C022C82107F0A7F8FF212046A9
:1031680004B0BDE8704007F0BDB800BF40C2000819
:1031780010B5044606F0CAFF2046FF21BDE81040FE
:1031880007F0B0B838B5C168036891F908105D69EF
:10319800044600F1160300F11502A847E3681B78FE
:1031A80003B1FEE7034B236190216020FDF7C6FFC2
:1031B800A06138BD40C20008C36810B504463BB1E1
:1031C80003690BB9FFF7DEFF2369B3F90C0010BDE3
:1031D8001846FCE7C36810B5044633B103690BB958
:1031E800FFF7D0FF94F9160010BD1846FCE708B5A4
:1031F800C36843B9FFF762FF7D20FEF7ADFCBDE869
:103208000840FEF7E3BB08BD90F8D43053B190F8FE
:10321800D520074B03EBC20153F83230497953F8F4
:1032280021007047037C00EB8300406B704700BFB0
:10323800B4AB000813B5194B0288DB8B9A420446DD
:1032480027D1837813F0D00F25D18379812B22D809
:103258004FF6FF730D2201460DF10600ADF806305A
:10326800FDF740FDB4F80D20BDF806309A420ED1A6
:103278004C2204F10D01FDF735FDB4F85900BDF8F5
:103288000630C01A18BF0120800002B010BD03200C
:10329800FBE70120F9E70220F7E700BF5000002014
:1032A8000A7ACB7902F0070243EA022303804B7AB9
:1032B8000A7A03F03F035B0143EAD20343808B7A27
:1032C8004A7A9B0043EA9213CA7A02F0010243EA5F
:1032D800822383800B7BCA7A03F00F03DB0143EA66
:1032E8005203C3800B7BC3F30112012A11D813F0D8
:1032F800300F14BF012300239B0203830B7B7F2B1A
:103308000AD813F0C00F14BF012300239B02438384
:10331800704740F2FF73F0E740F2FF73F7E70A7A6D
:10332800CB7902F0070243EA022303804B7A0A7A38
:1033380003F03F035B0143EAD20343808B7A4A7A66
:103348009B0043EA9213CA7A02F0010243EA8223FD
:1033580083800B7BCA7A03F00F03DB0143EA520335
:10336800C3800A7CCB7B02F0070243EA0223038175
:103378004B7C0A7C03F03F035B0143EAD2034381A1
:103388008B7C4A7C9B0043EA9213CA7C02F00102C0
:1033980043EA822383810B7DCA7C03F00F03DB01A0
:1033A80043EA5203C3814B7DDB0003828B7DDB0044
:1033B8004382CB7DDB0083820B7EDB00C3820B7BE9
:1033C800C3F30112012A2BD813F0300F14BF0123C5
:1033D80000239B0203830B7B7F2B24D813F0C00FA1
:1033E80014BF012300239B0243830B7DC3F3011207
:1033F800012A1BD813F0300F14BF012300239B02AE
:1034080083830B7D7F2B14D813F0C00F14BF0123C7
:1034180000239B02C3834FF4806303844384704773
:1034280040F2FF73D6E740F2FF73DDE740F2FF7327
:10343800E6E740F2FF73EDE737B5214BDB8B0380FE
:103448004A78837862F3C30383704A79C37862F356
:103458000003C3708A79437962F386134371044683
:1034680091F902000D46FCF7C6FFE37860F34703C5
:10347800E370EA78237962F3060323712A79DBB2D1
:1034880002F0010203F07F0343EAC21323712A7991
:103498006379C2F3450223F03F0313436371592252
:1034A8004FF6FF7321460DF10600ADF80630FDF723
:1034B80019FCBDF80630A4F8593003B030BD00BF80
:1034C800500000202DE9F3419DF820601546522E4A
:1034D80088464FF05B024FF0000104461F4628BFA4
:1034E800522606F0D5FF2D4BDB8B23802A78A37854
:1034F80062F30203A3706A78D20002F00802DBB21A
:1035080042EA081103F007031943A1706A79E378C6
:1035180062F30003E370AA79637962F38613637137
:1035280095F90200FCF767FFE37860F34703E3705F
:10353800EA78237962F3060323712A79DBB202F071
:10354800010203F07F0343EAC21323712A796379E6
:10355800C2F3450223F03F0313436371A379224664
:1035680066F3470302F8063F3E443B46B34210D198
:103578004FF6FF73592221460DF10600ADF80630CB
:10358800FDF7B0FBBDF80630A4F8593002B0BDE82D
:10359800F08113F8011B02F8011FE7E75000002033
:1035A80007B5009313460A460121FFF78BFF03B0C6
:1035B8005DF804FB30B53A4B027893F8261061F3B6
:1035C8000302027093F8271061F30712027093F850
:1035D8002810427861F30302427093F8291061F3CE
:1035E8000712427093F82A10827861F303028270FE
:1035F80093F83210827961F30302827193F82B10E9
:10360800827861F30712827093F83410C27961F3FB
:103618000302C27193F82C10C27861F30302C270DE
:1036280093F82D1061F30712C27093F82E100279E7
:1036380061F303020271427993F8301061F30302D7
:10364800427193F83310827961F30712827193F80B
:103658003510C27961F30712C27103F1390100F123
:103668000A0200F1160411F9015F02F8015FA24293
:10367800F9D193F84610C27D61F30102C27593F83F
:10368800471061F38302C27593F8481061F305127D
:10369800C27593F8493063F38712C27530BD00BF15
:1036A800B00000200278344BC2F3030230B583F82F
:1036B80026200278C2F3031283F827204278C2F347
:1036C800030283F828204278C2F3031283F82920E2
:1036D8008278C2F3030283F82A208279C2F30302B4
:1036E80083F832208278C2F3031283F82B20C27940
:1036F800C2F3030283F83420C278C2F3030283F8CA
:103708002C20C278C2F3031283F82D200279C2F369
:10371800030283F82E204279C2F3030283F8302093
:103728008279C2F3031283F83320C279C2F30312F9
:1037380083F8352003F1390100F10A0200F116047B
:1037480012F9015F01F8015FA242F9D1C27DC2F30B
:10375800010283F84620C27DC2F3810283F8472024
:10376800C27DC2F3011283F84820C27DC2F38112E0
:1037780083F8492030BD00BFB000002070B5522644
:1037880098B0324604460D4603A8002106F080FE94
:10379800212342F6A2008DF80C30FDF71FF8ADF892
:1037A8000E0042F6A100FDF719F81D49ADF810000A
:1037B80014220DF11200FDF72FF81A48FFF70AFD41
:1037C800194B8DF8260093F855308DF827300AA844
:1037D800FFF7F0FE4FF68073ADF84630134A144BEE
:1037E800CDE912236FF08023149347F6FF73ADF8E9
:1037F8005430104BB3F89E208DF85620B3F8A02013
:10380800B3F8A2308DF857208DF85830009603ABE6
:103818002A4602212046FFF755FE18B070BD00BFAA
:10382800EDA70008441E0020500000200A00640094
:10383800F401E8036C02002038B5154D044600F188
:103848001B01062205F58970FDF746F894F821302A
:10385800C3F3030385F8193194F82130C3F3031334
:1038680085F81A3194F82230C3F3030385F81B3125
:10387800B4F85700FCF7C3FF42F6A103984205D1FC
:1038880004F12500BDE83840FFF70CBF38BD00BF84
:10389800B00000200B4A0C49126882600A68026175
:1038A8004A680A4942610A6882614A68C26100231B
:1038B8004EF66022838083718381038402600385CE
:1038C800704700BF9C2C0020FEA7000807A800082E
:1038D80010B5094CE26802B9FEE7084B1B79137072
:1038E80003B1FEE7064921612046FFF7B3FB2046F6
:1038F800FFF73EFC10BD00BF441E00205000002012
:1039080040C2000838B5174D0446A87869780528DC
:103918001CD14FF6FF732385FFF788F96B780122D6
:103928009A40238D23EA020323850F490F48FFF7A6
:103938005EFC0E48FFF71CFC0C486FF07F01FFF798
:10394800A2FB2046BDE83840FFF7C2BF002323850D
:103958000220FFF76BF96A7801239340228D134305
:103968009BB2E1E75000002054000020441E0020D4
:1039780090F8203013B980F82130704790F8213042
:10398800013B5BB2002B80F82130DCBF002380F8BC
:10399800203070470A4B90F820201B6872B182686B
:1039A8009B1AB3F57A6F01D901234371037923B9BF
:1039B800437913B101230371037370478360F5E7FB
:1039C8009C2C0020037B9A1E012A4FF0000202D88B
:1039D80090F8201011B90273184670471346FBE798
:1039E8000A4A38B5138801339BB2502B04460D465A
:1039F80001D8138038BD002305491380FDF75AFD0F
:103A080029462046FDF756FDF4E700BF8003002055
:103A180010A800082DE9F84F154604460F468049BE
:103A2800FDF748FD29462046FDF744FD7D4B002261
:103A3800012F1A8015D14FF090434FF400427A4E6F
:103A48009A620827B76146F2A810FEF785F8B762B0
:103A580046F2A810FEF780F829462046FFF7C0FF77
:103A6800F0E7BB1E704A08210C2B00F2C980DFE882
:103A780003F03D51672207C7C7C77B7B7B7B7B0071
:103A8800DFF8A4814FF008094FF090464FF4004743
:103A9800C8F8189046F2A810B762FEF75DF8C8F8A3
:103AA800289046F2A810B761FEF756F82946204636
:103AB800FFF796FFE8E7DFF870814FF008094FF04D
:103AC80090464FF40047C8F8189046F2A810B7611E
:103AD800FEF742F8C8F8289046F2A810B762FEF739
:103AE8003BF829462046FFF77BFFE8E791624FF055
:103AF80090464FF40047B76146F2A810FEF72CF83D
:103B0800B76246F2A810FEF727F829462046FFF7C5
:103B180067FFF0E74FF090434FF40042424E9A613E
:103B28000827B76146F2A810FEF716F8B76246F202
:103B3800A810FEF711F829462046FFF751FFF0E7D5
:103B480091614FF090464FF40047B76146F2A810D4
:103B5800FEF702F8B76246F2A810FDF7FDFF294606
:103B68002046FFF73DFFF0E7A7F1090BDFF8B89013
:103B78005FFA8BFB00264FF0080A5E453EBF4FF008
:103B880090434FF400429A614FF0040846F2A8109F
:103B9800C9F818A0FDF7E0FF46F2A810C9F828A058
:103BA800FDF7DAFF08F1FF3829462046FFF718FF2E
:103BB80018F0FF08EAD14FF090434FF400429A62A0
:103BC8004FF0040846F2A810C9F818A0FDF7C4FF82
:103BD80046F2A810C9F828A0FDF7BEFF08F1FF3883
:103BE80029462046FFF7FCFE18F0FF08EAD1013607
:103BF800A7F10803F6B2DBB2B34238BF0026BCE730
:103C08004FF0904391614FF400429A614CF250306A
:103C1800FDF7A2FF29462046FFF7E2FEF6E700BFC0
:103C280010A80008800300200004004808B5437865
:103C380002789A4213D0042B8ABF042303700370BE
:103C4800027888BF4370064B064813F92210064BCA
:103C580019731976C36813B11972FFF714FA08BDFE
:103C6800E4AB0008441E00205000002010B50AB93B
:103C7800437010BD541E0B2CFBD80332D2B231F95D
:103C88001220C83A03FB022240F2716192FBF1F262
:103C980012B222EAE2729A42C8BF1AB24270E8E748
:103CA8000A46014610B9024806F019BA704700BF23
:103CB800441E002010B51346A0B94FF0904240248E
:103CC80094620A460146094806F0F8F90748FF21B8
:103CD80006F008FB054806F030FBBDE810407D20E3
:103CE800FDF73ABF0148FFF743FA10BD441E002014
:103CF8002DE9F041194C05465B270E463A4600214E
:103D0800204606F0C5FBAB692360EB696360144B82
:103D180014491B789A1E53425341627A63F3000296
:103D280062726FF05D02A27228220023E27204F12F
:103D38000E00142223736373FCF76EFD592120468D
:103D4800FCF7EAFF084BA4F859003A4621463046EA
:103D58001B7FBDE8F041FFF7ADBF00BFCB1C0020C3
:103D680073030020EDA700085000002013B50C468F
:103D780038B91148C36833B9812281F8A02081F885
:103D8800A23002B010BD037D01F1A2020DF10601BF
:103D980006F0DFFABDF90630002B08DB4FF6FF739B
:103DA800ADF80630BDF8063084F8A030E9E77F3377
:103DB800F8DA4FF68173F3E7441E00200A4608B587
:103DC80001460148FFF726FE100000200023FF22CD
:103DD800037043708370C27003717047C17829B94A
:103DE8008378017101338370012070470378012BB8
:103DF8001DD0022B05D08BB98278013282700371F5
:103E0800F2E7827843785340DB0703D401328270AB
:103E18000023F4E7FF2903D1002303710020704732
:103E280003790133DBB299420371EFD3F6E7FF2937
:103E3800F2D002790132D2B291420271EED2827886
:103E48000132827000220271CEE700000D48C3697A
:103E58001A0616D503681B0613D50B4B0B4A19888F
:103E6800138889B29BB2994209D013880133DBB217
:103E780013801388064A9BB2D35C03857047FCF70E
:103E8800FDBE704700480040902000208E20002092
:103E98008E1F00200E490F4A0B8812880133DBB2AF
:103EA80092B29A4212D00C4AD0540B804FF0402262
:103EB80002F5006353E8003F43F0800302F5006019
:103EC80040E800310029F3D10120704700207047F5
:103ED800902000208E2000208E1F002038B5044638
:103EE8004518AC4200D138BD14F8010BFFF7D2FFDA
:103EF800F7E708461146FFF7F1BF000000B50023B9
:103F080089B0CDE90633CB1A18BF01231B03CDE9CD
:103F18000232019004910C2301A90348059305F08E
:103F280071FF09B05DF804FB0048004010B5064C6D
:103F3800236823F001032360FFF7E0FF236843F0C1
:103F48000103236010BD00BF0048004008B541B11F
:103F58004FF4005204484FF48061FFF7E7FFFDF784
:103F680049FD012008BD00BFA086010008B531B198
:103F7800002211460348FFF7D9FFFDF73BFD01205A
:103F880008BD00BF9A5B060008B541B14FF4005266
:103F980004484FF48061FFF7C9FFFDF73BFD01209E
:103FA80008BD00BFA086010013B52F4C236823F07D
:103FB800010323604FF48020FCF744FE082301200E
:103FC800CDE900300A22032328484FF48061FDF729
:103FD8000DFB002211462648FFF790FF636823F483
:103FE80090436360A36823F02A03A360214BC02297
:103FF80083F8272380225A602046FCF73FFE4FF0C3
:10400800402101F5006353E8003F23F0400301F528
:10401800006040E80032002AF3D140232362164BA7
:104028001A80164B1A80636823F400636360A368E0
:1040380023F00803A360636823F480436360A368E4
:1040480023F02203A360A36843F48053A36023688A
:1040580043F001032360044BDA699102FCD5DA6965
:104068005202F9D502B010BD0048004000040048D3
:10407800A086010000E100E08E20002090200020B2
:1040880030B51C4C85B00E2200210546684606F066
:10409800FFF9B4F8A030ADF800302046FCF757F926
:1040A8008DF802002046FCF749F9B4F8A4308DF8E1
:1040B80003001148ADF80430FFF78CF894F8A630E7
:1040C8008DF8073094F8A9308DF80830B4F8AA3084
:1040D800ADF80A30094B8DF806009B788DF80C3046
:1040E8006946012328468DF80D3003F06CFF05B0B2
:1040F80030BD00BF881D0020441E00205000002055
:104108000148FEF757B900BF811D0020F8B5154DCD
:104118000E4607465B232946304614462A46FFF7D3
:10412800BFFDD7E9041328686A689A4208BF884225
:1041380009D0002430460C49FFF718FE002C0CBFAC
:1041480001200320F8BD59212846FCF7E5FDB5F804
:1041580059308342EDD114B1FFF7D2FFEAE70124C9
:10416800E8E700BF7D1E0020881D002013B501214F
:1041780004460844FCF7D0FDA178ADF806000DF11F
:104188000600FCF7A3FDE178FCF7A0FD2179FCF718
:104198009DFD6179FCF79AFDA179FCF797FD04F183
:1041A80008010322FCF79EFD627804F10C01FCF77C
:1041B80099FD94F82311FCF789FDBDF80630A4F8A1
:1041C8000C3102B010BD00000038024B18BF0120AE
:1041D800187070473803002070B5002A38D1042BB6
:1041E80071D89DB29BB3654C94F82830666A03F188
:1041F800030C5FFA8CFCF600BCF1070F666284F8CA
:1042080028C040F28980053BDBB284F82830B1F839
:1042180000C0DE400CF101030B8000F80C600EE0DA
:10422800083BDBB284F82830B1F800C0666A0CF1AC
:10423800010E26FA03F3A1F800E000F80C3094F818
:104248002830072BECD8013296B2B542CED870BDD3
:10425800FF2AFCD1032B66D89DB2002BF7D0474C20
:1042680094F828300026626A03F1040C5FFA8CFC8B
:10427800120142F00202BCF1070F626284F828C002
:104288007AD9043BDBB284F82830DA400B8803F192
:10429800010CA1F800C0C2540CE0083BDBB284F862
:1042A8002830626AB1F800C0DA400CF101030B80D3
:1042B80000F80C2094F82830072BEED80136B2B25B
:1042C8009542D0D870BD2D4C626A03F5C06343EAAD
:1042D800423394F82820636202F10D05EDB2072DF0
:1042E80084F82850B3D90532D2B284F82820D340B4
:1042F8000A88551C0D80835409E0083BDBB284F81A
:104308002830626A0D88DA406B1C0B80425594F89D
:104318002830072BF1D870BD013296B2B5426346FA
:104328003FF664AF93E7154C626A03F5E06343EA2E
:10433800423394F82820636202F10D05EDB2072D8F
:1043480084F8285083D90532D2B284F82820D34083
:104358000A88551C0D80835409E0083B626ADBB269
:1043680084F82830DA400B885D1C0D80C25494F81C
:104378002830072BF1D870BD63469FE78C050020D5
:104388002DE9F047674C0027FF250F800570802531
:10439800676284F82870A5779846002B00F0BB80E8
:1043A80003F1FF3912FA89F9561EBA463A4609E06E
:1043B800554546D10137BFB20B8843453AD24E45E1
:1043C80000F0948016F8015F002AF1D16B1EDBB271
:1043D800FD2B32D83F2B62D905F14103DBB23F2BCD
:1043E80034D8636A94F828200135EDB245EA0325EC
:1043F80002F10803DBB2072B656284F8283015D96F
:1044080084F828200B88D5405A1C0A80C55409E036
:10441800083BDBB284F82830626A0D88DA406B1CEE
:104428000B80425594F82830072BF1D800220B88CE
:104438004345C4D30020BDE8F0870127AA463A4681
:10444800BAE7FBB25246FFF7C7FEBFE7636A94F8C4
:1044580028203F35EDB245EA432502F10903DBB2D6
:10446800072B656284F82830E0D90132D2B284F88B
:1044780028200B88D5405A1C0A80C55409E0083BFF
:10448800DBB284F82830626A0D88DA406B1C0B8036
:10449800425594F82830072BF1D80022C7E7636A01
:1044A80094F828207F35EDB245EA032502F1080388
:1044B800DBB2072B656284F82830B7D984F8282046
:1044C8000B88D5405A1C0A80C55409E0083BDBB26A
:1044D80084F82830626A0D88DA406B1C0B804255DC
:1044E80094F82830072BF1D80022A0E722B1FBB2BC
:1044F8005246FFF771FE0B8894F8282062B1646A6F
:10450800C2F108020125944005FA02F2013A224359
:104518005C190C80C2540B88984594BF0020012078
:10452800BDE8F0878C0500202DE9F04F47F26F7346
:104538000022827003800B78A3F1FE03B3FA83F3A1
:104548005B0983708A780D4612F001011CBF43F0A5
:1045580080038370D5F8202122F07F4222F0FF02E9
:1045680085B0044612B143F008038370AA68C2F309
:104578001702FF2A1ED9B2F5803F18D363F07F03D4
:10458800A37041F002014FF0020B09234FF00A0C0F
:104598000822E1700B20CDF804C01E4617464FF0E4
:1045A800070E4FF006094FF0050A042117E043F003
:1045B8000203A370180600F1D68008234FF0090CF7
:1045C80007220A204FF0000BCDF804C01E461746FC
:1045D8004FF0060E4FF005094FF0040A032195F835
:1045E800018004F8018004EB0108297904F80A1015
:1045F800697904F80910A97904F80E10A178090757
:1046080009D595F82111A15495F82211A155034611
:10461800674662460646A968A154A278900707D55E
:10462800BA1C1F46AB68C3F30F23A35596B2334693
:10463800BBF1000F05D05A1C1F46AB7AA35596B2A2
:104648003346A278D10606D55A1C1F4695F8233161
:10465800A35596B23346454A127803F1010914FA74
:1046680089FA05F10C0B42B16B785A460DF10E012F
:104678005046FFF785FE00285AD16A7850465946B9
:104688001FFA82FA05F066FF2278394B6178D24327
:10469800D2B2072F9A5C82EA0102995CA27882EA78
:1046A8000102995CE27882EA0102995C227982EA45
:1046B8000102995C627982EA0102995CA27982EA34
:1046C8000102995CE27982EA0102995C1BD0227AA4
:1046D8005140082F595C16D0627A5140092F595C15
:1046E80011D0A27A51400A2F595C0CD0E27A51407D
:1046F8000B2F595C07D0227B51400C2F595C1EBFF1
:10470800627B5140595CA1551AFA89F39BB2B5F8FE
:104718000C21E2545A1CB5F80C1192B2090AA154A2
:10472800AA78981CD20780B20BD405B0BDE8F08FE8
:10473800A378BDF80EA043F04003A37088F800A04A
:10474800A2E7D5F81071D5F81811D5F814612750DB
:1047580022180F335660916095F81C11117398B2A6
:1047680005B0BDE8F08F4FF0000B0EE738030020CE
:1047780024AC00082DE9F84FAE4CAF4E0F468246E8
:104788000146AD48154605F0E5FE00233B809E46F0
:104798002384636284F82830802384F822304FF021
:1047A800FF08F14606E03B885A1C3A800AF8039055
:1047B80094F828E0BEF1010F5CD8218C8D4240F2BC
:1047C8009D80606A735C0EF1080C5FFA8CFC43EA0A
:1047D8000023ACF1020B23FA0BF00EF1060200F0F5
:1047E80003000131D2B202282184636284F82820B0
:1047F80000F08680032800F0888001281DD0002A58
:1048080040F08780228C954278D9B15C013241EA28
:104818000323228407211A06636284F82810C2D56C
:10482800062184F8281013F0400F40F08D803B8853
:104838005A1C3A800AF80380BAE7062A0BD8228C59
:1048480095425BD9B15C013241EA03230CF10601C0
:1048580022846362CAB2073AD34003F07F037D2BF8
:1048680084F828204AD83A884133511C39800AF8FC
:1048780002309DE7636AAEF1020B23FA0BF000F0F9
:1048880003005FFA8BF2022884F8282003D003285B
:104898001CD0F446B1E7052A32D8218C8D422DD997
:1048A800705C0EF10602013140EA0323D2B2218482
:1048B8006362063A84F828E0D340398803F03F035E
:1048C8004A1C01333A800AF8013071E7052A1CD8DE
:1048D800218C8D4212D9705C0EF10602013140EA3A
:1048E8000323D2B221846362063A84F828E0D340D5
:1048F800398803F03F034A1C413BE3E7BDE8F88FE2
:10490800063A636A5FFA82FED4E7063A5FFA82FEE5
:10491800EBE70BF1FF3023FA00F0511EC9B2C007D4
:1049280084F828107FF53FAF69BB228C9542E5D902
:10493800B15C013241EA032307212284636284F8CF
:10494800281013F0800F70E74A1ED0B223FA02F243
:10495800D20784F8280032D48446228C9542CDD9D7
:10496800B05C013240EA0323C81D22846362C0B2EE
:10497800A0F10802D34084F828C05FFA83FB388886
:104988005A46002133E0013923FA01F0911EC9B2D9
:10499800C00784F828107FF54AAF99BB228C95424E
:1049A800ACD9B15C41EA032301324FF0070C190678
:1049B8002284636284F828C021D40821CDE707281F
:1049C80032D8228C954299D916F802C007310132A3
:1049D8004CEA032322846362C9B2083923FA01FB33
:1049E80084F828005FFA8BFB38885A46FF21504428
:1049F80005F04EFD3B889B44A7F800B0D8E660461A
:104A08000821DEE701F1FF3CD01E23FA0CFCC0B2FE
:104A18001CF0010F84F82800D1D107289CD90B3A43
:104A2800636A5FFA82FCA3E7A0F108020146D0B2EC
:104A3800D3E700BF8C050020600400202DE9F04F6B
:104A48005788B7F58F7F8BB0144606460BD90022DE
:104A5800227000226F2B628000F065810023337082
:104A68000BB0BDE8F08F12780E2A0D4624D80E2A16
:104A780000F2118101A151F822F000BF5B4A000841
:104A8800AB4C00089F4C00089F4C0008AB4C00083A
:104A9800AB4C0008AB4C0008AB4C0008AB4C000812
:104AA800AB4C0008F94C00089F4C00089F4C0008CC
:104AB8009F4C00081D4D0008692A40F2EA806A2AC6
:104AC80040F0E9809C4FFA8A02F1FF3C1FFA8CFC07
:104AD800002A00F077820CF1030CDFF864E2BC4492
:104AE800FF22B91C11F8010B424061451EF8022053
:104AF800F8D1934200F0CF8100222270C4F802203E
:104B0800E280FA8A022AA9D939796F2900F02B8321
:104B1800032AA3D079796F2900F03583042A9DD020
:104B2800B9796F2900F03283052A97D0F9796F296E
:104B380000F03B83062A91D0397A6F2900F044822D
:104B4800072A8BD0797A6F2900F03283082A85D01A
:104B5800B97A6F2900F02F83092A3FF47FAFF97AD9
:104B68006F2900F02B830A2A3FF478AF397B6F292D
:104B780000F027830B2A3FF471AF797B6F2900F08F
:104B880023830C2A3FF46AAFB97B6F2900F01F8397
:104B98000D2A3FF463AFF97B6F2900F01B830E2ABF
:104BA8003FF45CAF397C6F2900F01A830F2A3FF479
:104BB80055AF797C6F2900F01083102A3FF44EAF6F
:104BC800B97C6F2900F00F83112A3FF447AFF97CB5
:104BD8006F2900F00B83122A3FF440AF397D6F290B
:104BE80008BF4FF012087FF439AF02F101091FFA2C
:104BF80089F93A44A7F816905FFA89F993704F49F2
:104C08004A4602A805F0A6FC6F234FF0010CBB70C2
:104C18004FF0000E6423A7F800E0A7F816C0237031
:104C280008EB0C0399451FFA89F27FF617AF901E1F
:104C380002A9A0EB08005A1E0B440A4413FA80F09C
:104C48004FF06A084FF007094FF0660A05E0002B9D
:104C580040F0BD8190423FF401AFFB8A12F8011F7A
:104C680007EB030B01338BF80210FB822378092B27
:104C7800EDD9A3F1640BBBF1050FEBD8653B042B11
:104C880000F2B782DFE813F01E01160111010D01D1
:104C98001A01632A05D800232370C4F80230E38080
:104CA800DDE6254FFA8AB91801328B70FA8222782C
:104CB800092A00F2A480002A3FF4D0AE013A082A5B
:104CC8003FF6CCAE01A151F822F000BF934F000887
:104CD800654A0008654A0008F54E0008F54E0008C8
:104CE8007D4F0008494F0008B74F0008674F00087C
:104CF8007A1C6280104EEB55A088727F61888318F9
:104D08009942FFF6ADAE33785F0600F1E1810E23DC
:104D18002370A5E67A1C6280EB55E288638893428B
:104D280010D201239BE604490A800122CA82642228
:104D38008B702270002392E68C0500208E050020DF
:104D480024AC000800236380237002230370428090
:104D58002B78FD2B00F08680EB7803722B79437259
:104D68006B7943606A7808327280002240F28510BD
:104D7800DFF8B0C47281FE210446013499424FEA3B
:104D880054042ED849D38B4240F089802B78FD2BD0
:104D98007ED04FF0060B2846DFF8888410F801AF64
:104DA8000BEB0A0909F1FF3189B2FBF7B5FF04EBF8
:104DB800440708EB8707ADF808003979019102A884
:104DC800FBF784FF05EB090215F8093052780199C1
:104DD80003EB0223BDF808209BB29A421FD005239B
:104DE8003DE6601E1418824204F1010780F06981D3
:104DF80027F0010101EB57015CF82110BDE7A2F192
:104E0800640105293FF62AAE653A042A00F2FA81C0
:104E1800DFE802F0807C787492002246E2E7BB79F2
:104E2800DA0706D5FA79924582BF521912F80B2093
:104E3800B2729B070BD56300234408EB83036A789F
:104E48001B7A9A4282BF5B1913F80B30F372630026
:104E5800234408EB8308317398F8053073730BB05B
:104E6800BDE8F08F6B790372AB7943726B7A297A5C
:104E7800EA791B0403EB0123134443606A7802F1C7
:104E88000C014180A978C9077FF56FAF19326BE72C
:104E98004FF00A0B7FE70A2201232270DFE5032384
:104EA800DDE5F97684F80090D4E64FF06803B9762A
:104EB8002370CFE6797084F800C0CBE6397784F8A0
:104EC8000080C7E6397001F00103618887F801E0C6
:104ED800033B01F1010BA4F802B06B5497F90030C1
:104EE800002BACBF634653462370B3E66288511C5F
:104EF8006180AB54237801332370AFE50722FB763A
:104F0800227017E76822BB76227013E701227B70B4
:104F180022700FE762883B70002103F00103033B16
:104F28007970511C6180AB5497F90030002BC0F2A6
:104F380030810123237091E56A223B772270F9E6DC
:104F48006288511C6180AB543B787A78134313F024
:104F5800020340F0D5806288511C6180AB5462889E
:104F6800511C6180AB543B78D8064CBF69236A2337
:104F7800237073E56288511C6180AB543B781D0730
:104F88004CBF67230723237068E562883A83511C66
:104F98006180AB543A787B7712F0010200F0CE8042
:104FA80006220833A280E3800423237056E5628832
:104FB800511C6180AB547B7813F00203CFD00923D6
:104FC80023704BE5FF2294E54FF006080DE6013B00
:104FD800082B3FF63FAE0FF2080B5BF823F000BF3B
:104FE800215000085D4C00085D4C00080D50000879
:104FF8000D5000089550000863500008AF50000895
:1050080047500008638803F1010BA4F802B0E95483
:105018002378013323701DE663883B8303F1010B7A
:10502800A4F802B0E9543B78797713F001036AD009
:1050380008310623E180A380042323700AE66388ED
:1050480003F1010BA4F802B0E9543B78DB067FF5C5
:1050580036AF4FF069032370FCE5638803F1010B59
:10506800A4F802B0E9543B7879780B4313F00203B3
:1050780043D1618801F1010BA4F802B06B54618837
:1050880001F1010BA4F802B06B54DEE7638803F169
:10509800010BA4F802B0E9543B7819077FF502AF79
:1050A80067232370D6E5638803F1010BA4F802B0E7
:1050B800E9547B7813F00203E1D04FF00903237021
:1050C800C8E5584902EB4200144651F820105AE648
:1050D80002A92844FFF74EFB737FBDF808106288C9
:1050E800CB1A9BB21A446280727F1A447277E288A4
:1050F8001344E380338BE95409E608232370A9E5B8
:1051080008232370AAE40C31E18079784FF00A0B68
:1051180011F00101A4F804B028D0618801F1010B55
:10512800A4F802B005F801C0618801F1010BA4F8E8
:1051380002B06B54E3880D33E3807DE779780C3354
:10514800E38011F001014FF00A03A38024D06388A3
:10515800012158186080E954638859186180EA541D
:10516800E3880D331FE74FF002083EE5638803F13B
:10517800010BA4F802B0E954638803F1010BA4F809
:1051880002B0E95458E74FF003082EE54FF0040841
:105198002BE56623237061E463885A1C6280E95416
:1051A80063885A1C6280E954FEE64FF005081CE546
:1051B8004FF0070819E54FF0080816E54FF0090801
:1051C80013E54FF00A0810E54FF00B080DE54FF016
:1051D8000C080AE54FF00D0807E54FF00F0804E545
:1051E8004FF00E0801E54FF01008FEE44FF01108EB
:1051F800FBE477290ED084F800E0C4F802E0A4F8B4
:1052080006E027E5772B09D000232370C4F8023085
:10521800E38023E44FF0650323701BE565232370C7
:105228001CE400BF24AD00082DE9F8431F46184BC5
:10523800164693F8302004463AB393F82B301FB142
:105248001BB31F1F18BF0127A1F1020804F5E3696A
:1052580001F11E0538F8020FFBF742F929F8020F91
:10526800B8F80000FBF749F9A845A9F82000F1D1E2
:10527800084B84F85A771B68C4F85C3786F0010637
:10528800012384F8606784F81937BDE8F88300BF04
:10529800B00000209C2C002070B500F27C7400F552
:1052A800B0712046FBF79BFD044B02461868016865
:1052B8000D6921462B46BDE870401847841D002023
:1052C800B0F8E834B0F8EA249B1A98B21B0444BF3B
:1052D80000F5007080B2003818BF01207047D0F880
:1052E800F836B0F8E8240133C0F8F836D0F80037BB
:1052F8000133C0F80037B0F8EA349A421FBFC21829
:10530800B0F8EC1492F8EE24013316BF0B400022DB
:10531800A0F8EA3410467047114B93F82D305A1E06
:10532800012A02D80F48FFF7DABF032B10D10E4A23
:10533800B2F81E36B2F81C1699420ED0D1180133B5
:1053480091F82206B2F820160B40A2F81E367047D4
:10535800064B186803689B6918470020704700BF10
:10536800B0000020D0050020780E0020841D002009
:105378000023A0F8EA34A0F8E834024B1868036860
:10538800DB691847841D002010B50748FFF7F0FFB8
:10539800064B0022C3F81C26054B18680368BDE8B5
:1053A8001040DB69184700BFD0050020780E0020A8
:1053B800841D002038B5B0F8EA24B0F8E8349B1A08
:1053C8009DB21B04084B04461868036848BF05F5DE
:1053D80000751B6A48BFADB298474319D4F8F00668
:1053E800184480B238BD00BF841D0020F8B5D0F83D
:1053F800F43690F81877CB1AB3F57A7F04460E4640
:1054080026D2632B01D800207DE0012F0AD0022F7D
:1054180019D0002FF7D1FFF7CDFFB0F5806FF2D983
:10542800012305E0FFF7C6FFB0F5806F03D902231B
:1054380084F818370CE02046FFF7BCFFB0F5C07FB2
:10544800E1D20023F4E7FFF7B5FFB0F5806FE7D3AB
:105458003448C4F8F466FAF79FFF334D334A2B6893
:105468001168C3F1000C411A614501DB99424BDD1B
:1054780010600A232B601368B3F5FA7FBCBF4FF4A2
:10548800FA7313601268D4F8F83652214A4328494F
:105498006425B1F84C1092FBF1F26B43B3FBF2F3C5
:1054A8005F2B35D8552B35D83B2B03D94B2B34BF25
:1054B8005B25322594F81837022B2DD0012B2DD0DF
:1054C80013B9002F18BF33254FF47A73D4F8002787
:1054D800314604F20470FBF739FB94F81837FBB92E
:1054E800642D0BD1D4F8F436A3F29A23C4F8F43619
:1054F800D4F8F83603225B00B3FBF2F3C4F8F836AD
:1055080084F8FC560120F8BD002BB4DD013BB1E75F
:105518000025CFE71E25CDE70025D5E73225D3E7BF
:105528000023EBE7881D0020080000203C03002032
:105538005000002070B5D0F8F43690F81827CB1A30
:10554800B3F57A7F04460E4614D2032A08D8DFE85A
:1055580002F002092730FFF72DFFB0F5487F26D863
:10556800002029E0FFF726FFB0F5AF6F11D902231D
:1055780084F81837304B94F81857B3F84C00C4F82F
:10558800F466D4F8F836032D4ED8DFE805F0371660
:10559800494B2046FFF70EFFA328E1D80323E7E78E
:1055A800632BDDD9FFF706FFB0F5AF6FE2D2012319
:1055B800DEE7002084F8180770BD21254FF47A73C0
:1055C800D4F80027314604F20470FBF7BFFA94F8C8
:1055D80018377BBB642D0BD1D4F8F436A3F5487388
:1055E800C4F8F436D4F8F83605229B00B3FBF2F37E
:1055F800C4F8F83684F8FC560120DDE764210F4A28
:10560800B2FBF0F24B43B3FBF2F35F2BD6D8552B2A
:105618000CD83B2B0CD94B2B34BF5B253225CDE75F
:105628000025CBE75D25C9E76425C7E71E25C5E743
:105638000D46C3E70023DBE750000020504001007F
:10564800F8B5244F04463846FAF76FFEFAF7E9FE34
:10565800064697F9A600FAF7E4FE05463846FAF733
:105668006DFE1D4B94F8FC2693F8353084F87221B2
:10567800333384F86531442384F86631FF22D4F843
:10568800683184F874216D2262F31703C4F8683115
:10569800C0F10A000023C4F86C3184F8813200B2EA
:1056A8004FF43943A4F8823280F30700092384F8C1
:1056B800730184F8706104F5B07084F8715184F84E
:1056C800843204F5AA71FBF78DFE2046BDE8F84048
:1056D800FFF7E2BD881D0020B00000202DE9F04F43
:1056E800044685B0B4F82E270092B4F8302701920A
:1056F800B4F83227B0F828670292B4F8382703784C
:10570800B0F822E7B0F824C7B0F81CA7B0F81E9785
:10571800B0F82087B0F82677B0F82A570392B0F887
:105728002C07B4F81A27A4F87A610026B4F83617BB
:10573800B4F834B7A4F86C21A4F874E1A4F876C1DD
:1057480084F87C31A4F86EA1A4F87091A4F8728151
:10575800A4F8787184F87D61A4F87E51039AA4F8BE
:105768008C21FF2284F865214422A4F8800184F862
:1057780066210098D4F86821A4F88201A4F88A1157
:10578800019884F8813246214FF4F84361F31702F7
:10579800A4F88401A4F882320298A4F8860126238A
:1057A80004F5B070A4F888B184F88E6184F88F612C
:1057B80084F8906184F89161C4F8682184F884328F
:1057C80004F5AA71FBF70EFE204605B0BDE8F04FC0
:1057D800FFF762BDF0B591B0044600F23A736D462A
:1057E80000F25A76186859682A4603C20833B34249
:1057F8001546F7D120220DEB0200002104F048FEE7
:1058080094F8602794F85A370AB943F00203224AF9
:10581800A4F8703192F835202778D4F85C17C4F8CA
:105828006C110023333284F87331102384F87431F7
:10583800D2B284F872716B4604F275160DF1400C01
:105848001D4603CD6545306071602B4606F108069C
:10585800F6D1442384F86631D4F8683184F8652198
:105868004FF4D27262F31703C4F868314FF4A053AF
:10587800A4F88232492304F5B07084F8817284F860
:10588800843204F5AA71FBF7ADFD204611B0BDE8DE
:10589800F040FFF701BD00BFB000002070B5244BF9
:1058A80090F8745793F83530044690F8750784F8E3
:1058B8006F016FF06E0084F8700133336FF02A00C7
:1058C80084F8710184F865311220442384F8720148
:1058D80084F866310020D4F8683184F873014D20CB
:1058E80060F31703C4F868318F2394F8721794F89B
:1058F8007327B4F8706784F883320A2384F8741124
:1059080084F8811204F5B070A4F86C6184F86E51C3
:1059180084F8752184F8822284F8843204F5AA7107
:10592800FBF760FD2046BDE87040FFF7B5BC00BF3F
:10593800B000002010B5224B027893F835300446A9
:105948004FF07E51C0F86C1133330021C0F870114C
:10595800C0F87411C0F87811C0F87C11C0F8801133
:10596800C0F8841184F86531442384F86631D4F88A
:10597800683184F88C114C2161F31703082084F8EE
:105988008801C4F86831022049F6010384F88901C6
:10599800A4F882320120212384F88B0184F88A211B
:1059A80004F5B07084F8812284F8843204F5AA7171
:1059B800FBF718FD2046BDE81040FFF76DBC00BF9F
:1059C800B0000020F0B54E78202E0D468BB004466E
:1059D80001F10C013AD8324601A804F0BBFD01AB35
:1059E800C6F121020021981904F052FD444B9DF89C
:1059F800222093F8353033339A427FD19DF82330F3
:105A0800442B7BD1BDF82030F62B02D0B3F5FA7FBA
:105A180074D1B4F87027A4F870379A421CBF0022DA
:105A280084F87527012284F86D276A7984F872272B
:105A3800AA7984F87327F62B4FF0020284F87427AA
:105A480013D0B3F5FA7F40D0002337E00B4601AA04
:105A580005F12C0718685968164603C60833BB4277
:105A68003246F7D11B783370C0E7264B18680368B5
:105A78005B6A98470028E7D09DED037AF0EE087A34
:105A8800B4EE677AF1EE10FA1BD1DFED1F7A9DEDC7
:105A9800047AB4EE677AF1EE10FA12D1DFED1B7AD0
:105AA8009DED077AB4EE677AF1EE10FA09D100237A
:105AB80084F874379DF82430012B13D184F8753796
:105AC8001CE0002384F87437BEE79DED077ADFED0C
:105AD8000F7AB4EE677A0023F1EE10FA84F874377F
:105AE800B2D1E7E7022BAFD194F87527002AABD0E3
:105AF80084F87537064B1B68C4F878370BB0F0BDCF
:105B0800B0000020841D00200000884288AC96491F
:105B18009C2C00204FF47F4303800023C0E901330D
:105B2800C0E90333436103767047000038B50023AA
:105B3800C0E90733C0E955334362C0F85C31044615
:105B4800FBF7C4F9254B9878022845D0431F5842E3
:105B58005841FEF739FB40F2FF13A4F8EC34204B10
:105B68001B68002503F57A73C4F8F43604F2047050
:105B7800C4E9A255C4F89052A4F8EA54A4F8E85429
:105B8800C4F8F05684F8FC5684F81857C4F8F85648
:105B9800C4F80057FAF7D4FF84F81957294604F2D5
:105BA8001A70402204F074FC7D2384F85A57C4F814
:105BB8005C5784F86057C4F86457C4F86857A4F869
:105BC8006C37A4F8725784F87557C4F8785720468C
:105BD800BDE83840FFF79EBF0120BAE7500000201B
:105BE8009C2C002010B40F4A92F82E20B2B10278F3
:105BF800A2B10D4A0169126840F6C414511AA142B3
:105C080003D95DF8044BFFF785BF416831B9416995
:105C1800511AFA2982BF4261012202765DF8044BCB
:105C2800704700BFB00000209C2C00204378032B55
:105C380006D1C068B0F5834F34BF002001207047FB
:105C4800002070477FB50B46324991F82D1000F1BE
:105C580028060229044600F11C02314668461BD179
:105C6800FEF7ECFE9DF80030022B50D104F5B0751C
:105C7800324669462846FBF737F9D4F8683123F0ED
:105C88007F436E2B2FD1244B9A78052A3DD8DFE825
:105C980002F0303438063038FBF798FAE2E75A6CED
:105CA800B2F5613F94BF002201222046FFF7BEFFF4
:105CB800C8B9C2B194F86E31012B14D894F8723176
:105CC800042B10D11549102204F27B1004F004FCB7
:105CD80048B9782384F8883184F8823184F87C3193
:105CE8002846FEF743FA204604B0BDE87040FFF7A7
:105CF800D3BA5A6CB2F5E13FD4E75A6CB2F5614FAA
:105D0800D0E75A6CB2F5164FCCE70122CDE704B0C4
:105D180070BD00BFB00000205000002012A800088D
:105D28004378032B07D1C06844F2BF13984294BF4D
:105D38000020012070470020704700002DE9F04F37
:105D4800844B0446ABB084481D68FDF743FAD4F889
:105D5800683740F6C312EB1A934204D894F96C37AB
:105D6800834200F0B6807D4EC4F86857B17884F855
:105D78006C07052998BF7A4B8DF819009CBF33F83A
:105D88001180784B8DF8171098BF33F8115023788D
:105D98008DF814304FF000034FF006078DF81530DA
:105DA8004FF07F0388BF00258DF818303A46B6F8C3
:105DB8004E30ADF80C300DF11A0088BFA846ADF88A
:105DC8000E308DF81670FAF763FD7178DFF8989148
:105DD8003A4608A8FAF732FD5F48ADF81080ADF8EA
:105DE8001250FDF7E9F940428DF826005A48FDF7B0
:105DF800E3F94042C2B220468DF82720FFF790FF12
:105E080004F5B07504F5AA768046002864D099F8A0
:105E180035309DF826109DF9190000913333BDF8EF
:105E28000C1084F88721DDF81A209DF815B09DF82C
:105E380016E09DF817C09DF91870BDF80EA0BDF8C2
:105E48001090BDF812800193A4F86C119DF81430DD
:105E5800009984F87901C4F87A210898BDF81E20C1
:105E680084F8743184F88611A4F87E21A4F86EA110
:105E7800A4F87091A4F8728184F875B184F876E179
:105E880084F877C184F87871C4F88001BDF82420BB
:105E9800A4F88421019A84F86521442284F86621B3
:105EA800D4F8682184F881324EF68E21AB2361F351
:105EB800170284F88332C4F8682184F882B21C235C
:105EC800284684F884323146FBF78CFA2046FFF7DF
:105ED800E3F92BB0BDE8F08F0146642211A804F065
:105EE800D7FA0DF10C0CBCE80F000AAF0FC79CE8FD
:105EF80007006FF02E0387E8070084F86C3199F8E3
:105F0800357094F8009084F86D811C2384F8703102
:105F1800802284F86E9184F86F810AA904F27110C6
:105F280004F018FB442384F86631D4F8683184F807
:105F3800819240F2811262F317033337FFB2C4F83B
:105F480068314FF41343A4F8823284F865718523CD
:105F5800B6E700BF9C2C0020441E00205000002003
:105F68009AAB0008A6AB0008B00000202DE9F04F5E
:105F78008E4B1A68D0F864372DED028BD31A122B8A
:105F8800A7B0044640F20D81DFF83892DFF82CB252
:105F980099F80010C0F864278B1E594259419BF9A3
:105FA800A000FAF756FA99F800109BF9A23001936D
:105FB8008A1E5142514106469BF9A600FAF749FA52
:105FC8009BF8A4300290012B9BF8A53078480CBFB1
:105FD80003250125012B9BF8AA300CBF45F00805C5
:105FE80045F00405012B9BF8AB3008BF45F01005C0
:105FF800012B0CBF45F0200545F04005FDF704F9DD
:1060080007EE900AB8EE670ADFED6A7A20EE270AF3
:1060180004F000FADFED687A684894F800A020EEF2
:10602800278AFAF794F980466448FAF79EF999F8AE
:1060380000300746022B20460CBF9BF8A9904FF072
:106048000009FFF76DFE5E4B93F835303333DBB252
:10605800039304F5B07B04F5AA730146002849D0E0
:10606800002284F86F21019A84F87321029A84F837
:1060780075217F2284F8762184F8782184F87A21A2
:1060880018EE102AC4F87B21C4F87F21039A84F8FB
:1060980065214422FF2184F86621D4F8682184F818
:1060A800771184F879114EF68D2161F31702C4F83F
:1060B80068214FF46062A4F882221722A4F86C5178
:1060C80084F86EA184F8708184F8717184F8726123
:1060D80084F8749184F881A284F884225846194679
:1060E800FBF780F9204627B0BDEC028BBDE8F04FE6
:1060F800FFF7D2B86C2204900BA8059304F0C8F9F6
:106108004FF67F72ADF82220ADF824207F228DF85B
:10611800262018EE102ACDF82720CDF82B206FF076
:106128002F020499019BADF8185084F86C2125784A
:106138008DF81B1017228DF81F3084F86D11029B03
:1061480084F86F1184F8702106A9802284F86E51B2
:1061580004F271108DF821308DF81AA08DF81C808A
:106168008DF81D708DF81E608DF8209004F0F2F9FE
:10617800442284F86621D4F86821039B84F86531A9
:1061880040F2811161F31702C4F868214FF41342F9
:10619800A4F882228522059B84F8815284F88422FF
:1061A8009CE727B0BDEC028BBDE8F08F9C2C00204B
:1061B8008403002000007A3D00007A44881D0020F6
:1061C800B000002073030020F0B54E78082E85B08B
:1061D80005460C4601F10C0717D83246394601A886
:1061E80004F0B8F901ABC6F109020021981904F0CE
:1061F8004FF99DF80930032B05D162792A70064AB8
:1062080012682A616B7005B0F0BDC86879683A7A7F
:1062180001AB03C31A70ECE79C2C002030B503785F
:1062280095B004461BB34A799A4220D14D784D2D3A
:1062380001F10C011DD82A46684604F08BF9C5F116
:106248004E0200210DEB050004F022F9049B636067
:10625800190EC3F3072242F2107000FB0122C3F3A8
:106268000743642101FB0323E360059BA36015B08A
:1062780030BD4E22684604F06DF9E7E78A68C2F33C
:1062880017024C2A14D0942A09D09AB90A4A92F8CB
:106298002E207AB18B79012B0CD1FFF795BF064AD6
:1062A80092F82E2032B18B79012B03D1FFF7B6BFBC
:1062B800FFF788BB704700BFB0000020B0F8EA3491
:1062C800B0F8E824F0B5D21A93B2120444BF03F52B
:1062D80000739BB2DD2B85B0044609D82A4D00F522
:1062E800257600F52277286803685B69984708B91E
:1062F80005B0F0BD286803689B699847D4F8F02674
:1063080001320346C4F8F02631463A466846FAF7A1
:106318005DFF9DF80030022BE5D104F5707532461B
:1063280069462846FAF7E0FD184B93F82D3004F239
:106338007C76022B294630460FD1FEF7F5F800236C
:106348009AB282420CD3002329462046C4F8F0367C
:1063580005B0BDE8F040FFF791BFFAF740FDEEE762
:10636800B4F8E814B4F8EC744A1C3A40B4F8EA7487
:1063780097421EBF0919F75C81F8EE7403F1010317
:1063880018BFA4F8E824DBE7841D0020B000002033
:106398002DE9F0414B4BDFF838811E6898F8003042
:1063A800494F022B1EBF0023A0F8EA34A0F8E834B6
:1063B80097F82D30013B012B044600F28180FFF74E
:1063C8007DFF97F82E50002D5BD098F80030022BF7
:1063D8004BD1012D3ED0022D42D000252046FFF79B
:1063E80001FC94F8193743B1002384F8193797F85A
:1063F8003030012B4FD0022B50D015B12046FFF77B
:106408001FF994F86D372BB1002384F86D372046B7
:10641800FFF744FA94F87537022B11D1D4F878377E
:10642800F61AB6F57A7F0BD9B4F87037F62B3ED04A
:10643800B3F5FA7F3DD00023A4F8703784F8753798
:10644800237E002B3CD0002323762046BDE8F04174
:10645800FFF770BA31462046FEF7C8FF0546BDE78C
:1064680031462046FFF766F8F8E7D4F8F436F31A11
:10647800B3F57A7F08D2002504F20470FAF760FBBE
:10648800ACE7C4F8F466F7E73223C4F8F46684F896
:10649800FC360125F0E7FFF721F9AEE7FFF79AF997
:1064A8002046FFF763FD2046FFF748FCA5E7FBF70A
:1064B80093F9064B1A79002ABDD101225A71BAE71D
:1064C800BDE8F0819C2C0020B00000204003002093
:1064D8007303002070B54C88B4F5427F4FF0000379
:1064E8000AD80D780B2D73D8DFE805F0060D1A2AA7
:1064F8002D30363952555969A2F1240462424B8035
:1065080062410A7007E04D2A01D0582A06D102706C
:1065180002230B70002380F8093333E00023F8E7E7
:1065280002F0FD033C2B01D0212AF7D103784270F9
:106538004D2B0CBF082303230B7000238370E9E75E
:1065480082700422DDE782800522DAE7838803EB84
:10655800022383800623DCE7C2800722D1E7C388B1
:1065680003EB02239BB2002BC3800CBF0B230A232F
:106578000B7000234B80012380F80933C388B3F5DF
:10658800407F01D8002002E000200870488070BDDC
:10659800C2800922B5E70A2382800B70EBE7B4F5C5
:1065A800407F3CBF241822724B8801339BB24B803A
:1065B800C2889A429CBF0B230B700123ABE780F87B
:1065C80008230B704B80022380F809330120DEE793
:1065D8000B704B80D6E7CB88B3F5407F70B531D8C8
:1065E800242303700B7843704B7883700B784D2B02
:1065F80014D1CB88C3708B88037105230022CD8802
:10660800D4189542A6B210FA84F415D891F8082344
:106618002270CA880132981880B270BD8B78C37016
:106628008B8803718B881B0A4371CB888371CB8855
:106638001B0AC3710823E1E78C180132247A8455B8
:1066480092B2DCE70020E8E72DE9F74F16464A88C2
:10665800B2F5427F04460D462ED80B780A2B0FD987
:10666800A3F16402032A03D90020287068802DE072
:10667800653B8F4F022B33D8DFE803F063A4A700F4
:1066880000210A2BF0D801A050F823F0C1660008B9
:10669800DB66000871660008716600081F6700085D
:1066A8002D670008396700083F6700087166000811
:1066B80071660008AD670008A6F124077E424FF016
:1066C80000007E4168802E7084F8090303B0BDE89D
:1066D800F08F6F2E0CBF642300232B700020F3E78C
:1066E80016F0040F14BF4D2358233E7023703A78D8
:1066F800D1070ED412F0020F14BF21233E2363707A
:10670800C2F3C003D20648BF43F00203A3700423B8
:10671800E3E73C23F3E7A68005232B7084F80913ED
:106728000020D3E7A38803EB0623A3800623D4E73E
:10673800E6800723F1E7E38803EB0623E38065237C
:10674800CBE70DF106007E70FAF744FB3978FAF7CB
:1067580039FBA7882179FAF735FB390AFAF732FBB2
:10676800E788A179FAF72EFB390AFAF72BFB9DF88F
:106778000630B34206D000232B706B80032384F8C5
:106788000933CDE7002F0CBF66230A232B700123A2
:1067980084F8093300236B80E288B2F5407FBFD9C3
:1067A8002B70BDE7B2F5407F3CBF121916726B889B
:1067B80001339BB26B80E2889A4201D866232B7022
:1067C8000123DCE77E806723F9E7B7F8028097F8B2
:1067D800009008EB06284FF6FF730DF106001FFA2C
:1067E80088F84946ADF80630A7F80280FAF76EFA3D
:1067F8002679B4F804A03146FAF768FA4FEA1A2164
:10680800FAF764FA94F806B0B4F806A05946FAF70D
:106818005DFA4FEA1A21FAF759FA797804F108076C
:10682800FAF754FA52463946FAF75CFABDF80630D8
:1068380043453AD119F0040015D086EA0B01E21D50
:10684800002398B2824584F8081307D80223012050
:1068580000222A706A8084F8093337E712F8010F9A
:1068680001334140EDE7A178F9F79EFE217984F8DC
:106878000803F9F799FEA18884F80803090AF9F7CB
:1068880093FEA17984F80803F9F78EFEE18884F86D
:106898000803090AF9F788FEE28884F808033946EC
:1068A800F9F788FE84F80803D0E703230020CFE730
:1068B800501C0020CB88B3F5407F2DE9F0410446F9
:1068C8000D464AD84B783C2B40D0A3F121004342D7
:1068D80043415B002A784D2AAA7808BF43F0040395
:1068E800D10748BF43F0080392074FF024022270F3
:1068F80048BF43F010036F226270A370AB88E37047
:10690800AB881B0A2371EB886371EB88A71C1B0AF1
:10691800A3713846FAF7A2FB0822E071E988A2F1D0
:1069280008039BB2561C8B42B6B204EB02080FD385
:10693800063189B23846FAF7EFF988F80000000AFC
:10694800A055E8880A3080B2BDE8F0810123C1E78C
:106958002B441B7AA3543246E0E70020F4E710B535
:1069680004462420207058206070237100201B0AE0
:10697800A170E2706371A071E0710522E11CF9F762
:1069880019FE2072092010BD40F2FF3370B50025B2
:10699800A0F820367D2380F8543A04460560C0F8F4
:1069A8000E53A0F81E56A0F81C56A0F8425AA0F89C
:1069B800445A80F8465AC0F8485AC0F84C5AC0F8A9
:1069C800505AC0F8585A00F6672103460A2600F6BE
:1069D8006D2011F8012F0AB1B6FBF2F2814283F85B
:1069E800702A83F8715AC3F8745A03F10803F0D176
:1069F8001522FF2104F52A6003F04AFDC4F8B85AAD
:106A080070BD0000F8B5134A044692F83000F8B19A
:106A180092F82B2003B1DAB18E1E04F5226701F13A
:106A28001E0536F8020FF9F75BFDAE4227F8020F94
:106A3800F7D1012384F8423A94F8453A83F00103E8
:106A480084F8433A94F8463A83F0010384F8443AC8
:106A5800F8BD00BFB000002070B5061D04460A4608
:106A680001463046FFF7F0FD18B304F6BC25314661
:106A78002846FFF7B0FD0F4B0246186801680E69FB
:106A88002946B04763793C2B13D121890A4804F67B
:106A98005A2304F66622A4EB8404A4F5F7541C3C9C
:106AA80033F8025F8D4204BF056844F823509342CF
:106AB800F6D170BD841D00209C2C002070B51248B2
:106AC80090F82D00451E012D0C460AD80F4E8D1842
:106AD800AC4200D170BD14F8011B3046FFF7B2F884
:106AE800F6E7032809D10A4E8D18AC42F2D014F803
:106AF800011B3046FFF7B0FFF7E7064B186803683D
:106B0800BDE870401B691847B0000020D005002080
:106B1800780E0020841D0020B0F81C36B0F81E2620
:106B28009B1A98B21B0444BF00F5806080B20038FD
:106B380018BF012070470000094B93F82D305A1EEA
:106B4800012A02D80748FEF7BBBB032B02D106482F
:106B5800FFF7E2BF054B186803685B69184700BF79
:106B6800B0000020D0050020780E0020841D0020F1
:106B780070B500F6BC240B4602223C212046FFF7E4
:106B8800EEFE054B0246186801680D6921462B4642
:106B9800BDE87040184700BF841D0020114B37B571
:106BA8001A68D0F8483AD31A122B19D9C0F8482ACB
:106BB80000F6BC24202300F6222001930090C8236D
:106BC80003223C212046FAF721FA074B02461868AF
:106BD80001680D6921462B4603B0BDE830401847CF
:106BE80003B030BD9C2C0020841D00207FB5234BB2
:106BF8001A68D0F84C3AD31AC72B04463CD9204D12
:106C0800C0F84C2A4FF480732846ADF80830F9F7DD
:106C18008CFB06461B48FCF7CFFA01463046F9F7CD
:106C2800A9FC8DF80A002846F9F77FFBF9F79CFCC8
:106C380095F8A9308DF80B0028468DF80C30F9F737
:106C480086FB8DF80D002846F9F778FB072304F634
:106C5800BC24019302AB8DF80E000093032241F28D
:106C68000D033C212046FAF7D1F9074B0246186874
:106C780001680D692146A84704B070BD9C2C00200E
:106C8800881D0020441E0020841D002030B5214BA3
:106C9800044687B020481D68FCF79CFAD4F8503A9F
:106CA80040F6C312EB1A934203D894F9543A83423C
:106CB8002DD0C4F8505A002384F8540A8DF80830AF
:106CC800F9F788FC154DADF809006978ADF80B00A7
:106CD80004220DF10D00F9F7B1FDA97806220DF196
:106CE8001100F9F7D5FD0F2304F6BC24019302AB7C
:106CF8000093032241F20E033C212046FAF786F95D
:106D0800074B0246186801680D692146A84707B075
:106D180030BD00BF9C2C0020441E002050000020E5
:106D2800841D002070B5274CFAF7FAFE0025FBF702
:106D38007BFAFAF77FFE2449244801F009F9FAF7AB
:106D480051FEFDF731F9C4E903552575FBF74AF8FB
:106D58001F4B1D70FAF7F8FD1E4B1F484FF4807249
:106D68004FF090455A614FF40076FAF707FEFAF7AC
:106D7800F3FEAE6241F28830FAF7EEFEAE614CF2F5
:106D88005030FAF7E9FE1548FAF7AEFD204603F051
:106D9800BDF9134C4FF47A70FAF7DEFEFCF7A8F849
:106DA8001048FBF781FAB4F84C100F48FBF752FB78
:106DB800FBF7FEF90D4B0E48616C1860FBF762F9A2
:106DC80070BD00BF441E0020D6000020541C0020C7
:106DD8001400002000040140E09304000C0000208F
:106DE800500000209C1C0020811D0020841D0020D4
:106DF8001C000020184B4FF4807273B55A61174875
:106E0800174CFF2103F074FA206023685B0612D543
:106E1800144E35798DB1114808236A46002103F0D4
:106E28005EF9D6E90402DDE900139A4208BF8842F8
:106E380001D00023236002B070BD02236A460748D0
:106E4800294603F04CF9084BDA8BBDF800309A421A
:106E580018BF2560EFE700BF00040140441E002072
:106E6800C00500204003002050000020034A0023F2
:106E78001370034A1370034A13707047CB05002040
:106E88007C1E002078030020024A00231370024A67
:106E980013707047CB0500207C1E002008B5437E88
:106EA800203B042B0FD8DFE803F0050E030B0F007F
:106EB800FCF7C2FC064A01231370064A137002E06D
:106EC800054B01221A7008BDFCF706F8F2E700BF6F
:106ED800CB0500207C1E002078030020034B1B7884
:106EE800012B01D1FCF74ABC704700BFCB0500203D
:106EF8002DE9F043074699B03D48FCF76FFF064679
:106F0800002860D03B4B1C78002C5CD13A4B1B7896
:106F1800022B54D1DFF8F8900DF10C0825464846AD
:106F2800ECB2FFF709FE40B14846FEF7F5F9013526
:106F3800522D08F8010BF2D12C4630482146F9F7BA
:106F4800EBFD2F48F9F7E2FDDFF8A4802D4D98F806
:106F580002308DF800304FF0010995F8A4308DF813
:106F68000530284685F8A5708DF806708DF80190D3
:106F7800F9F7DBF98DF802002846F9F7E8F98DF8FA
:106F880003002846F9F7F1F91F4F8DF804000EB3F6
:106F9800184B1B78CBB91D48234603AA6946FCF752
:106FA800FFFA184801233B70F9F7EDF91548F9F78E
:106FB800F3F9012388F8033019B0BDE8F0831448C9
:106FC800FEF7E2F9C0E70024BEE710486946FFF77C
:106FD80085FFE6E73B7803B9FEE70C486946FCF70E
:106FE8002BFA284687F80090F9F7D2F92846DEE709
:106FF800601E00207C1E002073030020EC1D002072
:10700800C41D0020881D002039030020261D0020F3
:107018001800002070B5CB78284DC3F3000385F81D
:10702800AA304B79C3F3801385F8AB300646C8788D
:1070380040080C46F9F7EFF985F8A60023792048AF
:10704800C3F3000385F8A7302379C3F3450385F814
:10705800A8306379227903F03F035B0043EAD21337
:1070680085F8A93021461EB9BDE87040FCF718B96B
:10707800FCF755F9A37803F0F003202B04D1204640
:10708800BDE87040FFF70ABFFFF7FEFE0D4B1B7807
:10709800022B12D1A2790C4804F119015208FFF70A
:1070A8000DFDA17905F178004908F9F735FD05F1DD
:1070B8005000BDE87040F9F729BD70BD881D00205B
:1070C800A41C0020730300201800002070B505469A
:1070D80058B9194B19491C78194803794BB1012C37
:1070E80028D0BDE87040F9F76DBF164B16491C78DB
:1070F800F2E7012C154B164E13D98A78C2F3C00259
:107108005A7002221A70E31E58425841FFF782FF54
:107118003046F9F704F9032C05D13046F9F702F99E
:1071280001E001221A7086F8A4500948BDE87040B1
:10713800F9F7F3B870BD00BFC8050020D81E0020BD
:1071480040030020C9050020331F0020601E0020D6
:10715800881D00200A4B1A7910B504462AB1014649
:10716800BDE810401846FCF7C3BDFFF7C1FE054B4C
:1071780005491B7F20465B22BDE81040FCF79ABDFD
:107188004003002050000020261D0020244B1A79BF
:1071980070B505460E4632B10A46BDE87040014654
:1071A8001846FCF7B3BF1F4A1F495B23FCF778FD5D
:1071B80045BB1D48FCF73EF8044628B31B491C484C
:1071C800FAF778F905F130011948C9B2FAF766F902
:1071D80018491748FAF76EF9204602F0C9FE014629
:1071E8001348FAF767F912480A21FAF757F9012CF8
:1071F80006D0042C11D001240F492846FCF7B6FD0F
:10720800204670BD0748D5E72EB10C48FBF7D2F8E9
:107218000CB10224F0E70324EEE7002EF9D0F4E7DE
:1072280040030020331F0020D81E002023A8000898
:10723800100000202AA80008881D0020811D0020B9
:10724800024B1878831E5842584170477303002038
:1072580070B500239CB2A24200D870BD058886880C
:107268006C1C34404688A6421EBF2D18CE5CAE71F9
:1072780003F1010318BF0480ECE700002DE9FF4784
:10728800B0F81E36B0F81C26D21A93B2110444BFC7
:1072980003F580639BB2E62B04460CD8744EDFF8E6
:1072A800E09100F21C6704F21238306803685B69E9
:1072B8009847054610B904B0BDE8F0873068036800
:1072C8009B69984704F20E3102464046FFF702F9DF
:1072D8000028EAD094F813333E2B52D1B4F8163371
:1072E800B3F5005F32D194F8983A7BBB039304F26C
:1072F800273004F69F214FF0010C11F8012FFF2AC7
:107308000FD04FEAD20E02F0070210F80EE04EFA44
:1073180002F2D20741BF039A0CFA03FE42EA0E02B8
:1073280003920133152BE8D1042304F6BC2A0193F8
:1073380003AB009302223E2142F6FF735046F9F751
:10734800A5FE514602463846FFF782FFB4F81633C9
:10735800772B47D11522FF2104F52A6003F098F80E
:107368000023B4F818E304F219359C469AB29645FE
:1073780023D894F8145384F898CA85F00205C5F305
:10738800400594F81333212B44D1B4F8163341F255
:107398000D02934236D041F20E02934236D0002DB0
:1073A80081D004F6BC2541462846FFF783FA2946D2
:1073B80002463846FFF74CFF75E715F801AF2D4A2E
:1073C80000201179514507D15179142904D8214455
:1073D80081F8A03A0133C9E701303B2802F10802DD
:1073E800EFD1F7E743F201029342CAD194F812337E
:1073F800582BC6D1204B1D7915B901225A71C0E707
:107408000025BEE7012384F8453A4CE7012384F8B8
:10741800463A48E73C2BC2D1B4F816A3BAF1440F58
:10742800BDD194F81233582BB9D13068D4F81A5317
:1074380003685B6A984700283FF435AF4D457FF4F1
:1074480032AF0E4B1B68C4F8B83A04F6BC250023CB
:10745800CDE90033022253463E212846F9F7D6FDEE
:10746800024630680168D1F810802946C0471AE7FB
:10747800841D002050C20008400300209C2C0020DE
:1074880091D512002DE9F0473A4B1B78022B0446A0
:107498000CD00023A0F81E36A0F81C3690F86D3AE0
:1074A80013B10A22B2FBF3F384F8983A324B93F8FB
:1074B8002D30032B2DD12046FFF7E0FE94F8422A09
:1074C8003AB1002384F8423A2046BDE8F047FFF776
:1074D80065BB94F8433A33B184F8432A2046BDE8A3
:1074E800F047FFF783BB94F8448AB8F1000F06D041
:1074F80084F8443A2046BDE8F047FFF7C7BB1F4B66
:107508001E68D4F8583AF31A632B04D8D4F8B83A5A
:107518004BBBBDE8F087C4F8586A254604F65C27DB
:1075280004F1300940F6AB5A95F8702AAAB195F8DB
:10753800713A0133DBB29A420BD885F8718AD5F8D3
:10754800743AF31A534508D939882046FFF710FBD7
:1075580003E085F8713A002BF1D008354D4507F165
:107568000207E1D1D2E7F61AB6F57A7FD1D9FAF750
:1075780033F900BF73030020B00000209C2C0020CA
:107588002DE9F0438D4E3378012B87B000F2DC8073
:107598000BB9FAF7C5F9FFF7C5FB894B00221A802A
:1075A8009A70884B08229A6207244CF25030013CAA
:1075B800FAF76CFAFAF7D0FA14F0FF04F5D182481A
:1075C80002F0E9FE122803D080490120FCF7F6FBFF
:1075D8007F4B804F1C60804B7B481C60391DFBF73C
:1075E80006FE7E48FCF756F997F82020202A00D995
:1075F800FEE797F828007A4D796AB7F82C9097F843
:1076080029C097F82A30A871052800D9FEE7DFF8C5
:10761800308258F830E0BEF1000F00D1FEE708EBE9
:10762800C008C5F808E098F804E098F8058085F8DF
:1076380007E085F80C8085F8D500A5F80E9085F848
:10764800D440B9F1000F00D1FEE7724524BF0EF116
:10765800FF3E5FFA8EF205286A7400F09C800128CC
:1076680000F2A1800CF1FF30C0B200F08B8002283C
:1076780013D8581EC0B2032809D80C2A01D90C20E7
:107688006874687C904200D96A74644608E0122ADB
:1076980084BF12236B740023F3E7052B28BF002354
:1076A8004F482246F9F79FF900244E4B2C744C485A
:1076B800FF251D705D70FBF7A7FD0146424802F0EB
:1076C8006FFE494B49481C70494B1C70494B1C8044
:1076D800494B1C70494B1C70494B1C70494B1C7022
:1076E800494B1C70494B1C70494B1C70FFF7BEFB83
:1076F800484BB7F84E201C70474B97F840101C7049
:10770800464B1C70B7F84C30F8F7CDFDB7F84C1065
:107718004348F9F7F4F84348FCF758FB424B434811
:1077280093F8291000F021FC4148FEF7FFF9414881
:10773800FFF72AF92448FBF74DFD3F4B1C803F4BD0
:107748001C80FAF73FFD3570FAF746FD002800F077
:107758009680284A13880BB1013B1380244B184AA2
:1077680019781388022922D12BB3013B9BB21380CD
:107778009278002A66D0002B6DD1FAF77BF9FAF7D8
:1077880085F968E0022804D80C2A01D90C236B7407
:107798006446002384E70CF1FF33022BF9D8082A4A
:1077A800F6D90823F3E70E48F9F7C4F87CE7002B6D
:1077B800DBD1C723DBE740F2F313D8E7C81C00206E
:1077C800C405002000040048441E00202CA800081E
:1077D800BC05002050000020C00500204003002008
:1077E80084030020C91C0020CA050020881D002031
:1077F8007303002076030020740300207003002028
:107808007103002072030020C9050020C80500206C
:10781800CC0500207B0300207A030020B805002057
:10782800681E0020601E0020B0000020541C0020AC
:10783800D0050020780E0020781E00207A1E002037
:10784800B4AB0008022940F08F800BB9FAF712F99F
:107858008A4B08229A628A4C2388002B00F08D807C
:10786800013B9BB287482380FCF782F88648FBF7E8
:10787800B1FC23881BB985498548F9F71BFE854D5E
:10788800854C297800297BD0022900F0AE80236836
:1078980053B32B78032B40F0B88023681B070ED511
:1078A8007E4A00232360137843F0010111707C4A5B
:1078B80092F85A200AB19F0701D500232B7023683C
:1078C80093B12368190648BF236823685A0648BF3E
:1078D80023682368734A1B0748BF23680023137073
:1078E800714A23602B701370704B1A7802F0FF07EF
:1078F800002A00F01B82002018706B4B1E7806F1DE
:10790800FF3CDCF1000848EB0C08002E00F09680E4
:10791800FFF7DCFB664A0023012E137205D8654A7F
:107928001377D3831362644A1370644C2278012A54
:1079380000F2D480012E15D9614E96F8A8303E2B5E
:1079480000F285805F4996F8A760087C002E40F019
:107958008C80834276D04A7C0B749A429CBF002369
:107968000B74B8460027C3E04FF090424FF4004133
:107978009162002B7FF46FAF01E740F2E73371E7C4
:107988004E4B1B7843B14F4A137C507C0133DBB21A
:107998009842137498BF11744A48FBF735FC0146A6
:1079A800394802F0FDFC4FF09043402200279A61CD
:1079B80035488DF8177001230DF117020D2102F0DB
:1079C80021FBFF21304802F08DFC2F4802F0BBFC60
:1079D8007D20FAF7C1F801232B70324B1F70324B10
:1079E8001F70394B1F60276051E73848FCF71EF9B4
:1079F8002F4B187AFFF7AEFB284A03232B7000237E
:107A08001370314A1360236041E7012B7FF457AFAD
:107A1800236858067FF553AF224B1978B1FA81F1E4
:107A2800002049092060FFF7B1FB1F4B032818709D
:107A38007FF445AF144802F0B9FC40E7244B01221B
:107A48001A7067E72348017841F001010170224963
:107A5800002A40F08D803F2B1E4B0A704FF001002A
:107A680028BF032220701A703BE083427FF473AF73
:107A78001848017841F00201E8E700BF0004004817
:107A8800781E002040030020441E002036A800086D
:107A980010000020CA050020C0050020CC050020E9
:107AA80050000020C9050020C805002079030020E7
:107AB800681E0020D0050020780E002073030020E7
:107AC800881D002084030020BC050020C91C00205C
:107AD800601E00207003002074030020012E7FF632
:107AE80041AF7D4BB3F850207C4B1A8002232B709A
:107AF8002378002B64D1B8F1000F00D02B7078499F
:107B0800754A0B78B2F852200133DBB293420B70FE
:107B1800744B0ADB1A7C587C0132D2B2904298BF6F
:107B280000221A7400220A702A7093F8D420002ABE
:107B380052D0B3F8D820B3F8D610013292B291429D
:107B4800A3F8D82048D8002293F8D500D989A3F8FB
:107B5800D82006220130C0B2062828BF002041FAEA
:107B680000F6F60734D5604A52F83020EAB9FEE745
:107B78000B785E4801330278DBB20B706AB9564A5B
:107B880092F854209A42ACD8594B1B78032B06D153
:107B98000223237001230370A3E70522F2E7531E93
:107BA800DBB29A420B70F3D99BE783F8D500F8F75C
:107BB800BFFF5048FBF78CFE00232B7023785BB186
:107BC800464B1B8843B9464A237013702B7003E059
:107BD800013A12F0FF02BDD1474B00221A702278F9
:107BE800002A00F022811FB901221A7002232B708B
:107BF8004248FBF7BDFA2378022B02D0404B002203
:107C08001A70404A138813B9334BB3F84E30013B0E
:107C18009BB2138013B93C48F8F7CAFB3A48F8F707
:107C28007BFB2378022B0BD03748F8F724FB23780B
:107C380033B9FFF729F9354A01231370344A137011
:107C4800344E3046FAF718FB72782A4B012A04D1D1
:107C580000217170197901B95A712648FBF79AFE0B
:107C6800FBF7B0FE0128064607D0022830D02A4B81
:107C780005221A7007B0BDE8F083174F1D48FBF7BF
:107C880041FEB7F84C30254A254803EB830303EB44
:107C980083039B001380FAF78DFB124AB7F84C1048
:107CA80082F8D46041F28833B3FBF1F3A2F8D630FE
:107CB8000023A2F8D8304FF090424FF40041916170
:107CC8000821C2F82814174A237096702B70CEE743
:107CD800154B01221A70CAE75000002076030020D5
:107CE8007103002084030020B4AB00087203002055
:107CF8007003002040030020B8050020441E002027
:107D0800601E00207A1E0020881D0020CB05002060
:107D18007C1E00209C1C00207B0300204C000020BF
:107D2800811D0020C4050020780300204249434AF1
:107D38000B781BB1013BDBB20B7013B11378002B2E
:107D480034D03F4D3F4895F828100024147000F0B7
:107D580037F93D4B1B78022B46D13C4F3C483A78CB
:107D68000392F8F7E2FA80463948F8F7F0FA039AEE
:107D780038492346CDE90080324800F039FC3148C3
:107D8800FCF77EF93A78344934482346FDF74CFA33
:107D98003A78314932482346FEF734FE95F82630C2
:107DA80095F833202B492F48FBF760FF254800F052
:107DB80032FD2A48FEF7ECFA2948FFF763FB2A4B05
:107DC8001B78002B3FF456AF2848FBF7D1F9284B16
:107DD80008229A614FF090434FF400429A61FBF7F2
:107DE8006BF80123337045E7224B1B78C3B16FF062
:107DF8007E03009301231A4616491248019400F0A5
:107E0800F7FB104800F0F3F801231A46124913480B
:107E1800FDF70AFA0123104911481A46FEF7F2FD48
:107E2800104B95F826205A70C0E72B7813F0FD0FF9
:107E38003FF4DEAEE2E600BF7B0300207A030020B9
:107E4800B0000020541C002073030020B805002057
:107E5800881D0020A41C0020781C0020D0050020CC
:107E6800780E0020C91C002078030020441E002042
:107E7800000400487203002008B5FFF781FBFCE707
:107E880010B51E4C204602F0B5F81D4B23601D4B63
:107E98001D4A1E4C1A605A619A62DA631A651C4AB6
:107EA8005A669A671B4AC3F88C20204600F044F8AB
:107EB800194B2360194B002240F2FF11C3F8E82444
:107EC800C3F8EC14164BC3F81C26C3F8502A7D22BD
:107ED80083F8542A134A40F2FF31506AC3F8201637
:107EE800916A03F65C2403C4D06A2060106B928EFA
:107EF800C3F8680AA3F86C2A10BD00BF441E00200E
:107F080058A80008881D0020ACA70008541C0020B1
:107F180094A70008A0A70008D8A80008D00500204A
:107F2800780E002090A500087047002070470020B8
:107F3800704700207047000010B5044B044601212B
:107F480040F8043BF8F744F9204610BD30C4000857
:107F580038B5242204460D46FF230021036181829F
:107F6800104402F095FAE56038BD38B50D46017C3D
:107F7800A942044615D0012918D0022912D011B9F6
:107F880003685B6898470023012D6374257413D038
:107F9800022D0ED02DB923685B6801212046984731
:107FA800607438BD0368DB680021EBE703689B68F1
:107FB800FAE72368DB68F0E7236829469B68EDE762
:107FC8000430F8F713B9037C012B10B50ED100F17A
:107FD800160301F10C0251F8044B43F8044B91428B
:107FE800F9D10A881A8040F20113438210BD037C3C
:107FF800012B0BD148F28113C3824FF401420023B5
:10800800C0E90632038440F2011343827047F0B599
:10801800054689B008880C4616461F46F8F751FAF7
:108028009DF806308DF8050023F00703C0F3022001
:10803800034360888DF80630F8F743FA9DF8063058
:1080480000F01F0203F0070343EAC2038DF806306D
:108058009DF80730C0F3451023F03F030343A08881
:108068008DF80730F8F72DFA9DF8073000F0030275
:1080780003F03F0343EA82138DF80730C0F3870308
:108088008DF808309DF80930C0F3802023F00103F3
:108098000343E0888DF80930F8F713FA9DF80930A2
:1080A80000F07F0203F0010343EA42038DF8093030
:1080B8009DF80A30C0F3C31023F00F03034320894F
:1080C8008DF80A30F8F7FDF99DF80A3000F00F0234
:1080D80003F00F0343EA02138DF80A309DF80B30C2
:1080E800C0F3061023F07F03034360898DF80B303B
:1080F800F8F7E7F99DF80B3000F0010203F07F0371
:1081080043EAC2138DF80B30C0F347038DF80C30E7
:108118009DF80D30C0F3412023F003030343A089E9
:108128008DF80D30F8F7CDF99DF80D3000F03F02CD
:1081380003F0030343EA82038DF80D309DF80E30F7
:10814800C0F3841023F01F030343E0898DF80E3039
:10815800F8F7B7F99DF80E3000F0070203F01F0397
:10816800C0F3C70043EA42138DF80F00208A8DF848
:108178000E30F8F7A6F99DF811308DF8100023F0AD
:108188000703C0F302200343608A8DF81130F8F723
:1081980098F99DF8113000F01F0203F0070343EA35
:1081A800C2038DF811309DF81230C0F3451023F04A
:1081B8003F030343A08A8DF81230F8F782F99DF83F
:1081C800123000F0030203F03F0343EA82138DF8F4
:1081D8001230C0F387038DF813309DF81430C0F3C4
:1081E800802023F001030343E08A8DF81430F8F768
:1081F80068F99DF8143000F07F0203F0010343EAA8
:1082080042038DF814309DF81530C0F3C31023F0E5
:108218000F030343208B8DF81530F8F752F99DF8BA
:10822800153000F00F0203F00F0343EA02138DF834
:1082380015309DF81630C0F3061023F07F03034372
:10824800608B8DF81630F8F73CF99DF8163000F081
:10825800010203F07F0343EAC2138DF81630C0F31E
:1082680047038DF817309DF81830C0F3412123F0EB
:1082780003030B43A08B8DF81830F8F722F99DF80B
:10828800183000F03F0203F0030343EA82038DF83D
:1082980018309DF81930C0F3841023F01F030343EE
:1082A800E08B8DF81930F8F70CF99DF81930218C0E
:1082B80000F0070203F01F0343EA42138DF8193058
:1082C800628C40F2A953994288BF0121C0F3C700CC
:1082D80098BF00219A428DF81A0088BF41F0020128
:1082E8000EB141F004010FB141F008010F238DF8E0
:1082F800043000238DF81C302B688DF81B101B6888
:10830800192201A92846984709B0F0BD30B505469D
:1083180089B008880C46F8F7E1F89DF808308DF820
:10832800070023F00703C0F30220034360888DF899
:108338000830F8F7D3F89DF8083000F01F0203F072
:10834800070343EAC2038DF808309DF80930C0F3EB
:10835800451023F03F030343A0888DF80930F8F750
:10836800BDF89DF8093000F0030203F03F0343EA2B
:1083780082138DF80930C0F387038DF80A309DF811
:108388000B30C0F3802023F001030343E0888DF80D
:108398000B30F8F7A3F89DF80B3000F07F0203F0DC
:1083A800010343EA42038DF80B309DF80C30C0F30B
:1083B800C31023F00F03034320898DF80C30F8F71E
:1083C8008DF89DF80C3000F00F0203F00F0343EA1C
:1083D80002138DF80C309DF80D30C0F3061023F011
:1083E8007F03034360898DF80D30F8F777F89DF81F
:1083F8000D3000F0010203F07F0343EAC2138DF849
:108408000D30C0F347038DF80E309DF80F30C0F3E0
:10841800412023F003030343A0898DF80F30F8F7B8
:108428005DF89DF80F3000F03F0203F0030343EAC4
:1084380082038DF80F309DF81030C0F3841023F0BC
:108448001F030343E0898DF81030F8F747F89DF8CB
:10845800103000F0070203F01F03C0F3C70043EA1F
:1084680042138DF81100208A8DF81030F8F736F88D
:108478009DF813308DF8120023F00703C0F3022093
:108488000343608A8DF81330F8F728F89DF8133005
:1084980000F01F0203F0070343EAC2038DF813300C
:1084A8009DF81430C0F3451023F03F030343A08A1E
:1084B8008DF81430F8F712F89DF8143000F0030224
:1084C80003F03F0343EA82139DF816208DF8143019
:1084D800C0F387038DF8153022F00102C0F3802322
:1084E8001343E08A8DF81630F7F7F8FF9DF8163039
:1084F80000F07F0203F0010343EA42038DF81630CF
:108508009DF81730C0F3C31023F00F030343208BEB
:108518008DF81730F7F7E2FF9DF8173000F00F02DB
:1085280003F00F0343EA02138DF817309DF8183053
:10853800C0F3061023F07F030343608B8DF81830D7
:10854800F7F7CCFF9DF8183000F0010203F07F0325
:1085580043EAC2139DF81A208DF81830C0F3470378
:108568008DF8193022F00302C0F341231343A08B86
:108578008DF81A30F7F7B2FF9DF81A3000F03F0275
:1085880003F0030343EA82038DF81A309DF81B3089
:10859800C0F3841023F01F030343E08B8DF81B30D6
:1085A800F7F79CFF019B03F07F42104B13430193A5
:1085B8009DF81B3000F0070203F01F03C0F3C7004B
:1085C80043EA42138DF81C000DF106011722002022
:1085D8008DF81B30F7F7EEFF2B688DF81D001B6830
:1085E8001A2201A92846984709B030BDC8181600B4
:1085F8002DE9F34700F124079DF928A09DF82C9058
:1086080090461E4604463B4601F1240251F8040BED
:1086180043F8040B9142F9D1201D39460190F7F730
:1086280009FEE1684B796EB10198042B78D8DFE830
:1086380003F07D77355D03004FF00423C4E9093367
:108648000026B046E3681D796B1E0B2B07D85046F1
:108658000435F7F70CFFEDB204EB45056884E368D1
:108668001D7B6B1E0B2B07D848460435F7F71AFFFE
:10867800EDB204EB45056884637C002B56D0237C5F
:10868800012B46D013F0FD0F50D1334642463946F0
:10869800204602B0BDE8F047FFF7B9BC01F113036B
:1086A80004F1220001F11F054FF0780C13F9012F96
:1086B800C2EB8222AB4292FBFCF202F5806220F808
:1086C800022FF3D104F13A02233140F2FF7513F877
:1086D800010F48B102280CBF28464FF48060994228
:1086E80022F8020FF3D1ADE70120F8E704F12203E5
:1086F80004F146024FF4806123F8021F9342FBD134
:108708000221F7F7B5FD103004EB40000023838009
:1087180098E73946204602B0BDE8F047FFF7F6BDB6
:10872800042B8FD813F0FD0F8CD0E9E702B0BDE819
:10873800F08730B54B7B032B85B005460C4642D1FC
:1087480091F90000F7F710FF8DF8030094F9010084
:10875800F7F70AFFA3788DF80530E3788DF8040061
:108768008DF80630207B23798DF80730F7F7F4FE73
:108778008DF8080094F90600F7F7C8FE8DF809008F
:1087880094F90700F7F7F0FE237A8DF80B30637A37
:108798008DF80C3040F6C8438DF80A00ADF800306B
:1087A8000DF1020114230B2200208DF80230F7F797
:1087B80001FF2B688DF80D001B680E2269462846BC
:1087C800984705B030BD022B03D1FF238DF8033045
:1087D800BCE791F90000F7F7C7FE8DF80300FF200A
:1087E800B8E7837C10B5044633B1F9F717FDE37C8D
:1087F8001BB10023A082E37410BDA28A801A80B244
:10880800B0F57A6FF8D9A37404F116012046BDE8D3
:108818001040FFF78EBF427C22B1037C012B01D1AF
:10882800FFF7DFBF704710B590B01422002108A8E9
:1088380001F02EFE1422002101A801F029FE0224D5
:108848004FF480330122CDE90623CDE90D4306A874
:108858004FF480130A920F9300F052FA08B172B6DF
:10886800FEE70F23CDE901344FF48063CDE90430EE
:108878000390214601A800F007FD08B172B6FEE793
:1088880010B010BD07B500F0A9F8FFF7CCFF0C4BEE
:108898005A6942F480025A615A6902F480020192CC
:1088A800019A5A6942F400325A615B6903F4003351
:1088B8000093009B03B05DF804EBFFF7DDBA00BF3F
:1088C800001002400A4B9A6942F001029A619A69C3
:1088D80082B002F001020092009ADA6942F08052F6
:1088E800DA61DB6903F080530193019B02B07047A2
:1088F80000100240FEE7FEE7FEE7FEE7FEE77047EE
:1089080070477047F9F778BC034AD2F8883043F4C7
:108918007003C2F88830704700ED00E0DFF834D00B
:10892800FFF7F2FF0C480D490D4A002302E0D45826
:10893800C4500433C4188C42F9D30A4A0A4C0023A1
:1089480001E013600432A242FBD301F0D7FDFFF728
:1089580099FFFEE700A00020000000202C00002066
:10896800A0C4000830000020E02C0020FEE770477B
:1089780010B5074B4FF0FF3200241A611C61DA6012
:10898800DC609A629C62FFF7F2FF204610BD00BFD0
:108998000010024038B50E4B1A784FF47A73B3FBC7
:1089A800F2F30C4A05461068B0FBF3F000F072F8D9
:1089B800044658B90F2D09D8024629464FF0FF3012
:1089C80000F036F8044B20461D6038BD0120FCE756
:1089D800240000202000002028000020074A08B5B5
:1089E800136843F010031360032000F00FF80F2002
:1089F800FFF7D0FFFFF766FF002008BD0020024008
:108A0800014B1868704700BF9C2C00200749CA68B2
:108A180022F4E0620302120403F4E063120C13432D
:108A280043F0BF6343F40033CB60704700ED00E0D0
:108A3800164B30B5DC68C4F30224C4F10703251DC6
:108A4800042B28BF0423062D4FF0FF358CBF033CB1
:108A5800002405FA03F321EA0303A54022EA0502EC
:108A6800A340002843EA0203ACBF00F16040084A73
:108A78004FEA0313B8BF00F00F00DBB2AABF00F53E
:108A88006140135480F8003330BD00BF00ED00E0B2
:108A980014ED00E00138B0F1807F0BD24FF0E023F5
:108AA800054A5861F02182F82310002007229861B6
:108AB8001A6170470120704700ED00E00B4AD36847
:108AC80013F0100305D00A49CB6943F00203CB61C8
:108AD8001023D268520706D50549CA6942F0010237
:108AE800CA6143F00403014AD36070470020024082
:108AF800A02C0020064B186910F0800007D0054A0A
:108B08005A6002F188325A601869C0F3C010704781
:108B18000020024023016745034A136943F080039C
:108B280013610020704700BF0020024070B5054661
:108B3800FFF766FF0F4C0646E368D9070FD4E368D2
:108B48009A0644BF2023E360E368DB0603D4E068A9
:108B580010F0040007D0FFF7B1FF012003E0681C04
:108B6800EAD00DB9032070BDFFF74AFF801BA84269
:108B7800E2D9F7E7002002402DE9F84FDFF894A08A
:108B88001F469AF81830012B0546884691463FD073
:108B980001234CF250308AF81830FFF7C7FF90BB1A
:108BA800012D03D0022D0CBF022504250026DFF875
:108BB80068B033463401C4F12001A4F1200207FA59
:108BC80001F129FA04F4CAF81C300C4327FA02F21E
:108BD8001443DBF81020A4B242F00102CBF81020B5
:108BE8004CF2503028F81640FFF7A0FFDBF81020B1
:108BF80022F00102CBF8102028B90136F2B29542D2
:108C08004FF00003D6D800238AF81830BDE8F88F53
:108C18000220FBE7A02C002000200240064B002287
:108C2800DA61064B1A6942F004021A611A6942F0C5
:108C380040021A61704700BFA02C002000200240AB
:108C4800064B0022DA61064B1A6942F002021A61E9
:108C580058611A6942F040021A617047A02C00203E
:108C6800002002402DE9F041DFF8908098F8183094
:108C7800012B05460F463DD0012488F818400368AB
:108C8800A3424CF2503014D1FFF750FF28B1012015
:108C9800002388F81830BDE8F0814CF25030FFF717
:108CA800BDFFFFF743FF144A136923F00403136160
:108CB800EEE7FFF73BFF0028E9D14FF0FF333B60B9
:108CC80020466E680C4CD5E9013203EBC223B3424F
:108CD800DED93046FFF7B4FF4CF25030FFF726FFDD
:108CE800236923F00203236108B13E60D0E706F54B
:108CF8000066E8E70220CEE700200240A02C002012
:108D08002DE9F3410546002835D00368DA0711D468
:108D18002B689B0700F188802B681C0700F1FB80FB
:108D28002B68580700F14C81E869002840F0D3818E
:108D380000204BE0A04C636803F00C03042B07D021
:108D4800636803F00C03082B17D16368DF0314D59D
:108D58004FF4003393FAA3F2216893FAA3F3B3FA1A
:108D680083F303F01F03012202FA03F30B42CFD06F
:108D78006B68002BCCD1012028E06A68B2F5803FEF
:108D880027D1236843F480332360E36AA96823F07A
:108D98000F030B43E36262B3FFF732FE4FF4003771
:108DA80006464FF0010897FAA7F3226897FAA7F347
:108DB800B3FA83F303F01F0308FA03F31342A7D1AE
:108DC800FFF71EFE831B642BEDD9032002B0BDE81C
:108DD800F081236832B923F480332360236823F4B5
:108DE8008023D1E7B2F5A02FF5D143F48023236087
:108DF800C7E7FFF705FE4FF4003706464FF00108B6
:108E080097FAA7F3226897FAA7F3B3FA83F303F064
:108E18001F0308FA03F313423FF47AAFFFF7F0FD9C
:108E2800831B642BECD9D0E7634C636813F00C0FF9
:108E380007D0636803F00C03082B21D16368DE03B5
:108E48001ED4022393FAA3F2216893FAA3F3B3FA88
:108E580083F303F01F03012202FA03F30B4202D04B
:108E68002B69934287D121686B6921F0F801F822B8
:108E780092FAA2F2B2FA82F293400B4323604BE7D4
:108E88002A69012312B393FAA3F3B3FA83F303F124
:108E9800845303F584139B0001261E60FFF7B0FD81
:108EA8004FF00208074698FAA8F3226898FAA8F340
:108EB800B3FA83F303F01F0306FA03F31342D2D184
:108EC800FFF79EFDC31B022BEDD97EE793FAA3F3B0
:108ED800B3FA83F303F1845303F584139B00002250
:108EE8001A60FFF78DFD022706464FF0010897FA32
:108EF800A7F3226897FAA7F3B3FA83F303F01F03E3
:108F080008FA03F313423FF407AFFFF779FD831B19
:108F1800022BECD959E7A969274C284A012321B328
:108F280093FAA3F3B3FA83F313449B0001261E605C
:108F3800FFF766FD0227804697FAA7F397FAA7F38B
:108F480097FAA7F3626A97FAA7F3B3FA83F303F0E1
:108F58001F0306FA03F313427FF4E2AEFFF750FD56
:108F6800A0EB0803022BE7D92FE793FAA3F3B3FA90
:108F780083F313449B0000221A60FFF741FD022689
:108F880007464FF0010896FAA6F396FAA6F396FA62
:108F9800A6F3626A96FAA6F3B3FA83F303F01F0303
:108FA80008FA03F313423FF4BBAEFFF729FDC31BD6
:108FB800022BE8D909E700BF001002402081901079
:108FC800924CE369D90033D4E36943F08053E361F9
:108FD800E36903F080530193019B01268C4F3B68A2
:108FE800DA0527D5EB68012B35D1236A43F0010355
:108FF8002362FFF705FD0227804697FAA7F397FA41
:10900800A7F3002B00F0FA80216A97FAA7F3B3FAC6
:1090180083F303F01F03012202FA03F30B4251D03A
:10902800002E3FF481AEE36923F08053E3617BE6D1
:109038000026D3E73B6843F480733B60FFF7E0FC0E
:1090480080463B68DB05CDD4FFF7DAFCA0EB0800CF
:109058006428F6D9B9E63BBB236A23F001032362EF
:10906800236A23F004032362FFF7CAFC0227804621
:1090780097FAA7F397FAA7F3002B00F0C380216AA9
:1090880097FAA7F3B3FA83F303F01F03012202FA56
:1090980003F30B42C4D0FFF7B3FC41F28833A0EBD3
:1090A80008009842E4D990E6052B236A03D143F0DF
:1090B8000403236299E723F001032362236A23F060
:1090C800040395E7FFF79CFC41F28833A0EB080006
:1090D800984292D979E64D4C636803F00C03082B4B
:1090E8007BD002284FF0807352D193FAA3F3B3FADE
:1090F80083F303F1845303F584139B0000221A6061
:10910800FFF77EFC4FF0007706464FF0010897FA0C
:10911800A7F3226897FAA7F3B3FA83F303F01F03C0
:1091280008FA03F313422DD1D5E9081362680B43FB
:1091380022F47412134363604FF0807393FAA3F31D
:10914800B3FA83F303F1845303F584139B000126D8
:109158001E60FFF755FC4FF00077054697FAA7F316
:10916800226897FAA7F3B3FA83F303F01F0306FA0A
:1091780003F313427FF4DCADFFF742FC401B0228E7
:10918800ECD922E6FFF73CFC831B022BBFD91CE677
:1091980093FAA3F3B3FA83F303F1845303F5841327
:1091A8009B0000221A60FFF72BFC4FF00076054663
:1091B800012796FAA6F3226896FAA6F3B3FA83F380
:1091C80003F01F0307FA03F313423FF4B1ADFFF7AF
:1091D80017FC401B0228ECD9F7E501283FF4F6AD4F
:1091E80063682A6A03F4803191427FF4C4AD6A6AE5
:1091F80003F4701393423FF49BADBCE597FAA7F3D1
:10920800616A02E797FAA7F3616A39E7001002403A
:109218000070004010B5164C616801F00C03042B77
:1092280022D0082B22D101F470124FF4701393FA54
:10923800A3F3B3FA83F322FA03F30E4AD05CE36A8A
:109248000F2292FAA2F2C90348BF03F00F03B2FA41
:1092580082F245BFD340084A084BD25C44BF084B52
:10926800B3FBF2F3584310BD0548FCE70548FAE79D
:109278000010024058C4000868C4000800093D00F6
:10928800001BB70000127A002DE9F0410D46044694
:1092980010B90120BDE8F081464A136803F00703BE
:1092A8008B422ED32268910736D4D2073CD4414A48
:1092B800136803F00703AB4268D822683E4D12F0EA
:1092C800040F6FD1130706D56B68226923F4605326
:1092D80043EAC2036B60FFF79DFF6B68F02203F05F
:1092E800F00392FAA2F2B2FA82F2D340334AD35C84
:1092F800D840334B1860334B1868FFF74BFB0020FE
:10930800C8E7136823F007030B431360136803F0DF
:1093180007038B42BDD1C5E72749A0684B6823F0F6
:10932800F00303434B60C0E76268234E012A27D14C
:109338004FF4003393FAA3F1306893FAA3F3B3FA26
:1093480083F303F01F03012101FA03F30342A0D0C2
:10935800736823F0030313437360FFF751FB41F273
:10936800883807467368626803F00C03B3EB820F12
:109378009DD0FFF745FBC01B4045F3D9032089E783
:10938800022A0CBF4FF000730223D3E7136823F0BF
:1093980007032B431360136803F00703AB427FF402
:1093A80078AF8AE76B68E16823F4E0630B436B608E
:1093B80088E700BF002002400010024040C40008B7
:1093C800200000202800002070B501F01001056879
:1093D800012303FA01F4AC431CD0D2E90043D66858
:1093E80073B19268056823433343134340F6FA7216
:1093F8008A408B4025EA020213430360002070BDB7
:109408000268FA258D40344322EA05028C40224343
:109418000260F3E71846F2E7B0F1904F0AD12C4BFF
:109428009A6A42F400329A629A6A22F400329A6284
:1094380000207047274B98420BD103F1784303F57E
:1094480003339A6A42F480229A629A6A22F480224A
:10945800EDE7214B98420BD103F1784303F5023332
:109468009A6A42F400229A629A6A22F40022DEE79B
:109478001A4B98420BD103F1784303F501339A6AEA
:1094880042F480129A629A6A22F48012CFE7144B4F
:1094980098420BD103F1784303F500339A6A42F4FA
:1094A80000129A629A6A22F40012C0E70D4B9842A1
:1094B8000BD103F1784303F5FE339A6A42F4800234
:1094C8009A629A6A22F48002B1E70120704700BFCD
:1094D800001002400004004800080048000C004842
:1094E80000100048001400482DE9F04F02460D68AE
:1094F80095FAA5F44FF0010EB4FA84F403274FF05F
:109508000F0C6FEA050835FA04F001D1BDE8F08FB9
:109518000EFA04F32B406CD04868461E012E1ED864
:10952800966893FAA3F9B9FA89F94FEA490907FA4B
:1095380009F926EA090993FAA3FA8E68BAFA8AFAA7
:109548004FEA4A0A06FA0AF646EA09069660566893
:1095580008EA0609CE686E4349EA06065660D668E8
:1095680093FAA3F9B9FA89F94FEA490907FA09F907
:1095780026EA090993FAA3FA0E69BAFA8AFA4FEAAF
:109588004A0A06FA0AF646EA09060228D6601DD1F2
:1095980093FAA3F6D1F814A06EB3B6FA86F6072E9E
:1095A80029DCD2F8209093FAA3F6B6FA86F6B6002C
:1095B8000CFA06F629EA060993FAA3F6B6FA86F62D
:1095C800B6000AFA06F646EA09061662166893FA1B
:1095D800A3F9B9FA89F94FEA490907FA09F926EA14
:1095E800090693FAA3F3B3FA83F35B009840304378
:1095F8001060013487E7D2F824901E0A96FAA6FB79
:10960800BBFA8BFB4FEA8B0B0CFA0BFB29EA0B0915
:1096180096FAA6F6B6FA86F6B6000AFA06FA4AEAFC
:1096280009065662D2E70000024B1868C0F34000F2
:10963800704700BF0010024007B51F4A136843F087
:1096480001031360FFF7F0FF0128FBD1136823F033
:10965800F80343F0800313604FF0FF33019301993F
:10966800164B0B400193019B5360536813F00C0F8A
:10967800FBD113680193019B23F0847323F4803397
:109688000193019B1360106810F00070FBD1136800
:1096980023F4802313604FF41F035060D0621063DB
:1096A8000193019B93609060536A43F08073536207
:1096B80003B05DF804FB00BF001002400CC0FFF8C7
:1096C800034B044A5B68C3F30313D35CD840704769
:1096D8000010024040C40008034B044A5B68C3F30F
:1096E8000223D35CD84070470010024050C40008E1
:1096F800034B044A5B68C3F3C223D35CD84070476A
:109708000010024050C400080D4A0E48536813F474
:10971800803F0D4B18BF1846D36A03F00F0301337F
:10972800B0FBF3F053684FF4701203F4701392FA1D
:10973800A2F2B2FA82F2D34002335843704700BF14
:109748000010024000093D00001BB700064B5B6893
:1097580003F00C03042B03D0082B03D1FFF7D4BF6D
:10976800024870470248704700100240001BB700CB
:1097780000127A0008B5E0B92A4A136B03F0030314
:10978800022B49D0032B05D0012B0AD1BDE8084094
:10979800FFF7DCBFFFF748FF234B002818BF184628
:1097A80008BDFFF7D3FFFFF78BFFBDE80840FFF7C1
:1097B8009FBF102803D012281FD00020F0E7194AB5
:1097C8001A49136B03F4403343F080538B4223D080
:1097D800174A93420BD0A2F500329342D6D0FFF736
:1097E800B5FFFFF76DFFBDE80840FFF775BFFFF74E
:1097F8001BFF0028E1D00C48D2E70A4A0D49136B39
:1098080003F4402343F090538B4205D00A4A934215
:10981800EDD0A2F50022E0E7106AC0F34000C003D3
:10982800BEE700BF0010024000127A0000000210DC
:10983800000003100000081200000C12B0F5401FD1
:1098480008B520D11C4A1D49136B03F4401343F497
:1098580040538B4229D01A4A934207D0A2F50012EE
:10986800934208D1BDE80840FFF770BFFFF7DCFE60
:1098780000BB002008BDFFF769FFFFF721FFBDE827
:109888000840FFF729BFB0F5400FF2D10A4A0D4949
:10989800136B03F4400343F440438B4205D00A4A58
:1098A8009342E3D0A2F50002DAE7106AC0F3400061
:1098B800C003DFE70548DDE7001002400030200064
:1098C8000030300000C0800000C0C00000127A00E4
:1098D800154B98420BD103F56043DA6842F4805285
:1098E800DA60DA6822F48052DA60002070470F4BA1
:1098F800984205D003F5806398420BD00120704749
:109908000B4B1A6942F480421A611A6922F48042A8
:109918001A61EAE7064B1A6942F400421A611A69A9
:1099280022F40042F4E700BF003001400038004054
:109938000010024003685B0670B502462DD4D1E9D9
:1099480000363343CE68056848690C6A33430E69AC
:1099580033438E6903433343CE6925F47F4533434C
:1099680025F0BF0523432B43136053688D6823F408
:10997800706323F0040345EA10401843B5F5006FFF
:1099880050603EBF536843F480535360B4F5005FA2
:1099980001D18B8C1361002000E00120D36923F4EE
:1099A8000063D36170BD00002B4A036890420ED05B
:1099B800B0F1804F0BD0A2F59432904207D002F557
:1099C8008062904203D002F59632904215D14A68DF
:1099D80023F070031343204A904219D0B0F1804F0E
:1099E80016D0A2F59432904212D002F580629042CD
:1099F8000ED002F5963290420AD0184A904207D00B
:109A080002F58062904203D002F58062904203D151
:109A1800CA6823F44073134303608B68C3620B88DE
:109A280083620D4B98420FD003F5006398420BD028
:109A380003F54063984207D003F58063984203D04A
:109A480003F58063984201D10B690363436943F0CE
:109A58000103436100207047002C01400040014091
:109A6800B1F5805F30B500F011810AD8102900F0F7
:109A78008680B1F5807F00F0C68001293DD00120A5
:109A880030BDB1F5803F00F03681B1F5801FF6D1C9
:109A9800036A146823F480130362036A416D21F09A
:109AA800807121F4E04141EA0424116923F4001390
:109AB80043EA0153516823F4801343EA0153A84948
:109AC80088420FD001F5006188420BD001F5406152
:109AD800884207D001F58061884203D001F5806192
:109AE800884206D14168956921F4802141EA85219F
:109AF8004160D2684465C2653EE0036A156823F098
:109B080001030362036A4168846924F4803424F001
:109B180073042C43156923F002032B43556823F083
:109B280001032B438E4DA8420FD005F50065A842CE
:109B38000BD005F54065A84207D005F58065A84219
:109B480003D005F58065A84212D1556923F00803B2
:109B580043EA8503956823F0040343EA850395697E
:109B680021F480712943D56921F4007141EA450146
:109B7800D2684160846142630362002080E7036A1F
:109B8800156823F010030362036A4168846924F0AE
:109B9800807424F4E64444EA0524156923F020037C
:109BA80043EA0513556823F0100343EA05136C4D87
:109BB800A8420FD005F50065A8420BD005F5406511
:109BC800A84207D005F58065A84203D005F5806551
:109BD800A84213D1556923F0800343EA8513956899
:109BE80023F0400343EA8513956921F4806141EA33
:109BF8008501D56921F4006141EAC501D268416057
:109C080084618263B8E7036A156823F4807303628A
:109C1800036A4168C46924F4803424F073042C4333
:109C2800156923F4007343EA0523556823F4807308
:109C380043EA05234A4DA8420FD005F50065A8421E
:109C48000BD005F54065A84207D005F58065A84208
:109C580003D005F58065A84213D1556923F4006344
:109C680043EA8523956823F4806343EA852395694D
:109C780021F4805141EA0511D56921F4005141EAE6
:109C88004511D2684160C461C26375E7036A15680B
:109C980023F480530362036A4468C16921F0807128
:109CA80021F4E64141EA0521156923F4005343EA0A
:109CB8000533556823F4805343EA0533284DA842F9
:109CC8000FD005F50065A8420BD005F54065A84200
:109CD80007D005F58065A84203D005F58065A84240
:109CE80004D1956924F4804444EA8514D268446018
:109CF800C161026440E7036A146823F48033036295
:109D0800036A416D21F4803121F070010C4311691F
:109D180023F4003343EA0143516823F4803343EAD0
:109D280001430F4988420FD001F5006188420BD0EA
:109D380001F54061884207D001F58061884203D06F
:109D480001F58061884206D14168956921F4803126
:109D580041EA052141604465D268816D82650BE75F
:109D6800002C0140224B98420BD103F55843DA6886
:109D780042F48042DA60DA6822F48042DA60002035
:109D880070471C4B98420AD103F5E6331A6942F42E
:109D980000321A611A6922F400321A61EFE7164B91
:109DA800984209D103F5E4331A6942F480221A6112
:109DB8001A6922F48022F0E7104B984209D103F582
:109DC800E2331A6942F400221A611A6922F4002265
:109DD800E3E70B4B984209D103F5E0331A6942F4E3
:109DE80080121A611A6922F48012D6E7012070479E
:109DF800003801400044004000480040004C00404A
:109E08000050004038B50446006810F001000D46C7
:109E180001D0012038BD4B68C96822680B43296905
:109E28000B43A96922F4164222F00C020B43134398
:109E380023606368AA6823F4405313436360A368EC
:109E48006A6923F440731343A3601D4B9C4219D1E4
:109E5800FFF790FC0028DCD02A68002AD9D0A9692D
:109E6800B1F5004F4FEA520324D103EB4003B3FB93
:109E7800F2F34FF6F0721A40C3F342031343E36060
:109E88000020C7E70F4B9C4201D11020E0E70E4BA2
:109E98009C4201D11220DBE70C4B9C4204D14FF4C9
:109EA8004010FFF7CBFCD5E7094B9C42B1D14FF4EA
:109EB8004000F6E70344B3FBF2F39BB2DFE700BFD1
:109EC800003801400044004000480040004C004079
:109ED8000050004030B5302442F20F75A84212D825
:109EE8000C703021B0F57A7F14D2117030226328BB
:109EF80016D81A703023092817D8039A1370049BB0
:109F08003030187030BDA0F51C5001341038E4B260
:109F180080B2E3E70131A0F57A70C9B280B2E1E717
:109F280001326438D2B280B2E1E701330A38DBB2D9
:109F380080B2E0E713B50B1D0193CB1C00934A1CBC
:109F48008B1C0C46FFF7C6FF0023637102B010BDDF
:109F580003099F2800F00F0094BF303337330928D6
:109F68000B7094BF30303730002348708B707047C7
:109F780008B50249FFF7ECFF084608BDC02C0020D1
:109F88002DE9F34105460C468E180027B44202D14C
:109F980002B0BDE8F0812B688DF80770D3F808800F
:109FA800224601230DF107012846C0470134EDE799
:109FB800F7B505460C468E18B44201D103B0F0BD82
:109FC80014F8013B8DF807302B680DF106029F68E5
:109FD8000DF1070101232846B847EDE707B50368E7
:109FE8008DF807101B6901220DF10701984703B08E
:109FF8005DF804FB024A02600022C0E901227047B2
:10A0080080C4000873B5019303680D4604461B68B5
:10A0180065F07F0516469847E9B22046FFF7DEFF50
:10A028002368019A1B6920463146984723685B6874
:10A03800204602B0BDE87040184707B501238DF8E7
:10A0480007200DF10702FFF7DDFF03B05DF804FB01
:10A0580073B50193036804461B680E461546984776
:10A0680006F07F012046FFF7B9FF2368019ADB68F5
:10A0780020462946984723685B68204602B0BDE819
:10A088007040184707B501230DF10702FFF7E0FFFD
:10A098009DF8070003B05DF804FBF8B505460E46C9
:10A0A80014461F46FFF7EEFF20EA0402D2B23C40F6
:10A0B800224331462846FFF7C0FFF8BD37B515469D
:10A0C8000A460D2104460193FFF7B7FF019B2A4674
:10A0D8000021204603B0BDE83040FFF793BF37B5F5
:10A0E80015460A460D2104460193FFF7A6FF019B7A
:10A0F8002A460021204603B0BDE83040FFF7A8BF3C
:10A1080008B500220121FFF798FF08BD08B5012214
:10A118001146FFF792FF08BD07B50B0C8DF8043008
:10A128000B0A8DF805308DF80610032301AA0621C5
:10A13800FFF768FF03B05DF804FB08B50A430C217C
:10A14800FFF77BFF08BD902938B5044615460CD1AA
:10A1580002223621FFF771FF2DB964223A212046E9
:10A16800FFF76BFF38BD7F22F8E703223621F7E7B8
:10A17800902970B505460C4606D18023BDE870408D
:10A188001A463121FFF789BF002380223121FFF7CA
:10A1980084FF302C1ED00AD8B4B1102C1AD0202C31
:10A1A80018D0002230212846FFF747FF70BD602CE9
:10A1B80008D003D804F0EF04402CF1E7702C01D04C
:10A1C800802CEED1402200E048222F212846FFF7BC
:10A1D80034FFE6E74422F8E738B5044615460A4650
:10A1E8000E21FFF72AFF2A460F212046FFF725FFF9
:10A1F80038BD602938B504460D4643EA020316D136
:10A2080043F001021D21FFF718FF2B46F4221E21FF
:10A218002046FFF742FF0722052331212046FFF79A
:10A228003CFF0C2237212046FFF707FF38BDFE22EE
:10A238001D21FFF732FF2B46F0221E212046FFF793
:10A248002CFF0722032331212046FFF726FF0A228D
:10A25800E8E72DE9F04704460F461646202100227C
:10A268001D469DF820909DF82480FFF7E6FE3A46AB
:10A2780020462121FFF7E1FE3346204601221D2119
:10A28800FFF70BFF4B46204604221E21FFF705FF70
:10A298002A4620462221FFF7D0FE43462046412287
:10A2A800BDE8F0473321FFF7F8BE70B51646CA433C
:10A2B8001D460446D2B21121FFF7BFFE46EA050249
:10A2C80020464021FFF7B9FE20460023BDE8704034
:10A2D800F1224121FFF7E1BE08B51221FFF7D2FEB6
:10A2E80080B208BD08B50A461221FFF7A6FE08BDD0
:10A2F80070B504460E46FFF7EFFFF1B2054620465B
:10A30800FFF7F0FF2046FFF701FF284670BD37B57D
:10A318001D4605F00F052A439DF8183001930A439E
:10A3280009210446FFF789FE019B0F220A212046D6
:10A3380003B0BDE83040FFF7B0BE08B503220121E5
:10A34800FFF77BFE08BD08B505220121FFF775FE62
:10A3580008BD70B50C46064615461A21B3B9FFF775
:10A3680091FEA0F19D031BB2238019213046FFF70F
:10A3780089FE40B200280346B8BFC31C9B102B704F
:10A388000330BEBF22889B18238070BDFFF77AFE7A
:10A39800A0F1A403E7E708B54221FFF773FE08BD63
:10A3A80043688160C91AFFF7B7BE0000836810B51B
:10A3B80004463BB32821FFF765FE10F0080F6368D9
:10A3C80000F007000BD007280CBF03F1FF33043B54
:10A3D800636062680D4B9A4209DA636007E090B9DE
:10A3E80001336360626840F266639A42F5DC084BA9
:10A3F800626827215A432046A368B2FBF3F2D2B21F
:10A40800FFF71BFE10BD0433EBE700BF9AF9FFFF0F
:10A41800F07E0E0010EE100AC0F3C7527F3A162ADB
:10A4280015DC002A08DA013200F0004301D143F0BC
:10A438007E5300EE103A7047074911410842FAD09E
:10A448004FF480031341034423EA0103F1E7802A10
:10A45800F1D130EE000A7047FFFF7F00884210B547
:10A4680001EB020402D98442234607D8431EA142C5
:10A4780008D011F8012B03F8012FF8E70244014630
:10A488008A4200D110BD13F8014D02F8014DF7E7DB
:10A4980002440346934200D1704703F8011BF9E7D1
:10A4A80010B50246147813460132002CFAD1013B4C
:10A4B80011F8012B03F8012F002AF9D110BDC9B2F8
:10A4C800034610F8012B1AB18A42F9D11846704791
:10A4D800002918BF0023F9E710B56AB101398418BB
:10A4E80010F8012B11F8013F9A4203D1A04201D084
:10A4F800002AF5D1D01A10BD1046FCE770B50D4DF5
:10A508000D4C641BA4100026A64209D10B4D0C4C1F
:10A5180000F02EF8641BA4100026A64205D170BDD9
:10A5280055F8043B98470136EEE755F8043B984741
:10A538000136F2E794C4000894C4000894C40008E3
:10A548009CC40008034611F8012B03F8012B002ACC
:10A55800F9D170470A44914200F1FF3300D17047A6
:10A5680010B511F8014B03F8014F9142F9D110BD14
:10A57800F8B500BFF8BC08BC9E467047F8B500BFE8
:08A58800F8BC08BC9E467047B8
:10A5900018120C18010101191901191901060601F7
:10A5A0000606010303010303010202010202011274
:10A5B0000C01120C00206C0002206A006D00770074
:10A5C0000205010202016D696E2C00206D572C00FE
:10A5D000322E3447003931354D003836384D00348D
:10A5E00033334D003730636D003836364D004455F7
:10A5F000414C003F003530487A003331487A003111
:10A6000039487A00464C52430046534B0031394892
:10A610007A377800011F136F0113000000D57FAA5D
:10A62000FE2B815429FC5683D702A87D52872DF832
:10A63000AC79D3067BAE04D18550FA2FA471DB0E22
:10A640005A8F25F08D58F22773A60CD9F623895C12
:10A6500008DD77A2DF0AA07521F45E8B9D48E23702
:10A6600063B61CC9B461CB1E4A9F35E0CF1AB065F2
:10A6700031E44E9BE633994C18CD67B239EC4693E2
:10A68000C712B86D10C56FBAEE3B91446BBE14C1D2
:10A690009540EA3F42973DE8BC69C316EF3A9045C2
:10A6A00011C46EBBC613B96C38ED4792BD68C217B2
:10A6B00043963CE99441EB3E6ABF15C04B9E34E1A2
:10A6C000B560CA1F62B71DC89C49E33619CC66B392
:10A6D000E732984D30E54F9ACE1BB16472A70DD882
:10A6E0008C59F3265B8E24F1A570DA0F20F55F8A72
:10A6F000DE0BA17409DC76A3F722885DD603A97C62
:10A7000028FD5782FF2A805501D47EAB8451FB2E51
:10A710007AAF05D0AD78D20753862CF961626364B5
:10A7200065666768696A6B6C6D6E6F707172737461
:10A7300075767778797A303132333435363738393F
:10A740005F232D2E00000100010002000200020024
:10A75000030004000500060008000A000C001000B9
:10A76000140019002000280032003F00500064004F
:10A770007D009E00C800FA003C019001F4017602C1
:10A780002003E803E204DC05D0070000000000001D
:10A7900000000000E10A00080000000000000000C6
:10A7A000ED0A00080000000000000000C90A0008CF
:10A7B00000010204050301020001020503046D6C9F
:10A7C00072732E30005365747570537461727453D4
:10A7D0007478345278005365747570537461727470
:10A7E0004D61726B65720021656E64210046727363
:10A7F0006B792052394D4C69746550726F006D4C05
:10A80000525301020304006D4C5253040302010031
:10A810000A0040504152414D2F706172616D2E709F
:10A82000636B006661696C20610020005378206EC4
:10A830006F74206F6B002E0000000000000000000D
:10A84000F1180008AD0E0008C10E00082F0C00081A
:10A850000000000000000000490D0008690D00081C
:10A860009B1D0008C51D0008E31D0008191B0008FA
:10A870000000000000000000110C0008C7210008C3
:10A880008D200008D51F0008AB1F0008890D0008A7
:10A8900039200008A50D000805200008C90D000892
:10A8A0000000000000000000110C0008130C00085C
:10A8B000150C0008170C00081B0C00081D0C0008E4
:10A8C000210C0008250C0008270C00082B0C0008A0
:10A8D0000000000000000000FB3E0008913F00085F
:10A8E000753F0008553F0008000000000000000010
:10A8F000110C0008E50D0008150C0008170C0008E5
:10A90000C56A0008416B00082153000891530008F4
:10A91000270C00082B0C0008414E474C4500484FBF
:10A9200052495A4F4E004E415620414C54484F4CCC
:10A93000440048454144494E4720484F4C44004854
:10A9400045414446524545004845414441444A003A
:10A9500043414D53544142004E4156205254480009
:10A960004E415620504F53484F4C44004D414E5598
:10A97000414C00424545504552004C454453204F00
:10A980004646004C4947485453004F5344204F46D5
:10A99000460054454C454D45545259004155544F7D
:10A9A0002054554E4500424C41434B424F580046BF
:10A9B00041494C53414645004E41562057500041B5
:10A9C0004952204D4F444500484F4D452052455374
:10A9D000455400474353204E4156004650562041AF
:10A9E0004E474C45204D495800535552464143452A
:10A9F00000464C415045524F4E005455524E204156
:10AA00005353495354004E4156204C41554E4348F0
:10AA100000534552564F204155544F5452494D0012
:10AA200043414D45524120434F4E54524F4C2031EB
:10AA30000043414D45524120434F4E54524F4C200C
:10AA4000320043414D45524120434F4E54524F4CEA
:10AA50002033004F534420414C542031004F534485
:10AA600020414C542032004F534420414C54203359
:10AA7000004E415620434F5552534520484F4C44B9
:10AA8000004D43204252414B494E470055534552D9
:10AA900031005553455232005553455233005553FA
:10AAA000455234004C4F49544552204348414E478B
:10AAB00045004D5350205243204F56455252494471
:10AAC000450050524541524D00545552544C45009A
:10AAD0004E415620435255495345004155544F204D
:10AAE0004C4556454C205452494D00575020504C2F
:10AAF000414E4E455200534F4152494E47004D4939
:10AB00005353494F4E204348414E47450042454527
:10AB1000504552204D555445004D554C5449204602
:10AB2000554E4354494F4E004D49584552205052BE
:10AB30004F46494C452032004D4958455220545209
:10AB4000414E534954494F4E00414E474C452048D1
:10AB50004F4C440047494D42414C204C4556454CD2
:10AB60002054494C540047494D42414C204C4556D5
:10AB7000454C20524F4C4C0047494D42414C2043DC
:10AB8000454E5445520047494D42414C20484541AD
:10AB900044545241434B45520000800CD007B70447
:10ABA000C71B800CB7040410020A0B06972304107D
:10ABB0000B060000000000000000000094BF000829
:10ABC0002B1300006CBF00080A000000000000000A
:10ABD0000000000000000000000000000000000075
:10ABE00000000000800080FF0A000A0014006400DA
:10ABF0001B00F4011E00E803616263646566676818
:10AC0000696A6B6C6D6E6F7071727374757677783C
:10AC1000797A303132333435363738395F232D2E57
:10AC20000000000000070E091C1B1215383F3631CA
:10AC300024232A2D70777E796C6B6265484F4641DC
:10AC400054535A5DE0E7EEE9FCFBF2F5D8DFD6D1CC
:10AC5000C4C3CACD90979E998C8B8285A8AFA6A1BC
:10AC6000B4B3BABDC7C0C9CEDBDCD5D2FFF8F1F6AC
:10AC7000E3E4EDEAB7B0B9BEABACA5A28F8881869C
:10AC800093949D9A2720292E3B3C35321F1811168C
:10AC900003040D0A5750595E4B4C45426F6861667C
:10ACA00073747D7A898E878095929B9CB1B6BFB86C
:10ACB000ADAAA3A4F9FEF7F0E5E2EBECC1C6CFC85C
:10ACC000DDDAD3D4696E676075727B7C51565F584C
:10ACD0004D4A4344191E171005020B0C21262F283C
:10ACE0003D3A33344E49404752555C5B7671787F2C
:10ACF0006A6D64633E39303722252C2B0601080F1C
:10AD00001A1D1413AEA9A0A7B2B5BCBB9691989F0B
:10AD10008A8D8483DED9D0D7C2C5CCCBE6E1E8EFFB
:10AD2000FAFDF4F30000000032090000000000000A
:10AD3000010000007C2B0000000000000200000069
:10AD4000890C00000000000004000000ED0E030C60
:10AD50000D00000005000000D91C010000000000EB
:10AD6000060000006803000000000000070000006B
:10AD7000772000000000000008000000752400009B
:10AD8000000000000B000000590601040000000054
:10AD900014000000D6140302030000001500000098
:10ADA0009F0203000100000016000000DC190000F3
:10ADB0000000000017000000A817030405000000B1
:10ADC0001800000018340000000000001900000006
:10ADD00017650000000000001A000000AA1800001B
:10ADE000000000001B000000901D0000000000009B
:10ADF0001C00000043100000000000001D000000C7
:10AE000073100000000000001E000000271C00005E
:10AE1000000000001F000000F630000000000000ED
:10AE200020000000B91C000000000000210000000C
:10AE3000681C00000000000022000000ED16000069
:10AE40000000000023000000F416000000000000D5
:10AE500024000000DE2500000000000025000000A6
:10AE6000D4070304050000002600000009070304BE
:10AE70000500000027000000FE260320210000003E
:10AE800028000000E605030203000000290000007E
:10AE90001C040302030000002A0000001C12000032
:10AEA000000000002B0000008403030001000000EC
:10AEB0002C000000DD090302030000002D0000004B
:10AEC000E8030300010000002E0000000B02000058
:10AED000000000002F00000099080300010000009E
:10AEE000300000002915010C0000000031000000B6
:10AEF0002714000000000000320000004E2503125D
:10AF00001300000033000000C4050302030000002A
:10AF100035000000030500000000000036000000BE
:10AF20000F1B031819000000370000000319000070
:10AF3000000000003D000000A748000000000000E5
:10AF40003E000000B71A0000000000003F000000B3
:10AF500077B500000000000040000000BFE10000E5
:10AF60000000000041000000762A00000000000000
:10AF700042000000940603020300000043000000AA
:10AF8000150400000000000045000000F31E010A47
:10AF900000000000460000007C26031011000000A5
:10AFA0004900000026260320210000004A0000007E
:10AFB00014140000000000004B0000009E23031E3C
:10AFC0001F0000004C0000009821031E1F0000001D
:10AFD0004D0000008F0A0308090000005000000027
:10AFE0000E04030203000000510000006A16000076
:10AFF000000000005200000031330324250000004F
:10B00000530000001625000000000000540000005E
:10B010008F35033233000000550000008C330000F0
:10B020000000000056000000053503323300000028
:10B030005700000096330000000000005900000097
:10B04000E71C0000000000005A000000B7380000B4
:10B05000000000005B0000003F2A0000000000002C
:10B060005C00000036210000000000005D000000D0
:10B070002F5100000000000064000000AF2200001B
:10B080000000000065000000667500000000000080
:10B09000660000009E7500000000000067000000D0
:10B0A000D039000000000000680000003874000083
:10B0B00000000000690000005D3F0000000000008B
:10B0C0006A0000008A2C0000000000006B000000F5
:10B0D0006C410000000000006C000000205C0000DB
:10B0E000000000006D000000B90900000000000031
:10B0F0006E00000054FE0301020000006F0000001B
:10B10000221203101100000070000000AE0C0000BD
:10B1100000000000710000007C270000000000001B
:10B1200072000000ED2C0000000000007300000021
:10B130000440000000000000740000004C180000F3
:10B1400000000000750000008006030405000000F8
:10B1500076000000380E00000000000077000000BC
:10B16000740C030A0B0000007800000086610000E8
:10B170000000000079000000ED0203000100000063
:10B180007A000000CB020300010000007B000000F9
:10B19000FA710300010000007C0000005739000034
:10B1A000000000007D000000CB0600000000000051
:10B1B0007E000000DC51034F500000007F000000C3
:10B1C000192300000000000080000000E2230000BE
:10B1D00000000000810000002E18000000000000A8
:10B1E000820000001D0D0000000000008300000030
:10B1F000DFFF000000000000840000005527000071
:10B2000000000000850000000612000000000000A1
:10B2100086000000E52B0000000000008700000011
:10B22000CB080000000000008800000001160000AC
:10B230000000000089000000C310000000000000B2
:10B240008A0000006D780000000000008B00000004
:10B25000A82B03292A0000008C000000B52900005B
:10B26000000000008D0000002F2000000000000002
:10B270008E00000048F30000000000008F00000076
:10B280008310000000000000900000007F5D0000BF
:10B290000000000092000000676400000000000051
:10B2A000930000009A3600000000000094000000A7
:10B2B000B24E00000000000095000000C83C0000F5
:10B2C0000000000096000000862A00000000000038
:10B2D00097000000DB08030607000000980000004C
:10B2E000D00800000000000099000000BC0C000025
:10B2F000000000009A000000540F03060700000041
:10B300009B000000160D0304050000009C000000D7
:10B3100013060300010000009D000000150F030C40
:10B320000D0000009E000000860F030C0D000000C1
:10B33000A00000004E0C030809000000A10000005E
:10B340004403030001000000A2000000BD0900004A
:10B3500000000000A30000007F1C000000000000AF
:10B36000A40000009A2C000000000000A5000000CE
:10B370001503000000000000A600000015090000F1
:10B3800000000000A7000000901600000000000070
:10B39000A8000000010C000000000000A90000004F
:10B3A000EA12000000000000AA000000492200008C
:10B3B00000000000AB000000B542000000000000EB
:10B3C000AC0000001662000000000000AD000000AC
:10B3D0005308000000000000AE000000A73000008D
:10B3E00000000000AF0000008A13030E0F000000F1
:10B3F000B0000000EA03030001000000B1000000FB
:10B40000F014000000000000B20000002F1800003F
:10B4100000000000B3000000BD1D011A0000000084
:10B42000B4000000342F012A00000000B500000025
:10B43000AE04000000000000B6000000E528000097
:10B4400000000000B70000005502030001000000EA
:10B45000B80000009FCE030405000000B900000002
:10B46000BA07030405000000BA000000481D0300ED
:10B4700001000000BF0000005C1B00000000000095
:10B48000C00000002436000000000000C1000000E1
:10B49000471A000000000000C20000006221000006
:10B4A00000000000C300000078250000000000003C
:10B4B000C8000000862A032829000000C9000000F7
:10B4C000CD0E030C0D000000D60000004508030659
:10B4D00007000000D7000000650300000000000026
:10B4E000D80000003203030001000000D900000072
:10B4F000CA06000000000000DA0000001107030087
:10B5000001000000DB000000A202000000000000BB
:10B51000DC0000002220000000000000DD00000030
:10B52000472A000000000000DE0000000F030000BA
:10B5300000000000DF000000772F032A2B0000002E
:10B54000E0000000662D032A2B000000E10000004F
:10B55000D049000000000000E2000000CF08000019
:10B5600000000000E6000000A32A00000000000028
:10B57000E70000006928000000000000E80000006B
:10B580009741000000000000E900000023B6000021
:10B5900000000000EA000000962800000000000003
:10B5A000EB000000B32A000000000000F1000000E2
:10B5B0005A20000000000000F2000000683C00007B
:10B5C00000000000F3000000553D013400000000C1
:10B5D000F40000005F06000000000000F50000001D
:10B5E0008202000000000000F6000000B826000003
:10B5F00000000000F70000005113000000000000F0
:10B60000F800000008FE030304000000F900000039
:10B61000CC24000000000000FA000000311E0000F1
:10B6200000000000FB000000AA1200000000000063
:10B63000FC0000002C12000000000000FD000000D3
:10B640005336000000000000FE0000002E0900003C
:10B650000000000000010000472A03080900000064
:10B660000101000083090000000000000201000049
:10B67000BBE8030001000000030100005CED0000D6
:10B680000000000004010000920E00000000000015
:10B6900005010000B33D00000000000006010000AD
:10B6A0000C170000000000000701000085FF0000EB
:10B6B0000000000008010000312000000000000030
:10B6C000090100001A140000000000000A01000037
:10B6D000C1FF0302030000000B01000023FF03026F
:10B6E000030000000C0100000E0403020300000030
:10B6F0000D0100006DD70000000000000E010000E9
:10B700003B140000000000000F010000163500008F
:10B7100000000000130100007E2000000000000077
:10B7200014010000123200000000000015010000AA
:10B730003E1E00000000000018010000462100002D
:10B740000000000019010000300D000000000000A2
:10B750001A0100007B230320210000001B010000D0
:10B760004A910000000000001C0100006320031E3D
:10B770001F0000001D010000893103262700000082
:10B780001E010000D2390332330000001F01000007
:10B790000117031415000000200100001417031402
:10B7A0001500000022010000FB2E00000000000038
:10B7B000230100000A3900000000000024010000FD
:10B7C000E3DF03181900000027010000EA0C000065
:10B7D00000000000280100003223000000000000EB
:10B7E0002B01000013620000000000002C0100008B
:10B7F000D9160000000000002D010000F33A0000FF
:10B8000000000000360100001C11000000000000D4
:10B81000370100005F7400000000000040010000DC
:10B82000F31403020300000041010000580203006A
:10B830000100000042010000F3950000000000003C
:10B84000430100004E93030001000000440100008A
:10B8500084920000000000004A01000017A70000C9
:10B86000000000004B0100005BE900000000000048
:10B870004C010000ECEF0000000000004D01000052
:10B88000E76D0000000000004E010000480A0000C3
:10B89000000000004F010000E1180000000000005F
:10B8A00050010000F55400000000000053010000AA
:10B8B000C7050000000000005401000063460000BE
:10B8C0000000000059010000D11503020300000030
:10B8D0005E010000E8FC00000000000062010000C2
:10B8E000D20E030C0D00000063010000060C0000E6
:10B8F00000000000680100000B19000000000000BB
:10B90000690100005D2100000000000071010000DD
:10B910009718000000000000720100004B6D00004D
:10B9200000000000730100000A1A0000000000007F
:10B93000740100001A8C0000000000007501000076
:10B94000752A00000000000077010000FB8C000059
:10B950000000000078010000C7080000000000009F
:10B960007C010000E81400000000000081010000DC
:10B970009385030203000000820100008410030489
:10B9800005000000830100000448030405000000D6
:10B99000840100000825032021000000860100002A
:10B9A0009CF00000000000008B01000000D40000AB
:10B9B000000000008C01000032A000000000000028
:10B9C0008D010000B66C0000000000009001000036
:10B9D0006EFE03040500000091010000B706030499
:10B9E000050000009A010000A035000000000000E2
:10B9F0009B0100006A030000000000009C010000A1
:10BA000021060304050000009D0100004D0703040A
:10BA1000050000009E0100006D1000000000000005
:10BA20009F010000A110000000000000A401000020
:10BA30001449030607000000B3010000862E000031
:10BA400000000000B4010000C10900000000000077
:10BA5000B50100001E01000000000000B801000058
:10BA60004223000000000000B9010000A9110000FD
:10BA700000000000FE010000F56A00000000000068
:10BA8000FF0100001C470000000000000002000051
:10BA9000B802000000000000421F0000DA100000A1
:10BAA00000000000431F0000E72900000000000024
:10BAB000441F0000AC62000000000000451F0000B1
:10BAC000FB26000000000000461F0000610E000081
:10BAD00000000000471F00004020000000000000A0
:10BAE000481F0000EA21000000000000491F00007C
:10BAF00090100000000000004A1F00009B29000079
:10BB0000000000004B1F0000146600000000000051
:10BB10004C1F000036100000000000004D1F000008
:10BB2000DE2E0000000000004E1F0000C80E0000C6
:10BB3000000000004F1F0000171800000000000068
:10BB4000501F000095120000000000002823000094
:10BB500071890000000000002D2300007522000004
:10BB60000000000011270000D114000000000000B8
:10BB700012270000BA29000000000000132700006F
:10BB800004010000000000001427000085090000E7
:10BB900000000000152700006709000000000000F9
:10BBA00016270000C1040000000000001727000055
:10BBB000471100000000000018270000F00E0000F0
:10BBC00000000000A7270000C3550000000000008F
:10BBD000F82A00008634030405000000F92A00005A
:10BBE0000F88000000000000FA2A0000EAB40304F5
:10BBF00005000000FB2A00004005000000000000D6
:10BC0000FC2A00000BE8030809000000FD2A0000E0
:10BC10005DE6000000000000022B00002E31000055
:10BC200000000000032B00006A2C00000000000050
:10BC30000C2B0000CD10000000000000162B0000AF
:10BC4000902C000000000000172B0000852C000045
:10BC500000000000182B0000552C00000000000020
:10BC6000192B0000C3250310110000001A2B00003F
:10BC70004F050000000000001B2B0000800803049B
:10BC8000050000001C2B0000B12200000000000095
:10BC90001D2B0000821C0000000000001E2B000075
:10BCA0002F260000000000001F2B00008E0900005E
:10BCB00000000000202B0000842C00000000000089
:10BCC000212B0000D02C000000000000222B0000DF
:10BCD000C92C000000000000232B0000C12C000034
:10BCE00000000000242B0000BD2C0000000000001C
:10BCF000342B0000A24E000000000000643200005F
:10BD0000722C03000100000065320000FE3B031EA0
:10BD10001F000000663200008C350304050000009F
:10BD200067320000F92E03000100000068320000B5
:10BD30004D36031C1D00000069320000312B03004A
:10BD400001000000733200005EF9030001000000F2
:10BD5000763200008B3300000000000077320000D4
:10BD600007120310110000007832000014050000D3
:10BD7000000000006842000067B3000000000000FF
:10BD8000FE4200001A21000000000000FF420000F7
:10BD900048100000000000000143000013110000E3
:10BDA00000000000024300005911000000000000E4
:10BDB000034300001B0A00000000000004430000D1
:10BDC0000E5B00000000000005430000BB540000B3
:10BDD00000000000064300006A1800000000000098
:10BDE00010A40000E30100000000000011A4000006
:10BDF000EF2E00000000000051C30000F6200000FC
:10BE00000000000052C30000B5F600000000000072
:10BE100053C300003E1300000000000054C30000A4
:10BE2000F00A03080900000055C300009806030447
:10BE30000500000020CB00000D64000000000000A1
:10BE400021CB0000EF0100000000000015CD000034
:10BE5000F01100000000000016CD0000584E000058
:10BE60000000000017CD0000605500000000000039
:10BE700018CD0000B11C00000000000019CD00002A
:10BE8000D73200000000000078CD0000B526032066
:10BE90002100000079CD00006624000000000000B1
:10BEA00060EA000004160314150000006AEA0000AE
:10BEB000D0210000000000006BEA0000B70700007E
:10BEC000000000006CEA0000632403202100000051
:10BED0006DEA000081180314150000006EEA0000EE
:10BEE000860803040500000074EA0000CA0400008C
:10BEF0000000000088EA00009CF50000000000003F
:10BF000089EA0000BFFF0000000000008DEA000089
:10BF10000E170302030000008EEA0000AB1C0308AA
:10BF2000090000008FEA0000370700000000000051
:10BF300091EA0000610C00000000000092EA00009D
:10BF4000DC0E00000000000093EA0000F51800007D
:10BF50000000000094EA0000652C000000000000D2
:10BF600095EA00002D0600000000000099D1D700DE
:10BF700033F3D700CC14D8006636D8000058D80068
:10BF80009979D800339BD800CCBCD80066DED800A5
:10BF90000000D9009999E10000C0E10066E6E100E7
:10BFA000CC0CE2003333E2009959E2000080E20059
:10BFB00066A6E200CCCCE20033F3E2009919E3007C
:10BFC0000040E3006666E300CC8CE30033B3E3009B
:10BFD00099D9E3000000E4006626E400CC4CE400BC
:10BFE0003373E4009999E40000C0E40066E6E400DD
:10BFF000CC0CE5003333E5009959E5000080E500FD
:10C0000066A6E500CCCCE50033F3E5009919E6001F
:10C010000040E6006666E600CC8CE60033B3E6003E
:10C0200099D9E6000000E7006626E700CC4CE7005F
:10C030003373E7009999E70000C0E70066E6E70080
:10C040000000891112239B322446AD573665BF7418
:10C05000488CC19D5AAFD3BE6CCAE5DB7EE9F7F8C8
:10C060008110080193331A22A5562C47B7753E64F8
:10C07000C99C408DDBBF52AEEDDA64CBFFF976E8A8
:10C0800002218B30100299132667AF763444BD55D8
:10C090004AADC3BC588ED19F6EEBE7FA7CC8F5D988
:10C0A00083310A2091121803A7772E66B5543C45B8
:10C0B000CBBD42ACD99E508FEFFB66EAFDD874C968
:10C0C00004428D5316619F702004A9153227BB3698
:10C0D0004CCEC5DF5EEDD7FC6888E1997AABF3BA48
:10C0E00085520C4397711E60A1142805B3373A2678
:10C0F000CDDE44CFDFFD56ECE9986089FBBB72AA28
:10C1000006638F7214409D512225AB343006B91757
:10C110004EEFC7FE5CCCD5DD6AA9E3B8788AF19B07
:10C1200087730E6295501C41A3352A24B116380737
:10C13000CFFF46EEDDDC54CDEBB962A8F99A708BE7
:10C14000088481951AA793B62CC2A5D33EE1B7F017
:10C150004008C919522BDB3A644EED5F766DFF7CC7
:10C16000899400859BB712A6ADD224C3BFF136E0F7
:10C17000C1184809D33B5A2AE55E6C4FF77D7E6CA7
:10C180000AA583B4188691972EE3A7F23CC0B5D1D7
:10C190004229CB38500AD91B666FEF7E744CFD5D87
:10C1A0008BB502A499961087AFF326E2BDD034C1B7
:10C1B000C3394A28D11A580BE77F6E6EF55C7C4D67
:10C1C0000CC685D71EE597F42880A1913AA3B3B297
:10C1D000444ACD5B5669DF78600CE91D722FFB3E47
:10C1E0008DD604C79FF516E4A9902081BBB332A277
:10C1F000C55A4C4BD7795E68E11C680DF33F7A2E27
:10C200000EE787F61CC495D52AA1A3B03882B19356
:10C21000466BCF7A5448DD59622DEB3C700EF91F06
:10C220008FF706E69DD414C5ABB122A0B992308336
:10C23000C77B4E6AD5585C49E33D6A2CF11E780FE6
:10C240006090020C015B00011C57000090FF000091
:10C25000C5AA00080000000018A90008010200009B
:10C260001EA900080203000026A90008030400001C
:10C2700032A90008050500003FA9000806060000D5
:10C2800048A9000807FF000050A9000808FF0000A7
:10C2900058A900080A07000060A900080B08000060
:10C2A0006CA900080C09000073A900080DFF00002C
:10C2B0007AA900080FFF000083A9000810FF000002
:10C2C0008AA9000813FF000092A9000814FF0000CB
:10C2D0009CA90008150A0000A6A900081AFF000082
:10C2E000AFA900081B010000B8A900081C0B000042
:10C2F000BFA900081D0C0000C8A900081EFF00000F
:10C30000D3A900081FFF0000DBA9000820FF0000E0
:10C31000E9A9000821FF0000F1A90008220D000092
:10C32000FAA90008230E000006AA0008240F000046
:10C3300011AA000825FF000020AA000827FF00001E
:10C3400031AA000828FF000042AA000829FF0000C7
:10C3500053AA00082AFF00005DAA00082BFF000076
:10C3600067AA00082CFF000071AA00082D10000029
:10C3700081AA00082EFF00008CAA00082FFF0000F1
:10C3800092AA000830FF000098AA000839FF0000B8
:10C390009EAA00083AFF0000A4AA000831FF00008E
:10C3A000B2AA000832FF0000C2AA000833FF000052
:10C3B000C9AA000834110000D0AA000835120000F4
:10C3C000DBAA000836FF0000EBAA000837FF0000D8
:10C3D000F6AA000838130000FEAA00083BFF000080
:10C3E0000DAB00083CFF000019AB00083DFF00004A
:10C3F00028AB00083EFF000038AB00083FFF0000FC
:10C4000049AB00084014000054AB000841FF000095
:10C4100066AB000842FF000078AB000843FF000055
:10C4200086AB000844FF0000000000000000000090
:10C43000317F0008337F0008377F00083B7F00080A
:10C4400000000000000000000102030406070809C4
:10C4500000000000010203040203040506070809A6
:10C460000A0B0C0D0E0F101001020304050607083D
:10C47000090A0B0C0D0E0F10000000000000000058
:10C48000000000000000000000000000899F00087C
:04C49000B99F000848
:08C49400AD010008897E0008DB
:04C49C00890100080A
:10C4A00090BADCFE785634120A00000040A800085A
:10C4B000A8A80008FF000000F0A8000878A800085D
:0CC4C00000127A000100000010000000D3
:040000050800892541
:00000001FF
