:020000040800F2
:1000000000C00020D5870008AD870008AF87000832
:10001000B1870008B3870008B5870008000000001A
:10002000000000000000000000000000B78700088A
:10003000B987000800000000BB870008BD870008E2
:1000400025880008258800082588000825880008DC
:1000500025880008258800082588000825880008CC
:1000600025880008258800082588000825880008BC
:1000700025880008258800082588000825880008AC
:10008000258800082588000825880008258800089C
:10009000258800082588000825880008258800088C
:1000A000258800082588000825880008258800087C
:1000B000352200080000000000000000258800082C
:1000C000258800082588000825880008258800085C
:1000D00025880008251D0008353D000825880008F2
:1000E000C16C000825880008000000000000000026
:1000F0000000000000000000000000000000000000
:100100000000000025880008000000002588000885
:100110000000000000000000258800082588000875
:1001200025880008258800082588000825880008FB
:10013000258800080000000000000000000000000A
:1001400025880008258800082588000825880008DB
:1001500025880008258800082588000825880008CB
:100160002588000825880008258800080000000070
:100170002588000825880008258800080000000060
:0C01800025880008258800082588000854
:1001900010B5054C237833B9044B13B10448AFF3C1
:1001A00000800123237010BD4800002000000000E3
:1001B00000A5000808B5034B1BB103490348AFF382
:1001C000008008BD000000004C00002000A50008D1
:1001D000034613F8012B002AFBD1181A0138704787
:1001E0000022427082700122C270B1FA81F10222B3
:1001F00049090271032201704271704743788B42B2
:100200001FD0012941700AD0022910D0C1B90123A1
:10021000C370817002230371032343717047037815
:1002200043B1012383700223C3700023F3E70378F3
:10023000002BF6D0022383700023C3700123EAE76A
:10024000FEE7704782B00B88ADF800304B88ADF800
:1002500002308B88ADF80430CB88ADF80630023917
:10026000431C053013F8012F0DF1080C0CEB420272
:10027000834232F8082C21F8022FF3D102B07047E4
:1002800001448878704738B54FF07F33C0F8A0300C
:1002900004464FF6FF737F220025A0F8A43080F8B3
:1002A000A62080F8A950A0F8AA30AC3000F093FC4A
:1002B000A4F8B85038BD37B5154604461146019329
:1002C00000F025FC294604F1140000F020FC29462A
:1002D00004F1280000F01BFC294604F13C0000F06A
:1002E00016FC294604F1500000F011FC294604F1E7
:1002F000640000F00CFC294604F1780000F007FCD3
:10030000294604F18C0000F002FC04F1AC00019AD3
:100310004FF4FA734FF4FA6100F048FC204603B042
:10032000BDE83040FFF7AFBF704700F0F7BB1430B7
:1003300000F0F4BB283000F0F1BB90F8A43013B902
:1003400090F9A000704790F9A100704790F8A43090
:1003500013B990F9A200704790F9A300704710B547
:10036000044606F0D3FE38B104F1140000F0DAFBC5
:10037000012838BF0120C0B210BD10B5044606F0F8
:10038000C5FE38B104F1500000F0CCFB012838BFA5
:100390000120C0B210BD4FF47A71AC3000F022BC25
:1003A0000021AC3000F01EBC08B5AC3000F029FCD8
:1003B000B0F57A7FA8BF4FF47A7020EAE07008BDEC
:1003C00010B5044600F084FB04F1140000F080FB3B
:1003D00004F1280000F07CFB04F13C0000F078FB05
:1003E00004F1500000F074FB04F1640000F07CFBA9
:1003F00004F1780000F078FB94F8B93013B1013BB8
:1004000084F8B93010BD7F2807D0002807DA10F132
:10041000800F06D04042C0B27047002070470120D4
:1004200070477F20704710B1404240B270477F2034
:1004300070477F280FD010F1310F0EDA10F1780FCE
:100440000DDB7830FE2340B2584323304623B0FB07
:10045000F3F0C0B27047FF207047FE2070470020C5
:1004600070477F2805D031B1002806DA4042C0B27B
:100470007047FF207047FE207047002070477F289C
:1004800011D010F1310F10DA10F1780F10DB783045
:1004900040F2A96340B2584323304623B0FBF3F047
:1004A000AC3080B270470020704740F25570704702
:1004B000AC20704763289FBF40F2A9635843323095
:1004C00064239DBFB0FBF3F0AC3080B240F25570B6
:1004D00070474FF4F063A0F58060584340F2FF731B
:1004E00090FBF3F000F5787080B27047FFF7F1BF32
:1004F0004FF49663A0F58060584340F2FF7390FB81
:10050000F3F000F2DC5080B27047A0F58060D0EBD1
:10051000001048BF033040F38F007047032812DDFE
:100520000C2812DD0F2812DD122812DD162812DD2C
:10053000192812DD1C2812DD1F2812DD2128CCBF4E
:10054000FF200620704700207047012070470220DE
:100550007047082070470320704707207047042029
:10056000704705207047000005289ABF014B185CB2
:10057000FF2070479CA500087F281ABF4042C0B2E8
:10058000002070477F2811D010F1320F10DA884216
:1005900010DD401A6423C1F1FF21584301F57F01AA
:1005A000CE31313090FBF1F0C0B27047FF20704780
:1005B0006420704700207047014B4140585C7047F1
:1005C000A4A500085AB110B4054C0A4411F8013B27
:1005D00058408A42205CF9D15DF8044B704770475F
:1005E000A4A50008002805DB212805DC044B33F80E
:1005F00010007047002070474FF4FA60704700BF4A
:10060000CEA60008392808D822280ED9094B23384D
:10061000C0B2C34003F0010070475F2807D06138C3
:1006200019288CBF0020012070470020704701204E
:10063000704700BF01EC7F00F8B50246451E461D1D
:1006400000245F2715F8010FFF2804BF0134E4B22E
:10065000FFF7D8FF00B92F70AE42F3D1062C04D1BA
:1006600019B10B6813608B88938000239371F8BDD8
:100670002DE9F843DFF83490471E441D012500267C
:100680004FF0280817F8011F084809F0E0FE03465C
:1006900010B1A0EB0903DBB2A3FB05329E19A74200
:1006A000A5FB0853EED13046BDE8F883A4A60008A8
:1006B00010B54179A1F13000C3B2092B07D8052349
:1006C000B0FBF3F303EB8303C01AC0B210BD044CBC
:1006D000204609F0BCFE0028F1D0001BC0B2EEE7B6
:1006E000A4A6000870B50446FFF772FD02B200230D
:1006F000551E18B2A84204FA83F104DA265C302EA3
:1007000003F10103F5D0121A01322046BDE8704012
:1007100009F06CBE2DE9F047432B28BF432396B068
:100720000C46154600211A469846074609F078FE01
:100730000021412205A8049109F072FEDFF87C90A7
:10074000DFF87CA004EB4505AC4210D104A8FFF70C
:100750003FFD28B100F158036B44002203F8492CF7
:1007600004A9384609F0B6FE16B0BDE8F08734F9A2
:10077000020B47F6FF739842E8D0002812DC51467E
:10078000684609F0A7FE04A8FFF722FD0646684662
:10079000FFF71EFD0644B045D6D3694604A809F00C
:1007A00047FED1E7694680B209F08CFB6846FFF747
:1007B00099FF4946684609F03BFEE4E753A5000867
:1007C0004EA50008F0B589B06D4600242F468E1C5A
:1007D000E1B28A4204D83946FFF79CFF09B0F0BD68
:1007E00036F8241025F8021B0134F1E742F21073A9
:1007F0006421B0FBF3F203FB1200B0FBF1F301FB49
:10080000130000EB023000EB831080B27047020B44
:1008100000F03F0342F2107101FB0233C0F3851078
:10082000642202FB0030704770B50E460021054679
:10083000144609F0F5FD00239AB2944200D870BD29
:10084000F25C002AFBD0EA540133F5E7072914D8FB
:10085000DFE801F00407090B0D0F11110849FFF73C
:10086000E3BF0849FBE70849F9E70849F7E7084902
:10087000F5E70849F3E70849F1E70849EFE700BF62
:1008800058A500085DA5000862A5000867A5000836
:100890006CA5000871A5000876A500087BA50008D6
:1008A000052911D8DFE801F00306080A0C0E0749F4
:1008B000FFF7BABF0649FBE70649F9E70649F7E73C
:1008C0000649F5E70649F3E70649F1E77DA5000883
:1008D00082A5000887A500088CA5000891A500083E
:1008E00095A500087BA5000870B50E4614460021AA
:1008F0000132054609F094FD00239AB2944200D8D3
:1009000070BDF25C002AFBD0EA540133F5E77D2389
:10091000438043F2390309B2C36000230180818020
:10092000C38003727047000002680449044B01FB56
:10093000023323F000430360180C7047FD430300AB
:10094000C39E2600F0B5002597B00160858004465F
:1009500056222946684609F063FD0126627CAA42B8
:1009600009D80023802104F1B400237417B0BDE836
:10097000F04009F055BD2046FFF7D6FFE7797B1B15
:10098000002190FBF3F202FB1300C0B2EC460A46D2
:10099000CBB29F421DD80023227B9A42DED0A2799F
:1009A000033A012A04EB050105D925B191F911207B
:1009B000D2B9012BD2D98B74A26852F823105833C4
:1009C00004EB85026B440135516303F8586CEDB2BA
:1009D000C4E71CF801EBBEF1000F03D18242DBD06B
:1009E0000132D2B20131D3E7501E8342E3DB013240
:1009F0009342E0DCB2E72DE9F047154696B0013DA1
:100A00000160027104464371EDB25622002168462E
:100A100009F006FD0027022D84BF4FF001090025D3
:100A20003E464FF0010A94F807809CBF4FF003093F
:100A3000B8FBF9F8627CB24209D80023802104F1A6
:100A4000B400237416B0BDE8F04709F0E9BC2046B5
:100A5000FFF76AFFA8EB0603002190FBF3F202FB0D
:100A60001300C0B2EC460A46CBB2984506D91CF832
:100A700001EBBEF1000F22D182421ED1434528BFB7
:100A80004346227B03FB095101F0FF018A42D1D08A
:100A900016B1B7B9012BCDD9A2191F469174A2681E
:100AA00052F8211004EB86020136516303F158021B
:100AB0006A44F6B202F858ACBCE70132D2B2013156
:100AC000D2E77A1E9342E7DB7A1C9342E4DCB1E77B
:100AD000D0E901236421D31AC36082604B43418A69
:100AE000B3FBF1F303747047D0E90123D31AC0E9D3
:100AF0000223704743682BB1C26864214A43B2FBAA
:100B0000F3F2D3B203740023C36043607047002341
:100B1000C0E9023341824360037470474368013384
:100B200043607047007C70474368194441607047D8
:100B3000072800D9FEE7014B185C704738A700086A
:100B4000052800D9FEE7014B185C704740A7000854
:100B50000023C0E90133C36003747047F0B5047C1F
:100B60000360012C11D944688568C668141B4FF4D2
:100B70007A774D1B7C4305FB16442B4494FBF3F31F
:100B80003344C360C0E90121F0BD1CB9C460012336
:100B90000374F7E743684FF47A74D31A63438468A5
:100BA0000C1B93FBF4F3C3600223F1E707EE902ADA
:100BB0000A44F8EE676A07EE902AF8EE677A436017
:100BC00086EEA77A07EE903AF8EEE77A80ED007AA3
:100BD000C0ED027A7047D0ED017AF8EEE77AC0ED09
:100BE000027A704707EE901A90ED027AD0ED006A13
:100BF000F8EEE77A77EEC77AA6EEA77A80ED027A6A
:100C00007047D0ED027AB6EE007A77EE877AFDEE85
:100C1000E77A17EE900A70477047704770470020D8
:100C200070477047002070470020704770470020D1
:100C30007047002070470000054BDA6C0243DA640D
:100C4000DB6C82B003400193019B02B0704700BF90
:100C500000100240054B9A6D02439A659B6D82B06D
:100C600003400193019B02B0704700BF0010024097
:100C7000054B1A6E02431A661B6E82B00340019345
:100C8000019B02B0704700BF0010024050E8003FD7
:100C900023F0800340E80032002AF7D170470000BB
:100CA0000A4B0B4A1B680B49A2FB03239B0C00FB5E
:100CB00003F2094B486802F5FA72A3FB023292096B
:100CC0004B681B1A9342FBD3704700BF1C000020E7
:100CD00083DE1B43001000E0D34D62100288044BFA
:100CE0005140C9B233F8113083EA122303807047B0
:100CF000A8BF0008A2B110B4B0F800C0094C0A4463
:100D000011F8013B83EA0C03DBB2914234F8133053
:100D100083EA1C2CA0F800C0F2D15DF8044B7047A8
:100D2000704700BFA8BF000837B54FF6FF730446F1
:100D3000ADF806304518AC4203D1BDF8060003B04B
:100D400030BD14F8011B0DF10600FFF7C7FFF2E7F5
:100D500008B51E20FFF7A4FF044B4FF480529A629F
:100D60002820BDE80840FFF79BBF00BF00040048F3
:100D700008B56420FFF794FF044B4FF480529A614A
:100D80006420BDE80840FFF78BBF00BF00040048A7
:100D9000044B1888044B1B8880B29BB2C01A18BF42
:100DA00001207047AC280020AA280020044A002314
:100DB0001380044A1380044A1380044A1380704746
:100DC000AA280020AC280020AE2C0020B02C002047
:100DD000012070470278024B51405B5C0370704702
:100DE0008CAB0008FF230370704700BF704770B5DD
:100DF0000B7803704B7843700B78FD2B05460C463F
:100E000038D18B788370CB78C3700B7903714B79B1
:100E100043718B7983718B68C3718B68C3F30F2324
:100E200003728B7A43720A26627804F10C01A819C6
:100E300009F058FB6378B4F80C213344981CEA5449
:100E40005A1CB4F80C1192B2090AA954A278D2071C
:100E500080B20ED504F58872054404F58E7452F8FC
:100E6000041B45F8041BA242F9D112782A700F33F3
:100E700098B270BD00238B700B7983704B79C3706F
:100E80008B7903718B6843710626CDE708B52C2258
:100E90000348002109F0C4FA024B00221A7008BD71
:100EA000A4050020500300202DE9F04113780370C1
:100EB00092F8018080F80180FD2B04460F4615460C
:100EC00054D193788370D378C370137903715379B5
:100ED0004371937983716B7A127A1B0403EB0223BB
:100EE000EA79134423F07F430A26A26863F31702CA
:100EF000A260A919424604F10C0009F0F3FA7A7BCA
:100F0000904507D208F10C00A2EB08020021204412
:100F100009F086FA63781E44AB195A78AB5D03EB8F
:100F20000223A4F80C31A378DB070ED5023615FA9C
:100F300086F304F5887203F10C0153F8040B42F8B0
:100F4000040B8B42F9D11B781370BB7A84F82131E2
:100F5000FB7A84F822313B7B84F823317B7B84F855
:100F600024313B7884F82031BDE8F08100234380B0
:100F700093780371D378437113798371537906267B
:100F8000B3E7000070B50F4C0F4D0646062204F182
:100F90000A0105F58970FFF7A7FC237CC3F3030260
:100FA000C3F3031385F81A31637C85F81921C3F361
:100FB000030385F81B31637ADB0744BF02233373D5
:100FC00070BD00BF951E0020C800002070B504460B
:100FD000BDF81450E2702420237122461B0A2070B1
:100FE000637158202B0AA1706070A57102F8073F49
:100FF000049B59198B420CD16A1D92B2E11C00204E
:10100000FFF7E0FA05F10806A05505F1090080B2E6
:1010100070BD13F8010B02F8010FEBE702780A4BE1
:1010200090F801C08178D243D2B29A5C82EA0C0275
:1010300090F803C09A5C4A40995C027981EA0C01FD
:10104000595C4A40985C70478CAB0008F8B53C2965
:10105000BDF81C50044635D0A1F121067142714102
:101060004900D00748BF41F00801E37092074FEAFA
:1010700013234FF0240248BF41F010012270237166
:101080006F222B0AA61C6270A170A3716571304695
:10109000FFF7C4FF2246069B02F8070F59198B423F
:1010A00012D1A91D89B23046FFF73EFE05F10807AF
:1010B00005F109039BB2E055000AE05405F10A006E
:1010C00080B2F8BD0121CCE713F8010B02F8010F43
:1010D000E5E70000074B084A9B8C02F5006353E8E4
:1010E000003F43F0200302F5006040E80031002992
:1010F000F3D17047003801400030014050294FEAD9
:1011000010102DD019D830292DD00ED810292DD05F
:1011100041F6786343F6F042202908BF1346174A88
:1011200002FA00F0B0FBF3F0704741F6786347F63F
:101130001222402908BF1346F1E7802919D008D8A8
:10114000602918D00E4A41F67863702908BF13460B
:10115000E5E70C4A41F67863902908BF1346DEE7BD
:101160004AF2E423DBE745F24013D8E742F6A00356
:10117000D5E7054BD3E74FF22443D0E740420F00B9
:1011800048E8010020A1070090D003002DE9F04FAE
:101190000C465188B1F58C7F85B0054611D30021EE
:1011A0001170D91CC9B2012995BF012100235180BA
:1011B00053809CBF2370117000232B7005B0BDE8D5
:1011C000F08F10780E2800F28B8001A656F820F0E0
:1011D000A31100080D120008351200084F12000874
:1011E000E1120008E1120008E1120008E112000813
:1011F000E1120008E1120008E1120008E112000803
:10120000E1120008E112000861120008481C508039
:1012100063542178FD299BB206D10C330A21D38077
:10122000918002231370C7E708330621D380918091
:101230000E23F7E7481C50806354D80742BFD1887B
:101240000D31D180012B8CBF00230323EAE7002B53
:1012500001F101005080635414BF00230E23E1E725
:10126000481C508063545388D1888B4232D300236A
:101270005380137002232B7069802378FD2B35D1A6
:1012800063792B72A3796B72637A227A1B0403EB66
:101290000223E27913446B60637803F10C026A80E5
:1012A000A278D10701D519336B8000266968DFF871
:1012B000F0806E8140F285120C20B31801335B0878
:1012C00000FB03F758F80770B94218D25A1EB24211
:1012D000F3D816E092889A423FF66EAF01236CE78E
:1012E0000023137053809380D38066E7E3782B72DA
:1012F00023796B7263796B6063780833D4E71E4699
:10130000E5D80C27774358F80730994227D123783E
:101310002046FD2B10F801BF0CBF4FF00A094FF01B
:10132000060909EB0B03591E89B247440193FFF7E5
:10133000FBFC97F804A0ADF80E0051460DF10E002D
:10134000FFF7CCFC019BE218E35C527803EB02232D
:10135000BDF80E209BB29A4203D005232DE703234C
:101360002BE7BB79DA0706D5FA79934582BF04EB00
:1013700009018A5CAA729B0709D50C2303FB06832B
:1013800062781B7A9A4282BF4C44E35CEB720C2376
:1013900003FB068385F80CA05B796B730EE700BF37
:1013A0008CAC0008F0B50546FD2305F80C3B85B074
:1013B00004468DF8043090F8243103F10C02024405
:1013C000012B42D80026637066808DF805308B7A39
:1013D00023718DF808308B7AADF8066001338B727B
:1013E00063798DF80930A3798DF80A30A368C3F3C7
:1013F00017031A128DF80B3009211B140DF105008B
:101400008DF80D308DF80C20FFF78EFC6778ADF865
:1014100002003A4629460DF10200FFF76BFC94F8F2
:101420002311FFF75BFC94F82421BDF80230A4F8E7
:101430000C31974210D207F10C00D21B31462044E8
:1014400005B0BDE8F04008F0EBBF12F8010D002830
:10145000B8D1013BDBB2B3E705B0F0BD07B5036817
:101460008DF807101B6901220DF10701984703B0A1
:101470005DF804FB13B5044608460191FEF7A8FE8B
:10148000236801991B6982B2204602B0BDE8104072
:1014900018470000B0F1904F02D10120FFF7CCBBFC
:1014A0000A4B984205D003F58063984203D104208B
:1014B000F4E70220F2E7064B984201D10820EDE75D
:1014C000044B984200D070471020E7E70004004822
:1014D000000C00480010004808B5164B9842014621
:1014E00009D14FF40060FFF7C3FB134B99421FD1A2
:1014F0004FF4003018E0B0F1804F07D00F4B984206
:1015000008D11020BDE80840FFF7A4BB0120FFF779
:10151000A1FBEAE70A4B984201D12020F2E7094BF0
:101520009842E2D14FF48030BDE80840FFF7A0BBFD
:1015300008BD00BF002C01400044014000100040E5
:1015400000140040004001402DE9F04387B00E46F2
:10155000054614460021142201A89DF838809DF804
:101560003C901F4608F05CFF00960B2C07D8DFE884
:1015700004F007070A121414141616161A1CFEE7B4
:101580000323019301E002230493032F11D8DFE822
:1015900007F0111321110123F6E70123F1E70123DD
:1015A00001930393F1E70223EBE702230193012365
:1015B000F7E7FEE702230293B8F1100F0CD8DFE83B
:1015C00008F02D2D0C11131517191B1D1F21232594
:1015D00027292B000123EEE7FEE7012305930223D1
:1015E00001931EE00223F9E70323F7E70423F5E75D
:1015F0000523F3E70623F1E70723EFE70823EDE7E9
:101600000923EBE70A23E9E70B23E7E70C23E5E7E8
:101610000D23E3E70E23E1E70F23DFE7B8F1000F27
:10162000DDD1B9F1000F02D02846FFF733FF053CAA
:10163000042C05D8DFE804F0030B04030B00AE62B2
:101640006946284607F092FF07B0BDE8F083AE6117
:10165000F6E713B54FF0010C0024CDE9004CFFF77D
:1016600073FF02B010BD000070B586B000231646AF
:1016700004460D46ADF80630FFF72EFF042E04D8C1
:10168000DFE806F02E3204363F00FEE71E4B1F4A0D
:101690001B68B3FBF2F39BB20022013B01A9204679
:1016A000ADF80430CDE902250492059208F0C6F9A0
:1016B000236823F080032360A36823F4A03323F07E
:1016C0000703A360636823F070036360636823F417
:1016D00070036360A36823F08003A36006B070BD4D
:1016E000094B0B4A1B68D4E7074B0A4A1B68D0E733
:1016F000054B074A1B68B3FBF2F303EB83035B0064
:10170000C9E70123C8E700BF1C00002080A8120120
:1017100040420F008096980010B50446FFF7A4FFE2
:10172000236843F00103236010BD00224FF0FF3116
:10173000FFF7F2BF224B10B5224C5B68236007F025
:1017400073F84FF0904007F0A9FE1F4807F0A6FE7F
:101750001E4807F0A3FE1E4808F0FCFA1D4808F0DA
:10176000F9FA1D4808F0F6FA1C4808F001F91C487F
:1017700008F0FEF808F03CF84FF0E0220023194989
:101780001361536193618A6822F0030242F00102FF
:101790008A6072B64FF0FF319A0002F1604202F5A2
:1017A00061420133082BC2F88010C2F88011F3D1D6
:1017B00062B6034B1B6883F3088823689847FEE7EB
:1017C0000000FF1F4C0300200004004800080048F0
:1017D0000038014000440040004800400030014013
:1017E000003C0040001002400749084A881AEFF305
:1017F0000883521A1A44013A013B984288BF0022DA
:10180000AA2108F00DBE00BF00C0002000040000A7
:1018100010B50848032306224FF48041FFF719FF53
:10182000BDE81040032302224FF400414FF09040E6
:10183000FFF70FBF00080048104A53694FF470418A
:1018400023F4704391FAA1F153610D4B5A6822F4CD
:1018500000425A601A6822F400421A60DA6822F4E0
:101860000042DA609A6842F400429A60054BD02246
:1018700083F828234FF480725A60704700000140BB
:101880000004014000E100E0044B4FF400425A61C3
:101890001A6842F400421A60704700BF0004014019
:1018A000064B1A6822F001021A605A6842F40032AC
:1018B0005A601A6842F001021A6070470044004002
:1018C000064B1A6822F001021A605A6822F40032AC
:1018D0005A601A6842F001021A60704700440040E2
:1018E0000248002303220121FFF7B3BE0004004891
:1018F000024B1869C04300F0010070470004004823
:1019000010B5094C0023052208212046FFF7A1FE4F
:101910000023052204212046FFF79BFE0823A36233
:101920000423A36210BD00BF0004004805494B69B1
:101930001A04DB4302F4002203F0080313438B6113
:10194000704700BF0004004805494B691A04DB4397
:1019500002F4802203F0040313438B61704700BF3D
:101960000004004808B50322002301210A48FFF7BC
:1019700070FE0949102200230869C00758BF0133CF
:1019800002F1FF3258BFDBB212F0FF02F4D10C2B90
:1019900001D9FFF7CFFE08BD000400480C4BD3F877
:1019A000FC2022F08072C3F8FC20D3F8FC2042F027
:1019B0008072C3F8FC20A3F55D431A6822F001028F
:1019C0001A601A6842F001021A6000225A607047D9
:1019D00000ED00E0064A074B51681B6810B5064C45
:1019E000B3FBF4F3584353685B1A8342FBD310BD37
:1019F000001000E01C00002040420F007FB50123D2
:101A0000CDE90413002201A902A8CDE9022307F0C1
:101A1000BBF800280CBF0420052007B05DF804FBCC
:101A2000014608B5002007F009F800280CBF042083
:101A3000052008BD08B5FFF7E1FF031F58425841D4
:101A400008BD08B5FFF7ECFF031F5842584108BD19
:101A50002DE9F3472A4B2B4D012814462A482B4ADF
:101A60000E4617BFAA463D213C211D46019106BFE7
:101A70009A468046904606F099FF01992846FFF75E
:101A8000D9FF30B9002406F0A3FF204602B0BDE81C
:101A9000F087002E08BF4FF4FC64073424F00704DD
:101AA00005F11007B1463444AAEB050AA1450BD154
:101AB0004FF011324FF0FF332846FFF7C2FF0038D6
:101AC00018BF01208400DEE76EB90AEB0703D3E9F3
:101AD0000023B3F1FF3F08BFB2F1FF3F06D1083743
:101AE00009F10809E2E7D9E90023F2E7B84505D989
:101AF0003846FFF7A6FF0028F1D1C3E70324C2E769
:101B000000E0010800E80108FFEF0108FFE7010815
:101B100010B506F04BFF09483C21FFF78BFF58B189
:101B200007483D21FFF786FF003818BF01208400D9
:101B300006F04EFF204610BD0446F9E700E001081C
:101B400000E8010830B5084D002340F2EF749AB266
:101B5000914201D8042030BDA34203D05A5DC25443
:101B60000133F4E70320F6E710E0010813B50A4655
:101B7000044672B6019101460020FFF769FF62B684
:101B80000428019A05D172B601202146FFF760FFB3
:101B900062B602B010BD000038B5124B1C68D3F815
:101BA0000058B4F1113F09D1B5F1113F17D000220F
:101BB00011460120BDE83840FFF74ABFB5F1113F9B
:101BC00003D1002211461046F4E7FFF7A1FF0428D5
:101BD00004D12C4001340CBF0220012038BD042068
:101BE000FCE700BF00E00108034B18739A68D207B6
:101BF000FCD5187B704700BF0038004038B5441E44
:101C00008D18A94200D138BD14F8010FFFF7ECFF81
:101C100001F8010BF5E7084611461A46FFF7EEBF3B
:101C200038B5064D04460144A14200D138BD28789C
:101C3000FFF7DAFF04F8010BF6E700BF1000002001
:101C400008461146FFF7ECBF10B5014404468C422C
:101C500000D110BD14F8010BFFF7C6FFF7E70846E7
:101C60001146FFF7F1BF000030B58DB028220021EA
:101C700002A808F0D5FB4FF48040FEF7EBFF4FF4CD
:101C80008051254803230622FFF7E3FC224806245F
:101C900001254FF4805383610A22CDE900450323D7
:101CA0004FF40051FFF750FCCDE900451A480323DB
:101CB0000A224FF40041FFF747FC03231A46CDE9FF
:101CC00000451548154C4FF48041FFF73DFC1022AC
:101CD00008924FF48272002303924FF40072CDE910
:101CE0000533CDE909330293079207234FF4E062ED
:101CF00002A920460B93049207F06CFE236843F080
:101D000040032360A3689B07FCD5237B044BFF2281
:101D10001A700DB030BD00BF00040048003800400C
:101D2000100000201C4B10B4DC69A00612D51A6804
:101D300091060FD519481A499A8C038809880133EE
:101D4000C3F30A0389B2994292B21FBF1549D2B2B6
:101D5000CA54038010481F232206036214D5036867
:101D60001B0611D5104B114A1988138889B29BB2F2
:101D700099420CD013880133C3F3090313801388ED
:101D80000B4A9BB2D35C03855DF8044B70475DF84A
:101D9000044BFEF77BBF00BF00380140AC28002099
:101DA000AA280020AA200020B02C0020AE2C002061
:101DB000AE2800200E490F4A0B8812880133C3F366
:101DC000090392B29A4211D00B4AD0540B4A0B80AD
:101DD00002F5006353E8003F43F0800302F5006022
:101DE00040E800310029F3D10120704700207047FE
:101DF000B02C0020AE2C0020AE2800200030014086
:101E000038B504464518AC4200D138BD14F8010B72
:101E1000FFF7D0FFF7E708461146FFF7F1BF0000D4
:101E2000054B064A1B8810880133C3F3090380B2AF
:101E3000181A18BF01207047B02C0020AE2C0020CB
:101E400008B5FFF7EDFFB0FA80F0400908BD0000CB
:101E5000054B064A1B8812889B1A98B21B0444BF84
:101E600000F5006080B27047AC280020AA2800204E
:101E7000FFF7EEBF0848094A0188138889B29BB270
:101E80009942F9D013880133C3F30A0313801388EE
:101E9000034A9BB2D05C7047AC280020AA280020DF
:101EA000AA200020FFF7E6BF00B5002389B0CDE9E6
:101EB0000633CB1A18BF01231B03CDE90232019070
:101EC00004910C2301A90348059307F075FF09B09D
:101ED0005DF804FB0038014010B5064C236823F080
:101EE00001032360FFF7E0FF236843F00103236051
:101EF00010BD00BF00380140002208461146FFF720
:101F0000EBBF000073B5384C236823F00103236056
:101F1000082501264FF48040FEF7AAFE4FF4007119
:101F2000CDE9005603230A224FF09040FFF70CFB47
:101F300003231A46CDE900564FF480614FF09040DC
:101F4000FFF702FB002211464FF46140FFF7ACFFA0
:101F5000636823F490436360A36823F02A03A360BB
:101F6000224BB02283F8252320225A602046FEF718
:101F70008DFE1F4A02F5006353E8003F23F0400343
:101F800002F5006040E800310029F3D140232362CC
:101F9000184B1980184B198002F5006353E8003F75
:101FA00023F0200302F5006040E800310029F3D15E
:101FB000124B1980124B19800B4B5A6822F40062A5
:101FC0005A609A6822F008029A605A6822F48042A5
:101FD0005A609A6822F022029A601A6842F001025E
:101FE0001A6002B070BD00BF0038014000E100E09F
:101FF00000300140AE2C0020B02C0020AA28002088
:10200000AC28002008B5FFF77DFFBDE80840FFF7CA
:1020100061B8FFF7F7BF0000024B1A68024B1A6065
:10202000704700BFB42C002094030020054A064BE3
:102030001968136899421DBF013301201360002005
:10204000704700BF94030020B42C0020034A044BC7
:1020500011681B780B441360704700BFB42C00203C
:10206000200000200148FFF760BB00BF0040014096
:10207000014B586A80B270470040014008B5FFF735
:10208000F1FFBDE80840FFF7C7BF70B504460D4635
:10209000164606F08BFC083D04EBC606B44204D19C
:1020A000042406F095FC204670BD55F8082FD4E9AD
:1020B00000016B68994208BF904201D10834EDE7F6
:1020C0002046FFF7BEFC0028F8D10446E9E70000EF
:1020D0001FB503788BB10A4B1B68B3F5FA6F0CD3AD
:1020E0000023002203700023CDE90023CDE9022361
:1020F000406802226946FFF7C8FF05B05DF804FB9F
:10210000B42C0020000000000123F0B50380444BF4
:10211000444AD3E9005104464348914208BF8542EE
:1021200085B04FF0000202D1227005B0F0BD3AA197
:10213000D1E900013D4F6260C3E900013C484FF026
:10214000AA33D0E90021B1F1FF3F08BFB2F1FF3F50
:10215000D0E9026505D0994208BF9A4201D00A43EE
:1021600009D1B5F1FF3F08BFB6F1FF3F0DD09D4249
:1021700008BF9E4209D01030B842E2D172B63E216B
:102180002B48FFF757FC62B629486060D0E900325F
:10219000CDE90032B2F1FF3F08BFB3F1FF3FD0E914
:1021A000025109D1B1F1FF3F08BFB5F1FF3F22D184
:1021B0004FF0AA331A4623E04FF0AA36B24208BFC6
:1021C000B3420BD1B1F1FF3F08BFB5F1FF3F0FD0D4
:1021D000B14208BFB5420ED10023EBE753EA020734
:1021E00009D1B14208BFB54205D14FF480712180B9
:1021F0001D46114604E0002323701A461D46194669
:10220000CDE90032CDE9025102226946FFF73DFFD8
:102210008BE700BFAFF3008012345678FEDCBA9033
:1022200000000020FEDCBA901234567800F8010855
:1022300000F001084FF080431A6991070AD56FF04A
:1022400002021A615A6B6432DA63084A596B1288C7
:102250000A445A634FF080431A69120705D56FF09C
:1022600008021A61024B01221A70704764000020B4
:10227000910300200A490B8803B9FEE772B64FF0BC
:10228000804309885A6A114464325963DA636FF0F3
:1022900002021A616FF008021A6162B6704700BF4D
:1022A0006400002000B5032289B04FF0FF314FF0E9
:1022B0008040FFF731FA20220021684608F0B0F88C
:1022C00064236A4601214FF08040039307F0F0FB3E
:1022D000C8236A464FF480714FF08040039307F0A3
:1022E000E7FB054BA02283F81C234FF080521A60B5
:1022F00009B05DF804FB00BF00E100E04FF080434F
:10230000DA6842F00202DA60DA6842F00802DA6063
:102310007047000010B501EB8101084B01EB810112
:1023200089001980064B044600221A70FFF7BAFF95
:102330002046BDE81040FFF7E1BF00BF6400002069
:102340009103002070B51C4CC4220021201D08F010
:1023500067F806232380202363800F231749A38077
:1023600004224323A01DFEF72DFA0123C4E91333F1
:102370003F2300251149A4F85830022643230422A4
:1023800004F15A00A4F84A606565FEF71BFA0C4B8D
:102390000C49C4F8A03004F1B000C4E92A55A4F8EF
:1023A0009E6084F8A45008F095F87F2384F8C53027
:1023B000052384F8C63070BD8402002050AB0008AD
:1023C0000700010091A7000870B5094E05460C46AC
:1023D000415C304608F03BF8034628B1831B0133CB
:1023E000DBB2282B28BF0023F35C2B5570BD00BF48
:1023F00060AB000870B50C461146064608F06AF856
:1024000044B10025052130460135FFF7DDFFEBB271
:102410009C42F7D870BD000073B5054605F1110662
:102420001F4C204A014636016846FFF7E3FFB01C07
:1024300069462044264408F04DF804EB05120223B7
:1024400073720023A2F81A31142202FB05404FF0E8
:1024500001110165A1F1FF210122416540F2011145
:10246000A0F84A20C264A0F858104FF48070A0620F
:102470004FF4007084F83430E284A08584F82E2074
:1024800084F8303084F83330C4F83A30C4F83E3041
:10249000C4F84230A4F84610A4F8481002B070BD49
:1024A000C800002046A700082DE9F3410546A54CC9
:1024B000A54A05F111074FEA07180E46014668467E
:1024C000FFF798FF08F10200A04469462044FEF798
:1024D000B3F898F80930072B84BF022388F8093035
:1024E00004EB0710994B427A198841FA02F2D2079D
:1024F00010D40222427269B14807C1F3800209D4A4
:1025000041FA02FC1CF0010FD0B200F0A68104EBEE
:102510000712507204EB0512280192F81A110529CE
:1025200002D9002182F81A1104EB000C59889CF89A
:102530001A2141FA02F2D20713D405228CF81A218B
:1025400079B111F0200FC1F340120AD141FA02FE15
:102550001EF0010F5FFA82FC00F08481221882F8DD
:102560001AC1221892F81B11032902D9002182F8FE
:102570001B1104EB07177A7A012A03D9042A01D028
:1025800000229A802718998897F81B2141FA02F2B5
:1025900012F001020FD187F81B2161B111F0010285
:1025A00009D141FA02FC1CF0010FD7B200F05F81A3
:1025B000221882F81B71002E40F09F81142202FB2A
:1025C000054191F84A60032E02D9012681F84A603C
:1025D00002FB054292F84B10042902D9002182F82F
:1025E0004B10142202FB0542B3F84A1092F84B60DC
:1025F00041FA06F6F60712D4012682F84B6071B153
:102600008E07C1F340020AD441FA02F7FF07D6B29F
:1026100040F13281142202FB054282F84B60142201
:1026200002FB054292F84C10032902D9012182F8DD
:102630004C10142606FB0546B3F84C1096F84C20B7
:1026400041FA02F212F0010210D186F84C2069B171
:1026500011F001020AD141FA02F7FF07D6B240F1A8
:102660001081142202FB054282F84C60142202FB06
:10267000054292F84E10012902D9002182F84E102D
:10268000142606FB0546B3F84E1096F84E2041FA84
:1026900002F212F0010210D186F84E2069B111F059
:1026A00001020AD141FA02F7FF07D6B240F1EE80EB
:1026B000142202FB054282F84E60142202FB0542FE
:1026C00092F84F10042902D9002182F84F101426E5
:1026D00006FB0546B3F8502096F84F1042FA01F178
:1026E00011F0010110D186F84F106AB112F001010A
:1026F0000AD142FA01F7FF07CEB240F1CC80142193
:1027000001FB054181F84F60142101FB054191F85F
:102710005160032E02D9002681F85160142707FB6F
:102720000547B3F8526097F8511046FA01F111F0DD
:10273000010119D187F85110B6B116F0010113D17A
:1027400006E000BFC800002046A700088402002061
:1027500046FA01FC1CF0010FCFB200F0A180142159
:1027600001FB054181F85170142101FB054696F8E3
:102770005070022F02D9012786F8507001FB0541E5
:1027800091F85460022E02D9012681F85460142178
:1027900001FB054696F84D70022F02D9002786F8F6
:1027A0004D7001FB054191F85260012E02D90126BE
:1027B00081F85260142101FB054696F85570012FEF
:1027C00002D9012786F8557001FB054191F8536045
:1027D000022E02D9002681F85360142707FB054713
:1027E000B3F8566097F8531046FA01F111F0010161
:1027F00010D187F853106EB116F001010AD146FAD4
:1028000001FC1CF0010FCFB24FD0142101FB054198
:1028100081F85370142101FB054696F856700C2F71
:1028200002D9002786F8567001FB054191F84C60EB
:10283000012E08D191F84F60042E04D1D70738D566
:10284000002281F84F20142202FB054292F84F101B
:10285000A1BB92F85120012A35E00132102A7FF401
:102860004FAE57E60132102A7FF470AE79E601329E
:10287000102A7FF496AE9EE60132102A7FF4C4AE91
:10288000CDE60132102A7FF4E6AEEFE60132102ADF
:102890007FF408AF11E7013110297FF42AAF33E745
:1028A000013110297FF454AF5EE701311029A6D120
:1028B000B0E712F0040218BF0222C2E701290AD1D0
:1028C00092F85120022A01BF142202FB0542002186
:1028D00082F8511007E0022903D192F85120032A0F
:1028E000F1E70329B5D0142202FB0542012182F849
:1028F000571040F20111A2F8581094F82620032A2C
:1029000002D9012284F8262094F82720042A02D92B
:10291000002284F82720B3F89E1094F8272041FA6B
:1029200002F2D7070ED4012284F8272051B18E0776
:10293000C1F3400206D441FA02F7FF07D6B244D5EC
:1029400084F8276094F82820022A02D9002284F80B
:10295000282094F82920022A02D9012284F829206B
:10296000B3F8A01094F8292041FA02F212F0010203
:102970000CD184F8292049B111F0010206D141FAA5
:1029800002F7FF07D6B224D584F8296094F82A20EC
:102990000C2A02D9002284F82A2094F832200C2A2A
:1029A00002D9002284F8322094F82B20042A02D97C
:1029B000002284F82B2000224749164611F9017F96
:1029C00017F1780F09DA0E7009E00132102AB2D13E
:1029D000B8E70132102AD2D1D8E7782FF3DC0132E0
:1029E000D2B20C2AEAD13D490022012611F8017F1A
:1029F0000132022FD2B288BF0E70042AF6D194F8A9
:102A00003420022A02D9002284F83420B3F8A2200C
:102A100094F8343042FA03F313F001030CD184F834
:102A200034304AB112F0010306D142FA03F6F60738
:102A3000D9B211D584F8341094F82C30022B02D975
:102A4000002384F82C3094F82D30032B08D80AD1B9
:102A5000002384F8343006E00133102BE5D1EBE796
:102A6000022384F82D3094F82E30022B02D9012352
:102A700084F82E3094F83030022B02D9002384F8E9
:102A8000303094F833300C2B02D9002384F83330E3
:102A900094F83530042B02D9002384F83530104BDC
:102AA00018444FF6FF71A0F820111421FF2201FBFA
:102AB000053183F82F2083F831204FF0FF32C0F822
:102AC0001C211A629A84A1F85A20A1F85C20DA86A7
:102AD0001A8702B0BDE8F081010100200D0100203D
:102AE000C80000200021FFF7DFBC0000034670B5DE
:102AF0000846052B04D8DFE803F01D0421191D2129
:102B0000FEE720261F250F22164CA3702277013BDB
:102B10000122A4F84C60A4F84E50A276A273042BB4
:102B200011D8DFE803F00F111919110009266F25DC
:102B30000722E9E7142632250A22E5E73526132580
:102B40001922E1E7FEE7FEE7002323712374FDF776
:102B5000EFFF6073607670BD002323712374A3764A
:102B6000A373F4E768000020044B012283F855208A
:102B7000A3F85620A3F85820704700BF6800002033
:102B80002DE9F043724D734C00F1110805EB081765
:102B900002378DB006463846FDF76AFD4FEA061942
:102BA0000290042102A805EB0616FEF7BDF896F880
:102BB0001B31E0832BB103EB031303EB0323184416
:102BC000E08305EB08135B7A062B40F0B680E38BBD
:102BD00003F5B5432533E38305EB081895F8270083
:102BE000FFF7C2FF98F8091061708B1FA944012BF1
:102BF0008CBF0023012399F81A0184F85A30FFF79B
:102C000075FF99F81B21E18B029BE1806182A36033
:102C100063612AB14FF0113000FB0233A36063619E
:102C200095F826004C4B616213F92030237323760C
:102C3000002384F82A30637B84F8292023B938469E
:102C4000FDF736FD84F82A006078FDF771FF434AEE
:102C500084F82800128802F00101970748BF41F06C
:102C60000201A185560742BFA18D41F00401A18553
:102C70000346100742BFA18D41F01001A185D10686
:102C800042BFA18D41F02001A185920642BFA28DD5
:102C900042F00802A285324A03AE02F1200C10680D
:102CA0005168374603C7083262453E46F7D110687F
:102CB0003860A2782B4E06210CA801FB03031344B5
:102CC000B7EE087A13F8247C84F8207007EE907A27
:102CD000F8EEE77A16E90F0067EE877A86E80F00CC
:102CE000FCEEE77A40F2E243CDED017AA4F85030F1
:102CF0009DF80430B4F84C20A4F852307F084FF40B
:102D00007A73B3FBF2F3A4F8403095F82C30052F1A
:102D100038BF0527012B84F8547016D0022B14BF3E
:102D20004FF461434FF461336364002384F85B30F4
:102D3000A4F85C300DB0BDE8F083072B7FF44CAFF6
:102D4000E38BA3F5B543263B45E74FF4E133EBE7CF
:102D5000C80000206800002050AB0008840200205A
:102D600018A500089800002002484FF4DE72FF21E9
:102D700007F056BBC800002002484FF4DE71FEF792
:102D8000F5BE00BFC800002002484FF4DE71FEF718
:102D9000D9BE00BFC800002008B5FFF7F5FF034B00
:102DA0001878BDE80840FFF79DBE00BF680000200E
:102DB000F8B5FFF7D9FFFEF7EFFE04280CD0FFF7B8
:102DC000D3FFFEF7E9FE042803D1FFF7DDFF042857
:102DD00006D0FFF7C9FF03E0FFF7D6FF0428EED1C6
:102DE00046494748464C102207F03EFB38B145495A
:102DF0001022204607F038FB08B1FFF7B5FFA38A81
:102E000042F6A102934266D042F6A002934258D8FD
:102E100000213B4B022504260F46012093F84F204A
:102E2000012A1ED0022A1FD00ABB93F85020042A80
:102E300020D0052A20D0033A18BF012201310A29E7
:102E400083F8502083F8540003F11403E6D194F87A
:102E50002C30042B12D0052B31D0002384F82C30D9
:102E60000EE083F84F50E0E783F84F60DDE783F82A
:102E70004F70DAE70122E1E70222DFE784F82C0055
:102E800042F6A103A382012522691C491C4842F68F
:102E9000A2039A424FF010021CBF2361012507F0E4
:102EA000E3FAD0B1154916481022FDF7BDFC1649CA
:102EB00016480822FDF7B8FCFFF75EFF0FE002237B
:102EC000CCE70025E8B20135FFF7A6FA0A2DF9D1C3
:102ED0000023E377D4E70025D6E7002DECD10023CB
:102EE000E3770B4C2370FFF72DFA2078FFF7FAFDFC
:102EF0002078BDE8F840FFF743BE00BF4DA70008AB
:102F0000C80000205EA700086FA700087A02002012
:102F10006800002010B5C01A9DF90840023880F3FF
:102F20000400A042A8BF2046023308701844107065
:102F300010BD07B5084611461A460F23009300231B
:102F4000FFF7E8FF03B05DF804FB37B50C468B785C
:102F50004A780978054607F014F9E3790193A379D3
:102F60002279E17800932846637907F03AF961788D
:102F70002078FEF7C3F8A86103B030BDC36837B549
:102F80000446A3B1024652F8153B5D6900F11603F1
:102F9000A84732233F220B21204607F046F8092399
:102FA00000937022637D8021204607F078F903B0FA
:102FB00030BD00007FB54B7AC160043B012B8CBF54
:102FC000002301230446DB00037507F061F8237D2D
:102FD000244E63F07F038DF80F30012319460DF165
:102FE0000F02204606F0D6FF204607F057F8E368A8
:102FF000227D1B7806EB031320465978019107F0D8
:103000006AF80199204607F07BF803222021204628
:1030100007F05BF804230C222621204607F005F870
:10302000E368204693F90810FFF7A8FFE3681D78CE
:1030300005B1FEE7314620462661FFF786FF2A46A6
:103040002946204607F090F820462B46C022C8218A
:1030500007F0F3F8FF21204604B0BDE8704007F008
:1030600009B900BFA8C1000810B5044607F016F85A
:103070002046FF21BDE8104007F0FCB838B5C16814
:10308000036891F908105D69044600F1160300F128
:103090001502A847E3681B7803B1FEE7034B2361E1
:1030A00090216020FEF72AF8A06138BDA8C1000871
:1030B000C36810B504463BB103690BB9FFF7DEFFE7
:1030C0002369B3F90C0010BD1846FCE7C36810B5BE
:1030D000044633B103690BB9FFF7D0FF94F916002A
:1030E00010BD1846FCE708B5C36843B9FFF762FF97
:1030F0007D20FEF76FFCBDE80840FEF7C5BB08BDAC
:1031000090F8D43053B190F8D520074B03EBC201AF
:1031100053F83230497953F821007047037C00EBB3
:103120008300406B704700BF20AB000813B5194BFC
:103130000288DB8B9A42044627D1837813F0D00FA4
:1031400025D18379812B22D84FF6FF730D220146BA
:103150000DF10600ADF80630FDF7CCFDB4F80D20FA
:10316000BDF806309A420ED14C2204F10D01FDF754
:10317000C1FDB4F85900BDF80630C01A18BF0120CF
:10318000800002B010BD0320FBE70120F9E7022018
:10319000F7E700BF680000200A7ACB7902F0070247
:1031A00043EA022303804B7A0A7A03F03F035B0170
:1031B00043EAD20343808B7A4A7A9B0043EA921314
:1031C000CA7A02F0010243EA822383800B7BCA7A27
:1031D00003F00F03DB0143EA5203C3800B7BC3F30D
:1031E0000112012A11D813F0300F14BF012300235C
:1031F0009B0203830B7B7F2B0AD813F0C00F14BFF5
:10320000012300239B024383704740F2FF73F0E7E2
:1032100040F2FF73F7E70A7ACB7902F0070243EA3C
:10322000022303804B7A0A7A03F03F035B0143EAEF
:10323000D20343808B7A4A7A9B0043EA9213CA7A7C
:1032400002F0010243EA822383800B7BCA7A03F0F7
:103250000F03DB0143EA5203C3800A7CCB7B02F0FD
:10326000070243EA022303814B7C0A7C03F03F03FD
:103270005B0143EAD20343818B7C4A7C9B0043EA97
:103280009213CA7C02F0010243EA822383810B7D00
:10329000CA7C03F00F03DB0143EA5203C3814B7D79
:1032A000DB0003828B7DDB004382CB7DDB008382EE
:1032B0000B7EDB00C3820B7BC3F30112012A2BD8E8
:1032C00013F0300F14BF012300239B0203830B7BF9
:1032D0007F2B24D813F0C00F14BF012300239B02BF
:1032E00043830B7DC3F30112012A1BD813F0300F67
:1032F00014BF012300239B0283830B7D7F2B14D8F3
:1033000013F0C00F14BF012300239B02C3834FF4AB
:10331000806303844384704740F2FF73D6E740F232
:10332000FF73DDE740F2FF73E6E740F2FF73EDE77E
:1033300037B5214BDB8B03804A78837862F3C30374
:1033400083704A79C37862F30003C3708A79437942
:1033500062F386134371044691F902000D46FDF7AE
:1033600052F8E37860F34703E370EA78237962F375
:10337000060323712A79DBB202F0010203F07F0316
:1033800043EAC21323712A796379C2F3450223F019
:103390003F031343637159224FF6FF7321460DF12A
:1033A0000600ADF80630FDF7A5FCBDF80630A4F820
:1033B000593003B030BD00BF680000202DE9F34153
:1033C0009DF820601546522E88464FF05B024FF064
:1033D000000104461F4628BF522607F021F82D4B56
:1033E000DB8B23802A78A37862F30203A3706A78C8
:1033F000D20002F00802DBB242EA081103F0070330
:103400001943A1706A79E37862F30003E370AA7943
:10341000637962F38613637195F90200FCF7F3FF99
:10342000E37860F34703E370EA78237962F30603F5
:1034300023712A79DBB202F0010203F07F0343EA31
:10344000C21323712A796379C2F3450223F03F0343
:1034500013436371A379224666F3470302F8063FDC
:103460003E443B46B34210D14FF6FF7359222146EA
:103470000DF10600ADF80630FDF73CFCBDF8063056
:10348000A4F8593002B0BDE8F08113F8011B02F82E
:10349000011FE7E76800002007B5009313460A46BE
:1034A0000121FFF78BFF03B05DF804FB30B53A4B09
:1034B000027893F8261061F30302027093F8271044
:1034C00061F30712027093F82810427861F3030247
:1034D000427093F8291061F30712427093F82A1092
:1034E000827861F30302827093F83210827961F37B
:1034F0000302827193F82B10827861F307128270B5
:1035000093F83410C27961F30302C27193F82C105E
:10351000C27861F30302C27093F82D1061F30712B1
:10352000C27093F82E10027961F30302027142799E
:1035300093F8301061F30302427193F833108279EB
:1035400061F30712827193F83510C27961F30712A3
:10355000C27103F1390100F10A0200F1160411F9F8
:10356000015F02F8015FA242F9D193F84610C27DD3
:1035700061F30102C27593F8471061F38302C275CB
:1035800093F8481061F30512C27593F8493063F35C
:103590008712C27530BD00BFC80000200278344BCE
:1035A000C2F3030230B583F826200278C2F3031277
:1035B00083F827204278C2F3030283F82820427858
:1035C000C2F3031283F829208278C2F3030283F83E
:1035D0002A208279C2F3030283F832208278C2F370
:1035E000031283F82B20C279C2F3030283F834203C
:1035F000C278C2F3030283F82C20C278C2F303120C
:1036000083F82D200279C2F3030283F82E20427939
:10361000C2F3030283F830208279C2F3031283F8E5
:103620003320C279C2F3031283F8352003F1390144
:1036300000F10A0200F1160412F9015F01F8015FBE
:10364000A242F9D1C27DC2F3010283F84620C27DB5
:10365000C2F3810283F84720C27DC2F3011283F8CE
:103660004820C27DC2F3811283F8492030BD00BFDB
:10367000C800002070B5522698B0324604460D4668
:1036800003A8002106F0CCFE212342F6A2008DF80B
:103690000C30FDF7ABF8ADF80E0042F6A100FDF7D7
:1036A000A5F81C49ADF8100014220DF11200FDF729
:1036B000BBF81948FFF70AFD184B8DF8260093F860
:1036C00055308DF827300AA8FFF7F0FE0123ADF83A
:1036D0004630134A134BCDE912236FF08023149325
:1036E00047F6FF73ADF854300F4BB3F89E208DF8BA
:1036F0005620B3F8A020B3F8A2308DF857208DF8EB
:103700005830009603AB2A4602212046FFF756FEAA
:1037100018B070BD75A700085C1E0020680000206E
:103720000A0019003200FF7F8402002038B5154DD1
:10373000044600F11B01062205F58970FDF7D4F857
:1037400094F82130C3F3030385F8193194F821303C
:10375000C3F3031385F81A3194F82230C3F303033B
:1037600085F81B31B4F85700FDF751F842F6A10374
:10377000984205D104F12500BDE83840FFF70EBF9F
:1037800038BD00BFC80000200B4A0C491268826097
:103790000A6802614A680A4942610A6882614A68A5
:1037A000C26100234EF6602283808371838103848B
:1037B00002600385704700BFB42C002080A700087A
:1037C00089A7000810B5094CE26802B9FEE7084B6A
:1037D0001B79137003B1FEE7064921612046FFF70C
:1037E000B4FB2046FFF740FC10BD00BF5C1E00206C
:1037F00068000020A8C1000838B5174D0446A87815
:10380000697805281BD14FF6FF732385FFF76EF902
:103810006B7801229A40238D23EA020323850F4906
:103820000F48FFF760FC0E48FFF71EFC0C48002114
:10383000FFF7A4FB2046BDE83840FFF7C3BF0023D5
:1038400023850220FFF752F96A7801239340228DE5
:1038500013439BB2E2E700BF680000206C00002029
:103860005C1E002008B590F8203002468BB9FEF7A8
:103870003FF810B982F8210008BD92F821300133D9
:103880005BB2312B82F82130F6DD012382F8203043
:10389000F2E7FEF72DF818B1322382F82130EBE77A
:1038A00092F82130013B5BB2002B82F82130D8BF67
:1038B00082F82000E0E700000A4B90F820201B6807
:1038C00072B182689B1AB3F57A6F01D901234371F3
:1038D000037923B9437913B101230371037370474B
:1038E0008360F5E7B42C0020037B9A1E012A4FF079
:1038F000000202D890F8201011B9027318467047E0
:103900001346FBE70A4A38B5138801339BB2502BA4
:1039100004460D4601D8138038BD002305491380A5
:10392000FDF7A8FD29462046FDF7A4FDF4E700BFFA
:103930009803002092A700082DE9F84F1546044689
:103940000F467349734EFDF795FD29462046FDF756
:1039500091FD714B0022012F1A8011D10823B3620F
:103960000427B76146F2A810FEF734F8B76246F2B2
:10397000A810FEF72FF829462046FFF7C3FFF0E70F
:10398000BB1E04220C2B00F2B680DFE803F03547A3
:103990005A1E07B4B4B46C6C6C6C6C005D4E4FF086
:1039A00004080827C6F8188046F2A810B762FEF788
:1039B00011F8C6F8288046F2A810B761FEF70AF899
:1039C00029462046FFF79EFFEBE7524E4FF00408D2
:1039D0000827C6F8188046F2A810B761FDF7FAFF6D
:1039E000C6F8288046F2A810B762FDF7F3FF294613
:1039F0002046FFF787FFEBE7B262464E0827B76124
:103A000046F2A810FDF7E6FFB76246F2A810FDF7F0
:103A1000E1FF29462046FFF775FFF0E70823B36171
:103A20003C4E0427B76146F2A810FDF7D3FFB762FA
:103A300046F2A810FDF7CEFF29462046FFF762FFA9
:103A4000F0E7B261334E0827B76146F2A810FDF7E0
:103A5000C1FFB76246F2A810FDF7BCFF2946204619
:103A6000FFF750FFF0E7A7F1090BDFF8A8805FFA36
:103A70008BFB00264FF0040A5E453CBF0823C8F8C4
:103A800018304FF0040946F2A810C8F818A0FDF746
:103A9000A1FF46F2A810C8F828A0FDF79BFF09F186
:103AA000FF3929462046FFF72DFF19F0FF09EAD11B
:103AB0000823C8F828304FF0040946F2A810C8F8C7
:103AC00018A0FDF787FF46F2A810C8F828A0FDF758
:103AD00081FF09F1FF3929462046FFF713FF19F04E
:103AE000FF09EAD10136A7F10803F6B2DBB2B3420F
:103AF00038BF0026C0E70823B261B3614CF25030F2
:103B0000FDF768FF29462046FFF7FCFEF6E700BFF9
:103B100092A70008000400489803002008B54378E5
:103B200002789A4213D0032B8ABF032303700370D9
:103B3000027888BF4370064B064813F92210064BE3
:103B400019731976C36813B11972FFF717FA08BD14
:103B500050AB00085C1E00206800002010B50AB9B8
:103B6000437010BD541E0B2CFBD80332D2B231F976
:103B70001220C83A03FB022240F2716192FBF1F27B
:103B800012B222EAE2729A42C8BF1AB24270E8E761
:103B90000A46014610B9024806F069BA704700BFEC
:103BA0005C1E002008B5134680B90A460146094844
:103BB00006F04CFA0748FF2106F05CFB054806F0CA
:103BC00084FBBDE808407D20FDF704BF0148FFF7F6
:103BD0004BFA08BD5C1E00202DE9F041194C05464A
:103BE0005B270E463A460021204606F019FCAB69D9
:103BF0002360EB696360144B14491B789A1E53428F
:103C00005341627A63F3000262726FF05D02A27246
:103C100028220023E27204F10E001422237363733E
:103C2000FCF702FE59212046FDF77EF8084BA4F868
:103C300059003A46214630461B7FBDE8F041FFF768
:103C4000B1BF00BFE31C00208B03002075A7000854
:103C50006800002013B50C4638B91148C36833B961
:103C6000812281F8A02081F8A23002B010BD037D2E
:103C700001F1A2020DF1060106F033FBBDF9063099
:103C8000002B08DB4FF6FF73ADF80630BDF80630A9
:103C900084F8A030E9E77F33F8DA4FF68173F3E771
:103CA0005C1E00200A4608B501460148FFF744FEA5
:103CB0000C0000200023FF22037043708370C27049
:103CC00003717047C17829B983780171013383701A
:103CD000012070470378012B1DD0022B05D08BB932
:103CE0008278013282700371F2E782784378534020
:103CF000DB0703D4013282700023F4E7FF2903D1EC
:103D0000002303710020704703790133DBB299422D
:103D10000371EFD3F6E7FF29F2D002790132D2B274
:103D200091420271EED282780132827000220271D9
:103D3000CEE700000D48C3691A0616D503681B06B6
:103D400013D50B4B0B4A1988138889B29BB2994241
:103D500009D013880133DBB213801388064A9BB263
:103D6000D35C03857047FCF791BF70470044004067
:103D7000A8200020A6200020A61F00200E490F4AE0
:103D80000B8812880133DBB292B29A4212D00C4AED
:103D9000D0540B804FF0402202F5806353E8003F7F
:103DA00043F0800302F5806040E800310029F3D140
:103DB0000120704700207047A8200020A620002086
:103DC000A61F002038B504464518AC4200D138BDC6
:103DD00014F8010BFFF7D2FFF7E708461146FFF78B
:103DE000F1BF000000B5002389B0CDE90633CB1A3E
:103DF00018BF01231B03CDE90232019004910C236B
:103E000001A90348059305F0D7FF09B05DF804FB4D
:103E10000044004010B5064C236823F001032360E2
:103E2000FFF7E0FF236843F00103236010BD00BFEC
:103E30000044004008B541B14FF4005204484FF42B
:103E40008061FFF7E7FFFDF72BFD012008BD00BFF4
:103E5000A086010008B531B1002211460348FFF7E2
:103E6000D9FFFDF71DFD012008BD00BF9A5B0600CC
:103E700008B541B14FF4005204484FF48061FFF798
:103E8000C9FFFDF71DFD012008BD00BFA086010090
:103E900013B52A4C236823F0010323604FF400304C
:103EA000FCF7D8FE08230122CDE9003204210323C8
:103EB0000A224FF09040FDF747FB002211462048B0
:103EC000FFF790FF636823F490436360A36823F0D7
:103ED0002A03A3601B4BC02283F8262340225A608A
:103EE0002046FCF7D3FE4FF0402101F5806353E8F4
:103EF000003F23F0400301F5806040E80032002AD3
:103F0000F3D140232362104B1A80104B1A80636850
:103F100023F400636360A36823F00803A36063686D
:103F200023F480436360A36823F02203A360236823
:103F300043F00103236002B010BD00BF0044004005
:103F4000A086010000E100E0A6200020A8200020BB
:103F500030B51C4C85B00E2200210546684606F09F
:103F60005FFAB4F8A030ADF800302046FCF7F7F95E
:103F70008DF802002046FCF7E9F9B4F8A4308DF87A
:103F800003001148ADF80430FFF7A0F894F8A6300C
:103F90008DF8073094F8A9308DF80830B4F8AA30BD
:103FA000ADF80A30094B8DF806009B788DF80C307F
:103FB0006946012328468DF80D3003F05EFF05B0F9
:103FC00030BD00BFA01D00205C1E00206800002046
:103FD0000148FEF74FB900BF991D0020F8B5154DF7
:103FE0000E4607465B232946304614462A46FFF70D
:103FF000CFFDD7E9041328686A689A4208BF88424F
:1040000009D0002430460C49FFF724FE002C0CBFD9
:1040100001200320F8BD59212846FCF785FEB5F89C
:1040200059308342EDD114B1FFF7D2FFEAE7012402
:10403000E8E700BF951E0020A01D002013B5012158
:1040400004460844FCF770FEA178ADF806000DF1B7
:104050000600FCF743FEE178FCF740FE2179FCF70F
:104060003DFE6179FCF73AFEA179FCF737FE04F1D9
:1040700008010322FCF73EFE627804F10C01FCF714
:1040800039FE94F82311FCF729FEBDF80630A4F898
:104090000C3102B010BD00000038024B18BF0120E7
:1040A000187070475003002070B5002A38D1042BD7
:1040B00071D89DB29BB3654C94F82830666A03F1C1
:1040C000030C5FFA8CFCF600BCF1070F666284F803
:1040D00028C040F28980053BDBB284F82830B1F873
:1040E00000C0DE400CF101030B8000F80C600EE014
:1040F000083BDBB284F82830B1F800C0666A0CF1E6
:10410000010E26FA03F3A1F800E000F80C3094F851
:104110002830072BECD8013296B2B542CED870BD0C
:10412000FF2AFCD1032B66D89DB2002BF7D0474C59
:1041300094F828300026626A03F1040C5FFA8CFCC4
:10414000120142F00202BCF1070F626284F828C03B
:104150007AD9043BDBB284F82830DA400B8803F1CB
:10416000010CA1F800C0C2540CE0083BDBB284F89B
:104170002830626AB1F800C0DA400CF101030B800C
:1041800000F80C2094F82830072BEED80136B2B294
:104190009542D0D870BD2D4C626A03F5C06343EAE6
:1041A000423394F82820636202F10D05EDB2072D29
:1041B00084F82850B3D90532D2B284F82820D340ED
:1041C0000A88551C0D80835409E0083BDBB284F853
:1041D0002830626A0D88DA406B1C0B80425594F8D7
:1041E0002830072BF1D870BD013296B2B542634634
:1041F0003FF664AF93E7154C626A03F5E06343EA68
:10420000423394F82820636202F10D05EDB2072DC8
:1042100084F8285083D90532D2B284F82820D340BC
:104220000A88551C0D80835409E0083B626ADBB2A2
:1042300084F82830DA400B885D1C0D80C25494F855
:104240002830072BF1D870BD63469FE7A4050020F6
:104250002DE9F047674C0027FF250F80057080256A
:10426000676284F82870A5779846002B00F0BB8021
:1042700003F1FF3912FA89F9561EBA463A4609E0A7
:10428000554546D10137BFB20B8843453AD24E451A
:1042900000F0948016F8015F002AF1D16B1EDBB2AA
:1042A000FD2B32D83F2B62D905F14103DBB23F2B06
:1042B00034D8636A94F828200135EDB245EA032525
:1042C00002F10803DBB2072B656284F8283015D9A8
:1042D00084F828200B88D5405A1C0A80C55409E070
:1042E000083BDBB284F82830626A0D88DA406B1C28
:1042F0000B80425594F82830072BF1D800220B8808
:104300004345C4D30020BDE8F0870127AA463A46BA
:10431000BAE7FBB25246FFF7C7FEBFE7636A94F8FD
:1043200028203F35EDB245EA432502F10903DBB20F
:10433000072B656284F82830E0D90132D2B284F8C4
:1043400028200B88D5405A1C0A80C55409E0083B38
:10435000DBB284F82830626A0D88DA406B1C0B806F
:10436000425594F82830072BF1D80022C7E7636A3A
:1043700094F828207F35EDB245EA032502F10803C1
:10438000DBB2072B656284F82830B7D984F828207F
:104390000B88D5405A1C0A80C55409E0083BDBB2A3
:1043A00084F82830626A0D88DA406B1C0B80425515
:1043B00094F82830072BF1D80022A0E722B1FBB2F5
:1043C0005246FFF771FE0B8894F8282062B1646AA8
:1043D000C2F108020125944005FA02F2013A224393
:1043E0005C190C80C2540B88984594BF00200120B2
:1043F000BDE8F087A40500202DE9F04F47F26F7368
:104400000022827003800B78A3F1FE03B3FA83F3DA
:104410005B0983708A780D4612F001011CBF43F0DE
:1044200080038370D5F8202122F07F4222F0FF0222
:1044300085B0044612B143F008038370AA68C2F342
:104440001702FF2A1ED9B2F5803F18D363F07F030D
:10445000A37041F002014FF0020B09234FF00A0C48
:104460000822E1700B20CDF804C01E4617464FF01D
:10447000070E4FF006094FF0050A042117E043F03C
:104480000203A370180600F1D68008234FF0090C30
:1044900007220A204FF0000BCDF804C01E46174635
:1044A0004FF0060E4FF005094FF0040A032195F86E
:1044B000018004F8018004EB0108297904F80A104E
:1044C000697904F80910A97904F80E10A178090790
:1044D00009D595F82111A15495F82211A15503464B
:1044E000674662460646A968A154A278900707D598
:1044F000BA1C1F46AB68C3F30F23A35596B23346CD
:10450000BBF1000F05D05A1C1F46AB7AA35596B2DB
:104510003346A278D10606D55A1C1F4695F823319A
:10452000A35596B23346454A127803F1010914FAAD
:1045300089FA05F10C0B42B16B785A460DF10E0168
:104540005046FFF785FE00285AD16A7850465946F2
:104550001FFA82FA05F0C6FF2278394B6178D24300
:10456000D2B2072F9A5C82EA0102995CA27882EAB1
:104570000102995CE27882EA0102995C227982EA7E
:104580000102995C627982EA0102995CA27982EA6D
:104590000102995CE27982EA0102995C1BD0227ADD
:1045A0005140082F595C16D0627A5140092F595C4E
:1045B00011D0A27A51400A2F595C0CD0E27A5140B6
:1045C0000B2F595C07D0227B51400C2F595C1EBF2A
:1045D000627B5140595CA1551AFA89F39BB2B5F838
:1045E0000C21E2545A1CB5F80C1192B2090AA154DC
:1045F000AA78981CD20780B20BD405B0BDE8F08F22
:10460000A378BDF80EA043F04003A37088F800A083
:10461000A2E7D5F81071D5F81811D5F81461275014
:1046200022180F335660916095F81C11117398B2DF
:1046300005B0BDE8F08F4FF0000B0EE750030020EF
:104640008CAB00082DE9F84FAE4CAF4E0F468246BA
:104650000146AD48154605F045FF00233B809E46C8
:104660002384636284F82830802384F822304FF05A
:10467000FF08F14606E03B885A1C3A800AF803908E
:1046800094F828E0BEF1010F5CD8218C8D4240F2F5
:104690009D80606A735C0EF1080C5FFA8CFC43EA43
:1046A0000023ACF1020B23FA0BF00EF1060200F02E
:1046B00003000131D2B202282184636284F82820E9
:1046C00000F08680032800F0888001281DD0002A91
:1046D00040F08780228C954278D9B15C013241EA62
:1046E0000323228407211A06636284F82810C2D5A6
:1046F000062184F8281013F0400F40F08D803B888D
:104700005A1C3A800AF80380BAE7062A0BD8228C92
:1047100095425BD9B15C013241EA03230CF10601F9
:1047200022846362CAB2073AD34003F07F037D2B31
:1047300084F828204AD83A884133511C39800AF835
:1047400002309DE7636AAEF1020B23FA0BF000F032
:1047500003005FFA8BF2022884F8282003D0032894
:104760001CD0F446B1E7052A32D8218C8D422DD9D0
:10477000705C0EF10602013140EA0323D2B22184BB
:104780006362063A84F828E0D340398803F03F0397
:104790004A1C01333A800AF8013071E7052A1CD817
:1047A000218C8D4212D9705C0EF10602013140EA73
:1047B0000323D2B221846362063A84F828E0D3400E
:1047C000398803F03F034A1C413BE3E7BDE8F88F1B
:1047D000063A636A5FFA82FED4E7063A5FFA82FE1F
:1047E000EBE70BF1FF3023FA00F0511EC9B2C0070E
:1047F00084F828107FF53FAF69BB228C9542E5D93C
:10480000B15C013241EA032307212284636284F808
:10481000281013F0800F70E74A1ED0B223FA02F27C
:10482000D20784F8280032D48446228C9542CDD910
:10483000B05C013240EA0323C81D22846362C0B227
:10484000A0F10802D34084F828C05FFA83FB3888BF
:104850005A46002133E0013923FA01F0911EC9B212
:10486000C00784F828107FF54AAF99BB228C954287
:10487000ACD9B15C41EA032301324FF0070C1906B1
:104880002284636284F828C021D40821CDE7072858
:1048900032D8228C954299D916F802C007310132DC
:1048A0004CEA032322846362C9B2083923FA01FB6C
:1048B00084F828005FFA8BFB38885A46FF21504461
:1048C00005F0AEFD3B889B44A7F800B0D8E66046F3
:1048D0000821DEE701F1FF3CD01E23FA0CFCC0B238
:1048E0001CF0010F84F82800D1D107289CD90B3A7D
:1048F000636A5FFA82FCA3E7A0F108020146D0B226
:10490000D3E700BFA4050020780400202DE9F04F74
:104910005788B7F58F7F8BB0144606460BD9002217
:10492000227000226F2B628000F0658100233370BB
:104930000BB0BDE8F08F12780E2A0D4624D80E2A4F
:1049400000F2118101A151F822F000BF23490008B3
:10495000734B0008674B0008674B0008734B000857
:10496000734B0008734B0008734B0008734B00082F
:10497000734B0008C14B0008674B0008674B0008E9
:10498000674B0008E54B0008692A40F2EA806A2A72
:1049900040F0E9809C4FFA8A02F1FF3C1FFA8CFC40
:1049A000002A00F077820CF1030CDFF864E2BC44CB
:1049B000FF22B91C11F8010B424061451EF802208C
:1049C000F8D1934200F0CF8100222270C4F8022077
:1049D000E280FA8A022AA9D939796F2900F02B835B
:1049E000032AA3D079796F2900F03583042A9DD05A
:1049F000B9796F2900F03283052A97D0F9796F29A8
:104A000000F03B83062A91D0397A6F2900F0448266
:104A1000072A8BD0797A6F2900F03283082A85D053
:104A2000B97A6F2900F02F83092A3FF47FAFF97A12
:104A30006F2900F02B830A2A3FF478AF397B6F2966
:104A400000F027830B2A3FF471AF797B6F2900F0C8
:104A500023830C2A3FF46AAFB97B6F2900F01F83D0
:104A60000D2A3FF463AFF97B6F2900F01B830E2AF8
:104A70003FF45CAF397C6F2900F01A830F2A3FF4B2
:104A800055AF797C6F2900F01083102A3FF44EAFA8
:104A9000B97C6F2900F00F83112A3FF447AFF97CEE
:104AA0006F2900F00B83122A3FF440AF397D6F2944
:104AB00008BF4FF012087FF439AF02F101091FFA65
:104AC00089F93A44A7F816905FFA89F993704F492B
:104AD0004A4602A805F006FD6F234FF0010CBB709B
:104AE0004FF0000E6423A7F800E0A7F816C023706B
:104AF00008EB0C0399451FFA89F27FF617AF901E59
:104B000002A9A0EB08005A1E0B440A4413FA80F0D5
:104B10004FF06A084FF007094FF0660A05E0002BD6
:104B200040F0BD8190423FF401AFFB8A12F8011FB3
:104B300007EB030B01338BF80210FB822378092B60
:104B4000EDD9A3F1640BBBF1050FEBD8653B042B4A
:104B500000F2B782DFE813F01E01160111010D010A
:104B60001A01632A05D800232370C4F80230E380B9
:104B7000DDE6254FFA8AB91801328B70FA82227865
:104B8000092A00F2A480002A3FF4D0AE013A082A94
:104B90003FF6CCAE01A151F822F000BF5B4E0008F9
:104BA0002D4900082D490008BD4D0008BD4D0008E5
:104BB000454E0008114E00087F4E00082F4E000899
:104BC0007A1C6280104EEB55A088727F6188831832
:104BD0009942FFF6ADAE33785F0600F1E1810E2316
:104BE0002370A5E67A1C6280EB55E28863889342C5
:104BF00010D201239BE604490A800122CA82642262
:104C00008B702270002392E6A4050020A6050020E8
:104C10008CAB000800236380237002230370428062
:104C20002B78FD2B00F08680EB7803722B79437292
:104C30006B7943606A7808327280002240F28510F6
:104C4000DFF8B0C47281FE210446013499424FEA74
:104C500054042ED849D38B4240F089802B78FD2B09
:104C60007ED04FF0060B2846DFF8888410F801AF9D
:104C70000BEB0A0909F1FF3189B2FCF755F804EB97
:104C8000440708EB8707ADF808003979019102A8BD
:104C9000FCF724F805EB090215F809305278019960
:104CA00003EB0223BDF808209BB29A421FD00523D4
:104CB0003DE6601E1418824204F1010780F069810C
:104CC00027F0010101EB57015CF82110BDE7A2F1CB
:104CD000640105293FF62AAE653A042A00F2FA81FA
:104CE000DFE802F0807C787492002246E2E7BB792C
:104CF000DA0706D5FA79924582BF521912F80B20CD
:104D0000B2729B070BD56300234408EB83036A78D8
:104D10001B7A9A4282BF5B1913F80B30F37263005F
:104D2000234408EB8308317398F8053073730BB094
:104D3000BDE8F08F6B790372AB7943726B7A297A95
:104D4000EA791B0403EB0123134443606A7802F100
:104D50000C014180A978C9077FF56FAF19326BE765
:104D60004FF00A0B7FE70A2201232270DFE50323BD
:104D7000DDE5F97684F80090D4E64FF06803B97663
:104D80002370CFE6797084F800C0CBE6397784F8D9
:104D90000080C7E6397001F00103618887F801E0FF
:104DA000033B01F1010BA4F802B06B5497F90030FA
:104DB000002BACBF634653462370B3E66288511C98
:104DC0006180AB54237801332370AFE50722FB7673
:104DD000227017E76822BB76227013E701227B70EE
:104DE00022700FE762883B70002103F00103033B50
:104DF0007970511C6180AB5497F90030002BC0F2E0
:104E000030810123237091E56A223B772270F9E615
:104E10006288511C6180AB543B787A78134313F05D
:104E2000020340F0D5806288511C6180AB546288D7
:104E3000511C6180AB543B78D8064CBF69236A2370
:104E4000237073E56288511C6180AB543B781D0769
:104E50004CBF67230723237068E562883A83511C9F
:104E60006180AB543A787B7712F0010200F0CE807B
:104E700006220833A280E3800423237056E562886B
:104E8000511C6180AB547B7813F00203CFD009230F
:104E900023704BE5FF2294E54FF006080DE6013B39
:104EA000082B3FF63FAE0FF2080B5BF823F000BF74
:104EB000E94E0008254B0008254B0008D54E000898
:104EC000D54E00085D4F00082B4F0008774F0008B3
:104ED0000F4F0008638803F1010BA4F802B0E954F6
:104EE0002378013323701DE663883B8303F1010BB4
:104EF000A4F802B0E9543B78797713F001036AD043
:104F000008310623E180A380042323700AE6638826
:104F100003F1010BA4F802B0E9543B78DB067FF5FE
:104F200036AF4FF069032370FCE5638803F1010B92
:104F3000A4F802B0E9543B7879780B4313F00203EC
:104F400043D1618801F1010BA4F802B06B54618870
:104F500001F1010BA4F802B06B54DEE7638803F1A2
:104F6000010BA4F802B0E9543B7819077FF502AFB2
:104F700067232370D6E5638803F1010BA4F802B020
:104F8000E9547B7813F00203E1D04FF0090323705A
:104F9000C8E5584902EB4200144651F820105AE681
:104FA00002A92844FFF74EFB737FBDF80810628802
:104FB000CB1A9BB21A446280727F1A447277E288DD
:104FC0001344E380338BE95409E608232370A9E5F1
:104FD00008232370AAE40C31E18079784FF00A0BA2
:104FE00011F00101A4F804B028D0618801F1010B8F
:104FF000A4F802B005F801C0618801F1010BA4F822
:1050000002B06B54E3880D33E3807DE779780C338D
:10501000E38011F001014FF00A03A38024D06388DC
:10502000012158186080E954638859186180EA5456
:10503000E3880D331FE74FF002083EE5638803F174
:10504000010BA4F802B0E954638803F1010BA4F842
:1050500002B0E95458E74FF003082EE54FF004087A
:105060002BE56623237061E463885A1C6280E9544F
:1050700063885A1C6280E954FEE64FF005081CE57F
:105080004FF0070819E54FF0080816E54FF009083A
:1050900013E54FF00A0810E54FF00B080DE54FF04F
:1050A0000C080AE54FF00D0807E54FF00F0804E57E
:1050B0004FF00E0801E54FF01008FEE44FF0110824
:1050C000FBE477290ED084F800E0C4F802E0A4F8ED
:1050D00006E027E5772B09D000232370C4F80230BF
:1050E000E38023E44FF0650323701BE56523237001
:1050F0001CE400BF8CAC00082DE9F8431F46184B98
:10510000164693F8302004463AB393F82B301FB17B
:105110001BB31F1F18BF0127A1F1020804F5E369A3
:1051200001F11E0538F8020FFBF7E2F929F8020F2A
:10513000B8F80000FBF7E9F9A845A9F82000F1D17B
:10514000084B84F85A771B68C4F85C3786F0010670
:10515000012384F8606784F81937BDE8F88300BF3D
:10516000C8000020B42C002070B500F27C7400F55B
:10517000B0712046FBF73BFE044B024618680168FD
:105180000D6921462B46BDE8704018479C1D002044
:10519000B0F8E834B0F8EA249B1A98B21B0444BF74
:1051A00000F5007080B2003818BF01207047D0F8B9
:1051B000F836B0F8E8240133C0F8F836D0F80037F4
:1051C0000133C0F80037B0F8EA349A421FBFC21862
:1051D000B0F8EC1492F8EE24013316BF0B40002215
:1051E000A0F8EA3410467047114B93F82D305A1E40
:1051F000012A02D80F48FFF7DABF032B10D10E4A5D
:10520000B2F81E36B2F81C1699420ED0D1180133EE
:1052100091F82206B2F820160B40A2F81E3670470D
:10522000064B186803689B6918470020704700BF49
:10523000C8000020E8050020900E00209C1D0020E2
:105240000023A0F8EA34A0F8E834024B1868036899
:10525000DB6918479C1D002010B50748FFF7F0FFD9
:10526000064B0022C3F81C26054B18680368BDE8EE
:105270001040DB69184700BFE8050020900E0020B1
:105280009C1D002038B5B0F8EA24B0F8E8349B1A29
:105290009DB21B04084B04461868036848BF05F517
:1052A00000751B6A48BFADB298474319D4F8F006A1
:1052B000184480B238BD00BF9C1D0020F8B5D0F85E
:1052C000F43690F81877CB1AB3F57A7F04460E4679
:1052D00026D2632B01D800207DE0012F0AD0022FB7
:1052E00019D0002FF7D1FFF7CDFFB0F5806FF2D9BD
:1052F000012305E0FFF7C6FFB0F5806F03D9022355
:1053000084F818370CE02046FFF7BCFFB0F5C07FEB
:10531000E1D20023F4E7FFF7B5FFB0F5806FE7D3E4
:105320003448C4F8F466FBF73FF8334D334A2B6832
:105330001168C3F1000C411A614501DB99424BDD54
:1053400010600A232B601368B3F5FA7FBCBF4FF4DB
:10535000FA7313601268D4F8F83652214A43284988
:105360006425B1F84C1092FBF1F26B43B3FBF2F3FE
:105370005F2B35D8552B35D83B2B03D94B2B34BF5E
:105380005B25322594F81837022B2DD0012B2DD018
:1053900013B9002F18BF33254FF47A73D4F80027C0
:1053A000314604F20470FBF7D9FB94F81837FBB9C7
:1053B000642D0BD1D4F8F436A3F29A23C4F8F43652
:1053C000D4F8F83603225B00B3FBF2F3C4F8F836E6
:1053D00084F8FC560120F8BD002BB4DD013BB1E799
:1053E0000025CFE71E25CDE70025D5E73225D3E7F9
:1053F0000023EBE7A01D002008000020540300203C
:105400006800002070B5D0F8F43690F81827CB1A51
:10541000B3F57A7F04460E4614D2032A08D8DFE893
:1054200002F002092730FFF72DFFB0F5487F26D89C
:10543000002029E0FFF726FFB0F5AF6F11D9022356
:1054400084F81837304B94F81857B3F84C00C4F868
:10545000F466D4F8F836032D4ED8DFE805F0371699
:10546000494B2046FFF70EFFA328E1D80323E7E7C7
:10547000632BDDD9FFF706FFB0F5AF6FE2D2012352
:10548000DEE7002084F8180770BD21254FF47A73F9
:10549000D4F80027314604F20470FBF75FFB94F860
:1054A00018377BBB642D0BD1D4F8F436A3F54873C1
:1054B000C4F8F436D4F8F83605229B00B3FBF2F3B7
:1054C000C4F8F83684F8FC560120DDE764210F4A61
:1054D000B2FBF0F24B43B3FBF2F35F2BD6D8552B64
:1054E0000CD83B2B0CD94B2B34BF5B253225CDE799
:1054F0000025CBE75D25C9E76425C7E71E25C5E77D
:105500000D46C3E70023DBE76800002050400100A0
:10551000F8B5244F04463846FAF70FFFFAF789FF2B
:10552000064697F9A600FAF784FF05463846FAF7CB
:105530000DFF1D4B94F8FC2693F8353084F872214A
:10554000333384F86531442384F86631FF22D4F87C
:10555000683184F874216D2262F31703C4F868314E
:10556000C0F10A000023C4F86C3184F8813200B223
:105570004FF43943A4F8823280F30700092384F8FA
:10558000730184F8706104F5B07084F8715184F887
:10559000843204F5AA71FBF705FF2046BDE8F84008
:1055A000FFF7E2BDA01D0020C80000202DE9F04F4C
:1055B000044685B0B4F82E270092B4F83027019243
:1055C000B4F83227B0F828670292B4F83827037885
:1055D000B0F822E7B0F824C7B0F81CA7B0F81E97BF
:1055E000B0F82087B0F82677B0F82A570392B0F8C1
:1055F0002C07B4F81A27A4F87A610026B4F83617F5
:10560000B4F834B7A4F86C21A4F874E1A4F876C116
:1056100084F87C31A4F86EA1A4F87091A4F872818A
:10562000A4F8787184F87D61A4F87E51039AA4F8F7
:105630008C21FF2284F865214422A4F8800184F89B
:1056400066210098D4F86821A4F88201A4F88A1190
:10565000019884F8813246214FF4F84361F3170230
:10566000A4F88401A4F882320298A4F886012623C3
:1056700004F5B070A4F888B184F88E6184F88F6165
:1056800084F8906184F89161C4F8682184F88432C8
:1056900004F5AA71FBF786FE204605B0BDE8F04F81
:1056A000FFF762BDF0B591B0044600F23A736D4663
:1056B00000F25A76186859682A4603C20833B34282
:1056C0001546F7D120220DEB0200002104F0A8FEC0
:1056D00094F8602794F85A370AB943F00203224A33
:1056E000A4F8703192F835202778D4F85C17C4F804
:1056F0006C110023333284F87331102384F8743131
:10570000D2B284F872716B4604F275160DF1400C3A
:105710001D4603CD6545306071602B4606F10806D5
:10572000F6D1442384F86631D4F8683184F86521D1
:105730004FF4D27262F31703C4F868314FF4A053E8
:10574000A4F88232492304F5B07084F8817284F899
:10575000843204F5AA71FBF725FE204611B0BDE89E
:10576000F040FFF701BD00BFC800002070B5244B1A
:1057700090F8745793F83530044690F8750784F81C
:105780006F016FF06E0084F8700133336FF02A0000
:1057900084F8710184F865311220442384F8720181
:1057A00084F866310020D4F8683184F873014D2004
:1057B00060F31703C4F868318F2394F8721794F8D4
:1057C0007327B4F8706784F883320A2384F874115D
:1057D00084F8811204F5B070A4F86C6184F86E51FD
:1057E00084F8752184F8822284F8843204F5AA7141
:1057F000FBF7D8FD2046BDE87040FFF7B5BC00BF01
:10580000C800002010B5224B027893F835300446CA
:105810004FF07E51C0F86C1133330021C0F8701185
:10582000C0F87411C0F87811C0F87C11C0F880116C
:10583000C0F8841184F86531442384F86631D4F8C3
:10584000683184F88C114C2161F31703082084F827
:105850008801C4F86831022049F6010384F88901FF
:10586000A4F882320120212384F88B0184F88A2154
:1058700004F5B07084F8812284F8843204F5AA71AA
:10588000FBF790FD2046BDE81040FFF76DBC00BF60
:10589000C8000020F0B54E78202E0D468BB004468F
:1058A00001F10C013AD8324601A804F01BFE01AB0D
:1058B000C6F121020021981904F0B2FD444B9DF875
:1058C000222093F8353033339A427FD19DF823302C
:1058D000442B7BD1BDF82030F62B02D0B3F5FA7FF4
:1058E00074D1B4F87027A4F870379A421CBF002214
:1058F00084F87527012284F86D276A7984F8722765
:10590000AA7984F87327F62B4FF0020284F87427E3
:1059100013D0B3F5FA7F40D0002337E00B4601AA3D
:1059200005F12C0718685968164603C60833BB42B0
:105930003246F7D11B783370C0E7264B18680368EE
:105940005B6A98470028E7D09DED037AF0EE087A6D
:10595000B4EE677AF1EE10FA1BD1DFED1F7A9DED00
:10596000047AB4EE677AF1EE10FA12D1DFED1B7A09
:105970009DED077AB4EE677AF1EE10FA09D10023B3
:1059800084F874379DF82430012B13D184F87537CF
:105990001CE0002384F87437BEE79DED077ADFED45
:1059A0000F7AB4EE677A0023F1EE10FA84F87437B8
:1059B000B2D1E7E7022BAFD194F87527002AABD01C
:1059C00084F87537064B1B68C4F878370BB0F0BD08
:1059D000C80000209C1D00200000884288AC964929
:1059E000B42C00204FF47F4303800023C0E901332F
:1059F000C0E90333436103767047000038B50023E4
:105A0000C0E90733C0E955334362C0F85C3104464E
:105A1000FBF73CFA254B9878022845D0431F5842A3
:105A20005841FEF739FB40F2FF13A4F8EC34204B49
:105A30001B68002503F57A73C4F8F43604F2047089
:105A4000C4E9A255C4F89052A4F8EA54A4F8E85462
:105A5000C4F8F05684F8FC5684F81857C4F8F85681
:105A6000C4F80057FBF774F884F81957294604F274
:105A70001A70402204F0D4FC7D2384F85A57C4F8ED
:105A80005C5784F86057C4F86457C4F86857A4F8A2
:105A90006C37A4F8725784F87557C4F878572046C5
:105AA000BDE83840FFF79EBF0120BAE7680000203C
:105AB000B42C002010B40F4A92F82E20B2B1027814
:105AC000A2B10D4A0169126840F6C414511AA142EC
:105AD00003D95DF8044BFFF785BF416831B94169CF
:105AE000511AFA2982BF4261012202765DF8044B05
:105AF000704700BFC8000020B42C00204378032B5F
:105B000006D1C068B0F5834F34BF00200120704734
:105B1000002070477FB50B46324991F82D1000F1F7
:105B200028060229044600F11C02314668461BD1B2
:105B3000FEF7ECFE9DF80030022B50D104F5B07555
:105B4000324669462846FBF7AFF9D4F8683123F0AE
:105B50007F436E2B2FD1244B9A78052A3DD8DFE85E
:105B600002F0303438063038FBF710FBE2E75A6CAD
:105B7000B2F5613F94BF002201222046FFF7BEFF2D
:105B8000C8B9C2B194F86E31012B14D894F87231AF
:105B9000042B10D11549102204F27B1004F064FC90
:105BA00048B9782384F8883184F8823184F87C31CC
:105BB0002846FEF743FA204604B0BDE87040FFF7E0
:105BC000D3BA5A6CB2F5E13FD4E75A6CB2F5614FE3
:105BD000D0E75A6CB2F5164FCCE70122CDE704B0FE
:105BE00070BD00BFC80000206800002094A7000816
:105BF0004378032B07D1C06844F2BF13984294BF87
:105C00000020012070470020704700002DE9F04F70
:105C1000844B0446ABB084481D68FDF757FAD4F8AE
:105C2000683740F6C312EB1A934204D894F96C37E4
:105C3000834200F0B6807D4EC4F86857B17884F88E
:105C40006C07052998BF7A4B8DF819009CBF33F873
:105C50001180784B8DF8171098BF33F811502378C6
:105C60008DF814304FF000034FF006078DF8153013
:105C70004FF07F0388BF00258DF818303A46B6F8FC
:105C80004E30ADF80C300DF11A0088BFA846ADF8C3
:105C90000E308DF81670FAF703FE7178DFF89891E0
:105CA0003A4608A8FAF7D2FD5F48ADF81080ADF883
:105CB0001250FDF7FDF940428DF826005A48FDF7D5
:105CC000F7F94042C2B220468DF82720FFF790FF37
:105CD00004F5B07504F5AA768046002864D099F8DA
:105CE00035309DF826109DF9190000913333BDF829
:105CF0000C1084F88721DDF81A209DF815B09DF866
:105D000016E09DF817C09DF91870BDF80EA0BDF8FB
:105D10001090BDF812800193A4F86C119DF8143016
:105D2000009984F87901C4F87A210898BDF81E20FA
:105D300084F8743184F88611A4F87E21A4F86EA149
:105D4000A4F87091A4F8728184F875B184F876E1B2
:105D500084F877C184F87871C4F88001BDF82420F4
:105D6000A4F88421019A84F86521442284F86621EC
:105D7000D4F8682184F881324EF68E21AB2361F38A
:105D8000170284F88332C4F8682184F882B21C2395
:105D9000284684F884323146FBF704FB2046FFF79F
:105DA000E3F92BB0BDE8F08F0146642211A804F09E
:105DB00037FB0DF10C0CBCE80F000AAF0FC79CE8D5
:105DC00007006FF02E0387E8070084F86C3199F81C
:105DD000357094F8009084F86D811C2384F870313C
:105DE000802284F86E9184F86F810AA904F2711000
:105DF00004F078FB442384F86631D4F8683184F8E1
:105E0000819240F2811262F317033337FFB2C4F874
:105E100068314FF41343A4F8823284F86571852306
:105E2000B6E700BFB42C00205C1E002068000020F4
:105E300006AB000812AB0008C80000202DE9F04FA7
:105E40008E4B1A68D0F864372DED028BD31A122BC3
:105E5000A7B0044640F20D81DFF83892DFF82CB28B
:105E600099F80010C0F864278B1E594259419BF9DC
:105E7000A000FAF7F6FA99F800109BF9A230019306
:105E80008A1E5142514106469BF9A600FAF7E9FAEB
:105E90009BF8A4300290012B9BF8A53078480CBFEA
:105EA00003250125012B9BF8AA300CBF45F00805FE
:105EB00045F00405012B9BF8AB3008BF45F01005F9
:105EC000012B0CBF45F0200545F04005FDF718F902
:105ED00007EE900AB8EE670ADFED6A7A20EE270A2D
:105EE00004F060FADFED687A684894F800A020EECC
:105EF000278AFAF734FA80466448FAF73EFA99F8A6
:105F000000300746022B20460CBF9BF8A9904FF0AB
:105F10000009FFF76DFE5E4B93F835303333DBB28B
:105F2000039304F5B07B04F5AA730146002849D019
:105F3000002284F86F21019A84F87321029A84F870
:105F400075217F2284F8762184F8782184F87A21DB
:105F500018EE102AC4F87B21C4F87F21039A84F834
:105F600065214422FF2184F86621D4F8682184F851
:105F7000771184F879114EF68D2161F31702C4F878
:105F800068214FF46062A4F882221722A4F86C51B1
:105F900084F86EA184F8708184F8717184F872615C
:105FA00084F8749184F881A284F8842258461946B2
:105FB000FBF7F8F9204627B0BDEC028BBDE8F04FA7
:105FC000FFF7D2B86C2204900BA8059304F028FACE
:105FD0004FF67F72ADF82220ADF824207F228DF895
:105FE000262018EE102ACDF82720CDF82B206FF0B0
:105FF0002F020499019BADF8185084F86C21257884
:106000008DF81B1017228DF81F3084F86D11029B3C
:1060100084F86F1184F8702106A9802284F86E51EB
:1060200004F271108DF821308DF81AA08DF81C80C3
:106030008DF81D708DF81E608DF8209004F052FAD6
:10604000442284F86621D4F86821039B84F86531E2
:1060500040F2811161F31702C4F868214FF4134232
:10606000A4F882228522059B84F8815284F8842238
:106070009CE727B0BDEC028BBDE8F08FB42C00206C
:106080009C03002000007A3D00007A44A01D0020FF
:10609000C80000208B030020F0B54E78082E85B094
:1060A00005460C4601F10C0717D83246394601A8BF
:1060B00004F018FA01ABC6F109020021981904F0A6
:1060C000AFF99DF80930032B05D162792A70064A91
:1060D00012682A616B7005B0F0BDC86879683A7AB9
:1060E00001AB03C31A70ECE7B42C002030B5037881
:1060F00095B004461BB34A799A4220D14D784D2D74
:1061000001F10C011DD82A46684604F0EBF9C5F1EF
:106110004E0200210DEB050004F082F9049B636040
:10612000190EC3F3072242F2107000FB0122C3F3E1
:106130000743642101FB0323E360059BA36015B0C3
:1061400030BD4E22684604F0CDF9E7E78A68C2F315
:1061500017024C2A14D0942A09D09AB90A4A92F804
:106160002E207AB18B79012B0CD1FFF795BF064A0F
:1061700092F82E2032B18B79012B03D1FFF7B6BFF5
:10618000FFF788BB704700BFC8000020B0F8EA34B2
:10619000B0F8E824F0B5D21A93B2120444BF03F564
:1061A00000739BB2DD2B85B0044609D82A4D00F55B
:1061B000257600F52277286803685B69984708B957
:1061C00005B0F0BD286803689B699847D4F8F026AD
:1061D00001320346C4F8F02631463A466846FAF7DB
:1061E000D5FF9DF80030022BE5D104F570753246DD
:1061F00069462846FAF758FE184B93F82D3004F2FA
:106200007C76022B294630460FD1FEF7F5F80023A5
:106210009AB282420CD3002329462046C4F8F036B5
:1062200005B0BDE8F040FFF791BFFAF7E0FDEEE7FB
:10623000B4F8E814B4F8EC744A1C3A40B4F8EA74C0
:1062400097421EBF0919F75C81F8EE7403F1010350
:1062500018BFA4F8E824DBE79C1D0020C80000203C
:106260002DE9F0414B4BDFF838811E6898F800307B
:10627000494F022B1EBF0023A0F8EA34A0F8E834EF
:1062800097F82D30013B012B044600F28180FFF787
:106290007DFF97F82E50002D5BD098F80030022B30
:1062A0004BD1012D3ED0022D42D000252046FFF7D4
:1062B00001FC94F8193743B1002384F8193797F893
:1062C0003030012B4FD0022B50D015B12046FFF7B4
:1062D0001FF994F86D372BB1002384F86D372046F1
:1062E000FFF744FA94F87537022B11D1D4F87837B8
:1062F000F61AB6F57A7F0BD9B4F87037F62B3ED084
:10630000B3F5FA7F3DD00023A4F8703784F87537D1
:10631000237E002B3CD0002323762046BDE8F041AD
:10632000FFF770BA31462046FEF7C8FF0546BDE7C5
:1063300031462046FFF766F8F8E7D4F8F436F31A4A
:10634000B3F57A7F08D2002504F20470FAF700FC56
:10635000ACE7C4F8F466F7E73223C4F8F46684F8CF
:10636000FC360125F0E7FFF721F9AEE7FFF79AF9D0
:106370002046FFF763FD2046FFF748FCA5E7FBF743
:10638000D9F9064B1A79002ABDD101225A71BAE710
:10639000BDE8F081B42C0020C80000205803002084
:1063A0008B03002070B54C88B4F5427F4FF000039A
:1063B0000AD80D780B2D73D8DFE805F0060D1A2AE0
:1063C0002D30363952555969A2F1240462424B806E
:1063D00062410A7007E04D2A01D0582A06D10270A6
:1063E00002230B70002380F8093333E00023F8E721
:1063F00002F0FD033C2B01D0212AF7D10378427033
:106400004D2B0CBF082303230B7000238370E9E797
:1064100082700422DDE782800522DAE7838803EBBD
:10642000022383800623DCE7C2800722D1E7C388EA
:1064300003EB02239BB2002BC3800CBF0B230A2368
:106440000B7000234B80012380F80933C388B3F518
:10645000407F01D8002002E000200870488070BD15
:10646000C2800922B5E70A2382800B70EBE7B4F5FE
:10647000407F3CBF241822724B8801339BB24B8073
:10648000C2889A429CBF0B230B700123ABE780F8B4
:1064900008230B704B80022380F809330120DEE7CC
:1064A0000B704B80D6E7CB88B3F5407F70B531D801
:1064B000242303700B7843704B7883700B784D2B3B
:1064C00014D1CB88C3708B88037105230022CD883B
:1064D000D4189542A6B210FA84F415D891F808237E
:1064E0002270CA880132981880B270BD8B78C37050
:1064F0008B8803718B881B0A4371CB888371CB888F
:106500001B0AC3710823E1E78C180132247A8455F1
:1065100092B2DCE70020E8E72DE9F74F16464A88FB
:10652000B2F5427F04460D462ED80B780A2B0FD9C0
:10653000A3F16402032A03D90020287068802DE0AB
:10654000653B8F4F022B33D8DFE803F063A4A7002D
:1065500000210A2BF0D801A050F823F0896500082B
:10656000A36500083965000839650008E76500087B
:10657000F56500080166000807660008396500082F
:106580003965000875660008A6F124077E424FF0C1
:1065900000007E4168802E7084F8090303B0BDE8D6
:1065A000F08F6F2E0CBF642300232B700020F3E7C5
:1065B00016F0040F14BF4D2358233E7023703A7811
:1065C000D1070ED412F0020F14BF21233E236370B3
:1065D000C2F3C003D20648BF43F00203A3700423F2
:1065E000E3E73C23F3E7A68005232B7084F8091327
:1065F0000020D3E7A38803EB0623A3800623D4E778
:10660000E6800723F1E7E38803EB0623E3806523B5
:10661000CBE70DF106007E70FAF7E4FB3978FAF764
:10662000D9FBA7882179FAF7D5FB390AFAF7D2FB0B
:10663000E788A179FAF7CEFB390AFAF7CBFB9DF888
:106640000630B34206D000232B706B80032384F8FE
:106650000933CDE7002F0CBF66230A232B700123DB
:1066600084F8093300236B80E288B2F5407FBFD9FC
:106670002B70BDE7B2F5407F3CBF121916726B88D4
:1066800001339BB26B80E2889A4201D866232B705B
:106690000123DCE77E806723F9E7B7F8028097F8EB
:1066A000009008EB06284FF6FF730DF106001FFA65
:1066B00088F84946ADF80630A7F80280FAF70EFBD5
:1066C0002679B4F804A03146FAF708FB4FEA1A21FC
:1066D000FAF704FB94F806B0B4F806A05946FAF7A6
:1066E000FDFA4FEA1A21FAF7F9FA797804F1080766
:1066F000FAF7F4FA52463946FAF7FCFABDF80630D2
:1067000043453AD119F0040015D086EA0B01E21D89
:10671000002398B2824584F8081307D80223012089
:1067200000222A706A8084F8093337E712F8010FD3
:1067300001334140EDE7A178F9F73EFF217984F874
:106740000803F9F739FFA18884F80803090AF9F763
:1067500033FFA17984F80803F9F72EFFE18884F864
:106760000803090AF9F728FFE28884F80803394684
:10677000F9F728FF84F80803D0E703230020CFE7C8
:10678000681C0020CB88B3F5407F2DE9F04104461A
:106790000D464AD84B783C2B40D0A3F12100434210
:1067A00043415B002A784D2AAA7808BF43F00403CE
:1067B000D10748BF43F0080392074FF0240222702C
:1067C00048BF43F010036F226270A370AB88E37080
:1067D000AB881B0A2371EB886371EB88A71C1B0A2B
:1067E000A3713846FAF71AFC0822E071E988A2F191
:1067F00008039BB2561C8B42B6B204EB02080FD3BF
:10680000063189B23846FAF78FFA88F80000000A94
:10681000A055E8880A3080B2BDE8F0810123C1E7C5
:106820002B441B7AA3543246E0E70020F4E710B56E
:1068300004462420207058206070237100201B0A19
:10684000A170E2706371A071E0710522E11CF9F79B
:10685000B9FE2072092010BD40F2FF3370B500254B
:10686000A0F820367D2380F8543A04460560C0F82D
:106870000E53A0F81E56A0F81C56A0F8425AA0F8D5
:10688000445A80F8465AC0F8485AC0F84C5AC0F8E2
:10689000505AC0F8585A00F6672103460A2600F6F7
:1068A0006D2011F8012F0AB1B6FBF2F2814283F894
:1068B000702A83F8715AC3F8745A03F10803F0D1AF
:1068C0001522FF2104F52A6003F0AAFDC4F8B85A86
:1068D00070BD0000F8B5134A044692F83000F8B1D4
:1068E00092F82B2003B1DAB18E1E04F5226701F174
:1068F0001E0536F8020FF9F7FBFDAE4227F8020F2E
:10690000F7D1012384F8423A94F8453A83F0010321
:1069100084F8433A94F8463A83F0010384F8443A01
:10692000F8BD00BFC800002070B5061D04460A4629
:1069300001463046FFF7F0FD18B304F6BC2531469A
:106940002846FFF7B0FD0F4B0246186801680E6934
:106950002946B04763793C2B13D121890A4804F6B4
:106960005A2304F66622A4EB8404A4F5F7541C3CD5
:1069700033F8025F8D4204BF056844F82350934208
:10698000F6D170BD9C1D0020B42C002070B51248BB
:1069900090F82D00451E012D0C460AD80F4E8D187B
:1069A000AC4200D170BD14F8011B3046FFF7B2F8BD
:1069B000F6E7032809D10A4E8D18AC42F2D014F83C
:1069C000011B3046FFF7B0FFF7E7064B1868036876
:1069D000BDE870401B691847C8000020E80500208A
:1069E000900E00209C1D0020B0F81C36B0F81E262A
:1069F0009B1A98B21B0444BF00F5806080B2003837
:106A000018BF012070470000094B93F82D305A1E23
:106A1000012A02D80748FEF7BBBB032B02D1064868
:106A2000FFF7E2BF054B186803685B69184700BFB2
:106A3000C8000020E8050020900E00209C1D0020CA
:106A400070B500F6BC240B4602223C212046FFF71D
:106A5000EEFE054B0246186801680D6921462B467B
:106A6000BDE87040184700BF9C1D0020114B37B592
:106A70001A68D0F8483AD31A122B19D9C0F8482A04
:106A800000F6BC24202300F6222001930090C823A6
:106A900003223C212046FAF799FA074B0246186870
:106AA00001680D6921462B4603B0BDE83040184708
:106AB00003B030BDB42C00209C1D00207FB5234BBB
:106AC0001A68D0F84C3AD31AC72B04463CD9204D4B
:106AD000C0F84C2A4FF480732846ADF80830F9F717
:106AE0002CFC06461B48FCF7E3FA01463046F9F752
:106AF00049FD8DF80A002846F9F71FFCF9F73CFD1F
:106B000095F8A9308DF80B0028468DF80C30F9F770
:106B100026FC8DF80D002846F9F718FC072304F62B
:106B2000BC24019302AB8DF80E000093032241F2C6
:106B30000D033C212046FAF749FA074B0246186834
:106B400001680D692146A84704B070BDB42C00202F
:106B5000A01D00205C1E00209C1D002030B5214B94
:106B6000044687B020481D68FCF7B0FAD4F8503AC4
:106B700040F6C312EB1A934203D894F9543A834275
:106B80002DD0C4F8505A002384F8540A8DF80830E8
:106B9000F9F728FD154DADF809006978ADF80B003F
:106BA00004220DF10D00F9F751FEA97806220DF12E
:106BB0001100F9F775FE0F2304F6BC24019302AB14
:106BC0000093032241F20E033C212046FAF7FEF91E
:106BD000074B0246186801680D692146A84707B0AF
:106BE00030BD00BFB42C00205C1E002068000020D7
:106BF0009C1D002070B5264CFAF7D0FE0025FAF750
:106C0000B1FEFBF73BFAFAF77BFEFAF769FE214982
:106C1000214801F0F7F8FDF73BF9C4E90355257564
:106C2000FBF722F81D4B1D70FAF7F2FD1C4B1D4DB2
:106C30001D484FF400425A614FF48046FAF7FCFDBC
:106C4000FAF7C8FEAE6241F28830FAF7C3FEAE61D1
:106C50004CF25030FAF7BEFE204603F01FFA134CF8
:106C60004FF47A70FAF7B6FEFCF7A2F81048FBF77B
:106C70004BFAB4F84C100F48FBF74CFBFBF7C2F98A
:106C80000D4B0E48616C1860FBF736F970BD00BF04
:106C90005C1E0020EE0000206C1C00201000002074
:106CA0000004014000080048E09304006800002050
:106CB000B41C0020991D00209C1D002018000020FD
:106CC000184B4FF4004273B55A611748174CFF2117
:106CD00003F0D6FA206023685B0612D5144E35798E
:106CE0008DB1114808236A46002103F0C0F9D6E9A6
:106CF0000402DDE900139A4208BF884201D0002354
:106D0000236002B070BD02236A460748294603F09B
:106D1000AEF9084BDA8BBDF800309A4218BF2560F7
:106D2000EFE700BF000401405C1E0020D8050020F2
:106D30005803002068000020034A00231370034A10
:106D40001370034A13707047E3050020941E00205F
:106D500090030020024A00231370024A1370704708
:106D6000E3050020941E002008B5437E203B042B41
:106D70000FD8DFE803F0050E030B0F00FCF7D6FC7D
:106D8000064A01231370064A137002E0054B0122E4
:106D90001A7008BDFCF700F8F2E700BFE305002019
:106DA000941E002090030020034B1B78012B01D17F
:106DB000FCF760BC704700BFE30500202DE9F043FD
:106DC000074699B03D48FCF77DFF0646002860D095
:106DD0003B4B1C78002C5CD13A4B1B78022B54D1D6
:106DE000DFF8F8900DF10C0825464846ECB2FFF7A5
:106DF0000BFE40B14846FEF7F7F90135522D08F871
:106E0000010BF2D12C4630482146F9F78DFE2F4870
:106E1000F9F784FEDFF8A4802D4D98F802308DF844
:106E200000304FF0010995F8A4308DF80530284660
:106E300085F8A5708DF806708DF80190F9F77DFA48
:106E40008DF802002846F9F78AFA8DF803002846E3
:106E5000F9F793FA1F4F8DF804000EB3184B1B7807
:106E6000CBB91D48234603AA6946FCF715FB184811
:106E700001233B70F9F78FFA1548F9F795FA0123CA
:106E800088F8033019B0BDE8F0831448FEF7E4F940
:106E9000C0E70024BEE710486946FFF785FFE6E734
:106EA0003B7803B9FEE70C486946FCF741FA2846EF
:106EB00087F80090F9F774FA2846DEE7781E00207C
:106EC000941E00208B030020041E0020DC1D0020E7
:106ED000A01D0020510300203E1D002014000020B2
:106EE00070B5CB78284DC3F3000385F8AA304B79F1
:106EF000C3F3801385F8AB300646C87840080C46CB
:106F0000F9F791FA85F8A60023792048C3F3000326
:106F100085F8A7302379C3F3450385F8A830637952
:106F2000227903F03F035B0043EAD21385F8A930CE
:106F300021461EB9BDE87040FCF72EB9FCF76BF98D
:106F4000A37803F0F003202B04D12046BDE8704065
:106F5000FFF70ABFFFF7FEFE0D4B1B78022B12D185
:106F6000A2790C4804F119015208FFF70FFDA1792D
:106F700005F178004908F9F7D7FD05F15000BDE8A3
:106F80007040F9F7CBBD70BDA01D0020BC1C0020D7
:106F90008B0300201400002070B5054658B9194B2A
:106FA00019491C78194803794BB1012C28D0BDE848
:106FB0007040F9F7E7BF164B16491C78F2E7012C31
:106FC000154B164E13D98A78C2F3C0025A700222AA
:106FD0001A70E31E58425841FFF782FF3046F9F716
:106FE000A6F9032C05D13046F9F7A4F901E00122F6
:106FF0001A7086F8A4500948BDE87040F9F795B9B1
:1070000070BD00BFE0050020F01E002058030020E6
:10701000E10500204B1F0020781E0020A01D00204D
:107020000A4B1A7910B504462AB10146BDE8104052
:107030001846FCF7D1BDFFF7C1FE054B05491B7F84
:1070400020465B22BDE81040FCF7ACBD5803002091
:10705000680000203E1D0020244B1A7970B50546BB
:107060000E4632B10A46BDE8704001461846FCF7AC
:10707000B5BF1F4A1F495B23FCF78AFD45BB1D486E
:10708000FCF754F8044628B31B491C48FAF7F2F9F8
:1070900005F130011948C9B2FAF7E0F91849174863
:1070A000FAF7E8F9204602F02BFF01461348FAF7F9
:1070B000E1F912480A21FAF7D1F9012C06D0042C83
:1070C00011D001240F492846FCF7C4FD204670BDAD
:1070D0000748D5E72EB10C48FBF7CCF80CB10224D9
:1070E000F0E70324EEE7002EF9D0F4E75803002080
:1070F0004B1F0020F01E0020A5A700080C00002058
:10710000ACA70008A01D0020991D0020024B187894
:10711000831E5842584170478B03002070B50023EE
:107120009CB2A24200D870BD058886886C1C344091
:107130004688A6421EBF2D18CE5CAE7103F1010336
:1071400018BF0480ECE700002DE9FF47B0F81E36B9
:10715000B0F81C26D21A93B2110444BF03F5806321
:107160009BB2E62B04460CD8744EDFF8E09100F297
:107170001C6704F21238306803685B69984705465B
:1071800010B904B0BDE8F087306803689B69984780
:1071900004F20E3102464046FFF704F90028EAD017
:1071A00094F813333E2B52D1B4F81633B3F5005F85
:1071B00032D194F8983A7BBB039304F2273004F65B
:1071C0009F214FF0010C11F8012FFF2A0FD04FEA39
:1071D000D20E02F0070210F80EE04EFA02F2D207C9
:1071E00041BF039A0CFA03FE42EA0E0203920133F6
:1071F000152BE8D1042304F6BC2A019303AB0093BA
:1072000002223E2142F6FF735046F9F71FFF514616
:1072100002463846FFF782FFB4F81633772B47D182
:107220001522FF2104F52A6003F0FAF80023B4F8D0
:1072300018E304F219359C469AB2964523D894F87F
:10724000145384F898CA85F00205C5F3400594F8F4
:107250001333212B44D1B4F8163341F20D0293427B
:1072600036D041F20E02934236D0002D81D004F682
:10727000BC2541462846FFF785FA2946024638468E
:10728000FFF74CFF75E715F801AF2D4A0020117983
:10729000514507D15179142904D8214481F8A03AE5
:1072A0000133C9E701303B2802F10802EFD1F7E7CB
:1072B00043F201029342CAD194F81233582BC6D13B
:1072C000204B1D7915B901225A71C0E70025BEE790
:1072D000012384F8453A4CE7012384F8463A48E70D
:1072E0003C2BC2D1B4F816A3BAF1440FBDD194F827
:1072F0001233582BB9D13068D4F81A5303685B6A3B
:10730000984700283FF435AF4D457FF432AF0E4B20
:107310001B68C4F8B83A04F6BC250023CDE9003355
:10732000022253463E212846F9F750FE02463068B5
:107330000168D1F810802946C0471AE79C1D00203B
:10734000B8C1000858030020B42C002091D51200C9
:107350002DE9F0473A4B1B78022B04460CD0002352
:10736000A0F81E36A0F81C3690F86D3A13B10A2228
:10737000B2FBF3F384F8983A324B93F82D30032B99
:107380002DD12046FFF7E0FE94F8422A3AB10023BF
:1073900084F8423A2046BDE8F047FFF767BB94F80F
:1073A000433A33B184F8432A2046BDE8F047FFF75B
:1073B00085BB94F8448AB8F1000F06D084F8443AAB
:1073C0002046BDE8F047FFF7C9BB1F4B1E68D4F845
:1073D000583AF31A632B04D8D4F8B83A4BBBBDE83B
:1073E000F087C4F8586A254604F65C2704F1300992
:1073F00040F6AB5A95F8702AAAB195F8713A013364
:10740000DBB29A420BD885F8718AD5F8743AF31A30
:10741000534508D939882046FFF712FB03E085F869
:10742000713A002BF1D008354D4507F10207E1D143
:10743000D2E7F61AB6F57A7FD1D9FAF77BF900BF11
:107440008B030020C8000020B42C00202DE9F0435D
:107450008D4E3378012B87B000F2DC800BB9FAF740
:10746000C3F9FFF7C7FB894B00221A809A70884B3B
:1074700004229A6207244CF25030013CFAF764FA75
:10748000FAF7A8FA14F0FF04F5D1824802F04BFF96
:10749000122803D080490120FCF704FC7F4B804F69
:1074A0001C60804B7B481C60391DFBF71CFE7E482E
:1074B000FCF76AF997F82020202A00D9FEE797F810
:1074C00028007A4D796AB7F82C9097F829C097F878
:1074D0002A30A871052800D9FEE7DFF8308258F875
:1074E00030E0BEF1000F00D1FEE708EBC008C5F8A0
:1074F00008E098F804E098F8058085F807E085F83A
:107500000C8085F8D500A5F80E9085F8D440B9F127
:10751000000F00D1FEE7724524BF0EF1FF3E5FFA77
:107520008EF205286A7400F09C80012800F2A18088
:107530000CF1FF30C0B200F08B80022813D8581E27
:10754000C0B2032809D80C2A01D90C206874687CC1
:10755000904200D96A74644608E0122A84BF12235C
:107560006B740023F3E7052B28BF00234F48224606
:10757000F9F741FA00244E4B2C744C48FF251D703E
:107580005D70FBF7BDFD0146424802F0D1FE494B5C
:1075900049481C70494B1C70494B1C80494B1C705E
:1075A000494B1C70494B1C70494B1C70494B1C705B
:1075B000494B1C70494B1C70FFF7BEFB484BB7F89A
:1075C0004E201C70474B97F840101C70464B1C70A7
:1075D000B7F84C30F8F76FFEB7F84C104348F9F79E
:1075E00096F94348FCF766FB424B434893F8291051
:1075F00000F015FC4148FEF701FA4148FFF72CF96D
:107600002448FBF763FD3F4B1C803F4B1C80FAF77F
:1076100003FD3570FAF70AFD002800F09680284A2D
:1076200013880BB1013B1380244B184A1978138837
:10763000022922D12BB3013B9BB213809278002AFE
:1076400066D0002B6DD1FAF771F9FAF77DF968E091
:10765000022804D80C2A01D90C236B746446002339
:1076600084E70CF1FF33022BF9D8082AF6D9082356
:10767000F3E70E48F9F766F97CE7002BDBD1C72367
:10768000DBE740F2F313D8E7E01C0020DC05002024
:10769000000400485C1E0020AEA70008D4050020AE
:1076A00068000020D8050020580300209C0300201B
:1076B000E11C0020E2050020A01D00208B0300201B
:1076C0008E0300208C030020880300208903002003
:1076D0008A030020E1050020E0050020E4050020E9
:1076E0009303002092030020D0050020801E00207C
:1076F000781E0020C80000206C1C0020E805002037
:10770000900E0020901E0020921E002020AB00084A
:107710000229894840F08D800BB9FAF707F9042354
:107720008362864C2388002B00F08980013B9BB24A
:1077300083482380FCF796F88248FBF7C7FC238830
:107740001BB981498148F9F795FE814D814C297813
:10775000002977D0022900F0A680236853B32B7844
:10776000032B40F0B08023681B070ED57A4A002314
:107770002360137843F001011170784A92F85A207F
:107780000AB19F0701D500232B70236893B12368AA
:10779000190648BF236823685A0648BF2368236830
:1077A0006F4A1B0748BF2368002313706D4A23608C
:1077B0002B7013706C4B1A7802F0FF07002A00F050
:1077C000138200201870674B1E7806F1FF3CDCF135
:1077D000000848EB0C08002E00F08E80FFF7DCFB61
:1077E000624A0023012E137205D8614A1377D383AE
:1077F0001362604A1370604C2278012A00F2CC8038
:10780000012E14D95D4E96F8A8303E2B7DD85C49E8
:1078100096F8A760087C002E40F0858083426FD0E8
:107820004A7C0B749A429CBF00230B74B846002715
:10783000BCE008228262002B7FF473AF05E740F2C0
:10784000E73375E74C4B1B7843B14D4A137C507CB2
:107850000133DBB29842137498BF11744848FBF7A8
:107860004FFC0146374802F063FD002701230DF16C
:10787000170234488DF817700D2102F08BFBFF21A1
:10788000304802F0F7FC2F4802F025FD7D20FAF782
:10789000A1F801232B70324B1F70324B1F70394BF4
:1078A0001F60276059E73848FCF738F92F4B187AE2
:1078B000FFF7B6FB284A03232B7000231370314ACD
:1078C0001360236049E7012B7FF45FAF23685806FC
:1078D0007FF55BAF224B1978B1FA81F1002049099D
:1078E0002060FFF7B9FB1F4B032818707FF44DAFE2
:1078F000144802F023FD48E7244B01221A706FE779
:107900002348017841F0010101702249002A40F02A
:107910008D803F2B1E4B0A704FF0010028BF0322C1
:1079200020701A703BE083427FF47AAF18480178E8
:1079300041F00201E8E700BF00040048901E00206B
:10794000580300205C1E0020B8A700080C0000208F
:10795000E2050020D8050020E40500206800002092
:10796000E1050020E005002091030020801E00209A
:10797000E8050020900E00208B030020A01D0020B1
:107980009C030020D4050020E11C0020781E00206C
:10799000880300208C030020012E7FF648AF7C4B2B
:1079A000B3F850207B4B1A8002232B702378002BD6
:1079B00064D1B8F1000F00D02B707749744A0B786E
:1079C000B2F852200133DBB293420B70734B0ADBE7
:1079D0001A7C587C0132D2B2904298BF00221A74AD
:1079E00000220A702A7093F8D420002A52D0B3F8EB
:1079F000D820B3F8D610013292B29142A3F8D82021
:107A000048D8002293F8D500D989A3F8D8200622B7
:107A10000130C0B2062828BF002041FA00F6F60760
:107A200034D55F4A52F83020EAB9FEE70B785D485A
:107A300001330278DBB20B706AB9554A92F85420D0
:107A40009A42ACD8584B1B78032B06D102232370E3
:107A500001230370A3E70522F2E7531EDBB29A422B
:107A60000B70F3D99BE783F8D500F9F769F84F4815
:107A7000FBF7A8FE00232B7023785BB1454B1B88D6
:107A800043B9454A237013702B7003E0013A12F09A
:107A9000FF02BDD1464B00221A702278002A00F066
:107AA0001F811FB901221A7002232B704148FBF776
:107AB000DBFA2378022B02D03F4B00221A703F4A98
:107AC000138813B9324BB3F84E30013B9BB213808D
:107AD00013B93B48F8F774FC3948F8F725FC2378CC
:107AE000022B0BD03648F8F7CEFB237833B9FFF7DB
:107AF00031F9344A01231370334A1370334E304640
:107B0000FAF7E6FA7278294B012A04D10021717044
:107B1000197901B95A712548FBF7CEFEFBF7E4FE4F
:107B20000128064607D002282DD0294B05221A70BD
:107B300007B0BDE8F083164F1C48FBF75DFEB7F8B1
:107B40004C30244A244803EB830303EB83039B005C
:107B50001380FAF78FFB114AB7F84C1082F8D46003
:107B600041F28833B3FBF1F3A2F8D6300023A2F838
:107B7000D8301A4A0821916104219162184A237071
:107B800096702B70D1E7174B01221A70CDE700BF1A
:107B9000680000208E030020890300209C03002041
:107BA00020AB00088A03002088030020580300202F
:107BB000D00500205C1E0020781E0020921E0020B0
:107BC000A01D0020E3050020941E0020B41C00200E
:107BD0009303002064000020991D00200004004849
:107BE000DC050020900300204049414A0B781BB17E
:107BF000013BDBB20B7013B11378002B34D03D4D39
:107C00003D4895F828100024147000F033F93B4BE0
:107C10001B78022B43D13A4F3A483A780392F8F74F
:107C20008CFB80463748F8F79AFB039A364923467F
:107C3000CDE90080304800F035FC2F48FCF788F98A
:107C40003A78324932482346FDF756FA3A782F49B6
:107C500030482346FEF73EFE95F8263095F833204F
:107C600029492D48FBF77AFF234800F02EFD2848CC
:107C7000FEF7F6FA2748FFF76BFB284B1B78002B23
:107C80003FF456AF2648FBF7EFF9264B04229A61E2
:107C900008229A61FBF770F80123337048E7224B02
:107CA0001B78C3B16FF07E03009301231A46164977
:107CB0001148019400F0F6FB0F4800F0F2F80123A0
:107CC0001A4612491248FDF717FA01230F491148C5
:107CD0001A46FEF7FFFD104B95F826205A70C3E7B1
:107CE0002B7813F0FD0F3FF4E1AEE5E6930300209F
:107CF00092030020C80000206C1C00208B03002091
:107D0000D0050020A01D0020BC1C0020901C0020DD
:107D1000E8050020900E0020E11C002090030020C8
:107D20005C1E0020000400488A03002008B5FFF70D
:107D30008DFBFCE710B51E4C204602F023F91D4BCD
:107D400023601D4B1D4A1E4C1A605A619A62DA6309
:107D50001A651C4A5A669A671B4AC3F88C2020464B
:107D600000F044F8194B2360194B002240F2FF1138
:107D7000C3F8E824C3F8EC14164BC3F81C26C3F868
:107D8000502A7D2283F8542A134A40F2FF31506A68
:107D9000C3F82016916A03F65C2403C4D06A2060FD
:107DA000106B928EC3F8680AA3F86C2A10BD00BF4E
:107DB0005C1E0020C4A70008A01D002034A70008F6
:107DC0006C1C00201CA7000828A7000844A8000875
:107DD000E8050020900E002018A50008704700203C
:107DE00070470020704700207047000010B5044B1A
:107DF0000446012140F8043BF8F7F2F9204610BD93
:107E000098C3000838B5242204460D46FF230021FC
:107E100003618182104402F003FBE56038BD38B590
:107E20000D46017CA942044615D0012918D002292B
:107E300012D011B903685B6898470023012D637461
:107E4000257413D0022D0ED02DB923685B68012153
:107E500020469847607438BD0368DB680021EBE773
:107E600003689B68FAE72368DB68F0E72368294624
:107E70009B68EDE70430F8F7C1B9037C012B10B51E
:107E80000ED100F1160301F10C0251F8044B43F836
:107E9000044B9142F9D10A881A8040F201134382BF
:107EA00010BD037C012B0BD148F28113C3824FF428
:107EB00001420023C0E90632038440F201134382E9
:107EC0007047F0B5054689B008880C4616461F462F
:107ED000F8F7FFFA9DF806308DF8050023F0070348
:107EE000C0F30220034360888DF80630F8F7F1FAFA
:107EF0009DF8063000F01F0203F0070343EAC203B7
:107F00008DF806309DF80730C0F3451023F03F038D
:107F10000343A0888DF80730F8F7DBFA9DF80730A7
:107F200000F0030203F03F0343EA82138DF80730A9
:107F3000C0F387038DF808309DF80930C0F3802026
:107F400023F001030343E0888DF80930F8F7C1FA04
:107F50009DF8093000F07F0203F0010343EA420379
:107F60008DF809309DF80A30C0F3C31023F00F03D9
:107F7000034320898DF80A30F8F7ABFA9DF80A30F0
:107F800000F00F0203F00F0343EA02138DF80A30EA
:107F90009DF80B30C0F3061023F07F030343608984
:107FA0008DF80B30F8F795FA9DF80B3000F00102D0
:107FB00003F07F0343EAC2138DF80B30C0F347038D
:107FC0008DF80C309DF80D30C0F3412023F00303F1
:107FD0000343A0898DF80D30F8F77BFA9DF80D303A
:107FE00000F03F0203F0030343EA82038DF80D30F3
:107FF0009DF80E30C0F3841023F01F030343E08983
:108000008DF80E30F8F765FA9DF80E3000F0070293
:1080100003F01F03C0F3C70043EA42138DF80F00BB
:10802000208A8DF80E30F8F754FA9DF811308DF84B
:10803000100023F00703C0F302200343608A8DF889
:108040001130F8F746FA9DF8113000F01F0203F0E6
:10805000070343EAC2038DF811309DF81230C0F3D4
:10806000451023F03F030343A08A8DF81230F8F740
:1080700030FA9DF8123000F0030203F03F0343EAA8
:1080800082138DF81230C0F387038DF813309DF8FA
:108090001430C0F3802023F001030343E08A8DF8FD
:1080A0001430F8F716FA9DF8143000F07F0203F050
:1080B000010343EA42038DF814309DF81530C0F3F4
:1080C000C31023F00F030343208B8DF81530F8F70E
:1080D00000FA9DF8153000F00F0203F00F0343EA99
:1080E00002138DF815309DF81630C0F3061023F0FA
:1080F0007F030343608B8DF81630F8F7EAF99DF89B
:10810000163000F0010203F07F0343EAC2138DF83A
:108110001630C0F347038DF817309DF81830C0F3C0
:10812000412123F003030B43A08B8DF81830F8F79F
:10813000D0F99DF8183000F03F0203F0030343EA42
:1081400082038DF818309DF81930C0F3841023F0A5
:108150001F030343E08B8DF81930F8F7BAF99DF847
:108160001930218C00F0070203F01F0343EA421389
:108170008DF81930628C40F2A953994288BF0121D1
:10818000C0F3C70098BF00219A428DF81A0088BF3B
:1081900041F002010EB141F004010FB141F00801BC
:1081A0000F238DF8043000238DF81C302B688DF8D8
:1081B0001B101B68192201A92846984709B0F0BD79
:1081C00030B5054689B008880C46F8F78FF99DF858
:1081D00008308DF8070023F00703C0F302200343A3
:1081E00060888DF80830F8F781F99DF8083000F0C4
:1081F0001F0203F0070343EAC2038DF808309DF81D
:108200000930C0F3451023F03F030343A0888DF8E5
:108210000930F8F76BF99DF8093000F0030203F01C
:108220003F0343EA82138DF80930C0F387038DF8CA
:108230000A309DF80B30C0F3802023F00103034384
:10824000E0888DF80B30F8F751F99DF80B3000F00D
:108250007F0203F0010343EA42038DF80B309DF8DF
:108260000C30C0F3C31023F00F03034320898DF8B3
:108270000C30F8F73BF99DF80C3000F00F0203F0DA
:108280000F0343EA02138DF80C309DF80D30C0F354
:10829000061023F07F03034360898DF80D30F8F753
:1082A00025F99DF80D3000F0010203F07F0343EA49
:1082B000C2138DF80D30C0F347038DF80E309DF8D2
:1082C0000F30C0F3412023F003030343A0898DF84E
:1082D0000F30F8F70BF99DF80F3000F03F0203F074
:1082E000030343EA82038DF80F309DF81030C0F38A
:1082F000841023F01F030343E0898DF81030F8F752
:10830000F5F89DF8103000F0070203F01F03C0F3EA
:10831000C70043EA42138DF81100208A8DF810300F
:10832000F8F7E4F89DF813308DF8120023F00703F6
:10833000C0F302200343608A8DF81330F8F7D6F8B3
:108340009DF8133000F01F0203F0070343EAC20355
:108350008DF813309DF81430C0F3451023F03F031F
:108360000343A08A8DF81430F8F7C0F89DF8143054
:1083700000F0030203F03F0343EA82139DF8162046
:108380008DF81430C0F387038DF8153022F0010208
:10839000C0F380231343E08A8DF81630F8F7A6F86F
:1083A0009DF8163000F07F0203F0010343EA420318
:1083B0008DF816309DF81730C0F3C31023F00F036B
:1083C0000343208B8DF81730F8F790F89DF817309D
:1083D00000F00F0203F00F0343EA02138DF8173089
:1083E0009DF81830C0F3061023F07F030343608B21
:1083F0008DF81830F8F77AF89DF8183000F001027F
:1084000003F07F0343EAC2139DF81A208DF8183059
:10841000C0F347038DF8193022F00302C0F3412363
:108420001343A08B8DF81A30F8F760F89DF81A30D6
:1084300000F03F0203F0030343EA82038DF81A3091
:108440009DF81B30C0F3841023F01F030343E08B1F
:108450008DF81B30F8F74AF8019B03F07F42104B70
:10846000134301939DF81B3000F0070203F01F0334
:10847000C0F3C70043EA42138DF81C000DF106015A
:10848000172200208DF81B30F8F79CF82B688DF828
:108490001D001B681A2201A92846984709B030BD63
:1084A000C81816002DE9F34700F124079DF928A00C
:1084B0009DF82C9090461E4604463B4601F124024E
:1084C00051F8040B43F8040B9142F9D1201D3946B1
:1084D0000190F7F7B7FEE1684B796EB10198042B74
:1084E00078D8DFE803F07D77355D03004FF0042393
:1084F000C4E909330026B046E3681D796B1E0B2BD7
:1085000007D850460435F7F7BAFFEDB204EB45053E
:108510006884E3681D7B6B1E0B2B07D84846043527
:10852000F7F7C8FFEDB204EB45056884637C002BC8
:1085300056D0237C012B46D013F0FD0F50D133468B
:1085400042463946204602B0BDE8F047FFF7B9BCC5
:1085500001F1130304F1220001F11F054FF0780C23
:1085600013F9012FC2EB8222AB4292FBFCF202F51F
:10857000806220F8022FF3D104F13A02233140F255
:10858000FF7513F8010F48B102280CBF28464FF4BD
:108590008060994222F8020FF3D1ADE70120F8E79D
:1085A00004F1220304F146024FF4806123F8021F14
:1085B0009342FBD10221F7F763FE103004EB400039
:1085C0000023838098E73946204602B0BDE8F04793
:1085D000FFF7F6BD042B8FD813F0FD0F8CD0E9E721
:1085E00002B0BDE8F08730B54B7B032B85B0054664
:1085F0000C4642D191F90000F7F7BEFF8DF8030059
:1086000094F90100F7F7B8FFA3788DF80530E37807
:108610008DF804008DF80630207B23798DF8073023
:10862000F7F7A2FF8DF8080094F90600F7F776FF38
:108630008DF8090094F90700F7F79EFF237A8DF86B
:108640000B30637A8DF80C3040F6C8438DF80A0081
:10865000ADF800300DF1020114230B2200208DF83B
:108660000230F7F7AFFF2B688DF80D001B680E2264
:1086700069462846984705B030BD022B03D1FF2339
:108680008DF80330BCE791F90000F7F775FF8DF81E
:108690000300FF20B8E7837C10B5044633B1F9F737
:1086A000E7FCE37C1BB10023A082E37410BDA28A27
:1086B000801A80B2B0F57A6FF8D9A37404F116016C
:1086C0002046BDE81040FFF78EBF427C22B1037CFC
:1086D000012B01D1FFF7DFBF704700B597B04422EF
:1086E000002105A801F09CFE14220021684601F03B
:1086F00097FE4FF4007000F0BDFA08B172B6FEE7C5
:1087000010224FF480710120CDE908120A220223C1
:10871000CDE91102072205A8CDE90F33CDE91323D6
:108720000593159300F06CFB08B172B6FEE7CDE936
:1087300002000F220323049004216846CDE90023A0
:1087400000F002FE08B172B6FEE717B05DF804FB58
:1087500007B500F0A7F8FFF7C0FF074BDA6C42F04F
:108760000102DA64DB6C03F001030193019B03B0A7
:108770005DF804EBFFF7DABA001002400A4B1A6EFC
:1087800042F001021A661A6E82B002F001020092F3
:10879000009A9A6D42F080529A659B6D03F0805367
:1087A0000193019B02B0704700100240FEE7FEE714
:1087B000FEE7FEE7FEE7704770477047F9F746BCF3
:1087C000034AD2F8883043F47003C2F88830704707
:1087D00000ED00E0DFF834D0FFF7F2FF0C480D4960
:1087E0000D4A002302E0D458C4500433C4188C420C
:1087F000F9D30A4A0A4C002301E013600432A24272
:10880000FBD301F043FEFFF7A3FFFEE700C000200B
:10881000000000204800002018C400084800002084
:10882000D82C0020FEE7704710B50A4B4FF0FF32FE
:1088300000249A63DA639C63DC631A641C649A62A2
:108840009C62DA62DC621A631C63FFF7ECFF20466D
:1088500010BD00BF0010024038B50F4B1A78054616
:108860000AB9012038BD4FF47A73B3FBF2F30B4A17
:108870001068B0FBF3F000F06FF804460028F0D168
:108880000F2DEED8024629464FF0FF3000F032F8A7
:10889000034B20461D60E5E7200000201C0000205F
:1088A0002400002010B5032000F012F80F20FFF77D
:1088B000D3FF044618B9FFF761FF204610BD01241D
:1088C000FBE70000014B1868704700BFB42C002084
:1088D0000749CA6822F4E0620302120403F4E06369
:1088E000120C134343F0BF6343F40033CB60704773
:1088F00000ED00E0164B30B5DC68C4F30224C4F18F
:108900000703251D042B28BF0423062D4FF0FF3538
:108910008CBF033C002405FA03F321EA0303A540BE
:1089200022EA0502A340002843EA0203ACBF00F19B
:108930006040084A4FEA0313B8BF00F00F00DBB2F3
:10894000AABF00F56140135480F8003330BD00BF6A
:1089500000ED00E014ED00E00138B0F1807F0BD2B3
:108960004FF0E023054A5861F02182F823100020DF
:10897000072298611A6170470120704700ED00E0FE
:10898000094A536943F4802310B55361EFF3108211
:1089900072B60023CC58C4500433B3F5807FF9D1AC
:1089A00082F3108810BD00BF00200240064B5A69B8
:1089B000002ABFBF054A9A6002F188329A60BABFA6
:1089C0005869C00F0020704700200240230167450E
:1089D000034A536943F0004353610020704700BFCE
:1089E0000020024070B50546FFF76CFF104C0646AC
:1089F0002369DB030AD423690E4A13400FD00E49C2
:108A00004A681A434A600120236170BD6A1CEFD096
:108A1000FFF758FF801BA842EAD30320F5E720693F
:108A200010F00100F1D0012222611846EDE700BFED
:108A300000200240FAC30200280000202DE9F8437C
:108A4000254D99462B78012B04460F46904641D080
:108A500001234CF250302B70FFF7C4FF064630BBA9
:108A600068601E48026812F4806217BF03682A77A4
:108A700023F4806303601CBF02232B77E4B94369AE
:108A800043F001034361C7F80080BFF36F8F0124F7
:108A9000C7F804904CF25030FFF7A4FF064624B10B
:108AA0000E4A536923EA0403536100F03DF80023A2
:108AB0002B703046BDE8F883631E012B08D8414671
:108AC0003846FFF75DFFA31E5C425C41A404E1E76A
:108AD0000024DFE70226ECE7280000200020024007
:108AE000064B10F0010F1EBF5A6942F004025A6192
:108AF0005A6942F480325A61704700BF0020024038
:108B0000084B5A69C00022F47E7200F4FF601043E3
:108B100058615A6942F002025A615A6942F480323D
:108B20005A617047002002401548037FDAB203F013
:108B3000FD03012B10D1134B196821F4007119604A
:108B4000196841F400611960196821F40061196025
:108B5000196841F400711960931E012B0CD8094B60
:108B60001A6842F480521A601A6822F480521A601D
:108B70001A6842F480621A6000230377704700BFCE
:108B800028000020002002402DE9F047324D2B78CC
:108B9000012B064688465CD001274CF250302F70DE
:108BA000FFF720FF044610BB2C4B68601A6812F4D4
:108BB000007F1A6820D0510506D51A6822F4806219
:108BC0001A6003232B7700E02F773368012B1DD128
:108BD0007068FFF785FF4CF25030FFF703FF1F4A24
:108BE000536923F0040304465361FFF79DFF0023FC
:108BF0002B702046BDE8F087520505D51A6822F48F
:108C000080621A600223DDE72877DEE74FF0FF334A
:108C1000C8F80030B768DFF84490DFF844A0D6E920
:108C200002321344BB42E0D971683846FFF768FF4F
:108C30004CF25030FFF7D6FED9F8143003EA0A039D
:108C4000C9F8143018B1C8F800700446CDE70137F0
:108C5000E5E70224CDE700BF280000200020024005
:108C600005FCFFFF024B186800F4C060704700BFAE
:108C700000700040174A1368B0F5007F03F4C0632A
:108C80001DD1B3F5007F01D100207047136823F494
:108C9000C06343F4007313600F4B1B6832214B43D6
:108CA0000E49B3FBF1F301335169490500D523B9EE
:108CB00053695B05E8D503207047013BF4E7B3F542
:108CC000806F1FBF136823F4C06343F48063136095
:108CD000DAE700BF007000401C00002040420F0097
:108CE00037B51E4DAB6DDA00044618D5FFF7BAFF55
:108CF000B0F5007F23D1802C29D9A02C8CBF022471
:108D0000012417490A6822F0070222430A60086812
:108D100000F00700001B18BF012003B030BDAB6D91
:108D200043F08053AB65AB6D03F080530193019B1F
:108D3000FFF798FFAB6D23F08053AB65D8E7802C2D
:108D400007D808D0A4F170035C425C41D9E7002445
:108D5000D7E70324D5E70224D3E700BF0010024081
:108D600000200240224B9A68D96812F00C0205D00C
:108D70000C2A15D101F00301012918D119681D48E9
:108D8000090755BFD3F894101968C1F30321C1F343
:108D9000031150F821004AB30C2A09D00020704773
:108DA000042A22D0082A144818BF00207047002047
:108DB000DA6802F00302022A15D00F49032A08BF1D
:108DC0000846D968DA68C2F306224243D868C0F37D
:108DD0004160C1F30211013001314000B2FBF1F2F8
:108DE000B2FBF0F070470548EBE70448704700BF5E
:108DF00000100240C0C3000800127A000024F400F2
:108E00002DE9F743054608B9012047E0944C036873
:108E1000A668E768DB0606F00C0607F0030775D5C1
:108E20001EB10C2E54D1012F52D12368980702D5C0
:108E3000AB69002BE8D02368286A190756BFD4F81D
:108E4000943023681B0903F0F003984229D9FFF7F7
:108E500047FF0028D8D1236843F008032360236824
:108E60002A6A23F0F003134323606368EA6923F45A
:108E70007F4343EA02236360FFF774FFA368794AE4
:108E8000C3F30313D35C03F01F03D840764B186081
:108E9000764B1868FFF7E0FC002837D003B0BDE838
:108EA000F083236843F008032360236823F0F00372
:108EB000034323606368EA6923F47F4343EA0223A0
:108EC0006360002ED8D1FFF70BFF0028D4D09BE7BA
:108ED000AB69002B3AD0236843F001032360FFF70E
:108EE000F1FC804623689A0728D5236843F00803DD
:108EF000236023682A6A23F0F00313432360636826
:108F0000EA6923F47F4343EA022363602B68D807AE
:108F10002DD42B6899076BD42B68180700F1A88013
:108F20002B68590700F1CE802B68990600F1378134
:108F3000AB6A002B40F05D810020AFE7FFF7C2FC79
:108F4000A0EB08000228CDD90320A7E7236823F06F
:108F500001032360FFF7B6FC804623689B07D5D545
:108F6000FFF7B0FCA0EB08000228F6D9ECE7082ECA
:108F700003D00C2E08D1032F06D123689A03C8D53D
:108F80006B68002BC5D13FE76B68B3F5803F10D10C
:108F9000236843F480332360FFF794FC8046236802
:108FA0009B03B6D4FFF78EFCA0EB08006428F6D92B
:108FB000CAE7B3F5A02F04D1236843F480232360CC
:108FC000E6E7226822F480322260226822F48022BE
:108FD0002260002BE0D1FFF775FC804623689803E0
:108FE00097D5FFF76FFCA0EB08006428F6D9ABE734
:108FF000042E03D00C2E10D1022F0ED12368590558
:1090000003D5EB68002B3FF4FFAE63682A6923F0B9
:10901000F85343EA026363607EE7EB687BB1236841
:1090200043F480732360FFF74DFC074623685A051D
:10903000EBD4FFF747FCC01B0228F7D984E723686D
:1090400023F480732360FFF73DFC074623685B052C
:109050007FF562AFFFF736FCC01B0228F6D973E735
:1090600000100240A8C300081C00002024000020BB
:109070006B699BB1D4F8943043F00103C4F8943089
:10908000FFF720FC0746D4F894309A073FF548AF25
:10909000FFF718FCC01B0228F5D955E7D4F8943027
:1090A00023F00103C4F89430FFF70CFC0746D4F812
:1090B00094309B077FF534AFFFF704FCC01B0228F8
:1090C000F5D941E7A36DD80029D4A36D43F08053AF
:1090D000A365A36D03F080530193019B4FF001083A
:1090E000964F3B68D9051DD5AB68012B2BD1D4F821
:1090F000903043F00103C4F89030FFF7E3FB41F2F6
:1091000088390746D4F890309B0742D5B8F1000F54
:109110003FF40AAFA36D23F08053A36504E74FF03B
:109120000008DDE73B6843F480733B60FFF7CAFB50
:1091300081463B68DA05D7D4FFF7C4FBA0EB0900F2
:109140000228F6D900E7052B06D1D4F8903043F079
:109150000403C4F89030CAE7D4F8902022F001024A
:10916000C4F89020D4F8902022F00402C4F8902093
:10917000002BC2D1FFF7A6FB41F288390746D4F88D
:1091800090309807C2D5FFF79DFBC01B4845F6D924
:10919000DAE6FFF797FBC01B4845B3D9D4E66B6A04
:1091A0009BB1D4F8983043F00103C4F89830FFF72E
:1091B00089FB0746D4F898309A073FF5B9AEFFF718
:1091C00081FBC01B0228F5D9BEE6D4F8983023F005
:1091D0000103C4F89830FFF775FB0746D4F89830C0
:1091E0009B077FF5A5AEFFF76DFBC01B0228F5D9E5
:1091F000AAE6022B40F08880E368EA6A03F00301E4
:10920000914222D1296B03F070020139B2EB011FA8
:109210001BD1696B03F4FE42B2EB012F15D1A96B90
:1092200003F07842B2EBC16F0FD1EA6B520803F43E
:10923000C001013AB1EB425F07D12A6C520803F03A
:10924000C063013AB3EB426F45D00C2E3FF4DCAD66
:1092500023685E013FF5D8AD236823F08073236057
:10926000FFF730FB0646236898012ED4E268344BA2
:109270001340EA6A13436A6B43EA0223AA6B43EA88
:10928000C2632A6B013A43EA0213EA6B5208013ABD
:1092900043EA42532A6C5208013A43EA4263E360CC
:1092A000236843F080732360E36843F08073E360D6
:1092B000FFF708FB0546236899013FF53DAEFFF730
:1092C00001FB401B0228F6D93EE6FFF7FBFA801BA4
:1092D0000228C8D938E623689A013FF52DAE2368E5
:1092E00043F080732360E36843F08073E360FFF72B
:1092F000E9FA054623689B013FF51EAEFFF7E2FA47
:10930000401B0228F6D91FE60C2E3FF47DAD2368E2
:1093100023F080732360FFF7D5FA0546236813F026
:10932000007304D1E168074A0A40E26004E6FFF7EF
:10933000C9FA401B0228F1D906E600BF00700040C0
:109340008C809D01FCFFEEFE2DE9F0410D460446A8
:1093500010B90120BDE8F0814B4A136803F0070300
:109360008B422CD32168880734D4C9073FD42168A5
:109370008A0768D4444A136803F00703AB426FD8E6
:1093800011F0040F414D77D10B0706D5AB68226968
:1093900023F4605343EAC203AB60FFF7E3FCAB681E
:1093A0003B4AC3F30313BDE8F041D35C03F01F0352
:1093B000D840384B1860384B1868FFF74DBA13681F
:1093C00023F007030B431360136803F007038B427A
:1093D000BFD1C7E72D4AA068936803F0F003984215
:1093E00081BF936823F0F00303439360BDE7626895
:1093F000264E032A33681AD113F0007FA9D0B36830
:1094000023F003031343B360FFF75CFA41F288389B
:109410000746B368626803F00C03B3EB820FA6D073
:10942000FFF750FAC01B4045F3D9032092E7022A08
:1094300002D113F4003FE1E712B913F0020FDDE7A8
:1094400013F4806FDAE7114AA068936803F0F00321
:1094500098423FBF936823F0F0030343936089E78A
:10946000136823F007032B431360136803F007030B
:10947000AB427FF46EAF83E7AB68E26823F4E0634E
:109480001343AB6080E700BF0020024000100240A1
:10949000A8C300081C00002024000020B0F1904F59
:1094A0000AD12C4BDA6A42F00102DA62DA6A22F05F
:1094B0000102DA6200207047274B98420BD103F17A
:1094C000784303F50333DA6A42F00202DA62DA6AB9
:1094D00022F00202EDE7214B98420BD103F17843D1
:1094E00003F50233DA6A42F00402DA62DA6A22F041
:1094F0000402DEE71A4B98420BD103F1784303F5DF
:109500000133DA6A42F00802DA62DA6A22F008020B
:10951000CFE7144B98420BD103F1784303F50033A6
:10952000DA6A42F01002DA62DA6A22F01002C0E768
:109530000D4B98420BD103F1784303F5FA33DA6A05
:1095400042F08002DA62DA6A22F08002B1E701209A
:10955000704700BF001002400004004800080048A7
:10956000000C004800100048001C00482DE9F04F96
:1095700002460D6895FAA5F44FF0010EB4FA84F492
:1095800003274FF00F0C6FEA050835FA04F001D1FC
:10959000BDE8F08F0EFA04F32B4067D04868461EF2
:1095A000012E1ED8966893FAA3F9B9FA89F94FEA01
:1095B000490907FA09F926EA090993FAA3FA8E6814
:1095C000BAFA8AFA4FEA4A0A06FA0AF646EA090697
:1095D0009660566808EA0609CE686E4349EA0606B0
:1095E0005660D66893FAA3F9B9FA89F94FEA49099E
:1095F00007FA09F926EA090993FAA3FA0E69BAFAF1
:109600008AFA4FEA4A0A06FA0AF646EA09060228E0
:10961000D66018D1FF2BD1F814A029D8D2F8209009
:1096200093FAA3F6B6FA86F6B6000CFA06F629EA1D
:10963000060993FAA3F6B6FA86F6B6000AFA06F613
:1096400046EA09061662166893FAA3F9B9FA89F987
:109650004FEA490907FA09F926EA090693FAA3F33A
:10966000B3FA83F35B0098403043106001348CE719
:10967000D2F824901E0A96FAA6FBBBFA8BFB4FEA9F
:109680008B0B0CFA0BFB29EA0B0996FAA6F6B6FA35
:1096900086F6B6000AFA06FA4AEA09065662D2E7E0
:1096A000024B1868C0F38020704700BF00100240D2
:1096B000024BD3F89000C0F3400070470010024006
:1096C000024B1868C0F3C000704700BF0010024092
:1096D000034B044A9B68C3F30313D35CD840704721
:1096E00000100240A8C30008034B044A9B68C3F360
:1096F0000223D35CD840704700100240B8C3000872
:10970000374A936803F00C03082B10B563D010D8C8
:109710000BB1042B61D0FFF7D3FF324C0146002878
:109720004AD1FFF7CDFF002841D0136854F821003B
:1097300024E00C2BEFD1D36803F00303022B32D0CB
:10974000032B32D0FFF7BCFF26490446E0B9FFF7F0
:10975000B7FFA0B1136851F82400D168D468D3686A
:10976000C1F30212C3F3416301320133B0FBF2F0E3
:10977000C4F3062250435B00B0FBF3F010BDD2F8F7
:109780009440C4F30324E6E7FFF79AFF28B1136877
:10979000C3F3031351F82300DFE7D2F894301B0919
:1097A00003F0F003F6E71048D7E71048D5E7D2F802
:1097B0009410C1F30321B9E7FFF782FF28B11368C2
:1097C000C3F3031354F82300D8E7D2F894301B09ED
:1097D00003F0F003F6E70548D0E70348CEE700BF03
:1097E00000100240C0C300080024F40000127A00F8
:1097F000244B1A6842F0010282B01A601A6892077C
:10980000FCD51A6822F0F00242F060021A605A6831
:1098100022F47F425A605A6822F0F85242F0805295
:109820005A6000229A601A6801920199164A0A4009
:109830000192019A22F080620192019A1A601868DE
:1098400010F02060FBD14FF48052DA601A611A6880
:1098500022F480221A6040F23F3298610192019A0C
:1098600042F480620192019A42F040020192019A10
:109870001A62D3F8942042F40002C3F8942002B094
:10988000704700BF00100240FFF4FEFE032810B531
:1098900024D1314C314AD4F8883003F0030343F427
:1098A0004033934209D0B3F1031F2ED0013A9342C3
:1098B00009D1BDE81040FFF723BFFFF7F1FE0028F4
:1098C00047D1002027E0FFF71BFFFFF701FFA36848
:1098D000234AC3F3C223D35CD8401CE00C2823D115
:1098E0001D4B204AD3F8883003F00C0343F4402387
:1098F0009342E2D006D8B3F5402F0DD0043A9342FC
:10990000D7D0DEE7B3F10C1FDBD1FFF7D1FE003873
:1099100018BF0120C00310BDFFF7F2FEFFF7D8FE0D
:10992000BDE81040FFF7E0BE3028CAD10A4B0E4A0E
:10993000D3F8883003F0300343F440139342BCD093
:1099400004D8B3F5401FE7D0103AD8E7B3F1301F81
:10995000DAE70648DFE700BF00100240020003001C
:10996000B8C3000808000C00200030000024F400F8
:10997000154B98420BD103F560431A6C42F48052A8
:109980001A641A6C22F480521A64002070470F4B3C
:10999000984205D003F5806398420BD001207047B0
:1099A0000B4B9A6B42F480429A639A6B22F480428A
:1099B0009A63EAE7064B9A6B42F400429A639A6B09
:1099C00022F40042F4E700BF0030014000380040BC
:1099D0000010024003685B0670B52DD4D1E9003653
:1099E0003343CE684A6905680C6A33430E693343D2
:1099F0008E6913433343CE6925F47F45334325F005
:109A0000BF0523432B43036043688D6823F47063D1
:109A100023F0040345EA12421A43B5F5006F426091
:109A20003EBF436843F480534360B4F5005F01D107
:109A30008B8C0361002000E0012070BD1A4A03688E
:109A4000904210B502D0B0F1804F09D14C6823F09C
:109A50007003904243EA040309D0B0F1804F06D06E
:109A6000124A904203D002F58062904203D1CA6844
:109A700023F44073134303608B68C3620B888362D3
:109A8000094B984207D003F5A053984203D003F541
:109A90008063984201D10B690363436943F001037A
:109AA0004361002010BD00BF002C01400040014078
:109AB000B1F5805F30B500F0F08009D8102975D07D
:109AC000B1F5807F00F0AE80012935D0012030BD96
:109AD000B1F5803F00F00E81B1F5801FF6D1036A29
:109AE000146823F480130362036A416D21F08071CE
:109AF00021F4E04141EA0424116923F4001343EA0C
:109B00000153516823F4801343EA0153904988427A
:109B100007D001F5A051884203D001F58061884249
:109B200006D14168956921F4802141EA852141608F
:109B3000D2684465C26536E0036A156823F0010304
:109B40000362036A4168846924F4803424F0730456
:109B50002C43156923F002032B43556823F00103BE
:109B60002B437B4DA84207D005F5A055A84203D052
:109B700005F58065A84212D1556923F0080343EA30
:109B80008503956823F0040343EA8503956921F46E
:109B900080712943D56921F4007141EA4501D268F9
:109BA0004160846142630362002090E7036A1568A4
:109BB00023F010030362036A4168846924F080740F
:109BC00024F4E64444EA0524156923F0200343EA1B
:109BD0000513556823F0100343EA05135C4DA842B2
:109BE00007D005F5A055A84203D005F58065A84229
:109BF00013D1556923F0800343EA8513956823F058
:109C0000400343EA8513956921F4806141EA8501A7
:109C1000D56921F4006141EAC501D26841608461DF
:109C20008263C0E7036A156823F480730362036AE2
:109C30004168C46924F4803424F073042C4315690A
:109C400023F4007343EA0523556823F4807343EA41
:109C500005233F4DA84207D005F5A055A84203D0E3
:109C600005F58065A84213D1556923F4006343EAE2
:109C70008523956823F4806343EA8523956921F45D
:109C8000805141EA0511D56921F4005141EA45119D
:109C9000D2684160C461C26385E7036A156823F432
:109CA00080530362036A4468C16921F0807121F422
:109CB000E64141EA0521156923F4005343EA0533DF
:109CC000556823F4805343EA0533214DA84207D059
:109CD00005F5A055A84203D005F58065A84204D13A
:109CE000956924F4804444EA8514D2684460C161D3
:109CF000026458E7036A146823F480330362036A3A
:109D0000416D21F4803121F070010C43116923F47D
:109D1000003343EA0143516823F4803343EA0143AB
:109D20000B49884207D001F5A051884203D001F5C4
:109D30008061884206D14168956921F4803141EA09
:109D4000052141604465D268816D82652BE700BFC3
:109D5000002C0140154B98420BD103F558431A6C67
:109D600042F480421A641A6C22F480421A64002081
:109D700070470F4B98420AD103F5E6339A6B42F4D1
:109D800000329A639A6B22F400329A63EFE7094B30
:109D9000984209D103F5E4339A6B42F480229A6326
:109DA0009A6B22F48022F0E70120704700380140CE
:109DB000004400400048004038B50368DB07044613
:109DC0000D4601D5012038BDEA686B680168134370
:109DD0002A691343AA6913431E4A0A4013430360C6
:109DE0004368AA6823F440531343436083686A6955
:109DF00023F4407313438360174B98421AD1032016
:109E0000FFF744FD0028DDD02A68002ADAD0A969CE
:109E1000B1F5004F4FEA520316D103EB4003B3FBF9
:109E2000F2F34FF6F0721A40C3F342031343E360B8
:109E30000020C8E7094B984201D10C20E0E7084B0D
:109E40009842BFD13020DBE70344B3FBF2F39BB26F
:109E5000EDE700BFF369FFEF003801400044004028
:109E60000048004030B5302442F20F75A84212D8A5
:109E70000C703021B0F57A7F14D211703022632833
:109E800016D81A703023092817D8039A1370049B28
:109E90003030187030BDA0F51C5001341038E4B2D9
:109EA00080B2E3E70131A0F57A70C9B280B2E1E790
:109EB00001326438D2B280B2E1E701330A38DBB252
:109EC00080B2E0E713B50B1D0193CB1C00934A1C35
:109ED0008B1C0C46FFF7C6FF0023637102B010BD58
:109EE00003099F2800F00F0094BF3033373309284F
:109EF0000B7094BF30303730002348708B70704740
:109F000008B50249FFF7ECFF084608BDB82C002051
:109F10002DE9F34105460C468E180027B44202D1C4
:109F200002B0BDE8F0812B688DF80770D3F8088087
:109F3000224601230DF107012846C0470134EDE711
:109F4000F7B505460C468E18B44201D103B0F0BDFA
:109F500014F8013B8DF807302B680DF106029F685D
:109F60000DF1070101232846B847EDE707B503685F
:109F70008DF807101B6901220DF10701984703B006
:109F80005DF804FB024A02600022C0E9012270472A
:109F9000F8C3000873B5019303680D4604461B68B7
:109FA00065F07F0516469847E9B22046FFF7DEFFC9
:109FB0002368019A1B6920463146984723685B68ED
:109FC000204602B0BDE87040184707B501238DF860
:109FD00007200DF10702FFF7DDFF03B05DF804FB7A
:109FE00073B50193036804461B680E4615469847EF
:109FF00006F07F012046FFF7B9FF2368019ADB686E
:10A0000020462946984723685B68204602B0BDE891
:10A010007040184707B501230DF10702FFF7E0FF75
:10A020009DF8070003B05DF804FBF8B505460E4641
:10A0300014461F46FFF7EEFF20EA0402D2B23C406E
:10A04000224331462846FFF7C0FFF8BD37B5154615
:10A050000A460D2104460193FFF7B7FF019B2A46EC
:10A060000021204603B0BDE83040FFF793BF37B56D
:10A0700015460A460D2104460193FFF7A6FF019BF2
:10A080002A460021204603B0BDE83040FFF7A8BFB4
:10A0900008B500220121FFF798FF08BD08B501228D
:10A0A0001146FFF792FF08BD07B50B0C8DF8043081
:10A0B0000B0A8DF805308DF80610032301AA06213E
:10A0C000FFF768FF03B05DF804FB08B50A430C21F5
:10A0D000FFF77BFF08BD902938B5044615460CD123
:10A0E00002223621FFF771FF2DB964223A21204662
:10A0F000FFF76BFF38BD7F22F8E703223621F7E731
:10A10000902970B505460C4606D18023BDE8704005
:10A110001A463121FFF789BF002380223121FFF742
:10A1200084FF302C1ED00AD8B4B1102C1AD0202CA9
:10A1300018D0002230212846FFF747FF70BD602C61
:10A1400008D003D804F0EF04402CF1E7702C01D0C4
:10A15000802CEED1402200E048222F212846FFF734
:10A1600034FFE6E74422F8E738B5044615460A46C8
:10A170000E21FFF72AFF2A460F212046FFF725FF71
:10A1800038BD602938B504460D4643EA020316D1AE
:10A1900043F001021D21FFF718FF2B46F4221E2178
:10A1A0002046FFF742FF0722052331212046FFF713
:10A1B0003CFF0C2237212046FFF707FF38BDFE2267
:10A1C0001D21FFF732FF2B46F0221E212046FFF70C
:10A1D0002CFF0722032331212046FFF726FF0A2206
:10A1E000E8E72DE9F04704460F46164620210022F5
:10A1F0001D469DF820909DF82480FFF7E6FE3A4624
:10A2000020462121FFF7E1FE3346204601221D2191
:10A21000FFF70BFF4B46204604221E21FFF705FFE8
:10A220002A4620462221FFF7D0FE434620464122FF
:10A23000BDE8F0473321FFF7F8BE70B51646CA43B4
:10A240001D460446D2B21121FFF7BFFE46EA0502C1
:10A2500020464021FFF7B9FE20460023BDE87040AC
:10A26000F1224121FFF7E1BE08B51221FFF7D2FE2E
:10A2700080B208BD08B50A461221FFF7A6FE08BD48
:10A2800070B504460E46FFF7EFFFF1B205462046D3
:10A29000FFF7F0FF2046FFF701FF284670BD37B5F6
:10A2A0001D4605F00F052A439DF8183001930A4317
:10A2B00009210446FFF789FE019B0F220A2120464F
:10A2C00003B0BDE83040FFF7B0BE08B5032201215E
:10A2D000FFF77BFE08BD08B505220121FFF775FEDB
:10A2E00008BD70B50C46064615461A21B3B9FFF7EE
:10A2F00091FEA0F19D031BB2238019213046FFF788
:10A3000089FE40B200280346B8BFC31C9B102B70C7
:10A310000330BEBF22889B18238070BDFFF77AFEF2
:10A32000A0F1A403E7E708B54221FFF773FE08BDDB
:10A3300043688160C91AFFF7B7BE0000836810B593
:10A3400004463BB32821FFF765FE10F0080F636851
:10A3500000F007000BD007280CBF03F1FF33043BCC
:10A36000636062680D4B9A4209DA636007E090B956
:10A3700001336360626840F266639A42F5DC084B21
:10A38000626827215A432046A368B2FBF3F2D2B297
:10A39000FFF71BFE10BD0433EBE700BF9AF9FFFF88
:10A3A000F07E0E0010EE100AC0F3C7527F3A162A54
:10A3B00015DC002A08DA013200F0004301D143F035
:10A3C0007E5300EE103A7047074911410842FAD017
:10A3D0004FF480031341034423EA0103F1E7802A89
:10A3E000F1D130EE000A7047FFFF7F00884210B5C0
:10A3F00001EB020402D98442234607D8431EA1423E
:10A4000008D011F8012B03F8012FF8E702440146A8
:10A410008A4200D110BD13F8014D02F8014DF7E753
:10A4200002440346934200D1704703F8011BF9E749
:10A4300010B50246147813460132002CFAD1013BC4
:10A4400011F8012B03F8012F002AF9D110BDC9B270
:10A45000034610F8012B1AB18A42F9D11846704709
:10A46000002918BF0023F9E710B56AB10139841833
:10A4700010F8012B11F8013F9A4203D1A04201D0FC
:10A48000002AF5D1D01A10BD1046FCE770B50D4D6D
:10A490000D4C641BA4100026A64209D10B4D0C4C98
:10A4A00000F02EF8641BA4100026A64205D170BD52
:10A4B00055F8043B98470136EEE755F8043B9847BA
:10A4C0000136F2E70CC400080CC400080CC40008F4
:10A4D00014C40008034611F8012B03F8012B002ACD
:10A4E000F9D170470A44914200F1FF3300D170471F
:10A4F00010B511F8014B03F8014F9142F9D110BD8D
:10A50000F8B500BFF8BC08BC9E467047F8B500BF60
:08A51000F8BC08BC9E46704730
:10A5180018120C180101011919011919010606016F
:10A5280006060103030103030102020102020112EC
:10A538000C01120C00206C0002206A006D007700EC
:10A548000205010202016D696E2C00206D572C0076
:10A55800322E3447003931354D003836384D003405
:10A5680033334D003730636D003836364D0044556F
:10A57800414C003F003530487A003331487A003189
:10A5880039487A00464C52430046534B003139480B
:10A598007A377800011F136F0113000000D57FAAD6
:10A5A800FE2B815429FC5683D702A87D52872DF8AB
:10A5B800AC79D3067BAE04D18550FA2FA471DB0E9B
:10A5C8005A8F25F08D58F22773A60CD9F623895C8B
:10A5D80008DD77A2DF0AA07521F45E8B9D48E2377B
:10A5E80063B61CC9B461CB1E4A9F35E0CF1AB0656B
:10A5F80031E44E9BE633994C18CD67B239EC46935B
:10A60800C712B86D10C56FBAEE3B91446BBE14C14A
:10A618009540EA3F42973DE8BC69C316EF3A90453A
:10A6280011C46EBBC613B96C38ED4792BD68C2172A
:10A6380043963CE99441EB3E6ABF15C04B9E34E11A
:10A64800B560CA1F62B71DC89C49E33619CC66B30A
:10A65800E732984D30E54F9ACE1BB16472A70DD8FA
:10A668008C59F3265B8E24F1A570DA0F20F55F8AEA
:10A67800DE0BA17409DC76A3F722885DD603A97CDA
:10A6880028FD5782FF2A805501D47EAB8451FB2ECA
:10A698007AAF05D0AD78D20753862CF9616263642E
:10A6A80065666768696A6B6C6D6E6F7071727374DA
:10A6B80075767778797A30313233343536373839B8
:10A6C8005F232D2E0000010001000200020002009D
:10A6D800030004000500060008000A000C00100032
:10A6E800140019002000280032003F0050006400C8
:10A6F8007D009E00C800FA003C019001F40176023A
:10A708002003E803E204DC05D00700000000000095
:10A7180000000000E90A0008000000000000000036
:10A72800F50A00080000000000000000D10A000837
:10A7380000010204050301020001020503046D6C17
:10A7480072732E300053657475705374617274534C
:10A7580074783452780053657475705374617274E8
:10A768004D61726B65720021656E642100467273DB
:10A778006B792052394D58006D4C52530102030435
:10A78800006D4C525304030201000A00405041522C
:10A79800414D2F706172616D2E70636B0066616947
:10A7A8006C20610020005378206E6F74206F6B005E
:10A7B8002E0000000000000000000000510D0008FD
:10A7C800710D0008171C0008411C00085F1C0008D8
:10A7D800332F00080000000000000000190C0008DA
:10A7E80013200008F91E0008411E0008171E000863
:10A7F800910D0008A51E0008AD0D0008711E000887
:10A80800D10D00080000000000000000190C00082D
:10A818001B0C00081D0C00081F0C0008230C000866
:10A82800250C0008290C00082D0C00082F0C000826
:10A83800330C00080000000000000000DB3D0008A9
:10A84800713E0008553E0008353E00080000000033
:10A8580000000000190C0008ED0D00081D0C000890
:10A868001F0C00088D690008096A0008E9510008F2
:10A87800595200082F0C0008330C0008414E474C71
:10A888004500484F52495A4F4E004E415620414CC0
:10A8980054484F4C440048454144494E4720484F8E
:10A8A8004C440048454144465245450048454144CA
:10A8B80041444A0043414D53544142004E415620C1
:10A8C800525448004E415620504F53484F4C440074
:10A8D8004D414E55414C00424545504552004C456E
:10A8E8004453204F4646004C4947485453004F5361
:10A8F80044204F46460054454C454D455452590056
:10A908004155544F2054554E4500424C41434B420B
:10A918004F58004641494C53414645004E41562048
:10A92800575000414952204D4F444500484F4D452E
:10A9380020524553455400474353204E4156004644
:10A94800505620414E474C45204D495800535552CA
:10A958004641434500464C415045524F4E005455E0
:10A96800524E20415353495354004E4156204C41B6
:10A97800554E434800534552564F204155544F5465
:10A9880052494D0043414D45524120434F4E545288
:10A998004F4C20310043414D45524120434F4E54C6
:10A9A800524F4C20320043414D45524120434F4EB7
:10A9B80054524F4C2033004F534420414C542031C3
:10A9C800004F534420414C542032004F53442041FF
:10A9D8004C542033004E415620434F555253452086
:10A9E800484F4C44004D43204252414B494E47008A
:10A9F800555345523100555345523200555345522F
:10AA080033005553455234004C4F49544552204366
:10AA180048414E4745004D5350205243204F56451C
:10AA280052524944450050524541524D00545552E6
:10AA3800544C45004E415620435255495345004118
:10AA480055544F204C4556454C205452494D0057BB
:10AA58005020504C414E4E455200534F4152494EA2
:10AA680047004D495353494F4E204348414E4745AF
:10AA780000424545504552204D555445004D554CD2
:10AA880054492046554E4354494F4E004D49584568
:10AA9800522050524F46494C452032004D495845A6
:10AAA80052205452414E534954494F4E00414E474B
:10AAB8004C4520484F4C440047494D42414C204C9E
:10AAC8004556454C2054494C540047494D42414C49
:10AAD800204C4556454C20524F4C4C0047494D425E
:10AAE800414C2043454E5445520047494D42414C44
:10AAF8002048454144545241434B45520000800C84
:10AB0800D007B704C71B800CB7040410020A0B0651
:10AB1800972304100B06000000000000000000004E
:10AB2800FCBE00082B130000D4BE00080A00000079
:10AB3800000000000000000000000000000000000D
:10AB48000000000000000000000001000A000A00E8
:10AB58000E0019001100320061626364656667685F
:10AB6800696A6B6C6D6E6F707172737475767778D5
:10AB7800797A303132333435363738395F232D2EF0
:10AB88000000000000070E091C1B1215383F363163
:10AB980024232A2D70777E796C6B6265484F464175
:10ABA80054535A5DE0E7EEE9FCFBF2F5D8DFD6D165
:10ABB800C4C3CACD90979E998C8B8285A8AFA6A155
:10ABC800B4B3BABDC7C0C9CEDBDCD5D2FFF8F1F645
:10ABD800E3E4EDEAB7B0B9BEABACA5A28F88818635
:10ABE80093949D9A2720292E3B3C35321F18111625
:10ABF80003040D0A5750595E4B4C45426F68616615
:10AC080073747D7A898E878095929B9CB1B6BFB804
:10AC1800ADAAA3A4F9FEF7F0E5E2EBECC1C6CFC8F4
:10AC2800DDDAD3D4696E676075727B7C51565F58E4
:10AC38004D4A4344191E171005020B0C21262F28D4
:10AC48003D3A33344E49404752555C5B7671787FC4
:10AC58006A6D64633E39303722252C2B0601080FB4
:10AC68001A1D1413AEA9A0A7B2B5BCBB9691989FA4
:10AC78008A8D8483DED9D0D7C2C5CCCBE6E1E8EF94
:10AC8800FAFDF4F3000000003209000000000000A3
:10AC9800010000007C2B0000000000000200000002
:10ACA800890C00000000000004000000ED0E030CF9
:10ACB8000D00000005000000D91C01000000000084
:10ACC8000600000068030000000000000700000004
:10ACD8007720000000000000080000007524000034
:10ACE800000000000B0000005906010400000000ED
:10ACF80014000000D6140302030000001500000031
:10AD08009F0203000100000016000000DC1900008B
:10AD18000000000017000000A81703040500000049
:10AD2800180000001834000000000000190000009E
:10AD380017650000000000001A000000AA180000B3
:10AD4800000000001B000000901D00000000000033
:10AD58001C00000043100000000000001D0000005F
:10AD680073100000000000001E000000271C0000F7
:10AD7800000000001F000000F63000000000000086
:10AD880020000000B91C00000000000021000000A5
:10AD9800681C00000000000022000000ED16000002
:10ADA8000000000023000000F4160000000000006E
:10ADB80024000000DE25000000000000250000003F
:10ADC800D407030405000000260000000907030457
:10ADD8000500000027000000FE26032021000000D7
:10ADE80028000000E6050302030000002900000017
:10ADF8001C040302030000002A0000001C120000CB
:10AE0800000000002B000000840303000100000084
:10AE18002C000000DD090302030000002D000000E3
:10AE2800E8030300010000002E0000000B020000F0
:10AE3800000000002F000000990803000100000036
:10AE4800300000002915010C00000000310000004E
:10AE58002714000000000000320000004E250312F5
:10AE68001300000033000000C405030203000000C3
:10AE78003500000003050000000000003600000057
:10AE88000F1B031819000000370000000319000009
:10AE9800000000003D000000A7480000000000007E
:10AEA8003E000000B71A0000000000003F0000004C
:10AEB80077B500000000000040000000BFE100007E
:10AEC8000000000041000000762A00000000000099
:10AED8004200000094060302030000004300000043
:10AEE800150400000000000045000000F31E010AE0
:10AEF80000000000460000007C260310110000003E
:10AF08004900000026260320210000004A00000016
:10AF180014140000000000004B0000009E23031ED4
:10AF28001F0000004C0000009821031E1F000000B5
:10AF38004D0000008F0A03080900000050000000BF
:10AF48000E04030203000000510000006A1600000E
:10AF580000000000520000003133032425000000E7
:10AF680053000000162500000000000054000000F7
:10AF78008F35033233000000550000008C33000089
:10AF880000000000560000000535033233000000C1
:10AF98005700000096330000000000005900000030
:10AFA800E71C0000000000005A000000B73800004D
:10AFB800000000005B0000003F2A000000000000C5
:10AFC8005C00000036210000000000005D00000069
:10AFD8002F5100000000000064000000AF220000B4
:10AFE8000000000065000000667500000000000019
:10AFF800660000009E750000000000006700000069
:10B00800D03900000000000068000000387400001B
:10B0180000000000690000005D3F00000000000023
:10B028006A0000008A2C0000000000006B0000008D
:10B038006C410000000000006C000000205C000073
:10B04800000000006D000000B909000000000000C9
:10B058006E00000054FE0301020000006F000000B3
:10B06800221203101100000070000000AE0C000056
:10B0780000000000710000007C27000000000000B4
:10B0880072000000ED2C00000000000073000000BA
:10B098000440000000000000740000004C1800008C
:10B0A8000000000075000000800603040500000091
:10B0B80076000000380E0000000000007700000055
:10B0C800740C030A0B000000780000008661000081
:10B0D8000000000079000000ED02030001000000FC
:10B0E8007A000000CB020300010000007B00000092
:10B0F800FA710300010000007C00000057390000CD
:10B10800000000007D000000CB06000000000000E9
:10B118007E000000DC51034F500000007F0000005B
:10B12800192300000000000080000000E223000056
:10B1380000000000810000002E1800000000000040
:10B14800820000001D0D00000000000083000000C8
:10B15800DFFF000000000000840000005527000009
:10B16800000000008500000006120000000000003A
:10B1780086000000E52B00000000000087000000AA
:10B18800CB08000000000000880000000116000045
:10B198000000000089000000C3100000000000004B
:10B1A8008A0000006D780000000000008B0000009D
:10B1B800A82B03292A0000008C000000B5290000F4
:10B1C800000000008D0000002F200000000000009B
:10B1D8008E00000048F30000000000008F0000000F
:10B1E8008310000000000000900000007F5D000058
:10B1F80000000000920000006764000000000000EA
:10B20800930000009A36000000000000940000003F
:10B21800B24E00000000000095000000C83C00008D
:10B228000000000096000000862A000000000000D0
:10B2380097000000DB0803060700000098000000E4
:10B24800D00800000000000099000000BC0C0000BD
:10B25800000000009A000000540F030607000000D9
:10B268009B000000160D0304050000009C00000070
:10B2780013060300010000009D000000150F030CD9
:10B288000D0000009E000000860F030C0D0000005A
:10B29800A00000004E0C030809000000A1000000F7
:10B2A8004403030001000000A2000000BD090000E3
:10B2B80000000000A30000007F1C00000000000048
:10B2C800A40000009A2C000000000000A500000067
:10B2D8001503000000000000A6000000150900008A
:10B2E80000000000A7000000901600000000000009
:10B2F800A8000000010C000000000000A9000000E8
:10B30800EA12000000000000AA0000004922000024
:10B3180000000000AB000000B54200000000000083
:10B32800AC0000001662000000000000AD00000044
:10B338005308000000000000AE000000A730000025
:10B3480000000000AF0000008A13030E0F00000089
:10B35800B0000000EA03030001000000B100000093
:10B36800F014000000000000B20000002F180000D8
:10B3780000000000B3000000BD1D011A000000001D
:10B38800B4000000342F012A00000000B5000000BE
:10B39800AE04000000000000B6000000E528000030
:10B3A80000000000B7000000550203000100000083
:10B3B800B80000009FCE030405000000B90000009B
:10B3C800BA07030405000000BA000000481D030086
:10B3D80001000000BF0000005C1B0000000000002E
:10B3E800C00000002436000000000000C10000007A
:10B3F800471A000000000000C2000000622100009F
:10B4080000000000C30000007825000000000000D4
:10B41800C8000000862A032829000000C90000008F
:10B42800CD0E030C0D000000D600000045080306F1
:10B4380007000000D70000006503000000000000BE
:10B44800D80000003203030001000000D90000000A
:10B45800CA06000000000000DA000000110703001F
:10B4680001000000DB000000A20200000000000054
:10B47800DC0000002220000000000000DD000000C9
:10B48800472A000000000000DE0000000F03000053
:10B4980000000000DF000000772F032A2B000000C7
:10B4A800E0000000662D032A2B000000E1000000E8
:10B4B800D049000000000000E2000000CF080000B2
:10B4C80000000000E6000000A32A000000000000C1
:10B4D800E70000006928000000000000E800000004
:10B4E8009741000000000000E900000023B60000BA
:10B4F80000000000EA00000096280000000000009C
:10B50800EB000000B32A000000000000F10000007A
:10B518005A20000000000000F2000000683C000013
:10B5280000000000F3000000553D01340000000059
:10B53800F40000005F06000000000000F5000000B5
:10B548008202000000000000F6000000B82600009B
:10B5580000000000F7000000511300000000000088
:10B56800F800000008FE030304000000F9000000D2
:10B57800CC24000000000000FA000000311E00008A
:10B5880000000000FB000000AA12000000000000FC
:10B59800FC0000002C12000000000000FD0000006C
:10B5A8005336000000000000FE0000002E090000D5
:10B5B8000000000000010000472A030809000000FD
:10B5C80001010000830900000000000002010000E2
:10B5D800BBE8030001000000030100005CED00006F
:10B5E8000000000004010000920E000000000000AE
:10B5F80005010000B33D0000000000000601000046
:10B608000C170000000000000701000085FF000083
:10B6180000000000080100003120000000000000C8
:10B62800090100001A140000000000000A010000CF
:10B63800C1FF0302030000000B01000023FF030207
:10B64800030000000C0100000E04030203000000C8
:10B658000D0100006DD70000000000000E01000081
:10B668003B140000000000000F0100001635000028
:10B6780000000000130100007E2000000000000010
:10B688001401000012320000000000001501000043
:10B698003E1E0000000000001801000046210000C6
:10B6A8000000000019010000300D0000000000003B
:10B6B8001A0100007B230320210000001B01000069
:10B6C8004A910000000000001C0100006320031ED6
:10B6D8001F0000001D01000089310326270000001B
:10B6E8001E010000D2390332330000001F010000A0
:10B6F800011703141500000020010000141703149B
:10B708001500000022010000FB2E000000000000D0
:10B71800230100000A390000000000002401000095
:10B72800E3DF03181900000027010000EA0C0000FD
:10B738000000000028010000322300000000000083
:10B748002B01000013620000000000002C01000023
:10B75800D9160000000000002D010000F33A000097
:10B7680000000000360100001C110000000000006D
:10B77800370100005F740000000000004001000075
:10B78800F314030203000000410100005802030003
:10B798000100000042010000F395000000000000D5
:10B7A800430100004E930300010000004401000023
:10B7B80084920000000000004A01000017A7000062
:10B7C800000000004B0100005BE9000000000000E1
:10B7D8004C010000ECEF0000000000004D010000EB
:10B7E800E76D0000000000004E010000480A00005C
:10B7F800000000004F010000E118000000000000F8
:10B8080050010000F5540000000000005301000042
:10B81800C705000000000000540100006346000056
:10B828000000000059010000D115030203000000C8
:10B838005E010000E8FC000000000000620100005A
:10B84800D20E030C0D00000063010000060C00007E
:10B8580000000000680100000B1900000000000053
:10B86800690100005D210000000000007101000076
:10B878009718000000000000720100004B6D0000E6
:10B8880000000000730100000A1A00000000000018
:10B89800740100001A8C000000000000750100000F
:10B8A800752A00000000000077010000FB8C0000F2
:10B8B8000000000078010000C70800000000000038
:10B8C8007C010000E8140000000000008101000075
:10B8D8009385030203000000820100008410030422
:10B8E800050000008301000004480304050000006F
:10B8F80084010000082503202100000086010000C3
:10B908009CF00000000000008B01000000D4000043
:10B91800000000008C01000032A0000000000000C0
:10B928008D010000B66C00000000000090010000CE
:10B938006EFE03040500000091010000B706030431
:10B94800050000009A010000A0350000000000007A
:10B958009B0100006A030000000000009C01000039
:10B9680021060304050000009D0100004D070304A3
:10B97800050000009E0100006D100000000000009E
:10B988009F010000A110000000000000A4010000B9
:10B998001449030607000000B3010000862E0000CA
:10B9A80000000000B4010000C10900000000000010
:10B9B800B50100001E01000000000000B8010000F1
:10B9C8004223000000000000B9010000A911000096
:10B9D80000000000FE010000F56A00000000000001
:10B9E800FF0100001C4700000000000000020000EA
:10B9F800B802000000000000421F0000DA1000003A
:10BA080000000000431F0000E729000000000000BC
:10BA1800441F0000AC62000000000000451F000049
:10BA2800FB26000000000000461F0000610E000019
:10BA380000000000471F0000402000000000000038
:10BA4800481F0000EA21000000000000491F000014
:10BA580090100000000000004A1F00009B29000011
:10BA6800000000004B1F00001466000000000000EA
:10BA78004C1F000036100000000000004D1F0000A1
:10BA8800DE2E0000000000004E1F0000C80E00005F
:10BA9800000000004F1F0000171800000000000001
:10BAA800501F00009512000000000000282300002D
:10BAB80071890000000000002D230000752200009D
:10BAC8000000000011270000D11400000000000051
:10BAD80012270000BA290000000000001327000008
:10BAE8000401000000000000142700008509000080
:10BAF8000000000015270000670900000000000092
:10BB080016270000C10400000000000017270000ED
:10BB1800471100000000000018270000F00E000088
:10BB280000000000A7270000C35500000000000027
:10BB3800F82A00008634030405000000F92A0000F2
:10BB48000F88000000000000FA2A0000EAB403048D
:10BB580005000000FB2A000040050000000000006E
:10BB6800FC2A00000BE8030809000000FD2A000079
:10BB78005DE6000000000000022B00002E310000EE
:10BB880000000000032B00006A2C000000000000E9
:10BB98000C2B0000CD10000000000000162B000048
:10BBA800902C000000000000172B0000852C0000DE
:10BBB80000000000182B0000552C000000000000B9
:10BBC800192B0000C3250310110000001A2B0000D8
:10BBD8004F050000000000001B2B00008008030434
:10BBE800050000001C2B0000B1220000000000002E
:10BBF8001D2B0000821C0000000000001E2B00000E
:10BC08002F260000000000001F2B00008E090000F6
:10BC180000000000202B0000842C00000000000021
:10BC2800212B0000D02C000000000000222B000077
:10BC3800C92C000000000000232B0000C12C0000CC
:10BC480000000000242B0000BD2C000000000000B4
:10BC5800342B0000A24E00000000000064320000F7
:10BC6800722C03000100000065320000FE3B031E39
:10BC78001F000000663200008C3503040500000038
:10BC880067320000F92E030001000000683200004E
:10BC98004D36031C1D00000069320000312B0300E3
:10BCA80001000000733200005EF90300010000008B
:10BCB800763200008B33000000000000773200006D
:10BCC800071203101100000078320000140500006C
:10BCD800000000006842000067B300000000000098
:10BCE800FE4200001A21000000000000FF42000090
:10BCF800481000000000000001430000131100007C
:10BD0800000000000243000059110000000000007C
:10BD1800034300001B0A0000000000000443000069
:10BD28000E5B00000000000005430000BB5400004B
:10BD380000000000064300006A1800000000000030
:10BD480010A40000E30100000000000011A400009E
:10BD5800EF2E00000000000051C30000F620000094
:10BD68000000000052C30000B5F60000000000000B
:10BD780053C300003E1300000000000054C300003D
:10BD8800F00A03080900000055C3000098060304E0
:10BD98000500000020CB00000D640000000000003A
:10BDA80021CB0000EF0100000000000015CD0000CD
:10BDB800F01100000000000016CD0000584E0000F1
:10BDC8000000000017CD00006055000000000000D2
:10BDD80018CD0000B11C00000000000019CD0000C3
:10BDE800D73200000000000078CD0000B5260320FF
:10BDF8002100000079CD000066240000000000004A
:10BE080060EA000004160314150000006AEA000046
:10BE1800D0210000000000006BEA0000B707000016
:10BE2800000000006CEA00006324032021000000E9
:10BE38006DEA000081180314150000006EEA000086
:10BE4800860803040500000074EA0000CA04000024
:10BE58000000000088EA00009CF5000000000000D7
:10BE680089EA0000BFFF0000000000008DEA000022
:10BE78000E170302030000008EEA0000AB1C030843
:10BE8800090000008FEA00003707000000000000EA
:10BE980091EA0000610C00000000000092EA000036
:10BEA800DC0E00000000000093EA0000F518000016
:10BEB8000000000094EA0000652C0000000000006B
:10BEC80095EA00002D0600000000000099D1D70077
:10BED80033F3D700CC14D8006636D8000058D80001
:10BEE8009979D800339BD800CCBCD80066DED8003E
:10BEF8000000D9009999E10000C0E10066E6E10080
:10BF0800CC0CE2003333E2009959E2000080E200F1
:10BF180066A6E200CCCCE20033F3E2009919E30014
:10BF28000040E3006666E300CC8CE30033B3E30033
:10BF380099D9E3000000E4006626E400CC4CE40054
:10BF48003373E4009999E40000C0E40066E6E40075
:10BF5800CC0CE5003333E5009959E5000080E50095
:10BF680066A6E500CCCCE50033F3E5009919E600B8
:10BF78000040E6006666E600CC8CE60033B3E600D7
:10BF880099D9E6000000E7006626E700CC4CE700F8
:10BF98003373E7009999E70000C0E70066E6E70019
:10BFA8000000891112239B322446AD573665BF74B1
:10BFB800488CC19D5AAFD3BE6CCAE5DB7EE9F7F861
:10BFC8008110080193331A22A5562C47B7753E6491
:10BFD800C99C408DDBBF52AEEDDA64CBFFF976E841
:10BFE80002218B30100299132667AF763444BD5571
:10BFF8004AADC3BC588ED19F6EEBE7FA7CC8F5D921
:10C0080083310A2091121803A7772E66B5543C4550
:10C01800CBBD42ACD99E508FEFFB66EAFDD874C900
:10C0280004428D5316619F702004A9153227BB3630
:10C038004CCEC5DF5EEDD7FC6888E1997AABF3BAE0
:10C0480085520C4397711E60A1142805B3373A2610
:10C05800CDDE44CFDFFD56ECE9986089FBBB72AAC0
:10C0680006638F7214409D512225AB343006B917F0
:10C078004EEFC7FE5CCCD5DD6AA9E3B8788AF19BA0
:10C0880087730E6295501C41A3352A24B1163807D0
:10C09800CFFF46EEDDDC54CDEBB962A8F99A708B80
:10C0A800088481951AA793B62CC2A5D33EE1B7F0B0
:10C0B8004008C919522BDB3A644EED5F766DFF7C60
:10C0C800899400859BB712A6ADD224C3BFF136E090
:10C0D800C1184809D33B5A2AE55E6C4FF77D7E6C40
:10C0E8000AA583B4188691972EE3A7F23CC0B5D170
:10C0F8004229CB38500AD91B666FEF7E744CFD5D20
:10C108008BB502A499961087AFF326E2BDD034C14F
:10C11800C3394A28D11A580BE77F6E6EF55C7C4DFF
:10C128000CC685D71EE597F42880A1913AA3B3B22F
:10C13800444ACD5B5669DF78600CE91D722FFB3EDF
:10C148008DD604C79FF516E4A9902081BBB332A20F
:10C15800C55A4C4BD7795E68E11C680DF33F7A2EBF
:10C168000EE787F61CC495D52AA1A3B03882B193EF
:10C17800466BCF7A5448DD59622DEB3C700EF91F9F
:10C188008FF706E69DD414C5ABB122A0B9923083CF
:10C19800C77B4E6AD5585C49E33D6A2CF11E780F7F
:10C1A8006090020C015B00011C57000090FF00002A
:10C1B80031AA00080000000084A80008010200005D
:10C1C8008AA800080203000092A8000803040000DF
:10C1D8009EA8000805050000ABA800080606000098
:10C1E800B4A8000807FF0000BCA8000808FF00006A
:10C1F800C4A800080A070000CCA800080B08000023
:10C20800D8A800080C090000DFA800080DFF0000EE
:10C21800E6A800080FFF0000EFA8000810FF0000C4
:10C22800F6A8000813FF0000FEA8000814FF00008D
:10C2380008A90008150A000012A900081AFF000042
:10C248001BA900081B01000024A900081C0B000002
:10C258002BA900081D0C000034A900081EFF0000CF
:10C268003FA900081FFF000047A9000820FF0000A1
:10C2780055A9000821FF00005DA90008220D000053
:10C2880066A90008230E000072A90008240F000008
:10C298007DA9000825FF00008CA9000827FF0000E1
:10C2A8009DA9000828FF0000AEA9000829FF00008A
:10C2B800BFA900082AFF0000C9A900082BFF000039
:10C2C800D3A900082CFF0000DDA900082D100000EC
:10C2D800EDA900082EFF0000F8A900082FFF0000B4
:10C2E800FEA9000830FF000004AA000839FF00007A
:10C2F8000AAA00083AFF000010AA000831FF00004F
:10C308001EAA000832FF00002EAA000833FF000012
:10C3180035AA0008341100003CAA000835120000B4
:10C3280047AA000836FF000057AA000837FF000098
:10C3380062AA0008381300006AAA00083BFF000040
:10C3480079AA00083CFF000085AA00083DFF00000C
:10C3580094AA00083EFF0000A4AA00083FFF0000BE
:10C36800B5AA000840140000C0AA000841FF000058
:10C37800D2AA000842FF0000E4AA000843FF000018
:10C38800F2AA000844FF00000000000000000000BE
:10C39800DD7D0008DF7D0008E37D0008E77D0008FB
:10C3A800000000000000000001020304060708095D
:10C3B8000000000001020304A0860100400D0300F4
:10C3C800801A060000350C0040420F0080841E00D1
:10C3D80000093D0000127A000024F40000366E01C6
:10C3E8000048E801006CDC020000000000000000CA
:10C3F800000000000000000000000000119F00087D
:04C40800419F000848
:08C40C00B5010008357D0008B0
:04C41400910100088A
:10C4180090BADCFE785634120A00000014A800080E
:10C42800FF0000005CA80008E4A7000800093D0020
:10C4380001000000100000000000000000000000E3
:10C4480000000000000000000100000000000000E3
:08C458000000000000000000DC
:04000005080087D593
:00000001FF
