:020000040800F2
:1000000000500020B58C00089D8C00089F8C0008D3
:10001000A18C0008A38C0008A58C0008000000003B
:10002000000000000000000000000000A78C000895
:10003000A98C000800000000AB8C0008AD8C000803
:10004000FD8C0008FD8C0008FD8C0008FD8C00086C
:10005000FD8C0008FD8C0008FD8C0008FD8C00085C
:10006000FD8C0008FD8C0008FD8C0008FD8C00084C
:10007000FD8C0008FD8C0008FD8C0008FD8C00083C
:10008000FD8C0008FD8C0008FD8C0008FD8C00082C
:10009000FD8C0008FD8C0008FD8C0008FD8C00081C
:1000A000FD8C0008FD8C0008FD8C0008FD8C00080C
:1000B0003D270008FD8C0008FD8C0008FD8C000821
:1000C000FD8C0008FD8C0008FD8C0008FD8C0008EC
:1000D000FD8C00088522000845420008FD8C0008C0
:1000E0009D710008FD8C0008FD8C000800000000D8
:1000F0000000000000000000000000000000000000
:0C01000000000000000000005FF808F1A3
:1001100010B5054C237833B9044B13B10448AFF341
:1001200000800123237010BD280000200000000083
:10013000B4A1000808B5034B1BB103490348AFF352
:10014000008008BD000000002C000020B4A10008C1
:10015000034613F8012B002AFBD1181A0138704707
:1001600080F0004002E000BF81F0004142001FBF6C
:100170005FEA410392EA030F7FEA226C7FEA236C75
:100180006AD04FEA1262D2EB1363C1BFD21841406A
:1001900048404140B8BF5B42192B88BF704710F000
:1001A000004F40F4000020F07F4018BF404211F0A3
:1001B000004F41F4000121F07F4118BF494292EA0B
:1001C000030F3FD0A2F1010241FA03FC10EB0C0037
:1001D000C3F1200301FA03F100F0004302D54942C4
:1001E00060EB4000B0F5000F13D3B0F1807F06D371
:1001F00040084FEA310102F10102FE2A51D2B1F169
:10020000004F40EBC25008BF20F0010040EA03005D
:100210007047490040EB0000013A28BFB0F5000FDD
:10022000EDD2B0FA80FCACF1080CB2EB0C0200FA93
:100230000CF0AABF00EBC25052421843BCBFD040E2
:100240001843704792F0000F81F4000106BF80F45C
:1002500000000132013BB5E74FEA41037FEA226C1F
:1002600018BF7FEA236C21D092EA030F04D092F0EA
:10027000000F08BF0846704790EA010F1CBF00201E
:10028000704712F07F4F04D1400028BF40F000407B
:10029000704712F100723CBF00F50000704700F09B
:1002A000004343F0FE4040F4000070477FEA2262C2
:1002B00016BF08467FEA23630146420206BF5FEA93
:1002C000412390EA010F40F4800070474FF0000393
:1002D00004E000BF10F0004348BF40425FEA000C5A
:1002E00008BF704743F0964301464FF000001CE002
:1002F00050EA010208BF70474FF000030AE000BF58
:1003000050EA010208BF704711F0004302D5404295
:1003100061EB41015FEA010C02BF84460146002007
:1003200043F0B64308BFA3F18053A3F50003BCFA22
:100330008CF2083AA3EBC25310DB01FA02FC6344CF
:1003400000FA02FCC2F12002BCF1004F20FA02F2D6
:1003500043EB020008BF20F00100704702F12002C9
:1003600001FA02FCC2F1200250EA4C0021FA02F22A
:1003700043EB020008BF20EADC7070474FF0FF0C2F
:100380001CEAD0521EBF1CEAD15392EA0C0F93EA2A
:100390000C0F6FD01A4480EA010C400218BF5FEACC
:1003A00041211ED04FF0006343EA501043EA51113F
:1003B000A0FB01310CF00040B1F5000F3EBF490039
:1003C00041EAD3715B0040EA010062F17F02FD2A3D
:1003D0001DD8B3F1004F40EBC25008BF20F0010020
:1003E000704790F0000F0CF0004C08BF49024CEA37
:1003F000502040EA51207F3AC2BFD2F1FF0340EAC9
:10040000C250704740F400004FF00003013A5DDC39
:1004100012F1190FDCBF00F000407047C2F100027A
:10042000410021FA02F1C2F1200200FA02FC5FEA67
:10043000310040F1000053EA4C0308BF20EADC70B1
:10044000704792F0000F00F0004C02BF400010F423
:10045000000F013AF9D040EA0C0093F0000F01F0D0
:10046000004C02BF490011F4000F013BF9D041EAF2
:100470000C018FE70CEAD15392EA0C0F18BF93EAF4
:100480000C0F0AD030F0004C18BF31F0004CD8D11E
:1004900080EA010000F00040704790F0000F17BFA5
:1004A00090F0004F084691F0000F91F0004F14D0EB
:1004B00092EA0C0F01D142020FD193EA0C0F03D143
:1004C0004B0218BF084608D180EA010000F0004046
:1004D00040F0FE4040F40000704740F0FE4040F421
:1004E000400070474FF0FF0C1CEAD0521EBF1CEAC0
:1004F000D15392EA0C0F93EA0C0F69D0A2EB0302DE
:1005000080EA010C49024FEA402037D04FF0805377
:1005100043EA111143EA10130CF000408B4238BF3C
:100520005B0042F17D024FF4000C8B4224BF5B1A4A
:1005300040EA0C00B3EB510F24BFA3EB510340EA98
:100540005C00B3EB910F24BFA3EB910340EA9C0046
:10055000B3EBD10F24BFA3EBD10340EADC001B01B6
:1005600018BF5FEA1C1CE0D1FD2A3FF650AF8B425A
:1005700040EBC25008BF20F0010070470CF0004C67
:100580004CEA50207F32C2BFD2F1FF0340EAC25092
:10059000704740F400004FF00003013A37E792F053
:1005A000000F00F0004C02BF400010F4000F013AB1
:1005B000F9D040EA0C0093F0000F01F0004C02BFAC
:1005C000490011F4000F013BF9D041EA0C0195E715
:1005D0000CEAD15392EA0C0F08D142027FF47DAFAE
:1005E00093EA0C0F7FF470AF084676E793EA0C0F9E
:1005F00004D14B023FF44CAF08466EE730F0004C9C
:1006000018BF31F0004CCAD130F000427FF45CAF2B
:1006100031F000437FF43CAF5FE700BF4FF0FF3C99
:1006200006E000BF4FF0010C02E000BF4FF0010CEC
:100630004DF804CD4FEA40024FEA41037FEA226CB5
:1006400018BF7FEA236C11D001B052EA530C18BFD7
:1006500090EA010F58BFB2EB030088BFC81738BF3C
:100660006FEAE17018BF40F0010070477FEA226C2A
:1006700002D15FEA402C05D17FEA236CE4D15FEA26
:10068000412CE1D05DF8040B704700BF844608465A
:100690006146FFE70FB5FFF7C9FF002848BF10F11B
:1006A000000F0FBD4DF808EDFFF7F4FF0CBF012060
:1006B00000205DF808FB00BF4DF808EDFFF7EAFFEA
:1006C00034BF012000205DF808FB00BF4DF808EDA5
:1006D000FFF7E0FF94BF012000205DF808FB00BF9A
:1006E0004DF808EDFFF7D2FF94BF012000205DF820
:1006F00008FB00BF4DF808EDFFF7C8FF34BF01202D
:1007000000205DF808FB00BF4FEA4002B2F1FE4F47
:100710000FD34FF09E03B3EB12620DD94FEA0023C3
:1007200043F0004310F0004F23FA02F018BF40429C
:1007300070474FF00000704712F1610F01D1420283
:1007400005D110F0004008BF6FF0004070474FF037
:100750000000704742000ED2B2F1FE4F0BD34FF0B3
:100760009E03B3EB126209D44FEA002343F0004327
:1007700023FA02F070474FF00000704712F1610F4A
:1007800001D1420202D14FF0FF3070474FF000001C
:10079000704700BF0022427082700122C2700222A4
:1007A000B1FA81F102710322490901704271704767
:1007B00043788B421FD0012941700AD0022910D002
:1007C000C1B90123C37002238170037103234371F4
:1007D0007047037843B1012383700223C370002361
:1007E000F3E70378002BF6D0022383700023C37055
:1007F0000123EAE7FEE770470B8882B0ADF80030CE
:100800004B880239ADF80230CB88ADF804300B8943
:10081000ADF80630431C053013F8012F0DF1080C1C
:100820000CEB420232F8082C834221F8022FF3D15C
:1008300002B0704708448078704738B54FF07F3376
:100840007F22C0F8A03000254FF6FF730446A0F8C1
:10085000A43080F8A62080F8A950A0F8AA30AC30C7
:1008600000F096FCA4F8B85038BD70B515460446A3
:100870001E46114600F022FC294604F1140000F047
:100880001DFC294604F1280000F018FC294604F15B
:100890003C0000F013FC294604F1500000F00EFC6F
:1008A000294604F1640000F009FC294604F17800AF
:1008B00000F004FC294604F18C0000F0FFFB04F179
:1008C000AC0032464FF4FA734FF4FA6100F046FC84
:1008D0002046BDE87040FFF7B0BF704700F0F5BBA1
:1008E000143000F0F2BB283000F0EFBB90F8A430D9
:1008F00013B990F9A000704790F9A100704790F8E3
:10090000A43013B990F9A200704790F9A300704782
:1009100010B5044606F068FE38B104F1140000F08A
:10092000D8FB012838BF0120C0B210BD10B5044665
:1009300006F05AFE38B104F1500000F0CAFB01285D
:1009400038BF0120C0B210BD4FF47A71AC3000F056
:1009500026BC0021AC3000F022BC08B5AC3000F061
:100960002FFCB0F57A7FA8BF4FF47A7020EAE070D0
:1009700008BD10B5044600F082FB04F1140000F03D
:100980007EFB04F1280000F07AFB04F13C0000F04B
:1009900076FB04F1500000F072FB04F1640000F0FB
:1009A0007AFB04F1780000F076FB94F8B93013B1CB
:1009B000013B84F8B93010BD7F2807D0002807DA42
:1009C00010F1800F06D04042C0B27047002070473F
:1009D000012070477F20704710B1404240B27047FD
:1009E0007F2070477F280FD010F1310F0EDA10F101
:1009F000780F0DDBFE23783040B258434623233076
:100A0000B0FBF3F0C0B27047FF207047FE20704784
:100A1000002070477F2805D031B1002806DA404217
:100A2000C0B27047FF207047FE207047002070471B
:100A30007F2811D010F1310F10DA10F1780F10DB90
:100A400040F2A963783040B2584346232330B0FBCC
:100A5000F3F0AC3080B270470020704740F2557020
:100A60007047AC20704763289FBF40F2A96358438A
:100A7000642332309DBFB0FBF3F0AC3080B240F263
:100A8000557070474FF4F063A0F58060584340F212
:100A9000FF7390FBF3F000F5787080B27047FFF7BA
:100AA000F1BF4FF49663A0F58060584340F2FF73A6
:100AB00090FBF3F000F2DC5080B27047A0F580604C
:100AC000D0EB001048BF033040F38F00704703287D
:100AD00012DD0C2812DD0F2812DD122812DD162877
:100AE00012DD192812DD1C2812DD1F2812DD212835
:100AF000CCBFFF20062070470020704701207047C0
:100B00000220704708207047032070470720704775
:100B1000042070470520704705289ABF014B185CD8
:100B2000FF20704750A200087F281ABF4042C0B281
:100B3000002070477F2811D010F1320F10DA884260
:100B400010DD6423401A5843C1F1FF2101F57F01F4
:100B5000CE31313090FBF1F0C0B27047FF207047CA
:100B60006420704700207047014B4840185C704774
:100B700058A2000852B110B4054C0A4411F8013BC8
:100B800058408A42205CF9D110BC7047704700BFC2
:100B900058A20008002805DB212805DC044B33F8A7
:100BA00010007047002070474FF4FA60704700BF94
:100BB00082A30008392808D822280ED9094B2338E7
:100BC000C0B2C34003F0010070475F2807D061380E
:100BD00019288CBF00200120704700207047012099
:100BE000704700BF01EC7F00F8B5024600245F2784
:100BF000451E461D15F8010FFF2804BF0134E4B25D
:100C0000FFF7D8FF00B92F70AE42F3D1062C04D104
:100C100019B10B6813608B88938000239371F8BD22
:100C20002DE9F843012500264FF02808DFF82C9025
:100C3000471E441D17F8011F084809F062FA0346D1
:100C400010B1A0EB0903DBB2A3FB05329E19A7424A
:100C5000A5FB0853EED13046BDE8F88358A3000841
:100C600010B54179A1F13000C3B2092B07D8052393
:100C7000B0FBF3F303EB8303C01AC0B210BD044C06
:100C8000204609F03EFA0028F1D0001BC0B2EEE782
:100C900058A3000870B50446FFF75AFA02B20020C4
:100CA000551E03B2AB4204EB030103DAE65C0130EC
:100CB000302EF6D0D21A2046BDE87040013209F03D
:100CC000EFB90000432B28BF43232DE9F0470C4622
:100CD00096B0154600211A469846074609F0FAF9DB
:100CE0000021412205A8049109F0F4F9DFF87C9075
:100CF000DFF87CA004EB4505AC4210D104A8FFF757
:100D000027FA28B1002200F158036B4403F8492C5C
:100D1000384604A909F038FA16B0BDE8F08747F65E
:100D2000FF7334F9020B9842E8D0002812DC5146D8
:100D3000684609F029FA04A8FFF70AFA0646684649
:100D4000FFF706FA0644B045D6D3694604A809F071
:100D5000C9F9D1E7694680B208F014FF6846FFF789
:100D600099FF4946684609F0BDF9E4E707A2000883
:100D700002A20008F0B589B06D4600242F468E1CF3
:100D8000E1B28A4204D83946FFF79CFF09B0F0BDB2
:100D900036F82410013425F8021BF1E742F21073F3
:100DA000B0FBF3F2642103FB1200B0FBF1F301FB93
:100DB000130000EB023000EB831080B2704742F268
:100DC0001071020B00F03F0301FB02336422C0F3F9
:100DD000851002FB0030704770B50E4600210546B5
:100DE000144609F077F900239AB2944200D870BDF6
:100DF000F25C002AFBD0EA540133F5E7072914D846
:100E0000DFE801F00407090B0D0F11110849FFF786
:100E1000E3BF0849FBE70849F9E70849F7E708494C
:100E2000F5E70849F3E70849F1E70849EFE700BFAC
:100E30000CA2000811A2000816A200081BA20008BC
:100E400020A2000825A200082AA200082FA200085C
:100E5000052911D8DFE801F00306080A0C0E07493E
:100E6000FFF7BABF0649FBE70649F9E70649F7E786
:100E70000649F5E70649F3E70649F1E731A200081C
:100E800036A200083BA2000840A2000845A20008C4
:100E900049A200082FA2000870B50E461446002192
:100EA0000132054609F016F900239AB2944200D89F
:100EB00070BDF25C002AFBD0EA540133F5E77D23D4
:100EC000438043F23903C360002309B2018081806B
:100ED000C38003727047000002680449044B01FBA1
:100EE000023323F000430360180C7047FD430300F6
:100EF000C39E2600F0B5002597B0016085800446AA
:100F000056222946684609F0E5F80126627CAA4285
:100F100009D80023802104F1B400237417B0BDE880
:100F2000F04009F0D7B82046FFF7D6FFE779002157
:100F30007B1B90FBF3F2EC4602FB13000A46C0B2A7
:100F4000CBB29F421CD80023227B9A42DED0A279EA
:100F50006119033A012A05D925B191F91120D2B9B5
:100F6000012BD3D98B74A26852F82310583304EBA9
:100F700085026B440135516303F8586CEDB2C5E747
:100F80001CF801EBBEF1000F03D18242DCD001322C
:100F9000D2B20131D4E7501E8342E3DB01329342E7
:100FA000E0DCB3E72DE9F047154696B0013D01605E
:100FB000027104464371EDB256220021684609F0E1
:100FC00089F8022D98BF4FF003094FF0000794F8FD
:100FD00007808ABF4FF00109B8FBF9F800253E46AB
:100FE0004FF0010A627CB24209D80023802104F14B
:100FF000B400237416B0BDE8F04709F06BB8204682
:10100000FFF76AFFA8EB060390FBF3F2002102FB57
:101010001300EC460A46C0B2CBB2984506D91CF87C
:1010200001EBBEF1000F21D182421DD1434528BF03
:10103000434609FB0351227BC9B28A42D2D016B182
:10104000B7B9012BCED9A2199174A2681F4652F8E4
:10105000211004EB8602516303F158026A44013601
:1010600002F858ACF6B2BDE70132D2B20131D3E793
:101070007A1E9342E7DB7A1C9342E4DCB2E76421F8
:10108000D0E90123D31AC3604B43418A8260B3FB8A
:10109000F1F303747047D0E90123D31AC0E90223A6
:1010A000704743682BB16421C2684A43B2FBF3F234
:1010B000D3B203740023C3604360704700234182AE
:1010C000C0E90233436003747047436801334360EF
:1010D0007047007C704743680B44436070470000D2
:1010E000072800D9FEE7014B185C7047ECA3000805
:1010F000052800D9FEE7014B185C7047F4A30008EF
:101100000023C0E90133C36003747047F0B5047C69
:101110000360012C11D94FF47A7744688568141B59
:101120007C43C6684D1B05FB16442B4494FBF3F32C
:101130003344C360C0E90121F0BD1CB90123C46080
:101140000374F7E74FF47A744368D31A63438468EF
:101150000C1B93FBF4F3C3600223F1E72DE9F0418C
:10116000044610461D4616468846FFF7AFF8074668
:1011700006EB0800FFF7AAF801463846FFF7B2F978
:10118000656020602846FFF7A5F8A060BDE8F08103
:1011900010B504464068FFF79DF8A06010BD38B553
:1011A000044685680846FFF795F82946FEF7DCFFF8
:1011B0002168FFF7E3F82946FEF7D8FFA06038BDA5
:1011C00008B54FF07C518068FEF7D0FFFFF79CFA1E
:1011D00008BD704770477047002070477047002077
:1011E000704700207047704700207047002070470C
:1011F000054B82B0DA690243DA61DB69034001938F
:10120000019B02B0704700BF00100240054B82B046
:101210009A6902439A619B6903400193019B02B062
:10122000704700BF0010024000F10C0353E8003F7C
:1012300023F0800300F10C0141E80032002AF3D1D1
:10124000704700000B4B0C4A1B6830B4A2FB032311
:101250009B0C00FB03F2094D02F5FA72A5FB02524A
:10126000074992094C684B681B1B9342FBD330BC67
:10127000704700BF1C00002083DE1B43D34D62106B
:10128000001000E00288044B5140C9B233F811301D
:1012900083EA1223038070475CBC00089AB110B443
:1012A000B0F800C0084C0A4411F8013B83EA0C0373
:1012B000DBB234F81330914283EA1C2CA0F800C052
:1012C000F2D110BC704770475CBC00084FF6FF734A
:1012D00037B50446ADF806304518AC4203D1BDF829
:1012E000060003B030BD14F8011B0DF10600FFF736
:1012F000C9FFF2E708B51E20FFF7A4FF4FF48052A4
:10130000034B28205A61BDE80840FFF79BBF00BF90
:10131000000C014008B56420FFF794FF4FF48052A1
:10132000024B1A61BDE80840FFF78CBF000C01407A
:10133000044B1888044B80B21B889BB2C01A18BF9C
:10134000012070478C2800208A2800200023044AAE
:101350001380044A1380044A1380044A13807047A0
:101360008A2800208C2800208E2C0020902C002021
:101370000120704700207047002070470278024B20
:1013800051405B5C0370704740A80008FF23037066
:10139000704700BF704770B50B78054603704B78F7
:1013A0000C4643700B78FD2B38D10A268B7883705E
:1013B000CB78C3700B7903714B7943718B7983714F
:1013C0008B68C3718B68C3F30F2303728B7A4372EC
:1013D000627804F10C01A81908F0DEFE6378B4F815
:1013E0000C213344EA54B4F80C115A1C92B2090A85
:1013F000A954A278981CD20780B20ED504F5887241
:10140000054404F58E7452F8041BA24245F8041BEF
:10141000F9D112780F332A7098B270BD00238B7007
:101420000B79062683704B79C3708B7903718B68B7
:101430004371CDE72C2208B50021034808F04AFE8D
:101440000022024B1A7008BD8405002030030020E2
:101450002DE9F04113780446037092F80180FD2BCA
:101460000F46154680F8018054D10A269378837080
:10147000D378C3701379037153794371937983716E
:101480006B7A127A1B0403EB0223EA79134423F0EC
:101490007F43A268A91963F31702A26004F10C004C
:1014A000424608F079FE7A7B904507D208F10C009D
:1014B0000021A2EB0802204408F00CFE63781E44D1
:1014C000AB195A78AB5D03EB0223A4F80C31A37877
:1014D000DB070ED50236B6B2354404F5887305F144
:1014E0000C0255F8041B954243F8041BF9D12A78E5
:1014F0001A70BB7A84F82131FB7A84F822313B7B65
:1015000084F823317B7B84F824313B7884F82031C4
:10151000BDE8F08100234380937806260371D378D9
:101520004371137983715379B3E7000070B50F4CA1
:101530000F4D0646062204F10A0105F58970FFF7F2
:10154000ABFC237CC3F30302C3F3031385F81A3106
:10155000637C85F81921C3F3030385F81B31637A93
:10156000DB0744BF0223337370BD00BF751E00202C
:10157000A800002070B504462420E27020702246A6
:101580005820BDF8145023711B0A63712B0AA170F7
:101590006070A57102F8073F049B59198B420CD16A
:1015A0006A1D92B2E11C0020FFF7E4FA05F108067B
:1015B000A05505F1090080B270BD13F8010B02F8C7
:1015C000010FEBE710B502780A4BD243D2B2447850
:1015D0009A5C90F802E062409A5C90F803C082EA5C
:1015E0000E029A5C017982EA0C029A5C4A40985C8D
:1015F00010BD00BF40A80008F8B53C290446BDF85E
:101600001C5036D0A1F12106714271414900D0072A
:1016100048BF41F0080192074FF0240222704FF0BA
:101620006F02E3704FEA132348BF41F010012371AA
:10163000A61C2B0A6270A170A37130466571FFF77A
:10164000C1FF2246069B02F8070F59198B4212D19F
:10165000A91D304689B2FFF739FE05F1080705F1EB
:101660000903E0559BB2000AE05405F10A0080B27C
:10167000F8BD0121CBE713F8010B02F8010FE5E7F4
:101680006FF02002084B1A605B68084A02F60C03F0
:1016900053E8003F43F0200302F60C0040E800311D
:1016A0000029F3D1704700BF0038014000300140ED
:1016B00050294FEA10122CD018D830292CD00DD830
:1016C00010292CD041F6786343F6F040202908BF5A
:1016D000034617489040B0FBF3F0704741F678633B
:1016E00047F61220402908BF0346F2E7802919D0A7
:1016F00008D8602918D041F678630E48702908BFD1
:101700000346E6E741F678630B48902908BF034695
:10171000DFE74AF2E423DCE745F24013D9E742F67B
:10172000A003D6E7054BD4E74FF22443D1E700BF2F
:1017300040420F0048E8010020A1070090D00300BC
:101740002DE9F04F0C4651880546B1F58C7F85B0E8
:1017500011D300211170D91CC9B2012995BF0121F3
:101760000023518053809CBF2370117000232B7085
:1017700005B0BDE8F08F10780E2800F28B8001A62E
:1017800056F820F057170008C1170008E91700089D
:101790000318000895180008951800089518000807
:1017A0009518000895180008951800089518000865
:1017B00095180008951800089518000815180008D5
:1017C000481C5080635421789BB2FD2906D10C330C
:1017D0000A21D380022391801370C7E706210833C2
:1017E000D38091800E23F7E7481C5080D8076354BC
:1017F00042BFD1880D31D180012B8CBF0023032340
:10180000EAE7002B01F101005080635414BF00236C
:101810000E23E1E7481C508063545388D1888B42E3
:1018200032D3002353801370022369802B702378F6
:10183000FD2B35D163792B72A3796B72637A227A8F
:101840001B0403EB0223E27913446B60637803F11A
:101850000C026A80A278D10701D519336B8000266B
:1018600040F285120C206968DFF8E8806E81B318B9
:1018700001335B0800FB03F758F80770B94218D230
:101880005A1EB242F3D816E092889A423FF66EAFE3
:1018900001236CE70023137053809380D38066E7A5
:1018A000E3782B7223796B7263796B60637808330A
:1018B000D4E71E46E5D80C27774358F807309942FD
:1018C00027D123782046FD2B0CBF4FF00A094FF09B
:1018D000060910F801BF474409EB0B03591E89B2F2
:1018E0000193FFF7F3FC97F804A0ADF80E00514602
:1018F0000DF10E00FFF7C6FC019BE2185278E35C85
:1019000003EB0223BDF80E209BB29A4203D00523BD
:101910002DE703232BE7BB79DA0706D5FA79934540
:1019200082BF04EB09018A5CAA729B0709D50C23CC
:1019300003FB068362781B7A9A4282BF4C44E35CC5
:10194000EB720C2303FB06835B7985F80CA06B73A9
:101950000EE700BF40A90008F0B5FD230546044688
:1019600085B005F80C3B8DF8043090F8243103F174
:101970000C020244012B42D80026637066808DF869
:1019800005308B7A0DF1050023718DF808308B7AC4
:10199000ADF8066001338B72637909218DF8093047
:1019A000A3798DF80A30A368C3F317031A128DF8D0
:1019B0000B301B148DF80D308DF80C20FFF786FCD2
:1019C000677829463A46ADF802000DF10200FFF7AC
:1019D00065FC94F82311FFF755FC94F82421BDF819
:1019E00002309742A4F80C3110D2314607F10C00B6
:1019F000D21B204405B0BDE8F04008F06BBB12F8E4
:101A0000010D0028B8D1013BDBB2B3E705B0F0BD52
:101A100007B503688DF8071001221B690DF1070156
:101A2000984703B05DF804FB70B5044608460D46C0
:101A3000FEF78EFB2368294682B21B692046BDE86B
:101A4000704018470120FFF7E1BB00000D4B9842A2
:101A500002D10420FFF7DABB0B4B984205D003F507
:101A60008063984203D11020F4E70820F2E7074B87
:101A7000984201D12020EDE7054B984200D07047F5
:101A80004020E7E700080140000C0140001401403D
:101A9000001801400B4B984203D14FF40060FFF750
:101AA000B5BBB0F1804F04D0074B984204D102205F
:101AB00000E00120FFF79CBB044B984201D10420B9
:101AC000F8E77047002C0140000400400008004087
:101AD0002DE9F0410C46154686B00746102200213C
:101AE00002A81E469DF8348008F0F4FA01940B2DEC
:101AF00007D8DFE805F00E0E070A141414161616A0
:101B00001B1DFEE70823029303E008230293012331
:101B10000593032E0ED8DFE806F01E200E1E0123CB
:101B2000F1E70123029304230493F2E70923EAE790
:101B30000923F7E7FEE701230393B8F1000F02D072
:101B40003846FFF783FF053D042D0BD8DFE805F08D
:101B500007110A0711000323EEE70223ECE7C4F3A1
:101B60000F247C61384601A907F0F4FC06B0BDE8FB
:101B7000F081C4F30F243C61F4E713B54FF0010C7E
:101B80000024CDE9004CFFF7A3FF02B010BD000018
:101B900030B50023154687B00446ADF80630FFF790
:101BA00079FF042D04D8DFE805F02A2E04323B002B
:101BB000FEE71C4B1C4A1B68B3FBF2F39BB20022EE
:101BC000013BCDE90221204601A9ADF80430049281
:101BD000059207F023FE236823F080032360A368A7
:101BE00023F4804323F00703A360636823F07003AA
:101BF0006360A36823F08003A36007B030BD094B86
:101C00000A4A1B68D8E7074B094A1B68D4E7054B0B
:101C1000064A1B68B3FBF2F303EB83035B00CDE7DB
:101C20000123CCE71C00002080A8120140420F00D5
:101C300000127A0010B50446FFF7AAFF236843F0AC
:101C40000103236010BD00224FF0FF31FFF7F2BF08
:101C50001F4B10B55B681F4C236007F051F81E48FE
:101C600007F028FC1D4807F025FC1D4807F022FC62
:101C70001C4807F0D3FE1C4807F0D0FE1B4807F0B5
:101C8000CDFE1B4807F07AFD07F0E8FC4FF0E0229C
:101C9000002318491361536193614A6822F00302DB
:101CA0004A6072B64FF0FF319A0002F16042013390
:101CB00002F56142082BC2F88010C2F88011F3D1FE
:101CC00062B6034B1B6883F3088823689847FEE7D6
:101CD00000F0FF1F2C03002000080140000C014011
:101CE000001001400038014000440040004800401E
:101CF00000300140001002400749084A881AEFF3FB
:101D00000883521A1A44013A013B984288BF0022C4
:101D1000AA2108F0DFB900BF005000200004000035
:101D200010B50323062206490648FFF726FFBDE843
:101D300010400323022204490448FFF71EBF00BFDE
:101D40004000400400100140800080040008014071
:101D5000104A4FF47041536923F4704391FAA1F192
:101D600053610D4B5A6822F400425A601A6822F4FB
:101D700000421A60DA6822F40042DA609A6842F49B
:101D800000429A60D022054B83F828234FF48072DA
:101D90005A607047000001400004014000E100E08B
:101DA0004FF40042034B5A611A6842F400421A6031
:101DB000704700BF0004014000230322014902488C
:101DC000FFF7DBBE2000200400100140024B9868A2
:101DD000C043C0F3403070470010014038B50A4D91
:101DE0000A4C0023052240F608012846FFF7C5FEED
:101DF0000023052240F202212046FFF7BEFE082301
:101E00006B610223636138BD000C0140001001408A
:101E10000549CB681A04DB4302F4002203F00803EF
:101E200013430B61704700BF000C01400549CB68AC
:101E30001A04DB4302F4003203F0020313430B6184
:101E4000704700BF00100140032208B50A49002373
:101E50000A48FFF792FE1022002308498868013AD9
:101E600080045CBF0133DBB212F0FF02F6D10C2B11
:101E700001D9FFF7EDFE08BD20002004001001404D
:101E80000C4BD3F8FC2022F08072C3F8FC20D3F86E
:101E9000FC2042F08072C3F8FC20A3F55D431A6871
:101EA00022F001021A601A6842F001021A60002250
:101EB0005A60704700ED00E0064B074A1B6807496F
:101EC000B3FBF2F3434310B54C684A68121B9A42C5
:101ED000FBD310BD1C00002040420F00001000E0AA
:101EE0002DE9F84381464CF250300E4617461D4608
:101EF00006F0ECFF88BBB9F1010F06D0B9F1020F73
:101F00000CBF4FF002094FF004094FF00008144ACB
:101F1000136943F0010313614FEA0814C4F120026E
:101F2000A4F1200305FA02F227FA04F4144325FA77
:101F300003F31C43A4B24CF2503026F8184006F0CC
:101F4000C5FF28B908F101085FFA88F39945E3D87D
:101F5000034A136923F001031361BDE8F88300BF4E
:101F6000002002407FB501230022CDE9040301A92E
:101F700002A8CDE9022306F0E5FF00280CBF0420EB
:101F8000052007B05DF804FB0A4608B501460023AA
:101F90000220FFF7A5FF00280CBF0420052008BD84
:101FA00008B5FFF7DFFF031F5842584108BD08B5C9
:101FB000FFF7EAFF031F5842584108BD2DE9F047DB
:101FC000264B274D01280FBF7D267C26AA461D469D
:101FD0000F4614462349244A06BF89469A4691462D
:101FE00006F058FF31462846FFF7DAFF28B90024EB
:101FF00006F062FF2046BDE8F087002F08BF4FF4CF
:1020000078744FF000080334C4F38F0405F1100610
:10201000AAEB050A1FFA88F39C4209D84FF0113148
:102020002846FFF7C4FF041E18BF0124A400DFE701
:102030003FB95AF806104B1C06D108F101080436C6
:10204000E8E757F82810F6E74E4505D23046FFF787
:10205000AEFF0028F1D1CAE70324C9E700F0010868
:1020600000F40108FFF70108FFF3010810B506F0BE
:1020700011FF7C210848FFF793FF044638B17D210A
:102080000648FFF78DFF041E18BF0124A40006F0C8
:1020900013FF204610BD00BF00F0010800F4010846
:1020A00030B5002340F2EF34064D9AB2914201D888
:1020B000042030BDA34203D05A5DC2540133F4E77B
:1020C0000320F6E710F0010838B504460D4672B655
:1020D0000A4601460020FFF771FF62B6042806D1C8
:1020E00072B601202A462146FFF768FF62B638BD66
:1020F00038B5124B1C68D3F80054B4F1113F09D124
:10210000B5F1113F17D0002201201146BDE838403B
:10211000FFF754BFB5F1113F03D10022114610461D
:10212000F4E7FFF7A3FF042804D12C4001340CBFCF
:102130000220012038BD0420FCE700BF00F00108A8
:10214000034B18739A68D207FCD5187B704700BF01
:102150000038004038B5441E8D18A94200D138BD62
:1021600014F8010FFFF7ECFF01F8010BF5E7084643
:1021700011461A46FFF7EEBF38B50446054D014437
:10218000A14200D138BD2878FFF7DAFF04F8010B2F
:10219000F6E700BF1000002008461146FFF7ECBF2D
:1021A00010B5044601448C4200D110BD14F8010B57
:1021B000FFF7C6FFF7E708461146FFF7F1BF00003B
:1021C00070B58CB0294C2822002102A807F082FFAC
:1021D000FFF738FC4FF48040FFF70AF82449204607
:1021E00003230622FFF7C9FC062501264FF480537E
:1021F000204623610A2203231E49CDE90056FFF73A
:1022000067FC204603230A221B49CDE90056FFF74D
:102210005FFC032320461A461849CDE90056FFF714
:1022200057FC0822002308924FF48272CDE905334F
:10223000CDE909330293039204934FF4007207230C
:10224000A4F55444204602A90B93079207F0BAFA6A
:10225000236843F040032360A3689B07FCD5FF225B
:10226000237B074B1A700CB070BD00BF000C0140FF
:10227000100010042000200480008004400040046E
:10228000100000201C4B10B41A68940611D5D968B0
:1022900088060ED5194C1A485968238800880133DE
:1022A000C3F30A0380B298421FBF1648C9B2C15493
:1022B0002380110744BF104B5B68120616D50E48E9
:1022C000C3681B0612D5104B104A1988138889B2AF
:1022D0009BB299420CD013880133C3F309031380D6
:1022E00013880B4A9BB2D35CDBB2436010BC7047CF
:1022F00010BCFEF799BF00BF003801408C280020B9
:102300008A2800208A200020902C00208E2C00207B
:102310008E2800200E490F4A0B8812880133C3F320
:10232000090392B29A4211D00B4AD0540B4A0B8047
:1023300002F60C0353E8003F43F0800302F60C0062
:1023400040E800310029F3D1012070470020704798
:10235000902C00208E2C00208E2800200030014080
:1023600038B504464518AC4200D138BD14F8010B0D
:10237000FFF7D0FFF7E708461146FFF7F1BF00006F
:10238000054B064A1B8810880133C3F3090380B24A
:10239000181A18BF01207047902C00208E2C0020A6
:1023A00008B5FFF7EDFFB0FA80F0400908BD000066
:1023B000054B064A1B8812889B1A98B21B0444BF1F
:1023C00000F5006080B270478C2800208A28002029
:1023D000FFF7EEBF0848094A0188138889B29BB20B
:1023E0009942F9D013880133C3F30A031380138889
:1023F000034A9BB2D05C70478C2800208A280020BA
:102400008A200020FFF7E6BF002300B589B0CDE9A0
:102410000633CB1A18BF01231B03CDE902320C236C
:1024200001900491034801A9059307F029FB09B025
:102430005DF804FB0038014010B5064CE36823F456
:102440000053E360FFF7E0FFE36843F40053E36009
:1024500010BD00BF00380140002208461146FFF7BA
:10246000EBBF000073B53A4C0825E368012623F45E
:102470000053E360FFF7E6FA4FF48040FEF7C6FE34
:1024800000F1804003230A22CDE90056314900F5CE
:102490004840FFF71DFB0323CDE900561A462E499D
:1024A0002E48FFF715FB00224FF461401146FFF75D
:1024B000ABFFB022236923F490432361636923F0C7
:1024C0002A036361264B83F8252320225A60204685
:1024D000FEF7AAFE234A02F60C0353E8003F23F05E
:1024E000400302F60C0040E800310029F3D16FF000
:1024F000400323601C4B19801C4B198002F60C030F
:1025000053E8003F23F0200302F60C0040E80031BE
:102510000029F3D16FF020020D4B1A60144A11808C
:10252000144A11801A6922F400621A615A6922F071
:1025300008025A611A6922F480421A615A6922F02B
:1025400022025A61DA6842F40052DA6002B070BDC9
:1025500000380140020002040400040400080140A5
:1025600000E100E0003001408E2C0020902C002083
:102570008A2800208C28002008B5FFF773FFBDE8EB
:102580000840FFF77DB8FFF7F7BF0000024B1A685D
:10259000024B1A60704700BF942C00207403002087
:1025A000054A064B1968136899421DBF0133012083
:1025B00013600020704700BF74030020942C00209B
:1025C000034A044B11681B780B441360704700BF2B
:1025D000942C0020200000200148FFF734BB00BFEE
:1025E00000040040014B586A80B27047000400406C
:1025F00008B5FFF7F1FFBDE80840FFF7C7BF2DE9B9
:10260000F041164605468846002706F043FCB6B260
:10261000BBB29E4201D804240DE058F827102B6865
:102620008B4202D104350137F2E72846FFF7BFFCA1
:1026300004460028F6D106F03FFC2046BDE8F081B4
:10264000037807B56BB1084B1B68B3F5FA6F08D375
:1026500000230222037069464068CDE90033FFF78A
:10266000CEFF03B05DF804FB942C002000000000B6
:10267000012337B52C4A038004462C4B2C48D3E960
:102680000051914208BF85424FF0000202D12270F2
:1026900003B030BD22A1D1E90001C3E90001254802
:1026A00025496260D0E900325D1C03D0B3F1AA3F36
:1026B00000D023B9551C0CD0B2F1AA3F09D0083084
:1026C0008842EFD172B67E211A48FFF769FC62B6E4
:1026D0001848606003684268591C009304D1551C77
:1026E0001BD14FF0AA3311E0B3F1AA3F06D1511C20
:1026F0000BD0B2F1AA3F10D1002307E06BB9B2F1C1
:10270000AA3F0AD14FF4807222801A46CDE90032E6
:1027100069460222FFF773FFBAE700232370F4E74C
:1027200012345678FEDCBA90FEDCBA90000000202D
:102730001234567800F8010800FC01084FF080437D
:102740001A6991070AD56FF002021A615A6B643256
:10275000DA63084A596B12880A445A634FF080437F
:102760001A69120705D56FF008021A610122024B9F
:102770001A70704744000020710300200A490B883A
:1027800003B9FEE772B64FF0804309885A6A1144D4
:1027900064325963DA636FF002021A616FF0080263
:1027A0001A6162B6704700BF4400002000B50322E2
:1027B00089B04FF0FF314FF08040FFF73BFA202205
:1027C0000021684607F086FC64236A4601214FF029
:1027D0008040039307F05AF8C8236A464FF480718B
:1027E0004FF08040039307F051F8A022044B83F888
:1027F0001C234FF080521A6009B05DF804FB00BF43
:1028000000E100E04FF08043DA6842F00202DA6053
:10281000DA6842F00802DA607047000010B5002262
:10282000044601EB8101074B01EB8101890019800E
:10283000054B1A70FFF7BAFF2046BDE81040FFF7BE
:10284000E1BF00BF4400002071030020F8B51D4C1B
:10285000C4220021201D07F03DFC062323802023F5
:1028600063800F23184F04223946A380A01D432301
:10287000FEF780FA0123C4E913333F230025022623
:1028800004223946A4F8583004F15A004323A4F82E
:102890004A606565FEF76EFA4FF001130B4904F1CB
:1028A000B000C4F8A030C4E92A55A4F89E6084F8AA
:1028B000A45007F069FC7F2384F8C530052384F811
:1028C000C630F8BD6402002004A8000845A4000832
:1028D00070B5094E05460C46415C304607F011FCC8
:1028E000034628B1831B0133DBB2282B28BF00230A
:1028F000F35C2B5570BD00BF14A8000870B50C46E2
:102900001146064607F040FC44B10025052130463B
:102910000135FFF7DDFFEBB29C42F7D870BD000038
:10292000F7B5054605F111061F4C01461F4A6846DA
:102930003601FFF7E3FFB01C6946204407F024FC92
:102940000227002304EB051226447772A2F81A31FD
:1029500014224FF0011102FB05400165A1F1FF2196
:102960000122416540F20111A0F84A20C264A0F89A
:1029700058104FF48070A0624FF4007084F8343027
:10298000E284A08584F82E2084F8307084F83330F7
:10299000C4F83A30C4F83E30C4F84230A4F84610C7
:1029A000A4F8481003B0F0BDA8000020FAA3000866
:1029B0002DE9F341054605F11107A44AA44C4FEA5D
:1029C00007180E4601466846FFF798FF08F1020017
:1029D00069462044A044FEF707F998F8093004EB53
:1029E0000710072B84BF022388F80930994B427ADD
:1029F000198841FA02F2D20710D40222427269B158
:102A00004807C1F3800209D441FA02FC1CF0010F0F
:102A1000D0B200F0A68104EB0712507204EB05124D
:102A200092F81A112801052902D9002182F81A11F9
:102A300004EB000C59889CF81A2141FA02F2D207E3
:102A400013D405228CF81A2179B111F0200FC1F3AB
:102A500040120AD141FA02FE1EF0010F5FFA82FC19
:102A600000F08481221882F81AC1221892F81B11F2
:102A7000032902D9002182F81B1104EB07177A7A87
:102A8000012A03D9042A01D000229A8027189988A4
:102A900097F81B2141FA02F212F001020FD187F8D8
:102AA0001B2161B111F0010209D141FA02FC1CF0B5
:102AB000010FD7B200F05F81221882F81B71002E3F
:102AC00040F09F81142202FB054191F84A60032ED9
:102AD00002D9012681F84A6002FB054292F84B10A8
:102AE000042902D9002182F84B10142202FB05426E
:102AF000B3F84A1092F84B6041FA06F6F60712D482
:102B0000012682F84B6071B18E07C1F340020AD4EE
:102B100041FA02F7FF07D6B240F13281142202FBDC
:102B2000054282F84B60142202FB054292F84C10D9
:102B3000032902D9012182F84C10142606FB054610
:102B4000B3F84C1096F84C2041FA02F212F0010250
:102B500010D186F84C2069B111F001020AD141FA76
:102B600002F7FF07D6B240F11081142202FB0542A2
:102B700082F84C60142202FB054292F84E100129A3
:102B800002D9002182F84E10142606FB0546B3F840
:102B90004E1096F84E2041FA02F212F0010210D1C6
:102BA00086F84E2069B111F001020AD141FA02F70C
:102BB000FF07D6B240F1EE80142202FB054282F8F4
:102BC0004E60142202FB054292F84F10042902D9EC
:102BD000002182F84F10142606FB0546B3F850205A
:102BE00096F84F1042FA01F111F0010110D186F868
:102BF0004F106AB112F001010AD142FA01F7FF0742
:102C0000CEB240F1CC80142101FB054181F84F6028
:102C1000142101FB054191F85160032E02D90026D1
:102C200081F85160142707FB0547B3F8526097F805
:102C3000511046FA01F111F0010119D187F8511034
:102C4000B6B116F0010113D106E000BFFAA30008E7
:102C5000A80000206402002046FA01FC1CF0010FCD
:102C6000CFB200F0A180142101FB054181F8517021
:102C7000142101FB054696F85070022F02D9012756
:102C800086F8507001FB054191F85460022E02D97C
:102C9000012681F85460142101FB054696F84D7019
:102CA000022F02D9002786F84D7001FB054191F8EB
:102CB0005260012E02D9012681F85260142101FBD5
:102CC000054696F85570012F02D9012786F85570F0
:102CD00001FB054191F85360022E02D9002681F8CC
:102CE0005360142707FB0547B3F8566097F8531055
:102CF00046FA01F111F0010110D187F853106EB1BD
:102D000016F001010AD146FA01FC1CF0010FCFB206
:102D10004FD0142101FB054181F85370142101FBB0
:102D2000054696F856700C2F02D9002786F8567083
:102D300001FB054191F84C60012E08D191F84F60DC
:102D4000042E04D1D70738D5002281F84F20142251
:102D500002FB054292F84F10A1BB92F85120012AC4
:102D600035E00132102A7FF44FAE57E60132102AC7
:102D70007FF470AE79E60132102A7FF496AE9EE6BB
:102D80000132102A7FF4C4AECDE60132102A7FF45E
:102D9000E6AEEFE60132102A7FF408AF11E7013109
:102DA00010297FF42AAF33E7013110297FF454AFA3
:102DB0005EE701311029A6D1B0E712F0040218BF76
:102DC0000222C2E701290AD192F85120022A01BF4A
:102DD0001422002102FB054282F8511007E002296B
:102DE00003D192F85120032AF1E70329B5D0142228
:102DF000012102FB054282F8571040F20111A2F8AE
:102E0000581094F82620032A02D9012284F826209B
:102E100094F82720042A02D9002284F82720B3F846
:102E20009E1094F8272041FA02F2D7070ED401220F
:102E300084F8272051B18E07C1F3400206D441FA2D
:102E400002F7FF07D6B244D584F8276094F828200B
:102E5000022A02D9002284F8282094F82920022A84
:102E600002D9012284F82920B3F8A01094F829206F
:102E700041FA02F212F001020CD184F8292049B182
:102E800011F0010206D141FA02F7FF07D6B224D5AC
:102E900084F8296094F82A200C2A02D9002284F8A8
:102EA0002A2094F832200C2A02D9002284F83220F9
:102EB00094F82B20042A02D9002284F82B20002227
:102EC0001646474911F9017F17F1780F09DA0E709C
:102ED00009E00132102AB2D1B8E70132102AD2D16A
:102EE000D8E7782FF3DC0132D2B20C2AEAD10022E3
:102EF00001263C4911F8017F0132022FD2B288BF6E
:102F00000E70042AF6D194F83420022A02D9002245
:102F100084F83420B3F8A22094F8343042FA03F352
:102F200013F001030CD184F834304AB112F00103DC
:102F300006D142FA03F6F607D9B211D584F8341057
:102F400094F82C30022B02D9002384F82C3094F80A
:102F50002D30032B08D80AD1002384F8343006E042
:102F60000133102BE5D1EBE7022384F82D3094F8E0
:102F70002E30022B02D9012384F82E3094F8303001
:102F8000022B02D9022384F8303094F833300C2B12
:102F900002D9002384F8333094F83530042B02D959
:102FA000002384F835304FF6FF71FF220E4B184492
:102FB000A0F82011142183F82F2083F831204FF03E
:102FC000FF3201FB0531C0F81C211A629A84A1F876
:102FD0005A20A1F85C20DA861A8702B0BDE8F08199
:102FE000E1000020ED000020A80000200021FFF7F4
:102FF000DFBC0000034670B50846052B04D8DFE8A7
:1030000003F01D0421191D21FEE720261F250F2294
:10301000164C22770122A370013BA4F84C60A4F85F
:103020004E50A276A273042B11D8DFE803F00F11E3
:103030001919110009266F250722E9E71426322500
:103040000A22E5E7352613251922E1E7FEE7FEE728
:10305000002323712374FEF743F86073607670BD1C
:10306000002323712374A376A373F4E748000020A0
:103070000122044B83F85520A3F85620A3F85820CA
:10308000704700BF480000202DE9F043714D00F16A
:10309000110805EB081702378BB006463846FDF7D6
:1030A000BFFD042100906846FEF710F94FEA0619AB
:1030B00005EB0616684C96F81B31E0832BB103EB49
:1030C000031303EB03231844E08305EB08135B7A37
:1030D000062B40F0B380E38B03F5B5432533E38340
:1030E00095F8270005EB0818FFF7C2FF98F80910BC
:1030F000A9448B1F012B8CBF0023012399F81A01CF
:10310000617084F85A30FFF775FFE18B009B99F8E6
:103110001B21E1806182A36063612AB14FF011300D
:1031200000FB0233A360636195F826004B4B61629C
:1031300013F9203084F8292023732376002384F8A0
:103140002A30637B23B93846FDF78AFD84F82A00CC
:103150006078FDF7C5FF424A0346128884F82800CC
:1031600002F00101970748BF41F00201A18556070F
:1031700048BFA18D01AE44BF41F00401A1851007F5
:1031800042BFA18D41F01001A185D10642BFA18DA2
:1031900041F02001A185920642BFA28D42F00802B3
:1031A000A285304A02F1200C374610685168083277
:1031B00003C762453E46F7D1062110682A4E3860A3
:1031C0000AA801FB0303A278134413F8247C84F8B3
:1031D000207016E90F0086E80F0040F2E2433846FF
:1031E000A4F85030FDF776F84FF07F51FDF7C6F8A0
:1031F000FDF7B0FA4FF47A73B4F84C207F08B3FBB4
:10320000F2F3052F38BF0527A4F8403095F82C308D
:10321000C0B2012BA4F8520084F8547016D0022BCF
:1032200014BF4FF461434FF461336364002384F8A7
:103230005B30A4F85C300BB0BDE8F083072B7FF463
:103240004FAFE38BA3F5B543263B48E74FF4E1339B
:10325000EBE700BFA80000204800002004A80008F9
:1032600064020020CCA10008780000204FF4DE7238
:10327000FF21014806F02EBFA80000204FF4DE71A8
:103280000148FEF721BF00BFA80000204FF4DE7107
:103290000148FEF705BF00BFA800002008B5FFF7F2
:1032A000F5FF034B1878BDE80840FFF79FBE00BF4D
:1032B00048000020F8B5FFF7D9FFFEF719FF0428F2
:1032C0000CD0FFF7D3FFFEF713FF042803D1FFF75D
:1032D000DDFF042806D0FFF7C9FF03E0FFF7D6FFA4
:1032E0000428EED110224649464806F017FF454C07
:1032F00038B110222046444906F010FF08B1FFF70C
:10330000B5FF42F6A102A38A934266D042F6A0021C
:10331000934258D80021022504260F460120394B3C
:1033200093F84F20012A1ED0022A1FD00ABB93F81F
:103330005020042A20D0052A20D0033A18BF0122A9
:1033400001310A2983F8502083F8540003F1140353
:10335000E6D194F82C30042B12D0052B31D0002369
:1033600084F82C300EE083F84F50E0E783F84F608C
:10337000DDE783F84F70DAE70122E1E70222DFE7B9
:1033800084F82C0042F6A1030125A38242F6A20391
:1033900022691B499A421B484FF010021CBF0125AD
:1033A000236106F0BBFED0B1102215491548FDF788
:1033B00013FD082215491648FDF70EFDFFF75EFFC5
:1033C0000FE00223CCE70025E8B20135FFF7A8FAA9
:1033D0000A2DF9D10023E377D4E70025D6E7002DA5
:1033E000ECD10023E3770B4C2370FFF72FFA207802
:1033F000FFF7FCFD2078BDE8F840FFF745BE00BFB1
:1034000001A40008A800002012A4000823A40008BA
:103410005A0200204800002010B5C01A9DF908404B
:10342000023880F30400A042A8BF2046023308708F
:103430001844107010BD07B5084611461A460F23F0
:1034400000930023FFF7E8FF03B05DF804FB37B5F6
:103450000C4605468B784A78097806F0F0FCE3794B
:1034600028460193A3792279E1780093637906F0E5
:1034700016FD61782078FEF71BF9A86103B030BD16
:10348000C36837B50446A3B1024652F8153B5D69DF
:1034900000F11603A84732233F220B21204606F0F5
:1034A00024FC09237022009380212046637D06F0CE
:1034B00054FD03B030BD00004B7A73B5043B012BC3
:1034C0008CBF002301230446DB00C160037506F0B6
:1034D0003DFC237D0DF1070263F07F038DF807307B
:1034E00001232046194606F0B5FB204606F034FCC1
:1034F000E3681D4E1B78227D06EB03135D782046A2
:10350000294606F046FC2946204606F057FC0322D1
:103510002021204606F037FC04230C2226212046D9
:1035200006F0E3FBE368204693F90810FFF7A8FFD5
:10353000E3681D7805B1FEE7314620462661FFF7B6
:1035400086FF2A462946204606F06CFC20462B467C
:10355000C022C82106F0CFFCFF21204602B0BDE802
:10356000704006F0E5BC00BF5CBE000810B5044624
:1035700006F0F2FB2046BDE81040FF2106F0D8BC63
:1035800038B504460368C1685D6991F9081000F117
:10359000160300F11502A847E3681B7803B1FEE7A4
:1035A000034B902160202361FEF782F8A06138BDB3
:1035B0005CBE0008C36810B504463BB103690BB993
:1035C000FFF7DEFF2369B3F90C0010BD1846FCE7D6
:1035D000C36810B5044633B103690BB9FFF7D0FFD8
:1035E00094F9160010BD1846FCE708B5C36843B946
:1035F000FFF762FF7D20FEF75FFCBDE80840FEF7A5
:10360000CFBB08BD90F8D43053B190F8D520074B0C
:1036100003EBC201497953F8323053F82100704767
:10362000037C00EB8300406B704700BFD4A7000809
:1036300013B5194B0288DB8B04469A4227D1837855
:1036400013F0D00F25D18379812B22D84FF6FF7349
:103650000D2201460DF10600ADF80630FDF71EFE05
:10366000B4F80D20BDF806309A420ED14C2204F178
:103670000D01FDF713FEB4F85900BDF80630C01A6D
:1036800018BF0120800002B010BD0320FBE701201D
:10369000F9E70220F7E700BF480000200A7ACB795B
:1036A00002F0070243EA022303804B7A0A7A03F00E
:1036B0003F035B0143EAD20343808B7A4A7A9B0043
:1036C00043EA9213CA7A02F0010243EA822383801A
:1036D0000B7BCA7A03F00F03DB0143EA5203C3807A
:1036E0000B7BC3F30112012A11D813F0300F14BF62
:1036F000012300239B0203830B7B7F2B0AD813F04B
:10370000C00F14BF012300239B024383704740F284
:10371000FF73F0E740F2FF73F7E70A7ACB7902F024
:10372000070243EA022303804B7A0A7A03F03F033D
:103730005B0143EAD20343808B7A4A7A9B0043EAD7
:103740009213CA7A02F0010243EA822383800B7B40
:10375000CA7A03F00F03DB0143EA5203C3800A7CF9
:10376000CB7B02F0070243EA022303814B7C0A7CF5
:1037700003F03F035B0143EAD20343818B7C4A7C25
:103780009B0043EA9213CA7C02F0010243EA8223BF
:1037900083810B7DCA7C03F00F03DB0143EA5203F4
:1037A000C3814B7DDB0003828B7DDB004382CB7DBD
:1037B000DB0083820B7EDB00C3820B7BC3F3011231
:1037C000012A2BD813F0300F14BF012300239B02D2
:1037D00003830B7B7F2B24D813F0C00F14BF01236E
:1037E00000239B0243830B7DC3F30112012A1BD8E4
:1037F00013F0300F14BF012300239B0283830B7D42
:103800007F2B14D813F0C00F14BF012300239B0299
:10381000C3834FF4806303844384704740F2FF7393
:10382000D6E740F2FF73DDE740F2FF73E6E740F2D0
:10383000FF73EDE737B5214B0446DB8B0D46038064
:103840004A78837862F3C30383704A79C37862F35A
:103850000003C3708A79437962F38613437191F947
:103860000200FDF7A9F8E378214660F34703E3700F
:10387000EA7823790DF1060062F3060323712A79B1
:10388000DBB202F0010203F07F0343EAC2132371AB
:103890002A796379C2F3450223F03F03134363712E
:1038A0004FF6FF735922ADF80630FDF7F7FCBDF86F
:1038B0000630A4F8593003B030BD00BF48000020E6
:1038C0002DE9F3410446154688469DF820605B22A9
:1038D000522E4FF000011F4628BF522606F0FAFB79
:1038E0002D4BDB8B23802A78A37862F30203A3702D
:1038F0006978DBB2C90001F0080103F0070341EA6F
:1039000008111943A1706A79E37862F30003E37048
:10391000AA79637962F38613637195F90200FDF762
:103920004BF8E37860F34703E370EA78237962F3B6
:10393000060323712A79DBB202F0010203F07F0350
:1039400043EAC21323712A796379C2F3450223F053
:103950003F03134322466371A37966F3470302F8DA
:10396000063F3B463E44B34210D14FF6FF73592207
:1039700021460DF10600ADF80630FDF78FFCBDF8CD
:103980000630A4F8593002B0BDE8F08113F8011BED
:1039900002F8011FE7E700BF4800002007B50093C9
:1039A00013460A460121FFF78BFF03B05DF804FBC5
:1039B00030B53A4B027893F8261000F1160461F303
:1039C0000302027093F8271061F30712027093F854
:1039D0002810427861F30302427093F8291061F3D2
:1039E0000712427093F82A10827861F30302827002
:1039F00093F83210827961F30302827193F82B10ED
:103A0000827861F30712827093F83410C27961F3FF
:103A10000302C27193F82C10C27861F30302C270E2
:103A200093F82D1061F30712C27093F82E100279EB
:103A300061F303020271427993F8301061F30302DB
:103A4000427193F83310827961F30712827193F80F
:103A50003510C27961F30712C27103F1390100F127
:103A60000A0211F9015F02F8015FA242F9D193F84D
:103A70004610C27D61F30102C27593F8471061F3ED
:103A80008302C27593F8481061F30512C27593F86A
:103A9000493063F38712C27530BD00BFA800002013
:103AA0000278344BC2F3030230B583F82620027843
:103AB00003F13901C2F3031283F82720427800F1A1
:103AC0001604C2F3030283F828204278C2F30312DB
:103AD00083F829208278C2F3030283F82A208279AE
:103AE000C2F3030283F832208278C2F3031283F810
:103AF0002B20C279C2F3030283F83420C278C2F3C8
:103B0000030283F82C20C278C2F3031283F82D201D
:103B10000279C2F3030283F82E204279C2F3030232
:103B200083F830208279C2F3031283F83320C279FC
:103B3000C2F3031283F8352000F10A0212F9015F83
:103B4000A24201F8015FF9D1C27DC2F3010283F8FC
:103B50004620C27DC2F3810283F84720C27DC2F3B2
:103B6000011283F84820C27DC2F3811283F84920F4
:103B700030BD00BFA800002070B5522698B0324674
:103B800004460D4603A8002106F0A4FA212342F6BC
:103B9000A2008DF80C30FDF701F9ADF80E0042F6E9
:103BA000A100FDF7FBF814221B49ADF810000DF140
:103BB0001200FDF711F91948FFF70AFD184B8DF8AF
:103BC000260093F855300AA88DF82730FFF7F0FE4D
:103BD0000123144AADF84630134B0221CDE91223DC
:103BE0006FF08023149347F6FF73ADF854300F4BFA
:103BF0002046B3F89E208DF85620B3F8A020B3F8E5
:103C0000A2308DF857208DF858302A46009603AB25
:103C1000FFF756FE18B070BD29A400083C1E002016
:103C2000480000200A0019003200FF7F64020020D3
:103C300038B50446144D00F11B01062205F58970C4
:103C4000FDF72AF994F82130C3F3030385F81931FD
:103C500094F82130C3F3031385F81A3194F8223015
:103C6000C3F3030385F81B31B4F85700FDF7A7F839
:103C700042F6A103984205D104F12500BDE8384081
:103C8000FFF70EBF38BD00BFA80000200B4A0C494B
:103C90001268002382600A68838002614A680949C9
:103CA00042610A68837182614A688381C2614EF60B
:103CB0006022038402600385704700BF942C0020BB
:103CC00034A400083DA4000810B5094CE26802B90C
:103CD000FEE7084B1B79137003B1FEE70649204647
:103CE0002161FFF7B4FB2046FFF740FC10BD00BF89
:103CF0003C1E0020480000205CBE000838B5174D6F
:103D00000446A878697805281BD14FF6FF732385F0
:103D1000FFF770F901226B789A40238D23EA0203A2
:103D200023850F490F48FFF760FC0E48FFF71EFC84
:103D30000C480021FFF7A4FB2046BDE83840FFF700
:103D4000C3BF002302202385FFF754F901236A78BB
:103D50009340228D13439BB2E2E700BF480000204E
:103D60004C0000203C1E002008B590F82030024690
:103D70008BB9FEF72BF810B982F8210008BD92F834
:103D8000213001335BB2312B82F82130F6DD012383
:103D900082F82030F2E7FEF719F818B1322382F8E2
:103DA0002130EBE792F82130013B5BB2002B82F827
:103DB0002130D8BF82F82000E0E700000A4B90F8DD
:103DC00020201B6872B182689B1AB3F57A6F01D903
:103DD00001234371037923B9437913B1012303719B
:103DE000037370478360F5E7942C00200346007B43
:103DF000821E012A4FF0000202D893F8201009B960
:103E00001A737047104670470A4A38B5138804463B
:103E100001339BB2502B0D4601D8138038BD0023CF
:103E200005491380FDF700FE29462046FDF7FCFDFD
:103E3000F4E700BF7803002046A400082DE9F74FFF
:103E4000164605460F467349FDF7EEFD31462846F6
:103E5000FDF7EAFD0022704B012F704C1A8010D143
:103E6000082202276E4B5A6146F2A8102761FEF71E
:103E700023F86761FEF720F831462846FFF7C4FFB4
:103E8000F2E7BB1E02220C2B00F2B680DFE803F043
:103E90003747581F07B4B4B46868686868004FF0C3
:103EA00008085F4F4FF0020946F2A810C4F81090BE
:103EB000C7F81480FEF700F8C4F81490C7F8108013
:103EC000FDF7FAFF31462846FFF79EFFEAE74FF07D
:103ED0000808534F4FF0020946F2A810C4F810909A
:103EE000C7F81080FDF7E8FFC4F81490C7F81480F5
:103EF000FDF7E2FF31462846FFF786FFEAE708278D
:103F00006261474C46F2A8102761FDF7D5FF676153
:103F1000FDF7D2FF31462846FFF776FFF2E7082289
:103F200002273F4B1A6146F2A8102761FDF7C4FF34
:103F30006761FDF7C1FF31462846FFF765FFF2E7ED
:103F400008272261364C46F2A8102761FDF7B4FF1E
:103F50006761FDF7B1FF31462846FFF755FFF2E7ED
:103F6000A7F109085FFA88F34FF0080A4FF000083C
:103F7000DFF8AC90009304224FF0020B009B9845B1
:103F800038BFC9F810A0019246F2A810C4F810B0CA
:103F9000FDF792FFC4F814B0FDF78EFF31462846B6
:103FA000FFF732FF019A013A12F0FF02EBD104222F
:103FB0004FF0020BC9F814A0019246F2A810C4F801
:103FC00010B0FDF779FFC4F814B0FDF775FF314666
:103FD0002846FFF719FF019A013A12F0FF02EBD1D0
:103FE00008F10103A7F108025FFA83F8D2B2424553
:103FF00038BF4FF00008BEE722610822084B1A6163
:104000004CF25030FDF758FF31462846FFF7FCFED2
:10401000F6E700BF46A40008780300200010014026
:10402000000C014008B5437802789A4213D0032B64
:104030008ABF032303700370027888BF4370064B66
:10404000064813F92210064B19731976C36813B189
:104050001972FFF715FA08BD04A800083C1E0020DD
:104060004800002010B50AB9437010BD541E0B2C37
:10407000FBD80332D2B231F9122040F27161C83A52
:1040800003FB022292FBF1F212B222EAE2729A429E
:10409000C8BF1AB24270E8E70A46014610B90248A2
:1040A00005F044BE704700BF3C1E002010B513460B
:1040B0000C46014678B92246094805F027FEFF2143
:1040C000074805F035FF064805F05AFFBDE81040E7
:1040D0007D20FDF7F1BE0248FFF748FA10BD00BF92
:1040E0003C1E00202DE9F0415B270546184C0E468A
:1040F0003A460021204605F0EDFFAB6904F10E00C1
:104100002360EB6913496360134B1B789A1E53427B
:104110005341627A63F3000262726FF05D02A27231
:1041200028220023E272142223736373FCF754FEE7
:1041300059212046FDF7CAF8084BA4F859003A4621
:1041400021463046BDE8F0411B7FFFF7AFBF00BFFF
:10415000C31C002029A400086B0300204800002095
:1041600013B50C4638B91148C36833B9812281F8B8
:10417000A23081F8A02002B010BD037D01F1A2029F
:104180000DF1060105F008FFBDF90630002B08DB34
:104190004FF6FF73ADF80630BDF8063084F8A03056
:1041A000E9E77F33F8DA4FF68173F3E73C1E00202E
:1041B0000A4608B501460148FFF740FE0C00002002
:1041C0000023FF22037043708370C2700371704735
:1041D000C178034629B982780171013282700120C9
:1041E0007047007801281ED0022805D0C8B99A78F7
:1041F000187101329A70F2E798785A784240D207E3
:1042000004D40022013098701A71E8E7FF2902D126
:104210000020187170471A790132D2B291421A7196
:10422000EFD300207047FF29F2D01A790132D2B2C1
:1042300091421A71F5D29A7801329A7000221A715D
:10424000704700000E4803681A0617D5C3681B069E
:1042500014D50C4B0C4A1988138889B29BB2994229
:104260000AD013880133DBB213801388074A9BB24C
:10427000D35CDBB243607047FCF7D6BF704700BF2A
:10428000004400408820002086200020861F002057
:104290000E490F4A0B8812880133DBB292B29A4260
:1042A00012D00C4AD0544FF040220B8002F20C4343
:1042B00053E8003F43F0800302F20C4040E8003135
:1042C0000029F3D10120704700207047882000208A
:1042D00086200020861F002038B504464518AC42D1
:1042E00000D138BD14F8010BFFF7D2FFF7E70846FD
:1042F0001146FFF7F1BF0000002300B589B0CDE9FA
:104300000633CB1A18BF01231B03CDE902320C235D
:1043100001900491034801A9059305F0B1FB09B090
:104320005DF804FB0044004010B5064CE36823F43C
:104330000053E360FFF7E0FFE36843F40053E360FA
:1043400010BD00BF0044004008B531B14FF4005229
:104350004FF480610248FFF7E7FF012008BD00BF6E
:10436000A086010013B52D4C40F20441E36823F40C
:104370000053E360FDF766FB4FF40030FCF738FFB5
:104380000823012200F18040CDE90032A0F57840F9
:1043900003230A22FDF79CFB002221481146FFF768
:1043A000ABFFC022236923F490432361636923F0A8
:1043B0002A0363611B4B83F8262340225A60204660
:1043C000FCF732FF4FF0402101F20C4353E8003F6D
:1043D00023F0400301F20C4040E80032002AF3D100
:1043E0006FF040032360104B1A80104B1A80236932
:1043F00023F400632361636923F008036361236985
:1044000023F480432361636923F022036361E3683B
:1044100043F40053E36002B010BD00BF004400400D
:10442000A086010000E100E0862000208820002016
:1044300030B51C4C85B00E2200210546684605F0BB
:1044400049FEB4F8A0302046ADF80030FCF760FA21
:104450008DF802002046FCF752FAB4F8A4308DF82B
:1044600003001148ADF80430FFF7B2F894F8A63015
:104470008DF806008DF8073094F8A93069468DF85C
:104480000830B4F8AA302846ADF80A30074B9B78BC
:104490008DF80C3001238DF80D3003F05EFF05B070
:1044A00030BD00BF801D00203C1E002048000020C1
:1044B0000148FEF763B900BF791D0020F8B50E462C
:1044C0000746144D5B232946304614462A46FFF71B
:1044D000E3FDD7E9041328686A689A4208BF884256
:1044E00009D0002430460C49FFF73AFE002C0CBFDF
:1044F00001200320F8BD59212846FCF7E7FEB5F856
:1045000059308342EDD114B1FFF7D2FFEAE701241D
:10451000E8E700BF751E0020801D002013B50121B3
:1045200004460844FCF7D2FEA178ADF806000DF170
:104530000600FCF7A7FEE178FCF7A4FE2179FCF762
:10454000A1FE6179FCF79EFEA179FCF79BFE04F1C8
:1045500008010322FCF7A2FE627804F10C01FCF7CB
:104560009DFE94F82311FCF78DFEBDF80630A4F8EB
:104570000C3102B010BD0000003818BF0120014B03
:10458000187070473003002070B5002A39D1042B11
:1045900073D89DB2A3B31446654A92F82830566A80
:1045A00003F1030C5FFA8CFCF600BCF1070F5662B6
:1045B00082F828C040F28A80053BDBB282F82830BE
:1045C000B1F800C0DE400CF101030B8000F80C6074
:1045D0000EE0083BDBB282F82830B1F800C0566A22
:1045E0000CF1010E26FA03F3A1F800E000F80C30FC
:1045F00092F82830072BECD80134A6B2B542CED8B9
:1046000070BDFF2AFCD1032B67D89DB2002BF7D0D9
:104610000026474A92F82830546A03F1040C5FFAE6
:104620008CFC240144F00204BCF1070F546282F8B0
:1046300028C07BD9043BDBB282F82830DC400B88F1
:1046400003F1010CA1F800C0C4540DE0083BDBB23B
:1046500082F82830546AB1F800C024FA03F30CF150
:1046600001040C8000F80C3092F82830072BEDD8AC
:104670000136B4B2A542CFD870BD2D4A03F5C06350
:10468000546A43EA443392F82840536204F10D051A
:10469000EDB2072D82F82850B2D90534E4B282F881
:1046A0002840E3400C88651C0D80035509E0083B59
:1046B000DBB282F82830546A0D88DC406B1C0B801A
:1046C000445592F82830072BF1D870BD0134A6B2BA
:1046D000B54263463FF663AF92E7154A03F5E063E0
:1046E000546A43EA443392F82840536204F10D05BA
:1046F000EDB2072D82F8285082D90534E4B282F851
:104700002840E3400C88651C0D80035509E0083BF8
:10471000546ADBB282F82830DC400B885D1C0D80C7
:10472000C45492F82830072BF1D870BD63469FE738
:10473000840500202DE9F0470027FF268025674CDF
:104740000F8098460670A577676284F82870002B62
:1047500000F0BC8003F1FF391FFA89F99144561E1D
:10476000BA463A4609E0554546D10137BFB20B88F3
:1047700043453AD24E4500F0948016F8015F002A76
:10478000F1D16B1EDBB2FD2B32D83F2B62D905F184
:104790004103DBB23F2B34D8636A94F828200135FB
:1047A000EDB245EA032502F10803DBB2072B65628F
:1047B00084F8283015D984F828200B88D5405A1C55
:1047C0000A80C55409E0083BDBB284F82830626AED
:1047D0000D88DA406B1C0B80425594F82830072B6B
:1047E000F1D800220B884345C4D30020BDE8F087F0
:1047F0000127AA463A46BAE75246FBB2FFF7C4FE83
:10480000BFE7636A94F828203F35EDB245EA4325B7
:1048100002F10903DBB2072B656284F82830E0D986
:104820000132D2B284F828200B88D5405A1C0A8065
:10483000C55409E0083BDBB284F82830626A0D8871
:10484000DA406B1C0B80425594F82830072BF1D8C6
:104850000022C7E7636A94F828207F35EDB245EA65
:10486000032502F10803DBB2072B656284F82830C8
:10487000B7D984F828200B88D5405A1C0A80C55423
:1048800009E0083BDBB284F82830626A0D88DA4020
:104890006B1C0B80425594F82830072BF1D800226E
:1048A000A0E722B1FBB25246FFF76EFE0B8894F8E8
:1048B000282062B10125646AC2F10802944005FA19
:1048C00002F2013A22435C190C80C2540B889845CD
:1048D00094BF00200120BDE8F08700BF84050020C0
:1048E00047F26F7300222DE9F04F827003800B783E
:1048F0000D46A3F1FE03B3FA83F35B0983708A7854
:10490000044612F001011CBF43F080038370D5F808
:10491000202185B022F07F4222F0FF0212B143F045
:1049200008038370AA68C2F31702FF2A19D9B2F5E7
:10493000803F13D34FF0020863F07F03A37041EA76
:104940000801E17009260B220A21082307204FF0F5
:10495000060C4FF0050E4FF0040912E043F002037D
:10496000A3701E0600F1EC8008260A2209214FF0F0
:104970000008072306204FF0050C4FF0040E4FF0FF
:10498000030995F801A0374604F809A095F804A09A
:104990009B4604F80EA095F805E0019104F80CE0A0
:1049A00095F806C0A14404F800C0A078000709D516
:1049B00095F821018B46E0540B4695F822111646D6
:1049C000E1551746AA68E254A378990708D5AB6861
:1049D0000BF10202C3F30F23E35597B2B3463E46F1
:1049E000B8F1000F05D0AB7AB346E355771CBFB2E0
:1049F0003E46A378DA0606D595F82331B346E3554B
:104A0000771CBFB23E46504B01361B781FFA86F822
:104A1000A04405F10C0A43B1524640466B780DF1B3
:104A20000E01FFF787FE00286ED16A78514693B2D7
:104A30004046019305F0B0FB2178444BC943C9B20D
:104A4000627894F80780595C94F802A0514042467D
:104A5000595C94F803908AEA010A13F80A1094F852
:104A600004E089EA010913F8091094F805C08EEAF8
:104A7000010E13F80E10A0798CEA010C13F80C103B
:104A8000BBF1070F80EA0100195C82EA01029A5C1F
:104A900025D0217ABBF1080F82EA01029A5C1ED070
:104AA000617ABBF1090F82EA01029A5C17D0A17A00
:104AB000BBF10A0F82EA01029A5C10D0E17ABBF1E5
:104AC0000B0F82EA01029A5C09D0217BBBF10C0F2B
:104AD00082EA01029A5C1EBF617B4A409A5CE25501
:104AE000019AB5F80C311644B6B2A355B5F80C21AD
:104AF000731C9BB2120AE254AB78B01CDB0780B285
:104B00000CD405B0BDE8F08FA37843F04003A37048
:104B1000BDF80E30019389F800308DE7D5F81821E3
:104B2000D5F81071D5F814112318275059609A60E0
:104B300095F81C210F36B0B21A7305B0BDE8F08F9E
:104B40004FF00008FDE600BF3003002040A8000839
:104B50002DE9F84F8246AE480F46514615460646A7
:104B600005F01AFB00238022AA4C3B804FF0FF087F
:104B70009E46994684F822202384636284F8283074
:104B800006E03B885A1C3A800AF8039094F828E023
:104B9000BEF1010F5CD8218C8D4240F29D80606A8D
:104BA000735C0EF1080C5FFA8CFC43EA0023ACF155
:104BB000020B23FA0BF00EF1060200F003000131A4
:104BC000D2B202282184636284F8282000F0868013
:104BD000032800F0888001281DD0002A40F087803B
:104BE000228C954278D90721B05C013240EA032338
:104BF00022841A06636284F82810C2D5062113F0B5
:104C0000400F84F8281040F08D803B885A1C3A8071
:104C10000AF80380BAE7062A0BD8228C95425BD9A2
:104C2000B15C013241EA03230CF106012284636284
:104C3000CAB2073AD34003F07F037D2B84F82820C3
:104C40004AD83A884133511C39800AF802309DE72E
:104C5000636AAEF1020B23FA0BF000F003005FFA77
:104C60008BF2022884F8282003D003281CD0F446B5
:104C7000B1E7052A32D8218C8D422DD9705C0EF116
:104C80000602013140EA0323D2B221846362063A6C
:104C900084F828E0D340398803F03F034A1C0133ED
:104CA0003A800AF8013071E7052A1CD8218C8D4220
:104CB00012D9705C0EF10602013140EA0323D2B230
:104CC00021846362063A84F828E0D340398803F0EF
:104CD0003F034A1C413BE3E7BDE8F88F063A636AAD
:104CE0005FFA82FED4E7063A5FFA82FEEBE70BF149
:104CF000FF3023FA00F0511EC9B2C00784F8281013
:104D00007FF53FAF69BB228C9542E5D90721B05CA6
:104D1000013240EA03232284636284F8281013F0EE
:104D2000800F70E74A1ED0B223FA02F2D20784F84D
:104D3000280032D48446228C9542CDD9B05C013211
:104D400040EA0323C81D22846362C0B2A0F10802B6
:104D5000D34084F828C05FFA83FB5A460021388884
:104D600033E0013923FA01F0911EC9B2C00784F87B
:104D700028107FF54AAF99BB228C9542ACD94FF0F1
:104D8000070CB15C013241EA0323190622846362F5
:104D900084F828C021D40821CDE7072832D8228CF6
:104DA000954299D916F802C0073101324CEA032323
:104DB00022846362C9B2083923FA01FB5FFA8BFBD4
:104DC0005A46FF2184F828003888504405F082F9BB
:104DD0003B889B44A7F800B0D8E660460821DEE790
:104DE00001F1FF3CD01E23FA0CFCC0B21CF0010FF5
:104DF00084F82800D1D107289CD90B3A636A5FFA5E
:104E000082FCA3E7A0F108020146D0B2D3E700BFBD
:104E100058040020840500202DE9F04F0D465188EC
:104E20001446B1F58F7F06468BB00BD90022227055
:104E300000226F2B628000F06281002333700BB080
:104E4000BDE8F08F12780E2A24D80E2A00F21081C5
:104E500001A050F822F000BF314E00087D5000083C
:104E600071500008715000087D5000087D50000806
:104E70007D5000087D5000087D5000087D500008DE
:104E8000C9500008715000087150000871500008A6
:104E9000ED500008692A40F2E9806A2A40F0E88073
:104EA0009B4FFA8A02F1FF3C1FFA8CFC002A00F0AB
:104EB0007982FF220CF1030CDFF858E2BC44B91CE4
:104EC00011F8010B424061451EF80220F8D19342CF
:104ED00000F0D18100222270C4F80220E280FA8A18
:104EE000022AAAD939796F2900F02E83032AA4D087
:104EF00079796F2900F03883042A9ED0B9796F2917
:104F000000F03583052A98D0F9796F2900F03B83AA
:104F1000062A92D0397A6F2900F04682072A8CD06F
:104F2000797A6F2900F03283082A86D0B97A6F29FE
:104F300000F02F83092A80D0F97A6F2900F02C83A2
:104F40000A2A3FF47AAF397B6F2900F028830B2AB5
:104F50003FF473AF797B6F2900F024830C2A3FF470
:104F60006CAFB97B6F2900F020830D2A3FF465AF49
:104F7000F97B6F2900F01C830E2A3FF45EAF397C69
:104F80006F2900F01B830F2A3FF457AF797C6F29FC
:104F900000F01183102A3FF450AFB97C6F2900F064
:104FA0001083112A3FF449AFF97C6F2900F00C837C
:104FB000122A3FF442AF397D6F2908BF4FF0120823
:104FC0007FF43BAF02F101091FFA89F93A44A7F8CF
:104FD00016905FFA89F993704F494A4602A805F086
:104FE000DBF86F234FF0010CBB704FF0000E642311
:104FF000A7F800E0A7F816C0237008EB0C0399454A
:105000001FFA89F27FF619AF901EA0EB080002A9E3
:105010005A1E80B20B444FF06A084FF007094FF058
:10502000660A0A44184405E0002B40F0C081904213
:105030003FF403AFFB8A12F8011F03F1010B3B445D
:10504000A7F816B099702378092BEDD9A3F1640B5A
:10505000BBF1050FEBD8653B042B00F2B882DFE80B
:1050600013F021011901140110011D01632A05D853
:1050700000232370C4F80230E380DFE6244FFA8A6D
:10508000511C3A44F98293702278092A00F2A680D2
:10509000002A3FF4D2AE013A082A3FF6CEAE01A173
:1050A00051F822F0815300083B4E00083B4E0008A7
:1050B000CD520008CD5200086B5300082153000860
:1050C000555300083F5300084A1C114E62806B5430
:1050D000A088727F618883189942FFF6B0AE33785A
:1050E0005F0600F1E8810E232370A8E64A1C628067
:1050F0006B54E2886388934210D201239EE60449F0
:105100000A808B7001226423CA822370002395E6F3
:105110008405002040A80008860500200023022105
:1051200063802370317072802B78FD2B00F08A80B1
:10513000EB7833722B7973726B7973606A7808320B
:10514000728040F285100022FE210446DFF8D0C2B2
:105150007281013499424FEA540431D84CD38B42C6
:1051600040F08D802B78FD2B00F082804FF0060BF5
:10517000284610F801AF62000BEB0A0909F1FF3174
:1051800089B20192FCF7A2F8DFF8948204EB44079D
:1051900008EB87073979ADF8080002A80191FCF700
:1051A00071F805EB0902527815F80930019903EB03
:1051B0000223BDF808209BB29A421FD005233DE68A
:1051C000601E1418824204F1010780F06D8127F0FF
:1051D000010101EB57015CF82110BAE7A2F164016B
:1051E00005293FF62AAE653A042A00F2F981DFE884
:1051F00002F0819379757D002246E2E7BB79DA07F8
:1052000006D5FA79924582BF521912F80B20B27274
:105210009B070BD56300234408EB83031B7A6A7852
:105220009A4282BF5B1913F80B30F3724FEA4409BC
:10523000A14408EB890898F80530317373730BB0FB
:10524000BDE8F08F6B793372AB7973726B7A297A20
:10525000EA791B0403EB0123134473606A7802F1BB
:105260000C017180A978C9077FF56BAF193267E728
:105270004FF00A0B7CE70A2201232270DEE50323AC
:10528000DCE5F97684F80090D1E64FF06803B97652
:105290002370CCE6797084F800C0C8E6397784F8CA
:1052A0000080C4E6397001F001036188033B01F11D
:1052B000010B87F801E0A4F802B06B5497F90030B5
:1052C000002BACBF634653462370B0E66288511C86
:1052D0006180AB5423780133237017E70722FB76F4
:1052E0002270AAE56822BB762270A6E56A223B7787
:1052F0002270A2E500227A7062883B7003F00103FD
:10530000033B511C6180AB5497F90030002BB4BFB4
:10531000662301232370F9E601227B7022708CE55D
:105320006288511C6180AB543B787A78134313F048
:10533000020340F0D8806288511C6180AB546288BF
:10534000511C6180AB543B78D8064CBF69236A235B
:105350002370DBE66288511C6180AB547B7813F0CC
:105360000203ECD009232370D0E66288511C6180CF
:10537000AB543B781D074CBF672307232370C5E65A
:105380006288511C3A836180AB543A787B7712F083
:10539000010200F0C48006220833E380A2800423C7
:1053A0002370B3E6FF2292E54FF006080AE6013BC0
:1053B000082B3FF63CAE0FF2080B5BF823F000BF62
:1053C000F95300082F5000082F500008E55300083B
:1053D000E553000873540008415400088D54000838
:1053E00025540008638803F1010BA4F802B0E954C6
:1053F0002378013323701AE6638803F1010B3B83A2
:10540000A4F802B0E9543B78797713F001036DD02A
:1054100006230831E180A3800423237007E600BF40
:1054200040A90008638803F1010BA4F802B0E95415
:105430003B78DB067FF533AF4FF069032370F6E569
:10544000638803F1010BA4F802B0E9543B78797842
:105450000B4313F0020343D1618801F1010BA4F85F
:1054600002B06B54618801F1010BA4F802B06B54D7
:10547000DEE7638803F1010BA4F802B0E9543B783E
:1054800019077FF5FFAE67232370D0E5638803F12A
:10549000010BA4F802B0E9547B7813F00203E1D0C9
:1054A0004FF009032370C2E5554902EB4200144650
:1054B00051F8201053E602A92844FFF749FB737FF7
:1054C000BDF808106288CB1A9BB21A446280727FC2
:1054D0001A447277E2881344E380338BE95402E67E
:1054E00008232370A3E5082323700FE60C31E18025
:1054F0000A21A180797811F0010128D0618801F199
:10550000010BA4F802B005F801C0618801F1010B9C
:10551000A4F802B06B54E3880D33E3807CE70C33CE
:10552000E3800A237978A38011F0010122D00121C0
:10553000638858186080E954638859186180EA5478
:10554000E3880D33E3802AE74FF002083AE56388E9
:1055500003F1010BA4F802B0E954638803F1010BD5
:10556000A4F802B0E95457E74FF003082AE54FF0DA
:10557000040827E563885A1C6280E95463885A1C32
:105580006280E9540BE74FF005081BE54FF0070870
:1055900018E54FF0080815E54FF0090812E54FF03F
:1055A0000A080FE54FF00B080CE54FF00C0809E571
:1055B0004FF00D0806E54FF00F0803E54FF00E0819
:1055C00000E54FF01008FDE44FF01108FAE47729E8
:1055D0000ED084F800E0C4F802E0A4F806E026E566
:1055E000772B09D000232370C4F80230E38024E431
:1055F0004FF0650323701AE56523237086E500BF2D
:1056000040A900082DE9F8431F46184B164693F8A9
:10561000302004463AB393F82B301FB11BB31F1F41
:1056200018BF0127A1F1020804F5E36901F11E0585
:1056300038F8020FFBF735FA29F8020FB8F8000026
:10564000FBF73CFAA845A9F82000F1D1084B86F0F9
:1056500001061B6884F85A77C4F85C37012384F884
:10566000606784F81937BDE8F88300BFA800002000
:10567000942C002070B500F27C7400F5B0712046C7
:10568000FBF789FE044B0246186801680D69214644
:105690002B46BDE8704018477C1D0020B0F8E83468
:1056A000B0F8EA249B1A98B21B0444BF00F50070BE
:1056B00080B2003818BF012070470346D0F8F826A2
:1056C000B0F8E8140132C0F8F826D0F8002701320B
:1056D000C0F80027B0F8EA2491421FBF811891F862
:1056E000EE04B3F8EC1401321ABF0A40A3F8EA241E
:1056F00000207047114B93F82D305A1E012A02D812
:105700000F48FFF7DABF032B10D10E4AB2F81E364E
:10571000B2F81C1699420ED0D11891F82206B2F8B0
:10572000201601330B40A2F81E367047064B18684E
:1057300003689B6918470020704700BFA80000203D
:10574000C8050020700E00207C1D00200023A0F85A
:10575000EA34A0F8E834024B18680368DB6918479C
:105760007C1D002010B50748FFF7F0FFBDE8104092
:105770000022054BC3F81C26044B18680368DB693C
:10578000184700BFC8050020700E00207C1D0020B7
:1057900038B5B0F8EA24B0F8E83404469B1A9DB254
:1057A0001B04084B48BF05F50075186848BFADB22B
:1057B00003681B6A98474319D4F8F006184480B26E
:1057C00038BD00BF7C1D0020F8B5D0F8F436044683
:1057D000CB1AB3F57A7F0E4690F8187726D2632B52
:1057E00001D800207DE0012F0AD0022F19D0002F10
:1057F000F7D1FFF7CDFFB0F5806FF2D9012305E0B7
:10580000FFF7C6FFB0F5806F03D9022384F818377D
:105810000CE02046FFF7BCFFB0F5C07FE1D20023CB
:10582000F4E7FFF7B5FFB0F5806FE7D33448C4F86D
:10583000F466FBF792F8334D334A2B681168C3F1D5
:10584000000C411A614501DB99424BDD0A231060CF
:105850002B6013685221B3F5FA7FBCBF4FF4FA7383
:105860001360126864254A432849D4F8F836B1F821
:105870004C106B4392FBF1F2B3FBF2F35F2B35D884
:10588000552B35D83B2B03D94B2B34BF5B25322509
:1058900094F81837022B2DD0012B2DD013B9002FDF
:1058A00018BF33254FF47A733146D4F8002704F239
:1058B0000470FBF72BFC94F81837FBB9642D0BD15F
:1058C0000322D4F8F436A3F29A23C4F8F436D4F8B9
:1058D000F8365B00B3FBF2F30120C4F8F83684F825
:1058E000FC56F8BD002BB4DD013BB1E70025CFE746
:1058F0001E25CDE70025D5E73225D3E70023EBE7CA
:10590000801D0020080000203403002048000020F3
:1059100070B5D0F8F4360446CB1AB3F57A7F0E464C
:1059200090F8182714D2032A08D8DFE802F00209F9
:105930002730FFF72DFFB0F5487F26D8002029E05B
:10594000FFF726FFB0F5AF6F11D9022384F818379F
:10595000304B94F81857B3F84C00C4F8F466D4F8F8
:10596000F836032D4ED8DFE805F03716494B2046B0
:10597000FFF70EFFA328E1D80323E7E7632BDDD968
:10598000FFF706FFB0F5AF6FE2D20123DEE700209C
:1059900084F8180770BD21254FF47A733146D4F886
:1059A000002704F20470FBF7B1FB94F818377BBBB7
:1059B000642D0BD10522D4F8F436A3F54873C4F84E
:1059C000F436D4F8F8369B00B3FBF2F30120C4F8A8
:1059D000F83684F8FC56DDE764210F4A4B43B2FBEE
:1059E000F0F2B3FBF2F35F2BD6D8552B0CD83B2B40
:1059F0000CD94B2B34BF5B253225CDE70025CBE7F7
:105A00005D25C9E76425C7E71E25C5E70D46C3E741
:105A10000023DBE74800002050400100F8B5244F88
:105A200004463846FAF762FFFAF7DCFF064697F9B4
:105A3000A600FAF7D7FF05463846FAF760FF94F854
:105A4000FC261C4B84F87221FF2293F8353084F831
:105A50007421333384F8653144236D2284F8663130
:105A6000D4F86831C0F10A0062F31703C4F8683152
:105A70000023C4F86C3184F881324FF43943A4F820
:105A80008232092300B280F3070084F8730184F89E
:105A9000706104F5B07084F8715184F8843204F5B3
:105AA000AA71FBF759FF2046BDE8F840FFF7E2BDB9
:105AB000801D0020A80000202DE9F04F0446B0F81A
:105AC00028670378B0F822E7B0F824C7B0F81CA71D
:105AD000B0F81E97B0F82087B0F82677B0F82A57AC
:105AE000B0F82C07A4F87A610026B4F82E2785B008
:105AF0000092B4F83027B4F836170192B4F8322780
:105B0000B4F834B70292B4F83827A4F874E10392D9
:105B1000B4F81A27A4F876C1A4F86C2184F87C3173
:105B2000A4F86EA1A4F87091A4F87281A4F8787119
:105B300084F87D61A4F87E51009A84F88132A4F83B
:105B40008221019A4FF4F843A4F88421029AA4F820
:105B50008A11A4F88621039A4621A4F88C21FF22F9
:105B600084F865214422A4F88232262384F8662131
:105B7000D4F86821A4F8800161F3170204F5B0702D
:105B8000A4F888B184F88E6184F88F6184F89061FC
:105B900084F89161C4F8682184F8843204F5AA710C
:105BA000FBF7DAFE204605B0BDE8F04FFFF762BD17
:105BB000F0B591B004466D4600F23A7300F25A76A1
:105BC0002A4618685968083303C2B3421546F7D10C
:105BD000202200210DEB020004F07CFA94F86027EB
:105BE00094F85A370AB943F00203A4F8703100233D
:105BF00084F87331102384F874316B461D4A27787A
:105C000092F83520D4F85C173332D2B2C4F86C1154
:105C100084F8727104F275160DF1400C1D4603CD27
:105C20006545306071602B4606F10806F6D14423C5
:105C300084F865214FF4D27284F86631D4F8683163
:105C400004F5B07062F31703C4F868314FF4A05341
:105C5000A4F88232492384F8817284F8843204F5EE
:105C6000AA71FBF779FE204611B0BDE8F040FFF7BE
:105C700001BD00BFA800002070B5044690F874571D
:105C800090F87507214B84F86F016FF06E0084F86F
:105C900070016FF02A0084F87101122084F87201FB
:105CA000002093F8353084F87301333384F865317C
:105CB00044234D2084F86631D4F8683194F8721783
:105CC00060F31703C4F868318F2384F883320A2302
:105CD00094F87327B4F8706784F8741184F881120B
:105CE00004F5B070A4F86C6184F86E5184F87521E5
:105CF00084F8822284F8843204F5AA71FBF72CFE22
:105D00002046BDE87040FFF7B5BC00BFA8000020EA
:105D100010B5224B044693F835204FF07E53C0F85F
:105D20006C3100230178C0F87031C0F87431C0F8CC
:105D30007831C0F87C31C0F88031C0F8843184F803
:105D40008C314423333284F865214C22082084F8B6
:105D50006631D4F8683184F8880162F31703C4F817
:105D60006831022049F6010384F88901A4F88232DF
:105D70000120212384F88A1184F88B0184F8811290
:105D800004F5B07084F8843204F5AA71FBF7E4FDE1
:105D90002046BDE81040FFF76DBC00BFA800002002
:105DA000F0B54E780D46202E04468BB001F10C0163
:105DB0003AD8324601A804F0EFF901AB0021C6F150
:105DC0002102981904F086F93D4B9DF8222093F8A2
:105DD000353033339A4270D19DF82330442B6CD147
:105DE000BDF82030F62B02D0B3F5FA7F65D1B4F8B8
:105DF0007027A4F870379A421CBF002284F87527D8
:105E0000012284F86D276A79F62B84F87227AA7923
:105E100084F873274FF0020284F8742713D0B3F587
:105E2000FA7F34D000232BE00B4601AA05F12C07A2
:105E3000164618685968083303C6BB423246F7D184
:105E40001B783370C0E71F4B186803685B6A98477C
:105E50000028E7D01C490398FAF724FC98B11B49A5
:105E60000498FAF71FFC70B119490798FAF71AFC61
:105E700048B1002384F874379DF82430012B10D1E9
:105E800084F8753719E0002384F87437CAE70023D3
:105E90000F49079884F87437FAF704FC0028C1D03A
:105EA000EAE7022BBED194F87527002ABAD084F80D
:105EB0007537084B1B68C4F878370BB0F0BD00BFCE
:105EC000A80000207C1D0020000040400000884207
:105ED00088AC9649942C00204FF47F430380002324
:105EE000C0E90133C0E90333436103767047000022
:105EF00038B50023C0E90733C0E955334362C0F821
:105F00005C310446FBF796FA254B9878022845D079
:105F1000431F58425841FEF72FFB40F2FF13002564
:105F2000A4F8EC341F4B04F204701B68C4E9A255BA
:105F300003F57A73C4F8F436C4F89052A4F8EA541E
:105F4000A4F8E854C4F8F05684F8FC5684F81857BE
:105F5000C4F8F856C4F80057FBF7D2F8294684F87D
:105F6000195704F21A70402204F0B4F87D23204639
:105F700084F85A57C4F85C5784F86057C4F86457DB
:105F8000C4F86857A4F86C37A4F8725784F87557AA
:105F9000C4F87857BDE83840FFF79EBF0120BAE744
:105FA00048000020942C002010B40E4A92F82E20B5
:105FB000AAB102789AB140F6C4140B4A016912687A
:105FC000511AA14202D910BCFFF786BF416831B90E
:105FD0004169511AFA2982BF42610122027610BC3E
:105FE000704700BFA8000020942C00204378032BAA
:105FF00006D1C068B0F5834F34BF00200120704740
:10600000002070477FB50B46324900F1280691F811
:106010002D100446022900F11C02314668461BD1AE
:10602000FEF7FAFE9DF80030022B50D104F5B07552
:10603000324669462846FBF70BFAD4F8683123F05C
:106040007F436E2B2FD1244B9A78052A3DD8DFE869
:1060500002F0303438063038FBF772FBE2E75A6C56
:10606000B2F5613F94BF002201222046FFF7BEFF38
:10607000C8B9C2B194F86E31012B14D894F87231BA
:10608000042B10D11022154904F27B1004F046F8BD
:1060900048B97823284684F8883184F8823184F816
:1060A0007C31FEF73BFA204604B0BDE87040FFF7B4
:1060B000E1BA5A6CB2F5E13FD4E75A6CB2F5614FE0
:1060C000D0E75A6CB2F5164FCCE70122CDE704B009
:1060D00070BD00BFA80000204800002048A40008B0
:1060E0004378032B07D144F2BF13C068984294BF92
:1060F0000020012070470020704700002DE9F04F7C
:106100000446814B8148ABB01D68FDF761FA40F64B
:10611000C312D4F86837EB1A934204D894F96C3759
:10612000834200F0B0807A4EC4F86857B1780627F1
:10613000052997BF774B002533F81180764B8CBF2C
:10614000A84633F8115023783A468DF814300023CE
:106150008DF815307F238DF81830B6F84E3084F85E
:106160006C078DF819000DF11A00ADF80C30ADF880
:106170000E308DF817108DF81670FAF769FE3A4652
:10618000717808A8FAF73AFE6048ADF81080ADF8CB
:106190001250FDF70FFA40428DF826005B48FDF7DC
:1061A00009FA4242D2B220468DF82720FFF798FF25
:1061B000DFF86891804604F5B07504F5AA760028EA
:1061C00064D09DF8261099F835309DF9190000919A
:1061D00084F88721BDF80C10DDF81A2033339DF8C0
:1061E00015B09DF816E09DF817C09DF91870BDF820
:1061F0000EA0BDF81090BDF812800193A4F86C11A8
:106200009DF81430009984F87901C4F87A2108982F
:10621000BDF81E2084F8743184F88611A4F87E211C
:10622000A4F86EA1A4F87091A4F8728184F875B1F5
:1062300084F876E184F877C184F87871C4F8800135
:1062400084F88132AB23BDF824204EF68E21A4F8C9
:106250008421019A84F8833284F8652144221C2326
:1062600084F86621D4F8682184F882B261F31702B9
:10627000C4F868212846314684F88432FBF76CFB69
:106280002046FFF7F7F92BB0BDE8F08F01466422F6
:1062900011A803F01FFF0AAF0DF10C0CBCE80F00B2
:1062A0000FC79CE807006FF02E0384F86C311C23A5
:1062B00087E8070099F8357094F80090802284F8F8
:1062C000703184F86D8184F86E9184F86F810AA929
:1062D00004F2711003F060FF442340F2811284F84D
:1062E0006631D4F86831333762F31703C4F8683184
:1062F0004FF41343FFB2A4F8823284F8657185230A
:1063000084F88192B6E700BF942C00203C1E002048
:1063100048000020BAA70008C6A70008A80000206F
:106320008A4B2DE9F04F1A68D0F864370446D31A27
:10633000122BA7B040F20681DFF81492DFF814B2F6
:1063400099F80010C0F864278B1E594259419BF9F7
:10635000A000FAF75FFB99F800109BF9A2308A1EA3
:106360005142514100909BF9A6000193FAF752FB6C
:106370009BF8A4300290012B0CBF032501259BF84C
:10638000A5307548012B9BF8AA300CBF45F00805D5
:1063900045F00405012B9BF8AB3008BF45F0100514
:1063A000012B0CBF45F0200545F04005FDF72AF90B
:1063B000F9F78CFF6949F9F7E1FF03F04DFE6849F1
:1063C000F9F7DCFF0646634894F800A0FAF7A0FA54
:1063D00080466048FAF7AAFA99F800300746022B7F
:1063E00020460CBF9BF8A9904FF00009FFF778FEFC
:1063F0005C4B014693F8353004F5B07B3333DBB2A8
:10640000039304F5AA73002846D0002284F86F2174
:10641000009AFF2184F87221019A84F8771184F898
:106420007321029A84F8791184F875217F2284F807
:10643000762184F8782184F87A21039A4EF68D210A
:1064400084F86521442284F86621D4F86821A4F8F0
:106450006C5161F31702C4F868214FF46062A4F82C
:106460008222172284F86EA184F8708184F87171F9
:1064700084F87491C4F87B61C4F87F6184F881A2C8
:1064800084F8842258461946FBF766FA204627B05E
:10649000BDE8F04FFFF7EEB86C2204900BA805930F
:1064A00003F018FE4FF67F72ADF82220ADF82420DD
:1064B0007F228DF826206FF02F0284F86C2117229E
:1064C000009B04998DF81E30019BADF8185025787B
:1064D0008DF81F30029B8DF81B1084F86D1184F825
:1064E0006F1184F8702106A9802284F86E5104F29D
:1064F00071108DF821308DF81AA08DF81C808DF860
:106500001D708DF82090CDF82760CDF82B6003F03A
:1065100043FE442240F2811184F86621D4F86821B8
:10652000039B61F31702C4F868214FF41342A4F8E7
:106530008222852284F8653184F88152059B84F893
:1065400084229FE727B0BDE8F08F00BF942C002085
:106550006B030020801D00207C03002000007A3D9A
:1065600000007A44A8000020F0B54E780546082EB9
:106570000C4685B001F10C0717D83246394601A800
:1065800003F00AFE01AB0021C6F10902981903F0DD
:10659000A1FD9DF80930032B05D162792A70064AC6
:1065A00012686B702A6105B0F0BDC868796801ABEC
:1065B00003C33A7A1A70ECE7942C002030B50378C4
:1065C000044695B013B34A799A421FD14D780C31E5
:1065D0004D2D1DD82A46684603F0DEFD0021C5F189
:1065E0004E020DEB050003F075FD42F21070049BA6
:1065F000190EC3F3072200FB012264216360C3F379
:10660000074301FB0323E360059BA36015B030BD86
:106610004E22684603F0C0FDE7E700008A68C2F337
:1066200017024C2A14D0942A09D09AB90A4A92F82F
:106630002E207AB18B79012B0CD1FFF795BF064A3A
:1066400092F82E2032B18B79012B03D1FFF7B6BF20
:10665000FFF7A6BB704700BFA8000020B0F8EA34DF
:10666000B0F8E824F0B5D21A93B2120444BF03F58F
:1066700000739BB2DD2B044685B009D82A4D00F586
:10668000257600F52277286803685B69984708B982
:1066900005B0F0BD286803689B699847D4F8F026D8
:1066A00003460132C4F8F02631463A466846FBF705
:1066B00047F89DF80030022BE5D104F5707532469D
:1066C00069462846FAF7C4FE184B04F27C7693F824
:1066D0002D302946022B30460FD1FEF701F9002359
:1066E0009AB282420CD3002329462046C4F8F036E1
:1066F00005B0BDE8F040FFF791BFFAF74CFEEEE7BA
:10670000B4F8E814B4F8EC744A1C3A40B4F8EA74EB
:1067100097421EBFF75C091981F8EE7403F101037B
:1067200018BFA4F8E824DBE77C1D0020A8000020A7
:106730002DE9F0414B4BDFF830811E6898F80030AE
:106740004A4F022B1EBF0023A0F8EA34A0F8E83419
:1067500097F82D300446013B012B00F28180FFF7B2
:106760007DFF97F82E50002D5BD098F80030022B5B
:106770004BD1012D3ED0022D42D000252046FFF7FF
:1067800013FC94F8193743B1002384F8193797F8AC
:106790003030012B4FD0022B50D015B12046FFF7DF
:1067A0003DF994F86D372BB10023204684F86D37FE
:1067B000FFF762FA94F87537022B11D1D4F87837C5
:1067C000F61AB6F57A7F0BD9B4F87037F62B3ED0AF
:1067D000B3F5FA7F3DD00023A4F8703784F87537FD
:1067E000237E002B3CD0002320462376BDE8F041D9
:1067F000FFF78EBA31462046FEF7E6FF0546BDE7B5
:1068000031462046FFF784F8F8E7D4F8F436F31A57
:10681000B3F57A7F08D2002504F20470FAF770FC11
:10682000ACE7C4F8F466F7E732230125C4F8F46650
:1068300084F8FC36F0E7FFF73FF9AEE7FFF7B8F969
:106840002046FFF76DFD2046FFF758FCA5E7FBF754
:10685000FFF9074B1A79002ABDD101225A71BAE714
:10686000BDE8F081942C00206B030020A8000020DC
:106870003803002070B54C880346B4F5427F4FF0D2
:1068800000000AD80D780B2D77D8DFE805F0060F49
:106890001C2C2F32383B54575B6DA2F1240462420A
:1068A000488062410A7083F809033EE04D2A01D016
:1068B000582A06D11A7002220A70002083F80903B0
:1068C00070BD0022F8E702F0FD003C2801D0212A2B
:1068D000F7D15A701A784D2A0CBF082203220A7089
:1068E00000229A70E9E79A700422DBE79A80052279
:1068F000D8E7988800EB02229A800622DCE7DA804B
:106900000722CFE7D88800EB022292B2002ADA8071
:106910000CBF0B220A220A7000224A80012283F84F
:106920000923DB88B3F5407F01D80020C8E70020A9
:1069300008704880C4E7DA800922B3E79A800A2207
:106940000A70EBE7B4F5407F3CBFE41822724A8836
:10695000013292B24A80D88890429CBF0B220A70C2
:10696000012283F80923E0E783F808230222087054
:106970004880012083F80923A2E708704880D4E703
:10698000CB8870B5B3F5407F31D8242303700B78E2
:1069900043704B7883700B784D2B14D1CB88C37028
:1069A0008B88037105230022CE88D418A4B29642A6
:1069B00000EB040515D891F808232A70CA88013223
:1069C000981880B270BD8B78C3708B8803718B88E8
:1069D0001B0A4371CB888371CB881B0AC3710823C0
:1069E000E1E78D182D7A0132055592B2DCE70020DF
:1069F000E8E700002DE9F74F16464A880446B2F54D
:106A0000427F0D462ED80B780A2B0FD9A3F16402D2
:106A1000032A03D90020287068802CE0653B8F4F43
:106A2000022B32D8DFE803F062A3A60000210A2B74
:106A3000F0D801A050F823F0656A00087D6A0008CC
:106A4000156A0008156A0008C16A0008CF6A0008C4
:106A5000DB6A0008E16A0008156A0008156A000888
:106A60004F6B00080020A6F124077E427E4168801B
:106A70002E7084F8090303B0BDE8F08F6F2E0CBFB1
:106A80006423002300202B70F3E716F0040F14BFDB
:106A90004D2358233E7023703A78D1070ED412F05C
:106AA000020F14BF21233E236370C2F3C003D2063A
:106AB00048BF43F00203A3700423E3E73C23F3E75A
:106AC0000523A6802B7084F809130020D3E7A38840
:106AD00003EB0623A3800623D4E70723E680F1E730
:106AE000E38803EB0623E3806523CBE70DF1060083
:106AF0007E70FAF74BFC3978FAF740FCA7882179C9
:106B0000FAF73CFC390AFAF739FCE788A179FAF779
:106B100035FC390AFAF732FC9DF80630B34206D04C
:106B200000232B706B80032384F80933CDE7002FFB
:106B30000CBF66230A232B70012384F8093300233A
:106B40006B80E288B2F5407FBFD92B70BDE7B2F50C
:106B5000407F3CBF121916726B8801339BB26B8069
:106B6000E2889A4201D866232B700123DCE7672371
:106B70007E80F9E74FF6FF73B7F8028097F8009030
:106B800008EB06280DF1060049461FFA88F8ADF813
:106B90000630A7F80280FAF775FB2679B4F804A04E
:106BA0003146FAF76FFB4FEA1A21FAF76BFB94F8BC
:106BB00006B0B4F806A05946FAF764FB4FEA1A216A
:106BC000FAF760FB797804F10807FAF75BFB5246A5
:106BD0003946FAF763FBBDF8063043453AD119F060
:106BE000040015D0002386EA0B01E21D98B282450D
:106BF00084F8081307D80223012000222A706A8033
:106C000084F8093337E712F8010F01334140EDE70B
:106C1000A178F9F7A9FF217984F80803F9F7A4FF0F
:106C2000A18884F80803090AF9F79EFFA17984F87E
:106C30000803F9F799FFE18884F80803090AF9F7CE
:106C400093FF3946E28884F80803F9F793FF84F844
:106C50000803D0E703230020CFE700BF481C002033
:106C6000CB882DE9F041B3F5407F04460D464BD863
:106C70004B783C2B41D0A3F12100434243415B00C0
:106C80002A78A71C4D2AAA7808BF43F00403D1072D
:106C900048BF43F0080392074FF0240222704FF0E0
:106CA0006F0248BF43F010036270A370AB88384690
:106CB000E370AB881B0A2371EB886371EB881B0AB6
:106CC000A371FAF77FFC0822E071E988A2F10803BA
:106CD0009BB2561C8B42B6B204EB02080FD30631AE
:106CE000384689B2FAF7F2FA88F80000000AA0558F
:106CF000E8880A3080B2BDE8F0810123C0E72B4468
:106D00001B7AA3543246E0E70020F4E710B50446AE
:106D10002420207058206070002023711B0AA1706D
:106D2000E27063710522A071E071E11CF9F722FFA6
:106D30002072092010BD40F2FF3370B50025A0F885
:106D400020367D230A2680F8543A0446034605601F
:106D5000C0F80E53A0F81E56A0F81C56A0F8425AD0
:106D6000A0F8445A80F8465AC0F8485AC0F84C5A1D
:106D7000C0F8505AC0F8585A00F6672100F66D2046
:106D800011F8012F0AB1B6FBF2F2814283F8702AA2
:106D900083F8715AC3F8745A03F10803F0D115222D
:106DA000FF2104F52A6003F095F9C4F8B85A70BDC4
:106DB000F8B5134A044692F83000F8B192F82B2047
:106DC00003B1DAB18E1E04F5226701F11E0536F813
:106DD000020FF9F766FEAE4227F8020FF7D1012342
:106DE00084F8423A94F8453A83F0010384F8433A30
:106DF00094F8463A83F0010384F8443AF8BD00BFA2
:106E0000A800002070B5061D04460A46014630461B
:106E1000FFF7F0FD18B304F6BC2531462846FFF70E
:106E2000AFFD0F4B0246186801680E692946B0474E
:106E300063793C2B13D1218904F65A2304F6662288
:106E4000A4EB8404A4F5F75406481C3C33F8025F15
:106E50008D4204BF056844F823509342F6D170BDBB
:106E60007C1D0020942C002070B512480C4690F830
:106E70002D00451E012D0AD80F4E8D18AC4200D1B1
:106E800070BD304614F8011BFFF7BCF8F6E7032885
:106E900009D10A4E8D18AC42F2D0304614F8011BCD
:106EA000FFF7B0FFF7E7064BBDE8704018680368CE
:106EB0001B691847A8000020C8050020700E00209C
:106EC0007C1D0020B0F81C36B0F81E269B1A98B224
:106ED0001B0444BF00F5806080B2003818BF012059
:106EE00070470000094B93F82D305A1E012A02D832
:106EF0000748FEF7D3BB032B02D10648FFF7E2BFDA
:106F0000054B186803685B69184700BFA80000209C
:106F1000C8050020700E00207C1D002070B500F612
:106F2000BC240B4602223C212046FFF7EFFE054B16
:106F30000246186801680D6921462B46BDE870407D
:106F4000184700BF7C1D0020114B37B51A68D0F8D8
:106F5000483AD31A122B19D92023C0F8482A00F630
:106F6000BC2400F6222001930090C82303223C2178
:106F70002046FAF7FFFA074B0246186801680D69C8
:106F800021462B4603B0BDE83040184703B030BD62
:106F9000942C00207C1D00207FB5234B04461A68EA
:106FA000D0F84C3AD31AC72B3CD94FF480731F4DFD
:106FB000C0F84C2A2846ADF80830F9F797FC064689
:106FC0001B48FCF7F7FA01463046F9F7B3FD8DF898
:106FD0000A002846F9F78AFCF9F7A6FD95F8A930CA
:106FE0008DF80B0028468DF80C30F9F791FC8DF8E0
:106FF0000D002846F9F783FC072304F6BC2401930F
:1070000002AB03223C218DF80E000093204641F292
:107010000D03FAF7AFFA074B0246186801680D69CD
:107020002146A84704B070BD942C0020801D00208C
:107030003C1E00207C1D002030B50446204B21481A
:1070400087B01D68FCF7C4FA40F6C312D4F8503A72
:10705000EB1A934203D894F9543A83422DD000237B
:10706000C4F8505A84F8540A8DF80830F9F792FDA4
:10707000154D04226978ADF80900ADF80B000DF14B
:107080000D00F9F7BBFEA97806220DF11100F9F702
:10709000DFFE0F2304F6BC24019302AB03223C2144
:1070A0000093204641F20E03FAF764FA074B0246BA
:1070B000186801680D692146A84707B030BD00BFB8
:1070C000942C00203C1E0020480000207C1D002045
:1070D00070B50025264CFAF7D3FEFAF7B5FEFBF79C
:1070E00087FAFAF77BFEFAF767FE2249224801F099
:1070F000F9F8FDF737F9C4E903552575FBF760F892
:107100001E4B4FF480461D70FAF70AFE4FF4004202
:107110001B4B05F180455A6105F588351948FAF78A
:1071200017FEFAF7C9FE41F288306E61FAF7C4FE25
:107130004CF250302E61FAF7BFFE204602F00CFEF2
:10714000114C4FF47A70FAF7B7FEFCF7B3F80F481A
:10715000FBF78EFAB4F84C100D48FBF75FFBFBF71A
:107160000BFA0C480C4B616C1860FBF775F970BD9D
:107170003C1E0020CE0000204C1C002010000020EF
:1071800000040140E093040048000020941C00200B
:10719000791D0020180000207C1D00204FF40042C3
:1071A000174B73B55A61FF21164802F0C7FE164C03
:1071B000206023685B0612D5144E35798DB1082303
:1071C0006A4600210F4802F0B1FDD6E90402DDE96C
:1071D00000139A4208BF884201D00023236002B006
:1071E00070BD02236A462946064802F09FFD084BFF
:1071F000DA8BBDF800309A4218BF2560EFE700BF78
:10720000000401403C1E0020B80500203803002087
:10721000480000200023034A1370034A1370034AF6
:1072200013707047C3050020741E002070030020F7
:107230000023024A1370024A13707047C3050020EE
:10724000741E002008B5437E203B042B0FD8DFE8D6
:1072500003F0050E030B0F00FCF7EAFC0123064ABE
:107260001370064A137002E00122054B1A7008BD24
:10727000FCF714F8F2E700BFC3050020741E0020DD
:1072800070030020034B1B78012B01D1FCF774BC69
:10729000704700BFC30500202DE9F043074699B0B1
:1072A0003D48FCF795FF0646002860D03B4B1C7814
:1072B000002C5CD13A4B1B78022B54D12546DFF8C9
:1072C000E4900DF10C084846ECB2FFF70BFE40B11C
:1072D0004846FEF70FFA0135522D08F8010BF2D19E
:1072E0002C4631482146F9F7F6FE3048F9F7EDFE15
:1072F0004FF00109DFF8A0802D4D98F802302846A4
:107300008DF8003095F8A43085F8A5708DF805301B
:107310008DF806708DF80190F9F7E8FA8DF8020003
:107320002846F9F7F5FA8DF803002846F9F7FEFA32
:10733000204F8DF804000EB3184B1B78CBB92346B1
:1073400069461D4803AAFCF729FB012318483B7036
:10735000F9F7FAFA1648F9F700FB012388F8033029
:1073600019B0BDE8F0830F48FEF7FCF9C0E7002430
:10737000BEE769461048FFF785FFE6E73B7803B9AB
:10738000FEE769460C48FCF755FA284687F8009056
:10739000F9F7DFFA2846DEE7581E0020741E0020A9
:1073A0006B03002014000020E41D0020BC1D002001
:1073B000801D0020310300201E1D002070B5CB78F9
:1073C000284DC3F3000385F8AA304B790646C3F372
:1073D000801385F8AB30C8780C464008F9F7FCFA02
:1073E00085F8A60023792146C3F3000385F8A7306A
:1073F00023791D48C3F3450385F8A83063792279C2
:1074000003F03F035B0043EAD21385F8A9301EB9AD
:10741000BDE87040FCF742B9FCF77FF9A37803F0B0
:10742000F003202B04D12046BDE87040FFF70ABFCF
:10743000FFF7FEFE0D4B1B78022B12D1A27904F14F
:1074400019010B485208FFF70FFDA17905F17800EB
:107450004908F9F740FE05F15000BDE87040F9F722
:1074600034BE70BD801D00209C1C00206B030020DA
:107470001400002070B5054658B9194B19491C78FD
:10748000194803794BB1012C28D0BDE87040FAF7B8
:107490004DB8164B16491C78F2E7012C154B164EC9
:1074A00013D98A78C2F3C0025A7002221A70E31EFE
:1074B00058425841FFF782FF3046F9F711FA032C82
:1074C00005D13046F9F70FFA01E001221A7086F86B
:1074D000A4500948BDE87040F9F700BA70BD00BF7C
:1074E000C0050020D01E002038030020C105002068
:1074F0002B1F0020581E0020801D00200A4B10B5B5
:107500001A7904462AB1BDE8104001461846FCF736
:10751000E9BDFFF7C1FE054B2046BDE810405B22E8
:107520001B7F0349FCF7C2BD380300204800002040
:107530001E1D0020244B70B51A7905460E4632B147
:10754000BDE870400A4601461846FCF7B7BF5B230A
:107550001E4A1F49FCF7A0FD45BB1D48FCF768F813
:10756000044628B31B491C48FAF75EFA05F13001BE
:107570001948C9B2FAF74CFA18491748FAF754FAF9
:10758000204602F01DFB01461348FAF74DFA0A2186
:107590001148FAF73DFA012C06D0042C11D0012431
:1075A00028460F49FCF7DCFD204670BD0748D5E7AB
:1075B0002EB10C48FBF7E2F80CB10224F0E70324EB
:1075C000EEE7002EF9D0F4E7380300202B1F00204F
:1075D000D01E002059A400080C00002060A4000860
:1075E000801D0020791D0020024B1878831E584210
:1075F000584170476B030020002370B59CB2A24233
:1076000000D870BD058886886C1C34404688A64228
:107610001EBFCE5C2D18AE7103F1010318BF0480AC
:10762000ECE700002DE9FF47B0F81E36B0F81C2645
:107630000446D21A93B2110444BF03F580639BB28F
:10764000E62B0CD8744EDFF8D49100F21C6704F2DC
:107650001238306803685B699847054610B904B072
:10766000BDE8F087306803689B69984704F20E31E3
:1076700002464046FFF7FEF80028EAD094F813339C
:107680003E2B52D1B4F81633B3F5005F32D194F8E3
:10769000983A7BBB4FF0010C039304F2273004F6B9
:1076A0009F2111F8012FFF2A0FD04FEAD20E10F8B8
:1076B0000EE002F007024EFA02F2D20741BF039A2F
:1076C0000CFA03FE42EA0E0203920133152BE8D1B5
:1076D000042304F6BC2A019303AB02223E2100934B
:1076E000504642F6FF73F9F787FF51460246384687
:1076F000FFF782FFB4F81633772B47D11522FF210D
:1077000004F52A6002F0E6FC00239C46B4F818E376
:1077100004F219359AB2964523D894F8145384F894
:1077200098CA85F00205C5F3400594F81333212B60
:1077300044D141F20D02B4F81633934236D041F2EF
:107740000E02934236D0002D81D004F6BC2541466E
:107750002846FFF785FA294602463846FFF74CFFD0
:1077600075E7002015F801AF2D4A1179514507D171
:107770005179142904D8214481F8A03A0133C9E78A
:1077800001303B2802F10802EFD1F7E743F2010292
:107790009342CAD194F81233582BC6D1214B1D798C
:1077A00015B901225A71C0E70025BEE7012384F80C
:1077B000453A4CE7012384F8463A48E73C2BC2D1CE
:1077C000B4F816A3BAF1440FBDD194F81233582B74
:1077D000B9D13068D4F81A5303685B6A9847002817
:1077E0003FF435AF4D457FF432AF0F4B04F6BC2567
:1077F0001B680222C4F8B83A00233E21CDE90033C9
:1078000028465346F9F7B6FE024630680168D1F8BB
:1078100010802946C0471AE77C1D002091D5120030
:107820006CBE000838030020942C00202DE9F0479E
:107830003A4B04461B78022B0CD00023A0F81E36CE
:10784000A0F81C3690F86D3A13B10A22B2FBF3F39C
:1078500084F8983A324B93F82D30032B2DD12046E3
:10786000FFF7E0FE94F8422A3AB10023204684F85C
:10787000423ABDE8F047FFF767BB94F8433A33B1AB
:10788000204684F8432ABDE8F047FFF785BB94F80B
:10789000448AB8F1000F06D0204684F8443ABDE887
:1078A000F047FFF7C9BB1F4B1E68D4F8583AF31ACC
:1078B000632B04D8D4F8B83A4BBBBDE8F087254613
:1078C00040F6AB5AC4F8586A04F65C2704F1300954
:1078D00095F8702AAAB195F8713A0133DBB29A4251
:1078E0000BD885F8718AD5F8743AF31A534508D93C
:1078F00020463988FFF712FB03E085F8713A002B28
:10790000F1D008354D4507F10207E1D1D2E7F61A6B
:10791000B6F57A7FD1D9FAF79BF900BF6B03002047
:10792000A8000020942C00202DE9F0438D4E85B056
:107930003378012B00F2DC800BB9FAF7DDF9FFF7A1
:10794000C7FB0022884B07241A809A700222874BBB
:107950005A614CF25030013CFAF768FAFAF7ACFA87
:1079600014F0FF04F5D1824802F038FB122803D04E
:1079700001208049FCF71CFC7F4B804F1C60804B32
:107980007B48391D1C60FBF730FE7E48FCF77EF912
:1079900097F82020202A00D9FEE797F828007A4D92
:1079A0000528796AB7F82C9097F829C097F82A30FB
:1079B000A87100D9FEE7DFF8D48158F830E0BEF1B5
:1079C000000F00D1FEE708EBC008C5F808E098F802
:1079D00004E098F8058085F807E085F80C8085F8C4
:1079E000D500A5F80E9085F8D440B9F1000F00D16C
:1079F000FEE7724524BF0EF1FF3E5FFA8EF20528C6
:107A00006A7400F09C80012800F2A1800CF1FF3024
:107A1000C0B200F08B80022813D8581EC0B20328D1
:107A200009D80C2A01D90C206874687C904200D9CE
:107A30006A74644608E0122A84BF12236B74002320
:107A4000F3E7052B28BF002322464F48F9F7AAFA8F
:107A500000242C74FF254E4B4B481D705D70FBF7C6
:107A6000D1FD0146424802F0BEFA4A4B4A481C701A
:107A70004A4B1C704A4B1C804A4B1C704A4B1C7072
:107A80004A4B1C704A4B1C704A4B1C704A4B1C7072
:107A90004A4B1C70FFF7BEFB494BB7F84E201C70D9
:107AA000484B97F840101C70474B1C70B7F84C308F
:107AB000F8F7DBFEB7F84C104448F9F700FA4448F1
:107AC000FCF77EFB434B444893F8291000F017FC69
:107AD0004248FEF70DFA4248FFF72DF92448FBF71C
:107AE00077FD404B1C80404B1C80FAF74FFD3570F2
:107AF000FAF756FD002800F09680294A13880BB14A
:107B0000013B1380254B184A19781388022922D18A
:107B10002BB3013B9BB213809278002A66D0002BD6
:107B20006DD1FAF775F9FAF781F968E0022804D8FF
:107B30000C2A01D90C236B746446002384E70CF1F2
:107B4000FF33022BF9D8082AF6D90823F3E70E48A9
:107B5000F9F7D0F97CE7002BDBD1C723DBE740F254
:107B6000F313D8E7C01C0020BC0500200010014022
:107B70003C1E002062A40008B4050020480000203C
:107B8000B8050020380300207C030020D4A700089B
:107B9000C11C0020C2050020801D00206B030020B6
:107BA0006E0300206C03002068030020690300209E
:107BB0006A030020C1050020C0050020C405002084
:107BC0007303002072030020B0050020601E002017
:107BD000581E0020A80000204C1C0020C8050020D2
:107BE000700E0020701E0020721E0020022940F03E
:107BF0008F800BB9FAF70CF90222874B5A61874C38
:107C00002388002B00F08B80013B9BB284482380AB
:107C1000FCF7AAF88348FBF7DBFC23881BB98249F1
:107C20008248F9F701FF824D824C2978002979D0EA
:107C3000022900F0A880236853B32B78032B40F06F
:107C4000B28023681B070ED500237B4A236013787C
:107C500043F001011170794A92F85A200AB19F0746
:107C600001D500232B70236893B12368190648BF00
:107C7000236823685A0648BF23682368704A1B0795
:107C800048BF2368002313706E4A23602B70137063
:107C90006D4B1A7802F0FF07002A00F017820020CF
:107CA0001870684B1E7806F1FF3CDCF1000848EBC9
:107CB0000C08002E00F09080FFF7DCFB0023634AE5
:107CC000012E137205D8624A1377D3831362614A77
:107CD0001370614C2278012A00F2D080012E15D950
:107CE0005E4E96F8A8303E2B7FD85D4996F8A76087
:107CF000087C002E40F08780834271D04A7C0B7450
:107D00009A4298BF0023B84698BF0B740027BFE083
:107D10000821544A5161002B7FF471AF03E740F210
:107D2000E73373E74C4B1B7843B14D4A137C507CCF
:107D30000133DBB29842137498BF11744848FBF7C3
:107D400061FC00270146374802F04DF901230DF18F
:107D50000F020D2133488DF80F7001F07BFFFF21DA
:107D6000304802F0E5F82F4802F010F97D20FAF7CC
:107D7000A3F801232B70324B1F70324B1F703A4B0C
:107D80001F60276057E73948FCF74CF92F4B187AEA
:107D9000FFF7B4FB03232B700023274A1370324AEA
:107DA0001360236047E7012B7FF45DAF236858061B
:107DB0007FF559AF224B002019782060B1FA81F18C
:107DC0004909FFF7B7FB1F4B032818707FF44BAF2F
:107DD000144802F00DF946E70122254B1A706DE7B1
:107DE0002448017841F0010101702349002A40F044
:107DF0008F803F2B4FF001000A7028BF03221D4BDC
:107E000020701A703DE083427FF478AF1948017802
:107E100041F00201E8E700BF00100140701E0020A1
:107E2000380300203C1E00206CA400080C00002039
:107E3000C2050020B8050020C4050020480000202D
:107E4000C1050020C005002071030020601E002035
:107E5000C8050020700E00206B030020801D00204C
:107E60007C030020000C0140B4050020C11C002050
:107E7000581E0020680300206C030020012E7FF6AE
:107E800045AF7C4BB3F850207B4B1A8002232B70FC
:107E90002378002B64D1B8F1000F00D02B70774904
:107EA000744A0B78B2F852200133DBB293420B7064
:107EB000734B0ADB1A7C587C0132D2B2904298BFD5
:107EC00000221A7400220A702A7093F8D420002A23
:107ED00052D0B3F8D820B3F8D610013292B2914202
:107EE000A3F8D82048D80022A3F8D820062293F877
:107EF000D500D9890130C0B2062828BF002041FA38
:107F000000F6F60734D55F4A52F83020EAB9FEE7AA
:107F10000B785D4801330278DBB20B706AB9554AC1
:107F200092F854209A42ACD8584B1B78032B06D1B8
:107F30000223237001230370A3E70522F2E7531EF7
:107F4000DBB29A420B70F3D99BE783F8D500F9F7BF
:107F5000CFF84F48FBF7B8FE00232B7023785BB1B6
:107F6000454B1B8843B9454A237013702B7003E0BF
:107F7000013A12F0FF02BDD10022464B1A7022785E
:107F8000002A00F021811FB901221A7002232B70F0
:107F90004148FBF7EBFA2378022B02D000223F4B3B
:107FA0001A703F4A138813B9324BB3F84E30013B75
:107FB0009BB2138013B93B48F8F7DBFC3948F8F75C
:107FC0008CFC2378022B0BD03648F8F736FC23784C
:107FD00033B9FFF72DF90123334A1370334A137075
:107FE000334E3046FAF72CFB7278294B012A04D124
:107FF00000217170197901B95A712548FBF7DEFE2D
:10800000FBF7F4FE0128064607D002282ED00522F1
:10801000284B1A7005B0BDE8F083164F1C48FBF7DB
:108020006DFEB7F84C30244A03EB830303EB830364
:108030009B0022481380FAF7A1FB41F28833B7F87E
:108040004C100F4AB3FBF1F3A2F8D63000230821FD
:1080500082F8D460A2F8D830194A11610221C2F81E
:108060001414184A237096702B70D0E70122164B17
:108070001A70CCE7480000206E030020690300203E
:108080007C030020D4A700086A03002068030020B6
:1080900038030020B00500203C1E0020581E0020A0
:1080A000721E0020801D0020C3050020741E0020C9
:1080B000941C00207303002044000020791D002040
:1080C000000C0140BC050020700300204149424AD9
:1080D0000B781BB1013BDBB20B7013B11378002B93
:1080E00034D000243D4D3E4895F82810147000F01F
:1080F00031F93C4B1B78022B45D13B4F3B4897F85D
:108100000090F8F7F3FB80463848F8F701FC234667
:108110004A463749CDE90080314800F033FC304809
:10812000FCF786F923463A7832493348FDF76AFA74
:1081300023463A782F493148FEF73AFE95F8263023
:1081400095F833202A492E48FBF78CFF244800F08D
:1081500029FD2948FEF7ECFA2848FFF767FB294B71
:108160001B78002B3FF456AF2748FBF7FFF902229C
:10817000264B1A610822A3F580631A61FBF77EF88B
:108180000123337046E7224B1B78C3B16FF07E03A7
:108190000093012316491A461148019400F0F2FB9E
:1081A0000F4800F0EEF8012312491A461248FDF775
:1081B00029FA01230F491A461048FEF7F9FD95F8F0
:1081C00026200F4B5A70C1E72B7813F0FD0F3FF4B8
:1081D000DFAEE3E67303002072030020A800002056
:1081E0004C1C00206B030020B0050020801D0020E7
:1081F0009C1C0020701C0020C8050020700E002070
:10820000C11C0020700300203C1E00200010014013
:108210006A03002008B5FFF787FBFCE710B51E4C8A
:10822000204601F00FFD1D4B1D4A23601D4B1E4CC7
:108230001A605A619A62DA631A651C4A20465A66C5
:108240009A671B4AC3F88C2000F040F8002240F2E5
:10825000FF11184B2360184BC3F8E824C3F8EC1443
:10826000164B40F2FF31C3F81C26C3F8502A7D227A
:1082700083F8542A124AC3F82016506A916A03F60A
:108280005C2403C4D06A2060106B928EC3F8680A25
:10829000A3F86C2A10BD00BF3C1E002078A4000883
:1082A000E8A30008801D00204C1C0020D0A300087B
:1082B000DCA30008F8A40008C8050020700E002008
:1082C000CCA10008704700207047000010B504469C
:1082D000034B012140F8043BF8F75CFA204610BD3F
:1082E0004CC0000838B524220D46FF230021044667
:1082F00003618182104401F0EDFEE56038BD38B5C0
:108300000D46017C0446A94215D0012918D0022946
:1083100012D011B903685B6898470023012D63747C
:10832000257413D0022D0ED02DB923685B6801216E
:1083300020469847607438BD0368DB680021EBE78E
:1083400003689B68FAE72368DB68F0E7236829463F
:108350009B68EDE70430F8F72BBA037C10B5012BCE
:108360000ED100F1160301F10C0251F8044B9142B9
:1083700043F8044BF9D10A881A8040F20113438272
:1083800010BD037C012B0BD148F281134FF4014245
:10839000C3820023C0E90632038440F20113438202
:1083A0007047F0B5054689B008880C4616461F464A
:1083B000F8F768FB9DF806308DF8050023F00703F9
:1083C000C0F30220034360888DF80630F8F75AFBAB
:1083D0009DF8063000F01F0203F0070343EAC203D2
:1083E0008DF806309DF80730C0F3451023F03F03A9
:1083F0000343A0888DF80730F8F744FB9DF8073059
:1084000000F0030203F03F0343EA82138DF80730C4
:10841000C0F387038DF808309DF80930C0F3802041
:1084200023F001030343E0888DF80930F8F72AFBB5
:108430009DF8093000F07F0203F0010343EA420394
:108440008DF809309DF80A30C0F3C31023F00F03F4
:10845000034320898DF80A30F8F714FB9DF80A30A1
:1084600000F00F0203F00F0343EA02138DF80A3005
:108470009DF80B30C0F3061023F07F03034360899F
:108480008DF80B30F8F7FEFA9DF80B3000F0010282
:1084900003F07F0343EAC2138DF80B30C0F34703A8
:1084A0008DF80C309DF80D30C0F3412023F003030C
:1084B0000343A0898DF80D30F8F7E4FA9DF80D30EC
:1084C00000F03F0203F0030343EA82038DF80D300E
:1084D0009DF80E30C0F3841023F01F030343E0899E
:1084E0008DF80E30F8F7CEFA9DF80E3000F0070246
:1084F00003F01F03C0F3C70043EA42138DF80F00D7
:10850000208A8DF80E30F8F7BDFA9DF811308DF8FD
:10851000100023F00703C0F302200343608A8DF8A4
:108520001130F8F7AFFA9DF8113000F01F0203F098
:10853000070343EAC2038DF811309DF81230C0F3EF
:10854000451023F03F030343A08A8DF81230F8F75B
:1085500099FA9DF8123000F0030203F03F0343EA5A
:1085600082138DF81230C0F387038DF813309DF815
:108570001430C0F3802023F001030343E08A8DF818
:108580001430F8F77FFA9DF8143000F07F0203F002
:10859000010343EA42038DF814309DF81530C0F30F
:1085A000C31023F00F030343208B8DF81530F8F729
:1085B00069FA9DF8153000F00F0203F00F0343EA4B
:1085C00002138DF815309DF81630C0F3061023F015
:1085D0007F030343608B8DF81630F8F753FA9DF84C
:1085E000163000F0010203F07F0343EAC2138DF856
:1085F0001630C0F347038DF817309DF81830C0F3DC
:10860000412123F003030B43A08B8DF81830F8F7BA
:1086100039FA9DF8183000F03F0203F0030343EAF3
:1086200082038DF818309DF81930C0F3841023F0C0
:108630001F030343E08B8DF81930F8F723FA9DF8F8
:10864000193000F0070203F01F0343EA42138DF8CC
:10865000193040F2A953218C628C99428CBF0121C0
:108660000021C0F3C7009A428DF81A0088BF41F07C
:1086700002010EB141F004010FB141F008010F23D6
:108680008DF8043000238DF81C302B688DF81B10FA
:10869000192228461B6801A9984709B0F0BD0000BF
:1086A00030B5054689B008880C46F8F7F8F99DF80A
:1086B00008308DF8070023F00703C0F302200343BE
:1086C00060888DF80830F8F7EAF99DF8083000F076
:1086D0001F0203F0070343EAC2038DF808309DF838
:1086E0000930C0F3451023F03F030343A0888DF801
:1086F0000930F8F7D4F99DF8093000F0030203F0CF
:108700003F0343EA82138DF80930C0F387038DF8E5
:108710000A309DF80B30C0F3802023F0010303439F
:10872000E0888DF80B30F8F7BAF99DF80B3000F0BF
:108730007F0203F0010343EA42038DF80B309DF8FA
:108740000C30C0F3C31023F00F03034320898DF8CE
:108750000C30F8F7A4F99DF80C3000F00F0203F08C
:108760000F0343EA02138DF80C309DF80D30C0F36F
:10877000061023F07F03034360898DF80D30F8F76E
:108780008EF99DF80D3000F0010203F07F0343EAFB
:10879000C2138DF80D30C0F347038DF80E309DF8ED
:1087A0000F30C0F3412023F003030343A0898DF869
:1087B0000F30F8F774F99DF80F3000F03F0203F026
:1087C000030343EA82038DF80F309DF81030C0F3A5
:1087D000841023F01F030343E0898DF81030F8F76D
:1087E0005EF99DF8103000F0070203F01F03C0F39C
:1087F000C70043EA42138DF81100208A8DF810302B
:10880000F8F74DF99DF813308DF8120023F00703A7
:10881000C0F302200343608A8DF81330F8F73FF964
:108820009DF8133000F01F0203F0070343EAC20370
:108830008DF813309DF81430C0F3451023F03F033A
:108840000343A08A8DF81430F8F729F99DF8143005
:1088500000F0030203F03F0343EA82139DF8162061
:108860008DF81430C0F387038DF8153022F0010223
:10887000C0F380231343E08A8DF81630F8F70FF920
:108880009DF8163000F07F0203F0010343EA420333
:108890008DF816309DF81730C0F3C31023F00F0386
:1088A0000343208B8DF81730F8F7F9F89DF817304F
:1088B00000F00F0203F00F0343EA02138DF81730A4
:1088C0009DF81830C0F3061023F07F030343608B3C
:1088D0008DF81830F8F7E3F89DF8183000F0010231
:1088E00003F07F0343EAC2139DF81A208DF8183075
:1088F000C0F347038DF8193022F00302C0F341237F
:108900001343A08B8DF81A30F8F7C9F89DF81A3088
:1089100000F03F0203F0030343EA82038DF81A30AC
:108920009DF81B30C0F3841023F01F030343E08B3A
:108930008DF81B30F8F7B3F8019B0DF1060103F039
:108940007F420F4B134301939DF81B3000F0070249
:1089500003F01F03C0F3C70043EA42138DF81C0065
:10896000172200208DF81B30F8F704F92B688DF8DA
:108970001D001A2228461B6801A9984709B030BD7E
:10898000C81816002DE9F04700F124071E460446DA
:108990003B469DF920A09DF82490904601F12402C9
:1089A00051F8040B914243F8040BF9D1251D3946C7
:1089B0002846F7F721FFE1684B7966B1042B77D899
:1089C000DFE803F07C76345C030000264FF00423DC
:1089D000B046C4E90933E3681D796B1E0B2B07D839
:1089E0005046F8F725F80435EDB204EB45056884E8
:1089F000E3681D7B6B1E0B2B07D84846F8F733F84E
:108A00000435EDB204EB45056884637C002B55D03A
:108A1000237C012B46D013F0FD0F4FD13346424645
:108A200039462046BDE8F047FFF7BBBC4FF0780C55
:108A300001F1130304F1220001F11F0513F9012FC5
:108A4000C2EB822292FBFCF2AB4202F5806220F87C
:108A5000022FF3D140F2FF7504F13A02233113F8EB
:108A6000010F48B102280CBF28464FF4806099429C
:108A700022F8020FF3D1AEE70120F8E74FF480614E
:108A800004F1220304F1460223F8021F9342FBD1B2
:108A900002212846F7F7CEFE0023103004EB4000F9
:108AA000838098E739462046BDE8F047FFF7F8BDD8
:108AB000042B90D813F0FD0F8DD0E9E7BDE8F087C7
:108AC00030B54B7B0546032B0C4685B042D191F95E
:108AD0000000F8F729F88DF8030094F90100F8F781
:108AE00023F8A3788DF804008DF80530E378207B17
:108AF0008DF8063023798DF80730F8F70DF88DF8EA
:108B0000080094F90600F7F7E2FF8DF8090094F9E0
:108B10000700F8F709F8237A8DF80A008DF80B3072
:108B2000637A0DF102018DF80C3040F6C843ADF8C0
:108B3000003014230B2200208DF80230F8F71AF8C9
:108B40002B688DF80D000E22694628461B68984751
:108B500005B030BD022B03D1FF238DF80330BCE7F5
:108B600091F90000F7F7E0FF8DF80300FF20B8E768
:108B7000837C10B5044633B1F9F734FDE37C1BB1B7
:108B80000023A082E37410BDA28A801A80B2B0F5DF
:108B90007A6FF8D92046A37404F11601BDE810409D
:108BA000FFF78EBF427C22B1037C012B01D1FFF77E
:108BB000DFBF704710B590B01022002109A801F066
:108BC00089FA1422002101A801F084FA02244FF44A
:108BD000803301224FF40031CDE90623CDE90D4366
:108BE0004FF4801306A808910A920F9300F0FEF943
:108BF00008B172B6FEE70F23CDE901344FF480636C
:108C00000390CDE90430214601A800F0B7FB08B17C
:108C100072B6FEE710B010BD07B500F0A5F8FFF77B
:108C2000C9FF0C4B9A6942F004029A619A6902F0FA
:108C300004020192019A9A6942F020029A619B69AA
:108C400003F020030093009B03B05DF804EBFFF7F3
:108C5000E1BA00BF001002400E4B82B09A6942F0A8
:108C600001029A619A6902F001020092009ADA699F
:108C700042F08052DA61DB69074A03F080530193C6
:108C8000019B536823F0E06343F00073536002B02C
:108C9000704700BF0010024000000140FEE7FEE701
:108CA000FEE7FEE7FEE7704770477047F9F788BCBC
:108CB00070470000FFF7FCFF0B480C490C4A0023EB
:108CC00002E0D458C4500433C4188C42F9D3094A82
:108CD000094C002301E013600432A242FBD301F0EF
:108CE0002FFAFFF799FF70470000002028000020AE
:108CF000B0C0000828000020D82C0020FEE77047F4
:108D000010B54FF0FF320024044B1A611C61DA6089
:108D1000DC60FFF7F4FF204610BD00BF00100240EA
:108D200038B50E4B05461A784FF47A73B3FBF2F35D
:108D30000B4A1068B0FBF3F000F070F8044658B925
:108D40000F2D09D8024629464FF0FF3000F036F8C3
:108D50002046044B1D6038BD0120FCE720000020A8
:108D60001C00002024000020074A08B513680320D7
:108D700043F01003136000F00FF80F20FFF7D0FF4F
:108D8000FFF76AFF002008BD00200240014B186871
:108D9000704700BF942C002007490302CA6803F4FF
:108DA000E06322F4E0621204120C134343F0BF6349
:108DB00043F40033CB60704700ED00E0154B30B555
:108DC000DC68C4F30224C4F10703251D042B28BF6B
:108DD0000423062D4FF0FF3594BF0024033C05FA11
:108DE00003F321EA0303A54022EA0502A340002879
:108DF00043EA0203ACBF00F16040074A4FEA0313A5
:108E0000DBB2ABBF00F5614000F00F0080F800332B
:108E1000135430BD00ED00E014ED00E00138B0F176
:108E2000807F0BD24FF0E023F021054A586182F891
:108E300023100020072298611A61704701207047B3
:108E400000ED00E0114AD36813F0100305D010497B
:108E5000CB6943F00203CB611023D268500706D5DB
:108E60000B4943F00403CA6942F00102CA61074A90
:108E7000D169C90708D50648C16941F00401C1613B
:108E8000D16921F00101D161D36070470020024017
:108E9000982C0020064B186910F0800007D0054A76
:108EA0005A6002F188325A601869C0F3C0107047E6
:108EB0000020024023016745034A0020136943F064
:108EC00080031361704700BF0020024070B5054663
:108ED000FFF75CFF0646114CE368D80712D4E3683D
:108EE000990644BF2023E360E368DA0606D4E36909
:108EF000DB0703D4E06810F0040007D0FFF7A2FFFF
:108F0000012003E06B1CE7D00DB9032070BDFFF713
:108F10003DFF801BA842DFD9F7E700BF00200240D9
:108F20000022064BDA61064B1A6942F002021A610E
:108F300058611A6942F040021A617047982C00206B
:108F4000002002402DE9F041264F05463B7E884631
:108F5000012B44D001243C7603684CF25030022BA4
:108F60001AD1FFF7B3FF20B1012000233B76BDE803
:108F7000F0811D4CF86123694CF2503043F004033A
:108F80002361236943F040032361FFF79FFF2369B7
:108F900023F004032361E8E7FFF798FF0028E3D1FB
:108FA0004FF0FF33C8F800302046AE680E4CD5E9CC
:108FB000023203EB8223B342D7D93046FFF7B0FF2A
:108FC0004CF25030FFF782FF236923F00203236144
:108FD00010B1C8F80060C8E706F58066E7E7022030
:108FE000C5E700BF982C0020002002402DE9F34186
:108FF000054638B30368DB0710D42B689F075ED49F
:109000002B68190700F195802B685A0700F1C18081
:10901000E869002840F02C81002029E0904C63682A
:1090200003F00C03042B07D0636803F00C03082B38
:109030000AD16368DE0307D523689C03DDD56B681E
:10904000002BDAD1012013E06B68B3F5803F12D119
:10905000236843F480332360FFF798FE06462368B5
:109060009803CAD4FFF792FE801B6428F7D9032027
:1090700002B0BDE8F0819BB9236823F480332360FC
:10908000236823F480232360FFF780FE06462368CD
:109090009903B2D5FFF77AFE801B6428F7D9E6E77B
:1090A000B3F5A02F236803D143F480232360CFE7D7
:1090B00023F480332360236823F48023CBE7684CB8
:1090C000636813F00C0F07D0636803F00C03082BE0
:1090D00010D16368DA030DD423689B0702D52B698E
:1090E000012BAFD123686A6923F0F80343EAC20376
:1090F000236085E72A695B4B6AB101221A60FFF79A
:1091000045FE064623689F07ECD4FFF73FFE801B11
:109110000228F7D9ABE71A60FFF738FE0646236846
:1091200098077FF56DAFFFF731FE801B0228F6D957
:109130009DE7AA694A4E4B4BE2B10122C3F8802455
:10914000FFF724FE0446736A9B070DD54FF4FA52CD
:10915000454B1B68B3FBF2F3019300BF019B5A1E02
:109160000192002BF9D14FE7FFF710FE001B0228F8
:10917000E9D97CE7C3F88024FFF708FE0446736A48
:109180009F077FF541AFFFF701FE001B0228F6D9CC
:109190006DE7334CE369D80024D40127E36943F039
:1091A0008053E361E36903F080530093009B2F4EEB
:1091B0003368D90518D5EB68012B26D1236A43F013
:1091C00001032362FFF7E2FD41F288380646236A75
:1091D0009B073FD5002F3FF41BAFE36923F080537B
:1091E000E36115E70027E2E7336843F480733360F7
:1091F000FFF7CCFD80463368DA05DCD4FFF7C6FD07
:10920000A0EB08006428F6D931E7ABB9236A41F234
:10921000883823F001032362236A23F004032362C6
:10922000FFF7B4FD0646236A9807D3D5FFF7AEFDD6
:10923000801B4045F7D91AE7052B236A03D143F079
:1092400004032362BAE723F001032362236A23F0B5
:109250000403B6E7FFF79AFD801B4045B7D906E740
:1092600000100240000042421C000020007000403C
:109270002A4C636803F00C03082B3ED00022284BD5
:1092800002281A662CD1FFF781FD06462368990152
:1092900020D42B6AB3F5803F05D16268A96822F417
:1092A00000320A436260696A62680B4322F47412F6
:1092B0001343012263601A4B1A66FFF767FD0546E8
:1092C00023689A013FF5A8AEFFF760FD401B022816
:1092D000F6D9CCE6FFF75AFD801B0228D6D9C6E6A0
:1092E000FFF754FD054623689B017FF595AEFFF718
:1092F0004DFD401B0228F6D9B9E601283FF4B8AE6F
:1093000063682A6A03F4803191427FF49BAE6A6AF3
:1093100003F4701393423FF47FAE93E600100240D3
:10932000000042420F4A536803F00C01042914D094
:10933000082914D10C48C3F38341DB03405C09D5F1
:1093400053680A4AC3F340435043094AD35CB0FB15
:10935000F3F07047074B584370470448704706487E
:10936000704700BF0010024074C0000800366E0154
:1093700084C0000800093D0000127A002DE9F04188
:109380000D46044610B90120BDE8F081444A136837
:1093900003F007038B4228D321688E0730D4CA0715
:1093A00043D43F4A136803F00703AB4265D82268F1
:1093B0003C4D12F0040F6CD1130706D56B6822697F
:1093C00023F4605343EAC2036B60FFF7ABFF6B68A3
:1093D000354AC3F30313D35CD840344B1860344B85
:1093E0001868FFF79DFC0020CEE7136823F0070301
:1093F0000B431360136803F007038B42C3D1CBE721
:10940000284B11F0040F1EBF5A6842F4E0625A6004
:10941000080742BF5A6842F460525A605A68A0680E
:1094200022F0F00202435A60B9E762681D4E012A39
:1094300033681AD113F4003FA5D0736841F288381D
:1094400023F0030313437360FFF7A0FC0746736820
:10945000626803F00C03B3EB820FA2D0FFF796FC17
:10946000C01B4045F3D903208EE7022A02D113F036
:10947000007FE1E713F0020FDEE7136823F0070334
:109480002B431360136803F00703AB427FF47BAFF9
:109490008DE76B68E16823F4E0630B436B608BE757
:1094A00000200240001002405CC000081C000020A8
:1094B00024000020224B98420BD103F58433DA6854
:1094C00042F00402DA60DA6822F004020020DA6076
:1094D00070471C4B984209D103F58233DA6842F099
:1094E0000802DA60DA6822F00802EFE7164B9842C9
:1094F00009D103F58033DA6842F01002DA60DA68E5
:1095000022F01002E2E7114B984209D103F57C43A7
:10951000DA6842F02002DA60DA6822F02002D5E749
:109520000B4B984209D103F57843DA6842F04002C8
:10953000DA60DA6822F04002C8E70120704700BF15
:1095400000080140000C01400010014000140140DF
:10955000001801402DE9F04F0D680446C5F30F25B2
:1095600095FAA5F24FF00F0AB2FA82F203274FF0F4
:10957000040C4FF0011E40F2011835FA02F001D13F
:10958000BDE8F08F012393402B4265D0072A88BFA6
:10959000A2F108034E688ABF0EFA03F308FA02F339
:1095A00043F08063082E0ED1E0684FEA132920EAC9
:1095B000132B99FAA9F9B9FA89F9086900FA09F09F
:1095C00040EA0B00E0604FEA136954F8090093FA8F
:1095D000A3FBBBFA8BFB4FEA8B0B0AFA0BFB20EACF
:1095E0000B0093FAA3FBBBFA8BFB4FEA8B0B06FA3B
:1095F0000BF6064344F80960486820F0080001288B
:109600002AD1886893FAA3FBBBFA8BFB4FEA8B0B3A
:1096100007FA0BFB26EA0B0693FAA3FBBBFA8BFBBC
:109620004FEA8B0B00FA0BF0304344F80900CE6888
:1096300093FAA3FBBBFA8BFB4FEA8B0B0CFA0BFBE9
:1096400020EA0B0B93FAA3F3B3FA83F39B009E403B
:1096500046EA0B0644F8096001328EE7144B1A689B
:1096600042F001021A601A689207FCD55A6822F08B
:1096700003025A605A6812F00C0FFBD11A6822F0EC
:1096800080721A60186810F00070FBD158601A6878
:1096900022F450221A601A6822F0F80242F0800286
:1096A0001A6098605A6A42F080725A62704700BF2E
:1096B00000100240034B044A5B68C3F30313D35CFE
:1096C000D8407047001002405CC00008034B044AB9
:1096D0005B68C3F30223D35CD8407047001002409C
:1096E0006CC00008034B044A5B68C3F3C223D35C1D
:1096F000D8407047001002406CC00008094A536807
:10970000DB0341BF53680848C3F34043013348BFFC
:10971000B0FBF3F0536858BF0448C3F383430233EC
:10972000584370470010024000366E0100093D00AA
:10973000064B5B6803F00C03042B03D0082B03D10A
:10974000FFF7DCBF02487047024870470010024034
:1097500000366E0100127A0010B50146FFF7E8FFEF
:109760000860FFF7A7FF48600446FFF7AFFF886077
:109770002046FFF7B7FFC86010BD00000F4B9842AE
:109780000BD103F56043DA6842F48052DA60DA689C
:1097900022F48052DA6000207047094B98420AD1C7
:1097A00003F5EC331A6942F480421A611A6922F413
:1097B00080421A61EFE70120704700BF003001408E
:1097C0000038004002460068F0B510F0400023D198
:1097D000D1E900373B438F684D693B43CF6816683A
:1097E0003B430F690C6A3B438F692B433B43CF6973
:1097F00026F47F463B43234326F0BF0633431360E2
:109800005368B4F5005F23F0040343EA1543536043
:1098100001D18B8C1361F0BD0120FCE71A4A03686B
:1098200090420AD0B0F1804F07D0A2F59432904216
:1098300003D002F58062904215D14A6823F070038C
:109840001343114A90420AD0B0F1804F07D0A2F5DD
:109850009432904203D002F58062904203D1CA68EC
:1098600023F44073134303608B68C3620B888362E5
:10987000054B984204BF0B690363436943F001033E
:1098800043610020704700BF002C0140B1F5807F8C
:1098900030B500F0908005D801292AD0102958D081
:1098A000012030BDB1F5805FFAD1036A156823F459
:1098B00080530362036A4468C16923F4005321F4AE
:1098C000E64141EA0521156943EA0533556823F469
:1098D000805343EA0533504DA84204BF956924F4F0
:1098E0008044D26808BF44EA85144460C1610264C0
:1098F0002CE0036A156823F001030362036A4168E0
:10990000846923F0020324F073042C4315692B436C
:10991000556823F001032B433F4DA84212D15569EE
:1099200023F0080343EA8503956823F0040343EA20
:109930008503956921F480712943D56921F400716B
:1099400041EA4501D26841608461426303620020BC
:10995000A7E7036A156823F010030362036A4168EE
:10996000846923F0200324F4E64444EA05241569BD
:1099700043EA0513556823F0100343EA0513264D07
:10998000A84213D1556923F0800343EA85139568F3
:1099900023F0400343EA8513956921F4806141EA8D
:1099A0008501D56921F4006141EAC501D2684160B1
:1099B00084618263CAE7036A156823F480730362D3
:1099C000036A4168C46923F4007324F073042C43D0
:1099D000156943EA0523556823F4807343EA052398
:1099E0000D4DA84213D1556923F4006343EA852342
:1099F000956823F4806343EA8523956921F48051B7
:109A000041EA0511D56921F4005141EA4511D268B6
:109A10004160C461C26399E7002C0140154B984234
:109A20000BD103F55843DA6842F48042DA60DA6811
:109A300022F48042DA60002070470F4B98420AD12E
:109A400003F5E6331A6942F400321A611A6922F406
:109A500000321A61EFE7094B984209D103F5E4336C
:109A60001A6942F480221A611A6922F48022F0E70E
:109A70000120704700380140004400400048004089
:109A800030B5C36804469B040D4685B002D501205D
:109A900005B030BD4B68C968C2680B43296922F420
:109AA000B0520B4322F00C021343C3600369AA684F
:109AB00023F440531343036143696A6923F44073F9
:109AC000134343616846FFF747FE134B9C4219D18D
:109AD000039B002BDBD02A68002AD8D019214B43E6
:109AE0009200B3FBF2F36422B3FBF2F102FB1133F9
:109AF0001B013233B3FBF2F303EB01139BB20020E3
:109B0000A360C5E7054B9C4201D1029BE1E7044BF2
:109B10009C42BCD1F9E700BF00380140004400403E
:109B20000048004030B5302442F20F75A84212D8E8
:109B30000C703021B0F57A7F14D211703022632876
:109B400016D81A703023092817D8039A30301370AA
:109B5000049B187030BDA0F51C5001341038E4B2DD
:109B600080B2E3E70131A0F57A70C9B280B2E1E7D3
:109B700001326438D2B280B2E1E701330A38DBB295
:109B800080B2E0E713B50B1D0193CB1C00934A1C78
:109B90008B1C0C46FFF7C6FF0023637102B010BD9B
:109BA00003099F2894BF303337330B70002300F034
:109BB0000F00092894BF3030373048708B707047E1
:109BC00008B50249FFF7ECFF084608BDB82C002095
:109BD0002DE9F34105460C4600278E18B44202D108
:109BE00002B0BDE8F0812B682246D3F808802846F1
:109BF00001238DF807700DF10701C0470134EDE72F
:109C0000F7B505460C468E18B44201D103B0F0BD3D
:109C100014F8013B28468DF807302B680DF1060239
:109C20009F680DF107010123B847EDE707B5036809
:109C30008DF8071001221B690DF10701984703B049
:109C40005DF804FB024A02600022C0E9012270476D
:109C500090C000082DE9F0410D46044616461F4607
:109C600003681B68984765F07F012046C9B2FFF77B
:109C7000DDFF236820463A4631461B699847236832
:109C80002046BDE8F0415B68184707B501238DF811
:109C900007200DF10702FFF7DDFF03B05DF804FBBD
:109CA0002DE9F04104460F4615461E4603681B6821
:109CB0009847204607F07F01FFF7B8FF236820464A
:109CC00032462946DB68984723682046BDE8F041C4
:109CD0005B68184707B501230DF10702FFF7E0FFA6
:109CE0009DF8070003B05DF804FBF8B505460E4685
:109CF00014461F46FFF7EEFF20EA0402D2B23C40B2
:109D0000314628462243FFF7C0FFF8BD70B5044630
:109D100015461E460A460D21FFF7B7FF33462A4671
:109D20002046BDE870400021FFF794BF70B504469F
:109D300015461E460A460D21FFF7A7FF33462A4661
:109D40002046BDE870400021FFF7AABF08B50022F9
:109D50000121FFF79AFF08BD012208B51146FFF760
:109D600094FF08BD07B50B0C8DF804300B0A8DF875
:109D700005308DF806100323062101AAFFF76AFFBC
:109D800003B05DF804FB08B50A430C21FFF77DFF23
:109D900008BD902938B5044615460CD1022236215B
:109DA000FFF773FF2DB964223A212046FFF76DFFBC
:109DB00038BD7F22F8E703223621F7E7902970B5F6
:109DC00005460C4606D1BDE87040802331211A4675
:109DD000FFF78BBF002380223121FFF786FF302C55
:109DE0001ED00AD8B4B1102C1AD0202C18D00022C2
:109DF00030212846FFF749FF70BD602C08D003D8FA
:109E000004F0EF04402CF1E7702C01D0802CEED14F
:109E1000402200E048222F212846FFF736FFE6E7E0
:109E20004422F8E738B5044615460A460E21FFF7E6
:109E30002CFF2A460F212046FFF727FF38BD602957
:109E400038B504460D4643EA020316D143F0010239
:109E50001D21FFF71AFF2B46F4221E212046FFF793
:109E600044FF0722052331212046FFF73EFF0C2245
:109E700037212046FFF709FF38BDFE221D21FFF7DD
:109E800034FF2B46F0221E212046FFF72EFF07222B
:109E9000032331212046FFF728FF0A22E8E72DE9B6
:109EA000F04704460F4616461D46002220219DF825
:109EB00020909DF82480FFF7E8FE3A4620462121B5
:109EC000FFF7E3FE3346204601221D21FFF70DFF79
:109ED0004B46204604221E21FFF707FF2A46204654
:109EE0002221FFF7D2FE43462046BDE8F04741223B
:109EF0003321FFF7FABE70B51646CA431D46044625
:109F00001121D2B2FFF7C1FE204646EA05024021E8
:109F1000FFF7BBFE2046BDE870400023F12241213F
:109F2000FFF7E3BE122108B5FFF7D4FE80B208BDEB
:109F300008B50A461221FFF7A8FE08BD70B5044611
:109F40000E46FFF7EFFF0546F1B22046FFF7F0FFA0
:109F50002046FFF701FF284670BD70B5044603F0A8
:109F60000F059DF810602A430A430921FFF78DFE73
:109F700033462046BDE870400F220A21FFF7B5BEE8
:109F800008B503220121FFF780FE08BD08B50522B0
:109F90000121FFF77AFE08BD70B50C46064615464E
:109FA0001A21B3B9FFF796FEA0F19D031BB22380DF
:109FB00019213046FFF78EFE40B203460028B8BF95
:109FC000C31C9B102B700330BEBF22889B182380BC
:109FD00070BDFFF77FFEA0F1A403E7E708B54221BB
:109FE000FFF778FE08BD43688160C91AFFF7BABE63
:109FF000836810B504463BB32821FFF76BFE10F0D1
:10A00000080F636800F007000BD007280CBF03F1AE
:10A01000FF33043B636062680D4B9A4209DA636068
:10A0200007E090B90133636040F2666362689A4268
:10A03000F5DC084B626827215A43A3682046B2FB2F
:10A04000F3F2D2B2FFF721FE10BD0433EBE700BFFD
:10A050009AF9FFFFF07E0E00C0F3C7537F3B162B2B
:10A06000014610B514DC002B07DA013300F0004183
:10A0700001D141F07E51084610BD084A1A411042F4
:10A08000F9D04FF480011941014421EA0201F2E7BD
:10A09000802BF0D1F6F76AF80146ECE7FFFF7F006E
:10A0A000884210B501EB020402D98442234607D846
:10A0B000431EA14208D011F8012B03F8012FF8E745
:10A0C000014602448A4200D110BD13F8014D02F846
:10A0D000014DF7E703460244934200D1704703F86D
:10A0E000011BF9E7024610B5147813460132002C23
:10A0F000FAD1013B11F8012B03F8012F002AF9D105
:10A1000010BD0346C9B2184613F8012B12B18A429A
:10A11000F9D17047002918BF0020704710B56AB107
:10A120000139841810F8012B11F8013F9A4203D12C
:10A13000A04201D0002AF5D1D01A10BD1046FCE78C
:10A1400070B500260C4D0D4C641BA410A64209D11D
:10A1500000F030F800260A4D0A4C641BA410A642F9
:10A1600005D170BD55F8043B98470136EEE755F828
:10A17000043B98470136F2E7A4C00008A4C00008D9
:10A18000A4C00008ACC00008034611F8012B03F876
:10A19000012B002AF9D170470A44914200F1FF33A4
:10A1A00000D1704710B511F8014B914203F8014FEF
:10A1B000F9D110BDF8B500BFF8BC08BC9E46704789
:0CA1C000F8B500BFF8BC08BC9E46704714
:10A1CC0018120C18010101191901191901060601BF
:10A1DC00060601030301030301020201020201123C
:10A1EC000C01120C00206C0002206A006D0077003C
:10A1FC000205010202016D696E2C00206D572C00C6
:10A20C00322E3447003931354D003836384D003454
:10A21C0033334D003730636D003836364D004455BE
:10A22C00414C003F003530487A003331487A0031D8
:10A23C0039487A00464C52430046534B003139485A
:10A24C007A377800011F136F0113000000D57FAA25
:10A25C00FE2B815429FC5683D702A87D52872DF8FA
:10A26C00AC79D3067BAE04D18550FA2FA471DB0EEA
:10A27C005A8F25F08D58F22773A60CD9F623895CDA
:10A28C0008DD77A2DF0AA07521F45E8B9D48E237CA
:10A29C0063B61CC9B461CB1E4A9F35E0CF1AB065BA
:10A2AC0031E44E9BE633994C18CD67B239EC4693AA
:10A2BC00C712B86D10C56FBAEE3B91446BBE14C19A
:10A2CC009540EA3F42973DE8BC69C316EF3A90458A
:10A2DC0011C46EBBC613B96C38ED4792BD68C2177A
:10A2EC0043963CE99441EB3E6ABF15C04B9E34E16A
:10A2FC00B560CA1F62B71DC89C49E33619CC66B35A
:10A30C00E732984D30E54F9ACE1BB16472A70DD849
:10A31C008C59F3265B8E24F1A570DA0F20F55F8A39
:10A32C00DE0BA17409DC76A3F722885DD603A97C29
:10A33C0028FD5782FF2A805501D47EAB8451FB2E19
:10A34C007AAF05D0AD78D20753862CF9616263647D
:10A35C0065666768696A6B6C6D6E6F707172737429
:10A36C0075767778797A3031323334353637383907
:10A37C005F232D2E000001000100020002000200EC
:10A38C00030004000500060008000A000C00100081
:10A39C00140019002000280032003F005000640017
:10A3AC007D009E00C800FA003C019001F401760289
:10A3BC002003E803E204DC05D007000000000000E5
:10A3CC0000000000971000080000000000000000D2
:10A3DC00A310000800000000000000007F1000081F
:10A3EC0000010204050301020001020503046D6C67
:10A3FC0072732E300053657475705374617274539C
:10A40C007478345278005365747570537461727437
:10A41C004D61726B65720021656E6421004672732A
:10A42C006B792052394D4D006D4C5253010203048F
:10A43C00006D4C525304030201000A00405041527B
:10A44C00414D2F706172616D2E70636B0066616996
:10A45C006C20610020005378206E6F74206F6B00AD
:10A46C002E0000000000000000000000F5120008A3
:10A47C00151300086F21000899210008B721000866
:10A48C00373400080000000000000000D311000861
:10A49C008725000859240008A12300087723000809
:10A4AC0031130008052400084D130008D1230008BF
:10A4BC00711300080000000000000000D311000818
:10A4CC00D5110008D7110008D9110008DD110008BA
:10A4DC00DF110008E3110008E7110008E91100087A
:10A4EC00ED1100080000000000000000EF42000821
:10A4FC004943000875130008791300080000000098
:10A50C0000000000D311000895130008D7110008B3
:10A51C00D9110008696E0008E56E0008F5560008B0
:10A52C0065570008E9110008ED110008414E474C31
:10A53C004500484F52495A4F4E004E415620414C0F
:10A54C0054484F4C440048454144494E4720484FDD
:10A55C004C44004845414446524545004845414419
:10A56C0041444A0043414D53544142004E41562010
:10A57C00525448004E415620504F53484F4C4400C3
:10A58C004D414E55414C00424545504552004C45BD
:10A59C004453204F4646004C4947485453004F53B0
:10A5AC0044204F46460054454C454D4554525900A5
:10A5BC004155544F2054554E4500424C41434B425B
:10A5CC004F58004641494C53414645004E41562098
:10A5DC00575000414952204D4F444500484F4D457E
:10A5EC0020524553455400474353204E4156004694
:10A5FC00505620414E474C45204D4958005355521A
:10A60C004641434500464C415045524F4E0054552F
:10A61C00524E20415353495354004E4156204C4105
:10A62C00554E434800534552564F204155544F54B4
:10A63C0052494D0043414D45524120434F4E5452D7
:10A64C004F4C20310043414D45524120434F4E5415
:10A65C00524F4C20320043414D45524120434F4E06
:10A66C0054524F4C2033004F534420414C54203112
:10A67C00004F534420414C542032004F534420414E
:10A68C004C542033004E415620434F5552534520D5
:10A69C00484F4C44004D43204252414B494E4700D9
:10A6AC00555345523100555345523200555345527E
:10A6BC0033005553455234004C4F495445522043B6
:10A6CC0048414E4745004D5350205243204F56456C
:10A6DC0052524944450050524541524D0054555236
:10A6EC00544C45004E415620435255495345004168
:10A6FC0055544F204C4556454C205452494D00570B
:10A70C005020504C414E4E455200534F4152494EF1
:10A71C0047004D495353494F4E204348414E4745FE
:10A72C0000424545504552204D555445004D554C21
:10A73C0054492046554E4354494F4E004D495845B7
:10A74C00522050524F46494C452032004D495845F5
:10A75C0052205452414E534954494F4E00414E479A
:10A76C004C4520484F4C440047494D42414C204CED
:10A77C004556454C2054494C540047494D42414C98
:10A78C00204C4556454C20524F4C4C0047494D42AD
:10A79C00414C2043454E5445520047494D42414C93
:10A7AC002048454144545241434B45520000800CD3
:10A7BC00D007B704C71B800CB7040410020A0B06A1
:10A7CC00972304100B06000000000000000000009E
:10A7DC00B0BB00082B13000088BB00080A00000067
:10A7EC00000000000000000000000000000000005D
:10A7FC000000000000000000000001000A000A0038
:10A80C000E001900110032006162636465666768AE
:10A81C00696A6B6C6D6E6F70717273747576777824
:10A82C00797A303132333435363738395F232D2E3F
:10A83C000000000000070E091C1B1215383F3631B2
:10A84C0024232A2D70777E796C6B6265484F4641C4
:10A85C0054535A5DE0E7EEE9FCFBF2F5D8DFD6D1B4
:10A86C00C4C3CACD90979E998C8B8285A8AFA6A1A4
:10A87C00B4B3BABDC7C0C9CEDBDCD5D2FFF8F1F694
:10A88C00E3E4EDEAB7B0B9BEABACA5A28F88818684
:10A89C0093949D9A2720292E3B3C35321F18111674
:10A8AC0003040D0A5750595E4B4C45426F68616664
:10A8BC0073747D7A898E878095929B9CB1B6BFB854
:10A8CC00ADAAA3A4F9FEF7F0E5E2EBECC1C6CFC844
:10A8DC00DDDAD3D4696E676075727B7C51565F5834
:10A8EC004D4A4344191E171005020B0C21262F2824
:10A8FC003D3A33344E49404752555C5B7671787F14
:10A90C006A6D64633E39303722252C2B0601080F03
:10A91C001A1D1413AEA9A0A7B2B5BCBB9691989FF3
:10A92C008A8D8483DED9D0D7C2C5CCCBE6E1E8EFE3
:10A93C00FAFDF4F3000000003209000000000000F2
:10A94C00010000007C2B0000000000000200000051
:10A95C00890C00000000000004000000ED0E030C48
:10A96C000D00000005000000D91C010000000000D3
:10A97C000600000068030000000000000700000053
:10A98C007720000000000000080000007524000083
:10A99C00000000000B00000059060104000000003C
:10A9AC0014000000D6140302030000001500000080
:10A9BC009F0203000100000016000000DC190000DB
:10A9CC000000000017000000A81703040500000099
:10A9DC0018000000183400000000000019000000EE
:10A9EC0017650000000000001A000000AA18000003
:10A9FC00000000001B000000901D00000000000083
:10AA0C001C00000043100000000000001D000000AE
:10AA1C0073100000000000001E000000271C000046
:10AA2C00000000001F000000F630000000000000D5
:10AA3C0020000000B91C00000000000021000000F4
:10AA4C00681C00000000000022000000ED16000051
:10AA5C000000000023000000F416000000000000BD
:10AA6C0024000000DE25000000000000250000008E
:10AA7C00D4070304050000002600000009070304A6
:10AA8C000500000027000000FE2603202100000026
:10AA9C0028000000E6050302030000002900000066
:10AAAC001C040302030000002A0000001C1200001A
:10AABC00000000002B0000008403030001000000D4
:10AACC002C000000DD090302030000002D00000033
:10AADC00E8030300010000002E0000000B02000040
:10AAEC00000000002F000000990803000100000086
:10AAFC00300000002915010C00000000310000009E
:10AB0C002714000000000000320000004E25031244
:10AB1C001300000033000000C40503020300000012
:10AB2C0035000000030500000000000036000000A6
:10AB3C000F1B031819000000370000000319000058
:10AB4C00000000003D000000A748000000000000CD
:10AB5C003E000000B71A0000000000003F0000009B
:10AB6C0077B500000000000040000000BFE10000CD
:10AB7C000000000041000000762A000000000000E8
:10AB8C004200000094060302030000004300000092
:10AB9C00150400000000000045000000F31E010A2F
:10ABAC0000000000460000007C260310110000008D
:10ABBC004900000026260320210000004A00000066
:10ABCC0014140000000000004B0000009E23031E24
:10ABDC001F0000004C0000009821031E1F00000005
:10ABEC004D0000008F0A030809000000500000000F
:10ABFC000E04030203000000510000006A1600005E
:10AC0C000000000052000000313303242500000036
:10AC1C005300000016250000000000005400000046
:10AC2C008F35033233000000550000008C330000D8
:10AC3C000000000056000000053503323300000010
:10AC4C00570000009633000000000000590000007F
:10AC5C00E71C0000000000005A000000B73800009C
:10AC6C00000000005B0000003F2A00000000000014
:10AC7C005C00000036210000000000005D000000B8
:10AC8C002F5100000000000064000000AF22000003
:10AC9C000000000065000000667500000000000068
:10ACAC00660000009E7500000000000067000000B8
:10ACBC00D03900000000000068000000387400006B
:10ACCC0000000000690000005D3F00000000000073
:10ACDC006A0000008A2C0000000000006B000000DD
:10ACEC006C410000000000006C000000205C0000C3
:10ACFC00000000006D000000B90900000000000019
:10AD0C006E00000054FE0301020000006F00000002
:10AD1C00221203101100000070000000AE0C0000A5
:10AD2C0000000000710000007C2700000000000003
:10AD3C0072000000ED2C0000000000007300000009
:10AD4C000440000000000000740000004C180000DB
:10AD5C0000000000750000008006030405000000E0
:10AD6C0076000000380E00000000000077000000A4
:10AD7C00740C030A0B0000007800000086610000D0
:10AD8C000000000079000000ED020300010000004B
:10AD9C007A000000CB020300010000007B000000E1
:10ADAC00FA710300010000007C000000573900001C
:10ADBC00000000007D000000CB0600000000000039
:10ADCC007E000000DC51034F500000007F000000AB
:10ADDC00192300000000000080000000E2230000A6
:10ADEC0000000000810000002E1800000000000090
:10ADFC00820000001D0D0000000000008300000018
:10AE0C00DFFF000000000000840000005527000058
:10AE1C000000000085000000061200000000000089
:10AE2C0086000000E52B00000000000087000000F9
:10AE3C00CB08000000000000880000000116000094
:10AE4C000000000089000000C3100000000000009A
:10AE5C008A0000006D780000000000008B000000EC
:10AE6C00A82B03292A0000008C000000B529000043
:10AE7C00000000008D0000002F20000000000000EA
:10AE8C008E00000048F30000000000008F0000005E
:10AE9C008310000000000000900000007F5D0000A7
:10AEAC000000000092000000676400000000000039
:10AEBC00930000009A36000000000000940000008F
:10AECC00B24E00000000000095000000C83C0000DD
:10AEDC000000000096000000862A00000000000020
:10AEEC0097000000DB080306070000009800000034
:10AEFC00D00800000000000099000000BC0C00000D
:10AF0C00000000009A000000540F03060700000028
:10AF1C009B000000160D0304050000009C000000BF
:10AF2C0013060300010000009D000000150F030C28
:10AF3C000D0000009E000000860F030C0D000000A9
:10AF4C00A00000004E0C030809000000A100000046
:10AF5C004403030001000000A2000000BD09000032
:10AF6C0000000000A30000007F1C00000000000097
:10AF7C00A40000009A2C000000000000A5000000B6
:10AF8C001503000000000000A600000015090000D9
:10AF9C0000000000A7000000901600000000000058
:10AFAC00A8000000010C000000000000A900000037
:10AFBC00EA12000000000000AA0000004922000074
:10AFCC0000000000AB000000B542000000000000D3
:10AFDC00AC0000001662000000000000AD00000094
:10AFEC005308000000000000AE000000A730000075
:10AFFC0000000000AF0000008A13030E0F000000D9
:10B00C00B0000000EA03030001000000B1000000E2
:10B01C00F014000000000000B20000002F18000027
:10B02C0000000000B3000000BD1D011A000000006C
:10B03C00B4000000342F012A00000000B50000000D
:10B04C00AE04000000000000B6000000E52800007F
:10B05C0000000000B70000005502030001000000D2
:10B06C00B80000009FCE030405000000B9000000EA
:10B07C00BA07030405000000BA000000481D0300D5
:10B08C0001000000BF0000005C1B0000000000007D
:10B09C00C00000002436000000000000C1000000C9
:10B0AC00471A000000000000C200000062210000EE
:10B0BC0000000000C3000000782500000000000024
:10B0CC00C8000000862A032829000000C9000000DF
:10B0DC00CD0E030C0D000000D60000004508030641
:10B0EC0007000000D700000065030000000000000E
:10B0FC00D80000003203030001000000D90000005A
:10B10C00CA06000000000000DA000000110703006E
:10B11C0001000000DB000000A202000000000000A3
:10B12C00DC0000002220000000000000DD00000018
:10B13C00472A000000000000DE0000000F030000A2
:10B14C0000000000DF000000772F032A2B00000016
:10B15C00E0000000662D032A2B000000E100000037
:10B16C00D049000000000000E2000000CF08000001
:10B17C0000000000E6000000A32A00000000000010
:10B18C00E70000006928000000000000E800000053
:10B19C009741000000000000E900000023B6000009
:10B1AC0000000000EA0000009628000000000000EB
:10B1BC00EB000000B32A000000000000F1000000CA
:10B1CC005A20000000000000F2000000683C000063
:10B1DC0000000000F3000000553D013400000000A9
:10B1EC00F40000005F06000000000000F500000005
:10B1FC008202000000000000F6000000B8260000EB
:10B20C0000000000F70000005113000000000000D7
:10B21C00F800000008FE030304000000F900000021
:10B22C00CC24000000000000FA000000311E0000D9
:10B23C0000000000FB000000AA120000000000004B
:10B24C00FC0000002C12000000000000FD000000BB
:10B25C005336000000000000FE0000002E09000024
:10B26C000000000000010000472A0308090000004C
:10B27C000101000083090000000000000201000031
:10B28C00BBE8030001000000030100005CED0000BE
:10B29C000000000004010000920E000000000000FD
:10B2AC0005010000B33D0000000000000601000095
:10B2BC000C170000000000000701000085FF0000D3
:10B2CC000000000008010000312000000000000018
:10B2DC00090100001A140000000000000A0100001F
:10B2EC00C1FF0302030000000B01000023FF030257
:10B2FC00030000000C0100000E0403020300000018
:10B30C000D0100006DD70000000000000E010000D0
:10B31C003B140000000000000F0100001635000077
:10B32C0000000000130100007E200000000000005F
:10B33C001401000012320000000000001501000092
:10B34C003E1E000000000000180100004621000015
:10B35C000000000019010000300D0000000000008A
:10B36C001A0100007B230320210000001B010000B8
:10B37C004A910000000000001C0100006320031E25
:10B38C001F0000001D01000089310326270000006A
:10B39C001E010000D2390332330000001F010000EF
:10B3AC0001170314150000002001000014170314EA
:10B3BC001500000022010000FB2E00000000000020
:10B3CC00230100000A3900000000000024010000E5
:10B3DC00E3DF03181900000027010000EA0C00004D
:10B3EC0000000000280100003223000000000000D3
:10B3FC002B01000013620000000000002C01000073
:10B40C00D9160000000000002D010000F33A0000E6
:10B41C0000000000360100001C11000000000000BC
:10B42C00370100005F7400000000000040010000C4
:10B43C00F314030203000000410100005802030052
:10B44C000100000042010000F39500000000000024
:10B45C00430100004E930300010000004401000072
:10B46C0084920000000000004A01000017A70000B1
:10B47C00000000004B0100005BE900000000000030
:10B48C004C010000ECEF0000000000004D0100003A
:10B49C00E76D0000000000004E010000480A0000AB
:10B4AC00000000004F010000E11800000000000047
:10B4BC0050010000F5540000000000005301000092
:10B4CC00C7050000000000005401000063460000A6
:10B4DC000000000059010000D11503020300000018
:10B4EC005E010000E8FC00000000000062010000AA
:10B4FC00D20E030C0D00000063010000060C0000CE
:10B50C0000000000680100000B19000000000000A2
:10B51C00690100005D2100000000000071010000C5
:10B52C009718000000000000720100004B6D000035
:10B53C0000000000730100000A1A00000000000067
:10B54C00740100001A8C000000000000750100005E
:10B55C00752A00000000000077010000FB8C000041
:10B56C000000000078010000C70800000000000087
:10B57C007C010000E81400000000000081010000C4
:10B58C009385030203000000820100008410030471
:10B59C0005000000830100000448030405000000BE
:10B5AC008401000008250320210000008601000012
:10B5BC009CF00000000000008B01000000D4000093
:10B5CC00000000008C01000032A000000000000010
:10B5DC008D010000B66C000000000000900100001E
:10B5EC006EFE03040500000091010000B706030481
:10B5FC00050000009A010000A035000000000000CA
:10B60C009B0100006A030000000000009C01000088
:10B61C0021060304050000009D0100004D070304F2
:10B62C00050000009E0100006D10000000000000ED
:10B63C009F010000A110000000000000A401000008
:10B64C001449030607000000B3010000862E000019
:10B65C0000000000B4010000C1090000000000005F
:10B66C00B50100001E01000000000000B801000040
:10B67C004223000000000000B9010000A9110000E5
:10B68C0000000000FE010000F56A00000000000050
:10B69C00FF0100001C470000000000000002000039
:10B6AC00B802000000000000421F0000DA10000089
:10B6BC0000000000431F0000E7290000000000000C
:10B6CC00441F0000AC62000000000000451F000099
:10B6DC00FB26000000000000461F0000610E000069
:10B6EC0000000000471F0000402000000000000088
:10B6FC00481F0000EA21000000000000491F000064
:10B70C0090100000000000004A1F00009B29000060
:10B71C00000000004B1F0000146600000000000039
:10B72C004C1F000036100000000000004D1F0000F0
:10B73C00DE2E0000000000004E1F0000C80E0000AE
:10B74C00000000004F1F0000171800000000000050
:10B75C00501F00009512000000000000282300007C
:10B76C0071890000000000002D23000075220000EC
:10B77C000000000011270000D114000000000000A0
:10B78C0012270000BA290000000000001327000057
:10B79C0004010000000000001427000085090000CF
:10B7AC0000000000152700006709000000000000E1
:10B7BC0016270000C104000000000000172700003D
:10B7CC00471100000000000018270000F00E0000D8
:10B7DC0000000000A7270000C35500000000000077
:10B7EC00F82A00008634030405000000F92A000042
:10B7FC000F88000000000000FA2A0000EAB40304DD
:10B80C0005000000FB2A00004005000000000000BD
:10B81C00FC2A00000BE8030809000000FD2A0000C8
:10B82C005DE6000000000000022B00002E3100003D
:10B83C0000000000032B00006A2C00000000000038
:10B84C000C2B0000CD10000000000000162B000097
:10B85C00902C000000000000172B0000852C00002D
:10B86C0000000000182B0000552C00000000000008
:10B87C00192B0000C3250310110000001A2B000027
:10B88C004F050000000000001B2B00008008030483
:10B89C00050000001C2B0000B1220000000000007D
:10B8AC001D2B0000821C0000000000001E2B00005D
:10B8BC002F260000000000001F2B00008E09000046
:10B8CC0000000000202B0000842C00000000000071
:10B8DC00212B0000D02C000000000000222B0000C7
:10B8EC00C92C000000000000232B0000C12C00001C
:10B8FC0000000000242B0000BD2C00000000000004
:10B90C00342B0000A24E0000000000006432000046
:10B91C00722C03000100000065320000FE3B031E88
:10B92C001F000000663200008C3503040500000087
:10B93C0067320000F92E030001000000683200009D
:10B94C004D36031C1D00000069320000312B030032
:10B95C0001000000733200005EF9030001000000DA
:10B96C00763200008B3300000000000077320000BC
:10B97C0007120310110000007832000014050000BB
:10B98C00000000006842000067B3000000000000E7
:10B99C00FE4200001A21000000000000FF420000DF
:10B9AC0048100000000000000143000013110000CB
:10B9BC0000000000024300005911000000000000CC
:10B9CC00034300001B0A00000000000004430000B9
:10B9DC000E5B00000000000005430000BB5400009B
:10B9EC0000000000064300006A1800000000000080
:10B9FC0010A40000E30100000000000011A40000EE
:10BA0C00EF2E00000000000051C30000F6200000E3
:10BA1C000000000052C30000B5F60000000000005A
:10BA2C0053C300003E1300000000000054C300008C
:10BA3C00F00A03080900000055C30000980603042F
:10BA4C000500000020CB00000D6400000000000089
:10BA5C0021CB0000EF0100000000000015CD00001C
:10BA6C00F01100000000000016CD0000584E000040
:10BA7C000000000017CD0000605500000000000021
:10BA8C0018CD0000B11C00000000000019CD000012
:10BA9C00D73200000000000078CD0000B52603204E
:10BAAC002100000079CD0000662400000000000099
:10BABC0060EA000004160314150000006AEA000096
:10BACC00D0210000000000006BEA0000B707000066
:10BADC00000000006CEA0000632403202100000039
:10BAEC006DEA000081180314150000006EEA0000D6
:10BAFC00860803040500000074EA0000CA04000074
:10BB0C000000000088EA00009CF500000000000026
:10BB1C0089EA0000BFFF0000000000008DEA000071
:10BB2C000E170302030000008EEA0000AB1C030892
:10BB3C00090000008FEA0000370700000000000039
:10BB4C0091EA0000610C00000000000092EA000085
:10BB5C00DC0E00000000000093EA0000F518000065
:10BB6C000000000094EA0000652C000000000000BA
:10BB7C0095EA00002D0600000000000099D1D700C6
:10BB8C0033F3D700CC14D8006636D8000058D80050
:10BB9C009979D800339BD800CCBCD80066DED8008D
:10BBAC000000D9009999E10000C0E10066E6E100CF
:10BBBC00CC0CE2003333E2009959E2000080E20041
:10BBCC0066A6E200CCCCE20033F3E2009919E30064
:10BBDC000040E3006666E300CC8CE30033B3E30083
:10BBEC0099D9E3000000E4006626E400CC4CE400A4
:10BBFC003373E4009999E40000C0E40066E6E400C5
:10BC0C00CC0CE5003333E5009959E5000080E500E4
:10BC1C0066A6E500CCCCE50033F3E5009919E60007
:10BC2C000040E6006666E600CC8CE60033B3E60026
:10BC3C0099D9E6000000E7006626E700CC4CE70047
:10BC4C003373E7009999E70000C0E70066E6E70068
:10BC5C000000891112239B322446AD573665BF7400
:10BC6C00488CC19D5AAFD3BE6CCAE5DB7EE9F7F8B0
:10BC7C008110080193331A22A5562C47B7753E64E0
:10BC8C00C99C408DDBBF52AEEDDA64CBFFF976E890
:10BC9C0002218B30100299132667AF763444BD55C0
:10BCAC004AADC3BC588ED19F6EEBE7FA7CC8F5D970
:10BCBC0083310A2091121803A7772E66B5543C45A0
:10BCCC00CBBD42ACD99E508FEFFB66EAFDD874C950
:10BCDC0004428D5316619F702004A9153227BB3680
:10BCEC004CCEC5DF5EEDD7FC6888E1997AABF3BA30
:10BCFC0085520C4397711E60A1142805B3373A2660
:10BD0C00CDDE44CFDFFD56ECE9986089FBBB72AA0F
:10BD1C0006638F7214409D512225AB343006B9173F
:10BD2C004EEFC7FE5CCCD5DD6AA9E3B8788AF19BEF
:10BD3C0087730E6295501C41A3352A24B11638071F
:10BD4C00CFFF46EEDDDC54CDEBB962A8F99A708BCF
:10BD5C00088481951AA793B62CC2A5D33EE1B7F0FF
:10BD6C004008C919522BDB3A644EED5F766DFF7CAF
:10BD7C00899400859BB712A6ADD224C3BFF136E0DF
:10BD8C00C1184809D33B5A2AE55E6C4FF77D7E6C8F
:10BD9C000AA583B4188691972EE3A7F23CC0B5D1BF
:10BDAC004229CB38500AD91B666FEF7E744CFD5D6F
:10BDBC008BB502A499961087AFF326E2BDD034C19F
:10BDCC00C3394A28D11A580BE77F6E6EF55C7C4D4F
:10BDDC000CC685D71EE597F42880A1913AA3B3B27F
:10BDEC00444ACD5B5669DF78600CE91D722FFB3E2F
:10BDFC008DD604C79FF516E4A9902081BBB332A25F
:10BE0C00C55A4C4BD7795E68E11C680DF33F7A2E0E
:10BE1C000EE787F61CC495D52AA1A3B03882B1933E
:10BE2C00466BCF7A5448DD59622DEB3C700EF91FEE
:10BE3C008FF706E69DD414C5ABB122A0B99230831E
:10BE4C00C77B4E6AD5585C49E33D6A2CF11E780FCE
:10BE5C006090020C015B00011C57000090FF000079
:10BE6C00E5A600080000000038A50008010200004B
:10BE7C003EA500080203000046A5000803040000CC
:10BE8C0052A50008050500005FA500080606000085
:10BE9C0068A5000807FF000070A5000808FF000057
:10BEAC0078A500080A07000080A500080B08000010
:10BEBC008CA500080C09000093A500080DFF0000DC
:10BECC009AA500080FFF0000A3A5000810FF0000B2
:10BEDC00AAA5000813FF0000B2A5000814FF00007B
:10BEEC00BCA50008150A0000C6A500081AFF000032
:10BEFC00CFA500081B010000D8A500081C0B0000F2
:10BF0C00DFA500081D0C0000E8A500081EFF0000BE
:10BF1C00F3A500081FFF0000FBA5000820FF000090
:10BF2C0009A6000821FF000011A60008220D000040
:10BF3C001AA60008230E000026A60008240F0000F5
:10BF4C0031A6000825FF000040A6000827FF0000CE
:10BF5C0051A6000828FF000062A6000829FF000077
:10BF6C0073A600082AFF00007DA600082BFF000026
:10BF7C0087A600082CFF000091A600082D100000D9
:10BF8C00A1A600082EFF0000ACA600082FFF0000A1
:10BF9C00B2A6000830FF0000B8A6000839FF000068
:10BFAC00BEA600083AFF0000C4A6000831FF00003E
:10BFBC00D2A6000832FF0000E2A6000833FF000002
:10BFCC00E9A6000834110000F0A6000835120000A4
:10BFDC00FBA6000836FF00000BA7000837FF000087
:10BFEC0016A70008381300001EA700083BFF00002E
:10BFFC002DA700083CFF000039A700083DFF0000FA
:10C00C0048A700083EFF000058A700083FFF0000AB
:10C01C0069A700084014000074A7000841FF000045
:10C02C0086A7000842FF000098A7000843FF000005
:10C03C00A6A7000844FF000000000000000000005C
:10C04C00C5820008C7820008751300087913000820
:10C05C0000000000000000000102030406070809AC
:10C06C00000000000102030402030405060708098E
:10C07C000A0B0C0D0E0F1010010200000000000046
:10C08C0000000000000000000000000000000000A4
:08C09C00D19B0008019C000883
:08C0A400350100081D820008AF
:04C0AC001101000876
:10C0B00090BADCFE785634120A000000C8A40008CA
:10C0C000FF00000010A5000898A400080024F40058
:08C0D000010000001000000057
:0400000508008CB5AE
:00000001FF
