:020000040800F2
:1000000000000120819600086B9600086D9600089C
:100010006F960008719600087396000800000000B3
:1000200000000000000000000000000075960008BD
:100030007796000800000000799600087B9600087B
:10004000D1960008D1960008D1960008D1960008F4
:10005000D1960008D1960008D1960008D1960008E4
:10006000D1960008D1960008D1960008D1960008D4
:10007000D1960008D1960008D1960008D1960008C4
:10008000D1960008D1960008D1960008D1960008B4
:1000900000000000D1960008D1960008D196000813
:1000A000D1960008D1960008D19600085532000874
:1000B000D1960008D1960008D1960008D196000884
:1000C000D1960008D1960008D1960008D196000874
:1000D000D1960008352D00083D4C0008D196000847
:1000E000D1960008D1960008D1960008D196000854
:1000F000D19600080000000000000000D196000822
:10010000D1960008D1960008C57B0008D19600085A
:10011000D1960008D1960008D1960008D196000823
:10012000D1960008D1960008D1960008D196000813
:08013000D1960008D1960008E9
:1001380010B5054C237833B9044B13B10448AFF319
:1001480000800123237010BD28000020000000005B
:10015800B0B6000808B5034B1BB103490348AFF319
:10016800008008BD000000002C000020B0B6000888
:10017800034613F8012B002AFBD1181A01387047DF
:1001880081F0004102E000BF83F0004330B54FEA40
:1001980041044FEA430594EA050F08BF90EA020FAD
:1001A8001FBF54EA000C55EA020C7FEA645C7FEA40
:1001B800655C00F0E2804FEA5454D4EB5555B8BF63
:1001C8006D420CDD2C4480EA020281EA030382EAD4
:1001D800000083EA010180EA020281EA0303362D66
:1001E80088BF30BD11F0004F4FEA01314FF4801C39
:1001F8004CEA113102D0404261EB410113F0004F4B
:100208004FEA03334CEA133302D0524263EB430301
:1002180094EA050F00F0A780A4F10104D5F1200E9F
:100228000DDB02FA0EFC22FA05F2801841F10001FA
:1002380003FA0EF2801843FA05F359410EE0A5F1CE
:1002480020050EF1200E012A03FA0EFC28BF4CF0FF
:10025800020C43FA05F3C01851EBE37101F00045B5
:1002680007D54FF0000EDCF1000C7EEB00006EEBC2
:100278000101B1F5801F1BD3B1F5001F0CD349084C
:100288005FEA30004FEA3C0C04F101044FEA4452A3
:1002980012F5800F80F09A80BCF1004F08BF5FEA2A
:1002A800500C50F1000041EB045141EA050130BD0A
:1002B8005FEA4C0C404141EB0101013C28BFB1F51C
:1002C800801FE9D291F0000F04BF01460020B1FA67
:1002D80081F308BF2033A3F10B03B3F120020CDA3A
:1002E8000C3208DD02F1140CC2F10C0201FA0CF018
:1002F80021FA02F10CE002F11402D8BFC2F1200C7D
:1003080001FA02F120FA0CFCDCBF41EA0C01904032
:10031800E41AA2BF01EB0451294330BD6FEA04047B
:100328001F3C1CDA0C340EDC04F11404C4F1200266
:1003380020FA04F001FA02F340EA030021FA04F378
:1003480045EA030130BDC4F10C04C4F1200220FACF
:1003580002F001FA04F340EA0300294630BD21FA0D
:1003680004F0294630BD94F0000F83F4801306BFD3
:1003780081F480110134013D4EE77FEA645C18BFC7
:100388007FEA655C29D094EA050F08BF90EA020F5E
:1003980005D054EA000C04BF1946104630BD91EA56
:1003A800030F1EBF0021002030BD5FEA545C05D159
:1003B8004000494128BF41F0004130BD14F5800498
:1003C8003CBF01F5801130BD01F0004545F0FE410C
:1003D80041F470014FF0000030BD7FEA645C1ABF41
:1003E800194610467FEA655C1CBF0B46024650EA78
:1003F800013406BF52EA033591EA030F41F40021A4
:1004080030BD00BF90F0000F04BF0021704730B529
:100418004FF4806404F132044FF000054FF00001FE
:1004280050E700BF90F0000F04BF0021704730B5BF
:100438004FF4806404F1320410F0004548BF404294
:100448004FF000013EE700BF42004FEAE2014FEAE9
:1004580031014FEA02701FBF12F07F4393F07F4FC4
:1004680081F06051704732F07F4208BF704793F0C7
:100478007F4F04BF41F40021704730B54FF46074DA
:1004880001F0004521F000411CE700BF50EA0102DD
:1004980008BF704730B54FF000050AE050EA010286
:1004A80008BF704730B511F0004502D5404261EBF6
:1004B80041014FF4806404F132045FEA915C3FF437
:1004C800D8AE4FF003025FEADC0C18BF03325FEAD4
:1004D800DC0C18BF033202EBDC02C2F1200300FA85
:1004E80003FC20FA02F001FA03FE40EA0E0021FAAA
:1004F80002F11444BDE600BF70B54FF0FF0C4CF498
:10050800E06C1CEA11541DBF1CEA135594EA0C0F49
:1005180095EA0C0F00F0DEF82C4481EA030621EA84
:100528004C5123EA4C5350EA013518BF52EA0335BF
:1005380041F4801143F4801338D0A0FB02CE4FF071
:100548000005E1FB02E506F00042E0FB03E54FF0A1
:100558000006E1FB03569CF0000F18BF4EF0010E99
:10056800A4F1FF04B6F5007F64F5407404D25FEA95
:100578004E0E6D4146EB060642EAC62141EA555148
:100588004FEAC52040EA5E504FEACE2EB4F1FD0C8A
:1005980088BFBCF5E06F1ED8BEF1004F08BF5FEA08
:1005A800500E50F1000041EB045170BD06F00046BA
:1005B80046EA010140EA020081EA0301B4EB5C0467
:1005C800C2BFD4EB0C0541EA045170BD41F480115F
:1005D8004FF0000E013C00F3AB8014F1360FDEBF84
:1005E800002001F0004170BDC4F10004203C35DA60
:1005F8000C341BDC04F11404C4F1200500FA05F3E3
:1006080020FA04F001FA05F240EA020001F0004283
:1006180021F0004110EBD37021FA04F642EB0601F9
:100628005EEA430E08BF20EAD37070BDC4F10C0423
:10063800C4F1200500FA04F320FA05F001FA04F2E7
:1006480040EA020001F0004110EBD37041F10001D3
:100658005EEA430E08BF20EAD37070BDC4F12005DE
:1006680000FA05F24EEA020E20FA04F301FA05F246
:1006780043EA020321FA04F001F0004121FA04F2EE
:1006880020EA020000EBD3705EEA430E08BF20EABE
:10069800D37070BD94F0000F0FD101F000464000F8
:1006A80041EB010111F4801F08BF013CF7D041EA7A
:1006B800060195F0000F18BF704703F0004652007E
:1006C80043EB030313F4801F08BF013DF7D043EA4F
:1006D8000603704794EA0C0F0CEA135518BF95EA05
:1006E8000C0F0CD050EA410618BF52EA4306D1D18C
:1006F80081EA030101F000414FF0000070BD50EAAB
:10070800410606BF1046194652EA430619D094EA34
:100718000C0F02D150EA013613D195EA0C0F05D11E
:1007280052EA03361CBF104619460AD181EA030172
:1007380001F0004141F0FE4141F470014FF000002A
:1007480070BD41F0FE4141F4780170BD70B54FF0C5
:10075800FF0C4CF4E06C1CEA11541DBF1CEA135545
:1007680094EA0C0F95EA0C0F00F0A7F8A4EB050427
:1007780081EA030E52EA03354FEA013100F088801E
:100788004FEA03334FF0805545EA131343EA1263E7
:100798004FEA022245EA111545EA10654FEA00269C
:1007A8000EF000419D4208BF964244F1FD0404F555
:1007B800407402D25B084FEA3202B61A65EB0305B1
:1007C8005B084FEA32024FF480104FF4002CB6EB6E
:1007D800020E75EB030E22BFB61A754640EA0C00EE
:1007E8005B084FEA3202B6EB020E75EB030E22BF2E
:1007F800B61A754640EA5C005B084FEA3202B6EB6F
:10080800020E75EB030E22BFB61A754640EA9C002D
:100818005B084FEA3202B6EB020E75EB030E22BFFD
:10082800B61A754640EADC0055EA060E18D04FEABB
:10083800051545EA16754FEA06164FEAC30343EA5B
:1008480052734FEAC2025FEA1C1CC0D111F4801F28
:100858000BD141EA00014FF000004FF0004CB6E721
:1008680011F4801F04BF01430020B4F1FD0C88BFC0
:10087800BCF5E06F3FF6AFAEB5EB030C04BFB6EBCB
:10088800020C5FEA500C50F1000041EB045170BDBE
:100898000EF0004E4EEA113114EB5C04C2BFD4EBEB
:1008A8000C0541EA045170BD41F480114FF0000E6F
:1008B800013C90E645EA060E8DE60CEA135594EAEB
:1008C8000C0F08BF95EA0C0F3FF43BAF94EA0C0FEE
:1008D8000AD150EA01347FF434AF95EA0C0F7FF463
:1008E80025AF104619462CE795EA0C0F06D152EAB7
:1008F80003353FF4FDAE1046194622E750EA41069B
:1009080018BF52EA43067FF4C5AE50EA41047FF4AB
:100918000DAF52EA43057FF4EBAE12E74A0011D25D
:1009280012F5001211D20DD56FF47873B3EB625241
:100938000ED44FEAC12343F0004343EA505323FA4D
:1009480002F070474FF00000704750EA013002D1C2
:100958004FF0FF3070474FF00000704780F00040C4
:1009680002E000BF81F0004142001FBF5FEA41037F
:1009780092EA030F7FEA226C7FEA236C6AD04FEA7F
:100988001262D2EB1363C1BFD218414048404140C4
:10099800B8BF5B42192B88BF704710F0004F40F476
:1009A800000020F07F4018BF404211F0004F41F492
:1009B800000121F07F4118BF494292EA030F3FD05E
:1009C800A2F1010241FA03FC10EB0C00C3F1200371
:1009D80001FA03F100F0004302D5494260EB400000
:1009E800B0F5000F13D3B0F1807F06D340084FEA6B
:1009F800310102F10102FE2A51D2B1F1004F40EB60
:100A0800C25008BF20F0010040EA030070474900C7
:100A180040EB0000013A28BFB0F5000FEDD2B0FA64
:100A280080FCACF1080CB2EB0C0200FA0CF0AABF87
:100A380000EBC25052421843BCBFD0401843704725
:100A480092F0000F81F4000106BF80F4000001322B
:100A5800013BB5E74FEA41037FEA226C18BF7FEA02
:100A6800236C21D092EA030F04D092F0000F08BF44
:100A78000846704790EA010F1CBF0020704712F02B
:100A88007F4F04D1400028BF40F00040704712F16A
:100A980000723CBF00F50000704700F0004343F0CF
:100AA800FE4040F4000070477FEA226216BF084605
:100AB8007FEA23630146420206BF5FEA412390EAC8
:100AC800010F40F4800070474FF0000304E000BFBE
:100AD80010F0004348BF40425FEA000C08BF70476F
:100AE80043F0964301464FF000001CE050EA010233
:100AF80008BF70474FF000030AE000BF50EA010248
:100B080008BF704711F0004302D5404261EB410134
:100B18005FEA010C02BF84460146002043F0B64359
:100B280008BFA3F18053A3F50003BCFA8CF2083A7E
:100B3800A3EBC25310DB01FA02FC634400FA02FC87
:100B4800C2F12002BCF1004F20FA02F243EB02008E
:100B580008BF20F00100704702F1200201FA02FCF0
:100B6800C2F1200250EA4C0021FA02F243EB0200E3
:100B780008BF20EADC7070474FF0FF0C1CEAD05227
:100B88001EBF1CEAD15392EA0C0F93EA0C0F6FD0E8
:100B98001A4480EA010C400218BF5FEA41211ED0C6
:100BA8004FF0006343EA501043EA5111A0FB0131B2
:100BB8000CF00040B1F5000F3EBF490041EAD37187
:100BC8005B0040EA010062F17F02FD2A1DD8B3F103
:100BD800004F40EBC25008BF20F00100704790F072
:100BE800000F0CF0004C08BF49024CEA502040EAC4
:100BF80051207F3AC2BFD2F1FF0340EAC25070478A
:100C080040F400004FF00003013A5DDC12F1190FC7
:100C1800DCBF00F000407047C2F10002410021FA39
:100C280002F1C2F1200200FA02FC5FEA310040F151
:100C3800000053EA4C0308BF20EADC70704792F0CA
:100C4800000F00F0004C02BF400010F4000F013A02
:100C5800F9D040EA0C0093F0000F01F0004C02BFFD
:100C6800490011F4000F013BF9D041EA0C018FE76C
:100C78000CEAD15392EA0C0F18BF93EA0C0F0AD072
:100C880030F0004C18BF31F0004CD8D180EA010098
:100C980000F00040704790F0000F17BF90F0004F31
:100CA800084691F0000F91F0004F14D092EA0C0F13
:100CB80001D142020FD193EA0C0F03D14B0218BFA6
:100CC800084608D180EA010000F0004040F0FE40EC
:100CD80040F40000704740F0FE4040F44000704788
:100CE8004FF0FF0C1CEAD0521EBF1CEAD15392EA07
:100CF8000C0F93EA0C0F69D0A2EB030280EA010CF7
:100D080049024FEA402037D04FF0805343EA11118F
:100D180043EA10130CF000408B4238BF5B0042F1ED
:100D28007D024FF4000C8B4224BF5B1A40EA0C0092
:100D3800B3EB510F24BFA3EB510340EA5C00B3EBC4
:100D4800910F24BFA3EB910340EA9C00B3EBD10FB2
:100D580024BFA3EBD10340EADC001B0118BF5FEA04
:100D68001C1CE0D1FD2A3FF650AF8B4240EBC2502D
:100D780008BF20F0010070470CF0004C4CEA5020EE
:100D88007F32C2BFD2F1FF0340EAC250704740F43D
:100D980000004FF00003013A37E792F0000F00F02F
:100DA800004C02BF400010F4000F013AF9D040EAAD
:100DB8000C0093F0000F01F0004C02BF490011F441
:100DC800000F013BF9D041EA0C0195E70CEAD15339
:100DD80092EA0C0F08D142027FF47DAF93EA0C0F20
:100DE8007FF470AF084676E793EA0C0F04D14B0204
:100DF8003FF44CAF08466EE730F0004C18BF31F0B6
:100E0800004CCAD130F000427FF45CAF31F00043AF
:100E18007FF43CAF5FE700BF4FF0FF3C06E000BF48
:100E28004FF0010C02E000BF4FF0010C4DF804CD6B
:100E38004FEA40024FEA41037FEA226C18BF7FEA7B
:100E4800236C11D001B052EA530C18BF90EA010F7D
:100E580058BFB2EB030088BFC81738BF6FEAE1700C
:100E680018BF40F0010070477FEA226C02D15FEAA8
:100E7800402C05D17FEA236CE4D15FEA412CE1D014
:100E88005DF8040B704700BF844608466146FFE7DB
:100E98000FB5FFF7C9FF002848BF10F1000F0FBDBD
:100EA8004DF808EDFFF7F4FF0CBF012000205DF8B6
:100EB80008FB00BF4DF808EDFFF7EAFF34BF01203B
:100EC80000205DF808FB00BF4DF808EDFFF7E0FFD4
:100ED80094BF012000205DF808FB00BF4DF808ED25
:100EE800FFF7D2FF94BF012000205DF808FB00BF88
:100EF8004DF808EDFFF7C8FF34BF012000205DF86A
:100F080008FB00BF4FEA4002B2F1FE4F0FD34FF08B
:100F18009E03B3EB12620DD94FEA002343F000435E
:100F280010F0004F23FA02F018BF404270474FF00C
:100F38000000704712F1610F01D1420205D110F093
:100F4800004008BF6FF0004070474FF00000704746
:100F580042000ED2B2F1FE4F0BD34FF09E03B3EB1B
:100F6800126209D44FEA002343F0004323FA02F047
:100F780070474FF00000704712F1610F01D1420233
:100F880002D14FF0FF3070474FF00000704700BFAC
:100F980053B94AB9002908BF00281CBF4FF0FF31D8
:100FA8004FF0FF3000F070B9ADF1080C6DE904CED8
:100FB80000F006F8DDF804E0DDE9022304B070472C
:100FC8002DE9F047089E0D4604460F46002B4AD1EE
:100FD8008A42944665D9B2FA82F343B102FA03FC15
:100FE800C3F120029F4020FA02F217439C404FEAC7
:100FF8001C4E1FFA8CF5B7FBFEF1220C0EFB117785
:1010080042EA074201FB05F090420AD91CEB0202B2
:1010180001F1FF3780F01B81904240F218810239BC
:101028006244121AA4B2B2FBFEF00EFB102244EA8C
:10103800024400FB05F5A5420AD91CEB040400F1A3
:10104800FF3280F00681A54240F2038164440238F1
:1010580040EA0140641B00211EB1DC400023C6E9C0
:101068000043BDE8F0878B4208D9002E00F0EC80E1
:101078000021C6E900050846BDE8F087B3FA83F108
:10108800002949D1AB4202D3824200F2F780841A88
:1010980065EB030201201746002EE2D0C6E900479F
:1010A800DFE702B9FFDEB2FA82F3002B40F08F804F
:1010B8008A1A4FEA1C471FFA8CFE0121B2FBF7F58A
:1010C80007FB1520220C42EA00420EFB05F0904275
:1010D80008D91CEB020205F1FF3802D2904200F257
:1010E800CA804546121AA4B2B2FBF7F007FB1022D9
:1010F80044EA02440EFB00FEA64508D91CEB040492
:1011080000F1FF3202D2A64500F2BA801046A4EBE5
:101118000E0440EA05409FE7C1F120078B4022FA00
:1011280007FC4CEA030C05FA01F420FA07F3FD402A
:10113800234300FA01F94FEA1C401FFA8CFEB5FB65
:10114800F0F81C0C00FB185544EA054408FB0EF5A2
:10115800A54202FA01F20BD91CEB040408F1FF3A8C
:1011680080F08780A54240F28480A8F10208644498
:10117800641B9DB2B4FBF0F300FB134445EA04443E
:1011880003FB0EFEA64508D91CEB040403F1FF304F
:101198006BD2A64569D9023B644443EA0840A0FBE8
:1011A8000283A4EB0E049C42C6461D4655D352D07A
:1011B80056B1B9EB0E0364EB050404FA07F7CB400C
:1011C800CC401F43C6E900740021BDE8F087C3F195
:1011D800200102FA03FC20FA01F225FA01F19D40F0
:1011E8002A434FEA1C471FFA8CFEB1FBF7F007FBB6
:1011F8001015110C41EA054100FB0EF58D4204FA69
:1012080003F408D91CEB010100F1FF382FD28D42FD
:101218002DD902386144491B92B2B1FBF7F507FB9F
:10122800151142EA014205FB0EF1914208D91CEB67
:10123800020205F1FF3816D2914214D9023D6244E8
:10124800521A45EA004139E73146304609E739463E
:10125800E7E61046FCE6C145AAD2B8EB020E63EBFE
:101268000C050138A4E74546EAE7034695E74046FA
:10127800D1E7D0467CE7023D624433E708460BE7F6
:101288006444023843E700BF704700BF0022427041
:1012980082700122C270B1FA81F1022249090271F9
:1012A800032201704271704743788B421FD0012995
:1012B80041700AD0022910D0C1B90123C3708170CE
:1012C80002230371032343717047037843B1012359
:1012D80083700223C3700023F3E70378002BF6D052
:1012E800022383700023C3700123EAE7FEE77047F7
:1012F80082B00B88ADF800304B88ADF802308B888F
:10130800ADF80430CB88ADF806300239431C0530FF
:1013180013F8012F0DF1080C0CEB4202834232F84E
:10132800082C21F8022FF3D102B0704708448078C6
:10133800704738B54FF07F33C0F8A03004464FF6F9
:10134800FF737F220025A0F8A43080F8A62080F83B
:10135800A950A0F8AA30AC3000F096FCA4F8B85018
:1013680038BD70B51146154604461E4600F023FCEC
:10137800294604F1140000F01EFC294604F1280057
:1013880000F019FC294604F13C0000F014FC294641
:1013980004F1500000F00FFC294604F1640000F04D
:1013A8000AFC294604F1780000F005FC294604F1FE
:1013B8008C0000F000FC04F1AC0032464FF4FA73E4
:1013C8004FF4FA6100F046FC2046BDE87040FFF794
:1013D800B0BF704700F0F6BB143000F0F3BB283004
:1013E80000F0F0BB90F8A43013B990F9A000704752
:1013F80090F9A100704790F8A43013B990F9A200B1
:10140800704790F9A300704710B5044606F0F6FD42
:1014180038B104F1140000F0D9FB012838BF0120CD
:10142800C0B210BD10B5044606F0E8FD38B104F1AD
:10143800500000F0CBFB012838BF0120C0B210BD1E
:101448004FF47A71AC3000F026BC0021AC3000F0CB
:1014580022BC08B5AC3000F02FFCB0F57A7FA8BFED
:101468004FF47A7020EAE07008BD10B5044600F029
:1014780083FB04F1140000F07FFB04F1280000F066
:101488007BFB04F13C0000F077FB04F1500000F016
:1014980073FB04F1640000F07BFB04F1780000F0BA
:1014A80077FB94F8B93013B1013B84F8B93010BD1B
:1014B8007F2807D0002807DA10F1800F06D04042B5
:1014C800C0B2704700207047012070477F207047E6
:1014D80010B1404240B270477F2070477F280FD03C
:1014E80010F1310F0EDA10F1780F0DDB7830FE2392
:1014F80040B2584323304623B0FBF3F0C0B27047E4
:10150800FF207047FE207047002070477F2805D0D5
:1015180031B1002806DA4042C0B27047FF20704758
:10152800FE207047002070477F2811D010F1310F3E
:1015380010DA10F1780F10DB783040F2A96340B26E
:10154800584323304623B0FBF3F0AC3080B27047E9
:101558000020704740F255707047AC2070476328F0
:101568009FBF40F2A9635843323064239DBFB0FB4C
:10157800F3F0AC3080B240F2557070474FF4F0632E
:10158800A0F58060584340F2FF7390FBF3F000F53C
:10159800787080B27047FFF7F1BF4FF49663A0F5FB
:1015A8008060584340F2FF7390FBF3F000F2DC5088
:1015B80080B27047A0F58060D0EB001048BF0330C0
:1015C80040F38F007047032812DD0C2812DD0F2826
:1015D80012DD122812DD162812DD192812DD1C284A
:1015E80012DD1F2812DD2128CCBFFF2006207047FE
:1015F800002070470120704702207047082070477C
:101608000320704707207047042070470520704763
:1016180005289ABF014B185CFF2070475AB700088D
:101628007F281ABF4042C0B2002070477F2811D0DF
:1016380010F1320F10DA884210DD401A6423C1F12C
:10164800FF21584301F57F01CE31313090FBF1F095
:10165800C0B27047FF207047642070470020704771
:10166800014B4840185C704760B7000852B110B48D
:10167800054C0A4411F8013B58408A42205CF9D1D4
:1016880010BC7047704700BF60B70008002805DB32
:10169800212805DC044B33F8100070470020704700
:1016A8004FF4FA60704700BF8AB80008392808D894
:1016B80022280ED9094B2338C0B2C34003F00100D9
:1016C80070475F2807D0613819288CBF0020012097
:1016D8007047002070470120704700BF01EC7F0071
:1016E800F8B50246451E461D00245F2715F8010F70
:1016F800FF2804BF0134E4B2FFF7D8FF00B92F7008
:10170800AE42F3D1062C04D119B10B6813608B8853
:10171800938000239371F8BD2DE9F843DFF83490E6
:10172800471E441D012500264FF0280817F8011F01
:10173800084809F060FF034610B1A0EB0903DBB2CB
:10174800A3FB05329E19A742A5FB0853EED13046EC
:10175800BDE8F88360B8000810B54179A1F1300000
:10176800C3B2092B07D80523B0FBF3F303EB8303BC
:10177800C01AC0B210BD044C204609F03CFF002836
:10178800F1D0001BC0B2EEE760B8000870B504469F
:10179800FEF7EEFC02B20023551E18B2A84204FA66
:1017A80083F104DA265C302E03F10103F5D0121A16
:1017B80001322046BDE8704009F0ECBE2DE9F04743
:1017C800432B28BF432396B00C46154600211A46E2
:1017D8009846074609F0F8FE0021412205A8049121
:1017E80009F0F2FEDFF87C90DFF87CA004EB4505F9
:1017F800AC4210D104A8FEF7BBFC28B100F1580395
:101808006B44002203F8492C04A9384609F036FF36
:1018180016B0BDE8F08734F9020B47F6FF7398421B
:10182800E8D0002812DC5146684609F027FF04A8D2
:10183800FEF79EFC06466846FEF79AFC0644B0454D
:10184800D6D3694604A809F0C7FED1E7694680B235
:1018580009F0EAFA6846FFF799FF4946684609F031
:10186800BBFEE4E711B700080CB70008F0B589B073
:101878006D4600242F468E1CE1B28A4204D83946B0
:10188800FFF79CFF09B0F0BD36F8241025F8021BBD
:101898000134F1E742F210736421B0FBF3F203FB69
:1018A8001200B0FBF1F301FB130000EB023000EB78
:1018B800831080B27047020B00F03F0342F21071B0
:1018C80001FB0233C0F38510642202FB003070472D
:1018D80070B50E4600210546144609F075FE002332
:1018E8009AB2944200D870BDF25C002AFBD0EA5448
:1018F8000133F5E7072914D8DFE801F00407090BDD
:101908000D0F11110849FFF7E3BF0849FBE7084924
:10191800F9E70849F7E70849F5E70849F3E7084907
:10192800F1E70849EFE700BF16B700081BB7000842
:1019380020B7000825B700082AB700082FB7000805
:1019480034B7000839B70008052911D8DFE801F0D5
:101958000306080A0C0E0749FFF7BABF0649FBE75A
:101968000649F9E70649F7E70649F5E70649F3E7BF
:101978000649F1E73BB7000840B7000845B700083B
:101988004AB700084FB7000853B7000839B700082E
:1019980070B50E46144600210132054609F014FEC2
:1019A80000239AB2944200D870BDF25C002AFBD0A2
:1019B800EA540133F5E77D23438043F2390309B242
:1019C800C360002301808180C380037270470000D8
:1019D80002680449044B01FB023323F0004303600F
:1019E800180C7047FD430300C39E2600F0B5002580
:1019F80097B001608580044656222946684609F05A
:101A0800E3FD0126627CAA4209D80023802104F163
:101A1800B400237417B0BDE8F04009F0D5BD2046E6
:101A2800FFF7D6FFE7797B1B002190FBF3F202FB5F
:101A38001300C0B2EC460A46CBB29F421DD8002321
:101A4800227B9A42DED0A279033A012A04EB0501EF
:101A580005D925B191F91120D2B9012BD2D98B74AE
:101A6800A26852F82310583304EB85026B44013501
:101A7800516303F8586CEDB2C4E71CF801EBBEF1F2
:101A8800000F03D18242DBD00132D2B20131D3E759
:101A9800501E8342E3DB01329342E0DCB2E72DE9DA
:101AA800F047154696B0013D016002710446437146
:101AB800EDB256220021684609F086FD0027022D66
:101AC80084BF4FF0010900253E464FF0010A94F803
:101AD80007809CBF4FF00309B8FBF9F8627CB2425B
:101AE80009D80023802104F1B400237416B0BDE89E
:101AF800F04709F069BD2046FFF76AFFA8EB060327
:101B0800002190FBF3F202FB1300C0B2EC460A4638
:101B1800CBB2984506D91CF801EBBEF1000F22D1D3
:101B280082421ED1434528BF4346227B03FB09510D
:101B380001F0FF018A42D1D016B1B7B9012BCDD936
:101B4800A2191F469174A26852F8211004EB86026C
:101B58000136516303F158026A44F6B202F858ACF0
:101B6800BCE70132D2B20131D2E77A1E9342E7DBF9
:101B78007A1C9342E4DCB1E7D0E901236421D31A4B
:101B8800C36082604B43418AB3FBF1F3037470472F
:101B9800D0E90123D31AC0E90223704743682BB167
:101BA800C26864214A43B2FBF3F2D3B20374002340
:101BB800C360436070470023C0E902334182436039
:101BC800037470474368013343607047007C704773
:101BD80043680B4443607047072800D9FEE7014B70
:101BE800185C7047F4B80008052800D9FEE7014BD7
:101BF800185C7047FCB800080023C0E90133C360D3
:101C080003747047F0B5047C0360012C11D9446853
:101C18008568C668141B4FF47A774D1B7C4305FB17
:101C280016442B4494FBF3F33344C360C0E9012109
:101C3800F0BD1CB9C46001230374F7E743684FF48F
:101C48007A74D31A634384680C1B93FBF4F3C36060
:101C58000223F1E72DE9F041044610461D461646D9
:101C68008846FEF731FF074606EB0800FEF72CFF13
:101C780001463846FFF734F8656020602846FEF7CD
:101C880027FFA060BDE8F08110B504464068FEF764
:101C98001FFFA06010BD38B5856804460846FEF7EA
:101CA80017FF2946FEF75EFE2168FEF765FF294605
:101CB800FEF75AFEA06038BD08B54FF07C51806829
:101CC800FEF752FEFFF71EF908BD704770477047D0
:101CD8000020704770470020704700207047704709
:101CE800002070470020704770474FF0B04382B023
:101CF800DA6C0243DA64DB6C03400193019B02B0A7
:101D080070474FF0B04382B09A6D02439A659B6D5D
:101D180003400193019B02B070474FF0B04382B07B
:101D2800DA6D0243DA65DB6D03400193019B02B073
:101D380070474FF0B04382B01A6E02431A661B6EAA
:101D480003400193019B02B0704750E8003F23F025
:101D5800800340E80032002AF7D170470288044B1C
:101D68005140C9B233F8113083EA12230380704717
:101D78007CD100089AB110B4B0F800C0084C0A44ED
:101D880011F8013B83EA0C03DBB2914234F81330BB
:101D980083EA1C2CA0F800C0F2D110BC7047704731
:101DA8007CD1000837B54FF6FF730446ADF806300E
:101DB8004518AC4203D1BDF8060003B030BD14F895
:101DC800011B0DF10600FFF7C9FFF2E71629A8BFAE
:101DD80016216FF008008142B8BF014611701970D2
:101DE80070470000044B1888044B1B8880B29BB2D4
:101DF800C01A18BF012070478C2800208A280020AC
:101E0800044A00231380044A1380044A1380044AB6
:101E1800138070478A2800208C2800208E2C0020F0
:101E2800902C0020012070470278024B51405B5CE7
:101E38000370704760BD0008FF230370704700BF40
:101E4800704770B50B7803704B7843700B78FD2B97
:101E580005460C4638D18B788370CB78C3700B79E4
:101E680003714B7943718B7983718B68C3718B686C
:101E7800C3F30F2303728B7A43720A26627804F144
:101E88000C01A81909F002FC6378B4F80C2133445A
:101E9800981CEA545A1CB4F80C1192B2090AA954B5
:101EA800A278D20780B20ED504F58872054404F5ED
:101EB8008E7452F8041B45F8041BA242F9D112781B
:101EC8002A700F3398B270BD00238B700B79837022
:101ED8004B79C3708B7903718B6843710626CDE704
:101EE80008B52C220348002109F06EFB024B0022A2
:101EF8001A7008BD84050020300300202DE9F04148
:101F08001378037092F8018080F80180FD2B044655
:101F18000F46154654D193788370D378C3701379DC
:101F2800037153794371937983716B7A127A1B0425
:101F380003EB0223EA79134423F07F430A26A268BD
:101F480063F31702A260A919424604F10C0009F0D4
:101F58009DFB7A7B904507D208F10C00A2EB0802A2
:101F68000021204409F030FB63781E44AB195A78ED
:101F7800AB5D03EB0223A4F80C31A378DB070ED585
:101F8800023615FA86F304F5887203F10C0153F84A
:101F9800040B42F8040B8B42F9D11B781370BB7AFF
:101FA80084F82131FB7A84F822313B7B84F8233191
:101FB8007B7B84F824313B7884F82031BDE8F081BC
:101FC8000023438093780371D37843711379837125
:101FD80053790626B3E7000070B50F4C0F4D06463F
:101FE800062204F10A0105F58970FFF7D1FC237C6C
:101FF800C3F30302C3F3031385F81A31637C85F82E
:102008001921C3F3030385F81B31637ADB0744BF47
:102018000223337370BD00BF751E0020A800002086
:1020280070B50446BDF81450E2702420237122468E
:102038001B0A2070637158202B0AA1706070A5716B
:1020480002F8073F049B59198B420CD16A1D92B2C2
:10205800E11C0020FFF70AFB05F10806A05505F171
:10206800090080B270BD13F8010B02F8010FEBE70D
:102078000A4A0B4B12680B49A3FB02323220920C1E
:1020880000FB02F2084B486802F5FA72A3FB023221
:1020980092094B681B1A9A42FBD870471C00002013
:1020A80083DE1B43001000E0D34D621002780A4B18
:1020B80090F801C08178D243D2B29A5C82EA0C02CD
:1020C80090F803C09A5C4A40995C027981EA0C0155
:1020D800595C4A40985C704760BD0008F8B53C29D7
:1020E800BDF81C50044635D0A1F12106714271415A
:1020F8004900D00748BF41F00801E37092074FEA52
:1021080013234FF0240248BF41F0100122702371BD
:102118006F222B0AA61C6270A170A37165713046EC
:10212800FFF7C4FF2246069B02F8070F59198B4296
:1021380012D1A91D89B23046FFF734FE05F1080710
:1021480005F109039BB2E055000AE05405F10A00C5
:1021580080B2F8BD0121CCE713F8010B02F8010F9A
:10216800E5E70000084B5B6A4FF0402202F5806308
:1021780053E8003F43F0200302F5806040E8003157
:102188000029F3D1704700BF004400402DE9F04F0B
:102198000C465188B1F58C7F85B0054611D30021D6
:1021A8001170D91CC9B2012995BF012100235180A2
:1021B80053809CBF2370117000232B7005B0BDE8BD
:1021C800F08F10780E2800F28B8001A656F820F0C8
:1021D800AB210008152200083D22000857220008FC
:1021E800E9220008E9220008E9220008E92200089B
:1021F800E9220008E9220008E9220008E92200088B
:10220800E9220008E922000869220008481C5080D9
:1022180063542178FD299BB206D10C330A21D3805F
:10222800918002231370C7E708330621D380918079
:102238000E23F7E7481C50806354D80742BFD18863
:102248000D31D180012B8CBF00230323EAE7002B3B
:1022580001F101005080635414BF00230E23E1E70D
:10226800481C508063545388D1888B4232D3002352
:102278005380137002232B7069802378FD2B35D18E
:1022880063792B72A3796B72637A227A1B0403EB4E
:102298000223E27913446B60637803F10C026A80CD
:1022A800A278D10701D519336B8000266968DFF859
:1022B800F0806E8140F285120C20B31801335B0860
:1022C80000FB03F758F80770B94218D25A1EB242F9
:1022D800F3D816E092889A423FF66EAF01236CE776
:1022E8000023137053809380D38066E7E3782B72C2
:1022F80023796B7263796B6063780833D4E71E4681
:10230800E5D80C27774358F80730994227D1237826
:102318002046FD2B10F801BF0CBF4FF00A094FF003
:10232800060909EB0B03591E89B247440193FFF7CD
:1023380039FD97F804A0ADF80E0051460DF10E00D6
:10234800FFF70CFD019BE218E35C527803EB0223D4
:10235800BDF80E209BB29A4203D005232DE7032334
:102368002BE7BB79DA0706D5FA79934582BF04EBE8
:1023780009018A5CAA729B0709D50C2303FB068313
:1023880062781B7A9A4282BF4C44E35CEB720C235E
:1023980003FB068385F80CA05B796B730EE700BF1F
:1023A80060BE0008F0B50546FD2305F80C3B85B076
:1023B80004468DF8043090F8243103F10C020244ED
:1023C800012B42D80026637066808DF805308B7A21
:1023D80023718DF808308B7AADF8066001338B7263
:1023E80063798DF80930A3798DF80A30A368C3F3AF
:1023F80017031A128DF80B3009211B140DF1050073
:102408008DF80D308DF80C20FFF7CCFC6778ADF80F
:1024180002003A4629460DF10200FFF7ABFC94F89A
:102428002311FFF79BFC94F82421BDF80230A4F88F
:102438000C31974210D207F10C00D21B31462044D0
:1024480005B0BDE8F04009F0BFB812F8010D00284A
:10245800B8D1013BDBB2B3E705B0F0BD044AD2F80E
:10246800903023F40043C2F89030FFF701BE00BF5C
:102478000004005808B5FFF7FBFD044AD2F8903075
:1024880043F40043C2F8903008BD00BF0004005870
:1024980007B503688DF807101B6901220DF10701C4
:1024A800984703B05DF804FB70B5044608460D462E
:1024B800FDF75EFE236882B2294620461B69BDE807
:1024C80070401847B0F1904F02D10120FFF70DBCC2
:1024D800084B984205D003F58063984203D1042045
:1024E800F4E70220F2E7044B984201D18020EDE79F
:1024F800704700BF00040048001C00480C4B98427D
:1025080003D14FF40060FFF714BCB0F1804F05D041
:10251800084B984205D14FF40030F4E70120FFF74B
:10252800F0BB054B984202D14FF48020EBE770478F
:10253800002C014000440140004801402DE9F043CF
:1025480087B00E46054614460021142201A89DF8BE
:1025580038809DF83C901F4609F036F800960B2C01
:1025680007D8DFE804F007070A1214141416161621
:102578001A1CFEE70323019301E002230493032FAF
:1025880011D8DFE807F0111321110123F6E7012321
:10259800F1E7012301930393F1E70223EBE7022319
:1025A80001930123F7E7FEE702230293B8F1100F26
:1025B8000CD8DFE808F02D2D0C11131517191B1D69
:1025C8001F21232527292B000123EEE7FEE70123FE
:1025D8000593022301931EE00223F9E70323F7E79B
:1025E8000423F5E70523F3E70623F1E70723EFE7DD
:1025F8000823EDE70923EBE70A23E9E70B23E7E7DD
:102608000C23E5E70D23E3E70E23E1E70F23DFE7DC
:10261800B8F1000FDDD1B9F1000F02D02846FFF75D
:1026280051FF053C042C05D8DFE804F0030B040334
:102638000B00AE626946284607F0E2FE07B0BDE827
:10264800F083AE61F6E713B54FF0010C0024CDE935
:10265800004CFFF773FF02B010BD000030B587B023
:10266800002315460446ADF80630FFF747FF042D52
:1026780004D8DFE805F02E3204363F00FEE71E4B93
:102688001E4A1B68B3FBF2F39BB20022CDE902217C
:10269800013B01A92046ADF804300492059208F0E8
:1026A80083F9236823F080032360A36823F4A0330D
:1026B80023F00703A360636823F070036360636813
:1026C80023F470036360A36823F08003A36007B05A
:1026D80030BD094B0A4A1B68D4E7074B094A1B68F7
:1026E800D0E7054B064A1B68B3FBF2F303EB830301
:1026F8005B00C9E70123C8E71C00002080A812017D
:1027080040420F0000127A0010B50446FFF7A6FFFA
:10271800236843F00103236010BD00224FF0FF310E
:10272800FFF7F2BF204B10B5204C5B68236006F022
:10273800CDFF4FF0904007F025FE1D4807F022FE20
:102748001C4807F01FFE1C4808F0BCFA1B4808F09C
:10275800B9FA1B4808F0CAF808F008F84FF0E02268
:1027680000234FF0B0411361536193618A6822F0EE
:10277800030242F001028A6072B64FF0FF319A00FC
:1027880002F1604202F561420133082BC2F8801061
:10279800C2F88011F3D162B6034B1B6883F3088833
:1027A80023689847FEE700BF0000FF1F2C030020A6
:1027B8000004004800080048003801400044004078
:1027C800003001400749084A881AEFF30883521A73
:1027D8001A44013A013B984288BF0022AA2108F016
:1027E800F3BE00BF0000012000040000044B5A693A
:1027F800586910F0020018BFC2F38000704700BF8C
:10280800000400584FF0B042D2F8943043F400432B
:10281800C2F894304FF47A7300BF013B9BB2002B8F
:10282800FAD14FF0B043D3F8942022F40042C3F811
:102838009420D3F894205204FBD40C4BD3F8902066
:1028480022F40042C3F890204FF47A7200BF013A94
:1028580092B2002AFAD1D3F8902042F40042C3F889
:1028680090204FF400629A61704700BF000400583E
:1028780010B50323052220214FF09040FFF7E3FE17
:10288800BDE810400323052210214FF09040FFF7C8
:10289800DABE08B5FFF7AAFF003818BF012008BD47
:1028A80008B5FFF7F6FF00B908BD00BFF9E74FF01C
:1028B800904310229A6220229A6170474FF0904309
:1028C80020229A6210229A6170470000024B4FF44E
:1028D80080225A60704700BF00E100E0064B1A688A
:1028E80022F001021A605A6822F400325A601A680B
:1028F80042F001021A60704700800040064B1A68D7
:1029080022F001021A605A6842F400325A601A68CA
:1029180042F001021A60704700800040034800231B
:1029280003224FF40051FFF78EBE00BF0004004899
:10293800034B186980F40050C0F34030704700BF63
:102948000004004810B50C4C002305224FF4004148
:102958004FF09040FFF777FE204600230622202103
:10296800FFF771FE002320461A46BDE810404FF4D9
:102978000041FFF768BE00BF0004004805494B69E5
:102988001A04DB4302F4001203F0200313438B61A3
:10299800704700BF0004004808B5032200234FF425
:1029A80000510B48FFF74FFE094910220023086920
:1029B800800458BF013302F1FF3258BFDBB212F076
:1029C800FF02F4D10C2B01D9FFF7ACFE08BD00BF04
:1029D800000400480C4BD3F8FC2022F08072C3F8A6
:1029E800FC20D3F8FC2042F08072C3F8FC20A3F549
:1029F8005D431A6822F001021A601A6842F0010267
:102A08001A6000225A60704700ED00E00649074B43
:102A1800074A1B68B3FBF2F310B54C6843434A6896
:102A2800121B9A42FBD310BD001000E01C000020CE
:102A380040420F001FB50223CDE9013101A801234F
:102A48006946039306F0ACFF00280CBF042005205C
:102A580005B05DF804FB014608B5012006F05AFFF1
:102A680000280CBF0420052008BD08B5FFF7E2FFC9
:102A7800031F5842584108BD08B5FFF7ECFF031F74
:102A88005842584108BD00002DE9F047294B2A4D0E
:102A980001280E4614462949294A0FBF7927782765
:102AA800AA461D4606BF88469A46904606F0E6FEA8
:102AB80039462846FFF7D9FF28B9002406F0F0FE6A
:102AC8002046BDE8F087002E08BF4FF4FC640734A9
:102AD80024F0070405F11007B1463444AAEB050AAF
:102AE800A1450BD14FF011324FF0FF332846FFF7C5
:102AF800C3FF041E18BF0124A400DFE76EB90AEB68
:102B08000703D3E90023B3F1FF3F08BFB2F1FF3F4A
:102B180006D1083709F10809E2E7D9E90023F2E705
:102B2800B84505D93846FFF7A7FF0028F1D1C4E713
:102B38000324C3E700C0030800C80308FFCF030845
:102B4800FFC7030810B506F099FE09487821FFF77A
:102B58008CFF044638B107487921FFF786FF041E29
:102B680018BF0124A40006F09BFE204610BD00BF3C
:102B780000C0030800C8030830B5084D002340F220
:102B8800EF749AB2914201D8042030BDA34203D019
:102B98005A5DC2540133F4E70320F6E710C0030876
:102BA80038B504460D4672B60A4601460020FFF7BE
:102BB8006BFF62B6042806D172B601202A46214668
:102BC800FFF762FF62B638BD38B5124B1C68D3F800
:102BD8000058B4F1113F09D1B5F1113F17D00022C7
:102BE80011460120BDE83840FFF74EBFB5F1113F4F
:102BF80003D1002211461046F4E7FFF7A3FF04288B
:102C080004D12C4001340CBF0220012038BD04201F
:102C1800FCE700BF00C00308044B9A689107FCD585
:102C280018739A68D207FCD5187B704700000158C2
:102C380070B50C46451E8E18B44200D170BD15F80B
:102C4800010FFFF7E9FF04F8010BF5E70846114605
:102C58001A46FFF7EDBF000070B5064E044645184A
:102C6800A54200D170BD3078FFF7D6FF04F8010BFC
:102C7800F6E700BF1000002008461146FFF7ECBF3A
:102C880038B504464518AC4200D138BD14F8010BDC
:102C9800FFF7C2FFF7E708461146FFF7F1BF00004C
:102CA80010B58CB02822002102A808F08DFC4FF046
:102CB800B0431C4C5A6E42F001025A665B6E03F038
:102CC80001030193019BFFF79DFD082208924FF431
:102CD8008272002303924FF40072CDE90533CDE9E7
:102CE80009330293079207234FF4E06202A92046B2
:102CF8000B93049207F01EFE636823F010036360D1
:102D0800636823F008036360236843F0400323608B
:102D1800A3689B07FCD5237B034BFF221A700CB0DA
:102D280010BD00BF00000158100000201B4B10B45C
:102D3800DC69A00611D51A6891060ED518481949FC
:102D48005A6A038809880133C3F30A0389B299428E
:102D58001FBF1549D2B2CA54038010481F23220648
:102D6800036215D503681B0612D5104B104A198843
:102D7800138889B29BB299420CD013880133C3F3EC
:102D88000903138013880B4A9BB2D35CDBB28362BE
:102D980010BC704710BCFEF7D8BF00BF004400400D
:102DA8008C2800208A2800208A200020902C0020CF
:102DB8008E2C00208E2800200F49104A0B8812887C
:102DC8000133C3F3090392B29A4212D00C4AD05489
:102DD8000B804FF0402202F5806353E8003F43F038
:102DE800800302F5806040E800310029F3D101201A
:102DF80070470020704700BF902C00208E2C0020C8
:102E08008E28002038B504464518AC4200D138BD9C
:102E180014F8010BFFF7D0FFF7E708461146FFF754
:102E2800F1BF0000054B064A1B8810880133C3F325
:102E3800090380B2181A18BF01207047902C00208F
:102E48008E2C002008B5FFF7EDFFB0FA80F040099E
:102E580008BD0000054B064A1B8812889B1A98B2C9
:102E68001B0444BF00F5006080B270478C28002026
:102E78008A280020FFF7EEBF0848094A018813880E
:102E880089B29BB29942F9D013880133C3F30A037C
:102E980013801388034A9BB2D05C70478C280020AB
:102EA8008A2800208A200020FFF7E6BF70B588B086
:102EB8000C460646154600212022684608F084FB89
:102EC800231E18BF01231B03CDE9023569460C23D5
:102ED800034801960494059307F018FF08B070BDE5
:102EE8000044004010B5064C236823F0010323601A
:102EF800FFF7DCFF236843F00103236010BD00BF28
:102F080000440040002208461146FFF7EBBF0000CE
:102F180073B53D4C236823F001030825236001267F
:102F28004FF40030FEF7EDFE0421CDE900560323EF
:102F38000A224FF09040FFF701FB03231A46294667
:102F4800CDE900564FF09040FFF7F8FA00221146FD
:102F58004FF46140FFF7AAFF636823F4904363606E
:102F6800A36823F02A03A360284BB02283F8252303
:102F780020225A602046FEF7E8FE4FF0402101F576
:102F8800806353E8003F23F0400301F5806040E888
:102F98000032002AF3D1402323621D4B1A801D4BB7
:102FA8004FF040211A8001F5806353E8003F23F079
:102FB800200301F5806040E80032002AF3D1164B67
:102FC8001A80164B1A80104B5A6822F400625A6015
:102FD8009A6822F008029A605A6822F480425A607D
:102FE8009A6822F022029A609A6842F480529A60A3
:102FF8001A6842F001021A60DA699102FCD5DA69AE
:103008005202F9D502B070BD0044004000E100E072
:103018008E2C0020902C00208A2800208C2800204C
:1030280008B5FFF775FFBDE80840FFF79BB8FFF745
:10303800F7BF0000024B1A68024B1A60704700BFC6
:10304800942C002074030020054A064B1968136865
:1030580099421DBF0133012013600020704700BF53
:1030680074030020942C0020034A044B11681B7839
:103078000B441360704700BF942C002020000020F0
:103088000148FFF74ABB00BF00440140014B586AA2
:1030980080B270470044014008B5FFF7F1FFBDE872
:1030A8000840FFF7C7BF70B504460D46164606F040
:1030B800E5FB083D04EBC606B44204D1042406F03F
:1030C800EFFB204670BD55F8082FD4E900016B6866
:1030D800994208BF904201D10834EDE72046FFF736
:1030E800CBFC0028F8D10446E9E700001FB50378B7
:1030F8008BB10A4B1B68B3F5FA6F0CD3002300227F
:1031080003700023CDE90023CDE9022340680222A1
:103118006946FFF7C8FF05B05DF804FB942C002052
:103128000123F0B50380444B444AD3E900510446D7
:103138004348914208BF854285B04FF0000202D152
:10314800227005B0F0BD3AA1D1E900013D4F62609F
:10315800C3E900013C484FF0AA33D0E90021B1F19E
:10316800FF3F08BFB2F1FF3FD0E9026505D09942A1
:1031780008BF9A4201D00A4309D1B5F1FF3F08BF01
:10318800B6F1FF3F0DD09D4208BF9E4209D01030D6
:10319800B842E2D172B67A212B48FFF766FC62B6D4
:1031A80029486060D0E90032CDE90032B2F1FF3F32
:1031B80008BFB3F1FF3FD0E9025109D1B1F1FF3F98
:1031C80008BFB5F1FF3F22D14FF0AA331A4623E0DA
:1031D8004FF0AA36B24208BFB3420BD1B1F1FF3F5C
:1031E80008BFB5F1FF3F0FD0B14208BFB5420ED1BD
:1031F8000023EBE753EA020709D1B14208BFB54201
:1032080005D14FF4807121801D46114604E000234A
:1032180023701A461D461946CDE90032CDE9025100
:1032280002226946FFF73FFF8BE700BFAFF300803C
:1032380012345678FEDCBA9000000020FEDCBA900A
:103248001234567800D8030800D003084FF08043A2
:103258001A6991070AD56FF002021A615A6B643233
:10326800DA63084A596B12880A445A634FF080435C
:103278001A69120705D56FF008021A61024B01227C
:103288001A70704744000020710300200A490B8817
:1032980003B9FEE772B64FF0804309885A6A1144B1
:1032A80064325963DA636FF002021A616FF0080240
:1032B8001A6162B6704700BF4400002000B50322BF
:1032C80089B04FF0FF314FF08040FFF71DFA202200
:1032D8000021684608F078F964236A4601214FF016
:1032E8008040039307F09AFBC8236A464FF4807125
:1032F8004FF08040039307F091FB054BA02283F821
:103308001B234FF000621A6009B05DF804FB00BF90
:1033180000E100E04FF08043DA6842F00202DA6030
:10332800DA6842F00802DA607047000010B501EB75
:103338008101084B01EB810189001980064B044685
:1033480000221A70FFF7BAFF2046BDE81040FFF7C9
:10335800E1BF00BF44000020710300202DE9F041C7
:103368001D4CDFF87880C4220021201D08F02CF9BC
:103378001623062663800F23A38032464323414643
:10338800A0192680FEF772FA0123C4E913333F23FC
:1033980000250227A4F8583032464323414604F159
:1033A8005A00A4F84A706565FEF760FA0C4B0D499F
:1033B800C4F8A03004F1B000C4E92A55A4F89E70FE
:1033C80084F8A45008F05AF97F2384F8C5300523FF
:1033D80084F8C630BDE8F081640200201CBD0008F6
:1033E8000700010054B9000870B5094E05460C469F
:1033F800415C304608F0FFF8034628B1831B0133CF
:10340800DBB2282B28BF0023F35C2B5570BD00BF0F
:1034180034BD000870B50C461146064608F02EF972
:1034280044B10025052130460135FFF7DDFFEBB239
:103438009C42F7D870BD000073B5054605F111062A
:103448001F4C204A014636016846FFF7E3FFB01CCF
:103458006946204408F012F9264404EB05120023BB
:1034680002217172A2F81A31142202FB05400125CB
:103478004FF00112C0E91352A0F84A10A2F1FF223E
:10348800E1844FF480714265A16240F201124FF469
:103498000071A0F8582084F83430A18584F82E50A3
:1034A80084F8303084F83330C4F83A30C4F83E3009
:1034B800C4F84230A4F84620A4F8482002B070BDF1
:1034C800A800002002B900082DE9F3410546A54CE3
:1034D800A54A05F111074FEA07180E460146684646
:1034E800FFF798FF08F10200A04469462044FEF760
:1034F800F7F898F80930072B84BF022388F80930B9
:1035080004EB0710994B427A198841FA02F2D20764
:1035180010D40222427269B14807C1F3800209D46B
:1035280041FA02FC1CF0010FD0B200F0A68104EBB6
:103538000712507204EB0512280192F81A11052996
:1035480002D9002182F81A1104EB000C59889CF862
:103558001A2141FA02F2D20713D401228CF81A2157
:1035680079B111F0020FC1F340020AD141FA02FE0B
:103578001EF0010F5FFA82FC00F08481221882F8A5
:103588001AC1221892F81B11032902D9002182F8C6
:103598001B1104EB07177A7A012A03D9042A01D0F0
:1035A80000229A802718998897F81B2141FA02F27D
:1035B80012F001020FD187F81B2161B111F001024D
:1035C80009D141FA02FC1CF0010FD7B200F05F816B
:1035D800221882F81B71002E40F09F81142202FBF2
:1035E800054191F84A60052E02D9022681F84A6001
:1035F80002FB054292F84B10042902D9002182F8F7
:103608004B10142202FB0542B3F84A1092F84B60A3
:1036180041FA06F6F60712D4012682F84B6071B11A
:103628008E07C1F340020AD441FA02F7FF07D6B267
:1036380040F13281142202FB054282F84B601422C9
:1036480002FB054292F84C10032902D9012182F8A5
:103658004C10142606FB0546B3F84C1096F84C207F
:1036680041FA02F212F0010210D186F84C2069B139
:1036780011F001020AD141FA02F7FF07D6B240F170
:103688001081142202FB054282F84C60142202FBCE
:10369800054292F84E10012902D9002182F84E10F5
:1036A800142606FB0546B3F84E1096F84E2041FA4C
:1036B80002F212F0010210D186F84E2069B111F021
:1036C80001020AD141FA02F7FF07D6B240F1EE80B3
:1036D800142202FB054282F84E60142202FB0542C6
:1036E80092F84F10042902D9002182F84F101426AD
:1036F80006FB0546B3F8502096F84F1042FA01F140
:1037080011F0010110D186F84F106AB112F00101D1
:103718000AD142FA01F7FF07CEB240F1CC8014215A
:1037280001FB054181F84F60142101FB054191F827
:103738005160032E02D9002681F85160142707FB37
:103748000547B3F8526097F8511046FA01F111F0A5
:10375800010119D187F85110B6B116F0010113D142
:1037680006E000BFA800002002B90008640200209B
:1037780046FA01FC1CF0010FCFB200F0A180142121
:1037880001FB054181F85170142101FB054696F8AB
:103798005070022F02D9012786F8507001FB0541AD
:1037A80091F85460022E02D9012681F85460142140
:1037B80001FB054696F84D70022F02D9002786F8BE
:1037C8004D7001FB054191F85260012E02D9012686
:1037D80081F85260142101FB054696F85570012FB7
:1037E80002D9012786F8557001FB054191F853600D
:1037F800022E02D9002681F85360142707FB0547DB
:10380800B3F8566097F8531046FA01F111F0010128
:1038180010D187F853106EB116F001010AD146FA9B
:1038280001FC1CF0010FCFB24FD0142101FB054160
:1038380081F85370142101FB054696F856700C2F39
:1038480002D9002786F8567001FB054191F84C60B3
:10385800012E08D191F84F60042E04D1D70738D52E
:10386800002281F84F20142202FB054292F84F10E3
:10387800A1BB92F85120012A35E00132102A7FF4C9
:103888004FAE57E60132102A7FF470AE79E6013266
:10389800102A7FF496AE9EE60132102A7FF4C4AE59
:1038A800CDE60132102A7FF4E6AEEFE60132102AA7
:1038B8007FF408AF11E7013110297FF42AAF33E70D
:1038C800013110297FF454AF5EE701311029A6D1E8
:1038D800B0E712F0040218BF0222C2E701290AD198
:1038E80092F85120022A01BF142202FB054200214E
:1038F80082F8511007E0022903D192F85120032AD7
:10390800F1E70329B5D0142202FB0542012182F810
:10391800571040F20111A2F8581094F82620052AF1
:1039280002D9022284F8262094F82720042A02D9F2
:10393800002284F82720B3F89E1094F8272041FA33
:1039480002F2D7070ED4012284F8272051B18E073E
:10395800C1F3400206D441FA02F7FF07D6B244D5B4
:1039680084F8276094F82820022A02D9002284F8D3
:10397800282094F82920022A02D9012284F8292033
:10398800B3F8A01094F8292041FA02F212F00102CB
:103998000CD184F8292049B111F0010206D141FA6D
:1039A80002F7FF07D6B224D584F8296094F82A20B4
:1039B8000C2A02D9002284F82A2094F832200C2AF2
:1039C80002D9002284F8322094F82B20042A02D944
:1039D800002284F82B2000224749164611F9017F5E
:1039E80017F1780F09DA0E7009E00132102AB2D106
:1039F800B8E70132102AD2D1D8E7782FF3DC0132A8
:103A0800D2B20C2AEAD13D490022012611F8017FE1
:103A18000132022FD2B288BF0E70042AF6D194F870
:103A28003420022A02D9002284F83420B3F8A220D4
:103A380094F8343042FA03F313F001030CD184F8FC
:103A480034304AB112F0010306D142FA03F6F60700
:103A5800D9B211D584F8341094F82C30022B02D93D
:103A6800002384F82C3094F82D30032B08D80AD181
:103A7800002384F8343006E00133102BE5D1EBE75E
:103A8800022384F82D3094F82E30022B02D901231A
:103A980084F82E3094F83030022B02D9002384F8B1
:103AA800303094F833300C2B02D9002384F83330AB
:103AB80094F83530042B02D9002384F83530104BA4
:103AC80018444FF6FF71A0F820111421FF2201FBC2
:103AD800053183F82F2083F831204FF0FF32C0F8EA
:103AE8001C211A629A84A1F85A20A1F85C20DA866F
:103AF8001A8702B0BDE8F081E1000020ED00002047
:103B0800A80000200021FFF7DFBC0000034670B5C5
:103B18000846052B04D8DFE803F01D0421191D21F0
:103B2800FEE720261F250F22174CA3702277013BA2
:103B38000122A4F84C60A4F84E50A276A273042B7C
:103B480010D8DFE803F010181B1B180009266F2592
:103B58000722E9E7142632250A22E5E73526132548
:103B68001922E1E7FEE7002323712374FEF734F8F6
:103B78006073607670BD22712274F7E700232371A9
:103B88002374A376A373F1E748000020044B0122B5
:103B980083F85520A3F85620A3F85820704700BF93
:103BA800480000202DE9F043704D714C00F11108D8
:103BB80005EB081702378BB006463846FDF7ACFD13
:103BC8004FEA061900900421684605EB0616FEF731
:103BD800E9F896F81B31E0832BB103EB031303EBF1
:103BE80003231844E08305EB08135B7A062B40F0A7
:103BF800B280E38B03F5B5432533E38305EB08185F
:103C080095F82700FFF7C2FF98F8091061708B1F1D
:103C1800A944012B8CBF0023012399F81A0184F8C9
:103C28005A30FFF773FF99F81B21E18B009BE18065
:103C38006182A36063612AB14FF0113000FB023347
:103C4800A360636195F826004A4B616213F920303E
:103C580023732376002384F82A30637B84F8292091
:103C680023B93846FDF778FD84F82A006078FDF717
:103C7800B3FF414A84F82800128802F0010197072F
:103C880048BF41F00201A185560742BFA18D41F00E
:103C98000401A1850346100742BFA18D41F0100120
:103CA800A185D10642BFA18D41F02001A1859206D0
:103CB80042BFA28D42F00802A285304A01AE02F14D
:103CC800200C10685168374603C7083262453E46E3
:103CD800F7D110683860A278294E06210AA801FB9E
:103CE8000303134413F8247C84F8207016E90F00AA
:103CF80086E80F0040F2E2433846A4F85030FCF75B
:103D0800E7FE4FF07F51FCF737FFFDF721F97F08F9
:103D1800B4F84C204FF47A73B3FBF2F3A4F84030B4
:103D280095F82C30052F38BF0527C0B2012BA4F811
:103D3800520084F8547016D0022B14BF4FF461431C
:103D48004FF461336364002384F85B30A4F85C307B
:103D58000BB0BDE8F083072B7FF450AFE38BA3F5DE
:103D6800B543263B49E74FF4E133EBE7A8000020D1
:103D7800480000201CBD000864020020C8B60008E6
:103D88007800002002484FF4DE72FF2107F01CBCC7
:103D9800A800002002484FF4DE71FEF701BF00BF03
:103DA800A800002002484FF4DE71FEF7E5BE00BF10
:103DB800A800002008B5FFF7F5FF034B1878BDE809
:103DC8000840FFF79FBE00BF48000020F8B5FFF786
:103DD800D9FFFEF7F9FE04280CD0FFF7D3FFFEF752
:103DE800F3FE042803D1FFF7DDFF042806D0FFF710
:103DF800C9FF03E0FFF7D6FF0428EED1464947483C
:103E0800464C102207F004FC38B1454910222046E0
:103E180007F0FEFB08B1FFF7B5FFA38A42F6A1023F
:103E2800934266D042F6A002934258D800213B4BF9
:103E3800022504260F46012093F84F20012A1ED0A0
:103E4800022A1FD00ABB93F85020042A20D0052A42
:103E580020D0033A18BF012201310A2983F85020E3
:103E680083F8540003F11403E6D194F82C30042BA2
:103E780012D0052B31D0002384F82C300EE083F8C3
:103E88004F50E0E783F84F60DDE783F84F70DAE7DB
:103E98000122E1E70222DFE784F82C0042F6A103C1
:103EA800A382012522691C491C4842F6A2039A42B2
:103EB8004FF010021CBF2361012507F0A9FBD0B108
:103EC800154916481022FDF703FD16491648082221
:103ED800FDF7FEFCFFF75EFF0FE00223CCE70025AD
:103EE800E8B20135FFF7A8FA0A2DF9D10023E377E4
:103EF800D4E70025D6E7002DECD10023E3770B4C5F
:103F08002370FFF72BFA2078FFF7FCFD2078BDE837
:103F1800F840FFF747BE00BF09B90008A800002015
:103F28001AB900082BB900085A02002048000020DE
:103F38000129F7B5054600D9FEE70B4E06EB01133C
:103F48001C460F016278F15D03619B7807F0EEF87B
:103F5800E3790193A379009322796379E17828467C
:103F680007F00BF903B0F0BD9CD3000838B583689F
:103F780004466BB1024652F8183BDD6900F119039B
:103F8800A847217E20460222BDE8384007F057B9ED
:103F980038BD000070B58160897A86B0044601B1E9
:103FA800012107F09CF8204607F01BFA204607F08D
:103FB800F3F9217BFF2903D0FA22204607F0F8F90C
:103FC800A3685B7A013B042B04D8DFE803F0043EC6
:103FD8003E414100FEE7E922E121204607F026FAAA
:103FE8000121204607F0B5F99621204607F0F2F99D
:103FF8003821204607F004FA204607F009FAA3689A
:10400800204693F90810FFF7B1FFA3689D7A15B30E
:1040180019782046FFF78CFF00221146204607F04A
:1040280078F80023009340F2032220464FF6FF71F0
:1040380007F0D2F820464FF6FF7107F0F4F8204653
:1040480006B0BDE8704007F094B9DB22D721C4E779
:104058006F226B21C1E75E880E4B63614CF25033CF
:10406800009320460C4919230B2207F0EDF9012390
:10407800CDE903335B23CDE90153102319462046CC
:104088000095042207F01EFA3146204607F03EFA52
:10409800C2E700BF7CD30008A086010010B5044623
:1040A80007F067F920464FF6FF71BDE8104007F0AA
:1040B800BAB8000038B58168036891F90810DD695D
:1040C800044600F1190300F11802A847A3689A7A78
:1040D80042B11A78012A00D9FEE7044B03EB021318
:1040E800236138BD024B6361FBE700BF9CD3000826
:1040F8007CD30008836810B5044683B103691BB9F3
:1041080043690BB9FFF7D6FFA3689B7A1BB12369F4
:10411800B3F90C0010BD6369B3F91C00FAE718463F
:10412800F8E7836810B5044643B103691BB94369CE
:104138000BB9FFF7BFFF94F9190010BD1846FCE74B
:1041480008B5836843B9FFF725FF7D20FEF75EFCBD
:10415800BDE80840FEF7BABB08BD000090F8D430AF
:1041680053B190F8D520074B03EBC20153F8323016
:10417800497953F821007047037C00EB8300406BBA
:10418800704700BFECBC000813B5194B0288DB8BE5
:104198009A42044627D1837813F0D00F25D183792A
:1041A800812B22D84FF6FF730D2201460DF1060030
:1041B800ADF80630FDF7DEFDB4F80D20BDF8063089
:1041C8009A420ED14C2204F10D01FDF7D3FDB4F84B
:1041D8005900BDF80630C01A18BF0120800002B08F
:1041E80010BD0320FBE70120F9E70220F7E700BF35
:1041F800480000200A7ACB7902F0070243EA02233A
:1042080003804B7A0A7A03F03F035B0143EAD20347
:1042180043808B7A4A7A9B0043EA9213CA7A02F067
:10422800010243EA822383800B7BCA7A03F00F03DF
:10423800DB0143EA5203C3800B7BC3F30112012A5B
:1042480011D813F0300F14BF012300239B020383FE
:104258000B7B7F2B0AD813F0C00F14BF0123002358
:104268009B024383704740F2FF73F0E740F2FF730D
:10427800F7E70A7ACB7902F0070243EA02230380C0
:104288004B7A0A7A03F03F035B0143EAD203438087
:104298008B7A4A7A9B0043EA9213CA7A02F00102A7
:1042A80043EA822383800B7BCA7A03F00F03DB0186
:1042B80043EA5203C3800A7CCB7B02F0070243EA3D
:1042C800022303814B7C0A7C03F03F035B0143EA32
:1042D800D20343818B7C4A7C9B0043EA9213CA7CBD
:1042E80002F0010243EA822383810B7DCA7C03F03A
:1042F8000F03DB0143EA5203C3814B7DDB000382DA
:104308008B7DDB004382CB7DDB0083820B7EDB0071
:10431800C3820B7BC3F30112012A2BD813F0300F91
:1043280014BF012300239B0203830B7B7F2B24D81C
:1043380013F0C00F14BF012300239B0243830B7D9E
:10434800C3F30112012A1BD813F0300F14BF012345
:1043580000239B0283830B7D7F2B14D813F0C00F9F
:1043680014BF012300239B02C3834FF4806303849B
:104378004384704740F2FF73D6E740F2FF73DDE7EE
:1043880040F2FF73E6E740F2FF73EDE737B5214BE4
:10439800DB8B03804A78837862F3C30383704A799E
:1043A800C37862F30003C3708A79437962F3861392
:1043B8004371044691F902000D46FDF779F8E37858
:1043C80060F34703E370EA78237962F30603237105
:1043D8002A79DBB202F0010203F07F0343EAC21339
:1043E80023712A796379C2F3450223F03F0313430B
:1043F800637159224FF6FF7321460DF10600ADF89F
:104408000630FDF7B7FCBDF80630A4F8593003B004
:1044180030BD00BF480000202DE9F3419DF8206021
:104428001546522E88464FF05B024FF000010446B5
:104438001F4628BF522607F0C7F82D4BDB8B238079
:104448002A78A37862F30203A3706978C90001F09F
:104458000801DBB203F0070341EA08111943A17010
:104468006A79E37862F30003E370AA79637962F307
:104478008613637195F90200FDF71AF8E37860F383
:104488004703E370EA78237962F3060323712A79F4
:10449800DBB202F0010203F07F0343EAC213237187
:1044A8002A796379C2F3450223F03F03134363710A
:1044B800A379224666F3470302F8063F3E443B468B
:1044C800B34210D14FF6FF73592221460DF1060071
:1044D800ADF80630FDF74EFCBDF80630A4F85930AB
:1044E80002B0BDE8F08113F8011B02F8011FE7E7ED
:1044F8004800002007B5009313460A460121FFF73C
:104508008BFF03B05DF804FB30B53A4B027893F8A3
:10451800261061F30302027093F8271061F3071263
:10452800027093F82810427861F30302427093F8FE
:10453800291061F30712427093F82A10827861F308
:104548000302827093F83210827961F30302827158
:1045580093F82B10827861F30712827093F8341065
:10456800C27961F30302C27193F82C10C27861F327
:104578000302C27093F82D1061F30712C27093F80A
:104588002E10027961F303020271427993F8301018
:1045980061F30302427193F83310827961F30712D1
:1045A800827193F83510C27961F30712C27103F171
:1045B800390100F10A0200F1160411F9015F02F84D
:1045C800015FA242F9D193F84610C27D61F301025E
:1045D800C27593F8471061F38302C27593F84810C7
:1045E80061F30512C27593F8493063F38712C275F7
:1045F80030BD00BFA80000200278344BC2F303028C
:1046080030B583F826200278C2F3031283F82720F6
:104618004278C2F3030283F828204278C2F30312D7
:1046280083F829208278C2F3030283F82A2082794A
:10463800C2F3030283F832208278C2F3031283F8AC
:104648002B20C279C2F3030283F83420C278C2F364
:10465800030283F82C20C278C2F3031283F82D20BA
:104668000279C2F3030283F82E204279C2F30302CF
:1046780083F830208279C2F3031283F83320C27999
:10468800C2F3031283F8352003F1390100F10A025D
:1046980000F1160412F9015F01F8015FA242F9D195
:1046A800C27DC2F3010283F84620C27DC2F38102B3
:1046B80083F84720C27DC2F3011283F84820C27DE7
:1046C800C2F3811283F8492030BD00BFA800002042
:1046D80070B5522698B0324604460D4603A800210C
:1046E80006F072FF212342F6A2008DF80C30FDF788
:1046F800D1F8ADF80E0042F6A100FDF7CBF81C4941
:10470800ADF8100014220DF11200FDF7E1F8194878
:10471800FFF707FD184B8DF8260093F855308DF8F4
:1047280027300AA8FFF7F0FE4FF68073ADF8463041
:10473800124A134BCDE91223124B149347F6FF7319
:10474800ADF85430104BB3F89E208DF85620B3F8CE
:10475800A020B3F8A2308DF857208DF85830009675
:1047680003AB2A4602212046FFF756FE18B070BD5B
:1047780031B900083C1E00204800002001000A0052
:10478800190064009E00FF7F6402002038B5154DB3
:10479800044600F11B01062205F58970FDF7F8F8BB
:1047A80094F82130C3F3030385F8193194F82130C4
:1047B800C3F3031385F81A3194F82230C3F30303C3
:1047C80085F81B31B4F85700FDF775F842F6A103D8
:1047D800984205D104F12500BDE83840FFF70CBF29
:1047E80038BD00BFA80000200B4A0C49126882603F
:1047F8000A6802614A680A4942610A6882614A682D
:10480800C26100234EF66022838083718381038412
:1048180002600385704700BF942C002043B900084C
:104828004CB9000810B50E4CA36803B9FEE70D4A51
:1048380012791A700021204606F03AFC4FF47A707B
:10484800FEF7E4F82046012106F049FCA36820465B
:104858001978FFF76DFB2046FFF720FC10BD00BF5D
:104868003C1E00204800002038B5174D0446A878A3
:10487800697805281CD14FF6FF732385FFF746F9A1
:104888006B7801229A40238D23EA020323850F497E
:104898000F48FFF755FC0E48FFF700FC0C486FF077
:1048A8007F01FFF763FB2046BDE83840FFF7BABF3A
:1048B800002323850220FFF729F96A780123934012
:1048C800228D13439BB2E1E7480000204C000020F2
:1048D8003C1E002008B590F8203002468BB9FEF740
:1048E80027F810B982F8210008BD92F82130013369
:1048F8005BB2312B82F82130F6DD012382F82030BB
:10490800F2E7FEF715F818B1322382F82130EBE709
:1049180092F82130013B5BB2002B82F82130D8BFDE
:1049280082F82000E0E700000A4B90F820201B687E
:1049380072B182689B1AB3F57A6F01D9012343716A
:10494800037923B9437913B10123037103737047C2
:104958008360F5E7942C00200346007B821E012A21
:104968004FF0000202D893F8201009B91A73704763
:10497800104670470A4A38B5138801339BB2502B4A
:1049880004460D4601D8138038BD0023054913801D
:10499800FDF78AFD29462046FDF786FDF4E700BFAE
:1049A8007803002055B90008154680B50C490D4E0E
:1049B8000446FDF779FD29462046FDF775FD0A4BAB
:1049C80000221A80202746F2A810B762FEF71EF8C8
:1049D800B761FEF71BF829462046FFF7CBFFF2E741
:1049E80055B90008000400487803002008B543784A
:1049F80002789A4213D0052B8ABF052303700370EF
:104A0800027888BF4370064B064813F92210064BFC
:104A180019731976836813B11972FFF7A7FA08BDDD
:104A28001CBD00083C1E00204800002010B50AB933
:104A3800437010BD541E0B2CFBD80332D2B231F98F
:104A48001220C83A03FB022240F2716192FBF1F294
:104A580012B222EAE2729A42C8BF1AB24270E8E77A
:104A68000A46014610B9024806F0F3BA704700BF7B
:104A78003C1E002070B50D4616461C46014688B9F6
:104A8800FDF715FF094833462A4606F0BBFA0748E2
:104A98004FF6FF7106F0C7FBA1010448BDE870405E
:104AA80006F0DABB0148FFF7F9FA70BD3C1E00209A
:104AB8002DE9F041194C05465B270E463A46002180
:104AC800204606F081FDAB692360EB696360144BF7
:104AD80014491B789A1E53425341627A63F30002C9
:104AE80062726FF05D02A27228220023E27204F162
:104AF8000E00142223736373FCF7EAFE5921204643
:104B0800FDF750F9084BA4F859003A4621463046BB
:104B18001B7FBDE8F041FFF7ADBF00BFC31C0020FD
:104B28006B03002031B900084800002037B50C4657
:104B380038B91A48836833B9812281F8A02081F8EE
:104B4800A23003B030BD9D7ADDB101F1A2020DF1B2
:104B5800060106F0B7FB94F9A230002B04DABDF881
:104B680006201344ADF80630BDF90630002B0FDBE4
:104B78004FF6FF73ADF80630BDF8063084F8A03064
:104B8800DFE70DF1060106F0D2FC84F8A250EBE74E
:104B98007F33F1DA4FF68173ECE700BF3C1E00204B
:104BA8000A4608B501460148FFF7FEFE0C00002042
:104BB8000023FF22037043708370C2700371704733
:104BC800C178034629B982780171013282700120C7
:104BD8007047007801281ED0022805D0C8B99A78F5
:104BE800187101329A70F2E798785A784240D207E1
:104BF80004D40130002298701A71E8E7FF2902D125
:104C08000020187170471A790132D2B291421A7194
:104C1800EFD300207047FF29F2D01A790132D2B2BF
:104C280091421A71F5D29A7801329A7000221A715B
:104C3800704700000E48C3691A0617D503681B069B
:104C480014D50C4B0C4A1988138889B29BB2994227
:104C58000AD013880133DBB213801388074A9BB24A
:104C6800D35CDBB283627047FDF76FB8704700BF53
:104C7800008000408820002086200020861F002019
:104C88000C490D4A0B8812880133DBB292B29A4262
:104C98000DD00A4AD0540A4A0B8052E8003F43F02C
:104CA800800342E800310029F7D101207047002035
:104CB800704700BF8820002086200020861F002023
:104CC8000080004038B504464518AC4200D138BDD4
:104CD80014F8010BFFF7D4FFF7E708461146FFF772
:104CE800F1BF000070B588B00C4606461546002195
:104CF8001C2201A806F068FC231E18BF01231B0311
:104D0800CDE9033501A90C230348029605940693BF
:104D180005F0FAFB08B070BD0080004010B5064CE5
:104D2800236823F001032360FFF7DCFF236843F0C7
:104D38000103236010BD00BF0080004008B541B1E9
:104D48004FF4005204484FF48061FFF7E7FFFDF786
:104D5800C5FD012008BD00BFA086010008B531B11E
:104D6800002211460348FFF7D9FFFDF7B7FD0120E0
:104D780008BD00BF9A5B060008B541B14FF4005268
:104D880004484FF48061FFF7C9FFFDF7B7FD012024
:104D980008BD00BFA086010013B5354C236823F079
:104DA800010301202360FCF7B8FF09230190009359
:104DB800304803230A220221FDF7C0FB00222E48B7
:104DC8001146FFF78FFF236823F00053236004F197
:104DD800080353E8003F23F0604304F1080141E869
:104DE8000032002AF3D104F1080353E8003F23F00E
:104DF800606304F1080141E80032002AF3D11F4B37
:104E0800C02283F8262340225A601948FCF79DFFE8
:104E180050E8003F23F0400340E80032002AF7D171
:104E280040230362164B1A80164B1A80436823F4FA
:104E380000634360836823F008038360436823F4B6
:104E480080434360836823F022038360836843F4CC
:104E580080538360036843F001030360044BDA69FD
:104E68009102FCD5DA695202F9D502B010BD00BF33
:104E78000080004000080048A086010000E100E032
:104E8800862000208820002030B51C4C85B00E22DA
:104E980000210546684606F097FBB4F8A030ADF847
:104EA80000302046FCF7B0FA8DF802002046FCF7E7
:104EB800A2FAB4F8A4308DF803001148ADF8043014
:104EC800FFF72FF994F8A6308DF8073094F8A93039
:104ED8008DF80830B4F8AA30ADF80A30094B8DF8CF
:104EE80006009B788DF80C306946012328468DF81A
:104EF8000D3003F012FF05B030BD00BF801D00204B
:104F08003C1E0020480000200148FEF7BFB900BF42
:104F1800791D0020F8B5154D0E4607465B23294636
:104F2800304614462A46FFF79BFDD7E90413286844
:104F38006A689A4208BF884209D0002430460C4962
:104F4800FFF7F4FD002C0CBF01200320F8BD592108
:104F58002846FCF727FFB5F859308342EDD114B144
:104F6800FFF7D2FFEAE70124E8E700BF751E00203B
:104F7800801D002013B5012104460844FCF712FFE8
:104F8800A178ADF806000DF10600FCF7E7FEE17820
:104F9800FCF7E4FE2179FCF7E1FE6179FCF7DEFE1F
:104FA800A179FCF7DBFE04F108010322FCF7E2FE1D
:104FB800627804F10C01FCF7DDFE94F82311FCF78C
:104FC800CDFEBDF80630A4F80C3102B010BD0000CB
:104FD8000038024B18BF01201870704730030020BA
:104FE80070B5002A38D1042B71D89DB29BB3654C9B
:104FF80094F82830666A03F1030C5FFA8CFCF6001B
:10500800BCF1070F666284F828C040F28980053B2E
:10501800DBB284F82830B1F800C0DE400CF101039F
:105028000B8000F80C600EE0083BDBB284F82830F7
:10503800B1F800C0666A0CF1010E26FA03F3A1F874
:1050480000E000F80C3094F82830072BECD8013237
:1050580096B2B542CED870BDFF2AFCD1032B66D8D4
:105068009DB2002BF7D0474C94F828300026626A8E
:1050780003F1040C5FFA8CFC120142F00202BCF14D
:10508800070F626284F828C07AD9043BDBB284F83F
:105098002830DA400B8803F1010CA1F800C0C25493
:1050A8000CE0083BDBB284F82830626AB1F800C033
:1050B800DA400CF101030B8000F80C2094F828303A
:1050C800072BEED80136B2B29542D0D870BD2D4C20
:1050D800626A03F5C06343EA423394F828206362A6
:1050E80002F10D05EDB2072D84F82850B3D9053229
:1050F800D2B284F82820D3400A88551C0D808354E6
:1051080009E0083BDBB284F82830626A0D88DA408F
:105118006B1C0B80425594F82830072BF1D870BDD2
:10512800013296B2B54263463FF664AF93E7154C39
:10513800626A03F5E06343EA423394F82820636225
:1051480002F10D05EDB2072D84F8285083D90532F8
:10515800D2B284F82820D3400A88551C0D80835485
:1051680009E0083B626ADBB284F82830DA400B8831
:105178005D1C0D80C25494F82830072BF1D870BDFF
:1051880063469FE7840500202DE9F047674C002718
:10519800FF250F8005708025676284F82870A57741
:1051A8009846002B00F0BB8003F1FF3912FA89F909
:1051B800561EBA463A4609E0554546D10137BFB2B0
:1051C8000B8843453AD24E4500F0948016F8015FAB
:1051D800002AF1D16B1EDBB2FD2B32D83F2B62D9EE
:1051E80005F14103DBB23F2B34D8636A94F82820D9
:1051F8000135EDB245EA032502F10803DBB2072BBE
:10520800656284F8283015D984F828200B88D540A1
:105218005A1C0A80C55409E0083BDBB284F82830E0
:10522800626A0D88DA406B1C0B80425594F828306E
:10523800072BF1D800220B884345C4D30020BDE8D2
:10524800F0870127AA463A46BAE7FBB25246FFF76B
:10525800C7FEBFE7636A94F828203F35EDB245EAF8
:10526800432502F10903DBB2072B656284F8283075
:10527800E0D90132D2B284F828200B88D5405A1CD4
:105288000A80C55409E0083BDBB284F82830626A1A
:105298000D88DA406B1C0B80425594F82830072B98
:1052A800F1D80022C7E7636A94F828207F35EDB269
:1052B80045EA032502F10803DBB2072B656284F88F
:1052C8002830B7D984F828200B88D5405A1C0A8082
:1052D800C55409E0083BDBB284F82830626A0D88BF
:1052E800DA406B1C0B80425594F82830072BF1D814
:1052F8000022A0E722B1FBB25246FFF771FE0B88ED
:1053080094F8282062B1646AC2F108020125944029
:1053180005FA02F2013A22435C190C80C2540B8848
:10532800984594BF00200120BDE8F087840500203F
:105338002DE9F04F47F26F730022827003800B78DB
:10534800A3F1FE03B3FA83F35B0983708A780D46F1
:1053580012F001011CBF43F080038370D5F82021AF
:1053680022F07F4222F0FF0285B0044612B143F0DA
:1053780008038370AA68C2F31702FF2A1ED9B2F580
:10538800803F18D363F07F03A37041F002014FF010
:10539800020B09234FF00A0C0822E1700B20CDF80C
:1053A80004C01E4617464FF0070E4FF006094FF08F
:1053B800050A042117E043F00203A370180600F160
:1053C800D68008234FF0090C07220A204FF0000B63
:1053D800CDF804C01E4617464FF0060E4FF00509DB
:1053E8004FF0040A032195F8018004F8018004EBCA
:1053F8000108297904F80A10697904F80910A979CB
:1054080004F80E10A178090709D595F82111A154BF
:1054180095F82211A1550346674662460646A968D3
:10542800A154A278900707D5BA1C1F46AB68C3F3EE
:105438000F23A35596B23346BBF1000F05D05A1C73
:105448001F46AB7AA35596B23346A278D10606D545
:105458005A1C1F4695F82331A35596B23346454A40
:10546800127803F1010914FA89FA05F10C0B42B11B
:105478006B785A460DF10E015046FFF785FE00285D
:105488005AD16A78504659461FFA82FA06F0FEF851
:105498002278394B6178D243D2B2072F9A5C82EADC
:1054A8000102995CA27882EA0102995CE27882EAB8
:1054B8000102995C227982EA0102995C627982EAA6
:1054C8000102995CA27982EA0102995CE27982EA96
:1054D8000102995C1BD0227A5140082F595C16D0E2
:1054E800627A5140092F595C11D0A27A51400A2F93
:1054F800595C0CD0E27A51400B2F595C07D0227BC3
:1055080051400C2F595C1EBF627B5140595CA1551C
:105518001AFA89F39BB2B5F80C21E2545A1CB5F873
:105528000C1192B2090AA154AA78981CD20780B229
:105538000BD405B0BDE8F08FA378BDF80EA043F0FA
:105548004003A37088F800A0A2E7D5F81071D5F839
:105558001811D5F81461275022180F33566091603E
:1055680095F81C11117398B205B0BDE8F08F4FF093
:10557800000B0EE73003002060BD00082DE9F84F4E
:10558800AE4CAF4E0F4682460146AD48154606F072
:105598007DF800233B809E462384636284F828308C
:1055A800802384F822304FF0FF08F14606E03B885C
:1055B8005A1C3A800AF8039094F828E0BEF1010FCB
:1055C8005CD8218C8D4240F29D80606A735C0EF13C
:1055D800080C5FFA8CFC43EA0023ACF1020B23FAB7
:1055E8000BF00EF1060200F003000131D2B20228DE
:1055F8002184636284F8282000F08680032800F064
:10560800888001281DD0002A40F08780228C95428E
:1056180078D9B15C013241EA0323228407211A06B2
:10562800636284F82810C2D5062184F8281013F084
:10563800400F40F08D803B885A1C3A800AF803805E
:10564800BAE7062A0BD8228C95425BD9B15C0132A5
:1056580041EA03230CF1060122846362CAB2073AC5
:10566800D34003F07F037D2B84F828204AD83A885A
:105678004133511C39800AF802309DE7636AAEF164
:10568800020B23FA0BF000F003005FFA8BF20228FA
:1056980084F8282003D003281CD0F446B1E7052A53
:1056A80032D8218C8D422DD9705C0EF10602013161
:1056B80040EA0323D2B221846362063A84F828E0E0
:1056C800D340398803F03F034A1C01333A800AF873
:1056D800013071E7052A1CD8218C8D4212D9705CE3
:1056E8000EF10602013140EA0323D2B2218463623B
:1056F800063A84F828E0D340398803F03F034A1C6F
:10570800413BE3E7BDE8F88F063A636A5FFA82FE39
:10571800D4E7063A5FFA82FEEBE70BF1FF3023FA93
:1057280000F0511EC9B2C00784F828107FF53FAFBA
:1057380069BB228C9542E5D9B15C013241EA032369
:1057480007212284636284F8281013F0800F70E721
:105758004A1ED0B223FA02F2D20784F8280032D4C3
:105768008446228C9542CDD9B05C013240EA0323AD
:10577800C81D22846362C0B2A0F10802D34084F835
:1057880028C05FFA83FB38885A46002133E0013984
:1057980023FA01F0911EC9B2C00784F828107FF5DA
:1057A8004AAF99BB228C9542ACD9B15C41EA03233C
:1057B80001324FF0070C19062284636284F828C06E
:1057C80021D40821CDE7072832D8228C954299D9CF
:1057D80016F802C0073101324CEA032322846362BF
:1057E800C9B2083923FA01FB84F828005FFA8BFB59
:1057F80038885A46FF21504405F0E6FE3B889B4412
:10580800A7F800B0D8E660460821DEE701F1FF3CC2
:10581800D01E23FA0CFCC0B21CF0010F84F828003B
:10582800D1D107289CD90B3A636A5FFA82FCA3E7B7
:10583800A0F108020146D0B2D3E700BF84050020DA
:10584800580400202DE9F04F5788B7F58F7F8BB0AB
:10585800144606460BD90022227000226F2B628064
:1058680000F06581002333700BB0BDE8F08F12782B
:105878000E2A0D4624D80E2A00F2118101A151F8F2
:1058880022F000BF63580008B35A0008A75A00085E
:10589800A75A0008B35A0008B35A0008B35A0008B8
:1058A800B35A0008B35A0008B35A0008015B00084D
:1058B800A75A0008A75A0008A75A0008255B00083D
:1058C800692A40F2EA806A2A40F0E9809C4FFA8A05
:1058D80002F1FF3C1FFA8CFC002A00F078820CF1E0
:1058E800030CDFF860E2BC44FF22B91C11F8010B7D
:1058F800424061451EF80220F8D1934200F0D08161
:1059080000222270C4F80220E280FA8A022AA9D969
:1059180039796F2900F02E83032AA3D079796F296A
:1059280000F03883042A9DD0B9796F2900F03583B7
:10593800052A97D0F9796F2900F03E83062A91D07D
:10594800397A6F2900F04582072A8BD0797A6F2936
:1059580000F03583082A85D0B97A6F2900F03283A0
:10596800092A3FF47FAFF97A6F2900F02E830A2ABB
:105978003FF478AF397B6F2900F02A830B2A3FF474
:1059880071AF797B6F2900F026830C2A3FF46AAF48
:10599800B97B6F2900F022830D2A3FF463AFF97BAE
:1059A8006F2900F01E830E2A3FF45CAF397C6F2903
:1059B80000F01D830F2A3FF455AF797C6F2900F062
:1059C8001383102A3FF44EAFB97C6F2900F012837D
:1059D800112A3FF447AFF97C6F2900F00E83122A91
:1059E8003FF440AF397D6F2908BF4FF012087FF4AC
:1059F80039AF02F101091FFA89F93A44A7F816905C
:105A08005FFA89F9937050494A4602A805F03EFEAC
:105A18006F234FF0010CBB704FF0000E6423A7F802
:105A280000E0A7F816C0237008EB0C0399451FFA8D
:105A380089F27FF617AF901E02A9A0EB08005A1E44
:105A48000B440A4413FA80F04FF06A084FF0070934
:105A58004FF0660A05E0002B40F0BE8190423FF40B
:105A680001AFFB8A12F8011F07EB030B01338BF818
:105A78000210FB822378092BEDD9A3F1640BBBF14B
:105A8800050FEBD8653B042B00F2BA82DFE813F070
:105A98001F01170112010E011B01632A05D80023FB
:105AA8002370C4F80230E380DDE6254FFA8AB9187E
:105AB80001328B70FA822278092A00F2A480002A27
:105AC8003FF4D0AE013A082A3FF6CCAE01A151F816
:105AD80022F000BF9D5D00086D5800086D58000851
:105AE800FF5C0008FF5C0008875D0008535D000844
:105AF800C15D0008715D00087A1C6280104EEB558C
:105B0800A088727F618883189942FFF6ADAE33781A
:105B18005F0600F1E4810E232370A5E67A1C6280FB
:105B2800EB55E2886388934210D201239BE604492F
:105B38000A800122CA8264228B702270002392E6B6
:105B48008405002060BD00088605002000236380CE
:105B580023700223037042802B78FD2B00F087808E
:105B6800EB7803722B7943726B7943606A78083259
:105B78007280002240F28510DFF8CCC27281FE21CB
:105B88000446013499424FEA54042ED849D38B4233
:105B980040F08A802B78FD2B7FD04FF0060B2846EB
:105BA800DFF8A48210F801AF0BEB0A0909F1FF3105
:105BB80089B2FCF7F7F804EB440708EB8707ADF860
:105BC80008003979019102A8FCF7C8F805EB090229
:105BD80015F809305278019903EB0223BDF8082023
:105BE8009BB29A421FD005233DE6601E14188242DC
:105BF80004F1010780F06C8127F0010101EB5701E6
:105C08005CF82110BDE7A2F1640105293FF62AAE30
:105C1800653A042A00F2FD81DFE802F0817D79759A
:105C280093002246E2E7BB79DA0706D5FA7992456E
:105C380082BF521912F80B20B2729B070BD5630072
:105C4800234408EB83036A781B7A9A4282BF5B1964
:105C580013F80B30F3724FEA4409A14408EB8908A2
:105C6800317398F8053073730BB0BDE8F08F6B791A
:105C78000372AB7943726B7A297AEA791B0403EBD6
:105C88000123134443606A7802F10C014180A9782A
:105C9800C9077FF56EAF19326AE74FF00A0B7EE746
:105CA8000A2201232270DEE50323DCE5F97684F875
:105CB8000090D3E64FF06803B9762370CEE679708A
:105CC80084F800C0CAE6397784F80080C6E63970DF
:105CD80001F00103618887F801E0033B01F1010B42
:105CE800A4F802B06B5497F90030002BACBF6346A0
:105CF80053462370B2E66288511C6180AB54237806
:105D080001332370AEE50722FB76227016E768227E
:105D1800BB76227012E701227B7022700EE7628840
:105D28003B70002103F00103033B7970511C618033
:105D3800AB5497F90030002BC0F232810123237055
:105D480090E56A223B772270F8E66288511C6180F0
:105D5800AB543B787A78134313F0020340F0D780B2
:105D68006288511C6180AB546288511C6180AB54BD
:105D78003B78D8064CBF69236A23237072E5628892
:105D8800511C6180AB543B781D074CBF6723072328
:105D9800237067E562883A83511C6180AB543A7876
:105DA8007B7712F0010200F0D08006220833A2802F
:105DB800E3800423237055E56288511C6180AB544D
:105DC8007B7813F00203CFD0092323704AE5FF2222
:105DD80093E54FF006080CE6013B082B3FF63EAE74
:105DE8000FF2040B5BF823F0295E0008655A0008DF
:105DF800655A0008155E0008155E0008A35E0008D5
:105E0800715E0008BD5E0008555E0008638803F1F6
:105E1800010BA4F802B0E9542378013323701DE67E
:105E280063883B8303F1010BA4F802B0E9543B7883
:105E3800797713F001036DD008310623E180A38040
:105E4800042323700AE600BF60BE0008638803F1DC
:105E5800010BA4F802B0E9543B78DB067FF534AFB8
:105E68004FF069032370F9E5638803F1010BA4F887
:105E780002B0E9543B7879780B4313F0020343D11D
:105E8800618801F1010BA4F802B06B54618801F13B
:105E9800010BA4F802B06B54DEE7638803F1010B31
:105EA800A4F802B0E9543B7819077FF500AF6723DF
:105EB8002370D3E5638803F1010BA4F802B0E95419
:105EC8007B7813F00203E1D04FF009032370C5E596
:105ED800574902EB4200144651F8201057E602A930
:105EE8002844FFF74BFB737FBDF808106288CB1A74
:105EF8009BB21A446280727F1A447277E288134414
:105F0800E380338BE95406E608232370A6E50823CB
:105F18002370A7E40C31E18079784FF00A0B11F077
:105F28000101A4F804B028D0618801F1010BA4F89C
:105F380002B005F801C0618801F1010BA4F802B0B4
:105F48006B54E3880D33E3807AE779780C33E38088
:105F580011F001014FF00A03A38024D063880121C6
:105F680058186080E954638859186180EA54E388B6
:105F78000D331DE74FF002083BE5638803F1010B81
:105F8800A4F802B0E954638803F1010BA4F802B045
:105F9800E95455E74FF003082BE54FF0040828E5CE
:105FA800662323705EE463885A1C6280E954638820
:105FB8005A1C6280E954FCE64FF0050819E54FF0D9
:105FC800070816E54FF0080813E54FF0090810E533
:105FD8004FF00A080DE54FF00B080AE54FF00C08E2
:105FE80007E54FF00D0804E54FF00F0801E54FF005
:105FF8000E08FEE44FF01008FBE44FF01108F8E437
:1060080077290ED084F800E0C4F802E0A4F806E08E
:1060180024E5772B09D000232370C4F80230E380ED
:1060280020E44FF06503237018E56523237019E415
:1060380060BE00082DE9F8431F46184B164693F832
:10604800302004463AB393F82B301FB11BB31F1FFF
:1060580018BF0127A1F1020804F5E36901F11E0543
:1060680038F8020FFBF799FA29F8020FB8F8000080
:10607800FBF7A0FAA845A9F82000F1D1084B84F84D
:106088005A771B68C4F85C3786F00106012384F848
:10609800606784F81937BDE8F88300BFA8000020BE
:1060A800942C002070B500F27C7400F5B071204685
:1060B800FBF7C7FE044B0246186801680D692146C4
:1060C8002B46BDE8704018477C1D0020B0F8E83426
:1060D800B0F8EA249B1A98B21B0444BF00F500707C
:1060E80080B2003818BF01207047D0F8F826B0F801
:1060F800E8140132C0F8F826D0F800270132C0F8B9
:106108000027B0F8EA24914203461FBF81180132E4
:1061180091F8EE04B3F8EC141ABF0A40A3F8EA2485
:1061280000207047114B93F82D305A1E012A02D8CF
:106138000F48FFF7DABF032B10D10E4AB2F81E360C
:10614800B2F81C1699420ED0D118013391F82206E4
:10615800B2F820160B40A2F81E367047064B186896
:1061680003689B6918470020704700BFA8000020FB
:10617800C8050020700E00207C1D00200023A0F818
:10618800EA34A0F8E834024B18680368DB6918475A
:106198007C1D002010B50748FFF7F0FF064B0022D2
:1061A800C3F81C26054B18680368BDE81040DB6976
:1061B800184700BFC8050020700E00207C1D002075
:1061C80038B5B0F8EA24B0F8E8349B1A9DB21B043D
:1061D800084B04461868036848BF05F500751B6A34
:1061E80048BFADB298474319D4F8F006184480B2B6
:1061F80038BD00BF7C1D0020F8B5D0F8F43690F803
:106208001877CB1AB3F57A7F04460E4626D2632B4D
:1062180001D800207DE0012F0AD0022F19D0002FCD
:10622800F7D1FFF7CDFFB0F5806FF2D9012305E074
:10623800FFF7C6FFB0F5806F03D9022384F818373B
:106248000CE02046FFF7BCFFB0F5C07FE1D2002389
:10625800F4E7FFF7B5FFB0F5806FE7D33448C4F82B
:10626800F466FBF7F6F8334D334A2B681168C3F12F
:10627800000C411A614501DB99424BDD10600A238D
:106288002B601368B3F5FA7FBCBF4FF4FA73136041
:106298001268D4F8F83652214A4328496425B1F8DF
:1062A8004C1092FBF1F26B43B3FBF2F35F2B35D842
:1062B800552B35D83B2B03D94B2B34BF5B253225C7
:1062C80094F81837022B2DD0012B2DD013B9002F9D
:1062D80018BF33254FF47A73D4F80027314604F2F7
:1062E8000470FBF78FFC94F81837FBB9642D0BD1B9
:1062F800D4F8F436A3F29A23C4F8F436D4F8F8366E
:1063080003225B00B3FBF2F3C4F8F83684F8FC56BA
:106318000120F8BD002BB4DD013BB1E70025CFE734
:106328001E25CDE70025D5E73225D3E70023EBE787
:10633800801D0020080000203403002048000020B1
:1063480070B5D0F8F43690F81827CB1AB3F57A7FE1
:1063580004460E4614D2032A08D8DFE802F00209E0
:106368002730FFF72DFFB0F5487F26D8002029E019
:10637800FFF726FFB0F5AF6F11D9022384F818375D
:10638800304B94F81857B3F84C00C4F8F466D4F8B6
:10639800F836032D4ED8DFE805F03716494B20466E
:1063A800FFF70EFFA328E1D80323E7E7632BDDD926
:1063B800FFF706FFB0F5AF6FE2D20123DEE700205A
:1063C80084F8180770BD21254FF47A73D4F8002794
:1063D800314604F20470FBF715FC94F818377BBBC0
:1063E800642D0BD1D4F8F436A3F54873C4F8F43609
:1063F800D4F8F83605229B00B3FBF2F3C4F8F8365C
:1064080084F8FC560120DDE764210F4AB2FBF0F264
:106418004B43B3FBF2F35F2BD6D8552B0CD83B2B51
:106428000CD94B2B34BF5B253225CDE70025CBE7B4
:106438005D25C9E76425C7E71E25C5E70D46C3E7FF
:106448000023DBE74800002050400100F8B5244F46
:1064580004463846FAF7C6FFFBF740F8064697F9B0
:10646800A600FBF73BF805463846FAF7C4FF1D4B74
:1064780094F8FC2693F8353084F87221333384F885
:106488006531442384F86631FF22D4F8683184F8F2
:1064980074216D2262F31703C4F86831C0F10A0051
:1064A8000023C4F86C3184F8813200B24FF43943C8
:1064B800A4F8823280F30700092384F8730184F872
:1064C800706104F5B07084F8715184F8843204F571
:1064D800AA71FBF767FF2046BDE8F840FFF7E2BD69
:1064E800801D0020A80000202DE9F04F044685B04B
:1064F800B4F82E270092B4F830270192B4F8322766
:10650800B0F828670292B4F838270378B0F822E781
:10651800B0F824C7B0F81CA7B0F81E97B0F82087C9
:10652800B0F82677B0F82A570392B0F82C07B4F8D9
:106538001A27A4F87A610026B4F83617B4F834B7E5
:10654800A4F86C21A4F874E1A4F876C184F87C312D
:10655800A4F86EA1A4F87091A4F87281A4F87871D7
:1065680084F87D61A4F87E51009AA4F88221019AEA
:10657800A4F88421029AA4F88621039AA4F88C210D
:10658800FF2284F86521442284F86621D4F8682122
:10659800A4F88A1184F8813246214FF4F84361F354
:1065A8001702A4F882322623A4F88001A4F888B13F
:1065B80004F5B07084F88E6184F88F6184F8906176
:1065C80084F89161C4F8682184F8843204F5AA71CA
:1065D800FBF7E8FE204605B0BDE8F04FFFF762BDC7
:1065E800F0B591B0044600F23A736D4600F25A765F
:1065F800186859682A4603C20833B3421546F7D1CA
:1066080020220DEB0200002104F0DEFF94F8602741
:1066180094F85A370AB943F00203224AA4F87031B1
:1066280092F835202778D4F85C17C4F86C11002349
:10663800333284F87331102384F87431D2B284F879
:1066480072716B4604F275160DF1400C1D4603CDB0
:106658006545306071602B4606F10806F6D1442383
:1066680084F86631D4F8683184F865214FF4D27221
:1066780062F31703C4F868314FF4A053A4F88232C8
:10668800492304F5B07084F8817284F8843204F5E3
:10669800AA71FBF787FE204611B0BDE8F040FFF76E
:1066A80001BD00BFA800002070B5244B90F87457B6
:1066B80093F83530044690F8750784F86F016FF049
:1066C8006E0084F8700133336FF02A0084F871018A
:1066D80084F865311220442384F8720184F8663105
:1066E8000020D4F8683184F873014D2060F3170353
:1066F800C4F868318F2394F8721794F87327B4F8A4
:10670800706784F883320A2384F8741184F881123C
:1067180004F5B070A4F86C6184F86E5184F87521A2
:1067280084F8822284F8843204F5AA71FBF73AFED1
:106738002046BDE87040FFF7B5BC00BFA8000020A8
:1067480010B5224B017893F8352004464FF07E535C
:10675800C0F86C310023C0F87031C0F87431C0F84B
:106768007831C0F87C31C0F88031C0F8843184F8C1
:106778008C31442384F866313332D4F8683184F894
:1067880065214C2262F31703082084F88801C4F8B5
:106798006831022049F6010384F88901A4F882329D
:1067A8000120212384F88A1184F88B0184F881124E
:1067B80004F5B07084F8843204F5AA71FBF7F2FD91
:1067C8002046BDE81040FFF76DBC00BFA8000020C0
:1067D800F0B54E78202E0D468BB0044601F10C0121
:1067E8003AD8324601A804F051FF01ABC6F12102A4
:1067F8000021981904F0E8FE3D4B9DF8222093F8FB
:10680800353033339A4270D19DF82330442B6CD104
:10681800BDF82030F62B02D0B3F5FA7F65D1B4F875
:106828007027A4F870379A421CBF002284F8752795
:10683800012284F86D276A7984F87227AA7984F886
:106848007327F62B4FF0020284F8742713D0B3F5A0
:10685800FA7F34D000232BE00B4601AA05F12C0760
:1068680018685968164603C60833BB423246F7D142
:106878001B783370C0E71F4B186803685B6A98473A
:106888000028E7D01C490398FAF70AFB98B11B497E
:106898000498FAF705FB70B119490798FAF700FB55
:1068A80048B1002384F874379DF82430012B10D1A7
:1068B80084F8753719E0002384F87437CAE7002391
:1068C8000F49079884F87437FAF7EAFA0028C1D014
:1068D800EAE7022BBED194F87527002ABAD084F8CB
:1068E8007537084B1B68C4F878370BB0F0BD00BF8C
:1068F800A80000207C1D00200000404000008842C5
:1069080088AC9649942C00204FF47F4303800023E1
:10691800C0E90133C0E903334361037670470000DF
:1069280038B50023C0E90733C0E955334362C0F8DE
:106938005C310446FBF7D4FA254B9878022845D0F9
:10694800431F58425841FEF743FB40F2FF13A4F897
:10695800EC34204B1B68002503F57A73C4F8F43631
:1069680004F20470C4E9A255C4F89052A4F8EA5499
:10697800A4F8E854C4F8F05684F8FC5684F818577C
:10698800C4F8F856C4F80057FBF736F984F81957D5
:10699800294604F21A70402204F016FE7D2384F87A
:1069A8005A57C4F85C5784F86057C4F86457C4F859
:1069B8006857A4F86C37A4F8725784F87557C4F868
:1069C80078572046BDE83840FFF79EBF0120BAE758
:1069D80048000020942C002010B40E4A92F82E2073
:1069E800AAB102789AB10C4A0169126840F6C41437
:1069F800511AA14202D910BCFFF786BF416831B9CC
:106A08004169511AFA2982BF42610122027610BCFB
:106A1800704700BFA8000020942C00204378032B67
:106A280006D1C068B0F5834F34BF002001207047FD
:106A3800002070477FB50B46324991F82D1000F1C0
:106A480028060229044600F11C02314668461BD17B
:106A5800FEF7F8FE9DF80030022B50D104F5B07512
:106A6800324669462846FBF749FAD4F8683123F0DC
:106A78007F436E2B2FD1244B9A78052A3DD8DFE827
:106A880002F0303438063038FBF780FBE2E75A6C06
:106A9800B2F5613F94BF002201222046FFF7BEFFF6
:106AA800C8B9C2B194F86E31012B14D894F8723178
:106AB800042B10D11549102204F27B1004F0A8FD14
:106AC80048B9782384F8883184F8823184F87C3195
:106AD8002846FEF74FFA204604B0BDE87040FFF79D
:106AE800E1BA5A6CB2F5E13FD4E75A6CB2F5614F9E
:106AF800D0E75A6CB2F5164FCCE70122CDE704B0C7
:106B080070BD00BFA80000204800002057B9000849
:106B18004378032B07D1C06844F2BF13984294BF4F
:106B28000020012070470020704700002DE9F04F39
:106B3800844B0446ABB084481D68FDF7F2FAD4F8DC
:106B4800683740F6C312EB1A934204D894F96C37AD
:106B5800834200F0B6807D4EC4F86857B17884F857
:106B68006C07052998BF7A4B8DF819009CBF33F83C
:106B78001180784B8DF8171098BF33F8115023788F
:106B88008DF814304FF000034FF006078DF81530DC
:106B98004FF07F0388BF00258DF818303A46B6F8C5
:106BA8004E30ADF80C300DF11A0088BFA846ADF88C
:106BB8000E308DF81670FAF7C7FE7178DFF89891E5
:106BC8003A4608A8FAF796FE5F48ADF81080ADF887
:106BD8001250FDF78FFA40428DF826005A48FDF70B
:106BE80089FA4242D2B220468DF82720FFF790FF5B
:106BF80004F5B07504F5AA768046002864D099F8A3
:106C080035309DF826109DF9190000913333BDF8F1
:106C18000C1084F88721DDF81A209DF815B09DF82E
:106C280016E09DF817C09DF91870BDF80EA0BDF8C4
:106C38001090BDF812800193A4F86C119DF81430DF
:106C4800009984F87901C4F87A210898BDF81E20C3
:106C580084F8743184F88611A4F87E21A4F86EA112
:106C6800A4F87091A4F8728184F875B184F876E17B
:106C780084F877C184F87871C4F88001BDF82420BD
:106C8800A4F88421019A84F86521442284F86621B5
:106C9800D4F8682184F881324EF68E21AB2361F353
:106CA800170284F88332C4F8682184F882B21C235E
:106CB800284684F884323146FBF774FB2046FFF7F8
:106CC800F1F92BB0BDE8F08F0146642211A804F059
:106CD8007BFC0DF10C0CBCE80F000AAF0FC79CE859
:106CE80007006FF02E0387E8070084F86C3199F8E5
:106CF800357094F8009084F86D811C2384F8703105
:106D0800802284F86E9184F86F810AA904F27110C8
:106D180004F0BCFC442384F86631D4F8683184F864
:106D2800819240F2811262F317033337FFB2C4F83D
:106D380068314FF41343A4F8823284F865718523CF
:106D4800B6E700BF942C00203C1E0020480000201D
:106D5800D2BC0008DEBC0008A80000208A4B2DE940
:106D6800F04F1A68D0F86437D31A122BA7B004462C
:106D780040F20681DFF81492DFF814B299F8001097
:106D8800C0F864278B1E594259419BF9A000FAF7B5
:106D9800BDFB99F800109BF9A23000908A1E514261
:106DA80051419BF9A6000193FAF7B0FB9BF8A43078
:106DB8000290012B9BF8A53076480CBF03250125CE
:106DC800012B9BF8AA300CBF45F0080545F00405D7
:106DD800012B9BF8AB3008BF45F01005012B0CBF09
:106DE80045F0200545F04005FDF7B8F9F9F76CFEC8
:106DF8006949F9F7C1FE04F0A9FB6849F9F7BCFE37
:106E08000646634894F800A0FAF7FEFA8046604800
:106E1800FAF708FB99F800300746022B20460CBF0A
:106E28009BF8A9904FF00009FFF772FE5C4B93F8AE
:106E380035303333DBB2039304F5B07B04F5AA7322
:106E48000146002846D0002284F86F21009A84F871
:106E58007221019A84F87321029A84F875217F229D
:106E680084F8762184F8782184F87A21039A84F8C2
:106E780065214422FF2184F86621D4F8682184F82A
:106E8800771184F879114EF68D2161F31702C4F851
:106E980068214FF46062A4F882221722A4F86C518A
:106EA80084F86EA184F8708184F8717184F8749103
:106EB800C4F87B61C4F87F6184F881A284F88422D5
:106EC80058461946FBF76EFA204627B0BDE8F04F42
:106ED800FFF7E8B86C2204900BA8059304F074FB44
:106EE8004FF67F72ADF82220ADF824207F22009B58
:106EF8008DF826206FF02F020499ADF818508DF800
:106F08001E302578019B84F86C2117228DF81B1000
:106F18008DF81F3084F86D11029B84F86F1184F886
:106F2800702106A9802284F86E5104F271108DF840
:106F380021308DF81AA08DF81C808DF81D708DF801
:106F48002090CDF82760CDF82B6004F09FFB4422F9
:106F580084F86621D4F86821039B84F8653140F2EF
:106F6800811161F31702C4F868214FF41342A4F8A1
:106F780082228522059B84F8815284F884229FE727
:106F880027B0BDE8F08F00BF942C00206B030020D1
:106F9800801D00207C03002000007A3A00007A441B
:106FA800A8000020F0B54E78082E85B005460C469E
:106FB80001F10C0717D83246394601A804F066FBE0
:106FC80001ABC6F109020021981904F0FDFA9DF8F9
:106FD8000930032B05D162792A70064A12682A61A2
:106FE8006B7005B0F0BDC86879683A7A01AB03C325
:106FF8001A70ECE7942C002030B5037895B004465D
:107008001BB34A799A4220D14D784D2D01F10C01DC
:107018001DD82A46684604F039FBC5F14E02002106
:107028000DEB050004F0D0FA049B6360190EC3F35E
:10703800072242F2107000FB0122C3F307436421C8
:1070480001FB0323E360059BA36015B030BD4E220E
:10705800684604F01BFBE7E78A68C2F317024C2A6C
:1070680014D0942A09D09AB90A4A92F82E207AB1F3
:107078008B79012B0CD1FFF795BF064A92F82E2089
:1070880032B18B79012B03D1FFF7B6BFFFF7A0BB55
:10709800704700BFA8000020B0F8EA34B0F8E82430
:1070A800F0B5D21A93B2120444BF03F500739BB231
:1070B800DD2B85B0044609D82A4D00F5257600F564
:1070C8002277286803685B69984708B905B0F0BD5E
:1070D800286803689B699847D4F8F026013203466C
:1070E800C4F8F02631463A466846FBF74FF89DF853
:1070F8000030022BE5D104F5707532466946284602
:10710800FAF7FCFE184B93F82D3004F27C76022B2C
:10711800294630460FD1FEF70BF900239AB2824276
:107128000CD3002329462046C4F8F03605B0BDE844
:10713800F040FFF791BFFAF784FEEEE7B4F8E814E1
:10714800B4F8EC744A1C3A40B4F8EA7497421EBF8B
:107158000919F75C81F8EE7403F1010318BFA4F86C
:10716800E824DBE77C1D0020A80000202DE9F04181
:107178004B4BDFF830811E6898F800304A4F022BDD
:107188001EBF0023A0F8EA34A0F8E83497F82D30A1
:10719800013B012B044600F28180FFF77DFF97F841
:1071A8002E50002D5BD098F80030022B4BD1012DCA
:1071B8003ED0022D42D000252046FFF70DFC94F862
:1071C800193743B1002384F8193797F83030012B69
:1071D8004FD0022B50D015B12046FFF737F994F85D
:1071E8006D372BB1002384F86D372046FFF75CFA22
:1071F80094F87537022B11D1D4F87837F61AB6F50A
:107208007A7F0BD9B4F87037F62B3ED0B3F5FA7FF6
:107218003DD00023A4F8703784F87537237E002BFF
:107228003CD0002323762046BDE8F041FFF788BA1A
:1072380031462046FEF7E0FF0546BDE731462046C9
:10724800FFF77EF8F8E7D4F8F436F31AB3F57A7F47
:1072580008D2002504F20470FAF7CEFCACE7C4F8B3
:10726800F466F7E73223C4F8F46684F8FC3601259F
:10727800F0E7FFF739F9AEE7FFF7B2F92046FFF775
:107288006DFD2046FFF752FCA5E7FBF74BFA074BCD
:107298001A79002ABDD101225A71BAE7BDE8F081F6
:1072A800942C00206B030020A80000203803002045
:1072B80070B54C88B4F5427F03464FF000000AD8F9
:1072C8000D780B2D77D8DFE805F0060F1C2C2F3230
:1072D800383B54575B6DA2F12404624248806241F6
:1072E8000A7083F809033EE04D2A01D0582A06D1D6
:1072F8001A7002220A70002083F8090370BD002268
:10730800F8E702F0FD003C2801D0212AF7D15A7095
:107318001A784D2A0CBF082203220A7000229A709C
:10732800E9E79A700422DBE79A800522D8E7988873
:1073380000EB02229A800622DCE7DA800722CFE7F8
:10734800D88800EB022292B2002ADA800CBF0B2206
:107358000A220A7000224A80012283F80923DB8866
:10736800B3F5407F01D80020C8E7002008704880A6
:10737800C4E7DA800922B3E79A800A220A70EBE7A9
:10738800B4F5407F3CBFE41822724A88013292B2B9
:107398004A80D88890429CBF0B220A70012283F849
:1073A8000923E0E783F8082302220870488083F85D
:1073B80009230120A2E708704880D4E7CB88B3F5F9
:1073C800407F70B531D8242303700B7843704B7815
:1073D80083700B784D2B14D1CB88C3708B880371C5
:1073E80005230022CD88D4189542A6B210FA84F459
:1073F80015D891F808232270CA880132981880B2EB
:1074080070BD8B78C3708B8803718B881B0A43719E
:10741800CB888371CB881B0AC3710823E1E78C18DA
:107428000132247A845592B2DCE70020E8E70000B4
:107438002DE9F74F16464A88B2F5427F04460D46B5
:107448002ED80B780A2B0FD9A3F16402032A03D98B
:107458000020287068802DE0653B8F4F022B33D8C1
:10746800DFE803F063A4A70000210A2BF0D801A0ED
:1074780050F823F0A9740008C37400085974000870
:10748800597400080775000815750008217500086B
:107498002775000859740008597400089575000884
:1074A800A6F124077E424FF000007E4168802E70CE
:1074B80084F8090303B0BDE8F08F6F2E0CBF642376
:1074C80000232B700020F3E716F0040F14BF4D23A0
:1074D80058233E7023703A78D1070ED412F0020F69
:1074E80014BF21233E236370C2F3C003D20648BFF2
:1074F80043F00203A3700423E3E73C23F3E7A680E9
:1075080005232B7084F809130020D3E7A38803EB25
:107518000623A3800623D4E7E6800723F1E7E38860
:1075280003EB0623E3806523CBE70DF106007E70AD
:10753800FAF782FC3978FAF777FCA7882179FAF705
:1075480073FC390AFAF770FCE788A179FAF76CFC42
:10755800390AFAF769FC9DF80630B34206D00023D1
:107568002B706B80032384F80933CDE7002F0CBF01
:1075780066230A232B70012384F8093300236B80C8
:10758800E288B2F5407FBFD92B70BDE7B2F5407FE6
:107598003CBF121916726B8801339BB26B80E2886C
:1075A8009A4201D866232B700123DCE77E8067238B
:1075B800F9E7B7F8028097F8009008EB06284FF62D
:1075C800FF730DF106001FFA88F84946ADF806303A
:1075D800A7F80280FAF7C2FB2679B4F804A031466E
:1075E800FAF7BCFB4FEA1A21FAF7B8FB94F806B091
:1075F800B4F806A05946FAF7B1FB4FEA1A21FAF790
:10760800ADFB797804F10807FAF7A8FB524639462A
:10761800FAF7B0FBBDF8063043453AD119F004003B
:1076280015D086EA0B01E21D002398B2824584F842
:10763800081307D80223012000222A706A8084F8E0
:10764800093337E712F8010F01334140EDE7A1781C
:10765800FAF706F8217984F80803FAF701F8A188FF
:1076680084F80803090AF9F7FBFFA17984F80803ED
:10767800F9F7F6FFE18884F80803090AF9F7F0FF3B
:10768800E28884F808033946F9F7F0FF84F808031C
:10769800D0E703230020CFE7481C0020CB88B3F5B0
:1076A800407F2DE9F04104460D464AD84B783C2BE3
:1076B80040D0A3F12100434243415B002A784D2A80
:1076C800AA7808BF43F00403D10748BF43F0080372
:1076D80092074FF02402227048BF43F010036F2234
:1076E8006270A370AB88E370AB881B0A2371EB88C8
:1076F8006371EB88A71C1B0AA3713846FAF7D6FCFE
:107708000822E071E988A2F108039BB2561C8B425B
:10771800B6B204EB02080FD3063189B23846FAF73D
:1077280041FB88F80000000AA055E8880A3080B2BA
:10773800BDE8F0810123C1E72B441B7AA3543246EC
:10774800E0E70020F4E710B5044624202070582014
:107758006070237100201B0AA170E2706371A07130
:10776800E0710522E11CF9F781FF2072092010BDA4
:1077780040F2FF3370B50025A0F820367D2380F84D
:10778800543A04460560C0F80E53A0F81E56A0F8F7
:107798001C56A0F8425AA0F8445A80F8465AC0F835
:1077A800485AC0F84C5AC0F8505AC0F8585A00F60F
:1077B800672103460A2600F66D2011F8012F0AB149
:1077C800B6FBF2F2814283F8702A83F8715AC3F843
:1077D800745A03F10803F0D11522FF2104F52A6039
:1077E80003F0F2FEC4F8B85A70BD0000F8B5134AA9
:1077F800044692F83000F8B192F82B2003B1DAB1C0
:107808008E1E04F5226701F11E0536F8020FF9F7FE
:10781800C4FEAE4227F8020FF7D1012384F8423A9A
:1078280094F8453A83F0010384F8433A94F8463AC9
:1078380083F0010384F8443AF8BD00BFA800002093
:1078480070B5061D04460A4601463046FFF7F0FDAE
:1078580018B304F6BC2531462846FFF7AFFD0F4B99
:107868000246186801680E692946B04763793C2BBF
:1078780013D121890A4804F65A2304F66622A4EB98
:107888008404A4F5F7541C3C33F8025F8D4204BF0E
:10789800056844F823509342F6D170BD7C1D002042
:1078A800942C002070B5124890F82D00451E012D2B
:1078B8000C460AD80F4E8D18AC4200D170BD14F892
:1078C800011B3046FFF7B6F8F6E7032809D10A4E40
:1078D8008D18AC42F2D014F8011B3046FFF7B0FF08
:1078E800F7E7064B18680368BDE870401B6918473E
:1078F800A8000020C8050020700E00207C1D002074
:10790800B0F81C36B0F81E269B1A98B21B0444BF68
:1079180000F5806080B2003818BF01207047000071
:10792800094B93F82D305A1E012A02D80748FEF752
:10793800CDBB032B02D10648FFF7E2BF054B186801
:1079480003685B69184700BFA8000020C80500202D
:10795800700E00207C1D002070B500F6BC240B467C
:1079680002223C212046FFF7EEFE054B024618682E
:1079780001680D6921462B46BDE87040184700BFD5
:107988007C1D0020114B37B51A68D0F8483AD31A35
:10799800122B19D9C0F8482A00F6BC24202300F677
:1079A800222001930090C82303223C212046FAF7A5
:1079B80037FB074B0246186801680D6921462B46BC
:1079C80003B0BDE83040184703B030BD942C002008
:1079D8007C1D00207FB5234B1A68D0F84C3AD31A87
:1079E800C72B04463CD9204DC0F84C2A4FF480736D
:1079F8002846ADF80830F9F7F5FC06461B48FCF7B1
:107A080079FB01463046F9F711FE8DF80A00284641
:107A1800F9F7E8FCF9F704FE95F8A9308DF80B00A2
:107A280028468DF80C30F9F7EFFC8DF80D00284644
:107A3800F9F7E1FC072304F6BC24019302AB8DF8A7
:107A48000E000093032241F20D033C212046FAF771
:107A5800E7FA074B0246186801680D692146A847EE
:107A680004B070BD942C0020801D00203C1E002016
:107A78007C1D002030B5214B044687B020481D6886
:107A8800FCF74FFBD4F8503A40F6C312EB1A934276
:107A980003D894F9543A83422DD0C4F8505A00239D
:107AA80084F8540A8DF80830F9F7F0FD154DADF853
:107AB80009006978ADF80B0004220DF10D00F9F703
:107AC80019FFA97806220DF11100F9F73DFF0F23E0
:107AD80004F6BC24019302AB0093032241F20E0387
:107AE8003C212046FAF79CFA074B024618680168C1
:107AF8000D692146A84707B030BD00BF942C00206F
:107B08003C1E0020480000207C1D002038B5FAF7F4
:107B180061FF1F4CFAF740FFFBF7BEFAFAF712FFB6
:107B2800FAF7FCFE1B491C4801F0BCF80025FDF7DC
:107B380033F90223C4E90455A5602373FBF7B0F8B1
:107B4800164B1D70FAF794FE154B1648D02283F891
:107B58003223FAF75BFF2946204603F0A9FA124CB4
:107B68004FF47A70FAF752FFFCF730F90F48FBF739
:107B7800D7FAB4F84C100E48FBF7D8FBFBF750FACD
:107B88000C4B0D48616C1860FBF7BCF938BD00BFA1
:107B98003C1E0020CE0000204C1C002010000020BD
:107BA80000E100E0E093040048000020941C00205D
:107BB800791D00207C1D00201800002073B5164890
:107BC800164C4FF6FF7103F0B3FB206023689B0748
:107BD80012D5134E35798DB10F4808236A46002116
:107BE80003F037FAD6E90402DDE900139A4208BF28
:107BF800884201D00023236002B070BD02236A4688
:107C08000548294603F025FA064BDA8BBDF8003003
:107C18009A4218BF2560EFE73C1E0020B8050020F7
:107C28003803002048000020034A00231370034A49
:107C38001370034A13707047C3050020741E002098
:107C480070030020024A00231370024A1370704721
:107C5800C3050020741E002008B5437E203B042B7A
:107C68000FD8DFE803F0050E030B0F00FCF78EFDBD
:107C7800064A01231370064A137002E0054B0122DD
:107C88001A7008BDFCF796F8F2E700BFC30500209C
:107C9800741E002070030020034B1B78012B01D1B8
:107CA800FCF716BD704700BFC30500202DE9F0435F
:107CB800074699B03D48FCF783FF0646002860D088
:107CC8003B4B1C78002C5CD13A4B1B78022B54D1CF
:107CD800DFF8E4900DF10C0825464846ECB2FFF7B2
:107CE8001FFE40B14846FEF71DFA0135522D08F82F
:107CF800010BF2D12C4631482146F9F769FF30488B
:107D0800F9F760FFDFF8A4802E4D98F802308DF85F
:107D180000304FF0010995F8A4308DF80530284659
:107D280085F8A5708DF806708DF80190F9F75AFB63
:107D38008DF802002846F9F767FB8DF803002846FE
:107D4800F9F770FB204F8DF804000EB3184B1B7821
:107D5800CBB91E48234603AA6946FCF7CBFB194852
:107D680001233B70F9F76CFB1648F9F772FB012306
:107D780088F8033019B0BDE8F0830F48FEF70AFA17
:107D8800C0E70024BEE711486946FFF785FFE6E72C
:107D98003B7803B9FEE70D486946FCF7F7FA284631
:107DA80087F80090F9F751FB2846DEE7581E0020B7
:107DB800741E00206B03002014000020E41D002026
:107DC800BC1D0020801D0020310300201E1D002046
:107DD80070B5CB78284DC3F3000385F8AA304B79EA
:107DE800C3F3801385F8AB300646C87840080C46C4
:107DF800F9F76EFB85F8A60023792048C3F3000342
:107E080085F8A7302379C3F3450385F8A83063794B
:107E1800227903F03F035B0043EAD21385F8A930C7
:107E280021461EB9BDE87040FCF7E4B9FCF721FA19
:107E3800A37803F0F003202B04D12046BDE870405E
:107E4800FFF70ABFFFF7FEFE0D4B1B78022B12D17E
:107E5800A2790C4804F119015208FFF723FDA17912
:107E680005F178004908F9F7B3FE05F15000BDE8BF
:107E78007040F9F7A7BE70BD801D00209C1C002033
:107E88006B0300201400002070B5054658B9194B43
:107E980019491C78194803794BB1012C28D0BDE841
:107EA8007040FAF799B8164B16491C78F2E7012C7E
:107EB800154B164E13D98A78C2F3C0025A700222A3
:107EC8001A70E31E58425841FFF782FF3046F9F70F
:107ED80083FA032C05D13046F9F781FA01E0012233
:107EE8001A7086F8A4500948BDE87040F9F772BACC
:107EF80070BD00BFC0050020D01E00203803002040
:107F0800C10500202B1F0020581E0020801D0020C6
:107F18000A4B1A7910B504462AB10146BDE810404B
:107F28001846FCF7C5BDFFF7C1FE054B05491B7F89
:107F380020465B22BDE81040FCF79CBD38030020BA
:107F4800480000201E1D0020244B1A7970B50546F4
:107F58000E4632B10A46BDE8704001461846FCF7A5
:107F6800D9BF1F4A1F495B23FCF77AFD45BB1D4853
:107F7800FCF70AF9044628B31B491C48FAF794FA97
:107F880005F130011948C9B2FAF782FA18491748B9
:107F9800FAF78AFA204602F065FF01461348FAF715
:107FA80083FA12480A21FAF773FA012C06D0042C36
:107FB80011D001240F492846FCF7B8FD204670BDB2
:107FC8000748D5E72EB10C48FBF760F90CB102243D
:107FD800F0E70324EEE7002EF9D0F4E73803002099
:107FE8002B1F0020D01E002068B900080C000020BC
:107FF8006FB90008801D0020791D0020024B1878F9
:10800800831E5842584170476B03002070B5002307
:108018009CB2A24200D870BD058886886C1C34408A
:108028004688A6421EBF2D18CE5CAE7103F101032F
:1080380018BF0480ECE700002DE9FF47B0F81E36B2
:10804800B0F81C26D21A93B2110444BF03F580631A
:108058009BB2E62B04460CD8744EDFF8D49100F29C
:108068001C6704F21238306803685B699847054654
:1080780010B904B0BDE8F087306803689B69984779
:1080880004F20E3102464046FFF712F90028EAD002
:1080980094F813333E2B52D1B4F81633B3F5005F7E
:1080A80032D194F8983A7BBB039304F2273004F654
:1080B8009F214FF0010C11F8012FFF2A0FD04FEA32
:1080C800D20E02F0070210F80EE04EFA02F2D207C2
:1080D80041BF039A0CFA03FE42EA0E0203920133EF
:1080E800152BE8D1042304F6BC2A019303AB0093B3
:1080F80002223E2142F6FF735046F9F7EFFF514640
:1081080002463846FFF782FFB4F81633772B47D17B
:108118001522FF2104F52A6003F056FA0023B4F86B
:1081280018E304F219359C469AB2964523D894F878
:10813800145384F898CA85F00205C5F3400594F8ED
:108148001333212B44D1B4F8163341F20D02934274
:1081580036D041F20E02934236D0002D81D004F67B
:10816800BC2541462846FFF799FA29460246384673
:10817800FFF74CFF75E715F801AF2E4A002011797B
:10818800514507D15179142904D8214481F8A03ADE
:108198000133C9E701303B2802F10802EFD1F7E7C4
:1081A80043F201029342CAD194F81233582BC6D134
:1081B800214B1D7915B901225A71C0E70025BEE788
:1081C800012384F8453A4CE7012384F8463A48E706
:1081D8003C2BC2D1B4F816A3BAF1440FBDD194F820
:1081E8001233582BB9D13068D4F81A5303685B6A34
:1081F800984700283FF435AF4D457FF432AF0F4B19
:108208001B68C4F8B83A04F6BC250023CDE900334E
:10821800022253463E212846F9F702FF02463068FB
:108228000168D1F810802946C0471AE77C1D002054
:1082380091D51200BCD3000838030020942C0020EC
:108248002DE9F0473A4B1B78022B04460CD000234B
:10825800A0F81E36A0F81C3690F86D3A13B10A2221
:10826800B2FBF3F384F8983A324B93F82D30032B92
:108278002DD12046FFF7E0FE94F8422A3AB10023B8
:1082880084F8423A2046BDE8F047FFF77BBB94F8F4
:10829800433A33B184F8432A2046BDE8F047FFF754
:1082A80099BB94F8448AB8F1000F06D084F8443A90
:1082B8002046BDE8F047FFF7DDBB1F4B1E68D4F82A
:1082C800583AF31A632B04D8D4F8B83A4BBBBDE834
:1082D800F087C4F8586A254604F65C2704F130098B
:1082E80040F6AB5A95F8702AAAB195F8713A01335D
:1082F800DBB29A420BD885F8718AD5F8743AF31A2A
:10830800534508D939882046FFF726FB03E085F84E
:10831800713A002BF1D008354D4507F10207E1D13C
:10832800D2E7F61AB6F57A7FD1D9FAF7FBF900BF8A
:108338006B030020A8000020942C00202DE9F743AF
:10834800464E3378012B00F2F6800BB9FAF73AFA69
:10835800FFF7DCFB424B00221A809A70414B202227
:108368009A6107244CF25030013CFAF707FBFAF700
:108378004DFB14F0FF04F5D13B4803F008F8013831
:1083880080B24FF6FD73984203D938490120FCF7B3
:1083980007FC374B374F1C60374B33481C60391D7F
:1083A800FBF7CEFE3548FCF71FFA97F82020202A65
:1083B80000D9FEE797F82800314D796AB7F82C9074
:1083C80097F829C097F82A30A871052800D9FEE740
:1083D800DFF8B08058F830E0BEF1000F00D1FEE7BA
:1083E80008EBC008C5F808E098F804E098F805809C
:1083F80085F807E085F80C8085F8D500A5F80E907B
:1084080085F8D440B9F1000F00D1FEE7724524BFCA
:108418000EF1FF3E5FFA8EF205286A7400F03C8187
:10842800012800F241810CF1FF30C0B200F02B812D
:10843800022829D8581EC0B2032809D80C2A01D905
:108448000C206874687C904200D96A7464461EE007
:10845800122A84BF12236B740023F3E7C01C002088
:10846800BC050020000400483C1E002071B900082B
:10847800B405002048000020B8050020380300207B
:108488007C030020ECBC0008052B28BF0023A5486E
:108498002246F9F704FB0024A34B2C74A148FF25BE
:1084A8001D705D70FBF75AFE0146A04802F025FEDC
:1084B8009F4BA0481C70A04B1C70A04B1C80A04B6D
:1084C8001C70A04B1C70A04B1C70A04B1C70A04BC8
:1084D8001C70A04B1C70A04B1C70FFF7A5FB9F4B9A
:1084E800B7F84E201C709E4B97F840101C709D4B9F
:1084F8001C70B7F84C30F8F734FFB7F84C109A48AE
:10850800F9F759FA9948FCF753FB994B994893F8AE
:10851800291000F0D4FB9848FEF702FA9748FFF7B5
:1085280027F98248FBF7FDFD954B1C80954B1C8075
:10853800FAF780FD3570FAF787FD00282CD07F4ABE
:1085480013880BB1013B13808F4A7B4B90781978C5
:108558001388002840F0AC80002B00F01583013B05
:108568009BB20229138040F0A980884B20229A628E
:10857800834C2388002B00F0A880013B9BB28448E1
:108588002380FCF7A7F96948FBF7CBFD23881BB9C3
:1085980080498148F9F788FF654D804C2978002982
:1085A80000F09680022900F00181236853B32B78EC
:1085B800032B40F007812368DB070ED5664A0023AA
:1085C8002360137843F001011170754A92F85A201C
:1085D8000AB19F0701D500232B70236893B1236844
:1085E800990548BF236823689A0748BF236823680A
:1085F800574ADB0748BF236800231370554A236096
:108608002B701370674B1A7802F0FF07002A00F0EE
:108618003B82002018704F4B1E7806F1FF3CDCF1BE
:10862800000848EB0C08002E00F0DF80FFF72CFC58
:108638004D4A0023012E137205D84F4A1377D3836E
:1086480013624E4A13703C4C2278012A00F2EB80E8
:10865800012E16D9374E96F8A8303E2B00F2CE8060
:10866800304996F8A760087C002E40F0D4808342F9
:1086780000F0BF804A7C0B749A429CBF00230B74A5
:10868800B8460027D9E0022804D80C2A01D90C23BF
:108698006B7464460023FAE60CF1FF33022BF9D819
:1086A800082AF6D90823F3E71E48F9F79FF9F2E6F6
:1086B800002B00F06C82013B9BB213801388002BC7
:1086C8007FF456AFFAF75AF952E740F2E73356E724
:1086D800194B1B7843B1134A137C507C0133DBB22E
:1086E8009842137498BF11740E48FBF737FD014682
:1086F8000E4802F002FD0D484FF6FF71FAF7DEF85A
:1087080002F091FD0948002102F0C1FD104A012341
:108718002B70002313700F4A1370234A13602360D1
:1087280043E700BF7C030020C11C00203C1E002042
:10873800C2050020801D00206B0300206E0300206E
:108748006C03002068030020690300206A030020EE
:10875800C1050020C0050020C405002073030020C7
:1087680072030020B0050020601E0020581E002063
:10877800A80000204C1C0020C8050020700E002016
:10878800701E0020721E0020BC0500200004004856
:10879800380300207BB900080C000020B805002031
:1087A8004800002071030020B40500209A48FCF717
:1087B8001DF99A4B187AFFF7ABFB03232B70984AE5
:1087C8000023A9E7012B7FF408AF236898077FF5FA
:1087D80004AF944B1978B1FA81F10020490920605F
:1087E800FFF7B2FB904B1870F7E6904B01221A7016
:1087F8001EE78F48017841F0010101708D49002A78
:108808005BD13F2B8A4B0A704FF0010028BF03222F
:1088180020701A700AE083427FF42CAF84480178F4
:1088280041F00201E9E7012E7FF62BAF824BB3F846
:108838005020824B1A8002232B702378002B64D19E
:10884800B8F1000F00D02B707D497B4A0B78B2F845
:1088580052200133DBB293420B707A4B0ADB1A7C4D
:10886800587C0132D2B2904298BF00221A7400227A
:108878000A702A7093F8D420002A52D0B3F8D8206E
:10888800B3F8D610013292B29142A3F8D82048D852
:10889800002293F8D500D989A3F8D8200622013000
:1088A800C0B2062828BF002041FA00F6F60734D5E2
:1088B800654A52F83020EAB9FEE70B78634801337D
:1088C8000278DBB20B706AB95B4A92F854209A427C
:1088D800ACD8574B1B78032B06D1022323700123F6
:1088E8000370A3E70522F2E7531EDBB29A420B702E
:1088F800F3D99BE783F8D500F9F776F95448FBF7E5
:1089080091FF00232B7023785BB14C4B1B8843B934
:108918004B4A237013702B7003E0013A12F0FF02E8
:10892800BDD14C4B00221A702278002A00F0268113
:108938001FB901221A7002232B704748FBF7AEFBC0
:108948002378022B02D0394B00221A70434A13882D
:1089580013B9394BB3F84E30013B9BB2138013B9AE
:108968003F48F8F782FD3E48F8F733FD2378022B9D
:108978000BD03B48F8F7DDFC237833B9FFF762F9F1
:10898800384A01231370384A1370384E3046FAF7C4
:10899800ADFB72782E4B012A04D100217170197930
:1089A80001B95A712A48FBF7BFFFFBF7D5FF012829
:1089B800064607D002282BD02D4B05221A7003B08B
:1089C800BDE8F0831C4F2248FBF74EFFB7F84C3048
:1089D800284A294803EB830303EB83039B00138096
:1089E800FAF754FC174AB7F84C1082F8D46041F2F1
:1089F8008833B3FBF1F3A2F8D6300023A2F8D830BD
:108A08001E4A202191611E4A237096702B70D3E76D
:108A18001C4B01221A70CFE7C11C0020601E0020E9
:108A2800C4050020C1050020C0050020581E0020F4
:108A3800680300206C030020480000206E0300201B
:108A4800690300207C030020ECBC00086A030020B6
:108A580038030020B00500203C1E0020721E0020B4
:108A6800801D0020C3050020741E0020941C0020D7
:108A78007303002044000020791D002000040048F2
:108A8800BC050020700300204249434A0B781BB103
:108A9800013BDBB20B7013B11378002B34D03F4D80
:108AA8003F4895F828100024147000F033F93D4B26
:108AB8001B78022B41D13C4F3C4897F80090F8F7BF
:108AC80091FC80463948F8F79FFC394923464A46C5
:108AD800CDE90080324800F035FC3148FCF7D4F984
:108AE8003A78344934482346FDF7A4FA3A783149AC
:108AF80032482346FEF77AFE95F8263095F833205B
:108B08002B492F48FBF792FF254800F02BFD2A48F8
:108B1800FEF72CFB2948FFF793FB2A4B1B78002B09
:108B28003FF44DAF2848FBF7B9FA284B20229A6248
:108B3800FBF730F90123337041E7254B1B78C3B1AC
:108B48006FF07E03009301231A46194914480194D3
:108B580000F0F8FB124800F0F4F801231A46154912
:108B68001548FDF767FA0123124914481A46FEF71B
:108B78003DFE134B95F826205A70C5E72B7813F065
:108B8800FD0F3FF4DAAEDEE640F2F313E9E46323C7
:108B980093E500BF7303002072030020A8000020A3
:108BA8004C1C00206B030020B0050020801D002015
:108BB8009C1C0020701C0020C8050020700E00209E
:108BC800C11C0020700300203C1E00200004004847
:108BD8006A03002008B5FFF7B1FBFCE71C4B1D4AF0
:108BE80010B51A601C4B1D4A1D4C1A605A619A62D6
:108BF800DA631A651B4A5A669A671B4AC3F88C20BF
:108C0800204600F043F8194B2360194B002240F22C
:108C1800FF11C3F8E824C3F8EC14164BC3F81C265C
:108C2800C3F8502A7D2283F8542A134A40F2FF31B0
:108C3800506AC3F82016916A03F65C2403C4D06A0C
:108C48002060106B928EC3F8680AA3F86C2A10BDD6
:108C58003C1E002088B90008801D0020F0B80008DC
:108C68004C1C0020D8B80008E4B8000810BA000866
:108C7800C8050020700E0020C8B600087047002004
:108C880070470020704700207047000010B5044B63
:108C98000446012140F8043BF8F7F8FA204610BDD5
:108CA8009CD5000838B5242204460D46FF23002130
:108CB80003618182104402F087FCE56038BD38B555
:108CC8000D46017CA942044615D0012918D0022975
:108CD80012D011B903685B6898470023012D6374AB
:108CE800257413D0022D0ED02DB923685B6801219D
:108CF80020469847607438BD0368DB680021EBE7BD
:108D080003689B68FAE72368DB68F0E7236829466D
:108D18009B68EDE70430F8F7C7BA037C012B10B560
:108D28000ED100F1160301F10C0251F8044B43F87F
:108D3800044B9142F9D10A881A8040F20113438208
:108D480010BD037C012B0BD148F28113C3824FF471
:108D580001420023C0E90632038440F20113438232
:108D68007047F0B5054689B008880C4616461F4678
:108D7800F8F704FC9DF806308DF8050023F007038A
:108D8800C0F30220034360888DF80630F8F7F6FB3D
:108D98009DF8063000F01F0203F0070343EAC20300
:108DA8008DF806309DF80730C0F3451023F03F03D7
:108DB8000343A0888DF80730F8F7E0FB9DF80730EB
:108DC80000F0030203F03F0343EA82138DF80730F3
:108DD800C0F387038DF808309DF80930C0F3802070
:108DE80023F001030343E0888DF80930F8F7C6FB48
:108DF8009DF8093000F07F0203F0010343EA4203C3
:108E08008DF809309DF80A30C0F3C31023F00F0322
:108E1800034320898DF80A30F8F7B0FB9DF80A3033
:108E280000F00F0203F00F0343EA02138DF80A3033
:108E38009DF80B30C0F3061023F07F0303436089CD
:108E48008DF80B30F8F79AFB9DF80B3000F0010213
:108E580003F07F0343EAC2138DF80B30C0F34703D6
:108E68008DF80C309DF80D30C0F3412023F003033A
:108E78000343A0898DF80D30F8F780FB9DF80D307D
:108E880000F03F0203F0030343EA82038DF80D303C
:108E98009DF80E30C0F3841023F01F030343E089CC
:108EA8008DF80E30F8F76AFB9DF80E3000F00702D7
:108EB80003F01F03C0F3C70043EA42138DF80F0005
:108EC800208A8DF80E30F8F759FB9DF811308DF88F
:108ED800100023F00703C0F302200343608A8DF8D3
:108EE8001130F8F74BFB9DF8113000F01F0203F02A
:108EF800070343EAC2038DF811309DF81230C0F31E
:108F0800451023F03F030343A08A8DF81230F8F789
:108F180035FB9DF8123000F0030203F03F0343EAEB
:108F280082138DF81230C0F387038DF813309DF843
:108F38001430C0F3802023F001030343E08A8DF846
:108F48001430F8F71BFB9DF8143000F07F0203F093
:108F5800010343EA42038DF814309DF81530C0F33D
:108F6800C31023F00F030343208B8DF81530F8F757
:108F780005FB9DF8153000F00F0203F00F0343EADC
:108F880002138DF815309DF81630C0F3061023F043
:108F98007F030343608B8DF81630F8F7EFFA9DF8DE
:108FA800163000F0010203F07F0343EAC2138DF884
:108FB8001630C0F347038DF817309DF81830C0F30A
:108FC800412123F003030B43A08B8DF81830F8F7E9
:108FD800D5FA9DF8183000F03F0203F0030343EA86
:108FE80082038DF818309DF81930C0F3841023F0EF
:108FF8001F030343E08B8DF81930F8F7BFFA9DF88B
:109008001930218C00F0070203F01F0343EA4213D2
:109018008DF81930628C40F2A953994288BF01211A
:10902800C0F3C70098BF00219A428DF81A0088BF84
:1090380041F002010EB141F004010FB141F0080105
:109048000F238DF8043000238DF81C302B688DF821
:109058001B101B68192201A92846984709B0F0BDC2
:1090680030B5054689B008880C46F8F794FA9DF89B
:1090780008308DF8070023F00703C0F302200343EC
:1090880060888DF80830F8F786FA9DF8083000F007
:109098001F0203F0070343EAC2038DF808309DF866
:1090A8000930C0F3451023F03F030343A0888DF82F
:1090B8000930F8F770FA9DF8093000F0030203F060
:1090C8003F0343EA82138DF80930C0F387038DF814
:1090D8000A309DF80B30C0F3802023F001030343CE
:1090E800E0888DF80B30F8F756FA9DF80B3000F051
:1090F8007F0203F0010343EA42038DF80B309DF829
:109108000C30C0F3C31023F00F03034320898DF8FC
:109118000C30F8F740FA9DF80C3000F00F0203F01D
:109128000F0343EA02138DF80C309DF80D30C0F39D
:10913800061023F07F03034360898DF80D30F8F79C
:109148002AFA9DF80D3000F0010203F07F0343EA8C
:10915800C2138DF80D30C0F347038DF80E309DF81B
:109168000F30C0F3412023F003030343A0898DF897
:109178000F30F8F710FA9DF80F3000F03F0203F0B7
:10918800030343EA82038DF80F309DF81030C0F3D3
:10919800841023F01F030343E0898DF81030F8F79B
:1091A800FAF99DF8103000F0070203F01F03C0F32E
:1091B800C70043EA42138DF81100208A8DF8103059
:1091C800F8F7E9F99DF813308DF8120023F007033A
:1091D800C0F302200343608A8DF81330F8F7DBF9F7
:1091E8009DF8133000F01F0203F0070343EAC2039F
:1091F8008DF813309DF81430C0F3451023F03F0369
:109208000343A08A8DF81430F8F7C5F99DF8143097
:1092180000F0030203F03F0343EA82139DF816208F
:109228008DF81430C0F387038DF8153022F0010251
:10923800C0F380231343E08A8DF81630F8F7ABF9B2
:109248009DF8163000F07F0203F0010343EA420361
:109258008DF816309DF81730C0F3C31023F00F03B4
:109268000343208B8DF81730F8F795F99DF81730E0
:1092780000F00F0203F00F0343EA02138DF81730D2
:109288009DF81830C0F3061023F07F030343608B6A
:109298008DF81830F8F77FF99DF8183000F00102C2
:1092A80003F07F0343EAC2139DF81A208DF81830A3
:1092B800C0F347038DF8193022F00302C0F34123AD
:1092C8001343A08B8DF81A30F8F765F99DF81A301A
:1092D80000F03F0203F0030343EA82038DF81A30DB
:1092E8009DF81B30C0F3841023F01F030343E08B69
:1092F8008DF81B30F8F74FF9019B03F07F42104BB4
:10930800134301939DF81B3000F0070203F01F037D
:10931800C0F3C70043EA42138DF81C000DF10601A3
:10932800172200208DF81B30F8F7A0F92B688DF86C
:109338001D001B681A2201A92846984709B030BDAC
:10934800C81816002DE9F04700F124079DF920A060
:109358009DF8249090461E4604463B4601F124029F
:1093680051F8040B43F8040B9142F9D1251D3946F5
:109378002846F7F7BDFFE1684B7966B1042B77D82B
:10938800DFE803F07C76345C03004FF00423C4E983
:1093980009330026B046E3681D796B1E0B2B07D8EE
:1093A80050460435F8F7C0F8EDB204EB450568847B
:1093B800E3681D7B6B1E0B2B07D848460435F8F76E
:1093C800CEF8EDB204EB45056884637C002B55D0DC
:1093D800237C012B46D013F0FD0F4FD13346424674
:1093E80039462046BDE8F047FFF7BBBC01F113033F
:1093F80004F1220001F11F054FF0780C13F9012F39
:10940800C2EB8222AB4292FBFCF202F5806220F8AA
:10941800022FF3D104F13A02233140F2FF7513F819
:10942800010F48B102280CBF28464FF480609942CA
:1094380022F8020FF3D1AEE70120F8E704F1220386
:1094480004F146024FF4806123F8021F9342FBD1D6
:1094580002212846F7F76AFF103004EB400000238A
:10946800838098E739462046BDE8F047FFF7F8BD06
:10947800042B90D813F0FD0F8DD0E9E7BDE8F087F5
:1094880030B54B7B032B85B005460C4642D191F98C
:109498000000F8F7C5F88DF8030094F90100F8F713
:1094A800BFF8A3788DF80530E3788DF804008DF8BF
:1094B8000630207B23798DF80730F8F7A9F88DF866
:1094C800080094F90600F8F77EF88DF8090094F979
:1094D8000700F8F7A5F8237A8DF80B30637A8DF832
:1094E8000C3040F6C8438DF80A00ADF800300DF195
:1094F800020114230B2200208DF80230F8F7B6F889
:109508002B688DF80D001B680E226946284698477F
:1095180005B030BD022B03D1FF238DF80330BCE723
:1095280091F90000F8F77CF88DF80300FF20B8E700
:10953800837C10B5044633B1F9F7A8FDE37C1BB171
:109548000023A082E37410BDA28A801A80B2B0F50D
:109558007A6FF8D9A37404F116012046BDE81040CB
:10956800FFF78EBF427C22B1037C012B01D1FFF7AC
:10957800DFBF704730B59BB0202200210BA802F056
:1095880023F81822002102A802F01EF81C4A1368CA
:1095980023F4C06343F400731360136803F4C063D7
:1095A8000193019B01224FF40413CDE90823002302
:1095B8000A9310210623CDE915134FF40033022432
:1095C800032517934FF0005C4FF0007308A8CDE90E
:1095D8001345CDE9183C00F045FB08B172B6FEE72B
:1095E800CDE90400CDE906004F23214602A8CDE9C4
:1095F800023500F0D1FD08B172B6FEE71BB030BDF0
:1096080000040058154B07B51A6842F480721A60B6
:109618001A6842F400721A601A6822F480621A60AA
:1096280000F0A0F8FFF7A6FF4FF0B043DA6C42F065
:109638000102DA64DA6C02F001020192019ADA6C32
:1096480042F00202DA64DB6C03F002030093009B31
:1096580003B05DF804EBFFF7BDBA00BF0040005847
:109668007047FEE7FEE7FEE7FEE7FEE77047704754
:109678007047F9F7F9BC70470D488546FFF7FBFFBF
:109688000C480D490D4A002302E0D458C450043355
:10969800C4188C42F9D30A4A0A4C002301E013602B
:1096A8000432A242FBD301F0C5FFFFF7ABFFFEE790
:1096B800000001200000002028000020A8D6000893
:1096C80028000020D02C0020FEE770474FF0B04360
:1096D80010B59A6B4FF0FF329A63D96BDA630024A6
:1096E800996B9C63D96BDC63196C1A64196C1C64E4
:1096F800596C5A64596C5C64996A9A62996A9C625A
:10970800D96ADA62D96ADC62196B1A631A6B1C634C
:10971800FFF7DBFF204610BD38B5104C237805460F
:109728000BB9012038BD00F08DFA22784FF47A7316
:10973800B3FBF2F3B0FBF3F000F074F80446002832
:10974800EFD10F2DEDD8024629464FF0FF3000F03B
:1097580037F8034B20461D60E4E700BF20000020D7
:109768002400002010B5032000F018F800F06AFA71
:10977800064B18600F20FFF7CFFF044618B9FFF714
:109788006FFF204610BD0124FBE700BF1C0000202E
:10979800014B1868704700BF942C00200749CA681D
:1097A80022F4E0620302120403F4E063120C134390
:1097B80043F0BF6343F40033CB60704700ED00E033
:1097C800164B30B5DC68C4F30224C4F10703251D29
:1097D800042B28BF0423062D4FF0FF358CBF033C14
:1097E800002405FA03F321EA0303A54022EA05024F
:1097F800A340002843EA0203ACBF00F16040084AD6
:109808004FEA0313B8BF00F00F00DBB2AABF00F5A0
:109818006140135480F8003330BD00BF00ED00E014
:1098280014ED00E00138B0F1807F0BD24FF0E02357
:10983800054A5861F02182F8231000200722986118
:109848001A6170470120704700ED00E00A4A536929
:1098580043F4802330B55361EFF3108472B60023CC
:10986800CD58C5500433B3F5807FF9D11369DB03B4
:10987800FCD484F3108830BD00400058064B5A6968
:10988800002ABFBF054A9A6002F188329A60BABFBF
:109898005869C00F002070470040005823016745F1
:1098A800044B5A6942F000425A615869C043C00FDC
:1098B800704700BF0040005870B50546FFF768FFC5
:1098C800124E04463369D90313D43369DA0744BF07
:1098D800012232614CF2FA32134011D10B4E306939
:1098E80010F480200BD0FFF753FF001BA842F6D3DB
:1098F80004E0FFF74DFF001BA842E3D3032070BD2F
:10990800024A1361024A01205360F8E700400058F8
:10991800982C00202DE9F041184D98462B78012B02
:1099280006460C46174626D001232B704FF47A7052
:1099380000236B60FFF7C0FFA0B9012E16D1104AB3
:10994800536943F0010353612760BFF36F8FC4F875
:1099580004804FF47A70FFF7AFFF094A536923EA8E
:109968000603536100232B70BDE8F0813946204679
:10997800FFF76CFFEDE70220F6E700BF982C002008
:1099880000400058054A536923F47E7343EAC00037
:1099980040F4803040F002005061704700400058A9
:1099A8002DE9F041234F3B78012B054688463FD0EF
:1099B80001233B704FF47A7000237B60FFF77CFF34
:1099C800044688B92B68042B13D11B4A536943F406
:1099D800803343F0040353614FF47A70FFF76CFF50
:1099E8000446154B1A681B6800233B702046BDE8E7
:1099F800F0814FF0FF33C8F800306E68D5E90132C6
:109A08001344B3420AD93046FFF7BCFF4FF47A70CB
:109A1800FFF752FF50B1C8F800600446064A536980
:109A280023F47E7323F002035361DAE70136E5E796
:109A38000224DBE7982C002000400058024A1368F3
:109A480043F480731360704700040058024B186891
:109A580000F4C060704700BF000400584FF0B043E6
:109A68001868C0F3404070474FF0B0431868C0F31F
:109A7800400070474FF0B042536823F47F4343EAF5
:109A88000023536070474FF0B0431868C0F340603C
:109A9800704700007FB54FF0B0432C4AD3F8083127
:109AA800C0F3031003F00F0352F82040284A52F87D
:109AB8002330B4FBF3F4FFF7C9FF264B054693E8C0
:109AC8000700B5F5007F04AB03E9070010D0224B6F
:109AD8009C4218D303F5B70303F67F539C4229D958
:109AE80003F5741303F510639C4225D802230BE099
:109AF8001A4B9C4207D91A4B9C421BD903F53703D2
:109B080003F5D853F0E7002304AA02EB830353F8C4
:109B18000C4C144D2B6823F0070323432B60FFF7ED
:109B280037FE06462B6803F007039C4206D1002047
:109B380004B070BD0123E7E70024EAE7FFF728FE39
:109B4800801B0228EED90320F2E700BF0CD60008DC
:109B5800ACD5000800B70008C0CF6A00BFEA2101F1
:109B68003F933402004000584FF0B04310B59A6854
:109B7800D96812F00C0205D00C2A4AD101F003036F
:109B8800012B50D14FF0B0412B480B6813F008035C
:109B980006D00B6813F0080337D1D1F8941007E00A
:109BA8000C68240756BFD1F894300968C3F303231F
:109BB80050F82330002A0CBF184600204FF0B0415F
:109BC8008A6802F00C020C2A1ED1CA6802F003024D
:109BD800022A2ED0032A06D10B68184A13F4801FD4
:109BE800174B18BF13464FF0B042D068D168D268FF
:109BF800C0F306205843C1F302130133B0FBF3F05E
:109C0800530F0133B0FBF3F010BD0B68C3F303131C
:109C1800CEE7042A0AD0082A05D11B6813F480135A
:109C280004D10748CAE700231846C7E703480023BA
:109C3800C4E7024BD7E700BF0CD600080024F400A5
:109C48000048E80108B5FFF78FFF4FF0B043044A1A
:109C58009B68C3F3031352F82330B0FBF3F008BD3D
:109C6800ACD500082DE9F0410446002853D04FF048
:109C7800B0439D68DE6803689B0605F00C0506F096
:109C8800030668D5026A1DB10C2D46D1012E44D1B8
:109C9800002A40D04FF0B043A16A1A68170756BF90
:109CA800D3F894301B681B0903F0F00399421FD9BD
:109CB8000846FFF7EFFE00282DD14FF0B042136899
:109CC80043F0080313601368A16A23F0F0030B4301
:109CD8001360606AFFF7CEFEFFF7B4FFAB4B186066
:109CE800AB4B1868FFF718FD002834D0BDE8F081A9
:109CF8004FF0B042136843F008031360136823F071
:109D0800F0030B431360606AFFF7B4FE0846FFF7E1
:109D1800C1FE0028E0D00120E8E74FF0B043002A58
:109D280054D01A6842F001021A60FFF731FD074665
:109D3800FFF79AFE002842D04FF0B042136843F074
:109D4800080313601368A16A23F0F0030B43136040
:109D5800606AFFF78FFE2368D80748D423689907FD
:109D680000F18C8023681E0740F1FA80A3694FF048
:109D7800B046002B00F0E180D6F89430E16903F09A
:109D88001002914200F0C48003F00302022AC2D0FC
:109D9800D80740F1B380D6F8943023F00103C6F811
:109DA8009430FFF7F5FC0746D6F89430990740F150
:109DB800A580FFF7EDFCC31B112BF5D904E0FFF7D5
:109DC800E7FCC01B0228B3D903208FE71A6822F0EA
:109DD80001021A60FFF7DCFC0746FFF745FE002882
:109DE800B9D0FFF7D5FCC01B0228F6D9ECE7082D3F
:109DF80003D00C2D05D1032E03D16368002BADD100
:109E080089E74FF0B043A1681A6822F480120A4328
:109E18001A606268B2F5803F10D11A6842F4803245
:109E28001A60FFF7B5FC0746FFF718FE002895D122
:109E3800FFF7AEFCC01B6428F6D9C5E7B2F5041FCE
:109E480004D11A6842F400121A60E6E7196821F48E
:109E580080311960196821F400111960002AE0D1D5
:109E6800FFF796FC0746FFF7F9FD00283FF476AFA9
:109E7800FFF78EFCC01B6428F5D9A5E7042D2369DC
:109E880003D00C2D0ED1022E0CD1002B3FF443AF82
:109E98004FF0B0426169536823F0FE4343EA01631F
:109EA80053605FE74FF0B046BBB1336843F480734B
:109EB8003360FFF76DFC074633685A0507D57368AA
:109EC800626923F0FE4343EA026373604AE7FFF7DF
:109ED8005FFCC31B022BEFD976E7336823F480734A
:109EE8003360FFF755FC074633685B057FF53AAFEB
:109EF800FFF74EFCC31B022BF6D965E74FF0B042C3
:109F0800E169D2F8943023F010030B43C2F894307F
:109F18004FF0B047D7F8943043F00103C7F89430B6
:109F2800FFF736FC0646D7F894309A0718D4FFF79F
:109F38002FFC831B112BF6D946E7D6F8943023F073
:109F48000103C6F89430FFF723FC0746D6F894308F
:109F58009B0705D5FFF71CFCC31B112BF6D933E76C
:109F68002368580754D50B4F3B68D90514D4FFF71D
:109F780065FDFFF70DFC06463B68DA050CD4FFF7D4
:109F880007FC831B022BF7D91EE700BF1C0000202B
:109F98002400002000040058E3684FF0B046002B6E
:109FA80058D023F08003052B02BFD6F8903043F039
:109FB8000403C6F890304FF0B046FFF7E9FBD6F837
:109FC800903043F001030746C6F8903041F28838D4
:109FD800D6F890309B0705D4FFF7DAFBC31B43453F
:109FE800F6D9F1E6E36823F00403812B1BD1FFF7D0
:109FF800CFFBD6F8903043F08003C6F89030074680
:10A008004FF0B04641F28838D6F89030180504D59C
:10A01800E06A00284AD1002068E6FFF7B9FBC01BB8
:10A028004045F1D9D0E6FFF7B3FBD6F8903023F0DE
:10A038008003C6F8903007464FF0B04641F28838A2
:10A04800D6F890301905E3D5FFF7A2FBC01B4045B1
:10A05800F6D9B9E6FFF79CFBD6F8903023F08003D9
:10A068000746C6F8903041F28838D6F890301A057D
:10A0780016D4FFF78DFBD6F8903023F00103C6F80D
:10A08800903007464FF0B04841F28836D8F8903003
:10A098009B07BDD5FFF77CFBC31BB342F6D993E6FC
:10A0A800FFF776FBC01B4045DFD98DE60C2D4ED05F
:10A0B8004FF0B04302281A6822F080721A6033D138
:10A0C800FFF766FB0546FFF7DEFC38BBD4E90C3129
:10A0D8004FF0B0420B43D0682D4901400B43E16B70
:10A0E8000B43216C0B43616C0B43A16B43EA0123C7
:10A0F800D360136843F080731360D36843F08053D0
:10A10800D360FFF745FB0446FFF7BDFC002882D16A
:10A11800FFF73EFB001B0A28F6D955E6FFF738FB88
:10A12800401B0A28CFD94FE6FFF732FB0446FFF75A
:10A13800AAFC30B94FF0B042164BD1680B40D3603F
:10A14800D4E5FFF725FB001B0A28F0D93CE60128D7
:10A158003FF4CCAD4FF0B043226BDB6803F0030152
:10A1680091427FF4D8AD616B03F070028A427FF4AC
:10A17800D2ADA16B03F4FE42B2EB012F7FF4CBAD5D
:10A18800626C03F0604393423FF445AFC3E500BF00
:10A198008C80C111FCFFFEEE2DE9F0410D4604460E
:10A1A80010B90120BDE8F081684E336803F0070359
:10A1B8008B4216D323689A0727D54FF0B047A26879
:10A1C800BB6823F0F0031343BB60FFF7E1FA0646D0
:10A1D800BB68DB0319D4FFF7DBFA831B022BF7D923
:10A1E80011E0336823F007030B433360FFF7D0FA1D
:10A1F8000746336803F00703AB42DBD0FFF7C8FA22
:10A20800C01B0228F5D90320CCE72368580617D5C8
:10A218004FF0B0476269D7F8083123F00F0343EADB
:10A228001213C7F80831FFF7B3FA0646D7F8083112
:10A23800D90305D4FFF7ACFA831B022BF6D9E2E762
:10A2480023685A0713D54FF0B047E268BB6823F478
:10A25800E0631343BB60FFF79BFA0646BB689B03AA
:10A2680005D4FFF795FA831B022BF7D9CBE72368B0
:10A27800180714D54FF0B0472269BB6823F4605320
:10A2880043EAC203BB60FFF783FA0646BB6859037B
:10A2980005D4FFF77DFA831B022BF7D9B3E72368B0
:10A2A800DA070FD4294C236803F00703AB4239D8E7
:10A2B800FFF7C8FC264B1860264BBDE8F04118682C
:10A2C800FFF72ABA6268022A1DD1FFF7C7FB0028E8
:10A2D8003FF467AF4FF0B04641F28838B36823F0D7
:10A2E80003031343B360FFF753FA0746B368626882
:10A2F80003F00C03B3EB820FD4D0FFF749FAC01B6D
:10A308004045F3D97FE7032A02D1FFF7BCFBDEE71C
:10A3180012B9FFF7A9FBDAE74FF0B0431B685B05FA
:10A32800D8D43EE7236823F007032B432360FFF7C5
:10A338002FFA0646236803F00703AB42B8D0FFF7AD
:10A3480027FA801B0228F5D95DE700BF00400058B6
:10A358001C0000202400002030B5046891FAA1F305
:10A36800B3FA83F303255B0005FA03F324EA030336
:10A3780091FAA1F1B1FA81F149008A401A430260C9
:10A3880030BD0000B0F1904F0BD14FF0B043DA6A06
:10A3980042F00102DA62DA6A22F00102DA6201208E
:10A3A8007047144B984209D14FF0B043DA6A42F033
:10A3B8000202DA62DA6A22F00202EFE70E4B9842F2
:10A3C80009D14FF0B043DA6A42F00402DA62DA6A7D
:10A3D80022F00402E2E7094B984209D14FF0B0435A
:10A3E800DA6A42F08002DA62DA6A22F08002D5E79D
:10A3F800002070470004004800080048001C00487E
:10A408002DE9F84F0E460F6897FAA7F54FF0010BA4
:10A41800B5FA85F54FF0030A4FF00F0837FA05F340
:10A4280002D10120BDE8F88F0BFA05F43C4053D067
:10A43800D6F8049021464A46FFF78EFF09F1FF330C
:10A44800012B19D8B368816894FAA4F2B2FA82F29F
:10A4580052000AFA02F221EA020294FAA4F1B1FACD
:10A4680081F149008B40134383604268F36822EA14
:10A4780004026343134343603369C16894FAA4F246
:10A48800B2FA82F252000AFA02F221EA020294FABD
:10A49800A4F1B1FA81F149008B401343B9F1020FDD
:10A4A800C36015D1FF2C716918D8026A94FAA4F315
:10A4B800B3FA83F39B0008FA03F322EA030294FA3F
:10A4C800A4F3B3FA83F39B0001FA03F31343036283
:10A4D8004A462146FFF740FF01359FE7426A230AB3
:10A4E80093FAA3FCBCFA8CFC4FEA8C0C08FA0CFC1F
:10A4F80022EA0C0293FAA3F3B3FA83F39B00994080
:10A5080011434162E4E700002DE9F041076817F0C4
:10A5180001070546884647D1D8F81020D8F80830F2
:10A5280001681343D8F814201343204A0A40134300
:10A5380003604368D8F80C2023F440531343436066
:10A548008368D8F8182023F44073134383604FF4CA
:10A55800406000F09FF9D8F80060044610B3D8F8BE
:10A568000440FCB1B3B2124A394632F813203B46D4
:10A57800F6F70EFD090241EA106163080002C018EF
:10A5880022463B4641F10001F6F702FDC0F31300F5
:10A59800E8600120EB6AB6B223F00F031E43EE62B7
:10A5A800BDE8F0812046F5E70020F9E7F3E9FFEF81
:10A5B8004CD600084FF0B0431868C0F300507047FD
:10A5C8004FF0B0431868C0F3802070474FF0B04395
:10A5D800D3F89000C0F3400070474FF0B0431868BC
:10A5E800C0F3C00070474FF0B0431868C0F3406034
:10A5F800704700004FF0B043044A9B68C3F303134D
:10A6080052F82330B0FBF3F0704700BFACD5000818
:10A618004FF0B043034A9B68C3F3022352F8233038
:10A62800D8407047ECD500084FF0B04238B5916873
:10A6380001F00C01082950D017D889B3042900F07B
:10A648008C80FFF7CAFF46490246002876D1FFF7FB
:10A65800C4FF4FF0B043012816BFD3F894201B68FD
:10A66800C2F3032251F822002AE00C29E9D1D36869
:10A6780003F00303022B5FD0032B37D0FFF7ADFFA6
:10A68800374C014600284AD1FFF7A7FF012816BF1B
:10A69800D2F894101368C1F3032154F821302CE048
:10A6A800FFF79BFF2E4D044658B9FFF796FF012888
:10A6B80016BFD2F894401368C4F3032455F8240055
:10A6C80038BDFFF78AFF01280ABF1168D2F8943015
:10A6D800C1F3031155F82100F2E7FFF76BFF214B97
:10A6E80001462148012908BF1846E9E7FFF762FF3C
:10A6F8001D4A1C4B012818BF13464FF0B042D068C2
:10A70800D168D268C0F306205843C1F3021301335D
:10A71800B0FBF3F0530F0133B0FBF3F0D0E7FFF7D2
:10A728005CFF01280BBF1368D2F89430C3F30313FE
:10A73800002354F82330E0E70A4BDEE7FFF74DFF2C
:10A748004FF0B04301280BBF1B68D3F89430C3F314
:10A758000313002351F82300B2E70248B0E700BF13
:10A768000CD600080024F4000048E8014FF0B0437C
:10A7780007B51A6842F001021A601A689207FCD5F8
:10A788001A6822F0F00242F060021A605A6822F455
:10A798007F425A605A6822F0FE4242F080425A6074
:10A7A8004FF4E0229A601A6801920199104A0A400F
:10A7B8000192019A1A60FFF716FF0028FBD14FF0AB
:10A7C800B0430C4ADA6040F23F3298610192019A34
:10A7D8001A62D3F8942042F40002C3F894200120AE
:10A7E8004FF44032C3F8082103B05DF804FB00BF02
:10A7F800FFF4CEFE0010042210B54FF0B044032839
:10A80800D4F888302AD11F4A03F0030343F44033B5
:10A81800934209D0B3F1031F0DD0013A934211D1ED
:10A82800BDE81040FFF700BFFFF7CAFE0128164831
:10A8380018BF002010BDFFF7C9FE431E58425841FB
:10A84800C003F7E7FFF7F0FEFFF7D4FEA3680F4A4F
:10A85800C3F3C22352F82330D840EBE7034043EA5E
:10A8680000400B4B9842DFD0B0F10C1FE3D0043B03
:10A878009842D5D0FFF7D8FEFFF7BCFEBDE81040E0
:10A88800FFF7C6BE020003000024F400ECD5000860
:10A8980008000C0008B54FF0B043D3F888301840D2
:10A8A800B0F5006F09D0B0F5406F0DD0B0F5806FEE
:10A8B80011D1BDE80840FFF7B7BEFFF781FE0128B8
:10A8C800094818BF002008BDFFF780FE431E584204
:10A8D8005841C003F7E7FFF7A7FEFFF78BFEBDE877
:10A8E8000840FFF795BE00BF0024F4000F4B9842C4
:10A8F8000BD14FF0B0431A6C42F480521A641A6CB0
:10A9080022F480521A6401207047094B98420AD1F8
:10A918004FF0B0439A6B42F480429A639A6B22F4E8
:10A9280080429A63EFE70020704700BF0030014083
:10A938000038004003685B0670B502462DD4D1E9A3
:10A9480000363343CE68056848690C6A33430E699C
:10A9580033438E6903433343CE6925F47F4533433C
:10A9680025F0BF0523432B43136053688D6823F4F8
:10A97800706323F0040345EA10401843B5F5006FEF
:10A9880050603EBF536843F480535360B4F5005F92
:10A9980001D18B8C1361012000E00020D36923F4DE
:10A9A8000063D36170BD00001A4A0368904210B575
:10A9B80002D0B0F1804F09D14C6823F07003904267
:10A9C80043EA040309D0B0F1804F06D0124A9042FE
:10A9D80003D002F58062904203D1CA6823F4407321
:10A9E800134303608B68C3620B888362094B9842E8
:10A9F80007D003F5C053984203D003F5806398420B
:10AA080001D10B690363436943F0010343610120EA
:10AA180010BD00BF002C014000440140B1F5805F2B
:10AA280030B500F0F08009D8102975D0B1F5807FD5
:10AA380000F0AE80012935D0002030BDB1F5803F4F
:10AA480000F00E81B1F5801FF6D1036A146823F473
:10AA580080130362036A416D21F0807121F4E041A3
:10AA680041EA0424116923F4001343EA01535168AD
:10AA780023F4801343EA01539149884207D001F532
:10AA8800C051884203D001F58061884206D14168EF
:10AA9800956921F4802141EA85214160D2684465A5
:10AAA800C26536E0036A156823F001030362036A8E
:10AAB8004168846924F4803424F073042C431569B4
:10AAC80023F002032B43556823F001032B437C4DED
:10AAD800A84207D005F5C055A84203D005F5806502
:10AAE800A84212D1556923F0080343EA8503956803
:10AAF80023F0040343EA8503956921F4807129430F
:10AB0800D56921F4007141EA4501D2684160846148
:10AB180042630362012090E7036A156823F010037B
:10AB28000362036A4168846924F0807424F4E6446B
:10AB380044EA0524156923F0200343EA0513556800
:10AB480023F0100343EA05135D4DA84207D005F52D
:10AB5800C055A84203D005F58065A84213D15569B0
:10AB680023F0800343EA8513956823F0400343EA02
:10AB78008513956921F4806141EA8501D56921F43D
:10AB8800006141EAC501D268416084618263C0E71F
:10AB9800036A156823F480730362036A4168C46911
:10ABA80024F4803424F073042C43156923F40073CF
:10ABB80043EA0523556823F4807343EA0523404D8F
:10ABC800A84207D005F5C055A84203D005F5806511
:10ABD800A84213D1556923F4006343EA8523956895
:10ABE80023F4806343EA8523956921F4805141EA7F
:10ABF8000511D56921F4005141EA4511D268416037
:10AC0800C461C26385E7036A156823F4805303624D
:10AC1800036A4468C16921F0807121F4E64141EA80
:10AC28000521156923F4005343EA0533556823F4D5
:10AC3800805343EA0533224DA84207D005F5C05595
:10AC4800A84203D005F58065A84204D1956924F48B
:10AC5800804444EA8514D2684460C161026458E7BC
:10AC6800036A146823F480330362036A416D21F494
:10AC7800803121F070010C43116923F4003343EA59
:10AC88000143516823F4803343EA01430C49884265
:10AC980007D001F5C051884203D001F58061884290
:10ACA80006D14168956921F4803141EA0521416066
:10ACB8004465816DD268090C09041143816528E750
:10ACC800002C01400F4B98420BD14FF0B0431A6C47
:10ACD80042F480421A641A6C22F480421A640120F9
:10ACE8007047094B98420AD14FF0B0439A6B42F42F
:10ACF80000329A639A6B22F400329A63EFE70020DD
:10AD0800704700BF003801400044004038B5036870
:10AD1800DB0704460D464DD42A69AB680168134326
:10AD28006A691343EA691343234A0A4013430360D9
:10AD38004368EA6823F44053134343608368AA696D
:10AD480023F44073134383601C4B984220D10320A3
:10AD5800FFF752FD2B68F0B16A68E2B10B2B15D8EA
:10AD6800174951F82330E969B0FBF3F0B1F5004F0A
:10AD78004FEA520319D103EB4003B3FBF2F34FF64A
:10AD8800F0721A40C3F342031343E360012003E067
:10AD98000C4B984207D00020E26A2B8822F00F0261
:10ADA8001343E36238BD0C20D2E70344B3FBF2F34C
:10ADB8009BB2EAE70020F5E7F369FFEF00380140AE
:10ADC80064D600080044004030B5302442F20F75C4
:10ADD800A84212D80C703021B0F57A7F14D21170C5
:10ADE8003022632816D81A703023092817D8039AF6
:10ADF8001370049B3030187030BDA0F51C5001341E
:10AE08001038E4B280B2E3E70131A0F57A70C9B234
:10AE180080B2E1E701326438D2B280B2E1E70133AF
:10AE28000A38DBB280B2E0E713B50B1D0193CB1CE7
:10AE380000934A1C8B1C0C46FFF7C6FF0023637166
:10AE480002B010BD03099F2800F00F0094BF3033F3
:10AE5800373309280B7094BF3030373000234870DF
:10AE68008B70704708B50249FFF7ECFF084608BD2C
:10AE7800B02C002013B503688DF807109C680DF1FD
:10AE880007010123A04702B010BD07B503688DF87C
:10AE980007101B6901220DF10701984703B05DF8FF
:10AEA80004FB2DE9F0411D46036804465B690F4623
:10AEB80016469847236820461B689847221D39463E
:10AEC8002046FFF7D7FF2DB123682A461B69314674
:10AED80020469847236820465B68984723682046A1
:10AEE8009B69BDE8F0410C2118472DE9F0411E4649
:10AEF800036804465B6915460F4698472368204651
:10AF08001B689847221D39462046FFF7B3FF2046A5
:10AF18000021FFF7BAFF23682046DB68324629463E
:10AF28009847236820465B68BDE8F04118472DE93B
:10AF3800F0411F46036804465B690D46164698476C
:10AF4800236820461B689847221D20460D21FFF7DD
:10AF580091FF290A2046FFF798FFE9B22046FFF73C
:10AF680094FF236831463A4620461B699847236870
:10AF780020465B689847236820469B69BDE8F041F6
:10AF88000C21184707B501238DF807200DF107029A
:10AF9800FFF7CDFF03B05DF804FB2DE9F0411F4634
:10AFA800036804465B690D461646984723682046A1
:10AFB8001B689847221D20461D21FFF75BFF290AC1
:10AFC8002046FFF762FFE9B22046FFF75EFF204602
:10AFD8000021FFF75AFF23682046DB683A463146CE
:10AFE8009847236820465B68BDE8F041184707B5D5
:10AFF80001230DF10702FFF7D0FF9DF8070003B00A
:10B008005DF804FB2DE9F0411E46036804465B69C0
:10B018000F4615469847236820461B689847221D07
:10B0280020460E21FFF726FF39462046FFF72DFF61
:10B0380023682946324620461B69984723682046DC
:10B048005B689847236820469B69BDE8F0410C215E
:10B0580018472DE9F0411E46036804465B690F4610
:10B0680015469847236820461B689847221D2046A6
:10B078001E21FFF7FFFE39462046FFF706FF204650
:10B088000021FFF702FF23682046DB683246294685
:10B098009847236820465B68BDE8F041184710B51B
:10B0A800002304461A46C021FFF7FBFE207910BD95
:10B0B80037B504460D468DF80710012380210DF1A0
:10B0C8000702FFF7EEFE2368012D9B690CBF3221B2
:10B0D80040F2DC51204603B0BDE83040184737B590
:10B0E80001230C468DF807100DF107028A21054649
:10B0F800FFF7D7FEAC7103B030BD07B5042309BA1A
:10B1080001910DEB03028621FFF7CBFE03B05DF83A
:10B1180004FB07B502238DF804108DF805208F2154
:10B1280001AAFFF7BEFE03B05DF804FB37B58DF842
:10B13800063000238DF807300423044615468DF8A1
:10B1480004108DF805208B210DEB0302FFF7A9FEF3
:10B1580040F689012046FFF74AFF062D16BF40F04A
:10B16800040200F0FB02D2B240F6890120468DF8B5
:10B178000420FFF707FF03B030BD73B515468DF8FF
:10B18800033000229DF818309DF81C608DF80020CF
:10B1980004468DF801108DF804308C2106236A4688
:10B1A8008DF802508DF80560FFF77BFE40F236718E
:10B1B8002046FFF71CFF5EB100F0FB0240F236713B
:10B1C80020468DF80020FFF7DDFE657102B070BDE6
:10B1D80040F00402D2B2F1E707B55BBAADF804302B
:10B1E800BDF810305BBAADF8063049BA082352BA38
:10B1F800ADF80010ADF8022019466A46FFF751FE77
:10B2080003B05DF804FB07B5022301AA1221FFF77A
:10B218006CFE9DF804309DF8050000EB032080B219
:10B2280003B05DF804FB07B5022349BAADF8041072
:10B2380001AA1946FFF735FE03B05DF804FB07B510
:10B2480002238DF804108DF805208E2101AAFFF73E
:10B2580028FE03B05DF804FB13B56FF07F439942F5
:10B2680028BF19460B0C04468DF804300B0A8DF8DC
:10B2780005308DF8061001AA03238321FFF711FE7C
:10B28800236864219B692046984702B010BD13B516
:10B298006FF07F43994228BF19460B0C04468DF87E
:10B2A80004300B0A8DF805308DF8061001AA032327
:10B2B8008221FFF7F6FD236864219B6920469847A1
:10B2C80002B010BD37B503230D461446142101AA58
:10B2D800FFF70BFE9DF804305B085B422B809DF95D
:10B2E8000530002BB8BF03339B10237003B030BD6B
:10B2F80010B543680D4A23F07F4323F0FF039342C0
:10B30800044611D1002240F60211FFF73BFE40F639
:10B3180044112046FFF76BFE40F00202D2B240F61D
:10B3280044112046FFF72EFE10BD00BF00010100AA
:10B3380070B505460E46FFF766FF314604462846B7
:10B34800FFF771FFA30702D52846FFF7D1FF204674
:10B3580070BD07B5002914BF402320238DF807309E
:10B368000DF1070201239321FFF79BFD03B05DF860
:10B3780004FB10B5002304461A46C121FFF791FDCE
:10B38800236820469B69BDE810404621184708B548
:10B39800FFF785FE80B208BD07B50023ADF804307D
:10B3A80001AA02230721FFF77CFD03B05DF804FB27
:10B3B80007B5130C8DF8053052BA04238DF8041024
:10B3C800ADF8062097210DEB0302FFF76AFD03B0E5
:10B3D8005DF804FB08B50A4640F6AC01FFF7D2FD5C
:10B3E80008BD10B540F6D8010446FFF700FE40F04E
:10B3F8001E02D2B240F6D8012046FFF7C3FD10BDA9
:10B4080008B50A4640F6E701FFF7BCFD08BD000095
:10B4180007B5054B019304230DEB03029521FFF7B4
:10B4280040FD03B05DF804FB0407000107B50223E3
:10B438008DF804108DF80520982101AAFFF731FD39
:10B4480003B05DF804FB000013B504461C48B0FBCC
:10B45800F1F1080C8DF80000080A8DF80100049835
:10B468008DF803208DF804308DF80210F4F7CAFF28
:10B4780011A3D3E90023F5F769F9F5F74FFA030C9F
:10B488008DF8053043BA6A46ADF8063020460823E1
:10B498008B21FFF706FD40F689012046FFF7A7FD3F
:10B4A80040F00402D2B240F6890120468DF800200F
:10B4B800FFF768FD02B010BD000000008084EE3F79
:10B4C8000000093D1FB58DF807309DF818308DF83C
:10B4D80008309DF81C308DF809309DF820308DF823
:10B4E8000A309DF824308DF80B3049BA9DF8283081
:10B4F800ADF804108DF806208DF80C3001AA092348
:10B508008C21FFF7CEFC05B05DF804FB07B50023DE
:10B5180049BAADF80010ADF8023001936A46082325
:10B528004FF4D861FFF703FD03B05DF804FB13B5D2
:10B5380003230C4601AA1421FFF7D7FC9DF8063017
:10B548005B085B42238002B010BD0000C0F3C75304
:10B558007F3B162B10B5014614DC002B07DA0133AC
:10B5680000F0004101D141F07E51084610BD084A63
:10B578001A411042F9D04FF480011941014421EADF
:10B588000201F2E7802BF0D1F5F7EEF90146ECE77E
:10B59800FFFF7F00884210B501EB020402D9844204
:10B5A800234607D8431EA14208D011F8012B03F8FF
:10B5B800012FF8E7024401468A4200D110BD13F872
:10B5C800014D02F8014DF7E702440346934200D1CA
:10B5D800704703F8011BF9E710B5024614781346C3
:10B5E8000132002CFAD1013B11F8012B03F8012F8D
:10B5F800002AF9D110BDC9B20346184613F8012B29
:10B6080012B18A42F9D17047002918BF002070474B
:10B6180010B56AB10139841810F8012B11F8013FEF
:10B628009A4203D1A04201D0002AF5D1D01A10BD08
:10B638001046FCE770B50D4D0D4C641BA410002698
:10B64800A64209D10B4D0C4C00F02EF8641BA41037
:10B658000026A64205D170BD55F8043B984701362F
:10B66800EEE755F8043B98470136F2E79CD6000808
:10B678009CD600089CD60008A4D60008034611F8FA
:10B68800012B03F8012B002AF9D170470A44914293
:10B6980000F1FF3300D1704710B511F8014B03F8E2
:10B6A800014F9142F9D110BDF8B500BFF8BC08BCF4
:10B6B8009E467047F8B500BFF8BC08BC9E46704768
:10B6C80018120C18010101191901191901060601AE
:10B6D800060601030301030301020201020201122B
:10B6E8000C01120C00206C0002206A006D0077002B
:10B6F8000205010202010000000000000100000034
:10B70800020000006D696E2C00206D572C00322E4F
:10B718003447003931354D003836384D003433332D
:10B728004D003730636D003836364D004455414C76
:10B73800003F003530487A003331487A00313948C3
:10B748007A00464C52430046534B003139487A3709
:10B758007800011F136F011300D57FAAFE2B8154B7
:10B7680029FC5683D702A87D52872DF8AC79D306D9
:10B778007BAE04D18550FA2FA471DB0E5A8F25F0C9
:10B788008D58F22773A60CD9F623895C08DD77A2B9
:10B79800DF0AA07521F45E8B9D48E23763B61CC9A9
:10B7A800B461CB1E4A9F35E0CF1AB06531E44E9B99
:10B7B800E633994C18CD67B239EC4693C712B86D89
:10B7C80010C56FBAEE3B91446BBE14C19540EA3F79
:10B7D80042973DE8BC69C316EF3A904511C46EBB69
:10B7E800C613B96C38ED4792BD68C21743963CE959
:10B7F8009441EB3E6ABF15C04B9E34E1B560CA1F49
:10B8080062B71DC89C49E33619CC66B3E732984D38
:10B8180030E54F9ACE1BB16472A70DD88C59F32628
:10B828005B8E24F1A570DA0F20F55F8ADE0BA17418
:10B8380009DC76A3F722885DD603A97C28FD578208
:10B84800FF2A805501D47EAB8451FB2E7AAF05D0F8
:10B85800AD78D20753862CF96162636465666768C0
:10B86800696A6B6C6D6E6F707172737475767778C8
:10B87800797A303132333435363738395F232D2EE3
:10B8880000000100010002000200020003000400A1
:10B898000500060008000A000C001000140019003A
:10B8A8002000280032003F00500064007D009E0008
:10B8B800C800FA003C019001F40176022003E80375
:10B8C800E204DC05D00700000000000000000000D2
:10B8D800991B00080000000000000000A51B0008DC
:10B8E8000000000000000000811B000800010204A5
:10B8F800050301020001020503046D6C72732E300A
:10B90800005365747570537461727453747834524B
:10B918007800536574757053746172744D61726BFD
:10B9280065720021656E64210057696F4535204DA9
:10B93800696E6920574C45354A43006D4C52530196
:10B94800020304006D4C525304030201000A004034
:10B95800504152414D2F706172616D2E70636B00C2
:10B968006661696C20610020005378206E6F742036
:10B978006F6B002E000000000000000000000000B7
:10B98800652400087D240008552C0008812C000837
:10B998009F2C0008A9280008F11C0008D51D0008E4
:10B9A8000000000000000000D31C00083730000829
:10B9B8000D2F00084D2E0008232E0008ED1D00084D
:10B9C800B12E0008091E00087D2E00082D1E000853
:10B9D8000000000000000000D31C0008D51C00086F
:10B9E800D71C0008D91C0008DD1C0008DF1C000853
:10B9F800E31C0008E71C0008E91C0008ED1C00080F
:10BA08000000000000000000E34C0008814D000821
:10BA1800654D0008454D00080000000000000000CA
:10BA2800D31C0008491E0008D71C0008D91C0008B0
:10BA3800AD780008297900082D6100089D6100088B
:10BA4800E91C0008ED1C0008414E474C4500484FD2
:10BA580052495A4F4E004E415620414C54484F4C83
:10BA6800440048454144494E4720484F4C4400480B
:10BA780045414446524545004845414441444A00F1
:10BA880043414D53544142004E41562052544800C0
:10BA98004E415620504F53484F4C44004D414E554F
:10BAA800414C00424545504552004C454453204FB7
:10BAB8004646004C4947485453004F5344204F468C
:10BAC800460054454C454D45545259004155544F34
:10BAD8002054554E4500424C41434B424F58004676
:10BAE80041494C53414645004E415620575000416C
:10BAF8004952204D4F444500484F4D45205245532B
:10BB0800455400474353204E415600465056204165
:10BB18004E474C45204D49580053555246414345E0
:10BB280000464C415045524F4E005455524E20410C
:10BB38005353495354004E4156204C41554E4348A7
:10BB480000534552564F204155544F5452494D00C9
:10BB580043414D45524120434F4E54524F4C2031A2
:10BB68000043414D45524120434F4E54524F4C20C3
:10BB7800320043414D45524120434F4E54524F4CA1
:10BB88002033004F534420414C542031004F53443C
:10BB980020414C542032004F534420414C54203310
:10BBA800004E415620434F5552534520484F4C4470
:10BBB800004D43204252414B494E47005553455290
:10BBC80031005553455232005553455233005553B1
:10BBD800455234004C4F49544552204348414E4742
:10BBE80045004D5350205243204F56455252494428
:10BBF800450050524541524D00545552544C450051
:10BC08004E415620435255495345004155544F2003
:10BC18004C4556454C205452494D00575020504CE5
:10BC2800414E4E455200534F4152494E47004D49EF
:10BC38005353494F4E204348414E474500424545DE
:10BC4800504552204D555445004D554C54492046B9
:10BC5800554E4354494F4E004D4958455220505275
:10BC68004F46494C452032004D49584552205452C0
:10BC7800414E534954494F4E00414E474C45204888
:10BC88004F4C440047494D42414C204C4556454C89
:10BC98002054494C540047494D42414C204C45568C
:10BCA800454C20524F4C4C0047494D42414C204393
:10BCB800454E5445520047494D42414C2048454164
:10BCC80044545241434B45520000800CD007B704FE
:10BCD800C71B800CB7040410020A0B069723041034
:10BCE8000B0600000000000000000000D0D0000893
:10BCF8002B130000A8D000080A0000000000000074
:10BD0800000000000000000000000000000000002B
:10BD180000000000800080FF000001000A000A0007
:10BD28000E0019001400640016009E00616263642E
:10BD380065666768696A6B6C6D6E6F707172737433
:10BD480075767778797A3031323334353637383911
:10BD58005F232D2E0000000000070E091C1B121582
:10BD6800383F363124232A2D70777E796C6B6265D3
:10BD7800484F464154535A5DE0E7EEE9FCFBF2F5C3
:10BD8800D8DFD6D1C4C3CACD90979E998C8B8285B3
:10BD9800A8AFA6A1B4B3BABDC7C0C9CEDBDCD5D2A3
:10BDA800FFF8F1F6E3E4EDEAB7B0B9BEABACA5A293
:10BDB8008F88818693949D9A2720292E3B3C353283
:10BDC8001F18111603040D0A5750595E4B4C454273
:10BDD8006F68616673747D7A898E878095929B9C63
:10BDE800B1B6BFB8ADAAA3A4F9FEF7F0E5E2EBEC53
:10BDF800C1C6CFC8DDDAD3D4696E676075727B7C43
:10BE080051565F584D4A4344191E171005020B0C32
:10BE180021262F283D3A33344E49404752555C5B22
:10BE28007671787F6A6D64633E39303722252C2B12
:10BE38000601080F1A1D1413AEA9A0A7B2B5BCBB02
:10BE48009691989F8A8D8483DED9D0D7C2C5CCCBF2
:10BE5800E6E1E8EFFAFDF4F3000000003209000023
:10BE680000000000010000007C2B00000000000022
:10BE780002000000890C000000000000040000001F
:10BE8800ED0E030C0D00000005000000D91C010098
:10BE98000000000006000000680300000000000029
:10BEA80007000000772000000000000008000000E4
:10BEB80075240000000000000B0000005906010472
:10BEC8000000000014000000D61403020300000064
:10BED800150000009F02030001000000160000008A
:10BEE800DC1900000000000017000000A817030478
:10BEF80005000000180000001834000000000000D1
:10BF08001900000017650000000000001A0000007A
:10BF1800AA180000000000001B000000901D00008F
:10BF2800000000001C00000043100000000000009A
:10BF38001D00000073100000000000001E0000003B
:10BF4800271C0000000000001F000000F630000061
:10BF58000000000020000000B91C000000000000E4
:10BF680021000000681C0000000000002200000002
:10BF7800ED1600000000000023000000F416000089
:10BF88000000000024000000DE2500000000000082
:10BF980025000000D4070304050000002600000067
:10BFA800090703040500000027000000FE260320FF
:10BFB8002100000028000000E6050302030000003D
:10BFC800290000001C040302030000002A000000EE
:10BFD8001C120000000000002B0000008403030076
:10BFE800010000002C000000DD090302030000002E
:10BFF8002D000000E8030300010000002E000000EF
:10C008000B020000000000002F0000009908030048
:10C0180001000000300000002915010C000000009C
:10C02800310000002714000000000000320000006A
:10C038004E2503121300000033000000C40503025C
:10C0480003000000350000000305000000000000A8
:10C05800360000000F1B031819000000370000000D
:10C0680003190000000000003D000000A748000080
:10C07800000000003E000000B71A000000000000A9
:10C088003F00000077B500000000000040000000FD
:10C09800BFE100000000000041000000762A000017
:10C0A80000000000420000009406030203000000A4
:10C0B80043000000150400000000000045000000D7
:10C0C800F31E010A00000000460000007C26031051
:10C0D800110000004900000026260320210000006E
:10C0E8004A00000014140000000000004B0000008B
:10C0F8009E23031E1F0000004C0000009821031E11
:10C108001F0000004D0000008F0A0308090000000E
:10C11800500000000E04030203000000510000005C
:10C128006A160000000000005200000031330324AA
:10C138002500000053000000162500000000000044
:10C14800540000008F350332330000005500000012
:10C158008C33000000000000560000000535033253
:10C168003300000057000000963300000000000074
:10C1780059000000E71C0000000000005A00000001
:10C18800B7380000000000005B0000003F2A0000F4
:10C19800000000005C0000003621000000000000E4
:10C1A8005D0000002F510000000000006400000046
:10C1B800AF22000000000000650000006675000066
:10C1C80000000000660000009E75000000000000EE
:10C1D80067000000D039000000000000680000007F
:10C1E8003874000000000000690000005D3F000096
:10C1F800000000006A0000008A2C00000000000017
:10C208006B0000006C410000000000006C000000A2
:10C21800205C0000000000006D000000B90900006B
:10C22800000000006E00000054FE03010200000040
:10C238006F000000221203101100000070000000BF
:10C24800AE0C000000000000710000007C27000018
:10C258000000000072000000ED2C0000000000004B
:10C26800730000000440000000000000740000009B
:10C278004C18000000000000750000008006030450
:10C288000500000076000000380E000000000000E5
:10C2980077000000740C030A0B000000780000000F
:10C2A800866100000000000079000000ED02030034
:10C2B800010000007A000000CB020300010000002A
:10C2C8007B000000FA710300010000007C00000000
:10C2D80057390000000000007D000000CB06000078
:10C2E800000000007E000000DC51034F50000000F9
:10C2F8007F000000192300000000000080000000FB
:10C30800E223000000000000810000002E18000059
:10C3180000000000820000001D0D00000000000069
:10C3280083000000DFFF0000000000008400000020
:10C3380055270000000000008500000006120000DC
:10C348000000000086000000E52B0000000000004F
:10C3580087000000CB0800000000000088000000F3
:10C36800011600000000000089000000C310000052
:10C37800000000008A0000006D7800000000000046
:10C388008B000000A82B03292A0000008C00000065
:10C39800B5290000000000008D0000002F200000DB
:10C3A800000000008E00000048F3000000000000BC
:10C3B8008F000000831000000000000090000000C3
:10C3C8007F5D00000000000092000000676400002C
:10C3D80000000000930000009A36000000000000F2
:10C3E80094000000B24E000000000000950000001C
:10C3F800C83C00000000000096000000862A0000EB
:10C408000000000097000000DB080306070000009A
:10C4180098000000D008000000000000990000000B
:10C42800BC0C0000000000009A000000540F030636
:10C43800070000009B000000160D03040500000023
:10C448009C00000013060300010000009D0000008E
:10C45800150F030C0D0000009E000000860F030C52
:10C468000D000000A00000004E0C030809000000A9
:10C47800A10000004403030001000000A200000026
:10C48800BD09000000000000A30000007F1C0000A0
:10C4980000000000A40000009A2C0000000000002A
:10C4A800A50000001503000000000000A600000021
:10C4B8001509000000000000A70000009016000009
:10C4C80000000000A8000000010C000000000000AF
:10C4D800A9000000EA12000000000000AA00000005
:10C4E8004922000000000000AB000000B542000037
:10C4F80000000000AC000000166200000000000010
:10C50800AD0000005308000000000000AE0000006D
:10C51800A730000000000000AF0000008A13030EDF
:10C528000F000000B0000000EA0303000100000053
:10C53800B1000000F014000000000000B20000008C
:10C548002F18000000000000B3000000BD1D011AF4
:10C5580000000000B4000000342F012A0000000091
:10C56800B5000000AE04000000000000B6000000A6
:10C57800E528000000000000B70000005502030095
:10C5880001000000B80000009FCE03040500000071
:10C59800B9000000BA07030405000000BA00000053
:10C5A800481D030001000000BF0000005C1B0000E4
:10C5B80000000000C0000000243600000000000059
:10C5C800C1000000471A000000000000C20000007F
:10C5D8006221000000000000C30000007825000070
:10C5E80000000000C8000000862A03282900000077
:10C5F800C9000000CD0E030C0D000000D60000009D
:10C608004508030607000000D70000006503000086
:10C6180000000000D8000000320303000100000001
:10C62800D9000000CA06000000000000DA0000007F
:10C638001107030001000000DB000000A202000057
:10C6480000000000DC0000002220000000000000C4
:10C65800DD000000472A000000000000DE000000A6
:10C668000F03000000000000DF000000772F032AFE
:10C678002B000000E0000000662D032A2B000000BC
:10C68800E1000000D049000000000000E2000000C6
:10C69800CF08000000000000E6000000A32A000008
:10C6A80000000000E700000069280000000000000A
:10C6B800E80000009741000000000000E9000000C9
:10C6C80023B6000000000000EA00000096280000E1
:10C6D80000000000EB000000B32A0000000000008A
:10C6E800F10000005A20000000000000F2000000E5
:10C6F800683C000000000000F3000000553D0134D4
:10C7080000000000F40000005F06000000000000C8
:10C71800F50000008202000000000000F6000000A2
:10C72800B826000000000000F700000051130000C8
:10C7380000000000F800000008FE030304000000E9
:10C74800F9000000CC24000000000000FA000000FE
:10C75800311E000000000000FB000000AA120000CB
:10C7680000000000FC0000002C1200000000000087
:10C77800FD0000005336000000000000FE0000002D
:10C788002E0900000000000000010000472A0308ED
:10C7980009000000010100008309000000000000FA
:10C7A80002010000BBE803000100000003010000D3
:10C7B8005CED00000000000004010000920E000083
:10C7C8000000000005010000B33D0000000000006B
:10C7D800060100000C17000000000000070100001F
:10C7E80085FF000000000000080100003120000063
:10C7F80000000000090100001A14000000000000F9
:10C808000A010000C1FF0302030000000B01000041
:10C8180023FF0302030000000C0100000E040302C2
:10C82800030000000D0100006DD7000000000000AB
:10C838000E0100003B140000000000000F01000082
:10C848001635000000000000130100007E200000E3
:10C858000000000014010000123200000000000077
:10C86800150100003E1E0000000000001801000035
:10C87800462100000000000019010000300D0000F2
:10C88800000000001A0100007B23032021000000A3
:10C898001B0100004A910000000000001C0100007C
:10C8A8006320031E1F0000001D01000089310326BC
:10C8B800270000001E010000D239033233000000B7
:10C8C8001F010000011703141500000020010000DB
:10C8D800141703141500000022010000FB2E0000AD
:10C8E80000000000230100000A39000000000000D9
:10C8F80024010000E3DF03181900000027010000ED
:10C90800EA0C0000000000002801000032230000AB
:10C91800000000002B01000013620000000000006E
:10C928002C010000D9160000000000002D010000B5
:10C93800F33A000000000000360100001C1100005E
:10C9480000000000370100005F74000000000000D4
:10C9580040010000F314030203000000410100003D
:10C96800580203000100000042010000F395000096
:10C9780000000000430100004E9303000100000086
:10C988004401000084920000000000004A010000F9
:10C9980017A70000000000004B0100005BE9000041
:10C9A800000000004C010000ECEF00000000000057
:10C9B8004D010000E76D0000000000004E0100007E
:10C9C800480A0000000000004F010000E1180000C4
:10C9D8000000000050010000F554000000000000B5
:10C9E80053010000C70500000000000054010000CA
:10C9F800634600000000000059010000D115030241
:10CA0800030000005E010000E8FC000000000000D8
:10CA180062010000D20E030C0D000000630100004B
:10CA2800060C000000000000680100000B1900005F
:10CA380000000000690100005D2100000000000006
:10CA4800710100009718000000000000720100004A
:10CA58004B6D000000000000730100000A1A00007E
:10CA680000000000740100001A8C000000000000A3
:10CA780075010000752A0000000000007701000021
:10CA8800FB8C00000000000078010000C7080000CF
:10CA9800000000007C010000E81400000000000015
:10CAA8008101000093850302030000008201000059
:10CAB80084100304050000008301000004480304F7
:10CAC8000500000084010000082503202100000063
:10CAD800860100009CF00000000000008B010000AF
:10CAE80000D40000000000008C01000032A000000B
:10CAF800000000008D010000B66C0000000000007E
:10CB0800900100006EFE0304050000009101000082
:10CB1800B7060304050000009A010000A0350000D4
:10CB2800000000009B0100006A03000000000000F4
:10CB38009C01000021060304050000009D0100007F
:10CB48004D070304050000009E0100006D10000061
:10CB5800000000009F010000A1100000000000007C
:10CB6800A40100001449030607000000B3010000F7
:10CB7800862E000000000000B4010000C10900007A
:10CB880000000000B50100001E01000000000000C8
:10CB9800B80100004223000000000000B9010000B5
:10CBA800A911000000000000FE010000F56A000065
:10CBB80000000000FF0100001C470000000000000A
:10CBC80000020000B802000000000000421F000040
:10CBD800DA10000000000000431F0000E7290000F1
:10CBE80000000000441F0000AC62000000000000CC
:10CBF800451F0000FB26000000000000461F000043
:10CC0800610E000000000000471F000040200000E7
:10CC180000000000481F0000EA210000000000009A
:10CC2800491F000090100000000000004A1F00008B
:10CC38009B290000000000004B1F00001466000044
:10CC4800000000004C1F000036100000000000002B
:10CC58004D1F0000DE2E0000000000004E1F0000E7
:10CC6800C80E0000000000004F1F00001718000049
:10CC780000000000501F0000951200000000000096
:10CC88002823000071890000000000002D23000007
:10CC9800752200000000000011270000D1140000D8
:10CCA8000000000012270000BA2900000000000060
:10CCB80013270000040100000000000014270000F2
:10CCC8008509000000000000152700006709000022
:10CCD8000000000016270000C1040000000000004A
:10CCE8001727000047110000000000001827000067
:10CCF800F00E000000000000A7270000C355000048
:10CD080000000000F82A0000863403040500000033
:10CD1800F92A00000F88000000000000FA2A00002D
:10CD2800EAB4030405000000FB2A000040050000E7
:10CD380000000000FC2A00000BE8030809000000BE
:10CD4800FD2A00005DE6000000000000022B000044
:10CD58002E31000000000000032B00006A2C0000A8
:10CD6800000000000C2B0000CD10000000000000A7
:10CD7800162B0000902C000000000000172B00006C
:10CD8800852C000000000000182B0000552C000026
:10CD980000000000192B0000C3250310110000003B
:10CDA8001A2B00004F050000000000001B2B00009C
:10CDB80080080304050000001C2B0000B1220000BD
:10CDC800000000001D2B0000821C00000000000075
:10CDD8001E2B00002F260000000000001F2B000063
:10CDE8008E09000000000000202B0000842C0000A9
:10CDF80000000000212B0000D02C000000000000E3
:10CE0800222B0000C92C000000000000232B00008A
:10CE1800C12C000000000000242B0000BD2C0000E5
:10CE280000000000342B0000A24E000000000000AB
:10CE380064320000722C030001000000653200001B
:10CE4800FE3B031E1F000000663200008C35030401
:10CE58000500000067320000F92E03000100000001
:10CE6800683200004D36031C1D00000069320000C6
:10CE7800312B030001000000733200005EF903004B
:10CE880001000000763200008B3300000000000033
:10CE980077320000071203101100000078320000FA
:10CEA80014050000000000006842000067B300009D
:10CEB80000000000FE4200001A21000000000000EF
:10CEC800FF4200004810000000000000014300007D
:10CED8001311000000000000024300005911000077
:10CEE80000000000034300001B0A000000000000CF
:10CEF800044300000E5B0000000000000543000032
:10CF0800BB54000000000000064300006A1800003F
:10CF18000000000010A40000E30100000000000071
:10CF280011A40000EF2E00000000000051C3000013
:10CF3800F62000000000000052C30000B5F6000013
:10CF48000000000053C300003E1300000000000072
:10CF580054C30000F00A03080900000055C300008C
:10CF6800980603040500000020CB00000D640000B3
:10CF78000000000021CB0000EF01000000000000CD
:10CF880015CD0000F01100000000000016CD0000D3
:10CF9800584E00000000000017CD0000605500004A
:10CFA8000000000018CD0000B11C000000000000C7
:10CFB80019CD0000D73200000000000078CD000035
:10CFC800B52603202100000079CD0000662400006A
:10CFD8000000000060EA00000416031415000000B9
:10CFE8006AEA0000D0210000000000006BEA00009F
:10CFF800B7070000000000006CEA0000632403206B
:10D00800210000006DEA00008118031415000000DB
:10D018006EEA0000860803040500000074EA0000B8
:10D02800CA0400000000000088EA00009CF5000027
:10D038000000000089EA0000BFFF000000000000B7
:10D048008DEA00000E170302030000008EEA0000BC
:10D05800AB1C0308090000008FEA00003707000036
:10D068000000000091EA0000610C000000000000D0
:10D0780092EA0000DC0E00000000000093EA0000C5
:10D08800F51800000000000094EA0000652C00007C
:10D098000000000095EA00002D06000000000000D6
:10D0A8006666F435CCCCFC353333053699990D36A4
:10D0B8000000163666661E36CCCC263633332F363D
:10D0C8009999373600004036666666380000703831
:10D0D8009999793833338338CCCC8C38666696384E
:10D0E8000000A0389999A9383333B338CCCCBC3870
:10D0F8006666C6380000D0389999D9383333E33892
:10D10800CCCCEC386666F6380000003999990939B4
:10D1180033331339CCCC1C396666263900003039D4
:10D128009999393933334339CCCC4C3966665639F9
:10D13800000060399999693933337339CCCC7C391B
:10D148006666863900009039999999393333A3393D
:10D15800CCCCAC396666B6390000C0399999C93962
:10D168003333D339CCCCDC396666E6390000F03984
:10D178009999F9390000891112239B322446AD5739
:10D188003665BF74488CC19D5AAFD3BE6CCAE5DB07
:10D198007EE9F7F88110080193331A22A5562C4727
:10D1A800B7753E64C99C408DDBBF52AEEDDA64CBE7
:10D1B800FFF976E802218B30100299132667AF76C3
:10D1C8003444BD554AADC3BC588ED19F6EEBE7FAC7
:10D1D8007CC8F5D983310A2091121803A7772E66E7
:10D1E800B5543C45CBBD42ACD99E508FEFFB66EAA7
:10D1F800FDD874C904428D5316619F702004A91587
:10D208003227BB364CCEC5DF5EEDD7FC6888E19986
:10D218007AABF3BA85520C4397711E60A1142805A6
:10D22800B3373A26CDDE44CFDFFD56ECE998608966
:10D23800FBBB72AA06638F7214409D512225AB3442
:10D248003006B9174EEFC7FE5CCCD5DD6AA9E3B846
:10D25800788AF19B87730E6295501C41A3352A2466
:10D26800B1163807CFFF46EEDDDC54CDEBB962A826
:10D27800F99A708B088481951AA793B62CC2A5D306
:10D288003EE1B7F04008C919522BDB3A644EED5F16
:10D29800766DFF7C899400859BB712A6ADD224C316
:10D2A800BFF136E0C1184809D33B5A2AE55E6C4FF6
:10D2B800F77D7E6C0AA583B4188691972EE3A7F2B2
:10D2C8003CC0B5D14229CB38500AD91B666FEF7ED6
:10D2D800744CFD5D8BB502A499961087AFF326E2D6
:10D2E800BDD034C1C3394A28D11A580BE77F6E6EB6
:10D2F800F55C7C4D0CC685D71EE597F42880A19176
:10D308003AA3B3B2444ACD5B5669DF78600CE91D95
:10D31800722FFB3E8DD604C79FF516E4A990208195
:10D32800BBB332A2C55A4C4BD7795E68E11C680D75
:10D33800F33F7A2E0EE787F61CC495D52AA1A3B031
:10D348003882B193466BCF7A5448DD59622DEB3C55
:10D35800700EF91F8FF706E69DD414C5ABB122A055
:10D36800B9923083C77B4E6AD5585C49E33D6A2C35
:10D37800F11E780FA08601000B19000050C30000B1
:10D388001000041000005B0101000000B01D000047
:10D3980096FF00000506010C015B000090330000B9
:10D3A80091FF00000606010C015B000020580000F8
:10D3B80090FF0000FDBB00080000000050BA000804
:10D3C8000102000056BA0008020300005EBA000815
:10D3D800030400006ABA00080505000077BA0008CF
:10D3E8000606000080BA000807FF000088BA000897
:10D3F80008FF000090BA00080A07000098BA000861
:10D408000B080000A4BA00080C090000ABBA000819
:10D418000DFF0000B2BA00080FFF0000BBBA0008F9
:10D4280010FF0000C2BA000813FF0000CABA0008C3
:10D4380014FF0000D4BA0008150A0000DEBA00087C
:10D448001AFF0000E7BA00081B010000F0BA000844
:10D458001C0B0000F7BA00081D0C000000BB0008F8
:10D468001EFF00000BBB00081FFF000013BB0008D5
:10D4780020FF000021BB000821FF000029BB000895
:10D48800220D000032BB0008230E00003EBB00083E
:10D49800240F000049BB000825FF000058BB000806
:10D4A80027FF000069BB000828FF00007ABB0008BE
:10D4B80029FF00008BBB00082AFF000095BB00086D
:10D4C8002BFF00009FBB00082CFF0000A9BB000831
:10D4D8002D100000B9BB00082EFF0000C4BB0008D7
:10D4E8002FFF0000CABB000830FF0000D0BB0008B7
:10D4F80039FF0000D6BB00083AFF0000DCBB00087B
:10D5080031FF0000EABB000832FF0000FABB000848
:10D5180033FF000001BC00083411000008BC0008FB
:10D528003512000013BC000836FF000023BC0008B9
:10D5380037FF00002EBC00083813000036BC000876
:10D548003BFF000045BC00083CFF000051BC000840
:10D558003DFF000060BC00083EFF000070BC0008F2
:10D568003FFF000081BC0008401400008CBC00088C
:10D5780041FF00009EBC000842FF0000B0BC00084C
:10D5880043FF0000BEBC000844FF0000000000008C
:10D5980000000000858C0008878C00088B8C000830
:10D5A8008F8C000801000000030000000500000047
:10D5B8000100000001000000060000000A00000051
:10D5C8002000000002000000040000000800000025
:10D5D8001000000040000000800000000001000072
:10D5E8000002000000000000000000000000000031
:10D5F800000000000100000002000000030000001D
:10D6080004000000A0860100400D0300801A0600F7
:10D6180000350C0040420F0080841E0000093D00C8
:10D6280000127A000024F40000366E010048E80178
:10D63800006CDC0200000000000000000000000098
:10D6480000000000010002000400060008000A00B3
:10D658000C001000200040008000000101000000C4
:10D66800020000000400000006000000080000009E
:10D678000A0000000C00000010000000200000005C
:0CD68800400000008000000000010000D5
:08D694003439FF7F01000000A2
:08D69C005D010008E58B0008A8
:04D6A4003901000840
:10D6A80090BADCFE785634120A000000E0B900088F
:10D6B800FF00000028BA0008B0B9000800093D00C2
:08D6C800010000001000000049
:0400000508009681D8
:00000001FF
