:020000040800F2
:100000000000012039E500086FE4000871E40008F1
:1000100073E4000875E4000877E4000800000000BD
:1000200000000000000000000000000079E400086B
:100030007BE40008000000007DE400087FE4000885
:1000400089E5000889E5000889E5000889E50008D8
:1000500089E5000889E5000889E5000889E50008C8
:1000600089E5000889E5000889E5000889E50008B8
:1000700089E5000889E5000889E5000889E50008A8
:1000800089E5000889E5000889E5000889E5000898
:100090000000000089E5000849C4000889E500085F
:1000A00089E5000889E5000889E5000889E5000878
:1000B000713E000889E5000889E5000889E5000827
:1000C00089E5000889E5000889E5000889E5000858
:1000D000CD3A0008CD6C000889E5000889E50008E4
:1000E00089E5000889E5000889E5000889E5000838
:1000F00089E50008000000000000000089E5000814
:1001000089E5000889E50008DDC3000889E50008E5
:1001100089E5000889E5000889E5000889E5000807
:1001200089E5000889E5000889E5000889E50008F7
:0801300089E5000889E50008DB
:1001400010B5054C237833B9044B13B10448AFF311
:1001500000800123237010BDE00200200000000099
:10016000782E010808B5034B1BB103490348AFF3D0
:10017000008008BD00000000E4020020782E010885
:1001800010F8012B11F8013B012A28BF9A42F7D041
:10019000D01A7047034613F8012B002AFBD1181A16
:1001A000013870470000000000000000000000005F
:1001B00001F0FF01102A2BDB10F0070F08D010F818
:1001C000013B013A8B422DD010F0070F42B3F6D11C
:1001D000F0B441EA012141EA014122F007047FF035
:1001E00000070023F0E80256083C85EA010586EA8C
:1001F000010685FA47F5A3FA87F586FA47F6A5FAC8
:1002000087F68EB9EED1F0BC01F0FF0102F00702D3
:1002100032B110F8013B013A83EA010313B1F8D17E
:100220000020704701387047002D06BF354603385F
:10023000073815F0010F07D1013015F4807F02BF98
:10024000013015F4C03F0130F0BC0138704700BFE9
:1002500081F0004102E000BF83F0004330B54FEA77
:1002600041044FEA430594EA050F08BF90EA020FE4
:100270001FBF54EA000C55EA020C7FEA645C7FEA77
:10028000655C00F0E2804FEA5454D4EB5555B8BF9A
:100290006D420CDD2C4480EA020281EA030382EA0B
:1002A000000083EA010180EA020281EA0303362D9D
:1002B00088BF30BD11F0004F4FEA01314FF4801C70
:1002C0004CEA113102D0404261EB410113F0004F82
:1002D0004FEA03334CEA133302D0524263EB430339
:1002E00094EA050F00F0A780A4F10104D5F1200ED7
:1002F0000DDB02FA0EFC22FA05F2801841F1000132
:1003000003FA0EF2801843FA05F359410EE0A5F105
:1003100020050EF1200E012A03FA0EFC28BF4CF036
:10032000020C43FA05F3C01851EBE37101F00045EC
:1003300007D54FF0000EDCF1000C7EEB00006EEBF9
:100340000101B1F5801F1BD3B1F5001F0CD3490883
:100350005FEA30004FEA3C0C04F101044FEA4452DA
:1003600012F5800F80F09A80BCF1004F08BF5FEA61
:10037000500C50F1000041EB045141EA050130BD41
:100380005FEA4C0C404141EB0101013C28BFB1F553
:10039000801FE9D291F0000F04BF01460020B1FA9E
:1003A00081F308BF2033A3F10B03B3F120020CDA71
:1003B0000C3208DD02F1140CC2F10C0201FA0CF04F
:1003C00021FA02F10CE002F11402D8BFC2F1200CB4
:1003D00001FA02F120FA0CFCDCBF41EA0C0190406A
:1003E000E41AA2BF01EB0451294330BD6FEA0404B3
:1003F0001F3C1CDA0C340EDC04F11404C4F120029E
:1004000020FA04F001FA02F340EA030021FA04F3AF
:1004100045EA030130BDC4F10C04C4F1200220FA06
:1004200002F001FA04F340EA0300294630BD21FA44
:1004300004F0294630BD94F0000F83F4801306BF0A
:1004400081F480110134013D4EE77FEA645C18BFFE
:100450007FEA655C29D094EA050F08BF90EA020F95
:1004600005D054EA000C04BF1946104630BD91EA8D
:10047000030F1EBF0021002030BD5FEA545C05D190
:100480004000494128BF41F0004130BD14F58004CF
:100490003CBF01F5801130BD01F0004545F0FE4143
:1004A00041F470014FF0000030BD7FEA645C1ABF78
:1004B000194610467FEA655C1CBF0B46024650EAAF
:1004C000013406BF52EA033591EA030F41F40021DB
:1004D00030BD00BF90F0000F04BF0021704730B561
:1004E0004FF4806404F132044FF000054FF0000136
:1004F00050E700BF90F0000F04BF0021704730B5F7
:100500004FF4806404F1320410F0004548BF4042CB
:100510004FF000013EE700BF42004FEAE2014FEA20
:1005200031014FEA02701FBF12F07F4393F07F4FFB
:1005300081F06051704732F07F4208BF704793F0FE
:100540007F4F04BF41F40021704730B54FF4607411
:1005500001F0004521F000411CE700BF50EA010214
:1005600008BF704730B54FF000050AE050EA0102BD
:1005700008BF704730B511F0004502D5404261EB2D
:1005800041014FF4806404F132045FEA915C3FF46E
:10059000D8AE4FF003025FEADC0C18BF03325FEA0B
:1005A000DC0C18BF033202EBDC02C2F1200300FABC
:1005B00003FC20FA02F001FA03FE40EA0E0021FAE1
:1005C00002F11444BDE600BF70B54FF0FF0C4CF4CF
:1005D000E06C1CEA11541DBF1CEA135594EA0C0F81
:1005E00095EA0C0F00F0DEF82C4481EA030621EABC
:1005F0004C5123EA4C5350EA013518BF52EA0335F7
:1006000041F4801143F4801338D0A0FB02CE4FF0A8
:100610000005E1FB02E506F00042E0FB03E54FF0D8
:100620000006E1FB03569CF0000F18BF4EF0010ED0
:10063000A4F1FF04B6F5007F64F5407404D25FEACC
:100640004E0E6D4146EB060642EAC62141EA55517F
:100650004FEAC52040EA5E504FEACE2EB4F1FD0CC1
:1006600088BFBCF5E06F1ED8BEF1004F08BF5FEA3F
:10067000500E50F1000041EB045170BD06F00046F1
:1006800046EA010140EA020081EA0301B4EB5C049E
:10069000C2BFD4EB0C0541EA045170BD41F4801196
:1006A0004FF0000E013C00F3AB8014F1360FDEBFBB
:1006B000002001F0004170BDC4F10004203C35DA97
:1006C0000C341BDC04F11404C4F1200500FA05F31A
:1006D00020FA04F001FA05F240EA020001F00042BB
:1006E00021F0004110EBD37021FA04F642EB060131
:1006F0005EEA430E08BF20EAD37070BDC4F10C045B
:10070000C4F1200500FA04F320FA05F001FA04F21E
:1007100040EA020001F0004110EBD37041F100010A
:100720005EEA430E08BF20EAD37070BDC4F1200515
:1007300000FA05F24EEA020E20FA04F301FA05F27D
:1007400043EA020321FA04F001F0004121FA04F225
:1007500020EA020000EBD3705EEA430E08BF20EAF5
:10076000D37070BD94F0000F0FD101F0004640002F
:1007700041EB010111F4801F08BF013CF7D041EAB1
:10078000060195F0000F18BF704703F000465200B5
:1007900043EB030313F4801F08BF013DF7D043EA86
:1007A0000603704794EA0C0F0CEA135518BF95EA3C
:1007B0000C0F0CD050EA410618BF52EA4306D1D1C3
:1007C00081EA030101F000414FF0000070BD50EAE2
:1007D000410606BF1046194652EA430619D094EA6C
:1007E0000C0F02D150EA013613D195EA0C0F05D156
:1007F00052EA03361CBF104619460AD181EA0301AA
:1008000001F0004141F0FE4141F470014FF0000061
:1008100070BD41F0FE4141F4780170BD70B54FF0FC
:10082000FF0C4CF4E06C1CEA11541DBF1CEA13557C
:1008300094EA0C0F95EA0C0F00F0A7F8A4EB05045E
:1008400081EA030E52EA03354FEA013100F0888055
:100850004FEA03334FF0805545EA131343EA12631E
:100860004FEA022245EA111545EA10654FEA0026D3
:100870000EF000419D4208BF964244F1FD0404F58C
:10088000407402D25B084FEA3202B61A65EB0305E8
:100890005B084FEA32024FF480104FF4002CB6EBA5
:1008A000020E75EB030E22BFB61A754640EA0C0025
:1008B0005B084FEA3202B6EB020E75EB030E22BF65
:1008C000B61A754640EA5C005B084FEA3202B6EBA6
:1008D000020E75EB030E22BFB61A754640EA9C0065
:1008E0005B084FEA3202B6EB020E75EB030E22BF35
:1008F000B61A754640EADC0055EA060E18D04FEAF3
:10090000051545EA16754FEA06164FEAC30343EA92
:1009100052734FEAC2025FEA1C1CC0D111F4801F5F
:100920000BD141EA00014FF000004FF0004CB6E758
:1009300011F4801F04BF01430020B4F1FD0C88BFF7
:10094000BCF5E06F3FF6AFAEB5EB030C04BFB6EB02
:10095000020C5FEA500C50F1000041EB045170BDF5
:100960000EF0004E4EEA113114EB5C04C2BFD4EB22
:100970000C0541EA045170BD41F480114FF0000EA6
:10098000013C90E645EA060E8DE60CEA135594EA22
:100990000C0F08BF95EA0C0F3FF43BAF94EA0C0F25
:1009A0000AD150EA01347FF434AF95EA0C0F7FF49A
:1009B00025AF104619462CE795EA0C0F06D152EAEE
:1009C00003353FF4FDAE1046194622E750EA4106D2
:1009D00018BF52EA43067FF4C5AE50EA41047FF4E3
:1009E0000DAF52EA43057FF4EBAE12E74A0011D295
:1009F00012F5001211D20DD56FF47873B3EB625279
:100A00000ED44FEAC12343F0004343EA505323FA84
:100A100002F070474FF00000704750EA013002D1F9
:100A20004FF0FF3070474FF00000704780F00040FB
:100A300002E000BF81F0004142001FBF5FEA4103B6
:100A400092EA030F7FEA226C7FEA236C6AD04FEAB6
:100A50001262D2EB1363C1BFD218414048404140FB
:100A6000B8BF5B42192B88BF704710F0004F40F4AD
:100A7000000020F07F4018BF404211F0004F41F4C9
:100A8000000121F07F4118BF494292EA030F3FD095
:100A9000A2F1010241FA03FC10EB0C00C3F12003A8
:100AA00001FA03F100F0004302D5494260EB400037
:100AB000B0F5000F13D3B0F1807F06D340084FEAA2
:100AC000310102F10102FE2A51D2B1F1004F40EB97
:100AD000C25008BF20F0010040EA030070474900FF
:100AE00040EB0000013A28BFB0F5000FEDD2B0FA9C
:100AF00080FCACF1080CB2EB0C0200FA0CF0AABFBF
:100B000000EBC25052421843BCBFD040184370475C
:100B100092F0000F81F4000106BF80F40000013262
:100B2000013BB5E74FEA41037FEA226C18BF7FEA39
:100B3000236C21D092EA030F04D092F0000F08BF7B
:100B40000846704790EA010F1CBF0020704712F062
:100B50007F4F04D1400028BF40F00040704712F1A1
:100B600000723CBF00F50000704700F0004343F006
:100B7000FE4040F4000070477FEA226216BF08463C
:100B80007FEA23630146420206BF5FEA412390EAFF
:100B9000010F40F4800070474FF0000304E000BFF5
:100BA00010F0004348BF40425FEA000C08BF7047A6
:100BB00043F0964301464FF000001CE050EA01026A
:100BC00008BF70474FF000030AE000BF50EA01027F
:100BD00008BF704711F0004302D5404261EB41016C
:100BE0005FEA010C02BF84460146002043F0B64391
:100BF00008BFA3F18053A3F50003BCFA8CF2083AB6
:100C0000A3EBC25310DB01FA02FC634400FA02FCBE
:100C1000C2F12002BCF1004F20FA02F243EB0200C5
:100C200008BF20F00100704702F1200201FA02FC27
:100C3000C2F1200250EA4C0021FA02F243EB02001A
:100C400008BF20EADC7070474FF0FF0C1CEAD0525E
:100C50001EBF1CEAD15392EA0C0F93EA0C0F6FD01F
:100C60001A4480EA010C400218BF5FEA41211ED0FD
:100C70004FF0006343EA501043EA5111A0FB0131E9
:100C80000CF00040B1F5000F3EBF490041EAD371BE
:100C90005B0040EA010062F17F02FD2A1DD8B3F13A
:100CA000004F40EBC25008BF20F00100704790F0A9
:100CB000000F0CF0004C08BF49024CEA502040EAFB
:100CC00051207F3AC2BFD2F1FF0340EAC2507047C1
:100CD00040F400004FF00003013A5DDC12F1190FFF
:100CE000DCBF00F000407047C2F10002410021FA71
:100CF00002F1C2F1200200FA02FC5FEA310040F189
:100D0000000053EA4C0308BF20EADC70704792F001
:100D1000000F00F0004C02BF400010F4000F013A39
:100D2000F9D040EA0C0093F0000F01F0004C02BF34
:100D3000490011F4000F013BF9D041EA0C018FE7A3
:100D40000CEAD15392EA0C0F18BF93EA0C0F0AD0A9
:100D500030F0004C18BF31F0004CD8D180EA0100CF
:100D600000F00040704790F0000F17BF90F0004F68
:100D7000084691F0000F91F0004F14D092EA0C0F4A
:100D800001D142020FD193EA0C0F03D14B0218BFDD
:100D9000084608D180EA010000F0004040F0FE4023
:100DA00040F40000704740F0FE4040F440007047BF
:100DB0004FF0FF0C1CEAD0521EBF1CEAD15392EA3E
:100DC0000C0F93EA0C0F69D0A2EB030280EA010C2E
:100DD00049024FEA402037D04FF0805343EA1111C7
:100DE00043EA10130CF000408B4238BF5B0042F125
:100DF0007D024FF4000C8B4224BF5B1A40EA0C00CA
:100E0000B3EB510F24BFA3EB510340EA5C00B3EBFB
:100E1000910F24BFA3EB910340EA9C00B3EBD10FE9
:100E200024BFA3EBD10340EADC001B0118BF5FEA3B
:100E30001C1CE0D1FD2A3FF650AF8B4240EBC25064
:100E400008BF20F0010070470CF0004C4CEA502025
:100E50007F32C2BFD2F1FF0340EAC250704740F474
:100E600000004FF00003013A37E792F0000F00F066
:100E7000004C02BF400010F4000F013AF9D040EAE4
:100E80000C0093F0000F01F0004C02BF490011F478
:100E9000000F013BF9D041EA0C0195E70CEAD15370
:100EA00092EA0C0F08D142027FF47DAF93EA0C0F57
:100EB0007FF470AF084676E793EA0C0F04D14B023B
:100EC0003FF44CAF08466EE730F0004C18BF31F0ED
:100ED000004CCAD130F000427FF45CAF31F00043E7
:100EE0007FF43CAF5FE700BF4FF0FF3C06E000BF80
:100EF0004FF0010C02E000BF4FF0010C4DF804CDA3
:100F00004FEA40024FEA41037FEA226C18BF7FEAB2
:100F1000236C11D001B052EA530C18BF90EA010FB4
:100F200058BFB2EB030088BFC81738BF6FEAE17043
:100F300018BF40F0010070477FEA226C02D15FEADF
:100F4000402C05D17FEA236CE4D15FEA412CE1D04B
:100F50005DF8040B704700BF844608466146FFE712
:100F60000FB5FFF7C9FF002848BF10F1000F0FBDF4
:100F70004DF808EDFFF7F4FF0CBF012000205DF8ED
:100F800008FB00BF4DF808EDFFF7EAFF34BF012072
:100F900000205DF808FB00BF4DF808EDFFF7E0FF0B
:100FA00094BF012000205DF808FB00BF4DF808ED5C
:100FB000FFF7D2FF94BF012000205DF808FB00BFBF
:100FC0004DF808EDFFF7C8FF34BF012000205DF8A1
:100FD00008FB00BF4FEA40024FEA41037FEA226C60
:100FE00002D15FEA402C08D17FEA236C02D15FEA8C
:100FF000412C02D14FF0000070474FF001007047C4
:101000004FEA4002B2F1FE4F0FD34FF09E03B3EB15
:1010100012620DD94FEA002343F0004310F0004F55
:1010200023FA02F018BF404270474FF000007047AB
:1010300012F1610F01D1420205D110F0004008BF4A
:101040006FF0004070474FF00000704742000ED232
:10105000B2F1FE4F0BD34FF09E03B3EB126209D4F3
:101060004FEA002343F0004323FA02F070474FF0A9
:101070000000704712F1610F01D1420202D14FF01E
:10108000FF3070474FF00000704700BF7BB972B966
:101090000029BEBF00204FF0004106E008BF002835
:1010A0001CBF6FF000414FF0FF3000F0BBB9ADF155
:1010B000080C6DE904CE002909DB002B1ADB00F0D7
:1010C0004DF8DDF804E0DDE9022304B0704740424A
:1010D00061EB4101002B1BDB00F040F8DDF804E080
:1010E000DDE9022304B0404261EB4101524263EB6F
:1010F00043037047524263EB430300F02FF8DDF8DF
:1011000004E0DDE9022304B0404261EB4101704795
:10111000524263EB430300F021F8DDF804E0DDE91F
:10112000022304B0524263EB4303704753B94AB9F8
:10113000002908BF00281CBF4FF0FF314FF0FF30DF
:1011400000F070B9ADF1080C6DE904CE00F006F8BE
:10115000DDF804E0DDE9022304B070472DE9F04733
:10116000089E0D4604460F46002B4AD18A429446FB
:1011700065D9B2FA82F343B102FA03FCC3F120024B
:101180009F4020FA02F217439C404FEA1C4E1FFA80
:101190008CF5B7FBFEF1220C0EFB117742EA0742F9
:1011A00001FB05F090420AD91CEB020201F1FF3766
:1011B00080F01B81904240F2188102396244121A79
:1011C000A4B2B2FBFEF00EFB102244EA024400FB84
:1011D00005F5A5420AD91CEB040400F1FF3280F0AA
:1011E0000681A54240F203816444023840EA01408E
:1011F000641B00211EB1DC400023C6E90043BDE8AA
:10120000F0878B4208D9002E00F0EC800021C6E95F
:1012100000050846BDE8F087B3FA83F1002949D1FB
:10122000AB4202D3824200F2F780841A65EB0302DC
:1012300001201746002EE2D0C6E90047DFE702B9D9
:10124000FFDEB2FA82F3002B40F08F808A1A4FEA59
:101250001C471FFA8CFE0121B2FBF7F507FB152096
:10126000220C42EA00420EFB05F0904208D91CEB2A
:10127000020205F1FF3802D2904200F2CA804546D0
:10128000121AA4B2B2FBF7F007FB102244EA0244A0
:101290000EFB00FEA64508D91CEB040400F1FF324A
:1012A00002D2A64500F2BA801046A4EB0E0440EA32
:1012B00005409FE7C1F120078B4022FA07FC4CEA6A
:1012C000030C05FA01F420FA07F3FD40234300FA6A
:1012D00001F94FEA1C401FFA8CFEB5FBF0F81C0C1C
:1012E00000FB185544EA054408FB0EF5A54202FA36
:1012F00001F20BD91CEB040408F1FF3A80F087805F
:10130000A54240F28480A8F102086444641B9DB2A7
:10131000B4FBF0F300FB134445EA044403FB0EFE68
:10132000A64508D91CEB040403F1FF306BD2A64597
:1013300069D9023B644443EA0840A0FB0283A4EB62
:101340000E049C42C6461D4655D352D056B1B9EB49
:101350000E0364EB050404FA07F7CB40CC401F43AF
:10136000C6E900740021BDE8F087C3F1200102FA4C
:1013700003FC20FA01F225FA01F19D402A434FEACD
:101380001C471FFA8CFEB1FBF7F007FB1015110C80
:1013900041EA054100FB0EF58D4204FA03F408D939
:1013A0001CEB010100F1FF382FD28D422DD90238FC
:1013B0006144491B92B2B1FBF7F507FB151142EAF4
:1013C000014205FB0EF1914208D91CEB020205F126
:1013D000FF3816D2914214D9023D6244521A45EAAE
:1013E000004139E73146304609E73946E7E610461D
:1013F000FCE6C145AAD2B8EB020E63EB0C0501383E
:10140000A4E74546EAE7034695E74046D1E7D046DC
:101410007CE7023D624433E708460BE76444023848
:1014200043E700BF704700BF002242708270012274
:10143000C270B1FA81F102224909027103220170DE
:101440004271704743788B421FD0012941700AD006
:10145000022910D0C1B90123C37081700223037126
:10146000032343717047037843B101238370022340
:10147000C3700023F3E70378002BF6D002238370B8
:101480000023C3700123EAE7FEE7704782B00B88B0
:10149000ADF800304B88ADF802308B88ADF80430E1
:1014A000CB88ADF806300239431C053013F8012F04
:1014B0000DF1080C0CEB4202834232F8082C21F8A3
:1014C000022FF3D102B0704710B50C461146FFF75A
:1014D000B9FF2146BDE81040FFF7D8BF0B4B10B550
:1014E0004FF07F32C0E923234FF47F43A0F89430BC
:1014F000FF23044680F89630983000F083FD0023E7
:1015000084F8A43084F8A83010BD00BFFFFF7F002E
:1015100070B51146154604461E4600F0DCFC29460F
:1015200004F1140000F0D7FC294604F1280000F073
:10153000D2FC294604F13C0000F0CDFC294604F120
:10154000500000F0C8FC294604F1640000F0C3FC20
:10155000294604F1780000F0BEFC4FF4FA733246DD
:101560004FF4FA6104F1980000F032FD2046FFF7D5
:10157000B5FF002384F8A5304FF47F43A4F8A630CC
:1015800070BD022380F8A8307047704700F0AABCF5
:10159000143000F0A7BC08B5503000F0ADFC292194
:1015A00000F114030246B3FBF1F313F0FF0002D184
:1015B000101E18BF012008BD08B5643000F09CFC67
:1015C000292100F114030246B3FBF1F313F0FF00ED
:1015D00002D1101E18BF012008BD90F8903013B939
:1015E00090F98C00704790F98D00704790F890301A
:1015F00013B990F98E00704790F98F00704710B5BD
:1016000004460BF04DF850B194F8A83043B904F1FA
:101610003C0000F06BFC012838BF0120C0B210BDB7
:101620006420FCE790F8A83013B990F89300704755
:1016300064207047783000F061BC783000F066BC00
:1016400010B5044600F028FC04F1140000F024FC5E
:1016500004F1280000F020FC04F13C0000F01CFC28
:1016600004F1500000F024FC04F1640000F020FCC0
:1016700004F1780000F022FC94F8A83013B1013B8B
:1016800084F8A83010BD7F2807D0002807DA10F1B1
:10169000800F06D04042C0B2704700207047012042
:1016A00070477F20704710B1404240B270477F20A2
:1016B00070477F280FD010F1310F0EDA10F1780F3C
:1016C0000DDB7830FE2340B2584323304623B0FB75
:1016D000F3F0C0B27047FF207047FE207047002033
:1016E0007047012805DD40F2FE73984203DC80B2AA
:1016F00070470120704740F2FF707047A0F5787086
:10170000C0EBC02040F2AE7390FBF3F000F58060B8
:10171000FFF7E7BFFFF7F2BF032812DD0C2812DD49
:101720000F2812DD122812DD162812DD192812DD0D
:101730001C2812DD1F2812DD2128CCBFFF20062027
:101740007047002070470120704702207047082032
:10175000704703207047072070470420704705201A
:101760007047000005289ABF014B185CFF207047A6
:10177000F42E010805289ABF014B185CFF20704722
:10178000FA2E01087F2803D0002803DAC0B2704780
:1017900000207047FF2070477F2811D010F1320FD2
:1017A00010DA884210DD401A6423C1F1FF2158434A
:1017B00001F57F01CE31313090FBF1F0C0B27047BE
:1017C000FF2070476420704700207047014B48405D
:1017D000185C7047002F010852B110B4054C0A4440
:1017E00011F8013B58408A42205CF9D110BC704787
:1017F000704700BF002F0108392808D822280ED9C9
:10180000094B2338C0B2C34003F0010070475F2882
:1018100007D0613819288CBF0020012070470020B4
:1018200070470120704700BF01EC7F00F8B5024609
:10183000451E461D00245F2715F8010FFF2804BF31
:101840000134E4B2FFF7D8FF00B92F70AE42F3D1F4
:10185000062C04D119B10B6813608B889380002388
:101860009371F8BD2DE9F843DFF83490471E441D0D
:10187000012500264FF0280817F8011F084810F02E
:101880005DFB034610B1A0EB0903DBB2A3FB0532FD
:101890009E19A742A5FB0853EED13046BDE8F88358
:1018A0000030010810B54179A1F13000C3B2092B15
:1018B00007D80523B0FBF3F303EB8303C01AC0B2D0
:1018C00010BD044C204610F039FB0028F1D0001B5D
:1018D000C0B2EEE700300108F0B5094B094F821D98
:1018E0002826B1FBF3F4272C94BF3D5D302502F888
:1018F000015D824203FB1411B3FBF6F3F1D1F0BD9D
:1019000000801A060030010870B50446FEF742FC5C
:1019100002B20023551E18B2A84204FA83F104DA79
:10192000265C302E03F10103F5D0121A0132204655
:10193000BDE8704010F0D1BA2DE9F047432B28BF25
:10194000432396B00C46154600211A469846074692
:1019500010F0DDFA0021412205A8049110F0D7FA19
:10196000DFF87C90DFF87CA004EB4505AC4210D199
:1019700004A8FEF70FFC28B100F158036B440022C5
:1019800003F8492C04A9384610F041FC16B0BDE814
:10199000F08734F9020B47F6FF739842E8D000282D
:1019A00012DC5146684610F032FC04A8FEF7F2FB48
:1019B00006466846FEF7EEFB0644B045D6D36946B8
:1019C00004A810F0ACFAD1E7694680B20EF061F8D5
:1019D0006846FFF799FF4946684610F0A0FAE4E729
:1019E000ED2E0108E82E0108F0B589B06D460024FF
:1019F0002F468E1CE1B28A4204D83946FFF79CFF7D
:101A000009B0F0BD36F8241025F8021B0134F1E7C7
:101A100042F210736421B0FBF3F203FB1200B0FB3F
:101A2000F1F301FB130000EB023000EB831080B2F6
:101A30007047020B00F03F0342F2107101FB0233CA
:101A4000C0F38510642202FB003070472DE9F0419D
:101A500042F2107388B0B1FBF3F603FB16141F4972
:101A6000DFF87C80054610F0D2FB6946F0B20DF03D
:101A7000EDFF6846FFF748FF6946284610F04FFA29
:101A80004146284610F04BFA64276946B4FBF7F646
:101A9000F0B20DF0DBFF6846FFF736FF69462846D7
:101AA00010F03DFA07FB16444146284610F037FA7D
:101AB0006946E0B20DF0CAFF9DF801308DF80030A4
:101AC0009DF802308DF801306946002328468DF8D4
:101AD000023010F024FA08B0BDE8F0814A42010853
:101AE000F22E010870B50E4600210546144610F08E
:101AF0000EFA00239AB2944200D870BDF25C002A1C
:101B0000FBD0EA540133F5E770B50E4614460021C8
:101B10000132054610F0FBF900239AB2944200D836
:101B200070BDF25C002AFBD0EA540133F5E730B512
:101B30000023044698B2904201D3012005E0E55C01
:101B4000C85C1DB9B0FA80F0400930BD0028FCD057
:101B5000854203F10103EDD00020F6E7914206D162
:101B60009DF900008342CCBF00200120704702296C
:101B700009D0022A05D0012905D0531E58425841E8
:101B8000704701207047002070477D23438043F257
:101B9000390309B2C360002301808180C3800372CE
:101BA00070470000C2680449044B01FB023323F074
:101BB0000043C360980F7047FD430300C39E260097
:101BC00010B50129044680791AD8042801D80130BB
:101BD000A071012AE07917D8042801D80130E071FA
:101BE00091424AD8914245D3012930D1012A2ED1C0
:101BF000A279E3799A4228D322D96FF07C0310E0CE
:101C00000028E6D00138E3E708B10138E071022985
:101C1000E6D1022AE6D19DF9082093420BDDB4F902
:101C2000003062881A4412B27C2A28DD7D2262804C
:101C30000022227227E01BDA23885B421BB2F0E706
:101C40002046FFF7AFFF0028D7D07D23E9E7B4F99E
:101C50000400B4F900302288B4F90210002804DB33
:101C60007C29DEDD524213B2DBE77C31D9DBF9E7B8
:101C70000023D6E76FF04A03D3E74B23D1E712F1F5
:101C80007C0F02DB6280A38010BD4FF683726280FE
:101C90000122CEE702680449044B01FB023323F022
:101CA00000430360180C7047FD430300C39E2600E9
:101CB000F0B5002597B0016085800446562229467C
:101CC000684610F024F90126627CAA4209D8002354
:101CD000802104F1B400237417B0BDE8F04010F087
:101CE00016B92046FFF7D6FFE7797B1B002190FB52
:101CF000F3F202FB1300C0B2EC460A46CBB29F429D
:101D00001DD80023227B9A42DED0A279033A012A11
:101D100004EB050105D925B191F91120D2B9012BA8
:101D2000D2D98B74A26852F82310583304EB850281
:101D30006B440135516303F8586CEDB2C4E71CF8ED
:101D400001EBBEF1000F03D18242DBD00132D2B2EF
:101D50000131D3E7501E8342E3DB01329342E0DCE2
:101D6000B2E700002DE9F04F154697B0013D016044
:101D7000027104464371EDB256220021684699462D
:101D8000002710F0C4F8022D84BF4FF0010A00258F
:101D90003E4694F807809CBF4FF0030AB8FBFAF860
:101DA000627CB24209D80023802104F1B40023747C
:101DB00017B0BDE8F04F10F0AAB82046FFF76AFF51
:101DC000A8EB060390FBF3F202FB13030020DBB247
:101DD000EC460246C1B2884506D91CF801EBBEF1BB
:101DE000000F1BD19A4217D1414528BF4146227BA3
:101DF00001FB0A5303F0FF039A42D1D0A0680FFA07
:101E000083FC09F1FF3E50F82C20BEF1030F0DD8E2
:101E1000DFE80EF0062124270132D2B20130D9E7E3
:101E2000DFF860E09644184A9645B9D916B10FBB61
:101E30000129B5D9A2190F46937404EB860350F813
:101E40002C205A6301F1580301226B44164403F815
:101E5000582CF6B2A4E7DFF834E0E3E7DFF830E02F
:101E6000E0E7A2F53D02DFF82CE0A2F59D42443AFE
:101E70007245DAE77A1E9142DCDB7A1C9142D9DCAA
:101E80008EE700BFC54E47FF3BB10100776245FFBB
:101E9000287643FF3CB10100D0E901236421D31A25
:101EA000C36082604B43418AB3FBF1F30374704714
:101EB000D0E90123D31AC0E90223704743682BB14C
:101EC000C26864214A43B2FBF3F2D3B20374002325
:101ED000C360436070470023C0E90233418243601E
:101EE000037470474368013343607047007C704758
:101EF00043680B4443607047C068704711B1C368C2
:101F00000133C3604368013343607047007C70470E
:101F1000072800D9FEE7014B185C704750300108D4
:101F200000230380837080F82930704703460078CF
:101F300010B100221A707047587810B100225A7000
:101F40007047987810B100229A70704793F8290072
:101F500010B1002283F8292070470170704701708A
:101F60007047817070478170426070474068704769
:101F70000830704700234360038170470A2310B57F
:101F80000446838001F038FF2368E0809B68204688
:101F90009847208110BD038970B504469BB18588A0
:101FA00045B1013DADB285806DB903681B68BDE8E0
:101FB0007040184701F020FFE388C01A238980B2DF
:101FC000834201D2258170BD236820465B68EEE71D
:101FD0002DE9F041044610461D4616468846FEF798
:101FE000DBFD074606EB0800FEF7D6FD0146384646
:101FF000FEF7DEFE656020602846FEF7D1FDA0609A
:10200000BDE8F08110B504464068FEF7C9FDA06048
:1020100010BD000010B50229044680EAE070A0EB74
:10202000E47068D15AB9002CACBF7F233F2398429B
:10203000A8BF1846002C01DA40F0400010BD012A6C
:102040001AD1632805DC4000002CF7DA40F48070D8
:10205000F4E740F2F54398420CDCFEF79DFD57494A
:10206000FEF7F2FD0EF00AFDFEF7F0FF400040F033
:102070000100E9E7FF20E7E7022A40F09C8063289F
:1020800005DC8000002CD9DA40F40070D6E7B0F50A
:102090007A7F0CDAFEF780FD4849FEF7D5FD0EF099
:1020A000EDFCFEF7D3FF800040F00100EAE742F2CA
:1020B0000F7398420CD8FEF76FFD4149FEF7C4FD3F
:1020C0000EF0DCFCFEF7C2FF800040F00200D9E712
:1020D0003C4B98420CD8FEF75FFD3B49FEF7B4FD40
:1020E0000EF0CCFCFEF7B2FF800040F00300C9E721
:1020F00040F2FF10C6E703295DD1012A1BD1B0F5DC
:102100007A7F05DA4000002C98DA40F4006095E709
:10211000B0F5205F0CDAFEF73FFD2849FEF794FD8D
:102120000EF0ACFCFEF792FF400040F00100EAE741
:1021300040F2FF70E7E7022A3DD1B0F57A7F06DA78
:102140008000002CBFF67AAF40F4805076E742F270
:102150000F7398420CDCFEF71FFD1849FEF774FD63
:102160000EF08CFCFEF772FF800040F00100E8E703
:10217000164B98420CD8FEF70FFD1149FEF764FD8F
:102180000EF07CFCFEF762FF800040F00200D8E712
:10219000B0F57A2F0CD2FEF7FFFC0B49FEF754FD89
:1021A0000EF06CFCFEF752FF800040F00300C8E721
:1021B00040F6FF70C5E7002040E700BFCDCCCC3D26
:1021C0000AD7233C17F001006F12833A9F86010063
:1021D000002303607047000038B5084B09291B78BD
:1021E00028BF09218B4204460D4602D1002303601B
:1021F00038BD01F0F5FD25712060F9E7FC020020F3
:10220000036810B504460BB9002010BD01F0E8FDCD
:102210002368C01A40F2EE239842F5D90023054AFC
:102220002360127823799A42EED0034A0120D377B3
:10223000EBE700BFFC0200207C030020FF2343717A
:1022400000230171837103818372704738B503796C
:1022500004460D465BB14179A94208D041B101293C
:102260000AD00023A371657155B1012D0FD038BD7F
:1022700003689B689847F4E703680021DB68F9E787
:1022800023689B68012120469847A071EFE72368E7
:102290002946DB68F7E72DE9F04F077CC37B857C97
:1022A000C67C90F815E090F8208090F80EC0BF0032
:1022B0000C4647EA931703F03F01437C03F0010209
:1022C00047EA822705F00F02D20142EA530206F0E4
:1022D0007F031B0143EA1513057D89B06D0045EAB4
:1022E000D6150EF00306059345EA4623867D009336
:1022F00006F01F05AD0145EA9E03C57D90F819E083
:102300000193ED0045EA5613057E02930EF0070691
:1023100045EA0623857E039305F03F06760146EAEB
:10232000DE03C67E90F81CE00493B60046EA9516DC
:102330000EF0010546EA8526457F069205F00F0B53
:102340004FEACB1B4BEA5E0B90F81EE00EF07F0AC3
:102350004FEA0A1A4AEA151AC57F6D0045EADE15EA
:1023600008F0030E45EA4E2590F821E00EF01F0913
:102370004FEA891949EA9809490190F82280407B7F
:1023800041EADC010CF0070C40EA0C204FEAC808D7
:1023900048EA5E180791FFF7B1F9079920800846CF
:1023A000FFF7ACF960803846FFF7A8F9069AA080DD
:1023B0001046FFF7A3F9059BE0801846FFF79EF94A
:1023C00020810098FFF79AF960810198FFF796F94C
:1023D000A0810298FFF792F9E0810398FFF78EF948
:1023E00020820498FFF78AF960823046FFF786F969
:1023F000A0825846FFF782F9E0825046FFF77EF947
:1024000020832846FFF77AF960834846FFF776F97C
:10241000A0834046FFF772F94FF48063E083238482
:10242000638409B0BDE8F08F2DE9F04104460F4602
:1024300001F0E2FC4FF001080546236820461B68C6
:102440009847064650B9A37A012B1FD12389ED1A6C
:1024500040F6C4139D42C8BFA07217E0236820460F
:102460005B689847A37AA3B90F2814D1A4F80A800F
:10247000E37AE2180133DBB2182B1073E3720AD946
:1024800039462046FFF707FF0023A3723046BDE818
:10249000F081012BECD02581CFE7827922B14379FD
:1024A000012B01D8FFF7C0BF00207047704770476D
:1024B0007047002070477047002070470020704729
:1024C00070470020704700207047704770474FF0FA
:1024D000B04382B0DA6C0243DA64DB6C03400193F0
:1024E000019B02B070474FF0B04382B09A6D024337
:1024F0009A659B6D03400193019B02B070474FF0BA
:10250000B04382B01A6E02431A661B6E03400193F9
:10251000019B02B0704750E8003F43F0800340E861
:102520000032002AF7D1704750E8003F23F0200323
:1025300040E80032002AF7D1704750E8003F23F00E
:10254000400340E80032002AF7D1704750E8003FCE
:1025500023F0800340E80032002AF7D170470000E2
:102560000288044B5140C9B233F8113083EA122378
:1025700003807047986101089AB110B4B0F800C0A8
:10258000084C0A4411F8013B83EA0C03DBB2914288
:1025900034F8133083EA1C2CA0F800C0F2D110BC30
:1025A000704770479861010837B54FF6FF730446CE
:1025B000ADF806304518AC4203D1BDF8060003B0B3
:1025C00030BD14F8011B0DF10600FFF7C9FFF2E75B
:1025D0001629A8BF16216FF008008142B8BF014636
:1025E0001170197070470000044B1888044B1B8849
:1025F00080B29BB2C01A18BF012070474A40002029
:1026000048400020044A00231380044A1380044AEF
:102610001380044A13807047484000204A4000203D
:102620004C4200204E4200200020704770470000BE
:102630000649074A0B8812880133C3F3080392B294
:102640009A421EBF034AD0540B8070474236002086
:1026500040360020403400200023A0F87032A0F85B
:102660006E3270470023A0F85C32A0F85A327047EF
:102670003C4B5A6A037A92B263B18389D31A9BB2F4
:10268000B3F5FA7F84BF00230372837A4F2B84BF94
:1026900000230372037A8281082B0FD8DFE803F04E
:1026A000050E0E0E0E0E0F1B2600EE2901D0C829B6
:1026B00004D10123837241750623037270473D29BB
:1026C0009FBF837A5A1C1B1882728FBF00235975D3
:1026D00041720723F1E7827A531C0244DBB2837212
:1026E0005175427A9A42E9D20823E6E7837A5A1C66
:1026F000034482725975C37D162B04D1012380F8DF
:1027000065300923D9E74369174A03F0FF23934251
:1027100003D1012380F86730F3E7144A93421CD1B8
:10272000837E102B19D1C37E022B08D0052B0DD030
:10273000012BE6D1027EEE2A08BF80F86A30037EC4
:10274000EE2BDED1012380F86B30DAE7012380F82D
:102750006830037F80F86930D3E7012380F8663062
:10276000CFE700BF0044014000C8002800C8003285
:10277000044B1888044B1B8880B29BB2C01A18BF48
:102780000120704742360020403600200278024B7C
:1027900051405B5C037070473C4C0108FF230370A1
:1027A000704700BF7047B0F86E32B0F870229B1AC5
:1027B00098B21B0444BF00F5006080B2003818BF17
:1027C00001207047A0F11400EDE7B0F87022B0F8D6
:1027D0006E12914203461FBF8118013291F87402B4
:1027E000B3F872121ABF0A40A3F870220020704793
:1027F000A0F11400E9E770B50B7803704B784370D3
:102800000B78FD2B05460C4638D18B788370CB783E
:10281000C3700B7903714B7943718B7983718B682A
:10282000C3718B68C3F30F2303728B7A43720A263A
:10283000627804F10C01A8190FF0F1FC6378B4F888
:102840000C213344981CEA545A1CB4F80C1192B26F
:10285000090AA954A278D20780B20ED504F588726D
:10286000054404F58E7452F8041B45F8041BA2427B
:10287000F9D112782A700F3398B270BD00238B7093
:102880000B7983704B79C3708B7903718B684371BB
:102890000626CDE701F003039B0003F1804303F517
:1028A000803310B59C680A0C24EA114192FAA2F216
:1028B000B2FA82F202F00F0290400843986010BD15
:1028C00038B54A78352A0D46044601F10C010AD87C
:1028D0000FF0A5FC68780021C0F136022044BDE865
:1028E00038400FF014BB403551F8043B40F8043B2E
:1028F000A942F9D10B88038038BD38B54A781B2A24
:102900000C46054601F10C010AD80FF088FC6078EE
:102910000021C0F11C022844BDE838400FF0F7BA8E
:10292000283451F8043B45F8043BA142F9D138BDA5
:1029300038B54A78082A0D46044601F10C010AD838
:102940000FF06DFC68780021C0F109022044BDE859
:1029500038400FF0DCBAEB6803604B6843600B7AD9
:10296000037238BD38B54A78072A0C46054601F18E
:102970000C010AD80FF053FC60780021C0F1080266
:102980002844BDE838400FF0C2BAE36803604B68E2
:10299000436038BD08B52C22034800210FF0B7FA78
:1029A000024B00221A7008BDFC0E00200406002015
:1029B0002DE9F0411378037092F8018080F80180CE
:1029C000FD2B04460F46154654D193788370D37877
:1029D000C3701379037153794371937983716B7A5F
:1029E000127A1B0403EB0223EA79134423F07F439A
:1029F0000A26A26863F31702A260A919424604F1ED
:102A00000C000FF00CFC7A7B904507D208F10C000B
:102A1000A2EB0802002120440FF079FA63781E44EB
:102A2000AB195A78AB5D03EB0223A4F80C31A37801
:102A3000DB070ED5023615FA86F304F5887203F12A
:102A40000C0153F8040B42F8040B8B42F9D11B78AC
:102A50001370BB7A84F82131FB7A84F822313B7BF6
:102A600084F823317B7B84F824313B7884F820314F
:102A7000BDE8F0810023438093780371D3784371DC
:102A80001379837153790626B3E738B54A78132A48
:102A90000C46054601F10C010AD80FF0C0FB607826
:102AA0000021C0F114022844BDE838400FF02FBACD
:102AB000203451F8043B45F8043BA142F9D138BD1C
:102AC0002DE9F04F0C465188B1F58C7F054685B055
:102AD0004FF0000010D31070D91CC9B2012995BF66
:102AE00001210023518053809CBF2370117000206E
:102AF000287005B0BDE8F08F16780E2E00F2908099
:102B000001A757F826F000BFD92A0008452B000876
:102B10006D2B00088B2B0008212C0008212C0008AD
:102B2000212C0008212C0008212C0008212C000851
:102B3000212C0008212C0008212C0008212C000841
:102B40009D2B0008481C508063542178FD299BB2BE
:102B500006D10C330A21D380918002231370C6E77B
:102B600008330621D38091800E23F7E7481C50805C
:102B70006354D80742BFD1880D31D1800020012B8A
:102B80008CBF034603231370B2E7481C508000201B
:102B90008342635414BF03460E23F4E7481C50805D
:102BA00063545388D1888B4232D3002353801370EF
:102BB00002232B7069802378FD2B37D163792B7228
:102BC000A3796B72637A227A1B0403EB0223E27906
:102BD00013446B60637803F10C026A80A278D1071A
:102BE00001D519336B8000266968DFF800816E819A
:102BF00040F285120C20B31801335B0800FB03F789
:102C000058F80770B9421AD25A1EB242F3D818E0E7
:102C100092889A423FF66BAF01232B70002068E741
:102C2000107050809080D0802870F7E7E3782B7286
:102C300023796B7263796B6063780833D2E71E4641
:102C4000E3D80C27774358F80730994227D12378E7
:102C50002046FD2B10F801BF0CBF4FF00A094FF0C2
:102C6000060909EB0B03591E89B247440193FFF78C
:102C70009BFC97F804A0ADF80E0051460DF10E0034
:102C8000FFF76EFC019BE218E35C527803EB022332
:102C9000BDF80E209BB29A4209D0052000E0032027
:102CA0002870023801288CBF0020012021E7BB7961
:102CB000DA0706D5FA79934582BF04EB09018A5CED
:102CC000AA729B0709D50C2303FB068362781B7A43
:102CD0009A4282BF4C44E35CEB720C2303FB0683F5
:102CE00085F80CA05B796B730220DAE73C4D010894
:102CF000084B5B6A4FF0402202F5806353E8003FC7
:102D000043F0200302F5806040E800310029F3D150
:102D1000704700BF004400400A4A0B4B12680B4941
:102D2000A3FB02323220920C00FB02F2084B4868EF
:102D300002F5FA72A3FB023292094B681B1A9A42FF
:102D4000FBD870476C02002083DE1B43001000E0BC
:102D5000D34D621008B5FFF7DFFF024B04229A61E2
:102D600008BD00BF00040048024B04229A62FFF72E
:102D7000D3BF00BF0004004830B587B0034601ACA4
:102D800000F1100518685968224603C20833AB42A7
:102D90001446F7D10024094D8DF81440A96801A804
:102DA000FDF7EEF910B920B207B030BD0134312C77
:102DB00005F10C05F2D14FF0FF30F5E704000020DB
:102DC00002780A4B90F801C08178D243D2B29A5C63
:102DD00082EA0C0290F803C09A5C4A40995C02793E
:102DE00081EA0C01595C4A40985C70473C4C0108F0
:102DF000028810B58488531C234044889C421EBF1F
:102E000012189171038010BD411A88B20B0444BF9F
:102E100000F5007080B2704770B5104C0025234655
:102E200026782EB166788E4202D1A67896420BD0D3
:102E300001350C2D04F10404F2D1002413F82450C0
:102E40001DB101340C2CF9D170BD012503F82450BB
:102E500003EB8403D87059709A70F5E709060020D7
:102E60002DE9F8430B460D795A7A9E7ADF7A204B8A
:102E7000097A1B5CDB07044600D50DB9FFF7CCFFD0
:102E800000231C491A4898464FF0010E9C4201F855
:102E9000018B25D02DB90278920702D501F801ECFB
:102EA0001EE0154A4FF0000C92F80090B9F1000FA7
:102EB0000FD092F8039099450BD1002EEED092F8E6
:102EC0000190B14505D1002FE8D092F80290B945A4
:102ED000E4D00CF1010CBCF10C0F02F10402E3D1BF
:102EE0000133DBB2042B00F10100CFD1BDE8F88340
:102EF00039060020050600200906002007B50368F2
:102F00008DF807101B6901220DF10701984703B0E6
:102F10005DF804FBF0B50546FD2305F80C3B85B0D4
:102F200004468DF8043090F8243103F10C02024479
:102F3000012B42D80026637066808DF805308B7AAD
:102F400023718DF808308B7AADF8066001338B72EF
:102F500063798DF80930A3798DF80A30A368C3F33B
:102F600017031A128DF80B3009211B140DF10500FF
:102F70008DF80D308DF80C20FFF716FB6778ADF853
:102F800002003A4629460DF10200FFF7F5FA94F8DF
:102F90002311FFF7E5FA94F82421BDF80230A4F8D4
:102FA0000C31974210D207F10C00D21B314620445D
:102FB00005B0BDE8F0400EF0AABF12F8010D0028E0
:102FC000B8D1013BDBB2B3E705B0F0BD70470000FC
:102FD000044AD2F8903023F40043C2F89030FFF74F
:102FE0009BBE00BF0004005808B5FFF795FE044AD9
:102FF000D2F8903043F40043C2F8903008BD00BFCF
:1030000000040058074B084A5B6A02F5006353E866
:10301000003F43F0200302F5006040E80031002942
:10302000F3D17047003801400030014070B50446CC
:1030300008460D46FDF7AEF8236882B229462046C1
:103040001B69BDE87040184708B5FFF7EFFF08BDE2
:10305000B0F1904F02D10120FFF739BA084B9842E6
:1030600005D003F58063984203D10420F4E70220E1
:10307000F2E7044B984201D18020EDE7704700BF92
:1030800000040048001C00480C4B984203D14FF448
:103090000060FFF734BAB0F1804F05D0084B98427A
:1030A00005D14FF40030F4E70120FFF71CBA054BBF
:1030B000984202D14FF48020EBE77047002C01408A
:1030C00000440140004801402DE9F04387B00E461E
:1030D000054614460021142201A89DF838809DF869
:1030E0003C901F460EF013FF00960B2C07D8DFE82C
:1030F00004F007070A121414141616161A1CFEE719
:103100000323019301E002230493032F11D8DFE886
:1031100007F0111321110123F6E70123F1E7012341
:1031200001930393F1E70223EBE7022301930123C9
:10313000F7E7FEE702230293B8F1100F0CD8DFE89F
:1031400008F02D2D0C11131517191B1D1F212325F8
:1031500027292B000123EEE7FEE701230593022335
:1031600001931EE00223F9E70323F7E70423F5E7C1
:103170000523F3E70623F1E70723EFE70823EDE74D
:103180000923EBE70A23E9E70B23E7E70C23E5E74D
:103190000D23E3E70E23E1E70F23DFE7B8F1000F8C
:1031A000DDD1B9F1000F02D02846FFF751FF053CF1
:1031B000042C05D8DFE804F0030B04030B00AE6217
:1031C000694628460CF07CF807B0BDE8F083AE6194
:1031D000F6E713B54FF0010C0024CDE9004CFFF7E2
:1031E00073FF02B010BD000030B587B00023154654
:1031F0000446ADF80630FFF747FF042D04D8DFE89A
:1032000005F02E3204363F00FEE71E4B1E4A1B68B7
:10321000B3FBF2F39BB20022CDE90221013B01A9ED
:103220002046ADF80430049205920CF099FA236818
:1032300023F080032360A36823F4A03323F0070363
:10324000A360636823F070036360636823F4700312
:103250006360A36823F08003A36007B030BD094B0F
:103260000A4A1B68D4E7074B094A1B68D0E7054B9D
:10327000064A1B68B3FBF2F303EB83035B00C9E769
:103280000123C8E76C02002080A8120140420F0011
:1032900000127A0010B50446FFF7A6FF236843F03A
:1032A0000103236010BD00224FF0FF31FFF7F2BF92
:1032B000204B10B5204C5B6823600BF067F94FF092
:1032C00090400BF0BFFF1D480BF0BCFF1C480BF0FB
:1032D000B9FF1C480CF07EFA1B480CF07BFA1B4827
:1032E0000CF0E0F90CF04AF94FF0E02200234FF027
:1032F000B0411361536193618A6822F0030242F086
:1033000001028A6072B64FF0FF319A0002F160420A
:1033100002F561420133082BC2F88010C2F8801117
:10332000F3D162B6034B1B6883F308882368984780
:10333000FEE700BF0000FF1F000600200004004859
:1033400000080048003801400044004000300140BF
:103350000749084A881AEFF30883521A1A44013AB7
:10336000013B984288BF0022AA210EF0D0BD00BFC9
:103370000000012000040000044B5A69586910F055
:10338000020018BFC2F38000704700BF000400585D
:103390004FF0B042D2F8943043F40043C2F8943076
:1033A0004FF47A7300BF013B9BB2002BFAD14FF070
:1033B000B043D3F8942022F40042C3F89420D3F809
:1033C00094205204FBD40C4BD3F8902022F40042FA
:1033D000C3F890204FF47A7200BF013A92B2002AEB
:1033E000FAD1D3F8902042F40042C3F890204FF471
:1033F00000629A61704700BF0004005810B50323B3
:10340000052240214FF09040FFF7E3FEBDE8104059
:103410000323052280214FF09040FFF7DABE08B564
:10342000FFF7AAFF003818BF012008BD08B5FFF755
:10343000F6FF00B908BD00BFF9E74FF090438022C6
:103440009A6240229A6170474FF0904340229A62FC
:1034500080229A6170470000024B4FF480225A602C
:10346000704700BF00E100E010B5134C03230622B3
:1034700002214FF09040FFF7ACFE204603230222CA
:103480004FF48071FFF7A5FE03231A4601214FF088
:103490009040FFF79EFE0323052210214FF090403D
:1034A000FFF797FE20460323BDE8104005224FF4A6
:1034B0008051FFF78EBE00BF000400484FF09043DC
:1034C000186900F00100704708B5FFF7F7FF00B971
:1034D00008BD00BFF9E70000044B4FF480529A6228
:1034E0004FF0904310229A61704700BF00040048DB
:1034F0004FF0904310229A624FF48052C3F8182480
:103500007047000008B510490120FFF7C3F90F4BC1
:10351000D3F8842022F48072C3F88420D3F880206A
:1035200022F48072C3F880205A6822F480725A60B4
:103530001A6842F480721A60054BD02283F8162371
:103540004FF480021A6008BD02000F000008005806
:1035500000E100E0054B4FF48072DA60D3F8802080
:1035600042F48072C3F88020704700BF0008005802
:10357000002303224FF400414FF09040FFF729BE93
:103580004FF09043186980F40040C0F3C03070479A
:1035900010B5074C0023204605221021FFF719FE25
:1035A00020460023BDE8104005220821FFF711BE88
:1035B0000004004805494B691A04DB4302F48012F9
:1035C00003F0100313438B61704700BF00040048F1
:1035D00005494B691A04DB4302F4002203F0080397
:1035E00013438B61704700BF0004004808B50322F5
:1035F00000234FF090404FF40041FFF7EAFD102305
:1036000000204FF090421169090458BF013003F1C6
:10361000FF3358BFC0B213F0FF03F4D108288CBFAA
:103620000020012008BD00000C4BD3F8FC2022F044
:103630008072C3F8FC20D3F8FC2042F08072C3F8FB
:10364000FC20A3F55D431A6822F001021A601A6893
:1036500042F001021A6000225A60704700ED00E05B
:103660000649074B074A1B68B3FBF2F310B54C68D9
:1036700043434A68121B9A42FBD310BD001000E07E
:103680006C02002040420F001FB50223CDE901313A
:1036900001A80123694603930BF0E2F800280CBF50
:1036A0000420052005B05DF804FB014608B50120A3
:1036B0000BF090F800280CBF0420052008BD08B5C9
:1036C000FFF7E2FF031F5842584108BD08B5FFF756
:1036D000ECFF031F5842584108BD00002DE9F04798
:1036E000294B2A4D01280E4614462949294A0FBF65
:1036F00079277827AA461D4606BF88469A469046EF
:103700000BF01CF839462846FFF7D9FF28B90024EA
:103710000BF026F82046BDE8F087002E08BF4FF4D6
:10372000FC64073424F0070405F11007B146344463
:10373000AAEB050AA1450BD14FF011324FF0FF3330
:103740002846FFF7C3FF041E18BF0124A400DFE7CB
:103750006EB90AEB0703D3E90023B3F1FF3F08BFBB
:10376000B2F1FF3F06D1083709F10809E2E7D9E9CC
:103770000023F2E7B84505D93846FFF7A7FF002830
:10378000F1D1C4E70324C3E700C0030800C803085D
:10379000FFCF0308FFC7030810B50AF0CFFF0948A1
:1037A0007821FFF78CFF044638B107487921FFF7ED
:1037B00086FF041E18BF0124A4000AF0D1FF204692
:1037C00010BD00BF00C0030800C8030830B5084D95
:1037D000002340F2EF749AB2914201D8042030BD28
:1037E000A34203D05A5DC2540133F4E70320F6E745
:1037F00010C0030838B504460D4672B60A460146A5
:103800000020FFF76BFF62B6042806D172B60120D4
:103810002A462146FFF762FF62B638BD38B5124B23
:103820001C68D3F80058B4F1113F09D1B5F1113F2C
:1038300017D0002211460120BDE83840FFF74EBFE7
:10384000B5F1113F03D1002211461046F4E7FFF70E
:10385000A3FF042804D12C4001340CBF0220012016
:1038600038BD0420FCE700BF00C00308044B9A6881
:103870009107FCD518739A68D207FCD5187B70475E
:103880000000015870B50C46451E8E18B44200D198
:1038900070BD15F8010FFFF7E9FF04F8010BF5E71C
:1038A000084611461A46FFF7EDBF000070B5064EF8
:1038B00004464518A54200D170BD3078FFF7D6FF09
:1038C00004F8010BF6E700BF50020020084611463D
:1038D000FFF7ECBF38B504464518AC4200D138BDFF
:1038E00014F8010BFFF7C2FFF7E708461146FFF790
:1038F000F1BF000010B58CB02822002102A80EF004
:1039000006FB4FF0B0431C4C5A6E42F001025A665F
:103910005B6E03F001030193019BFFF739FD082261
:1039200008924FF48272002303924FF40072CDE9A3
:103930000533CDE909330293079207234FF4E06280
:1039400002A920460B9304920BF0D0FE636823F08B
:1039500010036360636823F008036360236843F027
:1039600040032360A3689B07FCD5237B034BFF2206
:103970001A700CB010BD00BF0000015850020020AA
:10398000034B18739A68D207FCD5187B704700BFA9
:103990000030014038B5441E8D18A94200D138BD11
:1039A00014F8010FFFF7ECFF01F8010BF5E70846EB
:1039B00011461A46FFF7EEBF38B5064D04460144DE
:1039C000A14200D138BD2878FFF7DAFF04F8010BD7
:1039D000F6E700BF5102002008461146FFF7ECBF92
:1039E00010B5014404468C4200D110BD14F8010BFF
:1039F000FFF7C6FFF7E708461146FFF7F1BF0000E3
:103A000030B58DB02E4C2822002102A80EF07FFA8E
:103A10004FF48050FEF773FD042120460323062255
:103A2000FFF7D7FB0423A36101250624CDE9004558
:103A300003230A2220214FF09040FFF745FBCDE9F8
:103A4000004503230A224FF480514FF09040FFF7C6
:103A50003BFB03231A46CDE900454FF400614FF0CC
:103A60009040FFF731FB0822164C08924FF4827207
:103A7000002303924FF40072CDE90533CDE90933F9
:103A80000293079207234FF4E06202A920460B93AA
:103A900004920BF02BFE636823F0100363606368ED
:103AA00023F008036360236843F040032360A368A6
:103AB0009B07FCD5237B044BFF221A700DB030BD51
:103AC0000004004800300140510200201B4B10B49C
:103AD000DC69A00611D51A6891060ED51848194957
:103AE0005A6A038809880133C3F30A0389B29942E9
:103AF0001FBF1549D2B2CA54038010481F232206A3
:103B0000036215D503681B0612D5104B104A19889D
:103B1000138889B29BB299420CD013880133C3F346
:103B20000803138013880B4A9BB2D35CDBB2836219
:103B300010BC704710BCFEF709BD00BF0038014043
:103B40004A40002048400020483800204E420020D3
:103B50004C4200204C4000200A490B4A08B50B8813
:103B600012880133C3F3080392B29A4207D0074A7E
:103B7000D05407480B80FEF7CEFC012008BD002082
:103B8000FCE700BF4E4200204C4200204C40002089
:103B90000038014038B504464518AC4200D138BD64
:103BA00014F8010BFFF7D8FFF7E708461146FFF7B7
:103BB000F1BF0000054B064A1B8810880133C3F390
:103BC000080380B2181A18BF012070474E42002027
:103BD0004C42002008B5FFF7EDFFB0FA80F0400935
:103BE00008BD0000054B064A1B8812889B1A98B234
:103BF0001B0444BF00F5006080B270474A400020BB
:103C000048400020FFF7EEBF0848094A01881388A2
:103C100089B29BB29942F9D013880133C3F30A03E6
:103C200013801388034A9BB2D05C70474A4000203F
:103C30004840002048380020FFF7E6BF70B588B044
:103C40000C46064615460021202268460EF05FF914
:103C5000231E18BF01231B03CDE9023569460C233F
:103C600003480196049405930BF0D8FD08B070BD8D
:103C70000038014010B5064C236823F0010323608F
:103C8000FFF7DCFF236843F00103236010BD00BF92
:103C900000380140002208461146FFF7EBBF000044
:103CA00073B5304C236823F00103236008250126F7
:103CB0004FF48040FEF723FC4021CDE900562A480E
:103CC00003230A22FFF700FA03231A46CDE9005620
:103CD00025488021FFF7F8F9002211464FF4E13022
:103CE000FFF7ACFF636823F490436360A36823F09D
:103CF0002A03A3601D4BB02283F8242310225A60AC
:103D00002046FEF723FCFEF718FC40232362184BE5
:103D100000211980174B1980FEF706FC164B1980FD
:103D2000164B1980636823F400636360A36823F073
:103D30000803A360636823F480436360A36823F0EF
:103D40002203A360A36843F48053A3602368334332
:103D50002360E3699A02FCD5E3695B02F9D502B0FE
:103D600070BD00BF003801400004004800E100E0E1
:103D70004C4200204E420020484000204A40002093
:103D800008B5FFF78DFFBDE80840FFF73BB9FFF727
:103D9000F7BF0000024B1A68024B1A60704700BF61
:103DA00060420020100C0020054A064B1968136879
:103DB00099421DBF0133012013600020704700BFEE
:103DC000100C002060420020034A044B11681B784D
:103DD0000B441360704700BF604200207002002057
:103DE000014B1868704700BF604200200148FFF790
:103DF0005ABA00BF00440140014B586A80B2704774
:103E00000044014008B5FFF7F1FFBDE80840FFF7A7
:103E1000C1BF0000044BDA6822F00202DA606FF0E2
:103E200002021A61704700BF00440140002208B539
:103E30000260FFF7EFFF044BF02283F81C234FF0E2
:103E400080521A6008BD00BF00E100E008B50368B9
:103E500053B1FFF7DFFF054B5A6A114489B259632A
:103E6000DA6842F00202DA6008BD00BF0044014097
:103E7000074B1A69920709D56FF002021A61DA68D6
:103E800022F00202DA60034B1B681847704700BF3C
:103E9000004401403C340020F8B51E4C1E4FC422A3
:103EA0000021201D0EF033F8C72323801F23062294
:103EB00063800F23A018A38039464323FDF794FDA8
:103EC000164A1123C4E913233F2300250726A4F82B
:103ED000583006224323394604F15A00A4F84A60B8
:103EE0006565FDF781FD4FF480330D49C4F8A030BE
:103EF00004F1B000C4E92A55A4F89E6084F8A450E7
:103F00000EF085F97F2384F8C530052384F8C63088
:103F1000F8BD00BF38050020A04401080F000300D1
:103F20009830010870B5094E05460C46415C304694
:103F30000EF004F8034628B1831B0133DBB2282BB3
:103F400028BF0023F35C2B5570BD00BF104C010847
:103F500070B50D461146044616460EF058F92DB3BD
:103F6000013D082D08D8DFE805F0051113151719D4
:103F70001B1D1F0035236371627973799A4215D135
:103F800020460521BDE87040FFF7CCBF6123F2E772
:103F90006623F0E76B23EEE77023ECE77523EAE78F
:103FA0007A23E8E73123E6E73223E4E770BD000037
:103FB00073B5054605F111061F4C204A014636012E
:103FC0006846FFF7C5FFB01C694620440EF01FF994
:103FD000264404EB0511002302227272A1F81A3163
:103FE000142101FB054001254FF00111C0E91351D7
:103FF000A1F1FF21416540F20111A0F84A20A0F88B
:1040000058104FF48070A0624FF4007084F8343080
:10401000E284A08584F82E5084F8302084F8333070
:10402000C4F83A30C4F83E30C4F84230A4F8461020
:10403000A4F8481002B070BD7C030020583001087D
:104040002DE9F3410546254C254A05F111064FEAB5
:1040500006180F4601466846FFF77AFF08F102008E
:10406000A04469462044FDF7E1FB98F80930072B8E
:1040700084BF022388F8093004EB0610194B427AFA
:10408000198841FA02F2D2070FD40222427261B1BA
:104090004807C1F3800208D441FA02FC1CF0010F6A
:1040A000D0B211D004EB0612507204EB061696F84B
:1040B00009C0BCF1020F0BD8BCF1000F14D05A8814
:1040C000022002F0160213E00132102AE4D1ECE7DC
:1040D000ACF10602012A40F2D381FEE77C03002006
:1040E00058300108380500205A88042002F00F02D9
:1040F00004EB05115A8091F81AE1A3F84A00BEF1C9
:10410000050FA3F89E004FEA051603D94FF0000EE5
:1041100081F81AE104EB060E9EF81A1142FA01F139
:10412000C90713D401218EF81A117AB112F0020FC7
:10413000C2F340010AD142FA01F818F0010F5FFA08
:1041400081FE00F0A281A21982F81AE1A21992F868
:104150001B11032902D9002182F81B11BCF1010FA8
:1041600004D9BCF1040F01D000229A8004EB060CA4
:1041700099889CF81B2141FA02F212F0010210D139
:104180008CF81B2169B111F001020AD141FA02FE3B
:104190001EF0010F5FFA82FC00F07C81A21982F808
:1041A0001BC1CB4A002F40F0BD81142101FB054704
:1041B00097F84AC0BCF1050F03D94FF0020C87F8FD
:1041C0004AC001FB054191F84B70042F02D900272A
:1041D00081F84B70142101FB054191F84B7040FAB6
:1041E00007F7FF0712D4012781F84B708707C0F348
:1041F00040010BD440FA01FC1CF0010FCFB200F0DB
:104200004E81142101FB054181F84B70142101FB03
:10421000054191F84C70032F02D9012781F84C70A9
:104220004FF0140C0CFB054CB3F84C709CF84C1080
:1042300047FA01F111F0010112D18CF84C107FB155
:1042400017F001010CD147FA01FE1EF0010F5FFAD1
:1042500081FC00F02981142101FB054181F84CC04B
:10426000142101FB054191F84E70012F02D900275E
:1042700081F84E704FF0140C0CFB054CB3F84E70E7
:104280009CF84E1047FA01F111F0010112D18CF89F
:104290004E107FB117F001010CD147FA01FE1EF05C
:1042A000010F5FFA81FC00F00481142101FB05413C
:1042B00081F84EC0142101FB054191F84F70042F85
:1042C00002D9002781F84F704FF0140C0CFB054CFD
:1042D000B3F850109CF84F7041FA07F717F0010738
:1042E00012D18CF84F7079B111F001070CD141FA5D
:1042F00007FE1EF0010F5FFA87FC00F0DF80142735
:1043000007FB054787F84FC0142707FB054797F8B9
:1043100051C0BCF1030F03D94FF0000C87F851C016
:104320004FF0140E0EFB054EB3F852C09EF85170BC
:104330004CFA07F717F0010714D18EF85170BCF151
:10434000000F0FD01CF001070CD14CFA07F818F041
:10435000010F5FFA87FE00F0B680142707FB0547C0
:1043600087F851E0142707FB054C9CF850E0BEF19C
:10437000020F03D94FF0010E8CF850E007FB054700
:1043800097F854C0BCF1020F03D94FF0010C87F825
:1043900054C0142707FB054C9CF84DE0BEF1020FFA
:1043A00003D94FF0000E8CF84DE007FB054797F856
:1043B00052C0BCF1010F03D94FF0010C87F852C075
:1043C000142707FB054C9CF855E0BEF1010F03D9FB
:1043D0004FF0010E8CF855E007FB054797F853C0E6
:1043E000BCF1020F03D94FF0000C87F853C04FF017
:1043F000140E0EFB054EB3F856C09EF853704CFADF
:1044000007F717F0010713D18EF85370BCF1000FB6
:104410000ED01CF001070BD14CFA07F818F0010F71
:104420005FFA87FE56D0142707FB052787F853E06D
:10443000142707FB054C9CF856E0BEF10C0F03D97E
:104440004FF0000E8CF856E007FB054797F84CC07C
:10445000BCF1010F0AD197F84FC0BCF1040F05D190
:1044600011F0010F3AD0002187F84F10142101FB01
:10447000054191F84F70B7BB91F85110012937E011
:104480005A88012002F0160232E6013110297FF429
:1044900052AE5BE60132102A7FF478AE81E601313C
:1044A00010297FF4A7AEB1E6013110297FF4CBAE1D
:1044B000D6E6013110297FF4F0AEFBE60137102F6C
:1044C0007FF415AF20E70137102F7FF43EAF49E7A7
:1044D0007C0300200137102F9ED1A9E711F00401C1
:1044E00018BF0221C0E7012F0AD191F8511002290B
:1044F00001BF142101FB0541002781F8517007E03D
:10450000022F03D191F851100329F1E7032FB3D003
:10451000142101FB0541012781F8577040F2011772
:10452000A1F8587094F82610052902D9022184F8C0
:10453000261094F82710042902D9002184F82710A6
:1045400094F8271040FA01F1C9070ED4012187071A
:1045500084F82710C0F3400107D440FA01FC1CF096
:10456000010FCFB245D084F8277094F828100229A3
:1045700002D9002184F8281094F82910022902D9C0
:10458000012184F82910B3F8A00094F8291040FA0A
:1045900001F111F001010DD184F8291050B110F092
:1045A000010107D140FA01FC1CF0010FCFB224D069
:1045B00084F8297094F82A100C2902D9002184F873
:1045C0002A1094F832100C2902D9002184F83210F4
:1045D00094F82B10042902D9002184F82B10002113
:1045E00048480F4610F901CF1CF1780F09DA07701F
:1045F0000AE001311029B0D1B7E701311029D1D13A
:10460000D8E7BCF1780FF2DC0131C9B20C29E9D14D
:104610003D480021012710F801CF0131BCF1020F04
:10462000C9B288BF07700429F5D194F83410022963
:1046300002D9002184F83410B3F8A21094F8343071
:1046400041FA03F313F001030CD184F8343049B17B
:1046500011F0010306D141FA03F7FF07D8B211D5D3
:1046600084F8340094F82C30022B02D9002384F80B
:104670002C3094F82D30032B08D80AD1002384F86D
:10468000343006E00133102BE5D1EBE7022384F848
:104690002D3094F82E30022B02D9012384F82E30CD
:1046A00094F83030022B02D9022384F8303094F889
:1046B00033300C2B02D9002384F8333092F8353094
:1046C000042B02D9002382F8353016444FF6FF71CF
:1046D000A6F820111421FF2301FB052182F82F30B9
:1046E00082F831304FF0FF33C6F81C3113629384E7
:1046F000A1F85A30A1F85C30D386138702B0BDE828
:10470000F08100BFB5030020C10300200021FFF7A6
:1047100097BC01210020FFF793BC0000034670B551
:104720000846052B04D8DFE803F01E04221A1E22D7
:10473000FEE720261F250F221B4CA4F84E5022779F
:1047400001255A1EA370A4F84C60A576A57300231A
:10475000042A10D8DFE802F0121D20251D000926CA
:104760006F250722E8E7142632250A22E4E73526DA
:1047700013251922E0E72371237401E023712574C6
:10478000FDF7C6FB002808BF022000236073637694
:1047900070BD25710223EFE723712374A376A37301
:1047A000EEE72371A373E7E7FC020020012803D0A2
:1047B00002280FD088B1FEE702460021084B83F89B
:1047C000550083F8582083F8562083F8591083F851
:1047D0005710704700220121F0E701221146EDE752
:1047E000FC0200202DE9F043A04DA14C00F111087E
:1047F00005EB081702378BB006463846FDF732F84E
:10480000042100906846FDF7CFFE05EB0613E08318
:1048100093F81B314FEA06192BB103EB031303EB9B
:1048200003231844E08305EB08135B7A062B40F062
:10483000F980E38B03F5B5432533E383142303FBAE
:10484000065305EB081893F84B00FFF7AFFF98F8F5
:10485000091061708B1FA944012B8CBF0023012319
:1048600099F81A0184F85A30FFF758FF99F81B217C
:10487000E18B009BE1806182A36063612AB14FF00C
:10488000113000FB0233A3606361142303FB065362
:10489000616293F84A00774B84F8292013F920309D
:1048A00023732376002384F82A30637B23B93846A8
:1048B000FCF7F8FF84F82A006078FDF729FB6E4AC0
:1048C00084F82800128802F00101970748BF41F0E0
:1048D0000201A1850346500742BFA18D41F00401AA
:1048E000A185110742BFA18D41F01001A185D70616
:1048F00042BFA18D41F02001A185900642BFA28D4B
:1049000042F00802A2855D4A01AF02F1200E106854
:104910005168BC46ACE80300083272456746F6D1E0
:104920001068CCF8000006220AA994F802E0544F5F
:1049300002FB0313734413F824CC84F820C017E956
:104940000F0087E80F0094F85A3053B1002384F821
:1049500038300EF128030DEB030E1EF8243C84F8CA
:10496000303094F83000844540F2E24328BF60467E
:10497000A4F850302CBF4FEA5C074708FCF710F949
:104980004FF07F51FCF760F9FCF760FB042F98BFF4
:104990000523B4F84C2084F8547098BF84F8543040
:1049A0004FF47A73B3FBF2F3A4F84030142303FB03
:1049B0000653C0B293F85030A4F85200002B39D0FF
:1049C000022B14BF4FF4E1334FF4613363641423BB
:1049D00003FB065393F854307BB3022B14BF4FF400
:1049E000E1334FF46133A364002384F85B3084F82F
:1049F0005D30142303FB065696F84C30032B03D08E
:104A000096F84F20042A02D1012284F85B20591E17
:104A10004A424A4184F85C2094F85B2082B1012B21
:104A20000ED1FEE7072B7FF409AFE38BA3F5B54367
:104A3000263B02E74FF46143C8E74FF46143D2E7F6
:104A40002178142000FB015595F84C10022907D15C
:104A5000012184F85D1022B194F85D301BB1FEE7AE
:104A60000AB9012BF8D00BB0BDE8F0837C0300201D
:104A7000FC020020A044010838050020902E010807
:104A80002C03002002484FF4DE72FF210DF03FBAE4
:104A90007C03002002484FF4DE71FEF7ABBE00BF7E
:104AA0007C03002002484FF4DE71FEF78FBE00BF8A
:104AB0007C03002008B5FFF7F5FF034B1878BDE82D
:104AC0000840FFF723BE00BFFC020020F8B5FFF747
:104AD000D9FFFEF7A3FE04280CD0FFF7D3FFFEF7A3
:104AE0009DFE042803D1FFF7DDFF042806D0FFF761
:104AF000C9FF03E0FFF7D6FF0428EED14F49504825
:104B00004F4C10220DF027FA38B14E4910222046A2
:104B10000DF021FA08B1FFF7B5FFA38A42F6A10212
:104B2000934266D042F6A002934258D80021444BEB
:104B3000022504260F46012093F84F20012A1ED09B
:104B4000022A1FD00ABB93F85020042A20D0052A3D
:104B500020D0033A18BF012201310A2983F85020DE
:104B600083F8540003F11403E6D194F82C30042B9D
:104B700012D0052B31D0002384F82C300EE083F8BE
:104B80004F50E0E783F84F60DDE783F84F70DAE7D6
:104B90000122E1E70222DFE784F82C0042F6A103BC
:104BA000A382012522692549254842F6A2039A429B
:104BB0004FF010021CBF236101250DF0CCF9D0B1DC
:104BC0001E491F481022FCF78DFF1F491F4808226D
:104BD000FCF788FFFFF75EFF0FE00223CCE700251C
:104BE000E8B20135FFF7E4F90A2DF9D10023E377A4
:104BF000D4E70025D6E7002DECD1E37F104A092B3E
:104C000084BF0023E377E17F1420002300FB0144ED
:104C1000013394F84C0082F84C000A2B02F1140284
:104C2000F6D10B4C2170FFF737F92078FFF76EFDB6
:104C30002078BDE8F840FFF7D5BD00BF5F30010820
:104C40007C03002070300108813001082E0500200F
:104C5000FC0200200129F7B5054600D9FEE70B4EFE
:104C600006EB01131C460F016278F15D03619B782E
:104C70000BF0E6F8E3790193A37900932279637945
:104C8000E17828460BF003F903B0F0BDB8630108E2
:104C900038B5836804466BB1024652F8183BDD69AB
:104CA00000F11903A847217E20460222BDE83840C2
:104CB0000BF04FB938BD000070B58160897A86B0BD
:104CC000044601B101210BF094F820460BF013FAD1
:104CD00020460BF0EBF9217BFF2903D0FA22204676
:104CE0000BF0F0F9A3685B7A013B042B04D8DFE8F2
:104CF00003F0043E3E414100FEE7E922E121204667
:104D00000BF01EFA012120460BF0ADF9962120464A
:104D10000BF0EAF9382120460BF0FCF920460BF0A5
:104D200001FAA368204693F90810FFF7B1FFA368C2
:104D30009D7A15B319782046FFF78CFF00221146A3
:104D400020460BF070F80023009340F20322204627
:104D50004FF6FF710BF0CAF820464FF6FF710BF0CB
:104D6000ECF8204606B0BDE870400BF08CB9DB22B1
:104D7000D721C4E76F226B21C1E75E880E4B6361C8
:104D80004CF25033009320460C4919230B220BF0B0
:104D9000E7F90123CDE903335B23CDE90153102368
:104DA00019462046009504220BF018FA3146204699
:104DB0000BF038FAC2E700BF98630108A086010033
:104DC00038B504461D4613460A4600210AF0A4FFE2
:104DD00020464FF6FF710BF0B0F8A9012046BDE860
:104DE00038400BF0C3B810B504460BF04CF9204620
:104DF0004FF6FF71BDE810400BF09FB838B58168E1
:104E0000036891F90810DD69044600F1190300F107
:104E10001802A847A3689A7A42B11A78012A00D9E1
:104E2000FEE7044B03EB0213236138BD024B6361C1
:104E3000FBE700BFB86301089863010810B50A4C8E
:104E4000A06858B1236923B9636913B92046FFF7F5
:104E5000D5FFA3689B7A23B123699868A0F57A707F
:104E600010BD63699869F9E704330020836810B5C1
:104E7000044683B103691BB943690BB9FFF7BEFF51
:104E8000A3689B7A1BB12369B3F90C0010BD636959
:104E9000B3F91C00FAE71846F8E7836810B5044632
:104EA00043B103691BB943690BB9FFF7A7FF94F935
:104EB000190010BD1846FCE708B5836843B9FFF731
:104EC000FBFE7D20FEF7CCFBBDE80840FEF7C4BA30
:104ED00008BD10B5C01A9DF90840123080F30500D6
:104EE000A042A8BF2046123B08701844107010BDA5
:104EF00007B5084611461A46122300931B23FFF7F5
:104F0000E8FF03B05DF804FB0229F7B5054600D9B8
:104F1000FEE70B4E06EB01131C460F016278F15DB4
:104F2000C3609B780BF0F3FAE3790193A3790093C4
:104F300022796379E17828460BF012FB03B0F0BDCB
:104F4000EC63010838B5836804466BB1024652F839
:104F5000143BDD6900F11503A847217D204620227E
:104F6000BDE838400BF057BB38BD00007FB58D7AE7
:104F70008160044675B301210BF09FFA01212046A0
:104F80000BF0A6FB012120460BF0BCFBA3682046DA
:104F900093F90810FFF7D6FFA36820461978FFF7AA
:104FA000B3FF0022114620460BF0A4FA0023009321
:104FB00044F2030220464FF6FF710BF0EDFA204653
:104FC0004FF6FF710BF00FFB204604B0BDE87040B8
:104FD0000BF08ABB03210BF070FA204601210BF085
:104FE00077FB204601210BF08DFBA368204693F947
:104FF0000810FFF7A7FFA3685E680C4B23612A46E1
:105000002046102386210BF0A1FB5B23CDE9005342
:10501000204602951023042270210BF0A6FB2A469D
:10502000314620460BF0BFFBBBE700BFD863010849
:1050300038B505461C4613460A4600210BF0D9F93F
:1050400028464FF6FF710BF0CEFA2201284692B2A5
:10505000BDE8384001210BF0EEBA10B504460BF064
:1050600043FB20464FF6FF71BDE810400BF0BBBA82
:1050700038B58168036891F90810DD69044600F1CC
:10508000150300F11402A847A3689A7A42B11A786E
:10509000022A00D9FEE7044B03EB0213E36038BD9C
:1050A000024B2361FBE700BFEC630108D8630108F2
:1050B000836810B5044683B1C3681BB903690BB993
:1050C000FFF7D6FFA3689B7A1BB1E368B3F90C0026
:1050D00010BD2369B3F91000FAE71846F8E78368B2
:1050E00010B5044643B1C3681BB903690BB9FFF798
:1050F000BFFF94F9150010BD1846FCE708B583689A
:1051000043B9FFF733FF7D20FEF7AAFABDE8084058
:10511000FEF720BA08BD0000F8B50446084620286E
:1051200011461D46BDF818C09DF81C209DF8203082
:1051300000D9FEE7052DA57100D9FEE72B4F57F8E2
:10514000356006B9FEE707EBC507A6603E797F79B3
:1051500027730027E67184F8D550A4F80EC084F8B0
:10516000D470BCF1000F00D1FEE786429CBF06F16F
:10517000FF36F0B2052D60742DD0012D32D802F12A
:10518000FF35EDB21DD0022D16D85D1E032D0DD8B2
:105190000C2801D90C256574657C854200D96074A2
:1051A0002046FCF7DFFD00232374F8BD122884BFDE
:1051B000122363740023EFE7042B88BF002300222F
:1051C000EEE7022D04D80C2803D90C23637400E009
:1051D00000220023E4E7531E022BF9D80828F8D94F
:1051E0000823F3E72046FCF763FDDCE77044010881
:1051F00090F8D43053B190F8D520074B03EBC2019F
:1052000053F83230497953F821007047037C00EBA2
:105210008300406B704700BF704401082DE9F341E3
:105220009DF824701646402F88464FF05B024FF0E1
:10523000000104461D4628BF40270CF068FE904B35
:10524000DB8B23803278A37862F30203A37071783A
:10525000C90001F00801DBB203F0070341EA0811BD
:105260001943A1707279E37862F30003E370B279B5
:10527000637962F38613637196F90200FCF703FA0F
:10528000E37860F34703E370F279237962F3000374
:105290002371327A62F3460323713279DBB202F072
:1052A000010203F07F0343EAC21323713279637969
:1052B000C2F3450223F03F0313436371A37967F3FD
:1052C0004703A3712B78AA78E3716B7802F01F0271
:1052D00003F0070343EAC20323726A88637AC2F3C6
:1052E000451223F03F03134363722A79DBB202F0C5
:1052F000030203F03F0343EA82136372AB88C3F3F4
:105300008703A3726A79E37AC2F3800223F0010370
:105310001343E372AA79DBB202F07F0203F00103C8
:1053200043EA4203E372EA88237BC2F3C31223F009
:105330000F03134323732B7AAA7AE3736B7A02F079
:105340001F0203F0070343EAC20323746A89637CE4
:10535000C2F3451223F03F03134363742A7BDBB28D
:1053600002F0030203F03F0343EA82136374AB8944
:10537000C3F38703A3746A7BE37CC2F3800223F048
:1053800001031343E374AA7BDBB202F07F0203F054
:10539000010343EA4203E374EA89237DC2F3C312A3
:1053A00023F00F03134323752B8ADB0863756B8A85
:1053B000DB08A375AB8ADB08E375EB8ADB08237691
:1053C0002B8BB3F5C06F4ED2B3F5007F94BF002393
:1053D0000123227B63F3051222736B8BB3F5C06F3D
:1053E00043D2B3F5007F94BF00230123227B63F3F4
:1053F00087122273AB8BB3F5C06F38D2B3F5007F41
:1054000094BF00230123227D63F305122275EB8BE9
:10541000B3F5C06F2DD2B3F5007F94BF00230123F5
:10542000227D63F38712089B22751F4404F1180242
:10543000BB4220D14FF6FF7321460DF106000D222D
:10544000ADF80630FDF798F82146BDF8063021F892
:105450000D3F4C22FDF790F8BDF80630A4F8593006
:1054600002B0BDE8F0810223B3E70223BEE70223C6
:10547000C9E70223D4E713F8011B02F8011FD7E79D
:10548000FC02002013B59DF81040CDE9003413460E
:105490000A460021FFF7C2FE02B010BD13B5144B3F
:1054A0000288DB8B9A4204461DD1837803F0F00317
:1054B000102B01D0202B18D1A379A52B15D84FF68E
:1054C000FF730DF1060059222146ADF80630FDF7B5
:1054D00053F8B4F85900BDF80630C01A18BF0120BF
:1054E000800002B010BD0120FBE70220F9E700BFF9
:1054F000FC02002030B53A4B027893F8261061F395
:105500000302027093F8271061F30712027093F8F8
:105510002810427861F30302427093F8291061F376
:105520000712427093F82A10827861F303028270A6
:1055300093F83210827961F30302827193F82B1091
:10554000827861F30712827093F83410C27961F3A4
:105550000302C27193F82C10C27861F30302C27087
:1055600093F82D1061F30712C27093F82E10027990
:1055700061F303020271427993F8301061F3030280
:10558000427193F83310827961F30712827193F8B4
:105590003510C27961F30712C27103F1390100F1CC
:1055A0000A0200F1160411F9015F02F8015FA2423C
:1055B000F9D193F84610C27D61F30102C27593F8E8
:1055C000471061F38302C27593F8481061F3051226
:1055D000C27593F8493063F38712C27530BD00BFBE
:1055E0007C0300200278344BC2F3030230B583F809
:1055F00026200278C2F3031283F827204278C2F3F0
:10560000030283F828204278C2F3031283F829208A
:105610008278C2F3030283F82A208279C2F303025C
:1056200083F832208278C2F3031283F82B20C279E8
:10563000C2F3030283F83420C278C2F3030283F872
:105640002C20C278C2F3031283F82D200279C2F312
:10565000030283F82E204279C2F3030283F830203C
:105660008279C2F3031283F83320C279C2F30312A2
:1056700083F8352003F1390100F10A0200F1160424
:1056800012F9015F01F8015FA242F9D1C27DC2F3B4
:10569000010283F84620C27DC2F3810283F84720CD
:1056A000C27DC2F3011283F84820C27DC2F3811289
:1056B00083F8492030BD00BF7C0300201FB58DF862
:1056C0000C300123019303AB009313460A460221D9
:1056D000FFF7A4FD05B05DF804FB0000F0B5274D11
:1056E000012385F8A430044685B0B0F80900FCF722
:1056F000A0F9C5F8A800B4F80B00FCF79AF9142239
:10570000C5F8AC0004F10D0105F1B000FCF7FCF99F
:1057100094F9213085F8C53094F8223085F8C630E8
:1057200004F12300FFF75EFF6E4604F1410304F12C
:10573000510718685968324603C20833BB421646FF
:10574000F7D1432308220E486946FCF7F5F894F890
:105750005130A5F89E3094F85230A5F8A03094F856
:105760005330D5F8AC20A5F8A23042F6A1039A42F6
:1057700001D0FEF7CEFF05B0F0BD00BF3805002018
:10578000920500202DE9F04792B00DF108084FF086
:10579000400905460E46174600214A4640460CF091
:1057A000B6FB222342F6A2008DF80830FCF730F950
:1057B000DFF880A0ADF8440042F6A100FCF728F91C
:1057C0001D4C9AF80010ADF8460004EB01110DF1E4
:1057D0000A00062201F58971FCF784F99AF8001095
:1057E00004EB011205A892F81A3192F8194103F05E
:1057F0000F0304F00F0444EA031492F81B3103F082
:105800000F0344EA0324BDF8103023F47F6323F030
:105810000F031C43ADF81040FFF76CFECDE9008983
:105820003B46324602212846FFF7F8FC12B0BDE89D
:10583000F08700BFFC0200207C030020034B0449DA
:105840001A68044801FB02001860704740060020F7
:105850000D6619005FF36E3C38B50B4A0B4D13789B
:105860002C78A34205D101332B70287800F0010079
:1058700038BD1470FFF7E2FF6FF0004398423CBF61
:1058800001342C70F1E700BF3D0600203E060020E9
:105890000B4A0C49126882600A6802614A680A4928
:1058A00042610A6882614A68C26100234EF6602242
:1058B000838083718381038402600385704700BF06
:1058C00060420020873001089030010838B5214C33
:1058D00094F8563013B994F85830B3B11E4DAB68F4
:1058E00003B9FEE722791A70002128460AF06AFA05
:1058F0004FF47A70FDF7B4FE012128460AF079FAD8
:10590000AB6828461978FFF7A5F994F8573013B912
:1059100094F85930B3B1114DAB6803B9FEE7227C5E
:105920001A70002128460AF0B1FD4FF47A70FDF795
:1059300097FE012128460AF0C0FDAB682846197879
:10594000FFF7E2FA0448FFF74EFA0448FFF785FB39
:1059500038BD00BFFC0200200433002020330020AB
:1059600038B51D4D0446A8786978052828D14FF62A
:10597000FF732385FEF7D2FE6B7801229A40238DB8
:1059800023EA0203238515491548FFF795FA1549BF
:105990001548FFF7B3FB1248FFF725FA1248FFF747
:1059A0005CFB0F486FF07F01FFF772F90E486FF054
:1059B0007F01FFF7C7FA2046BDE83840FFF786BFF2
:1059C000002323850220FEF7A9FE6A780123934075
:1059D000228D13439BB2D5E7FC0200200003002078
:1059E000043300200C0300202033002008B590F879
:1059F000203002468BB9FDF7C3FD10B982F82100B3
:105A000008BD92F8213001335BB2312B82F821308E
:105A1000F6DD012382F82030F2E7FDF7B1FD18B181
:105A2000322382F82130EBE792F82130013B5BB260
:105A3000002B82F82130D8BF82F82000E0E7000078
:105A4000134B90F820201B68CAB182689B1AB3F5EB
:105A50007A6F01D9012343710379ABB10D4B427BBE
:105A60001B781AB1022B1CBF032202739A1E5342E9
:105A700053414373837953B10323037370478360A6
:105A8000EAE701230371F8E74379002BF9D1704766
:105A9000604200201D0700200346007B821E012A71
:105AA0004FF0000202D893F8201009B91A7370471A
:105AB0001046704770B51D4C1D4E05465B220021F7
:105AC00020460CF024FA2B6923606B696360194B44
:105AD000194D1B7831789A1E53425341627A05EB77
:105AE000011163F30002627201F58971062204F16B
:105AF0000A00FBF7F7FF337805EB031205EB0315FC
:105B000092F81B1195F8193192F81A2103F00F033E
:105B100043EA02132374637C204661F30303592193
:105B20006374FCF741FDA4F8590070BD8133002077
:105B3000FC0200201D0700207C0300200A4A38B523
:105B4000138801339BB2502B04460D4601D81380B5
:105B500038BD002305491380FDF768FA2946204621
:105B6000FDF764FAF4E700BF140C0020EC310108E3
:105B70002DE9F84F154604460F466B496B4EFDF76D
:105B800055FA29462046FDF751FA694B0022012FAC
:105B90001A800FD11023B362082746F2A810B7610C
:105BA000FDF75EFDB762FDF75BFD29462046FFF776
:105BB000C5FFF2E7BB1E08220C2B00F2A880DFE82D
:105BC00003F03141521C07A6A6A66262626262001F
:105BD000564E4FF008081027C6F8188046F2A81055
:105BE000B762FDF73DFDC6F82880B761FDF738FDC7
:105BF00029462046FFF7A2FFEDE74C4E4FF008087C
:105C00001027C6F8188046F2A810B761FDF728FDE6
:105C1000C6F82880B762FDF723FD29462046FFF726
:105C20008DFFEDE7B262414E102746F2A810B76132
:105C3000FDF716FDB762FDF713FD29462046FFF775
:105C40007DFFF2E71023B361384E082746F2A81013
:105C5000B761FDF705FDB762FDF702FD2946204655
:105C6000FFF76CFFF2E7B261304E102746F2A81042
:105C7000B761FDF7F5FCB762FDF7F2FC2946204657
:105C8000FFF75CFFF2E7A7F1090BDFF8A0805FFAEE
:105C90008BFB00264FF0080A5E453CBF1023C8F876
:105CA00018304FF0040946F2A810C8F818A0FDF704
:105CB000D7FCC8F828A0FDF7D3FC09F1FF39294625
:105CC0002046FFF73BFF19F0FF09ECD11023C8F87D
:105CD00028304FF0040946F2A810C8F818A0FDF7C4
:105CE000BFFCC8F828A0FDF7BBFC09F1FF39294625
:105CF0002046FFF723FF19F0FF09ECD10136A7F189
:105D00000803F6B2DBB2B34238BF0026C4E7102363
:105D1000B261B3614CF25030FDF7A2FC2946204637
:105D2000FFF70CFFF6E700BFEC3101080004004864
:105D3000140C002010B5437802789A421BD0052B32
:105D40008ABF052303700370027888BF43700A4B33
:105D50000A4813F922100A4C83682173217613B183
:105D60001972FEF795FF0748836823B194F918105C
:105D70001972FFF7E7F810BDA044010804330020B2
:105D8000FC0200202033002010B50AB9437010BD7A
:105D9000541E0B2CFBD80332D2B231F91220C83A70
:105DA00003FB022240F2716192FBF1F212B222EA8D
:105DB000E2729A42C8BF1AB24270E8E72DE9F04792
:105DC000DDF82080204E0F461D4604469146FDF723
:105DD0000DFC1E491E4B002830D0022F27D8002F63
:105DE0000CBF304608461A46012DC4E9000228D0EF
:105DF000023D012D154A88BF0022C4E90513154B49
:105E0000E3610368A2600022C4E903269B68494657
:105E10009847A06818B1036841469B689847606836
:105E20000368BDE8F0479B684FF4E1311847032F42
:105E300015BF304618461A463246D5E71846324650
:105E4000D2E7014AD9E700BF5C02002064020020CB
:105E5000600200206802002010B40C46014620B900
:105E60002246044810BC09F07EBF034810BC002144
:105E70000AF0E6BA0433002020330020F8B51E4EA5
:105E80001D4696F85A300F4614467BB1FDF7D5FAF9
:105E90001A482B462246FEF793FFFDF71DFB1848D4
:105EA0002B4622463946FFF7C3F8F8BD88B9FDF7FF
:105EB000C4FA12482B462246FEF782FF96F8573066
:105EC0001BB996F85930002BEFD00D48FFF7C5F8F5
:105ED000EBE7FDF701FB0A482B462246FFF7A8F83F
:105EE00096F856301BB996F85830002BDDD0034891
:105EF000FEF779FFD9E700BFFC0200200433002041
:105F00002033002037B50C4698BB2F48836833B93F
:105F1000812281F88C2081F88E3003B030BD9D7ACB
:105F2000DDB101F18E020DF106010AF055F894F988
:105F30008E30002B04DABDF806201344ADF806308D
:105F4000BDF90630002B0FDB4FF6FF73ADF80630BE
:105F5000BDF8063084F88C30DFE70DF106010AF059
:105F600072F984F88E50EBE77F33F1DA4FF68173E4
:105F7000ECE7164883682BB9812281F88D2081F8DF
:105F80008F30CAE79D7A95B101F18F020DF10601BC
:105F90000AF07BFBBDF90630002B0FDB4FF6FF73D9
:105FA000ADF80630BDF8063084F88D30B5E70DF158
:105FB00006010AF02EFC84F88F50EBE77F33F1DA0C
:105FC0004FF68173ECE700BF04330020203300203C
:105FD00070B5114C0D4606465B23224621462846E5
:105FE000FFF73AFFD6E90613206862689A4208BFB5
:105FF00088420ED120465921FCF7D6FAB4F8594010
:10600000231A5C425C4128460449FFF77BFF601C71
:1060100070BD0024F7E700BF453100205832002052
:106020000A4608B501460148FFF7A2FD000000201E
:10603000002303708370437003714371C370704712
:1060400003780022022B427104D0032B09D0012BCC
:1060500016D0FEE701230371437183784370C37048
:10606000704783784278991AA3EB020218BF012186
:1060700012F0060F14BF0122002201714271EDE7F8
:106080000271704702788170002A0CBF022203223D
:106090000270FFF7D5BF0000074B282202FB003338
:1060A0009B681A78542A05D15878A0F17803584291
:1060B0005841704700207047B8440108074B282218
:1060C00002FB00339B681A78522A05D15878A0F158
:1060D000780358425841704700207047B84401087F
:1060E000074B282202FB00339B681A78542A04D1FC
:1060F0005878783818BF012070470120704700BFDA
:10610000B844010828230B4A434310B5D15804462C
:10611000FFF7D4FF48B92046FFF7BEFF064B1B78B8
:1061200028B103EB830301EB8301084610BD01EBAB
:106130000311FAE7B8440108FC0200202E2838B504
:1061400005461AD80E4B282202FB00334CB21B79AD
:10615000022B0DD0FE2B10D1FFF7D4FF0378E4B251
:10616000A3420AD004702846BDE83840FFF7B8BF04
:10617000FFF7C8FF90F90030F2E7002038BD00BFFC
:10618000B84401082E2838B504460D4619D80E4BE0
:10619000282202FB00331B79FF2B12D1FFF7B2FF3D
:1061A00006222946FBF7C3FC58B92046FFF7AAFF91
:1061B00029460622FBF7A8FC2046BDE83840FFF739
:1061C0008FBF002038BD00BFB84401082DE9F0435F
:1061D000074615462820394A41435018012B046AC6
:1061E00087B025D15258364B9A4235D0A3F1CE0113
:1061F0008A4233D03349F23B9A4208BF0C46FF2310
:106200008DF800304FF0000801262046F9F7C2FF54
:106210005FFA88F9484529D806F118036B44AE4265
:1062200003F8188C30D80020387007B0BDE8F08330
:10623000022BE4D15258224B9A4211D0591C8A4267
:1062400010D0A3F1CE018A420ED0A3F1F2018A420E
:106250000AD01D49EC3BCFE71C4CD0E7194CCEE7E8
:106260001B4CCCE71B4CCAE71B4CC8E714F80930A1
:106270002C2B06D106F118036B44013603F8188C59
:10628000F6B208F10108C0E705F118030DEB0305AC
:10629000002315F8182C15F9175C0132D2B29918A1
:1062A000C9B2A94207EB030003DB002303700120FE
:1062B000BBE7615C01700133DBB2F0E7B844010871
:1062C0009504002099300108CD300108EA3001081A
:1062D000933101087131010847310108054B28222B
:1062E00002FB00335B6A0BB1188870474FF6FF70F2
:1062F000704700BFB84401080B4B282202FB003353
:1063000070B51E6A3046F9F745FF00220146144673
:10631000D5B2631CA942D8B200D870BD735D0132FA
:106320002C2B08BF0446F3E7B844010838B5104BDE
:10633000282202FB003301461B79FE2B15D1FFF703
:10634000CDFF04460846FFF7D7FF0022014601258E
:106350001046D3B2994200D838BD05FA02F3234261
:106360001CBF431CD8B20132F3E7FF20F4E700BFA3
:10637000B84401082DE9F04F4FF0000A1D4E93B0CC
:1063800004460F46D146D6F808805FFA8AF54FF0EA
:10639000000B0DE018F8030001920BF08FFCC3B264
:1063A000019A202B08BF5F2302F8403C0BF1010B40
:1063B0005FFA8BF340460193F9F7ECFE019B03F182
:1063C000480298426A44E5D802F8409C394602A83F
:1063D000F9F7D6FE48B10AF1010ABAF12F0F06F11A
:1063E0002806D0D10025284600E00120257013B0F2
:1063F000BDE8F08FB84401082DE9F0411D4E282377
:1064000003FB016604463379FE2B0D46174618D070
:10641000FF2B21D0022B28D10846FFF773FE21461F
:1064200090F9000009F079FB35692B783BB11249EE
:1064300020460BF074FD294620460BF070FD01202C
:1064400015E00846FFF75EFE3B46027829462046E7
:10645000BDE8F041FFF7BABE0846FFF753FE06223B
:1064600001462046FBF750FBE9E700202070BDE81D
:10647000F08100BFB844010801320108F8B5194B9A
:106480001646282202FB063300241A790470022AD9
:1064900007460D4603D0FE2A13D02046F8BD93F9D7
:1064A00018209142F9DB93F91C309942F5DC4FF04A
:1064B000000165F307013046FFF740FE0124387004
:1064C000EBE70029E9DB3046FFF716FFA842E4DDE1
:1064D0003046FFF703FF40FA05F313F00100E6D161
:1064E0000446DAE7B84401082DE9F84300230370B5
:1064F000124B1746282202FB073306461B79FF2B57
:106500000C4603D000252846BDE8F8830846F9F775
:1065100041FE0628F6D104F1FF3804F1050918F808
:10652000010FFBF769F905460028EBD0C845F6D105
:1065300021463846FFF726FE3070E4E7B8440108EC
:10654000F8B5104E4FF0280C0CFB02660027367988
:106550000770FE2E04460B46154603D0FF2E0BD0C7
:10656000022E0DD118460BF015FB2A460146204697
:10657000BDE8F840FFF782BFBDE8F840FFF7B4BFC1
:106580003846F8BDB844010810B504460846B2B90B
:10659000FBF788F9042812D8DFE800F003090B0D97
:1065A0000F00084920460BF032FE012010BD0649BD
:1065B000F8E70649F6E70649F4E70649F2E700205E
:1065C000F4E700BFD0310108D5310108DA31010804
:1065D000DF310108E531010810B504460068FCF719
:1065E00025FD02492068FCF721FD10BDEB310108B3
:1065F0000D4B0E4A5B680360003B18BF012303711B
:1066000000234371B2F84C2080F88530122A8CBFE9
:1066100002220122C0F8883080F88C3080F88D206A
:10662000A0F88E30704700BF5C030020FC02002001
:1066300090F88530682B08D8C2180133DBB251714D
:1066400080F88530184400234371704708B5053041
:10665000F9F796FDB0FA80F0400908BD2DE9F04346
:10666000064691B0084688461546F9F793FD06F1AF
:10667000050904464846F9F78DFDE4B2631CC7B22C
:10668000BB4203DB002011B0BDE8F0832246414647
:1066900048460BF060FC0028F4D1231D22461E441E
:1066A000BA4203461BD300F140036B44002403F8B5
:1066B000404C0028E6D09DF800303D2BE2D130233D
:1066C00068468DF80030F9F765FD2346DAB290424E
:1066D00012D868460BF05EFA28600120D3E716F85E
:1066E000011F202905D040336B440130C0B203F8AC
:1066F000401C0132D2B2D3E740326A44013312F86F
:10670000402C303A092AE1D9BCE700002DE9F047D6
:106710004379702B90B080460F46164671D183792D
:10672000202B6ED1C0790BF0C1FA00285CD0002577
:106730004FF0020A2C4608F105094846F9F72AFDF0
:10674000824522D305F140030DEB0305002305F834
:10675000403CC4B3E8461D4618F8010B0BF0AEFAF6
:1067600078550135EBB2A342F6D300253D550134EF
:10677000E4B26846F9F70EFD6719FFB2874206EBEF
:10678000050334D300221A702DE008EB0A035B796D
:106790003D2B0ED0202B07D005F140016A1C0DEBDC
:1067A000010505F8403CD5B20AF101035FFA83FA0E
:1067B000C3E72C46F0E705F140036B4413F8400CA7
:1067C0000BF07CFA78556846F9F7E4FCE5B2A8428C
:1067D00007EB050304F10104EDD800220A491A7001
:1067E00030460BF014FD012010B0BDE8F08707F132
:1067F00040020DEB0207013517F8402C1A70EDB27C
:10680000B7E70020F0E700BFEE3101082DE9F047BF
:106810002C4E282303FB016688B03379FE2B0446F7
:106820000D4620D0FF2B4BD0022B2DD196F91850BE
:1068300025490068FCF708FC2846694609F06DF90F
:1068400069462046FFF7C8FE96F91C501F4920688C
:10685000FCF7FAFB6946284609F05FF969462046CD
:10686000FFF7BAFE10E00846FFF738FDDFF860904A
:10687000DFF860A080460027FEB201233246294699
:106880006846FFF7A3FC10B908B0BDE8F087BBB2BB
:1068900048FA03F3DB0711D520684946FCF7D4FB1F
:1068A00006F130012068C9B2FCF728FB2068514688
:1068B000FCF7CAFB69462046FFF78EFE0137DBE78F
:1068C0000549CDE7B8440108F0310108F831010865
:1068D000003201080332010807320108F0B504460E
:1068E0008BB008460D46FFF721FD254F254906468A
:1068F0002068FCF7A9FB282303FB05772068B9680B
:10690000FCF7A2FB20492068FCF79EFB2EB91F492B
:106910002046FFF761FE0BB0F0BD0122294602A818
:10692000FFF76AFD206802A9FCF78EFB3B79FE2B7E
:1069300003D0FF2B1AD01649EAE72846FFF7E2FBFF
:10694000057814492068FCF77FFB05F130012068C9
:10695000C9B2FCF7D3FA10492068FCF775FB012E89
:10696000E9D10E492068FCF76FFBE4E70C4B02A964
:106970005A786846FFF708FE0028DCD06946F1E740
:10698000B844010800320108033201081632010838
:106990009830010826320108143201082932010812
:1069A000FC02002038B54A4B1A6890F88C30012B55
:1069B000044640F08B80D0F88830D31AB3F5FA7FC4
:1069C000C0F08480434DC0F888202846FAF717FEAF
:1069D00009F0B2F801462068FCF736FB3E49206812
:1069E000FCF732FB05F11400FBF780FA09F0A4F87C
:1069F00001462068FCF728FB38492068FCF724FB97
:106A000095F8940009F098F801462068FCF71CFB03
:106A100033492068FCF718FB95F98C0009F096F8CB
:106A200001462068FCF710FB2E492068FCF70CFBA0
:106A300095F98D0009F08AF801462068FCF704FBFF
:106A400029492068FCF700FB95F9920009F07EF8CF
:106A500001462068FCF7F8FA21492068FCF7F4FAAF
:106A600095F98E0009F072F801462068FCF7ECFAFF
:106A70001C492068FCF7E8FA95F98F0009F066F8E0
:106A800001462068FCF7E0FA18492068FCF7DCFAB8
:106A900005F15000FBF730FA80B209F061F80146C9
:106AA0002068FCF7D1FA0E492068FCF7CDFA05F111
:106AB0006400FBF721FA80B209F052F80146206821
:106AC000FCF7C2FA0A492046FFF786FD38BD00BF31
:106AD00060420020583200204B3201083832010851
:106AE0003B3201083E3201083932010840320108C8
:106AF000433201082DE9F04790F88E3090B00446FB
:106B000053B96548654990F85A504B7C644ADDB1E9
:106B100091F8ED100B441370DFF88481DFF8849155
:106B2000DFF884A1002794F88D20FBB29A4208D99F
:106B300094F88E5098F80030AB420CD8002384F8BB
:106B40008C3010B0BDE8F08790F859000028E2D0F2
:106B500084F88E30DCE7514E737C9D4257D275B974
:106B600052492068FCF770FA707C08F0E5FF014696
:106B70002068FCF769FA4E492046FFF72DFD2846AC
:106B800008F0DAFF01462068FCF75EFA4949206800
:106B9000FCF75AFA73190C35987C08F0CDFF06EB18
:106BA000850501462068FCF74FFA43492068FCF749
:106BB0004BFA686808F0DEFF01462068FCF744FAEB
:106BC0003E492068FCF740FA3D4908A80BF01FFB3E
:106BD0006868F9F7E1FF5146FAF736F809F04EFF19
:106BE000FAF734FA694608F062FF6846FAF78CFE55
:106BF00020686946FCF728FA08A92046FFF7ECFC54
:106C000094F88E30013384F88E3001378BE7ED1A1B
:106C100015F0FF050FD12B492068FCF715FA96F8FF
:106C2000ED0008F089FF01462068FCF70DFA2049C5
:106C30002046FFF7D1FC284608F07EFF0146206879
:106C4000FCF702FA1B492068FCF7FEF973190C35B2
:106C500093F8EE0008F070FF06EB85060146206809
:106C6000FCF7F2F914492068FCF7EEF9D6F8E000D9
:106C700008F080FF01462068FCF7E6F90F4920681C
:106C8000FCF7E2F9104908A80BF0C1FAD6F8E000C9
:106C9000F9F782FF49469FE7FC020020180C00200C
:106CA000450600200000503900007A3A45320108BC
:106CB000133901084D320108543201085E320108CF
:106CC00064320108693201087132010870B5254C3F
:106CD000E569AB0607D523689E0604D5606A224B9A
:106CE000C0B21B6898471F232806236215D5236866
:106CF000190612D51D4B1E4A1988138889B29BB2FA
:106D0000994219D013880133C3F308031380138801
:106D1000184A9BB2D35CDBB2A3626A0620D5114845
:106D200003685B061CD5FBF708FC40230362124B8B
:106D3000BDE870401B6818470A48FBF707FC402372
:106D400023624FF0402202F5806353E8003F43F096
:106D5000400302F5806040E800310029F3D1DCE710
:106D600070BD00BF0044004054020020463800209F
:106D70004438002044360020580200200848094AC0
:106D80000188138889B29BB29942F9D013880133E4
:106D9000C3F3080313801388034A9BB2D05C704787
:106DA000423600204036002040340020FFF7E6BF86
:106DB00070B588B00C46064615460021202268466C
:106DC0000BF0A5F8231E18BF01231B03CDE90235E4
:106DD00069460C23034801960494059308F01EFDB0
:106DE00008B070BD0044004010B5064C236823F085
:106DF00001032360FFF7DCFF236843F001032360F6
:106E000010BD00BF0044004013B5164C2046FBF7F0
:106E10008BFB19B314484FF400524FF48061FFF715
:106E2000E3FF236823F001032360636843F4004316
:106E30006360636823F480336360236843F0010375
:106E4000236001220823CDE9003203231A460421DE
:106E50004FF09040FCF738F9FBF74AFF012002B0F1
:106E600010BD00BF00440040A086010013B5164CC1
:106E70002046FBF759FB19B314484FF400524FF466
:106E80008061FFF7B1FF236823F00103236063688B
:106E900043F400436360636843F4803363602368B2
:106EA00043F00103236001220823CDE900320421CD
:106EB000032302224FF09040FCF706F9FBF718FF7E
:106EC000012002B010BD00BF00440040A0860100B8
:106ED00073B5304C236823F0010308252360012695
:106EE0004FF40030FBF7FFFA0421CDE900560323ED
:106EF0000A224FF09040FCF7E7F803231A46294690
:106F0000CDE900564FF09040FCF7DEF80022114624
:106F10002148FFF74DFF636823F490436360A36843
:106F200023F02A03A3601D4BA02283F825232022EF
:106F30005A602046FBF70AFBFBF7FFFA4023236267
:106F4000174B00211980174B1980FBF7EDFA164BF0
:106F50001980164B1980636823F400636360A3688B
:106F600023F00803A360636823F480436360A3688D
:106F700023F02203A360A36843F48053A360236833
:106F800033432360E3699A02FCD5E3695B02F9D5D8
:106F900002B070BD00440040801A060000E100E02D
:106FA0004438002046380020403600204236002079
:106FB0000649074A0B8812880133C3F3080392B2CB
:106FC0009A421EBF034AD0540B80704746380020B7
:106FD0004438002044360020F8B5012380F86C3096
:106FE00090F8BD30044603F0FF005BB194F8BD504B
:106FF00004F16C070026B3B29D4204D8002384F844
:10700000BD300120F8BD17F8010FFFF7D1FF0136A1
:10701000F1E700000148FBF77EBA00BF00440040E2
:1070200007B50E48FBF780FA036823F001030360FD
:10703000436823F400434360036843F001030360A3
:1070400000220823CDE90032042103230A224FF055
:107050009040FCF739F803B05DF804FB00440040B1
:107060000E4B07B51A6822F001021A605A6842F402
:1070700000425A601A6842F001021A600823002296
:10708000CDE900320421032302224FF09040FCF7A7
:107090001BF803B05DF804EBFBF72ABE0044004088
:1070A00037B50446FFF714FF164B1A6822F00102A9
:1070B0001A605A6842F400325A605A6842F48032C8
:1070C0005A605A6842F400425A601A6842F001025B
:1070D0001A6008250123CDE900530222032304216D
:1070E0004FF09040FBF7F0FF0323022229464FF0B8
:1070F0009040FCF76EF8204603B0BDE83040FFF743
:10710000AFBF00BF0044004008B500238381037176
:10711000C38003818372036101460448FCF786FE45
:10712000BDE808400846FFF7BBBF00BF3C34002065
:10713000036810B504461B689847237A082B05D9C5
:107140000A2B03D0092B02D00023237210BD236821
:1071500020465B6898470028F6D00848036823B1AA
:10716000FA21FCF773FE0A23EFE72046FFF758FFEA
:107170000B232372BDE81040FFF74CBF3C340020C6
:1071800001460148FFF7D4BF6818002001460148B6
:10719000FFF7CEBF24070020037A0A2B10B5044660
:1071A00007D1FFF73DFF0B232372BDE81040FFF727
:1071B00031BF10BD0148FFF7EFBF00BF240700201B
:1071C00010B50446FFF74CFF0023237210BD0000EA
:1071D0000148FFF7F5BF00BF681800200148FFF71E
:1071E000EFBF00BF2407002008B5017A094A0A2929
:1071F000126801D8026108BD0169521A142AFAD92D
:1072000000220272FFF72CFF0348FBF796F9402398
:107210000362F0E760420020004400400238C0B240
:1072200010289ABF014B185C0020704739440108B0
:107230003B4B0246586A137A10B580B233B193893A
:10724000C31A9BB2FA2B84BF00231372137A908166
:10725000052B19D8DFE803F003080E334A564F29EF
:1072600012D1012313720FE0572901D10223F9E74C
:107270000023F7E70023FF29937206D141F204733C
:107280001381537E002BF3D110BD9F290FD901F03C
:107290001F000124947282F83200FFF7BFFF507282
:1072A00018B982F84B400923DCE70523DAE71829EF
:1072B000DED80029F7D0032351721372E1E7B2F848
:1072C0006E02B2F87242431C2340B2F870429C42F4
:1072D0001EBF801880F87412A2F86E32937A517A29
:1072E0000133DBB299429372DDD9CDE7907A431C2A
:1072F0001044DBB29372C176517A9942C4D801230B
:107300009376D0E7907A431C1044DBB2937280F8F6
:107310003210517A9942B7D2012382F84B30C2E73A
:10732000004401402DE9F04389B0002301AFB0F8DB
:1073300068908DF804300446B8460125B4F86A20F8
:1073400048461146EEB2FBF75FFDA0B1192D11D0F2
:1073500091451FBFA318B4F86C1093F86E3001323A
:1073600014BF0A40002308F8013F18BFA4F86A20A0
:107370000135E3E72E46B6B20024013417F8010BBD
:10738000A4B2FFF715FEA642F7D8012009B0BDE868
:10739000F08370B590F8665000F14C040026B3B24B
:1073A0009D4200D870BD14F8010FFFF701FE0136B1
:1073B000F5E770B5457E044605B1FEE7012680F885
:1073C0004C6090F8663033B1FFF7E3FF84F8665005
:1073D0003546284670BDB0F86A10B0F86800FBF773
:1073E00013FD0028F5D02046FFF79CFFF0E7027F51
:1073F000C37E02F0070243EA02230B80838BC3F3B0
:10740000CA034B80C369C3F38A338B8090F8203062
:10741000C27F03F00F03DB0143EA5203CB80038CEE
:10742000C3F30A130B81036AC3F3CA334B8190F889
:10743000243090F8232003F01F039B0143EA9203BA
:107440008B81838CC3F34A13CB81C38CC3F30A03B0
:107450000B8290F8283090F8272003F03F035B015F
:1074600043EAD2034B82836AC3F38A138B82438D30
:10747000C3F34A03CB8290F82C3090F82B2003F012
:107480007F031B0143EA12130B83C36AC3F3CA13BE
:107490004B83C38DC3F38A038B8390F8303090F80D
:1074A0002F20DB0043EA5213CB8390F8312040F2C7
:1074B000547312F0010F14BF1A46AC220A8490F8DC
:1074C000312012F0020F08BFAC234B847047437E7B
:1074D00070B504460D463BB1002303728E18B542C9
:1074E00003D100232372A37670BD236815F8011B16
:1074F0001B6820469847F2E70346407E30B568B1E6
:1075000093F8664004F0FF054CB103F14D040C60A4
:1075100093F866101170002283F8662030BD28466B
:10752000FCE7000042766AB30123037640F2FF11C4
:10753000A0F86C1040F2FF710023A0F872127F21B6
:1075400080F84C30A0F86A308376A0F8683080F874
:107550004B30A0F8703280F86630A0F86E32A0F898
:10756000763AA0F8743AA0F8781A80F8FA3AC0F897
:10757000FC3A52B9054B064A1A60064B064A1A6095
:10758000FFF7C2BD01760029D0D170475402002018
:107590008171000858020020D1710008F8B5477EBB
:1075A00004460D4617B100263046F8BD037E002B79
:1075B000F9D0FFF719FEA37E03F0FF06002BF2D0EF
:1075C000A77629462046FFF712FFEDE7427E10B569
:1075D0000346E2B9007EB8B193F84C4004F0FF00D6
:1075E00094B11C7983F84C200CB11A71DA80DC88D4
:1075F0009A790134052ADC8007D0092A05D0012AAE
:107600004FF0000305D10B7010BD0123FBE70020F4
:10761000FAE71846F8E70346007E60B193F84B207E
:1076200002F0FF003AB1002283F84B2093F8323089
:1076300003F01F030B707047F8B506460D4617465A
:10764000002119224D300AF062FC2846FFF7E6FDC2
:1076500005F01F050446603D0134024686F84D5092
:10766000394606F14E00E4B20AF0D9FD86F86640CC
:10767000F8BD000070B590F8FA4A0CB1002070BD5A
:10768000B0F8745AB0F8763AEE1AB2B2360444BF83
:10769000803292B2002AF1D00D4A1668427E22B1A1
:1076A000D0F8FC2A921B092AE8D900229D42C0F892
:1076B000FC6A80F8FA2A08D0C218013392F87A4A94
:1076C000B0F8782A1340A0F8763A0C700120D6E77B
:1076D0006042002010B5324C86B018220021684666
:1076E0000AF015FC23788DF8063094F85830002BFA
:1076F00041D12C48FDF7DCFCADF800002948FDF72E
:10770000EEFC9DF8073094F855208DF8030062F3E5
:1077100003038DF80730244B93F8A420A2B39DF8FF
:10772000052042F001028DF8052093F8C52093F85A
:10773000C6308DF8042003F00F039DF807201B4886
:1077400063F307121A4B8DF807201B799DF802206E
:107750005B0043F0010322F0030203F00303134331
:107760008DF802306A462F230B218DF80830FFF781
:1077700063FF06B010BD0F48FDF778FBADF80000C1
:107780000C48FDF78AFBBCE7BDF8043023F4FF7317
:1077900023F0010343F07F03ADF804300523CCE769
:1077A000FC0200202033002038050020681800204B
:1077B00048060020043300207FB5182200216846C7
:1077C0000AF0A5FB42F6A200FAF722F9ADF8000094
:1077D00042F6A100FAF71CF90749ADF8020014229D
:1077E00001A8FAF77FF905486A460421FFF724FF4C
:1077F00007B05DF804FB00BF76320108681800206E
:1078000010B5134C86B01822002168460AF07FFBA1
:1078100094F8A430C3B1D4F8A800FAF7F9F8ADF899
:107820000000D4F8AC00FAF7F3F81422ADF8020027
:1078300004F1B00101A8FAF755F906486A46052196
:10784000FFF7FAFE06B010BD03491422F2E700BFAD
:107850003805002068180020983001082DE9F04F05
:107860000C463549282303FB041189B007462046FE
:10787000FEF734FD0B79D1F82080FE2B814603D131
:107880004FF6FF73984206D14146384609B0BDE82D
:10789000F04F0AF0BCBC2046FEF734FC002590F8FF
:1078A00000B02E46AA462C46EAB240460192F8F7AE
:1078B00071FC019A013090424FF02D0102D809B0BD
:1078C000BDE8F08F18F802000AF1200CEC440AF130
:1078D00001032C28DBB20CF8180C00D040BB5E452D
:1078E00003D049FA06F0C00718D50DF1080E0022A2
:1078F000D0B254FA82FC83425FFA8CFC08D854441C
:10790000013404F0FF040136502CF6B20FD9FEE723
:107910001EF8010B07F80C000132E9E73955631C2A
:10792000DBB218F80220FA540234E4B2EBE7002389
:1079300001359A46B8E700BFB8440108044B1870F7
:10794000044B0548002207211A70FBF751BA00BF0B
:10795000B0300020B1300020DC22002008B50B78C8
:10796000033B082B20D8DFE803F010050C1F1A1F7B
:107970001F1F0E00042100F67420BDE80840FBF72D
:1079800037BA0521F7E70B21F5E7042100F674204B
:10799000FBF72EFA0521FBF72BFA0B21EDE7BDE8EB
:1079A00008404878FFF7CABF08BD000070B56E4DAB
:1079B0002C782E2C86B00ED91822002168460AF0A9
:1079C000A6FAFF2369488DF800306A460721FFF7C1
:1079D00033FE06B070BD664E317800294BD10223CC
:1079E00033701822634E68460AF091FA282303FB8D
:1079F00004638DF800401B79FE2B27D0FF2B2DD080
:107A0000022B09D1012320468DF80130FEF77AFBC5
:107A100090F900308DF812302B78282202FB036693
:107A20000DF10200B1681022FAF75CF84F48072107
:107A30006A46FFF701FE29784F48FFF70FFF4F48CE
:107A4000072106B0BDE87040FBF7D2B904232046F9
:107A50008DF80130FEF756FB0378DBE7052320465F
:107A60008DF80130FEF74EFB062201460DF11200A3
:107A7000FAF738F8D0E7022942D1002118226846E7
:107A800031700AF044FA3B4B8DF80040282202FB8B
:107A900004331A79022A0DD0FE2A1BD06A46082127
:107AA0003248FFF7C9FD3378002BC8D12B7801335A
:107AB0002B708EE71A7D8DF805201A7E8DF8012037
:107AC0001A7F8DF80320196906220DF10700FAF7D5
:107AD00009F8E3E75B6A83B11B882749ADF80130F9
:107AE00015220DF10300F9F7FDFF2348F8F752FBCB
:107AF000142884BF03233370D0E74FF6FF73ECE7FD
:107B0000032917D100211822684631700AF0FFF9C5
:107B10001B498DF8004017220DF10100F9F7E2FF33
:107B20001548F8F737FB2B2884BF042333706A46C7
:107B30000921B5E783D900211822684631700AF07F
:107B4000E6F90DF101000F498DF800401722F9F711
:107B5000C9FF9DF800300548803B6A4609218DF831
:107B60000030FFF769FDA1E7B03000206818002061
:107B7000B1300020B8440108B2300020DC220020DF
:107B8000C7300020DE30002010B500230B70024605
:107B900000782E280C4611D8094B282101FB003310
:107BA0001B79FF2B06D0B2F90110FEF7C7FA20703F
:107BB000012010BD511CFEF7E5FAF8E71846F8E77A
:107BC000B8440108043807280DD8DFE800F004069F
:107BD0000C080C0C0C0AFFF7EFBDFFF711BEFFF706
:107BE000E5BEFFF777BD704738B5530705460C462D
:107BF0000BD422F0004222F03F0222B12549BDE819
:107C000038400AF004BB2449F9E724490AF0FFFA96
:107C1000A10702D522492846F1E7A20601D521494C
:107C2000F9E7630501D52049F5E7200401D51F498F
:107C3000F1E7A10501D51E49EDE7A20301D51D49D4
:107C4000E9E7230601D51C49E5E7E00501D51B4915
:107C5000E1E71B4BA34301D11A49DCE76103FBD4E5
:107C6000E20301D51849D6E7230501D51749D2E724
:107C7000E00601D51649CEE7610701D51549CAE7E7
:107C8000220701D51449C6E7E30201D51349C2E72B
:107C900038BD00BF8B3201089032010893320108D1
:107CA000983201089D320108A0320108A53201086E
:107CB000AA320108AF320108993D01088C3F010842
:107CC00010000100B4320108B9320108F93D010881
:107CD000BE320108C1320108C6320108CA320108A9
:107CE00010B51422044600212A300AF010F90023AE
:107CF00084F8F7324FF07F42A4F8FC3284F8FE3269
:107D0000C4F80033FF23C4F8F82284F8043310BD0C
:107D10000B68C0F890304B68C0F894300B7A80F84C
:107D20009830012380F82D3080F8333090F8963069
:107D3000DB0980F8FE327047993001F1280351F8D1
:107D4000042B40F8042B9942F9D10B8803808B78DF
:107D50008370704710B500F1C40301F1340251F88B
:107D6000044B43F8044B9142F9D1012380F82E30A3
:107D700010BDF83001F11C0351F8042B40F8042B1E
:107D80009942F9D10B780370704710B500F21513C2
:107D900001F11C0251F8044B43F8044B9142F9D114
:107DA000012380F8323010BD10B500F2311301F11B
:107DB0001C0251F8044B43F8044B9142F9D140F2B4
:107DC00001134385012380F8303080F8F93290F8B0
:107DD000FE3253B990F8FD323BB9D0F83931C0F8D2
:107DE0005332D0F83531C0F84F3210BD00F2671071
:107DF00001F1100351F8042B40F8042B9942F9D1FA
:107E00000B880380704700F24D1001F1180351F800
:107E1000042B40F8042B9942F9D10B88038070475A
:107E200010B500F2791301F1140251F8044B43F834
:107E3000044B9142F9D1012380F83130D0F89930C8
:107E400013F0100308D0D0F89D3013F010031CBFBE
:107E5000D0F8A130C3F3001380F83D3010BD0B7B88
:107E6000192B30B51FD1CA7A90F8FB329A421AD832
:107E700091F82630012B16D00B4600F28D1201F13D
:107E8000240453F8045B42F8045BA342F9D11C8834
:107E900014809B789370012380F8323080F8FA3296
:107EA000CB7A80F8FB3230BD00F5DA7001F11403B3
:107EB00051F8042B40F8042B9942F9D10B88038028
:107EC000704791F8203030B57BB90B4600F5E5726C
:107ED00001F1340453F8045B42F8045BA342F9D186
:107EE0001B881380012380F82F3091F82030012B5C
:107EF0000ED100F5007301F1340251F8044B43F840
:107F0000044B9142F9D10A881A80012380F8343059
:107F100030BD0B68C0F836324B68C0F83A320B7A85
:107F200080F83E32012380F8FC3270470B68C0F8BD
:107F30003F324B68C0F84332012380F8323070473B
:107F40000B68C0F847324B68C0F84B32012380F809
:107F50003630704710B500F24F2301F13C0251F862
:107F6000044B43F8044B9142F9D1012380F830309F
:107F700080F8FD3210BD10B500F28B2301F1340200
:107F800051F8044B43F8044B9142F9D10A881A8006
:107F9000012380F82C3010BDF0B500252C460126B9
:107FA000AB4206D803680C4004FA02F213430360A4
:107FB000F0BD06FA05F73C430135F1E770B504461C
:107FC000084694F82A6016B90026304670BD94F829
:107FD000E0300022022B84F82A20F5D90A60D4F878
:107FE0003551002DC8BF6D423223B5FBF3F11E237E
:107FF00001EB4101FFF7D0FFD4F8351102231E2217
:10800000C90FFFF7C9FFE0E770B50446084694F8CA
:108010002B6016B90026304670BD94F8E03000227F
:10802000022B84F82B20F5D9D4F839510260002DA9
:10803000C8BF6D423223B5FBF3F11E2301EB4101B2
:10804000FFF7AAFFD4F83931002B4FF002034FF0AD
:108050001E02B4BF03211946FFF79EFFDBE738B5C8
:108060000446084694F8F722C2B994F82C30F3B3CA
:1080700084F82C2004F28B2304F2C12204F2BF21E5
:1080800053F8045B42F8045B8B42F9D11B881380E0
:10809000012384F8F732002384F8F83200230360C8
:1080A000182594F8F832312B06D85A1C234484F84A
:1080B000F82293F8C212E1B994F8C11201231940D1
:1080C0000722FFF769FF94F8C11201230F22C1F3C1
:1080D0004001FFF761FF94F8C11201231722C1F399
:1080E0008001FFF759FF002384F8F7320123184677
:1080F00038BD2A46083D0723EDB2FFF74DFFF82DA6
:10810000CFD194F8F832312BD6D8EFE703462DE9DA
:10811000F04793F82D600846002E62D093F83C5249
:10812000D3F89010B3F88B4193F8FE8293F8FC7269
:108130000022AD1A83F82D2001F1010118BF01259D
:108140004CB1632CD7BFC4EB84143F243134642278
:10815000D8BFB4FBF2F4B3F91331002B44D064223E
:1081600093FBF2F3522BA8BF5223132BB8BF132358
:10817000A3F113094FF0000A05235246C0F800A0EE
:10818000FFF70AFF022305225146FFF705FF41468C
:1081900001230722FFF700FF01230822FFF7FCFE5F
:1081A000514601230922FFF7F7FE02230A22FFF7B7
:1081B000F3FE01230C22FFF7EFFE01230D223946C7
:1081C000FFF7EAFE01230E222946FFF7E5FE07230B
:1081D00013222146FFF7E0FE06231A224946FFF745
:1081E000DBFE3046BDE8F0879946C3E72DE9F8434A
:1081F00090F82E800D46B8F1000F3AD090F8E1309B
:108200000021FF2B80F82E1003D00F2B28BF0F2347
:10821000194690F8E090B9F1030F2DD84FF0000601
:108220002FD07F273446002228462A600423FFF7F8
:10823000B3FE022304224946FFF7AEFE01220221CB
:108240003846F9F7E7FE0823014606222846FFF7DD
:10825000A3FE02230E223146FFF79EFE02221146A4
:108260002046F9F7D7FE0A23014616222846FFF7D3
:1082700093FE4046BDE8F883A9F10306062E28BF09
:1082800006260A23B0F8D870D0F8D440B7FBF3F72D
:108290000B4B7F2FA8BF7F279C4208DC094B9C42D9
:1082A00009DB64234FF0030994FBF3F4BBE7064CAE
:1082B0004FF00309B7E7054C4FF00309B3E700BFE0
:1082C000C3C9C1003D363EFF18F00100E80FFEFFB4
:1082D0002DE9F04F90F8303085B005460E462BB9A9
:1082E00000230093009805B0BDE8F08F002380F8CC
:1082F000303090F8F9320093002BF1D0D0F84F02D3
:10830000F8F74EFC6A49F8F79FFC6A49F8F79CFCBD
:108310008146D5F83501F8F743FC6549F8F794FC38
:108320006449F8F791FC8046484608F0BDFA834658
:10833000404608F0B9FA0746D5F83901F8F730FC9D
:108340005B49F8F781FC5B49F8F77EFC0446D5F8F9
:108350005302F8F725FC5649F8F776FC5549F8F72B
:1083600073FC01462046F8F765FB824608F0D8FA10
:108370000190404608F0D4FA0446484608F0D0FA86
:108380000390504608F090FA214602905846F8F7BC
:108390005BFC039B044619463846F8F755FC029AE5
:1083A0001146F8F751FC01462046F8F743FB0199C6
:1083B00004463846F8F748FC214608F059FA3E4989
:1083C000F8F742FC00210446F8F7DCFD20B1204616
:1083D0003A49F8F731FB04462046F8F711FE80B21F
:1083E000A0F1B40424B2002CBCBFB43004B2B4F584
:1083F000B47FA8BFA4F5B47449464046A8BF24B2D0
:10840000F8F718FB4FF07C51F8F71EFC08F088FADB
:108410004FF07C5180465046F8F716FC08F080FA81
:108420000146F8F711FC5946F8F70EFC3946F8F703
:108430000BFC414607464046F8F706FC0146384625
:10844000F8F7FAFA08F016FA002708F0F1F91C49D3
:10845000D5F841513760642395FBF3F5F8F7F4FB49
:10846000F8F7CEFDF8F79CFBF8F7CAFD02220321CE
:10847000F9F7D0FD0C2301463A463046FFF78CFD54
:108480002846F8F78DFBF8F7BBFD02220321F9F728
:10849000C1FD0D2301460C223046FFF77DFD072369
:1084A0001922032194FBF1F1FFF776FD1AE700BFD3
:1084B00095BFD63335FA8E3CE12E65420000B443B9
:1084C000706D424B2DE9F84390F8319004460D460B
:1084D000B9F1000F3BD000261E4980F83160D0F87A
:1084E0008501F8F7B1FB08F0C9FA1A498046D4F8BB
:1084F0007D01F8F7A9FB08F0C1FAB4F989112E60E3
:108500000746404601EB8104F8F77AFD012202217B
:10851000F9F780FD0923014632462846FFF73CFD66
:108520003846F8F76DFD01220221F9F773FD0823A3
:10853000014609222846FFF72FFD0B231122214671
:10854000FFF72AFD01231C223146FFF725FD48468F
:10855000BDE8F883000020412DE9F84390F83D90F4
:1085600004460D46B9F1000F3BD000271E4980F8A4
:108570003D70D0F88501F8F767FB08F07FFA1A49DB
:108580008046D4F87901F8F75FFB08F077FAB4F980
:1085900089112F600646404601EB8104F8F730FD53
:1085A00001220221F9F736FD092301463A46284601
:1085B000FFF7F2FC3046F8F723FD01220221F9F71C
:1085C00029FD0823014609222846FFF7E5FC0B2375
:1085D00011222146FFF7E0FC01231C221946FFF778
:1085E000DBFC4846BDE8F883000020412DE9F0415E
:1085F00090F8328004460D46B8F1000F3ED00023BB
:1086000080F832302449D0F81901F8F71DFB2349CE
:10861000F8F71AFB2249F8F70FFA08F02FFAF8F7E3
:10862000EFFC1D490746D4F81D01F8F70DFB1B4967
:10863000F8F70AFB1B49F8F7FFF908F01FFAF8F7FB
:10864000DFFC94F8FA320646DBB1B4F8954100221B
:1086500028462A600B233946FFF79EFC0A230B228B
:108660003146FFF799FC012203212046F9F7D2FC9D
:108670000B23014615222846FFF78EFC4046BDE835
:10868000F0810949D4F83F02F8F7DEFA08F0F6F96C
:10869000F8F7B6FC0446DAE7E12E65420000A04098
:1086A000000061440000E1430000C84238B50346C1
:1086B000084693F8334014B90024204638BD93F897
:1086C00004230132D2B20021032A83F833100FD9D8
:1086D00083F8041393F894100125002202601823F4
:1086E000FFF75AFC082318222946FFF755FCE4E758
:1086F00083F80423002AEDD0012ADDD1D3F800133A
:108700000029D9D00425E8E71C2945D8DFE801F085
:108710000F121416181A1C1E442044224424262822
:108720002A2C2E30323436383A3C3E4042001B4927
:1087300009F06DBD1A49FBE71A49F9E71A49F7E74D
:108740001A49F5E71A49F3E71A49F1E71A49EFE739
:108750001A49EDE71A49EBE71A49E9E71A49E7E749
:108760001A49E5E71A49E3E71A49E1E71A49DFE759
:108770001A49DDE71A49DBE71A49D9E71A49D7E769
:108780001A49D5E71A49D3E71A49D1E71A49CFE779
:108790001A49CDE71A49CBE71A49C9E7903D0108C4
:1087A00093320108CF320108D4320108D9320108CE
:1087B000DE320108E3320108E8320108ED32010837
:1087C000F2320108F7320108FC320108A032010838
:1087D00001330108063301080B3301081033010887
:1087E000153301081A3301081F3301082433010827
:1087F000293301082E3301083333010838330108C7
:108800003D33010898300108192941D8DFE801F00B
:108810000D10121416181A1C1E4020222426282A75
:108820002C2E30323436383A3C3E1A4909F0EFBC2F
:108830001949FBE71949F9E71949F7E71949F5E734
:108840001949F3E71949F1E71949EFE71949EDE744
:108850001949EBE71949E9E71949E7E71949E5E754
:108860001949E3E71949E1E71949DFE71949DDE764
:108870001949DBE71949D9E71949D7E71949D5E774
:108880001949D3E71949D1E71949CFE71949CDE784
:108890001949CBE7AA320108E8320108903D0108E6
:1088A0004233010893320108473301084C33010871
:1088B00051330108A0320108D4320108E332010823
:1088C000DE3201085633010810330108D93201089D
:1088D0005B33010860330108653301086A3301081E
:1088E0006F33010874330108793301087E330108BE
:1088F000833301088833010898300108102925D8EE
:10890000DFE801F0090C240E1012141618241A1CAA
:108910001E24242022000E4909F079BC0D49FBE7F2
:108920000D49F9E70D49F7E70D49F5E70D49F3E77B
:108930000D49F1E70D49EFE70D49EDE70D49EBE78B
:108940000D49E9E70D49E7E70D49E5E70D49E3E79B
:10895000AA320108933201088D3301088C3F0108C7
:10896000DE320108243301089233010897330108ED
:10897000D4320108E33201081A330108D932010860
:108980005B33010898300108142921D8DFE801F091
:108990000B0E10121420201620182020202020203A
:1089A0001A20201C1E000B4909F031BC0A49FBE7C4
:1089B0000A49F9E70A49F7E70A49F5E70A49F3E7F7
:1089C0000A49F1E70A49EFE70A49EDE70A49EBE707
:1089D0000A49E9E7903D0108933201089C330108F8
:1089E000D4320108D9320108E8320108A133010864
:1089F00001330108AA320108A633010898300108A2
:108A000023289ABF014B185C022070474A44010892
:108A10000B46013B1146032B0BD8DFE803F00204A1
:108A20000608FFF771BEFFF7EFBEFFF767BFFFF75E
:108A3000ABBF014909F0EBBB9830010838B53D4B9D
:108A40000446821C03F1280153F8040B42F8040B7E
:108A50008B42F9D100252946C4E9245584F8985061
:108A60002B2204F1990009F052FA2946342204F12C
:108A7000C40009F04CFA29461D2204F1F80009F05F
:108A800046FA29461C2204F2151009F040FA29463C
:108A90001C2204F2311009F03AFA29461A2204F293
:108AA0004D1009F034FA2946122204F2671009F039
:108AB0002EFA2946142204F2791009F028FA2946E0
:108AC000272204F28D1009F022FA2946162204F515
:108AD000DA7009F01CFA2946362204F5E57009F02F
:108AE00016FA2946362204F5007009F010FA2946D4
:108AF000C4F83652C4F83A5284F83E52C4F83F5291
:108B0000C4F84352C4F84752C4F84B523C2204F212
:108B10004F2009F0FCF92946362204F28B2009F097
:108B2000F6F93622294604F2C12009F0F0F9204670
:108B300038BD00BFB42E01082DE9F04FC77E837EFB
:108B4000457F867F90F820E090F82B8090F819C040
:108B5000BF000C4647EA931703F03F01037F03F081
:108B6000010247EA822705F00F02D20142EA5302CE
:108B700006F07F031B0143EA1513C57F89B06D0022
:108B800045EAD6150EF00306059345EA462390F80C
:108B90002160009306F01F05AD0145EA9E0390F8A1
:108BA000225090F824E00193ED0045EA561390F826
:108BB000235002930EF0070645EA062390F825504D
:108BC000039305F03F06760146EADE0390F826603F
:108BD00090F827E00493B60046EA95160EF00105DA
:108BE00046EA852690F82850069205F00F0B4FEACA
:108BF000CB1B4BEA5E0B90F829E00EF07F0A4FEAA0
:108C00000A1A4AEA151A90F82A506D0045EADE154C
:108C100008F0030E45EA4E2590F82CE00EF01F09EF
:108C20004FEA891949EA9809490190F82D80007E98
:108C300041EADC010CF0070C40EA0C204FEAC808BE
:108C400048EA5E180791F8F765FD07992080084605
:108C5000F8F760FD60803846F8F75CFD069AA08062
:108C60001046F8F757FD059BE0801846F8F752FDCF
:108C700020810098F8F74EFD60810198F8F74AFDD1
:108C8000A0810298F8F746FDE0810398F8F742FDCD
:108C900020820498F8F73EFD60823046F8F73AFDEE
:108CA000A0825846F8F736FDE0825046F8F732FDCC
:108CB00020832846F8F72EFD60834846F8F72AFD02
:108CC000A0834046F8F726FDE08309B0BDE8F08FA9
:108CD0004A78013A92B202310020F8F77DBD0000D7
:108CE00038B504460175002937D0002580F8BD50FD
:108CF000034680F86C5000F1500280F8655080F80F
:108D0000665080F8675080F8685080F86A5080F8A4
:108D10006B5083F88451C3F8885108339342F8D1DB
:108D20004FF6FF73A4F8BE300C4BC4F8C03004F506
:108D3000EA70FEF7D5FF0A4B0A4A1A600A4B0B4A43
:108D4000C4F8DC54A4F8E054C4F8E45420461A6093
:108D5000FEF7DAF9064B074A1A6038BD0000C07FFB
:108D6000540200208D71000858020020DD710008B7
:108D70003C340020B5710008037D70B504460D46F3
:108D800013B90026304670BDFEF72EFA94F8653010
:108D900003F0FF06002BF4D0002384F8653004F1C3
:108DA00015012046FFF794FFA37D23449B7D83425A
:108DB000E7D129462046FFF7BFFEE3E70346007DE3
:108DC00030B560B393F86C4004F0FF003CB31D79FC
:108DD000002483F86C403DB1132A1C7111D8114C4A
:108DE00022784AB901222270DA88541CD2B2DC807F
:108DF00052B903230B7012E0013AD2B22270002A5A
:108E0000F2D10022DA80EFE793F8672002F0FF0446
:108E100032B1002283F8672005230B70204630BD55
:108E20000423E7E746060020027D03460AB9002036
:108E3000704790F8682002F0FF0022B1002283F80A
:108E400068200A70704793F86A2002F0FF002AB188
:108E5000002283F86A2001230B70704793F86B207F
:108E600002F0FF0022B1002283F86B200223F3E717
:108E700093F8662002F0FF00002AD8D0002283F881
:108E800066205A7DEE2AD2D1DB7D812BCFD1032300
:108E9000E2E738B504461D46EA23084684F86D30FB
:108EA000AB1C114684F86E302A4684F86F0004F13A
:108EB000700009F0B4F904F16D012046FFF708FFD6
:108EC0006319043583F87000EDB284F8BD5038BDE5
:108ED00013460A468221FFF7DCBF000070B50C463E
:108EE00000F1DC06054610220021304609F00FF89B
:108EF0006379032B10D12079FFF782FD22680146A8
:108F0000D2B23046FFF784FD94F90630002B03DB24
:108F10000349304609F003F8012385F8843170BD18
:108F2000AB33010837B504460D460868496850EA76
:108F3000010331D0194A0023F8F7F8F8CDE9000110
:108F4000684609F02DF8436903F26C735BBAA4F824
:108F5000D3300369114A013384F8D530C36884F8EB
:108F6000D630836884F8D730436884F8D8300368F3
:108F700084F8D930286869680023F8F7D7F81046D4
:108F800019464FF47A720023F8F7D0F840BA01235B
:108F9000A4F8DA0084F8CC3103B030BD40420F00B1
:108FA000002310B51A464FF6FF74191D00EB41015E
:108FB00001334988A14218BF52180A2BF5D1B0F8E5
:108FC00029301344B0F82B201A44B0F82D30B0F8F3
:108FD0002F001344184410BD2DE9F04190F82F7074
:108FE00004460D4697B3002680F82F6000F5E57023
:108FF000FFF7D6FFB4F9E831D4F8CA812E60B34246
:10900000B8BF34464FF0640290FBF2F1A8BF0A22C9
:109010002846A8BF93FBF2F409230022FEF7BCFF09
:10902000012202212046F8F7F5FF08230146092214
:109030002846FEF7B1FF47F6FF7141454FF00F0399
:109040004FF01102A8BF4146FEF7A6FF3846BDE823
:10905000F0812DE9F04190F8347004460D4697B345
:10906000002680F8346000F50070FFF799FFB4F92E
:109070001E32D4F800822E60B342B8BF34464FF09F
:10908000640290FBF2F1A8BF0A222846A8BF93FB16
:10909000F2F409230022FEF77FFF0122022120467D
:1090A000F8F7B8FF0823014609222846FEF774FFA7
:1090B00047F6FF7141454FF00F034FF01102A8BF73
:1090C0004146FEF769FF3846BDE8F081F0B591B042
:1090D0000D46F22301A904461646ADF80830FFF705
:1090E00015F838B12389ADF80A30019B03930123A9
:1090F0008DF8093001A92046FFF7E4F970B19DF819
:10910000093010A9062202FB0312218A22F8361C1C
:109110000133019942F8341C8DF8093001A9204629
:10912000FFF71AFA70B19DF8093010A9062202FB68
:109130000312218D22F8361C0133019942F8341CA8
:109140008DF8093001A92046FFF750FA70B19DF85B
:10915000093010A9062202FB0312618A22F8361C8C
:109160000133019942F8341C8DF8093001A92046D9
:10917000FFF73CF870B19DF8093010A9062202FBF8
:109180000312618922F8361C0133019942F8341C1C
:109190008DF8093001A92046FEF710FF70B19DF847
:1091A000093010A9062202FB0312618822F8361C3E
:1091B0000133019942F8341C8DF8093001A9204689
:1091C000FEF722FF70B19DF8093010A9062202FBBC
:1091D0000312A18822F8361C0133019942F8341C8D
:1091E0008DF809309DF80970082F11D801A9204683
:1091F000FFF7F2FE60B110AA062303FB0723A28942
:1092000023F8362C0137019A43F8342C8DF8097075
:109210009DF80970082F11D801A92046FFF719FF02
:1092200060B110AA062303FB0723E28A23F8362C39
:109230000137019A43F8342C8DF809709DF80970B4
:10924000082F11D801A92046FFF742F860B110AAF3
:10925000062303FB0723E28923F8362C0137019A02
:1092600043F8342C8DF809709DF80970082F11D837
:1092700001A92046FFF71AFA60B110AA062303FBE2
:109280000723A28A23F8362C0137019A43F8342C9D
:109290008DF809709DF80970082F11D801A9204692
:1092A000FEF7DDFE60B110AA062303FB0723E28868
:1092B00023F8362C0137019A43F8342C8DF80970C5
:1092C0009DF8090050B100EB400043000233DAB2D0
:1092D000327002A9284608F0A2FF012011B0F0BDAB
:1092E0002DE9F04F334B04461F68064600F150014C
:1092F000034697B040F6C4100125D3F8882122B167
:10930000BA1A824288BF83F8845108338B42F4D161
:109310004FF000088DF8078004F17809254604F124
:109320006D0A96F884319DF807B05BB395F8143157
:109330000BEB03022B2A0DDD9DF8075045B32A469F
:1093400002A904F16D0008F06AFF84F8BD5017B05F
:10935000BDE8F08F86F88481C6F88871D5F81021B1
:1093600095F80C112046FFF794FD02AB03EB0B00C0
:1093700094F8BD20514608F052FF94F8BD305B448C
:109380008DF807300C354D4506F10806C9D1D3E7F5
:109390000DF1070202A904F5EA70FFF797FE002815
:1093A000D5D09DF8073002AA80212046FFF771FD35
:1093B000CDE700BF6042002070B591F82050044610
:1093C0000E465DBB0846FFF7EBFD642390FBF3F010
:1093D00040BAA4F8EC00B6F91E30591C1CBF0A258F
:1093E00093FBF5F56DBAA4F8EE5033680C4A23EA06
:1093F000E373934228BF13461A0C84F8F0201A0A2C
:1094000084F8F12084F8F23096F923305A1C08BF12
:10941000002384F8F330012384F8C43170BD00BF09
:10942000FFFF7F0038B50D4604460F49A868F7F7DF
:109430000BFCF7F7E5FD40BAA4F8F40068680A49A8
:10944000F7F702FCF7F7DCFD40BAA4F8F600E8688D
:109450000549F7F7F9FBF7F7D3FD012340BAA4F864
:10946000F80084F8943138BD00401C4610B54B68B4
:109470001BBAC0F8C4308B681BBA4FF47A72C0F8BC
:10948000C830CB6893FBF2F31344044683F3100314
:109490005BBAA0F8D0304B8B5BBA1149A0F8CE3044
:1094A000D0F8C000F7F7D0FB0E49F7F7CDFBF7F780
:1094B000CDFD40BA94F8BE30A4F8CC00FF2B0CD000
:1094C00094F8BF20FF2A02D0934238BF134684F895
:1094D000D230012384F88C3110BD0023F7E700BFA0
:1094E000000020416666664070B50D4604460D4991
:1094F0002868F7F7A9FBF7F7A9FD40BA0126A4F8F9
:10950000FF0084F8AC616B68C4F8C030E8680649B5
:10951000F7F79AFBF7F774FD40BAA4F8FA0084F85D
:109520009C6170BD000010420000C84270B50D463D
:10953000044611496868F7F787FBF7F787FD00BA1B
:10954000C4F80401B5F90C3001261BBAC4F808317F
:1095500084F8BC6184F80161B5F90C00F7F720FBD1
:109560000649F7F771FBF7F74BFD40BAA4F8020183
:1095700084F8B46170BD00BF0000C842CDCCCC3DC2
:1095800070B58A68C2F317024A2A90B004460B46A7
:1095900000F0198144D8212A26D8172A0AD8012A8E
:1095A00000F04D81022A00F09880002A00F08880A7
:1095B00010B070BD183A092AFAD801A151F822F06A
:1095C00031970008B1950008B19500088B98000804
:1095D000B1950008FD97000815970008B19500089F
:1095E000B1950008E19700082A2A00F074813E2A0C
:1095F000DED14D78192D01F10C0100F290812A463F
:1096000001A808F00CFE01ABC5F11A02002158199F
:1096100008F07DFC01A904F5EA70FEF7F4FBC7E74A
:10962000A22A00F0B0812ED8882A00F086811BD8AB
:109630007C2A00F0A580842ABAD14D78262D01F12C
:109640000C0100F2A9812A4601A808F0E8FD01AB4F
:10965000C5F127020021581908F059FC01A904F5A9
:10966000EA70FEF7FCFBA3E7932AA1D101A8F9F762
:1096700027F901A92046FFF79FFE01A904F5EA702A
:10968000FEF71FFC94E7F22A00F0A1810DD8AD2A65
:1096900000F09481E22A8BD101A8F9F763F901A9BE
:1096A00004F5EA70FEF74CFC82E7FD2A80D101A8A0
:1096B000F9F706F901A904F5EA70FEF75CFC77E713
:1096C00001A8F9F735F901A92046FFF707FC01A920
:1096D00004F5EA70FEF71CFB6AE74D780B2D01F1EB
:1096E0000C0610D82A46314601A808F098FD01ABB7
:1096F000C5F10C020021581908F009FC01A9204607
:10970000FFF710FC54E7C868716801AA03C2B0688B
:109710001060F3E7194601A8F9F7EFF801A9204610
:10972000FFF780FE01A904F5EA70FEF72EFB3FE784
:109730005D78332D03F10C0114D82A4601A808F0F6
:109740006EFD01ABC5F134020021581908F0DFFBB2
:109750009DF8213084F8BE3001A904F5EA70FEF7C7
:10976000F9FA25E70A4601AD3C33106851682E46E8
:1097700003C608329A423546F7D110683060E7E7F1
:109780004D78382D01F10C010FD82A4601A808F0B8
:1097900046FD01ABC5F139020021581908F0B7FBAD
:1097A0009DF8253084F8BF3002E70A4601AD443306
:1097B000106851682E4603C608329A423546F7D1E2
:1097C00013783370ECE701A8F9F75FF901A9204697
:1097D000FFF78AFE01A904F5EA70FEF721FBE7E630
:1097E000194601A8F9F789F801A92046FFF73EFEBE
:1097F00001A904F5EA70FEF7D7FAD9E65D780F2DD6
:1098000003F10C010FD82A4601A808F008FD01ABAE
:10981000C5F110020021581908F079FB01A9204672
:10982000FFF784FEC4E60A4601AE1C331068516897
:10983000354603C508329A422E46F7D1EEE74D78F9
:109840002A2D01F10C0110D82A4601A808F0E7FCE6
:1098500001ABC5F12B020021581908F058FB01A9F2
:1098600004F5EA70FEF768FAA2E60A4601AD343361
:10987000106851682E4603C608329A423546F7D121
:1098800011889378B3703180E9E75D781C2D03F17E
:109890000C0110D82A4601A808F0C1FC01ABC5F1A3
:1098A0001D020021581908F032FB01A904F5EA70E5
:1098B000FEF75FFA7CE60A4601AD24331068516872
:1098C0002E4603C608329A423546F7D110683060FA
:1098D00013793371E9E74D78112D01F10C0110D89E
:1098E0002A4601A808F09BFC01ABC5F11202002139
:1098F000581908F00CFB01A904F5EA70FEF776FA96
:1099000056E60A4601AD1C33106851682E4603C660
:1099100008329A423546F7D113883380EBE70A467E
:1099200001AD2433106851682E4603C608329A42AE
:109930003546F7D1138833806CE64D78152D01F14B
:109940000C0110D82A4601A808F069FC01ABC5F14A
:1099500016020021581908F0DAFA01A904F5EA7094
:10996000FEF7A2FA24E60A4601AD1C3310685168DE
:109970002E4603C608329A423546F7D11068306049
:109980009388B380E9E701A8F8F7D2FF01A904F5AD
:10999000EA70FEF7BEFA0BE60A4601AD2C331068FA
:1099A00051682E4603C608329A423546F7D11068F0
:1099B000306091889379B371B1804FE601A8F8F7D0
:1099C000D1FF01A904F5EA70FEF7B0FAF0E54D7891
:1099D0003B2D01F10C0110D82A4601A808F01FFC0C
:1099E00001ABC5F13C020021581908F090FA01A919
:1099F00004F5EA70FEF7AEFADAE50A4601AD443343
:109A0000106851682E4603C608329A423546F7D18F
:109A100010683060EBE700BF4A7922B18B79012BE7
:109A200001D1FFF7ADBD7047B0F5E16F03DC10F574
:109A3000E16F04DB7047A0F5616000B2F4E700F568
:109A4000616000B2F3E7000038B5B0F8E0340D46CD
:109A500013F00801AA8808BFC0F8901113F00203A0
:109A600008BFC0F8A831B2F5005F044600F0A78037
:109A700007D86C2A17D06D2A00F08F806A2A60D030
:109A800038BD42F202039A423BD042F6FF739A423B
:109A9000F6D1D0F8E424A968DC30FEF7A5F801235C
:109AA00084F88431ECE7B5F90A00FFF7BDFFF7F75A
:109AB00077F84749F7F7C8F8F7F7A2FA40BAA4F8D9
:109AC000F400B5F90800FFF7AFFFF7F769F8404970
:109AD000F7F7BAF8F7F794FA40BAA4F8F600B5F930
:109AE0000C00FFF7A1FFF7F75BF83A49F7F7ACF87E
:109AF000F7F786FA012340BAA4F8F80084F8943105
:109B0000BEE7B5F809300A22B3FBF2F35BBAA0F85E
:109B1000EC30B5F80B30B3FBF2F35BBAA0F8EE30E3
:109B2000D5F8113080F8F2301A0C80F8F0201A0ABB
:109B300080F8F1206B7F80F8F330012380F8C43186
:109B40009EE700299CD0D5F80A301BBAC0F8C43073
:109B5000D5F80E301BBAC0F8C830AB8A2422534364
:109B600032336422B3FBF2F35BBAA0F8CC30EB8A59
:109B70000A214B435BBAA0F8CE30D0F8DC3493FB1B
:109B8000F2F303F57A735BBAA0F8D0306B7A80F801
:109B9000D230012380F88C3172E7B5F90C2052BA2B
:109BA000A0F8FA20012280F89C21002B3FF468AF36
:109BB000D5F80E30C0F8DC3480F88C2160E7AB8932
:109BC000A0F8E034D5F81130C0F8E43458E700BF0D
:109BD00058A08B416E882E437FB5254D044695F9DC
:109BE0009200F7F7CFFD00268DF8040028468DF887
:109BF0000560F7F717FD95F895301E4D8DF80600B6
:109C0000A8788DF808308DF80760F7F7ABFD95F868
:109C100056308DF8090013B995F8583023B316481B
:109C2000FBF73BF9F7F778FD8DF80A001048F7F7D6
:109C3000D4FCF7F7A7FD8DF80B000D48F7F7DFFC14
:109C40008DF80C000A48F7F7D1FC8DF80D00084894
:109C5000F7F7F3FC0A238DF8050001AA142120462A
:109C6000FFF717F904B070BD0448FBF738FAD9E7DD
:109C700058320020FC020020043300202033002052
:109C800073B504461C481D4DF7F7A7FCF7F77AFD9E
:109C90008DF800001848F7F7A0FC95F856300646F6
:109CA00013B995F8583013B31548FBF7DFF80146A0
:109CB0003046F7F771FD8DF801000F48F7F79FFC6C
:109CC0008DF802000C48F7F791FCFF238DF8030094
:109CD000A8788DF80430F7F74DFD06238DF80500C0
:109CE0006A461D212046FFF7D4F802B070BD054832
:109CF000FBF7DEF9DBE700BF58320020FC02002052
:109D0000043300202033002073B51F4C054694F91E
:109D10009200F7F737FD94F992601C4C8DF8000023
:109D200094F8563013B994F8583023B31848FBF719
:109D30009DF801463046F7F72FFD8DF801001248D7
:109D4000F7F770FC00238DF8033094F856308DF847
:109D5000020013B994F858308BB10D48FBF79DF809
:109D6000C3B28DF804306A4605231C212846FFF74C
:109D700090F802B070BD0748FBF79AF9D9E705489B
:109D8000FBF7ADF9ECE700BF58320020FC020020E1
:109D9000043300202033002030B595B04EF6EA633E
:109DA0001A49ADF80030044614220DF10200F7F70D
:109DB000ABFE0DF10200F6F7EDF9C3B2DA1CD0B23A
:109DC000694651FA82F26D250DF800504C20507012
:109DD000522090705320D070312010716FF02B0002
:109DE0005071012050720420002190721133022022
:109DF0009171D1711172D07211735173DBB26A46D5
:109E000029212046FFF745F815B030BD763201080C
:109E100070B5054694B005F16D06FFF7DDFE95F8C7
:109E2000BD203146684608F0FAF995F8BD4028464D
:109E3000E4B2FFF725FF95F8BD2031460DEB040095
:109E400008F0EDF995F8BD301C442846E4B2FFF760
:109E50005BFF95F8BD2031460DEB040008F0DFF9FB
:109E600095F8BD301C44E4B222466946304608F0FD
:109E7000D6F985F8BD4014B070BD00000038024B23
:109E800018BF0120187070470406002070B5002A22
:109E900038D1042B71D89DB29BB3654C94F828300F
:109EA000666A03F1030C5FFA8CFCF600BCF1070F45
:109EB000666284F828C040F28980053BDBB284F8F2
:109EC0002830B1F800C0DE400CF101030B8000F82F
:109ED0000C600EE0083BDBB284F82830B1F800C01B
:109EE000666A0CF1010E26FA03F3A1F800E000F80F
:109EF0000C3094F82830072BECD8013296B2B542DA
:109F0000CED870BDFF2AFCD1032B66D89DB2002BA2
:109F1000F7D0474C94F828300026626A03F1040C0D
:109F20005FFA8CFC120142F00202BCF1070F626280
:109F300084F828C07AD9043BDBB284F82830DA40B0
:109F40000B8803F1010CA1F800C0C2540CE0083BDF
:109F5000DBB284F82830626AB1F800C0DA400CF154
:109F600001030B8000F80C2094F82830072BEED862
:109F70000136B2B29542D0D870BD2D4C626A03F55D
:109F8000C06343EA423394F82820636202F10D056E
:109F9000EDB2072D84F82850B3D90532D2B284F837
:109FA0002820D3400A88551C0D80835409E0083BC3
:109FB000DBB284F82830626A0D88DA406B1C0B80B3
:109FC000425594F82830072BF1D870BD013296B273
:109FD000B54263463FF664AF93E7154C626A03F5FA
:109FE000E06343EA423394F82820636202F10D05EE
:109FF000EDB2072D84F8285083D90532D2B284F807
:10A000002820D3400A88551C0D80835409E0083B62
:10A01000626ADBB284F82830DA400B885D1C0D8060
:10A02000C25494F82830072BF1D870BD63469FE7DF
:10A03000FC0E00202DE9F047674C0027FF250F801C
:10A0400005708025676284F82870A5779846002BF4
:10A0500000F0BB8003F1FF3912FA89F9561EBA46A7
:10A060003A4609E0554546D10137BFB20B88434512
:10A070003AD24E4500F0948016F8015F002AF1D1E3
:10A080006B1EDBB2FD2B32D83F2B62D905F14103A9
:10A09000DBB23F2B34D8636A94F828200135EDB247
:10A0A00045EA032502F10803DBB2072B656284F859
:10A0B000283015D984F828200B88D5405A1C0A80EE
:10A0C000C55409E0083BDBB284F82830626A0D8889
:10A0D000DA406B1C0B80425594F82830072BF1D8DE
:10A0E00000220B884345C4D30020BDE8F087012738
:10A0F000AA463A46BAE7FBB25246FFF7C7FEBFE7A9
:10A10000636A94F828203F35EDB245EA432502F111
:10A110000903DBB2072B656284F82830E0D90132ED
:10A12000D2B284F828200B88D5405A1C0A80C55426
:10A1300009E0083BDBB284F82830626A0D88DA4017
:10A140006B1C0B80425594F82830072BF1D8002265
:10A15000C7E7636A94F828207F35EDB245EA032506
:10A1600002F10803DBB2072B656284F82830B7D907
:10A1700084F828200B88D5405A1C0A80C55409E071
:10A18000083BDBB284F82830626A0D88DA406B1C29
:10A190000B80425594F82830072BF1D80022A0E715
:10A1A00022B1FBB25246FFF771FE0B8894F82820CB
:10A1B00062B1646AC2F108020125944005FA02F214
:10A1C000013A22435C190C80C2540B88984594BF15
:10A1D00000200120BDE8F087FC0E00202DE9F04FA3
:10A1E00047F26F730022827003800B78A3F1FE03A5
:10A1F000B3FA83F35B0983708A780D4612F001018C
:10A200001CBF43F080038370D5F8202122F07F42E9
:10A2100022F0FF0285B0044612B143F008038370B8
:10A22000AA68C2F31702FF2A1ED9B2F5803F18D3DD
:10A2300063F07F03A37041F002014FF0020B09238A
:10A240004FF00A0C0822E1700B20CDF804C01E4626
:10A2500017464FF0070E4FF006094FF0050A04218C
:10A2600017E043F00203A370180600F1D68008231C
:10A270004FF0090C07220A204FF0000BCDF804C064
:10A280001E4617464FF0060E4FF005094FF0040A20
:10A29000032195F8018004F8018004EB0108297975
:10A2A00004F80A10697904F80910A97904F80E1065
:10A2B000A178090709D595F82111A15495F8221123
:10A2C000A1550346674662460646A968A154A2788E
:10A2D000900707D5BA1C1F46AB68C3F30F23A355DD
:10A2E00096B23346BBF1000F05D05A1C1F46AB7A1D
:10A2F000A35596B23346A278D10606D55A1C1F46FE
:10A3000095F82331A35596B23346454A127803F1A6
:10A31000010914FA89FA05F10C0B42B16B785A461F
:10A320000DF10E015046FFF785FE00285AD16A78DC
:10A33000504659461FFA82FA07F071FF2278394BCE
:10A340006178D243D2B2072F9A5C82EA0102995C0B
:10A35000A27882EA0102995CE27882EA0102995CC1
:10A36000227982EA0102995C627982EA0102995CAF
:10A37000A27982EA0102995CE27982EA0102995C9F
:10A380001BD0227A5140082F595C16D0627A514076
:10A39000092F595C11D0A27A51400A2F595C0CD078
:10A3A000E27A51400B2F595C07D0227B51400C2F91
:10A3B000595C1EBF627B5140595CA1551AFA89F362
:10A3C0009BB2B5F80C21E2545A1CB5F80C1192B2AC
:10A3D000090AA154AA78981CD20780B20BD405B000
:10A3E000BDE8F08FA378BDF80EA043F04003A37042
:10A3F00088F800A0A2E7D5F81071D5F81811D5F8A3
:10A400001461275022180F335660916095F81C1183
:10A41000117398B205B0BDE8F08F4FF0000B0EE756
:10A42000040600203C4C01082DE9F84FAE4CAF4E1D
:10A430000F4682460146AD48154607F0F0FE002360
:10A440003B809E462384636284F82830802384F80E
:10A4500022304FF0FF08F14606E03B885A1C3A8054
:10A460000AF8039094F828E0BEF1010F5CD8218C23
:10A470008D4240F29D80606A735C0EF1080C5FFAB9
:10A480008CFC43EA0023ACF1020B23FA0BF00EF133
:10A49000060200F003000131D2B202282184636277
:10A4A00084F8282000F08680032800F088800128A6
:10A4B0001DD0002A40F08780228C954278D9B15C6B
:10A4C000013241EA0323228407211A06636284F8D9
:10A4D0002810C2D5062184F8281013F0400F40F050
:10A4E0008D803B885A1C3A800AF80380BAE7062A16
:10A4F0000BD8228C95425BD9B15C013241EA03232F
:10A500000CF1060122846362CAB2073AD34003F019
:10A510007F037D2B84F828204AD83A884133511C88
:10A5200039800AF802309DE7636AAEF1020B23FA24
:10A530000BF000F003005FFA8BF2022884F8282069
:10A5400003D003281CD0F446B1E7052A32D8218C69
:10A550008D422DD9705C0EF10602013140EA0323D1
:10A56000D2B221846362063A84F828E0D340398865
:10A5700003F03F034A1C01333A800AF8013071E7C7
:10A58000052A1CD8218C8D4212D9705C0EF106026E
:10A59000013140EA0323D2B221846362063A84F88F
:10A5A00028E0D340398803F03F034A1C413BE3E7EE
:10A5B000BDE8F88F063A636A5FFA82FED4E7063A8E
:10A5C0005FFA82FEEBE70BF1FF3023FA00F0511E39
:10A5D000C9B2C00784F828107FF53FAF69BB228C51
:10A5E0009542E5D9B15C013241EA03230721228477
:10A5F000636284F8281013F0800F70E74A1ED0B20F
:10A6000023FA02F2D20784F8280032D48446228C3E
:10A610009542CDD9B05C013240EA0323C81D2284A3
:10A620006362C0B2A0F10802D34084F828C05FFA88
:10A6300083FB38885A46002133E0013923FA01F0C0
:10A64000911EC9B2C00784F828107FF54AAF99BBA4
:10A65000228C9542ACD9B15C41EA032301324FF020
:10A66000070C19062284636284F828C021D40821CB
:10A67000CDE7072832D8228C954299D916F802C026
:10A68000073101324CEA032322846362C9B20839DC
:10A6900023FA01FB84F828005FFA8BFB38885A46BE
:10A6A000FF21504407F033FC3B889B44A7F800B0DF
:10A6B000D8E660460821DEE701F1FF3CD01E23FA10
:10A6C0000CFCC0B21CF0010F84F82800D1D107287F
:10A6D0009CD90B3A636A5FFA82FCA3E7A0F10802F7
:10A6E0000146D0B2D3E700BFFC0E0020D00D002001
:10A6F0002DE9F04F5788B7F58F7F8BB0144606468B
:10A700000BD90022227000226F2B628000F065813D
:10A71000002333700BB0BDE8F08F12780E2A0D467F
:10A7200024D80E2A00F2118101A151F822F000BFB5
:10A7300007A7000857A900084BA900084BA9000863
:10A7400057A9000857A9000857A9000857A90008E9
:10A7500057A9000857A90008A5A900084BA9000897
:10A760004BA900084BA90008C9A90008692A40F2B2
:10A77000EA806A2A40F0E9809C4FFA8A02F1FF3CA5
:10A780001FFA8CFC002A00F078820CF1030CDFF831
:10A7900060E2BC44FF22B91C11F8010B4240614544
:10A7A0001EF80220F8D1934200F0D08100222270DE
:10A7B000C4F80220E280FA8A022AA9D939796F29DD
:10A7C00000F02E83032AA3D079796F2900F0388313
:10A7D000042A9DD0B9796F2900F03583052A97D0D6
:10A7E000F9796F2900F03E83062A91D0397A6F29D2
:10A7F00000F04582072A8BD0797A6F2900F03583E3
:10A80000082A85D0B97A6F2900F03283092A3FF4EB
:10A810007FAFF97A6F2900F02E830A2A3FF478AFD0
:10A82000397B6F2900F02A830B2A3FF471AF797BC3
:10A830006F2900F026830C2A3FF46AAFB97B6F2999
:10A8400000F022830D2A3FF463AFF97B6F2900F0FB
:10A850001E830E2A3FF45CAF397C6F2900F01D8304
:10A860000F2A3FF455AF797C6F2900F01383102A2B
:10A870003FF44EAFB97C6F2900F01283112A3FF4E8
:10A8800047AFF97C6F2900F00E83122A3FF440AFE6
:10A89000397D6F2908BF4FF012087FF439AF02F1FC
:10A8A00001091FFA89F93A44A7F816905FFA89F965
:10A8B000937050494A4602A807F0B1FC6F234FF04D
:10A8C000010CBB704FF0000E6423A7F800E0A7F85E
:10A8D00016C0237008EB0C0399451FFA89F27FF626
:10A8E00017AF901E02A9A0EB08005A1E0B440A44A1
:10A8F00013FA80F04FF06A084FF007094FF0660A2C
:10A9000005E0002B40F0BE8190423FF401AFFB8A8E
:10A9100012F8011F07EB030B01338BF80210FB82C7
:10A920002378092BEDD9A3F1640BBBF1050FEBD80C
:10A93000653B042B00F2BA82DFE813F01F01170118
:10A9400012010E011B01632A05D800232370C4F8ED
:10A950000230E380DDE6254FFA8AB91801328B70A8
:10A96000FA822278092A00F2A480002A3FF4D0AEAD
:10A97000013A082A3FF6CCAE01A151F822F000BFFF
:10A9800041AC000811A7000811A70008A3AB0008FC
:10A99000A3AB00082BAC0008F7AB000865AC0008BF
:10A9A00015AC00087A1C6280104EEB55A088727FAF
:10A9B000618883189942FFF6ADAE33785F0600F1E7
:10A9C000E4810E232370A5E67A1C6280EB55E288B1
:10A9D0006388934210D201239BE604490A80012236
:10A9E000CA8264228B702270002392E6FC0E002043
:10A9F0003C4C0108FE0E00200023638023700223DC
:10AA0000037042802B78FD2B00F08780EB78037277
:10AA10002B7943726B7943606A7808327280002226
:10AA200040F28510DFF8CCC27281FE210446013469
:10AA300099424FEA54042ED849D38B4240F08A8081
:10AA40002B78FD2B7FD04FF0060B2846DFF8A48231
:10AA500010F801AF0BEB0A0909F1FF3189B2F7F7E2
:10AA6000A3FD04EB440708EB8707ADF8080039792C
:10AA7000019102A8F7F774FD05EB090215F80930FA
:10AA80005278019903EB0223BDF808209BB29A4249
:10AA90001FD005233DE6601E1418824204F1010711
:10AAA00080F06C8127F0010101EB57015CF8211067
:10AAB000BDE7A2F1640105293FF62AAE653A042AF2
:10AAC00000F2FD81DFE802F0817D79759300224676
:10AAD000E2E7BB79DA0706D5FA79924582BF5219C7
:10AAE00012F80B20B2729B070BD56300234408EBCE
:10AAF00083036A781B7A9A4282BF5B1913F80B3082
:10AB0000F3724FEA4409A14408EB8908317398F8BD
:10AB1000053073730BB0BDE8F08F6B790372AB79BE
:10AB200043726B7A297AEA791B0403EB01231344FD
:10AB300043606A7802F10C014180A978C9077FF56A
:10AB40006EAF19326AE74FF00A0B7EE70A22012343
:10AB50002270DEE50323DCE5F97684F80090D3E685
:10AB60004FF06803B9762370CEE6797084F800C0A0
:10AB7000CAE6397784F80080C6E6397001F001032F
:10AB8000618887F801E0033B01F1010BA4F802B0F2
:10AB90006B5497F90030002BACBF634653462370CB
:10ABA000B2E66288511C6180AB5423780133237074
:10ABB000AEE50722FB76227016E76822BB7622708C
:10ABC00012E701227B7022700EE762883B70002141
:10ABD00003F00103033B7970511C6180AB5497F97A
:10ABE0000030002BC0F232810123237090E56A22ED
:10ABF0003B772270F8E66288511C6180AB543B7849
:10AC00007A78134313F0020340F0D7806288511C16
:10AC10006180AB546288511C6180AB543B78D8068C
:10AC20004CBF69236A23237072E56288511C6180DE
:10AC3000AB543B781D074CBF67230723237067E5A0
:10AC400062883A83511C6180AB543A787B7712F06A
:10AC5000010200F0D08006220833A280E3800423A2
:10AC6000237055E56288511C6180AB547B7813F0EA
:10AC70000203CFD0092323704AE5FF2293E54FF06A
:10AC800006080CE6013B082B3FF63EAE0FF2040B24
:10AC90005BF823F0CDAC000809A9000809A9000859
:10ACA000B9AC0008B9AC000847AD000815AD000804
:10ACB00061AD0008F9AC0008638803F1010BA4F84A
:10ACC00002B0E9542378013323701DE663883B8387
:10ACD00003F1010BA4F802B0E9543B78797713F043
:10ACE00001036DD008310623E180A3800423237083
:10ACF0000AE600BF3C4D0108638803F1010BA4F88C
:10AD000002B0E9543B78DB067FF534AF4FF06903BE
:10AD10002370F9E5638803F1010BA4F802B0E9544C
:10AD20003B7879780B4313F0020343D1618801F13A
:10AD3000010BA4F802B06B54618801F1010BA4F877
:10AD400002B06B54DEE7638803F1010BA4F802B094
:10AD5000E9543B7819077FF500AF67232370D3E5EB
:10AD6000638803F1010BA4F802B0E9547B7813F077
:10AD70000203E1D04FF009032370C5E5574902EB08
:10AD80004200144651F8201057E602A92844FFF764
:10AD90004BFB737FBDF808106288CB1A9BB21A4434
:10ADA0006280727F1A447277E2881344E380338BA7
:10ADB000E95406E608232370A6E508232370A7E4D8
:10ADC0000C31E18079784FF00A0B11F00101A4F801
:10ADD00004B028D0618801F1010BA4F802B005F895
:10ADE00001C0618801F1010BA4F802B06B54E38843
:10ADF0000D33E3807AE779780C33E38011F00101B9
:10AE00004FF00A03A38024D0638801215818608082
:10AE1000E954638859186180EA54E3880D331DE7CB
:10AE20004FF002083BE5638803F1010BA4F802B080
:10AE3000E954638803F1010BA4F802B0E95455E723
:10AE40004FF003082BE54FF0040828E56623237034
:10AE50005EE463885A1C6280E95463885A1C6280ED
:10AE6000E954FCE64FF0050819E54FF0070816E530
:10AE70004FF0080813E54FF0090810E54FF00A08F5
:10AE80000DE54FF00B080AE54FF00C0807E54FF011
:10AE90000D0804E54FF00F0801E54FF00E08FEE441
:10AEA0004FF01008FBE44FF01108F8E477290ED0BA
:10AEB00084F800E0C4F802E0A4F806E024E5772B6B
:10AEC00009D000232370C4F80230E38020E44FF05F
:10AED0006503237018E56523237019E43C4D0108D0
:10AEE00070B500F5EF66044600F5CA613046F7F725
:10AEF00082FC0546A06803682A461B6931469847CC
:10AF0000E06830B103682A4631461B69BDE87040ED
:10AF1000184770BD08B50346806840B1B3F84C14BB
:10AF2000B3F84A04F7F770FF003818BF012008BDD6
:10AF30000346806880B1B3F84C24B3F84A149142B8
:10AF400009D09918013291F85004B3F84E140A4010
:10AF5000A3F84C24704700207047836810B504465E
:10AF60007BB10023A0F84C34A0F84A34C06810B17B
:10AF70000368DB699847A0680368BDE81040DB6997
:10AF8000184710BDF8B5244F04463846F6F725FBA0
:10AF9000F6F78FFB064697F99200F6F78AFB05460F
:10AFA0003846F6F723FB1D4B84F8606693F835307E
:10AFB00084F86156333384F855366422442384F888
:10AFC000622684F85636FF22D4F8583684F8642670
:10AFD0006D2262F31703C4F85836C0F10A0000234B
:10AFE000C4F85C3684F8713700B24FF43943A4F8E2
:10AFF000723780F30700092384F8630684F87437F6
:10B0000004F5CA6004F5A471F7F784FF2046BDE893
:10B01000F840FFF765BF00BF583200207C030020D6
:10B0200010B5194B194A93F83530C0F86026333300
:10B0300080F85536442380F85636D0F858366FF3EA
:10B040001703C0F85836002380F85C3680F85D3668
:10B0500080F85E3680F85F3680F871374FF44853D9
:10B06000A0F8723703220923044680F8642680F88A
:10B07000743700F5A47100F5CA60F7F74BFF20465E
:10B08000BDE81040FFF72CBF7C03002000088004BF
:10B09000F0B587B004460021102202A8019106F005
:10B0A00036FF484B93F8352001AB03CB01ABC4F816
:10B0B0008006C4F8841603CB01ABC4F88806C4F834
:10B0C0008C1603CB3332D2B2C4F89006C4F894166F
:10B0D00001AB04F5D36505AF1E4603CEBE42286022
:10B0E0006960334605F10805F6D133882B80442387
:10B0F00084F85636D4F8583684F85526942262F3EC
:10B10000170318216FF05D02C4F8583684F85C16F6
:10B11000002384F86C262021282284F85D1684F808
:10B120005E3684F85F3684F8603684F8613684F8D9
:10B13000623684F8633684F8643684F8653684F8B9
:10B14000663684F8673684F8683684F8693684F899
:10B150006A3684F86B3684F86D2684F86E3684F887
:10B160006F3684F8703684F8713684F8723684F855
:10B17000733684F8743684F8753684F8763684F835
:10B18000773684F8783684F8793684F87A3684F815
:10B190007B3684F871374FF432430B4AA4F8723788
:10B1A0004E2304F5CA60C4F87C2684F8743704F58D
:10B1B000A471F7F7AFFE204607B0BDE8F040FFF7F7
:10B1C0008FBE00BF7C030020D016CB0F38B50446DD
:10B1D0001C4884F85E26002284F85F2684F86026E6
:10B1E00084F8612684F8622684F86326442290F865
:10B1F000350084F85626D4F85826A4F85C1684F84E
:10B20000643684F871374D218F239DF8105084F8EF
:10B21000733761F317020A23333084F8550684F834
:10B22000655604F5CA60C4F8582684F8725784F845
:10B23000743704F5A471F7F76DFE2046BDE8384079
:10B24000FFF74EBE7C030020F0B502298BB0044608
:10B250000D461CD1414B42481B7800EB031000F512
:10B260008970F6F7FFFA3F4B18603F4A0C236B4397
:10B27000D718D3583A7900210191511E082908D8CE
:10B28000DFE801F009096262666607076900302994
:10B29000EBD90BB0F0BD1B788DF8043000218DF890
:10B2A000242005A81022019E06F031FEBF68384612
:10B2B000F4F770FFC2B2102A394628BF102205A841
:10B2C00006F0ADFF264BC4F85C6693F835209DF878
:10B2D000243084F874363121333284F8601600212A
:10B2E000D2B284F86116A4F8625605AB04F2646623
:10B2F00009AF1D4603CDBD42306071602B4606F19B
:10B300000806F6D1442384F85636D4F8583684F823
:10B310005526162262F31703C4F85836002384F822
:10B3200071374FF45C43A4F87237192304F5CA60EF
:10B3300084F8743704F5A471F7F7ECFD20460BB0E0
:10B34000BDE8F040FFF7CCBD1B88ADF80430A5E7A1
:10B350001B680193A2E71B6801939FE7FC02002092
:10B360007C03002078060020040000202DE9F04135
:10B37000884D894F2B78142202FB037388B093F811
:10B380005530012B04460E4618D191F8211197F83B
:10B39000352049B102F13303DBB28B420ED196F86E
:10B3A00022310BB1442B09D1B368C3F31703172B18
:10B3B00052D006D8142B2BD0152B41D008B0BDE8A5
:10B3C000F08103F180734B3B23F07F43012BF5D8D1
:10B3D00033329142F2D196F82231442BEED1358DA1
:10B3E000F06840F207239D4200F0CF80B5F5027F60
:10B3F00000F0BC80B5F5007F08D1F5F727FE942852
:10B4000000F0B480B0F5967F00F0BF800222B4E077
:10B4100002A83146F7F739FBBDF90800002804DA25
:10B4200003A8F7F7A9FC0028C8DB3028C6DCA4F87D
:10B43000C208B4F8BA3843F01003A4F8BA38BDE72C
:10B44000012384F8C0380023A4F8C238534B1B688A
:10B45000643BC4F8C438B1E733329142AED196F8B8
:10B460002231442BAAD196F80180B8F1160F06F1CB
:10B470000C012ED8424602A806F0D1FE02ABC8F15C
:10B480001702002103EB080006F041FD0DF10E004C
:10B49000F7F772FCB0F1000890DB414A9DF81E10EE
:10B4A00008EB4803980002EB83031B79994285D18E
:10B4B000B8F1300F1FFA88F622DC0139029B1258CE
:10B4C00008291DD8DFE801F01B1B39393B3B1C1C48
:10B4D0003D000B4602AA1C36186859689446ACE831
:10B4E00003000833B3426246F6D11868CCF8000076
:10B4F00099889B798CF80630ACF80410C6E7137075
:10B500002878F9F703F92A78142303FB0273012141
:10B5100083F8551097F82D300BB987F82D10B8F136
:10B52000020F10D11F4B07EB0210196800F589704C
:10B53000F6F7D2F9A4F8C2687BE71380E0E713605E
:10B54000DEE71360DCE7B8F1000FF3D1164B1A7891
:10B55000002AEFD083F80080602323800F4B1B6804
:10B560000BB16360E6E74FF0FF33FAE7B4F8BA389F
:10B5700043F00203A4F8BA380022B3790093737938
:10B5800029462046FFF722FE18E7B4F8BA3843F000
:10B590000403EFE7FC0200207C030020604200204F
:10B5A00004000020780600201431002010B52F4B35
:10B5B0001A782F4B142101FB0233044693F85530BF
:10B5C000012B37D12B4BD0F8BC281B689A1AB2F547
:10B5D0007A7F21BFB0F8BA28C0F8BC3842F0010227
:10B5E000A0F8BA2890F8C02862B1D0F8C4289A1AF6
:10B5F000312A81BFB0F8BA28C0F8C43842F010032D
:10B60000A0F8BA38B4F8BA38DA0614D523F0100323
:10B61000A4F8BA38B4F8C2182046FFF715FEB4F8FB
:10B62000C23801339BB2302BA4F8C23802D90023B0
:10B6300084F8C03810BD980708D523F00203A4F899
:10B64000BA382046BDE81040FFF722BD590702D5A1
:10B6500023F00403F3E7DA07ECD523F00103A4F8A1
:10B66000BA382046BDE81040FFF7DABCFC020020E3
:10B670007C0300206042002038B5134B134A1B683E
:10B68000C0F8BC38002380F8C038A0F8C238C0F831
:10B69000C438A0F8BA3813700D4B0E481B780E4D05
:10B6A00000EB031000F58970F6F7DCF80B4B022471
:10B6B0001860E0B2FAF726FD01342F2C286305F15B
:10B6C0000C05F6D138BD00BF6042002014310020C7
:10B6D000FC0200207C0300200400002078060020EB
:10B6E0006FF0FF03036040F6FF2383800023836035
:10B6F0000373704770B5404D404B044628781422C0
:10B7000002FB003292F84F60032E02D9042E0CD0B7
:10B71000FEE73B4E3668A66092F84C20032A18BF1D
:10B720000021A268E1601AB9FEE7A1600021F8E7F4
:10B73000142101FB003393F85130013B022B9EBFD3
:10B740002F4B9B68E360E3689A4200D1FEE7002339
:10B75000C4E90433C4E95233C4E95433A3617F23F9
:10B76000A4F85831F7F716F9A878022842D0431FF9
:10B7700058425841234940F2FF12FEF77FFB022056
:10B78000A4F84E24204A0870002348708870C870BE
:10B790001E49137053709370D370C4F8DA31C4F833
:10B7A000DE31C4F8E231C4F81233C4F81633C4F8F9
:10B7B0001A33A4F84C34A4F84A341A4601330C2B3B
:10B7C0000A70CA704A708A7001F10401F6D1104BF8
:10B7D0001B6803F57A7304F6A800C4F8A438FFF7D1
:10B7E0007FFFA4F8B828228062602046BDE8704040
:10B7F000FFF742BF0120BDE7FC0200207C030020D0
:10B800005C03002039060020050600200906002000
:10B810006042002003464078FF2808D01B68044A95
:10B8200023F07F4323F0FF03934208BF02207047B9
:10B83000000101000C4B02781B6810B51AB903F225
:10B840001B63836010BD90F90520002AFADD816832
:10B8500040F21B64591AA142F4D98360013A0123D2
:10B8600042710373EEE700BF6042002070B590F9AB
:10B870000530002B88B005460C461DDB4E78182E8F
:10B8800001F10C011AD8324601A806F0C8FC01AB40
:10B89000C6F119020021981906F039FB0E4903A8D8
:10B8A000F4F76EFC40B90198F5F7D0FB10B10B4BE3
:10B8B000C3F8D404FF236B7108B070BD0B4601AA16
:10B8C000243418685968164603C60833A342324622
:10B8D000F7D11B783370E1E7AD330108240700206E
:10B8E000007840B14B79834204D18879431E584295
:10B8F00058417047002070475379032B10B5044618
:10B900000AD14B7903709379DB0943701079FDF705
:10B9100077F8E0701368237110BD00007FB58B6865
:10B9200033F07F4305460C4600F6A8060ED18B790E
:10B93000012B0BD101A8F6F7FBFF9DF80930082B6E
:10B9400004D001AA21463046FFF7D6FF21463046F3
:10B95000FFF7C6FF88B3A368C3F31703162B32D0D3
:10B96000F52B16D16678012E29D8324604F10C0148
:10B9700001A806F054FC01ABC6F10202002198199F
:10B9800006F0C5FA9DF805309A1E5342534185F8DA
:10B99000AA3895F8B83853B195F8B93821790C48D8
:10B9A0000133DBB2CB1A59425941F5F743FE01236B
:10B9B00085F8B838237985F8B93804B070BDA38903
:10B9C000ADF80430DEE73046FFF750FFE1E700BF97
:10B9D000583200207FB52E4E044600F11C05B4F805
:10B9E0005411B4F85621881A83B2000444BF80333E
:10B9F0009BB20BB904B070BD91421FBFB4F858118F
:10BA0000A31801320A4096F82D101ABF93F85A3144
:10BA1000A4F856210023022904F1100229466846A1
:10BA200020D1FEF765FE9DF80030022BD7D1E368E8
:10BA3000DBB9A0680368BDF802201B692946984756
:10BA400004F5CA662A4669463046F6F7B1FF314624
:10BA50001048FDF7E1FF3146204604B0BDE87040D4
:10BA6000FFF75CBFF7F72CF8DDE70B4E69460020C7
:10BA7000F7F7F6F9737833B1A068BDF802200368D0
:10BA800029461B699847B378002BD9D0E068D1E7E5
:10BA90007C03002024070020050600200148FFF752
:10BAA000B9BE00BF4818002010B54E4C86B000212A
:10BAB0001622684606F02BFA2046F5F7A0FD94F80A
:10BAC0008C308DF800008DF80130204694F88D30D0
:10BAD0008DF80230F5F78AFD94F8913094F89020B3
:10BAE0008DF803005B0002F0010203F00203134330
:10BAF00094F8A52043EA821394F8A62043EAC213DF
:10BB00009DF80B2002F03C02134320468DF80B30C9
:10BB1000F5F788FD94F894308DF8083094F8923059
:10BB200094F895208DF8093094F896308DF8070038
:10BB3000DB00920002F0040203F0080313439DF8B7
:10BB40000B2022F00C02134304F128008DF80B3077
:10BB5000F6F7CCF98DF80C002046F5F71CFD8DF8B2
:10BB60000D0004F11400F6F7C1F98DF80E0004F190
:10BB70003C00F6F7BBF98DF80F002046F5F71CFDE9
:10BB80008DF810002046F5F758FD94F8A7308DF891
:10BB90001230154B8DF811005B7C8DF81330FFF7D8
:10BBA0007DFF124B1A78931E5A425A4100F003034C
:10BBB00043EA02230E4A0F48127943EA4223BDF8B2
:10BBC000142023F0FC039B0522F4407222F00302B0
:10BBD0009B0D134302216A46ADF81430FBF72CFD90
:10BBE00006B010BD58320020180C00201D070020A0
:10BBF000480600206818002070B54C88B4F5427FD4
:10BC000003464FF000000AD80D780B2D77D8DFE8F7
:10BC100005F0060F1C2C2F32383B54575B6DA2F1F8
:10BC200024046242488062410A7083F809033EE0BE
:10BC30004D2A01D0582A06D11A7002220A7000201B
:10BC400083F8090370BD0022F8E702F0FD003C28EC
:10BC500001D0212AF7D15A701A784D2A0CBF082238
:10BC600003220A7000229A70E9E79A700422DBE747
:10BC70009A800522D8E7988800EB02229A80062253
:10BC8000DCE7DA800722CFE7D88800EB022292B205
:10BC9000002ADA800CBF0B220A220A7000224A8096
:10BCA000012283F80923DB88B3F5407F01D8002007
:10BCB000C8E7002008704880C4E7DA800922B3E7AB
:10BCC0009A800A220A70EBE7B4F5407F3CBFE41883
:10BCD00022724A88013292B24A80D88890429CBF30
:10BCE0000B220A70012283F80923E0E783F8082376
:10BCF00002220870488083F809230120A2E7087017
:10BD00004880D4E7CB88B3F5407F70B531D8242381
:10BD100003700B7843704B7883700B784D2B14D1E4
:10BD2000CB88C3708B88037105230022CD88D4187B
:10BD30009542A6B210FA84F415D891F8082322701F
:10BD4000CA880132981880B270BD8B78C3708B8816
:10BD500003718B881B0A4371CB888371CB881B0AC4
:10BD6000C3710823E1E78C180132247A845592B21A
:10BD7000DCE70020E8E700002DE9F74F16464A8887
:10BD8000B2F5427F04460D462ED80B780A2B0FD908
:10BD9000A3F16402032A03D90020287068802DE0F3
:10BDA000653B8F4F022B33D8DFE803F063A4A70075
:10BDB00000210A2BF0D801A050F823F0E9BD0008BB
:10BDC00003BE000899BD000899BD000847BE0008E1
:10BDD00055BE000861BE000867BE000899BD000896
:10BDE00099BD0008D5BE0008A6F124077E424FF099
:10BDF00000007E4168802E7084F8090303B0BDE81E
:10BE0000F08F6F2E0CBF642300232B700020F3E70C
:10BE100016F0040F14BF4D2358233E7023703A7858
:10BE2000D1070ED412F0020F14BF21233E236370FA
:10BE3000C2F3C003D20648BF43F00203A370042339
:10BE4000E3E73C23F3E7A68005232B7084F809136E
:10BE50000020D3E7A38803EB0623A3800623D4E7BF
:10BE6000E6800723F1E7E38803EB0623E3806523FD
:10BE7000CBE70DF106007E70F6F790FC3978F6F707
:10BE800085FCA7882179F6F781FC390AF6F77EFC54
:10BE9000E788A179F6F77AFC390AF6F777FC9DF87E
:10BEA0000630B34206D000232B706B80032384F846
:10BEB0000933CDE7002F0CBF66230A232B70012323
:10BEC00084F8093300236B80E288B2F5407FBFD944
:10BED0002B70BDE7B2F5407F3CBF121916726B881C
:10BEE00001339BB26B80E2889A4201D866232B70A3
:10BEF0000123DCE77E806723F9E7B7F8028097F833
:10BF0000009008EB06284FF6FF730DF106001FFAAC
:10BF100088F84946ADF80630A7F80280F6F720FB0E
:10BF20002679B4F804A03146F6F71AFB4FEA1A2135
:10BF3000F6F716FB94F806B0B4F806A05946F6F7E3
:10BF40000FFB4FEA1A21F6F70BFB797804F108078B
:10BF5000F6F706FB52463946F6F70EFBBDF80630FB
:10BF600043453AD119F0040015D086EA0B01E21DD1
:10BF7000002398B2824584F8081307D802230120D1
:10BF800000222A706A8084F8093337E712F8010F1B
:10BF900001334140EDE7A178F5F718FC217984F8E9
:10BFA0000803F5F713FCA18884F80803090AF5F7DC
:10BFB0000DFCA17984F80803F5F708FCE18884F802
:10BFC0000803090AF5F702FCE28884F808033946F9
:10BFD000F5F702FC84F80803D0E703230020CFE73D
:10BFE000AC300020CB88B3F5407F2DE9F04104460A
:10BFF0000D464AD84B783C2B40D0A3F12100434258
:10C0000043415B002A784D2AAA7808BF43F0040315
:10C01000D10748BF43F0080392074FF02402227073
:10C0200048BF43F010036F226270A370AB88E370C7
:10C03000AB881B0A2371EB886371EB88A71C1B0A72
:10C04000A3713846F6F7BCFE0822E071E988A2F138
:10C0500008039BB2561C8B42B6B204EB02080FD306
:10C06000063189B23846F6F79FFA88F80000000AD0
:10C07000A055E8880A3080B2BDE8F0810123C1E70D
:10C080002B441B7AA3543246E0E70020F4E700007B
:10C090000F4B1A780F4B142101FB023393F84F30EA
:10C0A000032B02D9042B10D0FEE70B4B1B68036057
:10C0B00000234360C0F81233A0F82236A0F82036DF
:10C0C00040F2FF33A0F8243670470023EFE700BFAB
:10C0D000FC0200207C0300205C030020F8B5B0F8CF
:10C0E0002026B0F82236D21A93B2120444BF03F5C8
:10C0F00080639BB2E62B044608D800F2163500F2A6
:10C100001236206803685B69984700B9F8BD20685B
:10C1100003689B699847314602462846FFF76CFD45
:10C120000028EED004F6262729463846FFF75AFFA6
:10C1300000239AB29042E4D9B4F82016B4F824C689
:10C140004A1C02EA0C02B4F822C694451EBF091923
:10C1500017F803C081F826C603F1010318BFA4F83D
:10C160002026E6E7F8B500F1080504460A46011D59
:10C170002846FFF701FEF8B1637A3E2B0DD1A37A72
:10C18000A2899B0705D529460C48BDE8F840FDF774
:10C190005BBC42F6FF739A42F5D004F62626294688
:10C1A0003046FFF7AFFD0246206801680F6931464F
:10C1B000B847637A3E2BE6D0F8BD00BF24070020C5
:10C1C00003680BB1FFF7CEBF70470346006868B144
:10C1D000B3F82026B3F82236D31A98B21B0444BF12
:10C1E00000F5806080B2003818BF01207047034618
:10C1F000006880B1B3F82226B3F82016914209D026
:10C200009918013291F82606B3F824160A40A3F8CB
:10C2100022267047002070470346006838B100228C
:10C22000A3F82226A3F820260368DB691847704785
:10C2300010B504460548FEF790FE0548FFF7ECFFF1
:10C2400060680368BDE81040DB691847A00F002054
:10C250006C23002010B5094B1A78094B142404FBF9
:10C26000023393F84F30032B02D9042B02D0FEE7A0
:10C27000044B1968416001B9FEE710BDFC020020C3
:10C280007C0300205C0300202DE9F34172B6424D8F
:10C29000424EF7F7C9F9F7F7B5FDF7F779F9F7F770
:10C2A00067F9F7F76DFDF8F711FC2B783C493D482D
:10C2B000142202FB0311AB6C009300246A6C91F80A
:10C2C000513091F84F10F9F779FDC6E90444B46094
:10C2D000FF233373F7F70EFB334B1C70F7F78EF821
:10C2E000324B3348D02283F83223F7F7B9F921468D
:10C2F0003046304E03F066FD4FF47A70F7F7B0F930
:10C30000C6E902443461F7F77BFB2B4B1C70F7F74F
:10C31000ABF82A4B4FF48072DA604FF09047F7F792
:10C32000F1F84FF002082248F7F79AF941F2883005
:10C33000C7F82880F7F794F94CF25030C7F8188006
:10C34000F7F78EF93046F7F7BFF82146304604F08C
:10C350009DF84FF47A70F7F783F995F85C2095F81B
:10C360005B101748FBF7DEF895F85C101548FCF7F2
:10C37000B7FC95F85D4014482146F5F75FFF3CB1E6
:10C38000124B134A1A60134B134A1A60FAF7A0FDB6
:10C3900062B602B0BDE8F081FC0200200433002048
:10C3A0007C0300205C0300205002002000E100E03C
:10C3B000E0930400203300205102002000080058C0
:10C3C0006818002024070020280F002054020020B5
:10C3D0003126000858020020CD2F000873B51648FA
:10C3E000164C4FF6FF7103F02DFE206023689B076B
:10C3F00012D5134E35798DB10F4808236A460021B6
:10C4000003F0B1FCD6E90602DDE900139A4208BF49
:10C41000884201D00023236002B070BD02236A4627
:10C420000548294603F09FFC064BDA8BBDF8003027
:10C430009A4218BF2560EFE7043300208C0F0020DC
:10C4400048060020FC020020184B4FF4807273B5A0
:10C45000DA601748174C4FF6FF7104F0D0F82060EF
:10C4600023689B0712D5144E35798DB110480823E7
:10C470006A46002103F0E4FFD6E90602DDE9001375
:10C480009A4208BF884201D00023236002B070BDE9
:10C4900002236A460648294603F0D2FF074BDA8B8F
:10C4A000BDF800309A4218BF2560EFE70008005839
:10C4B00020330020880F002048060020FC020020C6
:10C4C000044A00231370044A1380044A1370044A78
:10C4D000137070479A0F00209C0F002080330020BB
:10C4E0000C0C0020024B1878B0FA80F0400970471D
:10C4F0009A0F00200D4A11780346A9B910700C4A12
:10C50000012010700B4A032B118009D0042B01D09D
:10C5100083420AD1084B002283F8A42001207047EF
:10C520004FF4FA7313807047002070479A0F002071
:10C53000803300209C0F002038050020034A002390
:10C540001370034A1380034A137070479A0F002038
:10C550009C0F0020803300200A4A08B5138883B15D
:10C56000013B9BB2138063B9074B1B78032B02BFBF
:10C57000064B01221A70FFF7E1FF054B002283F8FA
:10C58000FA2A08BD9C0F00209A0F00200C0C0020F6
:10C590006818002013B5C379212B12D10A4CF9F782
:10C5A0009DF8FFF7CBFF94F8FA3A032B06D10DF173
:10C5B000070120468DF80730FBF7D0F9002384F8F7
:10C5C000FA3A02B010BD00BF6818002010B50D4B3C
:10C5D0001B78013B032B14D8DFE803F002090D0799
:10C5E0002023BDE81040F9F769B82423F9E7BDE836
:10C5F0001040F9F7C7B82323F9F760F8024B00227F
:10C600001A7010BD9A0F002080330020034B0122C6
:10C610001A7000225A711A71704700BF153100203C
:10C62000054A064B12791B7F1AB105495B22F9F7BF
:10C6300025BC04495B22FAE748060020FC020020E2
:10C6400081330020DC33002038B5114B1A790546C0
:10C6500032B1014600221846BDE83840F9F7B8BCAF
:10C660000C4A0D495B23F9F7F7FB7DB90A48F8F747
:10C6700015FF0128044607D000280849284614BFA2
:10C6800001240224F9F73EFC204638BD0148EEE7BC
:10C6900048060020FB310020A03100205832002045
:10C6A000024B1878831E5842584170471D070020DE
:10C6B000044B1B78022B06BF034B93F8A400002009
:10C6C000704700BF1D0700203805002010B5044644
:10C6D000FFF7EEFF70B10D4BD3F8AC3042F6A0027D
:10C6E000934208D80A492046F9F776FF09492046BF
:10C6F000F9F772FF10BD42F6A1029342FAD0064943
:10C700002046F9F769FF0549F1E700BF3805002029
:10C71000BB330108F1330108273401085D340108F7
:10C7200010B50446FFF7D2FF20680749F6F78CFCE6
:10C73000064B206819783031C9B2F6F7DFFB04499F
:10C740002046F9F749FF10BD93340108FC02002090
:10C750009830010830B5044695B0FFF7B7FF1E4981
:10C760002068F6F771FC1D498B7863B12F220231E6
:10C7700008A805F002FC1A492068F6F765FC206855
:10C7800008A9F6F761FC17492046F9F725FF164975
:10C790002068F6F759FC154B1B78022B19D1144D64
:10C7A00095F8A4309BB1206805F1B001F6F74CFC78
:10C7B0000B492068F6F748FCD5F8A8106846F5F74D
:10C7C00045F969462046F9F707FF15B030BD09491C
:10C7D000F8E70949F6E700BF9D340108540F00202F
:10C7E0003B32010898300108C13401081D070020C0
:10C7F00038050020C8340108AA3701082DE9F041A6
:10C80000254E264FDFF898800446002594F88D20A9
:10C81000EBB29A423ED994F88E30102B37D8DFE82D
:10C8200003F00913181A1C1E20222426282A2C2E55
:10C83000303234002046FFF749FF94F88E30013340
:10C8400084F88E300135E1E716492046F9F7C4FE39
:10C85000F3E71549F9E71549F7E71549F5E71549EC
:10C86000F3E71549F1E71549EFE71549EDE71549F4
:10C87000EBE71549E9E71549E7E71549E5E7154904
:10C88000E3E74146E1E73946DFE73146DDE70023EC
:10C8900084F88C30BDE8F081783701083D37010815
:10C8A0000C370108DD340108013501082F35010876
:10C8B0005835010884350108AC350108D435010824
:10C8C000FD350108263601086A3601089036010850
:10C8D000B6360108D936010838B590F88E300446CE
:10C8E00063B990F88F30012B01D9032B06D1FFF7E4
:10C8F000DFFE18B920492046F9F76EFE002594F8AE
:10C900008E102E2903D9002384F88C3019E04B1C9B
:10C9100084F88E3094F88F30012B13D10846F9F744
:10C92000BBFB0028EBD10846F9F7C8FB0028E6D18D
:10C930002046F9F7D3FF013594F88D30EDB2AB42C4
:10C94000DDD238BD022B05D10846F9F7A5FB00283A
:10C95000EED1D4E7032B07D10846F9F7AFFB002847
:10C96000CDD0FFF7A5FEF2E7002BE1D10846F9F79D
:10C97000A5FB0028DCD0F4E7A43701082DE9F0433B
:10C98000037993B00446C3B190F88C30013B032B7C
:10C9900019D8DFE803F00252575C006803685B694E
:10C9A000984768B1206803689B6998470023A949A4
:10C9B00084F88C302046F9F70FFE13B0BDE8F08301
:10C9C0002046F9F7EFFFA44B1E6894F885308BB131
:10C9D000D4F88830F31AB3F5FA6F0BD99F49204683
:10C9E000F9F7FAFD9E492046F9F7F6FD002384F891
:10C9F00085306371994FDFF86C82DFF86C922068A4
:10CA000003685B6998470028D7D0206803689B6952
:10CA100098470A280546C4F888601DD00D281BD009
:10CA20002C2819D03B2817D001462068F6F766FA63
:10CA300029462046F9F7FCFDE1E713B0BDE8F043D5
:10CA4000FFF7DCBE13B0BDE8F043FFF745BF13B0FE
:10CA5000BDE8F043FAF74EB839462046F9F7BCFD79
:10CA600041462046F9F7F2FD50B1022384F88C309C
:10CA7000002384F88E30002384F885306371BEE78C
:10CA800049462046F9F7E2FD0028EED177492046D5
:10CA9000F9F7DCFD0028E8D175492046F9F7D6FD05
:10CAA000054618B12046FFF755FEE4E771492046D8
:10CAB000F9F7CCFD40B12046FFF732FE032384F89E
:10CAC0008C30A4F88E50D6E76B492046F9F7BEFDAE
:10CAD00050B12046FFF724FE032384F88C304FF436
:10CAE0008073A4F88E30C6E764492046F9F7AEFD9E
:10CAF00040B12046FFF714FE032384F88C304FF436
:10CB00000073EEE75E492046F9F7A0FD40B12046EC
:10CB1000FFF706FE032384F88C304FF44073E0E700
:10CB20000AAA02A92046F9F7F1FD002842D002A97D
:10CB30000DF10200F9F71EFC20B952492046F9F721
:10CB40004BFD98E79DF802502846F9F7B7FA20B157
:10CB5000FFF7AEFD08B94C49F0E79DF828303F2BB0
:10CB60000BD12046FFF7DCFD29462046F9F7B6FE3B
:10CB700029462046F9F74AFE7DE70BB94349DDE730
:10CB80002A460AA90DF10300F9F7DAFC08B9404971
:10CB9000D4E72046FFF7C4FD29462046F9F79EFE5C
:10CBA0009DF80330002B3FF466AF05213948F5F7B7
:10CBB000D8F960E738492046F9F748FD90B1354883
:10CBC0000621F5F7CEF92046FFF7AAFD334B1B7877
:10CBD000022B05D02C492046F9F7FEFC3049ADE781
:10CBE0003049ABE730492046F9F730FD28B1012143
:10CBF0002848F5F7B6F92D49A0E72D492046F9F761
:10CC000025FD90B123480721F5F7ABF92046FFF742
:10CC100087FD224B1B78022B05D01B492046F9F7D4
:10CC2000DBFC24498AE7244988E7244901AA2046F5
:10CC3000F9F714FD00285AD0019D092D01D920498A
:10CC40007CE72046FFF76CFD1E4B1B789D423DD1D3
:10CC50001D4973E7DB37010860420020F537010802
:10CC6000F73701087043010801380108EE31010867
:10CC70004A42010806380108093801080E3801083F
:10CC8000143801081A380108A43701083638010899
:10CC90004E38010840330020613801081D0700208C
:10CCA000683801087F38010893380108983801086E
:10CCB000AF380108B6380108CF380108E538010857
:10CCC000F1380108FC020020153901082A461D48E8
:10CCD0000A21F5F748F91C492068F6F7B5F905F17E
:10CCE0003001C9B22068F6F709F9184926E7184952
:10CCF0002046F9F7ABFC054640B10123154984F8FD
:10CD00008C302046F9F768FC134917E71349204691
:10CD1000F9F79CFC28B1042384F88C3084F88E50F9
:10CD2000A9E60F492046F9F791FC08B103213DE738
:10CD300094F885100B4A0C4B00290CBF114619467C
:10CD4000FCE600BF403300202A3901089830010872
:10CD50005339010840390108593901087639010869
:10CD600080390108C1370108CD3701080148FFF7B4
:10CD700005BE00BF8406002010B5184B1A78184B6A
:10CD80000446142000FB023393F85500012822D1F9
:10CD90002288930605D522F02002228005230B70FD
:10CDA00010BD12F0400317D0FFF782FC28B1FFF747
:10CDB00099FB10B900230120F1E7606830B1094BFD
:10CDC0001B681B1A312BF5D90023636022F0400247
:10CDD00022800623EFE700231846E0E7FC0200204C
:10CDE0007C0300206042002013B50DF107010446CA
:10CDF000FFF7C2FF18B19DF8070002B010BD2080F8
:10CE0000FBE700002DE9F04106460C461546FFF70A
:10CE10004FFC70B1184B93F82D30581E012819D8CB
:10CE2000164BB3F85861B3F85671002291B28D4297
:10CE300001D8BDE8F081B3F85401411C3140B9423A
:10CE40001FBFC01814F802C080F85AC1A3F85411CB
:10CE50000132EBE7032B09D1094E0D44AC42E8D077
:10CE600014F8011B3046FFF7ABF9F7E77068036869
:10CE7000BDE8F0411B6918477C030020A00F00208B
:10CE80006C230020F8B5214B214D1F79CB78C3F3DB
:10CE9000000385F895304B79C3F3801385F89630FD
:10CEA0000646C87840080C46F4F7FDFB85F892006A
:10CEB0002379C3F3060385F893306379227903F06D
:10CEC0003F035B0043EAD21385F89430E6B1DFB14B
:10CED000A37803F0F003202B04D12046BDE8F840EE
:10CEE000FFF758BBA2790B48E11D5208FFF78AFFF4
:10CEF000A17905F164004908F4F7FAFF05F13C0057
:10CF0000BDE8F840F4F7EEBFF8BD00BF15310020D2
:10CF1000583200203833002070B50546B8B9184B98
:10CF2000184E1B78184A14794CBB022B174812D1A3
:10CF3000B17801F00701F9F7A5F84379C3B9314693
:10CF40000120FFF79FFF1248F4F722FB09E0114B85
:10CF5000114E1B78E6E7012293420270447104717E
:10CF6000EDD80B4880F89050BDE87040F4F70EBB48
:10CF70000A4B1C745C825C61094B1C71DFE770BD5D
:10CF8000960F0020A0310020480600201531002017
:10CF900058320020970F0020FB310020A00F002006
:10CFA0006C23002010B50246FFF782FBB8B10C4B92
:10CFB00093F82D30591E012904D8BDE810400948C6
:10CFC000FDF7A8BF032B04D1BDE810400648FFF7CA
:10CFD000FCB850680368BDE810405B69184710BD95
:10CFE0007C030020A00F00206C23002010B5024617
:10CFF000FFF75EFBB8B10C4B93F82D30591E012999
:10D0000004D8BDE810400948FDF792BF032B04D1B6
:10D01000BDE810400648FFF7EAB850680368BDE86D
:10D0200010409B69184710BD7C030020A00F002012
:10D030006C2300202DE9F04FDFF8D88098F80040ED
:10D0400097B081460E461746002C48D1324B1B78CC
:10D05000022B40D1DFF8C4B00DF1180A254658461E
:10D06000ECB2FFF79FFF40B15846FFF7BFFF013515
:10D07000402D0AF8010BF2D12C4629482146F4F73D
:10D0800037FF2848F4F72EFF27488DF8129090F8C4
:10D09000A4308DF80C30254B80F89190DB788DF81A
:10D0A0000D3090F890308DF81130F4F796FA8DF835
:10D0B0000E00F8F7D1FB10F0010F0CBF33463B46D2
:10D0C0008DF814301A4B8DF8130093F85A3043B989
:10D0D000B74206D0FEE71148FFF7AAF8D4E70024CC
:10D0E000D2E71148F4F78BFA98F800308DF8100069
:10D0F0004BB9104A1048009406AB03A9F8F7C2F9DF
:10D1000017B0BDE8F08F0B4A0B4803A9FFF75EFA92
:10D11000F6E700BF803300201D07002038330020D1
:10D12000A832002080320020583200201531002023
:10D13000FC0200201C310020DC33002030B4084CFD
:10D14000257925B10146204630BCF8F7B3BC054C23
:10D1500094F8A430013384F8A43030BCFFF76ABFE0
:10D16000480600205832002008B50246FFF7A0FA12
:10D1700018B9A2F82206A2F82006064B93F82D3023
:10D18000032B06D1136823B1BDE808401046FEF713
:10D19000A5BF08BD7C03002070B500239CB2A2424D
:10D1A00000D870BD058886886C1C34404688A6422D
:10D1B0001EBF2D18CE5CAE7103F1010318BF0480B1
:10D1C000ECE708B56830FFF7E7FF08BDA0F11400F1
:10D1D000F7E7000038B50A4B93F82D3000F5EF65FE
:10D1E000022B0446284608D1FCF7F8FF02462946E0
:10D1F00004F24A40FFF7D0FF38BDF5F7FCFAF5E737
:10D200007C030020F0B587B00446102201A8F4F793
:10D2100069FC204B94F8A8C893F8352084F85EC6C2
:10D220004FF0FF33333284F85C3684F85D360123E7
:10D2300084F85F3604F5CA67D2B201AB04F5CC6658
:10D240000DF1140E1D4603CD7545306071602B46FF
:10D2500006F10806F6D184F855264423D4F858265A
:10D2600084F85636142363F31702C4F858264DF297
:10D27000016284F871C7A4F8722784F8743704F542
:10D28000A4713846F5F746FE39462046FFF7A2FF5F
:10D2900007B0F0BD7C0300202DE9FF410446B0F843
:10D2A0004C14B0F84A04F5F7AFFDE3684BBBDD283A
:10D2B00008D804F5F37604F5ED75A06803685B699A
:10D2C000984710B904B0BDE8F081A06803689B6975
:10D2D00098472A46034631466846F5F7F1FB002891
:10D2E000EBD09DF80030022BECD104F5CA65324634
:10D2F00069462846F5F75CFB29462046FFF76AFF9A
:10D3000094E0DD28DED84D4D2B780133DBB2012BC4
:10D310002B700FD900232B70A06803685B699847B6
:10D3200050B901232B70E06803685B69984730B9F6
:10D33000287004E0002BEFD02B78012BF3D004F5FC
:10D34000F37604F5ED772B78002B36D1A0680368CF
:10D350005B69984788B3A06803689B6998473A4619
:10D36000034631466846F5F7ABFB0028EBD0DFF803
:10D37000D08069460120F5F773FD98F8023033B18B
:10D38000E068BDF80220036831461B6998479DF8A4
:10D390000030022B11D104F5CA673246694638467F
:10D3A000F5F706FB98F800301BB139462046FFF729
:10D3B00011FF39462046FDF7D9FF04F21E3604F26C
:10D3C00012372B78012B7FF47DAFE06803685B692F
:10D3D000984700283FF476AFE06803689B69984758
:10D3E0003A46034631466846F5F76AFB0028E8D01E
:10D3F000134F69460220F5F733FD7B7833B1A068FF
:10D40000BDF80220036831461B6998479DF800303B
:10D41000022B7FF457AF04F5CA65324669462846A9
:10D42000F5F7C6FA3B78002B7FF466AF2946204615
:10D4300004B0BDE8F041FDF799BF00BF44060020ED
:10D4400005060020264B70B51E680446FFF730F92C
:10D4500058B9C4F8A468A4F85601A4F85401A4F873
:10D460004C04A4F84A0484F8B8081E4D95F82D30F1
:10D47000013B012B33D82046FEF7ACFA2046FFF7DC
:10D480000BFF194B1B78142202FB035595F85250E1
:10D4900095B1D4F8A438F31AB3F57A7F0FD3C4F852
:10D4A000A468012504F6A800FEF7C4F94DB1204692
:10D4B000BDE87040FDF766BDC4F8A468F2E700253A
:10D4C000F0E794F8B4382BB1084984F8B4582046F2
:10D4D000FFF798FE2046BDE87040FEF767B870BDC4
:10D4E000604200207C030020FC020020AD330108D4
:10D4F0002DE9F04F9A4D2B78012B87B000F2EA808E
:10D500000BB9F5F725FFFEF7BFFE964B00221A80F8
:10D510009A70954B08229A6207244CF25030013CD5
:10D52000F6F756F8F6F79CF814F0FF04F5D18F4B98
:10D530008F489C701C8002F0B4FD013880B24FF619
:10D54000FD76B04203D98B490120F8F769FD8A487E
:10D5500003F0ECF8013880B2B04202D987490220CA
:10D56000F3E7874B1C60874B1C60874C94F8563060
:10D5700013B994F858301BB184497D48F7F79CFCE7
:10D5800094F8573013B994F859301BB180497A4850
:10D59000F7F7B4FD7F48804FF8F77AF994F82A300E
:10D5A000029394F829300193A38D009394F82830C6
:10D5B000626A94F820103846F7F7AEFD94F83A30D6
:10D5C000029394F839300193A38F009394F83010AC
:10D5D00094F83830626B07F1DC000026F7F79CFD09
:10D5E0006E4B3E74FF2287F8EC6038461A705A7012
:10D5F000F7F7FEFD01465E4802F009FC07F1DC008A
:10D60000F7F7F6FD01465C4802F063FF644B1E80AD
:10D61000644B1E70644B1E70644B1E80644B1E80F6
:10D62000644B1E70644B1E80644B1E70644B1E70F6
:10D63000644B1E70644B1E70644B01201E70FEF71D
:10D640003FFFFEF757FFB4F84C30B4F84E2094F883
:10D6500040105F48F3F75CFFB4F84C105D48F4F7F6
:10D6600094FA5D48F8F7E4FC22785C4B5C4814219E
:10D6700001FB023393F84E10F4F7E8FD59495A487C
:10D68000FEF738F85948FEF703FD59485549FEF7AB
:10D69000E1FD5848F8F7ACFF94F856301BB994F800
:10D6A0005830002B48D03248F7F7F7FB5248F4F7D0
:10D6B00061FC5248F4F734FC5148F4F789FD514AB3
:10D6C00000231370504A1380504A1380F6F762FB10
:10D6D000FF232B70F6F768FB2B4C334E002800F02D
:10D6E000BE80354A13880BB1013B13802C4A138846
:10D6F0000BB9B4F84C30013B9BB2012B13801FD106
:10D70000284A1370FEF728FF3378002B40F0A780DB
:10D71000284B144A1978138802291AD1EBB1013B1E
:10D720009BB213809278002A74D0002B7BD1F5F73E
:10D7300041FFF5F74DFF76E00F48F7F7D0FCB5E76E
:10D74000002BDFD101233370314B5A6A174B1A80FB
:10D75000D8E7002BE3D1C723E3E740F2F313E0E778
:10D7600042310020920F002000040048540F002096
:10D77000043300208B39010820330020953901083B
:10D78000880F00208C0F0020FC02002000030020E6
:10D790000C03002048060020180C00204331002014
:10D7A00038340020900F00200D0C00201231002092
:10D7B000980F00201D070020200700201E070020D2
:10D7C0001C070020970F0020960F00209E0F0020BE
:10D7D000583200206C330020153100207C030020DB
:10D7E000280F00207C180020A00F00206C230020B0
:10D7F00038330020840600205042002040330020AF
:10D8000014070020403100207C3300207E330020AC
:10D81000004401400229A54840F0EE800BB9F5F71D
:10D82000C9FE08238362A24F3B88002B40F0EA80A8
:10D8300040F2E7333B809F48F8F7D8F894F8563029
:10D8400023B994F85830002B00F0F5809A48F7F788
:10D8500024FB3B881BB999499948F5F7E7FB994F99
:10D860003B88022B00F0EB80042B00F05181012B50
:10D8700019D1954B197C5A7C93F8ED000131C9B24E
:10D880008A4298BF002193F8EC2019740132D2B279
:10D89000904298BF002283F8EC208C4B187AFFF757
:10D8A0004DFC02233B8094F8563013B994F858305D
:10D8B000A3B3DFF81C82D8F800307BB33B88032B7E
:10D8C00040F04F81D8F80030DA070ED5814A0023A6
:10D8D000C8F80030137843F00101117094F85A2011
:10D8E0000AB19B0701D504233B80D8F80030ABB1C7
:10D8F000D8F80030D8F80030990748BFD8F8003081
:10D90000D8F80030DA07744A48BFD8F8003000234E
:10D910001370724AC8F800303B80137094F8573087
:10D9200013B994F85930A3B3DFF8B481D8F80030B4
:10D930007BB33B88032B40F02481D8F80030DB0711
:10D940000ED5644A0023C8F80030137843F0020172
:10D95000117094F85A200AB1D80701D504233B80EE
:10D96000D8F80030ABB1D8F80030D8F800309A07BA
:10D9700048BFD8F80030D8F80030574ADB0748BF16
:10D98000D8F8003000231370544AC8F800303B80A8
:10D9900013703378002B00F03F8200234648337029
:10D9A000F7F721FA4F48DFF830A1DFF830B1DFF8A0
:10D9B0003881F7F752FB94F8563094F85760002BF3
:10D9C00000F07E81002E00F08A819BF80030002B51
:10D9D00040F0E8809AF80060003E18BF01269AF8EF
:10D9E0000030012B94BF00230123002E40F08481DE
:10D9F0001E46FEF70BFEEBE010228262002B7FF446
:10DA000012AF96E6013B9BB23B80002B7FF413AF35
:10DA10002278364B142101FB023393F85330022B4A
:10DA20007FF409AF324B1B78002B3FF404AF2E4834
:10DA3000F3F7F8FDFFE62B48F7F751FB09E72D4B0D
:10DA40002D4A5B6A12889B1A9BB240F2ED229342E8
:10DA50007FF629AF294B2A484FF0000883F8008051
:10DA6000F8F768F91848F7F7C3FB0146124802F0C7
:10DA7000CEF92448F7F7BCFB01461A4802F029FD0D
:10DA8000124B187AFEF7CCFD03233B80114B1E4846
:10DA900083F80080124BC3F800800D4BC3F8008060
:10DAA0001A4B01221A71F4F769FAFCE600040048E7
:10DAB0007C3300204806002004330020F22E0108A9
:10DAC00000000020980F0020180C00206C3300206C
:10DAD0008C0F00209E0F0020970F0020960F002033
:10DAE000880F002020330020583200207C030020C3
:10DAF0001C0700200044014012310020900F00203C
:10DB000043310020F40C0020504200202407002064
:10DB100094F8563053B1AA484FF6FF71F5F794FCCC
:10DB200002F00BFAA648002102F03BFA94F85730B5
:10DB30005BB1A4484FF6FF71F5F7DAFC02F053FD34
:10DB4000A0480022012102F08BFD9F4A05233B8063
:10DB5000002313709D4A13709D4A13609D4A136001
:10DB6000A1E6052B7FF4C1AED8F8003098077FF509
:10DB7000BCAE0020C8F80000FEF766FD934B18709D
:10DB8000B3E6052B7FF4ECAED8F8003099077FF5AB
:10DB9000E7AE00230120C8F80030FEF755FD8A4BA0
:10DBA0001870DDE6012B3FF41AAF94F85730002BC4
:10DBB00000F0A48098F98D30009398F98C309AF891
:10DBC00000209BF800108448F3F7C8FFFFF7A4F982
:10DBD00094F858009BF800109AF8002094F85930F7
:10DBE000002800F08D80002B00F08F8098F98D3098
:10DBF000009398F98C307948F3F7E2FFDFF8E09171
:10DC000099F8103088F8A7309BF80030012B94BFAA
:10DC10000023012388F8A5309AF80030012B94BF27
:10DC20000023012388F8A630DFF8B88198F8003087
:10DC30003EB1002B6CD0012B70D06B4BB4F8502050
:10DC40001A8098F80030022B04D1674B1B880BB95F
:10DC500088F8003098F8002000230120022A38803C
:10DC60008BF800308AF8003006D060490B701AB982
:10DC7000FEF764FCFEF73EFC5D4A13880BB9B4F86E
:10DC80004E30013B9BB2138013B95A48F3F7D8FCCE
:10DC90005848F3F77AFC98F80030022B02D0554828
:10DCA000F3F71CFC544B1E78002E61D0534B082216
:10DCB0009A6110229A61F6F7EDFE01232B7061E064
:10DCC0006EB19AF80030012B94BF00260126002B7C
:10DCD0003FF48FAE94F8573083B1012076E79BF87C
:10DCE0000020012A94BF00260126002A3FF481AEBD
:10DCF000002B7FF45AAFEDE71E4656E7002065E79C
:10DD00001BB1364B01221A7278E7344B0022FAE736
:10DD1000012288F800203A4A13708EE7384A394EBB
:10DD2000137830780133DBB21370D8B994F85420EB
:10DD3000934282D3344991F8A43043B9334B1B79D1
:10DD40002BB988B1FEF7FAFB012381F8A4303378B0
:10DD500013B92848F3F715FC022388F80030012393
:10DD600033706AE70522E3E729490C20FFF7EDBB92
:10DD70002648F7F765FEF7F78FFE0128044604D022
:10DD800003289AD007B0BDE8F08F2048F7F7E8FDE8
:10DD900041F28833A9F8D630A9F8B231174B89F887
:10DDA000D4401022A9F8D86089F8B041A9F8B4612C
:10DDB0009A6108229A62174B88F800609C70E1E72C
:10DDC0000433002020330020970F0020960F0020FE
:10DDD000880F00208C0F0020413100206C33002080
:10DDE000180C00201D0700202007002015310020FE
:10DDF0007E330020583200200C0C00200004004824
:10DE00001E0700201C0700203805002048060020BF
:10DE1000A0390108920F002094F85B30834EEBB1DB
:10DE200083498448F9F7BAFB68B12278824B142100
:10DE300001FB0233012293F84C30032B04BF012372
:10DE400033707C4B1A717B480DF11301F9F7BEFB5F
:10DE500020B19DF81330F3B1012B1FD094F85B3043
:10DE600023B994F85C30002B00F0F68071480DF176
:10DE70001301F9F7D0FB50B39DF81330033B0F2B80
:10DE800025D8DFE803F01624242424242448244C35
:10DE90006373787E7A7CFDF707FEDFE7654805A9A6
:10DEA000F9F7E8FB0028D9D09DF81400F9F78AFEAD
:10DEB000D4E7F6F7FFFD614B1B78022B4FF0030808
:10DEC00022D10420FEF716FB5A4B83F8FA8A94F805
:10DED0005C30002B00F0C08055495948FAF74CFFE0
:10DEE00008B101233370B4F84C20554804A9FAF75F
:10DEF00065FF00284FD09DF81030052B4BD8DFE888
:10DF000003F0475F63676B914A488DF8148005A959
:10DF1000F9F724FDDBE74B49A1F13300F8E7DFF81F
:10DF2000148105A908F13300F9F72EFE0028CED0A0
:10DF30009DF81430002BCAD0404B18780228C6D167
:10DF4000FEF7D8FA0C2388F8FA3AC0E73B4B1B7867
:10DF5000022B07D10320FEF7CDFA364B0D2283F8B2
:10DF6000FA2AB4E7384B01221A70B0E7012137488A
:10DF7000F3F7F3FFABE70221F9E70321F7E7082105
:10DF8000F5E72C4B324893F83310F4F725F99EE768
:10DF90002B48FBF721FEDFF8A8800DF11101404668
:10DFA000FAF742FF002857D09DF81130022B51D8C4
:10DFB000002B00F09B8025480121F3F7D0FF4BE0B8
:10DFC0001F48FBF75DFEE6E71D48FBF79DFEE2E715
:10DFD0001B48FBF71DFFDEE716480DF11201F9F7AC
:10DFE00049FB18B19DF81200F9F7ECFD11480DF14D
:10DFF000130205A9F9F780FA30B19DF813200599AD
:10E000000F48FAF765FFC6E7FEF752FB0028C2D0BB
:10E01000094B93F82D30013B022BBCD80848FBF785
:10E020005FF9B8E70648FBF7B7FEB4E740310020D8
:10E030001C310020681800207C0300201D070020F0
:10E04000240700209B1800200C0C002040330020E7
:10E0500014070020032B4FD094F85D3023B15049B2
:10E060005048F4F71AFA08B93378C3B10023337073
:10E070004D4E23784A494D484FF0140808FB03637E
:10E0800093F84D20F3F720FA23784549484808FBD8
:10E09000036696F84A3096F85620F7F775FE454B1A
:10E0A0001B78002B7FF46EAE3B88022B3FF46AAEE8
:10E0B0004148FFF7C7F94148FFF756F84048F3F7E2
:10E0C0006AFF4048F3F732FF10B93B48FEF78CFE79
:10E0D000431E102B60D8DFE803F03F464D5F192D3B
:10E0E000375F5F4F5F5F5B5F575F570098F869105E
:10E0F0003548F4F771F8AFE798F816203348023A3C
:10E10000D2B208F11801F9F7E2F9A5E7304B187817
:10E11000022805D1FEF7EEF92C4BFF2283F8FA2AEC
:10E120002948F4F76DF800283FF42CAE294B012262
:10E130001A7027E6264B1B78022B01D10320E9E752
:10E14000244B01221A70EBE7F6F7B4FC204B1B7846
:10E15000022BE5D10420DDE71F4B1A79002ADFD11D
:10E1600001225A71DCE71C4B1A79002AD8D001220F
:10E170009A71D5E7F5F79CF81248F3F7F7FEC1B2AC
:10E180001148F4F729F8CBE70E48F3F7F1FEC7E79B
:10E190000C48F3F7EBFEC3E704283FF48EADBFE76E
:10E1A0001C310020280F00207C0300207C0600206A
:10E1B00043310020900F0020A00F00206C2300208E
:10E1C000504200204033002014070020681800202F
:10E1D0001D0700200C0C00204806002008B5FFF7A2
:10E1E00087F9FCE7544B554A554870B51A60554BB2
:10E1F000554A1A60554B564A1A605A619A62DA6358
:10E20000544A1A655A66544A9A67544A544B02F162
:10E210000801283200245A6140F2FF12C3E91A4271
:10E220007F25504A1960C3F87022C3F86C42C3F8C6
:10E23000744AC3F8785A4C4B0360212380F80C31A0
:10E2400000F1DC03C0F81031102380F8143100F124
:10E25000C403C0F81C310F2380F820311E2380F83E
:10E26000243100F1F403C0F82831062380F82C3162
:10E27000072380F8303100F1FA030222C0F834316C
:10E28000092100F1FC0380F8182180F8382180F87A
:10E290003C11C0F8403180F850210D2280F8542103
:10E2A00000F20112C0F858210A261122032380F837
:10E2B000486180F8602100F1FF0600F5827280F865
:10E2C0004431C0F84C6180F85C31C0F8642180F8BA
:10E2D0007831082200F1D30300F1EC0680F86821C0
:10E2E00080F86C2180F87421C0F87C3180F88011AE
:10E2F000C0F8706100F5EA70FAF7A0FB1B4B1C4AEE
:10E300001A601C482146F3F78FF81B4B1B4AC3F8D1
:10E310004C24C3E95545A3F84A44194B40F2FF3257
:10E32000C3F82426C3F82046164B174A1A60174B29
:10E33000174A1A6070BD00BF04330020C0390108BD
:10E340002407002020330020E8390108583200203B
:10E350004C30010834300108403001087064010875
:10E36000681800200000FF0768640108280F0020DB
:10E37000003B01087C060020A00F00200000FF01E8
:10E380006C23002038330020246401085042002010
:10E390005464010830B59BB0202200210BA803F083
:10E3A000B6FD1822002102A803F0B1FD1C4A136833
:10E3B00023F4C06343F400731360136803F4C06371
:10E3C0000193019B01224FF48033CDE90823002300
:10E3D0000A9310210623CDE915134FF400330224CC
:10E3E000032517934FF0005C4FF0007308A8CDE9A8
:10E3F0001345CDE9183C00F095FB08B172B6FEE775
:10E40000CDE90400CDE906004F23214602A8CDE95D
:10E41000023500F021FE08B172B6FEE71BB030BD38
:10E4200000040058104B07B51A6842F480721A6055
:10E430001A6842F400721A601A6822F480621A6044
:10E4400000F0F0F8FFF7A6FF4FF0B043DA6C42F0AF
:10E450000102DA64DB6C03F001030193019B03B05A
:10E460005DF804EBFFF7BABE004000587047FEE7C6
:10E47000FEE7FEE7FEE7FEE7704770477047F5F7F7
:10E48000A3BC0120704708B503F094FE1623036077
:10E490004FF0FF3008BD08B503F08CFE1623036073
:10E4A000FEE770B50D4614460E46731B9C4201DC18
:10E4B000204670BDAFF3008006F8010BF5E770B59C
:10E4C0000D4614460E46731B9C4201DC204670BD6F
:10E4D00016F8010BAFF30080F5E74FF0FF307047FF
:10E4E0004FF400534B60002070470120704700201C
:10E4F000704700000B4A116810B5034609B90A4974
:10E500001160106809490A4C0344091B8B4206D963
:10E5100003F050FE0C2303604FF0FF3010BD13607A
:10E52000FCE700BF5C420020E8430020000001201F
:10E5300000040000704700000D488546FFF7FAFF11
:10E540000C480D490D4A002302E0D458C45004334E
:10E55000C4188C42F9D30A4A0A4C002301E0136024
:10E560000432A242FBD303F02BFEFFF75BFFFEE772
:10E570000000012000000020DC0200208C6B01085C
:10E58000E0020020E8430020FEE770474FF0B04370
:10E5900010B59A6B4FF0FF329A63D96BDA6300249F
:10E5A000996B9C63D96BDC63196C1A64196C1C64DD
:10E5B000596C5A64596C5C64996A9A62996A9C6253
:10E5C000D96ADA62D96ADC62196B1A631A6B1C6346
:10E5D000FFF7DBFF204610BD38B5104C2378054609
:10E5E0000BB9012038BD00F08DFA22784FF47A7310
:10E5F000B3FBF2F3B0FBF3F000F074F8044600282C
:10E60000EFD10F2DEDD8024629464FF0FF3000F034
:10E6100037F8034B20461D60E4E700BF700200207E
:10E620007402002010B5032000F018F800F06AFA18
:10E63000064B18600F20FFF7CFFF044618B9FFF70D
:10E6400015FF204610BD0124FBE700BF6C0200202F
:10E65000014B1868704700BF604200200749CA6834
:10E6600022F4E0620302120403F4E063120C134389
:10E6700043F0BF6343F40033CB60704700ED00E02C
:10E68000164B30B5DC68C4F30224C4F10703251D22
:10E69000042B28BF0423062D4FF0FF358CBF033C0D
:10E6A000002405FA03F321EA0303A54022EA050248
:10E6B000A340002843EA0203ACBF00F16040084ACF
:10E6C0004FEA0313B8BF00F00F00DBB2AABF00F59A
:10E6D0006140135480F8003330BD00BF00ED00E00E
:10E6E00014ED00E00138B0F1807F0BD24FF0E02351
:10E6F000054A5861F02182F8231000200722986112
:10E700001A6170470120704700ED00E00A4A536922
:10E7100043F4802330B55361EFF3108472B60023C5
:10E72000CD58C5500433B3F5807FF9D11369DB03AD
:10E73000FCD484F3108830BD00400058064B5A6961
:10E74000002ABFBF054A9A6002F188329A60BABFB8
:10E750005869C00F002070470040005823016745EA
:10E76000044B5A6942F000425A615869C043C00FD5
:10E77000704700BF0040005870B50546FFF768FFBE
:10E78000124E04463369D90313D43369DA0744BF00
:10E79000012232614CF2FA32134011D10B4E306932
:10E7A00010F480200BD0FFF753FF001BA842F6D3D4
:10E7B00004E0FFF74DFF001BA842E3D3032070BD28
:10E7C000024A1361024A01205360F8E700400058F2
:10E7D000644200202DE9F041184D98462B78012B1A
:10E7E00006460C46174626D001232B704FF47A704C
:10E7F00000236B60FFF7C0FFA0B9012E16D1104AAD
:10E80000536943F0010353612760BFF36F8FC4F86E
:10E8100004804FF47A70FFF7AFFF094A536923EA87
:10E820000603536100232B70BDE8F0813946204672
:10E83000FFF76CFFEDE70220F6E700BF644200201F
:10E8400000400058054A536923F47E7343EAC00030
:10E8500040F4803040F002005061704700400058A2
:10E860002DE9F041234F3B78012B054688463FD0E8
:10E8700001233B704FF47A7000237B60FFF77CFF2D
:10E88000044688B92B68042B13D11B4A536943F4FF
:10E89000803343F0040353614FF47A70FFF76CFF49
:10E8A0000446154B1A681B6800233B702046BDE8E0
:10E8B000F0814FF0FF33C8F800306E68D5E90132BF
:10E8C0001344B3420AD93046FFF7BCFF4FF47A70C5
:10E8D000FFF752FF50B1C8F800600446064A53697A
:10E8E00023F47E7323F002035361DAE70136E5E790
:10E8F0000224DBE76442002000400058024A13680B
:10E9000043F480731360704700040058024B18688A
:10E9100000F4C060704700BF000400584FF0B043DF
:10E920001868C0F3404070474FF0B0431868C0F318
:10E93000400070474FF0B042536823F47F4343EAEE
:10E940000023536070474FF0B0431868C0F3406035
:10E95000704700007FB54FF0B0432C4AD3F8083120
:10E96000C0F3031003F00F0352F82040284A52F876
:10E970002330B4FBF3F4FFF7C9FF264B054693E8B9
:10E980000700B5F5007F04AB03E9070010D0224B68
:10E990009C4218D303F5B70303F67F539C4229D951
:10E9A00003F5741303F510639C4225D802230BE092
:10E9B0001A4B9C4207D91A4B9C421BD903F53703CB
:10E9C00003F5D853F0E7002304AA02EB830353F8BE
:10E9D0000C4C144D2B6823F0070323432B60FFF7E7
:10E9E00037FE06462B6803F007039C4206D1002041
:10E9F00004B070BD0123E7E70024EAE7FFF728FE33
:10EA0000801B0228EED90320F2E700BF2065010831
:10EA1000C0640108DC2E0108C0CF6A00BFEA2101F2
:10EA20003F933402004000584FF0B04310B59A684D
:10EA3000D96812F00C0205D00C2A4AD101F0030368
:10EA4000012B50D14FF0B0412B480B6813F0080355
:10EA500006D00B6813F0080337D1D1F8941007E003
:10EA60000C68240756BFD1F894300968C3F3032318
:10EA700050F82330002A0CBF184600204FF0B04158
:10EA80008A6802F00C020C2A1ED1CA6802F0030246
:10EA9000022A2ED0032A06D10B68184A13F4801FCD
:10EAA000174B18BF13464FF0B042D068D168D268F8
:10EAB000C0F306205843C1F302130133B0FBF3F057
:10EAC000530F0133B0FBF3F010BD0B68C3F3031316
:10EAD000CEE7042A0AD0082A05D11B6813F4801354
:10EAE00004D10748CAE700231846C7E703480023B4
:10EAF000C4E7024BD7E700BF206501080024F400FB
:10EB00000048E80108B5FFF78FFF4FF0B043044A13
:10EB10009B68C3F3031352F82330B0FBF3F008BD36
:10EB2000C06401082DE9F0410446002853D04FF09D
:10EB3000B0439D68DE6803689B0605F00C0506F08F
:10EB4000030668D5026A1DB10C2D46D1012E44D1B1
:10EB5000002A40D04FF0B043A16A1A68170756BF89
:10EB6000D3F894301B681B0903F0F00399421FD9B6
:10EB70000846FFF7EFFE00282DD14FF0B042136892
:10EB800043F0080313601368A16A23F0F0030B43FA
:10EB90001360606AFFF7CEFEFFF7B4FFAB4B18605F
:10EBA000AB4B1868FFF718FD002834D0BDE8F081A2
:10EBB0004FF0B042136843F008031360136823F06A
:10EBC000F0030B431360606AFFF7B4FE0846FFF7DB
:10EBD000C1FE0028E0D00120E8E74FF0B043002A52
:10EBE00054D01A6842F001021A60FFF731FD07465F
:10EBF000FFF79AFE002842D04FF0B042136843F06E
:10EC0000080313601368A16A23F0F0030B43136039
:10EC1000606AFFF78FFE2368D80748D423689907F6
:10EC200000F18C8023681E0740F1FA80A3694FF041
:10EC3000B046002B00F0E180D6F89430E16903F093
:10EC40001002914200F0C48003F00302022AC2D0F5
:10EC5000D80740F1B380D6F8943023F00103C6F80A
:10EC60009430FFF7F5FC0746D6F89430990740F149
:10EC7000A580FFF7EDFCC31B112BF5D904E0FFF7CE
:10EC8000E7FCC01B0228B3D903208FE71A6822F0E3
:10EC900001021A60FFF7DCFC0746FFF745FE00287B
:10ECA000B9D0FFF7D5FCC01B0228F6D9ECE7082D38
:10ECB00003D00C2D05D1032E03D16368002BADD1F9
:10ECC00089E74FF0B043A1681A6822F480120A4322
:10ECD0001A606268B2F5803F10D11A6842F480323F
:10ECE0001A60FFF7B5FC0746FFF718FE002895D11C
:10ECF000FFF7AEFCC01B6428F6D9C5E7B2F5041FC8
:10ED000004D11A6842F400121A60E6E7196821F487
:10ED100080311960196821F400111960002AE0D1CE
:10ED2000FFF796FC0746FFF7F9FD00283FF476AFA2
:10ED3000FFF78EFCC01B6428F5D9A5E7042D2369D5
:10ED400003D00C2D0ED1022E0CD1002B3FF443AF7B
:10ED50004FF0B0426169536823F0FE4343EA016318
:10ED600053605FE74FF0B046BBB1336843F4807344
:10ED70003360FFF76DFC074633685A0507D57368A3
:10ED8000626923F0FE4343EA026373604AE7FFF7D8
:10ED90005FFCC31B022BEFD976E7336823F4807343
:10EDA0003360FFF755FC074633685B057FF53AAFE4
:10EDB000FFF74EFCC31B022BF6D965E74FF0B042BC
:10EDC000E169D2F8943023F010030B43C2F8943079
:10EDD0004FF0B047D7F8943043F00103C7F89430B0
:10EDE000FFF736FC0646D7F894309A0718D4FFF799
:10EDF0002FFC831B112BF6D946E7D6F8943023F06D
:10EE00000103C6F89430FFF723FC0746D6F8943088
:10EE10009B0705D5FFF71CFCC31B112BF6D933E765
:10EE20002368580754D50B4F3B68D90514D4FFF716
:10EE300065FDFFF70DFC06463B68DA050CD4FFF7CD
:10EE400007FC831B022BF7D91EE700BF6C020020D2
:10EE50007402002000040058E3684FF0B046002B15
:10EE600058D023F08003052B02BFD6F8903043F032
:10EE70000403C6F890304FF0B046FFF7E9FBD6F830
:10EE8000903043F001030746C6F8903041F28838CD
:10EE9000D6F890309B0705D4FFF7DAFBC31B434538
:10EEA000F6D9F1E6E36823F00403812B1BD1FFF7C9
:10EEB000CFFBD6F8903043F08003C6F89030074679
:10EEC0004FF0B04641F28838D6F89030180504D596
:10EED000E06A00284AD1002068E6FFF7B9FBC01BB2
:10EEE0004045F1D9D0E6FFF7B3FBD6F8903023F0D8
:10EEF0008003C6F8903007464FF0B04641F288389C
:10EF0000D6F890301905E3D5FFF7A2FBC01B4045AA
:10EF1000F6D9B9E6FFF79CFBD6F8903023F08003D2
:10EF20000746C6F8903041F28838D6F890301A0576
:10EF300016D4FFF78DFBD6F8903023F00103C6F806
:10EF4000903007464FF0B04841F28836D8F89030FC
:10EF50009B07BDD5FFF77CFBC31BB342F6D993E6F5
:10EF6000FFF776FBC01B4045DFD98DE60C2D4ED058
:10EF70004FF0B04302281A6822F080721A6033D131
:10EF8000FFF766FB0546FFF7DEFC38BBD4E90C3122
:10EF90004FF0B0420B43D0682D4901400B43E16B69
:10EFA0000B43216C0B43616C0B43A16B43EA0123C0
:10EFB000D360136843F080731360D36843F08053C9
:10EFC000D360FFF745FB0446FFF7BDFC002882D164
:10EFD000FFF73EFB001B0A28F6D955E6FFF738FB82
:10EFE000401B0A28CFD94FE6FFF732FB0446FFF754
:10EFF000AAFC30B94FF0B042164BD1680B40D36039
:10F00000D4E5FFF725FB001B0A28F0D93CE60128D0
:10F010003FF4CCAD4FF0B043226BDB6803F003014B
:10F0200091427FF4D8AD616B03F070028A427FF4A5
:10F03000D2ADA16B03F4FE42B2EB012F7FF4CBAD56
:10F04000626C03F0604393423FF445AFC3E500BFF9
:10F050008C80C111FCFFFEEE2DE9F0410D46044607
:10F0600010B90120BDE8F081684E336803F0070352
:10F070008B4216D323689A0727D54FF0B047A26872
:10F08000BB6823F0F0031343BB60FFF7E1FA0646C9
:10F09000BB68DB0319D4FFF7DBFA831B022BF7D91C
:10F0A00011E0336823F007030B433360FFF7D0FA16
:10F0B0000746336803F00703AB42DBD0FFF7C8FA1B
:10F0C000C01B0228F5D90320CCE72368580617D5C2
:10F0D0004FF0B0476269D7F8083123F00F0343EAD5
:10F0E0001213C7F80831FFF7B3FA0646D7F808310C
:10F0F000D90305D4FFF7ACFA831B022BF6D9E2E75C
:10F1000023685A0713D54FF0B047E268BB6823F471
:10F11000E0631343BB60FFF79BFA0646BB689B03A3
:10F1200005D4FFF795FA831B022BF7D9CBE72368A9
:10F13000180714D54FF0B0472269BB6823F4605319
:10F1400043EAC203BB60FFF783FA0646BB68590374
:10F1500005D4FFF77DFA831B022BF7D9B3E72368A9
:10F16000DA070FD4294C236803F00703AB4239D8E0
:10F17000FFF7C8FC264B1860264BBDE8F041186825
:10F18000FFF72ABA6268022A1DD1FFF7C7FB0028E1
:10F190003FF467AF4FF0B04641F28838B36823F0D0
:10F1A00003031343B360FFF753FA0746B36862687B
:10F1B00003F00C03B3EB820FD4D0FFF749FAC01B66
:10F1C0004045F3D97FE7032A02D1FFF7BCFBDEE716
:10F1D00012B9FFF7A9FBDAE74FF0B0431B685B05F4
:10F1E000D8D43EE7236823F007032B432360FFF7BF
:10F1F0002FFA0646236803F00703AB42B8D0FFF7A7
:10F2000027FA801B0228F5D95DE700BF00400058AF
:10F210006C0200207402002030B5046891FAA1F35A
:10F22000B3FA83F303255B0005FA03F324EA03032F
:10F2300091FAA1F1B1FA81F149008A401A430260C2
:10F2400030BD0000B0F1904F0BD14FF0B043DA6AFF
:10F2500042F00102DA62DA6A22F00102DA62012087
:10F260007047144B984209D14FF0B043DA6A42F02C
:10F270000202DA62DA6A22F00202EFE70E4B9842EB
:10F2800009D14FF0B043DA6A42F00402DA62DA6A76
:10F2900022F00402E2E7094B984209D14FF0B04353
:10F2A000DA6A42F08002DA62DA6A22F08002D5E796
:10F2B000002070470004004800080048001C004877
:10F2C0002DE9F84F0E460F6897FAA7F54FF0010B9E
:10F2D000B5FA85F54FF0030A4FF00F0837FA05F33A
:10F2E00002D10120BDE8F88F0BFA05F43C4053D061
:10F2F000D6F8049021464A46FFF78EFF09F1FF3306
:10F30000012B19D8B368816894FAA4F2B2FA82F298
:10F3100052000AFA02F221EA020294FAA4F1B1FAC6
:10F3200081F149008B40134383604268F36822EA0D
:10F3300004026343134343603369C16894FAA4F23F
:10F34000B2FA82F252000AFA02F221EA020294FAB6
:10F35000A4F1B1FA81F149008B401343B9F1020FD6
:10F36000C36015D1FF2C716918D8026A94FAA4F30E
:10F37000B3FA83F39B0008FA03F322EA030294FA38
:10F38000A4F3B3FA83F39B0001FA03F3134303627C
:10F390004A462146FFF740FF01359FE7426A230AAC
:10F3A00093FAA3FCBCFA8CFC4FEA8C0C08FA0CFC18
:10F3B00022EA0C0293FAA3F3B3FA83F39B00994079
:10F3C00011434162E4E74FF0B0431868C0F30050C6
:10F3D00070474FF0B0431868C0F3802070474FF07B
:10F3E000B043D3F89000C0F3400070474FF0B043F3
:10F3F0001868C0F3C00070474FF0B0431868C0F3FE
:10F40000406070474FF0B043044A9B68C3F3031356
:10F4100052F82330B0FBF3F0704700BFC06401081E
:10F420004FF0B043034A9B68C3F3022352F82330E2
:10F43000D8407047006501084FF0B04238B5916878
:10F4400001F00C01082950D017D889B3042900F025
:10F450008C80FFF7CBFF46490246002876D1FFF7A4
:10F46000C5FF4FF0B043012816BFD3F894201B68A6
:10F47000C2F3032251F822002AE00C29E9D1D36813
:10F4800003F00303022B5FD0032B37D0FFF7AEFF4F
:10F49000374C014600284AD1FFF7A8FF012816BFC4
:10F4A000D2F894101368C1F3032154F821302CE0F2
:10F4B000FFF79CFF2E4D044658B9FFF797FF012830
:10F4C00016BFD2F894401368C4F3032455F82400FF
:10F4D00038BDFFF78BFF01280ABF1168D2F89430BE
:10F4E000C1F3031155F82100F2E7FFF76CFF214B40
:10F4F00001462148012908BF1846E9E7FFF763FFE5
:10F500001D4A1C4B012818BF13464FF0B042D0686B
:10F51000D168D268C0F306205843C1F30213013307
:10F52000B0FBF3F0530F0133B0FBF3F0D0E7FFF77C
:10F530005DFF01280BBF1368D2F89430C3F30313A7
:10F54000002354F82330E0E70A4BDEE7FFF74EFFD5
:10F550004FF0B04301280BBF1B68D3F89430C3F3BE
:10F560000313002351F82300B2E70248B0E700BFBD
:10F57000206501080024F4000048E8014FF0B04382
:10F5800007B51A6842F001021A601A689207FCD5A2
:10F590001A6822F0F00242F060021A605A6822F4FF
:10F5A0007F425A605A6822F0FE4242F080425A601E
:10F5B0004FF4E0229A601A6801920199104A0A40B9
:10F5C0000192019A1A60FFF717FF0028FBD14FF054
:10F5D000B0430C4ADA6040F23F3298610192019ADE
:10F5E0001A62D3F8942042F40002C3F89420012058
:10F5F0004FF44032C3F8082103B05DF804FB00BFAC
:10F60000FFF4CEFE0010042210B54FF0B0440328E2
:10F61000D4F888302AD11F4A03F0030343F440335F
:10F62000934209D0B3F1031F0DD0013A934211D197
:10F63000BDE81040FFF700BFFFF7CBFE01281648DA
:10F6400018BF002010BDFFF7CAFE431E58425841A4
:10F65000C003F7E7FFF7F0FEFFF7D4FEA3680F4AF9
:10F66000C3F3C22352F82330D840EBE7034043EA08
:10F6700000400B4B9842DFD0B0F10C1FE3D0043BAD
:10F680009842D5D0FFF7D8FEFFF7BCFEBDE810408A
:10F69000FFF7C6BE020003000024F4000065010865
:10F6A00008000C000F4B98420BD14FF0B0431A6C7E
:10F6B00042F480521A641A6C22F480521A640120B7
:10F6C0007047094B98420AD14FF0B0439A6B42F40D
:10F6D00080429A639A6B22F480429A63EFE700209B
:10F6E000704700BF003001400038004003685B06EF
:10F6F00070B502462DD4D1E900363343CE68056893
:10F7000048690C6A33430E6933438E6903433343BC
:10F71000CE6925F47F45334325F0BF0523432B43B2
:10F72000136053688D6823F4706323F0040345EA83
:10F7300010401843B5F5006F50603EBF536843F466
:10F7400080535360B4F5005F01D18B8C13610120AD
:10F7500000E00020D36923F40063D36170BD000092
:10F760001A4A0368904210B502D0B0F1804F09D117
:10F770004C6823F07003904243EA040309D0B0F1CF
:10F78000804F06D0124A904203D002F58062904228
:10F7900003D1CA6823F44073134303608B68C362C8
:10F7A0000B888362094B984207D003F5C0539842F7
:10F7B00003D003F58063984201D10B690363436969
:10F7C00043F001034361012010BD00BF002C014044
:10F7D000004401400F4B98420BD14FF0B0431A6CDC
:10F7E00042F480421A641A6C22F480421A640120A6
:10F7F0007047094B98420AD14FF0B0439A6B42F4DC
:10F8000000329A639A6B22F400329A63EFE7002089
:10F81000704700BF003801400044004038B503681D
:10F82000DB0704460D464DD42A69AB6801681343D3
:10F830006A691343EA691343234A0A401343036086
:10F840004368EA6823F44053134343608368AA691A
:10F8500023F44073134383601C4B984220D1032050
:10F86000FFF7D2FE2B68F0B16A68E2B10B2B15D816
:10F87000174951F82330E969B0FBF3F0B1F5004FB7
:10F880004FEA520319D103EB4003B3FBF2F34FF6F7
:10F89000F0721A40C3F342031343E360012003E014
:10F8A0000C4B984207D00020E26A2B8822F00F020E
:10F8B0001343E36238BD0C20D2E70344B3FBF2F3F9
:10F8C0009BB2EAE70020F5E7F369FFEF003801405B
:10F8D000606501080044004010B53024632807D853
:10F8E0000C703021092808D830301170187010BD04
:10F8F00001346438E4B2C0B2F0E701310A38C9B269
:10F90000C0B2EFE730B5302442F20F75A84212D8EA
:10F910000C703021B0F57A7F14D211703022632838
:10F9200016D81A703023092817D8039A1370049B2D
:10F930003030187030BDA0F51C5001341038E4B2DE
:10F9400080B2E3E70131A0F57A70C9B280B2E1E795
:10F9500001326438D2B280B2E1E701330A38DBB257
:10F9600080B2E0E770B5324D324E3024A84232D832
:10F970000C70314D314C3021A04230D811703049DB
:10F98000302288422FD21A702E4A302390422ED82D
:10F99000049A13702C4A302390422FD8059A137082
:10F9A000302342F20F7290422ED8069A1370302301
:10F9B000B0F57A7F2ED2079A1370302363282ED8A1
:10F9C000089A1370302309282DD8099A13700A9BBE
:10F9D0003030187070BD0134E4B23044C6E70131F4
:10F9E000C9B22844C8E70132D2B2401AC9E701338C
:10F9F000A0F57420DBB2A0F51070C7E70133A0F5C5
:10FA0000C330DBB2A038C7E70133A0F51C50DBB22E
:10FA10001038C8E70133DBB2A0F57A70C8E70133CC
:10FA2000DBB26438CAE70133DBB20A38CBE700BF88
:10FA3000FFC99A3B003665C4001F0AFAFFE0F505CE
:10FA4000809698003F420F009F86010010B58B1CE6
:10FA50000C464A1CFFF740FF0023E37010BD00284E
:10FA600010B50C460FDA10F1800F0FD04042C0B233
:10FA70002D222346611C03F8032BA21CFFF72CFF49
:10FA80000023237110BDC0B22022F2E72D22802076
:10FA9000EFE713B50B1D0193CB1C00934A1C8B1C85
:10FAA0000C46FFF72FFF0023637102B010BD10B5A5
:10FAB00088B001F10903069301F108030593CB1DFA
:10FAC00004938B1D03934B1D02930B1D0193CB1CC1
:10FAD00000934A1C8B1C0C46FFF744FF0023A372C3
:10FAE00008B010BD0A2230B501231446824207D95E
:10FAF0005A1E12B20A24150406D50022CA5430BD7B
:10FB000001339BB26243F1E7B0FBF4F504FB15004F
:10FB1000303088542846013AEDE7031E10B50C46F4
:10FB200003DBBDE81040FFF7DDBF58420131FFF7AE
:10FB3000D9FF2D23237010BD10B5034C2146FFF7CC
:10FB400085FF204610BD00BF7C42002010B5034C4D
:10FB50002146FFF784FF204610BD00BF7C420020F5
:10FB600010B5034C2146FFF794FF204610BD00BF9F
:10FB70007C42002010B5034C2146FFF798FF204639
:10FB800010BD00BF7C42002013B503688DF807103C
:10FB90009C680DF107010123A04702B010BD07B515
:10FBA00003688DF807101B6901220DF107019847C2
:10FBB00003B05DF804FB2DE9F0411D4603680446DF
:10FBC0005B690F4616469847236820461B6898478E
:10FBD000221D39462046FFF7D7FF2DB123682A465C
:10FBE0001B69314620469847236820465B68984742
:10FBF000236820469B69BDE8F0410C2118472DE998
:10FC0000F0411E46036804465B6915460F46984757
:10FC1000236820461B689847221D39462046FFF777
:10FC2000B3FF20460021FFF7BAFF23682046DB68B8
:10FC3000324629469847236820465B68BDE8F04174
:10FC400018472DE9F0411F46036804465B690D46DD
:10FC500016469847236820461B689847221D204671
:10FC60000D21FFF791FF290A2046FFF798FFE9B21F
:10FC70002046FFF794FF236831463A4620461B6929
:10FC80009847236820465B689847236820469B690D
:10FC9000BDE8F0410C21184707B501238DF8072076
:10FCA0000DF10702FFF7CDFF03B05DF804FB2DE96E
:10FCB000F0411F46036804465B690D4616469847A7
:10FCC000236820461B689847221D20461D21FFF708
:10FCD0005BFF290A2046FFF762FFE9B22046FFF7E3
:10FCE0005EFF20460021FFF75AFF23682046DB68AD
:10FCF0003A4631469847236820465B68BDE8F041A4
:10FD0000184707B501230DF10702FFF7D0FF9DF853
:10FD1000070003B05DF804FB2DE9F0411E460368BF
:10FD200004465B690F4615469847236820461B68C2
:10FD30009847221D20460E21FFF726FF3946204610
:10FD4000FFF72DFF23682946324620461B69984756
:10FD5000236820465B689847236820469B69BDE876
:10FD6000F0410C2118472DE9F0411E460368044676
:10FD70005B690F4615469847236820461B689847DD
:10FD8000221D20461E21FFF7FFFE39462046FFF7C1
:10FD900006FF20460021FFF702FF23682046DB68AC
:10FDA000324629469847236820465B68BDE8F04103
:10FDB000184710B5002304461A46C021FFF7FBFE82
:10FDC000207910BD37B504460D468DF80710012384
:10FDD00080210DF10702FFF7EEFE2368012D9B69DC
:10FDE0000CBF322140F2DC51204603B0BDE8304068
:10FDF000184737B501230C468DF807100DF107029F
:10FE00008A210546FFF7D7FEAC7103B030BD07B5B8
:10FE1000042309BA01910DEB03028621FFF7CBFE03
:10FE200003B05DF804FB07B502238DF804108DF8CC
:10FE300005208F2101AAFFF7BEFE03B05DF804FB89
:10FE400037B58DF8063000238DF8073004230446BB
:10FE500015468DF804108DF805208B210DEB03025B
:10FE6000FFF7A9FE40F689012046FFF74AFF062D5D
:10FE700016BF40F0040200F0FB02D2B240F6890146
:10FE800020468DF80420FFF707FF03B030BD73B59F
:10FE900015468DF8033000229DF818309DF81C603F
:10FEA0008DF8002004468DF801108DF804308C2167
:10FEB00006236A468DF802508DF80560FFF77BFE39
:10FEC00040F236712046FFF71CFF5EB100F0FB02E6
:10FED00040F2367120468DF80020FFF7DDFE657197
:10FEE00002B070BD40F00402D2B2F1E707B55BBAD0
:10FEF000ADF80430BDF810305BBAADF8063049BA41
:10FF0000082352BAADF80010ADF8022019466A462F
:10FF1000FFF751FE03B05DF804FB07B5022301AA09
:10FF20001221FFF76CFE9DF804309DF8050000EBF0
:10FF3000032080B203B05DF804FB07B5022349BA81
:10FF4000ADF8041001AA1946FFF735FE03B05DF8BD
:10FF500004FB07B502238DF804108DF805208E21CF
:10FF600001AAFFF728FE03B05DF804FB13B56FF09C
:10FF70007F43994228BF19460B0C04468DF8043084
:10FF80000B0A8DF805308DF8061001AA0323832192
:10FF9000FFF711FE236864219B692046984702B051
:10FFA00010BD13B56FF07F43994228BF19460B0C63
:10FFB00004468DF804300B0A8DF805308DF80610D4
:10FFC00001AA03238221FFF7F6FD236864219B69C0
:10FFD0002046984702B010BD37B503230D4614469E
:10FFE000142101AAFFF70BFE9DF804305B085B4269
:10FFF0002B809DF90530002BB8BF03339B10237075
:020000040801F1
:1000000003B030BD10B543680D4A23F07F4323F0A1
:10001000FF039342044611D1002240F60211FFF77C
:100020003BFE40F644112046FFF76BFE40F0020213
:10003000D2B240F644112046FFF72EFE10BD00BF9D
:100040000001010070B505460E46FFF766FF314618
:1000500004462846FFF771FFA30702D52846FFF79D
:10006000D1FF204670BD07B5002914BF40232023CF
:100070008DF807300DF1070201239321FFF79BFD57
:1000800003B05DF804FB10B5002304461A46C121F5
:10009000FFF791FD236820469B69BDE8104046218B
:1000A000184708B5FFF785FE80B208BD07B50023E5
:1000B000ADF8043001AA02230721FFF77CFD03B04D
:1000C0005DF804FB07B5130C8DF8053052BA042314
:1000D0008DF80410ADF8062097210DEB0302FFF711
:1000E0006AFD03B05DF804FB08B50A4640F6AC01B2
:1000F000FFF7D2FD08BD10B540F6D8010446FFF762
:1001000000FE40F01E02D2B240F6D8012046FFF7B2
:10011000C3FD10BD08B50A4640F6E701FFF7BCFD78
:1001200008BD000007B5054B019304230DEB030246
:100130009521FFF740FD03B05DF804FB04070001C3
:1001400007B502238DF804108DF80520982101AA27
:10015000FFF731FD03B05DF804FB00000000000074
:1001600013B504461C48B0FBF1F1080C8DF80000F3
:10017000080A8DF8010004988DF803208DF80430EA
:100180008DF80210F0F7A6F911A3D3E90023F0F7D8
:1001900045FBF0F72BFC030C8DF8053043BA6A469B
:1001A000ADF80630204608238B21FFF704FD40F60A
:1001B00089012046FFF7A5FD40F00402D2B240F6C7
:1001C000890120468DF80020FFF766FD02B010BDC2
:1001D000000000008084EE3F0000093D1FB58DF84F
:1001E00007309DF818308DF808309DF81C308DF8D8
:1001F00009309DF820308DF80A309DF824308DF8B4
:100200000B3049BA9DF82830ADF804108DF806205F
:100210008DF80C3001AA09238C21FFF7CCFC05B026
:100220005DF804FB07B5002349BAADF80010ADF83E
:10023000023001936A4608234FF4D861FFF701FDAD
:1002400003B05DF804FB13B503230C4601AA142187
:10025000FFF7D5FC9DF806305B085B42238002B0B7
:1002600010BD13B503688DF807109C680DF10701E8
:100270000123A04702B010BD07B503688DF8071031
:100280001B6901220DF10701984703B05DF804FBDB
:100290002DE9F0411D46036804465B690F4616468A
:1002A0009847236820461B689847221D39462046F8
:1002B000FFF7D7FF2DB123682A461B693146204638
:1002C0009847236820465B689847236820469B69C7
:1002D000BDE8F0410C2118472DE9F0411E460368A6
:1002E00004465B6915460F469847236820461B68FD
:1002F0009847221D39462046FFF7B3FF20460021CC
:10030000FFF7BAFF23682046DB6832462946984744
:10031000236820465B68BDE8F04118472DE9F041AD
:100320001F46036804465B690D46164698472368D6
:1003300020461B689847221D20461821FFF791FF91
:10034000290A2046FFF798FFE9B22046FFF794FFFD
:10035000236831463A4620461B6998472368204661
:100360005B689847236820469B69BDE8F0410C21F3
:10037000184707B501238DF807200DF10702FFF795
:10038000CDFF03B05DF804FB2DE9F0411F46036883
:1003900004465B690D4616469847236820461B684D
:1003A0009847221D20461921FFF75BFF290A2046A6
:1003B000FFF762FFE9B22046FFF75EFF204600210B
:1003C000FFF75AFF23682046DB683A4631469847D4
:1003D000236820465B68BDE8F041184707B5012354
:1003E0000DF10702FFF7D0FF9DF8070003B05DF89D
:1003F00004FB2DE9F0411E46036804465B690F4685
:1004000015469847236820461B689847221D2046BA
:100410001A21FFF726FF39462046FFF72DFF2368F4
:100420002946324620461B699847236820465B6868
:100430009847236820469B69BDE8F0410C21184786
:100440002DE9F0411E46036804465B690F461546D8
:100450009847236820461B689847221D20461B2189
:10046000FFF7FFFE39462046FFF706FF2046002132
:10047000FFF702FF23682046DB683246294698478B
:10048000236820465B68BDE8F041184737B504464D
:100490000D468DF80710012380210DF10702FFF7AB
:1004A000F7FE2368012D9B690CBF322140F2DC511D
:1004B000204603B0BDE83040184707B501238DF84A
:1004C00007100DF107028A21FFF7E2FE03B05DF885
:1004D00004FB07B50B0C8DF804300B0A8DF80530C2
:1004E0008DF80610032301AA8621FFF7D1FE03B081
:1004F0005DF804FB07B502238DF804108DF8052084
:100500008F2101AAFFF7C4FE03B05DF804FB37B5E5
:100510000C468DF804108DF805208DF8063001AAE0
:1005200003238B210546FFF7B3FE702C08D005D8B6
:10053000502C07D0602C05D0322204E0802CFBD157
:10054000372200E01E22284640F62511FFF711FF52
:10055000012240F63C112846FFF70BFF03B030BDE7
:1005600007B58DF802309DF810308DF803309DF8F6
:1005700014308DF8043000238DF800108DF8012020
:100580008DF805308DF806306A4607238C21FFF779
:100590007FFE03B05DF804FB07B55BBAADF804302D
:1005A000BDF8103049BA52BA5BBAADF80010ADF8D8
:1005B0000220ADF806306A4608238D21FFF768FE59
:1005C00003B05DF804FB07B5022301AA1521FFF76C
:1005D00083FE9DF804309DF8050000EB032080B2F7
:1005E00003B05DF804FB07B549BAADF80410022367
:1005F00001AA9721FFF74CFE03B05DF804FB70B52C
:1006000005460E46FFF7DFFF314604462846FFF752
:10061000EAFF204670BD07B51F2928BF1F218DF8AE
:1006200004108DF80520022301AA8E21FFF730FE69
:1006300003B05DF804FB13B5130A04468DF80410EB
:100640008DF805308DF80620032301AA8321FFF7DA
:100650001FFE236864219B692046984702B010BDA5
:1006600013B5130A04468DF804108DF805308DF883
:100670000620032301AA8221FFF70AFE23686421D2
:100680009B692046984702B010BD37B505230C463C
:1006900015461D216A46FFF71FFE9DF800309DF9A3
:1006A0000110F02B84BF00238DF800309DF800303E
:1006B0005B085B42002923800B46B8BFCB1C9B1014
:1006C0002B700331BEBF22889B18238003B030BD3E
:1006D00007B501238DF807100DF107029E21FFF7E2
:1006E000D7FD03B05DF804FB10B5002304461A469D
:1006F000C121FFF7CDFD236820469B69BDE810406E
:100700004621184738B50D4640F691010446FFF7DB
:1007100065FE012D0ABF60F03F0200F03F02D2B239
:1007200040F691012046FFF724FE38BD38B540F26F
:1007300053110546FFF752FE4FF4AA7104462846AE
:10074000FFF74CFE40EA042080B238BD07B58DF8B3
:1007500004108DF805208DF8063001AA03238B21A3
:10076000FFF796FD03B05DF804FB07B58DF8023086
:100770009DF810308DF803309DF814308DF804305A
:100780009DF818308DF8053008238DF800108DF88D
:1007900001208DF806306A4607238C21FFF778FD8B
:1007A00003B05DF804FB73B5C1F307230E0EC1F36C
:1007B000074512F0FD0409BA019126D18C2E22D1F1
:1007C000382D20D14AF6AC12ADF804209DF8042053
:1007D000632A0ED19DF805200E2A0AD123F00803C2
:1007E00042F66B2263F07F03ADF804208DF80630EB
:1007F000002404230DEB030240F6CF11FFF78EFD1A
:10080000204602B070BD0124E0E7141F18BF012488
:10081000EFE713B505230C466A461D21FFF75CFD83
:100820009DF800305B085B42238002B010BD0000E1
:1008300038B5044600F03CFA214605462046F0F75C
:10084000C9FB80B9204600F067F84FF07E51F0F701
:10085000B7FB40B101F0AEFC21230360BDE8384096
:10086000024800F097B8284638BD00BF983001080C
:1008700000F060BB38B5054600F090F82946044604
:100880002846F0F7A7FB68B900212846F0F77AFB65
:1008900040B101F08FFC2123002103600846F0F7EE
:1008A00087FA0446204638BD07B51A4A20F00043AF
:1008B0009342014605DC002103B05DF804EB00F033
:1008C00001B9B3F1FF4F04DBF0F7B4F803B05DF802
:1008D00004FB694600F0B4FB00F00302012A07D0D4
:1008E000022A0CD082B90199009800F0EBF8EDE7EC
:1008F0000199009800F066F900F10040E6E70199DF
:10090000009800F0DFF8F7E701990098012200F065
:1009100059F9DBE7D80F493F20F00040704700004D
:1009200007B51B4A20F000439342014606DC002233
:10093000002103B05DF804EB00F044B9B3F1FF4FC0
:1009400004DBF0F777F803B05DF804FB694600F0CC
:1009500077FB00F00300012808D002280BD090B9E3
:1009600001990098012200F02DF9ECE70199009817
:1009700000F0A8F8E7E701990098012200F022F9B9
:1009800000F10040DFE70199009800F09BF8F7E7DD
:10099000D80F493F004870470000C07F20F0004258
:1009A000B2F1FF4F2DE9F041034604460AD3014658
:1009B000F0F74AF901462046F0F73EF80446204693
:1009C000BDE8F081002AFAD0002806DA0146F0F7E7
:1009D00031F80146F0F7ECF9F0E710F0FF424FEA8A
:1009E000E0513DD0C3F3160343F40003CA07A1F15D
:1009F0007F0558BF5B0000246D105B001920264660
:100A00004FF0807172189A42DDBF561864189A1A16
:100A10001A4601384FEA42034FEA5101F2D1BAB106
:100A2000144E154F30683968D6F80080F0F702F898
:100A300001464046F0F7B0FA50B130683968366880
:100A4000EFF7FAFF01463046F0F79CFA68B102343E
:100A5000641004F17C5404EBC554B0E75B00013230
:100A60001802FBD5013A891ABCE7013424F00104CD
:100A7000EEE700BF780200207C020020C0F3C753DD
:100A80007F3B162B10B5014614DC002B07DA01332F
:100A900000F0004101D141F07E51084610BD084AE6
:100AA0001A411042F9D04FF480011941014421EA62
:100AB0000201F2E7802BF0D1EFF7BEFF0146ECE731
:100AC000FFFF7F002DE9F04120F00044B4F1485FC2
:100AD0000646884603DAF0F793FA00285CD03146E0
:100AE0003046F0F7B1F84FF07C510546F0F7ACF81E
:100AF0002B4907462846F0F7A7F82A49EFF79CFF4D
:100B00002946F0F7A1F82849EFF794FF2946F0F7B6
:100B10009BF82649EFF790FF2946F0F795F824490E
:100B2000EFF788FF2946F0F78FF82249EFF784FFA7
:100B30002946F0F789F82946F0F786F84146054638
:100B40003046F0F781F801462846EFF773FF1A4B5D
:100B50009C4205460ADC01463846EFF76BFF01462A
:100B60004FF07E50EFF766FFBDE8F081134B9C42DB
:100B7000CCBF134C04F17F4421464FF07E50EFF779
:100B800059FF214606463846EFF754FF2946EFF74E
:100B900051FF01463046E5E74FF07E50E4E700BFE5
:100BA0004ED747ADF6740F317CF29334010DD03738
:100BB000610BB63AABAA2A3D9999993E0000483F8D
:100BC0000000903E2DE9F84320F00043B3F1485F68
:100BD00004460F46914603DAF0F712FA002835D0A2
:100BE00021462046F0F730F8054601462046F0F74A
:100BF0002BF8294906462846F0F726F82749EFF74B
:100C000019FF2946F0F720F82549EFF715FF294687
:100C1000F0F71AF82349EFF70DFF2946F0F714F81B
:100C20002149EFF709FF8046B9F1000F11D10146C4
:100C30002846F0F709F81D49EFF7FCFE3146F0F7BA
:100C400003F801462046EFF7F7FE04462046BDE8CC
:100C5000F8834FF07C513846EFF7F6FF4146814666
:100C60003046EFF7F1FF01464846EFF7E3FE29462D
:100C7000EFF7EAFF3946EFF7DDFE0C49054630464F
:100C8000EFF7E2FF01462846EFF7D6FE0146204681
:100C9000EFF7D0FED9E700BFD3C92E2F342FD732BC
:100CA0001BEF3836010D50398988083CABAA2A3E23
:100CB0002DE9F04720F00048B8F17E5F0446054674
:100CC0000CD18C49EFF7C0FF8B4905462046EFF762
:100CD000BBFF01462846EFF7AFFE06E009DD0146FF
:100CE000EFF7A8FE0146F0F763F804462046BDE89A
:100CF000F087B8F17C5F0BDAB8F1485F73DA7F49AF
:100D0000EFF79AFE4FF07E51F0F75AF90028EDD137
:100D10002046FFF701FE01464FF07E50EFF78AFEB6
:100D20004FF07C51EFF790FF75490646EFF78CFFC7
:100D30007449EFF781FE3146EFF786FF7249EFF70E
:100D400079FE3146EFF780FF7049EFF775FE3146C7
:100D5000EFF77AFF6E49EFF76DFE3146EFF774FF5C
:100D60006C49EFF769FE3146EFF76EFF6A4981463D
:100D70003046EFF769FF6949EFF75CFE3146EFF760
:100D800063FF6749EFF758FE3146EFF75DFF6549AE
:100D9000EFF750FE3146EFF757FF4FF07E51EFF778
:100DA0004BFE82463046FFF7F9FD5F4B98450746FC
:100DB00063DD51464846EFF7FBFF3946EFF744FF46
:100DC0003946EFF739FE0146EFF736FE5749EFF7A0
:100DD00033FE01464748EFF72DFE002D0446D8BFED
:100DE00000F1004482E70146EFF72EFF4449054633
:100DF000EFF72AFF4349EFF71FFE2946EFF724FFDD
:100E00004149EFF717FE2946EFF71EFF3F49EFF77D
:100E100013FE2946EFF718FF3D49EFF70BFE294671
:100E2000EFF712FF3B49EFF707FE2946EFF70CFFFC
:100E3000394906462846EFF707FF3849EFF7FAFD2C
:100E40002946EFF701FF3649EFF7F6FD2946EFF7A0
:100E5000FBFE3449EFF7EEFD2946EFF7F5FE4FF0C4
:100E60007E51EFF7E9FD01463046EFF7A1FF21463D
:100E7000EFF7EAFE014620462DE7014620F47F68A1
:100E8000EFF7DAFD514604464846EFF791FF014679
:100E90002046EFF7D9FE28F00F088146414640462C
:100EA000EFF7D2FE01463046EFF7C4FD4146044657
:100EB0003846EFF7C1FD01462046EFF779FF0146BE
:100EC000EFF7BAFD01460C48EFF7B4FD014648467E
:100ED000EFF7B0FD414604464046EFF7ADFD014651
:100EE0001348EFF7A7FD01462046EFF7A3FD0146A3
:100EF0000F4870E7DB0FC93F2EBD3BB3CAF2497103
:100F000008EF1138047F4F3A4611243DA80A4E3E9F
:100F100090B0A63EABAA2A3E2EC69D3D6133303F1F
:100F20002D57014039D119409999793F2EBD3B3356
:100F3000DB0F493FF8B521F00046B6F1FF4F0346FD
:100F400005DC20F00042B2F1FF4F074604DD1846F1
:100F5000EFF772FD034611E0B1F17E5F03D1BDE80A
:100F6000F84000F0CBB98C1704F0020444EAD074C6
:100F700032B9022C4CD0032C00D1294B1846F8BDB5
:100F80001EB9002F4ADA274BF8E7B6F1FF4F0ED112
:100F9000B2F1FF4F04F1FF3405D1022C3AD8224BB5
:100FA00053F82430EAE7022C36D8204BF8E7B2F1A8
:100FB000FF4FE6D0921BB2F1F45F4FEAE25017DA2E
:100FC000002901DA3C3015DB1846EFF7F1FEFFF798
:100FD000A3FC00F093F90346012C0DD0022C0ED097
:100FE000002CCBD012491846EFF726FD11490CE032
:100FF000114BF1E70023EFE703F10043BEE70C4993
:101000001846EFF719FD01460A48EFF713FDA1E76F
:10101000084BB3E7094BB1E70023AFE7064BADE759
:10102000DB0F49C0DB0FC9BF906501089C65010853
:101030002EBDBB33DB0F4940DB0FC93FDB0F493F00
:101040002DE9F04FA04A20F00046964287B00C46AA
:10105000824604DC002308604B6000251AE09B4AAE
:1010600096424BDC00289A499A4F26F00F0623DD62
:10107000EFF7E0FCBE42054610D09749EFF7DAFCE7
:10108000014620602846EFF7D5FC9349EFF7D2FCE4
:1010900001256060284607B0BDE8F08F8F49EFF763
:1010A000C9FC8F490546EFF7C5FC0146206028467C
:1010B000EFF7C0FC8A49E9E7EFF7BEFCBE42054600
:1010C0000ED08549EFF7B8FC014620602846EFF7BF
:1010D000B1FC8149EFF7B0FC4FF0FF356060D9E714
:1010E0007E49EFF7A9FC7E490546EFF7A5FC0146CE
:1010F00020602846EFF79EFC7949EBE7794A964253
:1011000000F39180FFF708FC77490746EFF79CFD55
:101110004FF07C51EFF790FCEFF772FF0546EFF7C9
:101120003FFD6B498146EFF78FFD01463846EFF7EB
:1011300081FC694980464846EFF786FD1F2D07462A
:101140000CDC6A4A691E26F0FF0352F82120934204
:1011500004D039464046EFF76DFC0BE03946404677
:10116000EFF768FCC0F3C753C3EBD653082B4FEA25
:10117000E65B01DC206026E058494846EFF764FD55
:10118000074601464046EFF755FC014606464046F5
:10119000EFF750FC3946EFF74DFC514907464846FA
:1011A000EFF752FD3946EFF745FC0146074630465A
:1011B000EFF740FCC0F3C753ABEB030BBBF1190FC8
:1011C00016DC2060B046266840463146EFF732FC18
:1011D0003946EFF72FFCBAF1000F6060BFF65AAF47
:1011E00006F1004600F10040266060606D4251E764
:1011F0003F494846EFF728FD074601463046EFF7DE
:1012000019FC014680463046EFF714FC3946EFF7EB
:1012100011FC384906464846EFF716FD3146EFF710
:1012200009FC074695E7B6F1FF4F05DB0146EFF7EE
:1012300001FC6060206010E7F715863FA6EBC756FB
:101240003046EFF7DDFEEFF7ABFC0146039030468A
:10125000EFF7F0FB4FF08741EFF7F6FC0646EFF7AC
:10126000CFFEEFF79DFC0146049005463046EFF7B0
:10127000E1FB4FF08741EFF7E7FC00210590EFF726
:1012800077FEF0B100212846EFF772FE002814BF68
:1012900001230223184A01920222009221463A4673
:1012A00003A800F037F9BAF1000F0546BFF6F2AE19
:1012B000236803F100432360636803F10043636024
:1012C00094E70323E6E700BFD80F493FE3CB16407E
:1012D000800FC93FD00FC93F4344353700443537ED
:1012E00008A3852E800F494384F9223FA865010891
:1012F00000A3852E32318D24286601082DE9F041A6
:1013000020F00045B5F1A14F044680460EDBB5F153
:10131000FF4F04DD0146EFF78FFB044603E0002892
:1013200000F3CE80674C2046BDE8F081664B9D42BD
:101330000EDCB5F1445F08DA6449EFF77DFB4FF04E
:101340007E51EFF73DFE0028EDD14FF0FF361CE057
:10135000FFF7E2FA5E4B9D4204467CDCA3F5D00326
:101360009D4267DC0146EFF767FB4FF07E51EFF7D8
:1013700061FB4FF0804105462046EFF75DFB0146DB
:101380002846EFF715FD0026044621462046EFF7D4
:101390005BFC01460746EFF757FC4E490546EFF761
:1013A00053FC4D49EFF748FB2946EFF74DFC4B49FD
:1013B000EFF742FB2946EFF747FC4949EFF73CFBC3
:1013C0002946EFF741FC4749EFF736FB2946EFF78F
:1013D0003BFC4549EFF730FB3946EFF735FC434915
:1013E00007462846EFF730FC4149EFF723FB294633
:1013F000EFF72AFC3F49EFF71DFB2946EFF724FCE6
:101400003D49EFF717FB2946EFF71EFC3B49EFF785
:1014100011FB2946EFF718FC01463846EFF70CFBA5
:101420002146EFF711FC731C014633D12046EFF73C
:1014300001FB72E74FF07E51EFF7FCFA4FF07E515F
:1014400005462046EFF7F8FA01462846EFF7B0FCCC
:101450000126044699E72A4B9D4214DC4FF07F5148
:10146000EFF7E8FA4FF07F5105462046EFF7ECFB27
:101470004FF07E51EFF7E0FA01462846EFF798FC6F
:101480000226044681E701461E48EFF791FC032639
:1014900004467AE71C4B53F82610EFF7CBFA2146A7
:1014A000EFF7C8FA194B014653F82600EFF7C2FAD6
:1014B000B8F1000F0446BFF636AF00F1004432E742
:1014C000134C30E7DB0FC9BFFFFFDF3ECAF24971A3
:1014D000FFFF973FD769853C59DA4B3D356B883D17
:1014E0006E2EBA3D2549123EABAAAA3E21A215BDD9
:1014F0006BF16E3D95879D3D388EE33DCDCC4C3EE6
:10150000FFFF1B40000080BF5069010840690108CF
:10151000DB0FC93F2DE9F04FDBB002920493649AD0
:10152000BB4B059053F822300193049B0091013B83
:101530000393029B1A1DC0F29B80DC1E48BF1C1D3A
:10154000E410671CFB000693029B039AA3EBC707FA
:10155000019B03EB0209659BA4EB02081EAE03EBA3
:10156000880A00254FF0000B4D4540F38380049A14
:101570001EAB03EB82050DF58C7B4FF000090023B9
:10158000019A914540F39E8013460AAA02EB830319
:101590000893659BDDF8048003EB840307935AAB43
:1015A00003EB88030AAC53F8505C2646C3464FF061
:1015B00087490DF58C7ABBF1000F00F3888039461E
:1015C000284600F05BFA4FF078510546EFF73CFBF8
:1015D00000F0A0FA4FF08241EFF736FB01462846B3
:1015E000EFF728FA0546EFF70BFD0646EFF7D8FAB6
:1015F00001462846EFF71EFA002F814640F3868009
:1016000008F1FF320AABC7F1080153F8225045FA3E
:1016100001F31E448B40ED1A0AAB43F82250C7F188
:1016200007031D41002D7FDD0022013692469045C3
:1016300000F3B080002F05DD012F00F0BD80022FE8
:1016400000F0C580022D6FD149464FF07E50EFF774
:10165000F1F98146BAF1000F66D039464FF07E505D
:1016600000F00CFA01464846EFF7E4F981465BE0EA
:10167000002466E718EB050F07D45AF82500EFF7AA
:101680008FFA46F8040B01356EE75846F9E70793E1
:10169000059BDAF8001053F82800EFF7D5FA014659
:1016A0003046EFF7C9F9079B064608F10108039A8F
:1016B0009045AAF1040AEADD4BF8046B09F101092F
:1016C00004355DE7AA461E464FF00008EFE74FF0ED
:1016D0006E512846EFF7B8FAEFF792FCEFF760FA91
:1016E00049460990EFF7B0FA01462846EFF7A2F90C
:1016F000EFF786FC0BF1FF3B099B46F8040B5AF809
:101700002B101846EFF798F9054654E706D108F173
:10171000FF330AAA52F82350ED1183E74FF07C51B2
:10172000EFF744FC054698BB00214846EFF720FC44
:10173000002800F0988008F1FF3423460022019928
:101740008B424CDA002A67D00AAB083F53F82430AA
:10175000002B00F0868039464FF07E5000F08EF965
:10176000A246814646AF4FF06E58BAF1000F80F2A4
:10177000AF8027460022002FC0F2D98046A9254B12
:1017800001EB870B90464FF0000AA4EB0709C2E07B
:10179000022549E72368BAF1000F08D11BB1C3F550
:1017A000807323600123013204349A463FE7C3F17A
:1017B000FF0323605346F6E708F1FF320AAB53F804
:1017C000223003F07F030AA941F822303AE708F1FA
:1017D000FF320AAB53F8223003F03F03F3E70AA9C4
:1017E00051F82310013B0A43A9E7013453F8042DB3
:1017F000002AFAD0049B1EAA434408F1010602EB1A
:10180000830544440DF58C79B44208DAA046C6E657
:101810008C69010860690108089B0124E6E7079BC1
:1018200053F82600EFF7BCF9AB4628604FF0000AEA
:101830004FF00008039B9A4504DD49F826800435E3
:101840000136E1E7059B5BF8040953F82A10EFF72E
:10185000FBF901464046EFF7EFF80AF1010A80462E
:10186000E8E7013C70E7069B029A4846991A00F0A7
:1018700005F94FF087410446EFF798FB00B34FF0AE
:101880006E512046EFF7E0F9EFF7BAFBEFF788F972
:101890004FF087418146EFF7D7F901462046EFF731
:1018A000C9F8EFF7ADFB0AAB08F1010443F82800D3
:1018B0004846EFF7A5FB0AAB083743F824004AE790
:1018C0002046EFF79DFB0AAB444643F8280042E769
:1018D0000AAB53F82A00EFF763F94946EFF7B4F97A
:1018E000414647F82A004846EFF7AEF90AF1FF3AB9
:1018F00081463AE753F8040B5BF8041B039202930A
:10190000EFF7A2F901464046EFF796F8DDE902321B
:1019100080460AF1010A01998A4501DCCA45E9DDE0
:101920005AAB03EB8909013F49F8A08C23E7649B7C
:10193000022B07DC002B4EDC2ED006F007005BB03C
:10194000BDE8F08F649B032BF7D10DF1C80B0BEBB7
:101950008407B846A246BAF1000F49DCA146B9F1A6
:10196000010F60DC0020012C76DC329A339B002DC5
:1019700078D100990A604B600A469060DDE757F81D
:101980002410EFF759F8013C002CF8DA0DB100F102
:101990000040009B1860D0E7002032AFF4E757F812
:1019A0002810EFF749F808F1FF38B8F1000FF6DA20
:1019B000ADB100F10043009A014613603298EFF791
:1019C00039F84FF0010844450BDA0DB100F1004041
:1019D000009B5860B1E7A046002032AFE5E7034620
:1019E000E9E757F8041FEFF727F808F10108EAE7DD
:1019F000D8F8003058F8042C02931946104601928A
:101A0000EFF71AF8019A014681461046EFF712F8EF
:101A1000029B1946EFF710F848F804090AF1FF3A5B
:101A2000C8F8009097E757F8043CD7F800A0019356
:101A300051461846EFF700F8019B014680461846CC
:101A4000EEF7F8FF5146EEF7F7FF47F8040909F102
:101A5000FF39C7F8008082E75BF82410EEF7ECFF4F
:101A6000013C80E7009902F1004203F100430A6063
:101A70004B600A4600F100407FE700BF30F00042B3
:101A800038B503460D4604462ED0B2F1FF4F04D3BD
:101A90000146EEF7D1FF034626E010F0FF4F18D1C4
:101AA0004FF09841EFF7D0F8174A954203460CDB08
:101AB000C0F3C7520446193A4CF250318D420ADD48
:101AC0001249184661F31E0000E01149EFF7BCF817
:101AD000E1E7D20DF0E75119FE29F1DC002905DD1F
:101AE00024F0FF4444EAC153184638BD11F1160FE3
:101AF00001DA0749E5E701F1190024F0FF444FF04E
:101B00004C5144EAC050E1E7B03CFFFFCAF24971D2
:101B10006042A20D70B5C0F3C7557F3D162D01463A
:101B2000044620F0004625DC002D0EDA1649EEF7BB
:101B300083FF0021EFF744FA28B1002C22DA134B7F
:101B4000002E18BF1C4621461AE0114E2E4130428D
:101B500016D00D49EEF770FF0021EFF731FA00289B
:101B6000F1D0002CBEBF4FF400032B41E41824EA4F
:101B70000604E8E7B6F1FF4F02D3EEF75DFF01463A
:101B8000084670BD0024DEE7CAF24971000080BF3C
:101B9000FFFF7F000A22002100F07EB8012B2DE913
:101BA000F0478646904601D0242B06D900F002FB70
:101BB000162303600020BDE8F08736480D462A460C
:101BC00015F8014B065D16F00806F8D12D2C2ED124
:101BD0002C780126951C002B57D0102B09D1302CC6
:101BE00007D12A7802F0DF02582A49D16C781023F5
:101BF000023506F1004C0CF1FF3C0022BCFBF3F96E
:101C0000104603FB19CAA4F13007092F14D83C462B
:101C1000A34220DD571C07D0814519D301D1A2452D
:101C200016DB00FB0340012215F8014BEBE72B2CE0
:101C300004BF2C78951CCEE7A4F14107192F01D8D9
:101C4000373CE5E7A4F16107192F04D8573CDFE7DB
:101C50004FF0FF32E8E7531C08D12223CEF80030C2
:101C60006046B8F1000FA6D0691E06E006B14042FA
:101C7000B8F1000F9FD0002AF6D1C8F800109AE7FB
:101C80003024002BB5D10823B3E7302CA9D00A2388
:101C9000AFE700BF9969010813460A4601460248AA
:101CA0000068FFF77BBF00BFD8020020024B03444F
:101CB000587800F00300704798690108034B1B5CDB
:101CC00003F00303022B08BF20387047996901080D
:101CD000002310B50446C0E90033C0E90433836033
:101CE00081814366C2818361194608225C3000F01D
:101CF0000EF90D4B63620D4BA3620D4BE3620D4B6E
:101D000023630D4B24629C4206D003F16802944287
:101D100002D0D0339C4205D104F15800BDE81040F8
:101D200000F072BA10BD00BF551E0108771E0108F1
:101D3000AF1E0108D31E01089C420020024A03493D
:101D4000034800F069B800BF80020020792501082F
:101D50008C02002041680C4B994210B5044601D01A
:101D600000F00AFCA168094B994202D0204600F01D
:101D700003FCE168064B994204D02046BDE81040C0
:101D800000F0FABB10BD00BF9C42002004430020BD
:101D90006C43002010B50B4B0B4C0C4A1A602046CC
:101DA00000220421FFF794FF04F1680001220921B9
:101DB000FFF78EFF04F1D0000222BDE8104012218F
:101DC000FFF786BFD44300209C4200203D1D010840
:101DD000014800F01ABA00BFDD430020014800F0BE
:101DE00015BA00BFDD43002010B50446FFF7F0FF31
:101DF000236A1BB1BDE81040FFF7F0BF044B23621C
:101E0000044B1B68002BF5D1FFF7C4FFF2E700BFBE
:101E1000551D0108D44300202DE9F84307468846A4
:101E200014460026D4E90195B9F1010905D52468C5
:101E3000002CF7D13046BDE8F883AB89012B07D9D8
:101E4000B5F90E30013303D029463846C047064362
:101E50006835E9E710B50C46B1F90E1000F086F9C7
:101E60000028ABBF636DA3891B1823F48053ACBF5C
:101E70006365A38110BD2DE9F0411F468B89DB0509
:101E800005460C46164605D5B1F90E100223002270
:101E900000F05AF9A389B4F90E1023F48053A381FA
:101EA00032463B462846BDE8F04100F071B910B516
:101EB0000C46B1F90E1000F047F9431CA38915BF79
:101EC000606523F4805343F48053A38118BFA3813A
:101ED00010BDB1F90E1000F027B9884210B501EB22
:101EE000020402D98442234607D8431EA14208D0E7
:101EF00011F8012B03F8012FF8E7024401468A424A
:101F000000D110BD13F8014D02F8014DF7E702446E
:101F10000346934200D1704703F8011BF9E710B55F
:101F20000246147813460132002CFAD1013B11F815
:101F3000012B03F8012F002AF9D110BDC9B20346C5
:101F4000184613F8012B12B18A42F9D170470029C3
:101F500018BF0020704710B56AB10139841810F815
:101F6000012B11F8013F9A4203D1A04201D0002A6F
:101F7000F5D1D01A10BD1046FCE710B50139034663
:101F800032B111F8014F03F8014B013A002CF7D19F
:101F90001A440021934200D110BD03F8011BF9E758
:101FA00038B50B4B1D686B6B044653B9242000F009
:101FB000ADF90246686320B9064B07483D2100F0A1
:101FC0003DF9696B2046BDE8384000F007B800BF16
:101FD000D8020020996A0108B06A01082DE9F04191
:101FE0004D4A0C460023D0E90001EFF74FF8002AD4
:101FF000BCBF02F5A83202F5C0724FF4616100F572
:102000002F20B2FBF1F301FB13224FF03C01ACBFD8
:1020100000F66C2000F66B20A360B2FBF1F301FB2D
:10202000132263602260C31C072293FBF2F2C2EB0F
:10203000C2029B1A48BF07330028A361B8BFA0F5AE
:102040000E333649AEBF90FBF1F1A3F52C7393FB31
:10205000F1F1334B03FB010048F6AC63B0FBF3F343
:10206000034440F2B45CB0FBFCF29B1A40F26D17E3
:102070002C4AB0FBF2F264269B1AB3FBF7F2B3FBD7
:10208000FCF3B2FBF6F5EB1A034407FB123399207D
:1020900003EB8307023703F1010EB7FBF0FC00FBF3
:1020A0000CF002304FF00508B0FBF8F0AEEB00008A
:1020B00040F2F95E774594BF02276FF00907674445
:1020C0004FF4C87C0CFB0121012F98BF0131B3F5FF
:1020D000997F0CD3A3F59973E361A1F26C7100238E
:1020E000E060C4E9047123622046BDE8F08112F08B
:1020F000030F02D106FB15255DB94FF4C875B2FB7D
:10210000F5F605FB1622B2FA82F252093B3313446C
:10211000E2E70122FAE700BF80510100B13A020074
:102120004FC5FDFFB03A020038B5064D0023044606
:1021300008462B60FCF7D1F9431C02D12B6803B190
:10214000236038BDD843002038B5074D0446084603
:10215000114600222A601A46FCF7C9F9431C02D135
:102160002B6803B1236038BDD843002038B5074D34
:1021700004460846114600222A601A46FCF791F9E7
:10218000431C02D12B6803B1236038BDD843002023
:1021900038B5074D04460846114600222A601A4603
:1021A000FCF78DF9431C02D12B6803B1236038BDC5
:1021B000D8430020014B1868704700BFD8020020A8
:1021C00070B50D4D0D4C641BA4100026A64209D11C
:1021D0000B4D0C4C00F050FE641BA4100026A642D0
:1021E00005D170BD55F8043B98470136EEE755F828
:1021F000043B98470136F2E7806B0108806B0108C9
:10220000806B0108886B0108704770477047034670
:1022100011F8012B03F8012B002AF9D170470A4469
:10222000914200F1FF3300D1704710B511F8014B16
:1022300003F8014F9142F9D110BD00001FB51446BB
:102240001A46094B1B680546D8684CB1074B0091EC
:10225000CDE9013406492B4600F0B6F900F0D6F975
:10226000044B1C46F3E700BFD8020020086B0108AE
:10227000156B01089830010838B50546002941D092
:1022800051F8043C0C1F002BB8BFE41800F0E6F82E
:102290001D4A136833B9636014602846BDE83840AE
:1022A00000F0E2B8A34208D9206821188B4201BF90
:1022B00019685B6809182160EDE71A465B680BB185
:1022C000A342FAD911685018A0420BD120680144EA
:1022D000501883421160E0D118685B68536008446D
:1022E0001060DAE702D90C232B60D6E720682118AA
:1022F0008B4204BF19685B68636004BF09182160E2
:102300005460CAE738BD00BFE0430020024B0146DD
:10231000186800F023B800BFD802002070B50E4E38
:102320000C463168054611B900F060F9306021466D
:10233000284600F05BF9431C0AD0C41C24F00304B7
:10234000A04207D0211A284600F050F9013001D1EF
:102350004FF0FF34204670BDE44300202DE9F843E0
:10236000CD1C25F0030508350C2D38BF0C25002D9C
:10237000074601DBA94205D90C233B600026304605
:10238000BDE8F883DFF8D08000F068F8D8F80030B6
:102390001C465CBB29463846FFF7C0FF431C044679
:1023A00055D1D8F800402646002E45D1002C48D003
:1023B00023683146384604EB030900F017F98145DC
:1023C0003FD121686D1A29463846FFF7A7FF013033
:1023D00037D023682B442360D8F80030002B38D046
:1023E0005A68A2422BD100225A600FE02268521B89
:1023F0001FD40B2A17D96119A342256018BF596051
:10240000636808BFC8F8001062514B60384604F199
:102410000B0600F029F826F00706231DF21AAED0AD
:102420009B1BA350ABE7A3426268DDD1C8F8002034
:10243000ECE723466468ACE734467668B4E71346B5
:10244000CCE70C233B60384600F00EF897E7256098
:10245000DCE75B60FFDE00BFE04300200148FFF7E0
:10246000D4BE00BFDC4300200148FFF7CFBE00BF51
:10247000DC4300208A89F8B5054610070C4657D47E
:102480004B68002B04DC0B6C002B01DC0020F8BD3A
:10249000E66A002EFAD0002312F480522F68216AD7
:1024A0002B6032D0606DA3895A0705D56368C01AC6
:1024B000636B0BB1236CC01A00230246E66A216AE3
:1024C0002846B047431CA38906D129681D292BD86B
:1024D000284A0A41D60727D400226260D90422691B
:1024E000226004D5421C01D12B6803B96065616B81
:1024F0002F600029CAD004F14403994202D0284633
:10250000FFF7BAFE00206063C1E701232846B04709
:10251000411CC8D12B68002BC5D01D2B01D0162B18
:1025200001D12F60B2E7A38943F04003A381AEE756
:102530000F69002FAAD093070E6808BF4B690F6080
:1025400018BF0023F61B8B60002E9FDD216AD4F894
:1025500028C033463A462846E047002806DCA389CF
:1025600043F04003A3814FF0FF3090E70744361A51
:10257000EAE700BFFEFFBFDF38B50B6905460C4632
:1025800013B90025284638BD18B1036A0BB9FFF707
:102590002BFCB4F90C30002BF3D0626ED00704D4BE
:1025A000990502D4A06DFFF730FE28462146FFF7BB
:1025B00061FF636EDA070546E4D4A3899B05E1D485
:1025C000A06DFFF723FEDDE70EB403B5014603ABB4
:1025D000054853F8042B0068019300F045F802B059
:1025E0005DF804EB03B07047D802002038B5064D03
:1025F0000023044608462B60FBF77CFF431C02D1F6
:102600002B6803B1236038BDD843002008B50620ED
:1026100000F092FB0120FBF73EFF9368013B002B8B
:1026200010B4936007DA9469A34201DB0A2902D14E
:1026300010BC00F0C3BA1368581C1060197008462B
:1026400010BC7047F8B506460F461446D518AC4284
:1026500001D1002007E014F8011B3A463046FFF78D
:10266000DCFF431CF3D1F8BD2DE9F04F0D469DB0C2
:1026700014469846064618B1036A0BB9FFF7B4FB37
:102680006B6ED90705D4AB899A0502D4A86DFFF704
:10269000BCFDAB891B0701D52B699BB92946304688
:1026A00000F0CAFA70B16B6EDC0704D54FF0FF3052
:1026B0001DB0BDE8F08FAB899805F7D4A86DFFF782
:1026C000A5FDF3E70023099320238DF82930CDF8E9
:1026D0000C803023DFF8B0818DF82A304FF00109EB
:1026E00023469A4613F8012B0AB1252AF9D1BAEBF1
:1026F000040B0BD05B46224629463046FFF7A2FF6B
:10270000013000F0A980099A5A4409929AF80030E1
:10271000002B00F0A18000234FF0FF32CDE905230C
:102720000AF1010A049307938DF853301A93544623
:10273000052214F8011B5448EDF73AFD049AD8B964
:10274000D10644BF20238DF85330130744BF2B23F9
:102750008DF853309AF800302A2B15D0079A54463A
:1027600000204FF00A0C214611F8013B303B092BA9
:102770004DD9B0B1079214E0A0EB080309FA03F3B6
:1027800013430493A246D2E7039B191D1B680391D0
:10279000002BBBBF5B4242F0020207930793B8BF16
:1027A000049223782E2B0CD163782A2B34D1039BEF
:1027B0001A1D1B680392002BB8BF4FF0FF33023481
:1027C0000593DFF8C8A0217803225046EDF7F0FC0E
:1027D00038B1049BA0EB0A0040228240134301342D
:1027E000049314F8011B2A488DF828100622EDF7EF
:1027F000DFFC00283FD0274B1BBB039B073323F094
:10280000070308330393099B3B44099368E70CFBD8
:1028100002320C460120A6E7002301340593194635
:102820004FF00A0C204610F8012B303A092A03D940
:10283000002BC6D00591C4E70CFB012104460123FF
:10284000F0E703AB00932A46134B04A93046AFF3DD
:1028500000800746781CD6D16B6ED90705D4AB89AA
:102860009A0502D4A86DFFF7D1FCAB895B063FF552
:102870001DAF09981CE703AB00932A46064B04A939
:10288000304600F079F8E4E7446B01084A6B010830
:102890004E6B010800000000452601082DE9F047B5
:1028A000164699468A680B69DDF820809342B8BFC6
:1028B0001346336091F8432007460C460AB10133B2
:1028C00033602368990642BF33680233336025685A
:1028D00015F0060506D104F1190AE36832689B1A5F
:1028E000AB4226DC94F84320131E226818BF012354
:1028F00092062BD404F1430249463846C0470130C2
:102900001ED02368226903F00603042B02BFE5688A
:102910003368ED1AA3680CBF25EAE57500259342DC
:10292000C4BF9B1AED1800261A34B5421AD10020F4
:1029300008E00123524649463846C047013003D1DA
:102940004FF0FF30BDE8F0870135C6E7E1185A1CAB
:10295000302081F84300224494F8451082F8431057
:102960000233C7E70123224649463846C0470130B3
:10297000E6D00136D9E700002DE9FF470F7E0C9D18
:10298000782F914680460C469A4601F1430207D8BB
:10299000622F0AD8002F00F0D480582F00F0C0809A
:1029A00004F1420584F842703AE0A7F16303152B65
:1029B000F6D801A151F823F0112A0108252A0108AF
:1029C000A1290108A1290108A1290108A1290108BB
:1029D000252A0108A1290108A1290108A129010826
:1029E000A1290108292B0108512A0108E32A01081D
:1029F000A1290108A12901084B2B0108A1290108DF
:102A0000512A0108A1290108A1290108EB2A01087E
:102A10002B681A1D1B682A6004F1420584F84230B5
:102A200001239FE020682B68070603F10401296059
:102A300001D51E6803E04606FBD5B3F90060002E01
:102A400003DA2D23764284F843305A480A2312E0F1
:102A50002B682068191D2960050601D51E6802E053
:102A60004106FBD51E8853486F2F0CBF08230A234D
:102A7000002184F843106568A560002DA2BF21687D
:102A800021F0040121600EB9002D4BD01546B6FB94
:102A9000F3F103FB1167C75D05F8017D3746BB42C3
:102AA0000E46F4D9082B0BD12368DE0708D523691D
:102AB00061689942DEBF302305F8013C05F1FF351E
:102AC000521B2261CDF800A04B4603AA2146404686
:102AD000FFF7E4FE01304AD14FF0FF3004B0BDE80B
:102AE000F087236843F0200323603348782784F875
:102AF0004570236829681F0651F8046B02D45F06ED
:102B000048BFB6B2DF0748BF43F02003296048BF83
:102B100023601EB9236823F0200323601023A7E756
:102B20002448E4E71546BDE72B6826686169181D4F
:102B3000286035061B6801D5196002E07006FBD5D8
:102B40001980002323611546BCE72B681A1D2A60F3
:102B50001D68626800212846EDF72AFB08B1401B7A
:102B6000606063682361002384F84330AAE7236927
:102B70002A4649464046D0470130ADD023689B07DE
:102B800013D4E068039B9842B8BF1846A6E7012318
:102B9000324649464046D04701309DD00135E36872
:102BA00003995B1AAB42F2DCEBE7002504F119064E
:102BB000F5E700BF556B0108666B0108F8B50E46D6
:102BC0001446054618B1036A0BB9FFF70DF9A3695E
:102BD000A360A3891A0725D523691BB3236822693B
:102BE000981A6369F6B28342374604DC21462846C8
:102BF000FFF7C2FCE0B9A368013BA36023685A1C3D
:102C000022601E706269431C9A4204D0A389DB07CC
:102C100006D50A2E04D121462846FFF7ADFC38B967
:102C20003846F8BD2146284600F006F80028D5D0E1
:102C30004FF0FF37F4E7000038B52A4B0546186817
:102C40000C4618B1036A0BB9FFF7CEF8A389B4F9A3
:102C50000C20180722D4D90607D409232B6042F090
:102C60004003A3814FF0FF3034E0580712D5616B69
:102C700041B104F14403994202D02846FFF7FCFA1F
:102C800000236363A38923F02403A38100236360EB
:102C900023692360A38943F00803A38123694BB907
:102CA000A38903F42073B3F5007F03D0214628469F
:102CB00000F084F8A089B4F90C2010F001030AD0C8
:102CC0000023A36063695B42A361236943B910F0E9
:102CD0008000C4D138BD810758BF6369A360F4E7A1
:102CE0000020F7E7D80200201F2938B504460D461A
:102CF00004D9162303604FF0FF3038BDC26B12B108
:102D000052F821304BB9204600F030F82A460146EF
:102D10002046BDE8384000F017B8012B0AD0591CF6
:102D200003D1162303600120E7E7002442F8254081
:102D3000284698470020E0E7024B01461868FFF755
:102D4000D3BF00BFD802002038B5074D002304468A
:102D5000084611462B60FBF796FB431C02D12B68FB
:102D600003B1236038BD00BFD8430020FBF789BB07
:102D700070B50C46B1F90E10002996B015461E46E6
:102D80000DDAA38913F0800F4FF000010CBF4FF450
:102D900080634023002031602B6016B070BD6A460E
:102DA00000F048F80028ECDB019901F47041A1F52E
:102DB0000053594259414FF48063EBE78B8973B557
:102DC0009D0706460C4607D504F14703236023619F
:102DD0000123636102B070BD01AB6A46FFF7C8FF13
:102DE000009905463046FFF7B9FA48B9B4F90C30F6
:102DF0009A05EFD423F0030343F00203A381E3E732
:102E0000A389206043F08003A381009B6361019B41
:102E100020615BB1B4F90E10304600F01DF828B106
:102E2000A38923F0030343F00103A381A3891D4376
:102E3000A581CFE738B5074D002304460846114663
:102E40002B60FBF74DFB431C02D12B6803B12360C1
:102E500038BD00BFD843002038B5064D00230446D6
:102E600008462B60FBF741FB431C02D12B6803B1E2
:102E7000236038BDD8430020F8B500BFF8BC08BCBB
:102E80009E467047F8B500BFF8BC08BC9E46704728
:102E900018120C180101011919011919010606016E
:102EA00006060103030103030102020102020112EB
:102EB0000C01120C00080008005001500250035091
:102EC0000450055006500750085009500A500B5046
:102ED0000C500D50F150F25001F10550000000006F
:102EE00001000000020000006D696E2C00206D578B
:102EF0002C002E00011F136F01130503020B0502A6
:102F000000D57FAAFE2B815429FC5683D702A87DC9
:102F100052872DF8AC79D3067BAE04D18550FA2FB9
:102F2000A471DB0E5A8F25F08D58F22773A60CD9A9
:102F3000F623895C08DD77A2DF0AA07521F45E8B99
:102F40009D48E23763B61CC9B461CB1E4A9F35E089
:102F5000CF1AB06531E44E9BE633994C18CD67B279
:102F600039EC4693C712B86D10C56FBAEE3B914469
:102F70006BBE14C19540EA3F42973DE8BC69C31659
:102F8000EF3A904511C46EBBC613B96C38ED479249
:102F9000BD68C21743963CE99441EB3E6ABF15C039
:102FA0004B9E34E1B560CA1F62B71DC89C49E33629
:102FB00019CC66B3E732984D30E54F9ACE1BB16419
:102FC00072A70DD88C59F3265B8E24F1A570DA0F09
:102FD00020F55F8ADE0BA17409DC76A3F722885DF9
:102FE000D603A97C28FD5782FF2A805501D47EABE9
:102FF0008451FB2E7AAF05D0AD78D20753862CF9D9
:103000006162636465666768696A6B6C6D6E6F7038
:103010007172737475767778797A303132333435EA
:10302000363738395F232D2E0000000000000000E5
:1030300000000000B11E00080000000000000000B9
:10304000BD1E00080000000000000000991E0008DE
:1030500000010204050301026D6C72732E300053EF
:103060006574757053746172745374783454780055
:10307000536574757053746172744D61726B6572CF
:103080000021656E6421006D4C525301020304005F
:103090006D4C52530403020100656E61626C6564FD
:1030A0002C616E74656E6E61312C616E74656E6E2E
:1030B00061322C723A656E2E20743A616E74312C36
:1030C000723A656E2E20743A616E743200747261C9
:1030D0006E73702E2C6D61766C696E6B2C6D6176E3
:1030E0006C6E6B582C6D73705800322E342047482C
:1030F0007A2C393135204D487A204643432C3836D6
:1031000038204D487A2C343333204D487A2C3730D0
:1031100020636D2048414D2C383636204D487A20AA
:10312000494E2C393135204D487A202B20322E340F
:103130002047487A2C383638204D487A202B2032C8
:103140002E342047487A00656E61626C65642C619C
:103150006E74656E6E61312C616E74656E6E613277
:103160002C72656E207461312C72656E2074613230
:1031700000353020487A2C333120487A2C313920E0
:10318000487A2C464C52432C46534B2C3139487AC2
:10319000377800322E342047487A2C393135204692
:1031A00043432C383638204D487A2C343333204D65
:1031B000487A2C373020636D2C38363620494E2C17
:1031C0003931352B322E342C3836382B322E340010
:1031D000202F2D2D00202F653100202F6536002057
:1031E0002F65313100202F653133000D0A003F007B
:1031F00020206D696E3A200020206D61783A200011
:10320000202000203D200020205B612D7A302D39C8
:10321000232D2E5F5D002D2028756E617661696C0F
:1032200061626C652900205B0028756E6368616EC1
:10323000676561626C652900292C002C20002F0035
:103240003B20003B00666873733120280020206318
:10325000683A20002020665F7265673A20002020CF
:10326000663A2000206B487A006668737332202823
:1032700000204D487A0044495920453737204532CF
:1032800038204475616C42616E64002145525200E1
:103290004F4B004143524F00214653210048480004
:1032A0004154554E004C4E4348004D414E5500543C
:1032B000555254004352555A004352534800414816
:1032C00000414E474C00484F5200414E4748004194
:1032D0004C5448004155544F0047554944004C4F09
:1032E00049540052544C200043495243004C414E33
:1032F000440044524946005350525400464C4950F1
:103300000050484C44004252414B00544852570030
:1033100041564F4900474E4750005352544C0046C7
:10332000484C4400464F4C4C005A49475A005359A8
:1033300053490041524F54004152544C005452548E
:103340004C005452414E00464257410046425742BB
:10335000004352555300544B4F4600494E495400C8
:10336000515354420051484F5600514C4F54005154
:103370004C4E44005152544C005141544E00514166
:10338000434F0054484D4C004C32514C005354456F
:103390005200534D504C00444F434B0041484C4465
:1033A0000053555246004D444554002A00424154B2
:1033B000545F4341504143495459002121205278E0
:1033C00020706172616D2076657273696F6E207313
:1033D0006D616C6C6572207468616E205478207029
:1033E0006172616D2076657273696F6E2E20212186
:1033F00000212120506C65617365207570677261D2
:1034000064652072656365697665722E20202020D0
:1034100020202020202020202020202020202020AC
:103420002020202021210021212054782070617249
:10343000616D2076657273696F6E20736D616C6C5F
:103440006572207468616E20527820706172616DBF
:103450002076657273696F6E2E2021210021212054
:10346000506C656173652075706772616465205486
:1034700078206D6F64756C652E2020202020202020
:10348000202020202020202020202020202020203C
:10349000212100436F6E66696749643A0020205419
:1034A000783A20444959204537372045323820445E
:1034B00075616C42616E642C2076312E342E303270
:1034C00000202052783A20002D2028756E657870F3
:1034D0006563746564206572726F722900202068CC
:1034E000656C702C20682C203F2020202020202D6F
:1034F0003E20746869732068656C70207061676530
:103500000020207620202020202020202020202085
:103510002020202D3E207072696E742064657669CB
:10352000636520616E642076657273696F6E00203A
:1035300020706C20202020202020202020202020EF
:10354000202D3E206C69737420616C6C2070617258
:10355000616D6574657273002020706C206320209B
:10356000202020202020202020202D3E206C697348
:103570007420636F6D6D6F6E20706172616D657424
:10358000657273002020706C207478202020202029
:103590002020202020202D3E206C69737420547838
:1035A00020706172616D6574657273002020706CAB
:1035B00020727820202020202020202020202D3E36
:1035C000206C69737420527820706172616D65742B
:1035D00065727300202070206E616D6520202020B0
:1035E0002020202020202D3E2067657420706172ED
:1035F000616D657465722076616C75650020207060
:10360000206E616D65203D2076616C756520202DF2
:103610003E2073657420706172616D6574657220FF
:1036200076616C756500202070206E616D65203DAF
:10363000203F2020202020202D3E20676574207010
:103640006172616D657465722076616C756520616B
:103650006E64206C697374206F6620616C6C6F7788
:1036600065642076616C7565730020207073746FDB
:103670007265202020202020202020202D3E207335
:10368000746F726520706172616D6574657273002C
:103690002020736574636F6E6669676964202020FB
:1036A00020202D3E2073656C65637420636F6E6609
:1036B000696720696400202062696E6420202020F0
:1036C00020202020202020202D3E20737461727441
:1036D0002062696E64696E6700202072656C6F619C
:1036E00064202020202020202020202D3E207265D4
:1036F0006C6F616420616C6C20706172616D6574C7
:1037000065722073657474696E677300202073742A
:1037100061747320202020202020202020202D3E96
:10372000207374617274732073747265616D696E55
:103730006720737461746973746963730020206C0B
:103740006973746672657173202020202020202DFB
:103750003E206C69737473206672657175656E6363
:10376000696573207573656420696E20666873737C
:1037700020736368656D6500202073797374656DCF
:10378000626F6F742020202020202D3E2063616C0A
:103790006C2073797374656D20626F6F746C6F61E8
:1037A000646572007761726E3A207265636569764E
:1037B0006572206E6F7420636F6E6E6563746564EE
:1037C000002020656D70747920636D64002020698D
:1037D0006E76616C696420636D640020207374727E
:1037E00065616D696E672073746174732073746FA3
:1037F00070706564003E00202074696D656F75749B
:103800000068656C7000706C00706C206300706CF8
:1038100020747800706C207278006572723A2069AA
:103820006E76616C696420706172616D6574657239
:10383000206E616D65006572723A206E6F20766150
:103840006C7565207370656369666965640065728F
:10385000723A20696E76616C69642076616C756578
:10386000007073746F72650020205478207061724C
:10387000616D65746572732073746F726564002086
:1038800020706172616D65746572732073746F72FC
:1038900065640062696E64002020547820656E744F
:1038A000657265642062696E64206D6F6465007284
:1038B000656C6F6164002020547820706172616DC6
:1038C00065746572732072656C6F61646564002055
:1038D00020706172616D65746572732072656C6FC2
:1038E0006164656400736574636F6E6669676964BB
:1038F000006572723A20696E76616C696420636F4C
:103900006E666967206964206E756D626572202835
:10391000302D39290020206E6F206368616E676545
:103920002072657175697265640020206368616E3C
:10393000676520436F6E666967496420746F200075
:1039400020207374617274732073747265616D6981
:103950006E6720737461747300202073656E642039
:10396000616E792063686172616374657220746F3F
:103970002073746F70006C69737466726571730084
:1039800073797374656D626F6F74005378206E6F16
:1039900074206F6B00537832206E6F74206F6B0051
:1039A00072785F617661696C61626C65206E6F74BC
:1039B0002074727565000000000000000000000027
:1039C000D12F0008E92F0008A1380008CD380008E1
:1039D000EB3800082D340008CB240008D12500085E
:1039E0000000000000000000692D0008552D0008AF
:1039F000AF390008D9390008F7390008C934000880
:103A0000CD240008F14E0008000000000000000076
:103A1000AD2400088F3D0008953C0008D53B000808
:103A2000AB3B0008E9250008393C000805260008E2
:103A3000053C0008292600080000000000000000E6
:103A4000AD240008AF240008B1240008B324000806
:103A5000B7240008B9240008BD240008C1240008C8
:103A6000C3240008C7240008000000000000000074
:103A7000AD240008AF240008B1240008B3240008D6
:103A8000B7240008B9240008BD240008C124000898
:103A9000C3240008C7240008000000000000000044
:103AA000AD240008AF240008B1240008B3240008A6
:103AB000B7240008B9240008BD240008C124000868
:103AC000C3240008C7240008000000000000000014
:103AD000AD240008AF240008B1240008B324000876
:103AE000B7240008B9240008BD240008C124000838
:103AF000C3240008C72400080000000000000000E4
:103B000071270008AD6D00086D6E0008096E000891
:103B10005053544F524500434F4E46494720494465
:103B20000042494E445F5048524153455F5533323D
:103B30000052465F42414E440052465F4F52544845
:103B40004F0054585F504F5745520054585F4449F6
:103B5000564552534954590054585F43485F534F98
:103B6000555243450054585F43485F4F52444552B5
:103B70000054585F494E5F4D4F44450054585F53C1
:103B800045525F504F52540054585F5345525F4264
:103B90004155440054585F5345525F504F52543280
:103BA0000054585F5345525F4241554432005458C7
:103BB0005F534E445F524144494F53544154005463
:103BC000585F4D41565F434F4D504F4E454E540048
:103BD00054585F504F5745525F53575F4348005406
:103BE000585F42555A5A45520052585F504F5745F8
:103BF000520052585F444956455253495459005255
:103C0000585F43485F4F524445520052585F4F55EA
:103C1000545F4D4F44450052585F4641494C534113
:103C200046455F4D4F44450052585F5345525F50E3
:103C30004F52540052585F5345525F424155440021
:103C400052585F5345525F4C4E4B5F4D4F444500B9
:103C500052585F4D41565F53595354454D5F494447
:103C60000052585F534E445F524144494F535441B0
:103C7000540052585F534E445F52434348414E4EA6
:103C8000454C0052585F4F55545F525353495F4360
:103C9000480052585F4F55545F4C515F43480052A3
:103CA000585F504F5745525F53575F434800525833
:103CB0005F46535F4348310052585F46535F434865
:103CC000320052585F46535F4348330052585F46B4
:103CD000535F4348340052585F46535F43483500B2
:103CE00052585F46535F4348360052585F46535F11
:103CF0004348370052585F46535F43483800525894
:103D00005F46535F4348390052585F46535F43480C
:103D100031300052585F46535F43483131005258AA
:103D20005F46535F434831320052585F46535F430A
:103D30004831330052585F46535F43483134005294
:103D4000585F46535F434831350052585F46535FD2
:103D50004348313600414E474C4500484F52495A7E
:103D60004F4E004E415620414C54484F4C44004861
:103D7000454144494E4720484F4C44004845414442
:103D800046524545004845414441444A0043414D5F
:103D900053544142004E415620525448004E415621
:103DA00020504F53484F4C44004D414E55414C001C
:103DB000424545504552004C454453204F4646002D
:103DC0004C4947485453004F5344204F46460054F3
:103DD000454C454D45545259004155544F2054557A
:103DE0004E4500424C41434B424F58004641494CDE
:103DF00053414645004E41562057500041495220FC
:103E00004D4F444500484F4D4520524553455400C1
:103E1000474353204E41560046505620414E474C92
:103E200045204D4958005355524641434500464CA4
:103E3000415045524F4E005455524E204153534924
:103E40005354004E4156204C41554E434800534573
:103E500052564F204155544F5452494D0043414D05
:103E600045524120434F4E54524F4C203100434164
:103E70004D45524120434F4E54524F4C2032004347
:103E8000414D45524120434F4E54524F4C20330038
:103E90004F534420414C542031004F534420414C57
:103EA000542032004F534420414C542033004E41A3
:103EB0005620434F5552534520484F4C44004D43E4
:103EC000204252414B494E4700555345523100550F
:103ED00053455232005553455233005553455234E1
:103EE000004C4F49544552204348414E4745004DF0
:103EF0005350205243204F5645525249444500509A
:103F0000524541524D00545552544C45004E415675
:103F100020435255495345004155544F204C455676
:103F2000454C205452494D00575020504C414E4E64
:103F3000455200534F4152494E47004D4953534952
:103F40004F4E204348414E4745004245455045525B
:103F5000204D555445004D554C54492046554E432F
:103F600054494F4E004D495845522050524F4649F2
:103F70004C452032004D49584552205452414E5331
:103F80004954494F4E00414E474C4520484F4C4400
:103F90000047494D42414C204C4556454C20544920
:103FA0004C540047494D42414C204C4556454C200D
:103FB000524F4C4C0047494D42414C2043454E54D2
:103FC00045520047494D42414C20484541445452D6
:103FD00041434B45520042696E64205068726173E0
:103FE000650042494E445F504852415345003530C8
:103FF00020487A2C333120487A2C313920487A2CC9
:10400000464C52432C46534B2C313920487A2037AA
:10401000780052462042616E6400322E342C3931D1
:1040200035204643432C3836382C3433332C373044
:104030002C38363620494E2C3931352B322E342C43
:104040003836382B322E34005246204F7274686F47
:10405000006F66662C312F332C322F332C332F33E5
:1040600000547820506F7765720054782044697648
:1040700065727369747900656E61626C65642C6148
:104080006E74656E6E61312C616E74656E6E613238
:104090002C723A656E20743A616E74312C723A65F6
:1040A0006E20743A616E7432005478204368205355
:1040B0006F75726365006E6F6E652C637273662C2C
:1040C000696E2C6D6272696467650054782043687C
:1040D000204F7264657200414554522C5441455240
:1040E0002C4554415200547820496E204D6F646530
:1040F00000736275732C7362757320696E76005459
:10410000782053657220506F727400736572696114
:104110006C2C776272696467652C73657269616C77
:10412000322C636F6D2C6D62726964676500547820
:104130002053657220426175647261746500353781
:104140003630302C3131353230302C32333034305F
:10415000300054782053657220506F727432006EB4
:104160006F6E652C73657269616C2C77627269641D
:1041700067652C73657269616C32005478205365F1
:104180007220426175647261746532005478205304
:104190006E6420526164696F53746174006F666667
:1041A0002C3120487A005478204D617620436F6D81
:1041B000706F6E656E74006F66662C656E61626C02
:1041C000656400547820506F7765722053772043E0
:1041D00068006F66662C352C362C372C382C392C21
:1041E00031302C31312C31322C31332C31342C31D3
:1041F000352C31360054782042757A7A6572006F1A
:1042000066662C4C502C72784C5100527820506FBE
:1042100077657200527820446976657273697479A3
:10422000005278204368204F7264657200527820F3
:104230004F7574204D6F646500736275732C6372E3
:1042400073662C7362757320696E7600527820460F
:1042500061696C53616665204D6F6465006E6F2007
:104260007369672C6C6F77207468722C6279206395
:104270006E662C6C6F772074687220636E742C638A
:10428000683163683420636E74005278205365721D
:1042900020506F72740073657269616C2C63616E7B
:1042A0002C63616E6664005278205365722042610F
:1042B00075647261746500527820536572204C6990
:1042C0006E6B204D6F6465007472616E73702E2C7E
:1042D0006D61766C696E6B2C6D61766C696E6B5876
:1042E0002C6D737058005278204D6176205379738D
:1042F00074656D2049440035312C35322C35332C12
:1043000035342C353500527820536E642052616468
:10431000696F53746174006F66662C617264755FB7
:10432000312C6D6574685F6200527820536E642092
:1043300052634368616E6E656C006F66662C7263D3
:10434000206F766572726964652C726320636861A0
:104350006E6E656C73005278204F757420527373C3
:1043600069204368005278204F7574204C512043D7
:104370006800527820506F77657220537720436829
:10438000005278204653204368310052782046532B
:10439000204368320052782046532043683300524D
:1043A00078204653204368340052782046532043F7
:1043B00068350052782046532043683600527820F2
:1043C00046532043683700527820465320436838CC
:1043D00000527820465320436839005278204653D3
:1043E00020436831300052782046532043683131F1
:1043F00000527820465320436831320052782046DC
:10440000532043683133002D31323020252C3020A9
:10441000252C313230202500527820465320436825
:1044200031340052782046532043683135005278A9
:10443000204653204368313600160018180018181B
:104440001812180700000003000000020101010219
:10445000020202020303040101010202020202023B
:104460000202020202020201020202020201000032
:10447000845F0108502E0000EC6001082B1300003F
:10448000C46001080A0000000000000000000000F5
:10449000000000000000000000000000000000001C
:1044A000800080FF000001000A000A000E001900D1
:1044B0001400640016009E008E040020FF0000001F
:1044C000D63F0108E23F01089830010800000000D3
:1044D000000000000000000098300108000000000B
:1044E00096040020FE00000058420108003E01082A
:1044F00098300108000000000000000000000000EB
:10450000EE3F01083A05002095040020FE0000005F
:1045100012400108313B01089830010800000000FA
:1045200000000000000000001A40010838050020CB
:1045300097040020FE00000048400108393B0108B4
:10454000983001080000000000000000000000009A
:10455000514001083C050020C6030020FE00000079
:1045600061400108423B010898300108000000004A
:1045700000000000000000003E05002000000000D8
:10458000C7030020FE0000006A4001084B3B010801
:10459000983001080000000000000000000000004A
:1045A0007740010882050020C8030020FE000000BB
:1045B000A9400108583B010898300108000000009C
:1045C0000000000000000000B64001088405002043
:1045D000C9030020FE000000CB400108653B010834
:1045E00098300108000000000000000000000000FA
:1045F000D740010800000000CA030020FE000000B0
:10460000E6400108713B01089830010800000000F5
:104610000000000000000000F140010886050020B5
:10462000CB030020FE000000FF4001087C3B010896
:1046300098300108000000000000000000000000A9
:104640000B41010888050020CC030020FE0000007B
:104650002E410108883B0108983001080000000045
:1046600000000000000000003E41010800000000C2
:10467000CD030020FE00000052410108943B0108D8
:104680009830010800000000000000000000000059
:104690005F4101088A050020D0030020FE000000D1
:1046A0007B410108A13B010898300108000000008F
:1046B00000000000000000003E4101088C050020C1
:1046C000CE030020FE0000008C410108AE3B010833
:1046D0009830010800000000000000000000000009
:1046E0009D41010800000000D1030020FE000000F1
:1046F000A6410108BF3B01089830010800000000F6
:104700000000000000000000B741010800000000A8
:10471000D2030020FE000000C3410108D03B010885
:1047200098300108000000000000000000000000B8
:10473000D241010800000000CF030020FE0000006D
:10474000F5410108DF3B0108983001080000000036
:104750000000000000000000FF4101088E0500205D
:10476000A2030020FE0000000B420108E93B010803
:104770009830010800000000000000000000000068
:104780009205002000000000A3030020FE000000AE
:1047900014420108F23B01089830010800000000B3
:1047A000000000000000000077400108D60500204E
:1047B000A4030020FE00000021420108FF3B010885
:1047C0009830010800000000000000000000000018
:1047D000D740010800000000A5030020FE000000F3
:1047E0002D4201080B3C0108983001080000000030
:1047F000000000000000000039420108D805002038
:10480000A7030020FE0000004C420108173C0108ED
:1048100098300108000000000000000000000000C7
:104820005D42010800000000B0030020FE0000000F
:104830008A420108283C0108983001080000000065
:10484000000000000000000096420108DA05002088
:10485000A8030020FE000000A7420108343C010824
:104860009830010800000000000000000000000077
:104870003E41010800000000A9030020FE000000E6
:10488000B7420108403C01089830010800000000D0
:104890000000000000000000C84201080000000005
:1048A000B1030020FE000000E6420108503C010870
:1048B0009830010800000000000000000000000027
:1048C000F742010800000000AA030020FE000000DB
:1048D00006430108613C010898300108000000000F
:1048E0000000000000000000174301080000000065
:1048F000AC030020FE00000029430108723C0108BF
:1049000098300108000000000000000000000000D6
:104910003A43010800000000A6030020FE0000004A
:1049200056430108833C010898300108000000004C
:104930000000000000000000D2410108000000005B
:10494000AE030020FE00000065430108923C010810
:104950009830010800000000000000000000000086
:10496000D241010800000000AF030020FE0000005B
:10497000724301089F3C01089830010800000000C4
:104980000000000000000000D2410108000000000B
:10499000B60300200200000081430108AE3C01087C
:1049A00016440108000000008800000078000000A4
:1049B0009830010800000000B7030020020000004A
:1049C0008B430108B83C01081644010800000000B0
:1049D0008800000078000000983001080000000006
:1049E000B80300200200000095430108C23C010802
:1049F0001644010800000000880000007800000054
:104A00009830010800000000B903002002000000F7
:104A10009F430108CC3C0108164401080000000037
:104A200088000000780000009830010800000000B5
:104A3000BA03002002000000A9430108D63C010887
:104A40001644010800000000880000007800000003
:104A50009830010800000000BB03002002000000A5
:104A6000B3430108E03C01081644010800000000BF
:104A70008800000078000000983001080000000065
:104A8000BC03002002000000BD430108EA3C01080D
:104A900016440108000000008800000078000000B3
:104AA0009830010800000000BD0300200200000053
:104AB000C7430108F43C0108164401080000000047
:104AC0008800000078000000983001080000000015
:104AD000BE03002002000000D1430108FE3C010893
:104AE0001644010800000000880000007800000063
:104AF0009830010800000000BF0300200200000001
:104B0000DB430108083D01081644010800000000CD
:104B100088000000780000009830010800000000C4
:104B2000C003002002000000E6430108133D010815
:104B30001644010800000000880000007800000012
:104B40009830010800000000C103002002000000AE
:104B5000F14301081E3D0108164401080000000051
:104B60008800000078000000983001080000000074
:104B7000C2030020FE000000FC430108293D01089B
:104B80009830010800000000000000000000000054
:104B90000744010800000000C3030020FE000000DD
:104BA00018440108343D0108983001080000000055
:104BB00000000000000000000744010800000000A1
:104BC000C4030020FE000000234401083F3D01080B
:104BD0009830010800000000000000000000000004
:104BE0000744010800000000C5030020FE0000008B
:104BF0002E4401084A3D01089830010800000000D9
:104C00000000000000000000074401080000000050
:104C10006162636465666768696A6B6C6D6E6F700C
:104C20007172737475767778797A303132333435BE
:104C3000363738395F232D2E0000000000070E099B
:104C40001C1B1215383F363124232A2D70777E79AC
:104C50006C6B6265484F464154535A5DE0E7EEE99C
:104C6000FCFBF2F5D8DFD6D1C4C3CACD90979E998C
:104C70008C8B8285A8AFA6A1B4B3BABDC7C0C9CE7C
:104C8000DBDCD5D2FFF8F1F6E3E4EDEAB7B0B9BE6C
:104C9000ABACA5A28F88818693949D9A2720292E5C
:104CA0003B3C35321F18111603040D0A5750595E4C
:104CB0004B4C45426F68616673747D7A898E87803C
:104CC00095929B9CB1B6BFB8ADAAA3A4F9FEF7F02C
:104CD000E5E2EBECC1C6CFC8DDDAD3D4696E67601C
:104CE00075727B7C51565F584D4A4344191E17100C
:104CF00005020B0C21262F283D3A33344E494047FC
:104D000052555C5B7671787F6A6D64633E393037EB
:104D100022252C2B0601080F1A1D1413AEA9A0A7DB
:104D2000B2B5BCBB9691989F8A8D8483DED9D0D7CB
:104D3000C2C5CCCBE6E1E8EFFAFDF4F300000000D9
:104D40003209000000000000010000007C2B000080
:104D50000000000002000000890C000000000000BC
:104D600004000000ED0E030C0D0000000500000023
:104D7000D91C0100000000000600000068030000CC
:104D80000000000007000000772000000000000085
:104D90000800000075240000000000000B00000067
:104DA000590601040000000014000000D61403029C
:104DB00003000000150000009F0203000100000036
:104DC00016000000DC1900000000000017000000C1
:104DD000A8170304050000001800000018340000A4
:104DE000000000001900000017650000000000002E
:104DF0001A000000AA180000000000001B000000BC
:104E0000901D0000000000001C0000004310000086
:104E1000000000001D0000007310000000000000F2
:104E20001E000000271C0000000000001F00000002
:104E3000F63000000000000020000000B91C000057
:104E40000000000021000000681C000000000000BD
:104E500022000000ED16000000000000230000000A
:104E6000F41600000000000024000000DE25000011
:104E70000000000025000000D40703040500000026
:104E800026000000090703040500000027000000B9
:104E9000FE2603202100000028000000E605030292
:104EA00003000000290000001C04030203000000AE
:104EB0002A0000001C120000000000002B0000006F
:104EC00084030300010000002C000000DD09030240
:104ED000030000002D000000E803030001000000B3
:104EE0002E0000000B020000000000002F00000058
:104EF0009908030001000000300000002915010C92
:104F00000000000031000000271400000000000035
:104F1000320000004E250312130000003300000091
:104F2000C405030203000000350000000305000073
:104F300000000000360000000F1B031819000000DD
:104F40003700000003190000000000003D000000D1
:104F5000A7480000000000003E000000B71A000053
:104F6000000000003F00000077B5000000000000D6
:104F700040000000BFE10000000000004100000010
:104F8000762A0000000000004200000094060302A0
:104F900003000000430000001504000000000000B2
:104FA00045000000F31E010A00000000460000005A
:104FB0007C26031011000000490000002626032073
:104FC000210000004A00000014140000000000004E
:104FD0004B0000009E23031E1F0000004C00000039
:104FE0009821031E1F0000004D0000008F0A0308D7
:104FF00009000000500000000E040302030000003E
:10500000510000006A16000000000000520000007D
:105010003133032425000000530000001625000052
:1050200000000000540000008F3503323300000000
:10503000550000008C330000000000005600000006
:10504000053503323300000057000000963300009E
:105050000000000059000000E71C000000000000F4
:105060005A000000B7380000000000005B0000009C
:105070003F2A0000000000005C0000003621000014
:10508000000000005D0000002F5100000000000043
:1050900064000000AF220000000000006500000076
:1050A0006675000000000000660000009E750000AC
:1050B0000000000067000000D03900000000000080
:1050C0006800000038740000000000006900000063
:1050D0005D3F0000000000006A0000008A2C000014
:1050E000000000006B0000006C41000000000000A8
:1050F0006C000000205C0000000000006D0000005B
:10510000B9090000000000006E00000054FE030119
:10511000020000006F0000002212031011000000C6
:1051200070000000AE0C00000000000071000000E4
:105130007C2700000000000072000000ED2C000041
:1051400000000000730000000440000000000000A8
:10515000740000004C180000000000007500000002
:10516000800603040500000076000000380E0000F1
:105170000000000077000000740C030A0B00000020
:105180007800000086610000000000007900000047
:10519000ED020300010000007A000000CB020300D2
:1051A000010000007B000000FA7103000100000014
:1051B0007C00000057390000000000007D00000066
:1051C000CB060000000000007E000000DC51034F11
:1051D000500000007F0000001923000000000000C4
:1051E00080000000E22300000000000081000000B9
:1051F0002E18000000000000820000001D0D0000BD
:105200000000000083000000DFFF0000000000003D
:105210008400000055270000000000008500000009
:10522000061200000000000086000000E52B0000D0
:105230000000000087000000CB0800000000000014
:105240008800000001160000000000008900000036
:10525000C3100000000000008A0000006D7800000C
:10526000000000008B000000A82B03292A0000008A
:105270008C000000B5290000000000008D00000037
:105280002F200000000000008E00000048F3000006
:10529000000000008F0000008310000000000000EC
:1052A000900000007F5D0000000000009200000000
:1052B0006764000000000000930000009A360000C0
:1052C0000000000094000000B24E0000000000004A
:1052D00095000000C83C000000000000960000009F
:1052E000862A00000000000097000000DB0803068B
:1052F0000700000098000000D00800000000000037
:1053000099000000BC0C0000000000009A000000A2
:10531000540F0306070000009B000000160D030455
:10532000050000009C0000001306030001000000BF
:105330009D000000150F030C0D0000009E000000F2
:10534000860F030C0D000000A00000004E0C0308A7
:1053500009000000A1000000440303000100000058
:10536000A2000000BD09000000000000A300000032
:105370007F1C000000000000A40000009A2C000028
:1053800000000000A5000000150300000000000060
:10539000A60000001509000000000000A7000000A2
:1053A0009016000000000000A8000000010C0000A2
:1053B00000000000A9000000EA1200000000000048
:1053C000AA0000004922000000000000AB0000001D
:1053D000B542000000000000AC00000016620000B2
:1053E00000000000AD0000005308000000000000B5
:1053F000AE000000A730000000000000AF00000079
:105400008A13030E0F000000B0000000EA0303003F
:1054100001000000B1000000F014000000000000D6
:10542000B20000002F18000000000000B3000000D0
:10543000BD1D011A00000000B4000000342F012A35
:1054400000000000B5000000AE04000000000000F5
:10545000B6000000E528000000000000B7000000D2
:105460005502030001000000B80000009FCE0304B5
:1054700005000000B9000000BA07030405000000A1
:10548000BA000000481D030001000000BF0000003A
:105490005C1B000000000000C0000000243600007B
:1054A00000000000C1000000471A000000000000DA
:1054B000C20000006221000000000000C3000000E4
:1054C0007825000000000000C8000000862A03289C
:1054D00029000000C9000000CD0E030C0D000000E3
:1054E000D60000004508030607000000D7000000B2
:1054F0006503000000000000D80000003203030034
:1055000001000000D9000000CA06000000000000F1
:10551000DA0000001107030001000000DB000000BA
:10552000A202000000000000DC00000022200000B9
:1055300000000000DD000000472A0000000000001D
:10554000DE0000000F03000000000000DF0000008C
:10555000772F032A2B000000E0000000662D032AAD
:105560002B000000E1000000D04900000000000016
:10557000E2000000CF08000000000000E60000008C
:10558000A32A000000000000E700000069280000D6
:1055900000000000E800000097410000000000004B
:1055A000E900000023B6000000000000EA0000004F
:1055B0009628000000000000EB000000B32A000065
:1055C00000000000F10000005A2000000000000070
:1055D000F2000000683C000000000000F300000042
:1055E000553D013400000000F40000005F0600009B
:1055F00000000000F5000000820200000000000032
:10560000F6000000B826000000000000F7000000CF
:105610005113000000000000F800000008FE030322
:1056200004000000F9000000CC240000000000008D
:10563000FA000000311E000000000000FB00000026
:10564000AA12000000000000FC0000002C12000064
:1056500000000000FD0000005336000000000000C4
:10566000FE0000002E090000000000000001000004
:10567000472A030809000000010100008309000017
:105680000000000002010000BBE803000100000070
:10569000030100005CED00000000000004010000B8
:1056A000920E00000000000005010000B33D000064
:1056B00000000000060100000C17000000000000C0
:1056C0000701000085FF0000000000000801000045
:1056D0003120000000000000090100001A14000041
:1056E000000000000A010000C1FF030203000000E7
:1056F0000B01000023FF0302030000000C01000067
:105700000E040302030000000D0100006DD700002D
:10571000000000000E0100003B140000000000002B
:105720000F0100001635000000000000130100000A
:105730007E20000000000000140100001232000072
:1057400000000000150100003E1E000000000000E7
:1057500018010000462100000000000019010000AF
:10576000300D0000000000001A0100007B23032020
:10577000210000001B0100004A9100000000000011
:105780001C0100006320031E1F0000001D0100001B
:1057900089310326270000001E010000D2390332A0
:1057A000330000001F010000011703141500000062
:1057B000200100001417031415000000220100004E
:1057C000FB2E000000000000230100000A39000049
:1057D0000000000024010000E3DF031819000000AE
:1057E00027010000EA0C0000000000002801000072
:1057F00032230000000000002B01000013620000B3
:10580000000000002C010000D9160000000000007C
:105810002D010000F33A00000000000036010000F6
:105820001C11000000000000370100005F74000040
:105830000000000040010000F31403020300000018
:105840004101000058020300010000004201000075
:10585000F395000000000000430100004E93030098
:1058600001000000440100008492000000000000DC
:105870004A01000017A70000000000004B010000D3
:105880005BE90000000000004C010000ECEF0000AC
:10589000000000004D010000E76D00000000000066
:1058A0004E010000480A0000000000004F01000007
:1058B000E11800000000000050010000F554000055
:1058C0000000000053010000C705000000000000B8
:1058D0005401000063460000000000005901000070
:1058E000D1150302030000005E010000E8FC000087
:1058F0000000000062010000D20E030C0D00000049
:1059000063010000060C00000000000068010000B8
:105910000B19000000000000690100005D2100007B
:105920000000000071010000971800000000000056
:10593000720100004B6D00000000000073010000C8
:105940000A1A000000000000740100001A8C000018
:105950000000000075010000752A00000000000032
:1059600077010000FB8C00000000000078010000BF
:10597000C7080000000000007C010000E8140000DF
:105980000000000081010000938503020300000075
:105990008201000084100304050000008301000060
:1059A00004480304050000008401000008250320CA
:1059B00021000000860100009CF0000000000000B3
:1059C0008B01000000D40000000000008C010000EA
:1059D00032A00000000000008D010000B66C000045
:1059E00000000000900100006EFE030405000000AE
:1059F00091010000B7060304050000009A010000B1
:105A0000A0350000000000009B0100006A030000B8
:105A1000000000009C0100002106030405000000B6
:105A20009D0100004D070304050000009E010000D9
:105A30006D100000000000009F010000A110000098
:105A400000000000A4010000144903060700000044
:105A5000B3010000862E000000000000B401000029
:105A6000C109000000000000B50100001E01000097
:105A700000000000B8010000422300000000000008
:105A8000B9010000A911000000000000FE010000A3
:105A9000F56A000000000000FF0100001C47000044
:105AA0000000000000020000B8020000000000003A
:105AB000421F0000DA10000000000000431F000039
:105AC000E729000000000000441F0000AC62000055
:105AD00000000000451F0000FB2600000000000041
:105AE000461F0000610E000000000000471F00007C
:105AF0004020000000000000481F0000EA210000D4
:105B000000000000491F000090100000000000008D
:105B10004A1F00009B290000000000004B1F0000EE
:105B200014660000000000004C1F0000361000004A
:105B3000000000004D1F0000DE2E000000000000ED
:105B40004E1F0000C80E0000000000004F1F0000A4
:105B50001718000000000000501F00009512000000
:105B600000000000282300007189000000000000F0
:105B70002D23000075220000000000001127000006
:105B8000D11400000000000012270000BA29000014
:105B900000000000132700000401000000000000C6
:105BA00014270000850900000000000015270000F0
:105BB000670900000000000016270000C104000073
:105BC000000000001727000047110000000000003F
:105BD00018270000F00E000000000000A7270000BA
:105BE000C355000000000000F82A000086340304BA
:105BF00005000000F92A00000F88000000000000E6
:105C0000FA2A0000EAB4030405000000FB2A0000A1
:105C10004005000000000000FC2A00000BE803081B
:105C200009000000FD2A00005DE600000000000001
:105C3000022B00002E31000000000000032B0000AA
:105C40006A2C0000000000000C2B0000CD100000AA
:105C500000000000162B0000902C00000000000047
:105C6000172B0000852C000000000000182B0000FE
:105C7000552C000000000000192B0000C325031064
:105C8000110000001A2B00004F050000000000006A
:105C90001B2B000080080304050000001C2B0000E3
:105CA000B1220000000000001D2B0000821C00003B
:105CB000000000001E2B00002F2600000000000046
:105CC0001F2B00008E09000000000000202B0000A8
:105CD000842C000000000000212B0000D02C0000CC
:105CE00000000000222B0000C92C00000000000072
:105CF000232B0000C12C000000000000242B00001A
:105D0000BD2C000000000000342B0000A24E00005B
:105D10000000000064320000722C0300010000004B
:105D200065320000FE3B031E1F00000066320000CB
:105D30008C3503040500000067320000F92E0300D3
:105D400001000000683200004D36031C1D000000F9
:105D500069320000312B03000100000073320000A3
:105D60005EF9030001000000763200008B33000072
:105D7000000000007732000007120310110000003D
:105D800078320000140500000000000068420000A6
:105D900067B3000000000000FE4200001A2100006E
:105DA00000000000FF42000048100000000000005A
:105DB0000143000013110000000000000243000036
:105DC0005911000000000000034300001B0A0000FE
:105DD00000000000044300000E5B00000000000013
:105DE00005430000BB540000000000000643000013
:105DF0006A1800000000000010A40000E301000089
:105E00000000000011A40000EF2E000000000000C0
:105E100051C30000F62000000000000052C3000043
:105E2000B5F600000000000053C300003E13000060
:105E30000000000054C30000F00A0308090000003D
:105E400055C30000980603040500000020CB0000A5
:105E50000D6400000000000021CB0000EF010000F5
:105E60000000000015CD0000F0110000000000004F
:105E700016CD0000584E00000000000017CD0000B5
:105E8000605500000000000018CD0000B11C0000AB
:105E90000000000019CD0000D73200000000000013
:105EA00078CD0000B52603202100000079CD000048
:105EB000662400000000000060EA000004160314DD
:105EC000150000006AEA0000D02100000000000078
:105ED0006BEA0000B7070000000000006CEA000059
:105EE00063240320210000006DEA000081180314E0
:105EF000150000006EEA000086080304050000009B
:105F000074EA0000CA0400000000000088EA0000F3
:105F10009CF500000000000089EA0000BFFF0000BF
:105F2000000000008DEA00000E17030203000000CD
:105F30008EEA0000AB1C0308090000008FEA000095
:105F4000370700000000000091EA0000610C00002B
:105F50000000000092EA0000DC0E000000000000DB
:105F600093EA0000F51800000000000094EA000029
:105F7000652C00000000000095EA00002D060000DE
:105F8000000000003BB1B800ECC4B8009DD8B800D8
:105F90004EECB8000000B900B113B9006227B90097
:105FA000133BB900C44EB9007662B9002776B90038
:105FB000D889B900899DB9003BB1B900ECC4B900DA
:105FC0009DD8B9004EECB9000000BA00B113BA0078
:105FD0006227BA00133BBA00C44EBA007662BA0018
:105FE0002776BA00D889BA00899DBA003BB1BA00B9
:105FF000ECC4BA009DD8BA004EECBA000000BB0059
:10600000B113BB006227BB00133BBB00C44EBB00F7
:106010007662BB002776BB00D889BB00899DBB0098
:106020003BB1BB00ECC4BB009DD8BB004EECBB0039
:106030000000BC00B113BC006227BC00133BBC00D5
:10604000C44EBC007662BC002776BC00D889BC0078
:10605000899DBC003BB1BC00ECC4BC009DD8BC0019
:106060004EECBC000000BD00B113BD006227BD00B6
:10607000133BBD00C44EBD007662BD002776BD0057
:10608000D889BD00899DBD003BB1BD00ECC4BD00F9
:106090009DD8BD004EECBD000000BE00B113BE0097
:1060A0006227BE00133BBE00C44EBE007662BE0037
:1060B0002776BE00D889BE00899DBE003BB1BE00D8
:1060C000ECC4BE006666F435CCCCFC353333053603
:1060D00099990D360000163666661E36CCCC2636EB
:1060E00033332F3699993736000040366666663866
:1060F000000070389999793833338338CCCC8C3898
:10610000666696380000A0389999A9383333B338B9
:10611000CCCCBC386666C6380000D0389999D938DE
:106120003333E338CCCCEC386666F63800000039FF
:106130009999093933331339CCCC1C396666263921
:10614000000030399999393933334339CCCC4C3943
:106150006666563900006039999969393333733965
:10616000CCCC7C396666863900009039999999398A
:106170003333A339CCCCAC396666B6390000C039AC
:106180009999C9393333D339CCCCDC396666E639D1
:106190000000F0399999F9390000891112239B32D6
:1061A0002446AD573665BF74488CC19D5AAFD3BEE7
:1061B0006CCAE5DB7EE9F7F88110080193331A22F7
:1061C000A5562C47B7753E64C99C408DDBBF52AEC7
:1061D000EDDA64CBFFF976E802218B3010029913D7
:1061E0002667AF763444BD554AADC3BC588ED19FA7
:1061F0006EEBE7FA7CC8F5D983310A2091121803B7
:10620000A7772E66B5543C45CBBD42ACD99E508F86
:10621000EFFB66EAFDD874C904428D5316619F7086
:106220002004A9153227BB364CCEC5DF5EEDD7FC66
:106230006888E1997AABF3BA85520C4397711E6076
:10624000A1142805B3373A26CDDE44CFDFFD56EC46
:10625000E9986089FBBB72AA06638F7214409D5156
:106260002225AB343006B9174EEFC7FE5CCCD5DD26
:106270006AA9E3B8788AF19B87730E6295501C4136
:10628000A3352A24B1163807CFFF46EEDDDC54CD06
:10629000EBB962A8F99A708B088481951AA793B616
:1062A0002CC2A5D33EE1B7F04008C919522BDB3A06
:1062B000644EED5F766DFF7C899400859BB712A6D6
:1062C000ADD224C3BFF136E0C1184809D33B5A2AE6
:1062D000E55E6C4FF77D7E6C0AA583B418869197B6
:1062E0002EE3A7F23CC0B5D14229CB38500AD91BC6
:1062F000666FEF7E744CFD5D8BB502A49996108796
:10630000AFF326E2BDD034C1C3394A28D11A580BA5
:10631000E77F6E6EF55C7C4D0CC685D71EE597F465
:106320002880A1913AA3B3B2444ACD5B5669DF7885
:10633000600CE91D722FFB3E8DD604C79FF516E455
:10634000A9902081BBB332A2C55A4C4BD7795E6865
:10635000E11C680DF33F7A2E0EE787F61CC495D535
:106360002AA1A3B03882B193466BCF7A5448DD5945
:10637000622DEB3C700EF91F8FF706E69DD414C515
:10638000ABB122A0B9923083C77B4E6AD5585C4925
:10639000E33D6A2CF11E780FA08601000B19000066
:1063A00050C300001000041000005B010100000059
:1063B000B01D000096FF00000506010C015B000007
:1063C0009033000091FF00000606010C015B000005
:1063D0002058000090FF0000860010700410005B41
:1063E000000000004F09000098FF00005018050C45
:1063F000805B0040D41E000097FF00006018050C71
:10640000805B00406A34000094FF00007018050CA7
:10641000805B0040E75B000090FF00000000000090
:1064200000000000AD240008AF240008B1240008DB
:10643000B324000805CE0008A5CF0008EDCF000862
:1064400031C20008C3240008C7240008000000006F
:10645000000000006DCD0008A52700083D4E000893
:10646000000000000000000071260008D96F00083D
:10647000000000000000000031720008B373000843
:10648000C3D10008A7270008CB2700085926000819
:10649000ECFFFFFF00000000AD240008AF2400085F
:1064A000B1240008B3240008CDD10008C527000896
:1064B000F127000865260008C3240008C724000847
:1064C00001000000030000000500000001000000C2
:1064D00001000000060000000A000000200000008B
:1064E000020000000400000008000000100000008E
:1064F00040000000800000000001000000020000D9
:10650000000000000000000000000000000000008B
:106510000100000002000000030000000400000071
:10652000A0860100400D0300801A060000350C0013
:1065300040420F0080841E0000093D0000127A00D6
:106540000024F40000366E010048E801006CDC0213
:10655000000000000000000000000000000000003B
:10656000010000000200000004000000060000001E
:10657000080000000A0000000C00000010000000ED
:10658000200000004000000080000000000100002A
:10659000DB0F49BFE4CB1640E4CB16C000000080FF
:1065A000DB0F4940DB0F49C0000FC93F000F4940D6
:1065B00000CB9640000FC9400053FB4000CB164172
:1065C00000ED2F41000F49410031624100537B41F2
:1065D000003A8A4100CB9641005CA34100EDAF41F7
:1065E000007EBC41000FC94100A0D5410031E2410D
:1065F00000C2EE410053FB4100F20342003A0A425E
:106600000083104200CB164200141D42005C23425E
:1066100000A5294200ED2F4200363642007E3C4262
:1066200000C74242000F4942A2000000F9000000EA
:10663000830000006E0000004E00000044000000D7
:106640001500000029000000FC00000027000000E9
:1066500057000000D1000000F500000034000000E9
:10666000DD000000C0000000DB0000006200000050
:1066700095000000990000003C000000430000006D
:106680009000000041000000FE00000051000000EA
:1066900063000000AB000000DE000000BB00000053
:1066A000C500000061000000B700000024000000E9
:1066B0006E0000003A000000420000004D000000A3
:1066C000D2000000E00000000600000049000000C9
:1066D0002E000000EA00000009000000D1000000C8
:1066E000920000001C000000FE0000001D000000E1
:1066F000EB0000001C000000B100000029000000B9
:10670000A70000003E000000E8000000820000003A
:1067100035000000F50000002E000000BB00000066
:106720004400000084000000E90000009C0000001C
:106730007000000026000000B40000005F000000B0
:106740007E000000410000003900000091000000C0
:10675000D600000039000000830000005300000054
:1067600039000000F40000009C00000084000000DC
:106770005F0000008B000000BD000000F900000079
:10678000280000003B0000001F000000F80000008F
:1067900097000000FF000000DE0000000500000080
:1067A000980000000F000000EF0000002F00000024
:1067B000110000008B0000005A0000000A000000D9
:1067C0006D0000001F0000006D000000360000009A
:1067D0007E000000CF00000027000000CB0000007A
:1067E00009000000B70000004F0000004600000054
:1067F0003F000000660000009E0000005F000000F7
:10680000EA0000002D0000007500000027000000D5
:10681000BA000000C7000000EB000000E500000027
:10682000F10000007B0000003D00000007000000B8
:1068300039000000F70000008A000000520000004C
:1068400092000000EA0000006B000000FB00000066
:106850005F000000B10000001F0000008D0000007C
:106860005D0000000800000056000000030000006A
:106870003000000046000000FC0000007B0000002B
:106880006B000000AB000000F0000000CF00000033
:10689000BC000000200000009A000000F40000008E
:1068A000360000001D000000A9000000E300000009
:1068B00091000000610000005E000000E6000000A2
:1068C0001B000000080000006500000099000000A7
:1068D000850000005F00000014000000A000000020
:1068E00068000000400000008D000000FF00000074
:1068F000D8000000800000004D0000007300000080
:106900002700000031000000060000000600000023
:106910001500000056000000CA00000073000000CF
:10692000A8000000C900000060000000E2000000B4
:106930007B000000C00000008C0000006B00000025
:106940003863ED3EDA0F493F5E987B3FDA0FC93F6F
:106950006937AC3168212233B40F14336821A23374
:106960000000C93F0000F0390000DA370000A23310
:106970000000842E0000502B0000C2270000D0220F
:106980000000C41F0000C61B0000441704000000E4
:106990000700000009000000002020202020202007
:1069A00020202828282828202020202020202020BF
:1069B00020202020202020202088101010101010CF
:1069C000101010101010101010040404040404041B
:1069D00004040410101010101010414141414141B5
:1069E0000101010101010101010101010101010197
:1069F00001010101101010101010424242424242A7
:106A00000202020202020202020202020202020266
:106A1000020202021010101020000000000000000E
:106A20000000000000000000000000000000000066
:106A30000000000000000000000000000000000056
:106A40000000000000000000000000000000000046
:106A50000000000000000000000000000000000036
:106A60000000000000000000000000000000000026
:106A70000000000000000000000000000000000016
:106A80000000000000000000000000000000000006
:106A90000000000000000000005245454E54206DEB
:106AA000616C6C6F63207375636365656465640016
:106AB0002F6275696C642F676E752D746F6F6C73C0
:106AC0002D666F722D73746D33325F31312E332E1C
:106AD00072656C312E32303233303931322D3136ED
:106AE00030302F7372632F6E65776C69622F6E651D
:106AF000776C69622F6C6962632F74696D652F67AB
:106B00006D74696D652E63002C2066756E63746903
:106B10006F6E3A2000617373657274696F6E202224
:106B2000257322206661696C65643A2066696C652C
:106B300020222573222C206C696E65202564257324
:106B400025730A00232D302B2000686C4C006566ED
:106B500067454647003031323334353637383941AE
:106B600042434445460030313233343536373839C4
:086B70006162636465660000C8
:086B7800E4A5FE7F010000000E
:086B800065010008E5E10008D1
:046B880041010008BF
:106B8C00D03A01081431002001000000103B01082C
:106B9C009B03002001000000173B01087806002031
:106BAC0005000000213B01089604002001000000B4
:106BBC00003E01089504002001000000313B010853
:106BCC009704002001000000393B0108C603002097
:106BDC0001000000423B0108C70300200100000037
:106BEC004B3B0108C803002001000000583B010882
:106BFC00C903002001000000653B0108CA03002006
:106C0C0001000000713B0108CB03002001000000D3
:106C1C007C3B0108CC03002001000000883B0108EC
:106C2C00CD03002001000000943B0108D00300209C
:106C3C0001000000A13B0108CE0300200100000070
:106C4C00AE3B0108D103002001000000BF3B01084E
:106C5C00D203002001000000D03B0108CF0300202C
:106C6C0001000000DF3B0108A2030020010000002E
:106C7C00E93B0108A303002001000000F23B0108DE
:106C8C00A403002001000000FF3B0108A503002025
:106C9C00010000000B3C0108A703002001000000CC
:106CAC00173C0108B003002001000000283C01083B
:106CBC00A803002001000000343C0108A9030020B7
:106CCC0001000000403C0108B1030020010000005D
:106CDC00503C0108AA03002001000000613C01089F
:106CEC00AC03002001000000723C0108A603002048
:106CFC0001000000833C0108AE03002001000000ED
:106D0C00923C0108AF030020010000009F3C0108E9
:106D1C00B603002002000000AE3C0108B7030020BF
:106D2C0002000000B83C0108B8030020020000007B
:106D3C00C23C0108B903002002000000CC3C010851
:106D4C00BA03002002000000D63C0108BB0300205F
:106D5C0002000000E03C0108BC030020020000001F
:106D6C00EA3C0108BD03002002000000F43C0108CD
:106D7C00BE03002002000000FE3C0108BF030020FF
:106D8C0002000000083D0108C003002002000000C2
:106D9C00133D0108C1030020020000001E3D010844
:106DAC00C203002001000000293D0108C30300209C
:106DBC0001000000343D0108C40300200100000064
:106DCC003F3D0108C5030020010000004A3D0108B9
:106DDC00FFFF00002D260008CD2F0008103A0108F7
:106DEC00403A0108A03A0108703A010800093D0038
:106DFC0001000000100000000000803F6042A20D66
:106E0C0000000000030000009C4200200000000075
:106E1C009C420020044300206C4300200000000032
:106E2C000000000000000000000000000000000056
:106E3C000000000000000000000000000000000046
:106E4C000000000000000000000000000000000036
:0C6E5C0000000000000000008C0200207C
:040000050800E539D1
:00000001FF
