:020000040800F2
:10000000000001208DE00008C3DF0008C5DF000804
:10001000C7DF0008C9DF0008CBDF000800000000D0
:10002000000000000000000000000000CDDF00081C
:10003000CFDF000800000000D1DF0008D3DF000898
:10004000DDE00008DDE00008DDE00008DDE000089C
:10005000DDE00008DDE00008DDE00008DDE000088C
:10006000DDE00008DDE00008DDE00008DDE000087C
:10007000DDE00008DDE00008DDE00008DDE000086C
:10008000DDE00008DDE00008DDE00008DDE000085C
:1000900000000000DDE00008DDE00008DDE0000811
:1000A000DDE00008DDE00008DDE00008DDE000083C
:1000B000213E0008DDE00008DDE00008DDE000088A
:1000C000DDE00008DDE00008DDE00008DDE000081C
:1000D0007D3A0008B1670008DDE00008DDE00008B7
:1000E000DDE0000821BF0008DDE00008DDE00008D9
:1000F000DDE000080000000000000000DDE0000876
:10010000DDE00008DDE00008B5BE0008DDE0000825
:10011000DDE00008DDE00008DDE00008DDE00008CB
:10012000DDE00008DDE00008DDE00008DDE00008BB
:08013000DDE00008DDE000083D
:1001400010B5054C237833B9044B13B10448AFF311
:1001500000800123237010BDE00200200000000099
:10016000FC23010808B5034B1BB103490348AFF357
:10017000008008BD00000000E4020020FC2301080C
:1001800010F8012B11F8013B012A28BF9A42F7D041
:10019000D01A7047034613F8012B002AFBD1181A16
:1001A000013870470000000000000000000000005F
:1001B00001F0FF01102A2BDB10F0070F08D010F818
:1001C000013B013A8B422DD010F0070F42B3F6D11C
:1001D000F0B441EA012141EA014122F007047FF035
:1001E00000070023F0E80256083C85EA010586EA8C
:1001F000010685FA47F5A3FA87F586FA47F6A5FAC8
:1002000087F68EB9EED1F0BC01F0FF0102F00702D3
:1002100032B110F8013B013A83EA010313B1F8D17E
:100220000020704701387047002D06BF354603385F
:10023000073815F0010F07D1013015F4807F02BF98
:10024000013015F4C03F0130F0BC0138704700BFE9
:1002500081F0004102E000BF83F0004330B54FEA77
:1002600041044FEA430594EA050F08BF90EA020FE4
:100270001FBF54EA000C55EA020C7FEA645C7FEA77
:10028000655C00F0E2804FEA5454D4EB5555B8BF9A
:100290006D420CDD2C4480EA020281EA030382EA0B
:1002A000000083EA010180EA020281EA0303362D9D
:1002B00088BF30BD11F0004F4FEA01314FF4801C70
:1002C0004CEA113102D0404261EB410113F0004F82
:1002D0004FEA03334CEA133302D0524263EB430339
:1002E00094EA050F00F0A780A4F10104D5F1200ED7
:1002F0000DDB02FA0EFC22FA05F2801841F1000132
:1003000003FA0EF2801843FA05F359410EE0A5F105
:1003100020050EF1200E012A03FA0EFC28BF4CF036
:10032000020C43FA05F3C01851EBE37101F00045EC
:1003300007D54FF0000EDCF1000C7EEB00006EEBF9
:100340000101B1F5801F1BD3B1F5001F0CD3490883
:100350005FEA30004FEA3C0C04F101044FEA4452DA
:1003600012F5800F80F09A80BCF1004F08BF5FEA61
:10037000500C50F1000041EB045141EA050130BD41
:100380005FEA4C0C404141EB0101013C28BFB1F553
:10039000801FE9D291F0000F04BF01460020B1FA9E
:1003A00081F308BF2033A3F10B03B3F120020CDA71
:1003B0000C3208DD02F1140CC2F10C0201FA0CF04F
:1003C00021FA02F10CE002F11402D8BFC2F1200CB4
:1003D00001FA02F120FA0CFCDCBF41EA0C0190406A
:1003E000E41AA2BF01EB0451294330BD6FEA0404B3
:1003F0001F3C1CDA0C340EDC04F11404C4F120029E
:1004000020FA04F001FA02F340EA030021FA04F3AF
:1004100045EA030130BDC4F10C04C4F1200220FA06
:1004200002F001FA04F340EA0300294630BD21FA44
:1004300004F0294630BD94F0000F83F4801306BF0A
:1004400081F480110134013D4EE77FEA645C18BFFE
:100450007FEA655C29D094EA050F08BF90EA020F95
:1004600005D054EA000C04BF1946104630BD91EA8D
:10047000030F1EBF0021002030BD5FEA545C05D190
:100480004000494128BF41F0004130BD14F58004CF
:100490003CBF01F5801130BD01F0004545F0FE4143
:1004A00041F470014FF0000030BD7FEA645C1ABF78
:1004B000194610467FEA655C1CBF0B46024650EAAF
:1004C000013406BF52EA033591EA030F41F40021DB
:1004D00030BD00BF90F0000F04BF0021704730B561
:1004E0004FF4806404F132044FF000054FF0000136
:1004F00050E700BF90F0000F04BF0021704730B5F7
:100500004FF4806404F1320410F0004548BF4042CB
:100510004FF000013EE700BF42004FEAE2014FEA20
:1005200031014FEA02701FBF12F07F4393F07F4FFB
:1005300081F06051704732F07F4208BF704793F0FE
:100540007F4F04BF41F40021704730B54FF4607411
:1005500001F0004521F000411CE700BF50EA010214
:1005600008BF704730B54FF000050AE050EA0102BD
:1005700008BF704730B511F0004502D5404261EB2D
:1005800041014FF4806404F132045FEA915C3FF46E
:10059000D8AE4FF003025FEADC0C18BF03325FEA0B
:1005A000DC0C18BF033202EBDC02C2F1200300FABC
:1005B00003FC20FA02F001FA03FE40EA0E0021FAE1
:1005C00002F11444BDE600BF70B54FF0FF0C4CF4CF
:1005D000E06C1CEA11541DBF1CEA135594EA0C0F81
:1005E00095EA0C0F00F0DEF82C4481EA030621EABC
:1005F0004C5123EA4C5350EA013518BF52EA0335F7
:1006000041F4801143F4801338D0A0FB02CE4FF0A8
:100610000005E1FB02E506F00042E0FB03E54FF0D8
:100620000006E1FB03569CF0000F18BF4EF0010ED0
:10063000A4F1FF04B6F5007F64F5407404D25FEACC
:100640004E0E6D4146EB060642EAC62141EA55517F
:100650004FEAC52040EA5E504FEACE2EB4F1FD0CC1
:1006600088BFBCF5E06F1ED8BEF1004F08BF5FEA3F
:10067000500E50F1000041EB045170BD06F00046F1
:1006800046EA010140EA020081EA0301B4EB5C049E
:10069000C2BFD4EB0C0541EA045170BD41F4801196
:1006A0004FF0000E013C00F3AB8014F1360FDEBFBB
:1006B000002001F0004170BDC4F10004203C35DA97
:1006C0000C341BDC04F11404C4F1200500FA05F31A
:1006D00020FA04F001FA05F240EA020001F00042BB
:1006E00021F0004110EBD37021FA04F642EB060131
:1006F0005EEA430E08BF20EAD37070BDC4F10C045B
:10070000C4F1200500FA04F320FA05F001FA04F21E
:1007100040EA020001F0004110EBD37041F100010A
:100720005EEA430E08BF20EAD37070BDC4F1200515
:1007300000FA05F24EEA020E20FA04F301FA05F27D
:1007400043EA020321FA04F001F0004121FA04F225
:1007500020EA020000EBD3705EEA430E08BF20EAF5
:10076000D37070BD94F0000F0FD101F0004640002F
:1007700041EB010111F4801F08BF013CF7D041EAB1
:10078000060195F0000F18BF704703F000465200B5
:1007900043EB030313F4801F08BF013DF7D043EA86
:1007A0000603704794EA0C0F0CEA135518BF95EA3C
:1007B0000C0F0CD050EA410618BF52EA4306D1D1C3
:1007C00081EA030101F000414FF0000070BD50EAE2
:1007D000410606BF1046194652EA430619D094EA6C
:1007E0000C0F02D150EA013613D195EA0C0F05D156
:1007F00052EA03361CBF104619460AD181EA0301AA
:1008000001F0004141F0FE4141F470014FF0000061
:1008100070BD41F0FE4141F4780170BD70B54FF0FC
:10082000FF0C4CF4E06C1CEA11541DBF1CEA13557C
:1008300094EA0C0F95EA0C0F00F0A7F8A4EB05045E
:1008400081EA030E52EA03354FEA013100F0888055
:100850004FEA03334FF0805545EA131343EA12631E
:100860004FEA022245EA111545EA10654FEA0026D3
:100870000EF000419D4208BF964244F1FD0404F58C
:10088000407402D25B084FEA3202B61A65EB0305E8
:100890005B084FEA32024FF480104FF4002CB6EBA5
:1008A000020E75EB030E22BFB61A754640EA0C0025
:1008B0005B084FEA3202B6EB020E75EB030E22BF65
:1008C000B61A754640EA5C005B084FEA3202B6EBA6
:1008D000020E75EB030E22BFB61A754640EA9C0065
:1008E0005B084FEA3202B6EB020E75EB030E22BF35
:1008F000B61A754640EADC0055EA060E18D04FEAF3
:10090000051545EA16754FEA06164FEAC30343EA92
:1009100052734FEAC2025FEA1C1CC0D111F4801F5F
:100920000BD141EA00014FF000004FF0004CB6E758
:1009300011F4801F04BF01430020B4F1FD0C88BFF7
:10094000BCF5E06F3FF6AFAEB5EB030C04BFB6EB02
:10095000020C5FEA500C50F1000041EB045170BDF5
:100960000EF0004E4EEA113114EB5C04C2BFD4EB22
:100970000C0541EA045170BD41F480114FF0000EA6
:10098000013C90E645EA060E8DE60CEA135594EA22
:100990000C0F08BF95EA0C0F3FF43BAF94EA0C0F25
:1009A0000AD150EA01347FF434AF95EA0C0F7FF49A
:1009B00025AF104619462CE795EA0C0F06D152EAEE
:1009C00003353FF4FDAE1046194622E750EA4106D2
:1009D00018BF52EA43067FF4C5AE50EA41047FF4E3
:1009E0000DAF52EA43057FF4EBAE12E74A0011D295
:1009F00012F5001211D20DD56FF47873B3EB625279
:100A00000ED44FEAC12343F0004343EA505323FA84
:100A100002F070474FF00000704750EA013002D1F9
:100A20004FF0FF3070474FF00000704780F00040FB
:100A300002E000BF81F0004142001FBF5FEA4103B6
:100A400092EA030F7FEA226C7FEA236C6AD04FEAB6
:100A50001262D2EB1363C1BFD218414048404140FB
:100A6000B8BF5B42192B88BF704710F0004F40F4AD
:100A7000000020F07F4018BF404211F0004F41F4C9
:100A8000000121F07F4118BF494292EA030F3FD095
:100A9000A2F1010241FA03FC10EB0C00C3F12003A8
:100AA00001FA03F100F0004302D5494260EB400037
:100AB000B0F5000F13D3B0F1807F06D340084FEAA2
:100AC000310102F10102FE2A51D2B1F1004F40EB97
:100AD000C25008BF20F0010040EA030070474900FF
:100AE00040EB0000013A28BFB0F5000FEDD2B0FA9C
:100AF00080FCACF1080CB2EB0C0200FA0CF0AABFBF
:100B000000EBC25052421843BCBFD040184370475C
:100B100092F0000F81F4000106BF80F40000013262
:100B2000013BB5E74FEA41037FEA226C18BF7FEA39
:100B3000236C21D092EA030F04D092F0000F08BF7B
:100B40000846704790EA010F1CBF0020704712F062
:100B50007F4F04D1400028BF40F00040704712F1A1
:100B600000723CBF00F50000704700F0004343F006
:100B7000FE4040F4000070477FEA226216BF08463C
:100B80007FEA23630146420206BF5FEA412390EAFF
:100B9000010F40F4800070474FF0000304E000BFF5
:100BA00010F0004348BF40425FEA000C08BF7047A6
:100BB00043F0964301464FF000001CE050EA01026A
:100BC00008BF70474FF000030AE000BF50EA01027F
:100BD00008BF704711F0004302D5404261EB41016C
:100BE0005FEA010C02BF84460146002043F0B64391
:100BF00008BFA3F18053A3F50003BCFA8CF2083AB6
:100C0000A3EBC25310DB01FA02FC634400FA02FCBE
:100C1000C2F12002BCF1004F20FA02F243EB0200C5
:100C200008BF20F00100704702F1200201FA02FC27
:100C3000C2F1200250EA4C0021FA02F243EB02001A
:100C400008BF20EADC7070474FF0FF0C1CEAD0525E
:100C50001EBF1CEAD15392EA0C0F93EA0C0F6FD01F
:100C60001A4480EA010C400218BF5FEA41211ED0FD
:100C70004FF0006343EA501043EA5111A0FB0131E9
:100C80000CF00040B1F5000F3EBF490041EAD371BE
:100C90005B0040EA010062F17F02FD2A1DD8B3F13A
:100CA000004F40EBC25008BF20F00100704790F0A9
:100CB000000F0CF0004C08BF49024CEA502040EAFB
:100CC00051207F3AC2BFD2F1FF0340EAC2507047C1
:100CD00040F400004FF00003013A5DDC12F1190FFF
:100CE000DCBF00F000407047C2F10002410021FA71
:100CF00002F1C2F1200200FA02FC5FEA310040F189
:100D0000000053EA4C0308BF20EADC70704792F001
:100D1000000F00F0004C02BF400010F4000F013A39
:100D2000F9D040EA0C0093F0000F01F0004C02BF34
:100D3000490011F4000F013BF9D041EA0C018FE7A3
:100D40000CEAD15392EA0C0F18BF93EA0C0F0AD0A9
:100D500030F0004C18BF31F0004CD8D180EA0100CF
:100D600000F00040704790F0000F17BF90F0004F68
:100D7000084691F0000F91F0004F14D092EA0C0F4A
:100D800001D142020FD193EA0C0F03D14B0218BFDD
:100D9000084608D180EA010000F0004040F0FE4023
:100DA00040F40000704740F0FE4040F440007047BF
:100DB0004FF0FF0C1CEAD0521EBF1CEAD15392EA3E
:100DC0000C0F93EA0C0F69D0A2EB030280EA010C2E
:100DD00049024FEA402037D04FF0805343EA1111C7
:100DE00043EA10130CF000408B4238BF5B0042F125
:100DF0007D024FF4000C8B4224BF5B1A40EA0C00CA
:100E0000B3EB510F24BFA3EB510340EA5C00B3EBFB
:100E1000910F24BFA3EB910340EA9C00B3EBD10FE9
:100E200024BFA3EBD10340EADC001B0118BF5FEA3B
:100E30001C1CE0D1FD2A3FF650AF8B4240EBC25064
:100E400008BF20F0010070470CF0004C4CEA502025
:100E50007F32C2BFD2F1FF0340EAC250704740F474
:100E600000004FF00003013A37E792F0000F00F066
:100E7000004C02BF400010F4000F013AF9D040EAE4
:100E80000C0093F0000F01F0004C02BF490011F478
:100E9000000F013BF9D041EA0C0195E70CEAD15370
:100EA00092EA0C0F08D142027FF47DAF93EA0C0F57
:100EB0007FF470AF084676E793EA0C0F04D14B023B
:100EC0003FF44CAF08466EE730F0004C18BF31F0ED
:100ED000004CCAD130F000427FF45CAF31F00043E7
:100EE0007FF43CAF5FE700BF4FF0FF3C06E000BF80
:100EF0004FF0010C02E000BF4FF0010C4DF804CDA3
:100F00004FEA40024FEA41037FEA226C18BF7FEAB2
:100F1000236C11D001B052EA530C18BF90EA010FB4
:100F200058BFB2EB030088BFC81738BF6FEAE17043
:100F300018BF40F0010070477FEA226C02D15FEADF
:100F4000402C05D17FEA236CE4D15FEA412CE1D04B
:100F50005DF8040B704700BF844608466146FFE712
:100F60000FB5FFF7C9FF002848BF10F1000F0FBDF4
:100F70004DF808EDFFF7F4FF0CBF012000205DF8ED
:100F800008FB00BF4DF808EDFFF7EAFF34BF012072
:100F900000205DF808FB00BF4DF808EDFFF7E0FF0B
:100FA00094BF012000205DF808FB00BF4DF808ED5C
:100FB000FFF7D2FF94BF012000205DF808FB00BFBF
:100FC0004DF808EDFFF7C8FF34BF012000205DF8A1
:100FD00008FB00BF4FEA40024FEA41037FEA226C60
:100FE00002D15FEA402C08D17FEA236C02D15FEA8C
:100FF000412C02D14FF0000070474FF001007047C4
:101000004FEA4002B2F1FE4F0FD34FF09E03B3EB15
:1010100012620DD94FEA002343F0004310F0004F55
:1010200023FA02F018BF404270474FF000007047AB
:1010300012F1610F01D1420205D110F0004008BF4A
:101040006FF0004070474FF00000704742000ED232
:10105000B2F1FE4F0BD34FF09E03B3EB126209D4F3
:101060004FEA002343F0004323FA02F070474FF0A9
:101070000000704712F1610F01D1420202D14FF01E
:10108000FF3070474FF00000704700BF7BB972B966
:101090000029BEBF00204FF0004106E008BF002835
:1010A0001CBF6FF000414FF0FF3000F0BBB9ADF155
:1010B000080C6DE904CE002909DB002B1ADB00F0D7
:1010C0004DF8DDF804E0DDE9022304B0704740424A
:1010D00061EB4101002B1BDB00F040F8DDF804E080
:1010E000DDE9022304B0404261EB4101524263EB6F
:1010F00043037047524263EB430300F02FF8DDF8DF
:1011000004E0DDE9022304B0404261EB4101704795
:10111000524263EB430300F021F8DDF804E0DDE91F
:10112000022304B0524263EB4303704753B94AB9F8
:10113000002908BF00281CBF4FF0FF314FF0FF30DF
:1011400000F070B9ADF1080C6DE904CE00F006F8BE
:10115000DDF804E0DDE9022304B070472DE9F04733
:10116000089E0D4604460F46002B4AD18A429446FB
:1011700065D9B2FA82F343B102FA03FCC3F120024B
:101180009F4020FA02F217439C404FEA1C4E1FFA80
:101190008CF5B7FBFEF1220C0EFB117742EA0742F9
:1011A00001FB05F090420AD91CEB020201F1FF3766
:1011B00080F01B81904240F2188102396244121A79
:1011C000A4B2B2FBFEF00EFB102244EA024400FB84
:1011D00005F5A5420AD91CEB040400F1FF3280F0AA
:1011E0000681A54240F203816444023840EA01408E
:1011F000641B00211EB1DC400023C6E90043BDE8AA
:10120000F0878B4208D9002E00F0EC800021C6E95F
:1012100000050846BDE8F087B3FA83F1002949D1FB
:10122000AB4202D3824200F2F780841A65EB0302DC
:1012300001201746002EE2D0C6E90047DFE702B9D9
:10124000FFDEB2FA82F3002B40F08F808A1A4FEA59
:101250001C471FFA8CFE0121B2FBF7F507FB152096
:10126000220C42EA00420EFB05F0904208D91CEB2A
:10127000020205F1FF3802D2904200F2CA804546D0
:10128000121AA4B2B2FBF7F007FB102244EA0244A0
:101290000EFB00FEA64508D91CEB040400F1FF324A
:1012A00002D2A64500F2BA801046A4EB0E0440EA32
:1012B00005409FE7C1F120078B4022FA07FC4CEA6A
:1012C000030C05FA01F420FA07F3FD40234300FA6A
:1012D00001F94FEA1C401FFA8CFEB5FBF0F81C0C1C
:1012E00000FB185544EA054408FB0EF5A54202FA36
:1012F00001F20BD91CEB040408F1FF3A80F087805F
:10130000A54240F28480A8F102086444641B9DB2A7
:10131000B4FBF0F300FB134445EA044403FB0EFE68
:10132000A64508D91CEB040403F1FF306BD2A64597
:1013300069D9023B644443EA0840A0FB0283A4EB62
:101340000E049C42C6461D4655D352D056B1B9EB49
:101350000E0364EB050404FA07F7CB40CC401F43AF
:10136000C6E900740021BDE8F087C3F1200102FA4C
:1013700003FC20FA01F225FA01F19D402A434FEACD
:101380001C471FFA8CFEB1FBF7F007FB1015110C80
:1013900041EA054100FB0EF58D4204FA03F408D939
:1013A0001CEB010100F1FF382FD28D422DD90238FC
:1013B0006144491B92B2B1FBF7F507FB151142EAF4
:1013C000014205FB0EF1914208D91CEB020205F126
:1013D000FF3816D2914214D9023D6244521A45EAAE
:1013E000004139E73146304609E73946E7E610461D
:1013F000FCE6C145AAD2B8EB020E63EB0C0501383E
:10140000A4E74546EAE7034695E74046D1E7D046DC
:101410007CE7023D624433E708460BE76444023848
:1014200043E700BF704700BF002242708270012274
:10143000C270B1FA81F102224909027103220170DE
:101440004271704743788B421FD0012941700AD006
:10145000022910D0C1B90123C37081700223037126
:10146000032343717047037843B101238370022340
:10147000C3700023F3E70378002BF6D002238370B8
:101480000023C3700123EAE7FEE7704782B00B88B0
:10149000ADF800304B88ADF802308B88ADF80430E1
:1014A000CB88ADF806300239431C053013F8012F04
:1014B0000DF1080C0CEB4202834232F8082C21F8A3
:1014C000022FF3D102B0704710B50C461146FFF75A
:1014D000B9FF2146BDE81040FFF7D8BF0B4B10B550
:1014E0004FF07F32C0E923234FF47F43A0F89430BC
:1014F000FF23044680F89630983000F055FD002315
:1015000084F8A43084F8A83010BD00BFFFFF7F002E
:1015100070B51146154604461E4600F0AEFC29463D
:1015200004F1140000F0A9FC294604F1280000F0A1
:10153000A4FC294604F13C0000F09FFC294604F17C
:10154000500000F09AFC294604F1640000F095FC7C
:10155000294604F1780000F090FC4FF4FA7332460B
:101560004FF4FA6104F1980000F004FD2046FFF703
:10157000B5FF002384F8A5304FF47F43A4F8A630CC
:1015800070BD022380F8A8307047704700F07CBC23
:10159000143000F079BC08B5503000F07FFC2921F0
:1015A00000F114030246B3FBF1F313F0FF0002D184
:1015B000101E18BF012008BD08B5643000F06EFC95
:1015C000292100F114030246B3FBF1F313F0FF00ED
:1015D00002D1101E18BF012008BD90F8903013B939
:1015E00090F98C00704790F98D00704790F890301A
:1015F00013B990F98E00704790F98F00704710B5BD
:1016000004460AF0B9FD50B194F8A83043B904F18A
:101610003C0000F03DFC012838BF0120C0B210BDE5
:101620006420FCE790F8A83013B990F89300704755
:1016300064207047783000F033BC783000F038BC5C
:1016400010B5044600F0FAFB04F1140000F0F6FBBC
:1016500004F1280000F0F2FB04F13C0000F0EEFB86
:1016600004F1500000F0F6FB04F1640000F0F2FB1E
:1016700004F1780000F0F4FB94F8A83013B1013BBA
:1016800084F8A83010BD7F2807D0002807DA10F1B1
:10169000800F06D04042C0B2704700207047012042
:1016A00070477F20704710B1404240B270477F20A2
:1016B00070477F280FD010F1310F0EDA10F1780F3C
:1016C0000DDB7830FE2340B2584323304623B0FB75
:1016D000F3F0C0B27047FF207047FE207047002033
:1016E0007047012805DD40F2FE73984203DC80B2AA
:1016F00070470120704740F2FF707047A0F5787086
:10170000C0EBC02040F2AE7390FBF3F000F58060B8
:10171000FFF7E7BFFFF7F2BF032812DD0C2812DD49
:101720000F2812DD122812DD162812DD192812DD0D
:101730001C2812DD1F2812DD2128CCBFFF20062027
:101740007047002070470120704702207047082032
:10175000704703207047072070470420704705201A
:101760007047000005289ABF014B185CFF207047A6
:101770007824010805289ABF014B185CFF207047A8
:101780007E2401087F2803D0002803DAC0B2704706
:1017900000207047FF2070477F2811D010F1320FD2
:1017A00010DA884210DD401A6423C1F1FF2158434A
:1017B00001F57F01CE31313090FBF1F0C0B27047BE
:1017C000FF2070476420704700207047014B48405D
:1017D000185C70478424010852B110B4054C0A44C7
:1017E00011F8013B58408A42205CF9D110BC704787
:1017F000704700BF84240108392808D822280ED950
:10180000094B2338C0B2C34003F0010070475F2882
:1018100007D0613819288CBF0020012070470020B4
:1018200070470120704700BF01EC7F00F8B5024609
:10183000451E461D00245F2715F8010FFF2804BF31
:101840000134E4B2FFF7D8FF00B92F70AE42F3D1F4
:10185000062C04D119B10B6813608B889380002388
:101860009371F8BD2DE9F843DFF83490471E441D0D
:10187000012500264FF0280817F8011F08480FF02F
:101880001FFE034610B1A0EB0903DBB2A3FB053238
:101890009E19A742A5FB0853EED13046BDE8F88358
:1018A0008425010810B54179A1F13000C3B2092B9C
:1018B00007D80523B0FBF3F303EB8303C01AC0B2D0
:1018C00010BD044C20460FF0FBFD0028F1D0001B9A
:1018D000C0B2EEE784250108F0B5094B094F821D1F
:1018E0002826B1FBF3F4272C94BF3D5D302502F888
:1018F000015D824203FB1411B3FBF6F3F1D1F0BD9D
:1019000000801A068425010870B50446FEF742FCE3
:1019100002B20023551E18B2A84204FA83F104DA79
:10192000265C302E03F10103F5D0121A0132204655
:10193000BDE870400FF093BD2DE9F047432B28BF61
:10194000432396B00C46154600211A469846074692
:101950000FF09FFD0021412205A804910FF099FD91
:10196000DFF87C90DFF87CA004EB4505AC4210D199
:1019700004A8FEF70FFC28B100F158036B440022C5
:1019800003F8492C04A938460FF003FF16B0BDE850
:10199000F08734F9020B47F6FF739842E8D000282D
:1019A00012DC514668460FF0F4FE04A8FEF7F2FB85
:1019B00006466846FEF7EEFB0644B045D6D36946B8
:1019C00004A80FF06EFDD1E7694680B20DF00BFE62
:1019D0006846FFF799FF494668460FF062FDE4E765
:1019E000712401086C240108F0B589B06D4600240B
:1019F0002F468E1CE1B28A4204D83946FFF79CFF7D
:101A000009B0F0BD36F8241025F8021B0134F1E7C7
:101A100042F210736421B0FBF3F203FB1200B0FB3F
:101A2000F1F301FB130000EB023000EB831080B2F6
:101A30007047020B00F03F0342F2107101FB0233CA
:101A4000C0F38510642202FB003070472DE9F0419D
:101A500042F2107388B0B1FBF3F603FB16141F4972
:101A6000DFF87C8005460FF094FE6946F0B20DF079
:101A700097FD6846FFF748FF694628460FF011FDBD
:101A8000414628460FF00DFD64276946B4FBF7F682
:101A9000F0B20DF085FD6846FFF736FF694628462F
:101AA0000FF0FFFC07FB1644414628460FF0F9FCF7
:101AB0006946E0B20DF074FD9DF801308DF80030FC
:101AC0009DF802308DF801306946002328468DF8D4
:101AD00002300FF0E6FC08B0BDE8F081B63701082F
:101AE0007624010870B50E460021054614460FF015
:101AF000D0FC00239AB2944200D870BDF25C002A58
:101B0000FBD0EA540133F5E770B50E4614460021C8
:101B1000013205460FF0BDFC00239AB2944200D872
:101B200070BDF25C002AFBD0EA540133F5E730B512
:101B30000023044698B2904201D3012005E0E55C01
:101B4000C85C1DB9B0FA80F0400930BD0028FCD057
:101B5000854203F10103EDD00020F6E7914206D162
:101B60009DF900008342CCBF00200120704702296C
:101B700009D0022A05D0012905D0531E58425841E8
:101B8000704701207047002070477D23438043F257
:101B9000390309B2C360002301808180C3800372CE
:101BA00070470000C2680449044B01FB023323F074
:101BB0000043C360980F7047FD430300C39E260097
:101BC00010B50129044680791AD8042801D80130BB
:101BD000A071012AE07917D8042801D80130E071FA
:101BE00091424AD8914245D3012930D1012A2ED1C0
:101BF000A279E3799A4228D322D96FF07C0310E0CE
:101C00000028E6D00138E3E708B10138E071022985
:101C1000E6D1022AE6D19DF9082093420BDDB4F902
:101C2000003062881A4412B27C2A28DD7D2262804C
:101C30000022227227E01BDA23885B421BB2F0E706
:101C40002046FFF7AFFF0028D7D07D23E9E7B4F99E
:101C50000400B4F900302288B4F90210002804DB33
:101C60007C29DEDD524213B2DBE77C31D9DBF9E7B8
:101C70000023D6E76FF04A03D3E74B23D1E712F1F5
:101C80007C0F02DB6280A38010BD4FF683726280FE
:101C90000122CEE702680449044B01FB023323F022
:101CA00000430360180C7047FD430300C39E2600E9
:101CB000F0B5002597B0016085800446562229467C
:101CC00068460FF0E6FB0126627CAA4209D8002391
:101CD000802104F1B400237417B0BDE8F0400FF088
:101CE000D8BB2046FFF7D6FFE7797B1B002190FB8E
:101CF000F3F202FB1300C0B2EC460A46CBB29F429D
:101D00001DD80023227B9A42DED0A279033A012A11
:101D100004EB050105D925B191F91120D2B9012BA8
:101D2000D2D98B74A26852F82310583304EB850281
:101D30006B440135516303F8586CEDB2C4E71CF8ED
:101D400001EBBEF1000F03D18242DBD00132D2B2EF
:101D50000131D3E7501E8342E3DB01329342E0DCE2
:101D6000B2E72DE9F047154696B0013D01600271DA
:101D700004464371EDB25622002168460FF089FBFC
:101D80000027022D84BF4FF0010900253E464FF089
:101D9000010A94F807809CBF4FF00309B8FBF9F8DB
:101DA000627CB24209D80023802104F1B40023747C
:101DB00016B0BDE8F0470FF06CBB2046FFF76AFF96
:101DC000A8EB0603002190FBF3F202FB1300C0B264
:101DD000EC460A46CBB2984506D91CF801EBBEF199
:101DE000000F22D182421ED1434528BF4346227BA9
:101DF00003FB095101F0FF018A42D1D016B1B7B9F6
:101E0000012BCDD9A2191F469174A26852F8211056
:101E100004EB86020136516303F158026A44F6B2BC
:101E200002F858ACBCE70132D2B20131D2E77A1ED7
:101E30009342E7DB7A1C9342E4DCB1E7D0E901236B
:101E40006421D31AC36082604B43418AB3FBF1F330
:101E500003747047D0E90123D31AC0E90223704705
:101E600043682BB1C26864214A43B2FBF3F2D3B298
:101E700003740023C360436070470023C0E902334A
:101E80004182436003747047436801334360704785
:101E9000007C704743680B4443607047C0687047DC
:101EA00011B1C3680133C3604368013343607047B5
:101EB000007C7047072800D9FEE7014B185C70478B
:101EC000D425010800230380837080F829307047EF
:101ED0000346007810B100221A707047587810B18C
:101EE00000225A707047987810B100229A7070479B
:101EF00093F8290010B1002283F82920704701705F
:101F00007047017070478170704781704260704700
:101F10004068704708307047002343600381704772
:101F20000A2310B50446838001F03EFF2368E08059
:101F30009B6820469847208110BD038970B50446F0
:101F40009BB1858845B1013DADB285806DB903680F
:101F50001B68BDE87040184701F026FFE388C01AEF
:101F6000238980B2834201D2258170BD2368204637
:101F70005B68EEE72DE9F041044610461D46164623
:101F80008846FEF709FE074606EB0800FEF704FE4A
:101F900001463846FEF70CFF656020602846FEF7D4
:101FA000FFFDA060BDE8F08110B504464068FEF773
:101FB000F7FDA06010BD000010B50229044680EABC
:101FC000E070A0EBE47068D15AB9002CACBF7F235D
:101FD0003F239842A8BF1846002C01DA40F0400089
:101FE00010BD012A1AD1632805DC4000002CF7DA65
:101FF00040F48070F4E740F2F54398420CDCFEF7C1
:10200000CBFD5749FEF720FE0DF0FAFFFFF71EF853
:10201000400040F00100E9E7FF20E7E7022A40F036
:102020009C80632805DC8000002CD9DA40F4007025
:10203000D6E7B0F57A7F0CDAFEF7AEFD4849FEF739
:1020400003FE0DF0DDFFFFF701F8800040F0010016
:10205000EAE742F20F7398420CD8FEF79DFD414922
:10206000FEF7F2FD0DF0CCFFFEF7F0FF800040F030
:102070000200D9E73C4B98420CD8FEF78DFD3B4956
:10208000FEF7E2FD0DF0BCFFFEF7E0FF800040F040
:102090000300C9E740F2FF10C6E703295DD1012A1A
:1020A0001BD1B0F57A7F05DA4000002C98DA40F4B5
:1020B000006095E7B0F5205F0CDAFEF76DFD28496A
:1020C000FEF7C2FD0DF09CFFFEF7C0FF400040F0A0
:1020D0000100EAE740F2FF70E7E7022A3DD1B0F5E0
:1020E0007A7F06DA8000002CBFF67AAF40F4805089
:1020F00076E742F20F7398420CDCFEF74DFD18496B
:10210000FEF7A2FD0DF07CFFFEF7A0FF800040F07F
:102110000100E8E7164B98420CD8FEF73DFD114947
:10212000FEF792FD0DF06CFFFEF790FF800040F08F
:102130000200D8E7B0F57A2F0CD2FEF72DFD0B493F
:10214000FEF782FD0DF05CFFFEF780FF800040F09F
:102150000300C8E740F6FF70C5E7002040E700BF76
:10216000CDCCCC3D0AD7233C17F001006F12833A47
:102170009F860100002303607047000038B5084BBC
:1021800009291B7828BF09218B4204460D4602D13C
:102190000023036038BD01F0FBFD25712060F9E7E5
:1021A000FC020020036810B504460BB9002010BDE6
:1021B00001F0EEFD2368C01A40F2EE239842F5D9F3
:1021C0000023054A2360127823799A42EED0034A0D
:1021D0000120D377EBE700BFFC0200207C03002046
:1021E000FF23437100230171837103818372704760
:1021F00038B5037904460D465BB14179A94208D050
:1022000041B101290AD00023A371657155B1012D97
:102210000FD038BD03689B689847F4E70368002136
:10222000DB68F9E723689B68012120469847A07185
:10223000EFE723682946DB68F7E72DE9F04F077CD5
:10224000C37B857CC67C90F815E090F8208090F8E0
:102250000EC0BF000C4647EA931703F03F01437CD2
:1022600003F0010247EA822705F00F02D20142EA99
:10227000530206F07F031B0143EA1513057D89B065
:102280006D0045EAD6150EF00306059345EA462390
:10229000867D009306F01F05AD0145EA9E03C57DCE
:1022A00090F819E00193ED0045EA5613057E02937C
:1022B0000EF0070645EA0623857E039305F03F06E8
:1022C000760146EADE03C67E90F81CE00493B60071
:1022D00046EA95160EF0010546EA8526457F0692E8
:1022E00005F00F0B4FEACB1B4BEA5E0B90F81EE09C
:1022F0000EF07F0A4FEA0A1A4AEA151AC57F6D00E6
:1023000045EADE1508F0030E45EA4E2590F821E077
:102310000EF01F094FEA891949EA9809490190F816
:102320002280407B41EADC010CF0070C40EA0C20E3
:102330004FEAC80848EA5E180791FFF7DFF90799E6
:1023400020800846FFF7DAF960803846FFF7D6F9B3
:10235000069AA0801046FFF7D1F9059BE080184649
:10236000FFF7CCF920810098FFF7C8F96081019848
:10237000FFF7C4F9A0810298FFF7C0F9E081039844
:10238000FFF7BCF920820498FFF7B8F96082304665
:10239000FFF7B4F9A0825846FFF7B0F9E082504643
:1023A000FFF7ACF920832846FFF7A8F96083484679
:1023B000FFF7A4F9A0834046FFF7A0F94FF480632C
:1023C000E0832384638409B0BDE8F08F2DE9F041F8
:1023D00004460F4601F0E8FC4FF00108054623686B
:1023E00020461B689847064650B9A37A012B1FD197
:1023F0002389ED1A40F6C4139D42C8BFA07217E0AE
:10240000236820465B689847A37AA3B90F2814D1A4
:10241000A4F80A80E37AE2180133DBB2182B1073B8
:10242000E3720AD939462046FFF707FF0023A3725B
:102430003046BDE8F081012BECD02581CFE78279D1
:1024400022B14379012B01D8FFF7C0BF00207047AC
:1024500070477047704700207047704700207047F2
:102460000020704770470020704700207047704779
:102470004FF0B04382B0DA6C0243DA64DB6C0340A5
:102480000193019B02B070474FF0B04382B09A6D48
:1024900002439A659B6D03400193019B02B0704714
:1024A0004FF0B04382B01A6E02431A661B6E0340AF
:1024B0000193019B02B0704750E8003F43F0800356
:1024C00040E80032002AF7D1704750E8003F23F07F
:1024D000200340E80032002AF7D1704750E8003F5F
:1024E00023F0400340E80032002AF7D1704750E85B
:1024F000003F23F0800340E80032002AF7D1704704
:102500000288044B5140C9B233F8113083EA1223D8
:1025100003807047C45501089AB110B4B0F800C0E8
:10252000084C0A4411F8013B83EA0C03DBB29142E8
:1025300034F8133083EA1C2CA0F800C0F2D110BC90
:1025400070477047C455010837B54FF6FF7304460E
:10255000ADF806304518AC4203D1BDF8060003B013
:1025600030BD14F8011B0DF10600FFF7C9FFF2E7BB
:102570001629A8BF16216FF008008142B8BF014696
:102580001170197070471629A8BF16216FF0080046
:102590008142B8BF0146117019707047044B18880A
:1025A000044B1B8880B29BB2C01A18BF0120704731
:1025B000763F0020743F0020044A00231380044A21
:1025C0001380044A1380044A13807047743F00202C
:1025D000763F0020784100207A410020002070479B
:1025E000704700000649074A0B8812880133C3F37D
:1025F000080392B29A421EBF034AD0540B80704720
:102600006E3500206C3500206C3300200023A0F8CC
:102610007032A0F86E3270470023A0F85C32A0F848
:102620005A3270473C4B5A6A037A92B263B183893B
:10263000D31A9BB2B3F5FA7F84BF00230372837A67
:102640004F2B84BF00230372037A8281082B0FD89B
:10265000DFE803F0050E0E0E0E0E0F1B2600EE290E
:1026600001D0C82904D10123837241750623037266
:1026700070473D299FBF837A5A1C1B1882728FBFF7
:102680000023597541720723F1E7827A531C0244F3
:10269000DBB283725175427A9A42E9D20823E6E7A7
:1026A000837A5A1C034482725975C37D162B04D158
:1026B000012380F865300923D9E74369174A03F0FD
:1026C000FF23934203D1012380F86730F3E7144AD4
:1026D00093421CD1837E102B19D1C37E022B08D0CC
:1026E000052B0DD0012BE6D1027EEE2A08BF80F823
:1026F0006A30037EEE2BDED1012380F86B30DAE7FF
:10270000012380F86830037F80F86930D3E7012324
:1027100080F86630CFE700BF0044014000C80028C1
:1027200000C80032044B1888044B1B8880B29BB24F
:10273000C01A18BF012070476E3500206C3500208C
:102740000278024B51405B5C03707047A84101085E
:10275000FF230370704700BF7047B0F86E32B0F8C7
:1027600070229B1A98B21B0444BF00F5006080B22F
:10277000003818BF01207047A0F11400EDE7B0F851
:102780007022B0F86E12914203461FBF81180132C9
:1027900091F87402B3F872121ABF0A40A3F87022BB
:1027A00000207047A0F11400E9E770B50B780370C2
:1027B0004B7843700B78FD2B05460C4638D18B784F
:1027C0008370CB78C3700B7903714B7943718B792C
:1027D00083718B68C3718B68C3F30F2303728B7A89
:1027E00043720A26627804F10C01A8190EF0D9FF91
:1027F0006378B4F80C213344981CEA545A1CB4F89A
:102800000C1192B2090AA954A278D20780B20ED54F
:1028100004F58872054404F58E7452F8041B45F8DB
:10282000041BA242F9D112782A700F3398B270BDFE
:1028300000238B700B7983704B79C3708B79037194
:102840008B6843710626CDE701F003039B0003F17B
:10285000804303F5803310B59C680A0C24EA1141CB
:1028600092FAA2F2B2FA82F202F00F02904008430A
:10287000986010BD38B54A78352A0D46044601F1F6
:102880000C010AD80EF08DFF68780021C0F13602E5
:102890002044BDE838400EF0FCBD403551F8043B03
:1028A00040F8043BA942F9D10B88038038BD38B504
:1028B0004A781B2A0C46054601F10C010AD80EF095
:1028C00070FF60780021C0F11C022844BDE8384048
:1028D0000EF0DFBD283451F8043B45F8043BA1421B
:1028E000F9D138BD38B54A78082A0D46044601F1B9
:1028F0000C010AD80EF055FF68780021C0F10902DA
:102900002044BDE838400EF0C4BDEB6803604B685E
:1029100043600B7A037238BD38B54A78072A0C46F3
:10292000054601F10C010AD80EF03BFF607800214A
:10293000C0F108022844BDE838400EF0AABDE368A3
:1029400003604B68436038BD08B52C220348002162
:102950000EF09FFD024B00221A7008BD200E0020D1
:10296000040600202DE9F0411378037092F80180ED
:1029700080F80180FD2B04460F46154654D193780C
:102980008370D378C370137903715379437193794A
:1029900083716B7A127A1B0403EB0223EA791344E6
:1029A00023F07F430A26A26863F31702A260A919E5
:1029B000424604F10C000EF0F4FE7A7B904507D2FB
:1029C00008F10C00A2EB0802002120440EF061FD8A
:1029D00063781E44AB195A78AB5D03EB0223A4F86D
:1029E0000C31A378DB070ED5023615FA86F304F511
:1029F000887203F10C0153F8040B42F8040B8B426C
:102A0000F9D11B781370BB7A84F82131FB7A84F8F2
:102A100022313B7B84F823317B7B84F824313B7863
:102A200084F82031BDE8F08100234380937803715E
:102A3000D37843711379837153790626B3E738B598
:102A40004A78132A0C46054601F10C010AD80EF00B
:102A5000A8FE60780021C0F114022844BDE8384087
:102A60000EF017BD203451F8043B45F8043BA14259
:102A7000F9D138BD2DE9F04F0C465188B1F58C7F66
:102A8000054685B04FF0000010D31070D91CC9B2B4
:102A9000012995BF01210023518053809CBF2370E1
:102AA00011700020287005B0BDE8F08F16780E2E4A
:102AB00000F2908001A757F826F000BF8D2A000889
:102AC000F92A0008212B00083F2B0008D52B00080D
:102AD000D52B0008D52B0008D52B0008D52B0008D6
:102AE000D52B0008D52B0008D52B0008D52B0008C6
:102AF000D52B0008512B0008481C508063542178C6
:102B0000FD299BB206D10C330A21D3809180022388
:102B10001370C6E708330621D38091800E23F7E7B0
:102B2000481C50806354D80742BFD1880D31D180F2
:102B30000020012B8CBF034603231370B2E7481C0F
:102B4000508000208342635414BF03460E23F4E7F1
:102B5000481C508063545388D1888B4232D3002361
:102B60005380137002232B7069802378FD2B37D19B
:102B700063792B72A3796B72637A227A1B0403EB5D
:102B80000223E27913446B60637803F10C026A80DC
:102B9000A278D10701D519336B8000266968DFF868
:102BA00000816E8140F285120C20B31801335B085E
:102BB00000FB03F758F80770B9421AD25A1EB24206
:102BC000F3D818E092889A423FF66BAF01232B703E
:102BD000002068E7107050809080D0802870F7E760
:102BE000E3782B7223796B7263796B6063780833B7
:102BF000D2E71E46E3D80C27774358F807309942AE
:102C000027D123782046FD2B10F801BF0CBF4FF0D1
:102C10000A094FF0060909EB0B03591E89B2474414
:102C20000193FFF791FC97F804A0ADF80E00514610
:102C30000DF10E00FFF764FC019BE218E35C527893
:102C400003EB0223BDF80E209BB29A4209D0052067
:102C500000E003202870023801288CBF00200120EA
:102C600021E7BB79DA0706D5FA79934582BF04EBF1
:102C700009018A5CAA729B0709D50C2303FB068312
:102C800062781B7A9A4282BF4C44E35CEB720C235D
:102C900003FB068385F80CA05B796B730220DAE7EF
:102CA000A8420108084B5B6A4FF0402202F580639E
:102CB00053E8003F43F0200302F5806040E8003114
:102CC0000029F3D1704700BF004400400A4A0B4B73
:102CD00012680B49A3FB02323220920C00FB02F275
:102CE000084B486802F5FA72A3FB023292094B685E
:102CF0001B1A9A42FBD870476C02002083DE1B43EC
:102D0000001000E0D34D621008B5FFF7DFFF024B63
:102D10004FF480529A6108BD00040048024B4FF402
:102D200080529A62FFF7D2BF0004004830B587B0E6
:102D3000034601AC00F1100518685968224603C229
:102D40000833AB421446F7D10024094D8DF81440E6
:102D5000A96801A8FDF714FA10B920B207B030BD78
:102D60000134312C05F10C05F2D14FF0FF30F5E7BD
:102D70000400002002780A4B90F801C08178D24309
:102D8000D2B29A5C82EA0C0290F803C09A5C4A4084
:102D9000995C027981EA0C01595C4A40985C704761
:102DA000A8410108028810B58488531C2340448838
:102DB0009C421EBF12189171038010BD411A88B247
:102DC0000B0444BF00F5007080B2704770B5104C22
:102DD0000025234626782EB166788E4202D1A67849
:102DE00096420BD001350C2D04F10404F2D10024DD
:102DF00013F824501DB101340C2CF9D170BD0125FC
:102E000003F8245003EB8403D87059709A70F5E7E7
:102E1000090600202DE9F8430B460D795A7A9E7A6F
:102E2000DF7A204B097A1B5CDB07044600D50DB91D
:102E3000FFF7CCFF00231C491A4898464FF0010EBB
:102E40009C4201F8018B25D02DB90278920702D55A
:102E500001F801EC1EE0154A4FF0000C92F80090CA
:102E6000B9F1000F0FD092F8039099450BD1002EC5
:102E7000EED092F80190B14505D1002FE8D092F83C
:102E80000290B945E4D00CF1010CBCF10C0F02F139
:102E90000402E3D10133DBB2042B00F10100CFD1F6
:102EA000BDE8F88339060020050600200906002049
:102EB00007B503688DF807101B6901220DF10701A2
:102EC000984703B05DF804FBF0B50546FD2305F80F
:102ED0000C3B85B004468DF8043090F8243103F1A2
:102EE0000C020244012B42D80026637066808DF8E4
:102EF00005308B7A23718DF808308B7AADF8066037
:102F000001338B7263798DF80930A3798DF80A301B
:102F1000A368C3F317031A128DF80B3009211B1491
:102F20000DF105008DF80D308DF80C20FFF70CFB2E
:102F30006778ADF802003A4629460DF10200FFF726
:102F4000EBFA94F82311FFF7DBFA94F82421BDF88B
:102F50000230A4F80C31974210D207F10C00D21BBA
:102F60003146204405B0BDE8F0400EF092BA12F8A8
:102F7000010D0028B8D1013BDBB2B3E705B0F0BDCD
:102F800070470000044AD2F8903023F40043C2F89E
:102F90009030FFF79BBE00BF0004005808B5FFF754
:102FA00095FE044AD2F8903043F40043C2F89030C2
:102FB00008BD00BF00040058074B084A5B6A02F5D1
:102FC000006353E8003F43F0200302F5006040E84F
:102FD00000310029F3D17047003801400030014032
:102FE00070B5044608460D46FDF7D4F8236882B252
:102FF000294620461B69BDE87040184708B5FFF711
:10300000EFFF08BDB0F1904F02D10120FFF730BAB9
:10301000084B984205D003F58063984203D1042001
:10302000F4E70220F2E7044B984201D18020EDE75B
:10303000704700BF00040048001C00480C4B984239
:1030400003D14FF40060FFF72BBAB0F1804F05D0E9
:10305000084B984205D14FF40030F4E70120FFF708
:1030600013BA054B984202D14FF48020EBE770472A
:10307000002C014000440140004801402DE9F0438C
:1030800087B00E46054614460021142201A89DF87B
:1030900038809DF83C901F460EF0FBF900960B2CF3
:1030A00007D8DFE804F007070A12141414161616DE
:1030B0001A1CFEE70323019301E002230493032F6C
:1030C00011D8DFE807F0111321110123F6E70123DE
:1030D000F1E7012301930393F1E70223EBE70223D6
:1030E00001930123F7E7FEE702230293B8F1100FE3
:1030F0000CD8DFE808F02D2D0C11131517191B1D26
:103100001F21232527292B000123EEE7FEE70123BA
:103110000593022301931EE00223F9E70323F7E757
:103120000423F5E70523F3E70623F1E70723EFE799
:103130000823EDE70923EBE70A23E9E70B23E7E799
:103140000C23E5E70D23E3E70E23E1E70F23DFE799
:10315000B8F1000FDDD1B9F1000F02D02846FFF71A
:1031600051FF053C042C05D8DFE804F0030B0403F1
:103170000B00AE62694628460BF04CFE07B0BDE876
:10318000F083AE61F6E713B54FF0010C0024CDE9F2
:10319000004CFFF773FF02B010BD000030B587B0E0
:1031A000002315460446ADF80630FFF747FF042D0F
:1031B00004D8DFE805F02E3204363F00FEE71E4B50
:1031C0001E4A1B68B3FBF2F39BB20022CDE9022139
:1031D000013B01A92046ADF80430049205920CF0A1
:1031E00069F8236823F080032360A36823F4A033E5
:1031F00023F00703A360636823F0700363606368D0
:1032000023F470036360A36823F08003A36007B016
:1032100030BD094B0A4A1B68D4E7074B094A1B68B3
:10322000D0E7054B064A1B68B3FBF2F303EB8303BD
:103230005B00C9E70123C8E76C02002080A81201E7
:1032400040420F0000127A0010B50446FFF7A6FFB7
:10325000236843F00103236010BD00224FF0FF31CB
:10326000FFF7F2BF204B10B5204C5B6823600AF0DB
:1032700037FF4FF090400BF08FFD1D480BF08CFD99
:103280001C480BF089FD1C480CF04EF81B480CF054
:103290004BF81B480BF0B0FF0BF01AFF4FF0E02289
:1032A00000234FF0B0411361536193618A6822F0AB
:1032B000030242F001028A6072B64FF0FF319A00B9
:1032C00002F1604202F561420133082BC2F880101E
:1032D000C2F88011F3D162B6034B1B6883F30888F0
:1032E00023689847FEE700BF0000FF1F000600208C
:1032F0000004004800080048003801400044004035
:10330000003001400749084A881AEFF30883521A2F
:103310001A44013A013B984288BF0022AA210EF0CC
:10332000B8B800BF0000012000040000044B5A6937
:10333000586910F0020018BFC2F38000704700BF48
:10334000000400584FF0B042D2F8943043F40043E8
:10335000C2F894304FF47A7300BF013B9BB2002B4C
:10336000FAD14FF0B043D3F8942022F40042C3F8CE
:103370009420D3F894205204FBD40C4BD3F8902023
:1033800022F40042C3F890204FF47A7200BF013A51
:1033900092B2002AFAD1D3F8902042F40042C3F846
:1033A00090204FF400629A61704700BF00040058FB
:1033B00010B50323052240214FF09040FFF7E3FEB4
:1033C000BDE810400323052280214FF09040FFF715
:1033D000DABE08B5FFF7AAFF003818BF012008BD04
:1033E00008B5FFF7F6FF00B908BD00BFF9E74FF0D9
:1033F000904380229A6240229A6170474FF0904336
:1034000040229A6280229A6170470000024B4FF47A
:1034100080225A60704700BF00E100E010B5134CF5
:103420000323204606220421FFF7ADFE10480323A4
:1034300002224FF40051FFF7A6FE03231A464FF471
:1034400000414FF09040FFF79EFE204603230522E7
:103450004FF48071FFF797FEBDE81040032305226B
:1034600001214FF09040FFF78EBE00BF00040048DE
:10347000000800484FF090431869C0F3C03070470F
:1034800008B5FFF7F7FF00B908BD00BFF9E74FF037
:10349000904301229A624FF48072C3F81824704757
:1034A000044B4FF480729A624FF0904301229A616C
:1034B000704700BF0004004808B510490220FFF71C
:1034C000C3F90F4BD3F8842022F40052C3F88420B0
:1034D000D3F8802022F40052C3F880205A6822F4E6
:1034E00000525A601A6842F400521A60054BD0220A
:1034F00083F829234FF400725A6008BD0300F000DE
:103500000008005800E100E0054B4FF40052DA607B
:10351000D3F8802042F40052C3F88020704700BFE7
:10352000000800580023032202214FF09040FFF7CB
:103530002ABE4FF09043186980F00200C0F34000AB
:103540007047000010B5074C0023204605221021CB
:10355000FFF719FE20460023BDE810400522082190
:10356000FFF711BE0004004805494B691A04DB430C
:1035700002F4801203F0100313438B61704700BF05
:103580000004004805494B691A04DB4302F4002299
:1035900003F0080313438B61704700BF0004004829
:1035A00008B5032200234FF090400221FFF7EBFD06
:1035B000102300204FF090421169890758BF013055
:1035C00003F1FF3358BFC0B213F0FF03F4D1082852
:1035D0008CBF0020012008BD0C4BD3F8FC2022F04A
:1035E0008072C3F8FC20D3F8FC2042F08072C3F84C
:1035F000FC20A3F55D431A6822F001021A601A68E4
:1036000042F001021A6000225A60704700ED00E0AB
:103610000649074B074A1B68B3FBF2F310B54C6829
:1036200043434A68121B9A42FBD310BD001000E0CE
:103630006C02002040420F001FB50223CDE901318A
:1036400001A80123694603930AF0B4FE00280CBFC9
:103650000420052005B05DF804FB014608B50120F3
:103660000AF062FE00280CBF0420052008BD08B542
:10367000FFF7E2FF031F5842584108BD08B5FFF7A6
:10368000ECFF031F5842584108BD00002DE9F047E8
:10369000294B2A4D01280E4614462949294A0FBFB5
:1036A00079277827AA461D4606BF88469A4690463F
:1036B0000AF0EEFD39462846FFF7D9FF28B9002465
:1036C0000AF0F8FD2046BDE8F087002E08BF4FF451
:1036D000FC64073424F0070405F11007B1463444B4
:1036E000AAEB050AA1450BD14FF011324FF0FF3381
:1036F0002846FFF7C3FF041E18BF0124A400DFE71C
:103700006EB90AEB0703D3E90023B3F1FF3F08BF0B
:10371000B2F1FF3F06D1083709F10809E2E7D9E91C
:103720000023F2E7B84505D93846FFF7A7FF002880
:10373000F1D1C4E70324C3E700C0030800C80308AD
:10374000FFCF0308FFC7030810B50AF0A1FD094821
:103750007821FFF78CFF044638B107487921FFF73D
:1037600086FF041E18BF0124A4000AF0A3FD204612
:1037700010BD00BF00C0030800C8030830B5084DE5
:10378000002340F2EF749AB2914201D8042030BD78
:10379000A34203D05A5DC2540133F4E70320F6E795
:1037A00010C0030838B504460D4672B60A460146F5
:1037B0000020FFF76BFF62B6042806D172B6012025
:1037C0002A462146FFF762FF62B638BD38B5124B74
:1037D0001C68D3F80058B4F1113F09D1B5F1113F7D
:1037E00017D0002211460120BDE83840FFF74EBF38
:1037F000B5F1113F03D1002211461046F4E7FFF75F
:10380000A3FF042804D12C4001340CBF0220012066
:1038100038BD0420FCE700BF00C00308044B9A68D1
:103820009107FCD518739A68D207FCD5187B7047AE
:103830000000015870B50C46451E8E18B44200D1E8
:1038400070BD15F8010FFFF7E9FF04F8010BF5E76C
:10385000084611461A46FFF7EDBF000070B5064E48
:1038600004464518A54200D170BD3078FFF7D6FF59
:1038700004F8010BF6E700BF50020020084611468D
:10388000FFF7ECBF38B504464518AC4200D138BD4F
:1038900014F8010BFFF7C2FFF7E708461146FFF7E0
:1038A000F1BF000010B58CB02822002102A80DF055
:1038B000F0FD4FF0B0431C4C5A6E42F001025A66C4
:1038C0005B6E03F001030193019BFFF73BFD0822B0
:1038D00008924FF48272002303924FF40072CDE9F4
:1038E0000533CDE909330293079207234FF4E062D1
:1038F00002A920460B9304920BF0A2FC636823F00C
:1039000010036360636823F008036360236843F077
:1039100040032360A3689B07FCD5237B034BFF2256
:103920001A700CB010BD00BF0000015850020020FA
:10393000034B18739A68D207FCD5187B704700BFF9
:103940000030014038B5441E8D18A94200D138BD61
:1039500014F8010FFFF7ECFF01F8010BF5E708463B
:1039600011461A46FFF7EEBF38B5064D044601442E
:10397000A14200D138BD2878FFF7DAFF04F8010B27
:10398000F6E700BF5102002008461146FFF7ECBFE2
:1039900010B5014404468C4200D110BD14F8010B4F
:1039A000FFF7C6FFF7E708461146FFF7F1BF000033
:1039B00070B58CB02E4C2822002102A80DF069FDB4
:1039C0004FF48050FEF76CFD01460323204606228B
:1039D0004FF48056FFF7D7FB0125A6610624CDE9F9
:1039E000004503230A2220214FF09040FFF746FBB9
:1039F000CDE9004503230A2231464FF09040FFF7FE
:103A00003DFB03231A46CDE900454FF400614FF01A
:103A10009040FFF733FB0822164C08924FF4827255
:103A2000002303924FF40072CDE90533CDE9093349
:103A30000293079207234FF4E06202A920460B93FA
:103A400004920BF0FDFB636823F01003636063686E
:103A500023F008036360236843F040032360A368F6
:103A60009B07FCD5237B044BFF221A700CB070BD62
:103A70000004004800300140510200201B4B10B4EC
:103A8000DC69A00611D51A6891060ED518481949A7
:103A90005A6A038809880133C3F30A0389B2994239
:103AA0001FBF1549D2B2CA54038010481F232206F3
:103AB000036215D503681B0612D5104B104A1988EE
:103AC000138889B29BB299420CD013880133C3F397
:103AD0000803138013880B4A9BB2D35CDBB283626A
:103AE00010BC704710BCFEF702BD00BF003801409B
:103AF000763F0020743F0020743700207A41002078
:103B000078410020783F00200A490B4A08B50B880D
:103B100012880133C3F3080392B29A4207D0074ACE
:103B2000D05407480B80FEF7C7FC012008BD0020D9
:103B3000FCE700BF7A41002078410020783F002058
:103B40000038014038B504464518AC4200D138BDB4
:103B500014F8010BFFF7D8FFF7E708461146FFF707
:103B6000F1BF0000054B064A1B8810880133C3F3E0
:103B7000080380B2181A18BF012070477A4100204C
:103B80007841002008B5FFF7EDFFB0FA80F040095A
:103B900008BD0000054B064A1B8812889B1A98B284
:103BA0001B0444BF00F5006080B27047763F0020E0
:103BB000743F0020FFF7EEBF0848094A01881388C8
:103BC00089B29BB29942F9D013880133C3F30A0337
:103BD00013801388034A9BB2D05C7047763F002065
:103BE000743F002074370020FFF7E6BF70B588B03F
:103BF0000C46064615460021202268460DF049FC79
:103C0000231E18BF01231B03CDE9023569460C238F
:103C100003480196049405930BF0AAFB08B070BD0D
:103C20000038014010B5064C236823F001032360DF
:103C3000FFF7DCFF236843F00103236010BD00BFE2
:103C400000380140002208461146FFF7EBBF000094
:103C500073B5304C236823F0010323600825012647
:103C60004FF48040FEF71CFC4021CDE900562A4865
:103C700003230A22FFF702FA03231A46CDE900566E
:103C800025488021FFF7FAF9002211464FF4E13070
:103C9000FFF7ACFF636823F490436360A36823F0ED
:103CA0002A03A3601D4BB02283F8242310225A60FC
:103CB0002046FEF71CFCFEF711FC40232362184B44
:103CC00000211980174B1980FEF7FFFB164B198056
:103CD000164B1980636823F400636360A36823F0C4
:103CE0000803A360636823F480436360A36823F040
:103CF0002203A360A36843F48053A3602368334383
:103D00002360E3699A02FCD5E3695B02F9D502B04E
:103D100070BD00BF003801400004004800E100E031
:103D2000784100207A410020743F0020763F002037
:103D300008B5FFF78DFFBDE80840FFF73DB9FFF775
:103D4000F7BF0000024B1A68024B1A60704700BFB1
:103D50008C410020100C0020054A064B196813689E
:103D600099421DBF0133012013600020704700BF3E
:103D7000100C00208C410020034A044B11681B7872
:103D80000B441360704700BF8C410020700200207C
:103D9000014B1868704700BF8C4100200148FFF7B5
:103DA0005CBA00BF00440140014B586A80B27047C2
:103DB0000044014008B5FFF7F1FFBDE80840FFF7F8
:103DC000C1BF0000044BDA6822F00202DA606FF033
:103DD00002021A61704700BF00440140002208B58A
:103DE0000260FFF7EFFF044BF02283F81C234FF033
:103DF00080521A6008BD00BF00E100E008B503680A
:103E000053B1FFF7DFFF054B5A6A114489B259637A
:103E1000DA6842F00202DA6008BD00BF00440140E7
:103E2000074B1A69920709D56FF002021A61DA6826
:103E300022F00202DA60034B1B681847704700BF8C
:103E400000440140683300202DE9F0411E4CDFF8AA
:103E50007C80C4220021201D0DF01BFB16230626AA
:103E600063800F23A380324643234146A019268056
:103E7000FDF7BAFD164A1123C4E913233F23002599
:103E80001F27A4F8583032464323414604F15A0014
:103E9000A4F84A706565FDF7A7FD4FF480330D491E
:103EA000C4F8A03004F1B000C4E92A55A4F89E700B
:103EB00084F8A4500DF06DFC7F2384F8C5300523F1
:103EC00084F8C630BDE8F081380500200C3A0108BE
:103ED0000F0003002126010870B5094E05460C4667
:103EE000415C30460DF0ECFA034628B1831B0133E8
:103EF000DBB2282B28BF0023F35C2B5570BD00BF1D
:103F00007C41010870B50C46114606460DF041FC97
:103F100044B10025052130460135FFF7DDFFEBB246
:103F20009C42F7D870BD000073B5054605F1110637
:103F30001F4C204A014636016846FFF7E3FFB01CDC
:103F4000694620440DF025FC264404EB05110023AE
:103F500002227272A1F81A31142101FB05400125D9
:103F60004FF00111C0E91351A1F1FF21416540F269
:103F70000111A0F84A20A0F858104FF48070A062F8
:103F80004FF4007084F83430E284A08584F82E5019
:103F900084F8302084F83330C4F83A30C4F83E3026
:103FA000C4F84230A4F84610A4F8481002B070BD1E
:103FB0007C030020DC2501082DE9F3410546A54CD2
:103FC000A54A05F111074FEA07180E460146684653
:103FD000FFF798FF08F10200A04469462044FDF76E
:103FE00025FC98F80930072B84BF022388F8093094
:103FF00004EB0710994B427A198841FA02F2D20772
:1040000010D40222427269B14807C1F3800209D478
:1040100041FA02FC1CF0010FD0B200F0A68104EBC3
:104020000712507204EB0512280192F81A110529A3
:1040300002D9002182F81A1104EB000C59889CF86F
:104040001A2141FA02F2D20713D401228CF81A2164
:1040500079B111F0020FC1F340020AD141FA02FE18
:104060001EF0010F5FFA82FC00F08481221882F8B2
:104070001AC1221892F81B11032902D9002182F8D3
:104080001B1104EB07177A7A012A03D9042A01D0FD
:1040900000229A802718998897F81B2141FA02F28A
:1040A00012F001020FD187F81B2161B111F001025A
:1040B00009D141FA02FC1CF0010FD7B200F05F8178
:1040C000221882F81B71002E40F09F81142202FBFF
:1040D000054191F84A60052E02D9022681F84A600E
:1040E00002FB054292F84B10042902D9002182F804
:1040F0004B10142202FB0542B3F84A1092F84B60B1
:1041000041FA06F6F60712D4012682F84B6071B127
:104110008E07C1F340020AD441FA02F7FF07D6B274
:1041200040F13281142202FB054282F84B601422D6
:1041300002FB054292F84C10032902D9012182F8B2
:104140004C10142606FB0546B3F84C1096F84C208C
:1041500041FA02F212F0010210D186F84C2069B146
:1041600011F001020AD141FA02F7FF07D6B240F17D
:104170001081142202FB054282F84C60142202FBDB
:10418000054292F84E10012902D9002182F84E1002
:10419000142606FB0546B3F84E1096F84E2041FA59
:1041A00002F212F0010210D186F84E2069B111F02E
:1041B00001020AD141FA02F7FF07D6B240F1EE80C0
:1041C000142202FB054282F84E60142202FB0542D3
:1041D00092F84F10042902D9002182F84F101426BA
:1041E00006FB0546B3F8502096F84F1042FA01F14D
:1041F00011F0010110D186F84F106AB112F00101DF
:104200000AD142FA01F7FF07CEB240F1CC80142167
:1042100001FB054181F84F60142101FB054191F834
:104220005160032E02D9002681F85160142707FB44
:104230000547B3F8526097F8511046FA01F111F0B2
:10424000010119D187F85110B6B116F0010113D14F
:1042500006E000BF7C030020DC25010838050020B3
:1042600046FA01FC1CF0010FCFB200F0A18014212E
:1042700001FB054181F85170142101FB054696F8B8
:104280005070022F02D9012786F8507001FB0541BA
:1042900091F85460022E02D9012681F8546014214D
:1042A00001FB054696F84D70022F02D9002786F8CB
:1042B0004D7001FB054191F85260012E02D9012693
:1042C00081F85260142101FB054696F85570012FC4
:1042D00002D9012786F8557001FB054191F853601A
:1042E000022E02D9002681F85360142707FB0547E8
:1042F000B3F8566097F8531046FA01F111F0010136
:1043000010D187F853106EB116F001010AD146FAA8
:1043100001FC1CF0010FCFB24FD0142101FB05416D
:1043200081F85370142101FB054696F856700C2F46
:1043300002D9002786F8567001FB054191F84C60C0
:10434000012E08D191F84F60042E04D1D70738D53B
:10435000002281F84F20142202FB054292F84F10F0
:10436000A1BB92F85120012A35E00132102A7FF4D6
:104370004FAE57E60132102A7FF470AE79E6013273
:10438000102A7FF496AE9EE60132102A7FF4C4AE66
:10439000CDE60132102A7FF4E6AEEFE60132102AB4
:1043A0007FF408AF11E7013110297FF42AAF33E71A
:1043B000013110297FF454AF5EE701311029A6D1F5
:1043C000B0E712F0040218BF0222C2E701290AD1A5
:1043D00092F85120022A01BF142202FB054200215B
:1043E00082F8511007E0022903D192F85120032AE4
:1043F000F1E70329B5D0142202FB0542012182F81E
:10440000571040F20111A2F8581094F82620052AFE
:1044100002D9022284F8262094F82720042A02D9FF
:10442000002284F82720B3F89E1094F8272041FA40
:1044300002F2D7070ED4012284F8272051B18E074B
:10444000C1F3400206D441FA02F7FF07D6B244D5C1
:1044500084F8276094F82820022A02D9002284F8E0
:10446000282094F82920022A02D9012284F8292040
:10447000B3F8A01094F8292041FA02F212F00102D8
:104480000CD184F8292049B111F0010206D141FA7A
:1044900002F7FF07D6B224D584F8296094F82A20C1
:1044A0000C2A02D9002284F82A2094F832200C2AFF
:1044B00002D9002284F8322094F82B20042A02D951
:1044C000002284F82B2000224749164611F9017F6B
:1044D00017F1780F09DA0E7009E00132102AB2D113
:1044E000B8E70132102AD2D1D8E7782FF3DC0132B5
:1044F000D2B20C2AEAD13D490022012611F8017FEF
:104500000132022FD2B288BF0E70042AF6D194F87D
:104510003420022A02D9002284F83420B3F8A220E1
:1045200094F8343042FA03F313F001030CD184F809
:1045300034304AB112F0010306D142FA03F6F6070D
:10454000D9B211D584F8341094F82C30022B02D94A
:10455000002384F82C3094F82D30032B08D80AD18E
:10456000002384F8343006E00133102BE5D1EBE76B
:10457000022384F82D3094F82E30022B02D9012327
:1045800084F82E3094F83030022B02D9022384F8BC
:10459000303094F833300C2B02D9002384F83330B8
:1045A00094F83530042B02D9002384F83530104BB1
:1045B00018444FF6FF71A0F820111421FF2201FBCF
:1045C000053183F82F2083F831204FF0FF32C0F8F7
:1045D0001C211A629A84A1F85A20A1F85C20DA867C
:1045E0001A8702B0BDE8F081B5030020C1030020A6
:1045F0007C0300200021FFF7DFBC01210020FFF732
:10460000DBBC0000034670B50846052B04D8DFE884
:1046100003F01D0421191D21FEE720261F250F226E
:10462000174CA3702277013B0122A4F84C60A4F838
:104630004E50A276A273042B10D8DFE803F01018B6
:104640001B1B180009266F250722E9E714263225CF
:104650000A22E5E7352613251922E1E7FEE70023C4
:1046600023712374FDF726FC6073607670BD2271A0
:104670002274F7E7002323712374A376A373F1E771
:10468000FC020020042804D8DFE800F0040F141B0B
:104690002500FEE7154B002283F8552040F2011259
:1046A000A3F85620A3F858207047104B012283F836
:1046B0005520F5E70D4B022283F855204FF4807208
:1046C000EEE70A4B032283F8552040F20112A3F8CB
:1046D00056200122E6E7054B042283F8552040F2DC
:1046E0000112A3F856204FF48072DBE7FC02002091
:1046F0002DE9F043954D964C00F1110805EB081794
:1047000002378BB006463846FDF7ACF8042100901E
:104710006846FDF719FF05EB0613E08393F81B319C
:104720004FEA06192BB103EB031303EB03231844E1
:10473000E08305EB08135B7A062B40F0E380E38B04
:1047400003F5B5432533E383142303FB065305EB3D
:10475000081893F84B00FFF795FF98F8091061705F
:104760008B1FA944012B8CBF0023012399F81A0148
:1047700084F85A30FFF746FF99F81B21E18B009B24
:10478000E1806182A36063612AB14FF0113000FBC8
:104790000233A3606361142303FB0653616293F841
:1047A0004A006C4B84F8292013F9203023732376B8
:1047B000002384F82A30637B23B93846FDF772F86A
:1047C00084F82A006078FDF775FB634A84F82800B6
:1047D000128802F00101970748BF41F00201A1854C
:1047E0000346500742BFA18D41F00401A185110786
:1047F00042BFA18D41F01001A185D70642BFA18D16
:1048000041F02001A185900642BFA28D42F008022E
:10481000A285524A01AF02F1200E10685168BC46D1
:10482000ACE80300083272456746F6D11068CCF850
:104830000000A2784A4F06210AA801FB0303134493
:1048400013F8248C84F8208017E90F0087E80F0004
:1048500040F2E2434046A4F85030FCF7A1F94FF093
:104860007F51FCF7F1F9FCF7F1FBB4F84C204FF461
:104870007A73B3FBF2F3A4F84030142303FB06531E
:104880004FEA5808B8F1050F93F85030C0B238BF5E
:104890004FF00508A4F8520084F85480002B39D05A
:1048A000022B14BF4FF4E1334FF4613363641423DC
:1048B00003FB065393F854307BB3022B14BF4FF421
:1048C000E1334FF46133A364002384F85B3084F850
:1048D0005D30142303FB065696F84C30032B03D0AF
:1048E00096F84F20042A02D1012284F85B20591E39
:1048F0004A424A4184F85C2094F85B2082B1012B43
:104900000ED1FEE7072B7FF41FAFE38BA3F5B54372
:10491000263B18E74FF46143C8E74FF46143D2E701
:104920002178142000FB015595F84C10022907D17D
:10493000012184F85D1022B194F85D301BB1FEE7CF
:104940000AB9012BF8D00BB0BDE8F0837C0300203E
:10495000FC0200200C3A010838050020142401084C
:104960002C03002002484FF4DE72FF210CF091BDB1
:104970007C03002002484FF4DE71FEF713BF00BF36
:104980007C03002002484FF4DE71FEF7F7BE00BF43
:104990007C03002008B5FFF7F5FF034B1878BDE84E
:1049A0000840FFF727BE00BFFC020020F8B5FFF764
:1049B000D9FFFEF70BFF04280CD0FFF7D3FFFEF75B
:1049C00005FF042803D1FFF7DDFF042806D0FFF719
:1049D000C9FF03E0FFF7D6FF0428EED14F49504846
:1049E0004F4C10220CF079FD38B14E491022204670
:1049F0000CF073FD08B1FFF7B5FFA38A42F6A102E0
:104A0000934266D042F6A002934258D80021444B0C
:104A1000022504260F46012093F84F20012A1ED0BC
:104A2000022A1FD00ABB93F85020042A20D0052A5E
:104A300020D0033A18BF012201310A2983F85020FF
:104A400083F8540003F11403E6D194F82C30042BBE
:104A500012D0052B31D0002384F82C300EE083F8DF
:104A60004F50E0E783F84F60DDE783F84F70DAE7F7
:104A70000122E1E70222DFE784F82C0042F6A103DD
:104A8000A382012522692549254842F6A2039A42BC
:104A90004FF010021CBF236101250CF01EFDD0B1A8
:104AA0001E491F481022FDF71DF81F491F48082204
:104AB000FDF718F8FFF75EFF0FE00223CCE70025B3
:104AC000E8B20135FFF730FA0A2DF9D10023E37778
:104AD000D4E70025D6E7002DECD1E37F104A092B5F
:104AE00084BF0023E377E17F1420002300FB01440F
:104AF000013394F84C0082F84C000A2B02F11402A6
:104B0000F6D10B4C2170FFF79FF92078FFF772FD6B
:104B10002078BDE8F840FFF7EBBD00BFE3250108B2
:104B20007C030020F4250108052601082E0500203D
:104B3000FC0200200129F7B5054600D9FEE70B4E1F
:104B400006EB01131C460F016278F15D03619B784F
:104B50000AF020FFE3790193A37900932279637926
:104B6000E17828460AF03DFF03B0F0BDE4570108A4
:104B7000836810B5044603B9FEE70A781A7000216D
:104B80000AF0CAFE4FF47A70FEF742FD204601217A
:104B90000AF0D9FEA36820461978FFF7CBFF10BDB5
:104BA00038B5836804466BB1024652F8183BDD699C
:104BB00000F11903A847217E20460222BDE83840B3
:104BC0000AF071BF38BD000070B58160897A86B087
:104BD000044601B101210AF0B6FE20460BF035F87B
:104BE00020460BF00DF8217BFF2903D0FA22204646
:104BF0000BF012F8A3685B7A013B042B04D8DFE8C2
:104C000003F0043E3E414100FEE7E922E121204657
:104C10000BF040F8012120460AF0CFFF96212046F4
:104C20000BF00CF8382120460BF01EF820460BF054
:104C300023F8A368204693F90810FFF7B1FFA36893
:104C40009D7A15B319782046FFF774FF00221146AC
:104C500020460AF092FE0023009340F203222046F1
:104C60004FF6FF710AF0ECFE20464FF6FF710AF096
:104C70000EFF204606B0BDE870400AF0AEBFDB2252
:104C8000D721C4E76F226B21C1E75E880E4B6361B9
:104C90004CF25033009320460C4919230B220BF0A1
:104CA00007F80123CDE903335B23CDE9015310233A
:104CB00019462046009504220BF038F8314620466C
:104CC0000BF058F8C2E700BFC4570108A0860100E6
:104CD00038B504461D4613460A4600210AF0C6FDB3
:104CE00020464FF6FF710AF0D2FEA9012046BDE82A
:104CF00038400AF0E5BE10B54FF6FF7104460AF0E1
:104D0000C6FE20460021BDE810400AF0F4BE10B5F2
:104D100004460AF062FF20464FF6FF71BDE81040DE
:104D20000AF0B5BE836873B50D46144623B98122D7
:104D30000A70237002B070BD9E7A0DF10601B6B103
:104D40000AF0F4FE94F90030002B04DABDF80620D6
:104D50001344ADF80630BDF90630002B0BDB4FF6DF
:104D6000FF73ADF80630BDF806302B70E2E70BF0AC
:104D700012F82670EFE77F33F5DA4FF68173F0E72C
:104D800038B58168036891F90810DD69044600F1BF
:104D9000190300F11802A847A3689A7A42B11A7859
:104DA000012A00D9FEE7044B03EB0213236138BD4F
:104DB000024B6361FBE700BFE4570108C4570108D9
:104DC00010B50A4CA06858B1236923B9636913B9B7
:104DD0002046FFF7D5FFA3689B7A23B12369986823
:104DE000A0F57A7010BD63699869F9E72C3200204C
:104DF000836810B5044683B103691BB943690BB9D5
:104E0000FFF7BEFFA3689B7A1BB12369B3F90C00BF
:104E100010BD6369B3F91C00FAE71846F8E7836828
:104E200010B5044643B103691BB943690BB9FFF7D9
:104E3000A7FF94F9190010BD1846FCE708B5836870
:104E400043B9FFF7C1FE7D20FEF7E2FBBDE8084055
:104E5000FEF7DCBA08BD08B5836843B9FFF7B4FEB6
:104E60007D20FEF7D5FBBDE80840FEF74DBB08BD31
:104E700090F8D43053B190F8D520074B03EBC20122
:104E800053F83230497953F821007047037C00EB26
:104E90008300406B704700BFDC39010838B5154608
:104EA000044604EB8504084606490CF072FC606B6E
:104EB000FBF772FE0449FBF7C7FE0BF0A1F8FCF705
:104EC000C5F838BD0B26010800007A3A2DE9F341F8
:104ED0009DF824701646402F88464FF05B024FF035
:104EE000000104461D4628BF40270CF0D2FA904B23
:104EF000DB8B23803278A37862F30203A37071788E
:104F0000C90001F00801DBB203F0070341EA081110
:104F10001943A1707279E37862F30003E370B27908
:104F2000637962F38613637196F90200FCF7ABFBB9
:104F3000E37860F34703E370F279237962F30003C7
:104F40002371327A62F3460323713279DBB202F0C5
:104F5000010203F07F0343EAC213237132796379BC
:104F6000C2F3450223F03F0313436371A37967F350
:104F70004703A3712B78AA78E3716B7802F01F02C4
:104F800003F0070343EAC20323726A88637AC2F319
:104F9000451223F03F03134363722A79DBB202F018
:104FA000030203F03F0343EA82136372AB88C3F347
:104FB0008703A3726A79E37AC2F3800223F00103C4
:104FC0001343E372AA79DBB202F07F0203F001031C
:104FD00043EA4203E372EA88237BC2F3C31223F05D
:104FE0000F03134323732B7AAA7AE3736B7A02F0CD
:104FF0001F0203F0070343EAC20323746A89637C38
:10500000C2F3451223F03F03134363742A7BDBB2E0
:1050100002F0030203F03F0343EA82136374AB8997
:10502000C3F38703A3746A7BE37CC2F3800223F09B
:1050300001031343E374AA7BDBB202F07F0203F0A7
:10504000010343EA4203E374EA89237DC2F3C312F6
:1050500023F00F03134323752B8ADB0863756B8AD8
:10506000DB08A375AB8ADB08E375EB8ADB082376E4
:105070002B8BB3F5C06F4ED2B3F5007F94BF0023E6
:105080000123227B63F3051222736B8BB3F5C06F90
:1050900043D2B3F5007F94BF00230123227B63F347
:1050A00087122273AB8BB3F5C06F38D2B3F5007F94
:1050B00094BF00230123227D63F305122275EB8B3D
:1050C000B3F5C06F2DD2B3F5007F94BF0023012349
:1050D000227D63F38712089B22751F4404F1180296
:1050E000BB4220D14FF6FF7321460DF106000D2281
:1050F000ADF80630FDF710FA2146BDF8063021F86C
:105100000D3F4C22FDF708FABDF80630A4F85930DF
:1051100002B0BDE8F0810223B3E70223BEE7022319
:10512000C9E70223D4E713F8011B02F8011FD7E7F0
:10513000FC02002013B59DF81040CDE90034134661
:105140000A460021FFF7C2FE02B010BD13B5144B92
:105150000288DB8B9A4204461DD1837803F0F0036A
:10516000102B01D0202B18D1A379A52B15D84FF6E1
:10517000FF730DF1060059222146ADF80630FDF708
:10518000CBF9B4F85900BDF80630C01A18BF012099
:10519000800002B010BD0120FBE70220F9E700BF4C
:1051A000FC02002030B53A4B027893F8261061F3E8
:1051B0000302027093F8271061F30712027093F84C
:1051C0002810427861F30302427093F8291061F3CA
:1051D0000712427093F82A10827861F303028270FA
:1051E00093F83210827961F30302827193F82B10E5
:1051F000827861F30712827093F83410C27961F3F8
:105200000302C27193F82C10C27861F30302C270DA
:1052100093F82D1061F30712C27093F82E100279E3
:1052200061F303020271427993F8301061F30302D3
:10523000427193F83310827961F30712827193F807
:105240003510C27961F30712C27103F1390100F11F
:105250000A0200F1160411F9015F02F8015FA2428F
:10526000F9D193F84610C27D61F30102C27593F83B
:10527000471061F38302C27593F8481061F3051279
:10528000C27593F8493063F38712C27530BD00BF11
:105290007C0300200278344BC2F3030230B583F85C
:1052A00026200278C2F3031283F827204278C2F343
:1052B000030283F828204278C2F3031283F82920DE
:1052C0008278C2F3030283F82A208279C2F30302B0
:1052D00083F832208278C2F3031283F82B20C2793C
:1052E000C2F3030283F83420C278C2F3030283F8C6
:1052F0002C20C278C2F3031283F82D200279C2F366
:10530000030283F82E204279C2F3030283F830208F
:105310008279C2F3031283F83320C279C2F30312F5
:1053200083F8352003F1390100F10A0200F1160477
:1053300012F9015F01F8015FA242F9D1C27DC2F307
:10534000010283F84620C27DC2F3810283F8472020
:10535000C27DC2F3011283F84820C27DC2F38112DC
:1053600083F8492030BD00BF7C0300201FB58DF8B5
:105370000C300123019303AB009313460A4602212C
:10538000FFF7A4FD05B05DF804FB0000F0B5274D64
:10539000012385F8A430044685B0B0F80900FCF775
:1053A00048FBC5F8A800B4F80B00FCF742FB142238
:1053B000C5F8AC0004F10D0105F1B000FCF7A4FB49
:1053C00094F9213085F8C53094F8223085F8C6303C
:1053D00004F12300FFF75EFF6E4604F1410304F180
:1053E000510718685968324603C20833BB42164653
:1053F000F7D1432308220E486946FCF79DFA94F83A
:105400005130A5F89E3094F85230A5F8A03094F8A9
:105410005330D5F8AC20A5F8A23042F6A1039A4249
:1054200001D0FFF7EAF805B0F0BD00BF3805002055
:10543000920500202DE9F04792B00DF108084FF0D9
:10544000400905460E46174600214A4640460CF0E4
:1054500020F8222342F6A2008DF80830FCF7D8FA93
:10546000DFF880A0ADF8440042F6A100FCF7D0FAC6
:105470001D4C9AF80010ADF8460004EB01110DF137
:105480000A00062201F58971FCF72CFB9AF800103E
:1054900004EB011205A892F81A3192F8194103F0B1
:1054A0000F0304F00F0444EA031492F81B3103F0D5
:1054B0000F0344EA0324BDF8103023F47F6323F084
:1054C0000F031C43ADF81040FFF76CFECDE90089D7
:1054D0003B46324602212846FFF7F8FC12B0BDE8F1
:1054E000F08700BFFC0200207C030020034B04492E
:1054F0001A68044801FB020018607047400600204B
:105500000D6619005FF36E3C38B50B4A0B4D1378EE
:105510002C78A34205D101332B70287800F00100CC
:1055200038BD1470FFF7E2FF6FF0004398423CBFB4
:1055300001342C70F1E700BF3D0600203E0600203C
:105540000B4A0C49126882600A6802614A680A497B
:1055500042610A6882614A68C26100234EF6602295
:10556000838083718381038402600385704700BF59
:105570008C410020102601081926010810B50E4C98
:1055800094F8563013B994F858301BB10B490C48B5
:10559000FFF7EEFA94F8573013B994F859301BB16D
:1055A00008490948FFF7E4FA0548FFF7B0FB064849
:1055B000FFF7ADFB10BD00BFFC0200200003002080
:1055C0002C3200200C0300204832002038B51D4D3D
:1055D0000446A8786978052828D14FF6FF732385FB
:1055E000FFF710F86B7801229A40238D23EA02031B
:1055F000238515491548FFF721FC15491548FFF784
:105600002AFC1248FFF783FB1248FFF780FB0F4884
:105610006FF07F01FFF7C4FA0E486FF07F01FFF7CC
:10562000BFFA2046BDE83840FFF7A8BF0023238516
:105630000220FEF7E7FF6A7801239340228D13438F
:105640009BB2D5E7FC020020000300202C32002092
:105650000C0300204832002008B590F820300246A4
:105660008BB9FDF766FF10B982F8210008BD92F8EA
:10567000213001335BB2312B82F82130F6DD01237A
:1056800082F82030F2E7FDF754FF18B1322382F898
:105690002130EBE792F82130013B5BB2002B82F81E
:1056A0002130D8BF82F82000E0E70000134B90F8CB
:1056B00020201B68CAB182689B1AB3F57A6F01D9A2
:1056C000012343710379ABB10D4B427B1B781AB1B7
:1056D000022B1CBF032202739A1E53425341437391
:1056E000837953B10323037370478360EAE701238F
:1056F0000371F8E74379002BF9D170478C41002002
:105700001D0700200346007B821E012A4FF0000285
:1057100002D893F8201009B91A73704710467047E1
:1057200070B51D4C1D4E05465B22002120460BF036
:10573000B0FE2B6923606B696360194B194D1B78B0
:1057400031789A1E53425341627A05EB011163F39B
:105750000002627201F58971062204F10A00FCF769
:10576000C1F9337805EB031205EB031592F81B1111
:1057700095F8193192F81A2103F00F0343EA021346
:105780002374637C204661F3030359216374FCF79F
:10579000DBFEA4F8590070BDAD320020FC020020F1
:1057A0001D0700207C0300200A4A38B51388013306
:1057B0009BB2502B04460D4601D8138038BD002300
:1057C00005491380FDF70CFC29462046FDF708FC2F
:1057D000F4E700BF140C0020752701082DE9F84FED
:1057E000154604460F466B496B4EFDF7F9FB2946FB
:1057F0002046FDF7F5FB694B0022012F1A800FD1DF
:105800001023B362082746F2A810B761FDF700FF26
:10581000B762FDF7FDFE29462046FFF7C5FFF2E718
:10582000BB1E08220C2B00F2A880DFE803F03141F8
:10583000521C07A6A6A6626262626200564E4FF034
:1058400008081027C6F8188046F2A810B762FDF7BE
:10585000DFFEC6F82880B761FDF7DAFE294620464C
:10586000FFF7A2FFEDE74C4E4FF008081027C6F8EF
:10587000188046F2A810B761FDF7CAFEC6F8288066
:10588000B762FDF7C5FE29462046FFF78DFFEDE71D
:10589000B262414E102746F2A810B761FDF7B8FE7C
:1058A000B762FDF7B5FE29462046FFF77DFFF2E718
:1058B0001023B361384E082746F2A810B761FDF7F0
:1058C000A7FEB762FDF7A4FE29462046FFF76CFF4E
:1058D000F2E7B261304E102746F2A810B761FDF72B
:1058E00097FEB762FDF794FE29462046FFF75CFF5E
:1058F000F2E7A7F1090BDFF8A0805FFA8BFB002627
:105900004FF0080A5E453CBF1023C8F818304FF02E
:10591000040946F2A810C8F818A0FDF779FEC8F8E7
:1059200028A0FDF775FE09F1FF3929462046FFF74B
:105930003BFF19F0FF09ECD11023C8F828304FF0D5
:10594000040946F2A810C8F818A0FDF761FEC8F8CF
:1059500028A0FDF75DFE09F1FF3929462046FFF733
:1059600023FF19F0FF09ECD10136A7F10803F6B2C5
:10597000DBB2B34238BF0026C4E71023B261B36183
:105980004CF25030FDF744FE29462046FFF70CFF4D
:10599000F6E700BF7527010800040048140C00203A
:1059A00010B5437802789A421BD0052B8ABF052395
:1059B00003700370027888BF43700A4B0A4813F9DA
:1059C00022100A4C83682173217613B11972FFF7F4
:1059D000E7F80748836823B194F918101972FFF7A4
:1059E000DFF810BD0C3A01082C320020FC02002028
:1059F0004832002010B50AB9437010BD541E0B2C5C
:105A0000FBD80332D2B231F91220C83A03FB02228A
:105A100040F2716192FBF1F212B222EAE2729A4212
:105A2000C8BF1AB24270E8E72DE9F047DDF82080E0
:105A3000204E0F461D4604469146FDF7B1FD1E4916
:105A40001E4B002830D0022F27D8002F0CBF304625
:105A500008461A46012DC4E9000228D0023D012D56
:105A6000154A88BF0022C4E90513154BE36103689A
:105A7000A2600022C4E903269B6849469847A068B3
:105A800018B1036841469B68984760680368BDE8A1
:105A9000F0479B684FF4E1311847032F15BF30469C
:105AA00018461A463246D5E718463246D2E7014A2A
:105AB000D9E700BF5C0200206402002060020020E1
:105AC0006802002010B40C46014620B90348224663
:105AD00010BC09F0F2BE02480021F9E72C32002088
:105AE0004832002070B5124C15461E4680B9FDF7AD
:105AF0007EFC104833462A46FFF7EAF894F8573000
:105B000013B994F8593013B10B48FFF700F970BD81
:105B1000FDF7BDFC084833462A46FFF7D9F894F84C
:105B200056301BB994F85830002BF0D00148ECE700
:105B3000FC0200202C3200204832002008B530B989
:105B4000054801F18E028C31FFF7ECF808BD01F138
:105B50008F0202488D31F7E72C32002048320020B6
:105B600070B5114C0D4606465B2322462146284659
:105B7000FFF7A8FFD6E90613206862689A4208BFBB
:105B800088420ED120465921FCF7DEFCB4F859407A
:105B9000231A5C425C4128460449FFF7CFFF601C92
:105BA00070BD0024F7E700BF6D3000208031002079
:105BB0000A4608B501460148FFF710FE0000002024
:105BC000002303708370437003714371C370704787
:105BD00003780022022B427104D0032B09D0012B41
:105BE00016D0FEE701230371437183784370C370BD
:105BF000704783784278991AA3EB020218BF0121FB
:105C000012F0060F14BF0122002201714271EDE76C
:105C10000271704702788170002A0CBF02220322B1
:105C20000270FFF7D5BF0000074B282202FB0033AC
:105C30009B681A78542A05D15878A0F17803584205
:105C40005841704700207047243A0108074B28222A
:105C500002FB00339B681A78522A05D15878A0F1CC
:105C6000780358425841704700207047243A010891
:105C7000074B282202FB00339B681A78542A04D170
:105C80005878783818BF012070470120704700BF4E
:105C9000243A010828230B4A434310B5D15804463F
:105CA000FFF7D4FF48B92046FFF7BEFF064B1B782D
:105CB00028B103EB830301EB8301084610BD01EB20
:105CC0000311FAE7243A0108FC0200202E2838B517
:105CD00005461AD80E4B282202FB00334CB21B7922
:105CE000022B0DD0FE2B10D1FFF7D4FF0378E4B2C6
:105CF000A3420AD004702846BDE83840FFF7B8BF79
:105D0000FFF7C8FF90F90030F2E7002038BD00BF70
:105D1000243A01082E2838B504460D4619D80E4BF2
:105D2000282202FB00331B79FF2B12D1FFF7B2FFB1
:105D300006222946FBF7FBFE58B92046FFF7AAFFCB
:105D400029460622FBF7E0FE2046BDE83840FFF773
:105D50008FBF002038BD00BF243A01082DE9F04371
:105D6000074615462820394A41435018012B046A3A
:105D700087B025D15258364B9A4235D0A3F1CE0187
:105D80008A4233D03349F23B9A4208BF0C46FF2384
:105D90008DF800304FF0000801262046FAF7FAF996
:105DA0005FFA88F9484529D806F118036B44AE42DA
:105DB00003F8188C30D80020387007B0BDE8F083A5
:105DC000022BE4D15258224B9A4211D0591C8A42DC
:105DD00010D0A3F1CE018A420ED0A3F1F2018A4283
:105DE0000AD01D49EC3BCFE71C4CD0E7194CCEE75D
:105DF0001B4CCCE71B4CCAE71B4CC8E714F8093016
:105E00002C2B06D106F118036B44013603F8188CCD
:105E1000F6B208F10108C0E705F118030DEB030520
:105E2000002315F8182C15F9175C0132D2B2991815
:105E3000C9B2A94207EB030003DB00230370012072
:105E4000BBE7615C01700133DBB2F0E7243A010883
:105E50009504002022260108562601087326010811
:105E60001C270108FA260108D0260108054B282224
:105E700002FB00335B6A0BB1188870474FF6FF7066
:105E8000704700BF243A01080B4B282202FB003365
:105E900070B51E6A3046FAF77DF9002201461446B5
:105EA000D5B2631CA942D8B200D870BD735D01326F
:105EB0002C2B08BF0446F3E7243A010838B5104BF1
:105EC000282202FB003301461B79FE2B15D1FFF778
:105ED000CDFF04460846FFF7D7FF00220146012503
:105EE0001046D3B2994200D838BD05FA02F32342D6
:105EF0001CBF431CD8B20132F3E7FF20F4E700BF18
:105F0000243A01082DE9F04F4FF0000A1D4E93B0DE
:105F100004460F46D146D6F808805FFA8AF54FF05E
:105F2000000B0DE018F8030001920BF089F9C3B2E1
:105F3000019A202B08BF5F2302F8403C0BF1010BB4
:105F40005FFA8BF340460193FAF724F9019B03F1C2
:105F5000480298426A44E5D802F8409C394602A8B3
:105F6000FAF70EF948B10AF1010ABAF12F0F06F15A
:105F70002806D0D10025284600E00120257013B066
:105F8000BDE8F08F243A01082DE9F0411D4E282389
:105F900003FB016604463379FE2B0D46174618D0E5
:105FA000FF2B21D0022B28D10846FFF773FE214694
:105FB00090F9000009F05BFB35692B783BB1124981
:105FC00020460BF06EFA294620460BF06AFA0120B3
:105FD00015E00846FFF75EFE3B460278294620465C
:105FE000BDE8F041FFF7BABE0846FFF753FE0622B0
:105FF00001462046FBF788FDE9E700202070BDE858
:10600000F08100BF243A01088A270108F8B5194B2E
:106010001646282202FB063300241A790470022A4D
:1060200007460D4603D0FE2A13D02046F8BD93F94B
:1060300018209142F9DB93F91C309942F5DC4FF0BE
:10604000000165F307013046FFF740FE0124387078
:10605000EBE70029E9DB3046FFF716FFA842E4DD55
:106060003046FFF703FF40FA05F313F00100E6D1D5
:106070000446DAE7243A01082DE9F84300230370C7
:10608000124B1746282202FB073306461B79FF2BCB
:106090000C4603D000252846BDE8F8830846FAF7E9
:1060A00079F80628F6D104F1FF3804F1050918F84B
:1060B000010FFBF7A1FB05460028EBD0C845F6D140
:1060C00021463846FFF726FE3070E4E7243A0108FF
:1060D000F8B5104E4FF0280C0CFB026600273679FD
:1060E0000770FE2E04460B46154603D0FF2E0BD03C
:1060F000022E0DD118460BF00FF82A460146204615
:10610000BDE8F840FFF782BFBDE8F840FFF7B4BF35
:106110003846F8BD243A010810B504460846B2B91D
:10612000FBF7C0FB042812D8DFE800F003090B0DD1
:106130000F00084920460BF02CFB012010BD06493A
:10614000F8E70649F6E70649F4E70649F2E70020D2
:10615000F4E700BF592701085E27010863270108FB
:10616000682701086E27010810B504460068FCF78F
:1061700037FF02492068FCF733FF10BD7427010880
:106180000D4B0E4A5B680360003B18BF012303718F
:1061900000234371B2F84C2080F88530122A8CBF5E
:1061A00002220122C0F8883080F88C3080F88D20DF
:1061B000A0F88E30704700BF5C030020FC02002076
:1061C00090F88530682B08D8C2180133DBB25171C2
:1061D00080F88530184400234371704708B50530B6
:1061E000F9F7CEFFB0FA80F0400908BD2DE9F04381
:1061F000064691B0084688461546F9F7CBFF06F1EA
:10620000050904464846F9F7C5FFE4B2631CC7B266
:10621000BB4203DB002011B0BDE8F08322464146BB
:1062200048460BF05AF90028F4D1231D22461E449B
:10623000BA4203461BD300F140036B44002403F829
:10624000404C0028E6D09DF800303D2BE2D13023B1
:1062500068468DF80030F9F79DFF2346DAB2904288
:1062600012D868460AF058FF28600120D3E716F8D4
:10627000011F202905D040336B440130C0B203F820
:10628000401C0132D2B2D3E740326A44013312F8E3
:10629000402C303A092AE1D9BCE700002DE9F0474B
:1062A0004379702B90B080460F46164671D18379A2
:1062B000202B6ED1C0790AF0BBFF00285CD00025EE
:1062C0004FF0020A2C4608F105094846F9F762FF2B
:1062D000824522D305F140030DEB0305002305F8A9
:1062E000403CC4B3E8461D4618F8010B0AF0A8FF6D
:1062F00078550135EBB2A342F6D300253D55013464
:10630000E4B26846F9F746FF6719FFB2874206EB29
:10631000050334D300221A702DE008EB0A035B79E1
:106320003D2B0ED0202B07D005F140016A1C0DEB50
:10633000010505F8403CD5B20AF101035FFA83FA82
:10634000C3E72C46F0E705F140036B4413F8400C1B
:106350000AF076FF78556846F9F71CFFE5B2A842C7
:1063600007EB050304F10104EDD800220A491A7075
:1063700030460BF00EFA012010B0BDE8F08707F1AF
:1063800040020DEB0207013517F8402C1A70EDB2F0
:10639000B7E70020F0E700BF772701082DE9F047B5
:1063A0002C4E282303FB016688B03379FE2B04466C
:1063B0000D4620D0FF2B4BD0022B2DD196F9185033
:1063C00025490068FCF71AFE2846694609F04FF98E
:1063D00069462046FFF7C8FE96F91C501F49206801
:1063E000FCF70CFE6946284609F041F9694620464B
:1063F000FFF7BAFE10E00846FFF738FDDFF86090BF
:10640000DFF860A080460027FEB20123324629460D
:106410006846FFF7A3FC10B908B0BDE8F087BBB22F
:1064200048FA03F3DB0711D520684946FCF7E6FD7F
:1064300006F130012068C9B2FCF73AFD20685146E8
:10644000FCF7DCFD69462046FFF78EFE0137DBE7EF
:106450000549CDE7243A0108792701088127010879
:10646000892701088C27010890270108F0B5044608
:106470008BB008460D46FFF721FD254F25490646FE
:106480002068FCF7BBFD282303FB05772068B9686B
:10649000FCF7B4FD20492068FCF7B0FD2EB91F4978
:1064A0002046FFF761FE0BB0F0BD0122294602A88D
:1064B000FFF76AFD206802A9FCF7A0FD3B79FE2BDF
:1064C00003D0FF2B1AD01649EAE72846FFF7E2FB74
:1064D000057814492068FCF791FD05F1300120682A
:1064E000C9B2FCF7E5FC10492068FCF787FD012ED6
:1064F000E9D10E492068FCF781FDE4E70C4B02A9C5
:106500005A786846FFF708FE0028DCD06946F1E7B4
:10651000243A0108892701088C2701089F270108D0
:1065200021260108AF2701089D270108B22701088D
:10653000FC02002038B54A4B1A6890F88C30012BC9
:10654000044640F08B80D0F88830D31AB3F5FA7F38
:10655000C0F08480434DC0F888202846FBF74FF8F0
:1065600009F094F801462068FCF748FD3E49206890
:10657000FCF744FD05F11400FBF78AFC09F086F8EE
:1065800001462068FCF73AFD38492068FCF736FDE3
:1065900095F8940009F07AF801462068FCF72EFD82
:1065A00033492068FCF72AFD95F98C0009F078F84A
:1065B00001462068FCF722FD2E492068FCF71EFDED
:1065C00095F98D0009F06CF801462068FCF716FD7E
:1065D00029492068FCF712FD95F9920009F060F84E
:1065E00001462068FCF70AFD21492068FCF706FDFA
:1065F00095F98E0009F054F801462068FCF7FEFC7E
:106600001C492068FCF7FAFC95F98F0009F048F85E
:1066100001462068FCF7F2FC18492068FCF7EEFC04
:1066200005F15000FBF73AFC80B209F043F801464F
:106630002068FCF7E3FC0E492068FCF7DFFC05F15D
:106640006400FBF72BFC80B209F034F801462068A7
:10665000FCF7D4FC0A492046FFF786FD38BD00BF91
:106660008C41002080310020D4270108C127010877
:10667000C4270108C7270108C2270108C927010844
:10668000CC2701082DE9F04190F88E3090B00446F7
:1066900043B93E493E4B91F85A005B7C3D4AB0B14C
:1066A0005B001370DFF8EC80394E002794F88D20E2
:1066B000FBB29A4208D994F88E5098F80030AB4259
:1066C0000CD8002384F88C3010B0BDE8F08191F82C
:1066D00059100029E5D084F88E30E1E7737C9D42A3
:1066E0004DD275B92C492068FCF788FC707C08F005
:1066F000CDFF01462068FCF781FC28492046FFF7C2
:1067000033FD284608F0C2FF01462068FCF776FCFE
:1067100023492068FCF772FC73190137987C08F054
:10672000B5FF01462068FCF769FC1E492068FCF7AC
:1067300065FC06EB8503586B08F0C6FF0146206830
:10674000FCF75CFC18492068FCF758FC2A4608A9AD
:106750003046FEF7A3FB694608F053FF6846FBF797
:10676000D3F820686946FCF749FC08A92046FFF7E2
:10677000FBFC94F88E30013384F88E3096E7ED1AE6
:1067800015F0FF05BDD10949ADE700BFFC020020AF
:10679000180C002045060020CE270108802E010895
:1067A000D6270108DD270108E7270108ED270108A2
:1067B00070B5254CE569AB0607D523689E0604D560
:1067C000606A224BC0B21B6898471F2328062362C9
:1067D00015D52368190612D51D4B1E4A1988138832
:1067E00089B29BB2994219D013880133C3F30803CD
:1067F00013801388184A9BB2D35CDBB2A3626A068B
:1068000020D5114803685B061CD5FBF767FE4023C3
:106810000362124BBDE870401B6818470A48FBF73B
:1068200066FE402323624FF0402202F5806353E866
:10683000003F43F0400302F5806040E8003100294A
:10684000F3D1DCE770BD00BF0044004054020020DB
:106850007237002070370020703500205802002069
:106860000848094A0188138889B29BB29942F9D035
:1068700013880133C3F3080313801388034A9BB2C0
:10688000D05C70476E3500206C3500206C330020E2
:10689000FFF7E6BF70B588B00C46064615460021E6
:1068A000202268460AF0F5FD231E18BF01231B03B2
:1068B000CDE9023569460C230348019604940593FB
:1068C00008F056FD08B070BD0044004010B5064CFD
:1068D000236823F001032360FFF7DCFF236843F004
:1068E0000103236010BD00BF0044004013B5164CE7
:1068F0002046FBF7EAFD19B314484FF400524FF459
:106900008061FFF7E3FF236823F0010323606368DE
:1069100043F400436360636823F480336360236857
:1069200043F00103236001220823CDE90032032351
:106930001A4604214FF09040FCF7A0FBFCF7B2F997
:10694000012002B010BD00BF00440040A08601003D
:1069500013B5164C2046FBF7B8FD19B314484FF495
:1069600000524FF48061FFF7B1FF236823F0010369
:106970002360636843F400436360636843F48033D7
:106980006360236843F00103236001220823CDE9FB
:1069900000320421032302224FF09040FCF76EFBEB
:1069A000FCF780F9012002B010BD00BF0044004098
:1069B000A086010073B5304C236823F0010308253D
:1069C000236001264FF40030FBF75EFD0421CDE982
:1069D000005603230A224FF09040FCF74FFB03239D
:1069E0001A462946CDE900564FF09040FCF746FB89
:1069F000002211462148FFF74DFF636823F49043BE
:106A00006360A36823F02A03A3601D4BA02283F8D0
:106A1000252320225A602046FBF769FDFBF75EFD27
:106A200040232362174B00211980174B1980FBF775
:106A30004CFD164B1980164B1980636823F40063D4
:106A40006360A36823F00803A360636823F48043B2
:106A50006360A36823F02203A360A36843F4805318
:106A6000A360236833432360E3699A02FCD5E3699A
:106A70005B02F9D502B070BD00440040801A0600E8
:106A800000E100E070370020723700206C350020F4
:106A90006E3500200649074A0B8812880133C3F37C
:106AA000080392B29A421EBF034AD0540B8070472B
:106AB000723700207037002070350020F8B50123B0
:106AC00080F86C3090F8BD30044603F0FF005BB1F5
:106AD00094F8BD5004F16C070026B3B29D4204D86F
:106AE000002384F8BD300120F8BD17F8010FFFF72F
:106AF000D1FF0136F1E700000148FBF7DDBC00BF24
:106B00000044004007B50E48FBF7DFFC036823F0A4
:106B100001030360436823F400434360036843F0C8
:106B20000103036000220823CDE90032042103237E
:106B30000A224FF09040FCF7A1FA03B05DF804FB85
:106B4000004400400E4B07B51A6822F001021A609B
:106B50005A6842F400425A601A6842F001021A6010
:106B600008230022CDE900320421032302224FF042
:106B70009040FCF783FA03B05DF804EBFCF792B8A1
:106B80000044004037B50446FFF714FF164B1A685F
:106B900022F001021A605A6842F400325A605A68C0
:106BA00042F480325A605A6842F400425A601A68CD
:106BB00042F001021A6008250123CDE900530222A8
:106BC000032304214FF09040FCF758FA03230222DC
:106BD00029464FF09040FCF7D6FA204603B0BDE8B6
:106BE0003040FFF7AFBF00BF0044004008B50023AE
:106BF00083810371C380038183720361014604486A
:106C0000FDF7ECF8BDE808400846FFF7BBBF00BF42
:106C100068330020036810B504461B689847237A40
:106C2000082B05D90A2B03D0092B02D0002323728D
:106C300010BD236820465B6898470028F6D00848B6
:106C4000036823B1FA21FDF7D9F80A23EFE72046BC
:106C5000FFF758FF0B232372BDE81040FFF74CBF2E
:106C60006833002001460148FFF7D4BF9017002089
:106C700001460148FFF7CEBF24070020037A0A2B04
:106C800010B5044607D1FFF73DFF0B232372BDE883
:106C90001040FFF731BF10BD0148FFF7EFBF00BF45
:106CA0002407002010B50446FFF74CFF0023237291
:106CB00010BD00000148FFF7F5BF00BF901700208E
:106CC0000148FFF7EFBF00BF2407002008B5017A95
:106CD000094A0A29126801D8026108BD0169521ADD
:106CE000142AFAD900220272FFF72CFF0348FBF79F
:106CF000F5FB40230362F0E78C4100200044004094
:106D00000238C0B210289ABF014B185C00207047AF
:106D1000A53901083B4B0246586A137A10B580B278
:106D200033B19389C31A9BB2FA2B84BF0023137229
:106D3000137A9081052B19D8DFE803F003080E338E
:106D40004A564F2912D1012313720FE0572901D15E
:106D50000223F9E70023F7E70023FF29937206D106
:106D600041F204731381537E002BF3D110BD9F2990
:106D70000FD901F01F000124947282F83200FFF74E
:106D8000BFFF507218B982F84B400923DCE7052396
:106D9000DAE71829DED80029F7D0032351721372DD
:106DA000E1E7B2F86E02B2F87242431C2340B2F837
:106DB00070429C421EBF801880F87412A2F86E3296
:106DC000937A517A0133DBB299429372DDD9CDE7E0
:106DD000907A431C1044DBB29372C176517A994287
:106DE000C4D801239376D0E7907A431C1044DBB2D9
:106DF000937280F83210517A9942B7D2012382F807
:106E00004B30C2E7004401402DE9F04389B0002334
:106E100001AFB0F868908DF804300446B8460125FB
:106E2000B4F86A2048461146EEB2FBF7C7FFA0B19E
:106E3000192D11D091451FBFA318B4F86C1093F809
:106E40006E30013214BF0A40002308F8013F18BF1A
:106E5000A4F86A200135E3E72E46B6B200240134D7
:106E600017F8010BA4B2FFF715FEA642F7D80120D0
:106E700009B0BDE8F08370B590F8665000F14C049D
:106E80000026B3B29D4200D870BD14F8010FFFF781
:106E900001FE0136F5E770B5457E044605B1FEE713
:106EA000012680F84C6090F8663033B1FFF7E3FFBD
:106EB00084F866503546284670BDB0F86A10B0F8C0
:106EC0006800FBF77BFF0028F5D02046FFF79CFF0A
:106ED000F0E7027FC37E02F0070243EA02230B8041
:106EE000838BC3F3CA034B80C369C3F38A338B809C
:106EF00090F82030C27F03F00F03DB0143EA520316
:106F0000CB80038CC3F30A130B81036AC3F3CA3328
:106F10004B8190F8243090F8232003F01F039B014D
:106F200043EA92038B81838CC3F34A13CB81C38CD6
:106F3000C3F30A030B8290F8283090F8272003F05F
:106F40003F035B0143EAD2034B82836AC3F38A1394
:106F50008B82438DC3F34A03CB8290F82C3090F898
:106F60002B2003F07F031B0143EA12130B83C36A38
:106F7000C3F3CA134B83C38DC3F38A038B8390F887
:106F8000303090F82F20DB0043EA5213CB8390F887
:106F9000312040F2547312F0010F14BF1A46AC2294
:106FA0000A8490F8312012F0020F08BFAC234B8402
:106FB0007047437E70B504460D463BB10023037213
:106FC0008E18B54203D100232372A37670BD2368C7
:106FD00015F8011B1B6820469847F2E70346407EE0
:106FE00030B568B193F8664004F0FF054CB103F189
:106FF0004D040C6093F866101170002283F866202F
:1070000030BD2846FCE7000042766AB301230376D0
:1070100040F2FF11A0F86C1040F2FF710023A0F8BD
:1070200072127F2180F84C30A0F86A308376A0F885
:10703000683080F84B30A0F8703280F86630A0F8E5
:107040006E32A0F8763AA0F8743AA0F8781A80F870
:10705000FA3AC0F8FC3A52B9054B064A1A60064B98
:10706000064A1A60FFF7C2BD01760029D0D17047E9
:1070700054020020656C000858020020B56C00081E
:10708000F8B5477E04460D4617B100263046F8BDD8
:10709000037E002BF9D0FFF719FEA37E03F0FF0655
:1070A000002BF2D0A77629462046FFF712FFEDE726
:1070B000427E10B50346E2B9007EB8B193F84C4069
:1070C00004F0FF0094B11C7983F84C200CB11A71C4
:1070D000DA80DC889A790134052ADC8007D0092A15
:1070E00005D0012A4FF0000305D10B7010BD01231C
:1070F000FBE70020FAE71846F8E70346007E60B198
:1071000093F84B2002F0FF003AB1002283F84B20A5
:1071100093F8323003F01F030B707047F8B5064642
:107120000D461746002119224D300AF0B2F92846C3
:10713000FFF7E6FD05F01F050446603D01340246F9
:1071400086F84D50394606F14E00E4B20AF029FBAC
:1071500086F86640F8BD000070B590F8FA4A0CB1A8
:10716000002070BDB0F8745AB0F8763AEE1AB2B298
:10717000360444BF803292B2002AF1D00D4A16681C
:10718000427E22B1D0F8FC2A921B092AE8D90022BB
:107190009D42C0F8FC6A80F8FA2A08D0C218013370
:1071A00092F87A4AB0F8782A1340A0F8763A0C7030
:1071B0000120D6E78C41002010B5314C86B0182252
:1071C000002168460AF065F923788DF8063094F8B6
:1071D0005830002B41D12B48FDF70AFEADF80000D6
:1071E0002848FDF71CFE9DF8073094F855208DF8CF
:1071F000030062F303038DF80730234B93F8A420B8
:1072000092B39DF8052042F001028DF8052093F815
:10721000C52093F8C6308DF8042003F00F039DF8C5
:1072200007201A4863F30712194B8DF807201B79C2
:107230009DF802205B0043F0010322F0030203F0FB
:10724000030313438DF802306A462F230B218DF878
:107250000830FFF763FF06B010BD0E48FDF7C8FD0C
:10726000ADF800000B48BCE7BDF8043023F4FF7311
:1072700023F0010343F07F03ADF804300523CEE78C
:10728000FC02002048320020380500209017002022
:10729000480600202C3200207FB5182200216846C5
:1072A0000AF0F7F842F6A200FAF7B2FBADF80000D8
:1072B00042F6A100FAF7ACFB0749ADF80200142230
:1072C00001A8FAF70FFC05486A460421FFF726FFDC
:1072D00007B05DF804FB00BFF527010890170020F8
:1072E00010B5134C86B01822002168460AF0D1F878
:1072F00094F8A430C3B1D4F8A800FAF789FBADF82C
:107300000000D4F8AC00FAF783FB1422ADF80200B9
:1073100004F1B00101A8FAF7E5FB06486A46052129
:10732000FFF7FCFE06B010BD03491422F2E700BFD0
:107330003805002090170020212601082DE9F04F84
:107340000C463549282303FB041189B00746204623
:10735000FEF78CFD0B79D1F82080FE2B814603D1FE
:107360004FF6FF73984206D14146384609B0BDE852
:10737000F04F0AF00EBA2046FEF78CFC002590F87C
:1073800000B02E46AA462C46EAB240460192F8F7D3
:1073900001FF019A013090424FF02D0102D809B04F
:1073A000BDE8F08F18F802000AF1200CEC440AF155
:1073B00001032C28DBB20CF8180C00D040BB5E4552
:1073C00003D049FA06F0C00718D50DF1080E0022C7
:1073D000D0B254FA82FC83425FFA8CFC08D8544441
:1073E000013404F0FF040136502CF6B20FD9FEE749
:1073F0001EF8010B07F80C000132E9E73955631C50
:10740000DBB218F80220FA540234E4B2EBE70023AE
:1074100001359A46B8E700BF243A0108044B1870BA
:10742000044B0548002207211A70FBF7BBBC00BFC4
:10743000D82F0020D92F00200422002008B50B7877
:10744000033B082B20D8DFE803F010050C1F1A1FA0
:107450001F1F0E00042100F67420BDE80840FBF752
:10746000A1BC0521F7E70B21F5E7042100F6742004
:10747000FBF798FC0521FBF795FC0B21EDE7BDE838
:1074800008404878FFF7CABF08BD000070B56E4DD0
:107490002C782E2C86B00ED918220021684609F0CF
:1074A000F8FFFF2369488DF800306A460721FFF78F
:1074B00035FE06B070BD664E317800294BD10223EF
:1074C00033701822634E684609F0E3FF282303FB5C
:1074D00004638DF800401B79FE2B27D0FF2B2DD0A5
:1074E000022B09D1012320468DF80130FEF7D2FB93
:1074F00090F900308DF812302B78282202FB0366B9
:107500000DF10200B1681022FAF7ECFA4F4807219A
:107510006A46FFF703FE29784F48FFF70FFF4F48F1
:10752000072106B0BDE87040FBF73CBC04232046B1
:107530008DF80130FEF7AEFB0378DBE7052320462C
:107540008DF80130FEF7A6FB062201460DF1120070
:10755000FAF7C8FAD0E7022942D10021182268467A
:10756000317009F096FF3B4B8DF80040282202FB5A
:1075700004331A79022A0DD0FE2A1BD06A4608214C
:107580003248FFF7CBFD3378002BC8D12B7801337D
:107590002B708EE71A7D8DF805201A7E8DF801205C
:1075A0001A7F8DF80320196906220DF10700FAF7FA
:1075B00099FAE3E75B6A83B11B882749ADF801308C
:1075C00015220DF10300FAF78DFA2348F8F7E2FDD2
:1075D000142884BF03233370D0E74FF6FF73ECE722
:1075E000032917D1002118226846317009F051FF94
:1075F0001B498DF8004017220DF10100FAF772FACD
:107600001548F8F7C7FD2B2884BF042333706A465A
:107610000921B5E783D9002118226846317009F0A5
:1076200038FF0DF101000F498DF800401722FAF7DD
:1076300059FA9DF800300548803B6A4609218DF8CB
:107640000030FFF76BFDA1E7D82F00209017002036
:10765000D92F0020243A0108DA2F0020042200202C
:10766000EF2F00200630002010B500230B700246DB
:1076700000782E280C4611D8094B282101FB003335
:107680001B79FF2B06D0B2F90110FEF71FFB20700B
:10769000012010BD511CFEF73DFBF8E71846F8E746
:1076A000243A0108043807280DD8DFE800F0040662
:1076B0000C080C0C0C0AFFF7EFBDFFF711BEFFF72B
:1076C000E5BEFFF779BD704738B5530705460C4650
:1076D0000BD422F0004222F03F0222B12549BDE83E
:1076E00038400AF056B82449F9E724490AF051F81D
:1076F000A10702D522492846F1E7A20601D5214972
:10770000F9E7630501D52049F5E7200401D51F49B4
:10771000F1E7A10501D51E49EDE7A20301D51D49F9
:10772000E9E7230601D51C49E5E7E00501D51B493A
:10773000E1E71B4BA34301D11A49DCE76103FBD40A
:10774000E20301D51849D6E7230501D51749D2E749
:10775000E00601D51649CEE7610701D51549CAE70C
:10776000220701D51449C6E7E30201D51349C2E750
:1077700038BD00BF012801080628010809280108B2
:107780000E28010813280108162801081B280108E3
:10779000202801082528010805330108F8340108CC
:1077A000100001002A2801082F280108653301086C
:1077B00034280108372801083C280108402801081E
:1077C00010B51422044600212A3009F062FE00237D
:1077D00084F8F7324FF07F42A4F8FC3284F8FE328E
:1077E000C4F80033FF23C4F8F82284F8043310BD32
:1077F0000B68C0F890304B68C0F894300B7A80F872
:107800009830012380F82D3080F8333090F896308E
:10781000DB0980F8FE327047993001F1280351F8F6
:10782000042B40F8042B9942F9D10B8803808B7804
:107830008370704710B500F1C40301F1340251F8B0
:10784000044B43F8044B9142F9D1012380F82E30C8
:1078500010BDF83001F11C0351F8042B40F8042B43
:107860009942F9D10B780370704710B500F21513E7
:1078700001F11C0251F8044B43F8044B9142F9D139
:10788000012380F8323010BD10B500F2311301F140
:107890001C0251F8044B43F8044B9142F9D140F2D9
:1078A00001134385012380F8303080F8F93290F8D5
:1078B000FE3253B990F8FD323BB9D0F83931C0F8F7
:1078C0005332D0F83531C0F84F3210BD00F2671096
:1078D00001F1100351F8042B40F8042B9942F9D11F
:1078E0000B880380704700F24D1001F1180351F826
:1078F000042B40F8042B9942F9D10B880380704780
:1079000010B500F2791301F1140251F8044B43F859
:10791000044B9142F9D1012380F83130D0F89930ED
:1079200013F0100308D0D0F89D3013F010031CBFE3
:10793000D0F8A130C3F3001380F83D3010BD0B7BAD
:10794000192B30B51FD1CA7A90F8FB329A421AD857
:1079500091F82630012B16D00B4600F28D1201F162
:10796000240453F8045B42F8045BA342F9D11C8859
:1079700014809B789370012380F8323080F8FA32BB
:10798000CB7A80F8FB3230BD00F5DA7001F11403D8
:1079900051F8042B40F8042B9942F9D10B8803804D
:1079A000704791F8203030B57BB90B4600F5E57291
:1079B00001F1340453F8045B42F8045BA342F9D1AB
:1079C0001B881380012380F82F3091F82030012B81
:1079D0000ED100F5007301F1340251F8044B43F865
:1079E000044B9142F9D10A881A80012380F834307F
:1079F00030BD0B68C0F836324B68C0F83A320B7AAB
:107A000080F83E32012380F8FC3270470B68C0F8E2
:107A10003F324B68C0F84332012380F83230704760
:107A20000B68C0F847324B68C0F84B32012380F82E
:107A30003630704710B500F24F2301F13C0251F887
:107A4000044B43F8044B9142F9D1012380F83030C4
:107A500080F8FD3210BD10B500F28B2301F1340225
:107A600051F8044B43F8044B9142F9D10A881A802B
:107A7000012380F82C3010BDF0B500252C460126DE
:107A8000AB4206D803680C4004FA02F213430360C9
:107A9000F0BD06FA05F73C430135F1E770B5044641
:107AA000084694F82A6016B90026304670BD94F84E
:107AB000E0300022022B84F82A20F5D90A60D4F89D
:107AC0003551002DC8BF6D423223B5FBF3F11E23A3
:107AD00001EB4101FFF7D0FFD4F8351102231E223C
:107AE000C90FFFF7C9FFE0E770B50446084694F8F0
:107AF0002B6016B90026304670BD94F8E0300022A5
:107B0000022B84F82B20F5D9D4F839510260002DCE
:107B1000C8BF6D423223B5FBF3F11E2301EB4101D7
:107B2000FFF7AAFFD4F83931002B4FF002034FF0D2
:107B30001E02B4BF03211946FFF79EFFDBE738B5ED
:107B40000446084694F8F722C2B994F82C30F3B3EF
:107B500084F82C2004F28B2304F2C12204F2BF210A
:107B600053F8045B42F8045B8B42F9D11B88138005
:107B7000012384F8F732002384F8F83200230360ED
:107B8000182594F8F832312B06D85A1C234484F86F
:107B9000F82293F8C212E1B994F8C11201231940F6
:107BA0000722FFF769FF94F8C11201230F22C1F3E6
:107BB0004001FFF761FF94F8C11201231722C1F3BE
:107BC0008001FFF759FF002384F8F732012318469C
:107BD00038BD2A46083D0723EDB2FFF74DFFF82DCB
:107BE000CFD194F8F832312BD6D8EFE703462DE900
:107BF000F04793F82D600846002E62D093F83C526F
:107C0000D3F89010B3F88B4193F8FE8293F8FC728E
:107C10000022AD1A83F82D2001F1010118BF0125C2
:107C20004CB1632CD7BFC4EB84143F24313464229D
:107C3000D8BFB4FBF2F4B3F91331002B44D0642263
:107C400093FBF2F3522BA8BF5223132BB8BF13237D
:107C5000A3F113094FF0000A05235246C0F800A013
:107C6000FFF70AFF022305225146FFF705FF4146B1
:107C700001230722FFF700FF01230822FFF7FCFE84
:107C8000514601230922FFF7F7FE02230A22FFF7DC
:107C9000F3FE01230C22FFF7EFFE01230D223946EC
:107CA000FFF7EAFE01230E222946FFF7E5FE072330
:107CB00013222146FFF7E0FE06231A224946FFF76A
:107CC000DBFE3046BDE8F0879946C3E72DE9F8436F
:107CD00090F82E800D46B8F1000F3AD090F8E130C0
:107CE0000021FF2B80F82E1003D00F2B28BF0F236D
:107CF000194690F8E090B9F1030F2DD84FF0000627
:107D00002FD07F273446002228462A600423FFF71D
:107D1000B3FE022304224946FFF7AEFE01220221F0
:107D20003846FAF749F90823014606222846FFF7A4
:107D3000A3FE02230E223146FFF79EFE02221146C9
:107D40002046FAF739F90A23014616222846FFF79A
:107D500093FE4046BDE8F883A9F10306062E28BF2E
:107D600006260A23B0F8D870D0F8D440B7FBF3F752
:107D70000B4B7F2FA8BF7F279C4208DC094B9C42FE
:107D800009DB64234FF0030994FBF3F4BBE7064CD3
:107D90004FF00309B7E7054C4FF00309B3E700BF05
:107DA000C3C9C1003D363EFF18F00100E80FFEFFD9
:107DB0002DE9F04F90F8303085B005460E462BB9CE
:107DC00000230093009805B0BDE8F08F002380F8F1
:107DD000303090F8F9320093002BF1D0D0F84F02F8
:107DE000F8F7DEFE6A49F8F72FFF6A49F8F72CFF2B
:107DF0008146D5F83501F8F7D3FE6549F8F724FF39
:107E00006449F8F721FF8046484608F00FF883469A
:107E1000404608F00BF80746D5F83901F8F7C0FEE0
:107E20005B49F8F711FF5B49F8F70EFF0446D5F8F8
:107E30005302F8F7B5FE5649F8F706FF5549F8F72B
:107E400003FF01462046F8F7F5FD824608F02AF8C0
:107E50000190404608F026F80446484608F022F80B
:107E60000390504607F0E2FF214602905846F8F78B
:107E7000EBFE039B044619463846F8F7E5FE029AE6
:107E80001146F8F7E1FE01462046F8F7D3FD0199C7
:107E900004463846F8F7D8FE214607F0ABFF3E49C6
:107EA000F8F7D2FE00210446F9F76CF820B120461D
:107EB0003A49F8F7C1FD04462046F9F7A1F880B227
:107EC000A0F1B40424B2002CBCBFB43004B2B4F5A9
:107ED000B47FA8BFA4F5B47449464046A8BF24B2F5
:107EE000F8F7A8FD4FF07C51F8F7AEFE07F0DAFF87
:107EF0004FF07C5180465046F8F7A6FE07F0D2FFBF
:107F00000146F8F7A1FE5946F8F79EFE3946F8F704
:107F10009BFE414607464046F8F796FE0146384626
:107F2000F8F78AFD07F068FF002707F043FF1C49B8
:107F3000D5F841513760642395FBF3F5F8F784FEDB
:107F4000F9F75EF8F8F72CFEF9F75AF80222032148
:107F5000FAF732F80C2301463A463046FFF78CFD1B
:107F60002846F8F71DFEF9F74BF802220321FAF72D
:107F700023F80D2301460C223046FFF77DFD072331
:107F80001922032194FBF1F1FFF776FD1AE700BFF8
:107F900095BFD63335FA8E3CE12E65420000B443DE
:107FA000706D424B2DE9F84390F8319004460D4630
:107FB000B9F1000F3BD000261E4980F83160D0F89F
:107FC0008501F8F741FE08F01BF81A498046D4F8FD
:107FD0007D01F8F739FE08F013F8B4F989112E6025
:107FE0000746404601EB8104F9F70AF80122022115
:107FF000F9F7E2FF0923014632462846FFF73CFD28
:108000003846F8F7FDFF01220221F9F7D5FF0823D2
:10801000014609222846FFF72FFD0B231122214696
:10802000FFF72AFD01231C223146FFF725FD4846B4
:10803000BDE8F883000020412DE9F84390F83D9019
:1080400004460D46B9F1000F3BD000271E4980F8C9
:108050003D70D0F88501F8F7F7FD07F0D1FF1A4918
:108060008046D4F87901F8F7EFFD07F0C9FFB4F9BD
:1080700089112F600646404601EB8104F8F7C0FFE6
:1080800001220221F9F798FF092301463A462846C2
:10809000FFF7F2FC3046F8F7B3FF01220221F9F7AF
:1080A0008BFF0823014609222846FFF7E5FC0B2336
:1080B00011222146FFF7E0FC01231C221946FFF79D
:1080C000DBFC4846BDE8F883000020412DE9F04183
:1080D00090F8328004460D46B8F1000F3ED00023E0
:1080E00080F832302449D0F81901F8F7ADFD234962
:1080F000F8F7AAFD2249F8F79FFC07F081FFF8F78F
:108100007FFF1D490746D4F81D01F8F79DFD1B4967
:10811000F8F79AFD1B49F8F78FFC07F071FFF8F7A5
:108120006FFF94F8FA320646DBB1B4F895410022AD
:1081300028462A600B233946FFF79EFC0A230B22B0
:108140003146FFF799FC012203212046F9F734FF5D
:108150000B23014615222846FFF78EFC4046BDE85A
:10816000F0810949D4F83F02F8F76EFD07F048FFA7
:10817000F8F746FF0446DAE7E12E65420000A0402A
:10818000000061440000E1430000C84238B50346E6
:10819000084693F8334014B90024204638BD93F8BC
:1081A00004230132D2B20021032A83F833100FD9FD
:1081B00083F8041393F89410012500220260182319
:1081C000FFF75AFC082318222946FFF755FCE4E77D
:1081D00083F80423002AEDD0012ADDD1D3F800135F
:1081E0000029D9D00425E8E71C2945D8DFE801F0AB
:1081F0000F121416181A1C1E442044224424262848
:108200002A2C2E30323436383A3C3E4042001B494C
:1082100009F0BFBA1A49FBE71A49F9E71A49F7E723
:108220001A49F5E71A49F3E71A49F1E71A49EFE75E
:108230001A49EDE71A49EBE71A49E9E71A49E7E76E
:108240001A49E5E71A49E3E71A49E1E71A49DFE77E
:108250001A49DDE71A49DBE71A49D9E71A49D7E78E
:108260001A49D5E71A49D3E71A49D1E71A49CFE79E
:108270001A49CDE71A49CBE71A49C9E7FC32010888
:1082800009280108452801084A2801084F28010843
:1082900054280108592801085E28010863280108AC
:1082A000682801086D2801087228010816280108AD
:1082B000772801087C280108812801088628010800
:1082C0008B28010890280108952801089A280108A0
:1082D0009F280108A4280108A9280108AE28010840
:1082E000B328010821260108192941D8DFE801F047
:1082F0000D10121416181A1C1E4020222426282A9B
:108300002C2E30323436383A3C3E1A4909F041BA04
:108310001949FBE71949F9E71949F7E71949F5E759
:108320001949F3E71949F1E71949EFE71949EDE769
:108330001949EBE71949E9E71949E7E71949E5E779
:108340001949E3E71949E1E71949DFE71949DDE789
:108350001949DBE71949D9E71949D7E71949D5E799
:108360001949D3E71949D1E71949CFE71949CDE7A9
:108370001949CBE7202801085E280108FC320108D2
:10838000B828010809280108BD280108C2280108E9
:10839000C7280108162801084A2801085928010899
:1083A00054280108CC280108862801084F28010814
:1083B000D1280108D6280108DB280108E028010897
:1083C000E5280108EA280108EF280108F428010837
:1083D000F9280108FE28010821260108102925D8BE
:1083E000DFE801F0090C240E1012141618241A1CD0
:1083F0001E24242022000E4909F0CBB90D49FBE7C9
:108400000D49F9E70D49F7E70D49F5E70D49F3E7A0
:108410000D49F1E70D49EFE70D49EDE70D49EBE7B0
:108420000D49E9E70D49E7E70D49E5E70D49E3E7C0
:10843000202801080928010803290108F834010847
:10844000542801089A280108082901080D29010863
:108450004A28010859280108902801084F280108D6
:10846000D128010821260108142921D8DFE801F0CC
:108470000B0E10121420201620182020202020205F
:108480001A20201C1E000B4909F083B90A49FBE79A
:108490000A49F9E70A49F7E70A49F5E70A49F3E71C
:1084A0000A49F1E70A49EFE70A49EDE70A49EBE72C
:1084B0000A49E9E7FC3201080928010812290108E4
:1084C0004A2801084F2801085E28010817290108D9
:1084D00077280108202801081C2901082126010805
:1084E00023289ABF014B185C02207047B639010857
:1084F0000B46013B1146032B0BD8DFE803F00204C7
:108500000608FFF771BEFFF7EFBEFFF767BFFFF783
:10851000ABBF014909F03DB92126010838B53D4BF3
:108520000446821C03F1280153F8040B42F8040BA3
:108530008B42F9D100252946C4E9245584F8985086
:108540002B2204F1990008F0A4FF2946342204F1FB
:10855000C40008F09EFF29461D2204F1F80008F02F
:1085600098FF29461C2204F2151008F092FF2946B4
:108570001C2204F2311008F08CFF29461A2204F262
:108580004D1008F086FF2946122204F2671008F009
:1085900080FF2946142204F2791008F07AFF294658
:1085A000272204F28D1008F074FF2946162204F5E4
:1085B000DA7008F06EFF2946362204F5E57008F0FF
:1085C00068FF2946362204F5007008F062FF29464C
:1085D000C4F83652C4F83A5284F83E52C4F83F52B6
:1085E000C4F84352C4F84752C4F84B523C2204F238
:1085F0004F2008F04EFF2946362204F28B2008F067
:1086000048FF3622294604F2C12008F042FF2046E6
:1086100038BD00BF382401082DE9F04FC77E837EA6
:10862000457F867F90F820E090F82B8090F819C065
:10863000BF000C4647EA931703F03F01037F03F0A6
:10864000010247EA822705F00F02D20142EA5302F3
:1086500006F07F031B0143EA1513C57F89B06D0047
:1086600045EAD6150EF00306059345EA462390F831
:108670002160009306F01F05AD0145EA9E0390F8C6
:10868000225090F824E00193ED0045EA561390F84B
:10869000235002930EF0070645EA062390F8255072
:1086A000039305F03F06760146EADE0390F8266064
:1086B00090F827E00493B60046EA95160EF00105FF
:1086C00046EA852690F82850069205F00F0B4FEAEF
:1086D000CB1B4BEA5E0B90F829E00EF07F0A4FEAC5
:1086E0000A1A4AEA151A90F82A506D0045EADE1572
:1086F00008F0030E45EA4E2590F82CE00EF01F0915
:108700004FEA891949EA9809490190F82D80007EBD
:1087100041EADC010CF0070C40EA0C204FEAC808E3
:1087200048EA5E180791F8F7F5FF07992080084698
:10873000F8F7F0FF60803846F8F7ECFF069AA08063
:108740001046F8F7E7FF059BE0801846F8F7E2FFD0
:1087500020810098F8F7DEFF60810198F8F7DAFFD2
:10876000A0810298F8F7D6FFE0810398F8F7D2FFCE
:1087700020820498F8F7CEFF60823046F8F7CAFFEF
:10878000A0825846F8F7C6FFE0825046F8F7C2FFCD
:1087900020832846F8F7BEFF60834846F8F7BAFF03
:1087A000A0834046F8F7B6FFE08309B0BDE8F08F3C
:1087B0004A78013A92B202310020F9F70DB8000070
:1087C00038B504460175002937D0002580F8BD5022
:1087D000034680F86C5000F1500280F8655080F834
:1087E000665080F8675080F8685080F86A5080F8CA
:1087F0006B5083F88451C3F8885108339342F8D101
:108800004FF6FF73A4F8BE300C4BC4F8C03004F52B
:10881000EA70FEF7D5FF0A4B0A4A1A600A4B0B4A68
:10882000C4F8DC54A4F8E054C4F8E45420461A60B8
:10883000FEF7DCF9064B074A1A6038BD0000C07F1E
:1088400054020020716C000858020020C16C00081E
:1088500068330020996C0008037D70B504460D460E
:1088600013B90026304670BDFEF730FA94F8653033
:1088700003F0FF06002BF4D0002384F8653004F1E8
:1088800015012046FFF794FFA37D23449B7D83427F
:10889000E7D129462046FFF7BFFEE3E70346007D08
:1088A00030B560B393F86C4004F0FF003CB31D7921
:1088B000002483F86C403DB1132A1C7111D8114C6F
:1088C00022784AB901222270DA88541CD2B2DC80A4
:1088D00052B903230B7012E0013AD2B22270002A7F
:1088E000F2D10022DA80EFE793F8672002F0FF046C
:1088F00032B1002283F8672005230B70204630BD7B
:108900000423E7E746060020027D03460AB900205B
:10891000704790F8682002F0FF0022B1002283F82F
:1089200068200A70704793F86A2002F0FF002AB1AD
:10893000002283F86A2001230B70704793F86B20A4
:1089400002F0FF0022B1002283F86B200223F3E73C
:1089500093F8662002F0FF00002AD8D0002283F8A6
:1089600066205A7DEE2AD2D1DB7D812BCFD1032325
:10897000E2E738B504461D46EA23084684F86D3020
:10898000AB1C114684F86E302A4684F86F0004F15F
:10899000700008F006FF04F16D012046FFF708FFA4
:1089A0006319043583F87000EDB284F8BD5038BD0A
:1089B00013460A468221FFF7DCBF000070B50C4663
:1089C00000F1DC06054610220021304608F061FD6A
:1089D0006379032B10D12079FFF782FD22680146CD
:1089E000D2B23046FFF784FD94F90630002B03DB4A
:1089F0000349304608F055FD012385F8843170BDE8
:108A00002129010837B504460D460868496850EA2F
:108A1000010331D0194A0023F8F788FBCDE90001A2
:108A2000684608F07FFD436903F26C735BBAA4F8F3
:108A3000D3300369114A013384F8D530C36884F810
:108A4000D630836884F8D730436884F8D830036818
:108A500084F8D930286869680023F8F767FB104666
:108A600019464FF47A720023F8F760FB40BA0123ED
:108A7000A4F8DA0084F8CC3103B030BD40420F00D6
:108A8000002310B51A464FF6FF74191D00EB410183
:108A900001334988A14218BF52180A2BF5D1B0F80A
:108AA00029301344B0F82B201A44B0F82D30B0F818
:108AB0002F001344184410BD2DE9F04190F82F7099
:108AC00004460D4697B3002680F82F6000F5E57048
:108AD000FFF7D6FFB4F9E831D4F8CA812E60B3426B
:108AE000B8BF34464FF0640290FBF2F1A8BF0A22EF
:108AF0002846A8BF93FBF2F409230022FEF7BCFF2F
:108B0000012202212046F9F757FA082301460922DB
:108B10002846FEF7B1FF47F6FF7141454FF00F03BE
:108B20004FF01102A8BF4146FEF7A6FF3846BDE848
:108B3000F0812DE9F04190F8347004460D4697B36A
:108B4000002680F8346000F50070FFF799FFB4F953
:108B50001E32D4F800822E60B342B8BF34464FF0C4
:108B6000640290FBF2F1A8BF0A222846A8BF93FB3B
:108B7000F2F409230022FEF77FFF012202212046A2
:108B8000F9F71AFA0823014609222846FEF774FF6E
:108B900047F6FF7141454FF00F034FF01102A8BF98
:108BA0004146FEF769FF3846BDE8F081F0B591B067
:108BB0000D46F22301A904461646ADF80830FFF72A
:108BC00015F838B12389ADF80A30019B03930123CE
:108BD0008DF8093001A92046FFF7E4F970B19DF83E
:108BE000093010A9062202FB0312218A22F8361C42
:108BF0000133019942F8341C8DF8093001A920464F
:108C0000FFF71AFA70B19DF8093010A9062202FB8D
:108C10000312218D22F8361C0133019942F8341CCD
:108C20008DF8093001A92046FFF750FA70B19DF880
:108C3000093010A9062202FB0312618A22F8361CB1
:108C40000133019942F8341C8DF8093001A92046FE
:108C5000FFF73CF870B19DF8093010A9062202FB1D
:108C60000312618922F8361C0133019942F8341C41
:108C70008DF8093001A92046FEF710FF70B19DF86C
:108C8000093010A9062202FB0312618822F8361C63
:108C90000133019942F8341C8DF8093001A92046AE
:108CA000FEF722FF70B19DF8093010A9062202FBE1
:108CB0000312A18822F8361C0133019942F8341CB2
:108CC0008DF809309DF80970082F11D801A92046A8
:108CD000FFF7F2FE60B110AA062303FB0723A28967
:108CE00023F8362C0137019A43F8342C8DF809709B
:108CF0009DF80970082F11D801A92046FFF719FF28
:108D000060B110AA062303FB0723E28A23F8362C5E
:108D10000137019A43F8342C8DF809709DF80970D9
:108D2000082F11D801A92046FFF742F860B110AA18
:108D3000062303FB0723E28923F8362C0137019A27
:108D400043F8342C8DF809709DF80970082F11D85C
:108D500001A92046FFF71AFA60B110AA062303FB07
:108D60000723A28A23F8362C0137019A43F8342CC2
:108D70008DF809709DF80970082F11D801A92046B7
:108D8000FEF7DDFE60B110AA062303FB0723E2888D
:108D900023F8362C0137019A43F8342C8DF80970EA
:108DA0009DF8090050B100EB400043000233DAB2F5
:108DB000327002A9284608F0F4FC012011B0F0BD81
:108DC0002DE9F04F334B04461F68064600F1500171
:108DD000034697B040F6C4100125D3F8882122B18C
:108DE000BA1A824288BF83F8845108338B42F4D187
:108DF0004FF000088DF8078004F17809254604F14A
:108E00006D0A96F884319DF807B05BB395F814317C
:108E10000BEB03022B2A0DDD9DF8075045B32A46C4
:108E200002A904F16D0008F0BCFC84F8BD5017B035
:108E3000BDE8F08F86F88481C6F88871D5F81021D6
:108E400095F80C112046FFF794FD02AB03EB0B00E5
:108E500094F8BD20514608F0A4FC94F8BD305B4462
:108E60008DF807300C354D4506F10806C9D1D3E71A
:108E70000DF1070202A904F5EA70FFF797FE00283A
:108E8000D5D09DF8073002AA80212046FFF771FD5A
:108E9000CDE700BF8C41002070B591F8205004460A
:108EA0000E465DBB0846FFF7EBFD642390FBF3F035
:108EB00040BAA4F8EC00B6F91E30591C1CBF0A25B4
:108EC00093FBF5F56DBAA4F8EE5033680C4A23EA2B
:108ED000E373934228BF13461A0C84F8F0201A0A51
:108EE00084F8F12084F8F23096F923305A1C08BF38
:108EF000002384F8F330012384F8C43170BD00BF2F
:108F0000FFFF7F0038B50D4604460F49A868F7F704
:108F10009BFEF8F775F840BAA4F8F40068680A49AF
:108F2000F7F792FEF8F76CF840BAA4F8F600E86894
:108F30000549F7F789FEF8F763F8012340BAA4F86A
:108F4000F80084F8943138BD00401C4610B54B68D9
:108F50001BBAC0F8C4308B681BBA4FF47A72C0F8E1
:108F6000C830CB6893FBF2F31344044683F3100339
:108F70005BBAA0F8D0304B8B5BBA1149A0F8CE3069
:108F8000D0F8C000F7F760FE0E49F7F75DFEF8F77E
:108F90005DF840BA94F8BE30A4F8CC00FF2B0CD09A
:108FA00094F8BF20FF2A02D0934238BF134684F8BA
:108FB000D230012384F88C3110BD0023F7E700BFC5
:108FC000000020416666664070B50D4604460D49B6
:108FD0002868F7F739FEF8F739F840BA0126A4F8FF
:108FE000FF0084F8AC616B68C4F8C030E8680649DB
:108FF000F7F72AFEF8F704F840BAA4F8FA0084F864
:109000009C6170BD000010420000C84270B50D4662
:10901000044611496868F7F717FEF8F717F800BA21
:10902000C4F80401B5F90C3001261BBAC4F80831A4
:1090300084F8BC6184F80161B5F90C00F7F7B0FD64
:109040000649F7F701FEF7F7DBFF40BAA4F8020183
:1090500084F8B46170BD00BF0000C842CDCCCC3DE7
:1090600070B58A68C2F317024A2A90B004460B46CC
:1090700000F0198144D8212A26D8172A0AD8012AB3
:1090800000F04D81022A00F09880002A00F08880CC
:1090900010B070BD183A092AFAD801A151F822F08F
:1090A0001192000891900008919000086B930008BD
:1090B00091900008DD920008F59100089190000859
:1090C00091900008C19200082A2A00F074813E2A7B
:1090D000DED14D78192D01F10C0100F290812A4664
:1090E00001A808F05EFB01ABC5F11A020021581976
:1090F00008F0CFF901A904F5EA70FEF7F4FBC7E721
:10910000A22A00F0B0812ED8882A00F086811BD8D0
:109110007C2A00F0A580842ABAD14D78262D01F151
:109120000C0100F2A9812A4601A808F03AFB01AB24
:10913000C5F127020021581908F0ABF901A904F57F
:10914000EA70FEF7FCFBA3E7932AA1D101A8F9F787
:1091500091FB01A92046FFF79FFE01A904F5EA70E3
:10916000FEF71FFC94E7F22A00F0A1810DD8AD2A8A
:1091700000F09481E22A8BD101A8F9F7CDFB01A977
:1091800004F5EA70FEF74CFC82E7FD2A80D101A8C5
:10919000F9F770FB01A904F5EA70FEF75CFC77E7CC
:1091A00001A8F9F79FFB01A92046FFF707FC01A9D9
:1091B00004F5EA70FEF71CFB6AE74D780B2D01F110
:1091C0000C0610D82A46314601A808F0EAFA01AB8D
:1091D000C5F10C020021581908F05BF901A92046DD
:1091E000FFF710FC54E7C868716801AA03C2B068B1
:1091F0001060F3E7194601A8F9F759FB01A92046C9
:10920000FFF780FE01A904F5EA70FEF72EFB3FE7A9
:109210005D78332D03F10C0114D82A4601A808F01B
:10922000C0FA01ABC5F134020021581908F031F938
:109230009DF8213084F8BE3001A904F5EA70FEF7EC
:10924000F9FA25E70A4601AD3C33106851682E460D
:1092500003C608329A423546F7D110683060E7E716
:109260004D78382D01F10C010FD82A4601A808F0DD
:1092700098FA01ABC5F139020021581908F009F933
:109280009DF8253084F8BF3002E70A4601AD44332B
:10929000106851682E4603C608329A423546F7D107
:1092A00013783370ECE701A8F9F7C9FB01A9204650
:1092B000FFF78AFE01A904F5EA70FEF721FBE7E655
:1092C000194601A8F9F7F3FA01A92046FFF73EFE77
:1092D00001A904F5EA70FEF7D7FAD9E65D780F2DFB
:1092E00003F10C010FD82A4601A808F05AFA01AB85
:1092F000C5F110020021581908F0CBF801A9204649
:10930000FFF784FEC4E60A4601AE1C3310685168BC
:10931000354603C508329A422E46F7D1EEE74D781E
:109320002A2D01F10C0110D82A4601A808F039FABB
:1093300001ABC5F12B020021581908F0AAF801A9C8
:1093400004F5EA70FEF768FAA2E60A4601AD343386
:10935000106851682E4603C608329A423546F7D146
:1093600011889378B3703180E9E75D781C2D03F1A3
:109370000C0110D82A4601A808F013FA01ABC5F178
:109380001D020021581908F084F801A904F5EA70BB
:10939000FEF75FFA7CE60A4601AD24331068516897
:1093A0002E4603C608329A423546F7D1106830601F
:1093B00013793371E9E74D78112D01F10C0110D8C3
:1093C0002A4601A808F0EDF901ABC5F1120200210F
:1093D000581908F05EF801A904F5EA70FEF776FA6C
:1093E00056E60A4601AD1C33106851682E4603C686
:1093F00008329A423546F7D113883380EBE70A46A4
:1094000001AD2433106851682E4603C608329A42D3
:109410003546F7D1138833806CE64D78152D01F170
:109420000C0110D82A4601A808F0BBF901ABC5F120
:1094300016020021581908F02CF801A904F5EA7069
:10944000FEF7A2FA24E60A4601AD1C331068516803
:109450002E4603C608329A423546F7D1106830606E
:109460009388B380E9E701A8F9F73CFA01A904F56C
:10947000EA70FEF7BEFA0BE60A4601AD2C3310681F
:1094800051682E4603C608329A423546F7D1106815
:10949000306091889379B371B1804FE601A8F9F7F4
:1094A0003BFA01A904F5EA70FEF7B0FAF0E54D7851
:1094B0003B2D01F10C0110D82A4601A808F071F9E2
:1094C00001ABC5F13C020021581907F0E2FF01A9E8
:1094D00004F5EA70FEF7AEFADAE50A4601AD443368
:1094E000106851682E4603C608329A423546F7D1B5
:1094F00010683060EBE700BF4A7922B18B79012B0D
:1095000001D1FFF7ADBD7047B0F5E16F03DC10F599
:10951000E16F04DB7047A0F5616000B2F4E700F58D
:10952000616000B2F3E7000038B5B0F8E0340D46F2
:1095300013F00801AA8808BFC0F8901113F00203C5
:1095400008BFC0F8A831B2F5005F044600F0A7805C
:1095500007D86C2A17D06D2A00F08F806A2A60D055
:1095600038BD42F202039A423BD042F6FF739A4260
:10957000F6D1D0F8E424A968DC30FEF7A5F8012381
:1095800084F88431ECE7B5F90A00FFF7BDFFF7F77F
:1095900007FB4749F7F758FBF7F732FD40BAA4F845
:1095A000F400B5F90800FFF7AFFFF7F7F9FA404903
:1095B000F7F74AFBF7F724FD40BAA4F8F600B5F92F
:1095C0000C00FFF7A1FFF7F7EBFA3A49F7F73CFB7E
:1095D000F7F716FD012340BAA4F8F80084F8943197
:1095E000BEE7B5F809300A22B3FBF2F35BBAA0F884
:1095F000EC30B5F80B30B3FBF2F35BBAA0F8EE3009
:10960000D5F8113080F8F2301A0C80F8F0201A0AE0
:1096100080F8F1206B7F80F8F330012380F8C431AB
:109620009EE700299CD0D5F80A301BBAC0F8C43098
:10963000D5F80E301BBAC0F8C830AB8A2422534389
:1096400032336422B3FBF2F35BBAA0F8CC30EB8A7E
:109650000A214B435BBAA0F8CE30D0F8DC3493FB40
:10966000F2F303F57A735BBAA0F8D0306B7A80F826
:10967000D230012380F88C3172E7B5F90C2052BA50
:10968000A0F8FA20012280F89C21002B3FF468AF5B
:10969000D5F80E30C0F8DC3480F88C2160E7AB8957
:1096A000A0F8E034D5F81130C0F8E43458E700BF32
:1096B00058A08B416E882E437FB5244D044695F902
:1096C0009200F8F75FF800268DF8040028468DF820
:1096D0000560F7F7A7FF95F895301D4D8DF806004A
:1096E000A8788DF808308DF80760F8F73BF895F802
:1096F00056308DF8090013B995F8583023B3154842
:10970000FBF78DFBF8F708F88DF80A000F48F7F71C
:1097100064FFF8F737F88DF80B000C48F7F76FFF88
:109720008DF80C000948F7F761FF8DF80D00074828
:10973000F7F783FF0A238DF8050001AA14212046BC
:10974000FFF717F904B070BD0348D9E78031002056
:10975000FC0200202C3200204832002073B5044661
:109760001B481C4DF7F739FFF8F70CF88DF800008F
:109770001748F7F732FF95F85630064613B995F8B3
:10978000583013B31448FBF733FB01463046F8F763
:1097900003F88DF801000E48F7F731FF8DF802004D
:1097A0000B48F7F723FFFF238DF80300A8788DF807
:1097B0000430F7F7DFFF06238DF805006A461D2108
:1097C0002046FFF7D6F802B070BD0448DBE700BFC3
:1097D00080310020FC0200202C3200204832002082
:1097E00073B51D4C054694F99200F7F7CBFF94F939
:1097F00092601A4C8DF8000094F8563013B994F822
:10980000583023B31648FBF7F3FA01463046F7F712
:10981000C3FF8DF801001048F7F704FF00238DF80F
:10982000033094F856308DF8020013B994F858308C
:109830007BB10B48FBF7F3FAC3B28DF804306A46EC
:1098400005231C212846FFF794F802B070BD054897
:10985000D9E70448EEE700BF80310020FC02002079
:109860002C3200204832002030B595B04EF6EA6325
:109870001A49ADF80030044614220DF10200F8F741
:1098800043F90DF10200F6F785FCC3B2DA1CD0B241
:10989000694651FA82F26D250DF800504C20507047
:1098A000522090705320D070312010716FF02B0037
:1098B0005071012050720420002190721133022057
:1098C0009171D1711172D07211735173DBB26A460A
:1098D00029212046FFF74DF815B030BDF5270108C6
:1098E00070B5054694B005F16D06FFF7E5FE95F8F5
:1098F000BD203146684607F054FF95F8BD40284624
:10990000E4B2FFF72BFF95F8BD2031460DEB0400C4
:1099100007F047FF95F8BD301C442846E4B2FFF736
:109920005FFF95F8BD2031460DEB040007F039FFCD
:1099300095F8BD301C44E4B222466946304607F033
:1099400030FF85F8BD4014B070BD00000038024BF8
:1099500018BF0120187070470406002070B5002A57
:1099600038D1042B71D89DB29BB3654C94F8283044
:10997000666A03F1030C5FFA8CFCF600BCF1070F7A
:10998000666284F828C040F28980053BDBB284F827
:109990002830B1F800C0DE400CF101030B8000F864
:1099A0000C600EE0083BDBB284F82830B1F800C050
:1099B000666A0CF1010E26FA03F3A1F800E000F844
:1099C0000C3094F82830072BECD8013296B2B5420F
:1099D000CED870BDFF2AFCD1032B66D89DB2002BD8
:1099E000F7D0474C94F828300026626A03F1040C43
:1099F0005FFA8CFC120142F00202BCF1070F6262B6
:109A000084F828C07AD9043BDBB284F82830DA40E5
:109A10000B8803F1010CA1F800C0C2540CE0083B14
:109A2000DBB284F82830626AB1F800C0DA400CF189
:109A300001030B8000F80C2094F82830072BEED897
:109A40000136B2B29542D0D870BD2D4C626A03F592
:109A5000C06343EA423394F82820636202F10D05A3
:109A6000EDB2072D84F82850B3D90532D2B284F86C
:109A70002820D3400A88551C0D80835409E0083BF8
:109A8000DBB284F82830626A0D88DA406B1C0B80E8
:109A9000425594F82830072BF1D870BD013296B2A8
:109AA000B54263463FF664AF93E7154C626A03F52F
:109AB000E06343EA423394F82820636202F10D0523
:109AC000EDB2072D84F8285083D90532D2B284F83C
:109AD0002820D3400A88551C0D80835409E0083B98
:109AE000626ADBB284F82830DA400B885D1C0D8096
:109AF000C25494F82830072BF1D870BD63469FE715
:109B0000200E00202DE9F047674C0027FF250F802D
:109B100005708025676284F82870A5779846002B29
:109B200000F0BB8003F1FF3912FA89F9561EBA46DC
:109B30003A4609E0554546D10137BFB20B88434547
:109B40003AD24E4500F0948016F8015F002AF1D118
:109B50006B1EDBB2FD2B32D83F2B62D905F14103DE
:109B6000DBB23F2B34D8636A94F828200135EDB27C
:109B700045EA032502F10803DBB2072B656284F88E
:109B8000283015D984F828200B88D5405A1C0A8023
:109B9000C55409E0083BDBB284F82830626A0D88BE
:109BA000DA406B1C0B80425594F82830072BF1D813
:109BB00000220B884345C4D30020BDE8F08701276D
:109BC000AA463A46BAE7FBB25246FFF7C7FEBFE7DE
:109BD000636A94F828203F35EDB245EA432502F147
:109BE0000903DBB2072B656284F82830E0D9013223
:109BF000D2B284F828200B88D5405A1C0A80C5545C
:109C000009E0083BDBB284F82830626A0D88DA404C
:109C10006B1C0B80425594F82830072BF1D800229A
:109C2000C7E7636A94F828207F35EDB245EA03253B
:109C300002F10803DBB2072B656284F82830B7D93C
:109C400084F828200B88D5405A1C0A80C55409E0A6
:109C5000083BDBB284F82830626A0D88DA406B1C5E
:109C60000B80425594F82830072BF1D80022A0E74A
:109C700022B1FBB25246FFF771FE0B8894F8282000
:109C800062B1646AC2F108020125944005FA02F249
:109C9000013A22435C190C80C2540B88984594BF4A
:109CA00000200120BDE8F087200E00202DE9F04FB4
:109CB00047F26F730022827003800B78A3F1FE03DA
:109CC000B3FA83F35B0983708A780D4612F00101C1
:109CD0001CBF43F080038370D5F8202122F07F421F
:109CE00022F0FF0285B0044612B143F008038370EE
:109CF000AA68C2F31702FF2A1ED9B2F5803F18D313
:109D000063F07F03A37041F002014FF0020B0923BF
:109D10004FF00A0C0822E1700B20CDF804C01E465B
:109D200017464FF0070E4FF006094FF0050A0421C1
:109D300017E043F00203A370180600F1D680082351
:109D40004FF0090C07220A204FF0000BCDF804C099
:109D50001E4617464FF0060E4FF005094FF0040A55
:109D6000032195F8018004F8018004EB01082979AA
:109D700004F80A10697904F80910A97904F80E109A
:109D8000A178090709D595F82111A15495F8221158
:109D9000A1550346674662460646A968A154A278C3
:109DA000900707D5BA1C1F46AB68C3F30F23A35512
:109DB00096B23346BBF1000F05D05A1C1F46AB7A52
:109DC000A35596B23346A278D10606D55A1C1F4633
:109DD00095F82331A35596B23346454A127803F1DC
:109DE000010914FA89FA05F10C0B42B16B785A4655
:109DF0000DF10E015046FFF785FE00285AD16A7812
:109E0000504659461FFA82FA07F0CBFC2278394BAC
:109E10006178D243D2B2072F9A5C82EA0102995C40
:109E2000A27882EA0102995CE27882EA0102995CF6
:109E3000227982EA0102995C627982EA0102995CE4
:109E4000A27982EA0102995CE27982EA0102995CD4
:109E50001BD0227A5140082F595C16D0627A5140AB
:109E6000092F595C11D0A27A51400A2F595C0CD0AD
:109E7000E27A51400B2F595C07D0227B51400C2FC6
:109E8000595C1EBF627B5140595CA1551AFA89F397
:109E90009BB2B5F80C21E2545A1CB5F80C1192B2E1
:109EA000090AA154AA78981CD20780B20BD405B035
:109EB000BDE8F08FA378BDF80EA043F04003A37077
:109EC00088F800A0A2E7D5F81071D5F81811D5F8D8
:109ED0001461275022180F335660916095F81C11B9
:109EE000117398B205B0BDE8F08F4FF0000B0EE78C
:109EF00004060020A84101082DE9F84FAE4CAF4EF2
:109F00000F4682460146AD48154607F04AFC00233D
:109F10003B809E462384636284F82830802384F843
:109F200022304FF0FF08F14606E03B885A1C3A8089
:109F30000AF8039094F828E0BEF1010F5CD8218C58
:109F40008D4240F29D80606A735C0EF1080C5FFAEE
:109F50008CFC43EA0023ACF1020B23FA0BF00EF168
:109F6000060200F003000131D2B2022821846362AC
:109F700084F8282000F08680032800F088800128DB
:109F80001DD0002A40F08780228C954278D9B15CA0
:109F9000013241EA0323228407211A06636284F80E
:109FA0002810C2D5062184F8281013F0400F40F085
:109FB0008D803B885A1C3A800AF80380BAE7062A4B
:109FC0000BD8228C95425BD9B15C013241EA032364
:109FD0000CF1060122846362CAB2073AD34003F04F
:109FE0007F037D2B84F828204AD83A884133511CBE
:109FF00039800AF802309DE7636AAEF1020B23FA5A
:10A000000BF000F003005FFA8BF2022884F828209E
:10A0100003D003281CD0F446B1E7052A32D8218C9E
:10A020008D422DD9705C0EF10602013140EA032306
:10A03000D2B221846362063A84F828E0D34039889A
:10A0400003F03F034A1C01333A800AF8013071E7FC
:10A05000052A1CD8218C8D4212D9705C0EF10602A3
:10A06000013140EA0323D2B221846362063A84F8C4
:10A0700028E0D340398803F03F034A1C413BE3E723
:10A08000BDE8F88F063A636A5FFA82FED4E7063AC3
:10A090005FFA82FEEBE70BF1FF3023FA00F0511E6E
:10A0A000C9B2C00784F828107FF53FAF69BB228C86
:10A0B0009542E5D9B15C013241EA032307212284AC
:10A0C000636284F8281013F0800F70E74A1ED0B244
:10A0D00023FA02F2D20784F8280032D48446228C74
:10A0E0009542CDD9B05C013240EA0323C81D2284D9
:10A0F0006362C0B2A0F10802D34084F828C05FFABE
:10A1000083FB38885A46002133E0013923FA01F0F5
:10A11000911EC9B2C00784F828107FF54AAF99BBD9
:10A12000228C9542ACD9B15C41EA032301324FF055
:10A13000070C19062284636284F828C021D4082100
:10A14000CDE7072832D8228C954299D916F802C05B
:10A15000073101324CEA032322846362C9B2083911
:10A1600023FA01FB84F828005FFA8BFB38885A46F3
:10A17000FF21504407F08DF93B889B44A7F800B0BD
:10A18000D8E660460821DEE701F1FF3CD01E23FA45
:10A190000CFCC0B21CF0010F84F82800D1D10728B4
:10A1A0009CD90B3A636A5FFA82FCA3E7A0F108022C
:10A1B0000146D0B2D3E700BF200E0020F40C0020EF
:10A1C0002DE9F04F5788B7F58F7F8BB014460646C0
:10A1D0000BD90022227000226F2B628000F0658173
:10A1E000002333700BB0BDE8F08F12780E2A0D46B5
:10A1F00024D80E2A00F2118101A151F822F000BFEB
:10A20000D7A1000827A400081BA400081BA400086D
:10A2100027A4000827A4000827A4000827A40008F2
:10A2200027A4000827A4000875A400081BA40008A0
:10A230001BA400081BA4000899A40008692A40F286
:10A24000EA806A2A40F0E9809C4FFA8A02F1FF3CDA
:10A250001FFA8CFC002A00F078820CF1030CDFF866
:10A2600060E2BC44FF22B91C11F8010B4240614579
:10A270001EF80220F8D1934200F0D0810022227013
:10A28000C4F80220E280FA8A022AA9D939796F2912
:10A2900000F02E83032AA3D079796F2900F0388348
:10A2A000042A9DD0B9796F2900F03583052A97D00B
:10A2B000F9796F2900F03E83062A91D0397A6F2907
:10A2C00000F04582072A8BD0797A6F2900F0358318
:10A2D000082A85D0B97A6F2900F03283092A3FF421
:10A2E0007FAFF97A6F2900F02E830A2A3FF478AF06
:10A2F000397B6F2900F02A830B2A3FF471AF797BF9
:10A300006F2900F026830C2A3FF46AAFB97B6F29CE
:10A3100000F022830D2A3FF463AFF97B6F2900F030
:10A320001E830E2A3FF45CAF397C6F2900F01D8339
:10A330000F2A3FF455AF797C6F2900F01383102A60
:10A340003FF44EAFB97C6F2900F01283112A3FF41D
:10A3500047AFF97C6F2900F00E83122A3FF440AF1B
:10A36000397D6F2908BF4FF012087FF439AF02F131
:10A3700001091FFA89F93A44A7F816905FFA89F99A
:10A38000937050494A4602A807F00BFA6F234FF02A
:10A39000010CBB704FF0000E6423A7F800E0A7F893
:10A3A00016C0237008EB0C0399451FFA89F27FF65B
:10A3B00017AF901E02A9A0EB08005A1E0B440A44D6
:10A3C00013FA80F04FF06A084FF007094FF0660A61
:10A3D00005E0002B40F0BE8190423FF401AFFB8AC4
:10A3E00012F8011F07EB030B01338BF80210FB82FD
:10A3F0002378092BEDD9A3F1640BBBF1050FEBD842
:10A40000653B042B00F2BA82DFE813F01F0117014D
:10A4100012010E011B01632A05D800232370C4F822
:10A420000230E380DDE6254FFA8AB91801328B70DD
:10A43000FA822278092A00F2A480002A3FF4D0AEE2
:10A44000013A082A3FF6CCAE01A151F822F000BF34
:10A4500011A70008E1A10008E1A1000873A6000807
:10A4600073A60008FBA60008C7A6000835A70008C9
:10A47000E5A600087A1C6280104EEB55A088727F1A
:10A48000618883189942FFF6ADAE33785F0600F11C
:10A49000E4810E232370A5E67A1C6280EB55E288E6
:10A4A0006388934210D201239BE604490A8001226B
:10A4B000CA8264228B702270002392E6200E002054
:10A4C000A8410108220E002000236380237002238C
:10A4D000037042802B78FD2B00F08780EB780372AD
:10A4E0002B7943726B7943606A780832728000225C
:10A4F00040F28510DFF8CCC27281FE21044601349F
:10A5000099424FEA54042ED849D38B4240F08A80B6
:10A510002B78FD2B7FD04FF0060B2846DFF8A48266
:10A5200010F801AF0BEB0A0909F1FF3189B2F8F716
:10A530000BF804EB440708EB8707ADF808003979FE
:10A54000019102A8F7F7DCFF05EB090215F80930C5
:10A550005278019903EB0223BDF808209BB29A427E
:10A560001FD005233DE6601E1418824204F1010746
:10A5700080F06C8127F0010101EB57015CF821109C
:10A58000BDE7A2F1640105293FF62AAE653A042A27
:10A5900000F2FD81DFE802F0817D797593002246AB
:10A5A000E2E7BB79DA0706D5FA79924582BF5219FC
:10A5B00012F80B20B2729B070BD56300234408EB03
:10A5C00083036A781B7A9A4282BF5B1913F80B30B7
:10A5D000F3724FEA4409A14408EB8908317398F8F3
:10A5E000053073730BB0BDE8F08F6B790372AB79F4
:10A5F00043726B7A297AEA791B0403EB0123134433
:10A6000043606A7802F10C014180A978C9077FF59F
:10A610006EAF19326AE74FF00A0B7EE70A22012378
:10A620002270DEE50323DCE5F97684F80090D3E6BA
:10A630004FF06803B9762370CEE6797084F800C0D5
:10A64000CAE6397784F80080C6E6397001F0010364
:10A65000618887F801E0033B01F1010BA4F802B027
:10A660006B5497F90030002BACBF63465346237000
:10A67000B2E66288511C6180AB54237801332370A9
:10A68000AEE50722FB76227016E76822BB762270C1
:10A6900012E701227B7022700EE762883B70002176
:10A6A00003F00103033B7970511C6180AB5497F9AF
:10A6B0000030002BC0F232810123237090E56A2222
:10A6C0003B772270F8E66288511C6180AB543B787E
:10A6D0007A78134313F0020340F0D7806288511C4C
:10A6E0006180AB546288511C6180AB543B78D806C2
:10A6F0004CBF69236A23237072E56288511C618014
:10A70000AB543B781D074CBF67230723237067E5D5
:10A7100062883A83511C6180AB543A787B7712F09F
:10A72000010200F0D08006220833A280E3800423D7
:10A73000237055E56288511C6180AB547B7813F01F
:10A740000203CFD0092323704AE5FF2293E54FF09F
:10A7500006080CE6013B082B3FF63EAE0FF2040B59
:10A760005BF823F09DA70008D9A30008D9A300082F
:10A7700089A7000889A7000817A80008E5A700080E
:10A7800031A80008C9A70008638803F1010BA4F8E9
:10A7900002B0E9542378013323701DE663883B83BC
:10A7A00003F1010BA4F802B0E9543B78797713F078
:10A7B00001036DD008310623E180A38004232370B8
:10A7C0000AE600BFA8420108638803F1010BA4F860
:10A7D00002B0E9543B78DB067FF534AF4FF06903F4
:10A7E0002370F9E5638803F1010BA4F802B0E95482
:10A7F0003B7879780B4313F0020343D1618801F170
:10A80000010BA4F802B06B54618801F1010BA4F8AC
:10A8100002B06B54DEE7638803F1010BA4F802B0C9
:10A82000E9543B7819077FF500AF67232370D3E520
:10A83000638803F1010BA4F802B0E9547B7813F0AC
:10A840000203E1D04FF009032370C5E5574902EB3D
:10A850004200144651F8201057E602A92844FFF799
:10A860004BFB737FBDF808106288CB1A9BB21A4469
:10A870006280727F1A447277E2881344E380338BDC
:10A88000E95406E608232370A6E508232370A7E40D
:10A890000C31E18079784FF00A0B11F00101A4F836
:10A8A00004B028D0618801F1010BA4F802B005F8CA
:10A8B00001C0618801F1010BA4F802B06B54E38878
:10A8C0000D33E3807AE779780C33E38011F00101EE
:10A8D0004FF00A03A38024D06388012158186080B8
:10A8E000E954638859186180EA54E3880D331DE701
:10A8F0004FF002083BE5638803F1010BA4F802B0B6
:10A90000E954638803F1010BA4F802B0E95455E758
:10A910004FF003082BE54FF0040828E56623237069
:10A920005EE463885A1C6280E95463885A1C628022
:10A93000E954FCE64FF0050819E54FF0070816E565
:10A940004FF0080813E54FF0090810E54FF00A082A
:10A950000DE54FF00B080AE54FF00C0807E54FF046
:10A960000D0804E54FF00F0801E54FF00E08FEE476
:10A970004FF01008FBE44FF01108F8E477290ED0EF
:10A9800084F800E0C4F802E0A4F806E024E5772BA0
:10A9900009D000232370C4F80230E38020E44FF094
:10A9A0006503237018E56523237019E4A8420108A4
:10A9B00070B500F5EF66044600F5CA613046F7F75A
:10A9C000F4FE0546A06803682A461B69314698478D
:10A9D000E06830B103682A4631461B69BDE8704023
:10A9E000184770BD08B50346806840B1B3F84C14F1
:10A9F000B3F84A04F8F7E2F9003818BF012008BD9F
:10AA00000346806880B1B3F84C24B3F84A149142ED
:10AA100009D09918013291F85004B3F84E140A4045
:10AA2000A3F84C24704700207047836810B5044693
:10AA30007BB10023A0F84C34A0F84A34C06810B1B0
:10AA40000368DB699847A0680368BDE81040DB69CC
:10AA5000184710BDF8B5244F04463846F6F7BDFD3B
:10AA6000F6F727FE064697F99200F6F722FE05460E
:10AA70003846F6F7BBFD1D4B84F8606693F8353019
:10AA800084F86156333384F855366422442384F8BD
:10AA9000622684F85636FF22D4F8583684F86426A5
:10AAA0006D2262F31703C4F85836C0F10A00002380
:10AAB000C4F85C3684F8713700B24FF43943A4F817
:10AAC000723780F30700092384F8630684F874372B
:10AAD00004F5CA6004F5A471F8F7F6F92046BDE85C
:10AAE000F840FFF765BF00BF803100207C030020E5
:10AAF00010B5194B194A93F83530C0F86026333336
:10AB000080F85536442380F85636D0F858366FF31F
:10AB10001703C0F85836002380F85C3680F85D369D
:10AB200080F85E3680F85F3680F871374FF448530E
:10AB3000A0F8723703220923044680F8642680F8BF
:10AB4000743700F5A47100F5CA60F8F7BDF9204626
:10AB5000BDE81040FFF72CBF7C03002000088004F4
:10AB6000F0B587B004460021102202A8019106F03A
:10AB700090FC484B93F8352001AB03CB01ABC4F8F4
:10AB80008006C4F8841603CB01ABC4F88806C4F869
:10AB90008C1603CB3332D2B2C4F89006C4F89416A4
:10ABA00001AB04F5D36505AF1E4603CEBE42286057
:10ABB0006960334605F10805F6D133882B804423BC
:10ABC00084F85636D4F8583684F85526942262F321
:10ABD000170318216FF05D02C4F8583684F85C162C
:10ABE000002384F86C262021282284F85D1684F83E
:10ABF0005E3684F85F3684F8603684F8613684F80F
:10AC0000623684F8633684F8643684F8653684F8EE
:10AC1000663684F8673684F8683684F8693684F8CE
:10AC20006A3684F86B3684F86D2684F86E3684F8BC
:10AC30006F3684F8703684F8713684F8723684F88A
:10AC4000733684F8743684F8753684F8763684F86A
:10AC5000773684F8783684F8793684F87A3684F84A
:10AC60007B3684F871374FF432430B4AA4F87237BD
:10AC70004E2304F5CA60C4F87C2684F8743704F5C2
:10AC8000A471F8F721F9204607B0BDE8F040FFF7BE
:10AC90008FBE00BF7C030020D016CB0F38B5044612
:10ACA0001C4884F85E26002284F85F2684F860261B
:10ACB00084F8612684F8622684F86326442290F89A
:10ACC000350084F85626D4F85826A4F85C1684F883
:10ACD000643684F871374D218F239DF8105084F825
:10ACE000733761F317020A23333084F8550684F86A
:10ACF000655604F5CA60C4F8582684F8725784F87B
:10AD0000743704F5A471F8F7DFF82046BDE8384041
:10AD1000FFF74EBE7C030020F0B502298BB004463D
:10AD20000D461CD1414B42481B7800EB031000F547
:10AD30008970F6F797FD3F4B18603F4A0C236B4331
:10AD4000D718D3583A7900210191511E082908D803
:10AD5000DFE801F0090962626666070769003029C9
:10AD6000EBD90BB0F0BD1B788DF8043000218DF8C5
:10AD7000242005A81022019E06F08BFBBF683846F0
:10AD8000F5F708FAC2B2102A394628BF102205A8E2
:10AD900006F007FD264BC4F85C6693F835209DF855
:10ADA000243084F874363121333284F8601600215F
:10ADB000D2B284F86116A4F8625605AB04F2646658
:10ADC00009AF1D4603CDBD42306071602B4606F1D0
:10ADD0000806F6D1442384F85636D4F8583684F859
:10ADE0005526162262F31703C4F85836002384F858
:10ADF00071374FF45C43A4F87237192304F5CA6025
:10AE000084F8743704F5A471F8F75EF820460BB0A7
:10AE1000BDE8F040FFF7CCBD1B88ADF80430A5E7D6
:10AE20001B680193A2E71B6801939FE7FC020020C7
:10AE30007C03002078060020040000202DE9F0416A
:10AE4000884D894F2B78142202FB037388B093F846
:10AE50005530012B04460E4618D191F8211197F870
:10AE6000352049B102F13303DBB28B420ED196F8A3
:10AE700022310BB1442B09D1B368C3F31703172B4D
:10AE800052D006D8142B2BD0152B41D008B0BDE8DA
:10AE9000F08103F180734B3B23F07F43012BF5D806
:10AEA00033329142F2D196F82231442BEED1358DD6
:10AEB000F06840F207239D4200F0CF80B5F5027F95
:10AEC00000F0BC80B5F5007F08D1F6F7BFF89428F4
:10AED00000F0B480B0F5967F00F0BF800222B4E0AD
:10AEE00002A83146F7F7ABFDBDF90800002804DAE7
:10AEF00003A8F7F71BFF0028C8DB3028C6DCA4F83E
:10AF0000C208B4F8BA3843F01003A4F8BA38BDE761
:10AF1000012384F8C0380023A4F8C238534B1B68BF
:10AF2000643BC4F8C438B1E733329142AED196F8ED
:10AF30002231442BAAD196F80180B8F1160F06F100
:10AF40000C012ED8424602A806F02BFC02ABC8F139
:10AF50001702002103EB080006F09BFA0DF10E002A
:10AF6000F7F7E4FEB0F1000890DB414A9DF81E10AF
:10AF700008EB4803980002EB83031B79994285D1C3
:10AF8000B8F1300F1FFA88F622DC0139029B125803
:10AF900008291DD8DFE801F01B1B39393B3B1C1C7D
:10AFA0003D000B4602AA1C36186859689446ACE866
:10AFB00003000833B3426246F6D11868CCF80000AB
:10AFC00099889B798CF80630ACF80410C6E71370AA
:10AFD0002878F9F70FFB2A78142303FB0273012169
:10AFE00083F8551097F82D300BB987F82D10B8F16C
:10AFF000020F10D11F4B07EB0210196800F5897082
:10B00000F6F76AFCA4F8C2687BE71380E0E71360F8
:10B01000DEE71360DCE7B8F1000FF3D1164B1A78C6
:10B02000002AEFD083F80080602323800F4B1B6839
:10B030000BB16360E6E74FF0FF33FAE7B4F8BA38D4
:10B0400043F00203A4F8BA380022B379009373796D
:10B0500029462046FFF722FE18E7B4F8BA3843F035
:10B060000403EFE7FC0200207C0300208C41002059
:10B0700004000020780600203C30002010B52F4B43
:10B080001A782F4B142101FB0233044693F85530F4
:10B09000012B37D12B4BD0F8BC281B689A1AB2F57C
:10B0A0007A7F21BFB0F8BA28C0F8BC3842F001025C
:10B0B000A0F8BA2890F8C02862B1D0F8C4289A1A2B
:10B0C000312A81BFB0F8BA28C0F8C43842F0100362
:10B0D000A0F8BA38B4F8BA38DA0614D523F0100359
:10B0E000A4F8BA38B4F8C2182046FFF715FEB4F831
:10B0F000C23801339BB2302BA4F8C23802D90023E6
:10B1000084F8C03810BD980708D523F00203A4F8CE
:10B11000BA382046BDE81040FFF722BD590702D5D6
:10B1200023F00403F3E7DA07ECD523F00103A4F8D6
:10B13000BA382046BDE81040FFF7DABCFC02002018
:10B140007C0300208C41002038B5134B134A1B6848
:10B15000C0F8BC38002380F8C038A0F8C238C0F866
:10B16000C438A0F8BA3813700D4B0E481B780E4D3A
:10B1700000EB031000F58970F6F774FB0B4B02240B
:10B180001860E0B2FAF786FD01342F2C286305F130
:10B190000C05F6D138BD00BF8C4100203C300020AA
:10B1A000FC0200207C030020040000207806002020
:10B1B0006FF0FF03036040F6FF238380002383606A
:10B1C0000373704770B5404D404B044628781422F5
:10B1D00002FB003292F84F60032E02D9042E0CD0ED
:10B1E000FEE73B4E3668A66092F84C20032A18BF53
:10B1F0000021A268E1601AB9FEE7A1600021F8E72A
:10B20000142101FB003393F85130013B022B9EBF08
:10B210002F4B9B68E360E3689A4200D1FEE700236E
:10B22000C4E90433C4E95233C4E95433A3617F232E
:10B23000A4F85831F7F788FBA878022842D0431FBA
:10B2400058425841234940F2FF12FEF77FFB02208B
:10B25000A4F84E24204A0870002348708870C870F3
:10B260001E49137053709370D370C4F8DA31C4F868
:10B27000DE31C4F8E231C4F81233C4F81633C4F82E
:10B280001A33A4F84C34A4F84A341A4601330C2B70
:10B290000A70CA704A708A7001F10401F6D1104B2D
:10B2A0001B6803F57A7304F6A800C4F8A438FFF706
:10B2B0007FFFA4F8B828228062602046BDE8704075
:10B2C000FFF742BF0120BDE7FC0200207C03002005
:10B2D0005C03002039060020050600200906002036
:10B2E0008C41002003464078FF2808D01B68044AA0
:10B2F00023F07F4323F0FF03934208BF02207047EF
:10B30000000101000C4B02781B6810B51AB903F25A
:10B310001B63836010BD90F90520002AFADD816867
:10B3200040F21B64591AA142F4D98360013A012307
:10B3300042710373EEE700BF8C41002070B590F9B5
:10B340000530002B88B005460C461DDB4E78182EC4
:10B3500001F10C011AD8324601A806F022FA01AB1D
:10B36000C6F119020021981906F093F80E4903A8B6
:10B37000F4F706FF40B90198F5F768FE10B10B4BE2
:10B38000C3F8D404FF236B7108B070BD0B4601AA4B
:10B39000243418685968164603C60833A342324657
:10B3A000F7D11B783370E1E7232901082407002037
:10B3B000007840B14B79834204D18879431E5842CA
:10B3C00058417047002070475379032B10B504464D
:10B3D0000AD14B7903709379DB0943701079FDF73B
:10B3E0007FF8E0701368237110BD00007FB58B6893
:10B3F00033F07F4305460C4600F6A8060ED18B7944
:10B40000012B0BD101A8F7F76DFA9DF80930082B35
:10B4100004D001AA21463046FFF7D6FF2146304628
:10B42000FFF7C6FF88B3A368C3F31703162B32D008
:10B43000F52B16D16678012E29D8324604F10C017D
:10B4400001A806F0AEF901ABC6F10202002198197D
:10B4500006F01FF89DF805309A1E5342534185F8B7
:10B46000AA3895F8B83853B195F8B93821790C480D
:10B470000133DBB2CB1A59425941F6F7DBF801230D
:10B4800085F8B838237985F8B93804B070BDA38938
:10B49000ADF80430DEE73046FFF750FFE1E700BFCC
:10B4A000803100207FB52E4E044600F11C05B4F813
:10B4B0005411B4F85621881A83B2000444BF803373
:10B4C0009BB20BB904B070BD91421FBFB4F85811C4
:10B4D000A31801320A4096F82D101ABF93F85A317A
:10B4E000A4F856210023022904F1100229466846D7
:10B4F00020D1FEF765FE9DF80030022BD7D1E3681E
:10B50000DBB9A0680368BDF802201B69294698478B
:10B5100004F5CA662A4669463046F7F723FA3146EB
:10B520001048FDF7E9FF3146204604B0BDE8704001
:10B53000FFF75CBFF7F79EFADDE70B4E6946002088
:10B54000F7F768FC737833B1A068BDF80220036890
:10B5500029461B699847B378002BD9D0E068D1E71A
:10B560007C03002024070020050600200148FFF787
:10B57000B9BE00BF7017002010B54E4C86B0002138
:10B580001622684605F085FF2046F6F738F894F84D
:10B590008C308DF800008DF80130204694F88D3005
:10B5A0008DF80230F6F722F894F8913094F8902054
:10B5B0008DF803005B0002F0010203F00203134365
:10B5C00094F8A52043EA821394F8A62043EAC21314
:10B5D0009DF80B2002F03C02134320468DF80B30FF
:10B5E000F6F720F894F894308DF8083094F89230FB
:10B5F00094F895208DF8093094F896308DF807006E
:10B60000DB00920002F0040203F0080313439DF8EC
:10B610000B2022F00C02134304F128008DF80B30AC
:10B62000F6F736FC8DF80C002046F5F7B4FF8DF8E0
:10B630000D0004F11400F6F72BFC8DF80E0004F158
:10B640003C00F6F725FC8DF80F002046F5F7B4FF17
:10B650008DF810002046F5F7F0FF94F8A7308DF82C
:10B660001230154B8DF811005B7C8DF81330FFF70D
:10B670007DFF124B1A78931E5A425A4100F0030381
:10B6800043EA02230E4A0F48127943EA4223BDF8E7
:10B69000142023F0FC039B0522F4407222F00302E5
:10B6A0009B0D134302216A46ADF81430FBF736FDBB
:10B6B00006B010BD80310020180C00201D070020AE
:10B6C000480600209017002070B54C88B4F5427FE2
:10B6D00003464FF000000AD80D780B2D77D8DFE82D
:10B6E00005F0060F1C2C2F32383B54575B6DA2F12E
:10B6F00024046242488062410A7083F809033EE0F4
:10B700004D2A01D0582A06D11A7002220A70002050
:10B7100083F8090370BD0022F8E702F0FD003C2821
:10B7200001D0212AF7D15A701A784D2A0CBF08226D
:10B7300003220A7000229A70E9E79A700422DBE77C
:10B740009A800522D8E7988800EB02229A80062288
:10B75000DCE7DA800722CFE7D88800EB022292B23A
:10B76000002ADA800CBF0B220A220A7000224A80CB
:10B77000012283F80923DB88B3F5407F01D800203C
:10B78000C8E7002008704880C4E7DA800922B3E7E0
:10B790009A800A220A70EBE7B4F5407F3CBFE418B8
:10B7A00022724A88013292B24A80D88890429CBF65
:10B7B0000B220A70012283F80923E0E783F80823AB
:10B7C00002220870488083F809230120A2E708704C
:10B7D0004880D4E7CB88B3F5407F70B531D82423B7
:10B7E00003700B7843704B7883700B784D2B14D11A
:10B7F000CB88C3708B88037105230022CD88D418B1
:10B800009542A6B210FA84F415D891F80823227054
:10B81000CA880132981880B270BD8B78C3708B884B
:10B8200003718B881B0A4371CB888371CB881B0AF9
:10B83000C3710823E1E78C180132247A845592B24F
:10B84000DCE70020E8E700002DE9F74F16464A88BC
:10B85000B2F5427F04460D462ED80B780A2B0FD93D
:10B86000A3F16402032A03D90020287068802DE028
:10B87000653B8F4F022B33D8DFE803F063A4A700AA
:10B8800000210A2BF0D801A050F823F0B9B8000825
:10B89000D3B8000869B8000869B8000817B90008EB
:10B8A00025B9000831B9000837B9000869B800089F
:10B8B00069B80008A5B90008A6F124077E424FF038
:10B8C00000007E4168802E7084F8090303B0BDE853
:10B8D000F08F6F2E0CBF642300232B700020F3E742
:10B8E00016F0040F14BF4D2358233E7023703A788E
:10B8F000D1070ED412F0020F14BF21233E23637030
:10B90000C2F3C003D20648BF43F00203A37004236E
:10B91000E3E73C23F3E7A68005232B7084F80913A3
:10B920000020D3E7A38803EB0623A3800623D4E7F4
:10B93000E6800723F1E7E38803EB0623E380652332
:10B94000CBE70DF106007E70F6F702FF3978F6F7C7
:10B95000F7FEA7882179F6F7F3FE390AF6F7F0FE2D
:10B96000E788A179F6F7ECFE390AF6F7E9FE9DF8CB
:10B970000630B34206D000232B706B80032384F87B
:10B980000933CDE7002F0CBF66230A232B70012358
:10B9900084F8093300236B80E288B2F5407FBFD979
:10B9A0002B70BDE7B2F5407F3CBF121916726B8851
:10B9B00001339BB26B80E2889A4201D866232B70D8
:10B9C0000123DCE77E806723F9E7B7F8028097F868
:10B9D000009008EB06284FF6FF730DF106001FFAE2
:10B9E00088F84946ADF80630A7F80280F6F788FDDA
:10B9F0002679B4F804A03146F6F782FD4FEA1A2101
:10BA0000F6F77EFD94F806B0B4F806A05946F6F7AE
:10BA100077FD4FEA1A21F6F773FD797804F10807EC
:10BA2000F6F76EFD52463946F6F776FDBDF806305C
:10BA300043453AD119F0040015D086EA0B01E21D06
:10BA4000002398B2824584F8081307D80223012006
:10BA500000222A706A8084F8093337E712F8010F50
:10BA600001334140EDE7A178F5F7B0FE217984F884
:10BA70000803F5F7ABFEA18884F80803090AF5F777
:10BA8000A5FEA17984F80803F5F7A0FEE18884F803
:10BA90000803090AF5F79AFEE28884F80803394694
:10BAA000F5F79AFE84F80803D0E703230020CFE7D8
:10BAB000D42F0020CB88B3F5407F2DE9F041044618
:10BAC0000D464AD84B783C2B40D0A3F1210043428D
:10BAD00043415B002A784D2AAA7808BF43F004034B
:10BAE000D10748BF43F0080392074FF024022270A9
:10BAF00048BF43F010036F226270A370AB88E370FD
:10BB0000AB881B0A2371EB886371EB88A71C1B0AA7
:10BB1000A3713846F7F72EF90822E071E988A2F1FF
:10BB200008039BB2561C8B42B6B204EB02080FD33B
:10BB3000063189B23846F6F707FD88F80000000A9A
:10BB4000A055E8880A3080B2BDE8F0810123C1E742
:10BB50002B441B7AA3543246E0E70020F4E70000B0
:10BB60000F4B1A780F4B142101FB023393F84F301F
:10BB7000032B02D9042B10D0FEE70B4B1B6803608C
:10BB800000234360C0F81233A0F82236A0F8203614
:10BB900040F2FF33A0F8243670470023EFE700BFE0
:10BBA000FC0200207C0300205C030020F8B5B0F804
:10BBB0002026B0F82236D21A93B2120444BF03F5FD
:10BBC00080639BB2E62B044608D800F2163500F2DB
:10BBD0001236206803685B69984700B9F8BD206891
:10BBE00003689B699847314602462846FFF76CFD7B
:10BBF0000028EED004F6262729463846FFF75AFFDC
:10BC000000239AB29042E4D9B4F82016B4F824C6BE
:10BC10004A1C02EA0C02B4F822C694451EBF091958
:10BC200017F803C081F826C603F1010318BFA4F872
:10BC30002026E6E7F8B500F1080504460A46011D8E
:10BC40002846FFF701FEF8B1637A3E2B0DD1A37AA7
:10BC5000A2899B0705D529460C48BDE8F840FDF7A9
:10BC600063BC42F6FF739A42F5D004F626262946B5
:10BC70003046FFF7AFFD0246206801680F69314684
:10BC8000B847637A3E2BE6D0F8BD00BF24070020FA
:10BC900003680BB1FFF7CEBF70470346006868B179
:10BCA000B3F82026B3F82236D31A98B21B0444BF47
:10BCB00000F5806080B2003818BF0120704703464D
:10BCC000006880B1B3F82226B3F82016914209D05B
:10BCD0009918013291F82606B3F824160A40A3F801
:10BCE00022267047002070470346006838B10022C2
:10BCF000A3F82226A3F820260368DB6918477047BB
:10BD000010B504460548FEF790FE0548FFF7ECFF26
:10BD100060680368BDE81040DB691847C80E002062
:10BD20009422002010B5094B1A78094B142404FB07
:10BD3000023393F84F30032B02D9042B02D0FEE7D5
:10BD4000044B1968416001B9FEE710BDFC020020F8
:10BD50007C0300205C0300202DE9F34172B6434DC3
:10BD6000434E444FF7F738FCF8F724F8F7F7EAFBAF
:10BD7000F7F7D8FBF7F7DCFFF8F718FE2B783E490A
:10BD80003E48142202FB0311AB6C009300246A6C42
:10BD900091F8513091F84F10F9F746FEC6E9044486
:10BDA000B460FF233373F7F77DFD354B1C70F7F755
:10BDB000FFFA344B3448D02283F83223F7F728FCBB
:10BDC0002146304603F0A8FD304E4FF47A70F7F765
:10BDD0001FFC0223C6E90444B4603373F7F7E8FD9F
:10BDE0002B4B1C70F7F71AFB2A4B4FF40052DA600A
:10BDF000F7F762FB4FF004082348F7F709FC41F21C
:10BE00008830C7F82880F7F703FC4CF25030C7F8A9
:10BE10001880F7F7FDFB3046F7F732FB2146304636
:10BE200003F07AFD4FF47A70F7F7F2FB95F85C2097
:10BE300095F85B101848FBF7E7F895F85C10174881
:10BE4000FCF7BEFC95F85D4015482146F6F7C8F9A9
:10BE50003CB1144B144A1A60144B154A1A60FAF795
:10BE6000A9FD62B602B0BDE8F08100BFFC0200206F
:10BE70002C320020000400487C0300205C030020DA
:10BE80005002002000E100E0E0930400483200206E
:10BE900051020020000800589017002024070020BD
:10BEA0004C0E002054020020E52500085802002016
:10BEB000812F000873B51648164C4FF6FF7103F03A
:10BEC0006BFE206023689B0712D5134E35798DB128
:10BED0000F4808236A46002103F0EFFCD6E906026A
:10BEE000DDE900139A4208BF884201D00023236095
:10BEF00002B070BD02236A460548294603F0DDFC06
:10BF0000064BDA8BBDF800309A4218BF2560EFE788
:10BF10002C320020B00E002048060020FC02002039
:10BF2000184B4FF4005273B5DA601748174C4FF6B0
:10BF3000FF7103F031FE206023689B0712D5144E79
:10BF400035798DB1104808236A46002103F0B5FC0D
:10BF5000D6E90602DDE900139A4208BF884201D003
:10BF60000023236002B070BD02236A4606482946BA
:10BF700003F0A3FC074BDA8BBDF800309A4218BFE0
:10BF80002560EFE70008005848320020AC0E002082
:10BF900048060020FC020020044A00231370044AD3
:10BFA0001380044A1370044A13707047BE0E0020B9
:10BFB000C00E0020AC3200200C0C0020024B187880
:10BFC000B0FA80F040097047BE0E00200D4A11788B
:10BFD0000346A9B910700C4A012010700B4A032BBC
:10BFE000118009D0042B01D083420AD1084B0022D2
:10BFF00083F8A420012070474FF4FA731380704730
:10C0000000207047BE0E0020AC320020C00E002081
:10C0100038050020034A00231370034A1380034AA3
:10C0200013707047BE0E0020C00E0020AC320020FE
:10C030000A4A08B5138883B1013B9BB2138063B9E8
:10C04000074B1B78032B02BF064B01221A70FFF728
:10C05000E1FF054B002283F8FA2A08BDC00E00203C
:10C06000BE0E00200C0C00209017002013B5C379E1
:10C07000212B12D10A4CF9F789F9FFF7CBFF94F87D
:10C08000FA3A032B06D10DF1070120468DF807304F
:10C09000FBF7D4F9002384F8FA3A02B010BD00BFD0
:10C0A0009017002010B50D4B1B78013B032B14D8C3
:10C0B000DFE803F002090D072023BDE81040F9F77F
:10C0C00055B92423F9E7BDE81040F9F7B3B92323A4
:10C0D000F9F74CF9024B00221A7010BDBE0E002079
:10C0E000AC320020034B01221A7000225A711A71DF
:10C0F000704700BF3D300020054A064B12791B7F78
:10C100001AB105495B22F9F7EDBC04495B22FAE755
:10C1100048060020FC020020AD3200200833002039
:10C1200038B5114B1A79054632B10146002218463E
:10C13000BDE83840F9F714BD0C4A0D495B23F9F707
:10C14000C1FC7DB90A48F9F701F80128044607D077
:10C1500000280849284614BF01240224F9F7EEFC00
:10C16000204638BD0148EEE7480600202331002074
:10C17000C830002080310020024B1878831E5842BE
:10C18000584170471D070020044B1B78022B06BF47
:10C19000034B93F8A4000020704700BF1D07002048
:10C1A0003805002010B50446FFF7EEFF70B10D4BC7
:10C1B000D3F8AC3042F6A002934208D80A49204690
:10C1C000F9F7D2FF09492046F9F7CEFF10BD42F634
:10C1D000A1029342FAD006492046F9F7C5FF054966
:10C1E000F1E700BF3805002031290108672901085F
:10C1F0009D290108D329010810B50446FFF7D2FF95
:10C2000020680749F6F7FAFE064B206819783031A6
:10C21000C9B2F6F74DFE04492046F9F7A5FF10BD57
:10C22000092A0108FC0200202126010830B5044635
:10C2300095B0FFF7B7FF1E492068F6F7DFFE1D49EE
:10C240008B7863B12F22023108A805F058F91A49FA
:10C250002068F6F7D3FE206808A9F6F7CFFE174945
:10C260002046F9F781FF16492068F6F7C7FE154BFF
:10C270001B78022B19D1144D95F8A4309BB120687E
:10C2800005F1B001F6F7BAFE0B492068F6F7B6FEE5
:10C29000D5F8A8106846F5F7D9FB69462046F9F7A6
:10C2A00063FF15B030BD0949F8E70949F6E700BF5B
:10C2B000132A0108780E0020C4270108212601084E
:10C2C0002E2A01081D07002038050020352A010804
:10C2D000172D01082DE9F041254E264FDFF89880F3
:10C2E0000446002594F88D20EBB29A423ED994F88A
:10C2F0008E30102B37D8DFE803F00913181A1C1EF4
:10C3000020222426282A2C2E303234002046FFF703
:10C3100049FF94F88E30013384F88E300135E1E71F
:10C3200016492046F9F720FFF3E71549F9E71549C3
:10C33000F7E71549F5E71549F3E71549F1E7154919
:10C34000EFE71549EDE71549EBE71549E9E7154929
:10C35000E7E71549E5E71549E3E74146E1E73946EF
:10C36000DFE73146DDE7002384F88C30BDE8F0815B
:10C37000E52C0108AA2C0108792C01084A2A010899
:10C380006E2A01089C2A0108C52A0108F12A010821
:10C39000192B0108412B01086A2B0108932B010876
:10C3A000D72B0108FD2B0108232C0108462C01087E
:10C3B00038B590F88E30044663B990F88F30012B71
:10C3C00001D9032B06D1FFF7DFFE18B9204920461B
:10C3D000F9F7CAFE002594F88E102E2903D9002300
:10C3E00084F88C3019E04B1C84F88E3094F88F3030
:10C3F000012B13D10846F9F717FC0028EBD10846AA
:10C40000F9F724FC0028E6D12046FAF72FF8013589
:10C4100094F88D30EDB2AB42DDD238BD022B05D1A0
:10C420000846F9F701FC0028EED1D4E7032B07D129
:10C430000846F9F70BFC0028CDD0FFF7A5FEF2E780
:10C44000002BE1D10846F9F701FC0028DCD0F4E725
:10C45000112D01082DE9F043037993B00446C3B1CF
:10C4600090F88C30013B032B19D8DFE803F002521F
:10C47000575C006803685B69984768B12068036887
:10C480009B6998470023A94984F88C302046F9F726
:10C490006BFE13B0BDE8F0832046FAF74BF8A44BCF
:10C4A0001E6894F885308BB1D4F88830F31AB3F550
:10C4B000FA6F0BD99F492046F9F756FE9E49204650
:10C4C000F9F752FE002384F885306371994FDFF845
:10C4D0006C82DFF86C92206803685B6998470028DB
:10C4E000D7D0206803689B6998470A280546C4F896
:10C4F00088601DD00D281BD02C2819D03B2817D0C0
:10C5000001462068F6F7D4FC29462046F9F758FE84
:10C51000E1E713B0BDE8F043FFF7DCBE13B0BDE8C0
:10C52000F043FFF745BF13B0BDE8F043FAF7AAB8F0
:10C5300039462046F9F718FE41462046F9F74EFEE7
:10C5400050B1022384F88C30002384F88E3000230D
:10C5500084F885306371BEE749462046F9F73EFE10
:10C560000028EED177492046F9F738FE0028E8D1B7
:10C5700075492046F9F732FE054618B12046FFF707
:10C5800055FEE4E771492046F9F728FE40B1204600
:10C59000FFF732FE032384F88C30A4F88E50D6E7E0
:10C5A0006B492046F9F71AFE50B12046FFF724FEEA
:10C5B000032384F88C304FF48073A4F88E30C6E7E0
:10C5C00064492046F9F70AFE40B12046FFF714FE01
:10C5D000032384F88C304FF40073EEE75E49204665
:10C5E000F9F7FCFD40B12046FFF706FE032384F86F
:10C5F0008C304FF44073E0E70AAA02A92046F9F70D
:10C600004DFE002842D002A90DF10200F9F77AFC94
:10C6100020B952492046F9F7A7FD98E79DF8025046
:10C620002846F9F713FB20B1FFF7AEFD08B94C49D6
:10C63000F0E79DF828303F2B0BD12046FFF7DCFDBB
:10C6400029462046F9F712FF29462046F9F7A6FEAB
:10C650007DE70BB94349DDE72A460AA90DF103003E
:10C66000F9F736FD08B94049D4E72046FFF7C4FD85
:10C6700029462046F9F7FAFE9DF80330002B3FF4D7
:10C6800066AF05213948F5F73EFC60E7384920469A
:10C69000F9F7A4FD90B135480621F5F734FC2046A2
:10C6A000FFF7AAFD334B1B78022B05D02C492046FF
:10C6B000F9F75AFD3049ADE73049ABE7304920463C
:10C6C000F9F78CFD28B101212848F5F71CFC2D490C
:10C6D000A0E72D492046F9F781FD90B123480721B5
:10C6E000F5F711FC2046FFF787FD224B1B78022B44
:10C6F00005D01B492046F9F737FD24498AE724492C
:10C7000088E7244901AA2046F9F770FD00285AD08D
:10C71000019D092D01D920497CE72046FFF76CFDDA
:10C720001E4B1B789D423DD11D4973E7482D0108E2
:10C730008C410020622D0108642D0108DC380108BD
:10C740006E2D010877270108B6370108732D0108FF
:10C75000762D01087B2D0108812D0108872D010808
:10C76000112D0108A32D0108BB2D01086C320020FA
:10C77000CE2D01081D070020D52D0108EC2D010844
:10C78000002E0108052E01081C2E0108232E010889
:10C790003C2E0108522E01085E2E0108FC020020EA
:10C7A000822E01082A461D480A21F5F7AEFB1C49D6
:10C7B0002068F6F723FC05F13001C9B22068F6F7CE
:10C7C00077FB184926E718492046F9F707FD054683
:10C7D00040B10123154984F88C302046F9F7C4FC98
:10C7E000134917E713492046F9F7F8FC28B1042349
:10C7F00084F88C3084F88E50A9E60F492046F9F76A
:10C80000EDFC08B103213DE794F885100B4A0C4B71
:10C8100000290CBF11461946FCE600BF6C3200200F
:10C82000972E010821260108C02E0108AD2E01080F
:10C83000C62E0108E32E0108ED2E01082E2D010859
:10C840003A2D01080148FFF705BE00BF840600200D
:10C8500010B5184B1A78184B0446142000FB02330D
:10C8600093F85500012822D12288930605D522F09D
:10C870002002228005230B7010BD12F0400317D058
:10C88000FFF782FC28B1FFF799FB10B900230120C4
:10C89000F1E7606830B1094B1B681B1A312BF5D9E1
:10C8A0000023636022F0400222800623EFE700238A
:10C8B0001846E0E7FC0200207C0300208C410020A9
:10C8C00013B50DF107010446FFF7C2FF18B19DF83B
:10C8D000070002B010BD2080FBE700002DE9F04109
:10C8E00006460C461546FFF74FFC70B1184B93F8FF
:10C8F0002D30581E012819D8164BB3F85861B3F8DB
:10C900005671002291B28D4201D8BDE8F081B3F892
:10C910005401411C3140B9421FBFC01814F802C075
:10C9200080F85AC1A3F854110132EBE7032B09D167
:10C93000094E0D44AC42E8D014F8011B3046FFF715
:10C94000A7F9F7E770680368BDE8F0411B6918476D
:10C950007C030020C80E002094220020F8B5214B53
:10C96000214D1F79CB78C3F3000385F895304B79BF
:10C97000C3F3801385F896300646C87840080C4605
:10C98000F4F791FE85F892002379C3F3060385F846
:10C9900093306379227903F03F035B0043EAD213BB
:10C9A00085F89430E6B1DFB1A37803F0F003202BD3
:10C9B00004D12046BDE8F840FFF758BBA2790B48E8
:10C9C000E11D5208FFF78AFFA17905F164004908CB
:10C9D000F5F760FA05F13C00BDE8F840F5F754BA08
:10C9E000F8BD00BF3D3000208031002064320020BF
:10C9F00070B50546B8B9184B184E1B78184A14790B
:10CA00004CBB022B174812D1B17801F00701F9F79E
:10CA100001F94379C3B931460120FFF79FFF12485E
:10CA2000F4F7B6FD09E0114B114E1B78E6E7012241
:10CA30009342027044710471EDD80B4880F8905015
:10CA4000BDE87040F4F7A2BD0A4B1C745C825C61C7
:10CA5000094B1C71DFE770BDBA0E0020C830002002
:10CA6000480600203D30002080310020BB0E002011
:10CA700023310020C80E00209422002010B5024669
:10CA8000FFF782FBB8B10C4B93F82D30591E0129EA
:10CA900004D8BDE810400948FDF7A4BF032B04D11A
:10CAA000BDE810400648FFF7F8B850680368BDE8D5
:10CAB00010405B69184710BD7C030020C80E0020A1
:10CAC0009422002010B50246FFF75EFBB8B10C4B74
:10CAD00093F82D30591E012904D8BDE810400948AB
:10CAE000FDF78EBF032B04D1BDE810400648FFF7C9
:10CAF000E6B850680368BDE810409B69184710BD50
:10CB00007C030020C80E0020942200202DE9F04F65
:10CB1000DFF8D88098F8004097B081460E46174657
:10CB2000002C48D1324B1B78022B40D1DFF8C4B027
:10CB30000DF1180A25465846ECB2FFF79FFF40B1A9
:10CB40005846FFF7BFFF0135402D0AF8010BF2D11F
:10CB50002C4629482146F5F79DF92848F5F794F920
:10CB600027488DF8129090F8A4308DF80C30254BA2
:10CB700080F89190DB788DF80D3090F890308DF83A
:10CB80001130F4F72AFD8DF80E00F8F7BDFC10F017
:10CB9000010F0CBF33463B468DF814301A4B8DF80D
:10CBA000130093F85A3043B9B74206D0FEE7114854
:10CBB000FFF7A6F8D4E70024D2E71148F4F71FFDE9
:10CBC00098F800308DF810004BB9104A10480094C6
:10CBD00006AB03A9F8F7AEFA17B0BDE8F08F0B4A21
:10CBE0000B4803A9FFF75EFAF6E700BFAC3200205E
:10CBF0001D07002064320020D0310020A831002021
:10CC0000803100203D300020FC0200204430002014
:10CC10000833002030B4084C257925B10146204660
:10CC200030BCF8F77DBD054C94F8A430013384F88E
:10CC3000A43030BCFFF76ABF4806002080310020D6
:10CC400008B50246FFF7A0FA18B9A2F82206A2F822
:10CC50002006064B93F82D30032B06D1136823B121
:10CC6000BDE808401046FEF7A1BF08BD7C030020C8
:10CC700070B500239CB2A24200D870BD058886889A
:10CC80006C1C34404688A6421EBF2D18CE5CAE7187
:10CC900003F1010318BF0480ECE708B56830FFF723
:10CCA000E7FF08BDA0F11400F7E7000038B50A4B14
:10CCB00093F82D3000F5EF65022B0446284608D185
:10CCC000FCF7F4FF0246294604F24A40FFF7D0FF82
:10CCD00038BDF5F76AFDF5E77C030020F0B587B0B5
:10CCE0000446102201A8F4F7FDFE204B94F8A8C8D2
:10CCF00093F8352084F85EC64FF0FF33333284F862
:10CD00005C3684F85D36012384F85F3604F5CA6723
:10CD1000D2B201AB04F5CC660DF1140E1D4603CD65
:10CD20007545306071602B4606F10806F6D184F82F
:10CD300055264423D4F8582684F85636142363F332
:10CD40001702C4F858264DF2016284F871C7A4F89E
:10CD5000722784F8743704F5A4713846F6F7B4F8EE
:10CD600039462046FFF7A2FF07B0F0BD7C03002044
:10CD70002DE9FF410446B0F84C14B0F84A04F6F728
:10CD80001DF8E3684BBBDD2808D804F5F37604F5FD
:10CD9000ED75A06803685B69984710B904B0BDE8F9
:10CDA000F081A06803689B6998472A46034631468C
:10CDB0006846F5F75FFE0028EBD09DF80030022BA7
:10CDC000ECD104F5CA65324669462846F5F7CAFD36
:10CDD00029462046FFF76AFF94E0DD28DED84D4D56
:10CDE0002B780133DBB2012B2B700FD900232B7072
:10CDF000A06803685B69984750B901232B70E0680D
:10CE000003685B69984730B9287004E0002BEFD0C5
:10CE10002B78012BF3D004F5F37604F5ED772B781E
:10CE2000002B36D1A06803685B69984788B3A06877
:10CE300003689B6998473A46034631466846F5F7CA
:10CE400019FE0028EBD0DFF8D08069460120F5F705
:10CE5000E1FF98F8023033B1E068BDF802200368C2
:10CE600031461B6998479DF80030022B11D104F51B
:10CE7000CA67324669463846F5F774FD98F80030BF
:10CE80001BB139462046FFF711FF39462046FDF712
:10CE9000D5FF04F21E3604F212372B78012B7FF4F3
:10CEA0007DAFE06803685B69984700283FF476AF80
:10CEB000E06803689B6998473A46034631466846EE
:10CEC000F5F7D8FD0028E8D0134F69460220F5F7A2
:10CED000A1FF7B7833B1A068BDF80220036831461A
:10CEE0001B6998479DF80030022B7FF457AF04F57B
:10CEF000CA65324669462846F5F734FD3B78002B73
:10CF00007FF466AF2946204604B0BDE8F041FDF746
:10CF100095BF00BF4406002005060020264B70B5D3
:10CF20001E680446FFF730F958B9C4F8A468A4F89D
:10CF30005601A4F85401A4F84C04A4F84A0484F857
:10CF4000B8081E4D95F82D30013B012B33D82046F3
:10CF5000FEF7A8FA2046FFF70BFF194B1B781422A7
:10CF600002FB035595F8525095B1D4F8A438F31A42
:10CF7000B3F57A7F0FD3C4F8A468012504F6A8009E
:10CF8000FEF7C0F94DB12046BDE87040FDF762BD27
:10CF9000C4F8A468F2E70025F0E794F8B4382BB1A0
:10CFA000084984F8B4582046FFF798FE2046BDE8AB
:10CFB0007040FEF763B870BD8C4100207C030020F8
:10CFC000FC020020232901082DE9F04F564E33784A
:10CFD000012B85B000F247810BB9F6F793F9FEF704
:10CFE000BBFE524B00221A809A70514B08229A6263
:10CFF00007254CF25030013DF6F7C4FAF6F708FB6E
:10D0000015F0FF05F5D14B4B4B489D701D8002F08C
:10D01000F2FD013880B24FF6FD74A04203D94749B2
:10D020000120F8F7C5FD464802F0E5FD013880B261
:10D03000A04202D943490220F3E7434B434C1D6011
:10D04000434B1D6094F8563013B994F858301BB117
:10D0500040493948F7F7F2FE94F8573013B994F87D
:10D0600059301BB13C493648F7F7F5FE3B48F8F715
:10D0700067FA94F82020202A00D9FEE794F82800C7
:10D08000374F616AB4F82C9094F829C094F82A308C
:10D09000B871052800D9FEE7DFF8C88058F830E0FD
:10D0A000BEF1000F00D1FEE708EBC008C7F808E0AA
:10D0B00098F804E098F8058087F80C804FF0000895
:10D0C00087F807E087F8D500A7F80E9087F8D48096
:10D0D000B9F1000F00D1FEE7724524BF0EF1FF3E0B
:10D0E0005FFA8EF205287A7400F0F980012800F2C8
:10D0F000FE800CF1FF30C0B200F0E880022833D887
:10D10000581EC0B2032809D80C2A01D90C20787403
:10D11000787C904200D97A74654628E0122A84BF50
:10D1200012237B740023F3E76A300020B60E002040
:10D1300000040048780E00202C320020F82E010850
:10D1400048320020022F0108AC0E0020FC02002013
:10D15000B00E0020000300200C0300204806002031
:10D16000180C0020DC390108052B28BF00236B4870
:10D170002A46F4F7F6FD0025694B68483D74FF2206
:10D180001A705A70F7F774FE0146664802F0E9FB20
:10D190006248F7F76DFE0146634802F0E2FB634B1D
:10D1A0001D80634B1D70634B1D70634B1D80634B73
:10D1B0001D80634B1D70634B1D80634B1D70634B63
:10D1C0001D70634B1D70634B1D70634B01201D7000
:10D1D000FEF7E2FEFEF7FAFEB4F84C30B4F84E204B
:10D1E00094F840105D48F4F793F9B4F84C105C489B
:10D1F000F4F7CBFC5B48F8F7E3FC22785A4B5B482A
:10D20000142101FB023393F84E10F4F7F1FF584953
:10D210005848FDF7D7FF5848FEF7A2FC5748544935
:10D22000FEF780FD5648F8F7ABFF94F856301BB96F
:10D2300094F85830002B5ED03A48F7F7F0FD51488B
:10D24000F4F76AFE5048F4F73DFE5048F4F792FFB9
:10D250004F4A002313704F4A13804F4A1380F6F74A
:10D2600071FDFF233370F6F777FD4C4C314D0028EC
:10D2700000F0BF80334A13880BB1013B13802B4A67
:10D2800013880BB9B4F84C30013B9BB2012B1380CF
:10D2900033D1274A1370FEF7CBFE2B78002B40F0DA
:10D2A000A880274B3E4A1978138802292ED1002BDB
:10D2B00030D0013B9BB213809278002A74D0002BAF
:10D2C0007BD1F6F751F9F6F75DF976E0022804D83C
:10D2D0000C2A01D90C237B746546002347E70CF127
:10D2E000FF33022BF9D8082AF6D90823F3E70B48B5
:10D2F000F4F7DEFC3FE70C489FE7002BCBD101237E
:10D300002B70284B5A6A0C4B1A80C4E7002BD0D1E3
:10D31000C723D0E740F2F313CDE700BF180C00207D
:10D320006B3000202C320020483200206433002073
:10D33000B40E00200D0C00203A300020BC0E00205E
:10D340001D070020200700201E0700201C070020CA
:10D35000BB0E0020BA0E0020C20E0020803100203B
:10D36000983200203D3000207C0300204C0E00202D
:10D37000A4170020C80E0020942200206432002050
:10D38000840600207C4100206C320020140700201D
:10D3900068300020A8320020AA320020FC020020C1
:10D3A000B60E00200044014002299F4840F0E4806E
:10D3B0000BB9F6F7D9F8082383629C4F3B88002B02
:10D3C00040F0E08040F2E7333B809948F8F744F9B9
:10D3D00094F8563023B994F85830002B00F0EB80C5
:10D3E0009448F7F71CFD3B881BB993499348F5F720
:10D3F000F7FD934F3B88022B00F0DF80042B00F0F9
:10D400004381012B0FD18F4B1A7C597C0132D2B250
:10D41000914298BF00221A748B4B1146187AFFF77D
:10D42000F9FB02233B8094F8563013B994F8583036
:10D43000A3B3DFF81882D8F800307BB33B88032B06
:10D4400040F03E81D8F80030DA070ED5804A00233C
:10D45000C8F80030137843F00101117094F85A2095
:10D460000AB19B0701D504233B80D8F80030ABB14B
:10D47000D8F80030D8F80030990748BFD8F8003005
:10D48000D8F80030DA07734A48BFD8F800300023D4
:10D490001370714AC8F800303B80137094F857300D
:10D4A00013B994F85930A3B3DFF8B081D8F800303D
:10D4B0007BB33B88032B40F01381D8F80030DB07A7
:10D4C0000ED5634A0023C8F80030137843F00201F8
:10D4D000117094F85A200AB1D80701D504233B8073
:10D4E000D8F80030ABB1D8F80030D8F800309A073F
:10D4F00048BFD8F80030D8F80030564ADB0748BF9C
:10D50000D8F8003000231370534AC8F800303B802D
:10D5100013702B78002B00F02982002345482B70D4
:10D52000F7F7F5FB4E48DFF82CA1DFF82CB1DFF858
:10D530003481F7F7ECFB94F8563094F85750002BF1
:10D5400000F06D81002D00F079819BF80030002BF8
:10D5500040F0D7809AF80050003D18BF01259AF896
:10D560000030012B94BF00230123002D40F0738174
:10D570001D46FEF7B7FDDAE010228262002B7FF431
:10D580001CAFA0E6013B9BB23B80002B7FF41DAF9C
:10D590002278354B142101FB023393F85330022BD0
:10D5A0007FF413AF314B1B78002B3FF40EAF2D48A7
:10D5B000F4F738F809E72A4813E72D4B2D4A5B6A40
:10D5C00012889B1A9BB240F2ED2293427FF62BAF5A
:10D5D000294B2A484FF0000883F80080F8F7E0F95B
:10D5E0001848F7F745FC0146124802F0BAF9154809
:10D5F000F7F73EFC01461A4802F0B3F9124B187ACD
:10D60000FEF77AFD03233B80114B1D4883F8008011
:10D61000124BC3F800800D4BC3F80080194B012258
:10D620001A71F4F77DFCFEE600040048A8320020E1
:10D63000480600202C32002076240108000000203B
:10D64000BC0E0020180C002098320020B00E0020E4
:10D65000C20E0020BB0E0020BA0E0020AC0E00202F
:10D6600048320020803100207C0300201C0700206D
:10D67000004401403A300020B40E00206B300020FE
:10D680007C4100202407002094F8563023B1A148A3
:10D69000F5F7B4FEF7F72FFB94F8573023B19E4807
:10D6A000F5F7FEFEF7F727FB9C4A05233B80002396
:10D6B00013709B4A13709B4A13609B4A1360B2E637
:10D6C000052B7FF4D2AED8F8003098077FF5CDAEA9
:10D6D0000020C8F80000FEF723FD914B1870C4E647
:10D6E000052B7FF4FDAED8F8003099077FF5F8AE32
:10D6F00000230120C8F80030FEF712FD874B187098
:10D70000EEE6012B3FF42BAF94F85730002B00F0DE
:10D71000A48098F98D30009398F98C309AF8002005
:10D720009BF800108148F4F719FAFFF761F994F8B3
:10D7300058009BF800109AF8002094F859300028FF
:10D7400000F08D80002B00F08F8098F98D300093D1
:10D7500098F98C307648F4F733FADFF8D89199F8D5
:10D76000103088F8A7309BF80030012B94BF0023BD
:10D77000012388F8A5309AF80030012B94BF0023CC
:10D78000012388F8A630DFF8B08198F800303DB169
:10D79000002B6CD0012B70D0684BB4F850201A804D
:10D7A00098F80030022B04D1644B1B880BB988F821
:10D7B000003098F8002000230120022A38808BF8DE
:10D7C00000308AF8003006D05D490B701AB9FEF7B8
:10D7D00021FCFEF7FBFB5B4A13880BB9B4F84E3013
:10D7E000013B9BB2138013B95748F3F729FF564802
:10D7F000F3F7CBFE98F80030022B02D05248F3F733
:10D800006DFE524B1D78002D61D0514B08229A615C
:10D8100010229A61F7F7AEF80123337061E06DB121
:10D820009AF80030012B94BF00250125002B3FF40E
:10D83000A0AE94F8573083B1012076E79BF8002022
:10D84000012A94BF00250125002A3FF492AE002B47
:10D850007FF45AAFEDE71D4656E7002065E71BB1A0
:10D86000334B01221A7278E7314B0022FAE701228A
:10D8700088F80020374A13708EE7364A364D137801
:10D880000133DBB213702A78DAB994F854108B4262
:10D8900082D3324991F8A43043B9314B1B792BB96B
:10D8A0008AB1FEF7B7FB012381F8A4302B7813B9B6
:10D8B0002548F3F766FE022388F8003001232B7019
:10D8C0006AE70521E3E727490C20FFF7AABB2448B4
:10D8D000F7F7ECFEF7F716FF0128044604D00328FB
:10D8E0009AD005B0BDE8F08F1D48F7F76FFE41F202
:10D8F0008833A9F8D630164B89F8D4401022A9F8FD
:10D90000D8509A6108229A62174B88F800509C7090
:10D91000E7E700BF2C32002048320020BB0E002079
:10D92000BA0E0020AC0E0020B00E0020693000209E
:10D9300098320020180C00201D070020200700202E
:10D940003D300020AA320020803100200C0C002045
:10D95000000400481E0700201C0700203805002096
:10D96000480600200D2F0108B60E002094F85B3009
:10D97000834DEBB183498448F9F782FB68B1227883
:10D98000824B142101FB0233012293F84C30032B0C
:10D9900004BF01232B707C4B1A717B480DF10B01E6
:10D9A000F9F786FB20B19DF80B30F3B1012B1FD0A6
:10D9B00094F85B3023B994F85C30002B00F0F680CB
:10D9C00071480DF10B01F9F798FB50B39DF80B303E
:10D9D000033B0F2B25D8DFE803F01624242424244E
:10D9E0002448244C6373787E7A7CFDF7C5FDDFE71D
:10D9F000654803A9F9F7B0FB0028D9D09DF80C00C1
:10DA0000F9F750FED4E7F6F7C5FF614B1B78022B00
:10DA10004FF0030822D10420FEF7D8FA5A4B83F8BE
:10DA2000FA8A94F85C30002B00F0C08055495948C0
:10DA3000FAF712FF08B101232B70B4F84C205548B7
:10DA400002A9FAF72BFF00284FD09DF80830052BCC
:10DA50004BD8DFE803F0475F63676B914A488DF866
:10DA60000C8003A9F9F7EAFCDBE74B49A1F133008D
:10DA7000F8E7DFF8148103A908F13300F9F7F4FDA2
:10DA80000028CED09DF80C30002BCAD0404B18781F
:10DA90000228C6D1FEF79AFA0C2388F8FA3AC0E7B2
:10DAA0003B4B1B78022B07D10320FEF78FFA364B36
:10DAB0000D2283F8FA2AB4E7384B01221A70B0E736
:10DAC00001213748F4F71BFAABE70221F9E70321FC
:10DAD000F7E70821F5E72C4B324893F83310F4F7B9
:10DAE0004DFB9EE72B48FBF7E7FDDFF8A8800DF123
:10DAF00009014046FAF708FF002857D09DF8093081
:10DB0000022B51D8002B00F09B8025480121F4F70F
:10DB1000F8F94BE01F48FBF721FEE6E71D48FBF74D
:10DB20005FFEE2E71B48FBF7DBFEDEE716480DF180
:10DB30000A01F9F711FB18B19DF80A00F9F7B2FDD7
:10DB400011480DF10B0203A9F9F748FA30B19DF81D
:10DB50000B2003990F48FAF72BFFC6E7FEF714FBDB
:10DB60000028C2D0094B93F82D30013B022BBCD8C2
:10DB70000848FBF725F9B8E70648FBF775FEB4E758
:10DB80006830002044300020901700207C030020E3
:10DB90001D07002024070020C31700200C0C0020C4
:10DBA0006C32002014070020032B4FD094F85D3016
:10DBB00023B150495048F4F742FC08B92B78C3B15F
:10DBC00000232B704D4D23784A494D484FF01408DF
:10DBD00008FB035393F84D20F3F776FC237845496F
:10DBE000484808FB035595F84A3095F85620F7F752
:10DBF00001FF454B1B78002B7FF473AE3B88022B53
:10DC00003FF46FAE4148FFF789F94148FFF718F834
:10DC10004048F4F792F94048F4F75AF910B93B48F4
:10DC2000FEF74EFE431E102B60D8DFE803F03F46A0
:10DC30004D5F192D375F5F4F5F5F5B5F575F570029
:10DC400098F869103548F4F799FAAFE798F8162074
:10DC50003348023AD2B208F11801F9F7AAF9A5E758
:10DC6000304B1878022805D1FEF7B0F92C4BFF2273
:10DC700083F8FA2A2948F4F795FA00283FF431AEE0
:10DC8000294B01221A702CE6264B1B78022B01D15E
:10DC90000320E9E7244B01221A70EBE7F6F77AFE3E
:10DCA000204B1B78022BE5D10420DDE71F4B1A79AE
:10DCB000002ADFD101225A71DCE71C4B1A79002AB5
:10DCC000D8D001229A71D5E7F5F7CCFA1248F4F7CB
:10DCD0001FF9C1B21148F4F751FACBE70E48F4F737
:10DCE00019F9C7E70C48F4F713F9C3E704283FF420
:10DCF00093ADBFE7443000204C0E00207C03002091
:10DD00007C0600206B300020B40E0020C80E0020DE
:10DD1000942200207C4100206C3200201407002057
:10DD2000901700201D0700200C0C00204806002042
:10DD300008B5FFF749F9FCE7544B554A554870B50B
:10DD40001A60554B554A1A60554B564A1A605A612B
:10DD50009A62DA63544A1A655A66544A9A67544A70
:10DD6000544B02F10801283200245A6140F2FF129C
:10DD7000C3E91A427F25504A1960C3F87022C3F8DC
:10DD80006C42C3F8744AC3F8785A4C4B03602123A1
:10DD900080F80C3100F1DC03C0F81031102380F85A
:10DDA000143100F1C403C0F81C310F2380F8203176
:10DDB0001E2380F8243100F1F403C0F82831062333
:10DDC00080F82C31072380F8303100F1FA03022269
:10DDD000C0F83431092100F1FC0380F8182180F8E3
:10DDE000382180F83C11C0F8403180F850210D22D4
:10DDF00080F8542100F20112C0F858210A2611229D
:10DE0000032380F8486180F8602100F1FF0600F5E7
:10DE1000827280F84431C0F84C6180F85C31C0F8FF
:10DE2000642180F87831082200F1D30300F1EC0678
:10DE300080F8682180F86C2180F87421C0F87C316A
:10DE400080F88011C0F8706100F5EA70FAF766FB9F
:10DE50001B4B1C4A1A601C482146F3F7E5FA1B4B82
:10DE60001B4AC3F84C24C3E95545A3F84A44194B4F
:10DE700040F2FF32C3F82426C3F82046164B174A57
:10DE80001A60174B174A1A6070BD00BF2C32002071
:10DE90002C2F01082407002048320020542F0108AD
:10DEA00080310020D0250108B8250108C4250108CB
:10DEB00058580108901700200000FF07505801082B
:10DEC0004C0E00206C3001087C060020C80E00209B
:10DED0000000FF0194220020643200200C58010849
:10DEE0007C4100203C58010830B59BB02022002125
:10DEF0000BA803F0CEFA1822002102A803F0C9FAF9
:10DF00001C4A136823F4C06343F40073136013685E
:10DF100003F4C0630193019B01224FF48033CDE9E8
:10DF2000082300230A9310210623CDE915134FF48B
:10DF300000330224032517934FF0005C4FF0007369
:10DF400008A8CDE91345CDE9183C00F095FB08B1D0
:10DF500072B6FEE7CDE90400CDE906004F23214665
:10DF600002A8CDE9023500F021FE08B172B6FEE745
:10DF70001BB030BD00040058104B07B51A6842F4BE
:10DF800080721A601A6842F400721A601A6822F4E9
:10DF900080621A6000F0F0F8FFF7A6FF4FF0B04380
:10DFA000DA6C42F00102DA64DB6C03F001030193E6
:10DFB000019B03B05DF804EBFFF7BABE00400058C8
:10DFC0007047FEE7FEE7FEE7FEE7FEE770477047B3
:10DFD0007047F5F7D1BE0120704708B503F0ACFBE0
:10DFE000162303604FF0FF3008BD08B503F0A4FB13
:10DFF00016230360FEE770B50D4614460E46731BEC
:10E000009C4201DC204670BDAFF3008006F8010B96
:10E01000F5E770B50D4614460E46731B9C4201DCB5
:10E02000204670BD16F8010BAFF30080F5E74FF006
:10E03000FF3070474FF400534B60002070470120C1
:10E0400070470020704700000B4A116810B5034666
:10E0500009B90A491160106809490A4C0344091BAF
:10E060008B4206D903F068FB0C2303604FF0FF30AE
:10E0700010BD1360FCE700BF88410020184300205A
:10E080000000012000040000704700000D48854694
:10E09000FFF7FAFF0C480D490D4A002302E0D4585F
:10E0A000C4500433C4188C42F9D30A4A0A4C0023E2
:10E0B00001E013600432A242FBD303F043FBFFF7FD
:10E0C0005BFFFEE70000012000000020DC020020D2
:10E0D000745F0108E002002014430020FEE770474F
:10E0E0004FF0B04310B59A6B4FF0FF329A63D96B83
:10E0F000DA630024996B9C63D96BDC63196C1A6436
:10E10000196C1C64596C5A64596C5C64996A9A6203
:10E11000996A9C62D96ADA62D96ADC62196B1A63FD
:10E120001A6B1C63FFF7DBFF204610BD38B5104C9F
:10E13000237805460BB9012038BD00F08DFA22780E
:10E140004FF47A73B3FBF2F3B0FBF3F000F074F822
:10E1500004460028EFD10F2DEDD8024629464FF096
:10E16000FF3000F037F8034B20461D60E4E700BFA6
:10E17000700200207402002010B5032000F018F88F
:10E1800000F06AFA064B18600F20FFF7CFFF044635
:10E1900018B9FFF715FF204610BD0124FBE700BFAB
:10E1A0006C020020014B1868704700BF8C410020B2
:10E1B0000749CA6822F4E0620302120403F4E06330
:10E1C000120C134343F0BF6343F40033CB6070473A
:10E1D00000ED00E0164B30B5DC68C4F30224C4F156
:10E1E0000703251D042B28BF0423062D4FF0FF3500
:10E1F0008CBF033C002405FA03F321EA0303A54086
:10E2000022EA0502A340002843EA0203ACBF00F162
:10E210006040084A4FEA0313B8BF00F00F00DBB2BA
:10E22000AABF00F56140135480F8003330BD00BF31
:10E2300000ED00E014ED00E00138B0F1807F0BD27A
:10E240004FF0E023054A5861F02182F823100020A6
:10E25000072298611A6170470120704700ED00E0C5
:10E260000A4A536943F4802330B55361EFF31084B5
:10E2700072B60023CD58C5500433B3F5807FF9D171
:10E280001369DB03FCD484F3108830BD00400058D0
:10E29000064B5A69002ABFBF054A9A6002F18832CC
:10E2A0009A60BABF5869C00F0020704700400058FC
:10E2B00023016745044B5A6942F000425A6158698C
:10E2C000C043C00F704700BF0040005870B50546FE
:10E2D000FFF768FF124E04463369D90313D433693C
:10E2E000DA0744BF012232614CF2FA32134011D1F5
:10E2F0000B4E306910F480200BD0FFF753FF001B4A
:10E30000A842F6D304E0FFF74DFF001BA842E3D379
:10E31000032070BD024A1361024A01205360F8E7EE
:10E3200000400058904100202DE9F041184D9846DA
:10E330002B78012B06460C46174626D001232B705E
:10E340004FF47A7000236B60FFF7C0FFA0B9012E75
:10E3500016D1104A536943F0010353612760BFF39C
:10E360006F8FC4F804804FF47A70FFF7AFFF094A4B
:10E37000536923EA0603536100232B70BDE8F08143
:10E3800039462046FFF76CFFEDE70220F6E700BFB5
:10E390009041002000400058054A536923F47E73E1
:10E3A00043EAC00040F4803040F002005061704702
:10E3B000004000582DE9F041234F3B78012B0546E2
:10E3C00088463FD001233B704FF47A7000237B6076
:10E3D000FFF77CFF044688B92B68042B13D11B4A36
:10E3E000536943F4803343F0040353614FF47A706C
:10E3F000FFF76CFF0446154B1A681B6800233B703F
:10E400002046BDE8F0814FF0FF33C8F800306E6859
:10E41000D5E901321344B3420AD93046FFF7BCFFB5
:10E420004FF47A70FFF752FF50B1C8F8006004460D
:10E43000064A536923F47E7323F002035361DAE73B
:10E440000136E5E70224DBE7904100200040005858
:10E45000024A136843F48073136070470004005845
:10E46000024B186800F4C060704700BF00040058F9
:10E470004FF0B0431868C0F3404070474FF0B043CE
:10E480001868C0F3400070474FF0B042536823F45F
:10E490007F4343EA0023536070474FF0B04318684E
:10E4A000C0F34060704700007FB54FF0B0432C4A86
:10E4B000D3F80831C0F3031003F00F0352F82040E3
:10E4C000284A52F82330B4FBF3F4FFF7C9FF264B78
:10E4D000054693E80700B5F5007F04AB03E90700A4
:10E4E00010D0224B9C4218D303F5B70303F67F5399
:10E4F0009C4229D903F5741303F510639C4225D877
:10E5000002230BE01A4B9C4207D91A4B9C421BD9A1
:10E5100003F5370303F5D853F0E7002304AA02EB11
:10E52000830353F80C4C144D2B6823F0070323434B
:10E530002B60FFF737FE06462B6803F007039C426B
:10E5400006D1002004B070BD0123E7E70024EAE70C
:10E55000FFF728FE801B0228EED90320F2E700BF58
:10E5600008590108A858010860240108C0CF6A00B2
:10E57000BFEA21013F933402004000584FF0B043FE
:10E5800010B59A68D96812F00C0205D00C2A4AD14D
:10E5900001F00303012B50D14FF0B0412B480B6821
:10E5A00013F0080306D00B6813F0080337D1D1F835
:10E5B000941007E00C68240756BFD1F8943009681E
:10E5C000C3F3032350F82330002A0CBF1846002061
:10E5D0004FF0B0418A6802F00C020C2A1ED1CA68C2
:10E5E00002F00302022A2ED0032A06D10B68184A31
:10E5F00013F4801F174B18BF13464FF0B042D0687A
:10E60000D168D268C0F306205843C1F30213013326
:10E61000B0FBF3F0530F0133B0FBF3F010BD0B6808
:10E62000C3F30313CEE7042A0AD0082A05D11B68D6
:10E6300013F4801304D10748CAE700231846C7E73C
:10E6400003480023C4E7024BD7E700BF085901087D
:10E650000024F4000048E80108B5FFF78FFF4FF0F1
:10E66000B043044A9B68C3F3031352F82330B0FB52
:10E67000F3F008BDA85801082DE9F0410446002830
:10E6800053D04FF0B0439D68DE6803689B0605F0E9
:10E690000C0506F0030668D5026A1DB10C2D46D1A3
:10E6A000012E44D1002A40D04FF0B043A16A1A682D
:10E6B000170756BFD3F894301B681B0903F0F0030B
:10E6C00099421FD90846FFF7EFFE00282DD14FF0E1
:10E6D000B042136843F0080313601368A16A23F083
:10E6E000F0030B431360606AFFF7CEFEFFF7B4FF41
:10E6F000AB4B1860AB4B1868FFF718FD002834D0FF
:10E70000BDE8F0814FF0B042136843F00803136096
:10E71000136823F0F0030B431360606AFFF7B4FE45
:10E720000846FFF7C1FE0028E0D00120E8E74FF0DF
:10E73000B043002A54D01A6842F001021A60FFF771
:10E7400031FD0746FFF79AFE002842D04FF0B04255
:10E75000136843F0080313601368A16A23F0F00301
:10E760000B431360606AFFF78FFE2368D80748D415
:10E770002368990700F18C8023681E0740F1FA8016
:10E78000A3694FF0B046002B00F0E180D6F894303A
:10E79000E16903F01002914200F0C48003F003022B
:10E7A000022AC2D0D80740F1B380D6F8943023F0C3
:10E7B0000103C6F89430FFF7F5FC0746D6F894300D
:10E7C000990740F1A580FFF7EDFCC31B112BF5D98C
:10E7D00004E0FFF7E7FCC01B0228B3D903208FE752
:10E7E0001A6822F001021A60FFF7DCFC0746FFF707
:10E7F00045FE0028B9D0FFF7D5FCC01B0228F6D98A
:10E80000ECE7082D03D00C2D05D1032E03D163684E
:10E81000002BADD189E74FF0B043A1681A6822F40C
:10E8200080120A431A606268B2F5803F10D11A68FC
:10E8300042F480321A60FFF7B5FC0746FFF718FE76
:10E84000002895D1FFF7AEFCC01B6428F6D9C5E7B8
:10E85000B2F5041F04D11A6842F400121A60E6E708
:10E86000196821F480311960196821F400111960C8
:10E87000002AE0D1FFF796FC0746FFF7F9FD0028D4
:10E880003FF476AFFFF78EFCC01B6428F5D9A5E7EF
:10E89000042D236903D00C2D0ED1022E0CD1002B98
:10E8A0003FF443AF4FF0B0426169536823F0FE4339
:10E8B00043EA016353605FE74FF0B046BBB1336892
:10E8C00043F480733360FFF76DFC074633685A05E5
:10E8D00007D57368626923F0FE4343EA02637360FD
:10E8E0004AE7FFF75FFCC31B022BEFD976E73368DB
:10E8F00023F480733360FFF755FC074633685B05EC
:10E900007FF53AAFFFF74EFCC31B022BF6D965E744
:10E910004FF0B042E169D2F8943023F010030B437A
:10E92000C2F894304FF0B047D7F8943043F0010369
:10E93000C7F89430FFF736FC0646D7F894309A07AC
:10E9400018D4FFF72FFC831B112BF6D946E7D6F816
:10E95000943023F00103C6F89430FFF723FC0746F8
:10E96000D6F894309B0705D5FFF71CFCC31B112B71
:10E97000F6D933E72368580754D50B4F3B68D905C0
:10E9800014D4FFF765FDFFF70DFC06463B68DA057A
:10E990000CD4FFF707FC831B022BF7D91EE700BF3F
:10E9A0006C0200207402002000040058E3684FF05D
:10E9B000B046002B58D023F08003052B02BFD6F8B9
:10E9C000903043F00403C6F890304FF0B046FFF7A4
:10E9D000E9FBD6F8903043F001030746C6F89030C3
:10E9E00041F28838D6F890309B0705D4FFF7DAFB60
:10E9F000C31B4345F6D9F1E6E36823F00403812BFA
:10EA00001BD1FFF7CFFBD6F8903043F08003C6F858
:10EA1000903007464FF0B04641F28838D6F8903033
:10EA2000180504D5E06A00284AD1002068E6FFF7FF
:10EA3000B9FBC01B4045F1D9D0E6FFF7B3FBD6F8D0
:10EA4000903023F08003C6F8903007464FF0B04670
:10EA500041F28838D6F890301905E3D5FFF7A2FBCC
:10EA6000C01B4045F6D9B9E6FFF79CFBD6F89030BD
:10EA700023F080030746C6F8903041F28838D6F874
:10EA800090301A0516D4FFF78DFBD6F8903023F09E
:10EA90000103C6F8903007464FF0B04841F288367F
:10EAA000D8F890309B07BDD5FFF77CFBC31BB34262
:10EAB000F6D993E6FFF776FBC01B4045DFD98DE61C
:10EAC0000C2D4ED04FF0B04302281A6822F080720D
:10EAD0001A6033D1FFF766FB0546FFF7DEFC38BB53
:10EAE000D4E90C314FF0B0420B43D0682D490140BE
:10EAF0000B43E16B0B43216C0B43616C0B43A16B2C
:10EB000043EA0123D360136843F080731360D36832
:10EB100043F08053D360FFF745FB0446FFF7BDFC8D
:10EB2000002882D1FFF73EFB001B0A28F6D955E6E4
:10EB3000FFF738FB401B0A28CFD94FE6FFF732FB1F
:10EB40000446FFF7AAFC30B94FF0B042164BD1682B
:10EB50000B40D360D4E5FFF725FB001B0A28F0D952
:10EB60003CE601283FF4CCAD4FF0B043226BDB68AC
:10EB700003F0030191427FF4D8AD616B03F07002A2
:10EB80008A427FF4D2ADA16B03F4FE42B2EB012FB7
:10EB90007FF4CBAD626C03F0604393423FF445AF2A
:10EBA000C3E500BF8C80C111FCFFFEEE2DE9F041F2
:10EBB0000D46044610B90120BDE8F081684E336867
:10EBC00003F007038B4216D323689A0727D54FF02B
:10EBD000B047A268BB6823F0F0031343BB60FFF7A4
:10EBE000E1FA0646BB68DB0319D4FFF7DBFA831BA7
:10EBF000022BF7D911E0336823F007030B4333608E
:10EC0000FFF7D0FA0746336803F00703AB42DBD0C7
:10EC1000FFF7C8FAC01B0228F5D90320CCE7236808
:10EC2000580617D54FF0B0476269D7F8083123F07E
:10EC30000F0343EA1213C7F80831FFF7B3FA064689
:10EC4000D7F80831D90305D4FFF7ACFA831B022BA0
:10EC5000F6D9E2E723685A0713D54FF0B047E268C8
:10EC6000BB6823F4E0631343BB60FFF79BFA0646DF
:10EC7000BB689B0305D4FFF795FA831B022BF7D9DA
:10EC8000CBE72368180714D54FF0B0472269BB685B
:10EC900023F4605343EAC203BB60FFF783FA0646DE
:10ECA000BB68590305D4FFF77DFA831B022BF7D904
:10ECB000B3E72368DA070FD4294C236803F007036E
:10ECC000AB4239D8FFF7C8FC264B1860264BBDE88D
:10ECD000F0411868FFF72ABA6268022A1DD1FFF7CF
:10ECE000C7FB00283FF467AF4FF0B04641F28838C9
:10ECF000B36823F003031343B360FFF753FA0746E7
:10ED0000B368626803F00C03B3EB820FD4D0FFF753
:10ED100049FAC01B4045F3D97FE7032A02D1FFF728
:10ED2000BCFBDEE712B9FFF7A9FBDAE74FF0B0430F
:10ED30001B685B05D8D43EE7236823F007032B4309
:10ED40002360FFF72FFA0646236803F00703AB4260
:10ED5000B8D0FFF727FA801B0228F5D95DE700BF7E
:10ED6000004000586C0200207402002030B5046896
:10ED700091FAA1F3B3FA83F303255B0005FA03F3D9
:10ED800024EA030391FAA1F1B1FA81F149008A4022
:10ED90001A43026030BD0000B0F1904F0BD14FF02C
:10EDA000B043DA6A42F00102DA62DA6A22F0010262
:10EDB000DA6201207047144B984209D14FF0B043FA
:10EDC000DA6A42F00202DA62DA6A22F00202EFE75D
:10EDD0000E4B984209D14FF0B043DA6A42F0040278
:10EDE000DA62DA6A22F00402E2E7094B984209D1BA
:10EDF0004FF0B043DA6A42F08002DA62DA6A22F057
:10EE00008002D5E700207047000400480008004851
:10EE1000001C00482DE9F84F0E460F6897FAA7F539
:10EE20004FF0010BB5FA85F54FF0030A4FF00F08CC
:10EE300037FA05F302D10120BDE8F88F0BFA05F48B
:10EE40003C4053D0D6F8049021464A46FFF78EFF47
:10EE500009F1FF33012B19D8B368816894FAA4F241
:10EE6000B2FA82F252000AFA02F221EA020294FA9B
:10EE7000A4F1B1FA81F149008B40134383604268E9
:10EE8000F36822EA04026343134343603369C168B1
:10EE900094FAA4F2B2FA82F252000AFA02F221EAD9
:10EEA000020294FAA4F1B1FA81F149008B401343B4
:10EEB000B9F1020FC36015D1FF2C716918D8026A2D
:10EEC00094FAA4F3B3FA83F39B0008FA03F322EA5B
:10EED000030294FAA4F3B3FA83F39B0001FA03F359
:10EEE000134303624A462146FFF740FF01359FE77F
:10EEF000426A230A93FAA3FCBCFA8CFC4FEA8C0CFE
:10EF000008FA0CFC22EA0C0293FAA3F3B3FA83F397
:10EF10009B00994011434162E4E74FF0B043186809
:10EF2000C0F3005070474FF0B0431868C0F3802022
:10EF300070474FF0B043D3F89000C0F340007047E3
:10EF40004FF0B0431868C0F3C00070474FF0B043B3
:10EF50001868C0F3406070474FF0B043044A9B68A4
:10EF6000C3F3031352F82330B0FBF3F0704700BF34
:10EF7000A85801084FF0B043034A9B68C3F302232B
:10EF800052F82330D8407047E85801084FF0B0429B
:10EF900038B5916801F00C01082950D017D889B311
:10EFA000042900F08C80FFF7CBFF46490246002879
:10EFB00076D1FFF7C5FF4FF0B043012816BFD3F855
:10EFC00094201B68C2F3032251F822002AE00C2986
:10EFD000E9D1D36803F00303022B5FD0032B37D0B2
:10EFE000FFF7AEFF374C014600284AD1FFF7A8FFD4
:10EFF000012816BFD2F894101368C1F3032154F806
:10F0000021302CE0FFF79CFF2E4D044658B9FFF746
:10F0100097FF012816BFD2F894401368C4F3032465
:10F0200055F8240038BDFFF78BFF01280ABF11688F
:10F03000D2F89430C1F3031155F82100F2E7FFF73D
:10F040006CFF214B01462148012908BF1846E9E71A
:10F05000FFF763FF1D4A1C4B012818BF13464FF0F2
:10F06000B042D068D168D268C0F306205843C1F3DB
:10F0700002130133B0FBF3F0530F0133B0FBF3F095
:10F08000D0E7FFF75DFF01280BBF1368D2F894307B
:10F09000C3F30313002354F82330E0E70A4BDEE701
:10F0A000FFF74EFF4FF0B04301280BBF1B68D3F8AA
:10F0B0009430C3F30313002351F82300B2E702484E
:10F0C000B0E700BF085901080024F4000048E80137
:10F0D0004FF0B04307B51A6842F001021A601A688F
:10F0E0009207FCD51A6822F0F00242F060021A6022
:10F0F0005A6822F47F425A605A6822F0FE4242F077
:10F1000080425A604FF4E0229A601A680192019995
:10F11000104A0A400192019A1A60FFF717FF00286F
:10F12000FBD14FF0B0430C4ADA6040F23F329861B5
:10F130000192019A1A62D3F8942042F40002C3F8B3
:10F14000942001204FF44032C3F8082103B05DF849
:10F1500004FB00BFFFF4CEFE0010042210B54FF0F8
:10F16000B0440328D4F888302AD11F4A03F003039F
:10F1700043F44033934209D0B3F1031F0DD0013A59
:10F18000934211D1BDE81040FFF700BFFFF7CBFE5F
:10F190000128164818BF002010BDFFF7CAFE431E05
:10F1A00058425841C003F7E7FFF7F0FEFFF7D4FEDF
:10F1B000A3680F4AC3F3C22352F82330D840EBE7C9
:10F1C000034043EA00400B4B9842DFD0B0F10C1FE4
:10F1D000E3D0043B9842D5D0FFF7D8FEFFF7BCFE42
:10F1E000BDE81040FFF7C6BE020003000024F40093
:10F1F000E858010808000C000F4B98420BD14FF063
:10F20000B0431A6C42F480521A641A6C22F4805291
:10F210001A6401207047094B98420AD14FF0B0435D
:10F220009A6B42F480429A639A6B22F480429A630A
:10F23000EFE70020704700BF003001400038004079
:10F2400003685B0670B502462DD4D1E9003633431E
:10F25000CE68056848690C6A33430E6933438E698A
:10F2600003433343CE6925F47F45334325F0BF057F
:10F2700023432B43136053688D6823F4706323F09A
:10F28000040345EA10401843B5F5006F50603EBFD7
:10F29000536843F480535360B4F5005F01D18B8C05
:10F2A0001361012000E00020D36923F40063D361DF
:10F2B00070BD00001A4A0368904210B502D0B0F148
:10F2C000804F09D14C6823F07003904243EA040355
:10F2D00009D0B0F1804F06D0124A904203D002F517
:10F2E0008062904203D1CA6823F4407313430360E1
:10F2F0008B68C3620B888362094B984207D003F581
:10F30000C053984203D003F58063984201D10B6942
:10F310000363436943F001034361012010BD00BF53
:10F32000002C0140004401400F4B98420BD14FF09C
:10F33000B0431A6C42F480421A641A6C22F4804280
:10F340001A6401207047094B98420AD14FF0B0432C
:10F350009A6B42F400329A639A6B22F400329A63F9
:10F36000EFE70020704700BF003801400044004034
:10F3700038B50368DB0704460D464DD42A69AB68EF
:10F38000016813436A691343EA691343234A0A4035
:10F39000134303604368EA6823F440531343436014
:10F3A0008368AA6923F44073134383601C4B98421B
:10F3B00020D10320FFF7D2FE2B68F0B16A68E2B1DA
:10F3C0000B2B15D8174951F82330E969B0FBF3F03E
:10F3D000B1F5004F4FEA520319D103EB4003B3FBE1
:10F3E000F2F34FF6F0721A40C3F342031343E360A3
:10F3F000012003E00C4B984207D00020E26A2B88E2
:10F4000022F00F021343E36238BD0C20D2E703441D
:10F41000B3FBF2F39BB2EAE70020F5E7F369FFEFF5
:10F4200000380140485901080044004010B530241C
:10F43000632807D80C703021092808D830301170A3
:10F44000187010BD01346438E4B2C0B2F0E7013185
:10F450000A38C9B2C0B2EFE730B5302442F20F75B6
:10F46000A84212D80C703021B0F57A7F14D21170F6
:10F470003022632816D81A703023092817D8039A27
:10F480001370049B3030187030BDA0F51C5001344F
:10F490001038E4B280B2E3E70131A0F57A70C9B266
:10F4A00080B2E1E701326438D2B280B2E1E70133E1
:10F4B0000A38DBB280B2E0E770B5324D324E30240C
:10F4C000A84232D80C70314D314C3021A04230D896
:10F4D00011703049302288422FD21A702E4A3023C0
:10F4E00090422ED8049A13702C4A302390422FD881
:10F4F000059A1370302342F20F7290422ED8069A6A
:10F5000013703023B0F57A7F2ED2079A1370302310
:10F5100063282ED8089A1370302309282DD8099A09
:10F5200013700A9B3030187070BD0134E4B230445F
:10F53000C6E70131C9B22844C8E70132D2B2401A45
:10F54000C9E70133A0F57420DBB2A0F51070C7E75E
:10F550000133A0F5C330DBB2A038C7E70133A0F513
:10F560001C50DBB21038C8E70133DBB2A0F57A706B
:10F57000C8E70133DBB26438CAE70133DBB20A38CB
:10F58000CBE700BFFFC99A3B003665C4001F0AFAEB
:10F59000FFE0F505809698003F420F009F8601002E
:10F5A00010B58B1C0C464A1CFFF740FF0023E3708C
:10F5B00010BD002810B50C460FDA10F1800F0FD0E7
:10F5C0004042C0B22D222346611C03F8032BA21C2B
:10F5D000FFF72CFF0023237110BDC0B22022F2E7F9
:10F5E0002D228020EFE713B50B1D0193CB1C009358
:10F5F0004A1C8B1C0C46FFF72FFF0023637102B0DF
:10F6000010BD10B588B001F10903069301F108039C
:10F610000593CB1D04938B1D03934B1D02930B1D70
:10F620000193CB1C00934A1C8B1C0C46FFF744FF34
:10F630000023A37208B010BD0A2230B5012314467E
:10F64000824207D95A1E12B20A24150406D5002296
:10F65000CA5430BD01339BB26243F1E7B0FBF4F50D
:10F6600004FB1500303088542846013AEDE7031EAC
:10F6700010B50C4603DBBDE81040FFF7DDBF584274
:10F680000131FFF7D9FF2D23237010BD10B5034CB6
:10F690002146FFF785FF204610BD00BFA84100208E
:10F6A00010B5034C2146FFF784FF204610BD00BF74
:10F6B000A841002010B5034C2146FFF794FF2046D7
:10F6C00010BD00BFA841002010B5034C2146FFF734
:10F6D00098FF204610BD00BFA841002013B5036865
:10F6E0008DF807109C680DF107010123A04702B0B7
:10F6F00010BD07B503688DF807101B6901220DF1D5
:10F700000701984703B05DF804FB2DE9F0411D4661
:10F71000036804465B690F461646984723682046EF
:10F720001B689847221D39462046FFF7D7FF2DB1A9
:10F7300023682A461B69314620469847236820469D
:10F740005B689847236820469B69BDE8F0410C211F
:10F7500018472DE9F0411E46036804465B691546CB
:10F760000F469847236820461B689847221D394654
:10F770002046FFF7B3FF20460021FFF7BAFF2368BA
:10F780002046DB68324629469847236820465B6856
:10F79000BDE8F04118472DE9F0411F4603680446D3
:10F7A0005B690D4616469847236820461B689847B4
:10F7B000221D20460D21FFF791FF290A2046FFF761
:10F7C00098FFE9B22046FFF794FF236831463A4696
:10F7D00020461B699847236820465B689847236842
:10F7E00020469B69BDE8F0410C21184707B501236D
:10F7F0008DF807200DF10702FFF7CDFF03B05DF88C
:10F8000004FB2DE9F0411F46036804465B690D4681
:10F8100016469847236820461B689847221D2046B5
:10F820001D21FFF75BFF290A2046FFF762FFE9B2BF
:10F830002046FFF75EFF20460021FFF75AFF2368AE
:10F840002046DB683A4631469847236820465B6885
:10F85000BDE8F041184707B501230DF10702FFF796
:10F86000D0FF9DF8070003B05DF804FB2DE9F041DF
:10F870001E46036804465B690F4615469847236891
:10F8800020461B689847221D20460E21FFF726FFC1
:10F8900039462046FFF72DFF236829463246204689
:10F8A0001B699847236820465B6898472368204671
:10F8B0009B69BDE8F0410C2118472DE9F0411E4637
:10F8C000036804465B690F4615469847236820463F
:10F8D0001B689847221D20461E21FFF7FFFE394670
:10F8E0002046FFF706FF20460021FFF702FF2368AE
:10F8F0002046DB68324629469847236820465B68E5
:10F90000BDE8F041184710B5002304461A46C0214F
:10F91000FFF7FBFE207910BD37B504460D468DF884
:10F920000710012380210DF10702FFF7EEFE236887
:10F93000012D9B690CBF322140F2DC51204603B0FF
:10F94000BDE83040184737B501230C468DF8071045
:10F950000DF107028A210546FFF7D7FEAC7103B00F
:10F9600030BD07B5042309BA01910DEB03028621CE
:10F97000FFF7CBFE03B05DF804FB07B502238DF85B
:10F9800004108DF805208F2101AAFFF7BEFE03B0F9
:10F990005DF804FB37B58DF8063000238DF807308D
:10F9A0000423044615468DF804108DF805208B219C
:10F9B0000DEB0302FFF7A9FE40F689012046FFF791
:10F9C0004AFF062D16BF40F0040200F0FB02D2B23F
:10F9D00040F6890120468DF80420FFF707FF03B0A9
:10F9E00030BD73B515468DF8033000229DF81830F0
:10F9F0009DF81C608DF8002004468DF801108DF8EC
:10FA000004308C2106236A468DF802508DF805607B
:10FA1000FFF77BFE40F236712046FFF71CFF5EB118
:10FA200000F0FB0240F2367120468DF80020FFF70F
:10FA3000DDFE657102B070BD40F00402D2B2F1E7A4
:10FA400007B55BBAADF80430BDF810305BBAADF85D
:10FA5000063049BA082352BAADF80010ADF80220BA
:10FA600019466A46FFF751FE03B05DF804FB07B57F
:10FA7000022301AA1221FFF76CFE9DF804309DF8C5
:10FA8000050000EB032080B203B05DF804FB07B56E
:10FA9000022349BAADF8041001AA1946FFF735FE52
:10FAA00003B05DF804FB07B502238DF804108DF850
:10FAB00005208E2101AAFFF728FE03B05DF804FBA4
:10FAC00013B56FF07F43994228BF19460B0C0446CB
:10FAD0008DF804300B0A8DF805308DF8061001AA58
:10FAE00003238321FFF711FE236864219B692046CD
:10FAF000984702B010BD13B56FF07F43994228BFFD
:10FB000019460B0C04468DF804300B0A8DF80530AD
:10FB10008DF8061001AA03238221FFF7F6FD236862
:10FB200064219B692046984702B010BD37B5032376
:10FB30000D461446142101AAFFF70BFE9DF8043070
:10FB40005B085B422B809DF90530002BB8BF033367
:10FB50009B10237003B030BD10B543680D4A23F0ED
:10FB60007F4323F0FF039342044611D1002240F665
:10FB70000211FFF73BFE40F644112046FFF76BFEF3
:10FB800040F00202D2B240F644112046FFF72EFEAA
:10FB900010BD00BF0001010070B505460E46FFF71D
:10FBA00066FF314604462846FFF771FFA30702D5DA
:10FBB0002846FFF7D1FF204670BD07B5002914BFC6
:10FBC000402320238DF807300DF1070201239321F4
:10FBD000FFF79BFD03B05DF804FB10B5002304465E
:10FBE0001A46C121FFF791FD236820469B69BDE8B5
:10FBF00010404621184708B5FFF785FE80B208BDC2
:10FC000007B50023ADF8043001AA02230721FFF74E
:10FC10007CFD03B05DF804FB07B5130C8DF80530CF
:10FC200052BA04238DF80410ADF8062097210DEB8D
:10FC30000302FFF76AFD03B05DF804FB08B50A464E
:10FC400040F6AC01FFF7D2FD08BD10B540F6D80173
:10FC50000446FFF700FE40F01E02D2B240F6D80183
:10FC60002046FFF7C3FD10BD08B50A4640F6E70180
:10FC7000FFF7BCFD08BD000007B5054B0193042349
:10FC80000DEB03029521FFF740FD03B05DF804FB87
:10FC90000407000107B502238DF804108DF8052034
:10FCA000982101AAFFF731FD03B05DF804FB0000C5
:10FCB00013B504461C48B0FBF1F1080C8DF80000A8
:10FCC000080A8DF8010004988DF803208DF804309F
:10FCD0008DF80210F0F7FEFB11A3D3E90023F0F733
:10FCE0009DFDF0F783FE030C8DF8053043BA6A469C
:10FCF000ADF80630204608238B21FFF706FD40F6BD
:10FD000089012046FFF7A7FD40F00402D2B240F679
:10FD1000890120468DF80020FFF768FD02B010BD74
:10FD2000000000008084EE3F0000093D1FB58DF803
:10FD300007309DF818308DF808309DF81C308DF88C
:10FD400009309DF820308DF80A309DF824308DF868
:10FD50000B3049BA9DF82830ADF804108DF8062014
:10FD60008DF80C3001AA09238C21FFF7CEFC05B0D9
:10FD70005DF804FB07B5002349BAADF80010ADF8F3
:10FD8000023001936A4608234FF4D861FFF703FD60
:10FD900003B05DF804FB13B503230C4601AA14213C
:10FDA000FFF7D7FC9DF806305B085B42238002B06A
:10FDB00010BD000038B5044600F03CFA2146054667
:10FDC0002046F1F707F980B9204600F067F84FF0B8
:10FDD0007E51F1F7F5F840B101F0AEFC212303604C
:10FDE000BDE83840024800F097B8284638BD00BF4B
:10FDF0002126010800F060BB38B5054600F090F8F8
:10FE0000294604462846F1F7E5F868B90021284656
:10FE1000F1F7B8F840B101F08FFC21230021036015
:10FE20000846F0F7C5FF0446204638BD07B51A4A14
:10FE300020F000439342014605DC002103B05DF849
:10FE400004EB00F001B9B3F1FF4F04DBF0F7F2FD72
:10FE500003B05DF804FB694600F0B4FB00F0030258
:10FE6000012A07D0022A0CD082B90199009800F02B
:10FE7000EBF8EDE70199009800F066F900F1004019
:10FE8000E6E70199009800F0DFF8F7E7019900989C
:10FE9000012200F059F9DBE7D80F493F20F000407C
:10FEA0007047000007B51B4A20F00043934201460B
:10FEB00006DC0022002103B05DF804EB00F044B939
:10FEC000B3F1FF4F04DBF0F7B5FD03B05DF804FBC1
:10FED000694600F077FB00F00300012808D00228F3
:10FEE0000BD090B901990098012200F02DF9ECE7B0
:10FEF0000199009800F0A8F8E7E70199009801221D
:10FF000000F022F900F10040DFE70199009800F0CD
:10FF10009BF8F7E7D80F493F004870470000C07FC3
:10FF200020F00042B2F1FF4F2DE9F04103460446B4
:10FF30000AD30146F0F788FE01462046F0F77CFD23
:10FF400004462046BDE8F081002AFAD0002806DAEF
:10FF50000146F0F76FFD0146F0F72AFFF0E710F0D9
:10FF6000FF424FEAE0513DD0C3F3160343F40003D0
:10FF7000CA07A1F17F0558BF5B0000246D105B002C
:10FF8000192026464FF0807172189A42DDBF56182C
:10FF900064189A1A1A4601384FEA42034FEA51018F
:10FFA000F2D1BAB1144E154F30683968D6F80080D6
:10FFB000F0F740FD01464046F0F7EEFF50B13068E3
:10FFC00039683668F0F738FD01463046F0F7DAFF59
:10FFD00068B10234641004F17C5404EBC554B0E7FA
:10FFE0005B0001321802FBD5013A891ABCE70134E3
:10FFF00024F00104EEE700BF780200207C0200201C
:020000040801F1
:10000000C0F3C7537F3B162B10B5014614DC002B01
:1000100007DA013300F0004101D141F07E5108467A
:1000200010BD084A1A411042F9D04FF4800119411D
:10003000014421EA0201F2E7802BF0D1F0F7FCFC49
:100040000146ECE7FFFF7F002DE9F04120F000447E
:10005000B4F1485F0646884603DAF0F7D1FF00287E
:100060005CD031463046F0F7EFFD4FF07C5105464D
:10007000F0F7EAFD2B4907462846F0F7E5FD2A4947
:10008000F0F7DAFC2946F0F7DFFD2849F0F7D2FC5B
:100090002946F0F7D9FD2649F0F7CEFC2946F0F7BE
:1000A000D3FD2449F0F7C6FC2946F0F7CDFD2249DF
:1000B000F0F7C2FC2946F0F7C7FD2946F0F7C4FD6A
:1000C000414605463046F0F7BFFD01462846F0F7A9
:1000D000B1FC1A4B9C4205460ADC01463846F0F753
:1000E000A9FC01464FF07E50F0F7A4FCBDE8F0817A
:1000F000134B9C42CCBF134C04F17F4421464FF07C
:100100007E50F0F797FC214606463846F0F792FC01
:100110002946F0F78FFC01463046E5E74FF07E5068
:10012000E4E700BF4ED747ADF6740F317CF293344D
:10013000010DD037610BB63AABAA2A3D9999993E89
:100140000000483F0000903E2DE9F84320F00043B6
:10015000B3F1485F04460F46914603DAF0F750FFCB
:10016000002835D021462046F0F76EFD05460146B1
:100170002046F0F769FD294906462846F0F764FD58
:100180002749F0F757FC2946F0F75EFD2549F0F7BF
:1001900053FC2946F0F758FD2349F0F74BFC29465C
:1001A000F0F752FD2149F0F747FC8046B9F1000F06
:1001B00011D101462846F0F747FD1D49F0F73AFCFA
:1001C0003146F0F741FD01462046F0F735FC044684
:1001D0002046BDE8F8834FF07C513846F0F734FDF7
:1001E000414681463046F0F72FFD01464846F0F77C
:1001F00021FC2946F0F728FD3946F0F71BFC0C4995
:1002000005463046F0F720FD01462846F0F714FC7D
:1002100001462046F0F70EFCD9E700BFD3C92E2FC8
:10022000342FD7321BEF3836010D50398988083CFE
:10023000ABAA2A3E2DE9F04720F00048B8F17E5FD6
:10024000044605460CD18C49F0F7FEFC8B49054667
:100250002046F0F7F9FC01462846F0F7EDFB06E0F2
:1002600009DD0146F0F7E6FB0146F0F7A1FD044683
:100270002046BDE8F087B8F17C5F0BDAB8F1485F43
:1002800073DA7F49F0F7D8FB4FF07E51F0F798FE14
:100290000028EDD12046FFF701FE01464FF07E50C9
:1002A000F0F7C8FB4FF07C51F0F7CEFC75490646DD
:1002B000F0F7CAFC7449F0F7BFFB3146F0F7C4FC15
:1002C0007249F0F7B7FB3146F0F7BEFC7049F0F722
:1002D000B3FB3146F0F7B8FC6E49F0F7ABFB3146A3
:1002E000F0F7B2FC6C49F0F7A7FB3146F0F7ACFC35
:1002F0006A4981463046F0F7A7FC6949F0F79AFB56
:100300003146F0F7A1FC6749F0F796FB3146F0F76C
:100310009BFC6549F0F78EFB3146F0F795FC4FF0FA
:100320007E51F0F789FB82463046FFF7F9FD5F4BBF
:100330009845074663DD51464846F0F739FD394692
:10034000F0F782FC3946F0F777FB0146F0F774FBD3
:100350005749F0F771FB01464748F0F76BFB002D5A
:100360000446D8BF00F1004482E70146F0F76CFC78
:1003700044490546F0F768FC4349F0F75DFB294620
:10038000F0F762FC4149F0F755FB2946F0F75CFCB9
:100390003F49F0F751FB2946F0F756FC3D49F0F78D
:1003A00049FB2946F0F750FC3B49F0F745FB29464D
:1003B000F0F74AFC394906462846F0F745FC38492B
:1003C000F0F738FB2946F0F73FFC3649F0F734FBED
:1003D0002946F0F739FC3449F0F72CFB2946F0F7B1
:1003E00033FC4FF07E51F0F727FB01463046F0F723
:1003F000DFFC2146F0F728FC014620462DE70146A8
:1004000020F47F68F0F718FB514604464846F0F7A1
:10041000CFFC01462046F0F717FC28F00F08814674
:1004200041464046F0F710FC01463046F0F702FB2B
:10043000414604463846F0F7FFFA01462046F0F7F9
:10044000B7FC0146F0F7F8FA01460C48F0F7F2FA6B
:1004500001464846F0F7EEFA414604464046F0F7BA
:10046000EBFA01461348F0F7E5FA01462046F0F7AB
:10047000E1FA01460F4870E7DB0FC93F2EBD3BB3E1
:10048000CAF2497108EF1138047F4F3A4611243DF2
:10049000A80A4E3E90B0A63EABAA2A3E2EC69D3D6F
:1004A0006133303F2D57014039D119409999793F37
:1004B0002EBD3B33DB0F493FF8B521F00046B6F1C6
:1004C000FF4F034605DC20F00042B2F1FF4F074624
:1004D00004DD1846F0F7B0FA034611E0B1F17E5F93
:1004E00003D1BDE8F84000F0CBB98C1704F002044A
:1004F00044EAD07432B9022C4CD0032C00D1294BE1
:100500001846F8BD1EB9002F4ADA274BF8E7B6F1B6
:10051000FF4F0ED1B2F1FF4F04F1FF3405D1022C91
:100520003AD8224B53F82430EAE7022C36D8204B35
:10053000F8E7B2F1FF4FE6D0921BB2F1F45F4FEA59
:10054000E25017DA002901DA3C3015DB1846F0F7E3
:100550002FFCFFF7A3FC00F093F90346012C0DD00C
:10056000022C0ED0002CCBD012491846F0F764FABA
:1005700011490CE0114BF1E70023EFE703F10043D1
:10058000BEE70C491846F0F757FA01460A48F0F75B
:1005900051FAA1E7084BB3E7094BB1E70023AFE7F6
:1005A000064BADE7DB0F49C0DB0FC9BF7859010827
:1005B000845901082EBDBB33DB0F4940DB0FC93F17
:1005C000DB0F493F2DE9F04FA04A20F0004696424C
:1005D00087B00C46824604DC002308604B6000258F
:1005E0001AE09B4A96424BDC00289A499A4F26F023
:1005F0000F0623DDF0F71EFABE42054610D09749DC
:10060000F0F718FA014620602846F0F713FA9349EC
:10061000F0F710FA01256060284607B0BDE8F08FBA
:100620008F49F0F707FA8F490546F0F703FA0146BC
:1006300020602846F0F7FEF98A49E9E7F0F7FCF96F
:10064000BE4205460ED08549F0F7F6F90146206016
:100650002846F0F7EFF98149F0F7EEF94FF0FF3552
:100660006060D9E77E49F0F7E7F97E490546F0F783
:10067000E3F9014620602846F0F7DCF97949EBE719
:10068000794A964200F39180FFF708FC77490746C4
:10069000F0F7DAFA4FF07C51F0F7CEF9F0F7B0FC52
:1006A0000546F0F77DFA6B498146F0F7CDFA014631
:1006B0003846F0F7BFF9694980464846F0F7C4FA72
:1006C0001F2D07460CDC6A4A691E26F0FF0352F80C
:1006D0002120934204D039464046F0F7ABF90BE0B5
:1006E00039464046F0F7A6F9C0F3C753C3EBD653DB
:1006F000082B4FEAE65B01DC206026E058494846BB
:10070000F0F7A2FA074601464046F0F793F9014692
:1007100006464046F0F78EF93946F0F78BF9514915
:1007200007464846F0F790FA3946F0F783F9014654
:1007300007463046F0F77EF9C0F3C753ABEB030B27
:10074000BBF1190F16DC2060B046266840463146E2
:10075000F0F770F93946F0F76DF9BAF1000F606003
:10076000BFF65AAF06F1004600F100402660606017
:100770006D4251E73F494846F0F766FA07460146A1
:100780003046F0F757F9014680463046F0F752F907
:100790003946F0F74FF9384906464846F0F754FA1B
:1007A0003146F0F747F9074695E7B6F1FF4F05DB0D
:1007B0000146F0F73FF96060206010E7F715863FCB
:1007C000A6EBC7563046F0F71BFCF0F7E9F90146F7
:1007D00003903046F0F72EF94FF08741F0F734FAE6
:1007E0000646F0F70DFCF0F7DBF9014604900546EC
:1007F0003046F0F71FF94FF08741F0F725FA002156
:100800000590F0F7B5FBF0B100212846F0F7B0FBFA
:10081000002814BF01230223184A019202220092E9
:1008200021463A4603A800F037F9BAF1000F054611
:10083000BFF6F2AE236803F100432360636803F15F
:100840000043636094E70323E6E700BFD80F493F06
:10085000E3CB1640800FC93FD00FC93F4344353723
:100860000044353708A3852E800F494384F9223F81
:100870009059010800A3852E32318D24105A0108A9
:100880002DE9F04120F00045B5F1A14F0446804626
:100890000EDBB5F1FF4F04DD0146F0F7CDF804465D
:1008A00003E0002800F3CE80674C2046BDE8F081CD
:1008B000664B9D420EDCB5F1445F08DA6449F0F7FF
:1008C000BBF84FF07E51F0F77BFB0028EDD14FF0E5
:1008D000FF361CE0FFF7E2FA5E4B9D4204467CDCEB
:1008E000A3F5D0039D4267DC0146F0F7A5F84FF071
:1008F0007E51F0F79FF84FF0804105462046F0F713
:100900009BF801462846F0F753FA00260446214694
:100910002046F0F799F901460746F0F795F94E4958
:100920000546F0F791F94D49F0F786F82946F0F7BA
:100930008BF94B49F0F780F82946F0F785F94949DA
:10094000F0F77AF82946F0F77FF94749F0F774F89D
:100950002946F0F779F94549F0F76EF83946F0F78E
:1009600073F9434907462846F0F76EF94149F0F715
:1009700061F82946F0F768F93F49F0F75BF8294636
:10098000F0F762F93D49F0F755F82946F0F75CF9C0
:100990003B49F0F74FF82946F0F756F9014638463B
:1009A000F0F74AF82146F0F74FF9731C014633D1AE
:1009B0002046F0F73FF872E74FF07E51F0F73AF833
:1009C0004FF07E5105462046F0F736F8014628469E
:1009D000F0F7EEF90126044699E72A4B9D4214DC14
:1009E0004FF07F51F0F726F84FF07F510546204633
:1009F000F0F72AF94FF07E51F0F71EF8014628462D
:100A0000F0F7D6F90226044681E701461E48F0F7C2
:100A1000CFF9032604467AE71C4B53F82610F0F76B
:100A200009F82146F0F706F8194B014653F826005D
:100A3000F0F700F8B8F1000F0446BFF636AF00F14A
:100A4000004432E7134C30E7DB0FC9BFFFFFDF3E46
:100A5000CAF24971FFFF973FD769853C59DA4B3D90
:100A6000356B883D6E2EBA3D2549123EABAAAA3E93
:100A700021A215BD6BF16E3D95879D3D388EE33DFE
:100A8000CDCC4C3EFFFF1B40000080BF385D01080D
:100A9000285D0108DB0FC93F2DE9F04FDBB0029262
:100AA0000493649ABB4B059053F822300193049B46
:100AB0000091013B0393029B1A1DC0F29B80DC1E38
:100AC00048BF1C1DE410671CFB000693029B039AA1
:100AD000A3EBC707019B03EB0209659BA4EB02088C
:100AE0001EAE03EB880A00254FF0000B4D4540F386
:100AF0008380049A1EAB03EB82050DF58C7B4FF0CF
:100B000000090023019A914540F39E8013460AAAEA
:100B100002EB83030893659BDDF8048003EB8403F9
:100B200007935AAB03EB88030AAC53F8505C264694
:100B3000C3464FF087490DF58C7ABBF1000F00F3E7
:100B400088803946284600F05BFA4FF07851054618
:100B5000F0F77AF800F0A0FA4FF08241F0F774F85D
:100B600001462846EFF766FF0546F0F749FA0646C4
:100B7000F0F716F801462846EFF75CFF002F814694
:100B800040F3868008F1FF320AABC7F1080153F841
:100B9000225045FA01F31E448B40ED1A0AAB43F88C
:100BA0002250C7F107031D41002D7FDD00220136D1
:100BB0009246904500F3B080002F05DD012F00F034
:100BC000BD80022F00F0C580022D6FD149464FF045
:100BD0007E50EFF72FFF8146BAF1000F66D03946FD
:100BE0004FF07E5000F00CFA01464846EFF722FF26
:100BF00081465BE0002466E718EB050F07D45AF83E
:100C00002500EFF7CDFF46F8040B01356EE7584697
:100C1000F9E70793059BDAF8001053F82800F0F77E
:100C200013F801463046EFF707FF079B064608F129
:100C30000108039A9045AAF1040AEADD4BF8046B17
:100C400009F1010904355DE7AA461E464FF0000888
:100C5000EFE74FF06E512846EFF7F6FFF0F7D0F9C7
:100C6000EFF79EFF49460990EFF7EEFF0146284651
:100C7000EFF7E0FEF0F7C4F90BF1FF3B099B46F8F4
:100C8000040B5AF82B101846EFF7D6FE054654E72A
:100C900006D108F1FF330AAA52F82350ED1183E779
:100CA0004FF07C51F0F782F9054698BB0021484689
:100CB000F0F75EF9002800F0988008F1FF34234631
:100CC000002201998B424CDA002A67D00AAB083F18
:100CD00053F82430002B00F0868039464FF07E50C8
:100CE00000F08EF9A246814646AF4FF06E58BAF139
:100CF000000F80F2AF8027460022002FC0F2D9807B
:100D000046A9254B01EB870B90464FF0000AA4EB58
:100D10000709C2E0022549E72368BAF1000F08D1AC
:100D20001BB1C3F5807323600123013204349A465A
:100D30003FE7C3F1FF0323605346F6E708F1FF32B4
:100D40000AAB53F8223003F07F030AA941F822309E
:100D50003AE708F1FF320AAB53F8223003F03F03C1
:100D6000F3E70AA951F82310013B0A43A9E701342C
:100D700053F8042D002AFAD0049B1EAA434408F11C
:100D8000010602EB830544440DF58C79B44208DA80
:100D9000A046C6E6745D0108485D0108089B012471
:100DA000E6E7079B53F82600EFF7FAFEAB4628600C
:100DB0004FF0000A4FF00008039B9A4504DD49F804
:100DC000268004350136E1E7059B5BF8040953F8FA
:100DD0002A10EFF739FF01464046EFF72DFE0AF1E2
:100DE000010A8046E8E7013C70E7069B029A484604
:100DF000991A00F005F94FF087410446F0F7D6F84C
:100E000000B34FF06E512046EFF71EFFF0F7F8F8F1
:100E1000EFF7C6FE4FF087418146EFF715FF014619
:100E20002046EFF707FEF0F7EBF80AAB08F10104F4
:100E300043F828004846F0F7E3F80AAB083743F8D0
:100E400024004AE72046F0F7DBF80AAB444643F8B3
:100E5000280042E70AAB53F82A00EFF7A1FE494603
:100E6000EFF7F2FE414647F82A004846EFF7ECFE5E
:100E70000AF1FF3A81463AE753F8040B5BF8041B8A
:100E800003920293EFF7E0FE01464046EFF7D4FDF0
:100E9000DDE9023280460AF1010A01998A4501DC46
:100EA000CA45E9DD5AAB03EB8909013F49F8A08C3B
:100EB00023E7649B022B07DC002B4EDC2ED006F0D0
:100EC00007005BB0BDE8F08F649B032BF7D10DF1F9
:100ED000C80B0BEB8407B846A246BAF1000F49DCF9
:100EE000A146B9F1010F60DC0020012C76DC329ABA
:100EF000339B002D78D100990A604B600A469060C0
:100F0000DDE757F82410EFF797FD013C002CF8DAE5
:100F10000DB100F10040009B1860D0E7002032AF17
:100F2000F4E757F82810EFF787FD08F1FF38B8F11C
:100F3000000FF6DAADB100F10043009A01461360EC
:100F40003298EFF777FD4FF0010844450BDA0DB109
:100F500000F10040009B5860B1E7A046002032AF8E
:100F6000E5E70346E9E757F8041FEFF765FD08F1E9
:100F70000108EAE7D8F8003058F8042C0293194623
:100F800010460192EFF758FD019A0146814610463E
:100F9000EFF750FD029B1946EFF74EFD48F80409A4
:100FA0000AF1FF3AC8F8009097E757F8043CD7F8E1
:100FB00000A0019351461846EFF73EFD019B014604
:100FC00080461846EFF736FD5146EFF735FD47F8F6
:100FD000040909F1FF39C7F8008082E75BF82410A3
:100FE000EFF72AFD013C80E7009902F1004203F18E
:100FF00000430A604B600A4600F100407FE700BFF3
:1010000030F0004238B503460D4604462ED0B2F10A
:10101000FF4F04D30146EFF70FFD034626E010F023
:10102000FF4F18D14FF09841EFF70EFE174A954247
:1010300003460CDBC0F3C7520446193A4CF2503158
:101040008D420ADD1249184661F31E0000E0114985
:10105000EFF7FAFDE1E7D20DF0E75119FE29F1DCD7
:10106000002905DD24F0FF4444EAC153184638BD89
:1010700011F1160F01DA0749E5E701F1190024F033
:10108000FF444FF04C5144EAC050E1E7B03CFFFF51
:10109000CAF249716042A20D70B5C0F3C7557F3DD9
:1010A000162D0146044620F0004625DC002D0EDA00
:1010B0001649EFF7C1FC0021EFF782FF28B1002CA1
:1010C00022DA134B002E18BF1C4621461AE0114E9F
:1010D0002E41304216D00D49EFF7AEFC0021EFF75C
:1010E0006FFF0028F1D0002CBEBF4FF400032B414E
:1010F000E41824EA0604E8E7B6F1FF4F02D3EFF75D
:101100009BFC0146084670BD0024DEE7CAF2497127
:10111000000080BFFFFF7F000A22002100F07EB8A0
:10112000012B2DE9F0478646904601D0242B06D9A5
:1011300000F002FB162303600020BDE8F08736486C
:101140000D462A4615F8014B065D16F00806F8D143
:101150002D2C2ED12C780126951C002B57D0102B2E
:1011600009D1302C07D12A7802F0DF02582A49D160
:101170006C781023023506F1004C0CF1FF3C002284
:10118000BCFBF3F9104603FB19CAA4F13007092F81
:1011900014D83C46A34220DD571C07D0814519D303
:1011A00001D1A24516DB00FB0340012215F8014BDB
:1011B000EBE72B2C04BF2C78951CCEE7A4F141075C
:1011C000192F01D8373CE5E7A4F16107192F04D89E
:1011D000573CDFE74FF0FF32E8E7531C08D12223EA
:1011E000CEF800306046B8F1000FA6D0691E06E0C8
:1011F00006B14042B8F1000F9FD0002AF6D1C8F8DE
:1012000000109AE73024002BB5D10823B3E7302C27
:10121000A9D00A23AFE700BF815D010813460A4643
:10122000014602480068FFF77BBF00BFD8020020DC
:10123000024B0344587800F003007047805D0108BA
:10124000034B1B5C03F00303022B08BF20387047DD
:10125000815D0108002310B50446C0E90033C0E9F0
:101260000433836081814366C28183611946082209
:101270005C3000F00EF90D4B63620D4BA3620D4B19
:10128000E3620D4B23630D4B24629C4206D003F1B5
:101290006802944202D0D0339C4205D104F1580038
:1012A000BDE8104000F072BA10BD00BFD9130108AC
:1012B000FB1301083314010857140108C84100202A
:1012C000024A0349034800F069B800BF80020020C9
:1012D000FD1A01088C02002041680C4B994210B5A0
:1012E000044601D000F00AFCA168094B994202D0E3
:1012F000204600F003FCE168064B994204D02046EA
:10130000BDE8104000F0FABB10BD00BFC84100208E
:10131000304200209842002010B50B4B0B4C0C4A79
:101320001A60204600220421FFF794FF04F16800B0
:1013300001220921FFF78EFF04F1D0000222BDE84F
:1013400010401221FFF786BF00430020C841002053
:10135000C1120108014800F01ABA00BF0943002079
:10136000014800F015BA00BF0943002010B504463B
:10137000FFF7F0FF236A1BB1BDE81040FFF7F0BF95
:10138000044B2362044B1B68002BF5D1FFF7C4FF0D
:10139000F2E700BFD9120108004300202DE9F8430D
:1013A0000746884614460026D4E90195B9F101099B
:1013B00005D52468002CF7D13046BDE8F883AB8909
:1013C000012B07D9B5F90E30013303D02946384631
:1013D000C04706436835E9E710B50C46B1F90E1071
:1013E00000F086F90028ABBF636DA3891B1823F4B6
:1013F0008053ACBF6365A38110BD2DE9F0411F464A
:101400008B89DB0505460C46164605D5B1F90E104D
:101410000223002200F05AF9A389B4F90E1023F434
:101420008053A38132463B462846BDE8F04100F098
:1014300071B910B50C46B1F90E1000F047F9431C14
:10144000A38915BF606523F4805343F48053A381BF
:1014500018BFA38110BDB1F90E1000F027B9884262
:1014600010B501EB020402D98442234607D8431E7B
:10147000A14208D011F8012B03F8012FF8E702442C
:1014800001468A4200D110BD13F8014D02F8014D0A
:10149000F7E702440346934200D1704703F8011B6B
:1014A000F9E710B50246147813460132002CFAD140
:1014B000013B11F8012B03F8012F002AF9D110BDCF
:1014C000C9B20346184613F8012B12B18A42F9D16A
:1014D0007047002918BF0020704710B56AB1013964
:1014E000841810F8012B11F8013F9A4203D1A04251
:1014F00001D0002AF5D1D01A10BD1046FCE710B576
:101500000139034632B111F8014F03F8014B013A9A
:10151000002CF7D11A440021934200D110BD03F8EA
:10152000011BF9E738B50B4B1D686B6B044653B9CB
:10153000242000F0ADF90246686320B9064B074845
:101540003D2100F03DF9696B2046BDE8384000F0D0
:1015500007B800BFD8020020815E0108985E01082C
:101560002DE9F0414D4A0C460023D0E90001EFF788
:101570008DFD002ABCBF02F5A83202F5C0724FF4FF
:10158000616100F52F20B2FBF1F301FB13224FF054
:101590003C01ACBF00F66C2000F66B20A360B2FBF0
:1015A000F1F301FB132263602260C31C072293FB4B
:1015B000F2F2C2EBC2029B1A48BF07330028A361B4
:1015C000B8BFA0F50E333649AEBF90FBF1F1A3F5DD
:1015D0002C7393FBF1F1334B03FB010048F6AC6332
:1015E000B0FBF3F3034440F2B45CB0FBFCF29B1A93
:1015F00040F26D172C4AB0FBF2F264269B1AB3FB43
:10160000F7F2B3FBFCF3B2FBF6F5EB1A034407FB6E
:101610001233992003EB8307023703F1010EB7FB66
:10162000F0FC00FB0CF002304FF00508B0FBF8F0C6
:10163000AEEB000040F2F95E774594BF02276FF0F1
:10164000090767444FF4C87C0CFB0121012F98BFA8
:101650000131B3F5997F0CD3A3F59973E361A1F23E
:101660006C710023E060C4E9047123622046BDE888
:10167000F08112F0030F02D106FB15255DB94FF47E
:10168000C875B2FBF5F605FB1622B2FA82F25209D2
:101690003B331344E2E70122FAE700BF8051010027
:1016A000B13A02004FC5FDFFB03A020038B5064D11
:1016B0000023044608462B60FCF7B9FC431C02D10A
:1016C0002B6803B1236038BD0443002038B5074DB3
:1016D00004460846114600222A601A46FCF7B1FC6F
:1016E000431C02D12B6803B1236038BD04430020A2
:1016F00038B5074D04460846114600222A601A46AE
:10170000FCF779FC431C02D12B6803B1236038BD80
:101710000443002038B5074D044608461146002210
:101720002A601A46FCF775FC431C02D12B6803B1F2
:10173000236038BD04430020014B1868704700BF88
:10174000D802002070B50D4D0D4C641BA41000266E
:10175000A64209D10B4D0C4C00F050FE641BA410A6
:101760000026A64205D170BD55F8043B98470136C6
:10177000EEE755F8043B98470136F2E7685F010849
:10178000685F0108685F0108705F01087047704773
:101790007047034611F8012B03F8012B002AF9D1F9
:1017A00070470A44914200F1FF3300D1704710B5F1
:1017B00011F8014B03F8014F9142F9D110BD00001F
:1017C0001FB514461A46094B1B680546D8684CB12C
:1017D000074B0091CDE9013406492B4600F0B6F9DC
:1017E00000F0D6F9044B1C46F3E700BFD8020020F6
:1017F000F05E0108FD5E01082126010838B50546A6
:10180000002941D051F8043C0C1F002BB8BFE4184C
:1018100000F0E6F81D4A136833B963601460284687
:10182000BDE8384000F0E2B8A34208D9206821188A
:101830008B4201BF19685B6809182160EDE71A4601
:101840005B680BB1A342FAD911685018A0420BD1C2
:1018500020680144501883421160E0D118685B6829
:10186000536008441060DAE702D90C232B60D6E7F6
:10187000206821188B4204BF19685B68636004BF4D
:10188000091821605460CAE738BD00BF0C4300202E
:10189000024B0146186800F023B800BFD8020020B0
:1018A00070B50E4E0C463168054611B900F060F96E
:1018B00030602146284600F05BF9431C0AD0C41C66
:1018C00024F00304A04207D0211A284600F050F962
:1018D000013001D14FF0FF34204670BD104300208D
:1018E0002DE9F843CD1C25F0030508350C2D38BF34
:1018F0000C25002D074601DBA94205D90C233B60CE
:1019000000263046BDE8F883DFF8D08000F068F8A4
:10191000D8F800301C465CBB29463846FFF7C0FFAC
:10192000431C044655D1D8F800402646002E45D128
:10193000002C48D023683146384604EB030900F0F8
:1019400017F981453FD121686D1A29463846FFF7BE
:10195000A7FF013037D023682B442360D8F800302C
:10196000002B38D05A68A2422BD100225A600FE0D7
:101970002268521B1FD40B2A17D96119A342256074
:1019800018BF5960636808BFC8F8001062514B6007
:10199000384604F10B0600F029F826F00706231D4F
:1019A000F21AAED09B1BA350ABE7A3426268DDD115
:1019B000C8F80020ECE723466468ACE73446766854
:1019C000B4E71346CCE70C233B60384600F00EF832
:1019D00097E72560DCE75B60FFDE00BF0C4300207B
:1019E0000148FFF7D4BE00BF084300200148FFF7BD
:1019F000CFBE00BF084300208A89F8B5054610070E
:101A00000C4657D44B68002B04DC0B6C002B01DC1C
:101A10000020F8BDE66A002EFAD0002312F48052AE
:101A20002F68216A2B6032D0606DA3895A0705D5D3
:101A30006368C01A636B0BB1236CC01A00230246A3
:101A4000E66A216A2846B047431CA38906D1296863
:101A50001D292BD8284A0A41D60727D400226260C4
:101A6000D9042269226004D5421C01D12B6803B934
:101A70006065616B2F600029CAD004F1440399426C
:101A800002D02846FFF7BAFE00206063C1E70123B9
:101A90002846B047411CC8D12B68002BC5D01D2B50
:101AA00001D0162B01D12F60B2E7A38943F0400388
:101AB000A381AEE70F69002FAAD093070E6808BF75
:101AC0004B690F6018BF0023F61B8B60002E9FDD53
:101AD000216AD4F828C033463A462846E047002811
:101AE00006DCA38943F04003A3814FF0FF3090E769
:101AF0000744361AEAE700BFFEFFBFDF38B50B69BF
:101B000005460C4613B90025284638BD18B1036AAE
:101B10000BB9FFF72BFCB4F90C30002BF3D0626E3D
:101B2000D00704D4990502D4A06DFFF730FE2846F3
:101B30002146FFF761FF636EDA070546E4D4A38907
:101B40009B05E1D4A06DFFF723FEDDE70EB403B5DE
:101B5000014603AB054853F8042B0068019300F0DD
:101B600045F802B05DF804EB03B07047D8020020DE
:101B700038B5064D0023044608462B60FCF764FA8E
:101B8000431C02D12B6803B1236038BD04430020FD
:101B900008B5062000F092FB0120FCF726FA9368B6
:101BA000013B002B10B4936007DA9469A34201DB78
:101BB0000A2902D110BC00F0C3BA1368581C106087
:101BC0001970084610BC7047F8B506460F46144613
:101BD000D518AC4201D1002007E014F8011B3A46A9
:101BE0003046FFF7DCFF431CF3D1F8BD2DE9F04F81
:101BF0000D469DB014469846064618B1036A0BB9C7
:101C0000FFF7B4FB6B6ED90705D4AB899A0502D4F4
:101C1000A86DFFF7BCFDAB891B0701D52B699BB9EC
:101C20002946304600F0CAFA70B16B6EDC0704D565
:101C30004FF0FF301DB0BDE8F08FAB899805F7D4A9
:101C4000A86DFFF7A5FDF3E70023099320238DF886
:101C50002930CDF80C803023DFF8B0818DF82A30A0
:101C60004FF0010923469A4613F8012B0AB1252AA1
:101C7000F9D1BAEB040B0BD05B462246294630461D
:101C8000FFF7A2FF013000F0A980099A5A44099297
:101C90009AF80030002B00F0A18000234FF0FF32B3
:101CA000CDE905230AF1010A049307938DF8533017
:101CB0001A935446052214F8011B5448EEF778FA9B
:101CC000049AD8B9D10644BF20238DF853301307A6
:101CD00044BF2B238DF853309AF800302A2B15D0AF
:101CE000079A544600204FF00A0C214611F8013B98
:101CF000303B092B4DD9B0B1079214E0A0EB08039B
:101D000009FA03F313430493A246D2E7039B191D78
:101D10001B680391002BBBBF5B4242F0020207939A
:101D20000793B8BF049223782E2B0CD163782A2B0B
:101D300034D1039B1A1D1B680392002BB8BF4FF0D0
:101D4000FF3302340593DFF8C8A021780322504600
:101D5000EEF72EFA38B1049BA0EB0A004022824035
:101D600013430134049314F8011B2A488DF82810FA
:101D70000622EEF71DFA00283FD0274B1BBB039B22
:101D8000073323F0070308330393099B3B4409936C
:101D900068E70CFB02320C460120A6E70023013461
:101DA000059319464FF00A0C204610F8012B303AE3
:101DB000092A03D9002BC6D00591C4E70CFB0121E9
:101DC00004460123F0E703AB00932A46134B04A912
:101DD0003046AFF300800746781CD6D16B6ED9072A
:101DE00005D4AB899A0502D4A86DFFF7D1FCAB8965
:101DF0005B063FF51DAF09981CE703AB00932A462D
:101E0000064B04A9304600F079F8E4E72C5F01089E
:101E1000325F0108365F010800000000C91B01089D
:101E20002DE9F047164699468A680B69DDF820804F
:101E30009342B8BF1346336091F8432007460C46DF
:101E40000AB1013333602368990642BF3368023315
:101E50003360256815F0060506D104F1190AE36818
:101E600032689B1AAB4226DC94F84320131E22688A
:101E700018BF012392062BD404F143024946384689
:101E8000C04701301ED02368226903F00603042BEB
:101E900002BFE5683368ED1AA3680CBF25EAE57553
:101EA00000259342C4BF9B1AED1800261A34B54290
:101EB0001AD1002008E00123524649463846C0475F
:101EC000013003D14FF0FF30BDE8F0870135C6E7A0
:101ED000E1185A1C302081F84300224494F8451040
:101EE00082F843100233C7E70123224649463846A9
:101EF000C0470130E6D00136D9E700002DE9FF47A1
:101F00000F7E0C9D782F914680460C469A4601F133
:101F1000430207D8622F0AD8002F00F0D480582F30
:101F200000F0C08004F1420584F842703AE0A7F165
:101F30006303152BF6D801A151F823F0951F010872
:101F4000A91F0108251F0108251F0108251F0108D9
:101F5000251F0108A91F0108251F0108251F0108C9
:101F6000251F0108251F0108AD200108D51F010804
:101F700067200108251F0108251F0108CF2001083F
:101F8000251F0108D51F0108251F0108251F01086D
:101F90006F2001082B681A1D1B682A6004F1420596
:101FA00084F8423001239FE020682B68070603F184
:101FB0000401296001D51E6803E04606FBD5B3F98C
:101FC0000060002E03DA2D23764284F843305A480D
:101FD0000A2312E02B682068191D2960050601D527
:101FE0001E6802E04106FBD51E8853486F2F0CBFC8
:101FF00008230A23002184F843106568A560002D9A
:10200000A2BF216821F0040121600EB9002D4BD040
:102010001546B6FBF3F103FB1167C75D05F8017DBB
:102020003746BB420E46F4D9082B0BD12368DE0796
:1020300008D5236961689942DEBF302305F8013C69
:1020400005F1FF35521B2261CDF800A04B4603AAD3
:1020500021464046FFF7E4FE01304AD14FF0FF3001
:1020600004B0BDE8F087236843F0200323603348C1
:10207000782784F84570236829681F0651F8046B97
:1020800002D45F0648BFB6B2DF0748BF43F0200363
:10209000296048BF23601EB9236823F02003236012
:1020A0001023A7E72448E4E71546BDE72B68266818
:1020B0006169181D286035061B6801D5196002E0AA
:1020C0007006FBD51980002323611546BCE72B68F9
:1020D0001A1D2A601D68626800212846EEF768F81C
:1020E00008B1401B606063682361002384F84330BB
:1020F000AAE723692A4649464046D0470130ADD079
:1021000023689B0713D4E068039B9842B8BF184626
:10211000A6E70123324649464046D04701309DD0CC
:102120000135E36803995B1AAB42F2DCEBE700256B
:1021300004F11906F5E700BF3D5F01084E5F010895
:10214000F8B50E461446054618B1036A0BB9FFF7F9
:102150000DF9A369A360A3891A0725D523691BB3C9
:1021600023682269981A6369F6B28342374604DC11
:1021700021462846FFF7C2FCE0B9A368013BA360F3
:1021800023685A1C22601E706269431C9A4204D064
:10219000A389DB0706D50A2E04D121462846FFF77E
:1021A000ADFC38B93846F8BD2146284600F006F89F
:1021B0000028D5D04FF0FF37F4E7000038B52A4BA0
:1021C000054618680C4618B1036A0BB9FFF7CEF83C
:1021D000A389B4F90C20180722D4D90607D40923FF
:1021E0002B6042F04003A3814FF0FF3034E05807EA
:1021F00012D5616B41B104F14403994202D02846E3
:10220000FFF7FCFA00236363A38923F02403A3816F
:102210000023636023692360A38943F00803A3813B
:1022200023694BB9A38903F42073B3F5007F03D06E
:102230002146284600F084F8A089B4F90C2010F05B
:1022400001030AD00023A36063695B42A361236991
:1022500043B910F08000C4D138BD810758BF63690D
:10226000A360F4E70020F7E7D80200201F2938B563
:1022700004460D4604D9162303604FF0FF3038BDE5
:10228000C26B12B152F821304BB9204600F030F841
:102290002A4601462046BDE8384000F017B8012B19
:1022A0000AD0591C03D1162303600120E7E700245C
:1022B00042F82540284698470020E0E7024B0146B7
:1022C0001868FFF7D3BF00BFD802002038B5074D0C
:1022D00000230446084611462B60FBF77EFE431C94
:1022E00002D12B6803B1236038BD00BF0443002036
:1022F000FBF771BE70B50C46B1F90E10002996B00F
:1023000015461E460DDAA38913F0800F4FF0000129
:102310000CBF4FF480634023002031602B6016B067
:1023200070BD6A4600F048F80028ECDB019901F422
:102330007041A1F50053594259414FF48063EBE7D6
:102340008B8973B59D0706460C4607D504F14703F4
:10235000236023610123636102B070BD01AB6A4653
:10236000FFF7C8FF009905463046FFF7B9FA48B9AC
:10237000B4F90C309A05EFD423F0030343F00203C1
:10238000A381E3E7A389206043F08003A381009B3E
:102390006361019B20615BB1B4F90E10304600F01F
:1023A0001DF828B1A38923F0030343F00103A3819F
:1023B000A3891D43A581CFE738B5074D0023044607
:1023C000084611462B60FBF735FE431C02D12B68F3
:1023D00003B1236038BD00BF0443002038B5064D6B
:1023E0000023044608462B60FBF729FE431C02D15C
:1023F0002B6803B1236038BD04430020F8B500BF4B
:10240000F8BC08BC9E467047F8B500BFF8BC08BCD5
:042410009E4670472D
:1024140018120C18010101191901191901060601F4
:102424000606010303010303010202010202011271
:102434000C01120C00080008005001500250035017
:102444000450055006500750085009500A500B50CC
:102454000C500D50F150F25001F1055000000000F5
:1024640001000000020000006D696E2C00206D5711
:102474002C002E00011F136F01130503020B05022C
:1024840000D57FAAFE2B815429FC5683D702A87D50
:1024940052872DF8AC79D3067BAE04D18550FA2F40
:1024A400A471DB0E5A8F25F08D58F22773A60CD930
:1024B400F623895C08DD77A2DF0AA07521F45E8B20
:1024C4009D48E23763B61CC9B461CB1E4A9F35E010
:1024D400CF1AB06531E44E9BE633994C18CD67B200
:1024E40039EC4693C712B86D10C56FBAEE3B9144F0
:1024F4006BBE14C19540EA3F42973DE8BC69C316E0
:10250400EF3A904511C46EBBC613B96C38ED4792CF
:10251400BD68C21743963CE99441EB3E6ABF15C0BF
:102524004B9E34E1B560CA1F62B71DC89C49E336AF
:1025340019CC66B3E732984D30E54F9ACE1BB1649F
:1025440072A70DD88C59F3265B8E24F1A570DA0F8F
:1025540020F55F8ADE0BA17409DC76A3F722885D7F
:10256400D603A97C28FD5782FF2A805501D47EAB6F
:102574008451FB2E7AAF05D0AD78D20753862CF95F
:102584006162636465666768696A6B6C6D6E6F70BF
:102594007172737475767778797A30313233343571
:1025A400363738395F232D2E00000000000000006C
:1025B40000000000551E000800000000000000009C
:1025C400611E000800000000000000003D1E00081D
:1025D40000010204050301026D6C72732E30005376
:1025E40065747570537461727453747834547800DC
:1025F400536574757053746172744D61726B657256
:102604000021656E642100206B487A006D4C5253A2
:1026140001020304006D4C52530403020100656E71
:1026240061626C65642C616E74656E6E61312C61DF
:102634006E74656E6E61322C723A656E2E20743A39
:10264400616E74312C723A656E2E20743A616E7428
:1026540032007472616E73702E2C6D61766C696ECB
:102664006B2C6D61766C6E6B582C6D7370580032E8
:102674002E342047487A2C393135204D487A20466B
:1026840043432C383638204D487A2C343333204D8C
:10269400487A2C373020636D2048414D2C3836362B
:1026A400204D487A20494E2C393135204D487A2026
:1026B4002B20322E342047487A2C383638204D4887
:1026C4007A202B20322E342047487A00656E6162CE
:1026D4006C65642C616E74656E6E61312C616E7410
:1026E400656E6E61322C72656E207461312C726578
:1026F4006E2074613200353020487A2C3331204802
:102704007A2C313920487A2C464C52432C46534B70
:102714002C3139487A377800322E342047487A2CC5
:10272400393135204643432C383638204D487A2CED
:10273400343333204D487A2C373020636D2C3836AF
:102744003620494E2C3931352B322E342C3836383C
:102754002B322E3400202F2D2D00202F6531002008
:102764002F653600202F65313100202F653133006D
:102774000D0A003F0020206D696E3A200020206D74
:1027840061783A2000202000203D200020205B6159
:102794002D7A302D39232D2E5F5D002D2028756E66
:1027A400617661696C61626C652900205B00287543
:1027B4006E6368616E676561626C652900292C002F
:1027C4002C20002F003B20003B00666873733120EF
:1027D4002800202063683A20002020665F72656725
:1027E4003A20002020663A2000666873733220285D
:1027F400004449592045373720453232002145529B
:1028040052004F4B004143524F0021465321004890
:1028140048004154554E004C4E4348004D414E55DE
:102824000054555254004352555A004352534800E1
:10283400414800414E474C00484F5200414E4748E2
:1028440000414C5448004155544F004755494400F9
:102854004C4F49540052544C200043495243004CBD
:10286400414E440044524946005350525400464C91
:1028740049500050484C44004252414B0054485285
:10288400570041564F4900474E4750005352544C4D
:102894000046484C4400464F4C4C005A49475A00A5
:1028A400535953490041524F54004152544C00541F
:1028B40052544C005452414E004642574100464245
:1028C4005742004352555300544B4F4600494E491A
:1028D4005400515354420051484F5600514C4F54E8
:1028E40000514C4E44005152544C005141544E003E
:1028F4005141434F0054484D4C004C32514C00530D
:1029040054455200534D504C00444F434B004148F2
:102914004C440053555246004D444554002A00424D
:102924004154545F434150414349545900212120AB
:10293400527820706172616D2076657273696F6E72
:1029440020736D616C6C6572207468616E205478BC
:1029540020706172616D2076657273696F6E2E20CE
:10296400212100212120506C6561736520757067F9
:10297400726164652072656365697665722E2020D4
:102984002020202020202020202020202020202043
:102994002020202020202121002121205478207073
:1029A4006172616D2076657273696F6E20736D61FB
:1029B4006C6C6572207468616E205278207061724C
:1029C400616D2076657273696F6E2E20212100215E
:1029D4002120506C65617365207570677261646550
:1029E400205478206D6F64756C652E202020202083
:1029F40020202020202020202020202020202020D3
:102A04002020212100436F6E66696749643A0020E3
:102A14002054783A204449592045373720453232EA
:102A24002C2076312E342E303200202052783A2059
:102A3400002D2028756E6578706563746564206563
:102A440072726F722900202068656C702C20682CCB
:102A5400203F2020202020202D3E207468697320F0
:102A640068656C70207061676500202076202020E6
:102A74002020202020202020202020202D3E2070D7
:102A840072696E742064657669636520616E642082
:102A940076657273696F6E002020706C2020202090
:102AA400202020202020202020202D3E206C69730F
:102AB4007420616C6C20706172616D6574657273F1
:102AC400002020706C206320202020202020202043
:102AD4002020202D3E206C69737420636F6D6D6F10
:102AE4006E20706172616D65746572730020207070
:102AF4006C20747820202020202020202020202DCD
:102B04003E206C69737420547820706172616D6525
:102B140074657273002020706C207278202020204D
:102B2400202020202020202D3E206C697374205208
:102B34007820706172616D65746572730020207015
:102B4400206E616D65202020202020202020202D53
:102B54003E2067657420706172616D6574657220D2
:102B640076616C756500202070206E616D65203D76
:102B74002076616C756520202D3E2073657420706D
:102B84006172616D657465722076616C7565002093
:102B94002070206E616D65203D203F202020202084
:102BA400202D3E2067657420706172616D657465C7
:102BB400722076616C756520616E64206C69737433
:102BC400206F6620616C6C6F7765642076616C752C
:102BD40065730020207073746F726520202020209C
:102BE40020202020202D3E2073746F726520706198
:102BF40072616D6574657273002020736574636F10
:102C04006E666967696420202020202D3E2073654C
:102C14006C65637420636F6E666967206964002065
:102C24002062696E64202020202020202020202083
:102C3400202D3E2073746172742062696E64696E23
:102C44006700202072656C6F6164202020202020A2
:102C5400202020202D3E2072656C6F616420616C01
:102C64006C20706172616D65746572207365747433
:102C7400696E6773002020737461747320202020B0
:102C8400202020202020202D3E2073746172747334
:102C94002073747265616D696E6720737461746901
:102CA40073746963730020206C6973746672657150
:102CB40073202020202020202D3E206C6973747303
:102CC400206672657175656E6369657320757365D9
:102CD4006420696E206668737320736368656D652C
:102CE40000202073797374656D626F6F74202020E7
:102CF4002020202D3E2063616C6C207379737465F1
:102D04006D20626F6F746C6F6164657200776172BD
:102D14006E3A207265636569766572206E6F742001
:102D2400636F6E6E6563746564002020656D7074F6
:102D34007920636D64002020696E76616C6964207B
:102D4400636D6400202073747265616D696E672021
:102D540073746174732073746F70706564003E00E3
:102D6400202074696D656F75740068656C700070FF
:102D74006C00706C206300706C20747800706C20A0
:102D84007278006572723A20696E76616C696420AB
:102D9400706172616D65746572206E616D65006548
:102DA40072723A206E6F2076616C7565207370655F
:102DB400636966696564006572723A20696E76615A
:102DC4006C69642076616C7565007073746F7265EC
:102DD400002020547820706172616D65746572738F
:102DE4002073746F726564002020706172616D6578
:102DF400746572732073746F7265640062696E64C3
:102E0400002020547820656E7465726564206269C0
:102E14006E64206D6F64650072656C6F6164002080
:102E240020547820706172616D65746572732072CC
:102E3400656C6F61646564002020706172616D650A
:102E4400746572732072656C6F6164656400736588
:102E540074636F6E6669676964006572723A2069AB
:102E64006E76616C696420636F6E6669672069645D
:102E7400206E756D6265722028302D39290020205E
:102E84006E6F206368616E67652072657175697223
:102E940065640020206368616E676520436F6E6619
:102EA4006967496420746F20002020737461727410
:102EB400732073747265616D696E672073746174D5
:102EC4007300202073656E6420616E7920636861ED
:102ED40072616374657220746F2073746F70006C18
:102EE40069737466726571730073797374656D6266
:102EF4006F6F74005378206E6F74206F6B0053787B
:102F040032206E6F74206F6B0072785F6176616936
:102F14006C61626C65206E6F74207472756500005C
:102F24000000000000000000852F00089D2F00080D
:102F3400513800087D3800089B380008E133000848
:102F44006F24000871250008000000000000000044
:102F54001D2D0008092D00085F3900088939000873
:102F6400A7390008813400086F2400088725000869
:102F74000000000000000000512400083F3D00084C
:102F8400453C0008853B00085B3B00089D25000884
:102F9400E93B0008B9250008B53B0008DD25000819
:102FA4000000000000000000512400085324000821
:102FB40055240008572400085B2400085D240008F9
:102FC4006124000865240008672400086B240008B5
:102FD40000000000000000005124000853240008F1
:102FE40055240008572400085B2400085D240008C9
:102FF4006124000865240008672400086B24000885
:1030040000000000000000005124000853240008C0
:1030140055240008572400085B2400085D24000898
:103024006124000865240008672400086B24000854
:103034000000000000000000512400085324000890
:1030440055240008572400085B2400085D24000868
:103054006124000865240008672400086B24000824
:103064000000000000000000252700089168000807
:1030740051690008ED6800085053544F524500430D
:103084004F4E4649472049440042494E445F504808
:10309400524153455F5533320052465F42414E44DC
:1030A4000052465F4F5254484F0054585F504F5798
:1030B40045520054585F44495645525349545900A7
:1030C40054585F43485F534F555243450054585F2B
:1030D40043485F4F524445520054585F494E5F4D38
:1030E4004F44450054585F5345525F504F5254006B
:1030F40054585F5345525F424155440054585F53FE
:1031040045525F504F5254320054585F5345525FFA
:1031140042415544320054585F534E445F52414437
:10312400494F535441540054585F4D41565F434FE7
:103134004D504F4E454E540054585F504F574552D2
:103144005F53575F43480054585F42555A5A45529B
:103154000052585F504F5745520052585F444956E9
:103164004552534954590052585F43485F4F5244A3
:1031740045520052585F4F55545F4D4F44450052DD
:10318400585F4641494C534146455F4D4F444500C5
:1031940052585F5345525F504F52540052585F5338
:1031A40045525F424155440052585F5345525F4C6B
:1031B4004E4B5F4D4F44450052585F4D41565F534F
:1031C400595354454D5F49440052585F534E445F30
:1031D400524144494F535441540052585F534E4452
:1031E4005F52434348414E4E454C0052585F4F5541
:1031F400545F525353495F43480052585F4F5554EC
:103204005F4C515F43480052585F504F5745525FDF
:1032140053575F43480052585F46535F4348310059
:1032240052585F46535F4348320052585F46535FDB
:103234004348330052585F46535F43483400525862
:103244005F46535F4348350052585F46535F4348D7
:10325400360052585F46535F4348370052585F4622
:10326400535F4348380052585F46535F4348390020
:1032740052585F46535F434831300052585F4653BB
:103284005F434831310052585F46535F43483132FF
:103294000052585F46535F434831330052585F46EB
:1032A400535F434831340052585F46535F434831BB
:1032B400350052585F46535F4348313600414E470C
:1032C4004C4500484F52495A4F4E004E41562041FA
:1032D4004C54484F4C440048454144494E472048CB
:1032E4004F4C4400484541444652454500484541F9
:1032F4004441444A0043414D53544142004E4156D7
:1033040020525448004E415620504F53484F4C448D
:10331400004D414E55414C00424545504552004CEC
:10332400454453204F4646004C4947485453004FA8
:103334005344204F46460054454C454D455452593C
:10334400004155544F2054554E4500424C41434B87
:10335400424F58004641494C53414645004E415660
:1033640020575000414952204D4F444500484F4D8D
:103374004520524553455400474353204E4156007F
:1033840046505620414E474C45204D495800535510
:10339400524641434500464C415045524F4E00541D
:1033A40055524E20415353495354004E4156204CDC
:1033B40041554E434800534552564F204155544FB2
:1033C4005452494D0043414D45524120434F4E54C0
:1033D400524F4C20310043414D45524120434F4E02
:1033E40054524F4C20320043414D45524120434FEB
:1033F4004E54524F4C2033004F534420414C5420E0
:1034040031004F534420414C542032004F53442048
:10341400414C542033004E415620434F555253459E
:1034240020484F4C44004D43204252414B494E47A3
:1034340000555345523100555345523200555345BA
:103444005233005553455234004C4F495445522091
:103454004348414E4745004D5350205243204F5658
:103464004552524944450050524541524D0054552D
:1034740052544C45004E4156204352554953450041
:103484004155544F204C4556454C205452494D000B
:10349400575020504C414E4E455200534F415249D3
:1034A4004E47004D495353494F4E204348414E47E0
:1034B4004500424545504552204D555445004D5513
:1034C4004C54492046554E4354494F4E004D49589B
:1034D40045522050524F46494C452032004D4958E0
:1034E4004552205452414E534954494F4E00414E87
:1034F400474C4520484F4C440047494D42414C20DD
:103504004C4556454C2054494C540047494D424182
:103514004C204C4556454C20524F4C4C0047494D8D
:1035240042414C2043454E5445520047494D424187
:103534004C2048454144545241434B455200426952
:103544006E64205068726173650042494E445F5056
:10355400485241534500353020487A2C33312048B5
:103564007A2C313920487A2C464C52432C46534B02
:103574002C313920487A2037780052462042616E37
:103584006400322E342C393135204643432C3836EE
:10359400382C3433332C37302C38363620494E2CE3
:1035A4003931352B322E342C3836382B322E340028
:1035B4005246204F7274686F006F66662C312F3349
:1035C4002C322F332C332F3300547820506F7765EF
:1035D4007200547820446976657273697479006561
:1035E4006E61626C65642C616E74656E6E61312C03
:1035F400616E74656E6E61322C723A656E20743A37
:10360400616E74312C723A656E20743A616E743254
:1036140000547820436820536F75726365006E6FA1
:103624006E652C637273662C696E2C6D62726964AC
:103634006765005478204368204F726465720041C6
:103644004554522C544145522C455441520054780F
:1036540020496E204D6F646500736275732C73622C
:10366400757320696E760054782053657220506F0C
:1036740072740073657269616C2C77627269646735
:10368400652C73657269616C322C636F6D2C6D628D
:1036940072696467650054782053657220426175CD
:1036A40064726174650035373630302C313135320F
:1036B40030302C323330343030005478205365723B
:1036C40020506F727432006E6F6E652C7365726970
:1036D400616C2C776272696467652C7365726961C9
:1036E4006C320054782053657220426175647261B3
:1036F40074653200547820536E6420526164696F9B
:1037040053746174006F66662C3120487A005478D3
:10371400204D617620436F6D706F6E656E74006F1F
:1037240066662C656E61626C656400547820506F27
:10373400776572205377204368006F66662C352CBA
:10374400362C372C382C392C31302C31312C313269
:103754002C31332C31342C31352C31360054782033
:1037640042757A7A6572006F66662C4C502C7278BA
:103774004C5100527820506F776572005278204483
:103784006976657273697479005278204368204FB2
:1037940072646572005278204F7574204D6F6465B1
:1037A40000736275732C637273662C736275732075
:1037B400696E76005278204661696C5361666520B3
:1037C4004D6F6465006E6F207369672C6C6F772092
:1037D4007468722C627920636E662C6C6F77207427
:1037E400687220636E742C63683163683420636E7E
:1037F400740052782053657220506F7274007365A0
:103804007269616C2C63616E2C63616E6664005234
:103814007820536572204261756472617465005248
:103824007820536572204C696E6B204D6F6465007F
:103834007472616E73702E2C6D61766C696E6B2C74
:103844006D61766C696E6B582C6D7370580052788C
:10385400204D61762053797374656D204944003599
:10386400312C35322C35332C35342C353500527807
:1038740020536E6420526164696F53746174006FE5
:1038840066662C617264755F312C6D6574685F6265
:1038940000527820536E642052634368616E6E65F3
:1038A4006C006F66662C7263206F76657272696451
:1038B400652C7263206368616E6E656C7300527868
:1038C400204F757420527373692043680052782026
:1038D4004F7574204C5120436800527820506F7704
:1038E4006572205377204368005278204653204362
:1038F40068310052782046532043683200527820C1
:10390400465320436833005278204653204368349A
:10391400005278204653204368350052782046539D
:1039240020436836005278204653204368370052BB
:103934007820465320436838005278204653204369
:103944006839005278204653204368313000527859
:103954002046532043683131005278204653204397
:103964006831320052782046532043683133002DA9
:1039740031323020252C3020252C313230202500C6
:1039840052782046532043683134005278204653FD
:10399400204368313500527820465320436831363D
:1039A4000016001818001818181218070000000351
:1039B40000000002010101020202020203030401E9
:1039C40001010202020202020202020202020201D6
:1039D40002020202020100000000000000000000D8
:1039E400185501082B130000F05401080A000000C8
:1039F40000000000000000000000000000000000C3
:103A04000000000000000000800080FF00000100B2
:103A14000A000A000E0019001400640016009E003B
:103A24008E040020FF000000423501084E350108D5
:103A34002126010800000000000000000000000032
:103A4400212601080000000096040020FE0000006A
:103A5400C43701086C330108212601080000000066
:103A640000000000000000005A3501083A0500205B
:103A740095040020FE0000007E3501089D300108F9
:103A840021260108000000000000000000000000E2
:103A9400863501083805002097040020FE00000048
:103AA400B4350108A53001082126010800000000F2
:103AB4000000000000000000BD3501083C050020A6
:103AC400C6030020FE000000CD350108AE30010819
:103AD4002126010800000000000000000000000092
:103AE4003E05002000000000C7030020FE00000087
:103AF400D6350108B730010821260108000000006E
:103B04000000000000000000E335010882050020E9
:103B1400C8030020FE00000015360108C430010867
:103B24002126010800000000000000000000000041
:103B34002236010884050020C9030020FE0000008D
:103B440037360108D13001082126010800000000A1
:103B540000000000000000004336010800000000DF
:103B6400CA030020FE00000052360108DD300108BF
:103B740021260108000000000000000000000000F1
:103B84005D36010886050020CB030020FE000000FE
:103B94006B360108E8300108212601080000000006
:103BA40000000000000000007736010888050020AE
:103BB400CC030020FE0000009A360108F43001080E
:103BC40021260108000000000000000000000000A1
:103BD400AA36010800000000CD030020FE0000000A
:103BE400BE3601080031010821260108000000004A
:103BF4000000000000000000CB3601088A05002008
:103C0400D0030020FE000000E73601080D31010852
:103C14002126010800000000000000000000000050
:103C2400AA3601088C050020CE030020FE00000007
:103C3400F83601081A3101082126010800000000A5
:103C44000000000000000000093701080000000027
:103C5400D1030020FE000000123701082B310108B7
:103C64002126010800000000000000000000000000
:103C74002337010800000000D2030020FE000000EA
:103C84002F3701083C3101082126010800000000FB
:103C940000000000000000003E37010800000000A2
:103CA400CF030020FE000000613701084B310108FA
:103CB40021260108000000000000000000000000B0
:103CC4006B3701088E050020A2030020FE000000CF
:103CD400773701085531010821260108000000004A
:103CE4000000000000000000920500200000000019
:103CF400A3030020FE000000803701085E310108A4
:103D0400212601080000000000000000000000005F
:103D1400E3350108D6050020A4030020FE000000BE
:103D24008D3701086B3101082126010800000000CD
:103D340000000000000000004336010800000000FD
:103D4400A5030020FE00000099370108773101081F
:103D5400212601080000000000000000000000000F
:103D6400A5370108D8050020A7030020FE000000A5
:103D7400B83701088331010821260108000000003A
:103D84000000000000000000C93701080000000026
:103D9400B0030020FE000000F6370108943101084A
:103DA40021260108000000000000000000000000BF
:103DB40002380108DA050020A8030020FE000000F4
:103DC40013380108A0310108212601080000000071
:103DD4000000000000000000AA36010800000000F6
:103DE400A9030020FE00000023380108AC310108BB
:103DF400212601080000000000000000000000006F
:103E04003438010800000000B1030020FE00000067
:103E140052380108BC3101082126010800000000C5
:103E240000000000000000006338010800000000EA
:103E3400AA030020FE00000072380108CD310108F9
:103E4400212601080000000000000000000000001E
:103E54008338010800000000AC030020FE000000CD
:103E640095380108DE310108212601080000000010
:103E74000000000000000000A63801080000000057
:103E8400A6030020FE000000C2380108EF3101083B
:103E940021260108000000000000000000000000CE
:103EA4003E37010800000000AE030020FE000000C1
:103EB400D1380108FE310108212601080000000064
:103EC40000000000000000003E3701080000000070
:103ED400AF030020FE000000DE3801080B320108A9
:103EE400212601080000000000000000000000007E
:103EF4003E37010800000000B60300200200000065
:103F0400ED3801081A320108823901080000000066
:103F1400880000007800000021260108000000004D
:103F2400B703002002000000F7380108243201081A
:103F340082390108000000008800000078000000B9
:103F44002126010800000000B80300200200000040
:103F5400013901082E3201088239010800000000ED
:103F640088000000780000002126010800000000FD
:103F7400B9030020020000000B390108383201089F
:103F84008239010800000000880000007800000069
:103F94002126010800000000BA03002002000000EE
:103FA4001539010842320108823901080000000075
:103FB40088000000780000002126010800000000AD
:103FC400BB030020020000001F3901084C32010825
:103FD4008239010800000000880000007800000019
:103FE4002126010800000000BC030020020000009C
:103FF40029390108563201088239010800000000FD
:10400400880000007800000021260108000000005C
:10401400BD030020020000003339010860320108AA
:1040240082390108000000008800000078000000C8
:104034002126010800000000BE0300200200000049
:104044003D3901086A320108823901080000000084
:10405400880000007800000021260108000000000C
:10406400BF03002002000000473901087432010830
:104074008239010800000000880000007800000078
:104084002126010800000000C003002002000000F7
:10409400523901087F32010882390108000000000A
:1040A40088000000780000002126010800000000BC
:1040B400C1030020020000005D3901088A320108B2
:1040C4008239010800000000880000007800000028
:1040D4002126010800000000C2030020FE000000A9
:1040E4006839010895320108212601080000000002
:1040F4000000000000000000733901080000000007
:10410400C3030020FE00000084390108A032010826
:10411400212601080000000000000000000000004B
:104124007339010800000000C4030020FE000000F1
:104134008F390108AB320108212601080000000074
:1041440000000000000000007339010800000000B6
:10415400C5030020FE0000009A390108B6320108A8
:1041640021260108000000000000000000000000FB
:104174007339010800000000616263646566676862
:10418400696A6B6C6D6E6F70717273747576777823
:10419400797A303132333435363738395F232D2E3E
:1041A4000000000000070E091C1B1215383F3631B1
:1041B40024232A2D70777E796C6B6265484F4641C3
:1041C40054535A5DE0E7EEE9FCFBF2F5D8DFD6D1B3
:1041D400C4C3CACD90979E998C8B8285A8AFA6A1A3
:1041E400B4B3BABDC7C0C9CEDBDCD5D2FFF8F1F693
:1041F400E3E4EDEAB7B0B9BEABACA5A28F88818683
:1042040093949D9A2720292E3B3C35321F18111672
:1042140003040D0A5750595E4B4C45426F68616662
:1042240073747D7A898E878095929B9CB1B6BFB852
:10423400ADAAA3A4F9FEF7F0E5E2EBECC1C6CFC842
:10424400DDDAD3D4696E676075727B7C51565F5832
:104254004D4A4344191E171005020B0C21262F2822
:104264003D3A33344E49404752555C5B7671787F12
:104274006A6D64633E39303722252C2B0601080F02
:104284001A1D1413AEA9A0A7B2B5BCBB9691989FF2
:104294008A8D8483DED9D0D7C2C5CCCBE6E1E8EFE2
:1042A400FAFDF4F3000000003209000000000000F1
:1042B400010000007C2B0000000000000200000050
:1042C400890C00000000000004000000ED0E030C47
:1042D4000D00000005000000D91C010000000000D2
:1042E4000600000068030000000000000700000052
:1042F4007720000000000000080000007524000082
:10430400000000000B00000059060104000000003A
:1043140014000000D614030203000000150000007E
:104324009F0203000100000016000000DC190000D9
:104334000000000017000000A81703040500000097
:1043440018000000183400000000000019000000EC
:1043540017650000000000001A000000AA18000001
:10436400000000001B000000901D00000000000081
:104374001C00000043100000000000001D000000AD
:1043840073100000000000001E000000271C000045
:10439400000000001F000000F630000000000000D4
:1043A40020000000B91C00000000000021000000F3
:1043B400681C00000000000022000000ED16000050
:1043C4000000000023000000F416000000000000BC
:1043D40024000000DE25000000000000250000008D
:1043E400D4070304050000002600000009070304A5
:1043F4000500000027000000FE2603202100000025
:1044040028000000E6050302030000002900000064
:104414001C040302030000002A0000001C12000018
:10442400000000002B0000008403030001000000D2
:104434002C000000DD090302030000002D00000031
:10444400E8030300010000002E0000000B0200003E
:10445400000000002F000000990803000100000084
:10446400300000002915010C00000000310000009C
:104474002714000000000000320000004E25031243
:104484001300000033000000C40503020300000011
:1044940035000000030500000000000036000000A5
:1044A4000F1B031819000000370000000319000057
:1044B400000000003D000000A748000000000000CC
:1044C4003E000000B71A0000000000003F0000009A
:1044D40077B500000000000040000000BFE10000CC
:1044E4000000000041000000762A000000000000E7
:1044F4004200000094060302030000004300000091
:10450400150400000000000045000000F31E010A2D
:1045140000000000460000007C260310110000008B
:104524004900000026260320210000004A00000064
:1045340014140000000000004B0000009E23031E22
:104544001F0000004C0000009821031E1F00000003
:104554004D0000008F0A030809000000500000000D
:104564000E04030203000000510000006A1600005C
:104574000000000052000000313303242500000035
:104584005300000016250000000000005400000045
:104594008F35033233000000550000008C330000D7
:1045A400000000005600000005350332330000000F
:1045B400570000009633000000000000590000007E
:1045C400E71C0000000000005A000000B73800009B
:1045D400000000005B0000003F2A00000000000013
:1045E4005C00000036210000000000005D000000B7
:1045F4002F5100000000000064000000AF22000002
:104604000000000065000000667500000000000066
:10461400660000009E7500000000000067000000B6
:10462400D039000000000000680000003874000069
:1046340000000000690000005D3F00000000000071
:104644006A0000008A2C0000000000006B000000DB
:104654006C410000000000006C000000205C0000C1
:10466400000000006D000000B90900000000000017
:104674006E00000054FE0301020000006F00000001
:10468400221203101100000070000000AE0C0000A4
:1046940000000000710000007C2700000000000002
:1046A40072000000ED2C0000000000007300000008
:1046B4000440000000000000740000004C180000DA
:1046C40000000000750000008006030405000000DF
:1046D40076000000380E00000000000077000000A3
:1046E400740C030A0B0000007800000086610000CF
:1046F4000000000079000000ED020300010000004A
:104704007A000000CB020300010000007B000000DF
:10471400FA710300010000007C000000573900001A
:10472400000000007D000000CB0600000000000037
:104734007E000000DC51034F500000007F000000A9
:10474400192300000000000080000000E2230000A4
:1047540000000000810000002E180000000000008E
:10476400820000001D0D0000000000008300000016
:10477400DFFF000000000000840000005527000057
:104784000000000085000000061200000000000088
:1047940086000000E52B00000000000087000000F8
:1047A400CB08000000000000880000000116000093
:1047B4000000000089000000C31000000000000099
:1047C4008A0000006D780000000000008B000000EB
:1047D400A82B03292A0000008C000000B529000042
:1047E400000000008D0000002F20000000000000E9
:1047F4008E00000048F30000000000008F0000005D
:104804008310000000000000900000007F5D0000A5
:104814000000000092000000676400000000000037
:10482400930000009A36000000000000940000008D
:10483400B24E00000000000095000000C83C0000DB
:104844000000000096000000862A0000000000001E
:1048540097000000DB080306070000009800000032
:10486400D00800000000000099000000BC0C00000B
:10487400000000009A000000540F03060700000027
:104884009B000000160D0304050000009C000000BE
:1048940013060300010000009D000000150F030C27
:1048A4000D0000009E000000860F030C0D000000A8
:1048B400A00000004E0C030809000000A100000045
:1048C4004403030001000000A2000000BD09000031
:1048D40000000000A30000007F1C00000000000096
:1048E400A40000009A2C000000000000A5000000B5
:1048F4001503000000000000A600000015090000D8
:1049040000000000A7000000901600000000000056
:10491400A8000000010C000000000000A900000035
:10492400EA12000000000000AA0000004922000072
:1049340000000000AB000000B542000000000000D1
:10494400AC0000001662000000000000AD00000092
:104954005308000000000000AE000000A730000073
:1049640000000000AF0000008A13030E0F000000D7
:10497400B0000000EA03030001000000B1000000E1
:10498400F014000000000000B20000002F18000026
:1049940000000000B3000000BD1D011A000000006B
:1049A400B4000000342F012A00000000B50000000C
:1049B400AE04000000000000B6000000E52800007E
:1049C40000000000B70000005502030001000000D1
:1049D400B80000009FCE030405000000B9000000E9
:1049E400BA07030405000000BA000000481D0300D4
:1049F40001000000BF0000005C1B0000000000007C
:104A0400C00000002436000000000000C1000000C7
:104A1400471A000000000000C200000062210000EC
:104A240000000000C3000000782500000000000022
:104A3400C8000000862A032829000000C9000000DD
:104A4400CD0E030C0D000000D6000000450803063F
:104A540007000000D700000065030000000000000C
:104A6400D80000003203030001000000D900000058
:104A7400CA06000000000000DA000000110703006D
:104A840001000000DB000000A202000000000000A2
:104A9400DC0000002220000000000000DD00000017
:104AA400472A000000000000DE0000000F030000A1
:104AB40000000000DF000000772F032A2B00000015
:104AC400E0000000662D032A2B000000E100000036
:104AD400D049000000000000E2000000CF08000000
:104AE40000000000E6000000A32A0000000000000F
:104AF400E70000006928000000000000E800000052
:104B04009741000000000000E900000023B6000007
:104B140000000000EA0000009628000000000000E9
:104B2400EB000000B32A000000000000F1000000C8
:104B34005A20000000000000F2000000683C000061
:104B440000000000F3000000553D013400000000A7
:104B5400F40000005F06000000000000F500000003
:104B64008202000000000000F6000000B8260000E9
:104B740000000000F70000005113000000000000D6
:104B8400F800000008FE030304000000F900000020
:104B9400CC24000000000000FA000000311E0000D8
:104BA40000000000FB000000AA120000000000004A
:104BB400FC0000002C12000000000000FD000000BA
:104BC4005336000000000000FE0000002E09000023
:104BD4000000000000010000472A0308090000004B
:104BE4000101000083090000000000000201000030
:104BF400BBE8030001000000030100005CED0000BD
:104C04000000000004010000920E000000000000FB
:104C140005010000B33D0000000000000601000093
:104C24000C170000000000000701000085FF0000D1
:104C34000000000008010000312000000000000016
:104C4400090100001A140000000000000A0100001D
:104C5400C1FF0302030000000B01000023FF030255
:104C6400030000000C0100000E0403020300000016
:104C74000D0100006DD70000000000000E010000CF
:104C84003B140000000000000F0100001635000076
:104C940000000000130100007E200000000000005E
:104CA4001401000012320000000000001501000091
:104CB4003E1E000000000000180100004621000014
:104CC4000000000019010000300D00000000000089
:104CD4001A0100007B230320210000001B010000B7
:104CE4004A910000000000001C0100006320031E24
:104CF4001F0000001D010000893103262700000069
:104D04001E010000D2390332330000001F010000ED
:104D140001170314150000002001000014170314E8
:104D24001500000022010000FB2E0000000000001E
:104D3400230100000A3900000000000024010000E3
:104D4400E3DF03181900000027010000EA0C00004B
:104D540000000000280100003223000000000000D1
:104D64002B01000013620000000000002C01000071
:104D7400D9160000000000002D010000F33A0000E5
:104D840000000000360100001C11000000000000BB
:104D9400370100005F7400000000000040010000C3
:104DA400F314030203000000410100005802030051
:104DB4000100000042010000F39500000000000023
:104DC400430100004E930300010000004401000071
:104DD40084920000000000004A01000017A70000B0
:104DE400000000004B0100005BE90000000000002F
:104DF4004C010000ECEF0000000000004D01000039
:104E0400E76D0000000000004E010000480A0000A9
:104E1400000000004F010000E11800000000000045
:104E240050010000F5540000000000005301000090
:104E3400C7050000000000005401000063460000A4
:104E44000000000059010000D11503020300000016
:104E54005E010000E8FC00000000000062010000A8
:104E6400D20E030C0D00000063010000060C0000CC
:104E740000000000680100000B19000000000000A1
:104E8400690100005D2100000000000071010000C4
:104E94009718000000000000720100004B6D000034
:104EA40000000000730100000A1A00000000000066
:104EB400740100001A8C000000000000750100005D
:104EC400752A00000000000077010000FB8C000040
:104ED4000000000078010000C70800000000000086
:104EE4007C010000E81400000000000081010000C3
:104EF4009385030203000000820100008410030470
:104F040005000000830100000448030405000000BC
:104F14008401000008250320210000008601000010
:104F24009CF00000000000008B01000000D4000091
:104F3400000000008C01000032A00000000000000E
:104F44008D010000B66C000000000000900100001C
:104F54006EFE03040500000091010000B70603047F
:104F6400050000009A010000A035000000000000C8
:104F74009B0100006A030000000000009C01000087
:104F840021060304050000009D0100004D070304F1
:104F9400050000009E0100006D10000000000000EC
:104FA4009F010000A110000000000000A401000007
:104FB4001449030607000000B3010000862E000018
:104FC40000000000B4010000C1090000000000005E
:104FD400B50100001E01000000000000B80100003F
:104FE4004223000000000000B9010000A9110000E4
:104FF40000000000FE010000F56A0000000000004F
:10500400FF0100001C470000000000000002000037
:10501400B802000000000000421F0000DA10000087
:1050240000000000431F0000E7290000000000000A
:10503400441F0000AC62000000000000451F000097
:10504400FB26000000000000461F0000610E000067
:1050540000000000471F0000402000000000000086
:10506400481F0000EA21000000000000491F000062
:1050740090100000000000004A1F00009B2900005F
:10508400000000004B1F0000146600000000000038
:105094004C1F000036100000000000004D1F0000EF
:1050A400DE2E0000000000004E1F0000C80E0000AD
:1050B400000000004F1F000017180000000000004F
:1050C400501F00009512000000000000282300007B
:1050D40071890000000000002D23000075220000EB
:1050E4000000000011270000D1140000000000009F
:1050F40012270000BA290000000000001327000056
:1051040004010000000000001427000085090000CD
:1051140000000000152700006709000000000000DF
:1051240016270000C104000000000000172700003B
:10513400471100000000000018270000F00E0000D6
:1051440000000000A7270000C35500000000000075
:10515400F82A00008634030405000000F92A000040
:105164000F88000000000000FA2A0000EAB40304DB
:1051740005000000FB2A00004005000000000000BC
:10518400FC2A00000BE8030809000000FD2A0000C7
:105194005DE6000000000000022B00002E3100003C
:1051A40000000000032B00006A2C00000000000037
:1051B4000C2B0000CD10000000000000162B000096
:1051C400902C000000000000172B0000852C00002C
:1051D40000000000182B0000552C00000000000007
:1051E400192B0000C3250310110000001A2B000026
:1051F4004F050000000000001B2B00008008030482
:10520400050000001C2B0000B1220000000000007B
:105214001D2B0000821C0000000000001E2B00005B
:105224002F260000000000001F2B00008E09000044
:1052340000000000202B0000842C0000000000006F
:10524400212B0000D02C000000000000222B0000C5
:10525400C92C000000000000232B0000C12C00001A
:1052640000000000242B0000BD2C00000000000002
:10527400342B0000A24E0000000000006432000045
:10528400722C03000100000065320000FE3B031E87
:105294001F000000663200008C3503040500000086
:1052A40067320000F92E030001000000683200009C
:1052B4004D36031C1D00000069320000312B030031
:1052C40001000000733200005EF9030001000000D9
:1052D400763200008B3300000000000077320000BB
:1052E40007120310110000007832000014050000BA
:1052F400000000006842000067B3000000000000E6
:10530400FE4200001A21000000000000FF420000DD
:1053140048100000000000000143000013110000C9
:1053240000000000024300005911000000000000CA
:10533400034300001B0A00000000000004430000B7
:105344000E5B00000000000005430000BB54000099
:1053540000000000064300006A180000000000007E
:1053640010A40000E30100000000000011A40000EC
:10537400EF2E00000000000051C30000F6200000E2
:105384000000000052C30000B5F600000000000059
:1053940053C300003E1300000000000054C300008B
:1053A400F00A03080900000055C30000980603042E
:1053B4000500000020CB00000D6400000000000088
:1053C40021CB0000EF0100000000000015CD00001B
:1053D400F01100000000000016CD0000584E00003F
:1053E4000000000017CD0000605500000000000020
:1053F40018CD0000B11C00000000000019CD000011
:10540400D73200000000000078CD0000B52603204C
:105414002100000079CD0000662400000000000097
:1054240060EA000004160314150000006AEA000094
:10543400D0210000000000006BEA0000B707000064
:10544400000000006CEA0000632403202100000037
:105454006DEA000081180314150000006EEA0000D4
:10546400860803040500000074EA0000CA04000072
:105474000000000088EA00009CF500000000000025
:1054840089EA0000BFFF0000000000008DEA000070
:105494000E170302030000008EEA0000AB1C030891
:1054A400090000008FEA0000370700000000000038
:1054B40091EA0000610C00000000000092EA000084
:1054C400DC0E00000000000093EA0000F518000064
:1054D4000000000094EA0000652C000000000000B9
:1054E40095EA00002D060000000000006666F43511
:1054F400CCCCFC353333053699990D36000016367D
:1055040066661E36CCCC263633332F369999373619
:10551400000040366666663800007038999979381C
:1055240033338338CCCC8C38666696380000A03888
:105534009999A9383333B338CCCCBC386666C638AD
:105544000000D0389999D9383333E338CCCCEC38CF
:105554006666F638000000399999093933331339EE
:10556400CCCC1C3966662639000030399999393912
:1055740033334339CCCC4C39666656390000603934
:105584009999693933337339CCCC7C396666863959
:1055940000009039999999393333A339CCCCAC397B
:1055A4006666B6390000C0399999C9393333D3399D
:1055B400CCCCDC396666E6390000F0399999F939C2
:1055C4000000891112239B322446AD573665BF74FF
:1055D400488CC19D5AAFD3BE6CCAE5DB7EE9F7F8AF
:1055E4008110080193331A22A5562C47B7753E64DF
:1055F400C99C408DDBBF52AEEDDA64CBFFF976E88F
:1056040002218B30100299132667AF763444BD55BE
:105614004AADC3BC588ED19F6EEBE7FA7CC8F5D96E
:1056240083310A2091121803A7772E66B5543C459E
:10563400CBBD42ACD99E508FEFFB66EAFDD874C94E
:1056440004428D5316619F702004A9153227BB367E
:105654004CCEC5DF5EEDD7FC6888E1997AABF3BA2E
:1056640085520C4397711E60A1142805B3373A265E
:10567400CDDE44CFDFFD56ECE9986089FBBB72AA0E
:1056840006638F7214409D512225AB343006B9173E
:105694004EEFC7FE5CCCD5DD6AA9E3B8788AF19BEE
:1056A40087730E6295501C41A3352A24B11638071E
:1056B400CFFF46EEDDDC54CDEBB962A8F99A708BCE
:1056C400088481951AA793B62CC2A5D33EE1B7F0FE
:1056D4004008C919522BDB3A644EED5F766DFF7CAE
:1056E400899400859BB712A6ADD224C3BFF136E0DE
:1056F400C1184809D33B5A2AE55E6C4FF77D7E6C8E
:105704000AA583B4188691972EE3A7F23CC0B5D1BD
:105714004229CB38500AD91B666FEF7E744CFD5D6D
:105724008BB502A499961087AFF326E2BDD034C19D
:10573400C3394A28D11A580BE77F6E6EF55C7C4D4D
:105744000CC685D71EE597F42880A1913AA3B3B27D
:10575400444ACD5B5669DF78600CE91D722FFB3E2D
:105764008DD604C79FF516E4A9902081BBB332A25D
:10577400C55A4C4BD7795E68E11C680DF33F7A2E0D
:105784000EE787F61CC495D52AA1A3B03882B1933D
:10579400466BCF7A5448DD59622DEB3C700EF91FED
:1057A4008FF706E69DD414C5ABB122A0B99230831D
:1057B400C77B4E6AD5585C49E33D6A2CF11E780FCD
:1057C400A08601000B19000050C300001000041053
:1057D40000005B0101000000B01D000096FF000006
:1057E4000506010C015B00009033000091FF0000EE
:1057F4000606010C015B00002058000090FF000029
:105804000000000000000000512400085324000898
:105814005524000857240008DDC800087DCA000884
:10582400C5CA000801BD0008672400086B240008ED
:10583400000000000000000045C8000859270008C7
:10584400C14D0008000000000000000025260008EB
:10585400BD6A00080000000000000000156D00088B
:10586400976E00089BCC00085B2700087F27000880
:105874000D260008ECFFFFFF000000005124000883
:10588400532400085524000857240008A5CC000818
:1058940079270008A52700081926000867240008AE
:1058A4006B24000801000000030000000500000054
:1058B4000100000001000000060000000A000000D2
:1058C40020000000020000000400000008000000A6
:1058D40010000000400000008000000000010000F3
:1058E40000020000000000000000000000000000B2
:1058F400000000000100000002000000030000009E
:1059040004000000A0860100400D0300801A060078
:1059140000350C0040420F0080841E0000093D0049
:1059240000127A000024F40000366E010048E801F9
:10593400006CDC0200000000000000000000000019
:10594400000000000100000002000000040000004C
:1059540006000000080000000A0000000C0000001F
:105964001000000020000000400000008000000043
:1059740000010000DB0F49BFE4CB1640E4CB16C0A6
:1059840000000080DB0F4940DB0F49C0000FC93F16
:10599400000F494000CB9640000FC9400053FB4024
:1059A40000CB164100ED2F41000F49410031624107
:1059B40000537B41003A8A4100CB9641005CA341ED
:1059C40000EDAF41007EBC41000FC94100A0D541AC
:1059D4000031E24100C2EE410053FB4100F20342B8
:1059E400003A0A420083104200CB164200141D42C2
:1059F400005C234200A5294200ED2F4200363642C6
:105A0400007E3C4200C74242000F4942A20000000F
:105A1400F9000000830000006E0000004E0000004A
:105A2400440000001500000029000000FC000000F4
:105A34002700000057000000D1000000F50000001E
:105A440034000000DD000000C0000000DB000000A6
:105A54006200000095000000990000003C00000076
:105A6400430000009000000041000000FE00000020
:105A74005100000063000000AB000000DE000000E5
:105A8400BB000000C500000061000000B70000007A
:105A9400240000006E0000003A00000042000000F4
:105AA4004D000000D2000000E000000006000000ED
:105AB400490000002E000000EA0000000900000078
:105AC400D1000000920000001C000000FE00000055
:105AD4001D000000EB0000001C000000B1000000ED
:105AE40029000000A70000003E000000E8000000BC
:105AF4008200000035000000F50000002E000000C8
:105B0400BB0000004400000084000000E900000025
:105B14009C0000007000000026000000B40000009B
:105B24005F0000007E00000041000000390000001A
:105B340091000000D600000039000000830000003E
:105B44005300000039000000F40000009C00000035
:105B5400840000005F0000008B000000BD00000016
:105B6400F9000000280000003B0000001F000000B6
:105B7400F800000097000000FF000000DE000000B5
:105B840005000000980000000F000000EF00000076
:105B94002F000000110000008B0000005A000000DC
:105BA4000A0000006D0000001F0000006D000000EE
:105BB400360000007E000000CF0000002700000037
:105BC400CB00000009000000B70000004F000000F7
:105BD400460000003F000000660000009E00000038
:105BE4005F000000EA0000002D00000075000000C6
:105BF40027000000BA000000C7000000EB0000000E
:105C0400E5000000F10000007B0000003D00000002
:105C14000700000039000000F70000008A000000BF
:105C24005200000092000000EA0000006B00000037
:105C3400FB0000005F000000B10000001F00000036
:105C44008D0000005D000000080000005600000008
:105C5400030000003000000046000000FC000000CB
:105C64007B0000006B000000AB000000F0000000AF
:105C7400CF000000BC000000200000009A000000DB
:105C8400F4000000360000001D000000A900000020
:105C9400E300000091000000610000005E000000CD
:105CA400E60000001B000000080000006500000082
:105CB40099000000850000005F000000140000004F
:105CC400A000000068000000400000008D000000FB
:105CD400FF000000D8000000800000004D0000001C
:105CE40073000000270000003100000006000000DF
:105CF400060000001500000056000000CA00000065
:105D040073000000A8000000C9000000600000004B
:105D1400E20000007B000000C00000008C000000D6
:105D24006B0000003863ED3EDA0F493F5E987B3F1D
:105D3400DA0FC93F6937AC3168212233B40F143309
:105D44006821A2330000C93F0000F0390000DA37AF
:105D54000000A2330000842E0000502B0000C22754
:105D64000000D0220000C41F0000C61B000044171E
:105D740004000000070000000900000000202020AB
:105D840020202020202028282828282020202020E7
:105D940020202020202020202020202020881010B7
:105DA4001010101010101010101010101004040413
:105DB40004040404040404101010101010104141D1
:105DC40041414141010101010101010101010101BF
:105DD40001010101010101011010101010104242D3
:105DE400424242420202020202020202020202028F
:105DF400020202020202020210101010200000002F
:105E0400000000000000000000000000000000008E
:105E1400000000000000000000000000000000007E
:105E2400000000000000000000000000000000006E
:105E3400000000000000000000000000000000005E
:105E4400000000000000000000000000000000004E
:105E5400000000000000000000000000000000003E
:105E6400000000000000000000000000000000002E
:105E74000000000000000000000000000052454542
:105E84004E54206D616C6C6F63207375636365653C
:105E9400646564002F6275696C642F676E752D7478
:105EA4006F6F6C732D666F722D73746D33325F3147
:105EB400312E332E72656C312E323032333039311B
:105EC400322D313630302F7372632F6E65776C69E3
:105ED400622F6E65776C69622F6C6962632F7469D7
:105EE4006D652F676D74696D652E63002C20667572
:105EF4006E6374696F6E3A200061737365727469BE
:105F04006F6E2022257322206661696C65643A20D5
:105F140066696C6520222573222C206C696E6520CD
:105F24002564257325730A00232D302B2000686C0B
:105F34004C006566674546470030313233343536A8
:105F440037383941424344454600303132333435E1
:0C5F54003637383961626364656600000E
:085F6000FCB1FE7F010000000E
:085F68006501000839DD0008A5
:045F700041010008E3
:105F74003C3001083C300020010000007C30010866
:105F84009B030020010000008330010878060020F4
:105F9400050000008D300108960400200100000077
:105FA4006C33010895040020010000009D300108B5
:105FB4009704002001000000A5300108C60300205A
:105FC40001000000AE300108C703002001000000FA
:105FD400B7300108C803002001000000C4300108E4
:105FE400C903002001000000D1300108CA030020C9
:105FF40001000000DD300108CB0300200100000097
:10600400E8300108CC03002001000000F43001084E
:10601400CD0300200100000000310108D00300205E
:10602400010000000D310108CE0300200100000032
:106034001A310108D1030020010000002B310108AE
:10604400D2030020010000003C310108CF030020EE
:10605400010000004B310108A203002001000000F0
:1060640055310108A3030020010000005E3101083E
:10607400A4030020010000006B310108A5030020E7
:106084000100000077310108A7030020010000008F
:1060940083310108B003002001000000943101089D
:1060A400A803002001000000A0310108A90300207A
:1060B40001000000AC310108B10300200100000020
:1060C400BC310108AA03002001000000CD31010801
:1060D400AC03002001000000DE310108A60300200B
:1060E40001000000EF310108AE03002001000000B0
:1060F400FE310108AF030020010000000B3201084B
:10610400B6030020020000001A320108B703002081
:106114000200000024320108B8030020020000003D
:106124002E320108B90300200200000038320108B1
:10613400BA0300200200000042320108BB03002021
:10614400020000004C320108BC03002002000000E1
:1061540056320108BD03002002000000603201082D
:10616400BE030020020000006A320108BF030020C1
:106174000200000074320108C00300200200000085
:106184007F320108C1030020020000008A320108A6
:10619400C20300200100000095320108C30300205F
:1061A40001000000A0320108C40300200100000027
:1061B400AB320108C503002001000000B63201081B
:1061C400FFFF0000E1250008812F00087C2F010853
:1061D400AC2F01080C300108DC2F010800093D0038
:1061E40001000000100000000000803F6042A20D8A
:1061F4000000000003000000C8410020000000006F
:10620400C8410020304200209842002000000000D5
:10621400000000000000000000000000000000007A
:10622400000000000000000000000000000000006A
:10623400000000000000000000000000000000005A
:0C62440000000000000000008C020020A0
:040000050800E08D82
:00000001FF
