:020000040800F2
:10000000000001204DE1000883E0000885E00008C1
:1000100087E0000889E000088BE00008000000008D
:100020000000000000000000000000008DE000085B
:100030008FE000080000000091E0000893E0000855
:100040009DE100089DE100089DE100089DE1000898
:100050009DE100089DE100089DE100089DE1000888
:100060009DE100089DE100089DE100089DE1000878
:100070009DE100089DE100089DE100089DE1000868
:100080009DE100089DE100089DE100089DE1000858
:10009000000000009DE100089DE100089DE10008CE
:1000A0009DE100089DE100089DE100089DE1000838
:1000B000213E00089DE100089DE100089DE1000847
:1000C0009DE100089DE100089DE100089DE1000818
:1000D0007D3A00080D6900089DE100089DE10008D7
:1000E0009DE100087DC000089DE100089DE1000839
:1000F0009DE1000800000000000000009DE10008F4
:100100009DE100089DE1000811C000089DE1000884
:100110009DE100089DE100089DE100089DE10008C7
:100120009DE100089DE100089DE100089DE10008B7
:080130009DE100089DE10008BB
:1001400010B5054C237833B9044B13B10448AFF311
:1001500000800123237010BDE00200200000000099
:10016000BC24010808B5034B1BB103490348AFF396
:10017000008008BD00000000E4020020BC2401084B
:1001800010F8012B11F8013B012A28BF9A42F7D041
:10019000D01A7047034613F8012B002AFBD1181A16
:1001A000013870470000000000000000000000005F
:1001B00001F0FF01102A2BDB10F0070F08D010F818
:1001C000013B013A8B422DD010F0070F42B3F6D11C
:1001D000F0B441EA012141EA014122F007047FF035
:1001E00000070023F0E80256083C85EA010586EA8C
:1001F000010685FA47F5A3FA87F586FA47F6A5FAC8
:1002000087F68EB9EED1F0BC01F0FF0102F00702D3
:1002100032B110F8013B013A83EA010313B1F8D17E
:100220000020704701387047002D06BF354603385F
:10023000073815F0010F07D1013015F4807F02BF98
:10024000013015F4C03F0130F0BC0138704700BFE9
:1002500081F0004102E000BF83F0004330B54FEA77
:1002600041044FEA430594EA050F08BF90EA020FE4
:100270001FBF54EA000C55EA020C7FEA645C7FEA77
:10028000655C00F0E2804FEA5454D4EB5555B8BF9A
:100290006D420CDD2C4480EA020281EA030382EA0B
:1002A000000083EA010180EA020281EA0303362D9D
:1002B00088BF30BD11F0004F4FEA01314FF4801C70
:1002C0004CEA113102D0404261EB410113F0004F82
:1002D0004FEA03334CEA133302D0524263EB430339
:1002E00094EA050F00F0A780A4F10104D5F1200ED7
:1002F0000DDB02FA0EFC22FA05F2801841F1000132
:1003000003FA0EF2801843FA05F359410EE0A5F105
:1003100020050EF1200E012A03FA0EFC28BF4CF036
:10032000020C43FA05F3C01851EBE37101F00045EC
:1003300007D54FF0000EDCF1000C7EEB00006EEBF9
:100340000101B1F5801F1BD3B1F5001F0CD3490883
:100350005FEA30004FEA3C0C04F101044FEA4452DA
:1003600012F5800F80F09A80BCF1004F08BF5FEA61
:10037000500C50F1000041EB045141EA050130BD41
:100380005FEA4C0C404141EB0101013C28BFB1F553
:10039000801FE9D291F0000F04BF01460020B1FA9E
:1003A00081F308BF2033A3F10B03B3F120020CDA71
:1003B0000C3208DD02F1140CC2F10C0201FA0CF04F
:1003C00021FA02F10CE002F11402D8BFC2F1200CB4
:1003D00001FA02F120FA0CFCDCBF41EA0C0190406A
:1003E000E41AA2BF01EB0451294330BD6FEA0404B3
:1003F0001F3C1CDA0C340EDC04F11404C4F120029E
:1004000020FA04F001FA02F340EA030021FA04F3AF
:1004100045EA030130BDC4F10C04C4F1200220FA06
:1004200002F001FA04F340EA0300294630BD21FA44
:1004300004F0294630BD94F0000F83F4801306BF0A
:1004400081F480110134013D4EE77FEA645C18BFFE
:100450007FEA655C29D094EA050F08BF90EA020F95
:1004600005D054EA000C04BF1946104630BD91EA8D
:10047000030F1EBF0021002030BD5FEA545C05D190
:100480004000494128BF41F0004130BD14F58004CF
:100490003CBF01F5801130BD01F0004545F0FE4143
:1004A00041F470014FF0000030BD7FEA645C1ABF78
:1004B000194610467FEA655C1CBF0B46024650EAAF
:1004C000013406BF52EA033591EA030F41F40021DB
:1004D00030BD00BF90F0000F04BF0021704730B561
:1004E0004FF4806404F132044FF000054FF0000136
:1004F00050E700BF90F0000F04BF0021704730B5F7
:100500004FF4806404F1320410F0004548BF4042CB
:100510004FF000013EE700BF42004FEAE2014FEA20
:1005200031014FEA02701FBF12F07F4393F07F4FFB
:1005300081F06051704732F07F4208BF704793F0FE
:100540007F4F04BF41F40021704730B54FF4607411
:1005500001F0004521F000411CE700BF50EA010214
:1005600008BF704730B54FF000050AE050EA0102BD
:1005700008BF704730B511F0004502D5404261EB2D
:1005800041014FF4806404F132045FEA915C3FF46E
:10059000D8AE4FF003025FEADC0C18BF03325FEA0B
:1005A000DC0C18BF033202EBDC02C2F1200300FABC
:1005B00003FC20FA02F001FA03FE40EA0E0021FAE1
:1005C00002F11444BDE600BF70B54FF0FF0C4CF4CF
:1005D000E06C1CEA11541DBF1CEA135594EA0C0F81
:1005E00095EA0C0F00F0DEF82C4481EA030621EABC
:1005F0004C5123EA4C5350EA013518BF52EA0335F7
:1006000041F4801143F4801338D0A0FB02CE4FF0A8
:100610000005E1FB02E506F00042E0FB03E54FF0D8
:100620000006E1FB03569CF0000F18BF4EF0010ED0
:10063000A4F1FF04B6F5007F64F5407404D25FEACC
:100640004E0E6D4146EB060642EAC62141EA55517F
:100650004FEAC52040EA5E504FEACE2EB4F1FD0CC1
:1006600088BFBCF5E06F1ED8BEF1004F08BF5FEA3F
:10067000500E50F1000041EB045170BD06F00046F1
:1006800046EA010140EA020081EA0301B4EB5C049E
:10069000C2BFD4EB0C0541EA045170BD41F4801196
:1006A0004FF0000E013C00F3AB8014F1360FDEBFBB
:1006B000002001F0004170BDC4F10004203C35DA97
:1006C0000C341BDC04F11404C4F1200500FA05F31A
:1006D00020FA04F001FA05F240EA020001F00042BB
:1006E00021F0004110EBD37021FA04F642EB060131
:1006F0005EEA430E08BF20EAD37070BDC4F10C045B
:10070000C4F1200500FA04F320FA05F001FA04F21E
:1007100040EA020001F0004110EBD37041F100010A
:100720005EEA430E08BF20EAD37070BDC4F1200515
:1007300000FA05F24EEA020E20FA04F301FA05F27D
:1007400043EA020321FA04F001F0004121FA04F225
:1007500020EA020000EBD3705EEA430E08BF20EAF5
:10076000D37070BD94F0000F0FD101F0004640002F
:1007700041EB010111F4801F08BF013CF7D041EAB1
:10078000060195F0000F18BF704703F000465200B5
:1007900043EB030313F4801F08BF013DF7D043EA86
:1007A0000603704794EA0C0F0CEA135518BF95EA3C
:1007B0000C0F0CD050EA410618BF52EA4306D1D1C3
:1007C00081EA030101F000414FF0000070BD50EAE2
:1007D000410606BF1046194652EA430619D094EA6C
:1007E0000C0F02D150EA013613D195EA0C0F05D156
:1007F00052EA03361CBF104619460AD181EA0301AA
:1008000001F0004141F0FE4141F470014FF0000061
:1008100070BD41F0FE4141F4780170BD70B54FF0FC
:10082000FF0C4CF4E06C1CEA11541DBF1CEA13557C
:1008300094EA0C0F95EA0C0F00F0A7F8A4EB05045E
:1008400081EA030E52EA03354FEA013100F0888055
:100850004FEA03334FF0805545EA131343EA12631E
:100860004FEA022245EA111545EA10654FEA0026D3
:100870000EF000419D4208BF964244F1FD0404F58C
:10088000407402D25B084FEA3202B61A65EB0305E8
:100890005B084FEA32024FF480104FF4002CB6EBA5
:1008A000020E75EB030E22BFB61A754640EA0C0025
:1008B0005B084FEA3202B6EB020E75EB030E22BF65
:1008C000B61A754640EA5C005B084FEA3202B6EBA6
:1008D000020E75EB030E22BFB61A754640EA9C0065
:1008E0005B084FEA3202B6EB020E75EB030E22BF35
:1008F000B61A754640EADC0055EA060E18D04FEAF3
:10090000051545EA16754FEA06164FEAC30343EA92
:1009100052734FEAC2025FEA1C1CC0D111F4801F5F
:100920000BD141EA00014FF000004FF0004CB6E758
:1009300011F4801F04BF01430020B4F1FD0C88BFF7
:10094000BCF5E06F3FF6AFAEB5EB030C04BFB6EB02
:10095000020C5FEA500C50F1000041EB045170BDF5
:100960000EF0004E4EEA113114EB5C04C2BFD4EB22
:100970000C0541EA045170BD41F480114FF0000EA6
:10098000013C90E645EA060E8DE60CEA135594EA22
:100990000C0F08BF95EA0C0F3FF43BAF94EA0C0F25
:1009A0000AD150EA01347FF434AF95EA0C0F7FF49A
:1009B00025AF104619462CE795EA0C0F06D152EAEE
:1009C00003353FF4FDAE1046194622E750EA4106D2
:1009D00018BF52EA43067FF4C5AE50EA41047FF4E3
:1009E0000DAF52EA43057FF4EBAE12E74A0011D295
:1009F00012F5001211D20DD56FF47873B3EB625279
:100A00000ED44FEAC12343F0004343EA505323FA84
:100A100002F070474FF00000704750EA013002D1F9
:100A20004FF0FF3070474FF00000704780F00040FB
:100A300002E000BF81F0004142001FBF5FEA4103B6
:100A400092EA030F7FEA226C7FEA236C6AD04FEAB6
:100A50001262D2EB1363C1BFD218414048404140FB
:100A6000B8BF5B42192B88BF704710F0004F40F4AD
:100A7000000020F07F4018BF404211F0004F41F4C9
:100A8000000121F07F4118BF494292EA030F3FD095
:100A9000A2F1010241FA03FC10EB0C00C3F12003A8
:100AA00001FA03F100F0004302D5494260EB400037
:100AB000B0F5000F13D3B0F1807F06D340084FEAA2
:100AC000310102F10102FE2A51D2B1F1004F40EB97
:100AD000C25008BF20F0010040EA030070474900FF
:100AE00040EB0000013A28BFB0F5000FEDD2B0FA9C
:100AF00080FCACF1080CB2EB0C0200FA0CF0AABFBF
:100B000000EBC25052421843BCBFD040184370475C
:100B100092F0000F81F4000106BF80F40000013262
:100B2000013BB5E74FEA41037FEA226C18BF7FEA39
:100B3000236C21D092EA030F04D092F0000F08BF7B
:100B40000846704790EA010F1CBF0020704712F062
:100B50007F4F04D1400028BF40F00040704712F1A1
:100B600000723CBF00F50000704700F0004343F006
:100B7000FE4040F4000070477FEA226216BF08463C
:100B80007FEA23630146420206BF5FEA412390EAFF
:100B9000010F40F4800070474FF0000304E000BFF5
:100BA00010F0004348BF40425FEA000C08BF7047A6
:100BB00043F0964301464FF000001CE050EA01026A
:100BC00008BF70474FF000030AE000BF50EA01027F
:100BD00008BF704711F0004302D5404261EB41016C
:100BE0005FEA010C02BF84460146002043F0B64391
:100BF00008BFA3F18053A3F50003BCFA8CF2083AB6
:100C0000A3EBC25310DB01FA02FC634400FA02FCBE
:100C1000C2F12002BCF1004F20FA02F243EB0200C5
:100C200008BF20F00100704702F1200201FA02FC27
:100C3000C2F1200250EA4C0021FA02F243EB02001A
:100C400008BF20EADC7070474FF0FF0C1CEAD0525E
:100C50001EBF1CEAD15392EA0C0F93EA0C0F6FD01F
:100C60001A4480EA010C400218BF5FEA41211ED0FD
:100C70004FF0006343EA501043EA5111A0FB0131E9
:100C80000CF00040B1F5000F3EBF490041EAD371BE
:100C90005B0040EA010062F17F02FD2A1DD8B3F13A
:100CA000004F40EBC25008BF20F00100704790F0A9
:100CB000000F0CF0004C08BF49024CEA502040EAFB
:100CC00051207F3AC2BFD2F1FF0340EAC2507047C1
:100CD00040F400004FF00003013A5DDC12F1190FFF
:100CE000DCBF00F000407047C2F10002410021FA71
:100CF00002F1C2F1200200FA02FC5FEA310040F189
:100D0000000053EA4C0308BF20EADC70704792F001
:100D1000000F00F0004C02BF400010F4000F013A39
:100D2000F9D040EA0C0093F0000F01F0004C02BF34
:100D3000490011F4000F013BF9D041EA0C018FE7A3
:100D40000CEAD15392EA0C0F18BF93EA0C0F0AD0A9
:100D500030F0004C18BF31F0004CD8D180EA0100CF
:100D600000F00040704790F0000F17BF90F0004F68
:100D7000084691F0000F91F0004F14D092EA0C0F4A
:100D800001D142020FD193EA0C0F03D14B0218BFDD
:100D9000084608D180EA010000F0004040F0FE4023
:100DA00040F40000704740F0FE4040F440007047BF
:100DB0004FF0FF0C1CEAD0521EBF1CEAD15392EA3E
:100DC0000C0F93EA0C0F69D0A2EB030280EA010C2E
:100DD00049024FEA402037D04FF0805343EA1111C7
:100DE00043EA10130CF000408B4238BF5B0042F125
:100DF0007D024FF4000C8B4224BF5B1A40EA0C00CA
:100E0000B3EB510F24BFA3EB510340EA5C00B3EBFB
:100E1000910F24BFA3EB910340EA9C00B3EBD10FE9
:100E200024BFA3EBD10340EADC001B0118BF5FEA3B
:100E30001C1CE0D1FD2A3FF650AF8B4240EBC25064
:100E400008BF20F0010070470CF0004C4CEA502025
:100E50007F32C2BFD2F1FF0340EAC250704740F474
:100E600000004FF00003013A37E792F0000F00F066
:100E7000004C02BF400010F4000F013AF9D040EAE4
:100E80000C0093F0000F01F0004C02BF490011F478
:100E9000000F013BF9D041EA0C0195E70CEAD15370
:100EA00092EA0C0F08D142027FF47DAF93EA0C0F57
:100EB0007FF470AF084676E793EA0C0F04D14B023B
:100EC0003FF44CAF08466EE730F0004C18BF31F0ED
:100ED000004CCAD130F000427FF45CAF31F00043E7
:100EE0007FF43CAF5FE700BF4FF0FF3C06E000BF80
:100EF0004FF0010C02E000BF4FF0010C4DF804CDA3
:100F00004FEA40024FEA41037FEA226C18BF7FEAB2
:100F1000236C11D001B052EA530C18BF90EA010FB4
:100F200058BFB2EB030088BFC81738BF6FEAE17043
:100F300018BF40F0010070477FEA226C02D15FEADF
:100F4000402C05D17FEA236CE4D15FEA412CE1D04B
:100F50005DF8040B704700BF844608466146FFE712
:100F60000FB5FFF7C9FF002848BF10F1000F0FBDF4
:100F70004DF808EDFFF7F4FF0CBF012000205DF8ED
:100F800008FB00BF4DF808EDFFF7EAFF34BF012072
:100F900000205DF808FB00BF4DF808EDFFF7E0FF0B
:100FA00094BF012000205DF808FB00BF4DF808ED5C
:100FB000FFF7D2FF94BF012000205DF808FB00BFBF
:100FC0004DF808EDFFF7C8FF34BF012000205DF8A1
:100FD00008FB00BF4FEA40024FEA41037FEA226C60
:100FE00002D15FEA402C08D17FEA236C02D15FEA8C
:100FF000412C02D14FF0000070474FF001007047C4
:101000004FEA4002B2F1FE4F0FD34FF09E03B3EB15
:1010100012620DD94FEA002343F0004310F0004F55
:1010200023FA02F018BF404270474FF000007047AB
:1010300012F1610F01D1420205D110F0004008BF4A
:101040006FF0004070474FF00000704742000ED232
:10105000B2F1FE4F0BD34FF09E03B3EB126209D4F3
:101060004FEA002343F0004323FA02F070474FF0A9
:101070000000704712F1610F01D1420202D14FF01E
:10108000FF3070474FF00000704700BF7BB972B966
:101090000029BEBF00204FF0004106E008BF002835
:1010A0001CBF6FF000414FF0FF3000F0BBB9ADF155
:1010B000080C6DE904CE002909DB002B1ADB00F0D7
:1010C0004DF8DDF804E0DDE9022304B0704740424A
:1010D00061EB4101002B1BDB00F040F8DDF804E080
:1010E000DDE9022304B0404261EB4101524263EB6F
:1010F00043037047524263EB430300F02FF8DDF8DF
:1011000004E0DDE9022304B0404261EB4101704795
:10111000524263EB430300F021F8DDF804E0DDE91F
:10112000022304B0524263EB4303704753B94AB9F8
:10113000002908BF00281CBF4FF0FF314FF0FF30DF
:1011400000F070B9ADF1080C6DE904CE00F006F8BE
:10115000DDF804E0DDE9022304B070472DE9F04733
:10116000089E0D4604460F46002B4AD18A429446FB
:1011700065D9B2FA82F343B102FA03FCC3F120024B
:101180009F4020FA02F217439C404FEA1C4E1FFA80
:101190008CF5B7FBFEF1220C0EFB117742EA0742F9
:1011A00001FB05F090420AD91CEB020201F1FF3766
:1011B00080F01B81904240F2188102396244121A79
:1011C000A4B2B2FBFEF00EFB102244EA024400FB84
:1011D00005F5A5420AD91CEB040400F1FF3280F0AA
:1011E0000681A54240F203816444023840EA01408E
:1011F000641B00211EB1DC400023C6E90043BDE8AA
:10120000F0878B4208D9002E00F0EC800021C6E95F
:1012100000050846BDE8F087B3FA83F1002949D1FB
:10122000AB4202D3824200F2F780841A65EB0302DC
:1012300001201746002EE2D0C6E90047DFE702B9D9
:10124000FFDEB2FA82F3002B40F08F808A1A4FEA59
:101250001C471FFA8CFE0121B2FBF7F507FB152096
:10126000220C42EA00420EFB05F0904208D91CEB2A
:10127000020205F1FF3802D2904200F2CA804546D0
:10128000121AA4B2B2FBF7F007FB102244EA0244A0
:101290000EFB00FEA64508D91CEB040400F1FF324A
:1012A00002D2A64500F2BA801046A4EB0E0440EA32
:1012B00005409FE7C1F120078B4022FA07FC4CEA6A
:1012C000030C05FA01F420FA07F3FD40234300FA6A
:1012D00001F94FEA1C401FFA8CFEB5FBF0F81C0C1C
:1012E00000FB185544EA054408FB0EF5A54202FA36
:1012F00001F20BD91CEB040408F1FF3A80F087805F
:10130000A54240F28480A8F102086444641B9DB2A7
:10131000B4FBF0F300FB134445EA044403FB0EFE68
:10132000A64508D91CEB040403F1FF306BD2A64597
:1013300069D9023B644443EA0840A0FB0283A4EB62
:101340000E049C42C6461D4655D352D056B1B9EB49
:101350000E0364EB050404FA07F7CB40CC401F43AF
:10136000C6E900740021BDE8F087C3F1200102FA4C
:1013700003FC20FA01F225FA01F19D402A434FEACD
:101380001C471FFA8CFEB1FBF7F007FB1015110C80
:1013900041EA054100FB0EF58D4204FA03F408D939
:1013A0001CEB010100F1FF382FD28D422DD90238FC
:1013B0006144491B92B2B1FBF7F507FB151142EAF4
:1013C000014205FB0EF1914208D91CEB020205F126
:1013D000FF3816D2914214D9023D6244521A45EAAE
:1013E000004139E73146304609E73946E7E610461D
:1013F000FCE6C145AAD2B8EB020E63EB0C0501383E
:10140000A4E74546EAE7034695E74046D1E7D046DC
:101410007CE7023D624433E708460BE76444023848
:1014200043E700BF704700BF002242708270012274
:10143000C270B1FA81F102224909027103220170DE
:101440004271704743788B421FD0012941700AD006
:10145000022910D0C1B90123C37081700223037126
:10146000032343717047037843B101238370022340
:10147000C3700023F3E70378002BF6D002238370B8
:101480000023C3700123EAE7FEE7704782B00B88B0
:10149000ADF800304B88ADF802308B88ADF80430E1
:1014A000CB88ADF806300239431C053013F8012F04
:1014B0000DF1080C0CEB4202834232F8082C21F8A3
:1014C000022FF3D102B0704710B50C461146FFF75A
:1014D000B9FF2146BDE81040FFF7D8BF0B4B10B550
:1014E0004FF07F32C0E923234FF47F43A0F89430BC
:1014F000FF23044680F89630983000F055FD002315
:1015000084F8A43084F8A83010BD00BFFFFF7F002E
:1015100070B51146154604461E4600F0AEFC29463D
:1015200004F1140000F0A9FC294604F1280000F0A1
:10153000A4FC294604F13C0000F09FFC294604F17C
:10154000500000F09AFC294604F1640000F095FC7C
:10155000294604F1780000F090FC4FF4FA7332460B
:101560004FF4FA6104F1980000F004FD2046FFF703
:10157000B5FF002384F8A5304FF47F43A4F8A630CC
:1015800070BD022380F8A8307047704700F07CBC23
:10159000143000F079BC08B5503000F07FFC2921F0
:1015A00000F114030246B3FBF1F313F0FF0002D184
:1015B000101E18BF012008BD08B5643000F06EFC95
:1015C000292100F114030246B3FBF1F313F0FF00ED
:1015D00002D1101E18BF012008BD90F8903013B939
:1015E00090F98C00704790F98D00704790F890301A
:1015F00013B990F98E00704790F98F00704710B5BD
:1016000004460AF067FE50B194F8A83043B904F1DB
:101610003C0000F03DFC012838BF0120C0B210BDE5
:101620006420FCE790F8A83013B990F89300704755
:1016300064207047783000F033BC783000F038BC5C
:1016400010B5044600F0FAFB04F1140000F0F6FBBC
:1016500004F1280000F0F2FB04F13C0000F0EEFB86
:1016600004F1500000F0F6FB04F1640000F0F2FB1E
:1016700004F1780000F0F4FB94F8A83013B1013BBA
:1016800084F8A83010BD7F2807D0002807DA10F1B1
:10169000800F06D04042C0B2704700207047012042
:1016A00070477F20704710B1404240B270477F20A2
:1016B00070477F280FD010F1310F0EDA10F1780F3C
:1016C0000DDB7830FE2340B2584323304623B0FB75
:1016D000F3F0C0B27047FF207047FE207047002033
:1016E0007047012805DD40F2FE73984203DC80B2AA
:1016F00070470120704740F2FF707047A0F5787086
:10170000C0EBC02040F2AE7390FBF3F000F58060B8
:10171000FFF7E7BFFFF7F2BF032812DD0C2812DD49
:101720000F2812DD122812DD162812DD192812DD0D
:101730001C2812DD1F2812DD2128CCBFFF20062027
:101740007047002070470120704702207047082032
:10175000704703207047072070470420704705201A
:101760007047000005289ABF014B185CFF207047A6
:101770003825010805289ABF014B185CFF207047E7
:101780003E2501087F2803D0002803DAC0B2704745
:1017900000207047FF2070477F2811D010F1320FD2
:1017A00010DA884210DD401A6423C1F1FF2158434A
:1017B00001F57F01CE31313090FBF1F0C0B27047BE
:1017C000FF2070476420704700207047014B48405D
:1017D000185C70474425010852B110B4054C0A4406
:1017E00011F8013B58408A42205CF9D110BC704787
:1017F000704700BF44250108392808D822280ED98F
:10180000094B2338C0B2C34003F0010070475F2882
:1018100007D0613819288CBF0020012070470020B4
:1018200070470120704700BF01EC7F00F8B5024609
:10183000451E461D00245F2715F8010FFF2804BF31
:101840000134E4B2FFF7D8FF00B92F70AE42F3D1F4
:10185000062C04D119B10B6813608B889380002388
:101860009371F8BD2DE9F843DFF83490471E441D0D
:10187000012500264FF0280817F8011F08480FF02F
:101880007FFE034610B1A0EB0903DBB2A3FB0532D8
:101890009E19A742A5FB0853EED13046BDE8F88358
:1018A0004426010810B54179A1F13000C3B2092BDB
:1018B00007D80523B0FBF3F303EB8303C01AC0B2D0
:1018C00010BD044C20460FF05BFE0028F1D0001B39
:1018D000C0B2EEE744260108F0B5094B094F821D5E
:1018E0002826B1FBF3F4272C94BF3D5D302502F888
:1018F000015D824203FB1411B3FBF6F3F1D1F0BD9D
:1019000000801A064426010870B50446FEF742FC22
:1019100002B20023551E18B2A84204FA83F104DA79
:10192000265C302E03F10103F5D0121A0132204655
:10193000BDE870400FF0F3BD2DE9F047432B28BF01
:10194000432396B00C46154600211A469846074692
:101950000FF0FFFD0021412205A804910FF0F9FDD1
:10196000DFF87C90DFF87CA004EB4505AC4210D199
:1019700004A8FEF70FFC28B100F158036B440022C5
:1019800003F8492C04A938460FF063FF16B0BDE8F0
:10199000F08734F9020B47F6FF739842E8D000282D
:1019A00012DC514668460FF054FF04A8FEF7F2FB24
:1019B00006466846FEF7EEFB0644B045D6D36946B8
:1019C00004A80FF0CEFDD1E7694680B20DF06BFEA2
:1019D0006846FFF799FF494668460FF0C2FDE4E705
:1019E000312501082C250108F0B589B06D46002489
:1019F0002F468E1CE1B28A4204D83946FFF79CFF7D
:101A000009B0F0BD36F8241025F8021B0134F1E7C7
:101A100042F210736421B0FBF3F203FB1200B0FB3F
:101A2000F1F301FB130000EB023000EB831080B2F6
:101A30007047020B00F03F0342F2107101FB0233CA
:101A4000C0F38510642202FB003070472DE9F0419D
:101A500042F2107388B0B1FBF3F603FB16141F4972
:101A6000DFF87C8005460FF0F4FE6946F0B20DF019
:101A7000F7FD6846FFF748FF694628460FF071FDFD
:101A8000414628460FF06DFD64276946B4FBF7F622
:101A9000F0B20DF0E5FD6846FFF736FF69462846CF
:101AA0000FF05FFD07FB1644414628460FF059FD35
:101AB0006946E0B20DF0D4FD9DF801308DF800309C
:101AC0009DF802308DF801306946002328468DF8D4
:101AD00002300FF046FD08B0BDE8F0818A380108F9
:101AE0003625010870B50E460021054614460FF054
:101AF00030FD00239AB2944200D870BDF25C002AF7
:101B0000FBD0EA540133F5E770B50E4614460021C8
:101B1000013205460FF01DFD00239AB2944200D811
:101B200070BDF25C002AFBD0EA540133F5E730B512
:101B30000023044698B2904201D3012005E0E55C01
:101B4000C85C1DB9B0FA80F0400930BD0028FCD057
:101B5000854203F10103EDD00020F6E7914206D162
:101B60009DF900008342CCBF00200120704702296C
:101B700009D0022A05D0012905D0531E58425841E8
:101B8000704701207047002070477D23438043F257
:101B9000390309B2C360002301808180C3800372CE
:101BA00070470000C2680449044B01FB023323F074
:101BB0000043C360980F7047FD430300C39E260097
:101BC00010B50129044680791AD8042801D80130BB
:101BD000A071012AE07917D8042801D80130E071FA
:101BE00091424AD8914245D3012930D1012A2ED1C0
:101BF000A279E3799A4228D322D96FF07C0310E0CE
:101C00000028E6D00138E3E708B10138E071022985
:101C1000E6D1022AE6D19DF9082093420BDDB4F902
:101C2000003062881A4412B27C2A28DD7D2262804C
:101C30000022227227E01BDA23885B421BB2F0E706
:101C40002046FFF7AFFF0028D7D07D23E9E7B4F99E
:101C50000400B4F900302288B4F90210002804DB33
:101C60007C29DEDD524213B2DBE77C31D9DBF9E7B8
:101C70000023D6E76FF04A03D3E74B23D1E712F1F5
:101C80007C0F02DB6280A38010BD4FF683726280FE
:101C90000122CEE702680449044B01FB023323F022
:101CA00000430360180C7047FD430300C39E2600E9
:101CB000F0B5002597B0016085800446562229467C
:101CC00068460FF046FC0126627CAA4209D8002330
:101CD000802104F1B400237417B0BDE8F0400FF088
:101CE00038BC2046FFF7D6FFE7797B1B002190FB2D
:101CF000F3F202FB1300C0B2EC460A46CBB29F429D
:101D00001DD80023227B9A42DED0A279033A012A11
:101D100004EB050105D925B191F91120D2B9012BA8
:101D2000D2D98B74A26852F82310583304EB850281
:101D30006B440135516303F8586CEDB2C4E71CF8ED
:101D400001EBBEF1000F03D18242DBD00132D2B2EF
:101D50000131D3E7501E8342E3DB01329342E0DCE2
:101D6000B2E72DE9F047154696B0013D01600271DA
:101D700004464371EDB25622002168460FF0E9FB9C
:101D80000027022D84BF4FF0010900253E464FF089
:101D9000010A94F807809CBF4FF00309B8FBF9F8DB
:101DA000627CB24209D80023802104F1B40023747C
:101DB00016B0BDE8F0470FF0CCBB2046FFF76AFF36
:101DC000A8EB0603002190FBF3F202FB1300C0B264
:101DD000EC460A46CBB2984506D91CF801EBBEF199
:101DE000000F22D182421ED1434528BF4346227BA9
:101DF00003FB095101F0FF018A42D1D016B1B7B9F6
:101E0000012BCDD9A2191F469174A26852F8211056
:101E100004EB86020136516303F158026A44F6B2BC
:101E200002F858ACBCE70132D2B20131D2E77A1ED7
:101E30009342E7DB7A1C9342E4DCB1E7D0E901236B
:101E40006421D31AC36082604B43418AB3FBF1F330
:101E500003747047D0E90123D31AC0E90223704705
:101E600043682BB1C26864214A43B2FBF3F2D3B298
:101E700003740023C360436070470023C0E902334A
:101E80004182436003747047436801334360704785
:101E9000007C704743680B4443607047C0687047DC
:101EA00011B1C3680133C3604368013343607047B5
:101EB000007C7047072800D9FEE7014B185C70478B
:101EC0009426010800230380837080F8293070472E
:101ED0000346007810B100221A707047587810B18C
:101EE00000225A707047987810B100229A7070479B
:101EF00093F8290010B1002283F82920704701705F
:101F00007047017070478170704781704260704700
:101F10004068704708307047002343600381704772
:101F20000A2310B50446838001F03EFF2368E08059
:101F30009B6820469847208110BD038970B50446F0
:101F40009BB1858845B1013DADB285806DB903680F
:101F50001B68BDE87040184701F026FFE388C01AEF
:101F6000238980B2834201D2258170BD2368204637
:101F70005B68EEE72DE9F041044610461D46164623
:101F80008846FEF709FE074606EB0800FEF704FE4A
:101F900001463846FEF70CFF656020602846FEF7D4
:101FA000FFFDA060BDE8F08110B504464068FEF773
:101FB000F7FDA06010BD000010B50229044680EABC
:101FC000E070A0EBE47068D15AB9002CACBF7F235D
:101FD0003F239842A8BF1846002C01DA40F0400089
:101FE00010BD012A1AD1632805DC4000002CF7DA65
:101FF00040F48070F4E740F2F54398420CDCFEF7C1
:10200000CBFD5749FEF720FE0EF05AF8FFF71EF8F9
:10201000400040F00100E9E7FF20E7E7022A40F036
:102020009C80632805DC8000002CD9DA40F4007025
:10203000D6E7B0F57A7F0CDAFEF7AEFD4849FEF739
:1020400003FE0EF03DF8FFF701F8800040F00100BC
:10205000EAE742F20F7398420CD8FEF79DFD414922
:10206000FEF7F2FD0EF02CF8FEF7F0FF800040F0D6
:102070000200D9E73C4B98420CD8FEF78DFD3B4956
:10208000FEF7E2FD0EF01CF8FEF7E0FF800040F0E6
:102090000300C9E740F2FF10C6E703295DD1012A1A
:1020A0001BD1B0F57A7F05DA4000002C98DA40F4B5
:1020B000006095E7B0F5205F0CDAFEF76DFD28496A
:1020C000FEF7C2FD0DF0FCFFFEF7C0FF400040F040
:1020D0000100EAE740F2FF70E7E7022A3DD1B0F5E0
:1020E0007A7F06DA8000002CBFF67AAF40F4805089
:1020F00076E742F20F7398420CDCFEF74DFD18496B
:10210000FEF7A2FD0DF0DCFFFEF7A0FF800040F01F
:102110000100E8E7164B98420CD8FEF73DFD114947
:10212000FEF792FD0DF0CCFFFEF790FF800040F02F
:102130000200D8E7B0F57A2F0CD2FEF72DFD0B493F
:10214000FEF782FD0DF0BCFFFEF780FF800040F03F
:102150000300C8E740F6FF70C5E7002040E700BF76
:10216000CDCCCC3D0AD7233C17F001006F12833A47
:102170009F860100002303607047000038B5084BBC
:1021800009291B7828BF09218B4204460D4602D13C
:102190000023036038BD01F0FBFD25712060F9E7E5
:1021A000FC020020036810B504460BB9002010BDE6
:1021B00001F0EEFD2368C01A40F2EE239842F5D9F3
:1021C0000023054A2360127823799A42EED0034A0D
:1021D0000120D377EBE700BFFC0200207C03002046
:1021E000FF23437100230171837103818372704760
:1021F00038B5037904460D465BB14179A94208D050
:1022000041B101290AD00023A371657155B1012D97
:102210000FD038BD03689B689847F4E70368002136
:10222000DB68F9E723689B68012120469847A07185
:10223000EFE723682946DB68F7E72DE9F04F077CD5
:10224000C37B857CC67C90F815E090F8208090F8E0
:102250000EC0BF000C4647EA931703F03F01437CD2
:1022600003F0010247EA822705F00F02D20142EA99
:10227000530206F07F031B0143EA1513057D89B065
:102280006D0045EAD6150EF00306059345EA462390
:10229000867D009306F01F05AD0145EA9E03C57DCE
:1022A00090F819E00193ED0045EA5613057E02937C
:1022B0000EF0070645EA0623857E039305F03F06E8
:1022C000760146EADE03C67E90F81CE00493B60071
:1022D00046EA95160EF0010546EA8526457F0692E8
:1022E00005F00F0B4FEACB1B4BEA5E0B90F81EE09C
:1022F0000EF07F0A4FEA0A1A4AEA151AC57F6D00E6
:1023000045EADE1508F0030E45EA4E2590F821E077
:102310000EF01F094FEA891949EA9809490190F816
:102320002280407B41EADC010CF0070C40EA0C20E3
:102330004FEAC80848EA5E180791FFF7DFF90799E6
:1023400020800846FFF7DAF960803846FFF7D6F9B3
:10235000069AA0801046FFF7D1F9059BE080184649
:10236000FFF7CCF920810098FFF7C8F96081019848
:10237000FFF7C4F9A0810298FFF7C0F9E081039844
:10238000FFF7BCF920820498FFF7B8F96082304665
:10239000FFF7B4F9A0825846FFF7B0F9E082504643
:1023A000FFF7ACF920832846FFF7A8F96083484679
:1023B000FFF7A4F9A0834046FFF7A0F94FF480632C
:1023C000E0832384638409B0BDE8F08F2DE9F041F8
:1023D00004460F4601F0E8FC4FF00108054623686B
:1023E00020461B689847064650B9A37A012B1FD197
:1023F0002389ED1A40F6C4139D42C8BFA07217E0AE
:10240000236820465B689847A37AA3B90F2814D1A4
:10241000A4F80A80E37AE2180133DBB2182B1073B8
:10242000E3720AD939462046FFF707FF0023A3725B
:102430003046BDE8F081012BECD02581CFE78279D1
:1024400022B14379012B01D8FFF7C0BF00207047AC
:1024500070477047704700207047704700207047F2
:102460000020704770470020704700207047704779
:102470004FF0B04382B0DA6C0243DA64DB6C0340A5
:102480000193019B02B070474FF0B04382B09A6D48
:1024900002439A659B6D03400193019B02B0704714
:1024A0004FF0B04382B01A6E02431A661B6E0340AF
:1024B0000193019B02B0704750E8003F43F0800356
:1024C00040E80032002AF7D1704750E8003F23F07F
:1024D000200340E80032002AF7D1704750E8003F5F
:1024E00023F0400340E80032002AF7D1704750E85B
:1024F000003F23F0800340E80032002AF7D1704704
:102500000288044B5140C9B233F8113083EA1223D8
:1025100003807047A45601089AB110B4B0F800C007
:10252000084C0A4411F8013B83EA0C03DBB29142E8
:1025300034F8133083EA1C2CA0F800C0F2D110BC90
:1025400070477047A456010837B54FF6FF7304462D
:10255000ADF806304518AC4203D1BDF8060003B013
:1025600030BD14F8011B0DF10600FFF7C9FFF2E7BB
:102570001629A8BF16216FF008008142B8BF014696
:102580001170197070471629A8BF16216FF0080046
:102590008142B8BF0146117019707047044B18880A
:1025A000044B1B8880B29BB2C01A18BF0120704731
:1025B0004E4000204C400020044A00231380044A6F
:1025C0001380044A1380044A138070474C40002053
:1025D0004E40002050420020524200200020704710
:1025E000704700000649074A0B8812880133C3F37D
:1025F000080392B29A421EBF034AD0540B80704720
:102600004636002044360020443400200023A0F841
:102610007032A0F86E3270470023A0F85C32A0F848
:102620005A3270473C4B5A6A037A92B263B183893B
:10263000D31A9BB2B3F5FA7F84BF00230372837A67
:102640004F2B84BF00230372037A8281082B0FD89B
:10265000DFE803F0050E0E0E0E0E0F1B2600EE290E
:1026600001D0C82904D10123837241750623037266
:1026700070473D299FBF837A5A1C1B1882728FBFF7
:102680000023597541720723F1E7827A531C0244F3
:10269000DBB283725175427A9A42E9D20823E6E7A7
:1026A000837A5A1C034482725975C37D162B04D158
:1026B000012380F865300923D9E74369174A03F0FD
:1026C000FF23934203D1012380F86730F3E7144AD4
:1026D00093421CD1837E102B19D1C37E022B08D0CC
:1026E000052B0DD0012BE6D1027EEE2A08BF80F823
:1026F0006A30037EEE2BDED1012380F86B30DAE7FF
:10270000012380F86830037F80F86930D3E7012324
:1027100080F86630CFE700BF0044014000C80028C1
:1027200000C80032044B1888044B1B8880B29BB24F
:10273000C01A18BF012070474636002044360020DA
:102740000278024B51405B5C037070477C42010889
:10275000FF230370704700BF7047B0F86E32B0F8C7
:1027600070229B1A98B21B0444BF00F5006080B22F
:10277000003818BF01207047A0F11400EDE7B0F851
:102780007022B0F86E12914203461FBF81180132C9
:1027900091F87402B3F872121ABF0A40A3F87022BB
:1027A00000207047A0F11400E9E770B50B780370C2
:1027B0004B7843700B78FD2B05460C4638D18B784F
:1027C0008370CB78C3700B7903714B7943718B792C
:1027D00083718B68C3718B68C3F30F2303728B7A89
:1027E00043720A26627804F10C01A8190FF039F837
:1027F0006378B4F80C213344981CEA545A1CB4F89A
:102800000C1192B2090AA954A278D20780B20ED54F
:1028100004F58872054404F58E7452F8041B45F8DB
:10282000041BA242F9D112782A700F3398B270BDFE
:1028300000238B700B7983704B79C3708B79037194
:102840008B6843710626CDE701F003039B0003F17B
:10285000804303F5803310B59C680A0C24EA1141CB
:1028600092FAA2F2B2FA82F202F00F02904008430A
:10287000986010BD38B54A78352A0D46044601F1F6
:102880000C010AD80EF0EDFF68780021C0F1360285
:102890002044BDE838400EF05CBE403551F8043BA2
:1028A00040F8043BA942F9D10B88038038BD38B504
:1028B0004A781B2A0C46054601F10C010AD80EF095
:1028C000D0FF60780021C0F11C022844BDE83840E8
:1028D0000EF03FBE283451F8043B45F8043BA142BA
:1028E000F9D138BD38B54A78082A0D46044601F1B9
:1028F0000C010AD80EF0B5FF68780021C0F109027A
:102900002044BDE838400EF024BEEB6803604B68FD
:1029100043600B7A037238BD38B54A78072A0C46F3
:10292000054601F10C010AD80EF09BFF60780021EA
:10293000C0F108022844BDE838400EF00ABEE36842
:1029400003604B68436038BD08B52C220348002162
:102950000EF0FFFD024B00221A7008BDFC0E002095
:10296000040600202DE9F0411378037092F80180ED
:1029700080F80180FD2B04460F46154654D193780C
:102980008370D378C370137903715379437193794A
:1029900083716B7A127A1B0403EB0223EA791344E6
:1029A00023F07F430A26A26863F31702A260A919E5
:1029B000424604F10C000EF054FF7A7B904507D29A
:1029C00008F10C00A2EB0802002120440EF0C1FD2A
:1029D00063781E44AB195A78AB5D03EB0223A4F86D
:1029E0000C31A378DB070ED5023615FA86F304F511
:1029F000887203F10C0153F8040B42F8040B8B426C
:102A0000F9D11B781370BB7A84F82131FB7A84F8F2
:102A100022313B7B84F823317B7B84F824313B7863
:102A200084F82031BDE8F08100234380937803715E
:102A3000D37843711379837153790626B3E738B598
:102A40004A78132A0C46054601F10C010AD80EF00B
:102A500008FF60780021C0F114022844BDE8384026
:102A60000EF077BD203451F8043B45F8043BA142F9
:102A7000F9D138BD2DE9F04F0C465188B1F58C7F66
:102A8000054685B04FF0000010D31070D91CC9B2B4
:102A9000012995BF01210023518053809CBF2370E1
:102AA00011700020287005B0BDE8F08F16780E2E4A
:102AB00000F2908001A757F826F000BF8D2A000889
:102AC000F92A0008212B00083F2B0008D52B00080D
:102AD000D52B0008D52B0008D52B0008D52B0008D6
:102AE000D52B0008D52B0008D52B0008D52B0008C6
:102AF000D52B0008512B0008481C508063542178C6
:102B0000FD299BB206D10C330A21D3809180022388
:102B10001370C6E708330621D38091800E23F7E7B0
:102B2000481C50806354D80742BFD1880D31D180F2
:102B30000020012B8CBF034603231370B2E7481C0F
:102B4000508000208342635414BF03460E23F4E7F1
:102B5000481C508063545388D1888B4232D3002361
:102B60005380137002232B7069802378FD2B37D19B
:102B700063792B72A3796B72637A227A1B0403EB5D
:102B80000223E27913446B60637803F10C026A80DC
:102B9000A278D10701D519336B8000266968DFF868
:102BA00000816E8140F285120C20B31801335B085E
:102BB00000FB03F758F80770B9421AD25A1EB24206
:102BC000F3D818E092889A423FF66BAF01232B703E
:102BD000002068E7107050809080D0802870F7E760
:102BE000E3782B7223796B7263796B6063780833B7
:102BF000D2E71E46E3D80C27774358F807309942AE
:102C000027D123782046FD2B10F801BF0CBF4FF0D1
:102C10000A094FF0060909EB0B03591E89B2474414
:102C20000193FFF791FC97F804A0ADF80E00514610
:102C30000DF10E00FFF764FC019BE218E35C527893
:102C400003EB0223BDF80E209BB29A4209D0052067
:102C500000E003202870023801288CBF00200120EA
:102C600021E7BB79DA0706D5FA79934582BF04EBF1
:102C700009018A5CAA729B0709D50C2303FB068312
:102C800062781B7A9A4282BF4C44E35CEB720C235D
:102C900003FB068385F80CA05B796B730220DAE7EF
:102CA0007C430108084B5B6A4FF0402202F58063C9
:102CB00053E8003F43F0200302F5806040E8003114
:102CC0000029F3D1704700BF004400400A4A0B4B73
:102CD00012680B49A3FB02323220920C00FB02F275
:102CE000084B486802F5FA72A3FB023292094B685E
:102CF0001B1A9A42FBD870476C02002083DE1B43EC
:102D0000001000E0D34D621008B5FFF7DFFF024B63
:102D10004FF480529A6108BD00040048024B4FF402
:102D200080529A62FFF7D2BF0004004830B587B0E6
:102D3000034601AC00F1100518685968224603C229
:102D40000833AB421446F7D10024094D8DF81440E6
:102D5000A96801A8FDF714FA10B920B207B030BD78
:102D60000134312C05F10C05F2D14FF0FF30F5E7BD
:102D70000400002002780A4B90F801C08178D24309
:102D8000D2B29A5C82EA0C0290F803C09A5C4A4084
:102D9000995C027981EA0C01595C4A40985C704761
:102DA0007C420108028810B58488531C2340448863
:102DB0009C421EBF12189171038010BD411A88B247
:102DC0000B0444BF00F5007080B2704770B5104C22
:102DD0000025234626782EB166788E4202D1A67849
:102DE00096420BD001350C2D04F10404F2D10024DD
:102DF00013F824501DB101340C2CF9D170BD0125FC
:102E000003F8245003EB8403D87059709A70F5E7E7
:102E1000090600202DE9F8430B460D795A7A9E7A6F
:102E2000DF7A204B097A1B5CDB07044600D50DB91D
:102E3000FFF7CCFF00231C491A4898464FF0010EBB
:102E40009C4201F8018B25D02DB90278920702D55A
:102E500001F801EC1EE0154A4FF0000C92F80090CA
:102E6000B9F1000F0FD092F8039099450BD1002EC5
:102E7000EED092F80190B14505D1002FE8D092F83C
:102E80000290B945E4D00CF1010CBCF10C0F02F139
:102E90000402E3D10133DBB2042B00F10100CFD1F6
:102EA000BDE8F88339060020050600200906002049
:102EB00007B503688DF807101B6901220DF10701A2
:102EC000984703B05DF804FBF0B50546FD2305F80F
:102ED0000C3B85B004468DF8043090F8243103F1A2
:102EE0000C020244012B42D80026637066808DF8E4
:102EF00005308B7A23718DF808308B7AADF8066037
:102F000001338B7263798DF80930A3798DF80A301B
:102F1000A368C3F317031A128DF80B3009211B1491
:102F20000DF105008DF80D308DF80C20FFF70CFB2E
:102F30006778ADF802003A4629460DF10200FFF726
:102F4000EBFA94F82311FFF7DBFA94F82421BDF88B
:102F50000230A4F80C31974210D207F10C00D21BBA
:102F60003146204405B0BDE8F0400EF0F2BA12F848
:102F7000010D0028B8D1013BDBB2B3E705B0F0BDCD
:102F800070470000044AD2F8903023F40043C2F89E
:102F90009030FFF79BBE00BF0004005808B5FFF754
:102FA00095FE044AD2F8903043F40043C2F89030C2
:102FB00008BD00BF00040058074B084A5B6A02F5D1
:102FC000006353E8003F43F0200302F5006040E84F
:102FD00000310029F3D17047003801400030014032
:102FE00070B5044608460D46FDF7D4F8236882B252
:102FF000294620461B69BDE87040184708B5FFF711
:10300000EFFF08BDB0F1904F02D10120FFF730BAB9
:10301000084B984205D003F58063984203D1042001
:10302000F4E70220F2E7044B984201D18020EDE75B
:10303000704700BF00040048001C00480C4B984239
:1030400003D14FF40060FFF72BBAB0F1804F05D0E9
:10305000084B984205D14FF40030F4E70120FFF708
:1030600013BA054B984202D14FF48020EBE770472A
:10307000002C014000440140004801402DE9F0438C
:1030800087B00E46054614460021142201A89DF87B
:1030900038809DF83C901F460EF05BFA00960B2C92
:1030A00007D8DFE804F007070A12141414161616DE
:1030B0001A1CFEE70323019301E002230493032F6C
:1030C00011D8DFE807F0111321110123F6E70123DE
:1030D000F1E7012301930393F1E70223EBE70223D6
:1030E00001930123F7E7FEE702230293B8F1100FE3
:1030F0000CD8DFE808F02D2D0C11131517191B1D26
:103100001F21232527292B000123EEE7FEE70123BA
:103110000593022301931EE00223F9E70323F7E757
:103120000423F5E70523F3E70623F1E70723EFE799
:103130000823EDE70923EBE70A23E9E70B23E7E799
:103140000C23E5E70D23E3E70E23E1E70F23DFE799
:10315000B8F1000FDDD1B9F1000F02D02846FFF71A
:1031600051FF053C042C05D8DFE804F0030B0403F1
:103170000B00AE62694628460BF0ACFE07B0BDE816
:10318000F083AE61F6E713B54FF0010C0024CDE9F2
:10319000004CFFF773FF02B010BD000030B587B0E0
:1031A000002315460446ADF80630FFF747FF042D0F
:1031B00004D8DFE805F02E3204363F00FEE71E4B50
:1031C0001E4A1B68B3FBF2F39BB20022CDE9022139
:1031D000013B01A92046ADF80430049205920CF0A1
:1031E000C9F8236823F080032360A36823F4A03385
:1031F00023F00703A360636823F0700363606368D0
:1032000023F470036360A36823F08003A36007B016
:1032100030BD094B0A4A1B68D4E7074B094A1B68B3
:10322000D0E7054B064A1B68B3FBF2F303EB8303BD
:103230005B00C9E70123C8E76C02002080A81201E7
:1032400040420F0000127A0010B50446FFF7A6FFB7
:10325000236843F00103236010BD00224FF0FF31CB
:10326000FFF7F2BF204B10B5204C5B6823600AF0DB
:1032700097FF4FF090400BF0EFFD1D480BF0ECFD79
:103280001C480BF0E9FD1C480CF0AEF81B480CF094
:10329000ABF81B480CF010F80BF07AFF4FF0E0226F
:1032A00000234FF0B0411361536193618A6822F0AB
:1032B000030242F001028A6072B64FF0FF319A00B9
:1032C00002F1604202F561420133082BC2F880101E
:1032D000C2F88011F3D162B6034B1B6883F30888F0
:1032E00023689847FEE700BF0000FF1F000600208C
:1032F0000004004800080048003801400044004035
:10330000003001400749084A881AEFF30883521A2F
:103310001A44013A013B984288BF0022AA210EF0CC
:1033200018B900BF0000012000040000044B5A69D6
:10333000586910F0020018BFC2F38000704700BF48
:10334000000400584FF0B042D2F8943043F40043E8
:10335000C2F894304FF47A7300BF013B9BB2002B4C
:10336000FAD14FF0B043D3F8942022F40042C3F8CE
:103370009420D3F894205204FBD40C4BD3F8902023
:1033800022F40042C3F890204FF47A7200BF013A51
:1033900092B2002AFAD1D3F8902042F40042C3F846
:1033A00090204FF400629A61704700BF00040058FB
:1033B00010B50323052240214FF09040FFF7E3FEB4
:1033C000BDE810400323052280214FF09040FFF715
:1033D000DABE08B5FFF7AAFF003818BF012008BD04
:1033E00008B5FFF7F6FF00B908BD00BFF9E74FF0D9
:1033F000904380229A6240229A6170474FF0904336
:1034000040229A6280229A6170470000024B4FF47A
:1034100080225A60704700BF00E100E010B5134CF5
:103420000323204606220421FFF7ADFE10480323A4
:1034300002224FF40051FFF7A6FE03231A464FF471
:1034400000414FF09040FFF79EFE204603230522E7
:103450004FF48071FFF797FEBDE81040032305226B
:1034600001214FF09040FFF78EBE00BF00040048DE
:10347000000800484FF090431869C0F3C03070470F
:1034800008B5FFF7F7FF00B908BD00BFF9E74FF037
:10349000904301229A624FF48072C3F81824704757
:1034A000044B4FF480729A624FF0904301229A616C
:1034B000704700BF0004004808B510490220FFF71C
:1034C000C3F90F4BD3F8842022F40052C3F88420B0
:1034D000D3F8802022F40052C3F880205A6822F4E6
:1034E00000525A601A6842F400521A60054BD0220A
:1034F00083F829234FF400725A6008BD0300F000DE
:103500000008005800E100E0054B4FF40052DA607B
:10351000D3F8802042F40052C3F88020704700BFE7
:10352000000800580023032202214FF09040FFF7CB
:103530002ABE4FF09043186980F00200C0F34000AB
:103540007047000010B5074C0023204605221021CB
:10355000FFF719FE20460023BDE810400522082190
:10356000FFF711BE0004004805494B691A04DB430C
:1035700002F4801203F0100313438B61704700BF05
:103580000004004805494B691A04DB4302F4002299
:1035900003F0080313438B61704700BF0004004829
:1035A00008B5032200234FF090400221FFF7EBFD06
:1035B000102300204FF090421169890758BF013055
:1035C00003F1FF3358BFC0B213F0FF03F4D1082852
:1035D0008CBF0020012008BD0C4BD3F8FC2022F04A
:1035E0008072C3F8FC20D3F8FC2042F08072C3F84C
:1035F000FC20A3F55D431A6822F001021A601A68E4
:1036000042F001021A6000225A60704700ED00E0AB
:103610000649074B074A1B68B3FBF2F310B54C6829
:1036200043434A68121B9A42FBD310BD001000E0CE
:103630006C02002040420F001FB50223CDE901318A
:1036400001A80123694603930AF014FF00280CBF68
:103650000420052005B05DF804FB014608B50120F3
:103660000AF0C2FE00280CBF0420052008BD08B5E2
:10367000FFF7E2FF031F5842584108BD08B5FFF7A6
:10368000ECFF031F5842584108BD00002DE9F047E8
:10369000294B2A4D01280E4614462949294A0FBFB5
:1036A00079277827AA461D4606BF88469A4690463F
:1036B0000AF04EFE39462846FFF7D9FF28B9002404
:1036C0000AF058FE2046BDE8F087002E08BF4FF4F0
:1036D000FC64073424F0070405F11007B1463444B4
:1036E000AAEB050AA1450BD14FF011324FF0FF3381
:1036F0002846FFF7C3FF041E18BF0124A400DFE71C
:103700006EB90AEB0703D3E90023B3F1FF3F08BF0B
:10371000B2F1FF3F06D1083709F10809E2E7D9E91C
:103720000023F2E7B84505D93846FFF7A7FF002880
:10373000F1D1C4E70324C3E700C0030800C80308AD
:10374000FFCF0308FFC7030810B50AF001FE0948C0
:103750007821FFF78CFF044638B107487921FFF73D
:1037600086FF041E18BF0124A4000AF003FE2046B1
:1037700010BD00BF00C0030800C8030830B5084DE5
:10378000002340F2EF749AB2914201D8042030BD78
:10379000A34203D05A5DC2540133F4E70320F6E795
:1037A00010C0030838B504460D4672B60A460146F5
:1037B0000020FFF76BFF62B6042806D172B6012025
:1037C0002A462146FFF762FF62B638BD38B5124B74
:1037D0001C68D3F80058B4F1113F09D1B5F1113F7D
:1037E00017D0002211460120BDE83840FFF74EBF38
:1037F000B5F1113F03D1002211461046F4E7FFF75F
:10380000A3FF042804D12C4001340CBF0220012066
:1038100038BD0420FCE700BF00C00308044B9A68D1
:103820009107FCD518739A68D207FCD5187B7047AE
:103830000000015870B50C46451E8E18B44200D1E8
:1038400070BD15F8010FFFF7E9FF04F8010BF5E76C
:10385000084611461A46FFF7EDBF000070B5064E48
:1038600004464518A54200D170BD3078FFF7D6FF59
:1038700004F8010BF6E700BF50020020084611468D
:10388000FFF7ECBF38B504464518AC4200D138BD4F
:1038900014F8010BFFF7C2FFF7E708461146FFF7E0
:1038A000F1BF000010B58CB02822002102A80DF055
:1038B00050FE4FF0B0431C4C5A6E42F001025A6663
:1038C0005B6E03F001030193019BFFF73BFD0822B0
:1038D00008924FF48272002303924FF40072CDE9F4
:1038E0000533CDE909330293079207234FF4E062D1
:1038F00002A920460B9304920BF002FD636823F0AB
:1039000010036360636823F008036360236843F077
:1039100040032360A3689B07FCD5237B034BFF2256
:103920001A700CB010BD00BF0000015850020020FA
:10393000034B18739A68D207FCD5187B704700BFF9
:103940000030014038B5441E8D18A94200D138BD61
:1039500014F8010FFFF7ECFF01F8010BF5E708463B
:1039600011461A46FFF7EEBF38B5064D044601442E
:10397000A14200D138BD2878FFF7DAFF04F8010B27
:10398000F6E700BF5102002008461146FFF7ECBFE2
:1039900010B5014404468C4200D110BD14F8010B4F
:1039A000FFF7C6FFF7E708461146FFF7F1BF000033
:1039B00070B58CB02E4C2822002102A80DF0C9FD54
:1039C0004FF48050FEF76CFD01460323204606228B
:1039D0004FF48056FFF7D7FB0125A6610624CDE9F9
:1039E000004503230A2220214FF09040FFF746FBB9
:1039F000CDE9004503230A2231464FF09040FFF7FE
:103A00003DFB03231A46CDE900454FF400614FF01A
:103A10009040FFF733FB0822164C08924FF4827255
:103A2000002303924FF40072CDE90533CDE9093349
:103A30000293079207234FF4E06202A920460B93FA
:103A400004920BF05DFC636823F01003636063680D
:103A500023F008036360236843F040032360A368F6
:103A60009B07FCD5237B044BFF221A700CB070BD62
:103A70000004004800300140510200201B4B10B4EC
:103A8000DC69A00611D51A6891060ED518481949A7
:103A90005A6A038809880133C3F30A0389B2994239
:103AA0001FBF1549D2B2CA54038010481F232206F3
:103AB000036215D503681B0612D5104B104A1988EE
:103AC000138889B29BB299420CD013880133C3F397
:103AD0000803138013880B4A9BB2D35CDBB283626A
:103AE00010BC704710BCFEF702BD00BF003801409B
:103AF0004E4000204C4000204C3800205242002014
:103B000050420020504000200A490B4A08B50B885B
:103B100012880133C3F3080392B29A4207D0074ACE
:103B2000D05407480B80FEF7C7FC012008BD0020D9
:103B3000FCE700BF524200205042002050400020CD
:103B40000038014038B504464518AC4200D138BDB4
:103B500014F8010BFFF7D8FFF7E708461146FFF707
:103B6000F1BF0000054B064A1B8810880133C3F3E0
:103B7000080380B2181A18BF012070475242002073
:103B80005042002008B5FFF7EDFFB0FA80F0400981
:103B900008BD0000054B064A1B8812889B1A98B284
:103BA0001B0444BF00F5006080B270474E40002007
:103BB0004C400020FFF7EEBF0848094A01881388EF
:103BC00089B29BB29942F9D013880133C3F30A0337
:103BD00013801388034A9BB2D05C70474E4000208C
:103BE0004C4000204C380020FFF7E6BF70B588B08D
:103BF0000C46064615460021202268460DF0A9FC19
:103C0000231E18BF01231B03CDE9023569460C238F
:103C100003480196049405930BF00AFC08B070BDAC
:103C20000038014010B5064C236823F001032360DF
:103C3000FFF7DCFF236843F00103236010BD00BFE2
:103C400000380140002208461146FFF7EBBF000094
:103C500073B5304C236823F0010323600825012647
:103C60004FF48040FEF71CFC4021CDE900562A4865
:103C700003230A22FFF702FA03231A46CDE900566E
:103C800025488021FFF7FAF9002211464FF4E13070
:103C9000FFF7ACFF636823F490436360A36823F0ED
:103CA0002A03A3601D4BB02283F8242310225A60FC
:103CB0002046FEF71CFCFEF711FC40232362184B44
:103CC00000211980174B1980FEF7FFFB164B198056
:103CD000164B1980636823F400636360A36823F0C4
:103CE0000803A360636823F480436360A36823F040
:103CF0002203A360A36843F48053A3602368334383
:103D00002360E3699A02FCD5E3695B02F9D502B04E
:103D100070BD00BF003801400004004800E100E031
:103D200050420020524200204C4000204E400020D3
:103D300008B5FFF78DFFBDE80840FFF73DB9FFF775
:103D4000F7BF0000024B1A68024B1A60704700BFB1
:103D500064420020100C0020054A064B19681368C5
:103D600099421DBF0133012013600020704700BF3E
:103D7000100C002064420020034A044B11681B7899
:103D80000B441360704700BF6442002070020020A3
:103D9000014B1868704700BF644200200148FFF7DC
:103DA0005CBA00BF00440140014B586A80B27047C2
:103DB0000044014008B5FFF7F1FFBDE80840FFF7F8
:103DC000C1BF0000044BDA6822F00202DA606FF033
:103DD00002021A61704700BF00440140002208B58A
:103DE0000260FFF7EFFF044BF02283F81C234FF033
:103DF00080521A6008BD00BF00E100E008B503680A
:103E000053B1FFF7DFFF054B5A6A114489B259637A
:103E1000DA6842F00202DA6008BD00BF00440140E7
:103E2000074B1A69920709D56FF002021A61DA6826
:103E300022F00202DA60034B1B681847704700BF8C
:103E400000440140403400202DE9F0411E4CDFF8D1
:103E50007C80C4220021201D0DF07BFB06260F2351
:103E6000A380324643234146A01926806680FDF791
:103E7000BBFD174A1123C4E913233F230025012763
:103E8000A4F8583032464323414604F15A00A4F8BE
:103E90004A706565FDF7A8FD4FF480330D49C4F8FD
:103EA000A03004F1B000C4E92A55A4F89E7084F84B
:103EB000A4500DF0CEFC7F2384F8C530052384F890
:103EC000C630BDE8F08100BF38050020E03A0108A7
:103ED0000F000300DC26010870B5094E05460C46AC
:103EE000415C30460DF04CFB034628B1831B013387
:103EF000DBB2282B28BF0023F35C2B5570BD00BF1D
:103F00005042010870B50C46114606460DF0A1FC62
:103F100044B10025052130460135FFF7DDFFEBB246
:103F20009C42F7D870BD000073B5054605F1110637
:103F30001F4C204A014636016846FFF7E3FFB01CDC
:103F4000694620440DF085FC264404EB051100234E
:103F500002227272A1F81A31142101FB05400125D9
:103F60004FF00111C0E91351A1F1FF21416540F269
:103F70000111A0F84A20A0F858104FF48070A062F8
:103F80004FF4007084F83430E284A08584F82E5019
:103F900084F8302084F83330C4F83A30C4F83E3026
:103FA000C4F84230A4F84610A4F8481002B070BD1E
:103FB0007C0300209C2601082DE9F3410546A54C11
:103FC000A54A05F111074FEA07180E460146684653
:103FD000FFF798FF08F10200A04469462044FDF76E
:103FE00025FC98F80930072B84BF022388F8093094
:103FF00004EB0710994B427A198841FA02F2D20772
:1040000010D40222427269B14807C1F3800209D478
:1040100041FA02FC1CF0010FD0B200F0A68104EBC3
:104020000712507204EB0512280192F81A110529A3
:1040300002D9002182F81A1104EB000C59889CF86F
:104040001A2141FA02F2D20713D401228CF81A2164
:1040500079B111F0020FC1F340020AD141FA02FE18
:104060001EF0010F5FFA82FC00F08481221882F8B2
:104070001AC1221892F81B11032902D9002182F8D3
:104080001B1104EB07177A7A012A03D9042A01D0FD
:1040900000229A802718998897F81B2141FA02F28A
:1040A00012F001020FD187F81B2161B111F001025A
:1040B00009D141FA02FC1CF0010FD7B200F05F8178
:1040C000221882F81B71002E40F09F81142202FBFF
:1040D000054191F84A60052E02D9022681F84A600E
:1040E00002FB054292F84B10042902D9002182F804
:1040F0004B10142202FB0542B3F84A1092F84B60B1
:1041000041FA06F6F60712D4012682F84B6071B127
:104110008E07C1F340020AD441FA02F7FF07D6B274
:1041200040F13281142202FB054282F84B601422D6
:1041300002FB054292F84C10032902D9012182F8B2
:104140004C10142606FB0546B3F84C1096F84C208C
:1041500041FA02F212F0010210D186F84C2069B146
:1041600011F001020AD141FA02F7FF07D6B240F17D
:104170001081142202FB054282F84C60142202FBDB
:10418000054292F84E10012902D9002182F84E1002
:10419000142606FB0546B3F84E1096F84E2041FA59
:1041A00002F212F0010210D186F84E2069B111F02E
:1041B00001020AD141FA02F7FF07D6B240F1EE80C0
:1041C000142202FB054282F84E60142202FB0542D3
:1041D00092F84F10042902D9002182F84F101426BA
:1041E00006FB0546B3F8502096F84F1042FA01F14D
:1041F00011F0010110D186F84F106AB112F00101DF
:104200000AD142FA01F7FF07CEB240F1CC80142167
:1042100001FB054181F84F60142101FB054191F834
:104220005160032E02D9002681F85160142707FB44
:104230000547B3F8526097F8511046FA01F111F0B2
:10424000010119D187F85110B6B116F0010113D14F
:1042500006E000BF7C0300209C26010838050020F2
:1042600046FA01FC1CF0010FCFB200F0A18014212E
:1042700001FB054181F85170142101FB054696F8B8
:104280005070022F02D9012786F8507001FB0541BA
:1042900091F85460022E02D9012681F8546014214D
:1042A00001FB054696F84D70022F02D9002786F8CB
:1042B0004D7001FB054191F85260012E02D9012693
:1042C00081F85260142101FB054696F85570012FC4
:1042D00002D9012786F8557001FB054191F853601A
:1042E000022E02D9002681F85360142707FB0547E8
:1042F000B3F8566097F8531046FA01F111F0010136
:1043000010D187F853106EB116F001010AD146FAA8
:1043100001FC1CF0010FCFB24FD0142101FB05416D
:1043200081F85370142101FB054696F856700C2F46
:1043300002D9002786F8567001FB054191F84C60C0
:10434000012E08D191F84F60042E04D1D70738D53B
:10435000002281F84F20142202FB054292F84F10F0
:10436000A1BB92F85120012A35E00132102A7FF4D6
:104370004FAE57E60132102A7FF470AE79E6013273
:10438000102A7FF496AE9EE60132102A7FF4C4AE66
:10439000CDE60132102A7FF4E6AEEFE60132102AB4
:1043A0007FF408AF11E7013110297FF42AAF33E71A
:1043B000013110297FF454AF5EE701311029A6D1F5
:1043C000B0E712F0040218BF0222C2E701290AD1A5
:1043D00092F85120022A01BF142202FB054200215B
:1043E00082F8511007E0022903D192F85120032AE4
:1043F000F1E70329B5D0142202FB0542012182F81E
:10440000571040F20111A2F8581094F82620052AFE
:1044100002D9022284F8262094F82720042A02D9FF
:10442000002284F82720B3F89E1094F8272041FA40
:1044300002F2D7070ED4012284F8272051B18E074B
:10444000C1F3400206D441FA02F7FF07D6B244D5C1
:1044500084F8276094F82820022A02D9002284F8E0
:10446000282094F82920022A02D9012284F8292040
:10447000B3F8A01094F8292041FA02F212F00102D8
:104480000CD184F8292049B111F0010206D141FA7A
:1044900002F7FF07D6B224D584F8296094F82A20C1
:1044A0000C2A02D9002284F82A2094F832200C2AFF
:1044B00002D9002284F8322094F82B20042A02D951
:1044C000002284F82B2000224749164611F9017F6B
:1044D00017F1780F09DA0E7009E00132102AB2D113
:1044E000B8E70132102AD2D1D8E7782FF3DC0132B5
:1044F000D2B20C2AEAD13D490022012611F8017FEF
:104500000132022FD2B288BF0E70042AF6D194F87D
:104510003420022A02D9002284F83420B3F8A220E1
:1045200094F8343042FA03F313F001030CD184F809
:1045300034304AB112F0010306D142FA03F6F6070D
:10454000D9B211D584F8341094F82C30022B02D94A
:10455000002384F82C3094F82D30032B08D80AD18E
:10456000002384F8343006E00133102BE5D1EBE76B
:10457000022384F82D3094F82E30022B02D9012327
:1045800084F82E3094F83030022B02D9022384F8BC
:10459000303094F833300C2B02D9002384F83330B8
:1045A00094F83530042B02D9002384F83530104BB1
:1045B00018444FF6FF71A0F820111421FF2201FBCF
:1045C000053183F82F2083F831204FF0FF32C0F8F7
:1045D0001C211A629A84A1F85A20A1F85C20DA867C
:1045E0001A8702B0BDE8F081B5030020C1030020A6
:1045F0007C0300200021FFF7DFBC01210020FFF732
:10460000DBBC0000034670B50846052B04D8DFE884
:1046100003F01D0421191D21FEE720261F250F226E
:10462000184CA3702277013B0122A4F84C60A4F837
:104630004E50A276A273042B10D8DFE803F01019B5
:104640001C1C190009266F250722E9E714263225CC
:104650000A22E5E7352613251922E1E7FEE70023C4
:1046600023712374FDF726FC04236073637670BD09
:1046700022712274F6E7002323712374A376A373B7
:10468000F0E700BFFC020020012803D002280FD071
:1046900088B1FEE702460021084B83F8550083F8F5
:1046A000582083F8562083F8591083F85710704724
:1046B00000220121F0E701221146EDE7FC02002073
:1046C0002DE9F0439D4D9E4C00F1110805EB0817B4
:1046D00002378BB006463846FDF7C4F80421009037
:1046E0006846FDF731FF05EB0613E08393F81B31B5
:1046F0004FEA06192BB103EB031303EB0323184412
:10470000E08305EB08135B7A062B40F0EF80E38B28
:1047100003F5B5432533E383142303FB065305EB6D
:10472000081893F84B00FFF7AFFF98F80910617075
:104730008B1FA944012B8CBF0023012399F81A0178
:1047400084F85A30FFF75EFF99F81B21E18B009B3C
:10475000E1806182A36063612AB14FF0113000FBF8
:104760000233A3606361142303FB0653616293F871
:104770004A00744B84F8292013F9203023732376E0
:10478000002384F82A30637B23B93846FDF78AF882
:1047900084F82A006078FDF78DFB6B4A84F82800C6
:1047A000128802F00101970748BF41F00201A1857C
:1047B0000346500742BFA18D41F00401A1851107B6
:1047C00042BFA18D41F01001A185D70642BFA18D46
:1047D00041F02001A185900642BFA28D42F008025F
:1047E000A2855A4A01AF02F1200E10685168BC46FA
:1047F000ACE80300083272456746F6D11068CCF881
:104800000000A278524F06210AA801FB03031344BB
:1048100013F824CC84F820C017E90F0087E80F00B4
:10482000012384F85A30042384F83830022384F8B2
:104830003030BCF1010F40F2E243A4F850305DD9B2
:104840004FEA5C07604684F85470FCF7A9F94FF012
:104850007F51FCF7F9F9FCF7F9FB042FC0B2A4F87B
:10486000520002D8052384F85430B4F84C204FF499
:104870007A73B3FBF2F3A4F84030142303FB06531E
:1048800093F85030002B3DD0022B14BF4FF4E1338E
:104890004FF461336364142303FB065393F85430DD
:1048A0009BB3022B14BF4FF4E1334FF46133A36485
:1048B000002384F85B3084F85D30142303FB065634
:1048C00096F84C30032B03D096F84F20042A02D1DF
:1048D000012284F85B20591E4A424A4184F85C2038
:1048E00094F85B20A2B1012B12D1FEE7072B7FF4D5
:1048F00013AFE38BA3F5B543263B0CE70323A4F8E2
:104900005230AFE74FF46143C4E74FF46143CEE761
:104910002178142000FB015595F84C10022907D18D
:10492000012184F85D1022B194F85D301BB1FEE7DF
:104930000AB9012BF8D00BB0BDE8F0837C0300204E
:10494000FC020020E03A010838050020D4240108C8
:104950002C03002002484FF4DE72FF210CF0F9BD59
:104960007C03002002484FF4DE71FEF71BBF00BF3E
:104970007C03002002484FF4DE71FEF7FFBE00BF4B
:104980007C03002008B5FFF7F5FF034B1878BDE85E
:104990000840FFF72FBE00BFFC020020F8B5FFF76C
:1049A000D9FFFEF713FF04280CD0FFF7D3FFFEF763
:1049B0000DFF042803D1FFF7DDFF042806D0FFF721
:1049C000C9FF03E0FFF7D6FF0428EED14F49504856
:1049D0004F4C10220CF0E1FD38B14E491022204618
:1049E0000CF0DBFD08B1FFF7B5FFA38A42F6A10288
:1049F000934266D042F6A002934258D80021444B1D
:104A0000022504260F46012093F84F20012A1ED0CC
:104A1000022A1FD00ABB93F85020042A20D0052A6E
:104A200020D0033A18BF012201310A2983F850200F
:104A300083F8540003F11403E6D194F82C30042BCE
:104A400012D0052B31D0002384F82C300EE083F8EF
:104A50004F50E0E783F84F60DDE783F84F70DAE707
:104A60000122E1E70222DFE784F82C0042F6A103ED
:104A7000A382012522692549254842F6A2039A42CC
:104A80004FF010021CBF236101250CF086FDD0B150
:104A90001E491F481022FDF725F81F491F4808220C
:104AA000FDF720F8FFF75EFF0FE00223CCE70025BB
:104AB000E8B20135FFF738FA0A2DF9D10023E37780
:104AC000D4E70025D6E7002DECD1E37F104A092B6F
:104AD00084BF0023E377E17F1420002300FB01441F
:104AE000013394F84C0082F84C000A2B02F11402B6
:104AF000F6D10B4C2170FFF7A7F92078FFF77AFD6C
:104B00002078BDE8F840FFF7DBBD00BFA326010811
:104B10007C030020B4260108C52601082E050020CC
:104B2000FC0200200129F7B5054600D9FEE70B4E2F
:104B300006EB01131C460F016278F15D03619B785F
:104B40000AF088FFE3790193A379009322796379CE
:104B5000E17828460AF0A5FF03B0F0BDC45801086B
:104B6000836810B5044603B9FEE70A781A7000217D
:104B70000AF032FF4FF47A70FEF74AFD2046012119
:104B80000AF041FFA36820461978FFF7CBFF10BD5C
:104B900038B5836804466BB1024652F8183BDD69AC
:104BA00000F11903A847217E20460222BDE83840C3
:104BB0000AF0D9BF38BD000070B58160897A86B02F
:104BC000044601B101210AF01EFF20460BF09DF8BA
:104BD00020460BF075F8217BFF2903D0FA222046EE
:104BE0000BF07AF8A3685B7A013B042B04D8DFE86A
:104BF00003F0043E3E414100FEE7E922E121204668
:104C00000BF0A8F8012120460BF037F8962120463A
:104C10000BF074F8382120460BF086F820460BF094
:104C20008BF8A368204693F90810FFF7B1FFA3683B
:104C30009D7A15B319782046FFF774FF00221146BC
:104C400020460AF0FAFE0023009340F20322204699
:104C50004FF6FF710AF054FF20464FF6FF710AF03D
:104C600076FF204606B0BDE870400BF016B8DB2298
:104C7000D721C4E76F226B21C1E75E880E4B6361C9
:104C80004CF25033009320460C4919230B220BF0B1
:104C90006FF80123CDE903335B23CDE901531023E2
:104CA00019462046009504220BF0A0F83146204614
:104CB0000BF0C0F8C2E700BFA4580108A0860100AD
:104CC00038B504461D4613460A4600210AF02EFE5A
:104CD00020464FF6FF710AF03AFFA9012046BDE8D1
:104CE00038400AF04DBF10B54FF6FF7104460AF088
:104CF0002EFF20460021BDE810400AF05CBF10B531
:104D000004460AF0CAFF20464FF6FF71BDE8104086
:104D10000AF01DBF836873B50D46144623B981227E
:104D20000A70237002B070BD9E7A0DF10601B6B113
:104D30000AF05CFF94F90030002B04DABDF806207D
:104D40001344ADF80630BDF90630002B0BDB4FF6EF
:104D5000FF73ADF80630BDF806302B70E2E70BF0BC
:104D60007AF82670EFE77F33F5DA4FF68173F0E7D4
:104D700038B58168036891F90810DD69044600F1CF
:104D8000190300F11802A847A3689A7A42B11A7869
:104D9000012A00D9FEE7044B03EB0213236138BD5F
:104DA000024B6361FBE700BFC4580108A458010827
:104DB00010B50A4CA06858B1236923B9636913B9C7
:104DC0002046FFF7D5FFA3689B7A23B12369986833
:104DD000A0F57A7010BD63699869F9E70433002083
:104DE000836810B5044683B103691BB943690BB9E5
:104DF000FFF7BEFFA3689B7A1BB12369B3F90C00D0
:104E000010BD6369B3F91C00FAE71846F8E7836838
:104E100010B5044643B103691BB943690BB9FFF7E9
:104E2000A7FF94F9190010BD1846FCE708B5836880
:104E300043B9FFF7C1FE7D20FEF7EAFBBDE808405D
:104E4000FEF7E4BA08BD08B5836843B9FFF7B4FEBE
:104E50007D20FEF7DDFBBDE80840FEF755BB08BD31
:104E6000F8B504460846202811461D46BDF818C06E
:104E70009DF81C209DF8203000D9FEE7052DA57176
:104E800000D9FEE72B4F57F8356006B9FEE707EB70
:104E9000C507A6603E797F7927730027E67184F8FD
:104EA000D550A4F80EC084F8D470BCF1000F00D126
:104EB000FEE786429CBF06F1FF36F0B2052D607416
:104EC0002DD0012D32D802F1FF35EDB21DD0022DCB
:104ED00016D85D1E032D0DD80C2801D90C2565743C
:104EE000657C854200D960742046FCF73AFF0023B8
:104EF0002374F8BD122884BF122363740023EFE7E4
:104F0000042B88BF00230022EEE7022D04D80C28D2
:104F100003D90C23637400E000220023E4E7531E4E
:104F2000022BF9D80828F8D90823F3E72046FCF724
:104F3000BFFEDCE7B03A010890F8D43053B190F8E6
:104F4000D520074B03EBC20153F83230497953F8AF
:104F500021007047037C00EB8300406B704700BF6B
:104F6000B03A01082DE9F3419DF824701646402F10
:104F700088464FF05B024FF0000104461D4628BFF3
:104F800040270CF0E6FA904BDB8B23803278A37835
:104F900062F30203A3707178C90001F00801DBB26B
:104FA00003F0070341EA08111943A1707279E3780D
:104FB00062F30003E370B279637962F3861363717D
:104FC00096F90200FCF75FFBE37860F34703E370B8
:104FD000F279237962F300032371327A62F3460394
:104FE00023713279DBB202F0010203F07F0343EA5E
:104FF000C213237132796379C2F3450223F03F0370
:1050000013436371A37967F34703A3712B78AA78DD
:10501000E3716B7802F01F0203F0070343EAC20357
:1050200023726A88637AC2F3451223F03F03134365
:1050300063722A79DBB202F0030203F03F0343EA12
:1050400082136372AB88C3F38703A3726A79E37A2E
:10505000C2F3800223F001031343E372AA79DBB2A7
:1050600002F07F0203F0010343EA4203E372EA889D
:10507000237BC2F3C31223F00F03134323732B7A52
:10508000AA7AE3736B7A02F01F0203F0070343EA84
:10509000C20323746A89637CC2F3451223F03F0381
:1050A000134363742A7BDBB202F0030203F03F0375
:1050B00043EA82136374AB89C3F38703A3746A7BE7
:1050C000E37CC2F3800223F001031343E374AA7B61
:1050D000DBB202F07F0203F0010343EA4203E37410
:1050E000EA89237DC2F3C31223F00F031343237510
:1050F0002B8ADB0863756B8ADB08A375AB8ADB0838
:10510000E375EB8ADB0823762B8BB3F5C06F4ED2A9
:10511000B3F5007F94BF00230123227B63F30512C4
:1051200022736B8BB3F5C06F43D2B3F5007F94BF8E
:1051300000230123227B63F387122273AB8BB3F529
:10514000C06F38D2B3F5007F94BF00230123227DC6
:1051500063F305122275EB8BB3F5C06F2DD2B3F557
:10516000007F94BF00230123227D63F38712089BF5
:1051700022751F4404F11802BB4220D14FF6FF7381
:1051800021460DF106000D22ADF80630FDF7C4F9F9
:105190002146BDF8063021F80D3F4C22FDF7BCF941
:1051A000BDF80630A4F8593002B0BDE8F081022302
:1051B000B3E70223BEE70223C9E70223D4E713F8CB
:1051C000011B02F8011FD7E7FC02002013B59DF870
:1051D0001040CDE9003413460A460021FFF7C2FE15
:1051E00002B010BD13B5144B0288DB8B9A42044603
:1051F0001DD1837803F0F003102B01D0202B18D1A0
:10520000A379A52B15D84FF6FF730DF1060059228F
:105210002146ADF80630FDF77FF9B4F85900BDF826
:105220000630C01A18BF0120800002B010BD012056
:10523000FBE70220F9E700BFFC02002030B53A4B43
:10524000027893F8261061F30302027093F8271096
:1052500061F30712027093F82810427861F3030299
:10526000427093F8291061F30712427093F82A10E4
:10527000827861F30302827093F83210827961F3CD
:105280000302827193F82B10827861F30712827007
:1052900093F83410C27961F30302C27193F82C10B1
:1052A000C27861F30302C27093F82D1061F3071204
:1052B000C27093F82E10027961F3030202714279F1
:1052C00093F8301061F30302427193F8331082793E
:1052D00061F30712827193F83510C27961F30712F6
:1052E000C27103F1390100F10A0200F1160411F94B
:1052F000015F02F8015FA242F9D193F84610C27D26
:1053000061F30102C27593F8471061F38302C2751D
:1053100093F8481061F30512C27593F8493063F3AE
:105320008712C27530BD00BF7C0300200278344B69
:10533000C2F3030230B583F826200278C2F30312C9
:1053400083F827204278C2F3030283F828204278AA
:10535000C2F3031283F829208278C2F3030283F890
:105360002A208279C2F3030283F832208278C2F3C2
:10537000031283F82B20C279C2F3030283F834208E
:10538000C278C2F3030283F82C20C278C2F303125E
:1053900083F82D200279C2F3030283F82E2042798C
:1053A000C2F3030283F830208279C2F3031283F838
:1053B0003320C279C2F3031283F8352003F1390197
:1053C00000F10A0200F1160412F9015F01F8015F11
:1053D000A242F9D1C27DC2F3010283F84620C27D08
:1053E000C2F3810283F84720C27DC2F3011283F821
:1053F0004820C27DC2F3811283F8492030BD00BF2E
:105400007C0300201FB58DF80C300123019303AB02
:10541000009313460A460221FFF7A4FD05B05DF88C
:1054200004FB0000F0B5274D012385F8A4300446A5
:1054300085B0B0F80900FCF7FCFAC5F8A800B4F88C
:105440000B00FCF7F6FA1422C5F8AC0004F10D01CC
:1054500005F1B000FCF758FB94F9213085F8C53010
:1054600094F8223085F8C63004F12300FFF75EFF80
:105470006E4604F1410304F1510718685968324639
:1054800003C20833BB421646F7D1432308220E4815
:105490006946FCF751FA94F85130A5F89E3094F81B
:1054A0005230A5F8A03094F85330D5F8AC20A5F8C8
:1054B000A23042F6A1039A4201D0FFF79EF805B050
:1054C000F0BD00BF38050020920500202DE9F0470F
:1054D00092B00DF108084FF0400905460E461746F8
:1054E00000214A4640460CF034F8222342F6A2003E
:1054F0008DF80830FCF78CFADFF880A0ADF8440096
:1055000042F6A100FCF784FA1D4C9AF80010ADF8A1
:10551000460004EB01110DF10A00062201F5897124
:10552000FCF7E0FA9AF8001004EB011205A892F8D3
:105530001A3192F8194103F00F0304F00F0444EA02
:10554000031492F81B3103F00F0344EA0324BDF85F
:10555000103023F47F6323F00F031C43ADF8104099
:10556000FFF76CFECDE900893B4632460221284612
:10557000FFF7F8FC12B0BDE8F08700BFFC02002086
:105580007C030020034B04491A68044801FB020015
:1055900018607047400600200D6619005FF36E3CEE
:1055A00038B50B4A0B4D13782C78A34205D1013343
:1055B0002B70287800F0010038BD1470FFF7E2FF6F
:1055C0006FF0004398423CBF01342C70F1E700BFFC
:1055D0003D0600203E0600200B4A0C4912688260FE
:1055E0000A6802614A680A4942610A6882614A6837
:1055F000C26100234EF6602283808371838103841D
:1056000002600385704700BF64420020CB2601087A
:10561000D426010810B50E4C94F8563013B994F8FE
:1056200058301BB10B490C48FFF79AFA94F85730E1
:1056300013B994F859301BB108490948FFF790FA9B
:105640000548FFF75CFB0648FFF759FB10BD00BF9C
:10565000FC02002000030020043300200C03002083
:105660002033002038B51D4D0446A87869780528F8
:1056700028D14FF6FF732385FEF7C4FF6B78012214
:105680009A40238D23EA0203238515491548FFF725
:10569000CDFB15491548FFF7D6FB1248FFF72FFB46
:1056A0001248FFF72CFB0F486FF07F01FFF770FAED
:1056B0000E486FF07F01FFF76BFA2046BDE83840D7
:1056C000FFF7A8BF002323850220FEF79BFF6A781F
:1056D00001239340228D13439BB2D5E7FC020020A7
:1056E00000030020043300200C030020203300209E
:1056F00008B590F8203002468BB9FDF71AFF10B9B3
:1057000082F8210008BD92F8213001335BB2312BC1
:1057100082F82130F6DD012382F82030F2E7FDF730
:1057200008FF18B1322382F82130EBE792F82130DC
:10573000013B5BB2002B82F82130D8BF82F82000F9
:10574000E0E70000134B90F820201B68CAB1826884
:105750009B1AB3F57A6F01D9012343710379ABB179
:105760000D4B427B1B781AB1022B1CBF0322027324
:105770009A1E534253414373837953B103230373F6
:1057800070478360EAE701230371F8E74379002B50
:10579000F9D17047644200201D0700200346007BBA
:1057A000821E012A4FF0000202D893F8201009B996
:1057B0001A7370471046704770B51D4C1D4E054654
:1057C0005B22002120460BF0C4FE2B6923606B692D
:1057D0006360194B194D1B7831789A1E534253411F
:1057E000627A05EB011163F30002627201F58971BF
:1057F000062204F10A00FCF775F9337805EB031271
:1058000005EB031592F81B1195F8193192F81A213E
:1058100003F00F0343EA02132374637C204661F311
:10582000030359216374FCF78FFEA4F8590070BD7F
:1058300085330020FC0200201D0700207C0300208F
:105840000A4A38B5138801339BB2502B04460D46E3
:1058500001D8138038BD002305491380FDF7C0FB34
:1058600029462046FDF7BCFBF4E700BF140C0020DE
:10587000302801082DE9F84F154604460F466B49BC
:105880006B4EFDF7ADFB29462046FDF7A9FB694BA2
:105890000022012F1A800FD11023B362082746F28D
:1058A000A810B761FDF7B4FEB762FDF7B1FE294657
:1058B0002046FFF7C5FFF2E7BB1E08220C2B00F2C3
:1058C000A880DFE803F03141521C07A6A6A6626259
:1058D00062626200564E4FF008081027C6F8188022
:1058E00046F2A810B762FDF793FEC6F82880B761AC
:1058F000FDF78EFE29462046FFF7A2FFEDE74C4E4E
:105900004FF008081027C6F8188046F2A810B761B3
:10591000FDF77EFEC6F82880B762FDF779FE2946BE
:105920002046FFF78DFFEDE7B262414E102746F2A9
:10593000A810B761FDF76CFEB762FDF769FE294656
:105940002046FFF77DFFF2E71023B361384E0827AA
:1059500046F2A810B761FDF75BFEB762FDF758FE8F
:1059600029462046FFF76CFFF2E7B261304E102760
:1059700046F2A810B761FDF74BFEB762FDF748FE8F
:1059800029462046FFF75CFFF2E7A7F1090BDFF895
:10599000A0805FFA8BFB00264FF0080A5E453CBFF3
:1059A0001023C8F818304FF0040946F2A810C8F8C0
:1059B00018A0FDF72DFEC8F828A0FDF729FE09F173
:1059C000FF3929462046FFF73BFF19F0FF09ECD1CC
:1059D0001023C8F828304FF0040946F2A810C8F880
:1059E00018A0FDF715FEC8F828A0FDF711FE09F173
:1059F000FF3929462046FFF723FF19F0FF09ECD1B4
:105A00000136A7F10803F6B2DBB2B34238BF002675
:105A1000C4E71023B261B3614CF25030FDF7F8FDDA
:105A200029462046FFF70CFFF6E700BF30280108A3
:105A300000040048140C002010B5437802789A4204
:105A40001BD0052B8ABF052303700370027888BF23
:105A500043700A4B0A4813F922100A4C83682173D9
:105A6000217613B11972FFF793F80748836823B1C1
:105A700094F918101972FFF78BF810BDE03A01087D
:105A800004330020FC0200202033002010B50AB9A6
:105A9000437010BD541E0B2CFBD80332D2B231F927
:105AA0001220C83A03FB022240F2716192FBF1F22C
:105AB00012B222EAE2729A42C8BF1AB24270E8E712
:105AC0002DE9F047DDF82080204E0F461D460446A4
:105AD0009146FDF765FD1E491E4B002830D0022F70
:105AE00027D8002F0CBF304608461A46012DC4E9BE
:105AF000000228D0023D012D154A88BF0022C4E9CA
:105B00000513154BE3610368A2600022C4E9032674
:105B10009B6849469847A06818B1036841469B684E
:105B2000984760680368BDE8F0479B684FF4E1312F
:105B30001847032F15BF304618461A463246D5E798
:105B400018463246D2E7014AD9E700BF5C0200207E
:105B500064020020600200206802002010B40C469D
:105B6000014620B90348224610BC09F006BF02488E
:105B70000021F9E70433002020330020F8B51D4E42
:105B80001D4696F85A300F4614467BB1FDF72FFCA0
:105B900019482B462246FFF793F8FDF778FC174883
:105BA0002B4622463946FFF78BF8F8BD88B9FDF73A
:105BB0001EFC11482B462246FFF782F896F8573014
:105BC0001BB996F85930002BEFD00C48FFF797F827
:105BD000EBE7FDF75CFC09482B462246FFF770F81F
:105BE00096F856301BB996F85830002BDDD0024895
:105BF000ECE700BFFC02002004330020203300202B
:105C000008B530B9054801F18E028C31FFF782F8F2
:105C100008BD01F18F0202488D31F7E704330020FF
:105C20002033002070B5114C0D4606465B232246FA
:105C300021462846FFF792FFD6E9061320686268DE
:105C40009A4208BF88420ED120465921FCF77CFCBD
:105C5000B4F85940231A5C425C4128460449FFF7D6
:105C6000CFFF601C70BD0024F7E700BF4531002066
:105C7000583200200A4608B501460148FFF7FAFDF0
:105C80000000002000230370837043700371437190
:105C9000C370704703780022022B427104D0032B9B
:105CA00009D0012B16D0FEE70123037143718378DD
:105CB0004370C370704783784278991AA3EB02024D
:105CC00018BF012112F0060F14BF0122002201713A
:105CD0004271EDE70271704702788170002A0CBFB3
:105CE000022203220270FFF7D5BF0000074B2822D3
:105CF00002FB00339B681A78542A05D15878A0F12A
:105D0000780358425841704700207047F83A01081C
:105D1000074B282202FB00339B681A78522A05D1D0
:105D20005878A0F1780358425841704700207047D6
:105D3000F83A0108074B282202FB00339B681A78C7
:105D4000542A04D15878783818BF012070470120B0
:105D5000704700BFF83A010828230B4A434310B5A7
:105D6000D1580446FFF7D4FF48B92046FFF7BEFFDD
:105D7000064B1B7828B103EB830301EB8301084634
:105D800010BD01EB0311FAE7F83A0108FC0200200C
:105D90002E2838B505461AD80E4B282202FB0033B0
:105DA0004CB21B79022B0DD0FE2B10D1FFF7D4FF84
:105DB0000378E4B2A3420AD004702846BDE8384014
:105DC000FFF7B8BFFFF7C8FF90F90030F2E70020F7
:105DD00038BD00BFF83A01082E2838B504460D46F4
:105DE00019D80E4B282202FB00331B79FF2B12D14E
:105DF000FFF7B2FF06222946FBF799FE58B9204665
:105E0000FFF7AAFF29460622FBF77EFE2046BDE8E3
:105E10003840FFF78FBF002038BD00BFF83A0108B7
:105E20002DE9F043074615462820394A41435018CA
:105E3000012B046A87B025D15258364B9A4235D08F
:105E4000A3F1CE018A4233D03349F23B9A4208BFD4
:105E50000C46FF238DF800304FF000080126204645
:105E6000FAF798F95FFA88F9484529D806F1180336
:105E70006B44AE4203F8188C30D80020387007B05D
:105E8000BDE8F083022BE4D15258224B9A4211D044
:105E9000591C8A4210D0A3F1CE018A420ED0A3F140
:105EA000F2018A420AD01D49EC3BCFE71C4CD0E7F7
:105EB000194CCEE71B4CCCE71B4CCAE71B4CC8E780
:105EC00014F809302C2B06D106F118036B44013667
:105ED00003F8188CF6B208F10108C0E705F11803C1
:105EE0000DEB0305002315F8182C15F9175C01328A
:105EF000D2B29918C9B2A94207EB030003DB002311
:105F000003700120BBE7615C01700133DBB2F0E795
:105F1000F83A010895040020DD2601081127010840
:105F20002E270108D7270108B52701088B2701086C
:105F3000054B282202FB00335B6A0BB118887047BF
:105F40004FF6FF70704700BFF83A01080B4B28224C
:105F500002FB003370B51E6A3046FAF71BF90022C7
:105F600001461446D5B2631CA942D8B200D870BD10
:105F7000735D01322C2B08BF0446F3E7F83A0108A1
:105F800038B5104B282202FB003301461B79FE2B4B
:105F900015D1FFF7CDFF04460846FFF7D7FF0022D3
:105FA000014601251046D3B2994200D838BD05FA02
:105FB00002F323421CBF431CD8B20132F3E7FF2097
:105FC000F4E700BFF83A01082DE9F04F4FF0000A5E
:105FD0001D4E93B004460F46D146D6F808805FFAAE
:105FE0008AF54FF0000B0DE018F8030001920BF05A
:105FF00087F9C3B2019A202B08BF5F2302F8403C07
:106000000BF1010B5FFA8BF340460193FAF7C2F8EC
:10601000019B03F1480298426A44E5D802F8409C8B
:10602000394602A8FAF7ACF848B10AF1010ABAF108
:106030002F0F06F12806D0D10025284600E00120C8
:10604000257013B0BDE8F08FF83A01082DE9F04152
:106050001D4E282303FB016604463379FE2B0D46B3
:10606000174618D0FF2B21D0022B28D10846FFF766
:1060700073FE214690F9000009F059FB35692B7831
:106080003BB1124920460BF06CFA294620460BF032
:1060900068FA012015E00846FFF75EFE3B460278ED
:1060A00029462046BDE8F041FFF7BABE0846FFF793
:1060B00053FE062201462046FBF726FDE9E70020B5
:1060C0002070BDE8F08100BFF83A010845280108BA
:1060D000F8B5194B1646282202FB063300241A791C
:1060E0000470022A07460D4603D0FE2A13D020462C
:1060F000F8BD93F918209142F9DB93F91C309942CD
:10610000F5DC4FF0000165F307013046FFF740FE74
:1061100001243870EBE70029E9DB3046FFF716FF72
:10612000A842E4DD3046FFF703FF40FA05F313F021
:106130000100E6D10446DAE7F83A01082DE9F84310
:1061400000230370124B1746282202FB0733064632
:106150001B79FF2B0C4603D000252846BDE8F883A9
:106160000846FAF717F80628F6D104F1FF3804F1CB
:10617000050918F8010FFBF73FFB05460028EBD097
:10618000C845F6D121463846FFF726FE3070E4E7D1
:10619000F83A0108F8B5104E4FF0280C0CFB0266D7
:1061A000002736790770FE2E04460B46154603D0AD
:1061B000FF2E0BD0022E0DD118460BF00DF82A46FB
:1061C00001462046BDE8F840FFF782BFBDE8F84031
:1061D000FFF7B4BF3846F8BDF83A010810B50446D9
:1061E0000846B2B9FBF75EFB042812D8DFE800F0DE
:1061F00003090B0D0F00084920460BF02AFB012074
:1062000010BD0649F8E70649F6E70649F4E70649EE
:10621000F2E70020F4E700BF14280108192801085C
:106220001E280108232801082928010810B5044662
:106230000068FCF7D5FE02492068FCF7D1FE10BDCE
:106240002F2801080D4B0E4A5B680360003B18BF06
:106250000123037100234371B2F84C2080F885308C
:10626000122A8CBF02220122C0F8883080F88C30BC
:1062700080F88D20A0F88E30704700BF5C030020AE
:10628000FC02002090F88530682B08D8C218013332
:10629000DBB2517180F88530184400234371704798
:1062A00008B50530F9F76CFFB0FA80F0400908BD79
:1062B0002DE9F043064691B0084688461546F9F7A1
:1062C00069FF06F1050904464846F9F763FFE4B2A1
:1062D000631CC7B2BB4203DB002011B0BDE8F083F2
:1062E0002246414648460BF058F90028F4D1231DB8
:1062F00022461E44BA4203461BD300F140036B44BE
:10630000002403F8404C0028E6D09DF800303D2BD7
:10631000E2D1302368468DF80030F9F73BFF234681
:10632000DAB2904212D868460AF056FF286001207F
:10633000D3E716F8011F202905D040336B44013004
:10634000C0B203F8401C0132D2B2D3E740326A44F3
:10635000013312F8402C303A092AE1D9BCE7000099
:106360002DE9F0474379702B90B080460F461646D2
:1063700071D18379202B6ED1C0790AF0B9FF002842
:106380005CD000254FF0020A2C4608F1050948466A
:10639000F9F700FF824522D305F140030DEB030519
:1063A000002305F8403CC4B3E8461D4618F8010B2D
:1063B0000AF0A6FF78550135EBB2A342F6D30025CB
:1063C0003D550134E4B26846F9F7E4FE6719FFB2BF
:1063D000874206EB050334D300221A702DE008EB48
:1063E0000A035B793D2B0ED0202B07D005F140012D
:1063F0006A1C0DEB010505F8403CD5B20AF101031A
:106400005FFA83FAC3E72C46F0E705F140036B44DB
:1064100013F8400C0AF074FF78556846F9F7BAFE95
:10642000E5B2A84207EB050304F10104EDD8002210
:106430000A491A7030460BF00CFA012010B0BDE882
:10644000F08707F140020DEB0207013517F8402CE9
:106450001A70EDB2B7E70020F0E700BF322801085C
:106460002DE9F0472C4E282303FB016688B03379D1
:10647000FE2B04460D4620D0FF2B4BD0022B2DD1F6
:1064800096F9185025490068FCF7B8FD284669467A
:1064900009F04DF969462046FFF7C8FE96F91C50F1
:1064A0001F492068FCF7AAFD6946284609F03FF914
:1064B00069462046FFF7BAFE10E00846FFF738FDB0
:1064C000DFF86090DFF860A080460027FEB201236D
:1064D000324629466846FFF7A3FC10B908B0BDE86C
:1064E000F087BBB248FA03F3DB0711D520684946B1
:1064F000FCF784FD06F130012068C9B2FCF7D8FC36
:1065000020685146FCF77AFD69462046FFF78EFE6B
:106510000137DBE70549CDE7F83A010834280108DF
:106520003C28010844280108472801084B28010895
:10653000F0B504468BB008460D46FFF721FD254F08
:10654000254906462068FCF759FD282303FB0577FB
:106550002068B968FCF752FD20492068FCF74EFD21
:106560002EB91F492046FFF761FE0BB0F0BD012296
:10657000294602A8FFF76AFD206802A9FCF73EFD44
:106580003B79FE2B03D0FF2B1AD01649EAE72846A9
:10659000FFF7E2FB057814492068FCF72FFD05F1B1
:1065A00030012068C9B2FCF783FC10492068FCF771
:1065B00025FD012EE9D10E492068FCF71FFDE4E717
:1065C0000C4B02A95A786846FFF708FE0028DCD079
:1065D0006946F1E7F83A010844280108472801080C
:1065E0005A280108DC2601086A28010858280108F1
:1065F0006D280108FC02002038B54A4B1A6890F853
:106600008C30012B044640F08B80D0F88830D31AB0
:10661000B3F5FA7FC0F08480434DC0F88820284647
:10662000FAF7EDFF09F092F801462068FCF7E6FC66
:106630003E492068FCF7E2FC05F11400FBF728FC5A
:1066400009F084F801462068FCF7D8FC3849206836
:10665000FCF7D4FC95F8940009F078F8014620681E
:10666000FCF7CCFC33492068FCF7C8FC95F98C009A
:1066700009F076F801462068FCF7C0FC2E49206836
:10668000FCF7BCFC95F98D0009F06AF8014620681A
:10669000FCF7B4FC29492068FCF7B0FC95F992009E
:1066A00009F05EF801462068FCF7A8FC2149206843
:1066B000FCF7A4FC95F98E0009F052F80146206819
:1066C000FCF79CFC1C492068FCF798FC95F98F00AE
:1066D00009F046F801462068FCF790FC184920684C
:1066E000FCF78CFC05F15000FBF7D8FB80B209F0F9
:1066F00041F801462068FCF781FC0E492068FCF750
:106700007DFC05F16400FBF7C9FB80B209F032F8AB
:1067100001462068FCF772FC0A492046FFF786FD17
:1067200038BD00BF64420020583200208F28010885
:106730007C2801087F280108822801087D2801089B
:1067400084280108872801082DE9F04190F88E304F
:1067500090B0044653B96248624990F85A504B7C55
:10676000614AC5B191F8ED100B4413705D4EDFF82E
:106770007C81002794F88D20FBB29A4208D95A4BAD
:1067800094F88E501B78AB420CD8002384F88C30E0
:1067900010B0BDE8F08190F859000028E5D084F8E9
:1067A0008E30DFE7737C9D4257D275B9504920681F
:1067B000FCF724FC707C08F0C9FF01462068FCF758
:1067C0001DFC4C492046FFF731FD284608F0BEFF6E
:1067D00001462068FCF712FC47492068FCF70EFCD4
:1067E00073190C35987C08F0B1FF06EB850501465E
:1067F0002068FCF703FC41492068FCF7FFFB686850
:1068000008F0C2FF01462068FCF7F8FB3C4920680D
:10681000FCF7F4FB3B4908A80BF01BF86868FAF793
:10682000BBF94146FAF710FA09F04AFCFAF70EFCF8
:10683000694608F046FF6846FBF766F82068694637
:10684000FCF7DCFB08A92046FFF7F0FC94F88E303B
:10685000013384F88E3001378CE7ED1A15F0FF050F
:106860000FD129492068FCF7C9FB96F8ED0008F024
:106870006DFF01462068FCF7C1FB1E492046FFF76B
:10688000D5FC284608F062FF01462068FCF7B6FBFD
:1068900019492068FCF7B2FB73190C3593F8EE0028
:1068A00008F054FF06EB850501462068FCF7A6FBBF
:1068B00012492068FCF7A2FBD5F8E00008F064FF5D
:1068C00001462068FCF79AFB0D492068FCF796FB0F
:1068D0000C4908A80AF0BDFFD5F8E0009FE700BF0B
:1068E000FC020020180C00204506002000007A3A27
:1068F00089280108522F01089128010898280108C9
:10690000A2280108A8280108AD28010870B5254C67
:10691000E569AB0607D523689E0604D5606A224B5D
:10692000C0B21B6898471F232806236215D5236829
:10693000190612D51D4B1E4A1988138889B29BB2BD
:10694000994219D013880133C3F3080313801388C5
:10695000184A9BB2D35CDBB2A3626A0620D5114809
:1069600003685B061CD5FBF7B9FD40230362124B9D
:10697000BDE870401B6818470A48FBF7B8FD402384
:1069800023624FF0402202F5806353E8003F43F05A
:10699000400302F5806040E800310029F3D1DCE7D4
:1069A00070BD00BF00440040540200204A3800205F
:1069B0004838002048360020580200200848094A7C
:1069C0000188138889B29BB29942F9D013880133A8
:1069D000C3F3080313801388034A9BB2D05C70474B
:1069E000463600204436002044340020FFF7E6BF3E
:1069F00070B588B00C460646154600212022684630
:106A00000AF0A7FD231E18BF01231B03CDE90235A1
:106A100069460C23034801960494059308F008FD89
:106A200008B070BD0044004010B5064C236823F048
:106A300001032360FFF7DCFF236843F001032360B9
:106A400010BD00BF0044004013B5164C2046FBF7B4
:106A50003CFD19B314484FF400524FF48061FFF726
:106A6000E3FF236823F001032360636843F40043DA
:106A70006360636823F480336360236843F0010339
:106A8000236001220823CDE9003203231A460421A2
:106A90004FF09040FCF7F2FAFCF704F9012002B045
:106AA00010BD00BF00440040A086010013B5164C85
:106AB0002046FBF70AFD19B314484FF400524FF477
:106AC0008061FFF7B1FF236823F00103236063684F
:106AD00043F400436360636843F480336360236876
:106AE00043F00103236001220823CDE90032042191
:106AF000032302224FF09040FCF7C0FAFCF7D2F8D3
:106B0000012002B010BD00BF00440040A08601007B
:106B100073B5304C236823F0010308252360012658
:106B20004FF40030FBF7B0FC0421CDE900560323FD
:106B30000A224FF09040FCF7A1FA03231A46294697
:106B4000CDE900564FF09040FCF798FA002211462C
:106B50002148FFF74DFF636823F490436360A36807
:106B600023F02A03A3601D4BA02283F825232022B3
:106B70005A602046FBF7BBFCFBF7B0FC40232362C6
:106B8000174B00211980174B1980FBF79EFC164B01
:106B90001980164B1980636823F400636360A3684F
:106BA00023F00803A360636823F480436360A36851
:106BB00023F02203A360A36843F48053A3602368F7
:106BC00033432360E3699A02FCD5E3695B02F9D59C
:106BD00002B070BD00440040801A060000E100E0F1
:106BE000483800204A38002044360020463600202D
:106BF0000649074A0B8812880133C3F3080392B28F
:106C00009A421EBF034AD0540B8070474A38002076
:106C10004838002048360020F8B5012380F86C3051
:106C200090F8BD30044603F0FF005BB194F8BD500E
:106C300004F16C070026B3B29D4204D8002384F807
:106C4000BD300120F8BD17F8010FFFF7D1FF013665
:106C5000F1E700000148FBF72FBC00BF00440040F3
:106C600007B50E48FBF731FC036823F0010303600E
:106C7000436823F400434360036843F00103036067
:106C800000220823CDE90032042103230A224FF019
:106C90009040FCF7F3F903B05DF804FB00440040BA
:106CA0000E4B07B51A6822F001021A605A6842F4C6
:106CB00000425A601A6842F001021A60082300225A
:106CC000CDE900320421032302224FF09040FCF76B
:106CD000D5F903B05DF804EBFBF7E4BF00440040D6
:106CE00037B50446FFF714FF164B1A6822F001026D
:106CF0001A605A6842F400325A605A6842F480328C
:106D00005A605A6842F400425A601A6842F001021E
:106D10001A6008250123CDE9005302220323042130
:106D20004FF09040FCF7AAF90323022229464FF0C6
:106D30009040FCF728FA204603B0BDE83040FFF74A
:106D4000AFBF00BF0044004008B50023838103713A
:106D5000C38003818372036101460448FDF73EF856
:106D6000BDE808400846FFF7BBBF00BF4034002025
:106D7000036810B504461B689847237A082B05D989
:106D80000A2B03D0092B02D00023237210BD2368E5
:106D900020465B6898470028F6D00848036823B16E
:106DA000FA21FDF72BF80A23EFE72046FFF758FFFB
:106DB0000B232372BDE81040FFF74CBF4034002086
:106DC00001460148FFF7D4BF68180020014601487A
:106DD000FFF7CEBF24070020037A0A2B10B5044624
:106DE00007D1FFF73DFF0B232372BDE81040FFF7EB
:106DF00031BF10BD0148FFF7EFBF00BF24070020DF
:106E000010B50446FFF74CFF0023237210BD0000AD
:106E10000148FFF7F5BF00BF681800200148FFF7E1
:106E2000EFBF00BF2407002008B5017A094A0A29EC
:106E3000126801D8026108BD0169521A142AFAD9F0
:106E400000220272FFF72CFF0348FBF747FB4023A9
:106E50000362F0E764420020004400400238C0B200
:106E600010289ABF014B185C00207047793A01083E
:106E70003B4B0246586A137A10B580B233B19389FE
:106E8000C31A9BB2FA2B84BF00231372137A90812A
:106E9000052B19D8DFE803F003080E334A564F29B3
:106EA00012D1012313720FE0572901D10223F9E710
:106EB0000023F7E70023FF29937206D141F2047300
:106EC0001381537E002BF3D110BD9F290FD901F000
:106ED0001F000124947282F83200FFF7BFFF507246
:106EE00018B982F84B400923DCE70523DAE71829B3
:106EF000DED80029F7D0032351721372E1E7B2F80C
:106F00006E02B2F87242431C2340B2F870429C42B7
:106F10001EBF801880F87412A2F86E32937A517AEC
:106F20000133DBB299429372DDD9CDE7907A431CED
:106F30001044DBB29372C176517A9942C4D80123CE
:106F40009376D0E7907A431C1044DBB2937280F8BA
:106F50003210517A9942B7D2012382F84B30C2E7FE
:106F6000004401402DE9F04389B0002301AFB0F89F
:106F700068908DF804300446B8460125B4F86A20BC
:106F800048461146EEB2FBF719FFA0B1192D11D0FA
:106F900091451FBFA318B4F86C1093F86E300132FE
:106FA00014BF0A40002308F8013F18BFA4F86A2064
:106FB0000135E3E72E46B6B20024013417F8010B81
:106FC000A4B2FFF715FEA642F7D8012009B0BDE82C
:106FD000F08370B590F8665000F14C040026B3B20F
:106FE0009D4200D870BD14F8010FFFF701FE013675
:106FF000F5E770B5457E044605B1FEE7012680F849
:107000004C6090F8663033B1FFF7E3FF84F86650C8
:107010003546284670BDB0F86A10B0F86800FBF736
:10702000CDFE0028F5D02046FFF79CFFF0E7027F59
:10703000C37E02F0070243EA02230B80838BC3F373
:10704000CA034B80C369C3F38A338B8090F8203026
:10705000C27F03F00F03DB0143EA5203CB80038CB2
:10706000C3F30A130B81036AC3F3CA334B8190F84D
:10707000243090F8232003F01F039B0143EA92037E
:107080008B81838CC3F34A13CB81C38CC3F30A0374
:107090000B8290F8283090F8272003F03F035B0123
:1070A00043EAD2034B82836AC3F38A138B82438DF4
:1070B000C3F34A03CB8290F82C3090F82B2003F0D6
:1070C0007F031B0143EA12130B83C36AC3F3CA1382
:1070D0004B83C38DC3F38A038B8390F8303090F8D1
:1070E0002F20DB0043EA5213CB8390F8312040F28B
:1070F000547312F0010F14BF1A46AC220A8490F8A0
:10710000312012F0020F08BFAC234B847047437E3E
:1071100070B504460D463BB1002303728E18B5428C
:1071200003D100232372A37670BD236815F8011BD9
:107130001B6820469847F2E70346407E30B568B1A9
:1071400093F8664004F0FF054CB103F14D040C6068
:1071500093F866101170002283F8662030BD28462F
:10716000FCE7000042766AB30123037640F2FF1188
:10717000A0F86C1040F2FF710023A0F872127F217A
:1071800080F84C30A0F86A308376A0F8683080F838
:107190004B30A0F8703280F86630A0F86E32A0F85C
:1071A000763AA0F8743AA0F8781A80F8FA3AC0F85B
:1071B000FC3A52B9054B064A1A60064B064A1A6059
:1071C000FFF7C2BD01760029D0D1704754020020DC
:1071D000C16D000858020020116E0008F8B5477E06
:1071E00004460D4617B100263046F8BD037E002B3D
:1071F000F9D0FFF719FEA37E03F0FF06002BF2D0B3
:10720000A77629462046FFF712FFEDE7427E10B52C
:107210000346E2B9007EB8B193F84C4004F0FF0099
:1072200094B11C7983F84C200CB11A71DA80DC8897
:107230009A790134052ADC8007D0092A05D0012A71
:107240004FF0000305D10B7010BD0123FBE70020B8
:10725000FAE71846F8E70346007E60B193F84B2042
:1072600002F0FF003AB1002283F84B2093F832304D
:1072700003F01F030B707047F8B506460D4617461E
:10728000002119224D300AF064F92846FFF7E6FD87
:1072900005F01F050446603D0134024686F84D5056
:1072A000394606F14E00E4B20AF0DBFA86F8664091
:1072B000F8BD000070B590F8FA4A0CB1002070BD1E
:1072C000B0F8745AB0F8763AEE1AB2B2360444BF47
:1072D000803292B2002AF1D00D4A1668427E22B165
:1072E000D0F8FC2A921B092AE8D900229D42C0F856
:1072F000FC6A80F8FA2A08D0C218013392F87A4A58
:10730000B0F8782A1340A0F8763A0C700120D6E73E
:107310006442002010B5314C86B018220021684626
:107320000AF017F923788DF8063094F85830002BBE
:1073300041D12B48FDF754FDADF800002848FDF77A
:1073400066FD9DF8073094F855208DF8030062F330
:1073500003038DF80730234B93F8A42092B39DF8D4
:10736000052042F001028DF8052093F8C52093F81E
:10737000C6308DF8042003F00F039DF807201A484B
:1073800063F30712194B8DF807201B799DF8022033
:107390005B0043F0010322F0030203F003031343F5
:1073A0008DF802306A462F230B218DF80830FFF745
:1073B00063FF06B010BD0E48FDF712FDADF80000EA
:1073C0000B48BCE7BDF8043023F4FF7323F001033E
:1073D00043F07F03ADF804300523CEE7FC02002024
:1073E00020330020380500206818002048060020BF
:1073F000043300207FB51822002168460AF0A9F85E
:1074000042F6A200FAF704FBADF8000042F6A10034
:10741000FAF7FEFA0749ADF80200142201A8FAF7BC
:1074200061FB05486A460421FFF726FF07B05DF8B7
:1074300004FB00BFB52801086818002010B5134CE4
:1074400086B01822002168460AF083F894F8A43028
:10745000C3B1D4F8A800FAF7DBFAADF80000D4F80D
:10746000AC00FAF7D5FA1422ADF8020004F1B0012D
:1074700001A8FAF737FB06486A460521FFF7FCFE2C
:1074800006B010BD03491422F2E700BF3805002002
:1074900068180020DC2601082DE9F04F0C4635491C
:1074A000282303FB041189B007462046FEF740FD60
:1074B0000B79D1F82080FE2B814603D14FF6FF7364
:1074C000984206D14146384609B0BDE8F04F0AF06F
:1074D000C0B92046FEF740FC002590F800B02E46CB
:1074E000AA462C46EAB240460192F8F753FE019AAA
:1074F000013090424FF02D0102D809B0BDE8F08F65
:1075000018F802000AF1200CEC440AF101032C28BF
:10751000DBB20CF8180C00D040BB5E4503D049FA32
:1075200006F0C00718D50DF1080E0022D0B254FAAB
:1075300082FC83425FFA8CFC08D85444013404F086
:10754000FF040136502CF6B20FD9FEE71EF8010BEE
:1075500007F80C000132E9E73955631CDBB218F873
:107560000220FA540234E4B2EBE7002301359A46D4
:10757000B8E700BFF83A0108044B1870044B0548FF
:10758000002207211A70FBF70DBC00BFB0300020AD
:10759000B1300020DC22002008B50B78033B082B1B
:1075A00020D8DFE803F010050C1F1A1F1F1F0E0064
:1075B000042100F67420BDE80840FBF7F3BB052169
:1075C000F7E70B21F5E7042100F67420FBF7EAFB4F
:1075D0000521FBF7E7FB0B21EDE7BDE80840487804
:1075E000FFF7CABF08BD000070B56E4D2C782E2C79
:1075F00086B00ED918220021684609F0AAFFFF23A1
:1076000069488DF800306A460721FFF735FE06B05D
:1076100070BD664E317800294BD102233370182299
:10762000634E684609F095FF282303FB04638DF839
:1076300000401B79FE2B27D0FF2B2DD0022B09D128
:10764000012320468DF80130FEF786FB90F90030CB
:107650008DF812302B78282202FB03660DF1020010
:10766000B1681022FAF73EFA4F4807216A46FFF741
:1076700003FE29784F48FFF70FFF4F48072106B058
:10768000BDE87040FBF78EBB042320468DF8013027
:10769000FEF762FB0378DBE7052320468DF8013017
:1076A000FEF75AFB062201460DF11200FAF71AFA0C
:1076B000D0E7022942D1002118226846317009F032
:1076C00048FF3B4B8DF80040282202FB04331A7917
:1076D000022A0DD0FE2A1BD06A4608213248FFF745
:1076E000CBFD3378002BC8D12B7801332B708EE77C
:1076F0001A7D8DF805201A7E8DF801201A7F8DF8ED
:107700000320196906220DF10700FAF7EBF9E3E708
:107710005B6A83B11B882749ADF8013015220DF152
:107720000300FAF7DFF92348F8F734FD142884BF83
:1077300003233370D0E74FF6FF73ECE7032917D12B
:10774000002118226846317009F003FF1B498DF8AB
:10775000004017220DF10100FAF7C4F91548F8F7B7
:1077600019FD2B2884BF042333706A460921B5E72D
:1077700083D9002118226846317009F0EAFE0DF124
:1077800001000F498DF800401722FAF7ABF99DF878
:1077900000300548803B6A4609218DF80030FFF72C
:1077A0006BFDA1E7B030002068180020B130002048
:1077B000F83A0108B2300020DC220020C730002057
:1077C000DE30002010B500230B70024600782E2812
:1077D0000C4611D8094B282101FB00331B79FF2BE4
:1077E00006D0B2F90110FEF7D3FA2070012010BDC7
:1077F000511CFEF7F1FAF8E71846F8E7F83A0108E5
:10780000043807280DD8DFE800F004060C080C0C3B
:107810000C0AFFF7EFBDFFF711BEFFF7E5BEFFF75C
:1078200079BD704738B5530705460C460BD422F096
:10783000004222F03F0222B12549BDE838400AF05B
:1078400008B82449F9E724490AF003F8A10702D54A
:1078500022492846F1E7A20601D52149F9E7630547
:1078600001D52049F5E7200401D51F49F1E7A1051D
:1078700001D51E49EDE7A20301D51D49E9E723061D
:1078800001D51C49E5E7E00501D51B49E1E71B4BA4
:10789000A34301D11A49DCE76103FBD4E20301D51C
:1078A0001849D6E7230501D51749D2E7E00601D5E7
:1078B0001649CEE7610701D51549CAE7220701D568
:1078C0001449C6E7E30201D51349C2E738BD00BF3A
:1078D000CA280108CF280108D2280108D7280108A2
:1078E000DC280108DF280108E4280108E92801084C
:1078F000EE280108D9330108CC3501081000010039
:10790000F3280108F828010839340108FD28010886
:1079100000290108052901080929010810B51422C8
:10792000044600212A3009F014FE002384F8F732BF
:107930004FF07F42A4F8FC3284F8FE32C4F80033E2
:10794000FF23C4F8F82284F8043310BD0B68C0F894
:1079500090304B68C0F894300B7A80F8983001234F
:1079600080F82D3080F8333090F89630DB0980F8BD
:10797000FE327047993001F1280351F8042B40F88A
:10798000042B9942F9D10B8803808B788370704760
:1079900010B500F1C40301F1340251F8044B43F86F
:1079A000044B9142F9D1012380F82E3010BDF830FC
:1079B00001F11C0351F8042B40F8042B9942F9D132
:1079C0000B780370704710B500F2151301F11C021B
:1079D00051F8044B43F8044B9142F9D1012380F84C
:1079E000323010BD10B500F2311301F11C0251F814
:1079F000044B43F8044B9142F9D140F20113438503
:107A0000012380F8303080F8F93290F8FE3253B913
:107A100090F8FD323BB9D0F83931C0F85332D0F884
:107A20003531C0F84F3210BD00F2671001F110037C
:107A300051F8042B40F8042B9942F9D10B880380AC
:107A4000704700F24D1001F1180351F8042B40F873
:107A5000042B9942F9D10B880380704710B500F2CE
:107A6000791301F1140251F8044B43F8044B91428D
:107A7000F9D1012380F83130D0F8993013F0100398
:107A800008D0D0F89D3013F010031CBFD0F8A130FF
:107A9000C3F3001380F83D3010BD0B7B192B30B5BC
:107AA0001FD1CA7A90F8FB329A421AD891F8263040
:107AB000012B16D00B4600F28D1201F1240453F86D
:107AC000045B42F8045BA342F9D11C8814809B78C4
:107AD0009370012380F8323080F8FA32CB7A80F844
:107AE000FB3230BD00F5DA7001F1140351F8042BBC
:107AF00040F8042B9942F9D10B880380704791F824
:107B0000203030B57BB90B4600F5E57201F1340445
:107B100053F8045B42F8045BA342F9D11B8813803D
:107B2000012380F82F3091F82030012B0ED100F581
:107B3000007301F1340251F8044B43F8044B9142B5
:107B4000F9D10A881A80012380F8343030BD0B68DF
:107B5000C0F836324B68C0F83A320B7A80F83E32C1
:107B6000012380F8FC3270470B68C0F83F324B6845
:107B7000C0F84332012380F8323070470B68C0F8F8
:107B800047324B68C0F84B32012380F836307047DB
:107B900010B500F24F2301F13C0251F8044B43F8B9
:107BA000044B9142F9D1012380F8303080F8FD3246
:107BB00010BD10B500F28B2301F1340251F8044BD3
:107BC00043F8044B9142F9D10A881A80012380F8C6
:107BD0002C3010BDF0B500252C460126AB4206D84E
:107BE00003680C4004FA02F213430360F0BD06FA86
:107BF00005F73C430135F1E770B50446084694F8B3
:107C00002A6016B90026304670BD94F8E030002294
:107C1000022B84F82A20F5D90A60D4F83551002DBA
:107C2000C8BF6D423223B5FBF3F11E2301EB4101C6
:107C3000FFF7D0FFD4F8351102231E22C90FFFF73A
:107C4000C9FFE0E770B50446084694F82B6016B902
:107C50000026304670BD94F8E0300022022B84F8F4
:107C60002B20F5D9D4F839510260002DC8BF6D42E0
:107C70003223B5FBF3F11E2301EB4101FFF7AAFF0D
:107C8000D4F83931002B4FF002034FF01E02B4BF7D
:107C900003211946FFF79EFFDBE738B50446084687
:107CA00094F8F722C2B994F82C30F3B384F82C205E
:107CB00004F28B2304F2C12204F2BF2153F8045BC7
:107CC00042F8045B8B42F9D11B881380012384F8AE
:107CD000F732002384F8F83200230360182594F863
:107CE000F832312B06D85A1C234484F8F82293F832
:107CF000C212E1B994F8C112012319400722FFF71B
:107D000069FF94F8C11201230F22C1F34001FFF76C
:107D100061FF94F8C11201231722C1F38001FFF71C
:107D200059FF002384F8F7320123184638BD2A464C
:107D3000083D0723EDB2FFF74DFFF82DCFD194F8A2
:107D4000F832312BD6D8EFE703462DE9F04793F808
:107D50002D600846002E62D093F83C52D3F8901064
:107D6000B3F88B4193F8FE8293F8FC720022AD1AAF
:107D700083F82D2001F1010118BF01254CB1632CBE
:107D8000D7BFC4EB84143F2431346422D8BFB4FB82
:107D9000F2F4B3F91331002B44D0642293FBF2F3D5
:107DA000522BA8BF5223132BB8BF1323A3F11309DF
:107DB0004FF0000A05235246C0F800A0FFF70AFF63
:107DC000022305225146FFF705FF41460123072202
:107DD000FFF700FF01230822FFF7FCFE51460123B5
:107DE0000922FFF7F7FE02230A22FFF7F3FE012321
:107DF0000C22FFF7EFFE01230D223946FFF7EAFEC2
:107E000001230E222946FFF7E5FE07231322214610
:107E1000FFF7E0FE06231A224946FFF7DBFE304655
:107E2000BDE8F0879946C3E72DE9F84390F82E8026
:107E30000D46B8F1000F3AD090F8E1300021FF2B49
:107E400080F82E1003D00F2B28BF0F23194690F86F
:107E5000E090B9F1030F2DD84FF000062FD07F2707
:107E60003446002228462A600423FFF7B3FE02238B
:107E700004224946FFF7AEFE012202213846FAF7F6
:107E80009BF80823014606222846FFF7A3FE02239B
:107E90000E223146FFF79EFE022211462046FAF7D7
:107EA0008BF80A23014616222846FFF793FE404628
:107EB000BDE8F883A9F10306062E28BF06260A238B
:107EC000B0F8D870D0F8D440B7FBF3F70B4B7F2F46
:107ED000A8BF7F279C4208DC094B9C4209DB642336
:107EE0004FF0030994FBF3F4BBE7064C4FF0030992
:107EF000B7E7054C4FF00309B3E700BFC3C9C100A2
:107F00003D363EFF18F00100E80FFEFF2DE9F04F6F
:107F100090F8303085B005460E462BB9002300930B
:107F2000009805B0BDE8F08F002380F8303090F85D
:107F3000F9320093002BF1D0D0F84F02F8F730FE61
:107F40006A49F8F781FE6A49F8F77EFE8146D5F85E
:107F50003501F8F725FE6549F8F776FE6449F8F72C
:107F600073FE8046484607F0C1FF8346404607F04F
:107F7000BDFF0746D5F83901F8F712FE5B49F8F75F
:107F800063FE5B49F8F760FE0446D5F85302F8F744
:107F900007FE5649F8F758FE5549F8F755FE0146D1
:107FA0002046F8F747FD824607F0DCFF0190404687
:107FB00007F0D8FF0446484607F0D4FF0390504628
:107FC00007F094FF214602905846F8F73DFE039BC8
:107FD000044619463846F8F737FE029A1146F8F774
:107FE00033FE01462046F8F725FD01990446384640
:107FF000F8F72AFE214607F05DFF3E49F8F724FE18
:1080000000210446F8F7BEFF20B120463A49F8F7B0
:1080100013FD04462046F8F7F3FF80B2A0F1B40444
:1080200024B2002CBCBFB43004B2B4F5B47FA8BFF6
:10803000A4F5B47449464046A8BF24B2F8F7FAFC48
:108040004FF07C51F8F700FE07F08CFF4FF07C51A9
:1080500080465046F8F7F8FD07F084FF0146F8F730
:10806000F3FD5946F8F7F0FD3946F8F7EDFD4146C6
:1080700007464046F8F7E8FD01463846F8F7DCFCCD
:1080800007F01AFF002707F0F5FE1C49D5F841510B
:108090003760642395FBF3F5F8F7D6FDF8F7B0FFEA
:1080A000F8F77EFDF8F7ACFF02220321F9F784FF11
:1080B0000C2301463A463046FFF78CFD2846F8F778
:1080C0006FFDF8F79DFF02220321F9F775FF0D23DD
:1080D00001460C223046FFF77DFD072319220321BC
:1080E00094FBF1F1FFF776FD1AE700BF95BFD63399
:1080F00035FA8E3CE12E65420000B443706D424B70
:108100002DE9F84390F8319004460D46B9F1000F7F
:108110003BD000261E4980F83160D0F88501F8F781
:1081200093FD07F0CDFF1A498046D4F87D01F8F79A
:108130008BFD07F0C5FFB4F989112E600746404654
:1081400001EB8104F8F75CFF01220221F9F734FF0B
:108150000923014632462846FFF73CFD3846F8F72A
:108160004FFF01220221F9F727FF082301460922C8
:108170002846FFF72FFD0B2311222146FFF72AFD8A
:1081800001231C223146FFF725FD4846BDE8F88350
:10819000000020412DE9F84390F83D9004460D463B
:1081A000B9F1000F3BD000271E4980F83D70D0F890
:1081B0008501F8F749FD07F083FF1A498046D4F896
:1081C0007901F8F741FD07F07BFFB4F989112F60C1
:1081D0000646404601EB8104F8F712FF0122022116
:1081E000F9F7EAFE092301463A462846FFF7F2FC72
:1081F0003046F8F705FF01220221F9F7DDFE0823DA
:10820000014609222846FFF7E5FC0B2311222146EF
:10821000FFF7E0FC01231C221946FFF7DBFC484670
:10822000BDE8F883000020412DE9F04190F832804C
:1082300004460D46B8F1000F3ED0002380F83230DE
:108240002449D0F81901F8F7FFFC2349F8F7FCFCA2
:108250002249F8F7F1FB07F033FFF8F7D1FE1D498B
:108260000746D4F81D01F8F7EFFC1B49F8F7ECFCC2
:108270001B49F8F7E1FB07F023FFF8F7C1FE94F87C
:10828000FA320646DBB1B4F89541002228462A604E
:108290000B233946FFF79EFC0A230B223146FFF7DA
:1082A00099FC012203212046F9F786FE0B230146A3
:1082B00015222846FFF78EFC4046BDE8F0810949AB
:1082C000D4F83F02F8F7C0FC07F0FAFEF8F798FE82
:1082D0000446DAE7E12E65420000A0400000614458
:1082E0000000E1430000C84238B50346084693F851
:1082F000334014B90024204638BD93F804230132DA
:10830000D2B20021032A83F833100FD983F8041363
:1083100093F894100125002202601823FFF75AFCFD
:10832000082318222946FFF755FCE4E783F80423C5
:10833000002AEDD0012ADDD1D3F800130029D9D0CD
:108340000425E8E71C2945D8DFE801F00F121416D0
:10835000181A1C1E44204422442426282A2C2E307D
:10836000323436383A3C3E4042001B4909F071BA7B
:108370001A49FBE71A49F9E71A49F7E71A49F5E7F5
:108380001A49F3E71A49F1E71A49EFE71A49EDE705
:108390001A49EBE71A49E9E71A49E7E71A49E5E715
:1083A0001A49E3E71A49E1E71A49DFE71A49DDE725
:1083B0001A49DBE71A49D9E71A49D7E71A49D5E735
:1083C0001A49D3E71A49D1E71A49CFE71A49CDE745
:1083D0001A49CBE71A49C9E7D0330108D228010866
:1083E0000E29010813290108182901081D2901086F
:1083F00022290108272901082C290108312901080F
:10840000362901083B290108DF2801084029010815
:10841000452901084A2901084F2901085429010862
:10842000592901085E290108632901086829010802
:108430006D29010872290108772901087C290108A2
:10844000DC260108192941D8DFE801F00D101214CB
:1084500016181A1C1E4020222426282A2C2E3032C0
:108460003436383A3C3E1A4909F0F3B91949FBE76A
:108470001949F9E71949F7E71949F5E71949F3E700
:108480001949F1E71949EFE71949EDE71949EBE710
:108490001949E9E71949E7E71949E5E71949E3E720
:1084A0001949E1E71949DFE71949DDE71949DBE730
:1084B0001949D9E71949D7E71949D5E71949D3E740
:1084C0001949D1E71949CFE71949CDE71949CBE750
:1084D000E928010827290108D0330108812901086A
:1084E000D2280108862901088B2901089029010852
:1084F000DF28010813290108222901081D29010884
:10850000952901084F290108182901089A2901080D
:108510009F290108A4290108A9290108AE290108F9
:10852000B3290108B8290108BD290108C229010899
:10853000C7290108DC260108102925D8DFE801F049
:10854000090C240E1012141618241A1C1E242420A0
:1085500022000E4909F07DB90D49FBE70D49F9E705
:108560000D49F7E70D49F5E70D49F3E70D49F1E747
:108570000D49EFE70D49EDE70D49EBE70D49E9E757
:108580000D49E7E70D49E5E70D49E3E7E92801086B
:10859000D2280108CC290108CC3501081D29010881
:1085A00063290108D1290108D629010813290108E6
:1085B0002229010859290108182901089A290108C6
:1085C000DC260108142921D8DFE801F00B0E101277
:1085D0001420201620182020202020201A20201CC3
:1085E0001E000B4909F035B90A49FBE70A49F9E7CA
:1085F0000A49F7E70A49F5E70A49F3E70A49F1E7C3
:108600000A49EFE70A49EDE70A49EBE70A49E9E7D2
:10861000D0330108D2280108DB29010813290108F9
:108620001829010827290108E02901084029010823
:10863000E9280108E5290108DC26010823289ABF5A
:10864000014B185C022070478A3A01080B46013B37
:108650001146032B0BD8DFE803F002040608FFF7EE
:1086600071BEFFF7EFBEFFF767BFFFF7ABBF014972
:1086700009F0EFB8DC26010838B53D4B0446821CF2
:1086800003F1280153F8040B42F8040B8B42F9D193
:1086900000252946C4E9245584F898502B2204F17A
:1086A000990008F056FF2946342204F1C40008F06E
:1086B00050FF29461D2204F1F80008F04AFF294620
:1086C0001C2204F2151008F044FF29461C2204F273
:1086D000311008F03EFF29461A2204F24D1008F02E
:1086E00038FF2946122204F2671008F032FF2946AB
:1086F000142204F2791008F02CFF2946272204F2F4
:108700008D1008F026FF2946162204F5DA7008F0CD
:1087100020FF2946362204F5E57008F01AFF2946A5
:10872000362204F5007008F014FF2946C4F83652CA
:10873000C4F83A5284F83E52C4F83F52C4F8435247
:10874000C4F84752C4F84B523C2204F24F2008F0C0
:1087500000FF2946362204F28B2008F0FAFE36226A
:10876000294604F2C12008F0F4FE204638BD00BFBF
:10877000F82401082DE9F04FC77E837E457F867F70
:1087800090F820E090F82B8090F819C0BF000C46BC
:1087900047EA931703F03F01037F03F0010247EA22
:1087A000822705F00F02D20142EA530206F07F034E
:1087B0001B0143EA1513C57F89B06D0045EAD61544
:1087C0000EF00306059345EA462390F821600093D6
:1087D00006F01F05AD0145EA9E0390F8225090F87F
:1087E00024E00193ED0045EA561390F823500293DC
:1087F0000EF0070645EA062390F82550039305F08E
:108800003F06760146EADE0390F8266090F827E0FE
:108810000493B60046EA95160EF0010546EA852651
:1088200090F82850069205F00F0B4FEACB1B4BEA4D
:108830005E0B90F829E00EF07F0A4FEA0A1A4AEA26
:10884000151A90F82A506D0045EADE1508F0030E5F
:1088500045EA4E2590F82CE00EF01F094FEA8919E1
:1088600049EA9809490190F82D80007E41EADC012F
:108870000CF0070C40EA0C204FEAC80848EA5E18E2
:108880000791F8F747FF079920800846F8F742FF5D
:1088900060803846F8F73EFF069AA0801046F8F749
:1088A00039FF059BE0801846F8F734FF20810098D7
:1088B000F8F730FF60810198F8F72CFFA08102984B
:1088C000F8F728FFE0810398F8F724FF2082049846
:1088D000F8F720FF60823046F8F71CFFA082584668
:1088E000F8F718FFE0825046F8F714FF2083284677
:1088F000F8F710FF60834846F8F70CFFA083404666
:10890000F8F708FFE08309B0BDE8F08F4A78013A34
:1089100092B202310020F8F75FBF000038B504467C
:108920000175002937D0002580F8BD50034680F836
:108930006C5000F1500280F8655080F8665080F865
:10894000675080F8685080F86A5080F86B5083F860
:108950008451C3F8885108339342F8D14FF6FF731E
:10896000A4F8BE300C4BC4F8C03004F5EA70FEF732
:10897000D5FF0A4B0A4A1A600A4B0B4AC4F8DC546A
:10898000A4F8E054C4F8E45420461A60FEF7DCF979
:10899000064B074A1A6038BD0000C07F5402002011
:1089A000CD6D0008580200201D6E000840340020E4
:1089B000F56D0008037D70B504460D4613B9002619
:1089C000304670BDFEF730FA94F8653003F0FF06CC
:1089D000002BF4D0002384F8653004F11501204603
:1089E000FFF794FFA37D23449B7D8342E7D1294673
:1089F0002046FFF7BFFEE3E70346007D30B560B3D6
:108A000093F86C4004F0FF003CB31D79002483F818
:108A10006C403DB1132A1C7111D8114C22784AB90F
:108A200001222270DA88541CD2B2DC8052B90323AE
:108A30000B7012E0013AD2B22270002AF2D1002269
:108A4000DA80EFE793F8672002F0FF0432B10022EA
:108A500083F8672005230B70204630BD0423E7E729
:108A600046060020027D03460AB90020704790F8B0
:108A7000682002F0FF0022B1002283F868200A700B
:108A8000704793F86A2002F0FF002AB1002283F8B1
:108A90006A2001230B70704793F86B2002F0FF00EF
:108AA00022B1002283F86B200223F3E793F86620BB
:108AB00002F0FF00002AD8D0002283F866205A7DF9
:108AC000EE2AD2D1DB7D812BCFD10323E2E738B56B
:108AD00004461D46EA23084684F86D30AB1C114657
:108AE00084F86E302A4684F86F0004F1700008F0B4
:108AF000B8FE04F16D012046FFF708FF6319043545
:108B000083F87000EDB284F8BD5038BD13460A46B4
:108B10008221FFF7DCBF000070B50C4600F1DC06D7
:108B2000054610220021304608F013FD6379032B1F
:108B300010D12079FFF782FD22680146D2B230467B
:108B4000FFF784FD94F90630002B03DB0349304620
:108B500008F007FD012385F8843170BDEA2901087A
:108B600037B504460D460868496850EA010331D01C
:108B7000194A0023F8F7DAFACDE90001684608F04F
:108B800031FD436903F26C735BBAA4F8D330036917
:108B9000114A013384F8D530C36884F8D63083682D
:108BA00084F8D730436884F8D830036884F8D93023
:108BB000286869680023F8F7B9FA104619464FF497
:108BC0007A720023F8F7B2FA40BA0123A4F8DA0067
:108BD00084F8CC3103B030BD40420F00002310B503
:108BE0001A464FF6FF74191D00EB41010133498805
:108BF000A14218BF52180A2BF5D1B0F829301344FE
:108C0000B0F82B201A44B0F82D30B0F82F001344E0
:108C1000184410BD2DE9F04190F82F7004460D4620
:108C200097B3002680F82F6000F5E570FFF7D6FFB8
:108C3000B4F9E831D4F8CA812E60B342B8BF3446E3
:108C40004FF0640290FBF2F1A8BF0A222846A8BFA9
:108C500093FBF2F409230022FEF7BCFF012202215C
:108C60002046F9F7A9F90823014609222846FEF70C
:108C7000B1FF47F6FF7141454FF00F034FF011026E
:108C8000A8BF4146FEF7A6FF3846BDE8F0812DE9B2
:108C9000F04190F8347004460D4697B3002680F8F2
:108CA000346000F50070FFF799FFB4F91E32D4F874
:108CB00000822E60B342B8BF34464FF0640290FB8E
:108CC000F2F1A8BF0A222846A8BF93FBF2F40923B9
:108CD0000022FEF77FFF012202212046F9F76CF9FE
:108CE0000823014609222846FEF774FF47F6FF7164
:108CF00041454FF00F034FF01102A8BF4146FEF768
:108D000069FF3846BDE8F081F0B591B00D46F22319
:108D100001A904461646ADF80830FFF715F838B13A
:108D20002389ADF80A30019B039301238DF80930A4
:108D300001A92046FFF7E4F970B19DF8093010A9A8
:108D4000062202FB0312218A22F8361C0133019904
:108D500042F8341C8DF8093001A92046FFF71AFAB1
:108D600070B19DF8093010A9062202FB0312218D73
:108D700022F8361C0133019942F8341C8DF8093071
:108D800001A92046FFF750FA70B19DF8093010A9EB
:108D9000062202FB0312618A22F8361C0133019974
:108DA00042F8341C8DF8093001A92046FFF73CF841
:108DB00070B19DF8093010A9062202FB03126189E7
:108DC00022F8361C0133019942F8341C8DF8093021
:108DD00001A92046FEF710FF70B19DF8093010A9D7
:108DE000062202FB0312618822F8361C0133019926
:108DF00042F8341C8DF8093001A92046FEF722FF05
:108E000070B19DF8093010A9062202FB0312A18857
:108E100022F8361C0133019942F8341C8DF80930D0
:108E20009DF80970082F11D801A92046FFF7F2FE1E
:108E300060B110AA062303FB0723A28923F8362C6E
:108E40000137019A43F8342C8DF809709DF80970A8
:108E5000082F11D801A92046FFF719FF60B110AA09
:108E6000062303FB0723E28A23F8362C0137019AF5
:108E700043F8342C8DF809709DF80970082F11D82B
:108E800001A92046FFF742F860B110AA062303FBB0
:108E90000723E28923F8362C0137019A43F8342C52
:108EA0008DF809709DF80970082F11D801A9204686
:108EB000FFF71AFA60B110AA062303FB0723A28A60
:108EC00023F8362C0137019A43F8342C8DF80970B9
:108ED0009DF80970082F11D801A92046FEF7DDFE84
:108EE00060B110AA062303FB0723E28823F8362C7F
:108EF0000137019A43F8342C8DF809709DF8090068
:108F000050B100EB400043000233DAB2327002A9E4
:108F1000284608F0A6FC012011B0F0BD2DE9F04F65
:108F2000334B04461F68064600F15001034697B0D4
:108F300040F6C4100125D3F8882122B1BA1A824222
:108F400088BF83F8845108338B42F4D14FF0000876
:108F50008DF8078004F17809254604F16D0A96F82A
:108F600084319DF807B05BB395F814310BEB030225
:108F70002B2A0DDD9DF8075045B32A4602A904F1BE
:108F80006D0008F06EFC84F8BD5017B0BDE8F08F9E
:108F900086F88481C6F88871D5F8102195F80C11EF
:108FA0002046FFF794FD02AB03EB0B0094F8BD20C5
:108FB000514608F056FC94F8BD305B448DF80730FC
:108FC0000C354D4506F10806C9D1D3E70DF107026E
:108FD00002A904F5EA70FFF797FE0028D5D09DF8A6
:108FE000073002AA80212046FFF771FDCDE700BFC0
:108FF0006442002070B591F8205004460E465DBBD7
:109000000846FFF7EBFD642390FBF3F040BAA4F8A9
:10901000EC00B6F91E30591C1CBF0A2593FBF5F570
:109020006DBAA4F8EE5033680C4A23EAE373934216
:1090300028BF13461A0C84F8F0201A0A84F8F1208D
:1090400084F8F23096F923305A1C08BF002384F8C4
:10905000F330012384F8C43170BD00BFFFFF7F00EF
:1090600038B50D4604460F49A868F7F7EDFDF7F748
:10907000C7FF40BAA4F8F40068680A49F7F7E4FDAE
:10908000F7F7BEFF40BAA4F8F600E8680549F7F71D
:10909000DBFDF7F7B5FF012340BAA4F8F80084F828
:1090A000943138BD00401C4610B54B681BBAC0F85F
:1090B000C4308B681BBA4FF47A72C0F8C830CB68E2
:1090C00093FBF2F31344044683F310035BBAA0F856
:1090D000D0304B8B5BBA1149A0F8CE30D0F8C0002D
:1090E000F7F7B2FD0E49F7F7AFFDF7F7AFFF40BA5C
:1090F00094F8BE30A4F8CC00FF2B0CD094F8BF201D
:10910000FF2A02D0934238BF134684F8D23001239D
:1091100084F88C3110BD0023F7E700BF0000204128
:109120006666664070B50D4604460D492868F7F737
:109130008BFDF7F78BFF40BA0126A4F8FF0084F8F7
:10914000AC616B68C4F8C030E8680649F7F77CFD8D
:10915000F7F756FF40BAA4F8FA0084F89C6170BD96
:10916000000010420000C84270B50D460446114987
:109170006868F7F769FDF7F769FF00BAC4F80401FA
:10918000B5F90C3001261BBAC4F8083184F8BC616B
:1091900084F80161B5F90C00F7F702FD0649F7F70D
:1091A00053FDF7F72DFF40BAA4F8020184F8B4612B
:1091B00070BD00BF0000C842CDCCCC3D70B58A6800
:1091C000C2F317024A2A90B004460B4600F01981F8
:1091D00044D8212A26D8172A0AD8012A00F04D811E
:1091E000022A00F09880002A00F0888010B070BD3C
:1091F000183A092AFAD801A151F822F06D93000813
:10920000ED910008ED910008C7940008ED91000869
:109210003994000851930008ED910008ED91000881
:109220001D9400082A2A00F074813E2ADED14D7870
:10923000192D01F10C0100F290812A4601A808F0D5
:1092400010FB01ABC5F11A020021581908F081F991
:1092500001A904F5EA70FEF7F4FBC7E7A22A00F0C3
:10926000B0812ED8882A00F086811BD87C2A00F095
:10927000A580842ABAD14D78262D01F10C0100F287
:10928000A9812A4601A808F0ECFA01ABC5F1270232
:109290000021581908F05DF901A904F5EA70FEF7FC
:1092A000FCFBA3E7932AA1D101A8F9F7E3FA01A9EE
:1092B0002046FFF79FFE01A904F5EA70FEF71FFCA8
:1092C00094E7F22A00F0A1810DD8AD2A00F0948134
:1092D000E22A8BD101A8F9F71FFB01A904F5EA7076
:1092E000FEF74CFC82E7FD2A80D101A8F9F7C2FA0B
:1092F00001A904F5EA70FEF75CFC77E701A8F9F72D
:10930000F1FA01A92046FFF707FC01A904F5EA706C
:10931000FEF71CFB6AE74D780B2D01F10C0610D807
:109320002A46314601A808F09CFA01ABC5F10C02AF
:109330000021581908F00DF901A92046FFF710FC8B
:1093400054E7C868716801AA03C2B0681060F3E707
:10935000194601A8F9F7ABFA01A92046FFF780FEEC
:1093600001A904F5EA70FEF72EFB3FE75D78332D87
:1093700003F10C0114D82A4601A808F072FA01ABD7
:10938000C5F134020021581908F0E3F89DF82130A6
:1093900084F8BE3001A904F5EA70FEF7F9FA25E772
:1093A0000A4601AD3C33106851682E4603C60832A8
:1093B0009A423546F7D110683060E7E74D78382D8E
:1093C00001F10C010FD82A4601A808F04AFA01ABB6
:1093D000C5F139020021581908F0BBF89DF8253075
:1093E00084F8BF3002E70A4601AD44331068516883
:1093F0002E4603C608329A423546F7D113783370A9
:10940000ECE701A8F9F71BFB01A92046FFF78AFE4C
:1094100001A904F5EA70FEF721FBE7E6194601A869
:10942000F9F745FA01A92046FFF73EFE01A904F528
:10943000EA70FEF7D7FAD9E65D780F2D03F10C013B
:109440000FD82A4601A808F00CFA01ABC5F11002AA
:109450000021581908F07DF801A92046FFF784FE85
:10946000C4E60A4601AE1C3310685168354603C590
:1094700008329A422E46F7D1EEE74D782A2D01F1B7
:109480000C0110D82A4601A808F0EBF901ABC5F190
:109490002B020021581908F05CF801A904F5EA70C4
:1094A000FEF768FAA2E60A4601AD34331068516847
:1094B0002E4603C608329A423546F7D11188937872
:1094C000B3703180E9E75D781C2D03F10C0110D8F1
:1094D0002A4601A808F0C5F901ABC5F11D0200211B
:1094E000581908F036F801A904F5EA70FEF75FFA9A
:1094F0007CE60A4601AD2433106851682E4603C647
:1095000008329A423546F7D11068306013793371CA
:10951000E9E74D78112D01F10C0110D82A4601A878
:1095200008F09FF901ABC5F112020021581908F0AB
:1095300010F801A904F5EA70FEF776FA56E60A4635
:1095400001AD1C33106851682E4603C608329A429A
:109550003546F7D113883380EBE70A4601AD243353
:10956000106851682E4603C608329A423546F7D134
:10957000138833806CE64D78152D01F10C0110D85D
:109580002A4601A808F06DF901ABC5F116020021C9
:10959000581907F0DEFF01A904F5EA70FEF7A2FAF8
:1095A00024E60A4601AD1C33106851682E4603C6F6
:1095B00008329A423546F7D1106830609388B380FC
:1095C000E9E701A8F9F78EF901A904F5EA70FEF7B9
:1095D000BEFA0BE60A4601AD2C33106851682E46E0
:1095E00003C608329A423546F7D110683060918838
:1095F0009379B371B1804FE601A8F9F78DF901A90C
:1096000004F5EA70FEF7B0FAF0E54D783B2D01F174
:109610000C0110D82A4601A808F023F901ABC5F1C6
:109620003C020021581907F094FF01A904F5EA70E3
:10963000FEF7AEFADAE50A4601AD44331068516828
:109640002E4603C608329A423546F7D1106830607C
:10965000EBE700BF4A7922B18B79012B01D1FFF7EB
:10966000ADBD7047B0F5E16F03DC10F5E16F04DBD1
:109670007047A0F5616000B2F4E700F5616000B2E8
:10968000F3E7000038B5B0F8E0340D4613F00801F8
:10969000AA8808BFC0F8901113F0020308BFC0F8F1
:1096A000A831B2F5005F044600F0A78007D86C2A05
:1096B00017D06D2A00F08F806A2A60D038BD42F240
:1096C00002039A423BD042F6FF739A42F6D1D0F899
:1096D000E424A968DC30FEF7A5F8012384F884317E
:1096E000ECE7B5F90A00FFF7BDFFF7F759FA47496C
:1096F000F7F7AAFAF7F784FC40BAA4F8F400B5F932
:109700000800FFF7AFFFF7F74BFA4049F7F79CFA6D
:10971000F7F776FC40BAA4F8F600B5F90C00FFF7AD
:10972000A1FFF7F73DFA3A49F7F78EFAF7F768FC29
:10973000012340BAA4F8F80084F89431BEE7B5F8E4
:1097400009300A22B3FBF2F35BBAA0F8EC30B5F8AB
:109750000B30B3FBF2F35BBAA0F8EE30D5F8113062
:1097600080F8F2301A0C80F8F0201A0A80F8F12004
:109770006B7F80F8F330012380F8C4319EE7002925
:109780009CD0D5F80A301BBAC0F8C430D5F80E30DA
:109790001BBAC0F8C830AB8A242253433233642248
:1097A000B3FBF2F35BBAA0F8CC30EB8A0A214B434F
:1097B0005BBAA0F8CE30D0F8DC3493FBF2F303F5BB
:1097C0007A735BBAA0F8D0306B7A80F8D23001237C
:1097D00080F88C3172E7B5F90C2052BAA0F8FA2063
:1097E000012280F89C21002B3FF468AFD5F80E30A1
:1097F000C0F8DC3480F88C2160E7AB89A0F8E03455
:10980000D5F81130C0F8E43458E700BF58A08B41B8
:109810006E882E437FB5244D044695F99200F7F7E4
:10982000B1FF00268DF8040028468DF80560F7F793
:10983000F9FE95F895301D4D8DF80600A8788DF845
:1098400008308DF80760F7F78DFF95F856308DF8E2
:10985000090013B995F8583023B31548FBF7D7FA28
:10986000F7F75AFF8DF80A000F48F7F7B6FEF7F73B
:1098700089FF8DF80B000C48F7F7C1FE8DF80C003E
:109880000948F7F7B3FE8DF80D000748F7F7D5FE46
:109890000A238DF8050001AA14212046FFF717F9C5
:1098A00004B070BD0348D9E758320020FC02002004
:1098B000043300202033002073B504461B481C4DA0
:1098C000F7F78BFEF7F75EFF8DF800001748F7F704
:1098D00084FE95F85630064613B995F8583013B300
:1098E0001448FBF77DFA01463046F7F755FF8DF82F
:1098F00001000E48F7F783FE8DF802000B48F7F7DA
:1099000075FEFF238DF80300A8788DF80430F7F773
:1099100031FF06238DF805006A461D212046FFF71A
:10992000D6F802B070BD0448DBE700BF5832002013
:10993000FC020020043300202033002073B51D4CAE
:10994000054694F99200F7F71DFF94F992601A4CBE
:109950008DF8000094F8563013B994F8583023B3BA
:109960001648FBF73DFA01463046F7F715FF8DF82C
:1099700001001048F7F756FE00238DF8033094F8E5
:1099800056308DF8020013B994F858307BB10B486B
:10999000FBF73DFAC3B28DF804306A4605231C215B
:1099A0002846FFF794F802B070BD0548D9E704488F
:1099B000EEE700BF58320020FC02002004330020F4
:1099C0002033002030B595B04EF6EA631A49ADF861
:1099D0000030044614220DF10200F8F795F80DF15D
:1099E0000200F6F7D7FBC3B2DA1CD0B2694651FACF
:1099F00082F26D250DF800504C205070522090706E
:109A00005320D070312010716FF02B005071012065
:109A10005072042000219072113302209171D17193
:109A20001172D07211735173DBB26A46292120463C
:109A3000FFF74DF815B030BDB528010870B50546E3
:109A400094B005F16D06FFF7E5FE95F8BD203146AF
:109A5000684607F006FF95F8BD402846E4B2FFF7D8
:109A60002BFF95F8BD2031460DEB040007F0F9FE01
:109A700095F8BD301C442846E4B2FFF75FFF95F827
:109A8000BD2031460DEB040007F0EBFE95F8BD302C
:109A90001C44E4B222466946304607F0E2FE85F8EF
:109AA000BD4014B070BD00000038024B18BF01204B
:109AB000187070470406002070B5002A38D1042BB6
:109AC00071D89DB29BB3654C94F82830666A03F157
:109AD000030C5FFA8CFCF600BCF1070F666284F899
:109AE00028C040F28980053BDBB284F82830B1F809
:109AF00000C0DE400CF101030B8000F80C600EE0AA
:109B0000083BDBB284F82830B1F800C0666A0CF17B
:109B1000010E26FA03F3A1F800E000F80C3094F8E7
:109B20002830072BECD8013296B2B542CED870BDA2
:109B3000FF2AFCD1032B66D89DB2002BF7D0474CEF
:109B400094F828300026626A03F1040C5FFA8CFC5A
:109B5000120142F00202BCF1070F626284F828C0D1
:109B60007AD9043BDBB284F82830DA400B8803F161
:109B7000010CA1F800C0C2540CE0083BDBB284F831
:109B80002830626AB1F800C0DA400CF101030B80A2
:109B900000F80C2094F82830072BEED80136B2B22A
:109BA0009542D0D870BD2D4C626A03F5C06343EA7C
:109BB000423394F82820636202F10D05EDB2072DBF
:109BC00084F82850B3D90532D2B284F82820D34083
:109BD0000A88551C0D80835409E0083BDBB284F8E9
:109BE0002830626A0D88DA406B1C0B80425594F86D
:109BF0002830072BF1D870BD013296B2B5426346CA
:109C00003FF664AF93E7154C626A03F5E06343EAFD
:109C1000423394F82820636202F10D05EDB2072D5E
:109C200084F8285083D90532D2B284F82820D34052
:109C30000A88551C0D80835409E0083B626ADBB238
:109C400084F82830DA400B885D1C0D80C25494F8EB
:109C50002830072BF1D870BD63469FE7FC0E00202B
:109C60002DE9F047674C0027FF250F800570802500
:109C7000676284F82870A5779846002B00F0BB80B7
:109C800003F1FF3912FA89F9561EBA463A4609E03D
:109C9000554546D10137BFB20B8843453AD24E45B0
:109CA00000F0948016F8015F002AF1D16B1EDBB240
:109CB000FD2B32D83F2B62D905F14103DBB23F2B9C
:109CC00034D8636A94F828200135EDB245EA0325BB
:109CD00002F10803DBB2072B656284F8283015D93E
:109CE00084F828200B88D5405A1C0A80C55409E006
:109CF000083BDBB284F82830626A0D88DA406B1CBE
:109D00000B80425594F82830072BF1D800220B889D
:109D10004345C4D30020BDE8F0870127AA463A4650
:109D2000BAE7FBB25246FFF7C7FEBFE7636A94F893
:109D300028203F35EDB245EA432502F10903DBB2A5
:109D4000072B656284F82830E0D90132D2B284F85A
:109D500028200B88D5405A1C0A80C55409E0083BCE
:109D6000DBB284F82830626A0D88DA406B1C0B8005
:109D7000425594F82830072BF1D80022C7E7636AD0
:109D800094F828207F35EDB245EA032502F1080357
:109D9000DBB2072B656284F82830B7D984F8282015
:109DA0000B88D5405A1C0A80C55409E0083BDBB239
:109DB00084F82830626A0D88DA406B1C0B804255AB
:109DC00094F82830072BF1D80022A0E722B1FBB28B
:109DD0005246FFF771FE0B8894F8282062B1646A3E
:109DE000C2F108020125944005FA02F2013A224329
:109DF0005C190C80C2540B88984594BF0020012048
:109E0000BDE8F087FC0E00202DE9F04F47F26F739C
:109E10000022827003800B78A3F1FE03B3FA83F370
:109E20005B0983708A780D4612F001011CBF43F074
:109E300080038370D5F8202122F07F4222F0FF02B8
:109E400085B0044612B143F008038370AA68C2F3D8
:109E50001702FF2A1ED9B2F5803F18D363F07F03A3
:109E6000A37041F002014FF0020B09234FF00A0CDE
:109E70000822E1700B20CDF804C01E4617464FF0B3
:109E8000070E4FF006094FF0050A042117E043F0D2
:109E90000203A370180600F1D68008234FF0090CC6
:109EA00007220A204FF0000BCDF804C01E461746CB
:109EB0004FF0060E4FF005094FF0040A032195F804
:109EC000018004F8018004EB0108297904F80A10E4
:109ED000697904F80910A97904F80E10A178090726
:109EE00009D595F82111A15495F82211A1550346E1
:109EF000674662460646A968A154A278900707D52E
:109F0000BA1C1F46AB68C3F30F23A35596B2334662
:109F1000BBF1000F05D05A1C1F46AB7AA35596B271
:109F20003346A278D10606D55A1C1F4695F8233130
:109F3000A35596B23346454A127803F1010914FA43
:109F400089FA05F10C0B42B16B785A460DF10E01FE
:109F50005046FFF785FE00285AD16A785046594688
:109F60001FFA82FA07F07DFC2278394B6178D243E0
:109F7000D2B2072F9A5C82EA0102995CA27882EA47
:109F80000102995CE27882EA0102995C227982EA14
:109F90000102995C627982EA0102995CA27982EA03
:109FA0000102995CE27982EA0102995C1BD0227A73
:109FB0005140082F595C16D0627A5140092F595CE4
:109FC00011D0A27A51400A2F595C0CD0E27A51404C
:109FD0000B2F595C07D0227B51400C2F595C1EBFC0
:109FE000627B5140595CA1551AFA89F39BB2B5F8CE
:109FF0000C21E2545A1CB5F80C1192B2090AA15472
:10A00000AA78981CD20780B20BD405B0BDE8F08FB7
:10A01000A378BDF80EA043F04003A37088F800A019
:10A02000A2E7D5F81071D5F81811D5F814612750AA
:10A0300022180F335660916095F81C11117398B275
:10A0400005B0BDE8F08F4FF0000B0EE704060020CE
:10A050007C4201082DE9F84FAE4CAF4E0F468246C8
:10A060000146AD48154607F0FCFB00233B809E46A9
:10A070002384636284F82830802384F822304FF0F0
:10A08000FF08F14606E03B885A1C3A800AF8039024
:10A0900094F828E0BEF1010F5CD8218C8D4240F28B
:10A0A0009D80606A735C0EF1080C5FFA8CFC43EAD9
:10A0B0000023ACF1020B23FA0BF00EF1060200F0C4
:10A0C00003000131D2B202282184636284F828207F
:10A0D00000F08680032800F0888001281DD0002A27
:10A0E00040F08780228C954278D9B15C013241EAF8
:10A0F0000323228407211A06636284F82810C2D53C
:10A10000062184F8281013F0400F40F08D803B8822
:10A110005A1C3A800AF80380BAE7062A0BD8228C28
:10A1200095425BD9B15C013241EA03230CF106018F
:10A1300022846362CAB2073AD34003F07F037D2BC7
:10A1400084F828204AD83A884133511C39800AF8CB
:10A1500002309DE7636AAEF1020B23FA0BF000F0C8
:10A1600003005FFA8BF2022884F8282003D003282A
:10A170001CD0F446B1E7052A32D8218C8D422DD966
:10A18000705C0EF10602013140EA0323D2B2218451
:10A190006362063A84F828E0D340398803F03F032D
:10A1A0004A1C01333A800AF8013071E7052A1CD8AD
:10A1B000218C8D4212D9705C0EF10602013140EA09
:10A1C0000323D2B221846362063A84F828E0D340A4
:10A1D000398803F03F034A1C413BE3E7BDE8F88FB1
:10A1E000063A636A5FFA82FED4E7063A5FFA82FEB5
:10A1F000EBE70BF1FF3023FA00F0511EC9B2C007A4
:10A2000084F828107FF53FAF69BB228C9542E5D9D1
:10A21000B15C013241EA032307212284636284F89E
:10A22000281013F0800F70E74A1ED0B223FA02F212
:10A23000D20784F8280032D48446228C9542CDD9A6
:10A24000B05C013240EA0323C81D22846362C0B2BD
:10A25000A0F10802D34084F828C05FFA83FB388855
:10A260005A46002133E0013923FA01F0911EC9B2A8
:10A27000C00784F828107FF54AAF99BB228C95421D
:10A28000ACD9B15C41EA032301324FF0070C190647
:10A290002284636284F828C021D40821CDE70728EE
:10A2A00032D8228C954299D916F802C00731013272
:10A2B0004CEA032322846362C9B2083923FA01FB02
:10A2C00084F828005FFA8BFB38885A46FF215044F7
:10A2D00007F03FF93B889B44A7F800B0D8E66046FA
:10A2E0000821DEE701F1FF3CD01E23FA0CFCC0B2CE
:10A2F0001CF0010F84F82800D1D107289CD90B3A13
:10A30000636A5FFA82FCA3E7A0F108020146D0B2BB
:10A31000D3E700BFFC0E0020D00D00202DE9F04F48
:10A320005788B7F58F7F8BB0144606460BD90022AD
:10A33000227000226F2B628000F065810023337051
:10A340000BB0BDE8F08F12780E2A0D4624D80E2AE5
:10A3500000F2118101A151F822F000BF33A30008DF
:10A3600083A5000877A5000877A5000883A5000845
:10A3700083A5000883A5000883A5000883A500081D
:10A3800083A50008D1A5000877A5000877A50008D7
:10A3900077A50008F5A50008692A40F2EA806A2A34
:10A3A00040F0E9809C4FFA8A02F1FF3C1FFA8CFCD6
:10A3B000002A00F078820CF1030CDFF860E2BC4464
:10A3C000FF22B91C11F8010B424061451EF8022022
:10A3D000F8D1934200F0D08100222270C4F802200C
:10A3E000E280FA8A022AA9D939796F2900F02E83EE
:10A3F000032AA3D079796F2900F03883042A9DD0ED
:10A40000B9796F2900F03583052A97D0F9796F293A
:10A4100000F03E83062A91D0397A6F2900F04582F8
:10A42000072A8BD0797A6F2900F03583082A85D0E6
:10A43000B97A6F2900F03283092A3FF47FAFF97AA5
:10A440006F2900F02E830A2A3FF478AF397B6F29F9
:10A4500000F02A830B2A3FF471AF797B6F2900F05B
:10A4600026830C2A3FF46AAFB97B6F2900F0228360
:10A470000D2A3FF463AFF97B6F2900F01E830E2A8B
:10A480003FF45CAF397C6F2900F01D830F2A3FF445
:10A4900055AF797C6F2900F01383102A3FF44EAF3B
:10A4A000B97C6F2900F01283112A3FF447AFF97C81
:10A4B0006F2900F00E83122A3FF440AF397D6F29D7
:10A4C00008BF4FF012087FF439AF02F101091FFAFB
:10A4D00089F93A44A7F816905FFA89F993705049C0
:10A4E0004A4602A807F0BDF96F234FF0010CBB707C
:10A4F0004FF0000E6423A7F800E0A7F816C0237001
:10A5000008EB0C0399451FFA89F27FF617AF901EEE
:10A5100002A9A0EB08005A1E0B440A4413FA80F06B
:10A520004FF06A084FF007094FF0660A05E0002B6C
:10A5300040F0BE8190423FF401AFFB8A12F8011F48
:10A5400007EB030B01338BF80210FB822378092BF6
:10A55000EDD9A3F1640BBBF1050FEBD8653B042BE0
:10A5600000F2BA82DFE813F01F01170112010E0199
:10A570001B01632A05D800232370C4F80230E3804E
:10A58000DDE6254FFA8AB91801328B70FA822278FB
:10A59000092A00F2A480002A3FF4D0AE013A082A2A
:10A5A0003FF6CCAE01A151F822F000BF6DA8000823
:10A5B0003DA300083DA30008CFA70008CFA70008CF
:10A5C00057A8000823A8000891A8000841A800087F
:10A5D0007A1C6280104EEB55A088727F61888318C8
:10A5E0009942FFF6ADAE33785F0600F1E4810E23A9
:10A5F0002370A5E67A1C6280EB55E288638893425B
:10A6000010D201239BE604490A800122CA826422F7
:10A610008B702270002392E6FC0E00207C42010821
:10A62000FE0E00200023638023700223037042800B
:10A630002B78FD2B00F08780EB7803722B79437227
:10A640006B7943606A7808327280002240F285108C
:10A65000DFF8CCC27281FE210446013499424FEAF0
:10A6600054042ED849D38B4240F08A802B78FD2B9E
:10A670007FD04FF0060B2846DFF8A48210F801AF18
:10A680000BEB0A0909F1FF3189B2F7F75DFF04EB23
:10A69000440708EB8707ADF808003979019102A853
:10A6A000F7F72EFF05EB090215F8093052780199EA
:10A6B00003EB0223BDF808209BB29A421FD005236A
:10A6C0003DE6601E1418824204F1010780F06C819F
:10A6D00027F0010101EB57015CF82110BDE7A2F161
:10A6E000640105293FF62AAE653A042A00F2FD818D
:10A6F000DFE802F0817D797593002246E2E7BB79BD
:10A70000DA0706D5FA79924582BF521912F80B2062
:10A71000B2729B070BD56300234408EB83036A786E
:10A720001B7A9A4282BF5B1913F80B30F3724FEA1F
:10A730004409A14408EB8908317398F80530737314
:10A740000BB0BDE8F08F6B790372AB7943726B7A13
:10A75000297AEA791B0403EB0123134443606A78E6
:10A7600002F10C014180A978C9077FF56EAF19325B
:10A770006AE74FF00A0B7EE70A2201232270DEE52A
:10A780000323DCE5F97684F80090D3E64FF0680304
:10A79000B9762370CEE6797084F800C0CAE63977BE
:10A7A00084F80080C6E6397001F00103618887F8FB
:10A7B00001E0033B01F1010BA4F802B06B5497F9DF
:10A7C0000030002BACBF634653462370B2E662886C
:10A7D000511C6180AB54237801332370AEE507220E
:10A7E000FB76227016E76822BB76227012E7012200
:10A7F0007B7022700EE762883B70002103F001033A
:10A80000033B7970511C6180AB5497F90030002BE9
:10A81000C0F232810123237090E56A223B772270D7
:10A82000F8E66288511C6180AB543B787A78134318
:10A8300013F0020340F0D7806288511C6180AB5452
:10A840006288511C6180AB543B78D8064CBF6923A9
:10A850006A23237072E56288511C6180AB543B7897
:10A860001D074CBF67230723237067E562883A837F
:10A87000511C6180AB543A787B7712F0010200F0F2
:10A88000D08006220833A280E3800423237055E59C
:10A890006288511C6180AB547B7813F00203CFD0E7
:10A8A000092323704AE5FF2293E54FF006080CE6E2
:10A8B000013B082B3FF63EAE0FF2040B5BF823F092
:10A8C000F9A8000835A5000835A50008E5A8000886
:10A8D000E5A8000873A9000841A900088DA900088F
:10A8E00025A90008638803F1010BA4F802B0E9541C
:10A8F0002378013323701DE663883B8303F1010B4A
:10A90000A4F802B0E9543B78797713F001036DD0D5
:10A9100008310623E180A380042323700AE600BFE8
:10A920007C430108638803F1010BA4F802B0E954E9
:10A930003B78DB067FF534AF4FF069032370F9E510
:10A94000638803F1010BA4F802B0E9543B787978ED
:10A950000B4313F0020343D1618801F1010BA4F80A
:10A9600002B06B54618801F1010BA4F802B06B5482
:10A97000DEE7638803F1010BA4F802B0E9543B78E9
:10A9800019077FF500AF67232370D3E5638803F1D0
:10A99000010BA4F802B0E9547B7813F00203E1D074
:10A9A0004FF009032370C5E5574902EB42001446F6
:10A9B00051F8201057E602A92844FFF74BFB737F9C
:10A9C000BDF808106288CB1A9BB21A446280727F6D
:10A9D0001A447277E2881344E380338BE95406E625
:10A9E00008232370A6E508232370A7E40C31E18037
:10A9F00079784FF00A0B11F00101A4F804B028D0C7
:10AA0000618801F1010BA4F802B005F801C061886A
:10AA100001F1010BA4F802B06B54E3880D33E3801D
:10AA20007AE779780C33E38011F001014FF00A03E3
:10AA3000A38024D06388012158186080E95463887A
:10AA400059186180EA54E3880D331DE74FF002087E
:10AA50003BE5638803F1010BA4F802B0E954638875
:10AA600003F1010BA4F802B0E95455E74FF00308D5
:10AA70002BE54FF0040828E5662323705EE4638825
:10AA80005A1C6280E95463885A1C6280E954FCE6CF
:10AA90004FF0050819E54FF0070816E54FF00808D4
:10AAA00013E54FF0090810E54FF00A080DE54FF0E7
:10AAB0000B080AE54FF00C0807E54FF00D0804E518
:10AAC0004FF00F0801E54FF00E08FEE44FF01008BC
:10AAD000FBE44FF01108F8E477290ED084F800E089
:10AAE000C4F802E0A4F806E024E5772B09D000239F
:10AAF0002370C4F80230E38020E44FF06503237034
:10AB000018E56523237019E47C43010870B500F54E
:10AB1000EF66044600F5CA613046F7F746FE054683
:10AB2000A06803682A461B6931469847E06830B13F
:10AB300003682A4631461B69BDE87040184770BD5E
:10AB400008B50346806840B1B3F84C14B3F84A0422
:10AB5000F8F734F9003818BF012008BD03468068B3
:10AB600080B1B3F84C24B3F84A14914209D0991833
:10AB7000013291F85004B3F84E140A40A3F84C2463
:10AB8000704700207047836810B504467BB10023EE
:10AB9000A0F84C34A0F84A34C06810B10368DB69EF
:10ABA0009847A0680368BDE81040DB69184710BDEE
:10ABB000F8B5244F04463846F6F70FFDF6F779FD51
:10ABC000064697F99200F6F774FD05463846F6F703
:10ABD0000DFD1D4B84F8606693F8353084F861569E
:10ABE000333384F855366422442384F8622684F88B
:10ABF0005636FF22D4F8583684F864266D2262F364
:10AC00001703C4F85836C0F10A000023C4F85C36B4
:10AC100084F8713700B24FF43943A4F8723780F3E7
:10AC20000700092384F8630684F8743704F5CA60C2
:10AC300004F5A471F8F748F92046BDE8F840FFF79D
:10AC400065BF00BF583200207C03002010B5194BAF
:10AC5000194A93F83530C0F86026333380F85536FA
:10AC6000442380F85636D0F858366FF31703C0F8EF
:10AC70005836002380F85C3680F85D3680F85E3602
:10AC800080F85F3680F871374FF44853A0F8723778
:10AC900003220923044680F8642680F8743700F5FF
:10ACA000A47100F5CA60F8F70FF92046BDE810401E
:10ACB000FFF72CBF7C03002000088004F0B587B0AC
:10ACC00004460021102202A8019106F042FC484BE4
:10ACD00093F8352001AB03CB01ABC4F88006C4F870
:10ACE000841603CB01ABC4F88806C4F88C1603CBDA
:10ACF0003332D2B2C4F89006C4F8941601AB04F50E
:10AD0000D36505AF1E4603CEBE4228606960334658
:10AD100005F10805F6D133882B80442384F8563694
:10AD2000D4F8583684F85526942262F31703182174
:10AD30006FF05D02C4F8583684F85C16002384F87E
:10AD40006C262021282284F85D1684F85E3684F86B
:10AD50005F3684F8603684F8613684F8623684F8A9
:10AD6000633684F8643684F8653684F8663684F889
:10AD7000673684F8683684F8693684F86A3684F869
:10AD80006B3684F86D2684F86E3684F86F3684F856
:10AD9000703684F8713684F8723684F8733684F825
:10ADA000743684F8753684F8763684F8773684F805
:10ADB000783684F8793684F87A3684F87B3684F8E5
:10ADC00071374FF432430B4AA4F872374E2304F51F
:10ADD000CA60C4F87C2684F8743704F5A471F8F7C7
:10ADE00073F8204607B0BDE8F040FFF78FBE00BF04
:10ADF0007C030020D016CB0F38B504461C4884F8DD
:10AE00005E26002284F85F2684F8602684F8612696
:10AE100084F8622684F86326442290F8350084F88A
:10AE20005626D4F85826A4F85C1684F8643684F8BC
:10AE300071374D218F239DF8105084F8733761F3DB
:10AE400017020A23333084F8550684F8655604F552
:10AE5000CA60C4F8582684F8725784F8743704F529
:10AE6000A471F8F731F82046BDE83840FFF74EBE30
:10AE70007C030020F0B502298BB004460D461CD19E
:10AE8000414B42481B7800EB031000F58970F6F740
:10AE9000E9FC3F4B18603F4A0C236B43D718D3584B
:10AEA0003A7900210191511E082908D8DFE801F004
:10AEB000090962626666070769003029EBD90BB0A1
:10AEC000F0BD1B788DF8043000218DF8242005A8F2
:10AED0001022019E06F03DFBBF683846F5F75AF98F
:10AEE000C2B2102A394628BF102205A806F0B9FCC4
:10AEF000264BC4F85C6693F835209DF8243084F81E
:10AF000074363121333284F860160021D2B284F8CD
:10AF10006116A4F8625605AB04F2646609AF1D46DB
:10AF200003CDBD42306071602B4606F10806F6D1B4
:10AF3000442384F85636D4F8583684F85526162219
:10AF400062F31703C4F85836002384F871374FF4BE
:10AF50005C43A4F87237192304F5CA6084F8743787
:10AF600004F5A471F7F7B0FF20460BB0BDE8F04040
:10AF7000FFF7CCBD1B88ADF80430A5E71B68019333
:10AF8000A2E71B6801939FE7FC0200207C030020DE
:10AF900078060020040000202DE9F041884D894FFB
:10AFA0002B78142202FB037388B093F85530012BE1
:10AFB00004460E4618D191F8211197F8352049B171
:10AFC00002F13303DBB28B420ED196F822310BB182
:10AFD000442B09D1B368C3F31703172B52D006D8FB
:10AFE000142B2BD0152B41D008B0BDE8F08103F114
:10AFF00080734B3B23F07F43012BF5D833329142D2
:10B00000F2D196F82231442BEED1358DF06840F222
:10B0100007239D4200F0CF80B5F5027F00F0BC8091
:10B02000B5F5007F08D1F6F711F8942800F0B48048
:10B03000B0F5967F00F0BF800222B4E002A831464E
:10B04000F7F7FDFCBDF90800002804DA03A8F7F7BC
:10B050006DFE0028C8DB3028C6DCA4F8C208B4F8AE
:10B06000BA3843F01003A4F8BA38BDE7012384F8D6
:10B07000C0380023A4F8C238534B1B68643BC4F8A3
:10B08000C438B1E733329142AED196F82231442B25
:10B09000AAD196F80180B8F1160F06F10C012ED84E
:10B0A000424602A806F0DDFB02ABC8F11702002100
:10B0B00003EB080006F04DFA0DF10E00F7F736FE2F
:10B0C000B0F1000890DB414A9DF81E1008EB4803E0
:10B0D000980002EB83031B79994285D1B8F1300FB8
:10B0E0001FFA88F622DC0139029B125808291DD864
:10B0F000DFE801F01B1B39393B3B1C1C3D000B46B4
:10B1000002AA1C36186859689446ACE80300083354
:10B11000B3426246F6D11868CCF8000099889B7952
:10B120008CF80630ACF80410C6E713702878F9F7ED
:10B1300061FA2A78142303FB0273012183F8551066
:10B1400097F82D300BB987F82D10B8F1020F10D1F8
:10B150001F4B07EB0210196800F58970F6F7BCFB6E
:10B16000A4F8C2687BE71380E0E71360DEE71360B2
:10B17000DCE7B8F1000FF3D1164B1A78002AEFD0B4
:10B1800083F80080602323800F4B1B680BB1636042
:10B19000E6E74FF0FF33FAE7B4F8BA3843F00203BA
:10B1A000A4F8BA380022B37900937379294620466F
:10B1B000FFF722FE18E7B4F8BA3843F00403EFE7CC
:10B1C000FC0200207C0300206442002004000020D8
:10B1D000780600201431002010B52F4B1A782F4B21
:10B1E000142101FB0233044693F85530012B37D16B
:10B1F0002B4BD0F8BC281B689A1AB2F57A7F21BF76
:10B20000B0F8BA28C0F8BC3842F00102A0F8BA2859
:10B2100090F8C02862B1D0F8C4289A1A312A81BFA8
:10B22000B0F8BA28C0F8C43842F01003A0F8BA3811
:10B23000B4F8BA38DA0614D523F01003A4F8BA38F3
:10B24000B4F8C2182046FFF715FEB4F8C23801332F
:10B250009BB2302BA4F8C23802D9002384F8C0383E
:10B2600010BD980708D523F00203A4F8BA38204689
:10B27000BDE81040FFF722BD590702D523F00403B3
:10B28000F3E7DA07ECD523F00103A4F8BA38204637
:10B29000BDE81040FFF7DABCFC0200207C03002070
:10B2A0006442002038B5134B134A1B68C0F8BC3801
:10B2B000002380F8C038A0F8C238C0F8C438A0F81D
:10B2C000BA3813700D4B0E481B780E4D00EB03106F
:10B2D00000F58970F6F7C6FA0B4B02241860E0B24D
:10B2E000FAF73AFD01342F2C286305F10C05F6D14D
:10B2F00038BD00BF6442002014310020FC02002051
:10B300007C03002004000020780600206FF0FF037B
:10B31000036040F6FF23838000238360037370473C
:10B3200070B5404D404B04462878142202FB003291
:10B3300092F84F60032E02D9042E0CD0FEE73B4E4C
:10B340003668A66092F84C20032A18BF0021A26834
:10B35000E1601AB9FEE7A1600021F8E7142101FBC2
:10B36000003393F85130013B022B9EBF2F4B9B685B
:10B37000E360E3689A4200D1FEE70023C4E90433A6
:10B38000C4E95233C4E95433A3617F23A4F858318C
:10B39000F7F7DAFAA878022842D0431F58425841FA
:10B3A000234940F2FF12FEF77FFB0220A4F84E244F
:10B3B000204A0870002348708870C8701E491370B6
:10B3C00053709370D370C4F8DA31C4F8DE31C4F826
:10B3D000E231C4F81233C4F81633C4F81A33A4F8AF
:10B3E0004C34A4F84A341A4601330C2B0A70CA7044
:10B3F0004A708A7001F10401F6D1104B1B6803F505
:10B400007A7304F6A800C4F8A438FFF77FFFA4F805
:10B41000B828228062602046BDE87040FFF742BF36
:10B420000120BDE7FC0200207C0300205C0300201B
:10B43000390600200506002009060020644200208D
:10B4400003464078FF2808D01B68044A23F07F4356
:10B4500023F0FF03934208BF022070470001010060
:10B460000C4B02781B6810B51AB903F21B6383609A
:10B4700010BD90F90520002AFADD816840F21B64B6
:10B48000591AA142F4D98360013A0123427103732E
:10B49000EEE700BF6442002070B590F90530002B44
:10B4A00088B005460C461DDB4E78182E01F10C01C4
:10B4B0001AD8324601A806F0D4F901ABC6F1190238
:10B4C0000021981906F045F80E4903A8F4F758FE34
:10B4D00040B90198F5F7BAFD10B10B4BC3F8D4048D
:10B4E000FF236B7108B070BD0B4601AA24341868A5
:10B4F0005968164603C60833A3423246F7D11B7873
:10B500003370E1E7EC29010824070020007840B1FE
:10B510004B79834204D18879431E58425841704781
:10B52000002070475379032B10B504460AD14B799C
:10B5300003709379DB0943701079FDF77FF8E070B1
:10B540001368237110BD00007FB58B6833F07F4313
:10B5500005460C4600F6A8060ED18B79012B0BD1BF
:10B5600001A8F7F7BFF99DF80930082B04D001AA0C
:10B5700021463046FFF7D6FF21463046FFF7C6FF8B
:10B5800088B3A368C3F31703162B32D0F52B16D15B
:10B590006678012E29D8324604F10C0101A806F084
:10B5A00060F901ABC6F102020021981905F0D1FF44
:10B5B0009DF805309A1E5342534185F8AA3895F8F4
:10B5C000B83853B195F8B93821790C480133DBB25A
:10B5D000CB1A59425941F6F72DF8012385F8B838AE
:10B5E000237985F8B93804B070BDA389ADF804306B
:10B5F000DEE73046FFF750FFE1E700BF583200209A
:10B600007FB52E4E044600F11C05B4F85411B4F871
:10B610005621881A83B2000444BF80339BB20BB911
:10B6200004B070BD91421FBFB4F85811A318013285
:10B630000A4096F82D101ABF93F85A31A4F85621F3
:10B640000023022904F110022946684620D1FEF7A2
:10B6500065FE9DF80030022BD7D1E368DBB9A06806
:10B660000368BDF802201B692946984704F5CA669D
:10B670002A4669463046F7F775F931461048FDF716
:10B68000E9FF3146204604B0BDE87040FFF75CBFDB
:10B69000F7F7F0F9DDE70B4E69460020F7F7BAFB44
:10B6A000737833B1A068BDF80220036829461B698E
:10B6B0009847B378002BD9D0E068D1E77C0300200D
:10B6C00024070020050600200148FFF7B9BE00BF8F
:10B6D0004818002010B54E4C86B00021162268464E
:10B6E00005F037FF2046F5F78AFF94F88C308DF887
:10B6F00000008DF80130204694F88D308DF802302E
:10B70000F5F774FF94F8913094F890208DF80300C9
:10B710005B0002F0010203F00203134394F8A5203A
:10B7200043EA821394F8A62043EAC2139DF80B2043
:10B7300002F03C02134320468DF80B30F5F772FF00
:10B7400094F894308DF8083094F8923094F895205D
:10B750008DF8093094F896308DF80700DB009200E0
:10B7600002F0040203F0080313439DF80B2022F0BB
:10B770000C02134304F128008DF80B30F6F788FB18
:10B780008DF80C002046F5F706FF8DF80D0004F14A
:10B790001400F6F77DFB8DF80E0004F13C00F6F77F
:10B7A00077FB8DF80F002046F5F706FF8DF81000A7
:10B7B0002046F5F742FF94F8A7308DF81230154B6C
:10B7C0008DF811005B7C8DF81330FFF77DFF124B75
:10B7D0001A78931E5A425A4100F0030343EA0223A7
:10B7E0000E4A0F48127943EA4223BDF8142023F091
:10B7F000FC039B0522F4407222F003029B0D1343CD
:10B8000002216A46ADF81430FBF736FD06B010BDD4
:10B8100058320020180C00201D0700204806002088
:10B820006818002070B54C88B4F5427F03464FF08D
:10B8300000000AD80D780B2D77D8DFE805F0060F49
:10B840001C2C2F32383B54575B6DA2F1240462420A
:10B85000488062410A7083F809033EE04D2A01D016
:10B86000582A06D11A7002220A70002083F80903B0
:10B8700070BD0022F8E702F0FD003C2801D0212A2B
:10B88000F7D15A701A784D2A0CBF082203220A7089
:10B8900000229A70E9E79A700422DBE79A80052279
:10B8A000D8E7988800EB02229A800622DCE7DA804B
:10B8B0000722CFE7D88800EB022292B2002ADA8072
:10B8C0000CBF0B220A220A7000224A80012283F850
:10B8D0000923DB88B3F5407F01D80020C8E70020AA
:10B8E00008704880C4E7DA800922B3E79A800A2208
:10B8F0000A70EBE7B4F5407F3CBFE41822724A8837
:10B90000013292B24A80D88890429CBF0B220A70C2
:10B91000012283F80923E0E783F808230222087054
:10B92000488083F809230120A2E708704880D4E703
:10B93000CB88B3F5407F70B531D8242303700B78E2
:10B9400043704B7883700B784D2B14D1CB88C37028
:10B950008B88037105230022CD88D4189542A6B2A6
:10B9600010FA84F415D891F808232270CA8801329D
:10B97000981880B270BD8B78C3708B8803718B88E8
:10B980001B0A4371CB888371CB881B0AC3710823C0
:10B99000E1E78C180132247A845592B2DCE700206A
:10B9A000E8E700002DE9F74F16464A88B2F5427FD6
:10B9B00004460D462ED80B780A2B0FD9A3F164024A
:10B9C000032A03D90020287068802DE0653B8F4F43
:10B9D000022B33D8DFE803F063A4A70000210A2B71
:10B9E000F0D801A050F823F015BA00082FBA0008CB
:10B9F000C5B90008C5B9000873BA000881BA0008C3
:10BA00008DBA000893BA0008C5B90008C5B9000886
:10BA100001BB0008A6F124077E424FF000007E41E2
:10BA200068802E7084F8090303B0BDE8F08F6F2E94
:10BA30000CBF642300232B700020F3E716F0040FE3
:10BA400014BF4D2358233E7023703A78D1070ED48B
:10BA500012F0020F14BF21233E236370C2F3C00310
:10BA6000D20648BF43F00203A3700423E3E73C235C
:10BA7000F3E7A68005232B7084F809130020D3E791
:10BA8000A38803EB0623A3800623D4E7E6800723DD
:10BA9000F1E7E38803EB0623E3806523CBE70DF1B1
:10BAA00006007E70F6F754FE3978F6F749FEA7884F
:10BAB0002179F6F745FE390AF6F742FEE788A179C3
:10BAC000F6F73EFE390AF6F73BFE9DF80630B34224
:10BAD00006D000232B706B80032384F80933CDE755
:10BAE000002F0CBF66230A232B70012384F809332F
:10BAF00000236B80E288B2F5407FBFD92B70BDE791
:10BB0000B2F5407F3CBF121916726B8801339BB2AD
:10BB10006B80E2889A4201D866232B700123DCE710
:10BB20007E806723F9E7B7F8028097F8009008EB6A
:10BB300006284FF6FF730DF106001FFA88F84946F4
:10BB4000ADF80630A7F80280F6F7DAFC2679B4F8EB
:10BB500004A03146F6F7D4FC4FEA1A21F6F7D0FCE0
:10BB600094F806B0B4F806A05946F6F7C9FC4FEAB7
:10BB70001A21F6F7C5FC797804F10807F6F7C0FC3E
:10BB800052463946F6F7C8FCBDF8063043453AD16F
:10BB900019F0040015D086EA0B01E21D002398B2CB
:10BBA000824584F8081307D80223012000222A7056
:10BBB0006A8084F8093337E712F8010F01334140F6
:10BBC000EDE7A178F5F702FE217984F80803F5F78F
:10BBD000FDFDA18884F80803090AF5F7F7FDA179AE
:10BBE00084F80803F5F7F2FDE18884F80803090AF0
:10BBF000F5F7ECFDE28884F808033946F5F7ECFD2B
:10BC000084F80803D0E703230020CFE7AC300020FE
:10BC1000CB88B3F5407F2DE9F04104460D464AD864
:10BC20004B783C2B40D0A3F12100434243415B00C1
:10BC30002A784D2AAA7808BF43F00403D10748BFE9
:10BC400043F0080392074FF02402227048BF43F0EC
:10BC500010036F226270A370AB88E370AB881B0A7D
:10BC60002371EB886371EB88A71C1B0AA37138460C
:10BC7000F7F780F80822E071E988A2F108039BB287
:10BC8000561C8B42B6B204EB02080FD3063189B2C0
:10BC90003846F6F759FC88F80000000AA055E888F5
:10BCA0000A3080B2BDE8F0810123C1E72B441B7A42
:10BCB000A3543246E0E70020F4E700000F4B1A7867
:10BCC0000F4B142101FB023393F84F30032B02D9A1
:10BCD000042B10D0FEE70B4B1B680360002343606E
:10BCE000C0F81233A0F82236A0F8203640F2FF3315
:10BCF000A0F8243670470023EFE700BFFC020020C5
:10BD00007C0300205C030020F8B5B0F82026B0F8D2
:10BD10002236D21A93B2120444BF03F580639BB259
:10BD2000E62B044608D800F2163500F212362068D9
:10BD300003685B69984700B9F8BD206803689B6990
:10BD40009847314602462846FFF76CFD0028EED0A2
:10BD500004F6262729463846FFF75AFF00239AB2F1
:10BD60009042E4D9B4F82016B4F824C64A1C02EA7A
:10BD70000C02B4F822C694451EBF091917F803C077
:10BD800081F826C603F1010318BFA4F82026E6E7D0
:10BD9000F8B500F1080504460A46011D2846FFF7DC
:10BDA00001FEF8B1637A3E2B0DD1A37AA2899B07DD
:10BDB00005D529460C48BDE8F840FDF763BC42F6BE
:10BDC000FF739A42F5D004F6262629463046FFF73F
:10BDD000AFFD0246206801680F693146B847637AB3
:10BDE0003E2BE6D0F8BD00BF2407002003680BB14E
:10BDF000FFF7CEBF70470346006868B1B3F820264E
:10BE0000B3F82236D31A98B21B0444BF00F5806001
:10BE100080B2003818BF012070470346006880B127
:10BE2000B3F82226B3F82016914209D099180132AE
:10BE300091F82606B3F824160A40A3F82226704784
:10BE4000002070470346006838B10022A3F822267C
:10BE5000A3F820260368DB691847704710B504462D
:10BE60000548FEF790FE0548FFF7ECFF60680368A1
:10BE7000BDE81040DB691847A00F00206C230020AC
:10BE800010B5094B1A78094B142404FB023393F8BC
:10BE90004F30032B02D9042B02D0FEE7044B196864
:10BEA000416001B9FEE710BDFC0200207C030020C8
:10BEB0005C0300202DE9F34172B6434D434E444FDD
:10BEC000F7F78AFBF7F776FFF7F73CFBF7F72AFB64
:10BED000F7F72EFFF8F762FD2B783E493E48142213
:10BEE00002FB0311AB6C009300246A6C91F8513093
:10BEF00091F84F10F9F7E4FDC6E90444B460FF235C
:10BF00003373F7F7CFFC354B1C70F7F751FA344B0E
:10BF10003448D02283F83223F7F77AFB21463046A3
:10BF200003F05AFD304E4FF47A70F7F771FB02239D
:10BF3000C6E90444B4603373F7F73AFD2B4B1C7029
:10BF4000F7F76CFA2A4B4FF40052DA60F7F7B4FABD
:10BF50004FF004082348F7F75BFB41F28830C7F83D
:10BF60002880F7F755FB4CF25030C7F81880F7F7E8
:10BF70004FFB3046F7F784FA2146304603F02CFD9C
:10BF80004FF47A70F7F744FB95F85C2095F85B1056
:10BF90001848FBF7E7F895F85C101748FCF7BEFC6B
:10BFA00095F85D4015482146F6F71AF93CB1144B57
:10BFB000144A1A60144B154A1A60FAF7A9FD62B6C2
:10BFC00002B0BDE8F08100BFFC0200200433002075
:10BFD000000400487C0300205C0300205002002085
:10BFE00000E100E0E0930400203300205102002033
:10BFF000000800586818002024070020280F00209F
:10C0000054020020E525000858020020812F000876
:10C0100073B51648164C4FF6FF7103F01DFE2060F5
:10C0200023689B0712D5134E35798DB10F4808232D
:10C030006A46002103F0A1FCD6E90602DDE90013FF
:10C040009A4208BF884201D00023236002B070BD2D
:10C0500002236A460548294603F08FFC064BDA8B1B
:10C06000BDF800309A4218BF2560EFE70433002086
:10C070008C0F002048060020FC020020184B4FF4D3
:10C08000005273B5DA601748174C4FF6FF7103F092
:10C09000E3FD206023689B0712D5144E35798DB1DE
:10C0A000104808236A46002103F067FCD6E906021F
:10C0B000DDE900139A4208BF884201D000232360C3
:10C0C00002B070BD02236A460648294603F055FCBB
:10C0D000074BDA8BBDF800309A4218BF2560EFE7B6
:10C0E0000008005820330020880F00204806002058
:10C0F000FC020020044A00231370044A1380044AFF
:10C100001370044A137070479A0F00209C0F002090
:10C11000843300200C0C0020024B1878B0FA80F019
:10C12000400970479A0F00200D4A11780346A9B9BB
:10C1300010700C4A012010700B4A032B118009D09B
:10C14000042B01D083420AD1084B002283F8A4209B
:10C15000012070474FF4FA73138070470020704736
:10C160009A0F0020843300209C0F00203805002007
:10C17000034A00231370034A1380034A1370704765
:10C180009A0F00209C0F0020843300200A4A08B533
:10C19000138883B1013B9BB2138063B9074B1B78B3
:10C1A000032B02BF064B01221A70FFF7E1FF054B7C
:10C1B000002283F8FA2A08BD9C0F00209A0F002065
:10C1C0000C0C00206818002013B5C379212B12D164
:10C1D0000A4CF9F727F9FFF7CBFF94F8FA3A032B4B
:10C1E00006D10DF1070120468DF80730FBF7D4F991
:10C1F000002384F8FA3A02B010BD00BF681800208E
:10C2000010B50D4B1B78013B032B14D8DFE803F06E
:10C2100002090D072023BDE81040F9F7F3B82423E5
:10C22000F9E7BDE81040F9F751B92323F9F7EAF827
:10C23000024B00221A7010BD9A0F00208433002098
:10C24000034B01221A7000225A711A71704700BF05
:10C2500015310020054A064B12791B7F1AB105499A
:10C260005B22F9F78BBC04495B22FAE74806002001
:10C27000FC02002085330020E033002038B5114B4C
:10C280001A79054632B1014600221846BDE8384009
:10C29000F9F7C8BC0C4A0D495B23F9F75FFC7DB97F
:10C2A0000A48F8F79FFF0128044607D000280849EC
:10C2B000284614BF01240224F9F7A2FC204638BD09
:10C2C0000148EEE748060020FB310020A0310020A5
:10C2D00058320020024B1878831E5842584170474C
:10C2E0001D070020044B1B78022B06BF034B93F85D
:10C2F000A4000020704700BF1D0700203805002063
:10C3000010B50446FFF7EEFF70B10D4BD3F8AC301B
:10C3100042F6A002934208D80A492046F9F786FF60
:10C3200009492046F9F782FF10BD42F6A102934267
:10C33000FAD006492046F9F779FF0549F1E700BF31
:10C3400038050020FA290108302A0108662A010868
:10C350009C2A010810B50446FFF7D2FF2068074960
:10C36000F6F74CFE064B206819783031C9B2F6F763
:10C370009FFD04492046F9F759FF10BDD22A010854
:10C38000FC020020DC26010830B5044695B0FFF71A
:10C39000B7FF1E492068F6F731FE1D498B7863B15F
:10C3A0002F22023108A805F00AF91A492068F6F789
:10C3B00025FE206808A9F6F721FE17492046F9F75F
:10C3C00035FF16492068F6F719FE154B1B78022B2E
:10C3D00019D1144D95F8A4309BB1206805F1B00136
:10C3E000F6F70CFE0B492068F6F708FED5F8A81002
:10C3F0006846F5F72BFB69462046F9F717FF15B09D
:10C4000030BD0949F8E70949F6E700BFDC2A010811
:10C41000540F00207F280108DC260108002B0108AA
:10C420001D07002038050020072B0108E92D010811
:10C430002DE9F041254E264FDFF89880044600256F
:10C4400094F88D20EBB29A423ED994F88E30102B9E
:10C4500037D8DFE803F00913181A1C1E20222426FF
:10C46000282A2C2E303234002046FFF749FF94F85A
:10C470008E30013384F88E300135E1E716492046CD
:10C48000F9F7D4FEF3E71549F9E71549F7E7154938
:10C49000F5E71549F3E71549F1E71549EFE71549C0
:10C4A000EDE71549EBE71549E9E71549E7E71549D0
:10C4B000E5E71549E3E74146E1E73946DFE731467D
:10C4C000DDE7002384F88C30BDE8F081B72D01084A
:10C4D0007C2D01084B2D01081C2B0108402B010865
:10C4E0006E2B0108972B0108C32B0108EB2B0108C9
:10C4F000132C01083C2C0108652C0108A92C01080B
:10C50000CF2C0108F52C0108182D010838B590F83A
:10C510008E30044663B990F88F30012B01D9032B7C
:10C5200006D1FFF7DFFE18B920492046F9F77EFE55
:10C53000002594F88E102E2903D9002384F88C301E
:10C5400019E04B1C84F88E3094F88F30012B13D1F6
:10C550000846F9F7CBFB0028EBD10846F9F7D8FBE2
:10C560000028E6D12046F9F7E3FF013594F88D3035
:10C57000EDB2AB42DDD238BD022B05D10846F9F74A
:10C58000B5FB0028EED1D4E7032B07D10846F9F715
:10C59000BFFB0028CDD0FFF7A5FEF2E7002BE1D1CD
:10C5A0000846F9F7B5FB0028DCD0F4E7E32D0108D5
:10C5B0002DE9F043037993B00446C3B190F88C3071
:10C5C000013B032B19D8DFE803F00252575C0068E7
:10C5D00003685B69984768B1206803689B6998475E
:10C5E0000023A94984F88C302046F9F71FFE13B0C8
:10C5F000BDE8F0832046F9F7FFFFA44B1E6894F8CE
:10C6000085308BB1D4F88830F31AB3F5FA6F0BD9B3
:10C610009F492046F9F70AFE9E492046F9F706FE93
:10C62000002384F885306371994FDFF86C82DFF85E
:10C630006C92206803685B6998470028D7D020680F
:10C6400003689B6998470A280546C4F888601DD08E
:10C650000D281BD02C2819D03B2817D00146206864
:10C66000F6F726FC29462046F9F70CFEE1E713B061
:10C67000BDE8F043FFF7DCBE13B0BDE8F043FFF7C1
:10C6800045BF13B0BDE8F043FAF75EB8394620461F
:10C69000F9F7CCFD41462046F9F702FE50B10223DE
:10C6A00084F88C30002384F88E30002384F88530A1
:10C6B0006371BEE749462046F9F7F2FD0028EED146
:10C6C00077492046F9F7ECFD0028E8D17549204666
:10C6D000F9F7E6FD054618B12046FFF755FEE4E7F9
:10C6E00071492046F9F7DCFD40B12046FFF732FEE4
:10C6F000032384F88C30A4F88E50D6E76B4920468B
:10C70000F9F7CEFD50B12046FFF724FE032384F84D
:10C710008C304FF48073A4F88E30C6E7644920460D
:10C72000F9F7BEFD40B12046FFF714FE032384F85D
:10C730008C304FF40073EEE75E492046F9F7B0FD08
:10C7400040B12046FFF706FE032384F88C304FF4F7
:10C750004073E0E70AAA02A92046F9F701FE002883
:10C7600042D002A90DF10200F9F72EFC20B952497E
:10C770002046F9F75BFD98E79DF802502846F9F747
:10C78000C7FA20B1FFF7AEFD08B94C49F0E79DF8B4
:10C7900028303F2B0BD12046FFF7DCFD29462046F1
:10C7A000F9F7C6FE29462046F9F75AFE7DE70BB990
:10C7B0004349DDE72A460AA90DF10300F9F7EAFC2F
:10C7C00008B94049D4E72046FFF7C4FD2946204672
:10C7D000F9F7AEFE9DF80330002B3FF466AF05215C
:10C7E0003948F5F790FB60E738492046F9F758FDDE
:10C7F00090B135480621F5F786FB2046FFF7AAFDE4
:10C80000334B1B78022B05D02C492046F9F70EFD3F
:10C810003049ADE73049ABE730492046F9F740FDF4
:10C8200028B101212848F5F76EFB2D49A0E72D49D5
:10C830002046F9F735FD90B123480721F5F763FB52
:10C840002046FFF787FD224B1B78022B05D01B49A2
:10C850002046F9F7EBFC24498AE7244988E7244974
:10C8600001AA2046F9F724FD00285AD0019D092D80
:10C8700001D920497CE72046FFF76CFD1E4B1B7851
:10C880009D423DD11D4973E71A2E010864420020E4
:10C89000342E0108362E0108B0390108402E010857
:10C8A000322801088A380108452E0108482E01085F
:10C8B0004D2E0108532E0108592E0108E32D0108C1
:10C8C000752E01088D2E010844330020A02E01088A
:10C8D0001D070020A72E0108BE2E0108D22E010838
:10C8E000D72E0108EE2E0108F52E01080E2F0108A3
:10C8F000242F0108302F0108FC020020542F0108CA
:10C900002A461D480A21F5F700FB1C492068F6F766
:10C9100075FB05F13001C9B22068F6F7C9FA18496C
:10C9200026E718492046F9F7BBFC054640B101232C
:10C93000154984F88C302046F9F778FC134917E73D
:10C9400013492046F9F7ACFC28B1042384F88C3055
:10C9500084F88E50A9E60F492046F9F7A1FC08B1EA
:10C9600003213DE794F885100B4A0C4B00290CBFBE
:10C9700011461946FCE600BF44330020692F010828
:10C98000DC260108922F01087F2F0108982F01084B
:10C99000B52F0108BF2F0108002E01080C2E010839
:10C9A0000148FFF705BE00BF8406002010B5184BF4
:10C9B0001A78184B0446142000FB023393F85500F4
:10C9C000012822D12288930605D522F02002228058
:10C9D00005230B7010BD12F0400317D0FFF782FC47
:10C9E00028B1FFF799FB10B900230120F1E7606837
:10C9F00030B1094B1B681B1A312BF5D9002363603A
:10CA000022F0400222800623EFE700231846E0E7E9
:10CA1000FC0200207C0300206442002013B50DF1CD
:10CA200007010446FFF7C2FF18B19DF8070002B0E6
:10CA300010BD2080FBE700002DE9F04106460C46C2
:10CA40001546FFF74FFC70B1184B93F82D30581E68
:10CA5000012819D8164BB3F85861B3F85671002263
:10CA600091B28D4201D8BDE8F081B3F85401411C68
:10CA70003140B9421FBFC01814F802C080F85AC133
:10CA8000A3F854110132EBE7032B09D1094E0D44F1
:10CA9000AC42E8D014F8011B3046FFF7A7F9F7E7DE
:10CAA00070680368BDE8F0411B6918477C030020EB
:10CAB000A00F00206C230020F8B5214B214D1F79D9
:10CAC000CB78C3F3000385F895304B79C3F380131B
:10CAD00085F896300646C87840080C46F4F7E3FD22
:10CAE00085F892002379C3F3060385F893306379C0
:10CAF000227903F03F035B0043EAD21385F89430B8
:10CB0000E6B1DFB1A37803F0F003202B04D1204677
:10CB1000BDE8F840FFF758BBA2790B48E11D520869
:10CB2000FFF78AFFA17905F164004908F5F7B2F92A
:10CB300005F13C00BDE8F840F5F7A6B9F8BD00BF27
:10CB400015310020583200203C33002070B50546D6
:10CB5000B8B9184B184E1B78184A14794CBB022BE5
:10CB6000174812D1B17801F00701F9F7B5F8437908
:10CB7000C3B931460120FFF79FFF1248F4F708FDC3
:10CB800009E0114B114E1B78E6E701229342027037
:10CB900044710471EDD80B4880F89050BDE87040A6
:10CBA000F4F7F4BC0A4B1C745C825C61094B1C7189
:10CBB000DFE770BD960F0020A0310020480600205E
:10CBC0001531002058320020970F0020FB31002043
:10CBD000A00F00206C23002010B50246FFF782FB57
:10CBE000B8B10C4B93F82D30591E012904D8BDE87B
:10CBF00010400948FDF7A4BF032B04D1BDE8104045
:10CC00000648FFF7F8B850680368BDE810405B6954
:10CC1000184710BD7C030020A00F00206C230020CB
:10CC200010B50246FFF75EFBB8B10C4B93F82D3000
:10CC3000591E012904D8BDE810400948FDF78EBFF0
:10CC4000032B04D1BDE810400648FFF7E6B8506852
:10CC50000368BDE810409B69184710BD7C030020A5
:10CC6000A00F00206C2300202DE9F04FDFF8D880C2
:10CC700098F8004097B081460E461746002C48D1E0
:10CC8000324B1B78022B40D1DFF8C4B00DF1180AEB
:10CC900025465846ECB2FFF79FFF40B15846FFF7D4
:10CCA000BFFF0135402D0AF8010BF2D12C4629486F
:10CCB0002146F5F7EFF82848F5F7E6F827488DF80C
:10CCC000129090F8A4308DF80C30254B80F891909C
:10CCD000DB788DF80D3090F890308DF81130F4F746
:10CCE0007CFC8DF80E00F8F75BFC10F0010F0CBF18
:10CCF00033463B468DF814301A4B8DF8130093F8E9
:10CD00005A3043B9B74206D0FEE71148FFF7A6F8FC
:10CD1000D4E70024D2E71148F4F771FC98F800300A
:10CD20008DF810004BB9104A1048009406AB03A9C7
:10CD3000F8F74CFA17B0BDE8F08F0B4A0B4803A97F
:10CD4000FFF75EFAF6E700BF843300201D070020DE
:10CD50003C330020A83200208032002058320020CE
:10CD600015310020FC0200201C310020E03300209F
:10CD700030B4084C257925B10146204630BCF8F77F
:10CD80001BBD054C94F8A430013384F8A43030BCAA
:10CD9000FFF76ABF480600205832002008B5024657
:10CDA000FFF7A0FA18B9A2F82206A2F82006064B4F
:10CDB00093F82D30032B06D1136823B1BDE808404A
:10CDC0001046FEF7A1BF08BD7C03002070B500230C
:10CDD0009CB2A24200D870BD058886886C1C344085
:10CDE0004688A6421EBF2D18CE5CAE7103F101032A
:10CDF00018BF0480ECE708B56830FFF7E7FF08BD0F
:10CE0000A0F11400F7E7000038B50A4B93F82D3075
:10CE100000F5EF65022B0446284608D1FCF7F4FF25
:10CE20000246294604F24A40FFF7D0FF38BDF5F725
:10CE3000BCFCF5E77C030020F0B587B00446102267
:10CE400001A8F4F74FFE204B94F8A8C893F83520BA
:10CE500084F85EC64FF0FF33333284F85C3684F8D2
:10CE60005D36012384F85F3604F5CA67D2B201ABA0
:10CE700004F5CC660DF1140E1D4603CD75453060EA
:10CE800071602B4606F10806F6D184F85526442336
:10CE9000D4F8582684F85636142363F31702C4F8DE
:10CEA00058264DF2016284F871C7A4F8722784F8FD
:10CEB000743704F5A4713846F6F706F8394620466B
:10CEC000FFF7A2FF07B0F0BD7C0300202DE9FF4172
:10CED0000446B0F84C14B0F84A04F5F76FFFE36865
:10CEE0004BBBDD2808D804F5F37604F5ED75A06892
:10CEF00003685B69984710B904B0BDE8F081A06889
:10CF000003689B6998472A46034631466846F5F709
:10CF1000B1FD0028EBD09DF80030022BECD104F5D8
:10CF2000CA65324669462846F5F71CFD2946204663
:10CF3000FFF76AFF94E0DD28DED84D4D2B780133F2
:10CF4000DBB2012B2B700FD900232B70A068036874
:10CF50005B69984750B901232B70E06803685B69EF
:10CF6000984730B9287004E0002BEFD02B78012BC4
:10CF7000F3D004F5F37604F5ED772B78002B36D15A
:10CF8000A06803685B69984788B3A06803689B69D9
:10CF900098473A46034631466846F5F76BFD002848
:10CFA000EBD0DFF8D08069460120F5F733FF98F821
:10CFB000023033B1E068BDF80220036831461B69D6
:10CFC00098479DF80030022B11D104F5CA6732460C
:10CFD00069463846F5F7C6FC98F800301BB139466B
:10CFE0002046FFF711FF39462046FDF7D5FF04F232
:10CFF0001E3604F212372B78012B7FF47DAFE068E8
:10D0000003685B69984700283FF476AFE0680368DF
:10D010009B6998473A46034631466846F5F72AFD2C
:10D020000028E8D0134F69460220F5F7F3FE7B781D
:10D0300033B1A068BDF80220036831461B699847E8
:10D040009DF80030022B7FF457AF04F5CA653246D5
:10D0500069462846F5F786FC3B78002B7FF466AFDF
:10D060002946204604B0BDE8F041FDF795BF00BF5A
:10D070004406002005060020264B70B51E680446B5
:10D08000FFF730F958B9C4F8A468A4F85601A4F819
:10D090005401A4F84C04A4F84A0484F8B8081E4DBE
:10D0A00095F82D30013B012B33D82046FEF7A8FA26
:10D0B0002046FFF70BFF194B1B78142202FB035588
:10D0C00095F8525095B1D4F8A438F31AB3F57A7F95
:10D0D0000FD3C4F8A468012504F6A800FEF7C0F930
:10D0E0004DB12046BDE87040FDF762BDC4F8A468AC
:10D0F000F2E70025F0E794F8B4382BB1084984F83A
:10D10000B4582046FFF798FE2046BDE87040FEF771
:10D1100063B870BD644200207C030020FC02002044
:10D12000EC2901082DE9F04F994D2B78012B87B0A0
:10D1300000F2EA800BB9F6F7E5F8FEF7BBFE954B77
:10D1400000221A809A70944B08229A6207244CF2AB
:10D150005030013CF6F716FAF6F75AFA14F0FF04CD
:10D16000F5D18E4B8E489C701C8002F0A4FD0138D6
:10D1700080B24FF6FD76B04203D98A490120F8F714
:10D1800079FD894802F097FD013880B2B04202D99A
:10D1900086490220F3E7864B1C60864B1C60864C58
:10D1A00094F8563013B994F858301BB183497C4831
:10D1B000F7F73CFE94F8573013B994F859301BB187
:10D1C0007F497948F7F73FFE7E487F4FF8F704FA2A
:10D1D00094F82A30029394F829300193A38D009398
:10D1E00094F82830626A94F820103846F7F738FE31
:10D1F00094F83A30029394F839300193A38F009356
:10D2000094F8301094F83830626B07F1DC00002697
:10D21000F7F726FE6D4B3E74FF2287F8EC60384628
:10D220001A705A70F7F788FE01465D4802F0F9FB64
:10D2300007F1DC00F7F780FE01465B4802F0F1FBE6
:10D24000634B1E80634B1E70634B1E70634B1E80CE
:10D25000634B1E80634B1E70634B1E80634B1E70BE
:10D26000634B1E70634B1E70634B1E70634B01203B
:10D270001E70FEF73FFFFEF757FFB4F84C30B4F8CE
:10D280004E2094F840105E48F4F742F9B4F84C1080
:10D290005C48F4F77AFC5C48F8F7F4FC22785B4BC6
:10D2A0005B48142101FB023393F84E10F4F7A0FF02
:10D2B00058495948FEF734F85848FEF7FFFC5848DB
:10D2C0005449FEF7DDFD5748F8F7BCFF94F8563097
:10D2D0001BB994F85830002B48D03148F7F797FD28
:10D2E0005148F4F719FE5148F4F7ECFD5048F4F7B3
:10D2F00041FF504A002313704F4A13804F4A138056
:10D30000F6F720FDFF232B70F6F726FD2A4C324E50
:10D31000002800F0BC80344A13880BB1013B138015
:10D320002B4A13880BB9B4F84C30013B9BB2012B4C
:10D3300013801DD1274A1370FEF728FF3378002B86
:10D3400040F0A580274B134A19781388022918D179
:10D35000DBB1013B9BB213809278002A72D0002B84
:10D3600079D1F6F701F9F6F70DF974E00E48B5E753
:10D37000002BE1D101233370314B5A6A174B1A80CD
:10D38000DAE7002BE5D1C723E5E740F2F313E2E744
:10D3900042310020920F002000040048540F00206A
:10D3A00004330020CA2F010820330020D42F0108A5
:10D3B000880F00208C0F0020FC02002000030020BA
:10D3C0000C03002048060020180C002043310020E8
:10D3D0003C340020900F00200D0C00201231002062
:10D3E000980F00201D070020200700201E070020A6
:10D3F0001C070020970F0020960F00209E0F002092
:10D400005832002070330020153100207C030020AA
:10D41000280F00207C180020A00F00206C23002083
:10D420003C33002084060020544200204433002076
:10D430001407002040310020803300208233002078
:10D44000004401400229A44840F0EE800BB9F6F7F1
:10D450008BF808238362A14F3B88002B40F0EA80C1
:10D4600040F2E7333B809E48F8F742F994F8563093
:10D4700023B994F85830002B00F0F5809948F7F75D
:10D48000C6FC3B881BB998499848F5F7A9FD984F09
:10D490003B88022B00F0E980042B00F04F81012B28
:10D4A00019D1944B197C5A7C93F8ED000131C9B223
:10D4B0008A4298BF002193F8EC2019740132D2B24D
:10D4C000904298BF002283F8EC208B4B187AFFF72C
:10D4D0004FFC02233B8094F8563013B994F858302F
:10D4E000A3B3DFF81882D8F800307BB33B88032B56
:10D4F00040F04081D8F80030DA070ED5804A00238A
:10D50000C8F80030137843F00101117094F85A20E4
:10D510000AB19B0701D504233B80D8F80030ABB19A
:10D52000D8F80030D8F80030990748BFD8F8003054
:10D53000D8F80030DA07734A48BFD8F80030002323
:10D540001370714AC8F800303B80137094F857305C
:10D5500013B994F85930A3B3DFF8B081D8F800308C
:10D560007BB33B88032B40F01581D8F80030DB07F4
:10D570000ED5634A0023C8F80030137843F0020147
:10D58000117094F85A200AB1D80701D504233B80C2
:10D59000D8F80030ABB1D8F80030D8F800309A078E
:10D5A00048BFD8F80030D8F80030564ADB0748BFEB
:10D5B000D8F8003000231370534AC8F800303B807D
:10D5C00013703378002B00F031820023454833700C
:10D5D000F7F795FB4E48DFF82CA1DFF82CB1DFF808
:10D5E0003481F7F78CFB94F8563094F85760002B91
:10D5F00000F06F81002E00F07B819BF80030002B43
:10D6000040F0D9809AF80060003E18BF01269AF8D1
:10D610000030012B94BF00230123002E40F07581C0
:10D620001E46FEF70DFEDCE010228262002B7FF426
:10D6300012AF98E6013B9BB23B80002B7FF413AF07
:10D640002278354B142101FB023393F85330022B1F
:10D650007FF409AF314B1B78002B3FF404AF2D480A
:10D66000F3F7E0FFFFE62A4809E72D4B2D4A5B6AF6
:10D6700012889B1A9BB240F2ED2293427FF62BAFA9
:10D68000294B2A484FF0000883F80080F8F7D4F9B6
:10D690001848F7F751FC0146124802F0C2F9244835
:10D6A000F7F74AFC01461A4802F0BBF9124B187A08
:10D6B000FEF7D0FD03233B80114B1E4883F800800A
:10D6C000124BC3F800800D4BC3F800801A4B0122A7
:10D6D0001A71F4F725FCFEE60004004880330020B0
:10D6E00048060020043300203625010800000020F1
:10D6F000980F0020180C0020703300208C0F0020A1
:10D700009E0F0020970F0020960F0020880F00200A
:10D7100020330020583200207C0300201C0700200A
:10D720000044014012310020900F002043310020BE
:10D73000F40C0020544200202407002094F85630B6
:10D7400023B1A448F5F75AFEF7F7CDFA94F857300D
:10D7500023B1A148F5F7A4FEF7F7C5FA9F4A0523C0
:10D760003B80002313709E4A13709E4A13609E4AAA
:10D770001360B0E6052B7FF4D0AED8F800309807E0
:10D780007FF5CBAE0020C8F80000FEF777FD944B84
:10D790001870C2E6052B7FF4FBAED8F8003099076D
:10D7A0007FF5F6AE00230120C8F80030FEF766FDD5
:10D7B0008A4B1870ECE6012B3FF429AF94F85730F0
:10D7C000002B00F0A48098F98D30009398F98C30EC
:10D7D0009AF800209BF800108448F4F7BFF9FFF78F
:10D7E000B5F994F858009BF800109AF8002094F8C6
:10D7F0005930002800F08D80002B00F08F8098F9C0
:10D800008D30009398F98C307948F4F7D9F9DFF826
:10D81000E49199F8103088F8A7309BF80030012B7C
:10D8200094BF0023012388F8A5309AF80030012B1B
:10D8300094BF0023012388F8A630DFF8BC8198F854
:10D8400000303EB1002B6CD0012B70D06B4BB4F884
:10D8500050201A8098F80030022B04D1674B1B88A7
:10D860000BB988F8003098F8002000230120022A24
:10D8700038808BF800308AF8003006D060490B7091
:10D880001AB9FEF775FCFEF74FFC5E4A13880BB918
:10D89000B4F84E30013B9BB2138013B95A48F3F7EA
:10D8A000CFFE5948F3F771FE98F80030022B02D0F2
:10D8B0005548F3F713FE554B1E78002E61D0544B9C
:10D8C00008229A6110229A61F7F74CF801232B7015
:10D8D00061E06EB19AF80030012B94BF002601265A
:10D8E000002B3FF49EAE94F8573083B1012076E7C9
:10D8F0009BF80020012A94BF00260126002A3FF44D
:10D9000090AE002B7FF45AAFEDE71E4656E700209D
:10D9100065E71BB1364B01221A7278E7344B0022BF
:10D92000FAE7012288F800203A4A13708EE7394A54
:10D93000394E137830780133DBB21370D8B994F8CC
:10D940005420934282D3354991F8A43043B9344BE3
:10D950001B792BB988B1FEF70BFC012381F8A430A9
:10D96000337813B92848F3F70CFE022388F8003007
:10D97000012333706AE70522E3E72A490C20FFF709
:10D98000FEBB2748F7F7DEFEF7F708FF012804463D
:10D9900004D003289AD007B0BDE8F08F2048F7F7ED
:10D9A00061FE41F28833A9F8D630A9F8B231184B9C
:10D9B00089F8D4401022A9F8D86089F8B041A9F8B4
:10D9C000B4619A6108229A62174B88F800609C70D3
:10D9D000E1E700BF0433002020330020970F002030
:10D9E000960F0020880F00208C0F0020413100206E
:10D9F00070330020180C00201D0700202007002095
:10DA00001531002082330020583200200C0C0020F9
:10DA1000000400481E0700201C07002038050020D5
:10DA200048060020DF2F0108920F002094F85B3099
:10DA3000834EEBB183498448F9F7D0FB68B1227873
:10DA4000824B142101FB0233012293F84C30032B4B
:10DA500004BF012333707C4B1A717B480DF1130115
:10DA6000F9F7D4FB20B19DF81330F3B1012B1FD08F
:10DA700094F85B3023B994F85C30002B00F0F6800A
:10DA800071480DF11301F9F7E6FB50B39DF813301F
:10DA9000033B0F2B25D8DFE803F01624242424248D
:10DAA0002448244C6373787E7A7CFDF713FEDFE70D
:10DAB000654805A9F9F7FEFB0028D9D09DF81400A8
:10DAC000F9F79EFED4E7F6F75DFF614B1B78022B5A
:10DAD0004FF0030822D10420FEF726FB5A4B83F8AF
:10DAE000FA8A94F85C30002B00F0C0805549594800
:10DAF000FAF760FF08B101233370B4F84C205548A1
:10DB000004A9FAF779FF00284FD09DF81030052BB3
:10DB10004BD8DFE803F0475F63676B914A488DF8A5
:10DB2000148005A9F9F738FDDBE74B49A1F1330073
:10DB3000F8E7DFF8148105A908F13300F9F742FE90
:10DB40000028CED09DF81430002BCAD0404B187856
:10DB50000228C6D1FEF7E8FA0C2388F8FA3AC0E7A3
:10DB60003B4B1B78022B07D10320FEF7DDFA364B27
:10DB70000D2283F8FA2AB4E7384B01221A70B0E775
:10DB800001213748F4F7BBF9ABE70221F9E703219C
:10DB9000F7E70821F5E72C4B324893F83310F4F7F8
:10DBA000EDFA9EE72B48FBF735FEDFF8A8800DF174
:10DBB00011014046FAF756FF002857D09DF8113062
:10DBC000022B51D8002B00F09B8025480121F4F74F
:10DBD00098F94BE01F48FBF76FFEE6E71D48FBF79F
:10DBE000ADFEE2E71B48FBF729FFDEE716480DF123
:10DBF0001201F9F75FFB18B19DF81200F9F700FE6A
:10DC000011480DF1130205A9F9F796FA30B19DF804
:10DC1000132005990F48FAF779FFC6E7FEF762FB74
:10DC20000028C2D0094B93F82D30013B022BBCD801
:10DC30000848FBF773F9B8E70648FBF7C3FEB4E7FB
:10DC4000403100201C310020681800207C03002097
:10DC50001D070020240700209B1800200C0C00202A
:10DC60004433002014070020032B4FD094F85D307C
:10DC700023B150495048F4F7E2FB08B93378C3B1F7
:10DC8000002333704D4E23784A494D484FF0140815
:10DC900008FB036393F84D20F3F716FC23784549FE
:10DCA000484808FB036696F84A3096F85620F7F77E
:10DCB000EDFE454B1B78002B7FF46DAE3B88022BAD
:10DCC0003FF469AE4148FFF7D7F94148FFF766F8DE
:10DCD0004048F4F732F94048F4F7FAF810B93B48F5
:10DCE000FEF79CFE431E102B60D8DFE803F03F4692
:10DCF0004D5F192D375F5F4F5F5F5B5F575F570069
:10DD000098F869103548F4F739FAAFE798F8162013
:10DD10003348023AD2B208F11801F9F7F8F9A5E749
:10DD2000304B1878022805D1FEF7FEF92C4BFF2264
:10DD300083F8FA2A2948F4F735FA00283FF42BAE85
:10DD4000294B01221A7026E6264B1B78022B01D1A3
:10DD50000320E9E7244B01221A70EBE7F6F712FEE5
:10DD6000204B1B78022BE5D10420DDE71F4B1A79ED
:10DD7000002ADFD101225A71DCE71C4B1A79002AF4
:10DD8000D8D001229A71D5E7F5F76CFA1248F4F76A
:10DD9000BFF8C1B21148F4F7F1F9CBE70E48F4F738
:10DDA000B9F8C7E70C48F4F7B3F8C3E704283FF421
:10DDB0008DADBFE71C310020280F00207C03002020
:10DDC0007C06002043310020900F0020A00F00208F
:10DDD0006C2300205442002044330020140700200C
:10DDE000681800201D0700200C0C002048060020A9
:10DDF00008B5FFF797F9FCE7544B554A554870B5FD
:10DE00001A60554B554A1A60554B564A1A605A616A
:10DE10009A62DA63544A1A655A66544A9A67544AAF
:10DE2000544B02F10801283200245A6140F2FF12DB
:10DE3000C3E91A427F25504A1960C3F87022C3F81B
:10DE40006C42C3F8744AC3F8785A4C4B03602123E0
:10DE500080F80C3100F1DC03C0F81031102380F899
:10DE6000143100F1C403C0F81C310F2380F82031B5
:10DE70001E2380F8243100F1F403C0F82831062372
:10DE800080F82C31072380F8303100F1FA030222A8
:10DE9000C0F83431092100F1FC0380F8182180F822
:10DEA000382180F83C11C0F8403180F850210D2213
:10DEB00080F8542100F20112C0F858210A261122DC
:10DEC000032380F8486180F8602100F1FF0600F527
:10DED000827280F84431C0F84C6180F85C31C0F83F
:10DEE000642180F87831082200F1D30300F1EC06B8
:10DEF00080F8682180F86C2180F87421C0F87C31AA
:10DF000080F88011C0F8706100F5EA70FAF7B4FB90
:10DF10001B4B1C4A1A601C482146F3F785FA1B4B21
:10DF20001B4AC3F84C24C3E95545A3F84A44194B8E
:10DF300040F2FF32C3F82426C3F82046164B174A96
:10DF40001A60174B174A1A6070BD00BF04330020D7
:10DF50000030010824070020203300202830010869
:10DF600058320020902601087826010884260108EE
:10DF700038590108681800200000FF0730590108CF
:10DF8000280F0020403101087C060020A00F00204F
:10DF90000000FF016C2300203C330020EC580108F6
:10DFA000544200201C59010830B59BB020220021AA
:10DFB0000BA803F0CEFA1822002102A803F0C9FA38
:10DFC0001C4A136823F4C06343F40073136013689E
:10DFD00003F4C0630193019B01224FF48033CDE928
:10DFE000082300230A9310210623CDE915134FF4CB
:10DFF00000330224032517934FF0005C4FF00073A9
:10E0000008A8CDE91345CDE9183C00F095FB08B10F
:10E0100072B6FEE7CDE90400CDE906004F232146A4
:10E0200002A8CDE9023500F021FE08B172B6FEE784
:10E030001BB030BD00040058104B07B51A6842F4FD
:10E0400080721A601A6842F400721A601A6822F428
:10E0500080621A6000F0F0F8FFF7A6FF4FF0B043BF
:10E06000DA6C42F00102DA64DB6C03F00103019325
:10E07000019B03B05DF804EBFFF7BABE0040005807
:10E080007047FEE7FEE7FEE7FEE7FEE770477047F2
:10E090007047F5F771BE0120704708B503F0ACFB7F
:10E0A000162303604FF0FF3008BD08B503F0A4FB52
:10E0B00016230360FEE770B50D4614460E46731B2B
:10E0C0009C4201DC204670BDAFF3008006F8010BD6
:10E0D000F5E770B50D4614460E46731B9C4201DCF5
:10E0E000204670BD16F8010BAFF30080F5E74FF046
:10E0F000FF3070474FF400534B6000207047012001
:10E1000070470020704700000B4A116810B50346A5
:10E1100009B90A491160106809490A4C0344091BEE
:10E120008B4206D903F068FB0C2303604FF0FF30ED
:10E1300010BD1360FCE700BF60420020F0430020E8
:10E140000000012000040000704700000D488546D3
:10E15000FFF7FAFF0C480D490D4A002302E0D4589E
:10E16000C4500433C4188C42F9D30A4A0A4C002321
:10E1700001E013600432A242FBD303F043FBFFF73C
:10E180005BFFFEE70000012000000020DC02002011
:10E1900054600108E0020020EC430020FEE77047D5
:10E1A0004FF0B04310B59A6B4FF0FF329A63D96BC2
:10E1B000DA630024996B9C63D96BDC63196C1A6475
:10E1C000196C1C64596C5A64596C5C64996A9A6243
:10E1D000996A9C62D96ADA62D96ADC62196B1A633D
:10E1E0001A6B1C63FFF7DBFF204610BD38B5104CDF
:10E1F000237805460BB9012038BD00F08DFA22784E
:10E200004FF47A73B3FBF2F3B0FBF3F000F074F861
:10E2100004460028EFD10F2DEDD8024629464FF0D5
:10E22000FF3000F037F8034B20461D60E4E700BFE5
:10E23000700200207402002010B5032000F018F8CE
:10E2400000F06AFA064B18600F20FFF7CFFF044674
:10E2500018B9FFF715FF204610BD0124FBE700BFEA
:10E260006C020020014B1868704700BF6442002018
:10E270000749CA6822F4E0620302120403F4E0636F
:10E28000120C134343F0BF6343F40033CB60704779
:10E2900000ED00E0164B30B5DC68C4F30224C4F195
:10E2A0000703251D042B28BF0423062D4FF0FF353F
:10E2B0008CBF033C002405FA03F321EA0303A540C5
:10E2C00022EA0502A340002843EA0203ACBF00F1A2
:10E2D0006040084A4FEA0313B8BF00F00F00DBB2FA
:10E2E000AABF00F56140135480F8003330BD00BF71
:10E2F00000ED00E014ED00E00138B0F1807F0BD2BA
:10E300004FF0E023054A5861F02182F823100020E5
:10E31000072298611A6170470120704700ED00E004
:10E320000A4A536943F4802330B55361EFF31084F4
:10E3300072B60023CD58C5500433B3F5807FF9D1B0
:10E340001369DB03FCD484F3108830BD004000580F
:10E35000064B5A69002ABFBF054A9A6002F188320B
:10E360009A60BABF5869C00F00207047004000583B
:10E3700023016745044B5A6942F000425A615869CB
:10E38000C043C00F704700BF0040005870B505463D
:10E39000FFF768FF124E04463369D90313D433697B
:10E3A000DA0744BF012232614CF2FA32134011D134
:10E3B0000B4E306910F480200BD0FFF753FF001B89
:10E3C000A842F6D304E0FFF74DFF001BA842E3D3B9
:10E3D000032070BD024A1361024A01205360F8E72E
:10E3E00000400058684200202DE9F041184D984641
:10E3F0002B78012B06460C46174626D001232B709E
:10E400004FF47A7000236B60FFF7C0FFA0B9012EB4
:10E4100016D1104A536943F0010353612760BFF3DB
:10E420006F8FC4F804804FF47A70FFF7AFFF094A8A
:10E43000536923EA0603536100232B70BDE8F08182
:10E4400039462046FFF76CFFEDE70220F6E700BFF4
:10E450006842002000400058054A536923F47E7347
:10E4600043EAC00040F4803040F002005061704741
:10E47000004000582DE9F041234F3B78012B054621
:10E4800088463FD001233B704FF47A7000237B60B5
:10E49000FFF77CFF044688B92B68042B13D11B4A75
:10E4A000536943F4803343F0040353614FF47A70AB
:10E4B000FFF76CFF0446154B1A681B6800233B707E
:10E4C0002046BDE8F0814FF0FF33C8F800306E6899
:10E4D000D5E901321344B3420AD93046FFF7BCFFF5
:10E4E0004FF47A70FFF752FF50B1C8F8006004464D
:10E4F000064A536923F47E7323F002035361DAE77B
:10E500000136E5E70224DBE76842002000400058BE
:10E51000024A136843F48073136070470004005884
:10E52000024B186800F4C060704700BF0004005838
:10E530004FF0B0431868C0F3404070474FF0B0430D
:10E540001868C0F3400070474FF0B042536823F49E
:10E550007F4343EA0023536070474FF0B04318688D
:10E56000C0F34060704700007FB54FF0B0432C4AC5
:10E57000D3F80831C0F3031003F00F0352F8204022
:10E58000284A52F82330B4FBF3F4FFF7C9FF264BB7
:10E59000054693E80700B5F5007F04AB03E90700E3
:10E5A00010D0224B9C4218D303F5B70303F67F53D8
:10E5B0009C4229D903F5741303F510639C4225D8B6
:10E5C00002230BE01A4B9C4207D91A4B9C421BD9E1
:10E5D00003F5370303F5D853F0E7002304AA02EB51
:10E5E000830353F80C4C144D2B6823F0070323438B
:10E5F0002B60FFF737FE06462B6803F007039C42AB
:10E6000006D1002004B070BD0123E7E70024EAE74B
:10E61000FFF728FE801B0228EED90320F2E700BF97
:10E62000E85901088859010820250108C0CF6A006F
:10E63000BFEA21013F933402004000584FF0B0433D
:10E6400010B59A68D96812F00C0205D00C2A4AD18C
:10E6500001F00303012B50D14FF0B0412B480B6860
:10E6600013F0080306D00B6813F0080337D1D1F874
:10E67000941007E00C68240756BFD1F8943009685D
:10E68000C3F3032350F82330002A0CBF18460020A0
:10E690004FF0B0418A6802F00C020C2A1ED1CA6801
:10E6A00002F00302022A2ED0032A06D10B68184A70
:10E6B00013F4801F174B18BF13464FF0B042D068B9
:10E6C000D168D268C0F306205843C1F30213013366
:10E6D000B0FBF3F0530F0133B0FBF3F010BD0B6848
:10E6E000C3F30313CEE7042A0AD0082A05D11B6816
:10E6F00013F4801304D10748CAE700231846C7E77C
:10E7000003480023C4E7024BD7E700BFE8590108DC
:10E710000024F4000048E80108B5FFF78FFF4FF030
:10E72000B043044A9B68C3F3031352F82330B0FB91
:10E73000F3F008BD885901082DE9F041044600288E
:10E7400053D04FF0B0439D68DE6803689B0605F028
:10E750000C0506F0030668D5026A1DB10C2D46D1E2
:10E76000012E44D1002A40D04FF0B043A16A1A686C
:10E77000170756BFD3F894301B681B0903F0F0034A
:10E7800099421FD90846FFF7EFFE00282DD14FF020
:10E79000B042136843F0080313601368A16A23F0C2
:10E7A000F0030B431360606AFFF7CEFEFFF7B4FF80
:10E7B000AB4B1860AB4B1868FFF718FD002834D03E
:10E7C000BDE8F0814FF0B042136843F008031360D6
:10E7D000136823F0F0030B431360606AFFF7B4FE85
:10E7E0000846FFF7C1FE0028E0D00120E8E74FF01F
:10E7F000B043002A54D01A6842F001021A60FFF7B1
:10E8000031FD0746FFF79AFE002842D04FF0B04294
:10E81000136843F0080313601368A16A23F0F00340
:10E820000B431360606AFFF78FFE2368D80748D454
:10E830002368990700F18C8023681E0740F1FA8055
:10E84000A3694FF0B046002B00F0E180D6F8943079
:10E85000E16903F01002914200F0C48003F003026A
:10E86000022AC2D0D80740F1B380D6F8943023F002
:10E870000103C6F89430FFF7F5FC0746D6F894304C
:10E88000990740F1A580FFF7EDFCC31B112BF5D9CB
:10E8900004E0FFF7E7FCC01B0228B3D903208FE791
:10E8A0001A6822F001021A60FFF7DCFC0746FFF746
:10E8B00045FE0028B9D0FFF7D5FCC01B0228F6D9C9
:10E8C000ECE7082D03D00C2D05D1032E03D163688E
:10E8D000002BADD189E74FF0B043A1681A6822F44C
:10E8E00080120A431A606268B2F5803F10D11A683C
:10E8F00042F480321A60FFF7B5FC0746FFF718FEB6
:10E90000002895D1FFF7AEFCC01B6428F6D9C5E7F7
:10E91000B2F5041F04D11A6842F400121A60E6E747
:10E92000196821F480311960196821F40011196007
:10E93000002AE0D1FFF796FC0746FFF7F9FD002813
:10E940003FF476AFFFF78EFCC01B6428F5D9A5E72E
:10E95000042D236903D00C2D0ED1022E0CD1002BD7
:10E960003FF443AF4FF0B0426169536823F0FE4378
:10E9700043EA016353605FE74FF0B046BBB13368D1
:10E9800043F480733360FFF76DFC074633685A0524
:10E9900007D57368626923F0FE4343EA026373603C
:10E9A0004AE7FFF75FFCC31B022BEFD976E733681A
:10E9B00023F480733360FFF755FC074633685B052B
:10E9C0007FF53AAFFFF74EFCC31B022BF6D965E784
:10E9D0004FF0B042E169D2F8943023F010030B43BA
:10E9E000C2F894304FF0B047D7F8943043F00103A9
:10E9F000C7F89430FFF736FC0646D7F894309A07EC
:10EA000018D4FFF72FFC831B112BF6D946E7D6F855
:10EA1000943023F00103C6F89430FFF723FC074637
:10EA2000D6F894309B0705D5FFF71CFCC31B112BB0
:10EA3000F6D933E72368580754D50B4F3B68D905FF
:10EA400014D4FFF765FDFFF70DFC06463B68DA05B9
:10EA50000CD4FFF707FC831B022BF7D91EE700BF7E
:10EA60006C0200207402002000040058E3684FF09C
:10EA7000B046002B58D023F08003052B02BFD6F8F8
:10EA8000903043F00403C6F890304FF0B046FFF7E3
:10EA9000E9FBD6F8903043F001030746C6F8903002
:10EAA00041F28838D6F890309B0705D4FFF7DAFB9F
:10EAB000C31B4345F6D9F1E6E36823F00403812B39
:10EAC0001BD1FFF7CFFBD6F8903043F08003C6F898
:10EAD000903007464FF0B04641F28838D6F8903073
:10EAE000180504D5E06A00284AD1002068E6FFF73F
:10EAF000B9FBC01B4045F1D9D0E6FFF7B3FBD6F810
:10EB0000903023F08003C6F8903007464FF0B046AF
:10EB100041F28838D6F890301905E3D5FFF7A2FB0B
:10EB2000C01B4045F6D9B9E6FFF79CFBD6F89030FC
:10EB300023F080030746C6F8903041F28838D6F8B3
:10EB400090301A0516D4FFF78DFBD6F8903023F0DD
:10EB50000103C6F8903007464FF0B04841F28836BE
:10EB6000D8F890309B07BDD5FFF77CFBC31BB342A1
:10EB7000F6D993E6FFF776FBC01B4045DFD98DE65B
:10EB80000C2D4ED04FF0B04302281A6822F080724C
:10EB90001A6033D1FFF766FB0546FFF7DEFC38BB92
:10EBA000D4E90C314FF0B0420B43D0682D490140FD
:10EBB0000B43E16B0B43216C0B43616C0B43A16B6B
:10EBC00043EA0123D360136843F080731360D36872
:10EBD00043F08053D360FFF745FB0446FFF7BDFCCD
:10EBE000002882D1FFF73EFB001B0A28F6D955E624
:10EBF000FFF738FB401B0A28CFD94FE6FFF732FB5F
:10EC00000446FFF7AAFC30B94FF0B042164BD1686A
:10EC10000B40D360D4E5FFF725FB001B0A28F0D991
:10EC20003CE601283FF4CCAD4FF0B043226BDB68EB
:10EC300003F0030191427FF4D8AD616B03F07002E1
:10EC40008A427FF4D2ADA16B03F4FE42B2EB012FF6
:10EC50007FF4CBAD626C03F0604393423FF445AF69
:10EC6000C3E500BF8C80C111FCFFFEEE2DE9F04131
:10EC70000D46044610B90120BDE8F081684E3368A6
:10EC800003F007038B4216D323689A0727D54FF06A
:10EC9000B047A268BB6823F0F0031343BB60FFF7E3
:10ECA000E1FA0646BB68DB0319D4FFF7DBFA831BE6
:10ECB000022BF7D911E0336823F007030B433360CD
:10ECC000FFF7D0FA0746336803F00703AB42DBD007
:10ECD000FFF7C8FAC01B0228F5D90320CCE7236848
:10ECE000580617D54FF0B0476269D7F8083123F0BE
:10ECF0000F0343EA1213C7F80831FFF7B3FA0646C9
:10ED0000D7F80831D90305D4FFF7ACFA831B022BDF
:10ED1000F6D9E2E723685A0713D54FF0B047E26807
:10ED2000BB6823F4E0631343BB60FFF79BFA06461E
:10ED3000BB689B0305D4FFF795FA831B022BF7D919
:10ED4000CBE72368180714D54FF0B0472269BB689A
:10ED500023F4605343EAC203BB60FFF783FA06461D
:10ED6000BB68590305D4FFF77DFA831B022BF7D943
:10ED7000B3E72368DA070FD4294C236803F00703AD
:10ED8000AB4239D8FFF7C8FC264B1860264BBDE8CC
:10ED9000F0411868FFF72ABA6268022A1DD1FFF70E
:10EDA000C7FB00283FF467AF4FF0B04641F2883808
:10EDB000B36823F003031343B360FFF753FA074626
:10EDC000B368626803F00C03B3EB820FD4D0FFF793
:10EDD00049FAC01B4045F3D97FE7032A02D1FFF768
:10EDE000BCFBDEE712B9FFF7A9FBDAE74FF0B0434F
:10EDF0001B685B05D8D43EE7236823F007032B4349
:10EE00002360FFF72FFA0646236803F00703AB429F
:10EE1000B8D0FFF727FA801B0228F5D95DE700BFBD
:10EE2000004000586C0200207402002030B50468D5
:10EE300091FAA1F3B3FA83F303255B0005FA03F318
:10EE400024EA030391FAA1F1B1FA81F149008A4061
:10EE50001A43026030BD0000B0F1904F0BD14FF06B
:10EE6000B043DA6A42F00102DA62DA6A22F00102A1
:10EE7000DA6201207047144B984209D14FF0B04339
:10EE8000DA6A42F00202DA62DA6A22F00202EFE79C
:10EE90000E4B984209D14FF0B043DA6A42F00402B7
:10EEA000DA62DA6A22F00402E2E7094B984209D1F9
:10EEB0004FF0B043DA6A42F08002DA62DA6A22F096
:10EEC0008002D5E700207047000400480008004891
:10EED000001C00482DE9F84F0E460F6897FAA7F579
:10EEE0004FF0010BB5FA85F54FF0030A4FF00F080C
:10EEF00037FA05F302D10120BDE8F88F0BFA05F4CB
:10EF00003C4053D0D6F8049021464A46FFF78EFF86
:10EF100009F1FF33012B19D8B368816894FAA4F280
:10EF2000B2FA82F252000AFA02F221EA020294FADA
:10EF3000A4F1B1FA81F149008B4013438360426828
:10EF4000F36822EA04026343134343603369C168F0
:10EF500094FAA4F2B2FA82F252000AFA02F221EA18
:10EF6000020294FAA4F1B1FA81F149008B401343F3
:10EF7000B9F1020FC36015D1FF2C716918D8026A6C
:10EF800094FAA4F3B3FA83F39B0008FA03F322EA9A
:10EF9000030294FAA4F3B3FA83F39B0001FA03F398
:10EFA000134303624A462146FFF740FF01359FE7BE
:10EFB000426A230A93FAA3FCBCFA8CFC4FEA8C0C3D
:10EFC00008FA0CFC22EA0C0293FAA3F3B3FA83F3D7
:10EFD0009B00994011434162E4E74FF0B043186849
:10EFE000C0F3005070474FF0B0431868C0F3802062
:10EFF00070474FF0B043D3F89000C0F34000704723
:10F000004FF0B0431868C0F3C00070474FF0B043F2
:10F010001868C0F3406070474FF0B043044A9B68E3
:10F02000C3F3031352F82330B0FBF3F0704700BF73
:10F03000885901084FF0B043034A9B68C3F3022389
:10F0400052F82330D8407047C85901084FF0B042F9
:10F0500038B5916801F00C01082950D017D889B350
:10F06000042900F08C80FFF7CBFF464902460028B8
:10F0700076D1FFF7C5FF4FF0B043012816BFD3F894
:10F0800094201B68C2F3032251F822002AE00C29C5
:10F09000E9D1D36803F00303022B5FD0032B37D0F1
:10F0A000FFF7AEFF374C014600284AD1FFF7A8FF13
:10F0B000012816BFD2F894101368C1F3032154F845
:10F0C00021302CE0FFF79CFF2E4D044658B9FFF786
:10F0D00097FF012816BFD2F894401368C4F30324A5
:10F0E00055F8240038BDFFF78BFF01280ABF1168CF
:10F0F000D2F89430C1F3031155F82100F2E7FFF77D
:10F100006CFF214B01462148012908BF1846E9E759
:10F11000FFF763FF1D4A1C4B012818BF13464FF031
:10F12000B042D068D168D268C0F306205843C1F31A
:10F1300002130133B0FBF3F0530F0133B0FBF3F0D4
:10F14000D0E7FFF75DFF01280BBF1368D2F89430BA
:10F15000C3F30313002354F82330E0E70A4BDEE740
:10F16000FFF74EFF4FF0B04301280BBF1B68D3F8E9
:10F170009430C3F30313002351F82300B2E702488D
:10F18000B0E700BFE85901080024F4000048E80196
:10F190004FF0B04307B51A6842F001021A601A68CE
:10F1A0009207FCD51A6822F0F00242F060021A6061
:10F1B0005A6822F47F425A605A6822F0FE4242F0B6
:10F1C00080425A604FF4E0229A601A6801920199D5
:10F1D000104A0A400192019A1A60FFF717FF0028AF
:10F1E000FBD14FF0B0430C4ADA6040F23F329861F5
:10F1F0000192019A1A62D3F8942042F40002C3F8F3
:10F20000942001204FF44032C3F8082103B05DF888
:10F2100004FB00BFFFF4CEFE0010042210B54FF037
:10F22000B0440328D4F888302AD11F4A03F00303DE
:10F2300043F44033934209D0B3F1031F0DD0013A98
:10F24000934211D1BDE81040FFF700BFFFF7CBFE9E
:10F250000128164818BF002010BDFFF7CAFE431E44
:10F2600058425841C003F7E7FFF7F0FEFFF7D4FE1E
:10F27000A3680F4AC3F3C22352F82330D840EBE708
:10F28000034043EA00400B4B9842DFD0B0F10C1F23
:10F29000E3D0043B9842D5D0FFF7D8FEFFF7BCFE81
:10F2A000BDE81040FFF7C6BE020003000024F400D2
:10F2B000C859010808000C000F4B98420BD14FF0C1
:10F2C000B0431A6C42F480521A641A6C22F48052D1
:10F2D0001A6401207047094B98420AD14FF0B0439D
:10F2E0009A6B42F480429A639A6B22F480429A634A
:10F2F000EFE70020704700BF0030014000380040B9
:10F3000003685B0670B502462DD4D1E9003633435D
:10F31000CE68056848690C6A33430E6933438E69C9
:10F3200003433343CE6925F47F45334325F0BF05BE
:10F3300023432B43136053688D6823F4706323F0D9
:10F34000040345EA10401843B5F5006F50603EBF16
:10F35000536843F480535360B4F5005F01D18B8C44
:10F360001361012000E00020D36923F40063D3611E
:10F3700070BD00001A4A0368904210B502D0B0F187
:10F38000804F09D14C6823F07003904243EA040394
:10F3900009D0B0F1804F06D0124A904203D002F556
:10F3A0008062904203D1CA6823F440731343036020
:10F3B0008B68C3620B888362094B984207D003F5C0
:10F3C000C053984203D003F58063984201D10B6982
:10F3D0000363436943F001034361012010BD00BF93
:10F3E000002C0140004401400F4B98420BD14FF0DC
:10F3F000B0431A6C42F480421A641A6C22F48042C0
:10F400001A6401207047094B98420AD14FF0B0436B
:10F410009A6B42F400329A639A6B22F400329A6338
:10F42000EFE70020704700BF003801400044004073
:10F4300038B50368DB0704460D464DD42A69AB682E
:10F44000016813436A691343EA691343234A0A4074
:10F45000134303604368EA6823F440531343436053
:10F460008368AA6923F44073134383601C4B98425A
:10F4700020D10320FFF7D2FE2B68F0B16A68E2B119
:10F480000B2B15D8174951F82330E969B0FBF3F07D
:10F49000B1F5004F4FEA520319D103EB4003B3FB20
:10F4A000F2F34FF6F0721A40C3F342031343E360E2
:10F4B000012003E00C4B984207D00020E26A2B8821
:10F4C00022F00F021343E36238BD0C20D2E703445D
:10F4D000B3FBF2F39BB2EAE70020F5E7F369FFEF35
:10F4E00000380140285A01080044004010B530247B
:10F4F000632807D80C703021092808D830301170E3
:10F50000187010BD01346438E4B2C0B2F0E70131C4
:10F510000A38C9B2C0B2EFE730B5302442F20F75F5
:10F52000A84212D80C703021B0F57A7F14D2117035
:10F530003022632816D81A703023092817D8039A66
:10F540001370049B3030187030BDA0F51C5001348E
:10F550001038E4B280B2E3E70131A0F57A70C9B2A5
:10F5600080B2E1E701326438D2B280B2E1E7013320
:10F570000A38DBB280B2E0E770B5324D324E30244B
:10F58000A84232D80C70314D314C3021A04230D8D5
:10F5900011703049302288422FD21A702E4A3023FF
:10F5A00090422ED8049A13702C4A302390422FD8C0
:10F5B000059A1370302342F20F7290422ED8069AA9
:10F5C00013703023B0F57A7F2ED2079A1370302350
:10F5D00063282ED8089A1370302309282DD8099A49
:10F5E00013700A9B3030187070BD0134E4B230449F
:10F5F000C6E70131C9B22844C8E70132D2B2401A85
:10F60000C9E70133A0F57420DBB2A0F51070C7E79D
:10F610000133A0F5C330DBB2A038C7E70133A0F552
:10F620001C50DBB21038C8E70133DBB2A0F57A70AA
:10F63000C8E70133DBB26438CAE70133DBB20A380A
:10F64000CBE700BFFFC99A3B003665C4001F0AFA2A
:10F65000FFE0F505809698003F420F009F8601006D
:10F6600010B58B1C0C464A1CFFF740FF0023E370CB
:10F6700010BD002810B50C460FDA10F1800F0FD026
:10F680004042C0B22D222346611C03F8032BA21C6A
:10F69000FFF72CFF0023237110BDC0B22022F2E738
:10F6A0002D228020EFE713B50B1D0193CB1C009397
:10F6B0004A1C8B1C0C46FFF72FFF0023637102B01E
:10F6C00010BD10B588B001F10903069301F10803DC
:10F6D0000593CB1D04938B1D03934B1D02930B1DB0
:10F6E0000193CB1C00934A1C8B1C0C46FFF744FF74
:10F6F0000023A37208B010BD0A2230B501231446BE
:10F70000824207D95A1E12B20A24150406D50022D5
:10F71000CA5430BD01339BB26243F1E7B0FBF4F54C
:10F7200004FB1500303088542846013AEDE7031EEB
:10F7300010B50C4603DBBDE81040FFF7DDBF5842B3
:10F740000131FFF7D9FF2D23237010BD10B5034CF5
:10F750002146FFF785FF204610BD00BF80420020F4
:10F7600010B5034C2146FFF784FF204610BD00BFB3
:10F770008042002010B5034C2146FFF794FF20463D
:10F7800010BD00BF8042002010B5034C2146FFF79A
:10F7900098FF204610BD00BF8042002013B50368CB
:10F7A0008DF807109C680DF107010123A04702B0F6
:10F7B00010BD07B503688DF807101B6901220DF114
:10F7C0000701984703B05DF804FB2DE9F0411D46A1
:10F7D000036804465B690F4616469847236820462F
:10F7E0001B689847221D39462046FFF7D7FF2DB1E9
:10F7F00023682A461B6931462046984723682046DD
:10F800005B689847236820469B69BDE8F0410C215E
:10F8100018472DE9F0411E46036804465B6915460A
:10F820000F469847236820461B689847221D394693
:10F830002046FFF7B3FF20460021FFF7BAFF2368F9
:10F840002046DB68324629469847236820465B6895
:10F85000BDE8F04118472DE9F0411F460368044612
:10F860005B690D4616469847236820461B689847F3
:10F87000221D20460D21FFF791FF290A2046FFF7A0
:10F8800098FFE9B22046FFF794FF236831463A46D5
:10F8900020461B699847236820465B689847236881
:10F8A00020469B69BDE8F0410C21184707B50123AC
:10F8B0008DF807200DF10702FFF7CDFF03B05DF8CB
:10F8C00004FB2DE9F0411F46036804465B690D46C1
:10F8D00016469847236820461B689847221D2046F5
:10F8E0001D21FFF75BFF290A2046FFF762FFE9B2FF
:10F8F0002046FFF75EFF20460021FFF75AFF2368EE
:10F900002046DB683A4631469847236820465B68C4
:10F91000BDE8F041184707B501230DF10702FFF7D5
:10F92000D0FF9DF8070003B05DF804FB2DE9F0411E
:10F930001E46036804465B690F46154698472368D0
:10F9400020461B689847221D20460E21FFF726FF00
:10F9500039462046FFF72DFF2368294632462046C8
:10F960001B699847236820465B68984723682046B0
:10F970009B69BDE8F0410C2118472DE9F0411E4676
:10F98000036804465B690F4615469847236820467E
:10F990001B689847221D20461E21FFF7FFFE3946AF
:10F9A0002046FFF706FF20460021FFF702FF2368ED
:10F9B0002046DB68324629469847236820465B6824
:10F9C000BDE8F041184710B5002304461A46C0218F
:10F9D000FFF7FBFE207910BD37B504460D468DF8C4
:10F9E0000710012380210DF10702FFF7EEFE2368C7
:10F9F000012D9B690CBF322140F2DC51204603B03F
:10FA0000BDE83040184737B501230C468DF8071084
:10FA10000DF107028A210546FFF7D7FEAC7103B04E
:10FA200030BD07B5042309BA01910DEB030286210D
:10FA3000FFF7CBFE03B05DF804FB07B502238DF89A
:10FA400004108DF805208F2101AAFFF7BEFE03B038
:10FA50005DF804FB37B58DF8063000238DF80730CC
:10FA60000423044615468DF804108DF805208B21DB
:10FA70000DEB0302FFF7A9FE40F689012046FFF7D0
:10FA80004AFF062D16BF40F0040200F0FB02D2B27E
:10FA900040F6890120468DF80420FFF707FF03B0E8
:10FAA00030BD73B515468DF8033000229DF818302F
:10FAB0009DF81C608DF8002004468DF801108DF82B
:10FAC00004308C2106236A468DF802508DF80560BB
:10FAD000FFF77BFE40F236712046FFF71CFF5EB158
:10FAE00000F0FB0240F2367120468DF80020FFF74F
:10FAF000DDFE657102B070BD40F00402D2B2F1E7E4
:10FB000007B55BBAADF80430BDF810305BBAADF89C
:10FB1000063049BA082352BAADF80010ADF80220F9
:10FB200019466A46FFF751FE03B05DF804FB07B5BE
:10FB3000022301AA1221FFF76CFE9DF804309DF804
:10FB4000050000EB032080B203B05DF804FB07B5AD
:10FB5000022349BAADF8041001AA1946FFF735FE91
:10FB600003B05DF804FB07B502238DF804108DF88F
:10FB700005208E2101AAFFF728FE03B05DF804FBE3
:10FB800013B56FF07F43994228BF19460B0C04460A
:10FB90008DF804300B0A8DF805308DF8061001AA97
:10FBA00003238321FFF711FE236864219B6920460C
:10FBB000984702B010BD13B56FF07F43994228BF3C
:10FBC00019460B0C04468DF804300B0A8DF80530ED
:10FBD0008DF8061001AA03238221FFF7F6FD2368A2
:10FBE00064219B692046984702B010BD37B50323B6
:10FBF0000D461446142101AAFFF70BFE9DF80430B0
:10FC00005B085B422B809DF90530002BB8BF0333A6
:10FC10009B10237003B030BD10B543680D4A23F02C
:10FC20007F4323F0FF039342044611D1002240F6A4
:10FC30000211FFF73BFE40F644112046FFF76BFE32
:10FC400040F00202D2B240F644112046FFF72EFEE9
:10FC500010BD00BF0001010070B505460E46FFF75C
:10FC600066FF314604462846FFF771FFA30702D519
:10FC70002846FFF7D1FF204670BD07B5002914BF05
:10FC8000402320238DF807300DF107020123932133
:10FC9000FFF79BFD03B05DF804FB10B5002304469D
:10FCA0001A46C121FFF791FD236820469B69BDE8F4
:10FCB00010404621184708B5FFF785FE80B208BD01
:10FCC00007B50023ADF8043001AA02230721FFF78E
:10FCD0007CFD03B05DF804FB07B5130C8DF805300F
:10FCE00052BA04238DF80410ADF8062097210DEBCD
:10FCF0000302FFF76AFD03B05DF804FB08B50A468E
:10FD000040F6AC01FFF7D2FD08BD10B540F6D801B2
:10FD10000446FFF700FE40F01E02D2B240F6D801C2
:10FD20002046FFF7C3FD10BD08B50A4640F6E701BF
:10FD3000FFF7BCFD08BD000007B5054B0193042388
:10FD40000DEB03029521FFF740FD03B05DF804FBC6
:10FD50000407000107B502238DF804108DF8052073
:10FD6000982101AAFFF731FD03B05DF804FB000004
:10FD700013B504461C48B0FBF1F1080C8DF80000E7
:10FD8000080A8DF8010004988DF803208DF80430DE
:10FD90008DF80210F0F79EFB11A3D3E90023F0F7D2
:10FDA0003DFDF0F723FE030C8DF8053043BA6A469B
:10FDB000ADF80630204608238B21FFF706FD40F6FC
:10FDC00089012046FFF7A7FD40F00402D2B240F6B9
:10FDD000890120468DF80020FFF768FD02B010BDB4
:10FDE000000000008084EE3F0000093D1FB58DF843
:10FDF00007309DF818308DF808309DF81C308DF8CC
:10FE000009309DF820308DF80A309DF824308DF8A7
:10FE10000B3049BA9DF82830ADF804108DF8062053
:10FE20008DF80C3001AA09238C21FFF7CEFC05B018
:10FE30005DF804FB07B5002349BAADF80010ADF832
:10FE4000023001936A4608234FF4D861FFF703FD9F
:10FE500003B05DF804FB13B503230C4601AA14217B
:10FE6000FFF7D7FC9DF806305B085B42238002B0A9
:10FE700010BD000038B5044600F03CFA21460546A6
:10FE80002046F1F7A7F880B9204600F067F84FF058
:10FE90007E51F1F795F840B101F0AEFC21230360EB
:10FEA000BDE83840024800F097B8284638BD00BF8A
:10FEB000DC26010800F060BB38B5054600F090F87C
:10FEC000294604462846F1F785F868B900212846F6
:10FED000F1F758F840B101F08FFC212300210360B5
:10FEE0000846F0F765FF0446204638BD07B51A4AB4
:10FEF00020F000439342014605DC002103B05DF889
:10FF000004EB00F001B9B3F1FF4F04DBF0F792FD11
:10FF100003B05DF804FB694600F0B4FB00F0030297
:10FF2000012A07D0022A0CD082B90199009800F06A
:10FF3000EBF8EDE70199009800F066F900F1004058
:10FF4000E6E70199009800F0DFF8F7E701990098DB
:10FF5000012200F059F9DBE7D80F493F20F00040BB
:10FF60007047000007B51B4A20F00043934201464A
:10FF700006DC0022002103B05DF804EB00F044B978
:10FF8000B3F1FF4F04DBF0F755FD03B05DF804FB60
:10FF9000694600F077FB00F00300012808D0022832
:10FFA0000BD090B901990098012200F02DF9ECE7EF
:10FFB0000199009800F0A8F8E7E70199009801225C
:10FFC00000F022F900F10040DFE70199009800F00D
:10FFD0009BF8F7E7D80F493F004870470000C07F03
:10FFE00020F00042B2F1FF4F2DE9F04103460446F4
:10FFF0000AD30146F0F728FE01462046F0F71CFD23
:020000040801F1
:1000000004462046BDE8F081002AFAD0002806DA2E
:100010000146F0F70FFD0146F0F7CAFEF0E710F0D9
:10002000FF424FEAE0513DD0C3F3160343F400030F
:10003000CA07A1F17F0558BF5B0000246D105B006B
:10004000192026464FF0807172189A42DDBF56186B
:1000500064189A1A1A4601384FEA42034FEA5101CE
:10006000F2D1BAB1144E154F30683968D6F8008015
:10007000F0F7E0FC01464046F0F78EFF50B13068E3
:1000800039683668F0F7D8FC01463046F0F77AFF59
:1000900068B10234641004F17C5404EBC554B0E739
:1000A0005B0001321802FBD5013A891ABCE7013422
:1000B00024F00104EEE700BF780200207C0200205B
:1000C000C0F3C7537F3B162B10B5014614DC002B41
:1000D00007DA013300F0004101D141F07E510846BA
:1000E00010BD084A1A411042F9D04FF4800119415D
:1000F000014421EA0201F2E7802BF0D1F0F79CFCE9
:100100000146ECE7FFFF7F002DE9F04120F00044BD
:10011000B4F1485F0646884603DAF0F771FF00281D
:100120005CD031463046F0F78FFD4FF07C510546EC
:10013000F0F78AFD2B4907462846F0F785FD2A4946
:10014000F0F77AFC2946F0F77FFD2849F0F772FCBA
:100150002946F0F779FD2649F0F76EFC2946F0F7BD
:1001600073FD2449F0F766FC2946F0F76DFD22493E
:10017000F0F762FC2946F0F767FD2946F0F764FDC9
:10018000414605463046F0F75FFD01462846F0F748
:1001900051FC1A4B9C4205460ADC01463846F0F7F2
:1001A00049FC01464FF07E50F0F744FCBDE8F08179
:1001B000134B9C42CCBF134C04F17F4421464FF0BB
:1001C0007E50F0F737FC214606463846F0F732FC01
:1001D0002946F0F72FFC01463046E5E74FF07E5008
:1001E000E4E700BF4ED747ADF6740F317CF293348D
:1001F000010DD037610BB63AABAA2A3D9999993EC9
:100200000000483F0000903E2DE9F84320F00043F5
:10021000B3F1485F04460F46914603DAF0F7F0FE6B
:10022000002835D021462046F0F70EFD0546014650
:100230002046F0F709FD294906462846F0F704FD57
:100240002749F0F7F7FB2946F0F7FEFC2549F0F7C0
:10025000F3FB2946F0F7F8FC2349F0F7EBFB2946BE
:10026000F0F7F2FC2149F0F7E7FB8046B9F1000F07
:1002700011D101462846F0F7E7FC1D49F0F7DAFBFB
:100280003146F0F7E1FC01462046F0F7D5FB044685
:100290002046BDE8F8834FF07C513846F0F7D4FC97
:1002A000414681463046F0F7CFFC01464846F0F71C
:1002B000C1FB2946F0F7C8FC3946F0F7BBFB0C49F7
:1002C00005463046F0F7C0FC01462846F0F7B4FB7F
:1002D00001462046F0F7AEFBD9E700BFD3C92E2F69
:1002E000342FD7321BEF3836010D50398988083C3E
:1002F000ABAA2A3E2DE9F04720F00048B8F17E5F16
:10030000044605460CD18C49F0F79EFC8B49054606
:100310002046F0F799FC01462846F0F78DFB06E0F1
:1003200009DD0146F0F786FB0146F0F741FD044682
:100330002046BDE8F087B8F17C5F0BDAB8F1485F82
:1003400073DA7F49F0F778FB4FF07E51F0F738FE13
:100350000028EDD12046FFF701FE01464FF07E5008
:10036000F0F768FB4FF07C51F0F76EFC75490646DC
:10037000F0F76AFC7449F0F75FFB3146F0F764FC74
:100380007249F0F757FB3146F0F75EFC7049F0F721
:1003900053FB3146F0F758FC6E49F0F74BFB314602
:1003A000F0F752FC6C49F0F747FB3146F0F74CFC94
:1003B0006A4981463046F0F747FC6949F0F73AFB55
:1003C0003146F0F741FC6749F0F736FB3146F0F76C
:1003D0003BFC6549F0F72EFB3146F0F735FC4FF05A
:1003E0007E51F0F729FB82463046FFF7F9FD5F4B5F
:1003F0009845074663DD51464846F0F7D9FC394633
:10040000F0F722FC3946F0F717FB0146F0F714FB32
:100410005749F0F711FB01464748F0F70BFB002D59
:100420000446D8BF00F1004482E70146F0F70CFC17
:1004300044490546F0F708FC4349F0F7FDFA294620
:10044000F0F702FC4149F0F7F5FA2946F0F7FCFB1A
:100450003F49F0F7F1FA2946F0F7F6FB3D49F0F78E
:10046000E9FA2946F0F7F0FB3B49F0F7E5FA2946AF
:10047000F0F7EAFB394906462846F0F7E5FB38492C
:10048000F0F7D8FA2946F0F7DFFB3649F0F7D4FA4F
:100490002946F0F7D9FB3449F0F7CCFA2946F0F7B2
:1004A000D3FB4FF07E51F0F7C7FA01463046F0F724
:1004B0007FFC2146F0F7C8FB014620462DE70146A8
:1004C00020F47F68F0F7B8FA514604464846F0F742
:1004D0006FFC01462046F0F7B7FB28F00F08814675
:1004E00041464046F0F7B0FB01463046F0F7A2FA2D
:1004F000414604463846F0F79FFA01462046F0F799
:1005000057FC0146F0F798FA01460C48F0F792FACA
:1005100001464846F0F78EFA414604464046F0F759
:100520008BFA01461348F0F785FA01462046F0F7AA
:1005300081FA01460F4870E7DB0FC93F2EBD3BB380
:10054000CAF2497108EF1138047F4F3A4611243D31
:10055000A80A4E3E90B0A63EABAA2A3E2EC69D3DAE
:100560006133303F2D57014039D119409999793F76
:100570002EBD3B33DB0F493FF8B521F00046B6F105
:10058000FF4F034605DC20F00042B2F1FF4F074663
:1005900004DD1846F0F750FA034611E0B1F17E5F32
:1005A00003D1BDE8F84000F0CBB98C1704F0020489
:1005B00044EAD07432B9022C4CD0032C00D1294B20
:1005C0001846F8BD1EB9002F4ADA274BF8E7B6F1F6
:1005D000FF4F0ED1B2F1FF4F04F1FF3405D1022CD1
:1005E0003AD8224B53F82430EAE7022C36D8204B75
:1005F000F8E7B2F1FF4FE6D0921BB2F1F45F4FEA99
:10060000E25017DA002901DA3C3015DB1846F0F722
:10061000CFFBFFF7A3FC00F093F90346012C0DD0AC
:10062000022C0ED0002CCBD012491846F0F704FA59
:1006300011490CE0114BF1E70023EFE703F1004310
:10064000BEE70C491846F0F7F7F901460A48F0F7FB
:10065000F1F9A1E7084BB3E7094BB1E70023AFE796
:10066000064BADE7DB0F49C0DB0FC9BF585A010885
:10067000645A01082EBDBB33DB0F4940DB0FC93F75
:10068000DB0F493F2DE9F04FA04A20F0004696428B
:1006900087B00C46824604DC002308604B600025CE
:1006A0001AE09B4A96424BDC00289A499A4F26F062
:1006B0000F0623DDF0F7BEF9BE42054610D097497C
:1006C000F0F7B8F9014620602846F0F7B3F99349EE
:1006D000F0F7B0F901256060284607B0BDE8F08F5B
:1006E0008F49F0F7A7F98F490546F0F7A3F90146BE
:1006F00020602846F0F79EF98A49E9E7F0F79CF96F
:10070000BE4205460ED08549F0F796F901462060B5
:100710002846F0F78FF98149F0F78EF94FF0FF3551
:100720006060D9E77E49F0F787F97E490546F0F722
:1007300083F9014620602846F0F77CF97949EBE718
:10074000794A964200F39180FFF708FC7749074603
:10075000F0F77AFA4FF07C51F0F76EF9F0F750FCB1
:100760000546F0F71DFA6B498146F0F76DFA014630
:100770003846F0F75FF9694980464846F0F764FA71
:100780001F2D07460CDC6A4A691E26F0FF0352F84B
:100790002120934204D039464046F0F74BF90BE054
:1007A00039464046F0F746F9C0F3C753C3EBD6537A
:1007B000082B4FEAE65B01DC206026E058494846FA
:1007C000F0F742FA074601464046F0F733F9014692
:1007D00006464046F0F72EF93946F0F72BF9514915
:1007E00007464846F0F730FA3946F0F723F9014654
:1007F00007463046F0F71EF9C0F3C753ABEB030BC7
:10080000BBF1190F16DC2060B04626684046314621
:10081000F0F710F93946F0F70DF9BAF1000F606002
:10082000BFF65AAF06F1004600F100402660606056
:100830006D4251E73F494846F0F706FA0746014640
:100840003046F0F7F7F8014680463046F0F7F2F808
:100850003946F0F7EFF8384906464846F0F7F4F91C
:100860003146F0F7E7F8074695E7B6F1FF4F05DBAD
:100870000146F0F7DFF86060206010E7F715863F6B
:10088000A6EBC7563046F0F7BBFBF0F789F90146F7
:1008900003903046F0F7CEF84FF08741F0F7D4F9E7
:1008A0000646F0F7ADFBF0F77BF9014604900546EC
:1008B0003046F0F7BFF84FF08741F0F7C5F9002157
:1008C0000590F0F755FBF0B100212846F0F750FBFA
:1008D000002814BF01230223184A01920222009229
:1008E00021463A4603A800F037F9BAF1000F054651
:1008F000BFF6F2AE236803F100432360636803F19F
:100900000043636094E70323E6E700BFD80F493F45
:10091000E3CB1640800FC93FD00FC93F4344353762
:100920000044353708A3852E800F494384F9223FC0
:10093000705A010800A3852E32318D24F05A010827
:100940002DE9F04120F00045B5F1A14F0446804665
:100950000EDBB5F1FF4F04DD0146F0F76DF80446FC
:1009600003E0002800F3CE80674C2046BDE8F0810C
:10097000664B9D420EDCB5F1445F08DA6449F0F73E
:100980005BF84FF07E51F0F71BFB0028EDD14FF0E4
:10099000FF361CE0FFF7E2FA5E4B9D4204467CDC2A
:1009A000A3F5D0039D4267DC0146F0F745F84FF010
:1009B0007E51F0F73FF84FF0804105462046F0F7B2
:1009C0003BF801462846F0F7F3F900260446214695
:1009D0002046F0F739F901460746F0F735F94E4958
:1009E0000546F0F731F94D49F0F726F82946F0F7BA
:1009F0002BF94B49F0F720F82946F0F725F949493A
:100A0000F0F71AF82946F0F71FF94749F0F714F8FC
:100A10002946F0F719F94549F0F70EF83946F0F78D
:100A200013F9434907462846F0F70EF94149F0F714
:100A300001F82946F0F708F93F49EFF7FBFF29468F
:100A4000F0F702F93D49EFF7F5FF2946F0F7FCF81A
:100A50003B49EFF7EFFF2946F0F7F6F80146384635
:100A6000EFF7EAFF2146F0F7EFF8731C014633D1A8
:100A70002046EFF7DFFF72E74FF07E51EFF7DAFF26
:100A80004FF07E5105462046EFF7D6FF0146284637
:100A9000F0F78EF90126044699E72A4B9D4214DCB3
:100AA0004FF07F51EFF7C6FF4FF07F5105462046CC
:100AB000F0F7CAF84FF07E51EFF7BEFF0146284627
:100AC000F0F776F90226044681E701461E48F0F762
:100AD0006FF9032604467AE71C4B53F82610EFF70C
:100AE000A9FF2146EFF7A6FF194B014653F8260050
:100AF000EFF7A0FFB8F1000F0446BFF636AF00F1E4
:100B0000004432E7134C30E7DB0FC9BFFFFFDF3E85
:100B1000CAF24971FFFF973FD769853C59DA4B3DCF
:100B2000356B883D6E2EBA3D2549123EABAAAA3ED2
:100B300021A215BD6BF16E3D95879D3D388EE33D3D
:100B4000CDCC4C3EFFFF1B40000080BF185E01086B
:100B5000085E0108DB0FC93F2DE9F04FDBB00292C0
:100B60000493649ABB4B059053F822300193049B85
:100B70000091013B0393029B1A1DC0F29B80DC1E77
:100B800048BF1C1DE410671CFB000693029B039AE0
:100B9000A3EBC707019B03EB0209659BA4EB0208CB
:100BA0001EAE03EB880A00254FF0000B4D4540F3C5
:100BB0008380049A1EAB03EB82050DF58C7B4FF00E
:100BC00000090023019A914540F39E8013460AAA2A
:100BD00002EB83030893659BDDF8048003EB840339
:100BE00007935AAB03EB88030AAC53F8505C2646D4
:100BF000C3464FF087490DF58C7ABBF1000F00F327
:100C000088803946284600F05BFA4FF07851054657
:100C1000F0F71AF800F0A0FA4FF08241F0F714F85C
:100C200001462846EFF706FF0546F0F7E9F90646C4
:100C3000EFF7B6FF01462846EFF7FCFE002F81468E
:100C400040F3868008F1FF320AABC7F1080153F880
:100C5000225045FA01F31E448B40ED1A0AAB43F8CB
:100C60002250C7F107031D41002D7FDD0022013610
:100C70009246904500F3B080002F05DD012F00F073
:100C8000BD80022F00F0C580022D6FD149464FF084
:100C90007E50EFF7CFFE8146BAF1000F66D039469D
:100CA0004FF07E5000F00CFA01464846EFF7C2FEC6
:100CB00081465BE0002466E718EB050F07D45AF87D
:100CC0002500EFF76DFF46F8040B01356EE7584637
:100CD000F9E70793059BDAF8001053F82800EFF7BF
:100CE000B3FF01463046EFF7A7FE079B064608F123
:100CF0000108039A9045AAF1040AEADD4BF8046B57
:100D000009F1010904355DE7AA461E464FF00008C7
:100D1000EFE74FF06E512846EFF796FFF0F770F9C6
:100D2000EFF73EFF49460990EFF78EFF0146284650
:100D3000EFF780FEF0F764F90BF1FF3B099B46F8F3
:100D4000040B5AF82B101846EFF776FE054654E7C9
:100D500006D108F1FF330AAA52F82350ED1183E7B8
:100D60004FF07C51F0F722F9054698BB0021484628
:100D7000F0F7FEF8002800F0988008F1FF342346D1
:100D8000002201998B424CDA002A67D00AAB083F57
:100D900053F82430002B00F0868039464FF07E5007
:100DA00000F08EF9A246814646AF4FF06E58BAF178
:100DB000000F80F2AF8027460022002FC0F2D980BA
:100DC00046A9254B01EB870B90464FF0000AA4EB98
:100DD0000709C2E0022549E72368BAF1000F08D1EC
:100DE0001BB1C3F5807323600123013204349A469A
:100DF0003FE7C3F1FF0323605346F6E708F1FF32F4
:100E00000AAB53F8223003F07F030AA941F82230DD
:100E10003AE708F1FF320AAB53F8223003F03F0300
:100E2000F3E70AA951F82310013B0A43A9E701346B
:100E300053F8042D002AFAD0049B1EAA434408F15B
:100E4000010602EB830544440DF58C79B44208DABF
:100E5000A046C6E6545E0108285E0108089B0124EE
:100E6000E6E7079B53F82600EFF79AFEAB462860AB
:100E70004FF0000A4FF00008039B9A4504DD49F843
:100E8000268004350136E1E7059B5BF8040953F839
:100E90002A10EFF7D9FE01464046EFF7CDFD0AF1E3
:100EA000010A8046E8E7013C70E7069B029A484643
:100EB000991A00F005F94FF087410446F0F776F8EB
:100EC00000B34FF06E512046EFF7BEFEF0F798F8F2
:100ED000EFF766FE4FF087418146EFF7B5FE01461A
:100EE0002046EFF7A7FDF0F78BF80AAB08F10104F5
:100EF00043F828004846F0F783F80AAB083743F870
:100F000024004AE72046F0F77BF80AAB444643F852
:100F1000280042E70AAB53F82A00EFF741FE4946A2
:100F2000EFF792FE414647F82A004846EFF78CFE5D
:100F30000AF1FF3A81463AE753F8040B5BF8041BC9
:100F400003920293EFF780FE01464046EFF774FDEF
:100F5000DDE9023280460AF1010A01998A4501DC85
:100F6000CA45E9DD5AAB03EB8909013F49F8A08C7A
:100F700023E7649B022B07DC002B4EDC2ED006F00F
:100F800007005BB0BDE8F08F649B032BF7D10DF138
:100F9000C80B0BEB8407B846A246BAF1000F49DC38
:100FA000A146B9F1010F60DC0020012C76DC329AF9
:100FB000339B002D78D100990A604B600A469060FF
:100FC000DDE757F82410EFF737FD013C002CF8DA85
:100FD0000DB100F10040009B1860D0E7002032AF57
:100FE000F4E757F82810EFF727FD08F1FF38B8F1BC
:100FF000000FF6DAADB100F10043009A014613602C
:101000003298EFF717FD4FF0010844450BDA0DB1A8
:1010100000F10040009B5860B1E7A046002032AFCD
:10102000E5E70346E9E757F8041FEFF705FD08F188
:101030000108EAE7D8F8003058F8042C0293194662
:1010400010460192EFF7F8FC019A014681461046DE
:10105000EFF7F0FC029B1946EFF7EEFC48F80409A5
:101060000AF1FF3AC8F8009097E757F8043CD7F820
:1010700000A0019351461846EFF7DEFC019B0146A4
:1010800080461846EFF7D6FC5146EFF7D5FC47F8F7
:10109000040909F1FF39C7F8008082E75BF82410E2
:1010A000EFF7CAFC013C80E7009902F1004203F12E
:1010B00000430A604B600A4600F100407FE700BF32
:1010C00030F0004238B503460D4604462ED0B2F14A
:1010D000FF4F04D30146EFF7AFFC034626E010F0C4
:1010E000FF4F18D14FF09841EFF7AEFD174A9542E8
:1010F00003460CDBC0F3C7520446193A4CF2503198
:101100008D420ADD1249184661F31E0000E01149C4
:10111000EFF79AFDE1E7D20DF0E75119FE29F1DC76
:10112000002905DD24F0FF4444EAC153184638BDC8
:1011300011F1160F01DA0749E5E701F1190024F072
:10114000FF444FF04C5144EAC050E1E7B03CFFFF90
:10115000CAF249716042A20D70B5C0F3C7557F3D18
:10116000162D0146044620F0004625DC002D0EDA3F
:101170001649EFF761FC0021EFF722FF28B1002CA0
:1011800022DA134B002E18BF1C4621461AE0114EDE
:101190002E41304216D00D49EFF74EFC0021EFF7FB
:1011A0000FFF0028F1D0002CBEBF4FF400032B41ED
:1011B000E41824EA0604E8E7B6F1FF4F02D3EFF79C
:1011C0003BFC0146084670BD0024DEE7CAF24971C7
:1011D000000080BFFFFF7F000A22002100F07EB8E0
:1011E000012B2DE9F0478646904601D0242B06D9E5
:1011F00000F002FB162303600020BDE8F0873648AC
:101200000D462A4615F8014B065D16F00806F8D182
:101210002D2C2ED12C780126951C002B57D0102B6D
:1012200009D1302C07D12A7802F0DF02582A49D19F
:101230006C781023023506F1004C0CF1FF3C0022C3
:10124000BCFBF3F9104603FB19CAA4F13007092FC0
:1012500014D83C46A34220DD571C07D0814519D342
:1012600001D1A24516DB00FB0340012215F8014B1A
:10127000EBE72B2C04BF2C78951CCEE7A4F141079B
:10128000192F01D8373CE5E7A4F16107192F04D8DD
:10129000573CDFE74FF0FF32E8E7531C08D1222329
:1012A000CEF800306046B8F1000FA6D0691E06E007
:1012B00006B14042B8F1000F9FD0002AF6D1C8F81D
:1012C00000109AE73024002BB5D10823B3E7302C67
:1012D000A9D00A23AFE700BF615E010813460A46A2
:1012E000014602480068FFF77BBF00BFD80200201C
:1012F000024B0344587800F003007047605E010819
:10130000034B1B5C03F00303022B08BF203870471C
:10131000615E0108002310B50446C0E90033C0E94E
:101320000433836081814366C28183611946082248
:101330005C3000F00EF90D4B63620D4BA3620D4B58
:10134000E3620D4B23630D4B24629C4206D003F1F4
:101350006802944202D0D0339C4205D104F1580077
:10136000BDE8104000F072BA10BD00BF991401082A
:10137000BB140108F314010817150108A04200204E
:10138000024A0349034800F069B800BF8002002008
:10139000BD1B01088C02002041680C4B994210B51E
:1013A000044601D000F00AFCA168094B994202D022
:1013B000204600F003FCE168064B994204D0204629
:1013C000BDE8104000F0FABB10BD00BFA0420020F5
:1013D000084300207043002010B50B4B0B4C0C4A07
:1013E0001A60204600220421FFF794FF04F16800F0
:1013F00001220921FFF78EFF04F1D0000222BDE88F
:1014000010401221FFF786BFD8430020A0420020E1
:1014100081130108014800F01ABA00BFE14300201F
:10142000014800F015BA00BFE143002010B50446A2
:10143000FFF7F0FF236A1BB1BDE81040FFF7F0BFD4
:10144000044B2362044B1B68002BF5D1FFF7C4FF4C
:10145000F2E700BF99130108D84300202DE9F843B3
:101460000746884614460026D4E90195B9F10109DA
:1014700005D52468002CF7D13046BDE8F883AB8948
:10148000012B07D9B5F90E30013303D02946384670
:10149000C04706436835E9E710B50C46B1F90E10B0
:1014A00000F086F90028ABBF636DA3891B1823F4F5
:1014B0008053ACBF6365A38110BD2DE9F0411F4689
:1014C0008B89DB0505460C46164605D5B1F90E108D
:1014D0000223002200F05AF9A389B4F90E1023F474
:1014E0008053A38132463B462846BDE8F04100F0D8
:1014F00071B910B50C46B1F90E1000F047F9431C54
:10150000A38915BF606523F4805343F48053A381FE
:1015100018BFA38110BDB1F90E1000F027B98842A1
:1015200010B501EB020402D98442234607D8431EBA
:10153000A14208D011F8012B03F8012FF8E702446B
:1015400001468A4200D110BD13F8014D02F8014D49
:10155000F7E702440346934200D1704703F8011BAA
:10156000F9E710B50246147813460132002CFAD17F
:10157000013B11F8012B03F8012F002AF9D110BD0E
:10158000C9B20346184613F8012B12B18A42F9D1A9
:101590007047002918BF0020704710B56AB10139A3
:1015A000841810F8012B11F8013F9A4203D1A04290
:1015B00001D0002AF5D1D01A10BD1046FCE710B5B5
:1015C0000139034632B111F8014F03F8014B013ADA
:1015D000002CF7D11A440021934200D110BD03F82A
:1015E000011BF9E738B50B4B1D686B6B044653B90B
:1015F000242000F0ADF90246686320B9064B074885
:101600003D2100F03DF9696B2046BDE8384000F00F
:1016100007B800BFD8020020615F0108785F0108A9
:101620002DE9F0414D4A0C460023D0E90001EFF7C7
:101630002DFD002ABCBF02F5A83202F5C0724FF49E
:10164000616100F52F20B2FBF1F301FB13224FF093
:101650003C01ACBF00F66C2000F66B20A360B2FB2F
:10166000F1F301FB132263602260C31C072293FB8A
:10167000F2F2C2EBC2029B1A48BF07330028A361F3
:10168000B8BFA0F50E333649AEBF90FBF1F1A3F51C
:101690002C7393FBF1F1334B03FB010048F6AC6371
:1016A000B0FBF3F3034440F2B45CB0FBFCF29B1AD2
:1016B00040F26D172C4AB0FBF2F264269B1AB3FB82
:1016C000F7F2B3FBFCF3B2FBF6F5EB1A034407FBAE
:1016D0001233992003EB8307023703F1010EB7FBA6
:1016E000F0FC00FB0CF002304FF00508B0FBF8F006
:1016F000AEEB000040F2F95E774594BF02276FF031
:10170000090767444FF4C87C0CFB0121012F98BFE7
:101710000131B3F5997F0CD3A3F59973E361A1F27D
:101720006C710023E060C4E9047123622046BDE8C7
:10173000F08112F0030F02D106FB15255DB94FF4BD
:10174000C875B2FBF5F605FB1622B2FA82F2520911
:101750003B331344E2E70122FAE700BF8051010066
:10176000B13A02004FC5FDFFB03A020038B5064D50
:101770000023044608462B60FCF7B9FC431C02D149
:101780002B6803B1236038BDDC43002038B5074D1A
:1017900004460846114600222A601A46FCF7B1FCAE
:1017A000431C02D12B6803B1236038BDDC43002009
:1017B00038B5074D04460846114600222A601A46ED
:1017C000FCF779FC431C02D12B6803B1236038BDC0
:1017D000DC43002038B5074D044608461146002278
:1017E0002A601A46FCF775FC431C02D12B6803B132
:1017F000236038BDDC430020014B1868704700BFF0
:10180000D802002070B50D4D0D4C641BA4100026AD
:10181000A64209D10B4D0C4C00F050FE641BA410E5
:101820000026A64205D170BD55F8043B9847013605
:10183000EEE755F8043B98470136F2E748600108A7
:10184000486001084860010850600108704770470F
:101850007047034611F8012B03F8012B002AF9D138
:1018600070470A44914200F1FF3300D1704710B530
:1018700011F8014B03F8014F9142F9D110BD00005E
:101880001FB514461A46094B1B680546D8684CB16B
:10189000074B0091CDE9013406492B4600F0B6F91B
:1018A00000F0D6F9044B1C46F3E700BFD802002035
:1018B000D05F0108DD5F0108DC26010838B5054668
:1018C000002941D051F8043C0C1F002BB8BFE4188C
:1018D00000F0E6F81D4A136833B9636014602846C7
:1018E000BDE8384000F0E2B8A34208D920682118CA
:1018F0008B4201BF19685B6809182160EDE71A4641
:101900005B680BB1A342FAD911685018A0420BD101
:1019100020680144501883421160E0D118685B6868
:10192000536008441060DAE702D90C232B60D6E735
:10193000206821188B4204BF19685B68636004BF8C
:10194000091821605460CAE738BD00BFE443002095
:10195000024B0146186800F023B800BFD8020020EF
:1019600070B50E4E0C463168054611B900F060F9AD
:1019700030602146284600F05BF9431C0AD0C41CA5
:1019800024F00304A04207D0211A284600F050F9A1
:10199000013001D14FF0FF34204670BDE8430020F4
:1019A0002DE9F843CD1C25F0030508350C2D38BF73
:1019B0000C25002D074601DBA94205D90C233B600D
:1019C00000263046BDE8F883DFF8D08000F068F8E4
:1019D000D8F800301C465CBB29463846FFF7C0FFEC
:1019E000431C044655D1D8F800402646002E45D168
:1019F000002C48D023683146384604EB030900F038
:101A000017F981453FD121686D1A29463846FFF7FD
:101A1000A7FF013037D023682B442360D8F800306B
:101A2000002B38D05A68A2422BD100225A600FE016
:101A30002268521B1FD40B2A17D96119A3422560B3
:101A400018BF5960636808BFC8F8001062514B6046
:101A5000384604F10B0600F029F826F00706231D8E
:101A6000F21AAED09B1BA350ABE7A3426268DDD154
:101A7000C8F80020ECE723466468ACE73446766893
:101A8000B4E71346CCE70C233B60384600F00EF871
:101A900097E72560DCE75B60FFDE00BFE4430020E2
:101AA0000148FFF7D4BE00BFE04300200148FFF724
:101AB000CFBE00BFE04300208A89F8B50546100775
:101AC0000C4657D44B68002B04DC0B6C002B01DC5C
:101AD0000020F8BDE66A002EFAD0002312F48052EE
:101AE0002F68216A2B6032D0606DA3895A0705D513
:101AF0006368C01A636B0BB1236CC01A00230246E3
:101B0000E66A216A2846B047431CA38906D12968A2
:101B10001D292BD8284A0A41D60727D40022626003
:101B2000D9042269226004D5421C01D12B6803B973
:101B30006065616B2F600029CAD004F144039942AB
:101B400002D02846FFF7BAFE00206063C1E70123F8
:101B50002846B047411CC8D12B68002BC5D01D2B8F
:101B600001D0162B01D12F60B2E7A38943F04003C7
:101B7000A381AEE70F69002FAAD093070E6808BFB4
:101B80004B690F6018BF0023F61B8B60002E9FDD92
:101B9000216AD4F828C033463A462846E047002850
:101BA00006DCA38943F04003A3814FF0FF3090E7A8
:101BB0000744361AEAE700BFFEFFBFDF38B50B69FE
:101BC00005460C4613B90025284638BD18B1036AEE
:101BD0000BB9FFF72BFCB4F90C30002BF3D0626E7D
:101BE000D00704D4990502D4A06DFFF730FE284633
:101BF0002146FFF761FF636EDA070546E4D4A38947
:101C00009B05E1D4A06DFFF723FEDDE70EB403B51D
:101C1000014603AB054853F8042B0068019300F01C
:101C200045F802B05DF804EB03B07047D80200201D
:101C300038B5064D0023044608462B60FCF764FACD
:101C4000431C02D12B6803B1236038BDDC43002064
:101C500008B5062000F092FB0120FCF726FA9368F5
:101C6000013B002B10B4936007DA9469A34201DBB7
:101C70000A2902D110BC00F0C3BA1368581C1060C6
:101C80001970084610BC7047F8B506460F46144652
:101C9000D518AC4201D1002007E014F8011B3A46E8
:101CA0003046FFF7DCFF431CF3D1F8BD2DE9F04FC0
:101CB0000D469DB014469846064618B1036A0BB906
:101CC000FFF7B4FB6B6ED90705D4AB899A0502D434
:101CD000A86DFFF7BCFDAB891B0701D52B699BB92C
:101CE0002946304600F0CAFA70B16B6EDC0704D5A5
:101CF0004FF0FF301DB0BDE8F08FAB899805F7D4E9
:101D0000A86DFFF7A5FDF3E70023099320238DF8C5
:101D10002930CDF80C803023DFF8B0818DF82A30DF
:101D20004FF0010923469A4613F8012B0AB1252AE0
:101D3000F9D1BAEB040B0BD05B462246294630465C
:101D4000FFF7A2FF013000F0A980099A5A440992D6
:101D50009AF80030002B00F0A18000234FF0FF32F2
:101D6000CDE905230AF1010A049307938DF8533056
:101D70001A935446052214F8011B5448EEF718FA3A
:101D8000049AD8B9D10644BF20238DF853301307E5
:101D900044BF2B238DF853309AF800302A2B15D0EE
:101DA000079A544600204FF00A0C214611F8013BD7
:101DB000303B092B4DD9B0B1079214E0A0EB0803DA
:101DC00009FA03F313430493A246D2E7039B191DB8
:101DD0001B680391002BBBBF5B4242F002020793DA
:101DE0000793B8BF049223782E2B0CD163782A2B4B
:101DF00034D1039B1A1D1B680392002BB8BF4FF010
:101E0000FF3302340593DFF8C8A02178032250463F
:101E1000EEF7CEF938B1049BA0EB0A0040228240D5
:101E200013430134049314F8011B2A488DF8281039
:101E30000622EEF7BDF900283FD0274B1BBB039BC2
:101E4000073323F0070308330393099B3B440993AB
:101E500068E70CFB02320C460120A6E700230134A0
:101E6000059319464FF00A0C204610F8012B303A22
:101E7000092A03D9002BC6D00591C4E70CFB012128
:101E800004460123F0E703AB00932A46134B04A951
:101E90003046AFF300800746781CD6D16B6ED90769
:101EA00005D4AB899A0502D4A86DFFF7D1FCAB89A4
:101EB0005B063FF51DAF09981CE703AB00932A466C
:101EC000064B04A9304600F079F8E4E70C600108FD
:101ED000126001081660010800000000891C01085A
:101EE0002DE9F047164699468A680B69DDF820808F
:101EF0009342B8BF1346336091F8432007460C461F
:101F00000AB1013333602368990642BF3368023354
:101F10003360256815F0060506D104F1190AE36857
:101F200032689B1AAB4226DC94F84320131E2268C9
:101F300018BF012392062BD404F1430249463846C8
:101F4000C04701301ED02368226903F00603042B2A
:101F500002BFE5683368ED1AA3680CBF25EAE57592
:101F600000259342C4BF9B1AED1800261A34B542CF
:101F70001AD1002008E00123524649463846C0479E
:101F8000013003D14FF0FF30BDE8F0870135C6E7DF
:101F9000E1185A1C302081F84300224494F845107F
:101FA00082F843100233C7E70123224649463846E8
:101FB000C0470130E6D00136D9E700002DE9FF47E0
:101FC0000F7E0C9D782F914680460C469A4601F173
:101FD000430207D8622F0AD8002F00F0D480582F70
:101FE00000F0C08004F1420584F842703AE0A7F1A5
:101FF0006303152BF6D801A151F823F055200108F1
:1020000069200108E51F0108E51F0108E51F010817
:10201000E51F010869200108E51F0108E51F010807
:10202000E51F0108E51F01086D2101089520010841
:1020300027210108E51F0108E51F01088F2101087C
:10204000E51F010895200108E51F0108E51F0108AB
:102050002F2101082B681A1D1B682A6004F1420514
:1020600084F8423001239FE020682B68070603F1C3
:102070000401296001D51E6803E04606FBD5B3F9CB
:102080000060002E03DA2D23764284F843305A484C
:102090000A2312E02B682068191D2960050601D566
:1020A0001E6802E04106FBD51E8853486F2F0CBF07
:1020B00008230A23002184F843106568A560002DD9
:1020C000A2BF216821F0040121600EB9002D4BD080
:1020D0001546B6FBF3F103FB1167C75D05F8017DFB
:1020E0003746BB420E46F4D9082B0BD12368DE07D6
:1020F00008D5236961689942DEBF302305F8013CA9
:1021000005F1FF35521B2261CDF800A04B4603AA12
:1021100021464046FFF7E4FE01304AD14FF0FF3040
:1021200004B0BDE8F087236843F020032360334800
:10213000782784F84570236829681F0651F8046BD6
:1021400002D45F0648BFB6B2DF0748BF43F02003A2
:10215000296048BF23601EB9236823F02003236051
:102160001023A7E72448E4E71546BDE72B68266857
:102170006169181D286035061B6801D5196002E0E9
:102180007006FBD51980002323611546BCE72B6838
:102190001A1D2A601D68626800212846EEF708F8BB
:1021A00008B1401B606063682361002384F84330FA
:1021B000AAE723692A4649464046D0470130ADD0B8
:1021C00023689B0713D4E068039B9842B8BF184666
:1021D000A6E70123324649464046D04701309DD00C
:1021E0000135E36803995B1AAB42F2DCEBE70025AB
:1021F00004F11906F5E700BF1D6001082E60010813
:10220000F8B50E461446054618B1036A0BB9FFF738
:102210000DF9A369A360A3891A0725D523691BB308
:1022200023682269981A6369F6B28342374604DC50
:1022300021462846FFF7C2FCE0B9A368013BA36032
:1022400023685A1C22601E706269431C9A4204D0A3
:10225000A389DB0706D50A2E04D121462846FFF7BD
:10226000ADFC38B93846F8BD2146284600F006F8DE
:102270000028D5D04FF0FF37F4E7000038B52A4BDF
:10228000054618680C4618B1036A0BB9FFF7CEF87B
:10229000A389B4F90C20180722D4D90607D409233E
:1022A0002B6042F04003A3814FF0FF3034E0580729
:1022B00012D5616B41B104F14403994202D0284622
:1022C000FFF7FCFA00236363A38923F02403A381AF
:1022D0000023636023692360A38943F00803A3817B
:1022E00023694BB9A38903F42073B3F5007F03D0AE
:1022F0002146284600F084F8A089B4F90C2010F09B
:1023000001030AD00023A36063695B42A3612369D0
:1023100043B910F08000C4D138BD810758BF63694C
:10232000A360F4E70020F7E7D80200201F2938B5A2
:1023300004460D4604D9162303604FF0FF3038BD24
:10234000C26B12B152F821304BB9204600F030F880
:102350002A4601462046BDE8384000F017B8012B58
:102360000AD0591C03D1162303600120E7E700249B
:1023700042F82540284698470020E0E7024B0146F6
:102380001868FFF7D3BF00BFD802002038B5074D4B
:1023900000230446084611462B60FBF77EFE431CD3
:1023A00002D12B6803B1236038BD00BFDC4300209D
:1023B000FBF771BE70B50C46B1F90E10002996B04E
:1023C00015461E460DDAA38913F0800F4FF0000169
:1023D0000CBF4FF480634023002031602B6016B0A7
:1023E00070BD6A4600F048F80028ECDB019901F462
:1023F0007041A1F50053594259414FF48063EBE716
:102400008B8973B59D0706460C4607D504F1470333
:10241000236023610123636102B070BD01AB6A4692
:10242000FFF7C8FF009905463046FFF7B9FA48B9EB
:10243000B4F90C309A05EFD423F0030343F0020300
:10244000A381E3E7A389206043F08003A381009B7D
:102450006361019B20615BB1B4F90E10304600F05E
:102460001DF828B1A38923F0030343F00103A381DE
:10247000A3891D43A581CFE738B5074D0023044646
:10248000084611462B60FBF735FE431C02D12B6832
:1024900003B1236038BD00BFDC43002038B5064DD2
:1024A0000023044608462B60FBF729FE431C02D19B
:1024B0002B6803B1236038BDDC430020F8B500BFB2
:1024C000F8BC08BC9E467047F8B500BFF8BC08BC15
:0424D0009E4670476D
:1024D40018120C1801010119190119190106060134
:1024E40006060103030103030102020102020112B1
:1024F4000C01120C00080008005001500250035057
:102504000450055006500750085009500A500B500B
:102514000C500D50F150F25001F105500000000034
:1025240001000000020000006D696E2C00206D5750
:102534002C002E00011F136F01130503020B05026B
:1025440000D57FAAFE2B815429FC5683D702A87D8F
:1025540052872DF8AC79D3067BAE04D18550FA2F7F
:10256400A471DB0E5A8F25F08D58F22773A60CD96F
:10257400F623895C08DD77A2DF0AA07521F45E8B5F
:102584009D48E23763B61CC9B461CB1E4A9F35E04F
:10259400CF1AB06531E44E9BE633994C18CD67B23F
:1025A40039EC4693C712B86D10C56FBAEE3B91442F
:1025B4006BBE14C19540EA3F42973DE8BC69C3161F
:1025C400EF3A904511C46EBBC613B96C38ED47920F
:1025D400BD68C21743963CE99441EB3E6ABF15C0FF
:1025E4004B9E34E1B560CA1F62B71DC89C49E336EF
:1025F40019CC66B3E732984D30E54F9ACE1BB164DF
:1026040072A70DD88C59F3265B8E24F1A570DA0FCE
:1026140020F55F8ADE0BA17409DC76A3F722885DBE
:10262400D603A97C28FD5782FF2A805501D47EABAE
:102634008451FB2E7AAF05D0AD78D20753862CF99E
:102644006162636465666768696A6B6C6D6E6F70FE
:102654007172737475767778797A303132333435B0
:10266400363738395F232D2E0000000000000000AB
:1026740000000000551E00080000000000000000DB
:10268400611E000800000000000000003D1E00085C
:1026940000010204050301026D6C72732E300053B5
:1026A400657475705374617274537478345478001B
:1026B400536574757053746172744D61726B657295
:1026C4000021656E6421006D4C5253010203040025
:1026D4006D4C52530403020100656E61626C6564C3
:1026E4002C616E74656E6E61312C616E74656E6EF4
:1026F40061322C723A656E2E20743A616E74312CFC
:10270400723A656E2E20743A616E7432007472618E
:102714006E73702E2C6D61766C696E6B2C6D6176A8
:102724006C6E6B582C6D73705800322E34204748F1
:102734007A2C393135204D487A204643432C38369B
:1027440038204D487A2C343333204D487A2C373096
:1027540020636D2048414D2C383636204D487A2070
:10276400494E2C393135204D487A202B20322E34D5
:102774002047487A2C383638204D487A202B20328E
:102784002E342047487A00656E61626C65642C6162
:102794006E74656E6E61312C616E74656E6E61323D
:1027A4002C72656E207461312C72656E20746132F6
:1027B40000353020487A2C333120487A2C313920A6
:1027C400487A2C464C52432C46534B2C3139487A88
:1027D400377800322E342047487A2C393135204658
:1027E40043432C383638204D487A2C343333204D2B
:1027F400487A2C373020636D2C38363620494E2CDD
:102804003931352B322E342C3836382B322E3400D5
:10281400202F2D2D00202F653100202F653600201C
:102824002F65313100202F653133000D0A003F0040
:1028340020206D696E3A200020206D61783A2000D6
:10284400202000203D200020205B612D7A302D398E
:10285400232D2E5F5D002D2028756E617661696CD5
:1028640061626C652900205B0028756E6368616E87
:10287400676561626C652900292C002C20002F00FB
:102884003B20003B006668737331202800202063DE
:10289400683A20002020665F7265673A2000202095
:1028A400663A2000206B487A0066687373322028E9
:1028B4000044495920453737204532322044756158
:1028C4006C42616E640021455252004F4B004143FB
:1028D400524F0021465321004848004154554E00B0
:1028E4004C4E4348004D414E5500545552540043FC
:1028F40052555A004352534800414800414E474CF8
:1029040000484F5200414E474800414C5448004152
:1029140055544F0047554944004C4F4954005254B4
:102924004C200043495243004C414E440044524918
:1029340046005350525400464C49500050484C44B1
:10294400004252414B00544852570041564F4900EF
:10295400474E4750005352544C0046484C4400469E
:102964004F4C4C005A49475A00535953490041525D
:102974004F54004152544C005452544C0054524150
:102984004E00464257410046425742004352555377
:1029940000544B4F4600494E495400515354420091
:1029A40051484F5600514C4F5400514C4E44005125
:1029B40052544C005141544E005141434F0054482D
:1029C4004D4C004C32514C005354455200534D5021
:1029D4004C00444F434B0041484C4400535552462D
:1029E400004D444554002A00424154545F43415031
:1029F4004143495459002121205278207061726169
:102A04006D2076657273696F6E20736D616C6C6591
:102A140072207468616E20547820706172616D2038
:102A240076657273696F6E2E20212100212120505A
:102A34006C65617365207570677261646520726589
:102A44006365697665722E202020202020202020B6
:102A54002020202020202020202020202020202171
:102A64002100212120547820706172616D207665E7
:102A74007273696F6E20736D616C6C65722074681B
:102A8400616E20527820706172616D207665727378
:102A9400696F6E2E20212100212120506C65617305
:102AA400652075706772616465205478206D6F6469
:102AB400756C652E2020202020202020202020201E
:102AC4002020202020202020202020212100436FAE
:102AD4006E66696749643A00202054783A20444974
:102AE400592045373720453232204475616C4261A4
:102AF4006E642C2076312E342E3032002020527811
:102B04003A20002D2028756E6578706563746564BD
:102B1400206572726F722900202068656C702C2009
:102B2400682C203F2020202020202D3E207468691E
:102B3400732068656C7020706167650020207620C2
:102B440020202020202020202020202020202D3E56
:102B5400207072696E742064657669636520616EA5
:102B6400642076657273696F6E002020706C20207B
:102B74002020202020202020202020202D3E206CDA
:102B840069737420616C6C20706172616D65746529
:102B94007273002020706C206320202020202020CD
:102BA40020202020202D3E206C69737420636F6DDB
:102BB4006D6F6E20706172616D6574657273002053
:102BC40020706C20747820202020202020202020B9
:102BD400202D3E206C6973742054782070617261DA
:102BE4006D6574657273002020706C2072782020EB
:102BF4002020202020202020202D3E206C6973746A
:102C040020527820706172616D6574657273002062
:102C14002070206E616D652020202020202020203F
:102C2400202D3E2067657420706172616D65746546
:102C3400722076616C756500202070206E616D6570
:102C4400203D2076616C756520202D3E20736574CF
:102C540020706172616D657465722076616C756552
:102C640000202070206E616D65203D203F202020D3
:102C74002020202D3E2067657420706172616D658F
:102C84007465722076616C756520616E64206C6970
:102C94007374206F6620616C6C6F77656420766155
:102CA4006C7565730020207073746F72652020202A
:102CB400202020202020202D3E2073746F72652058
:102CC400706172616D657465727300202073657440
:102CD400636F6E666967696420202020202D3E2082
:102CE40073656C65637420636F6E666967206964DD
:102CF40000202062696E64202020202020202020D3
:102D04002020202D3E2073746172742062696E64E9
:102D1400696E6700202072656C6F6164202020203A
:102D24002020202020202D3E2072656C6F616420BD
:102D3400616C6C20706172616D657465722073657D
:102D44007474696E67730020207374617473202037
:102D54002020202020202020202D3E20737461720A
:102D640074732073747265616D696E672073746126
:102D7400746973746963730020206C697374667278
:102D8400657173202020202020202D3E206C697343
:102D94007473206672657175656E636965732075F9
:102DA40073656420696E2066687373207363686555
:102DB4006D6500202073797374656D626F6F742084
:102DC40020202020202D3E2063616C6C20737973B9
:102DD40074656D20626F6F746C6F616465720077E7
:102DE40061726E3A207265636569766572206E6FF2
:102DF4007420636F6E6E6563746564002020656D76
:102E040070747920636D64002020696E76616C694A
:102E14006420636D6400202073747265616D696E53
:102E2400672073746174732073746F7070656400C9
:102E34003E00202074696D656F75740068656C7060
:102E440000706C00706C206300706C2074780070EB
:102E54006C207278006572723A20696E76616C69D2
:102E64006420706172616D65746572206E616D6558
:102E7400006572723A206E6F2076616C75652073FE
:102E84007065636966696564006572723A20696E8B
:102E940076616C69642076616C7565007073746F1B
:102EA4007265002020547820706172616D657465CC
:102EB40072732073746F7265640020207061726194
:102EC4006D65746572732073746F726564006269F2
:102ED4006E64002020547820656E746572656420E9
:102EE40062696E64206D6F64650072656C6F616405
:102EF400002020547820706172616D65746572736E
:102F04002072656C6F616465640020207061726179
:102F14006D65746572732072656C6F6164656400BD
:102F2400736574636F6E6669676964006572723A8B
:102F340020696E76616C696420636F6E66696720D0
:102F44006964206E756D6265722028302D39290000
:102F540020206E6F206368616E67652072657175ED
:102F6400697265640020206368616E676520436F41
:102F74006E666967496420746F2000202073746151
:102F84007274732073747265616D696E67207374F3
:102F940061747300202073656E6420616E79206310
:102FA400686172616374657220746F2073746F70EA
:102FB400006C6973746672657173007379737465F8
:102FC4006D626F6F74005378206E6F74206F6B00A6
:102FD400537832206E6F74206F6B0072785F617665
:102FE40061696C61626C65206E6F742074727565C2
:102FF400000000000000000000000000852F000811
:103004009D2F0008513800087D3800089B380008BF
:10301400E13300086F240008712500080000000057
:10302400000000001D2D0008092D00085F3900086C
:1030340089390008A7390008813400086F24000882
:10304400872500080000000000000000512400084B
:103054003F3D0008453C0008853B00085B3B0008F9
:103064009D250008E93B0008B9250008B53B000888
:10307400DD250008000000000000000051240008C5
:103084005324000855240008572400085B24000832
:103094005D240008612400086524000867240008F2
:1030A4006B24000800000000000000005124000808
:1030B4005324000855240008572400085B24000802
:1030C4005D240008612400086524000867240008C2
:1030D4006B240008000000000000000051240008D8
:1030E4005324000855240008572400085B240008D2
:1030F4005D24000861240008652400086724000892
:103104006B240008000000000000000051240008A7
:103114005324000855240008572400085B240008A1
:103124005D24000861240008652400086724000861
:103134006B240008000000000000000025270008A0
:10314400ED690008AD6A0008496A00085053544FFD
:10315400524500434F4E4649472049440042494E98
:10316400445F5048524153455F5533320052465FE5
:1031740042414E440052465F4F5254484F00545807
:103184005F504F5745520054585F44495645525377
:103194004954590054585F43485F534F555243456F
:1031A4000054585F43485F4F524445520054585F9F
:1031B400494E5F4D4F44450054585F5345525F504C
:1031C4004F52540054585F5345525F424155440096
:1031D40054585F5345525F504F5254320054585F15
:1031E4005345525F42415544320054585F534E4454
:1031F4005F524144494F535441540054585F4D4128
:10320400565F434F4D504F4E454E540054585F50F7
:103214004F5745525F53575F43480054585F4255D8
:103224005A5A45520052585F504F5745520052580F
:103234005F4449564552534954590052585F4348D4
:103244005F4F524445520052585F4F55545F4D4FA3
:1032540044450052585F4641494C534146455F4DF1
:103264004F44450052585F5345525F504F525400EB
:1032740052585F5345525F424155440052585F5380
:1032840045525F4C4E4B5F4D4F44450052585F4D85
:1032940041565F53595354454D5F49440052585F5A
:1032A400534E445F524144494F5354415400525881
:1032B4005F534E445F52434348414E4E454C005287
:1032C400585F4F55545F525353495F434800525817
:1032D4005F4F55545F4C515F43480052585F504F05
:1032E4005745525F53575F43480052585F46535FF8
:1032F4004348310052585F46535F434832005258A6
:103304005F46535F4348330052585F46535F434818
:10331400340052585F46535F4348350052585F4665
:10332400535F4348360052585F46535F4348370063
:1033340052585F46535F4348380052585F46535FC4
:103344004348390052585F46535F43483130005276
:10335400585F46535F434831310052585F46535FCC
:10336400434831320052585F46535F43483133007B
:1033740052585F46535F434831340052585F4653B6
:103384005F434831350052585F46535F43483136F6
:1033940000414E474C4500484F52495A4F4E004E4B
:1033A400415620414C54484F4C44004845414449FF
:1033B4004E4720484F4C44004845414446524545F9
:1033C400004845414441444A0043414D535441421D
:1033D400004E415620525448004E415620504F53FF
:1033E400484F4C44004D414E55414C0042454550D8
:1033F4004552004C454453204F4646004C494748EB
:103404005453004F5344204F46460054454C454DB9
:1034140045545259004155544F2054554E4500428D
:103424004C41434B424F58004641494C5341464559
:10343400004E415620575000414952204D4F4445BB
:1034440000484F4D452052455345540047435320AF
:103454004E41560046505620414E474C45204D495A
:1034640058005355524641434500464C415045523D
:103474004F4E005455524E20415353495354004E1D
:103484004156204C41554E434800534552564F2017
:103494004155544F5452494D0043414D45524120EA
:1034A400434F4E54524F4C20310043414D455241FD
:1034B40020434F4E54524F4C20320043414D45520D
:1034C4004120434F4E54524F4C2033004F5344201D
:1034D400414C542031004F534420414C542032007D
:1034E4004F534420414C542033004E415620434F07
:1034F4005552534520484F4C44004D4320425241BD
:103504004B494E47005553455231005553455232AD
:10351400005553455233005553455234004C4F49DE
:10352400544552204348414E4745004D5350205284
:1035340043204F564552524944450050524541524A
:103544004D00545552544C45004E4156204352555B
:10355400495345004155544F204C4556454C205441
:1035640052494D00575020504C414E4E4552005345
:103574004F4152494E47004D495353494F4E204302
:1035840048414E474500424545504552204D55540B
:1035940045004D554C54492046554E4354494F4ED1
:1035A400004D495845522050524F46494C4520320F
:1035B400004D49584552205452414E534954494FA5
:1035C4004E00414E474C4520484F4C440047494D1E
:1035D40042414C204C4556454C2054494C540047DC
:1035E400494D42414C204C4556454C20524F4C4C81
:1035F4000047494D42414C2043454E5445520047F3
:10360400494D42414C2048454144545241434B4565
:10361400520042696E6420506872617365004249C9
:103624004E445F50485241534500353020487A2C6F
:10363400333120487A2C313920487A2C464C524375
:103644002C46534B2C313920487A20377800524687
:103654002042616E6400322E342C393135204643C9
:10366400432C3836382C3433332C37302C38363618
:1036740020494E2C3931352B322E342C3836382B08
:10368400322E34005246204F7274686F006F6666A3
:103694002C312F332C322F332C332F3300547820FA
:1036A400506F776572005478204469766572736947
:1036B400747900656E61626C65642C616E74656E0C
:1036C4006E61312C616E74656E6E61322C723A6576
:1036D4006E20743A616E74312C723A656E20743ABD
:1036E400616E743200547820436820536F7572639E
:1036F40065006E6F6E652C637273662C696E2C6D3B
:10370400627269646765005478204368204F72646C
:10371400657200414554522C544145522C45544144
:103724005200547820496E204D6F646500736275B1
:10373400732C7362757320696E7600547820536518
:103744007220506F72740073657269616C2C7762B9
:1037540072696467652C73657269616C322C636F7E
:103764006D2C6D62726964676500547820536572CC
:103774002042617564726174650035373630302CCF
:103784003131353230302C323330343030005478EB
:103794002053657220506F727432006E6F6E652C08
:1037A40073657269616C2C776272696467652C73E6
:1037B400657269616C3200547820536572204261ED
:1037C4007564726174653200547820536E642052BB
:1037D4006164696F53746174006F66662C312048AC
:1037E4007A005478204D617620436F6D706F6E655A
:1037F4006E74006F66662C656E61626C656400545D
:103804007820506F776572205377204368006F6685
:10381400662C352C362C372C382C392C31302C3165
:10382400312C31322C31332C31342C31352C31368E
:103834000054782042757A7A6572006F66662C4C63
:10384400502C72784C5100527820506F776572007A
:1038540052782044697665727369747900527820CD
:103864004368204F72646572005278204F7574204B
:103874004D6F646500736275732C637273662C7389
:1038840062757320696E76005278204661696C53C4
:10389400616665204D6F6465006E6F207369672CE7
:1038A4006C6F77207468722C627920636E662C6C5E
:1038B4006F772074687220636E742C636831636858
:1038C4003420636E740052782053657220506F72F6
:1038D400740073657269616C2C63616E2C63616E34
:1038E4006664005278205365722042617564726187
:1038F400746500527820536572204C696E6B204DBC
:103904006F6465007472616E73702E2C6D61766CD9
:10391400696E6B2C6D61766C696E6B582C6D73706F
:1039240058005278204D61762053797374656D2068
:1039340049440035312C35322C35332C35342C3573
:103944003500527820536E6420526164696F537459
:103954006174006F66662C617264755F312C6D65ED
:1039640074685F6200527820536E64205263436827
:10397400616E6E656C006F66662C7263206F76658F
:1039840072726964652C7263206368616E6E656C23
:1039940073005278204F7574205273736920436802
:1039A400005278204F7574204C512043680052789F
:1039B40020506F7765722053772043680052782037
:1039C40046532043683100527820465320436832DE
:1039D40000527820465320436833005278204653DF
:1039E40020436834005278204653204368350052FF
:1039F40078204653204368360052782046532043AB
:103A040068370052782046532043683800527820A3
:103A14004653204368390052782046532043683186
:103A240030005278204653204368313100527820C8
:103A3400465320436831320052782046532043686D
:103A44003133002D31323020252C3020252C3132D9
:103A540030202500527820465320436831340052E8
:103A6400782046532043683135005278204653204D
:103A74004368313600160018180018181812180771
:103A84000000000300000002010101020202020220
:103A94000303040101010202020202020202020201
:103AA4000202020102020202020100000000000000
:103AB40000000000F85501082B130000D055010840
:103AC4000A0000000000000000000000C4550108C6
:103AD400030000000000000000000000800080FFE0
:103AE400000001000A000A000E001900140064001E
:103AF40016009E008E040020FF0000001636010808
:103B040022360108DC260108000000000000000045
:103B140000000000DC2601080000000096040020DC
:103B2400FE0000009838010840340108DC26010832
:103B34000000000000000000000000002E36010814
:103B44003A05002095040020FE00000052360108CA
:103B540071310108DC2601080000000000000000AB
:103B6400000000005A3601083805002097040020A0
:103B7400FE0000008836010879310108DC260108BE
:103B84000000000000000000000000009136010861
:103B94003C050020C6030020FE000000A1360108F9
:103BA40082310108DC26010800000000000000004A
:103BB400000000003E05002000000000C7030020B4
:103BC400FE000000AA3601088B310108DC2601083A
:103BD400000000000000000000000000B7360108EB
:103BE40082050020C8030020FE000000E936010819
:103BF40098310108DC2601080000000000000000E4
:103C040000000000F636010884050020C9030020E6
:103C1400FE0000000B370108A5310108DC2601086D
:103C24000000000000000000000000001737010839
:103C340000000000CA030020FE000000263701082F
:103C4400B1310108DC26010800000000000000007A
:103C5400000000003137010886050020CB03002056
:103C6400FE0000003F370108BC310108DC260108D2
:103C74000000000000000000000000004B370108B5
:103C840088050020CC030020FE0000006E370108E8
:103C9400C8310108DC260108000000000000000013
:103CA400000000007E37010800000000CD03002062
:103CB400FE00000092370108D4310108DC26010817
:103CC4000000000000000000000000009F37010811
:103CD4008A050020D0030020FE000000BB37010845
:103CE400E1310108DC2601080000000000000000AA
:103CF400000000007E3701088C050020CE03002060
:103D0400FE000000CC370108EE310108DC26010872
:103D1400000000000000000000000000DD37010882
:103D240000000000D1030020FE000000E637010877
:103D3400FF310108DC26010800000000000000003B
:103D440000000000F737010800000000D203002043
:103D5400FE0000000338010810320108DC260108C7
:103D640000000000000000000000000012380108FC
:103D740000000000CF030020FE00000035380108D9
:103D84001F320108DC2601080000000000000000CA
:103D9400000000003F3801088E050020A203002027
:103DA400FE0000004B38010829320108DC26010816
:103DB4000000000000000000000000009205002048
:103DC40000000000A3030020FE0000005438010896
:103DD40032320108DC260108000000000000000067
:103DE40000000000B7360108D6050020A403002017
:103DF400FE000000613801083F320108DC2601089A
:103E04000000000000000000000000001737010857
:103E140000000000A5030020FE0000006D3801082A
:103E24004B320108DC2601080000000000000000FD
:103E34000000000079380108D8050020A7030020FD
:103E4400FE0000008C38010857320108DC26010806
:103E54000000000000000000000000009D38010880
:103E640000000000B0030020FE000000CA38010872
:103E740068320108DC260108000000000000000090
:103E840000000000D6380108DA050020A80300204D
:103E9400FE000000E738010874320108DC2601083E
:103EA4000000000000000000000000007E37010850
:103EB40000000000A9030020FE000000F7380108FC
:103EC40080320108DC260108000000000000000028
:103ED400000000000839010800000000B1030020C0
:103EE400FE0000002639010890320108DC26010892
:103EF4000000000000000000000000003739010845
:103F040000000000AA030020FE000000463901085A
:103F1400A1320108DC2601080000000000000000B6
:103F2400000000005739010800000000AC03002025
:103F3400FE00000069390108B2320108DC260108DC
:103F44000000000000000000000000007A390108B1
:103F540000000000A6030020FE00000096390108BE
:103F6400C3320108DC260108000000000000000044
:103F7400000000001238010800000000AE03002019
:103F8400FE000000A5390108D2320108DC26010830
:103F940000000000000000000000000012380108CA
:103FA40000000000AF030020FE000000B239010849
:103FB400DF320108DC2601080000000000000000D8
:103FC400000000001238010800000000B6030020C1
:103FD40002000000C1390108EE320108563A010816
:103FE400000000008800000078000000DC260108C2
:103FF40000000000B703002002000000CB390108D4
:10400400F8320108563A0108000000008800000058
:1040140078000000DC26010800000000B80300203E
:1040240002000000D539010802330108563A01089C
:10403400000000008800000078000000DC26010871
:1040440000000000B903002002000000DF3901086D
:104054000C330108563A01080000000088000000F3
:1040640078000000DC26010800000000BA030020EC
:1040740002000000E939010816330108563A010824
:10408400000000008800000078000000DC26010821
:1040940000000000BB03002002000000F339010807
:1040A40020330108563A010800000000880000008F
:1040B40078000000DC26010800000000BC0300209A
:1040C40002000000FD3901082A330108563A0108AC
:1040D400000000008800000078000000DC260108D1
:1040E40000000000BD03002002000000073A0108A0
:1040F40034330108563A010800000000880000002B
:1041040078000000DC26010800000000BE03002047
:1041140002000000113A01083E330108563A010832
:10412400000000008800000078000000DC26010880
:1041340000000000BF030020020000001B3A010839
:1041440048330108563A01080000000088000000C6
:1041540078000000DC26010800000000C0030020F5
:1041640002000000263A010853330108563A0108B8
:10417400000000008800000078000000DC26010830
:1041840000000000C103002002000000313A0108D1
:104194005E330108563A0108000000008800000060
:1041A40078000000DC26010800000000C2030020A3
:1041B400FE0000003C3A010869330108DC260108CE
:1041C400000000000000000000000000473A010861
:1041D40000000000C3030020FE000000583A01085C
:1041E40074330108DC260108000000000000000010
:1041F40000000000473A010800000000C40300204A
:10420400FE000000633A01087F330108DC26010840
:10421400000000000000000000000000473A010810
:1042240000000000C5030020FE0000006E3A0108F3
:104234008A330108DC2601080000000000000000A9
:1042440000000000473A0108000000006162636456
:1042540065666768696A6B6C6D6E6F707172737492
:1042640075767778797A3031323334353637383970
:104274005F232D2E0000000000070E091C1B1215E1
:10428400383F363124232A2D70777E796C6B626532
:10429400484F464154535A5DE0E7EEE9FCFBF2F522
:1042A400D8DFD6D1C4C3CACD90979E998C8B828512
:1042B400A8AFA6A1B4B3BABDC7C0C9CEDBDCD5D202
:1042C400FFF8F1F6E3E4EDEAB7B0B9BEABACA5A2F2
:1042D4008F88818693949D9A2720292E3B3C3532E2
:1042E4001F18111603040D0A5750595E4B4C4542D2
:1042F4006F68616673747D7A898E878095929B9CC2
:10430400B1B6BFB8ADAAA3A4F9FEF7F0E5E2EBECB1
:10431400C1C6CFC8DDDAD3D4696E676075727B7CA1
:1043240051565F584D4A4344191E171005020B0C91
:1043340021262F283D3A33344E49404752555C5B81
:104344007671787F6A6D64633E39303722252C2B71
:104354000601080F1A1D1413AEA9A0A7B2B5BCBB61
:104364009691989F8A8D8483DED9D0D7C2C5CCCB51
:10437400E6E1E8EFFAFDF4F3000000003209000082
:1043840000000000010000007C2B00000000000081
:1043940002000000890C000000000000040000007E
:1043A400ED0E030C0D00000005000000D91C0100F7
:1043B4000000000006000000680300000000000088
:1043C4000700000077200000000000000800000043
:1043D40075240000000000000B00000059060104D1
:1043E4000000000014000000D614030203000000C3
:1043F400150000009F0203000100000016000000E9
:10440400DC1900000000000017000000A8170304D6
:10441400050000001800000018340000000000002F
:104424001900000017650000000000001A000000D9
:10443400AA180000000000001B000000901D0000EE
:10444400000000001C0000004310000000000000F9
:104454001D00000073100000000000001E0000009A
:10446400271C0000000000001F000000F6300000C0
:104474000000000020000000B91C00000000000043
:1044840021000000681C0000000000002200000061
:10449400ED1600000000000023000000F4160000E8
:1044A4000000000024000000DE25000000000000E1
:1044B40025000000D40703040500000026000000C6
:1044C400090703040500000027000000FE2603205E
:1044D4002100000028000000E6050302030000009C
:1044E400290000001C040302030000002A0000004D
:1044F4001C120000000000002B00000084030300D5
:10450400010000002C000000DD090302030000008C
:104514002D000000E8030300010000002E0000004D
:104524000B020000000000002F00000099080300A7
:1045340001000000300000002915010C00000000FB
:1045440031000000271400000000000032000000C9
:104554004E2503121300000033000000C4050302BB
:104564000300000035000000030500000000000007
:10457400360000000F1B031819000000370000006C
:1045840003190000000000003D000000A7480000DF
:10459400000000003E000000B71A00000000000008
:1045A4003F00000077B5000000000000400000005C
:1045B400BFE100000000000041000000762A000076
:1045C4000000000042000000940603020300000003
:1045D4004300000015040000000000004500000036
:1045E400F31E010A00000000460000007C260310B0
:1045F40011000000490000002626032021000000CD
:104604004A00000014140000000000004B000000E9
:104614009E23031E1F0000004C0000009821031E6F
:104624001F0000004D0000008F0A0308090000006D
:10463400500000000E0403020300000051000000BB
:104644006A16000000000000520000003133032409
:1046540025000000530000001625000000000000A3
:10466400540000008F350332330000005500000071
:104674008C330000000000005600000005350332B2
:1046840033000000570000009633000000000000D3
:1046940059000000E71C0000000000005A00000060
:1046A400B7380000000000005B0000003F2A000053
:1046B400000000005C000000362100000000000043
:1046C4005D0000002F5100000000000064000000A5
:1046D400AF220000000000006500000066750000C5
:1046E40000000000660000009E750000000000004D
:1046F40067000000D03900000000000068000000DE
:104704003874000000000000690000005D3F0000F4
:10471400000000006A0000008A2C00000000000075
:104724006B0000006C410000000000006C00000001
:10473400205C0000000000006D000000B9090000CA
:10474400000000006E00000054FE0301020000009F
:104754006F0000002212031011000000700000001E
:10476400AE0C000000000000710000007C27000077
:104774000000000072000000ED2C000000000000AA
:1047840073000000044000000000000074000000FA
:104794004C180000000000007500000080060304AF
:1047A4000500000076000000380E00000000000044
:1047B40077000000740C030A0B000000780000006E
:1047C400866100000000000079000000ED02030093
:1047D400010000007A000000CB0203000100000089
:1047E4007B000000FA710300010000007C0000005F
:1047F40057390000000000007D000000CB060000D7
:10480400000000007E000000DC51034F5000000057
:104814007F00000019230000000000008000000059
:10482400E223000000000000810000002E180000B8
:1048340000000000820000001D0D000000000000C8
:1048440083000000DFFF000000000000840000007F
:10485400552700000000000085000000061200003B
:104864000000000086000000E52B000000000000AE
:1048740087000000CB080000000000008800000052
:10488400011600000000000089000000C3100000B1
:10489400000000008A0000006D78000000000000A5
:1048A4008B000000A82B03292A0000008C000000C4
:1048B400B5290000000000008D0000002F2000003A
:1048C400000000008E00000048F30000000000001B
:1048D4008F00000083100000000000009000000022
:1048E4007F5D00000000000092000000676400008B
:1048F40000000000930000009A3600000000000051
:1049040094000000B24E000000000000950000007A
:10491400C83C00000000000096000000862A000049
:104924000000000097000000DB08030607000000F9
:1049340098000000D008000000000000990000006A
:10494400BC0C0000000000009A000000540F030695
:10495400070000009B000000160D03040500000082
:104964009C00000013060300010000009D000000ED
:10497400150F030C0D0000009E000000860F030CB1
:104984000D000000A00000004E0C03080900000008
:10499400A10000004403030001000000A200000085
:1049A400BD09000000000000A30000007F1C0000FF
:1049B40000000000A40000009A2C00000000000089
:1049C400A50000001503000000000000A600000080
:1049D4001509000000000000A70000009016000068
:1049E40000000000A8000000010C0000000000000E
:1049F400A9000000EA12000000000000AA00000064
:104A04004922000000000000AB000000B542000095
:104A140000000000AC00000016620000000000006E
:104A2400AD0000005308000000000000AE000000CC
:104A3400A730000000000000AF0000008A13030E3E
:104A44000F000000B0000000EA03030001000000B2
:104A5400B1000000F014000000000000B2000000EB
:104A64002F18000000000000B3000000BD1D011A53
:104A740000000000B4000000342F012A00000000F0
:104A8400B5000000AE04000000000000B600000005
:104A9400E528000000000000B700000055020300F4
:104AA40001000000B80000009FCE030405000000D0
:104AB400B9000000BA07030405000000BA000000B2
:104AC400481D030001000000BF0000005C1B000043
:104AD40000000000C00000002436000000000000B8
:104AE400C1000000471A000000000000C2000000DE
:104AF4006221000000000000C300000078250000CF
:104B040000000000C8000000862A032829000000D5
:104B1400C9000000CD0E030C0D000000D6000000FB
:104B24004508030607000000D700000065030000E5
:104B340000000000D8000000320303000100000060
:104B4400D9000000CA06000000000000DA000000DE
:104B54001107030001000000DB000000A2020000B6
:104B640000000000DC000000222000000000000023
:104B7400DD000000472A000000000000DE00000005
:104B84000F03000000000000DF000000772F032A5D
:104B94002B000000E0000000662D032A2B0000001B
:104BA400E1000000D049000000000000E200000025
:104BB400CF08000000000000E6000000A32A000067
:104BC40000000000E7000000692800000000000069
:104BD400E80000009741000000000000E900000028
:104BE40023B6000000000000EA0000009628000040
:104BF40000000000EB000000B32A000000000000E9
:104C0400F10000005A20000000000000F200000043
:104C1400683C000000000000F3000000553D013432
:104C240000000000F40000005F0600000000000027
:104C3400F50000008202000000000000F600000001
:104C4400B826000000000000F70000005113000027
:104C540000000000F800000008FE03030400000048
:104C6400F9000000CC24000000000000FA0000005D
:104C7400311E000000000000FB000000AA1200002A
:104C840000000000FC0000002C12000000000000E6
:104C9400FD0000005336000000000000FE0000008C
:104CA4002E0900000000000000010000472A03084C
:104CB4000900000001010000830900000000000059
:104CC40002010000BBE80300010000000301000032
:104CD4005CED00000000000004010000920E0000E2
:104CE4000000000005010000B33D000000000000CA
:104CF400060100000C17000000000000070100007E
:104D040085FF0000000000000801000031200000C1
:104D140000000000090100001A1400000000000057
:104D24000A010000C1FF0302030000000B010000A0
:104D340023FF0302030000000C0100000E04030221
:104D4400030000000D0100006DD70000000000000A
:104D54000E0100003B140000000000000F010000E1
:104D64001635000000000000130100007E20000042
:104D740000000000140100001232000000000000D6
:104D8400150100003E1E0000000000001801000094
:104D9400462100000000000019010000300D000051
:104DA400000000001A0100007B2303202100000002
:104DB4001B0100004A910000000000001C010000DB
:104DC4006320031E1F0000001D010000893103261B
:104DD400270000001E010000D23903323300000016
:104DE4001F0100000117031415000000200100003A
:104DF400141703141500000022010000FB2E00000C
:104E040000000000230100000A3900000000000037
:104E140024010000E3DF031819000000270100004B
:104E2400EA0C00000000000028010000322300000A
:104E3400000000002B0100001362000000000000CD
:104E44002C010000D9160000000000002D01000014
:104E5400F33A000000000000360100001C110000BD
:104E640000000000370100005F7400000000000033
:104E740040010000F314030203000000410100009C
:104E8400580203000100000042010000F3950000F5
:104E940000000000430100004E93030001000000E5
:104EA4004401000084920000000000004A01000058
:104EB40017A70000000000004B0100005BE90000A0
:104EC400000000004C010000ECEF000000000000B6
:104ED4004D010000E76D0000000000004E010000DD
:104EE400480A0000000000004F010000E118000023
:104EF4000000000050010000F55400000000000014
:104F040053010000C7050000000000005401000028
:104F1400634600000000000059010000D11503029F
:104F2400030000005E010000E8FC00000000000037
:104F340062010000D20E030C0D00000063010000AA
:104F4400060C000000000000680100000B190000BE
:104F540000000000690100005D2100000000000065
:104F640071010000971800000000000072010000A9
:104F74004B6D000000000000730100000A1A0000DD
:104F840000000000740100001A8C00000000000002
:104F940075010000752A0000000000007701000080
:104FA400FB8C00000000000078010000C70800002E
:104FB400000000007C010000E81400000000000074
:104FC40081010000938503020300000082010000B8
:104FD4008410030405000000830100000448030456
:104FE40005000000840100000825032021000000C2
:104FF400860100009CF00000000000008B0100000E
:1050040000D40000000000008C01000032A0000069
:10501400000000008D010000B66C000000000000DC
:10502400900100006EFE03040500000091010000E1
:10503400B7060304050000009A010000A035000033
:10504400000000009B0100006A0300000000000053
:105054009C01000021060304050000009D010000DE
:105064004D070304050000009E0100006D100000C0
:10507400000000009F010000A110000000000000DB
:10508400A40100001449030607000000B301000056
:10509400862E000000000000B4010000C1090000D9
:1050A40000000000B50100001E0100000000000027
:1050B400B80100004223000000000000B901000014
:1050C400A911000000000000FE010000F56A0000C4
:1050D40000000000FF0100001C4700000000000069
:1050E40000020000B802000000000000421F00009F
:1050F400DA10000000000000431F0000E729000050
:1051040000000000441F0000AC620000000000002A
:10511400451F0000FB26000000000000461F0000A1
:10512400610E000000000000471F00004020000046
:1051340000000000481F0000EA21000000000000F9
:10514400491F000090100000000000004A1F0000EA
:105154009B290000000000004B1F000014660000A3
:10516400000000004C1F000036100000000000008A
:105174004D1F0000DE2E0000000000004E1F000046
:10518400C80E0000000000004F1F000017180000A8
:1051940000000000501F00009512000000000000F5
:1051A4002823000071890000000000002D23000066
:1051B400752200000000000011270000D114000037
:1051C4000000000012270000BA29000000000000BF
:1051D4001327000004010000000000001427000051
:1051E4008509000000000000152700006709000081
:1051F4000000000016270000C104000000000000A9
:1052040017270000471100000000000018270000C5
:10521400F00E000000000000A7270000C3550000A6
:1052240000000000F82A0000863403040500000092
:10523400F92A00000F88000000000000FA2A00008C
:10524400EAB4030405000000FB2A00004005000046
:1052540000000000FC2A00000BE80308090000001D
:10526400FD2A00005DE6000000000000022B0000A3
:105274002E31000000000000032B00006A2C000007
:10528400000000000C2B0000CD1000000000000006
:10529400162B0000902C000000000000172B0000CB
:1052A400852C000000000000182B0000552C000085
:1052B40000000000192B0000C3250310110000009A
:1052C4001A2B00004F050000000000001B2B0000FB
:1052D40080080304050000001C2B0000B12200001C
:1052E400000000001D2B0000821C000000000000D4
:1052F4001E2B00002F260000000000001F2B0000C2
:105304008E09000000000000202B0000842C000007
:1053140000000000212B0000D02C00000000000041
:10532400222B0000C92C000000000000232B0000E9
:10533400C12C000000000000242B0000BD2C000044
:1053440000000000342B0000A24E0000000000000A
:1053540064320000722C030001000000653200007A
:10536400FE3B031E1F000000663200008C35030460
:105374000500000067320000F92E03000100000060
:10538400683200004D36031C1D0000006932000025
:10539400312B030001000000733200005EF90300AA
:1053A40001000000763200008B3300000000000092
:1053B4007732000007120310110000007832000059
:1053C40014050000000000006842000067B30000FC
:1053D40000000000FE4200001A210000000000004E
:1053E400FF420000481000000000000001430000DC
:1053F40013110000000000000243000059110000D6
:1054040000000000034300001B0A0000000000002D
:10541400044300000E5B0000000000000543000090
:10542400BB54000000000000064300006A1800009E
:105434000000000010A40000E301000000000000D0
:1054440011A40000EF2E00000000000051C3000072
:10545400F62000000000000052C30000B5F6000072
:105464000000000053C300003E13000000000000D1
:1054740054C30000F00A03080900000055C30000EB
:10548400980603040500000020CB00000D64000012
:105494000000000021CB0000EF010000000000002C
:1054A40015CD0000F01100000000000016CD000032
:1054B400584E00000000000017CD000060550000A9
:1054C4000000000018CD0000B11C00000000000026
:1054D40019CD0000D73200000000000078CD000094
:1054E400B52603202100000079CD000066240000C9
:1054F4000000000060EA0000041603141500000018
:105504006AEA0000D0210000000000006BEA0000FD
:10551400B7070000000000006CEA000063240320C9
:10552400210000006DEA000081180314150000003A
:105534006EEA0000860803040500000074EA000017
:10554400CA0400000000000088EA00009CF5000086
:105554000000000089EA0000BFFF00000000000016
:105564008DEA00000E170302030000008EEA00001B
:10557400AB1C0308090000008FEA00003707000095
:105584000000000091EA0000610C0000000000002F
:1055940092EA0000DC0E00000000000093EA000024
:1055A400F51800000000000094EA0000652C0000DB
:1055B4000000000095EA00002D0600000000000035
:1055C4008FC2151B51B81E1B14AE171B6666F4352B
:1055D400CCCCFC353333053699990D36000016369C
:1055E40066661E36CCCC263633332F369999373639
:1055F400000040366666663800007038999979383C
:1056040033338338CCCC8C38666696380000A038A7
:105614009999A9383333B338CCCCBC386666C638CC
:105624000000D0389999D9383333E338CCCCEC38EE
:105634006666F6380000003999990939333313390D
:10564400CCCC1C3966662639000030399999393931
:1056540033334339CCCC4C39666656390000603953
:105664009999693933337339CCCC7C396666863978
:1056740000009039999999393333A339CCCCAC399A
:105684006666B6390000C0399999C9393333D339BC
:10569400CCCCDC396666E6390000F0399999F939E1
:1056A4000000891112239B322446AD573665BF741E
:1056B400488CC19D5AAFD3BE6CCAE5DB7EE9F7F8CE
:1056C4008110080193331A22A5562C47B7753E64FE
:1056D400C99C408DDBBF52AEEDDA64CBFFF976E8AE
:1056E40002218B30100299132667AF763444BD55DE
:1056F4004AADC3BC588ED19F6EEBE7FA7CC8F5D98E
:1057040083310A2091121803A7772E66B5543C45BD
:10571400CBBD42ACD99E508FEFFB66EAFDD874C96D
:1057240004428D5316619F702004A9153227BB369D
:105734004CCEC5DF5EEDD7FC6888E1997AABF3BA4D
:1057440085520C4397711E60A1142805B3373A267D
:10575400CDDE44CFDFFD56ECE9986089FBBB72AA2D
:1057640006638F7214409D512225AB343006B9175D
:105774004EEFC7FE5CCCD5DD6AA9E3B8788AF19B0D
:1057840087730E6295501C41A3352A24B11638073D
:10579400CFFF46EEDDDC54CDEBB962A8F99A708BED
:1057A400088481951AA793B62CC2A5D33EE1B7F01D
:1057B4004008C919522BDB3A644EED5F766DFF7CCD
:1057C400899400859BB712A6ADD224C3BFF136E0FD
:1057D400C1184809D33B5A2AE55E6C4FF77D7E6CAD
:1057E4000AA583B4188691972EE3A7F23CC0B5D1DD
:1057F4004229CB38500AD91B666FEF7E744CFD5D8D
:105804008BB502A499961087AFF326E2BDD034C1BC
:10581400C3394A28D11A580BE77F6E6EF55C7C4D6C
:105824000CC685D71EE597F42880A1913AA3B3B29C
:10583400444ACD5B5669DF78600CE91D722FFB3E4C
:105844008DD604C79FF516E4A9902081BBB332A27C
:10585400C55A4C4BD7795E68E11C680DF33F7A2E2C
:105864000EE787F61CC495D52AA1A3B03882B1935C
:10587400466BCF7A5448DD59622DEB3C700EF91F0C
:105884008FF706E69DD414C5ABB122A0B99230833C
:10589400C77B4E6AD5585C49E33D6A2CF11E780FEC
:1058A400A08601000B19000050C300001000041072
:1058B40000005B0101000000B01D000096FF000025
:1058C4000506010C015B00009033000091FF00000D
:1058D4000606010C015B00002058000090FF000048
:1058E40000000000000000005124000853240008B8
:1058F400552400085724000839CA0008D9CB0008E9
:1059040021CC00085DBE0008672400086B24000851
:105914000000000000000000A1C900085927000889
:10592400B14D00080000000000000000252600081A
:10593400196C00080000000000000000716E0008EF
:10594400F36F0008F7CD00085B2700087F270008E5
:105954000D260008ECFFFFFF0000000051240008A2
:1059640053240008552400085724000801CE0008D9
:1059740079270008A52700081926000867240008CD
:105984006B24000801000000030000000500000073
:105994000100000001000000060000000A000000F1
:1059A40020000000020000000400000008000000C5
:1059B4001000000040000000800000000001000012
:1059C40000020000000000000000000000000000D1
:1059D40000000000010000000200000003000000BD
:1059E40004000000A0860100400D0300801A060098
:1059F40000350C0040420F0080841E0000093D0069
:105A040000127A000024F40000366E010048E80118
:105A1400006CDC0200000000000000000000000038
:105A2400000000000100000002000000040000006B
:105A340006000000080000000A0000000C0000003E
:105A44001000000020000000400000008000000062
:105A540000010000DB0F49BFE4CB1640E4CB16C0C5
:105A640000000080DB0F4940DB0F49C0000FC93F35
:105A7400000F494000CB9640000FC9400053FB4043
:105A840000CB164100ED2F41000F49410031624126
:105A940000537B41003A8A4100CB9641005CA3410C
:105AA40000EDAF41007EBC41000FC94100A0D541CB
:105AB4000031E24100C2EE410053FB4100F20342D7
:105AC400003A0A420083104200CB164200141D42E1
:105AD400005C234200A5294200ED2F4200363642E5
:105AE400007E3C4200C74242000F4942A20000002F
:105AF400F9000000830000006E0000004E0000006A
:105B0400440000001500000029000000FC00000013
:105B14002700000057000000D1000000F50000003D
:105B240034000000DD000000C0000000DB000000C5
:105B34006200000095000000990000003C00000095
:105B4400430000009000000041000000FE0000003F
:105B54005100000063000000AB000000DE00000004
:105B6400BB000000C500000061000000B700000099
:105B7400240000006E0000003A0000004200000013
:105B84004D000000D2000000E0000000060000000C
:105B9400490000002E000000EA0000000900000097
:105BA400D1000000920000001C000000FE00000074
:105BB4001D000000EB0000001C000000B10000000C
:105BC40029000000A70000003E000000E8000000DB
:105BD4008200000035000000F50000002E000000E7
:105BE400BB0000004400000084000000E900000045
:105BF4009C0000007000000026000000B4000000BB
:105C04005F0000007E000000410000003900000039
:105C140091000000D600000039000000830000005D
:105C24005300000039000000F40000009C00000054
:105C3400840000005F0000008B000000BD00000035
:105C4400F9000000280000003B0000001F000000D5
:105C5400F800000097000000FF000000DE000000D4
:105C640005000000980000000F000000EF00000095
:105C74002F000000110000008B0000005A000000FB
:105C84000A0000006D0000001F0000006D0000000D
:105C9400360000007E000000CF0000002700000056
:105CA400CB00000009000000B70000004F00000016
:105CB400460000003F000000660000009E00000057
:105CC4005F000000EA0000002D00000075000000E5
:105CD40027000000BA000000C7000000EB0000002D
:105CE400E5000000F10000007B0000003D00000022
:105CF4000700000039000000F70000008A000000DF
:105D04005200000092000000EA0000006B00000056
:105D1400FB0000005F000000B10000001F00000055
:105D24008D0000005D000000080000005600000027
:105D3400030000003000000046000000FC000000EA
:105D44007B0000006B000000AB000000F0000000CE
:105D5400CF000000BC000000200000009A000000FA
:105D6400F4000000360000001D000000A90000003F
:105D7400E300000091000000610000005E000000EC
:105D8400E60000001B0000000800000065000000A1
:105D940099000000850000005F000000140000006E
:105DA400A000000068000000400000008D0000001A
:105DB400FF000000D8000000800000004D0000003B
:105DC40073000000270000003100000006000000FE
:105DD400060000001500000056000000CA00000084
:105DE40073000000A8000000C9000000600000006B
:105DF400E20000007B000000C00000008C000000F6
:105E04006B0000003863ED3EDA0F493F5E987B3F3C
:105E1400DA0FC93F6937AC3168212233B40F143328
:105E24006821A2330000C93F0000F0390000DA37CE
:105E34000000A2330000842E0000502B0000C22773
:105E44000000D0220000C41F0000C61B000044173D
:105E540004000000070000000900000000202020CA
:105E64002020202020202828282828202020202006
:105E740020202020202020202020202020881010D6
:105E84001010101010101010101010101004040432
:105E940004040404040404101010101010104141F0
:105EA40041414141010101010101010101010101DE
:105EB40001010101010101011010101010104242F2
:105EC40042424242020202020202020202020202AE
:105ED400020202020202020210101010200000004E
:105EE40000000000000000000000000000000000AE
:105EF400000000000000000000000000000000009E
:105F0400000000000000000000000000000000008D
:105F1400000000000000000000000000000000007D
:105F2400000000000000000000000000000000006D
:105F3400000000000000000000000000000000005D
:105F4400000000000000000000000000000000004D
:105F54000000000000000000000000000052454561
:105F64004E54206D616C6C6F63207375636365655B
:105F7400646564002F6275696C642F676E752D7497
:105F84006F6F6C732D666F722D73746D33325F3166
:105F9400312E332E72656C312E323032333039313A
:105FA400322D313630302F7372632F6E65776C6902
:105FB400622F6E65776C69622F6C6962632F7469F6
:105FC4006D652F676D74696D652E63002C20667591
:105FD4006E6374696F6E3A200061737365727469DD
:105FE4006F6E2022257322206661696C65643A20F5
:105FF40066696C6520222573222C206C696E6520ED
:106004002564257325730A00232D302B2000686C2A
:106014004C006566674546470030313233343536C7
:106024003738394142434445460030313233343500
:0C6034003637383961626364656600002D
:086040001CB1FE7F010000000D
:0860480065010008F9DD000804
:046050004101000802
:106054001031010814310020010000005031010802
:106064009B0300200100000057310108780600203E
:1060740005000000613101089604002001000000C1
:10608400403401089504002001000000713101082A
:10609400970400200100000079310108C6030020A4
:1060A4000100000082310108C70300200100000044
:1060B4008B310108C8030020010000009831010859
:1060C400C903002001000000A5310108CA03002013
:1060D40001000000B1310108CB03002001000000E1
:1060E400BC310108CC03002001000000C8310108C4
:1060F400CD03002001000000D4310108D0030020AA
:1061040001000000E1310108CE030020010000007D
:10611400EE310108D103002001000000FF31010825
:10612400D20300200100000010320108CF03002038
:10613400010000001F320108A2030020010000003A
:1061440029320108A30300200100000032320108B3
:10615400A4030020010000003F320108A503002031
:10616400010000004B320108A703002001000000D9
:1061740057320108B0030020010000006832010812
:10618400A80300200100000074320108A9030020C4
:106194000100000080320108B1030020010000006A
:1061A40090320108AA03002001000000A132010876
:1061B400AC03002001000000B2320108A603002055
:1061C40001000000C3320108AE03002001000000FA
:1061D400D2320108AF03002001000000DF320108C1
:1061E400B603002002000000EE320108B7030020CD
:1061F40002000000F8320108B80300200200000089
:1062040002330108B9030020020000000C33010826
:10621400BA0300200200000016330108BB0300206B
:106224000200000020330108BC030020020000002B
:106234002A330108BD0300200200000034330108A2
:10624400BE030020020000003E330108BF0300200B
:106254000200000048330108C003002002000000CF
:1062640053330108C1030020020000005E3301081B
:10627400C20300200100000069330108C3030020A9
:106284000100000074330108C40300200100000071
:106294007F330108C5030020010000008A33010890
:1062A400FFFF0000E1250008812F0008503001089D
:1062B40080300108E0300108B030010800093D00D9
:1062C40001000000100000000000803F6042A20DA9
:1062D4000000000003000000A042002000000000B5
:1062E400A04200200843002070430020000000006A
:1062F400000000000000000000000000000000009A
:106304000000000000000000000000000000000089
:106314000000000000000000000000000000000079
:0C63240000000000000000008C020020BF
:040000050800E14DC1
:00000001FF
