:020000040800F2
:1000000000000120A5D70008DBD60008DDD60008D7
:10001000DFD60008E1D60008E3D6000800000000A3
:10002000000000000000000000000000E5D600080D
:10003000E7D6000800000000E9D60008EBD600086B
:10004000F5D70008F5D70008F5D70008F5D7000860
:10005000F5D70008F5D70008F5D70008F5D7000850
:10006000F5D70008F5D70008F5D70008F5D7000840
:10007000F5D70008F5D70008F5D70008F5D7000830
:10008000F5D70008F5D70008F5D70008F5D7000820
:1000900000000000F5D70008F5D70008F5D70008E4
:1000A000F5D70008F5D70008F5D70008F5D7000800
:1000B000493A0008F5D70008F5D70008F5D7000839
:1000C000F5D70008F5D70008F5D70008F5D70008E0
:1000D000A53600087D620008F5D70008F5D70008AE
:1000E000F5D70008F5D70008F5D70008F5D70008C0
:1000F000F5D700080000000000000000F5D7000858
:10010000F5D70008F5D70008A1B80008F5D7000812
:10011000F5D70008F5D70008F5D70008F5D700088F
:10012000F5D70008F5D70008F5D70008F5D700087F
:08013000F5D70008F5D700081F
:1001400010B5054C237833B9044B13B10448AFF311
:1001500000800123237010BDE00200200000000099
:10016000141B010808B5034B1BB103490348AFF347
:10017000008008BD00000000E4020020141B0108FC
:1001800010F8012B11F8013B012A28BF9A42F7D041
:10019000D01A7047034613F8012B002AFBD1181A16
:1001A000013870470000000000000000000000005F
:1001B00001F0FF01102A2BDB10F0070F08D010F818
:1001C000013B013A8B422DD010F0070F42B3F6D11C
:1001D000F0B441EA012141EA014122F007047FF035
:1001E00000070023F0E80256083C85EA010586EA8C
:1001F000010685FA47F5A3FA87F586FA47F6A5FAC8
:1002000087F68EB9EED1F0BC01F0FF0102F00702D3
:1002100032B110F8013B013A83EA010313B1F8D17E
:100220000020704701387047002D06BF354603385F
:10023000073815F0010F07D1013015F4807F02BF98
:10024000013015F4C03F0130F0BC0138704700BFE9
:1002500081F0004102E000BF83F0004330B54FEA77
:1002600041044FEA430594EA050F08BF90EA020FE4
:100270001FBF54EA000C55EA020C7FEA645C7FEA77
:10028000655C00F0E2804FEA5454D4EB5555B8BF9A
:100290006D420CDD2C4480EA020281EA030382EA0B
:1002A000000083EA010180EA020281EA0303362D9D
:1002B00088BF30BD11F0004F4FEA01314FF4801C70
:1002C0004CEA113102D0404261EB410113F0004F82
:1002D0004FEA03334CEA133302D0524263EB430339
:1002E00094EA050F00F0A780A4F10104D5F1200ED7
:1002F0000DDB02FA0EFC22FA05F2801841F1000132
:1003000003FA0EF2801843FA05F359410EE0A5F105
:1003100020050EF1200E012A03FA0EFC28BF4CF036
:10032000020C43FA05F3C01851EBE37101F00045EC
:1003300007D54FF0000EDCF1000C7EEB00006EEBF9
:100340000101B1F5801F1BD3B1F5001F0CD3490883
:100350005FEA30004FEA3C0C04F101044FEA4452DA
:1003600012F5800F80F09A80BCF1004F08BF5FEA61
:10037000500C50F1000041EB045141EA050130BD41
:100380005FEA4C0C404141EB0101013C28BFB1F553
:10039000801FE9D291F0000F04BF01460020B1FA9E
:1003A00081F308BF2033A3F10B03B3F120020CDA71
:1003B0000C3208DD02F1140CC2F10C0201FA0CF04F
:1003C00021FA02F10CE002F11402D8BFC2F1200CB4
:1003D00001FA02F120FA0CFCDCBF41EA0C0190406A
:1003E000E41AA2BF01EB0451294330BD6FEA0404B3
:1003F0001F3C1CDA0C340EDC04F11404C4F120029E
:1004000020FA04F001FA02F340EA030021FA04F3AF
:1004100045EA030130BDC4F10C04C4F1200220FA06
:1004200002F001FA04F340EA0300294630BD21FA44
:1004300004F0294630BD94F0000F83F4801306BF0A
:1004400081F480110134013D4EE77FEA645C18BFFE
:100450007FEA655C29D094EA050F08BF90EA020F95
:1004600005D054EA000C04BF1946104630BD91EA8D
:10047000030F1EBF0021002030BD5FEA545C05D190
:100480004000494128BF41F0004130BD14F58004CF
:100490003CBF01F5801130BD01F0004545F0FE4143
:1004A00041F470014FF0000030BD7FEA645C1ABF78
:1004B000194610467FEA655C1CBF0B46024650EAAF
:1004C000013406BF52EA033591EA030F41F40021DB
:1004D00030BD00BF90F0000F04BF0021704730B561
:1004E0004FF4806404F132044FF000054FF0000136
:1004F00050E700BF90F0000F04BF0021704730B5F7
:100500004FF4806404F1320410F0004548BF4042CB
:100510004FF000013EE700BF42004FEAE2014FEA20
:1005200031014FEA02701FBF12F07F4393F07F4FFB
:1005300081F06051704732F07F4208BF704793F0FE
:100540007F4F04BF41F40021704730B54FF4607411
:1005500001F0004521F000411CE700BF50EA010214
:1005600008BF704730B54FF000050AE050EA0102BD
:1005700008BF704730B511F0004502D5404261EB2D
:1005800041014FF4806404F132045FEA915C3FF46E
:10059000D8AE4FF003025FEADC0C18BF03325FEA0B
:1005A000DC0C18BF033202EBDC02C2F1200300FABC
:1005B00003FC20FA02F001FA03FE40EA0E0021FAE1
:1005C00002F11444BDE600BF70B54FF0FF0C4CF4CF
:1005D000E06C1CEA11541DBF1CEA135594EA0C0F81
:1005E00095EA0C0F00F0DEF82C4481EA030621EABC
:1005F0004C5123EA4C5350EA013518BF52EA0335F7
:1006000041F4801143F4801338D0A0FB02CE4FF0A8
:100610000005E1FB02E506F00042E0FB03E54FF0D8
:100620000006E1FB03569CF0000F18BF4EF0010ED0
:10063000A4F1FF04B6F5007F64F5407404D25FEACC
:100640004E0E6D4146EB060642EAC62141EA55517F
:100650004FEAC52040EA5E504FEACE2EB4F1FD0CC1
:1006600088BFBCF5E06F1ED8BEF1004F08BF5FEA3F
:10067000500E50F1000041EB045170BD06F00046F1
:1006800046EA010140EA020081EA0301B4EB5C049E
:10069000C2BFD4EB0C0541EA045170BD41F4801196
:1006A0004FF0000E013C00F3AB8014F1360FDEBFBB
:1006B000002001F0004170BDC4F10004203C35DA97
:1006C0000C341BDC04F11404C4F1200500FA05F31A
:1006D00020FA04F001FA05F240EA020001F00042BB
:1006E00021F0004110EBD37021FA04F642EB060131
:1006F0005EEA430E08BF20EAD37070BDC4F10C045B
:10070000C4F1200500FA04F320FA05F001FA04F21E
:1007100040EA020001F0004110EBD37041F100010A
:100720005EEA430E08BF20EAD37070BDC4F1200515
:1007300000FA05F24EEA020E20FA04F301FA05F27D
:1007400043EA020321FA04F001F0004121FA04F225
:1007500020EA020000EBD3705EEA430E08BF20EAF5
:10076000D37070BD94F0000F0FD101F0004640002F
:1007700041EB010111F4801F08BF013CF7D041EAB1
:10078000060195F0000F18BF704703F000465200B5
:1007900043EB030313F4801F08BF013DF7D043EA86
:1007A0000603704794EA0C0F0CEA135518BF95EA3C
:1007B0000C0F0CD050EA410618BF52EA4306D1D1C3
:1007C00081EA030101F000414FF0000070BD50EAE2
:1007D000410606BF1046194652EA430619D094EA6C
:1007E0000C0F02D150EA013613D195EA0C0F05D156
:1007F00052EA03361CBF104619460AD181EA0301AA
:1008000001F0004141F0FE4141F470014FF0000061
:1008100070BD41F0FE4141F4780170BD70B54FF0FC
:10082000FF0C4CF4E06C1CEA11541DBF1CEA13557C
:1008300094EA0C0F95EA0C0F00F0A7F8A4EB05045E
:1008400081EA030E52EA03354FEA013100F0888055
:100850004FEA03334FF0805545EA131343EA12631E
:100860004FEA022245EA111545EA10654FEA0026D3
:100870000EF000419D4208BF964244F1FD0404F58C
:10088000407402D25B084FEA3202B61A65EB0305E8
:100890005B084FEA32024FF480104FF4002CB6EBA5
:1008A000020E75EB030E22BFB61A754640EA0C0025
:1008B0005B084FEA3202B6EB020E75EB030E22BF65
:1008C000B61A754640EA5C005B084FEA3202B6EBA6
:1008D000020E75EB030E22BFB61A754640EA9C0065
:1008E0005B084FEA3202B6EB020E75EB030E22BF35
:1008F000B61A754640EADC0055EA060E18D04FEAF3
:10090000051545EA16754FEA06164FEAC30343EA92
:1009100052734FEAC2025FEA1C1CC0D111F4801F5F
:100920000BD141EA00014FF000004FF0004CB6E758
:1009300011F4801F04BF01430020B4F1FD0C88BFF7
:10094000BCF5E06F3FF6AFAEB5EB030C04BFB6EB02
:10095000020C5FEA500C50F1000041EB045170BDF5
:100960000EF0004E4EEA113114EB5C04C2BFD4EB22
:100970000C0541EA045170BD41F480114FF0000EA6
:10098000013C90E645EA060E8DE60CEA135594EA22
:100990000C0F08BF95EA0C0F3FF43BAF94EA0C0F25
:1009A0000AD150EA01347FF434AF95EA0C0F7FF49A
:1009B00025AF104619462CE795EA0C0F06D152EAEE
:1009C00003353FF4FDAE1046194622E750EA4106D2
:1009D00018BF52EA43067FF4C5AE50EA41047FF4E3
:1009E0000DAF52EA43057FF4EBAE12E74A0011D295
:1009F00012F5001211D20DD56FF47873B3EB625279
:100A00000ED44FEAC12343F0004343EA505323FA84
:100A100002F070474FF00000704750EA013002D1F9
:100A20004FF0FF3070474FF00000704780F00040FB
:100A300002E000BF81F0004142001FBF5FEA4103B6
:100A400092EA030F7FEA226C7FEA236C6AD04FEAB6
:100A50001262D2EB1363C1BFD218414048404140FB
:100A6000B8BF5B42192B88BF704710F0004F40F4AD
:100A7000000020F07F4018BF404211F0004F41F4C9
:100A8000000121F07F4118BF494292EA030F3FD095
:100A9000A2F1010241FA03FC10EB0C00C3F12003A8
:100AA00001FA03F100F0004302D5494260EB400037
:100AB000B0F5000F13D3B0F1807F06D340084FEAA2
:100AC000310102F10102FE2A51D2B1F1004F40EB97
:100AD000C25008BF20F0010040EA030070474900FF
:100AE00040EB0000013A28BFB0F5000FEDD2B0FA9C
:100AF00080FCACF1080CB2EB0C0200FA0CF0AABFBF
:100B000000EBC25052421843BCBFD040184370475C
:100B100092F0000F81F4000106BF80F40000013262
:100B2000013BB5E74FEA41037FEA226C18BF7FEA39
:100B3000236C21D092EA030F04D092F0000F08BF7B
:100B40000846704790EA010F1CBF0020704712F062
:100B50007F4F04D1400028BF40F00040704712F1A1
:100B600000723CBF00F50000704700F0004343F006
:100B7000FE4040F4000070477FEA226216BF08463C
:100B80007FEA23630146420206BF5FEA412390EAFF
:100B9000010F40F4800070474FF0000304E000BFF5
:100BA00010F0004348BF40425FEA000C08BF7047A6
:100BB00043F0964301464FF000001CE050EA01026A
:100BC00008BF70474FF000030AE000BF50EA01027F
:100BD00008BF704711F0004302D5404261EB41016C
:100BE0005FEA010C02BF84460146002043F0B64391
:100BF00008BFA3F18053A3F50003BCFA8CF2083AB6
:100C0000A3EBC25310DB01FA02FC634400FA02FCBE
:100C1000C2F12002BCF1004F20FA02F243EB0200C5
:100C200008BF20F00100704702F1200201FA02FC27
:100C3000C2F1200250EA4C0021FA02F243EB02001A
:100C400008BF20EADC7070474FF0FF0C1CEAD0525E
:100C50001EBF1CEAD15392EA0C0F93EA0C0F6FD01F
:100C60001A4480EA010C400218BF5FEA41211ED0FD
:100C70004FF0006343EA501043EA5111A0FB0131E9
:100C80000CF00040B1F5000F3EBF490041EAD371BE
:100C90005B0040EA010062F17F02FD2A1DD8B3F13A
:100CA000004F40EBC25008BF20F00100704790F0A9
:100CB000000F0CF0004C08BF49024CEA502040EAFB
:100CC00051207F3AC2BFD2F1FF0340EAC2507047C1
:100CD00040F400004FF00003013A5DDC12F1190FFF
:100CE000DCBF00F000407047C2F10002410021FA71
:100CF00002F1C2F1200200FA02FC5FEA310040F189
:100D0000000053EA4C0308BF20EADC70704792F001
:100D1000000F00F0004C02BF400010F4000F013A39
:100D2000F9D040EA0C0093F0000F01F0004C02BF34
:100D3000490011F4000F013BF9D041EA0C018FE7A3
:100D40000CEAD15392EA0C0F18BF93EA0C0F0AD0A9
:100D500030F0004C18BF31F0004CD8D180EA0100CF
:100D600000F00040704790F0000F17BF90F0004F68
:100D7000084691F0000F91F0004F14D092EA0C0F4A
:100D800001D142020FD193EA0C0F03D14B0218BFDD
:100D9000084608D180EA010000F0004040F0FE4023
:100DA00040F40000704740F0FE4040F440007047BF
:100DB0004FF0FF0C1CEAD0521EBF1CEAD15392EA3E
:100DC0000C0F93EA0C0F69D0A2EB030280EA010C2E
:100DD00049024FEA402037D04FF0805343EA1111C7
:100DE00043EA10130CF000408B4238BF5B0042F125
:100DF0007D024FF4000C8B4224BF5B1A40EA0C00CA
:100E0000B3EB510F24BFA3EB510340EA5C00B3EBFB
:100E1000910F24BFA3EB910340EA9C00B3EBD10FE9
:100E200024BFA3EBD10340EADC001B0118BF5FEA3B
:100E30001C1CE0D1FD2A3FF650AF8B4240EBC25064
:100E400008BF20F0010070470CF0004C4CEA502025
:100E50007F32C2BFD2F1FF0340EAC250704740F474
:100E600000004FF00003013A37E792F0000F00F066
:100E7000004C02BF400010F4000F013AF9D040EAE4
:100E80000C0093F0000F01F0004C02BF490011F478
:100E9000000F013BF9D041EA0C0195E70CEAD15370
:100EA00092EA0C0F08D142027FF47DAF93EA0C0F57
:100EB0007FF470AF084676E793EA0C0F04D14B023B
:100EC0003FF44CAF08466EE730F0004C18BF31F0ED
:100ED000004CCAD130F000427FF45CAF31F00043E7
:100EE0007FF43CAF5FE700BF4FF0FF3C06E000BF80
:100EF0004FF0010C02E000BF4FF0010C4DF804CDA3
:100F00004FEA40024FEA41037FEA226C18BF7FEAB2
:100F1000236C11D001B052EA530C18BF90EA010FB4
:100F200058BFB2EB030088BFC81738BF6FEAE17043
:100F300018BF40F0010070477FEA226C02D15FEADF
:100F4000402C05D17FEA236CE4D15FEA412CE1D04B
:100F50005DF8040B704700BF844608466146FFE712
:100F60000FB5FFF7C9FF002848BF10F1000F0FBDF4
:100F70004DF808EDFFF7F4FF0CBF012000205DF8ED
:100F800008FB00BF4DF808EDFFF7EAFF34BF012072
:100F900000205DF808FB00BF4DF808EDFFF7E0FF0B
:100FA00094BF012000205DF808FB00BF4DF808ED5C
:100FB000FFF7D2FF94BF012000205DF808FB00BFBF
:100FC0004DF808EDFFF7C8FF34BF012000205DF8A1
:100FD00008FB00BF4FEA40024FEA41037FEA226C60
:100FE00002D15FEA402C08D17FEA236C02D15FEA8C
:100FF000412C02D14FF0000070474FF001007047C4
:101000004FEA4002B2F1FE4F0FD34FF09E03B3EB15
:1010100012620DD94FEA002343F0004310F0004F55
:1010200023FA02F018BF404270474FF000007047AB
:1010300012F1610F01D1420205D110F0004008BF4A
:101040006FF0004070474FF00000704742000ED232
:10105000B2F1FE4F0BD34FF09E03B3EB126209D4F3
:101060004FEA002343F0004323FA02F070474FF0A9
:101070000000704712F1610F01D1420202D14FF01E
:10108000FF3070474FF00000704700BF7BB972B966
:101090000029BEBF00204FF0004106E008BF002835
:1010A0001CBF6FF000414FF0FF3000F0BBB9ADF155
:1010B000080C6DE904CE002909DB002B1ADB00F0D7
:1010C0004DF8DDF804E0DDE9022304B0704740424A
:1010D00061EB4101002B1BDB00F040F8DDF804E080
:1010E000DDE9022304B0404261EB4101524263EB6F
:1010F00043037047524263EB430300F02FF8DDF8DF
:1011000004E0DDE9022304B0404261EB4101704795
:10111000524263EB430300F021F8DDF804E0DDE91F
:10112000022304B0524263EB4303704753B94AB9F8
:10113000002908BF00281CBF4FF0FF314FF0FF30DF
:1011400000F070B9ADF1080C6DE904CE00F006F8BE
:10115000DDF804E0DDE9022304B070472DE9F04733
:10116000089E0D4604460F46002B4AD18A429446FB
:1011700065D9B2FA82F343B102FA03FCC3F120024B
:101180009F4020FA02F217439C404FEA1C4E1FFA80
:101190008CF5B7FBFEF1220C0EFB117742EA0742F9
:1011A00001FB05F090420AD91CEB020201F1FF3766
:1011B00080F01B81904240F2188102396244121A79
:1011C000A4B2B2FBFEF00EFB102244EA024400FB84
:1011D00005F5A5420AD91CEB040400F1FF3280F0AA
:1011E0000681A54240F203816444023840EA01408E
:1011F000641B00211EB1DC400023C6E90043BDE8AA
:10120000F0878B4208D9002E00F0EC800021C6E95F
:1012100000050846BDE8F087B3FA83F1002949D1FB
:10122000AB4202D3824200F2F780841A65EB0302DC
:1012300001201746002EE2D0C6E90047DFE702B9D9
:10124000FFDEB2FA82F3002B40F08F808A1A4FEA59
:101250001C471FFA8CFE0121B2FBF7F507FB152096
:10126000220C42EA00420EFB05F0904208D91CEB2A
:10127000020205F1FF3802D2904200F2CA804546D0
:10128000121AA4B2B2FBF7F007FB102244EA0244A0
:101290000EFB00FEA64508D91CEB040400F1FF324A
:1012A00002D2A64500F2BA801046A4EB0E0440EA32
:1012B00005409FE7C1F120078B4022FA07FC4CEA6A
:1012C000030C05FA01F420FA07F3FD40234300FA6A
:1012D00001F94FEA1C401FFA8CFEB5FBF0F81C0C1C
:1012E00000FB185544EA054408FB0EF5A54202FA36
:1012F00001F20BD91CEB040408F1FF3A80F087805F
:10130000A54240F28480A8F102086444641B9DB2A7
:10131000B4FBF0F300FB134445EA044403FB0EFE68
:10132000A64508D91CEB040403F1FF306BD2A64597
:1013300069D9023B644443EA0840A0FB0283A4EB62
:101340000E049C42C6461D4655D352D056B1B9EB49
:101350000E0364EB050404FA07F7CB40CC401F43AF
:10136000C6E900740021BDE8F087C3F1200102FA4C
:1013700003FC20FA01F225FA01F19D402A434FEACD
:101380001C471FFA8CFEB1FBF7F007FB1015110C80
:1013900041EA054100FB0EF58D4204FA03F408D939
:1013A0001CEB010100F1FF382FD28D422DD90238FC
:1013B0006144491B92B2B1FBF7F507FB151142EAF4
:1013C000014205FB0EF1914208D91CEB020205F126
:1013D000FF3816D2914214D9023D6244521A45EAAE
:1013E000004139E73146304609E73946E7E610461D
:1013F000FCE6C145AAD2B8EB020E63EB0C0501383E
:10140000A4E74546EAE7034695E74046D1E7D046DC
:101410007CE7023D624433E708460BE76444023848
:1014200043E700BF704700BF002242708270012274
:10143000C270B1FA81F102224909027103220170DE
:101440004271704743788B421FD0012941700AD006
:10145000022910D0C1B90123C37081700223037126
:10146000032343717047037843B101238370022340
:10147000C3700023F3E70378002BF6D002238370B8
:101480000023C3700123EAE7FEE7704782B00B88B0
:10149000ADF800304B88ADF802308B88ADF80430E1
:1014A000CB88ADF806300239431C053013F8012F04
:1014B0000DF1080C0CEB4202834232F8082C21F8A3
:1014C000022FF3D102B0704710B50C461146FFF75A
:1014D000B9FF2146BDE81040FFF7D8BF0B4B10B550
:1014E0004FF07F32C0E923234FF47F43A0F89430BC
:1014F000FF23044680F89630983000F0C5FC0023A6
:1015000084F8A43084F8A83010BD00BFFFFF7F002E
:1015100070B51146154604461E4600F01EFC2946CD
:1015200004F1140000F019FC294604F1280000F031
:1015300014FC294604F13C0000F00FFC294604F19C
:10154000500000F00AFC294604F1640000F005FC9C
:10155000294604F1780000F000FC4FF4FA7332469B
:101560004FF4FA6104F1980000F074FC2046FFF794
:10157000B5FF002384F8A5304FF47F43A4F8A630CC
:1015800070BD022380F8A8307047704700F0ECBBB4
:10159000143000F0E9BB08B5503000F0EFFB292112
:1015A00000F114030246B3FBF1F313F0FF0002D184
:1015B000101E18BF012008BD08B5643000F0DEFB26
:1015C000292100F114030246B3FBF1F313F0FF00ED
:1015D00002D1101E18BF012008BD90F8903013B939
:1015E00090F98C00704790F98D00704790F890301A
:1015F00013B990F98E00704790F98F00704710B5BD
:1016000004460AF073FA50B194F8A83043B904F1D3
:101610003C0000F0ADFB012838BF0120C0B210BD76
:101620006420FCE790F8A83013B990F89300704755
:1016300064207047783000F0A3BB783000F0A8BB7E
:1016400010B5044600F06AFB04F1140000F066FBDC
:1016500004F1280000F062FB04F13C0000F05EFBA6
:1016600004F1500000F066FB04F1640000F062FB3E
:1016700004F1780000F064FB94F8A83013B1013B4A
:1016800084F8A83010BD7F2807D0002807DA10F1B1
:10169000800F06D04042C0B2704700207047012042
:1016A00070477F20704710B1404240B270477F20A2
:1016B00070477F280FD010F1310F0EDA10F1780F3C
:1016C0000DDB7830FE2340B2584323304623B0FB75
:1016D000F3F0C0B27047FF207047FE207047002033
:1016E0007047012805DD40F2FE73984203DC80B2AA
:1016F00070470120704740F2FF707047A0F5787086
:10170000C0EBC02040F2AE7390FBF3F000F58060B8
:10171000FFF7E7BFFFF7F2BF032812DD0C2812DD49
:101720000F2812DD122812DD162812DD192812DD0D
:101730001C2812DD1F2812DD2128CCBFFF20062027
:101740007047002070470120704702207047082032
:10175000704703207047072070470420704705201A
:101760007047000005289ABF014B185CFF207047A6
:10177000901B010805289ABF014B185CFF20704799
:10178000961B01087F2803D0002803DAC0B27047F7
:1017900000207047FF2070477F2811D010F1320FD2
:1017A00010DA884210DD401A6423C1F1FF2158434A
:1017B00001F57F01CE31313090FBF1F0C0B27047BE
:1017C000FF2070476420704700207047014B48405D
:1017D000185C70479C1B010852B110B4054C0A44B8
:1017E00011F8013B58408A42205CF9D110BC704787
:1017F000704700BF9C1B0108392808D822280ED941
:10180000094B2338C0B2C34003F0010070475F2882
:1018100007D0613819288CBF0020012070470020B4
:1018200070470120704700BF01EC7F00F8B5024609
:10183000451E461D00245F2715F8010FFF2804BF31
:101840000134E4B2FFF7D8FF00B92F70AE42F3D1F4
:10185000062C04D119B10B6813608B889380002388
:101860009371F8BD2DE9F843DFF83490471E441D0D
:10187000012500264FF0280817F8011F08480FF02F
:10188000ABF9034610B1A0EB0903DBB2A3FB0532B1
:101890009E19A742A5FB0853EED13046BDE8F88358
:1018A0009C1C010810B54179A1F13000C3B2092B8D
:1018B00007D80523B0FBF3F303EB8303C01AC0B2D0
:1018C00010BD044C20460FF087F90028F1D0001B12
:1018D000C0B2EEE79C1C0108F0B5094B094F821D10
:1018E0002826B1FBF3F4272C94BF3D5D302502F888
:1018F000015D824203FB1411B3FBF6F3F1D1F0BD9D
:1019000000801A069C1C010870B50446FEF742FCD4
:1019100002B20023551E18B2A84204FA83F104DA79
:10192000265C302E03F10103F5D0121A0132204655
:10193000BDE870400FF01FB92DE9F047432B28BFD9
:10194000432396B00C46154600211A469846074692
:101950000FF02BF90021412205A804910FF025F981
:10196000DFF87C90DFF87CA004EB4505AC4210D199
:1019700004A8FEF70FFC28B100F158036B440022C5
:1019800003F8492C04A938460FF08FFA16B0BDE8C9
:10199000F08734F9020B47F6FF739842E8D000282D
:1019A00012DC514668460FF080FA04A8FEF7F2FBFD
:1019B00006466846FEF7EEFB0644B045D6D36946B8
:1019C00004A80FF0FAF8D1E7694680B20DF097F954
:1019D0006846FFF799FF494668460FF0EEF8E4E7DE
:1019E000891B0108841B0108F0B589B06D460024ED
:1019F0002F468E1CE1B28A4204D83946FFF79CFF7D
:101A000009B0F0BD36F8241025F8021B0134F1E7C7
:101A100042F210736421B0FBF3F203FB1200B0FB3F
:101A2000F1F301FB130000EB023000EB831080B2F6
:101A30007047020B00F03F0342F2107101FB0233CA
:101A4000C0F38510642202FB003070472DE9F0419D
:101A500042F2107388B0B1FBF3F603FB16141F4972
:101A6000DFF87C8005460FF020FA6946F0B20DF0F1
:101A700023F96846FFF748FF694628460FF09DF8AE
:101A8000414628460FF099F864276946B4FBF7F6FB
:101A9000F0B20DF011F96846FFF736FF69462846A7
:101AA0000FF08BF807FB1644414628460FF085F8E7
:101AB0006946E0B20DF000F99DF801308DF8003074
:101AC0009DF802308DF801306946002328468DF8D4
:101AD00002300FF072F808B0BDE8F0819A2E0108CC
:101AE0008E1B010870B50E460021054614460FF006
:101AF0005CF800239AB2944200D870BDF25C002AD0
:101B0000FBD0EA540133F5E770B50E4614460021C8
:101B1000013205460FF049F800239AB2944200D8EA
:101B200070BDF25C002AFBD0EA540133F5E730B512
:101B30000023044698B2904201D3012005E0E55C01
:101B4000C85C1DB9B0FA80F0400930BD0028FCD057
:101B5000854203F10103EDD00020F6E77D234380A9
:101B600043F2390309B2C360002301808180C3803E
:101B70000372704702680449044B01FB023323F0EF
:101B800000430360180C7047FD430300C39E26000A
:101B9000F0B5002597B0016085800446562229469D
:101BA00068460FF002F80126627CAA4209D8002399
:101BB000802104F1B400237417B0BDE8F0400EF0AA
:101BC000F4BF2046FFF7D6FFE7797B1B002190FB8F
:101BD000F3F202FB1300C0B2EC460A46CBB29F42BE
:101BE0001DD80023227B9A42DED0A279033A012A33
:101BF00004EB050105D925B191F91120D2B9012BCA
:101C0000D2D98B74A26852F82310583304EB8502A2
:101C10006B440135516303F8586CEDB2C4E71CF80E
:101C200001EBBEF1000F03D18242DBD00132D2B210
:101C30000131D3E7501E8342E3DB01329342E0DC03
:101C4000B2E72DE9F047154696B0013D01600271FB
:101C500004464371EDB25622002168460EF0A5FFFE
:101C60000027022D84BF4FF0010900253E464FF0AA
:101C7000010A94F807809CBF4FF00309B8FBF9F8FC
:101C8000627CB24209D80023802104F1B40023749D
:101C900016B0BDE8F0470EF088BF2046FFF76AFF98
:101CA000A8EB0603002190FBF3F202FB1300C0B285
:101CB000EC460A46CBB2984506D91CF801EBBEF1BA
:101CC000000F22D182421ED1434528BF4346227BCA
:101CD00003FB095101F0FF018A42D1D016B1B7B917
:101CE000012BCDD9A2191F469174A26852F8211078
:101CF00004EB86020136516303F158026A44F6B2DE
:101D000002F858ACBCE70132D2B20131D2E77A1EF8
:101D10009342E7DB7A1C9342E4DCB1E7D0E901238C
:101D20006421D31AC36082604B43418AB3FBF1F351
:101D300003747047D0E90123D31AC0E90223704726
:101D400043682BB1C26864214A43B2FBF3F2D3B2B9
:101D500003740023C360436070470023C0E902336B
:101D600041824360037470474368013343607047A6
:101D7000007C704743680B4443607047C0687047FD
:101D800011B1C3680133C3604368013343607047D6
:101D9000007C7047072800D9FEE7014B185C7047AC
:101DA000EC1C010800230380837080F82930704701
:101DB0000346007810B100221A707047587810B1AD
:101DC00000225A707047987810B100229A707047BC
:101DD00093F8290010B1002283F829207047017080
:101DE0007047017070478170704781704260704722
:101DF0004068704708307047002343600381704794
:101E00000A2310B50446838001F0E2FD2368E080D8
:101E10009B6820469847208110BD038970B5044611
:101E20009BB1858845B1013DADB285806DB9036830
:101E30001B68BDE87040184701F0CAFDE388C01A6E
:101E4000238980B2834201D2258170BD2368204658
:101E50005B68EEE72DE9F041044610461D46164644
:101E60008846FEF799FE074606EB0800FEF794FE4B
:101E700001463846FEF79CFF656020602846FEF765
:101E80008FFEA060BDE8F08110B504464068FEF703
:101E900087FEA06010BD000010B50229044680EA4C
:101EA000E070A0EBE47068D15AB9002CACBF7F237E
:101EB0003F239842A8BF1846002C01DA40F04000AA
:101EC00010BD012A1AD1632805DC4000002CF7DA86
:101ED00040F48070F4E740F2F54398420CDCFEF7E2
:101EE0005BFE5749FEF7B0FE0DF016FCFFF7AEF8AB
:101EF000400040F00100E9E7FF20E7E7022A40F058
:101F00009C80632805DC8000002CD9DA40F4007046
:101F1000D6E7B0F57A7F0CDAFEF73EFE4849FEF7C9
:101F200093FE0DF0F9FBFFF791F8800040F00100FF
:101F3000EAE742F20F7398420CD8FEF72DFE4149B2
:101F4000FEF782FE0DF0E8FBFFF780F8800040F01E
:101F50000200D9E73C4B98420CD8FEF71DFE3B49E6
:101F6000FEF772FE0DF0D8FBFFF770F8800040F02E
:101F70000300C9E740F2FF10C6E703295DD1012A3B
:101F80001BD1B0F57A7F05DA4000002C98DA40F4D6
:101F9000006095E7B0F5205F0CDAFEF7FDFD2849FB
:101FA000FEF752FE0DF0B8FBFFF750F8400040F08E
:101FB0000100EAE740F2FF70E7E7022A3DD1B0F501
:101FC0007A7F06DA8000002CBFF67AAF40F48050AA
:101FD00076E742F20F7398420CDCFEF7DDFD1849FC
:101FE000FEF732FE0DF098FBFFF730F8800040F06E
:101FF0000100E8E7164B98420CD8FEF7CDFD1149D9
:10200000FEF722FE0DF088FBFFF720F8800040F07D
:102010000200D8E7B0F57A2F0CD2FEF7BDFD0B49D0
:10202000FEF712FE0DF078FBFFF710F8800040F08D
:102030000300C8E740F6FF70C5E7002040E700BF97
:10204000CDCCCC3D0AD7233C17F001006F12833A68
:102050009F860100002303607047000038B5084BDD
:1020600009291B7828BF09218B4204460D4602D15D
:102070000023036038BD01F09FFC25712060F9E763
:10208000FC020020036810B504460BB9002010BD07
:1020900001F092FC2368C01A40F2EE239842F5D971
:1020A0000023054A2360127823799A42EED0034A2E
:1020B0000120D377EBE700BFFC0200207C03002067
:1020C000FF23437100230171837103818372704781
:1020D00038B5037904460D465BB14179A94208D071
:1020E00041B101290AD00023A371657155B1012DB9
:1020F0000FD038BD03689B689847F4E70368002158
:10210000DB68F9E723689B68012120469847A071A6
:10211000EFE723682946DB68F7E72DE9F04F077CF6
:10212000C37B857CC67C90F815E090F8208090F801
:102130000EC0BF000C4647EA931703F03F01437CF3
:1021400003F0010247EA822705F00F02D20142EABA
:10215000530206F07F031B0143EA1513057D89B086
:102160006D0045EAD6150EF00306059345EA4623B1
:10217000867D009306F01F05AD0145EA9E03C57DEF
:1021800090F819E00193ED0045EA5613057E02939D
:102190000EF0070645EA0623857E039305F03F0609
:1021A000760146EADE03C67E90F81CE00493B60092
:1021B00046EA95160EF0010546EA8526457F069209
:1021C00005F00F0B4FEACB1B4BEA5E0B90F81EE0BD
:1021D0000EF07F0A4FEA0A1A4AEA151AC57F6D0007
:1021E00045EADE1508F0030E45EA4E2590F821E099
:1021F0000EF01F094FEA891949EA9809490190F838
:102200002280407B41EADC010CF0070C40EA0C2004
:102210004FEAC80848EA5E180791FFF76FFA079976
:1022200020800846FFF76AFA60803846FFF766FAB2
:10223000069AA0801046FFF761FA059BE0801846D9
:10224000FFF75CFA20810098FFF758FA6081019847
:10225000FFF754FAA0810298FFF750FAE081039843
:10226000FFF74CFA20820498FFF748FA6082304664
:10227000FFF744FAA0825846FFF740FAE082504642
:10228000FFF73CFA20832846FFF738FA6083484678
:10229000FFF734FAA0834046FFF730FA4FF480632B
:1022A000E0832384638409B0BDE8F08F2DE9F04119
:1022B00004460F4601F08CFB4FF0010805462368E9
:1022C00020461B689847064650B9A37A012B1FD1B8
:1022D0002389ED1A40F6C4139D42C8BFA07217E0CF
:1022E000236820465B689847A37AA3B90F2814D1C6
:1022F000A4F80A80E37AE2180133DBB2182B1073DA
:10230000E3720AD939462046FFF707FF0023A3727C
:102310003046BDE8F081012BECD02581CFE78279F2
:1023200022B14379012B01D8FFF7C0BF00207047CD
:102330007047704770470020704770470020704713
:10234000002070477047002070470020704770479A
:102350004FF0B04382B0DA6C0243DA64DB6C0340C6
:102360000193019B02B070474FF0B04382B09A6D69
:1023700002439A659B6D03400193019B02B0704735
:102380004FF0B04382B01A6E02431A661B6E0340D0
:102390000193019B02B0704750E8003F43F0800377
:1023A00040E80032002AF7D1704750E8003F23F0A0
:1023B000200340E80032002AF7D1704750E8003F80
:1023C00023F0400340E80032002AF7D1704750E87C
:1023D000003F23F0800340E80032002AF7D1704725
:1023E0000288044B5140C9B233F8113083EA1223FA
:1023F00003807047A84C01089AB110B4B0F800C02F
:10240000084C0A4411F8013B83EA0C03DBB2914209
:1024100034F8133083EA1C2CA0F800C0F2D110BCB1
:1024200070477047A84C010837B54FF6FF73044654
:10243000ADF806304518AC4203D1BDF8060003B034
:1024400030BD14F8011B0DF10600FFF7C9FFF2E7DC
:102450001629A8BF16216FF008008142B8BF0146B7
:102460001170197070470000044B1888044B1B88CA
:1024700080B29BB2C01A18BF012070475A3F00209B
:10248000583F0020044A00231380044A1380044A62
:102490001380044A13807047583F00205A3F0020A1
:1024A0005C4100205E410020002070477047000022
:1024B0000649074A0B8812880133C3F3080392B216
:1024C0009A421EBF034AD0540B80704752350020F9
:1024D00050350020503300200023A0F87032A0F8BF
:1024E0006E3270470023A0F85C32A0F85A32704771
:1024F0003C4B5A6A037A92B263B18389D31A9BB276
:10250000B3F5FA7F84BF00230372837A4F2B84BF15
:1025100000230372037A8281082B0FD8DFE803F0CF
:10252000050E0E0E0E0E0F1B2600EE2901D0C82937
:1025300004D10123837241750623037270473D293C
:102540009FBF837A5A1C1B1882728FBF0023597554
:1025500041720723F1E7827A531C0244DBB2837293
:102560005175427A9A42E9D20823E6E7837A5A1CE7
:10257000034482725975C37D162B04D1012380F860
:1025800065300923D9E74369174A03F0FF239342D3
:1025900003D1012380F86730F3E7144A93421CD13A
:1025A000837E102B19D1C37E022B08D0052B0DD0B2
:1025B000012BE6D1027EEE2A08BF80F86A30037E46
:1025C000EE2BDED1012380F86B30DAE7012380F8AF
:1025D0006830037F80F86930D3E7012380F86630E4
:1025E000CFE700BF0044014000C8002800C8003207
:1025F000044B1888044B1B8880B29BB2C01A18BFCA
:102600000120704752350020503500200278024BDF
:1026100051405B5C037070478C380108FF230370E6
:10262000704700BF7047B0F86E32B0F870229B1A46
:1026300098B21B0444BF00F5006080B2003818BF98
:1026400001207047A0F11400EDE7B0F87022B0F857
:102650006E12914203461FBF8118013291F8740235
:10266000B3F872121ABF0A40A3F870220020704714
:10267000A0F11400E9E770B50B7803704B78437054
:102680000B78FD2B05460C4638D18B788370CB78C0
:10269000C3700B7903714B7943718B7983718B68AC
:1026A000C3718B68C3F30F2303728B7A43720A26BC
:1026B000627804F10C01A8190EF0FFFB6378B4F8FE
:1026C0000C213344981CEA545A1CB4F80C1192B2F1
:1026D000090AA954A278D20780B20ED504F58872EF
:1026E000054404F58E7452F8041B45F8041BA242FD
:1026F000F9D112782A700F3398B270BD00238B7015
:102700000B7983704B79C3708B7903718B6843713C
:102710000626CDE738B54A78352A0D46044601F13C
:102720000C010AD80EF0C9FB68780021C0F136020E
:102730002044BDE838400EF038BA403551F8043B2B
:1027400040F8043BA942F9D10B88038038BD38B565
:102750004A781B2A0C46054601F10C010AD80EF0F6
:10276000ACFB60780021C0F11C022844BDE8384071
:102770000EF01BBA283451F8043B45F8043BA14243
:10278000F9D138BD38B54A78082A0D46044601F11A
:102790000C010AD80EF091FB68780021C0F1090203
:1027A0002044BDE838400EF000BAEB6803604B6887
:1027B00043600B7A037238BD38B54A78072A0C4655
:1027C000054601F10C010AD80EF077FB6078002174
:1027D000C0F108022844BDE838400EF0E6B9E368CD
:1027E00003604B68436038BD08B52C2203480021C4
:1027F0000EF0DBF9024B00221A7008BD200E0020FB
:10280000040600202DE9F0411378037092F801804E
:1028100080F80180FD2B04460F46154654D193786D
:102820008370D378C37013790371537943719379AB
:1028300083716B7A127A1B0403EB0223EA79134447
:1028400023F07F430A26A26863F31702A260A91946
:10285000424604F10C000EF030FB7A7B904507D223
:1028600008F10C00A2EB0802002120440EF09DF9B3
:1028700063781E44AB195A78AB5D03EB0223A4F8CE
:102880000C31A378DB070ED5023615FA86F304F572
:10289000887203F10C0153F8040B42F8040B8B42CD
:1028A000F9D11B781370BB7A84F82131FB7A84F854
:1028B00022313B7B84F823317B7B84F824313B78C5
:1028C00084F82031BDE8F0810023438093780371C0
:1028D000D37843711379837153790626B3E738B5FA
:1028E0004A78132A0C46054601F10C010AD80EF06D
:1028F000E4FA60780021C0F114022844BDE83840B1
:102900000EF053B9203451F8043B45F8043BA14282
:10291000F9D138BD2DE9F04F0C465188B1F58C7FC7
:10292000054685B04FF0000010D31070D91CC9B215
:10293000012995BF01210023518053809CBF237042
:1029400011700020287005B0BDE8F08F16780E2EAB
:1029500000F2908001A757F826F000BF2D2900084B
:1029600099290008C1290008DF290008752A0008F4
:10297000752A0008752A0008752A0008752A0008BB
:10298000752A0008752A0008752A0008752A0008AB
:10299000752A0008F1290008481C508063542178EA
:1029A000FD299BB206D10C330A21D38091800223EA
:1029B0001370C6E708330621D38091800E23F7E712
:1029C000481C50806354D80742BFD1880D31D18054
:1029D0000020012B8CBF034603231370B2E7481C71
:1029E000508000208342635414BF03460E23F4E753
:1029F000481C508063545388D1888B4232D30023C3
:102A00005380137002232B7069802378FD2B37D1FC
:102A100063792B72A3796B72637A227A1B0403EBBE
:102A20000223E27913446B60637803F10C026A803D
:102A3000A278D10701D519336B8000266968DFF8C9
:102A400000816E8140F285120C20B31801335B08BF
:102A500000FB03F758F80770B9421AD25A1EB24267
:102A6000F3D818E092889A423FF66BAF01232B709F
:102A7000002068E7107050809080D0802870F7E7C1
:102A8000E3782B7223796B7263796B606378083318
:102A9000D2E71E46E3D80C27774358F8073099420F
:102AA00027D123782046FD2B10F801BF0CBF4FF033
:102AB0000A094FF0060909EB0B03591E89B2474476
:102AC0000193FFF7B1FC97F804A0ADF80E00514652
:102AD0000DF10E00FFF784FC019BE218E35C5278D5
:102AE00003EB0223BDF80E209BB29A4209D00520C9
:102AF00000E003202870023801288CBF002001204C
:102B000021E7BB79DA0706D5FA79934582BF04EB52
:102B100009018A5CAA729B0709D50C2303FB068373
:102B200062781B7A9A4282BF4C44E35CEB720C23BE
:102B300003FB068385F80CA05B796B730220DAE750
:102B40008C390108084B5B6A4FF0402202F5806324
:102B500053E8003F43F0200302F5806040E8003175
:102B60000029F3D1704700BF004400400A4A0B4BD4
:102B700012680B49A3FB02323220920C00FB02F2D6
:102B8000084B486802F5FA72A3FB023292094B68BF
:102B90001B1A9A42FBD870476C02002083DE1B434D
:102BA000001000E0D34D621030B587B0034601AC91
:102BB00000F1100518685968224603C20833AB4279
:102BC0001446F7D10024094D8DF81440A96801A8D6
:102BD000FDF7D6FA10B920B207B030BD0134312C60
:102BE00005F10C05F2D14FF0FF30F5E704000020AD
:102BF00002780A4B90F801C08178D243D2B29A5C35
:102C000082EA0C0290F803C09A5C4A40995C02790F
:102C100081EA0C01595C4A40985C70478C38010885
:102C2000028810B58488531C234044889C421EBFF0
:102C300012189171038010BD411A88B20B0444BF71
:102C400000F5007080B2704770B5104C0025234627
:102C500026782EB166788E4202D1A67896420BD0A5
:102C600001350C2D04F10404F2D1002413F8245092
:102C70001DB101340C2CF9D170BD012503F824508D
:102C800003EB8403D87059709A70F5E709060020A9
:102C90002DE9F8430B460D795A7A9E7ADF7A204B5C
:102CA000097A1B5CDB07044600D50DB9FFF7CCFFA2
:102CB00000231C491A4898464FF0010E9C4201F827
:102CC000018B25D02DB90278920702D501F801ECCD
:102CD0001EE0154A4FF0000C92F80090B9F1000F79
:102CE0000FD092F8039099450BD1002EEED092F8B8
:102CF0000190B14505D1002FE8D092F80290B94576
:102D0000E4D00CF1010CBCF10C0F02F10402E3D190
:102D10000133DBB2042B00F10100CFD1BDE8F88311
:102D200039060020050600200906002007B50368C3
:102D30008DF807101B6901220DF10701984703B0B8
:102D40005DF804FBF0B50546FD2305F80C3B85B0A6
:102D500004468DF8043090F8243103F10C0202444B
:102D6000012B42D80026637066808DF805308B7A7F
:102D700023718DF808308B7AADF8066001338B72C1
:102D800063798DF80930A3798DF80A30A368C3F30D
:102D900017031A128DF80B3009211B140DF10500D1
:102DA0008DF80D308DF80C20FFF73EFB6778ADF8FD
:102DB00002003A4629460DF10200FFF71DFB94F888
:102DC0002311FFF70DFB94F82421BDF80230A4F87D
:102DD0000C31974210D207F10C00D21B314620442F
:102DE00005B0BDE8F0400DF0E0BE12F8010D00287E
:102DF000B8D1013BDBB2B3E705B0F0BD70470000CE
:102E000008B5FFF7B3FE044AD2F8903043F400430C
:102E1000C2F8903008BD00BF00040058044AD2F840
:102E2000903023F40043C2F89030FFF79FBE00BFFC
:102E300000040058074B084A5B6A02F5006353E838
:102E4000003F43F0200302F5006040E80031002914
:102E5000F3D17047003801400030014070B504469E
:102E600008460D46FDF796F9236882B229462046AA
:102E70001B69BDE87040184708B5FFF7EFFF08BDB4
:102E8000B0F1904F02D10120FFF762BA084B98428F
:102E900005D003F58063984203D10420F4E70220B3
:102EA000F2E7044B984201D18020EDE7704700BF64
:102EB00000040048001C00480C4B984203D14FF41A
:102EC0000060FFF75DBAB0F1804F05D0084B984223
:102ED00005D14FF40030F4E70120FFF745BA054B68
:102EE000984202D14FF48020EBE77047002C01405C
:102EF00000440140004801402DE9F04387B00E46F0
:102F0000054614460021142201A89DF838809DF83A
:102F10003C901F460DF049FE00960B2C07D8DFE8C9
:102F200004F007070A121414141616161A1CFEE7EA
:102F30000323019301E002230493032F11D8DFE858
:102F400007F0111321110123F6E70123F1E7012313
:102F500001930393F1E70223EBE70223019301239B
:102F6000F7E7FEE702230293B8F1100F0CD8DFE871
:102F700008F02D2D0C11131517191B1D1F212325CA
:102F800027292B000123EEE7FEE701230593022307
:102F900001931EE00223F9E70323F7E70423F5E793
:102FA0000523F3E70623F1E70723EFE70823EDE71F
:102FB0000923EBE70A23E9E70B23E7E70C23E5E71F
:102FC0000D23E3E70E23E1E70F23DFE7B8F1000F5E
:102FD000DDD1B9F1000F02D02846FFF751FF053CC3
:102FE000042C05D8DFE804F0030B04030B00AE62E9
:102FF000694628460BF09AFA07B0BDE8F083AE6147
:10300000F6E713B54FF0010C0024CDE9004CFFF7B3
:1030100073FF02B010BD000030B587B00023154625
:103020000446ADF80630FFF747FF042D04D8DFE86B
:1030300005F02E3204363F00FEE71E4B1E4A1B6889
:10304000B3FBF2F39BB20022CDE90221013B01A9BF
:103050002046ADF80430049205920BF0B7FC2368CB
:1030600023F080032360A36823F4A03323F0070335
:10307000A360636823F070036360636823F47003E4
:103080006360A36823F08003A36007B030BD094BE1
:103090000A4A1B68D4E7074B094A1B68D0E7054B6F
:1030A000064A1B68B3FBF2F303EB83035B00C9E73B
:1030B0000123C8E76C02002080A8120140420F00E3
:1030C00000127A0010B50446FFF7A6FF236843F00C
:1030D0000103236010BD00224FF0FF31FFF7F2BF64
:1030E000204B10B5204C5B6823600AF085FB4FF045
:1030F00090400BF0DDF91D480BF0DAF91C480BF09D
:10310000D7F91C480BF09CFC1B480BF099FC1B48A2
:103110000BF0FEFB0BF068FB4FF0E02200234FF0BA
:10312000B0411361536193618A6822F0030242F057
:1031300001028A6072B64FF0FF319A0002F16042DC
:1031400002F561420133082BC2F88010C2F88011E9
:10315000F3D162B6034B1B6883F308882368984752
:10316000FEE700BF0000FF1F00060020000400482B
:103170000008004800380140004400400030014091
:103180000749084A881AEFF30883521A1A44013A89
:10319000013B984288BF0022AA210DF006BD00BF66
:1031A0000000012000040000044B5A69586910F027
:1031B000020018BFC2F38000704700BF000400582F
:1031C0004FF0B042D2F8943043F40043C2F8943048
:1031D0004FF47A7300BF013B9BB2002BFAD14FF042
:1031E000B043D3F8942022F40042C3F89420D3F8DB
:1031F00094205204FBD40C4BD3F8902022F40042CC
:10320000C3F890204FF47A7200BF013A92B2002ABC
:10321000FAD1D3F8902042F40042C3F890204FF442
:1032200000629A61704700BF0004005810B5032384
:10323000052240214FF09040FFF7E3FEBDE810402B
:103240000323052280214FF09040FFF7DABE08B536
:10325000FFF7AAFF003818BF012008BD08B5FFF727
:10326000F6FF00B908BD00BFF9E74FF09043802298
:103270009A6240229A6170474FF0904340229A62CE
:1032800080229A6170470000024B4FF480225A60FE
:10329000704700BF00E100E00023032202214FF04D
:1032A0009040FFF7AEBE4FF09043186980F00200E7
:1032B000C0F340007047000010B5074C00232046C3
:1032C00005221021FFF79DFE20460023BDE8104097
:1032D00005220821FFF795BE0004004805494B6907
:1032E0001A04DB4302F4801203F0100313438B61D2
:1032F000704700BF0004004805494B691A04DB43CE
:1033000002F4002203F0080313438B61704700BFEF
:103310000004004808B5032200234FF0904002212A
:10332000FFF76FFE102300204FF0904211698907CC
:1033300058BF013003F1FF3358BFC0B213F0FF0391
:10334000F4D108288CBF0020012008BD0C4BD3F815
:10335000FC2022F08072C3F8FC20D3F8FC2042F05D
:103360008072C3F8FC20A3F55D431A6822F00102C5
:103370001A601A6842F001021A6000225A6070470F
:1033800000ED00E00649074B074A1B68B3FBF2F368
:1033900010B54C6843434A68121B9A42FBD310BDD8
:1033A000001000E06C02002040420F001FB5022315
:1033B000CDE9013101A80123694603930AF086FB98
:1033C00000280CBF0420052005B05DF804FB014671
:1033D00008B501200AF034FB00280CBF04200520AA
:1033E00008BD08B5FFF7E2FF031F5842584108BD6A
:1033F00008B5FFF7ECFF031F5842584108BD000015
:103400002DE9F047294B2A4D01280E46144629493B
:10341000294A0FBF79277827AA461D4606BF884646
:103420009A4690460AF0C0FA39462846FFF7D9FF77
:1034300028B900240AF0CAFA2046BDE8F087002E19
:1034400008BF4FF4FC64073424F0070405F11007AB
:10345000B1463444AAEB050AA1450BD14FF0113215
:103460004FF0FF332846FFF7C3FF041E18BF0124A7
:10347000A400DFE76EB90AEB0703D3E90023B3F139
:10348000FF3F08BFB2F1FF3F06D1083709F1080935
:10349000E2E7D9E90023F2E7B84505D93846FFF756
:1034A000A7FF0028F1D1C4E70324C3E700C0030845
:1034B00000C80308FFCF0308FFC7030810B50AF0D0
:1034C00073FA09487821FFF78CFF044638B10748A2
:1034D0007921FFF786FF041E18BF0124A4000AF01B
:1034E00075FA204610BD00BF00C0030800C80308DD
:1034F00030B5084D002340F2EF749AB2914201D8E2
:10350000042030BDA34203D05A5DC2540133F4E716
:103510000320F6E710C0030838B504460D4672B61E
:103520000A4601460020FFF76BFF62B6042806D169
:1035300072B601202A462146FFF762FF62B638BD07
:1035400038B5124B1C68D3F80058B4F1113F09D1BB
:10355000B5F1113F17D0002211460120BDE83840D7
:10356000FFF74EBFB5F1113F03D1002211461046BF
:10357000F4E7FFF7A3FF042804D12C4001340CBF6B
:103580000220012038BD0420FCE700BF00C0030872
:10359000044B9A689107FCD518739A68D207FCD53A
:1035A000187B70470000015870B50C46451E8E18F8
:1035B000B44200D170BD15F8010FFFF7E9FF04F820
:1035C000010BF5E7084611461A46FFF7EDBF00006C
:1035D00070B5064E04464518A54200D170BD30783E
:1035E000FFF7D6FF04F8010BF6E700BF50020020FA
:1035F00008461146FFF7ECBF38B504464518AC4203
:1036000000D138BD14F8010BFFF7C2FFF7E70846F9
:103610001146FFF7F1BF000010B58CB02822002141
:1036200002A80DF0C2FA4FF0B0431C4C5A6E42F0A3
:1036300001025A665B6E03F001030193019BFFF7E1
:10364000BFFD082208924FF48272002303924FF4C8
:103650000072CDE90533CDE90933029307920723C0
:103660004FF4E06202A920460B9304920BF074F928
:10367000636823F010036360636823F008036360EA
:10368000236843F040032360A3689B07FCD5237B9A
:10369000034BFF221A700CB010BD00BF0000015890
:1036A000500200201B4B10B4DC69A00611D51A682B
:1036B00091060ED5184819495A6A038809880133BA
:1036C000C3F30A0389B299421FBF1549D2B2CA5443
:1036D000038010481F232206036215D503681B06CA
:1036E00012D5104B104A1988138889B29BB299429F
:1036F0000CD013880133C3F30803138013880B4ADB
:103700009BB2D35CDBB2836210BC704710BCFEF787
:103710005EBE00BF003801405A3F0020583F0020E5
:10372000583700205E4100205C4100205C3F0020B3
:103730000A490B4A08B50B8812880133C3F3080302
:1037400092B29A4207D0074AD05407480B80FEF73E
:1037500023FE012008BD0020FCE700BF5E410020E1
:103760005C4100205C3F00200038014038B5044631
:103770004518AC4200D138BD14F8010BFFF7D8FF53
:10378000F7E708461146FFF7F1BF0000054B064A70
:103790001B8810880133C3F3080380B2181A18BFBE
:1037A000012070475E4100205C41002008B5FFF712
:1037B000EDFFB0FA80F0400908BD0000054B064A55
:1037C0001B8812889B1A98B21B0444BF00F5006046
:1037D00080B270475A3F0020583F0020FFF7EEBFED
:1037E0000848094A0188138889B29BB29942F9D0E6
:1037F00013880133C3F30A0313801388034A9BB26F
:10380000D05C70475A3F0020583F002058370020B6
:10381000FFF7E6BF70B588B00C4606461546002196
:10382000202268460DF0C1F9231E18BF01231B0397
:10383000CDE9023569460C230348019604940593AB
:103840000BF022F908B070BD0038014010B5064CED
:10385000236823F001032360FFF7DCFF236843F0B4
:103860000103236010BD00BF00380140002208465C
:103870001146FFF7EBBF000073B5304C236823F00F
:1038800001032360082501264FF48040FEF778FDF0
:103890004021CDE900562A4803230A22FFF72CFBDA
:1038A00003231A46CDE9005625488021FFF724FB63
:1038B000002211464FF4E130FFF7ACFF636823F4B8
:1038C00090436360A36823F02A03A3601D4BB022DA
:1038D00083F8242310225A602046FEF778FDFEF775
:1038E0006DFD40232362184B00211980174B19806E
:1038F000FEF75BFD164B1980164B1980636823F4A5
:1039000000636360A36823F00803A360636823F483
:1039100080436360A36823F02203A360A36843F499
:103920008053A360236833432360E3699A02FCD584
:10393000E3695B02F9D502B070BD00BF00380140F9
:103940000004004800E100E05C4100205E410020EE
:10395000583F00205A3F002008B5FFF78DFFBDE813
:103960000840FFF767BAFFF7F7BF0000024B1A687D
:10397000024B1A60704700BF70410020100C0020FD
:10398000054A064B1968136899421DBF013301208F
:1039900013600020704700BF100C00207041002011
:1039A000034A044B11681B780B441360704700BF37
:1039B0007041002070020020014B1868704700BF62
:1039C000704100200148FFF786BB00BF0044014062
:1039D000014B586A80B270470044014008B5FFF7B8
:1039E000F1FFBDE80840FFF7C1BF0000044BDA68F3
:1039F00022F00202DA606FF002021A61704700BF23
:103A000000440140002208B50260FFF7EFFF044BBD
:103A1000F02283F81C234FF080521A6008BD00BFCB
:103A200000E100E008B5036853B1FFF7DFFF054B85
:103A30005A6A114489B25963DA6842F00202DA60C4
:103A400008BD00BF00440140074B1A69920709D521
:103A50006FF002021A61DA6822F00202DA60034BA8
:103A60001B681847704700BF004401404C330020DA
:103A70002DE9F0411E4CDFF87C80C4220021201D7E
:103A80000DF093F81623062663800F23A380324699
:103A900043234146A0192680FDF7A6FF164A1123AD
:103AA000C4E913233F2300250227A4F858303246E7
:103AB0004323414604F15A00A4F84A706565FDF7B6
:103AC00093FF4FF480330D49C4F8A03004F1B000E7
:103AD000C4E92A55A4F89E7084F8A4500DF0E5F9C5
:103AE0007F2384F8C530052384F8C630BDE8F08113
:103AF00038050020F03001080F000300391D0108CF
:103B000070B5094E05460C46415C30460DF064F830
:103B1000034628B1831B0133DBB2282B28BF0023C7
:103B2000F35C2B5570BD00BF6038010870B50C46C2
:103B3000114606460DF0B9F944B10025052130467D
:103B40000135FFF7DDFFEBB29C42F7D870BD0000F6
:103B500073B5054605F111061F4C204A0146360192
:103B60006846FFF7E3FFB01C694620440DF09DF95D
:103B7000264404EB0511002302227272A1F81A31C7
:103B8000142101FB054001254FF00111C0E913513B
:103B9000A1F1FF21416540F20111A0F84A20A0F8EF
:103BA00058104FF48070A0624FF4007084F83430E5
:103BB000E284A08584F82E5084F8302084F83330D5
:103BC000C4F83A30C4F83E30C4F84230A4F8461085
:103BD000A4F8481002B070BD7C030020F41C01085A
:103BE0002DE9F3410546A54CA54A05F111074FEA19
:103BF00007180E4601466846FFF798FF08F10200D5
:103C0000A04469462044FDF711FE98F80930072BBF
:103C100084BF022388F8093004EB0710994B427ADD
:103C2000198841FA02F2D20710D40222427269B115
:103C30004807C1F3800209D441FA02FC1CF0010FCD
:103C4000D0B200F0A68104EB0712507204EB05120B
:103C5000280192F81A11052902D9002182F81A11B7
:103C600004EB000C59889CF81A2141FA02F2D207A1
:103C700013D401228CF81A2179B111F0020FC1F38B
:103C800040020AD141FA02FE1EF0010F5FFA82FCE7
:103C900000F08481221882F81AC1221892F81B11B0
:103CA000032902D9002182F81B1104EB07177A7A45
:103CB000012A03D9042A01D000229A802718998862
:103CC00097F81B2141FA02F212F001020FD187F896
:103CD0001B2161B111F0010209D141FA02FC1CF073
:103CE000010FD7B200F05F81221882F81B71002EFD
:103CF00040F09F81142202FB054191F84A60052E95
:103D000002D9022681F84A6002FB054292F84B1064
:103D1000042902D9002182F84B10142202FB05422B
:103D2000B3F84A1092F84B6041FA06F6F60712D43F
:103D3000012682F84B6071B18E07C1F340020AD4AC
:103D400041FA02F7FF07D6B240F13281142202FB9A
:103D5000054282F84B60142202FB054292F84C1097
:103D6000032902D9012182F84C10142606FB0546CE
:103D7000B3F84C1096F84C2041FA02F212F001020E
:103D800010D186F84C2069B111F001020AD141FA34
:103D900002F7FF07D6B240F11081142202FB054260
:103DA00082F84C60142202FB054292F84E10012961
:103DB00002D9002182F84E10142606FB0546B3F8FE
:103DC0004E1096F84E2041FA02F212F0010210D184
:103DD00086F84E2069B111F001020AD141FA02F7CA
:103DE000FF07D6B240F1EE80142202FB054282F8B2
:103DF0004E60142202FB054292F84F10042902D9AA
:103E0000002182F84F10142606FB0546B3F8502017
:103E100096F84F1042FA01F111F0010110D186F825
:103E20004F106AB112F001010AD142FA01F7FF07FF
:103E3000CEB240F1CC80142101FB054181F84F60E6
:103E4000142101FB054191F85160032E02D900268F
:103E500081F85160142707FB0547B3F8526097F8C3
:103E6000511046FA01F111F0010119D187F85110F2
:103E7000B6B116F0010113D106E000BF7C030020AB
:103E8000F41C01083805002046FA01FC1CF0010F63
:103E9000CFB200F0A180142101FB054181F85170DF
:103EA000142101FB054696F85070022F02D9012714
:103EB00086F8507001FB054191F85460022E02D93A
:103EC000012681F85460142101FB054696F84D70D7
:103ED000022F02D9002786F84D7001FB054191F8A9
:103EE0005260012E02D9012681F85260142101FB93
:103EF000054696F85570012F02D9012786F85570AE
:103F000001FB054191F85360022E02D9002681F889
:103F10005360142707FB0547B3F8566097F8531012
:103F200046FA01F111F0010110D187F853106EB17A
:103F300016F001010AD146FA01FC1CF0010FCFB2C4
:103F40004FD0142101FB054181F85370142101FB6E
:103F5000054696F856700C2F02D9002786F8567041
:103F600001FB054191F84C60012E08D191F84F609A
:103F7000042E04D1D70738D5002281F84F2014220F
:103F800002FB054292F84F10A1BB92F85120012A82
:103F900035E00132102A7FF44FAE57E60132102A85
:103FA0007FF470AE79E60132102A7FF496AE9EE679
:103FB0000132102A7FF4C4AECDE60132102A7FF41C
:103FC000E6AEEFE60132102A7FF408AF11E70131C7
:103FD00010297FF42AAF33E7013110297FF454AF61
:103FE0005EE701311029A6D1B0E712F0040218BF34
:103FF0000222C2E701290AD192F85120022A01BF08
:10400000142202FB0542002182F8511007E0022928
:1040100003D192F85120032AF1E70329B5D01422E5
:1040200002FB0542012182F8571040F20111A2F86B
:10403000581094F82620052A02D9022284F8262056
:1040400094F82720042A02D9002284F82720B3F804
:104050009E1094F8272041FA02F2D7070ED40122CD
:1040600084F8272051B18E07C1F3400206D441FAEB
:1040700002F7FF07D6B244D584F8276094F82820C9
:10408000022A02D9002284F8282094F82920022A42
:1040900002D9012284F82920B3F8A01094F829202D
:1040A00041FA02F212F001020CD184F8292049B140
:1040B00011F0010206D141FA02F7FF07D6B224D56A
:1040C00084F8296094F82A200C2A02D9002284F866
:1040D0002A2094F832200C2A02D9002284F83220B7
:1040E00094F82B20042A02D9002284F82B200022E5
:1040F0004749164611F9017F17F1780F09DA0E705A
:1041000009E00132102AB2D1B8E70132102AD2D127
:10411000D8E7782FF3DC0132D2B20C2AEAD13D493C
:104120000022012611F8017F0132022FD2B288BF8E
:104130000E70042AF6D194F83420022A02D9002203
:1041400084F83420B3F8A22094F8343042FA03F310
:1041500013F001030CD184F834304AB112F001039A
:1041600006D142FA03F6F607D9B211D584F8341015
:1041700094F82C30022B02D9002384F82C3094F8C8
:104180002D30032B08D80AD1002384F8343006E000
:104190000133102BE5D1EBE7022384F82D3094F89E
:1041A0002E30022B02D9012384F82E3094F83030BF
:1041B000022B02D9022384F8303094F833300C2BD0
:1041C00002D9002384F8333094F83530042B02D917
:1041D000002384F83530104B18444FF6FF71A0F8D7
:1041E00020111421FF2201FB053183F82F2083F8D1
:1041F00031204FF0FF32C0F81C211A629A84A1F8D6
:104200005A20A1F85C20DA861A8702B0BDE8F08156
:10421000B5030020C10300207C0300200021FFF72C
:10422000DFBC01210020FFF7DBBC0000034670B5B6
:104230000846052B04D8DFE803F01D0421191D21D1
:10424000FEE720261F250F22174CA3702277013B83
:104250000122A4F84C60A4F84E50A276A273042B5D
:1042600010D8DFE803F010181B1B180009266F2573
:104270000722E9E7142632250A22E5E73526132529
:104280001922E1E7FEE7002323712374FDF782FD85
:104290006073607670BD22712274F7E7002323718A
:1042A0002374A376A373F1E7FC020020044B0122E0
:1042B00083F85520A3F85620A3F85820704700BF74
:1042C000FC0200202DE9F043954D964C00F11108B9
:1042D00005EB081702378BB006463846FDF7C2FAE1
:1042E000042100906846FEF79FF805EB0613E08373
:1042F00093F81B314FEA06192BB103EB031303EBC1
:1043000003231844E08305EB08135B7A062B40F087
:10431000E380E38B03F5B5432533E383142303FBE9
:10432000065305EB081893F84B00FFF7BFFF98F80A
:10433000091061708B1FA944012B8CBF002301233E
:1043400099F81A0184F85A30FFF770FF99F81B2189
:10435000E18B009BE1806182A36063612AB14FF031
:10436000113000FB0233A3606361142303FB065387
:10437000616293F84A006C4B84F8292013F92030CD
:1043800023732376002384F82A30637B23B93846CD
:10439000FDF788FA84F82A006078FDF7FBFC634A91
:1043A00084F82800128802F00101970748BF41F005
:1043B0000201A1850346500742BFA18D41F00401CF
:1043C000A185110742BFA18D41F01001A185D7063B
:1043D00042BFA18D41F02001A185900642BFA28D70
:1043E00042F00802A285524A01AF02F1200E106885
:1043F0005168BC46ACE80300083272456746F6D106
:104400001068CCF80000A2784A4F06210AA801FBE8
:104410000303134413F8248C84F8208017E90F0059
:1044200087E80F0040F2E2434046A4F85030FCF722
:10443000B7FB4FF07F51FCF707FCFCF707FEB4F821
:104440004C204FF47A73B3FBF2F3A4F840301423FA
:1044500003FB06534FEA5808B8F1050F93F85030A4
:10446000C0B238BF4FF00508A4F8520084F8548059
:10447000002B39D0022B14BF4FF4E1334FF46133DA
:104480006364142303FB065393F854307BB3022B6D
:1044900014BF4FF4E1334FF46133A364002384F875
:1044A0005B3084F85D30142303FB065696F84C30DD
:1044B000032B03D096F84F20042A02D1012284F85E
:1044C0005B20591E4A424A4184F85C2094F85B20E4
:1044D00082B1012B0ED1FEE7072B7FF41FAFE38BD8
:1044E000A3F5B543263B18E74FF46143C8E74FF403
:1044F0006143D2E72178142000FB015595F84C1058
:10450000022907D1012184F85D1022B194F85D30B1
:104510001BB1FEE70AB9012BF8D00BB0BDE8F08360
:104520007C030020FC020020F03001083805002048
:104530002C1B01082C03002002484FF4DE72FF21DF
:104540000CF033BB7C03002002484FF4DE71FEF711
:10455000E3BF00BF7C03002002484FF4DE71FEF78A
:10456000C7BF00BF7C03002008B5FFF7F5FF034B72
:104570001878BDE80840FFF751BE00BFFC020020DC
:10458000F8B5FFF7D9FFFEF7DBFF04280CD0FFF7E3
:10459000D3FFFEF7D5FF042803D1FFF7DDFF042882
:1045A00006D0FFF7C9FF03E0FFF7D6FF0428EED1DE
:1045B0004F4950484F4C10220CF01BFB38B14E496C
:1045C000102220460CF015FB08B1FFF7B5FFA38AB7
:1045D00042F6A102934266D042F6A002934258D816
:1045E0000021444B022504260F46012093F84F205A
:1045F000012A1ED0022A1FD00ABB93F85020042A99
:1046000020D0052A20D0033A18BF012201310A29FF
:1046100083F8502083F8540003F11403E6D194F892
:104620002C30042B12D0052B31D0002384F82C30F1
:104630000EE083F84F50E0E783F84F60DDE783F842
:104640004F70DAE70122E1E70222DFE784F82C006D
:1046500042F6A103A382012522692549254842F695
:10466000A2039A424FF010021CBF236101250CF0F7
:10467000C0FAD0B11E491F481022FDF733FA1F4976
:104680001F480822FDF72EFAFFF75EFF0FE0022316
:10469000CCE70025E8B20135FFF75AFA0A2DF9D127
:1046A0000023E377D4E70025D6E7002DECD1E37FA4
:1046B000104A092B84BF0023E377E17F14200023F5
:1046C00000FB0144013394F84C0082F84C000A2BA3
:1046D00002F11402F6D10B4C2170FFF7C9F92078D2
:1046E000FFF79CFD2078BDE8F840FFF7EBBD00BF69
:1046F000FB1C01087C0300200C1D01081D1D010886
:104700002E050020FC0200200129F7B5054600D93E
:10471000FEE70B4E06EB01131C460F016278F15DBC
:1047200003619B780AF0C2FCE3790193A3790093BB
:1047300022796379E17828460AF0DFFC03B0F0BD06
:10474000C84E010838B5836804466BB1024652F87A
:10475000183BDD6900F11903A847217E204602229B
:10476000BDE838400AF02BBD38BD000070B581604F
:10477000897A86B0044601B101210AF070FC204616
:104780000AF0EFFD20460AF0C7FD217BFF2903D088
:10479000FA2220460AF0CCFDA3685B7A013B042B89
:1047A00004D8DFE803F0043E3E414100FEE7E92281
:1047B000E12120460AF0FAFD012120460AF089FD98
:1047C000962120460AF0C6FD382120460AF0D8FD81
:1047D00020460AF0DDFDA368204693F90810FFF794
:1047E000B1FFA3689D7A15B319782046FFF78CFFB7
:1047F0000022114620460AF04CFC0023009340F2B0
:10480000032220464FF6FF710AF0A6FC20464FF621
:10481000FF710AF0C8FC204606B0BDE870400AF0FF
:1048200068BDDB22D721C4E76F226B21C1E75E8818
:104830000E4B63614CF25033009320460C49192310
:104840000B220AF0C1FD0123CDE903335B23CDE93F
:104850000153102319462046009504220AF0F2FD68
:10486000314620460AF012FEC2E700BFA84E0108FA
:10487000A086010010B504460AF03BFD20464FF625
:10488000FF71BDE810400AF08EBC000038B58168A9
:10489000036891F90810DD69044600F1190300F17D
:1048A0001802A847A3689A7A42B11A78012A00D957
:1048B000FEE7044B03EB0213236138BD024B636137
:1048C000FBE700BFC84E0108A84E010810B50A4C0E
:1048D000A06858B1236923B9636913B92046FFF76B
:1048E000D5FFA3689B7A23B123699868A0F57A70F5
:1048F00010BD63699869F9E72C320020836810B510
:10490000044683B103691BB943690BB9FFF7BEFFC6
:10491000A3689B7A1BB12369B3F90C0010BD6369CE
:10492000B3F91C00FAE71846F8E7836810B50446A7
:1049300043B103691BB943690BB9FFF7A7FF94F9AA
:10494000190010BD1846FCE708B5836843B9FFF7A6
:104950000DFF7D20FEF716FDBDE80840FEF794BC74
:1049600008BD000090F8D43053B190F8D520074B23
:1049700003EBC20153F83230497953F821007047F4
:10498000037C00EB8300406B704700BFC030010820
:1049900038B51546044604EB8504084606490CF074
:1049A00084FA606BFCF7F8F80449FCF74DF90AF05B
:1049B000B3FEFCF74BFB38BD231D010800007A3A1B
:1049C0002DE9F3419DF824701646402F88464FF09C
:1049D0005B024FF0000104461D4628BF40270CF043
:1049E000E4F8904BDB8B23803278A37862F30203E8
:1049F000A3707178C90001F00801DBB203F007036E
:104A000041EA08111943A1707279E37862F3000357
:104A1000E370B279637962F38613637196F90200E9
:104A2000FCF731FEE37860F34703E370F279237912
:104A300062F300032371327A62F346032371327901
:104A4000DBB202F0010203F07F0343EAC2132371D9
:104A500032796379C2F3450223F03F031343637154
:104A6000A37967F34703A3712B78AA78E3716B7876
:104A700002F01F0203F0070343EAC20323726A88AD
:104A8000637AC2F3451223F03F03134363722A791A
:104A9000DBB202F0030203F03F0343EA82136372C6
:104AA000AB88C3F38703A3726A79E37AC2F3800207
:104AB00023F001031343E372AA79DBB202F07F0211
:104AC00003F0010343EA4203E372EA88237BC2F363
:104AD000C31223F00F03134323732B7AAA7AE373D1
:104AE0006B7A02F01F0203F0070343EAC203237448
:104AF0006A89637CC2F3451223F03F031343637456
:104B00002A7BDBB202F0030203F03F0343EA821385
:104B10006374AB89C3F38703A3746A7BE37CC2F33A
:104B2000800223F001031343E374AA7BDBB202F09B
:104B30007F0203F0010343EA4203E374EA89237D21
:104B4000C2F3C31223F00F03134323752B8ADB0830
:104B500063756B8ADB08A375AB8ADB08E375EB8AA8
:104B6000DB0823762B8BB3F5C06F4ED2B3F5007FF5
:104B700094BF00230123227B63F3051222736B8B06
:104B8000B3F5C06F43D2B3F5007F94BF0023012378
:104B9000227B63F387122273AB8BB3F5C06F38D2DD
:104BA000B3F5007F94BF00230123227D63F3051238
:104BB0002275EB8BB3F5C06F2DD2B3F5007F94BF98
:104BC00000230123227D63F38712089B22751F4473
:104BD00004F11802BB4220D14FF6FF7321460DF1BC
:104BE00006000D22ADF80630FDF706FC2146BDF8A3
:104BF000063021F80D3F4C22FDF7FEFBBDF80630D4
:104C0000A4F8593002B0BDE8F0810223B3E70223D3
:104C1000BEE70223C9E70223D4E713F8011B02F819
:104C2000011FD7E7FC02002013B59DF81040CDE925
:104C3000003413460A460021FFF7C2FE02B010BD41
:104C400013B5144B0288DB8B9A4204461DD183783E
:104C500003F0F003102B01D0202B18D1A379A52B42
:104C600015D84FF6FF730DF1060059222146ADF815
:104C70000630FDF7C1FBB4F85900BDF80630C01A84
:104C800018BF0120800002B010BD0120FBE7022008
:104C9000F9E700BFFC02002030B53A4B027893F8E8
:104CA000261061F30302027093F8271061F30712D4
:104CB000027093F82810427861F30302427093F86F
:104CC000291061F30712427093F82A10827861F379
:104CD0000302827093F83210827961F303028271C9
:104CE00093F82B10827861F30712827093F83410D6
:104CF000C27961F30302C27193F82C10C27861F398
:104D00000302C27093F82D1061F30712C27093F87A
:104D10002E10027961F303020271427993F8301088
:104D200061F30302427193F83310827961F3071241
:104D3000827193F83510C27961F30712C27103F1E1
:104D4000390100F10A0200F1160411F9015F02F8BD
:104D5000015FA242F9D193F84610C27D61F30102CE
:104D6000C27593F8471061F38302C27593F8481037
:104D700061F30512C27593F8493063F38712C27567
:104D800030BD00BF7C0300200278344BC2F3030225
:104D900030B583F826200278C2F3031283F8272067
:104DA0004278C2F3030283F828204278C2F3031248
:104DB00083F829208278C2F3030283F82A208279BB
:104DC000C2F3030283F832208278C2F3031283F81D
:104DD0002B20C279C2F3030283F83420C278C2F3D5
:104DE000030283F82C20C278C2F3031283F82D202B
:104DF0000279C2F3030283F82E204279C2F3030240
:104E000083F830208279C2F3031283F83320C27909
:104E1000C2F3031283F8352003F1390100F10A02CD
:104E200000F1160412F9015F01F8015FA242F9D105
:104E3000C27DC2F3010283F84620C27DC2F3810223
:104E400083F84720C27DC2F3011283F84820C27D57
:104E5000C2F3811283F8492030BD00BF7C030020DB
:104E60001FB58DF80C300123019303AB009313465B
:104E70000A460221FFF7A4FD05B05DF804FB00001F
:104E8000F0B5274D012385F8A430044685B0B0F86D
:104E90000900FCF7CEFDC5F8A800B4F80B00FCF73C
:104EA000C8FD1422C5F8AC0004F10D0105F1B000F5
:104EB000FCF72AFE94F9213085F8C53094F82230A9
:104EC00085F8C63004F12300FFF75EFF6E4604F15B
:104ED000410304F1510718685968324603C2083388
:104EE000BB421646F7D1432308220E486946FCF719
:104EF00023FD94F85130A5F89E3094F85230A5F86F
:104F0000A03094F85330D5F8AC20A5F8A23042F682
:104F1000A1039A4201D0FFF784F905B0F0BD00BFAC
:104F200038050020920500202DE9F04792B00DF1E0
:104F300008084FF0400905460E46174600214A462C
:104F400040460BF032FE222342F6A2008DF80830D4
:104F5000FCF75EFDDFF880A0ADF8440042F6A1004A
:104F6000FCF756FD1D4C9AF80010ADF8460004EB16
:104F700001110DF10A00062201F58971FCF7B2FD5D
:104F80009AF8001004EB011205A892F81A3192F871
:104F9000194103F00F0304F00F0444EA031492F8DC
:104FA0001B3103F00F0344EA0324BDF8103023F44F
:104FB0007F6323F00F031C43ADF81040FFF76CFE36
:104FC000CDE900893B46324602212846FFF7F8FC2E
:104FD00012B0BDE8F08700BFFC0200207C03002077
:104FE000034B04491A68044801FB0200186070472B
:104FF000400600200D6619005FF36E3C38B50B4A81
:105000000B4D13782C78A34205D101332B702878EF
:1050100000F0010038BD1470FFF7E2FF6FF00043AD
:1050200098423CBF01342C70F1E700BF3D060020E0
:105030003E0600200B4A0C49126882600A68026131
:105040004A680A4942610A6882614A68C26100236B
:105050004EF660228380837183810384026003851E
:10506000704700BF70410020281D0108311D010854
:1050700010B50E4CA36803B9FEE70D4A12791A70F9
:105080000021204609F0D4FF4FF47A70FEF77AF938
:105090002046012109F0E3FFA36820461978FFF7B5
:1050A00033FB2046FFF7E6FB10BD00BF2C3200208B
:1050B000FC02002038B5174D0446A8786978052809
:1050C0001CD14FF6FF732385FFF7B0F86B780122F0
:1050D0009A40238D23EA020323850F490F48FFF7E7
:1050E00033FC0E48FFF7C6FB0C486FF07F01FFF75B
:1050F00029FB2046BDE83840FFF7BABF00232385CF
:105100000220FFF793F86A7801239340228D13431E
:105110009BB2E1E7FC020020000300202C320020BB
:1051200008B590F8203002468BB9FEF7BCF810B9EC
:1051300082F8210008BD92F8213001335BB2312B97
:1051400082F82130F6DD012382F82030F2E7FEF705
:10515000AAF818B1322382F82130EBE792F8213017
:10516000013B5BB2002B82F82130D8BF82F82000CF
:10517000E0E70000134B90F820201B68CAB182685A
:105180009B1AB3F57A6F01D9012343710379ABB14F
:105190000D4B427B1B781AB1022B1CBF03220273FA
:1051A0009A1E534253414373837953B103230373CC
:1051B00070478360EAE701230371F8E74379002B26
:1051C000F9D17047704100201D0700200346007B85
:1051D000821E012A4FF0000202D893F8201009B96C
:1051E0001A7370471046704770B51D4C1D4E05462A
:1051F0005B22002120460BF0D8FC2B6923606B69F1
:105200006360194B194D1B7831789A1E53425341F4
:10521000627A05EB011163F30002627201F5897194
:10522000062204F10A00FCF75DFC337805EB03125B
:1052300005EB031592F81B1195F8193192F81A2114
:1052400003F00F0343EA02132374637C204661F3E7
:10525000030359216374FDF7E7F8A4F8590070BD02
:1052600091320020FC0200201D0700207C0300205A
:105270000A4A38B5138801339BB2502B04460D46B9
:1052800001D8138038BD002305491380FDF7E6FDE2
:1052900029462046FDF7E2FDF4E700BF140C00208C
:1052A0008D1E01082DE9F84F154604460F466B493F
:1052B0006B4EFDF7D3FD29462046FDF7CFFD694B28
:1052C0000022012F1A800FD11023B362082746F263
:1052D000A810B761FEF756F8B762FEF753F82946F3
:1052E0002046FFF7C5FFF2E7BB1E08220C2B00F299
:1052F000A880DFE803F03141521C07A6A6A662622F
:1053000062626200564E4FF008081027C6F81880F7
:1053100046F2A810B762FEF735F8C6F82880B761E4
:10532000FEF730F829462046FFF7A2FFEDE74C4E86
:105330004FF008081027C6F8188046F2A810B76189
:10534000FEF720F8C6F82880B762FEF71BF829465A
:105350002046FFF78DFFEDE7B262414E102746F27F
:10536000A810B761FEF70EF8B762FEF70BF82946F2
:105370002046FFF77DFFF2E71023B361384E082780
:1053800046F2A810B761FDF7FDFFB762FDF7FAFF1F
:1053900029462046FFF76CFFF2E7B261304E102736
:1053A00046F2A810B761FDF7EDFFB762FDF7EAFF1F
:1053B00029462046FFF75CFFF2E7A7F1090BDFF86B
:1053C000A0805FFA8BFB00264FF0080A5E453CBFC9
:1053D0001023C8F818304FF0040946F2A810C8F896
:1053E00018A0FDF7CFFFC8F828A0FDF7CBFF09F103
:1053F000FF3929462046FFF73BFF19F0FF09ECD1A2
:105400001023C8F828304FF0040946F2A810C8F855
:1054100018A0FDF7B7FFC8F828A0FDF7B3FF09F102
:10542000FF3929462046FFF723FF19F0FF09ECD189
:105430000136A7F10803F6B2DBB2B34238BF00264B
:10544000C4E71023B261B3614CF25030FDF79AFF0C
:1054500029462046FFF70CFFF6E700BF8D1E010826
:1054600000040048140C002008B5437802789A42E2
:1054700013D0052B8ABF052303700370027888BF01
:105480004370064B064813F92210064B1973197620
:10549000836813B11972FFF755F908BDF0300108A0
:1054A0002C320020FC02002010B50AB9437010BD58
:1054B000541E0B2CFBD80332D2B231F91220C83A59
:1054C00003FB022240F2716192FBF1F212B222EA76
:1054D000E2729A42C8BF1AB24270E8E72DE9F0477B
:1054E000DDF82080204E0F461D4604469146FDF70C
:1054F00011FF1E491E4B002830D0022F27D8002F45
:105500000CBF304608461A46012DC4E9000228D0D7
:10551000023D012D154A88BF0022C4E90513154B31
:10552000E3610368A2600022C4E903269B68494640
:105530009847A06818B1036841469B68984760681F
:105540000368BDE8F0479B684FF4E1311847032F2B
:1055500015BF304618461A463246D5E71846324639
:10556000D2E7014AD9E700BF5C02002064020020B4
:1055700060020020680200200A46014610B9024875
:1055800009F027BD704700BF2C32002070B50D46D2
:1055900016461C46014688B9FDF767FE09483346A2
:1055A0002A4609F0EFFC07484FF6FF7109F0FBFDB2
:1055B000A1010448BDE8704009F00EBE0148FFF7A4
:1055C00059F970BD2C32002037B50C4638B91A484D
:1055D000836833B9812281F88C2081F88E3003B042
:1055E00030BD9D7ADDB101F18E020DF1060109F0A9
:1055F00029FE94F98E30002B04DABDF806201344FE
:10560000ADF80630BDF90630002B0FDB4FF6FF7307
:10561000ADF80630BDF8063084F88C30DFE70DF1C8
:10562000060109F044FF84F88E50EBE77F33F1DA8E
:105630004FF68173ECE700BF2C32002070B5114C9F
:105640000D4606465B23224621462846FFF794FF77
:10565000D6E90613206862689A4208BF88420ED1D4
:1056600020465921FCF7E0FEB4F85940231A5C4269
:105670005C4128460449FFF7A7FF601C70BD002469
:10568000F7E700BF6C300020803100200A4608B5E3
:1056900001460148FFF706FE0000002000230370CA
:1056A0008370437003714371C370704703780022A5
:1056B000022B427104D0032B09D0012B16D0FEE738
:1056C00001230371437183784370C37070478378FB
:1056D0004278991AA3EB020218BF012112F0060FBB
:1056E00014BF0122002201714271EDE7027170477F
:1056F00002788170002A0CBF022203220270FFF799
:10570000D5BF0000074B282202FB00339B681A78A4
:10571000542A05D15878A0F178035842584170476F
:105720000020704708310108074B282202FB003394
:105730009B681A78522A05D15878A0F1780358420C
:10574000584170470020704708310108074B282254
:1057500002FB00339B681A78542A04D158787838B1
:1057600018BF012070470120704700BF08310108B1
:1057700028230B4A434310B5D1580446FFF7D4FF02
:1057800048B92046FFF7BEFF064B1B7828B103EB54
:10579000830301EB8301084610BD01EB0311FAE717
:1057A00008310108FC0200202E2838B505461AD819
:1057B0000E4B282202FB00334CB21B79022B0DD07A
:1057C000FE2B10D1FFF7D4FF0378E4B2A3420AD036
:1057D00004702846BDE83840FFF7B8BFFFF7C8FFA0
:1057E00090F90030F2E7002038BD00BF0831010811
:1057F0002E2838B504460D4619D80E4B282202FB38
:1058000000331B79FF2B12D1FFF7B2FF0622294686
:10581000FCF78DF958B92046FFF7AAFF2946062262
:10582000FCF772F92046BDE83840FFF78FBF002033
:1058300038BD00BF083101082DE9F0430746154681
:105840002820394A41435018012B046A87B025D1DA
:105850005258364B9A4235D0A3F1CE018A4233D00A
:105860003349F23B9A4208BF0C46FF238DF80030C3
:105870004FF0000801262046FAF78CFC5FFA88F901
:10588000484529D806F118036B44AE4203F8188C3A
:1058900030D80020387007B0BDE8F083022BE4D187
:1058A0005258224B9A4211D0591C8A4210D0A3F16F
:1058B000CE018A420ED0A3F1F2018A420AD01D49DC
:1058C000EC3BCFE71C4CD0E7194CCEE71B4CCCE7A8
:1058D0001B4CCAE71B4CC8E714F809302C2B06D127
:1058E00006F118036B44013603F8188CF6B208F180
:1058F0000108C0E705F118030DEB0305002315F8B7
:10590000182C15F9175C0132D2B29918C9B2A94204
:1059100007EB030003DB002303700120BBE7615C9E
:1059200001700133DBB2F0E7083101089504002073
:105930003A1D01086E1D01088B1D0108341E010867
:10594000121E0108E81D0108054B282202FB003346
:105950005B6A0BB1188870474FF6FF70704700BF45
:10596000083101080B4B282202FB003370B51E6A78
:105970003046FAF70FFC002201461446D5B2631CEC
:10598000A942D8B200D870BD735D01322C2B08BF7C
:105990000446F3E70831010838B5104B282202FB12
:1059A000003301461B79FE2B15D1FFF7CDFF0446CE
:1059B0000846FFF7D7FF0022014601251046D3B263
:1059C000994200D838BD05FA02F323421CBF431C9C
:1059D000D8B20132F3E7FF20F4E700BF0831010835
:1059E0002DE9F04F4FF0000A1D4E93B004460F46CC
:1059F000D146D6F808805FFA8AF54FF0000B0DE02B
:105A000018F8030001920AF0A7FFC3B2019A202BF5
:105A100008BF5F2302F8403C0BF1010B5FFA8BF3E8
:105A200040460193FAF7B6FB019B03F14802984206
:105A30006A44E5D802F8409C394602A8FAF7A0FB70
:105A400048B10AF1010ABAF12F0F06F12806D0D1A8
:105A50000025284600E00120257013B0BDE8F08F36
:105A6000083101082DE9F0411D4E282303FB016692
:105A700004463379FE2B0D46174618D0FF2B21D054
:105A8000022B28D10846FFF773FE214690F900004B
:105A900009F079F935692B783BB1124920460BF0B2
:105AA0008CF8294620460BF088F8012015E00846BE
:105AB000FFF75EFE3B46027829462046BDE8F041EE
:105AC000FFF7BABE0846FFF753FE062201462046FE
:105AD000FCF71AF8E9E700202070BDE8F08100BF6C
:105AE00008310108A21E0108F8B5194B16462822F4
:105AF00002FB063300241A790470022A07460D4679
:105B000003D0FE2A13D02046F8BD93F91820914205
:105B1000F9DB93F91C309942F5DC4FF0000165F395
:105B200007013046FFF740FE01243870EBE70029FB
:105B3000E9DB3046FFF716FFA842E4DD3046FFF709
:105B400003FF40FA05F313F00100E6D10446DAE75B
:105B5000083101082DE9F84300230370124B174662
:105B6000282202FB073306461B79FF2B0C4603D085
:105B700000252846BDE8F8830846FAF70BFB0628FF
:105B8000F6D104F1FF3804F1050918F8010FFBF70D
:105B900033FE05460028EBD0C845F6D121463846ED
:105BA000FFF726FE3070E4E708310108F8B5104E23
:105BB0004FF0280C0CFB0266002736790770FE2E8A
:105BC00004460B46154603D0FF2E0BD0022E0DD1F6
:105BD00018460AF02DFE2A4601462046BDE8F84048
:105BE000FFF782BFBDE8F840FFF7B4BF3846F8BD05
:105BF0000831010810B504460846B2B9FBF752FE59
:105C0000042812D8DFE800F003090B0D0F00084943
:105C100020460BF04AF9012010BD0649F8E7064975
:105C2000F6E70649F4E70649F2E70020F4E700BF8B
:105C3000711E0108761E01087B1E0108801E0108E6
:105C4000861E010810B504460068FDF707F90249F1
:105C50002068FDF703F910BD8C1E01080D4B0E4A9C
:105C60005B680360003B18BF01230371002343718D
:105C7000B2F84C2080F88530122A8CBF0222012213
:105C8000C0F8883080F88C3080F88D20A0F88E30F5
:105C9000704700BF5C030020FC02002090F88530B4
:105CA000682B08D8C2180133DBB2517180F88530F7
:105CB000184400234371704708B50530FAF760FABD
:105CC000B0FA80F0400908BD2DE9F043064691B0D6
:105CD000084688461546FAF75DFA06F105090446B6
:105CE0004846FAF757FAE4B2631CC7B2BB4203DB7B
:105CF000002011B0BDE8F0832246414648460AF034
:105D000078FF0028F4D1231D22461E44BA420346E0
:105D10001BD300F140036B44002403F8404C0028DF
:105D2000E6D09DF800303D2BE2D1302368468DF857
:105D30000030FAF72FFA2346DAB2904212D86846BA
:105D40000AF076FD28600120D3E716F8011F20290C
:105D500005D040336B440130C0B203F8401C01321F
:105D6000D2B2D3E740326A44013312F8402C303AC1
:105D7000092AE1D9BCE700002DE9F0474379702BEF
:105D800090B080460F46164671D18379202B6ED194
:105D9000C0790AF0D9FD00285CD000254FF0020A36
:105DA0002C4608F105094846FAF7F4F9824522D352
:105DB00005F140030DEB0305002305F8403CC4B397
:105DC000E8461D4618F8010B0AF0C6FD7855013566
:105DD000EBB2A342F6D300253D550134E4B2684648
:105DE000FAF7D8F96719FFB2874206EB050334D3F7
:105DF00000221A702DE008EB0A035B793D2B0ED0D0
:105E0000202B07D005F140016A1C0DEB010505F8B8
:105E1000403CD5B20AF101035FFA83FAC3E72C468E
:105E2000F0E705F140036B4413F8400C0AF094FDD1
:105E300078556846FAF7AEF9E5B2A84207EB0503D4
:105E400004F10104EDD800220A491A7030460BF023
:105E50002CF8012010B0BDE8F08707F140020DEBEF
:105E60000207013517F8402C1A70EDB2B7E7002091
:105E7000F0E700BF8F1E01082DE9F0472C4E2823C4
:105E800003FB016688B03379FE2B04460D4620D013
:105E9000FF2B4BD0022B2DD196F9185025490068C5
:105EA000FCF7EAFF2846694608F06DFF6946204680
:105EB000FFF7C8FE96F91C501F492068FCF7DCFF6D
:105EC0006946284608F05FFF69462046FFF7BAFE9C
:105ED00010E00846FFF738FDDFF86090DFF860A0BB
:105EE00080460027FEB20123324629466846FFF766
:105EF000A3FC10B908B0BDE8F087BBB248FA03F3C1
:105F0000DB0711D520684946FCF7B6FF06F13001E2
:105F10002068C9B2FCF70AFF20685146FCF7ACFFC5
:105F200069462046FFF78EFE0137DBE70549CDE7DE
:105F300008310108911E0108991E0108A11E0108DF
:105F4000A41E0108A81E0108F0B504468BB008463F
:105F50000D46FFF721FD254F254906462068FCF731
:105F60008BFF282303FB05772068B968FCF784FFC3
:105F700020492068FCF780FF2EB91F492046FFF713
:105F800061FE0BB0F0BD0122294602A8FFF76AFDB1
:105F9000206802A9FCF770FF3B79FE2B03D0FF2B92
:105FA0001AD01649EAE72846FFF7E2FB05781449BC
:105FB0002068FCF761FF05F130012068C9B2FCF7E9
:105FC000B5FE10492068FCF757FF012EE9D10E49B4
:105FD0002068FCF751FFE4E70C4B02A95A786846A9
:105FE000FFF708FE0028DCD06946F1E70831010818
:105FF000A11E0108A41E0108B71E0108391D0108D1
:10600000C71E0108B51E0108CA1E0108FC020020B7
:1060100038B54A4B1A6890F88C30012B044640F092
:106020008B80D0F88830D31AB3F5FA7FC0F0848023
:10603000434DC0F888202846FBF7E1FA08F0B2FE8D
:1060400001462068FCF718FF3E492068FCF714FF62
:1060500005F11400FBF78CFE08F0A4FE0146206851
:10606000FCF70AFF38492068FCF706FF95F8940012
:1060700008F098FE01462068FCF7FEFE33492068D0
:10608000FCF7FAFE95F98C0008F096FE01462068B0
:10609000FCF7F2FE2E492068FCF7EEFE95F98D0024
:1060A00008F08AFE01462068FCF7E6FE29492068D0
:1060B000FCF7E2FE95F9920008F07EFE01462068AA
:1060C000FCF7DAFE21492068FCF7D6FE95F98E0030
:1060D00008F072FE01462068FCF7CEFE1C492068DD
:1060E000FCF7CAFE95F98F0008F066FE01462068AD
:1060F000FCF7C2FE18492068FCF7BEFE05F150000F
:10610000FBF73CFE80B208F061FE01462068FCF718
:10611000B3FE0E492068FCF7AFFE05F16400FBF703
:106120002DFE80B208F052FE01462068FCF7A4FE66
:106130000A492046FFF786FD38BD00BF70410020A8
:1061400080310020EC1E0108D91E0108DC1E010868
:10615000DF1E0108DA1E0108E11E0108E41E010825
:106160002DE9F04190F88E3090B0044643B93A4A98
:106170003A4B92F85A105B7C394A01B15B001370BC
:10618000DFF8DC80354E002794F88D20FBB29A4270
:1061900008D994F88E5098F80030AB4205D8002307
:1061A00084F88C3010B0BDE8F081737C9D424DD2F4
:1061B00075B92C492068FCF75FFE707C08F0F2FD91
:1061C00001462068FCF758FE27492046FFF73AFDB4
:1061D000284608F0E7FD01462068FCF74DFE2349FC
:1061E0002068FCF749FE73190137987C08F0DAFD46
:1061F00001462068FCF740FE1D492068FCF73CFE84
:1062000006EB8503586B08F0EBFD01462068FCF7B0
:1062100033FE18492068FCF72FFE2A4608A93046AD
:10622000FEF7B6FB694608F078FD6846FBF76CFBA5
:1062300020686946FCF720FE08A92046FFF702FD0A
:1062400094F88E30013384F88E309DE7ED1A15F006
:10625000FF05BDD10849ADE7FC020020180C002065
:1062600045060020E61E010898250108EE1E0108DB
:10627000F51E0108FF1E0108051F010870B5254C19
:10628000E569AB0607D523689E0604D5606A224BF4
:10629000C0B21B6898471F232806236215D52368C0
:1062A000190612D51D4B1E4A1988138889B29BB254
:1062B000994219D013880133C3F30803138013885C
:1062C000184A9BB2D35CDBB2A3626A0620D51148A0
:1062D00003685B061CD5FCF771F840230362124B80
:1062E000BDE870401B6818470A48FCF770F8402367
:1062F00023624FF0402202F5806353E8003F43F0F1
:10630000400302F5806040E800310029F3D1DCE76A
:1063100070BD00BF004400405402002056370020EA
:106320005437002054350020580200200848094AFC
:106330000188138889B29BB29942F9D0138801333E
:10634000C3F3080313801388034A9BB2D05C7047E1
:10635000523500205035002050330020FFF7E6BFB3
:1063600070B588B00C4606461546002120226846C6
:106370000AF01BFC231E18BF01231B03CDE90235C5
:1063800069460C23034801960494059308F07CFBAE
:1063900008B070BD0044004010B5064C236823F0DF
:1063A00001032360FFF7DCFF236843F00103236050
:1063B00010BD00BF0044004013B5164C2046FBF74B
:1063C000F4FF19B314484FF400524FF48061FFF703
:1063D000E3FF236823F001032360636843F4004371
:1063E0006360636823F480336360236843F00103D0
:1063F000236001220823CDE9003203231A46042139
:106400004FF09040FCF778FDFCF79CFB012002B0B8
:1064100010BD00BF00440040A086010013B5164C1B
:106420002046FBF7C2FF19B314484FF400524FF453
:106430008061FFF7B1FF236823F0010323606368E5
:1064400043F400436360636843F48033636023680C
:1064500043F00103236001220823CDE90032042127
:10646000032302224FF09040FCF746FDFCF76AFB45
:10647000012002B010BD00BF00440040A086010012
:1064800073B5304C236823F00103082523600126EF
:106490004FF40030FBF768FF0421CDE900560323D9
:1064A0000A224FF09040FCF727FD03231A462946A5
:1064B000CDE900564FF09040FCF71EFD002211463A
:1064C0002148FFF74DFF636823F490436360A3689E
:1064D00023F02A03A3601D4BA02283F8252320224A
:1064E0005A602046FBF773FFFBF768FF40232362E7
:1064F000174B00211980174B1980FBF756FF164BDD
:106500001980164B1980636823F400636360A368E5
:1065100023F00803A360636823F480436360A368E7
:1065200023F02203A360A36843F48053A36023688D
:1065300033432360E3699A02FCD5E3695B02F9D532
:1065400002B070BD00440040801A060000E100E087
:106550005437002056370020503500205235002097
:106560000649074A0B8812880133C3F3080392B225
:106570009A421EBF034AD0540B8070475637002002
:106580005437002054350020F8B5012380F86C30D2
:1065900090F8BD30044603F0FF005BB194F8BD50A5
:1065A00004F16C070026B3B29D4204D8002384F89E
:1065B000BD300120F8BD17F8010FFFF7D1FF0136FC
:1065C000F1E700000148FBF7E7BE00BF00440040D0
:1065D00007B50E48FBF7E9FE036823F001030360EB
:1065E000436823F400434360036843F001030360FE
:1065F00000220823CDE90032042103230A224FF0B0
:106600009040FCF779FC03B05DF804FB00440040C7
:106610000E4B07B51A6822F001021A605A6842F45C
:1066200000425A601A6842F001021A6008230022F0
:10663000CDE900320421032302224FF09040FCF701
:106640005BFC03B05DF804EBFCF77CBA004400404F
:1066500037B50446FFF714FF164B1A6822F0010203
:106660001A605A6842F400325A605A6842F4803222
:106670005A605A6842F400425A601A6842F00102B5
:106680001A6008250123CDE90053022203230421C7
:106690004FF09040FCF730FC0323022229464FF0D4
:1066A0009040FCF7AEFC204603B0BDE83040FFF759
:1066B000AFBF00BF0044004008B5002383810371D1
:1066C000C38003818372036101460448FDF79AF990
:1066D000BDE808400846FFF7BBBF00BF4C330020B1
:1066E000036810B504461B689847237A082B05D920
:1066F0000A2B03D0092B02D00023237210BD23687C
:1067000020465B6898470028F6D00848036823B104
:10671000FA21FDF787F90A23EFE72046FFF758FF34
:106720000B232372BDE81040FFF74CBF4C33002011
:1067300001460148FFF7D4BF9017002001460148E9
:10674000FFF7CEBF24070020037A0A2B10B50446BA
:1067500007D1FFF73DFF0B232372BDE81040FFF781
:1067600031BF10BD0148FFF7EFBF00BF2407002075
:1067700010B50446FFF74CFF0023237210BD000044
:106780000148FFF7F5BF00BF901700200148FFF751
:10679000EFBF00BF2407002008B5017A094A0A2983
:1067A000126801D8026108BD0169521A142AFAD987
:1067B00000220272FFF72CFF0348FBF7FFFD402386
:1067C0000362F0E770410020004400400238C0B28C
:1067D00010289ABF014B185C0020704789300108CF
:1067E0003B4B0246586A137A10B580B233B1938995
:1067F000C31A9BB2FA2B84BF00231372137A9081C1
:10680000052B19D8DFE803F003080E334A564F2949
:1068100012D1012313720FE0572901D10223F9E7A6
:106820000023F7E70023FF29937206D141F2047396
:106830001381537E002BF3D110BD9F290FD901F096
:106840001F000124947282F83200FFF7BFFF5072DC
:1068500018B982F84B400923DCE70523DAE7182949
:10686000DED80029F7D0032351721372E1E7B2F8A2
:106870006E02B2F87242431C2340B2F870429C424E
:106880001EBF801880F87412A2F86E32937A517A83
:106890000133DBB299429372DDD9CDE7907A431C84
:1068A0001044DBB29372C176517A9942C4D8012365
:1068B0009376D0E7907A431C1044DBB2937280F851
:1068C0003210517A9942B7D2012382F84B30C2E795
:1068D000004401402DE9F04389B0002301AFB0F836
:1068E00068908DF804300446B8460125B4F86A2053
:1068F00048461146EEB2FCF79FF9A0B1192D11D010
:1069000091451FBFA318B4F86C1093F86E30013294
:1069100014BF0A40002308F8013F18BFA4F86A20FA
:106920000135E3E72E46B6B20024013417F8010B17
:10693000A4B2FFF715FEA642F7D8012009B0BDE8C2
:10694000F08370B590F8665000F14C040026B3B2A5
:106950009D4200D870BD14F8010FFFF701FE01360B
:10696000F5E770B5457E044605B1FEE7012680F8DF
:106970004C6090F8663033B1FFF7E3FF84F866505F
:106980003546284670BDB0F86A10B0F86800FCF7CC
:1069900053F90028F5D02046FFF79CFFF0E7027F6F
:1069A000C37E02F0070243EA02230B80838BC3F30A
:1069B000CA034B80C369C3F38A338B8090F82030BD
:1069C000C27F03F00F03DB0143EA5203CB80038C49
:1069D000C3F30A130B81036AC3F3CA334B8190F8E4
:1069E000243090F8232003F01F039B0143EA920315
:1069F0008B81838CC3F34A13CB81C38CC3F30A030B
:106A00000B8290F8283090F8272003F03F035B01B9
:106A100043EAD2034B82836AC3F38A138B82438D8A
:106A2000C3F34A03CB8290F82C3090F82B2003F06C
:106A30007F031B0143EA12130B83C36AC3F3CA1318
:106A40004B83C38DC3F38A038B8390F8303090F867
:106A50002F20DB0043EA5213CB8390F8312040F221
:106A6000547312F0010F14BF1A46AC220A8490F836
:106A7000312012F0020F08BFAC234B847047437ED5
:106A800070B504460D463BB1002303728E18B54223
:106A900003D100232372A37670BD236815F8011B70
:106AA0001B6820469847F2E70346407E30B568B140
:106AB00093F8664004F0FF054CB103F14D040C60FF
:106AC00093F866101170002283F8662030BD2846C6
:106AD000FCE7000042766AB30123037640F2FF111F
:106AE000A0F86C1040F2FF710023A0F872127F2111
:106AF00080F84C30A0F86A308376A0F8683080F8CF
:106B00004B30A0F8703280F86630A0F86E32A0F8F2
:106B1000763AA0F8743AA0F8781A80F8FA3AC0F8F1
:106B2000FC3A52B9054B064A1A60064B064A1A60EF
:106B3000FFF7C2BD01760029D0D170475402002072
:106B4000316700085802002081670008F8B5477EC9
:106B500004460D4617B100263046F8BD037E002BD3
:106B6000F9D0FFF719FEA37E03F0FF06002BF2D049
:106B7000A77629462046FFF712FFEDE7427E10B5C3
:106B80000346E2B9007EB8B193F84C4004F0FF0030
:106B900094B11C7983F84C200CB11A71DA80DC882E
:106BA0009A790134052ADC8007D0092A05D0012A08
:106BB0004FF0000305D10B7010BD0123FBE700204F
:106BC000FAE71846F8E70346007E60B193F84B20D9
:106BD00002F0FF003AB1002283F84B2093F83230E4
:106BE00003F01F030B707047F8B506460D461746B5
:106BF000002119224D3009F0D8FF2846FFF7E6FDA5
:106C000005F01F050446603D0134024686F84D50EC
:106C1000394606F14E00E4B20AF04FF986F86640B4
:106C2000F8BD000070B590F8FA4A0CB1002070BDB4
:106C3000B0F8745AB0F8763AEE1AB2B2360444BFDD
:106C4000803292B2002AF1D00D4A1668427E22B1FB
:106C5000D0F8FC2A921B092AE8D900229D42C0F8EC
:106C6000FC6A80F8FA2A08D0C218013392F87A4AEE
:106C7000B0F8782A1340A0F8763A0C700120D6E7D5
:106C80007041002010B52C4C86B0182200216846B7
:106C900009F08BFF237829488DF80630FDF72EFE8A
:106CA000ADF800002548FDF740FE9DF8073094F848
:106CB00055208DF8030062F303038DF80730204B55
:106CC00093F8A4205AB39DF8052042F001028DF8F4
:106CD000052093F8C52093F8C6308DF8042003F002
:106CE0000F039DF80720174863F30712164B8DF822
:106CF00007201B799DF802205B0043F0010322F07E
:106D0000030203F0030313438DF802306A462F2376
:106D10000B218DF80830FFF767FF06B010BDBDF8F6
:106D2000043023F4FF7323F0010343F07F03ADF835
:106D300004300523D5E700BFFC0200202C320020E0
:106D40003805002090170020480600207FB5182243
:106D50000021684609F029FF42F6A200FAF758FE22
:106D6000ADF8000042F6A100FAF752FE0749ADF86F
:106D70000200142201A8FAF7B5FE05486A4604216C
:106D8000FFF732FF07B05DF804FB00BF0D1F0108DD
:106D90009017002010B5134C86B0182200216846C9
:106DA00009F003FF94F8A430C3B1D4F8A800FAF7AF
:106DB0002FFEADF80000D4F8AC00FAF729FE14223B
:106DC000ADF8020004F1B00101A8FAF78BFE064805
:106DD0006A460521FFF708FF06B010BD03491422DB
:106DE000F2E700BF3805002090170020391D010888
:106DF0002DE9F04F0C463549282303FB041189B0D7
:106E000007462046FEF7A0FD0B79D1F82080FE2B27
:106E1000814603D14FF6FF73984206D1414638466A
:106E200009B0BDE8F04F0AF040B82046FEF7A0FCDC
:106E3000002590F800B02E46AA462C46EAB24046FD
:106E40000192F9F7A7F9019A013090424FF02D0114
:106E500002D809B0BDE8F08F18F802000AF1200C42
:106E6000EC440AF101032C28DBB20CF8180C00D01A
:106E700040BB5E4503D049FA06F0C00718D50DF1B6
:106E8000080E0022D0B254FA82FC83425FFA8CFCD6
:106E900008D85444013404F0FF040136502CF6B2F3
:106EA0000FD9FEE71EF8010B07F80C000132E9E7E5
:106EB0003955631CDBB218F80220FA540234E4B2EC
:106EC000EBE7002301359A46B8E700BF0831010817
:106ED000044B1870044B0548002207211A70FBF779
:106EE0009FBE00BFD82F0020D92F002004220020F1
:106EF00008B50B78033B082B20D8DFE803F010051A
:106F00000C1F1A1F1F1F0E00042100F67420BDE87D
:106F10000840FBF785BE0521F7E70B21F5E70421C3
:106F200000F67420FBF77CFE0521FBF779FE0B21B0
:106F3000EDE7BDE808404878FFF7CABF08BD00008C
:106F400070B56E4D2C782E2C86B00ED918220021EB
:106F5000684609F02AFEFF2369488DF800306A462A
:106F60000721FFF741FE06B070BD664E317800295B
:106F70004BD1022333701822634E684609F015FE88
:106F8000282303FB04638DF800401B79FE2B27D0D8
:106F9000FF2B2DD0022B09D1012320468DF8013083
:106FA000FEF7E6FB90F900308DF812302B7828229E
:106FB00002FB03660DF10200B1681022FAF792FDA0
:106FC0004F4807216A46FFF70FFE29784F48FFF721
:106FD0000FFF4F48072106B0BDE87040FBF720BE09
:106FE000042320468DF80130FEF7C2FB0378DBE76F
:106FF000052320468DF80130FEF7BAFB0622014634
:107000000DF11200FAF76EFDD0E7022942D10021FE
:1070100018226846317009F0C8FD3B4B8DF80040DE
:10702000282202FB04331A79022A0DD0FE2A1BD033
:107030006A4608213248FFF7D7FD3378002BC8D1C4
:107040002B7801332B708EE71A7D8DF805201A7E80
:107050008DF801201A7F8DF80320196906220DF1A1
:107060000700FAF73FFDE3E75B6A83B11B88274916
:10707000ADF8013015220DF10300FAF733FD234876
:10708000F9F788F8142884BF03233370D0E74FF64C
:10709000FF73ECE7032917D10021182268463170ED
:1070A00009F083FD1B498DF8004017220DF1010006
:1070B000FAF718FD1548F9F76DF82B2884BF04235B
:1070C00033706A460921B5E783D900211822684642
:1070D000317009F06AFD0DF101000F498DF8004093
:1070E0001722FAF7FFFC9DF800300548803B6A46FE
:1070F00009218DF80030FFF777FDA1E7D82F002098
:1071000090170020D92F002008310108DA2F002025
:1071100004220020EF2F00200630002010B50023AD
:107120000B70024600782E280C4611D8094B2821F6
:1071300001FB00331B79FF2B06D0B2F90110FEF7DB
:1071400033FB2070012010BD511CFEF751FBF8E706
:107150001846F8E708310108043807280DD8DFE899
:1071600000F004060C080C0C0C0AFFF7EFBDFFF74B
:1071700011BEFFF7E5BEFFF785BD704738B5530771
:1071800005460C460BD422F0004222F03F0222B109
:107190002549BDE8384009F088BE2449F9E724496B
:1071A00009F083FEA10702D522492846F1E7A2068D
:1071B00001D52149F9E7630501D52049F5E7200408
:1071C00001D51F49F1E7A10501D51E49EDE7A2034D
:1071D00001D51D49E9E7230601D51C49E5E7E0058E
:1071E00001D51B49E1E71B4BA34301D11A49DCE759
:1071F0006103FBD4E20301D51849D6E7230501D585
:107200001749D2E7E00601D51649CEE7610701D557
:107210001549CAE7220701D51449C6E7E30201D59B
:107220001349C2E738BD00BF191F01081E1F01081E
:10723000211F0108261F01082B1F01082E1F01080E
:10724000331F0108381F01083D1F0108E929010803
:10725000DC2B010810000100421F0108471F010834
:10726000492A01084C1F01084F1F0108541F01083B
:10727000581F010810B51422044600212A3009F0D5
:1072800094FC002384F8F7324FF07F42A4F8FC32DC
:1072900084F8FE32C4F80033FF23C4F8F82284F8DF
:1072A000043310BD0B68C0F890304B68C0F89430C0
:1072B0000B7A80F89830012380F82D3080F8333035
:1072C00090F89630DB0980F8FE327047993001F172
:1072D000280351F8042B40F8042B9942F9D10B886C
:1072E00003808B788370704710B500F1C40301F1FF
:1072F000340251F8044B43F8044B9142F9D1012375
:1073000080F82E3010BDF83001F11C0351F8042B29
:1073100040F8042B9942F9D10B780370704710B5EF
:1073200000F2151301F11C0251F8044B43F8044B11
:107330009142F9D1012380F8323010BD10B500F22E
:10734000311301F11C0251F8044B43F8044B9142F4
:10735000F9D140F201134385012380F8303080F8E1
:10736000F93290F8FE3253B990F8FD323BB9D0F8BB
:107370003931C0F85332D0F83531C0F84F3210BD32
:1073800000F2671001F1100351F8042B40F8042BB0
:107390009942F9D10B880380704700F24D1001F13A
:1073A000180351F8042B40F8042B9942F9D10B88AB
:1073B0000380704710B500F2791301F1140251F8FF
:1073C000044B43F8044B9142F9D1012380F831304A
:1073D000D0F8993013F0100308D0D0F89D3013F096
:1073E00010031CBFD0F8A130C3F3001380F83D3068
:1073F00010BD0B7B192B30B51FD1CA7A90F8FB3228
:107400009A421AD891F82630012B16D00B4600F27A
:107410008D1201F1240453F8045B42F8045BA3428B
:10742000F9D11C8814809B789370012380F8323046
:1074300080F8FA32CB7A80F8FB3230BD00F5DA7092
:1074400001F1140351F8042B40F8042B9942F9D1AF
:107450000B880380704791F8203030B57BB90B461C
:1074600000F5E57201F1340453F8045B42F8045B63
:10747000A342F9D11B881380012380F82F3091F8A3
:107480002030012B0ED100F5007301F1340251F8C8
:10749000044B43F8044B9142F9D10A881A80012326
:1074A00080F8343030BD0B68C0F836324B68C0F815
:1074B0003A320B7A80F83E32012380F8FC32704772
:1074C0000B68C0F83F324B68C0F84332012380F8A4
:1074D000323070470B68C0F847324B68C0F84B3207
:1074E000012380F83630704710B500F24F2301F1C8
:1074F0003C0251F8044B43F8044B9142F9D101236B
:1075000080F8303080F8FD3210BD10B500F28B23CA
:1075100001F1340251F8044B43F8044B9142F9D184
:107520000A881A80012380F82C3010BDF0B50025A0
:107530002C460126AB4206D803680C4004FA02F23E
:1075400013430360F0BD06FA05F73C430135F1E74C
:1075500070B50446084694F82A6016B900263046ED
:1075600070BD94F8E0300022022B84F82A20F5D96F
:107570000A60D4F83551002DC8BF6D423223B5FBE7
:10758000F3F11E2301EB4101FFF7D0FFD4F83511D1
:1075900002231E22C90FFFF7C9FFE0E770B50446BA
:1075A000084694F82B6016B90026304670BD94F852
:1075B000E0300022022B84F82B20F5D9D4F8395181
:1075C0000260002DC8BF6D423223B5FBF3F11E23CC
:1075D00001EB4101FFF7AAFFD4F83931002B4FF03E
:1075E00002034FF01E02B4BF03211946FFF79EFFAE
:1075F000DBE738B50446084694F8F722C2B994F898
:107600002C30F3B384F82C2004F28B2304F2C12233
:1076100004F2BF2153F8045B42F8045B8B42F9D1BA
:107620001B881380012384F8F732002384F8F83292
:1076300000230360182594F8F832312B06D85A1C21
:10764000234484F8F82293F8C212E1B994F8C112E5
:10765000012319400722FFF769FF94F8C1120123A3
:107660000F22C1F34001FFF761FF94F8C11201231B
:107670001722C1F38001FFF759FF002384F8F73286
:107680000123184638BD2A46083D0723EDB2FFF70F
:107690004DFFF82DCFD194F8F832312BD6D8EFE743
:1076A00003462DE9F04793F82D600846002E62D07E
:1076B00093F83C52D3F89010B3F88B4193F8FE82C4
:1076C00093F8FC720022AD1A83F82D2001F101011C
:1076D00018BF01254CB1632CD7BFC4EB84143F24E1
:1076E00031346422D8BFB4FBF2F4B3F91331002B68
:1076F00044D0642293FBF2F3522BA8BF5223132BE6
:10770000B8BF1323A3F113094FF0000A0523524613
:10771000C0F800A0FFF70AFF022305225146FFF739
:1077200005FF414601230722FFF700FF012308223E
:10773000FFF7FCFE514601230922FFF7F7FE022363
:107740000A22FFF7F3FE01230C22FFF7EFFE0123CD
:107750000D223946FFF7EAFE01230E222946FFF7E4
:10776000E5FE072313222146FFF7E0FE06231A2237
:107770004946FFF7DBFE3046BDE8F0879946C3E790
:107780002DE9F84390F82E800D46B8F1000F3AD05D
:1077900090F8E1300021FF2B80F82E1003D00F2B42
:1077A00028BF0F23194690F8E090B9F1030F2DD8A8
:1077B0004FF000062FD07F273446002228462A604B
:1077C0000423FFF7B3FE022304224946FFF7AEFE6F
:1077D000012202213846FAF75FFB08230146062200
:1077E0002846FFF7A3FE02230E223146FFF79EFE36
:1077F000022211462046FAF74FFB0A2301461622C1
:107800002846FFF793FE4046BDE8F883A9F103063A
:10781000062E28BF06260A23B0F8D870D0F8D44028
:10782000B7FBF3F70B4B7F2FA8BF7F279C4208DCE9
:10783000094B9C4209DB64234FF0030994FBF3F4EA
:10784000BBE7064C4FF00309B7E7054C4FF00309BF
:10785000B3E700BFC3C9C1003D363EFF18F00100C9
:10786000E80FFEFF2DE9F04F90F8303085B0054667
:107870000E462BB900230093009805B0BDE8F08FA9
:10788000002380F8303090F8F9320093002BF1D0CB
:10789000D0F84F02F9F784F96A49F9F7D5F96A493E
:1078A000F9F7D2F98146D5F83501F9F779F9654943
:1078B000F9F7CAF96449F9F7C7F98046484607F06D
:1078C00041FE8346404607F03DFE0746D5F83901A4
:1078D000F9F766F95B49F9F7B7F95B49F9F7B4F9D4
:1078E0000446D5F85302F9F75BF95649F9F7ACF9B4
:1078F0005549F9F7A9F901462046F9F79BF8824660
:1079000007F05CFE0190404607F058FE04464846EA
:1079100007F054FE0390504607F014FE21460290F3
:107920005846F9F791F9039B044619463846F9F78A
:107930008BF9029A1146F9F787F901462046F9F7C3
:1079400079F8019904463846F9F77EF9214607F09F
:10795000DDFD3E49F9F778F900210446F9F712FBFD
:1079600020B120463A49F9F767F804462046F9F76E
:1079700047FB80B2A0F1B40424B2002CBCBFB430E9
:1079800004B2B4F5B47FA8BFA4F5B4744946404628
:10799000A8BF24B2F9F74EF84FF07C51F9F754F92B
:1079A00007F00CFE4FF07C5180465046F9F74CF939
:1079B00007F004FE0146F9F747F95946F9F744F98B
:1079C0003946F9F741F9414607464046F9F73CF98F
:1079D00001463846F9F730F807F09AFD002707F01E
:1079E00075FD1C49D5F841513760642395FBF3F5CB
:1079F000F9F72AF9F9F704FBF9F7D2F8F9F700FBE0
:107A000002220321FAF748FA0C2301463A4630468F
:107A1000FFF78CFD2846F9F7C3F8F9F7F1FA0222CF
:107A20000321FAF739FA0D2301460C223046FFF7FD
:107A30007DFD07231922032194FBF1F1FFF776FD69
:107A40001AE700BF95BFD63335FA8E3CE12E65426A
:107A50000000B443706D424B2DE9F84390F831902B
:107A600004460D46B9F1000F3BD000261E4980F8B0
:107A70003160D0F88501F9F7E7F807F04DFE1A49B3
:107A80008046D4F87D01F9F7DFF807F045FEB4F938
:107A900089112E600746404601EB8104F9F7B0FAE0
:107AA00001220221FAF7F8F9092301463246284655
:107AB000FFF73CFD3846F9F7A3FA01220221FAF755
:107AC000EBF90823014609222846FFF72FFD0B2377
:107AD00011222146FFF72AFD01231C223146FFF720
:107AE00025FD4846BDE8F883000020412DE9F84314
:107AF00090F83D9004460D46B9F1000F3BD00027A9
:107B00001E4980F83D70D0F88501F9F79DF807F01F
:107B100003FE1A498046D4F87901F9F795F807F081
:107B2000FBFDB4F989112F600646404601EB810444
:107B3000F9F766FA01220221FAF7AEF909230146A4
:107B40003A462846FFF7F2FC3046F9F759FA012287
:107B50000221FAF7A1F90823014609222846FFF776
:107B6000E5FC0B2311222146FFF7E0FC01231C2238
:107B70001946FFF7DBFC4846BDE8F88300002041CA
:107B80002DE9F04190F8328004460D46B8F1000F1F
:107B90003ED0002380F832302449D0F81901F9F79B
:107BA00053F82349F9F750F82249F8F745FF07F051
:107BB000B3FDF9F725FA1D490746D4F81D01F9F779
:107BC00043F81B49F9F740F81B49F8F735FF07F070
:107BD000A3FDF9F715FA94F8FA320646DBB1B4F8CA
:107BE0009541002228462A600B233946FFF79EFC68
:107BF0000A230B223146FFF799FC0122032120467C
:107C0000FAF74AF90B23014615222846FFF78EFCA6
:107C10004046BDE8F0810949D4F83F02F9F714F86D
:107C200007F07AFDF9F7ECF90446DAE7E12E654250
:107C30000000A040000061440000E1430000C84291
:107C400038B50346084693F8334014B9002420465B
:107C500038BD93F804230132D2B20021032A83F8FD
:107C600033100FD983F8041393F8941001250022E0
:107C700002601823FFF75AFC082318222946FFF751
:107C800055FCE4E783F80423002AEDD0012ADDD176
:107C9000D3F800130029D9D00425E8E71C2945D8DA
:107CA000DFE801F00F121416181A1C1E442044229B
:107CB000442426282A2C2E30323436383A3C3E4092
:107CC00042001B4909F0F1B81A49FBE71A49F9E7E4
:107CD0001A49F7E71A49F5E71A49F3E71A49F1E7AC
:107CE0001A49EFE71A49EDE71A49EBE71A49E9E7BC
:107CF0001A49E7E71A49E5E71A49E3E71A49E1E7CC
:107D00001A49DFE71A49DDE71A49DBE71A49D9E7DB
:107D10001A49D7E71A49D5E71A49D3E71A49D1E7EB
:107D20001A49CFE71A49CDE71A49CBE71A49C9E7FB
:107D3000E0290108211F01085D1F0108621F0108D9
:107D4000671F01086C1F0108711F0108761F0108D9
:107D50007B1F0108801F0108851F01088A1F010879
:107D60002E1F01088F1F0108941F0108991F010889
:107D70009E1F0108A31F0108A81F0108AD1F0108CD
:107D8000B21F0108B71F0108BC1F0108C11F01086D
:107D9000C61F0108CB1F0108391D0108192941D848
:107DA000DFE801F00D10121416181A1C1E402022D4
:107DB0002426282A2C2E30323436383A3C3E1A49B2
:107DC00009F073B81949FBE71949F9E71949F7E7C9
:107DD0001949F5E71949F3E71949F1E71949EFE7B7
:107DE0001949EDE71949EBE71949E9E71949E7E7C7
:107DF0001949E5E71949E3E71949E1E71949DFE7D7
:107E00001949DDE71949DBE71949D9E71949D7E7E6
:107E10001949D5E71949D3E71949D1E71949CFE7F6
:107E20001949CDE71949CBE7381F0108761F01082A
:107E3000E0290108D01F0108211F0108D51F0108F2
:107E4000DA1F0108DF1F01082E1F0108621F010849
:107E5000711F01086C1F0108E41F01089E1F010823
:107E6000671F0108E91F0108EE1F0108F31F010841
:107E7000F81F0108FD1F0108022001080720010862
:107E80000C2001081120010816200108391D0108E5
:107E9000102925D8DFE801F0090C240E1012141661
:107EA00018241A1C1E24242022000E4908F0FDBFAD
:107EB0000D49FBE70D49F9E70D49F7E70D49F5E7EE
:107EC0000D49F3E70D49F1E70D49EFE70D49EDE7FE
:107ED0000D49EBE70D49E9E70D49E7E70D49E5E70E
:107EE0000D49E3E7381F0108211F01081B20010885
:107EF000DC2B01086C1F0108B21F010820200108BB
:107F000025200108621F0108711F0108A81F010830
:107F1000671F0108E91F0108391D0108142921D82C
:107F2000DFE801F00B0E101214202016201820207C
:107F3000202020201A20201C1E000B4908F0B5BF6D
:107F40000A49FBE70A49F9E70A49F7E70A49F5E769
:107F50000A49F3E70A49F1E70A49EFE70A49EDE779
:107F60000A49EBE70A49E9E7E0290108211F01086E
:107F70002A200108621F0108671F0108761F0108F7
:107F80002F2001088F1F0108381F01083420010825
:107F9000391D010823289ABF014B185C0220704745
:107FA0009A3001080B46013B1146032B0BD8DFE842
:107FB00003F002040608FFF771BEFFF7EFBEFFF7FC
:107FC00067BFFFF7ABBF014908F06FBF391D01085C
:107FD00038B53D4B0446821C03F1280153F8040BCD
:107FE00042F8040B8B42F9D100252946C4E92455F7
:107FF00084F898502B2204F1990008F0D6FD294608
:10800000342204F1C40008F0D0FD29461D2204F1F9
:10801000F80008F0CAFD29461C2204F2151008F0E9
:10802000C4FD29461C2204F2311008F0BEFD294689
:108030001A2204F24D1008F0B8FD2946122204F26B
:10804000671008F0B2FD2946142204F2791008F0F6
:10805000ACFD2946272204F28D1008F0A6FD294622
:10806000162204F5DA7008F0A0FD2946362204F540
:10807000E57008F09AFD2946362204F5007008F0F4
:1080800094FD2946C4F83652C4F83A5284F83E5258
:10809000C4F83F52C4F84352C4F84752C4F84B5294
:1080A0003C2204F24F2008F080FD2946362204F2DB
:1080B0008B2008F07AFD3622294604F2C12008F010
:1080C00074FD204638BD00BF501B01082DE9F04F5C
:1080D000C77E837E457F867F90F820E090F82B80D6
:1080E00090F819C0BF000C4647EA931703F03F0110
:1080F000037F03F0010247EA822705F00F02D20155
:1081000042EA530206F07F031B0143EA1513C57FC1
:1081100089B06D0045EAD6150EF00306059345EAD1
:10812000462390F82160009306F01F05AD0145EA53
:108130009E0390F8225090F824E00193ED0045EA68
:10814000561390F8235002930EF0070645EA0623D3
:1081500090F82550039305F03F06760146EADE03CA
:1081600090F8266090F827E00493B60046EA95164A
:108170000EF0010546EA852690F82850069205F093
:108180000F0B4FEACB1B4BEA5E0B90F829E00EF089
:108190007F0A4FEA0A1A4AEA151A90F82A506D0027
:1081A00045EADE1508F0030E45EA4E2590F82CE06E
:1081B0000EF01F094FEA891949EA9809490190F818
:1081C0002D80007E41EADC010CF0070C40EA0C2017
:1081D0004FEAC80848EA5E180791F9F79BFA079931
:1081E00020800846F9F796FA60803846F9F792FA47
:1081F000069AA0801046F9F78DFA059BE080184694
:10820000F9F788FA20810098F9F784FA60810198DB
:10821000F9F780FAA0810298F9F77CFAE0810398D7
:10822000F9F778FA20820498F9F774FA60823046F8
:10823000F9F770FAA0825846F9F76CFAE0825046D6
:10824000F9F768FA20832846F9F764FA608348460C
:10825000F9F760FAA0834046F9F75CFAE08309B0C9
:10826000BDE8F08F4A78013A92B202310020F9F766
:10827000B3BA000038B504460175002937D000258F
:1082800080F8BD50034680F86C5000F1500280F831
:10829000655080F8665080F8675080F8685080F824
:1082A0006A5080F86B5083F88451C3F888510833C2
:1082B0009342F8D14FF6FF73A4F8BE300C4BC4F8CC
:1082C000C03004F5EA70FEF7D5FF0A4B0A4A1A607F
:1082D0000A4B0B4AC4F8DC54A4F8E054C4F8E45444
:1082E00020461A60FEF7E8F9064B074A1A6038BDC7
:1082F0000000C07F540200203D67000858020020A3
:108300008D6700084C33002065670008037D70B559
:1083100004460D4613B90026304670BDFEF73CFA00
:1083200094F8653003F0FF06002BF4D0002384F8A6
:10833000653004F115012046FFF794FFA37D234427
:108340009B7D8342E7D129462046FFF7BFFEE3E746
:108350000346007D30B560B393F86C4004F0FF0035
:108360003CB31D79002483F86C403DB1132A1C7185
:1083700011D8114C22784AB901222270DA88541C93
:10838000D2B2DC8052B903230B7012E0013AD2B2B0
:108390002270002AF2D10022DA80EFE793F86720FA
:1083A00002F0FF0432B1002283F8672005230B702E
:1083B000204630BD0423E7E746060020027D034641
:1083C0000AB90020704790F8682002F0FF0022B13F
:1083D000002283F868200A70704793F86A2002F040
:1083E000FF002AB1002283F86A2001230B70704736
:1083F00093F86B2002F0FF0022B1002283F86B207B
:108400000223F3E793F8662002F0FF00002AD8D099
:10841000002283F866205A7DEE2AD2D1DB7D812BA3
:10842000CFD10323E2E738B504461D46EA230846C8
:1084300084F86D30AB1C114684F86E302A4684F8FF
:108440006F0004F1700008F038FD04F16D01204662
:10845000FFF708FF6319043583F87000EDB284F864
:10846000BD5038BD13460A468221FFF7DCBF00002D
:1084700070B50C4600F1DC0605461022002130469E
:1084800008F093FB6379032B10D12079FFF782FD6D
:1084900022680146D2B23046FFF784FD94F90630D7
:1084A000002B03DB0349304608F087FB012385F8E6
:1084B000843170BD3920010837B504460D4608687F
:1084C000496850EA010331D0194A0023F8F72EFE1B
:1084D000CDE90001684608F0B1FB436903F26C7313
:1084E0005BBAA4F8D3300369114A013384F8D5305C
:1084F000C36884F8D630836884F8D730436884F83A
:10850000D830036884F8D930286869680023F8F700
:108510000DFE104619464FF47A720023F8F706FE56
:1085200040BA0123A4F8DA0084F8CC3103B030BD9E
:1085300040420F00002310B51A464FF6FF74191D74
:1085400000EB410101334988A14218BF52180A2BA0
:10855000F5D1B0F829301344B0F82B201A44B0F804
:108560002D30B0F82F001344184410BD2DE9F04110
:1085700090F82F7004460D4697B3002680F82F60C0
:1085800000F5E570FFF7D6FFB4F9E831D4F8CA81F9
:108590002E60B342B8BF34464FF0640290FBF2F154
:1085A000A8BF0A222846A8BF93FBF2F409230022A1
:1085B000FEF7BCFF012202212046F9F76DFC0823DB
:1085C000014609222846FEF7B1FF47F6FF714145F3
:1085D0004FF00F034FF01102A8BF4146FEF7A6FF70
:1085E0003846BDE8F0812DE9F04190F8347004463A
:1085F0000D4697B3002680F8346000F50070FFF751
:1086000099FFB4F91E32D4F800822E60B342B8BF8D
:1086100034464FF0640290FBF2F1A8BF0A222846CC
:10862000A8BF93FBF2F409230022FEF77FFF01228B
:1086300002212046F9F730FC08230146092228468A
:10864000FEF774FF47F6FF7141454FF00F034FF0FF
:108650001102A8BF4146FEF769FF3846BDE8F08128
:10866000F0B591B00D46F22301A904461646ADF8C7
:108670000830FFF715F838B12389ADF80A30019BAF
:10868000039301238DF8093001A92046FFF7E4F98F
:1086900070B19DF8093010A9062202FB0312218A4D
:1086A00022F8361C0133019942F8341C8DF8093048
:1086B00001A92046FFF71AFA70B19DF8093010A9F8
:1086C000062202FB0312218D22F8361C0133019988
:1086D00042F8341C8DF8093001A92046FFF750FA02
:1086E00070B19DF8093010A9062202FB0312618ABD
:1086F00022F8361C0133019942F8341C8DF80930F8
:1087000001A92046FFF73CF870B19DF8093010A987
:10871000062202FB0312618922F8361C01330199FB
:1087200042F8341C8DF8093001A92046FEF710FFED
:1087300070B19DF8093010A9062202FB031261886E
:1087400022F8361C0133019942F8341C8DF80930A7
:1087500001A92046FEF722FF70B19DF8093010A94B
:10876000062202FB0312A18822F8361C013301996C
:1087700042F8341C8DF809309DF80970082F11D883
:1087800001A92046FFF7F2FE60B110AA062303FB01
:108790000723A28923F8362C0137019A43F8342C99
:1087A0008DF809709DF80970082F11D801A920468D
:1087B000FFF719FF60B110AA062303FB0723E28A23
:1087C00023F8362C0137019A43F8342C8DF80970C0
:1087D0009DF80970082F11D801A92046FFF742F82B
:1087E00060B110AA062303FB0723E28923F8362C85
:1087F0000137019A43F8342C8DF809709DF80970FF
:10880000082F11D801A92046FFF71AFA60B110AA63
:10881000062303FB0723A28A23F8362C0137019A8B
:1088200043F8342C8DF809709DF80970082F11D881
:1088300001A92046FEF7DDFE60B110AA062303FB66
:108840000723E28823F8362C0137019A43F8342CA9
:108850008DF809709DF8090050B100EB400043000D
:108860000233DAB2327002A9284608F026FB012052
:1088700011B0F0BD2DE9F04F334B04461F6806469A
:1088800000F15001034697B040F6C4100125D3F81B
:10889000882122B1BA1A824288BF83F884510833F2
:1088A0008B42F4D14FF000088DF8078004F178096D
:1088B000254604F16D0A96F884319DF807B05BB344
:1088C00095F814310BEB03022B2A0DDD9DF80750B0
:1088D00045B32A4602A904F16D0008F0EEFA84F8C7
:1088E000BD5017B0BDE8F08F86F88481C6F8887156
:1088F000D5F8102195F80C112046FFF794FD02AB36
:1089000003EB0B0094F8BD20514608F0D6FA94F81A
:10891000BD305B448DF807300C354D4506F1080637
:10892000C9D1D3E70DF1070202A904F5EA70FFF7F8
:1089300097FE0028D5D09DF8073002AA8021204656
:10894000FFF771FDCDE700BF7041002070B591F8D1
:10895000205004460E465DBB0846FFF7EBFD64233E
:1089600090FBF3F040BAA4F8EC00B6F91E30591CA5
:108970001CBF0A2593FBF5F56DBAA4F8EE503368D9
:108980000C4A23EAE373934228BF13461A0C84F877
:10899000F0201A0A84F8F12084F8F23096F9233096
:1089A0005A1C08BF002384F8F330012384F8C43133
:1089B00070BD00BFFFFF7F0038B50D4604460F496C
:1089C000A868F8F741F9F8F71BFB40BAA4F8F400DF
:1089D00068680A49F8F738F9F8F712FB40BAA4F8C2
:1089E000F600E8680549F8F72FF9F8F709FB0123C5
:1089F00040BAA4F8F80084F8943138BD00401C4611
:108A000010B54B681BBAC0F8C4308B681BBA4FF462
:108A10007A72C0F8C830CB6893FBF2F31344044673
:108A200083F310035BBAA0F8D0304B8B5BBA1149CB
:108A3000A0F8CE30D0F8C000F8F706F90E49F8F7E4
:108A400003F9F8F703FB40BA94F8BE30A4F8CC0061
:108A5000FF2B0CD094F8BF20FF2A02D0934238BFDE
:108A6000134684F8D230012384F88C3110BD0023E2
:108A7000F7E700BF000020416666664070B50D460E
:108A800004460D492868F8F7DFF8F8F7DFFA40BA2E
:108A90000126A4F8FF0084F8AC616B68C4F8C0300C
:108AA000E8680649F8F7D0F8F8F7AAFA40BAA4F847
:108AB000FA0084F89C6170BD000010420000C842BA
:108AC00070B50D46044611496868F8F7BDF8F8F727
:108AD000BDFA00BAC4F80401B5F90C3001261BBA7E
:108AE000C4F8083184F8BC6184F80161B5F90C0060
:108AF000F8F756F80649F8F7A7F8F8F781FA40BAF8
:108B0000A4F8020184F8B46170BD00BF0000C8423F
:108B1000CDCCCC3D70B58A68C2F317024A2A90B01A
:108B200004460B4600F0198144D8212A26D8172A7A
:108B30000AD8012A00F04D81022A00F09880002A0C
:108B400000F0888010B070BD183A092AFAD801A147
:108B500051F822F0C58C0008458B0008458B0008B1
:108B60001F8E0008458B0008918D0008A98C000815
:108B7000458B0008458B0008758D00082A2A00F0F7
:108B800074813E2ADED14D78192D01F10C0100F2DD
:108B900090812A4601A808F090F901ABC5F11A02AC
:108BA0000021581908F001F801A904F5EA70FEF750
:108BB000F4FBC7E7A22A00F0B0812ED8882A00F083
:108BC00086811BD87C2A00F0A580842ABAD14D78F2
:108BD000262D01F10C0100F2A9812A4601A808F016
:108BE0006CF901ABC5F127020021581907F0DDFF30
:108BF00001A904F5EA70FEF7FCFBA3E7932AA1D1D3
:108C000001A8F9F787FD01A92046FFF79FFE01A9FA
:108C100004F5EA70FEF71FFC94E7F22A00F0A18148
:108C20000DD8AD2A00F09481E22A8BD101A8F9F782
:108C3000C3FD01A904F5EA70FEF74CFC82E7FD2AAA
:108C400080D101A8F9F766FD01A904F5EA70FEF7E5
:108C50005CFC77E701A8F9F795FD01A92046FFF72D
:108C600007FC01A904F5EA70FEF71CFB6AE74D78E2
:108C70000B2D01F10C0610D82A46314601A808F048
:108C80001CF901ABC5F10C020021581907F08DFF4A
:108C900001A92046FFF710FC54E7C868716801AAD3
:108CA00003C2B0681060F3E7194601A8F9F74FFD59
:108CB00001A92046FFF780FE01A904F5EA70FEF73E
:108CC0002EFB3FE75D78332D03F10C0114D82A46C3
:108CD00001A808F0F2F801ABC5F1340200215819DF
:108CE00007F063FF9DF8213084F8BE3001A904F538
:108CF000EA70FEF7F9FA25E70A4601AD3C33106841
:108D000051682E4603C608329A423546F7D110689C
:108D10003060E7E74D78382D01F10C010FD82A4675
:108D200001A808F0CAF801ABC5F1390200215819B1
:108D300007F03BFF9DF8253084F8BF3002E70A4674
:108D400001AD4433106851682E4603C608329A427A
:108D50003546F7D113783370ECE701A8F9F7BFFD7A
:108D600001A92046FFF78AFE01A904F5EA70FEF783
:108D700021FBE7E6194601A8F9F7E9FC01A920461D
:108D8000FFF73EFE01A904F5EA70FEF7D7FAD9E62F
:108D90005D780F2D03F10C010FD82A4601A808F0C9
:108DA0008CF801ABC5F110020021581907F0FDFE47
:108DB00001A92046FFF784FEC4E60A4601AE1C3333
:108DC00010685168354603C508329A422E46F7D1DD
:108DD000EEE74D782A2D01F10C0110D82A4601A8A2
:108DE00008F06BF801ABC5F12B020021581907F010
:108DF000DCFE01A904F5EA70FEF768FAA2E60A466D
:108E000001AD3433106851682E4603C608329A42C9
:108E10003546F7D111889378B3703180E9E75D78F2
:108E20001C2D03F10C0110D82A4601A808F045F8C2
:108E300001ABC5F11D020021581907F0B6FE01A9CA
:108E400004F5EA70FEF75FFA7CE60A4601AD2433CA
:108E5000106851682E4603C608329A423546F7D14B
:108E60001068306013793371E9E74D78112D01F105
:108E70000C0110D82A4601A808F01FF801ABC5F173
:108E800012020021581907F090FE01A904F5EA70BA
:108E9000FEF776FA56E60A4601AD1C3310685168B3
:108EA0002E4603C608329A423546F7D113883380DE
:108EB000EBE70A4601AD2433106851682E4603C61D
:108EC00008329A423546F7D1138833806CE64D78E4
:108ED000152D01F10C0110D82A4601A807F0EDFF6D
:108EE00001ABC5F116020021581907F05EFE01A979
:108EF00004F5EA70FEF7A2FA24E60A4601AD1C3337
:108F0000106851682E4603C608329A423546F7D19A
:108F1000106830609388B380E9E701A8F9F732FC64
:108F200001A904F5EA70FEF7BEFA0BE60A4601ADA8
:108F30002C33106851682E4603C608329A423546D3
:108F4000F7D11068306091889379B371B1804FE6A2
:108F500001A8F9F731FC01A904F5EA70FEF7B0FAAF
:108F6000F0E54D783B2D01F10C0110D82A4601A8FF
:108F700007F0A3FF01ABC5F13C020021581907F02F
:108F800014FE01A904F5EA70FEF7AEFADAE50A4626
:108F900001AD4433106851682E4603C608329A4228
:108FA0003546F7D110683060EBE700BF4A7922B14F
:108FB0008B79012B01D1FFF7ADBD7047B0F5E16FA3
:108FC00003DC10F5E16F04DB7047A0F5616000B2CF
:108FD000F4E700F5616000B2F3E7000038B5B0F8DF
:108FE000E0340D4613F00801AA8808BFC0F89011BC
:108FF00013F0020308BFC0F8A831B2F5005F0446C1
:1090000000F0A78007D86C2A17D06D2A00F08F8057
:109010006A2A60D038BD42F202039A423BD042F63F
:10902000FF739A42F6D1D0F8E424A968DC30FEF749
:10903000A5F8012384F88431ECE7B5F90A00FFF7BD
:10904000BDFFF7F7ADFD4749F7F7FEFDF7F7D8FF8E
:1090500040BAA4F8F400B5F90800FFF7AFFFF7F73E
:109060009FFD4049F7F7F0FDF7F7CAFF40BAA4F8B3
:10907000F600B5F90C00FFF7A1FFF7F791FD3A49AB
:10908000F7F7E2FDF7F7BCFF012340BAA4F8F800B8
:1090900084F89431BEE7B5F809300A22B3FBF2F345
:1090A0005BBAA0F8EC30B5F80B30B3FBF2F35BBA67
:1090B000A0F8EE30D5F8113080F8F2301A0C80F8B4
:1090C000F0201A0A80F8F1206B7F80F8F33001233A
:1090D00080F8C4319EE700299CD0D5F80A301BBA2D
:1090E000C0F8C430D5F80E301BBAC0F8C830AB8A0F
:1090F0002422534332336422B3FBF2F35BBAA0F869
:10910000CC30EB8A0A214B435BBAA0F8CE30D0F8C2
:10911000DC3493FBF2F303F57A735BBAA0F8D0303A
:109120006B7A80F8D230012380F88C3172E7B5F980
:109130000C2052BAA0F8FA20012280F89C21002BC2
:109140003FF468AFD5F80E30C0F8DC3480F88C21DD
:1091500060E7AB89A0F8E034D5F81130C0F8E4340A
:1091600058E700BF58A08B416E882E437FB5204C36
:10917000054694F99200F8F705FB00268DF80400E7
:1091800020468DF80560F8F74DFA94F895308DF883
:109190000830184B8DF8060098788DF80760F8F7BE
:1091A000E1FA8DF809001448FBF7BFFBF8F7B4FAB1
:1091B0008DF80A002046F8F710FAF8F7E3FA8DF870
:1091C0000B002046F8F71BFA8DF80C002046F8F744
:1091D0000DFA8DF80D002046F8F72FFA0A238DF8C6
:1091E000050001AA14212846FFF71DF904B070BD3F
:1091F00080310020FC0200202C32002073B5184C76
:1092000005462046F8F7E9F9F8F7BCFA8DF80000B2
:109210002046F8F7E2F906461248FBF76FFB0146D5
:109220003046F8F7B9FA8DF801002046F8F7E7F96B
:109230008DF802002046F8F7D9F9FF238DF80430A5
:10924000094B8DF803009878F8F794FA06238DF807
:1092500005006A461D212846FFF7E5F802B070BDFB
:10926000803100202C320020FC020020F7B5144D84
:10927000144E044695F99200F8F784FA8DF8000030
:10928000304695F99270FBF739FB01463846F8F7FE
:1092900083FA8DF801002846F8F7C4F900238DF809
:1092A000020030468DF80330FBF73FFB05238DF8B5
:1092B00004006A461C212046FFF7B5F803B0F0BD54
:1092C000803100202C32002030B595B04EF6EA6394
:1092D0001A49ADF80030044614220DF10200F8F7E7
:1092E00013FC0DF10200F6F755FFC3B2DA1CD0B241
:1092F000694651FA82F26D250DF800504C205070ED
:10930000522090705320D070312010716FF02B00DC
:1093100050710120507204200021907211330220FC
:109320009171D1711172D07211735173DBB26A46AF
:1093300029212046FFF777F815B030BD0D1F010831
:1093400070B5054694B005F16D06FFF70FFF95F86F
:10935000BD203146684607F0B0FD95F8BD4028466F
:10936000E4B2FFF74BFF95F8BD2031460DEB04004A
:1093700007F0A3FD95F8BD301C442846E4B2FFF782
:1093800075FF95F8BD2031460DEB040007F095FD03
:1093900095F8BD301C44E4B222466946304607F0D9
:1093A0008CFD85F8BD4014B070BD00000038024B44
:1093B00018BF0120187070470406002070B5002AFD
:1093C00038D1042B71D89DB29BB3654C94F82830EA
:1093D000666A03F1030C5FFA8CFCF600BCF1070F20
:1093E000666284F828C040F28980053BDBB284F8CD
:1093F0002830B1F800C0DE400CF101030B8000F80A
:109400000C600EE0083BDBB284F82830B1F800C0F5
:10941000666A0CF1010E26FA03F3A1F800E000F8E9
:109420000C3094F82830072BECD8013296B2B542B4
:10943000CED870BDFF2AFCD1032B66D89DB2002B7D
:10944000F7D0474C94F828300026626A03F1040CE8
:109450005FFA8CFC120142F00202BCF1070F62625B
:1094600084F828C07AD9043BDBB284F82830DA408B
:109470000B8803F1010CA1F800C0C2540CE0083BBA
:10948000DBB284F82830626AB1F800C0DA400CF12F
:1094900001030B8000F80C2094F82830072BEED83D
:1094A0000136B2B29542D0D870BD2D4C626A03F538
:1094B000C06343EA423394F82820636202F10D0549
:1094C000EDB2072D84F82850B3D90532D2B284F812
:1094D0002820D3400A88551C0D80835409E0083B9E
:1094E000DBB284F82830626A0D88DA406B1C0B808E
:1094F000425594F82830072BF1D870BD013296B24E
:10950000B54263463FF664AF93E7154C626A03F5D4
:10951000E06343EA423394F82820636202F10D05C8
:10952000EDB2072D84F8285083D90532D2B284F8E1
:109530002820D3400A88551C0D80835409E0083B3D
:10954000626ADBB284F82830DA400B885D1C0D803B
:10955000C25494F82830072BF1D870BD63469FE7BA
:10956000200E00202DE9F047674C0027FF250F80D3
:1095700005708025676284F82870A5779846002BCF
:1095800000F0BB8003F1FF3912FA89F9561EBA4682
:109590003A4609E0554546D10137BFB20B884345ED
:1095A0003AD24E4500F0948016F8015F002AF1D1BE
:1095B0006B1EDBB2FD2B32D83F2B62D905F1410384
:1095C000DBB23F2B34D8636A94F828200135EDB222
:1095D00045EA032502F10803DBB2072B656284F834
:1095E000283015D984F828200B88D5405A1C0A80C9
:1095F000C55409E0083BDBB284F82830626A0D8864
:10960000DA406B1C0B80425594F82830072BF1D8B8
:1096100000220B884345C4D30020BDE8F087012712
:10962000AA463A46BAE7FBB25246FFF7C7FEBFE783
:10963000636A94F828203F35EDB245EA432502F1EC
:109640000903DBB2072B656284F82830E0D90132C8
:10965000D2B284F828200B88D5405A1C0A80C55401
:1096600009E0083BDBB284F82830626A0D88DA40F2
:109670006B1C0B80425594F82830072BF1D8002240
:10968000C7E7636A94F828207F35EDB245EA0325E1
:1096900002F10803DBB2072B656284F82830B7D9E2
:1096A00084F828200B88D5405A1C0A80C55409E04C
:1096B000083BDBB284F82830626A0D88DA406B1C04
:1096C0000B80425594F82830072BF1D80022A0E7F0
:1096D00022B1FBB25246FFF771FE0B8894F82820A6
:1096E00062B1646AC2F108020125944005FA02F2EF
:1096F000013A22435C190C80C2540B88984594BFF0
:1097000000200120BDE8F087200E00202DE9F04F59
:1097100047F26F730022827003800B78A3F1FE037F
:10972000B3FA83F35B0983708A780D4612F0010166
:109730001CBF43F080038370D5F8202122F07F42C4
:1097400022F0FF0285B0044612B143F00803837093
:10975000AA68C2F31702FF2A1ED9B2F5803F18D3B8
:1097600063F07F03A37041F002014FF0020B092365
:109770004FF00A0C0822E1700B20CDF804C01E4601
:1097800017464FF0070E4FF006094FF0050A042167
:1097900017E043F00203A370180600F1D6800823F7
:1097A0004FF0090C07220A204FF0000BCDF804C03F
:1097B0001E4617464FF0060E4FF005094FF0040AFB
:1097C000032195F8018004F8018004EB0108297950
:1097D00004F80A10697904F80910A97904F80E1040
:1097E000A178090709D595F82111A15495F82211FE
:1097F000A1550346674662460646A968A154A27869
:10980000900707D5BA1C1F46AB68C3F30F23A355B7
:1098100096B23346BBF1000F05D05A1C1F46AB7AF7
:10982000A35596B23346A278D10606D55A1C1F46D8
:1098300095F82331A35596B23346454A127803F181
:10984000010914FA89FA05F10C0B42B16B785A46FA
:109850000DF10E015046FFF785FE00285AD16A78B7
:10986000504659461FFA82FA07F027FB2278394BF7
:109870006178D243D2B2072F9A5C82EA0102995CE6
:10988000A27882EA0102995CE27882EA0102995C9C
:10989000227982EA0102995C627982EA0102995C8A
:1098A000A27982EA0102995CE27982EA0102995C7A
:1098B0001BD0227A5140082F595C16D0627A514051
:1098C000092F595C11D0A27A51400A2F595C0CD053
:1098D000E27A51400B2F595C07D0227B51400C2F6C
:1098E000595C1EBF627B5140595CA1551AFA89F33D
:1098F0009BB2B5F80C21E2545A1CB5F80C1192B287
:10990000090AA154AA78981CD20780B20BD405B0DA
:10991000BDE8F08FA378BDF80EA043F04003A3701C
:1099200088F800A0A2E7D5F81071D5F81811D5F87D
:109930001461275022180F335660916095F81C115E
:10994000117398B205B0BDE8F08F4FF0000B0EE731
:10995000040600208C3801082DE9F84FAE4CAF4EBC
:109960000F4682460146AD48154607F0A6FA002389
:109970003B809E462384636284F82830802384F8E9
:1099800022304FF0FF08F14606E03B885A1C3A802F
:109990000AF8039094F828E0BEF1010F5CD8218CFE
:1099A0008D4240F29D80606A735C0EF1080C5FFA94
:1099B0008CFC43EA0023ACF1020B23FA0BF00EF10E
:1099C000060200F003000131D2B202282184636252
:1099D00084F8282000F08680032800F08880012881
:1099E0001DD0002A40F08780228C954278D9B15C46
:1099F000013241EA0323228407211A06636284F8B4
:109A00002810C2D5062184F8281013F0400F40F02A
:109A10008D803B885A1C3A800AF80380BAE7062AF0
:109A20000BD8228C95425BD9B15C013241EA032309
:109A30000CF1060122846362CAB2073AD34003F0F4
:109A40007F037D2B84F828204AD83A884133511C63
:109A500039800AF802309DE7636AAEF1020B23FAFF
:109A60000BF000F003005FFA8BF2022884F8282044
:109A700003D003281CD0F446B1E7052A32D8218C44
:109A80008D422DD9705C0EF10602013140EA0323AC
:109A9000D2B221846362063A84F828E0D340398840
:109AA00003F03F034A1C01333A800AF8013071E7A2
:109AB000052A1CD8218C8D4212D9705C0EF1060249
:109AC000013140EA0323D2B221846362063A84F86A
:109AD00028E0D340398803F03F034A1C413BE3E7C9
:109AE000BDE8F88F063A636A5FFA82FED4E7063A69
:109AF0005FFA82FEEBE70BF1FF3023FA00F0511E14
:109B0000C9B2C00784F828107FF53FAF69BB228C2B
:109B10009542E5D9B15C013241EA03230721228451
:109B2000636284F8281013F0800F70E74A1ED0B2E9
:109B300023FA02F2D20784F8280032D48446228C19
:109B40009542CDD9B05C013240EA0323C81D22847E
:109B50006362C0B2A0F10802D34084F828C05FFA63
:109B600083FB38885A46002133E0013923FA01F09B
:109B7000911EC9B2C00784F828107FF54AAF99BB7F
:109B8000228C9542ACD9B15C41EA032301324FF0FB
:109B9000070C19062284636284F828C021D40821A6
:109BA000CDE7072832D8228C954299D916F802C001
:109BB000073101324CEA032322846362C9B20839B7
:109BC00023FA01FB84F828005FFA8BFB38885A4699
:109BD000FF21504406F0E9FF3B889B44A7F800B002
:109BE000D8E660460821DEE701F1FF3CD01E23FAEB
:109BF0000CFCC0B21CF0010F84F82800D1D107285A
:109C00009CD90B3A636A5FFA82FCA3E7A0F10802D1
:109C10000146D0B2D3E700BF200E0020F40C002094
:109C20002DE9F04F5788B7F58F7F8BB01446064665
:109C30000BD90022227000226F2B628000F0658118
:109C4000002333700BB0BDE8F08F12780E2A0D465A
:109C500024D80E2A00F2118101A151F822F000BF90
:109C6000379C0008879E00087B9E00087B9E0008AA
:109C7000879E0008879E0008879E0008879E000830
:109C8000879E0008879E0008D59E00087B9E0008DE
:109C90007B9E00087B9E0008F99E0008692A40F21E
:109CA000EA806A2A40F0E9809C4FFA8A02F1FF3C80
:109CB0001FFA8CFC002A00F078820CF1030CDFF80C
:109CC00060E2BC44FF22B91C11F8010B424061451F
:109CD0001EF80220F8D1934200F0D08100222270B9
:109CE000C4F80220E280FA8A022AA9D939796F29B8
:109CF00000F02E83032AA3D079796F2900F03883EE
:109D0000042A9DD0B9796F2900F03583052A97D0B0
:109D1000F9796F2900F03E83062A91D0397A6F29AC
:109D200000F04582072A8BD0797A6F2900F03583BD
:109D3000082A85D0B97A6F2900F03283092A3FF4C6
:109D40007FAFF97A6F2900F02E830A2A3FF478AFAB
:109D5000397B6F2900F02A830B2A3FF471AF797B9E
:109D60006F2900F026830C2A3FF46AAFB97B6F2974
:109D700000F022830D2A3FF463AFF97B6F2900F0D6
:109D80001E830E2A3FF45CAF397C6F2900F01D83DF
:109D90000F2A3FF455AF797C6F2900F01383102A06
:109DA0003FF44EAFB97C6F2900F01283112A3FF4C3
:109DB00047AFF97C6F2900F00E83122A3FF440AFC1
:109DC000397D6F2908BF4FF012087FF439AF02F1D7
:109DD00001091FFA89F93A44A7F816905FFA89F940
:109DE000937050494A4602A807F067F86F234FF076
:109DF000010CBB704FF0000E6423A7F800E0A7F839
:109E000016C0237008EB0C0399451FFA89F27FF600
:109E100017AF901E02A9A0EB08005A1E0B440A447B
:109E200013FA80F04FF06A084FF007094FF0660A06
:109E300005E0002B40F0BE8190423FF401AFFB8A69
:109E400012F8011F07EB030B01338BF80210FB82A2
:109E50002378092BEDD9A3F1640BBBF1050FEBD8E7
:109E6000653B042B00F2BA82DFE813F01F011701F3
:109E700012010E011B01632A05D800232370C4F8C8
:109E80000230E380DDE6254FFA8AB91801328B7083
:109E9000FA822278092A00F2A480002A3FF4D0AE88
:109EA000013A082A3FF6CCAE01A151F822F000BFDA
:109EB00071A10008419C0008419C0008D3A0000843
:109EC000D3A000085BA1000827A1000895A1000805
:109ED00045A100087A1C6280104EEB55A088727F65
:109EE000618883189942FFF6ADAE33785F0600F1C2
:109EF000E4810E232370A5E67A1C6280EB55E2888C
:109F00006388934210D201239BE604490A80012210
:109F1000CA8264228B702270002392E6200E0020F9
:109F20008C380108220E0020002363802370022356
:109F3000037042802B78FD2B00F08780EB78037252
:109F40002B7943726B7943606A7808327280002201
:109F500040F28510DFF8CCC27281FE210446013444
:109F600099424FEA54042ED849D38B4240F08A805C
:109F70002B78FD2B7FD04FF0060B2846DFF8A4820C
:109F800010F801AF0BEB0A0909F1FF3189B2F8F7BC
:109F90004BFA04EB440708EB8707ADF80800397962
:109FA000019102A8F8F71CFA05EB090215F809302F
:109FB0005278019903EB0223BDF808209BB29A4224
:109FC0001FD005233DE6601E1418824204F10107EC
:109FD00080F06C8127F0010101EB57015CF8211042
:109FE000BDE7A2F1640105293FF62AAE653A042ACD
:109FF00000F2FD81DFE802F0817D79759300224651
:10A00000E2E7BB79DA0706D5FA79924582BF5219A1
:10A0100012F80B20B2729B070BD56300234408EBA8
:10A0200083036A781B7A9A4282BF5B1913F80B305C
:10A03000F3724FEA4409A14408EB8908317398F898
:10A04000053073730BB0BDE8F08F6B790372AB7999
:10A0500043726B7A297AEA791B0403EB01231344D8
:10A0600043606A7802F10C014180A978C9077FF545
:10A070006EAF19326AE74FF00A0B7EE70A2201231E
:10A080002270DEE50323DCE5F97684F80090D3E660
:10A090004FF06803B9762370CEE6797084F800C07B
:10A0A000CAE6397784F80080C6E6397001F001030A
:10A0B000618887F801E0033B01F1010BA4F802B0CD
:10A0C0006B5497F90030002BACBF634653462370A6
:10A0D000B2E66288511C6180AB542378013323704F
:10A0E000AEE50722FB76227016E76822BB76227067
:10A0F00012E701227B7022700EE762883B7000211C
:10A1000003F00103033B7970511C6180AB5497F954
:10A110000030002BC0F232810123237090E56A22C7
:10A120003B772270F8E66288511C6180AB543B7823
:10A130007A78134313F0020340F0D7806288511CF1
:10A140006180AB546288511C6180AB543B78D80667
:10A150004CBF69236A23237072E56288511C6180B9
:10A16000AB543B781D074CBF67230723237067E57B
:10A1700062883A83511C6180AB543A787B7712F045
:10A18000010200F0D08006220833A280E38004237D
:10A19000237055E56288511C6180AB547B7813F0C5
:10A1A0000203CFD0092323704AE5FF2293E54FF045
:10A1B00006080CE6013B082B3FF63EAE0FF2040BFF
:10A1C0005BF823F0FDA10008399E0008399E0008C5
:10A1D000E9A10008E9A1000877A2000845A200084B
:10A1E00091A2000829A20008638803F1010BA4F8DA
:10A1F00002B0E9542378013323701DE663883B8362
:10A2000003F1010BA4F802B0E9543B78797713F01D
:10A2100001036DD008310623E180A380042323705D
:10A220000AE600BF8C390108638803F1010BA4F82A
:10A2300002B0E9543B78DB067FF534AF4FF0690399
:10A240002370F9E5638803F1010BA4F802B0E95427
:10A250003B7879780B4313F0020343D1618801F115
:10A26000010BA4F802B06B54618801F1010BA4F852
:10A2700002B06B54DEE7638803F1010BA4F802B06F
:10A28000E9543B7819077FF500AF67232370D3E5C6
:10A29000638803F1010BA4F802B0E9547B7813F052
:10A2A0000203E1D04FF009032370C5E5574902EBE3
:10A2B0004200144651F8201057E602A92844FFF73F
:10A2C0004BFB737FBDF808106288CB1A9BB21A440F
:10A2D0006280727F1A447277E2881344E380338B82
:10A2E000E95406E608232370A6E508232370A7E4B3
:10A2F0000C31E18079784FF00A0B11F00101A4F8DC
:10A3000004B028D0618801F1010BA4F802B005F86F
:10A3100001C0618801F1010BA4F802B06B54E3881D
:10A320000D33E3807AE779780C33E38011F0010193
:10A330004FF00A03A38024D063880121581860805D
:10A34000E954638859186180EA54E3880D331DE7A6
:10A350004FF002083BE5638803F1010BA4F802B05B
:10A36000E954638803F1010BA4F802B0E95455E7FE
:10A370004FF003082BE54FF0040828E5662323700F
:10A380005EE463885A1C6280E95463885A1C6280C8
:10A39000E954FCE64FF0050819E54FF0070816E50B
:10A3A0004FF0080813E54FF0090810E54FF00A08D0
:10A3B0000DE54FF00B080AE54FF00C0807E54FF0EC
:10A3C0000D0804E54FF00F0801E54FF00E08FEE41C
:10A3D0004FF01008FBE44FF01108F8E477290ED095
:10A3E00084F800E0C4F802E0A4F806E024E5772B46
:10A3F00009D000232370C4F80230E38020E44FF03A
:10A400006503237018E56523237019E48C3901086E
:10A4100070B500F5EF66044600F5CA613046F8F7FE
:10A420002AF90546A06803682A461B693146984701
:10A43000E06830B103682A4631461B69BDE87040C8
:10A44000184770BD08B50346806840B1B3F84C1496
:10A45000B3F84A04F8F7F0FB003818BF012008BD34
:10A460000346806880B1B3F84C24B3F84A14914293
:10A4700009D09918013291F85004B3F84E140A40EB
:10A48000A3F84C24704700207047836810B5044639
:10A490007BB10023A0F84C34A0F84A34C06810B156
:10A4A0000368DB699847A0680368BDE81040DB6972
:10A4B000184710BDF8B5244F04463846F7F78DF815
:10A4C000F7F7F7F8064697F99200F7F7F2F805461E
:10A4D0003846F7F78BF81D4B84F8606693F83530F3
:10A4E00084F86156333384F855366422442384F863
:10A4F000622684F85636FF22D4F8583684F864264B
:10A500006D2262F31703C4F85836C0F10A00002325
:10A51000C4F85C3684F8713700B24FF43943A4F8BC
:10A52000723780F30700092384F8630684F87437D0
:10A5300004F5CA6004F5A471F8F704FC2046BDE8F0
:10A54000F840FFF765BF00BF803100207C0300208A
:10A5500010B5194B194A93F83530C0F860263333DB
:10A5600080F85536442380F85636D0F858366FF3C5
:10A570001703C0F85836002380F85C3680F85D3643
:10A5800080F85E3680F85F3680F871374FF44853B4
:10A59000A0F8723703220923044680F8642680F865
:10A5A000743700F5A47100F5CA60F8F7CBFB2046BC
:10A5B000BDE81040FFF72CBF7C030020000880049A
:10A5C000F0B587B004460021102202A8019106F0E0
:10A5D000ECFA484B93F8352001AB03CB01ABC4F840
:10A5E0008006C4F8841603CB01ABC4F88806C4F80F
:10A5F0008C1603CB3332D2B2C4F89006C4F894164A
:10A6000001AB04F5D36505AF1E4603CEBE422860FC
:10A610006960334605F10805F6D133882B80442361
:10A6200084F85636D4F8583684F85526942262F3C6
:10A63000170318216FF05D02C4F8583684F85C16D1
:10A64000002384F86C262021282284F85D1684F8E3
:10A650005E3684F85F3684F8603684F8613684F8B4
:10A66000623684F8633684F8643684F8653684F894
:10A67000663684F8673684F8683684F8693684F874
:10A680006A3684F86B3684F86D2684F86E3684F862
:10A690006F3684F8703684F8713684F8723684F830
:10A6A000733684F8743684F8753684F8763684F810
:10A6B000773684F8783684F8793684F87A3684F8F0
:10A6C0007B3684F871374FF432430B4AA4F8723763
:10A6D0004E2304F5CA60C4F87C2684F8743704F568
:10A6E000A471F8F72FFB204607B0BDE8F040FFF754
:10A6F0008FBE00BF7C030020D016CB0F38B50446B8
:10A700001C4884F85E26002284F85F2684F86026C0
:10A7100084F8612684F8622684F86326442290F83F
:10A72000350084F85626D4F85826A4F85C1684F828
:10A73000643684F871374D218F239DF8105084F8CA
:10A74000733761F317020A23333084F8550684F80F
:10A75000655604F5CA60C4F8582684F8725784F820
:10A76000743704F5A471F8F7EDFA2046BDE83840D7
:10A77000FFF74EBE7C030020F0B502298BB00446E3
:10A780000D461CD1414B42481B7800EB031000F5ED
:10A790008970F7F767F83F4B18603F4A0C236B430B
:10A7A000D718D3583A7900210191511E082908D8A9
:10A7B000DFE801F00909626266660707690030296F
:10A7C000EBD90BB0F0BD1B788DF8043000218DF86B
:10A7D000242005A81022019E06F0E7F9BF6838463C
:10A7E000F5F7D8FCC2B2102A394628BF102205A8B6
:10A7F00006F063FB264BC4F85C6693F835209DF8A1
:10A80000243084F874363121333284F86016002104
:10A81000D2B284F86116A4F8625605AB04F26466FD
:10A8200009AF1D4603CDBD42306071602B4606F175
:10A830000806F6D1442384F85636D4F8583684F8FE
:10A840005526162262F31703C4F85836002384F8FD
:10A8500071374FF45C43A4F87237192304F5CA60CA
:10A8600084F8743704F5A471F8F76CFA20460BB03D
:10A87000BDE8F040FFF7CCBD1B88ADF80430A5E77C
:10A880001B680193A2E71B6801939FE7FC0200206D
:10A890007C03002078060020040000202DE9F04110
:10A8A000884D894F2B78142202FB037388B093F8EC
:10A8B0005530012B04460E4618D191F8211197F816
:10A8C000352049B102F13303DBB28B420ED196F849
:10A8D00022310BB1442B09D1B368C3F31703172BF3
:10A8E00052D006D8142B2BD0152B41D008B0BDE880
:10A8F000F08103F180734B3B23F07F43012BF5D8AC
:10A9000033329142F2D196F82231442BEED1358D7B
:10A91000F06840F207239D4200F0CF80B5F5027F3A
:10A9200000F0BC80B5F5007F08D1F6F78FFB9428C6
:10A9300000F0B480B0F5967F00F0BF800222B4E052
:10A9400002A83146F7F7CBFFBDF90800002804DA6A
:10A9500003A8F8F729F90028C8DB3028C6DCA4F8DA
:10A96000C208B4F8BA3843F01003A4F8BA38BDE707
:10A97000012384F8C0380023A4F8C238534B1B6865
:10A98000643BC4F8C438B1E733329142AED196F893
:10A990002231442BAAD196F80180B8F1160F06F1A6
:10A9A0000C012ED8424602A806F087FA02ABC8F185
:10A9B0001702002103EB080006F0F7F80DF10E0076
:10A9C000F8F7F2F8B0F1000890DB414A9DF81E104C
:10A9D00008EB4803980002EB83031B79994285D169
:10A9E000B8F1300F1FFA88F622DC0139029B1258A9
:10A9F00008291DD8DFE801F01B1B39393B3B1C1C23
:10AA00003D000B4602AA1C36186859689446ACE80B
:10AA100003000833B3426246F6D11868CCF8000050
:10AA200099889B798CF80630ACF80410C6E713704F
:10AA30002878F9F7F3FB2A78142303FB027301212A
:10AA400083F8551097F82D300BB987F82D10B8F111
:10AA5000020F10D11F4B07EB0210196800F5897027
:10AA6000F6F73AFFA4F8C2687BE71380E0E71360CB
:10AA7000DEE71360DCE7B8F1000FF3D1164B1A786C
:10AA8000002AEFD083F80080602323800F4B1B68DF
:10AA90000BB16360E6E74FF0FF33FAE7B4F8BA387A
:10AAA00043F00203A4F8BA380022B3790093737913
:10AAB00029462046FFF722FE18E7B4F8BA3843F0DB
:10AAC0000403EFE7FC0200207C030020704100201B
:10AAD00004000020780600203C30002010B52F4BE9
:10AAE0001A782F4B142101FB0233044693F855309A
:10AAF000012B37D12B4BD0F8BC281B689A1AB2F522
:10AB00007A7F21BFB0F8BA28C0F8BC3842F0010201
:10AB1000A0F8BA2890F8C02862B1D0F8C4289A1AD0
:10AB2000312A81BFB0F8BA28C0F8C43842F0100307
:10AB3000A0F8BA38B4F8BA38DA0614D523F01003FE
:10AB4000A4F8BA38B4F8C2182046FFF715FEB4F8D6
:10AB5000C23801339BB2302BA4F8C23802D900238B
:10AB600084F8C03810BD980708D523F00203A4F874
:10AB7000BA382046BDE81040FFF722BD590702D57C
:10AB800023F00403F3E7DA07ECD523F00103A4F87C
:10AB9000BA382046BDE81040FFF7DABCFC020020BE
:10ABA0007C0300207041002038B5134B134A1B680A
:10ABB000C0F8BC38002380F8C038A0F8C238C0F80C
:10ABC000C438A0F8BA3813700D4B0E481B780E4DE0
:10ABD00000EB031000F58970F6F744FE0B4B0224DE
:10ABE0001860E0B2FAF7C4FD01342F2C286305F198
:10ABF0000C05F6D138BD00BF704100203C3000206C
:10AC0000FC0200207C0300200400002078060020C5
:10AC10006FF0FF03036040F6FF238380002383600F
:10AC20000373704770B5404D404B0446287814229A
:10AC300002FB003292F84F60032E02D9042E0CD092
:10AC4000FEE73B4E3668A66092F84C20032A18BFF8
:10AC50000021A268E1601AB9FEE7A1600021F8E7CF
:10AC6000142101FB003393F85130013B022B9EBFAE
:10AC70002F4B9B68E360E3689A4200D1FEE7002314
:10AC8000C4E90433C4E95233C4E95433A3617F23D4
:10AC9000A4F85831F7F7A8FDA878022842D0431F3E
:10ACA00058425841234940F2FF12FEF77FFB022031
:10ACB000A4F84E24204A0870002348708870C87099
:10ACC0001E49137053709370D370C4F8DA31C4F80E
:10ACD000DE31C4F8E231C4F81233C4F81633C4F8D4
:10ACE0001A33A4F84C34A4F84A341A4601330C2B16
:10ACF0000A70CA704A708A7001F10401F6D1104BD3
:10AD00001B6803F57A7304F6A800C4F8A438FFF7AB
:10AD10007FFFA4F8B828228062602046BDE870401A
:10AD2000FFF742BF0120BDE7FC0200207C030020AA
:10AD30005C030020390600200506002009060020DB
:10AD40007041002003464078FF2808D01B68044A61
:10AD500023F07F4323F0FF03934208BF0220704794
:10AD6000000101000C4B02781B6810B51AB903F200
:10AD70001B63836010BD90F90520002AFADD81680D
:10AD800040F21B64591AA142F4D98360013A0123AD
:10AD900042710373EEE700BF7041002070B590F977
:10ADA0000530002B88B005460C461DDB4E78182E6A
:10ADB00001F10C011AD8324601A806F07EF801AB69
:10ADC000C6F119020021981905F0EFFE0E4903A8FB
:10ADD000F5F7D6F940B90198F6F738F910B10B4BF1
:10ADE000C3F8D404FF236B7108B070BD0B4601AAF1
:10ADF000243418685968164603C60833A3423246FD
:10AE0000F7D11B783370E1E73B20010824070020CD
:10AE1000007840B14B79834204D18879431E58426F
:10AE200058417047002070475379032B10B50446F2
:10AE30000AD14B7903709379DB0943701079FDF7E0
:10AE4000A9F8E0701368237110BD00007FB58B680E
:10AE500033F07F4305460C4600F6A8060ED18B79E9
:10AE6000012B0BD101A8F7F78DFC9DF80930082BB9
:10AE700004D001AA21463046FFF7D6FF21463046CE
:10AE8000FFF7C6FF88B3A368C3F31703162B32D0AE
:10AE9000F52B16D16678012E29D8324604F10C0123
:10AEA00001A806F00AF801ABC6F1020200219819C8
:10AEB00005F07BFE9DF805309A1E5342534185F8FC
:10AEC000AA3895F8B83853B195F8B93821790C48B3
:10AED0000133DBB2CB1A59425941F6F7ABFB0123E0
:10AEE00085F8B838237985F8B93804B070BDA389DE
:10AEF000ADF80430DEE73046FFF750FFE1E700BF72
:10AF0000803100207FB52E4E044600F11C05B4F8B8
:10AF10005411B4F85621881A83B2000444BF803318
:10AF20009BB20BB904B070BD91421FBFB4F8581169
:10AF3000A31801320A4096F82D101ABF93F85A311F
:10AF4000A4F856210023022904F11002294668467C
:10AF500020D1FEF765FE9DF80030022BD7D1E368C3
:10AF6000DBB9A0680368BDF802201B692946984731
:10AF700004F5CA662A4669463046F7F743FC31466F
:10AF80001048FEF713F83146204604B0BDE8704083
:10AF9000FFF75CBFF7F7BEFCDDE70B4E694600200C
:10AFA000F7F776FE737833B1A068BDF80220036826
:10AFB00029461B699847B378002BD9D0E068D1E7C0
:10AFC0007C03002024070020050600200148FFF72D
:10AFD000B9BE00BF7017002010B54E4C86B00021DE
:10AFE0001622684605F0E1FD2046F6F708FB94F8C6
:10AFF0008C308DF800008DF80130204694F88D30AB
:10B000008DF80230F6F7F2FA94F8913094F8902027
:10B010008DF803005B0002F0010203F0020313430A
:10B0200094F8A52043EA821394F8A62043EAC213B9
:10B030009DF80B2002F03C02134320468DF80B30A4
:10B04000F6F7F0FA94F894308DF8083094F89230CE
:10B0500094F895208DF8093094F896308DF8070013
:10B06000DB00920002F0040203F0080313439DF892
:10B070000B2022F00C02134304F128008DF80B3052
:10B08000F6F776FE8DF80C002046F6F784FA8DF878
:10B090000D0004F11400F6F76BFE8DF80E0004F1BC
:10B0A0003C00F6F765FE8DF80F002046F6F784FAAF
:10B0B0008DF810002046F6F7C0FA94F8A7308DF806
:10B0C0001230154B8DF811005B7C8DF81330FFF7B3
:10B0D0007DFF124B1A78931E5A425A4100F0030327
:10B0E00043EA02230E4A0F48127943EA4223BDF88D
:10B0F000142023F0FC039B0522F4407222F003028B
:10B100009B0D134302216A46ADF81430FBF76CFD2A
:10B1100006B010BD80310020180C00201D07002053
:10B12000480600209017002070B54C88B4F5427F87
:10B1300003464FF000000AD80D780B2D77D8DFE8D2
:10B1400005F0060F1C2C2F32383B54575B6DA2F1D3
:10B1500024046242488062410A7083F809033EE099
:10B160004D2A01D0582A06D11A7002220A700020F6
:10B1700083F8090370BD0022F8E702F0FD003C28C7
:10B1800001D0212AF7D15A701A784D2A0CBF082213
:10B1900003220A7000229A70E9E79A700422DBE722
:10B1A0009A800522D8E7988800EB02229A8006222E
:10B1B000DCE7DA800722CFE7D88800EB022292B2E0
:10B1C000002ADA800CBF0B220A220A7000224A8071
:10B1D000012283F80923DB88B3F5407F01D80020E2
:10B1E000C8E7002008704880C4E7DA800922B3E786
:10B1F0009A800A220A70EBE7B4F5407F3CBFE4185E
:10B2000022724A88013292B24A80D88890429CBF0A
:10B210000B220A70012283F80923E0E783F8082350
:10B2200002220870488083F809230120A2E70870F1
:10B230004880D4E7CB88B3F5407F70B531D824235C
:10B2400003700B7843704B7883700B784D2B14D1BF
:10B25000CB88C3708B88037105230022CD88D41856
:10B260009542A6B210FA84F415D891F808232270FA
:10B27000CA880132981880B270BD8B78C3708B88F1
:10B2800003718B881B0A4371CB888371CB881B0A9F
:10B29000C3710823E1E78C180132247A845592B2F5
:10B2A000DCE70020E8E700002DE9F74F16464A8862
:10B2B000B2F5427F04460D462ED80B780A2B0FD9E3
:10B2C000A3F16402032A03D90020287068802DE0CE
:10B2D000653B8F4F022B33D8DFE803F063A4A70050
:10B2E00000210A2BF0D801A050F823F019B3000870
:10B2F00033B30008C9B20008C9B2000877B3000828
:10B3000085B3000891B3000897B30008C9B20008DC
:10B31000C9B2000805B40008A6F124077E424FF028
:10B3200000007E4168802E7084F8090303B0BDE8F8
:10B33000F08F6F2E0CBF642300232B700020F3E7E7
:10B3400016F0040F14BF4D2358233E7023703A7833
:10B35000D1070ED412F0020F14BF21233E236370D5
:10B36000C2F3C003D20648BF43F00203A370042314
:10B37000E3E73C23F3E7A68005232B7084F8091349
:10B380000020D3E7A38803EB0623A3800623D4E79A
:10B39000E6800723F1E7E38803EB0623E3806523D8
:10B3A000CBE70DF106007E70F7F738F93978F7F73B
:10B3B0002DF9A7882179F7F729F9390AF7F726F93E
:10B3C000E788A179F7F722F9390AF7F71FF99DF80D
:10B3D0000630B34206D000232B706B80032384F821
:10B3E0000933CDE7002F0CBF66230A232B700123FE
:10B3F00084F8093300236B80E288B2F5407FBFD91F
:10B400002B70BDE7B2F5407F3CBF121916726B88F6
:10B4100001339BB26B80E2889A4201D866232B707D
:10B420000123DCE77E806723F9E7B7F8028097F80D
:10B43000009008EB06284FF6FF730DF106001FFA87
:10B4400088F84946ADF80630A7F80280F6F7C8FF3D
:10B450002679B4F804A03146F6F7C2FF4FEA1A2164
:10B46000F6F7BEFF94F806B0B4F806A05946F6F712
:10B47000B7FF4FEA1A21F6F7B3FF797804F108070E
:10B48000F6F7AEFF52463946F6F7B6FFBDF806307E
:10B4900043453AD119F0040015D086EA0B01E21DAC
:10B4A000002398B2824584F8081307D802230120AC
:10B4B00000222A706A8084F8093337E712F8010FF6
:10B4C00001334140EDE7A178F6F780F9217984F85E
:10B4D0000803F6F77BF9A18884F80803090AF6F750
:10B4E00075F9A17984F80803F6F770F9E18884F812
:10B4F0000803090AF6F76AF9E28884F8080339466E
:10B50000F6F76AF984F80803D0E703230020CFE7B1
:10B51000D42F0020CB88B3F5407F2DE9F0410446BD
:10B520000D464AD84B783C2B40D0A3F12100434232
:10B5300043415B002A784D2AAA7808BF43F00403F0
:10B54000D10748BF43F0080392074FF0240222704E
:10B5500048BF43F010036F226270A370AB88E370A2
:10B56000AB881B0A2371EB886371EB88A71C1B0A4D
:10B57000A3713846F7F73CFB0822E071E988A2F195
:10B5800008039BB2561C8B42B6B204EB02080FD3E1
:10B59000063189B23846F6F747FF88F80000000AFE
:10B5A000A055E8880A3080B2BDE8F0810123C1E7E8
:10B5B0002B441B7AA3543246E0E70020F4E7000056
:10B5C0000F4B1A780F4B142101FB023393F84F30C5
:10B5D000032B02D9042B10D0FEE70B4B1B68036032
:10B5E00000234360C0F81233A0F82236A0F82036BA
:10B5F00040F2FF33A0F8243670470023EFE700BF86
:10B60000FC0200207C0300205C030020F8B5B0F8A9
:10B610002026B0F82236D21A93B2120444BF03F5A2
:10B6200080639BB2E62B044608D800F2163500F280
:10B630001236206803685B69984700B9F8BD206836
:10B6400003689B699847314602462846FFF76CFD20
:10B650000028EED004F6262729463846FFF75AFF81
:10B6600000239AB29042E4D9B4F82016B4F824C664
:10B670004A1C02EA0C02B4F822C694451EBF0919FE
:10B6800017F803C081F826C603F1010318BFA4F818
:10B690002026E6E7F8B500F1080504460A46011D34
:10B6A0002846FFF701FEF8B1637A3E2B0DD1A37A4D
:10B6B000A2899B0705D529460C48BDE8F840FDF74F
:10B6C0008DBC42F6FF739A42F5D004F62626294631
:10B6D0003046FFF7AFFD0246206801680F6931462A
:10B6E000B847637A3E2BE6D0F8BD00BF24070020A0
:10B6F00003680BB1FFF7CEBF70470346006868B11F
:10B70000B3F82026B3F82236D31A98B21B0444BFEC
:10B7100000F5806080B2003818BF012070470346F2
:10B72000006880B1B3F82226B3F82016914209D000
:10B730009918013291F82606B3F824160A40A3F8A6
:10B7400022267047002070470346006838B1002267
:10B75000A3F82226A3F820260368DB691847704760
:10B7600010B504460548FEF790FE0548FFF7ECFFCC
:10B7700060680368BDE81040DB691847C80E002008
:10B780009422002010B5094B1A78094B142404FBAD
:10B79000023393F84F30032B02D9042B02D0FEE77B
:10B7A000044B1968416001B9FEE710BDFC0200209E
:10B7B0007C0300205C03002073B572B62A4C2B4D2D
:10B7C000F7F7C4FDF8F70AF9F7F776FDF7F764FD28
:10B7D000F8F7C2F8F8F7D4FE237825492548142253
:10B7E00002FB0311A36C0093626C91F8513091F845
:10B7F0004F10F9F773FE0026FF232B73C5E904668B
:10B80000AE60F7F709FF1C4B1E70F7F70FFD1B4BDF
:10B810001B48D02283F83223F7F7B4FD314628467F
:10B8200003F006FC4FF47A70F7F7ACFD94F85C2057
:10B8300094F85B101348FBF74DF994F85C1012482C
:10B84000FCF718FD94F85D4010482146F6F738FCE7
:10B850003CB10F4B0F4A1A600F4B104A1A60FAF7AF
:10B860000FFE62B602B070BDFC0200202C32002038
:10B870007C0300205C0300205002002000E100E077
:10B88000E093040090170020240700204C0E0020B5
:10B8900054020020B124000858020020FD2D0008A9
:10B8A00073B51648164C4FF6FF7103F001FD20608A
:10B8B00023689B0712D5134E35798DB10F480823A5
:10B8C0006A46002103F085FBD6E90602DDE9001394
:10B8D0009A4208BF884201D00023236002B070BDA5
:10B8E00002236A460548294603F073FB064BDA8BB0
:10B8F000BDF800309A4218BF2560EFE72C320020D7
:10B90000B00E002048060020FC020020044A00235C
:10B910001370044A1380044A1370044A137070476A
:10B92000BE0E0020C00E0020903200200C0C002023
:10B93000024B1878B0FA80F040097047BE0E002024
:10B940000D4A11780346A9B910700C4A01201070F5
:10B950000B4A032B118009D0042B01D083420AD15A
:10B96000084B002283F8A420012070474FF4FA739B
:10B970001380704700207047BE0E002090320020D8
:10B98000C00E002038050020034A00231370034A2C
:10B990001380034A13707047BE0E0020C00E0020B3
:10B9A000903200200A4A08B5138883B1013B9BB24C
:10B9B000138063B9074B1B78032B02BF064B012290
:10B9C0001A70FFF7E1FF054B002283F8FA2A08BD41
:10B9D000C00E0020BE0E00200C0C0020901700208E
:10B9E00013B5C379212B12D10A4CF9F749FAFFF7A5
:10B9F000CBFF94F8FA3A032B06D10DF1070120464C
:10BA00008DF80730FBF774FA002384F8FA3A02B095
:10BA100010BD00BF9017002010B50D4B1B78013BE7
:10BA2000032B14D8DFE803F002090D072023BDE83B
:10BA30001040F9F715BA2423F9E7BDE81040F9F7EB
:10BA400073BA2323F9F70CFA024B00221A7010BDC7
:10BA5000BE0E002090320020034B01221A700022FB
:10BA60005A711A71704700BF3D300020054A064BDD
:10BA700012791B7F1AB105495B22F9F787BD04498A
:10BA80005B22FAE748060020FC02002091320020E9
:10BA9000EC32002038B5114B1A79054632B1014617
:10BAA00000221846BDE83840F9F7C8BD0C4A0D49D8
:10BAB0005B23F9F761FD7DB90A48F9F7C1F8012860
:10BAC000044607D000280849284614BF0124022450
:10BAD000F9F77AFD204638BD0148EEE74806002018
:10BAE00022310020C730002080310020024B18781E
:10BAF000831E5842584170471D070020044B1B7895
:10BB0000022B06BF034B93F8A4000020704700BF30
:10BB10001D0700203805002010B50446FFF7EEFF92
:10BB200070B10D4BD3F8AC3042F6A002934208D866
:10BB30000A492046FAF786F809492046FAF782F8BA
:10BB400010BD42F6A1029342FAD006492046FAF708
:10BB500079F80549F1E700BF3805002049200108C0
:10BB60007F200108B5200108EB20010810B504462C
:10BB7000FFF7D2FF20680749F7F77EF9064B2068E8
:10BB800019783031C9B2F7F7D1F804492046FAF7ED
:10BB900059F810BD21210108FC020020391D0108BF
:10BBA00030B5044695B0FFF7B7FF1E492068F7F798
:10BBB00063F91D498B7863B12F22023108A805F083
:10BBC0002AF81A492068F7F757F9206808A9F7F703
:10BBD00053F917492046FAF735F816492068F7F760
:10BBE0004BF9154B1B78022B19D1144D95F8A43045
:10BBF0009BB1206805F1B001F7F73EF90B492068C9
:10BC0000F7F73AF9D5F8A8106846F5F71FFF694627
:10BC10002046FAF717F815B030BD0949F8E7094989
:10BC2000F6E700BF2B210108780E0020DC1E01087A
:10BC3000391D0108462101081D0700203805002094
:10BC40004D2101082F2401082DE9F041254E264FF2
:10BC5000DFF898800446002594F88D20EBB29A42D4
:10BC60003ED994F88E30102B37D8DFE803F0091353
:10BC7000181A1C1E20222426282A2C2E303234008A
:10BC80002046FFF749FF94F88E30013384F88E3058
:10BC90000135E1E716492046F9F7D4FFF3E71549E6
:10BCA000F9E71549F7E71549F5E71549F3E71549A8
:10BCB000F1E71549EFE71549EDE71549EBE71549B8
:10BCC000E9E71549E7E71549E5E71549E3E741469F
:10BCD000E1E73946DFE73146DDE7002384F88C30C1
:10BCE000BDE8F081FD230108C2230108912301086A
:10BCF0006221010886210108B4210108DD21010823
:10BD00000922010831220108592201088222010872
:10BD1000AB220108EF220108152301083B2301088B
:10BD20005E23010838B590F88E30044663B990F868
:10BD30008F30012B01D9032B06D1FFF7DFFE18B995
:10BD400020492046F9F77EFF002594F88E102E2911
:10BD500003D9002384F88C3019E04B1C84F88E3012
:10BD600094F88F30012B13D10846F9F7CBFC00284B
:10BD7000EBD10846F9F7D8FC0028E6D12046FAF7BF
:10BD8000E3F8013594F88D30EDB2AB42DDD238BD29
:10BD9000022B05D10846F9F7B5FC0028EED1D4E70F
:10BDA000032B07D10846F9F7BFFC0028CDD0FFF7D9
:10BDB000A5FEF2E7002BE1D10846F9F7B5FC002813
:10BDC000DCD0F4E7292401082DE9F043037993B08E
:10BDD0000446C3B190F88C30013B032B19D8DFE83F
:10BDE00003F00252575C006803685B69984768B1CA
:10BDF000206803689B6998470023A94984F88C3020
:10BE00002046F9F71FFF13B0BDE8F0832046FAF78C
:10BE1000FFF8A44B1E6894F885308BB1D4F88830B5
:10BE2000F31AB3F5FA6F0BD99F492046F9F70AFFC9
:10BE30009E492046F9F706FF002384F88530637198
:10BE4000994FDFF86C82DFF86C92206803685B69B9
:10BE500098470028D7D0206803689B6998470A282C
:10BE60000546C4F888601DD00D281BD02C2819D099
:10BE70003B2817D001462068F6F758FF2946204690
:10BE8000F9F70CFFE1E713B0BDE8F043FFF7DCBEC4
:10BE900013B0BDE8F043FFF745BF13B0BDE8F04372
:10BEA000FAF75EB939462046F9F7CCFE41462046FE
:10BEB000F9F702FF50B1022384F88C30002384F894
:10BEC0008E30002384F885306371BEE749462046F2
:10BED000F9F7F2FE0028EED177492046F9F7ECFE9B
:10BEE0000028E8D175492046F9F7E6FE054618B165
:10BEF0002046FFF755FEE4E771492046F9F7DCFEDE
:10BF000040B12046FFF732FE032384F88C30A4F8BA
:10BF10008E50D6E76B492046F9F7CEFE50B1204649
:10BF2000FFF724FE032384F88C304FF48073A4F8C9
:10BF30008E30C6E764492046F9F7BEFE40B1204680
:10BF4000FFF714FE032384F88C304FF40073EEE700
:10BF50005E492046F9F7B0FE40B12046FFF706FEE5
:10BF6000032384F88C304FF44073E0E70AAA02A957
:10BF70002046F9F701FF002842D002A90DF1020086
:10BF8000F9F72EFD20B952492046F9F75BFE98E7F4
:10BF90009DF802502846F9F7C7FB20B1FFF7AEFD28
:10BFA00008B94C49F0E79DF828303F2B0BD12046CB
:10BFB000FFF7DCFD29462046F9F7C6FF2946204653
:10BFC000F9F75AFF7DE70BB94349DDE72A460AA98D
:10BFD0000DF10300F9F7EAFD08B94049D4E720461E
:10BFE000FFF7C4FD29462046F9F7AEFF9DF8033060
:10BFF000002B3FF466AF05213948F5F7F4FE60E702
:10C0000038492046F9F758FE90B135480621F5F732
:10C01000EAFE2046FFF7AAFD334B1B78022B05D022
:10C020002C492046F9F70EFE3049ADE73049ABE721
:10C0300030492046F9F740FE28B101212848F5F79C
:10C04000D2FE2D49A0E72D492046F9F735FE90B1E3
:10C0500023480721F5F7C7FE2046FFF787FD224B4F
:10C060001B78022B05D01B492046F9F7EBFD24492C
:10C070008AE7244988E7244901AA2046F9F724FEE3
:10C0800000285AD0019D092D01D920497CE720467E
:10C09000FFF76CFD1E4B1B789D423DD11D4973E798
:10C0A00060240108704100207A2401087C240108E2
:10C0B000C02F0108862401088F1E01089A2E01084E
:10C0C0008B2401088E240108932401089924010877
:10C0D0009F24010829240108BB240108D324010856
:10C0E00050320020E62401081D070020ED2401083D
:10C0F00004250108182501081D250108342501081B
:10C100003B250108542501086A2501087625010808
:10C11000FC0200209A2501082A461D480A21F5F74D
:10C1200064FE1C492068F6F7A7FE05F13001C9B28C
:10C130002068F6F7FBFD184926E718492046F9F76D
:10C14000BBFD054640B10123154984F88C302046DB
:10C15000F9F778FD134917E713492046F9F7ACFDC5
:10C1600028B1042384F88C3084F88E50A9E60F4956
:10C170002046F9F7A1FD08B103213DE794F88510A9
:10C180000B4A0C4B00290CBF11461946FCE600BFB8
:10C1900050320020AF250108391D0108D8250108BB
:10C1A000C5250108DE250108FB2501080526010833
:10C1B00046240108522401080148FFF705BE00BFCC
:10C1C0008406002010B5184B1A78184B044614202A
:10C1D00000FB023393F85500012822D122889306F0
:10C1E00005D522F02002228005230B7010BD12F02D
:10C1F000400317D0FFF782FC28B1FFF799FB10B975
:10C2000000230120F1E7606830B1094B1B681B1A5D
:10C21000312BF5D90023636022F0400222800623EF
:10C22000EFE700231846E0E7FC0200207C03002033
:10C230007041002013B50DF107010446FFF7C2FF5E
:10C2400018B19DF8070002B010BD2080FBE7000088
:10C250002DE9F04106460C461546FFF74FFC70B13C
:10C26000184B93F82D30581E012819D8164BB3F8E7
:10C270005861B3F85671002291B28D4201D8BDE8E1
:10C28000F081B3F85401411C3140B9421FBFC018BE
:10C2900014F802C080F85AC1A3F854110132EBE738
:10C2A000032B09D1094E0D44AC42E8D014F8011B10
:10C2B0003046FFF71DFAF7E770680368BDE8F04104
:10C2C0001B6918477C030020C80E00209422002020
:10C2D000F8B5214B214D1F79CB78C3F3000385F8C6
:10C2E00095304B79C3F3801385F896300646C878AD
:10C2F00040080C46F5F7D7F985F892002379C3F387
:10C30000060385F893306379227903F03F035B00DD
:10C3100043EAD21385F89430E6B1DFB1A37803F095
:10C32000F003202B04D12046BDE8F840FFF758BBAE
:10C33000A2790B48E11D5208FFF78AFFA17905F1A8
:10C3400064004908F5F716FD05F13C00BDE8F8402A
:10C35000F5F70ABDF8BD00BF3D3000208031002058
:10C360004832002070B50546B8B9184B184E1B78F6
:10C37000184A14794CBB022B174812D1B17801F03E
:10C380000701F9F7B5F94379C3B931460120FFF741
:10C390009FFF1248F5F7FCF809E0114B114E1B788E
:10C3A000E6E701229342027044710471EDD80B4814
:10C3B00080F89050BDE87040F5F7E8B80A4B1C745F
:10C3C0005C825C61094B1C71DFE770BDBA0E002016
:10C3D000C7300020480600203D300020803100207A
:10C3E000BB0E002022310020C80E00209422002025
:10C3F00010B50246FFF782FBB8B10C4B93F82D3015
:10C40000591E012904D8BDE810400948FEF71AB8A2
:10C41000032B04D1BDE810400648FFF76EB9506801
:10C420000368BDE810405B69184710BD7C0300201D
:10C43000C80E00209422002010B50246FFF75EFBD4
:10C44000B8B10C4B93F82D30591E012904D8BDE822
:10C4500010400948FEF704B8032B04D1BDE8104092
:10C460000648FFF75CB950680368BDE810409B6957
:10C47000184710BD7C030020C80E00209422002025
:10C480002DE9F04FDFF8D88098F8004097B081464A
:10C490000E461746002C48D1324B1B78022B40D158
:10C4A000DFF8C4B00DF1180A25465846ECB2FFF784
:10C4B0009FFF40B15846FFF7BFFF0135402D0AF8F6
:10C4C000010BF2D12C4629482146F5F753FC2848A8
:10C4D000F5F74AFC27488DF8129090F8A4308DF8B3
:10C4E0000C30254B80F89190DB788DF80D3090F86A
:10C4F00090308DF81130F5F770F88DF80E00F8F7E0
:10C500007DFD10F0010F0CBF33463B468DF8143013
:10C510001A4B8DF8130093F85A3043B9B74206D03E
:10C52000FEE71148FFF71CF9D4E70024D2E71148D1
:10C53000F5F765F898F800308DF810004BB9104AFF
:10C540001048009406AB03A9F8F76EFB17B0BDE8DE
:10C55000F08F0B4A0B4803A9FFF75EFAF6E700BF1E
:10C56000903200201D07002048320020D0310020EA
:10C57000A8310020803100203D300020FC02002046
:10C5800044300020EC32002030B4084C257925B12D
:10C590000146204630BCF8F727BE054C94F8A4307D
:10C5A000013384F8A43030BCFFF76ABF480600208E
:10C5B0008031002008B50246FFF7A0FA18B9A2F8AA
:10C5C0002206A2F82006064B93F82D30032B06D145
:10C5D000136823B1BDE808401046FFF717B808BD3F
:10C5E0007C03002070B500239CB2A24200D870BD2D
:10C5F000058886886C1C34404688A6421EBF2D18CC
:10C60000CE5CAE7103F1010318BF0480ECE708B5FE
:10C610006830FFF7E7FF08BDA0F11400F7E700005E
:10C6200038B50A4B93F82D3000F5EF65022B044620
:10C63000284608D1FDF76AF80246294604F24A4026
:10C64000FFF7D0FF38BDF6F716F8F5E77C030020BA
:10C65000F0B587B00446102201A8F5F743FA204B45
:10C6600094F8A8C893F8352084F85EC64FF0FF33DD
:10C67000333284F85C3684F85D36012384F85F3603
:10C6800004F5CA67D2B201AB04F5CC660DF1140E05
:10C690001D4603CD7545306071602B4606F10806D6
:10C6A000F6D184F855264423D4F8582684F8563613
:10C6B000142363F31702C4F858264DF2016284F87C
:10C6C00071C7A4F8722784F8743704F5A47138464A
:10C6D000F6F738FB39462046FFF7A2FF07B0F0BD5A
:10C6E0007C0300202DE9FF410446B0F84C14B0F85B
:10C6F0004A04F6F7A1FAE3684BBBDD2808D804F535
:10C70000F37604F5ED75A06803685B69984710B986
:10C7100004B0BDE8F081A06803689B6998472A4689
:10C72000034631466846F6F7F5F80028EBD09DF849
:10C730000030022BECD104F5CA6532466946284622
:10C74000F6F760F829462046FFF76AFF94E0DD28F7
:10C75000DED84D4D2B780133DBB2012B2B700FD976
:10C7600000232B70A06803685B69984750B90123C8
:10C770002B70E06803685B69984730B9287004E063
:10C78000002BEFD02B78012BF3D004F5F37604F5D2
:10C79000ED772B78002B36D1A06803685B6998474A
:10C7A00088B3A06803689B6998473A4603463146B8
:10C7B0006846F6F7AFF80028EBD0DFF8D08069467E
:10C7C0000120F6F765FA98F8023033B1E068BDF859
:10C7D0000220036831461B6998479DF80030022B00
:10C7E00011D104F5CA67324669463846F6F70AF8A9
:10C7F00098F800301BB139462046FFF711FF394643
:10C800002046FEF74BF804F21E3604F212372B785E
:10C81000012B7FF47DAFE06803685B6998470028CF
:10C820003FF476AFE06803689B6998473A46034651
:10C8300031466846F6F76EF80028E8D0134F69468F
:10C840000220F6F725FA7B7833B1A068BDF8022004
:10C85000036831461B6998479DF80030022B7FF42E
:10C8600057AF04F5CA65324669462846F5F7CAFF50
:10C870003B78002B7FF466AF2946204604B0BDE824
:10C88000F041FEF70BB800BF44060020050600206B
:10C89000264B70B51E680446FFF730F958B9C4F846
:10C8A000A468A4F85601A4F85401A4F84C04A4F810
:10C8B0004A0484F8B8081E4D95F82D30013B012B31
:10C8C00033D82046FEF71EFB2046FFF70BFF194B1F
:10C8D0001B78142202FB035595F8525095B1D4F8F9
:10C8E000A438F31AB3F57A7F0FD3C4F8A4680125EE
:10C8F00004F6A800FEF736FA4DB12046BDE87040B8
:10C90000FDF7D8BDC4F8A468F2E70025F0E794F875
:10C91000B4382BB1084984F8B4582046FFF798FE84
:10C920002046BDE87040FEF7D9B870BD70410020C8
:10C930007C030020FC0200203B2001082DE9F74F7A
:10C94000AC4E3378012B00F2FB800BB9F6F718FCE4
:10C95000FEF732FFA84B00221A809A70A74B0822DC
:10C960009A6207244CF25030013CF6F7C5FCF6F70A
:10C9700009FD14F0FF04F5D1A14BA2489C701C8066
:10C9800002F0C5FC013880B24FF6FD73984203D91E
:10C990009D490120F8F77AFE9C4B9D4F1C609D4BF2
:10C9A00098481C60391DF7F7CFFF9B48F8F742FB0A
:10C9B00097F82020202A00D9FEE797F82800974D05
:10C9C000796AB7F82C9097F829C097F82A30A8719F
:10C9D000052800D9FEE7DFF8488258F830E0BEF1BC
:10C9E000000F00D1FEE708EBC008C5F808E098F892
:10C9F00004E098F8058085F807E085F80C8085F854
:10CA0000D500A5F80E9085F8D440B9F1000F00D1FB
:10CA1000FEE7724524BF0EF1FF3E5FFA8EF2052855
:10CA20006A7400F0CA80012800F2CF800CF1FF3058
:10CA3000C0B200F0B980022813D8581EC0B2032833
:10CA400009D80C2A01D90C206874687C904200D95E
:10CA50006A74644608E0122A84BF12236B740023B0
:10CA6000F3E7052B28BF00236C482246F5F7E9F8C9
:10CA700000246C4B2C746948FF251D705D70F7F71E
:10CA800071FF01465F4802F0F8FA674B1C80674B64
:10CA90001C70674B1C70674B1C80674B1C80674B7E
:10CAA0001C70674B1C80674B1C70674B1C70674B7E
:10CAB0001C70674B1C70674B01201C70FEF726FF33
:10CAC000FEF73EFFB7F84C30B7F84E2097F840100D
:10CAD0006148F4F71DFDB7F84C106048F5F73EF8D3
:10CAE0005F48F8F7DBFD3A785E4B5F48142101FBA5
:10CAF000023393F84E10F5F7EBFA5C495C48FEF709
:10CB000091F85C48FEF75CFD58495B48FEF73AFE39
:10CB10005A48F9F7A3F83B48F7F707FF5848F5F7E5
:10CB20006BF95848F5F73EF95748F5F793FA574B24
:10CB30001C70574B1C80574B1C80F6F717FF357045
:10CB4000F6F71EFF3A4D002800F0C5803C4A1388D6
:10CB50000BB1013B1380344A138813B92C4BB3F843
:10CB60004C30013B9BB2012B138032D12F4A137002
:10CB7000FEF718FF2B78002B40F0AD802F4B1E4A9C
:10CB80001978138802292DD183B3013B9BB21380FE
:10CB90009278002A00F08280002B40F08880F6F71F
:10CBA0009DFBF6F7A9FB82E0022804D80C2A01D9E4
:10CBB0000C236B746446002356E70CF1FF33022B01
:10CBC000F9D8082AF6D90823F3E71448F4F7E0FF68
:10CBD0004EE7002BCCD101232B702F4B5A6A154BFB
:10CBE0001A80C5E7002BD0D1C723D0E740F2F3135A
:10CBF000CDE700BF69300020B60E002000040048D9
:10CC0000780E00202C32002010260108AC0E0020E7
:10CC1000FC020020B00E002048060020180C002066
:10CC2000C03001086A30002048330020B40E0020D4
:10CC30000D0C00203A300020BC0E00201D07002003
:10CC4000200700201E0700201C070020BB0E00202C
:10CC5000BA0E0020C20E0020803100207C3200205D
:10CC60003D3000207C0300204C0E0020A417002043
:10CC7000C80E0020942200204832002084060020A4
:10CC8000604100205032002014070020683000204E
:10CC90008C3200208E320020004401400229A1483D
:10CCA00040F0DB800BB9F6F719FB082383629E4C3A
:10CCB0002388002B40F0D78040F2E73323809B4845
:10CCC000F8F72EFA9A48F7F730FE23881BB99949EE
:10CCD0009948F6F7C3F8994F994C3B88022B00F01E
:10CCE000DC80042B00F00881012B0FD1954B1A7CBE
:10CCF000597C0132D2B2914298BF00221A74924BF1
:10CD00001146187AFFF740FC02233B8023683BB3AF
:10CD10003B88032B40F040812368DB070ED58B4A0C
:10CD200000232360137843F001011170884A92F8C0
:10CD30005A200AB1980701D504233B8023687BB1B0
:10CD4000236823689A0748BF23682368814ADB0762
:10CD500048BF2368002313707F4A23603B80137011
:10CD60002B78002B00F07E81DFF8EC8170480024E6
:10CD70002C70F7F77FFD98F800A0BAF1000F00F0D3
:10CD800019812046FFF7EEFA6F4B6E4D1C72734B04
:10CD90002A7C83F8A72098F80020DFF8B891704C1F
:10CDA000012A94BF0022012283F8A52099F80020CF
:10CDB000012A94BF00220122BAF1010F83F8A620B4
:10CDC00023780BD9DFF888A1002B00F0F680012B27
:10CDD00000F0F880634BBAF850201A802378022BB9
:10CDE00003D1604B1B8803B92370227800230120F4
:10CDF000022A388088F8003089F8003006D05A4975
:10CE00000B701AB9FEF7C0FDFEF79AFD574A13885A
:10CE100013B94F4BB3F84E30013B9BB2138013B99B
:10CE20004E48F4F70DFC4D48F4F7AFFB2378022B86
:10CE300002D04A48F4F752FB4D4B93F80080B8F10A
:10CE4000000F00F0EC80374B08229A6110229A61A3
:10CE5000F7F77AFB01233370ECE010228262002B9B
:10CE60007FF425AF9DE6013B9BB22380002B7FF42E
:10CE700026AF374B1A783F4B142101FB023393F84E
:10CE80005330022B7FF41BAF3B4B1B78002B3FF43E
:10CE900016AF3248F4F7C6FB11E7384B384A5B6AE5
:10CEA00012889B1A9BB240F2ED2293427FF62EAF7E
:10CEB000344B35484FF0000883F80080F8F7D4FA77
:10CEC0002048F7F74FFD0146194802F0D6F81E4BEF
:10CED000187AFEF7CBFD03233B801C4B2B4883F8CD
:10CEE00000802B4BC3F800802A4BC4F8008001223D
:10CEF0001A71F4F785FF09E70D484FF6FF71F6F751
:10CF0000BBF902F050F90A48002102F080F9114AF9
:10CF100005233B80002313700F4A13701C4A1360D3
:10CF20002360F3E6000400488C320020480600200D
:10CF30002C3200208E1B010800000020BC0E0020B7
:10CF4000B00E0020180C00207C320020C20E002001
:10CF5000FC020020BB0E0020BA0E00208031002011
:10CF60001D070020200700203D3000208E320020C9
:10CF70000C0C00207C0300201C0700200044014012
:10CF80003A300020B40E00206A30002060410020BA
:10CF9000AC0E002024070020052B7FF4CFAE2368C1
:10CFA00099077FF5CBAE00202060FEF773FD9E4B06
:10CFB0001870C3E6FEF750FDE6E6012222709B4A98
:10CFC000137007E7994ADFF868B213780133DBB2D0
:10CFD00013709BF80020EAB99AF8541099423FF672
:10CFE000F9AE944991F8A43043B9934B1B792BB90E
:10CFF00092B1FEF7C9FC012381F8A4309BF8003000
:10D0000013B98E48F4F7BDFA0223237001238BF87D
:10D010000030DFE60521E1E789490C20BAE48648C3
:10D02000F8F7A8F8F8F7D2F80128074605D0032842
:10D030003FF410AF03B0BDE8F08F7F48F8F73AF83F
:10D0400041F28833A5F8D6307E4B85F8D470102293
:10D05000A5F8D8809A6108229A627B4B84F80080F8
:10D060009F70E7E7794C7A4D94F85B30EBB17949E2
:10D070007948F9F76BFD68B12278784B142101FBF0
:10D080000233012293F84C30032B04BF01232B7091
:10D09000714B1A7170480DF10301F9F76FFD20B162
:10D0A0009DF80330F3B1012B1FD094F85B3023B906
:10D0B00094F85C30002B00F00B8167480DF1030100
:10D0C000F9F781FD50B39DF80330033B0F2B25D8B2
:10D0D000DFE803F01624242424242448244C63731A
:10D0E000787E7A7CFDF778FFDFE75B4801A9F9F7E6
:10D0F00099FD0028D9D09DF80400FAF72DF8D4E75F
:10D10000F7F732FA564B1B78022B4FF0030822D167
:10D110000420FEF715FC504B83F8FA8A94F85C3033
:10D12000002B00F0D5804B494E48FBF7EFF808B1D3
:10D1300001232B70B4F84C204A486946FBF708F9E4
:10D1400000284FD09DF80030052B4BD8DFE803F0C6
:10D15000475F636794BA40488DF8048001A9F9F7E6
:10D16000C7FEDBE74049A1F13300F8E7DFF8E880CC
:10D1700001A908F13300F9F7D1FF0028CED09DF8BE
:10D180000430002BCAD0364B18780228C6D1FEF7DF
:10D19000D7FB0C2388F8FA3AC0E7314B1B78022BF7
:10D1A00007D10320FEF7CCFB2B4B0D2283F8FA2A84
:10D1B000B4E72E4B01221A70B0E701212C48F4F796
:10D1C0000EFEABE70221F9E70321F7E70821F5E7B7
:10D1D000214B284893F83310F4F740FF9EE721488D
:10D1E000FBF7C4FFDFF87C800DF101014046FBF73F
:10D1F000E5F800286CD09DF80130022B66D8002B92
:10D2000000F0B0801A480121F4F7EBFD60E015480A
:10D21000FBF7F4FFE6E71348FCF728F8E2E71148CC
:10D22000FCF78EF8DEE700BFBA0E00201E070020D4
:10D230001C0700203805002048060020803100200F
:10D240001A26010800040048B60E0020FC02002047
:10D250006830002044300020901700207C0300201C
:10D260001D07002024070020C31700200C0C0020FD
:10D27000503200201407002067480DF10201F9F731
:10D28000D1FC18B19DF80200F9F766FF62480DF174
:10D29000030201A9F9F708FC30B19DF803200199B8
:10D2A0005E48FBF7DFF89DE7FEF728FC002899D0E1
:10D2B0005B4B93F82D30013B022B93D85748FBF77B
:10D2C000D9FA8FE75548FBF7FFFF8BE7032B4FD0C9
:10D2D00094F85D3023B153495348F5F720F808B965
:10D2E0002B78C3B100232B704D4D23784D494F4807
:10D2F0004FF0140808FB035393F84D20F4F7E4F8BB
:10D30000237848494A4808FB035595F84A3095F870
:10D310005620F8F7C9F8474B1B78002B7FF48AAEEC
:10D320003B88022B3FF486AE4348FFF7B1FA4348EF
:10D33000FFF740F94248F4F770FD4248F4F738FD32
:10D3400010B93D48FEF776FF431E102B60D8DFE88A
:10D3500003F03F464D5F192D375F5F4F5F5F5B5FA7
:10D36000575F570098F869103748F4F777FEAFE732
:10D3700098F816202848023AD2B208F11801F9F7B5
:10D380007EFBA5E7314B1878022805D1FEF7D8FAC5
:10D39000214BFF2283F8FA2A2B48F4F773FE00286A
:10D3A0003FF448AE2A4B01221A7043E6274B1B7804
:10D3B000022B01D10320E9E7254B01221A70EBE78C
:10D3C000F7F7D2F8214B1B78022BE5D10420DDE7DB
:10D3D000204B1A79002ADFD101225A71DCE71D4B5C
:10D3E0001A79002AD8D001229A71D5E7F5F778FE8C
:10D3F0001448F4F7FDFCC1B21348F4F72FFECBE755
:10D400001048F4F7F7FCC7E70E48F4F7F1FCC3E760
:10D4100004283FF41FADBFE7901700202407002029
:10D420007C030020443000204C0E00207C060020AD
:10D430006A300020B40E0020C80E00209422002084
:10D440006041002050320020140700201D070020FA
:10D450000C0C00204806002008B5FFF76FFAFCE727
:10D46000524B534A534870B51A60534B534A1A6093
:10D470005A619A62DA63524A1A655A66514A9A6741
:10D48000514A524B02F10801283200245A6140F2FD
:10D49000FF12C3E91A427F254D4A1960C3F8702272
:10D4A000C3F86C42C3F8744AC3F8785A494B036016
:10D4B000212380F80C3100F1DC03C0F81031102377
:10D4C00080F8143100F1C403C0F81C310F2380F838
:10D4D00020311E2380F8243100F1F403C0F82831F4
:10D4E000062380F82C31072380F8303100F1FA034D
:10D4F000C0F8343100F1FC0302220921C0F84031A8
:10D50000032380F8182180F8382180F83C1180F836
:10D51000443180F850210D2280F8542100F201128C
:10D52000C0F858210A26112280F8486180F860214D
:10D5300000F1FF0600F58272C0F84C6180F85C31A2
:10D54000C0F8642180F87831082200F1D30300F19B
:10D55000EC0680F8682180F86C2180F87421C0F80E
:10D560007C3180F88011C0F8706100F5EA70FAF73C
:10D570002FFD194B194A1A6019482146F3F754FF39
:10D58000184B194AC3F84C24C3E95545A3F84A443B
:10D59000164B40F2FF32C3F82426C3F82046144B42
:10D5A000144A1A60144B154A1A6070BD2C320020C0
:10D5B000382601082407002080310020E81C0108DB
:10D5C000D01C0108DC1C01083C4F0108901700200A
:10D5D0000000FF07344F01084C0E002050270108BF
:10D5E0007C060020C80E00200000FF0194220020CD
:10D5F00048320020F04E010860410020204F010811
:10D6000030B59BB0202200210BA803F0CEFA1822DF
:10D61000002102A803F0C9FA1C4A136823F4C0636E
:10D6200043F400731360136803F4C0630193019B18
:10D6300001224FF48033CDE9082300230A931021FF
:10D640000623CDE915134FF4003302240325179365
:10D650004FF0005C4FF0007308A8CDE91345CDE909
:10D66000183C00F095FB08B172B6FEE7CDE9040066
:10D67000CDE906004F23214602A8CDE9023500F08E
:10D6800021FE08B172B6FEE71BB030BD00040058A1
:10D69000104B07B51A6842F480721A601A6842F497
:10D6A00000721A601A6822F480621A6000F0F0F8C2
:10D6B000FFF7A6FF4FF0B043DA6C42F00102DA64E4
:10D6C000DB6C03F001030193019B03B05DF804EBF5
:10D6D000FFF7C2BE004000587047FEE7FEE7FEE7D6
:10D6E000FEE7FEE7704770477047F6F759B901202B
:10D6F000704708B503F0ACFB162303604FF0FF3012
:10D7000008BD08B503F0A4FB16230360FEE770B55F
:10D710000D4614460E46731B9C4201DC204670BD2C
:10D72000AFF3008006F8010BF5E770B50D4614461F
:10D730000E46731B9C4201DC204670BD16F8010B9F
:10D74000AFF30080F5E74FF0FF3070474FF4005320
:10D750004B60002070470120704700207047000098
:10D760000B4A116810B5034609B90A4911601068DF
:10D7700009490A4C0344091B8B4206D903F068FB94
:10D780000C2303604FF0FF3010BD1360FCE700BFB7
:10D790006C410020F842002000000120000400003D
:10D7A000704700000D488546FFF7FAFF0C480D4909
:10D7B0000D4A002302E0D458C4500433C4188C42EC
:10D7C000F9D30A4A0A4C002301E013600432A24252
:10D7D000FBD303F043FBFFF75BFFFEE700000120F4
:10D7E00000000020DC02002058560108E002002062
:10D7F000F8420020FEE770474FF0B04310B59A6B37
:10D800004FF0FF329A63D96BDA630024996B9C6303
:10D81000D96BDC63196C1A64196C1C64596C5A64FA
:10D82000596C5C64996A9A62996A9C62D96ADA62F4
:10D83000D96ADC62196B1A631A6B1C63FFF7DBFF92
:10D84000204610BD38B5104C237805460BB9012091
:10D8500038BD00F08DFA22784FF47A73B3FBF2F3FF
:10D86000B0FBF3F000F074F804460028EFD10F2D60
:10D87000EDD8024629464FF0FF3000F037F8034B51
:10D8800020461D60E4E700BF700200207402002003
:10D8900010B5032000F018F800F06AFA064B186083
:10D8A0000F20FFF7CFFF044618B9FFF715FF2046FA
:10D8B00010BD0124FBE700BF6C020020014B18687B
:10D8C000704700BF704100200749CA6822F4E06237
:10D8D0000302120403F4E063120C134343F0BF632A
:10D8E00043F40033CB60704700ED00E0164B30B5D9
:10D8F000DC68C4F30224C4F10703251D042B28BFF0
:10D900000423062D4FF0FF358CBF033C002405FA9D
:10D9100003F321EA0303A54022EA0502A3400028FD
:10D9200043EA0203ACBF00F16040084A4FEA031328
:10D93000B8BF00F00F00DBB2AABF00F5614013547E
:10D9400080F8003330BD00BF00ED00E014ED00E0D2
:10D950000138B0F1807F0BD24FF0E023054A5861C7
:10D96000F02182F823100020072298611A61704785
:10D970000120704700ED00E00A4A536943F4802318
:10D9800030B55361EFF3108472B60023CD58C55003
:10D990000433B3F5807FF9D11369DB03FCD484F33E
:10D9A000108830BD00400058064B5A69002ABFBF9E
:10D9B000054A9A6002F188329A60BABF5869C00F6E
:10D9C000002070470040005823016745044B5A6906
:10D9D00042F000425A615869C043C00F704700BF0F
:10D9E0000040005870B50546FFF768FF124E044628
:10D9F0003369D90313D43369DA0744BF0122326192
:10DA00004CF2FA32134011D10B4E306910F48020E1
:10DA10000BD0FFF753FF001BA842F6D304E0FFF73B
:10DA20004DFF001BA842E3D3032070BD024A1361DF
:10DA3000024A01205360F8E700400058744100207A
:10DA40002DE9F041184D98462B78012B06460C46DF
:10DA5000174626D001232B704FF47A7000236B6099
:10DA6000FFF7C0FFA0B9012E16D1104A536943F049
:10DA7000010353612760BFF36F8FC4F804804FF434
:10DA80007A70FFF7AFFF094A536923EA060353612F
:10DA900000232B70BDE8F08139462046FFF76CFF6C
:10DAA000EDE70220F6E700BF744100200040005877
:10DAB000054A536923F47E7343EAC00040F4803082
:10DAC00040F0020050617047004000582DE9F041DD
:10DAD000234F3B78012B054688463FD001233B70FE
:10DAE0004FF47A7000237B60FFF77CFF044688B90F
:10DAF0002B68042B13D11B4A536943F4803343F042
:10DB0000040353614FF47A70FFF76CFF0446154B22
:10DB10001A681B6800233B702046BDE8F0814FF077
:10DB2000FF33C8F800306E68D5E901321344B342C0
:10DB30000AD93046FFF7BCFF4FF47A70FFF752FF67
:10DB400050B1C8F800600446064A536923F47E7356
:10DB500023F002035361DAE70136E5E70224DBE74D
:10DB60007441002000400058024A136843F4807357
:10DB70001360704700040058024B186800F4C0603E
:10DB8000704700BF000400584FF0B0431868C0F35E
:10DB9000404070474FF0B0431868C0F340007047F2
:10DBA0004FF0B042536823F47F4343EA00235360AD
:10DBB00070474FF0B0431868C0F3406070470000F2
:10DBC0007FB54FF0B0432C4AD3F80831C0F30310AF
:10DBD00003F00F0352F82040284A52F82330B4FBD8
:10DBE000F3F4FFF7C9FF264B054693E80700B5F5A8
:10DBF000007F04AB03E9070010D0224B9C4218D3EE
:10DC000003F5B70303F67F539C4229D903F5741338
:10DC100003F510639C4225D802230BE01A4B9C426B
:10DC200007D91A4B9C421BD903F5370303F5D85388
:10DC3000F0E7002304AA02EB830353F80C4C144DC5
:10DC40002B6823F0070323432B60FFF737FE0646BC
:10DC50002B6803F007039C4206D1002004B070BD7E
:10DC60000123E7E70024EAE7FFF728FE801B0228EC
:10DC7000EED90320F2E700BFEC4F01088C4F0108FA
:10DC8000781B0108C0CF6A00BFEA21013F9334022C
:10DC9000004000584FF0B04310B59A68D96812F0B0
:10DCA0000C0205D00C2A4AD101F00303012B50D1FC
:10DCB0004FF0B0412B480B6813F0080306D00B68F7
:10DCC00013F0080337D1D1F8941007E00C6824074B
:10DCD00056BFD1F894300968C3F3032350F82330BA
:10DCE000002A0CBF184600204FF0B0418A6802F0AD
:10DCF0000C020C2A1ED1CA6802F00302022A2ED09E
:10DD0000032A06D10B68184A13F4801F174B18BF5B
:10DD100013464FF0B042D068D168D268C0F30620F5
:10DD20005843C1F302130133B0FBF3F0530F013337
:10DD3000B0FBF3F010BD0B68C3F30313CEE7042A66
:10DD40000AD0082A05D11B6813F4801304D10748B0
:10DD5000CAE700231846C7E703480023C4E7024B7D
:10DD6000D7E700BFEC4F01080024F4000048E801A9
:10DD700008B5FFF78FFF4FF0B043044A9B68C3F329
:10DD8000031352F82330B0FBF3F008BD8C4F0108A9
:10DD90002DE9F0410446002853D04FF0B0439D6870
:10DDA000DE6803689B0605F00C0506F0030668D5DF
:10DDB000026A1DB10C2D46D1012E44D1002A40D05B
:10DDC0004FF0B043A16A1A68170756BFD3F89430D2
:10DDD0001B681B0903F0F00399421FD90846FFF79F
:10DDE000EFFE00282DD14FF0B042136843F0080336
:10DDF00013601368A16A23F0F0030B431360606A99
:10DE0000FFF7CEFEFFF7B4FFAB4B1860AB4B1868C3
:10DE1000FFF718FD002834D0BDE8F0814FF0B04284
:10DE2000136843F008031360136823F0F0030B43F7
:10DE30001360606AFFF7B4FE0846FFF7C1FE0028D2
:10DE4000E0D00120E8E74FF0B043002A54D01A6830
:10DE500042F001021A60FFF731FD0746FFF79AFE14
:10DE6000002842D04FF0B042136843F0080313601B
:10DE70001368A16A23F0F0030B431360606AFFF795
:10DE80008FFE2368D80748D42368990700F18C8057
:10DE900023681E0740F1FA80A3694FF0B046002BBB
:10DEA00000F0E180D6F89430E16903F0100291426D
:10DEB00000F0C48003F00302022AC2D0D80740F168
:10DEC000B380D6F8943023F00103C6F89430FFF7FE
:10DED000F5FC0746D6F89430990740F1A580FFF786
:10DEE000EDFCC31B112BF5D904E0FFF7E7FCC01BC9
:10DEF0000228B3D903208FE71A6822F001021A60C2
:10DF0000FFF7DCFC0746FFF745FE0028B9D0FFF716
:10DF1000D5FCC01B0228F6D9ECE7082D03D00C2D48
:10DF200005D1032E03D16368002BADD189E74FF0F3
:10DF3000B043A1681A6822F480120A431A6062682A
:10DF4000B2F5803F10D11A6842F480321A60FFF7B0
:10DF5000B5FC0746FFF718FE002895D1FFF7AEFC89
:10DF6000C01B6428F6D9C5E7B2F5041F04D11A68AE
:10DF700042F400121A60E6E7196821F48031196052
:10DF8000196821F400111960002AE0D1FFF796FC0E
:10DF90000746FFF7F9FD00283FF476AFFFF78EFC48
:10DFA000C01B6428F5D9A5E7042D236903D00C2DE7
:10DFB0000ED1022E0CD1002B3FF443AF4FF0B042F4
:10DFC0006169536823F0FE4343EA016353605FE7EE
:10DFD0004FF0B046BBB1336843F480733360FFF752
:10DFE0006DFC074633685A0507D57368626923F0EC
:10DFF000FE4343EA026373604AE7FFF75FFCC31B1B
:10E00000022BEFD976E7336823F480733360FFF790
:10E0100055FC074633685B057FF53AAFFFF74EFCCA
:10E02000C31B022BF6D965E74FF0B042E169D2F885
:10E03000943023F010030B43C2F894304FF0B047F4
:10E04000D7F8943043F00103C7F89430FFF736FC5B
:10E050000646D7F894309A0718D4FFF72FFC831B95
:10E06000112BF6D946E7D6F8943023F00103C6F811
:10E070009430FFF723FC0746D6F894309B0705D56C
:10E08000FFF71CFCC31B112BF6D933E72368580795
:10E0900054D50B4F3B68D90514D4FFF765FDFFF746
:10E0A0000DFC06463B68DA050CD4FFF707FC831B22
:10E0B000022BF7D91EE700BF6C020020740200207B
:10E0C00000040058E3684FF0B046002B58D023F00E
:10E0D0008003052B02BFD6F8903043F00403C6F846
:10E0E00090304FF0B046FFF7E9FBD6F8903043F0A0
:10E0F00001030746C6F8903041F28838D6F89030D0
:10E100009B0705D4FFF7DAFBC31B4345F6D9F1E6BD
:10E11000E36823F00403812B1BD1FFF7CFFBD6F874
:10E12000903043F08003C6F8903007464FF0B04679
:10E1300041F28838D6F89030180504D5E06A0028F6
:10E140004AD1002068E6FFF7B9FBC01B4045F1D972
:10E15000D0E6FFF7B3FBD6F8903023F08003C6F883
:10E16000903007464FF0B04641F28838D6F89030EC
:10E170001905E3D5FFF7A2FBC01B4045F6D9B9E668
:10E18000FFF79CFBD6F8903023F080030746C6F8D3
:10E19000903041F28838D6F890301A0516D4FFF73F
:10E1A0008DFBD6F8903023F00103C6F89030074677
:10E1B0004FF0B04841F28836D8F890309B07BDD573
:10E1C000FFF77CFBC31BB342F6D993E6FFF776FB60
:10E1D000C01B4045DFD98DE60C2D4ED04FF0B0432B
:10E1E00002281A6822F080721A6033D1FFF766FBAA
:10E1F0000546FFF7DEFC38BBD4E90C314FF0B042E6
:10E200000B43D0682D4901400B43E16B0B43216C5C
:10E210000B43616C0B43A16B43EA0123D36013688A
:10E2200043F080731360D36843F08053D360FFF7EB
:10E2300045FB0446FFF7BDFC002882D1FFF73EFBFB
:10E24000001B0A28F6D955E6FFF738FB401B0A28C1
:10E25000CFD94FE6FFF732FB0446FFF7AAFC30B9EF
:10E260004FF0B042164BD1680B40D360D4E5FFF7B6
:10E2700025FB001B0A28F0D93CE601283FF4CCAD71
:10E280004FF0B043226BDB6803F0030191427FF44F
:10E29000D8AD616B03F070028A427FF4D2ADA16BFE
:10E2A00003F4FE42B2EB012F7FF4CBAD626C03F0BE
:10E2B000604393423FF445AFC3E500BF8C80C1117A
:10E2C000FCFFFEEE2DE9F0410D46044610B9012099
:10E2D000BDE8F081684E336803F007038B4216D324
:10E2E00023689A0727D54FF0B047A268BB6823F090
:10E2F000F0031343BB60FFF7E1FA0646BB68DB039C
:10E3000019D4FFF7DBFA831B022BF7D911E033682E
:10E3100023F007030B433360FFF7D0FA0746336857
:10E3200003F00703AB42DBD0FFF7C8FAC01B02289B
:10E33000F5D90320CCE72368580617D54FF0B0472E
:10E340006269D7F8083123F00F0343EA1213C7F8C4
:10E350000831FFF7B3FA0646D7F80831D90305D4D8
:10E36000FFF7ACFA831B022BF6D9E2E723685A07C2
:10E3700013D54FF0B047E268BB6823F4E063134362
:10E38000BB60FFF79BFA0646BB689B0305D4FFF70B
:10E3900095FA831B022BF7D9CBE72368180714D50E
:10E3A0004FF0B0472269BB6823F4605343EAC203CD
:10E3B000BB60FFF783FA0646BB68590305D4FFF735
:10E3C0007DFA831B022BF7D9B3E72368DA070FD452
:10E3D000294C236803F00703AB4239D8FFF7C8FC88
:10E3E000264B1860264BBDE8F0411868FFF72ABAA3
:10E3F0006268022A1DD1FFF7C7FB00283FF467AF10
:10E400004FF0B04641F28838B36823F0030313435A
:10E41000B360FFF753FA0746B368626803F00C0372
:10E42000B3EB820FD4D0FFF749FAC01B4045F3D9B4
:10E430007FE7032A02D1FFF7BCFBDEE712B9FFF743
:10E44000A9FBDAE74FF0B0431B685B05D8D43EE781
:10E45000236823F007032B432360FFF72FFA0646B8
:10E46000236803F00703AB42B8D0FFF727FA801BFD
:10E470000228F5D95DE700BF004000586C0200207B
:10E480007402002030B5046891FAA1F3B3FA83F363
:10E4900003255B0005FA03F324EA030391FAA1F1D3
:10E4A000B1FA81F149008A401A43026030BD000090
:10E4B000B0F1904F0BD14FF0B043DA6A42F0010255
:10E4C000DA62DA6A22F00102DA6201207047144B44
:10E4D000984209D14FF0B043DA6A42F00202DA62A0
:10E4E000DA6A22F00202EFE70E4B984209D14FF0B0
:10E4F000B043DA6A42F00402DA62DA6A22F0040215
:10E50000E2E7094B984209D14FF0B043DA6A42F092
:10E510008002DA62DA6A22F08002D5E700207047D2
:10E520000004004800080048001C00482DE9F84F8E
:10E530000E460F6897FAA7F54FF0010BB5FA85F56F
:10E540004FF0030A4FF00F0837FA05F302D101200C
:10E55000BDE8F88F0BFA05F43C4053D0D6F8049090
:10E5600021464A46FFF78EFF09F1FF33012B19D8E8
:10E57000B368816894FAA4F2B2FA82F252000AFAFD
:10E5800002F221EA020294FAA4F1B1FA81F14900FF
:10E590008B40134383604268F36822EA04026343BA
:10E5A000134343603369C16894FAA4F2B2FA82F269
:10E5B00052000AFA02F221EA020294FAA4F1B1FA34
:10E5C00081F149008B401343B9F1020FC36015D1AB
:10E5D000FF2C716918D8026A94FAA4F3B3FA83F392
:10E5E0009B0008FA03F322EA030294FAA4F3B3FAB5
:10E5F00083F39B0001FA03F3134303624A46214667
:10E60000FFF740FF01359FE7426A230A93FAA3FC14
:10E61000BCFA8CFC4FEA8C0C08FA0CFC22EA0C02C7
:10E6200093FAA3F3B3FA83F39B0099401143416239
:10E63000E4E74FF0B0431868C0F3005070474FF064
:10E64000B0431868C0F3802070474FF0B043D3F850
:10E650009000C0F3400070474FF0B0431868C0F31B
:10E66000C00070474FF0B0431868C0F34060704777
:10E670004FF0B043044A9B68C3F3031352F82330AE
:10E68000B0FBF3F0704700BF8C4F01084FF0B04370
:10E69000034A9B68C3F3022352F82330D8407047E3
:10E6A000CC4F01084FF0B04238B5916801F00C0131
:10E6B000082950D017D889B3042900F08C80FFF7BF
:10E6C000CBFF46490246002876D1FFF7C5FF4FF041
:10E6D000B043012816BFD3F894201B68C2F303226D
:10E6E00051F822002AE00C29E9D1D36803F0030392
:10E6F000022B5FD0032B37D0FFF7AEFF374C01461C
:10E7000000284AD1FFF7A8FF012816BFD2F89410BD
:10E710001368C1F3032154F821302CE0FFF79CFF6C
:10E720002E4D044658B9FFF797FF012816BFD2F8BF
:10E7300094401368C4F3032455F8240038BDFFF750
:10E740008BFF01280ABF1168D2F89430C1F303117E
:10E7500055F82100F2E7FFF76CFF214B01462148F5
:10E76000012908BF1846E9E7FFF763FF1D4A1C4B64
:10E77000012818BF13464FF0B042D068D168D26864
:10E78000C0F306205843C1F302130133B0FBF3F08A
:10E79000530F0133B0FBF3F0D0E7FFF75DFF012823
:10E7A0000BBF1368D2F89430C3F30313002354F85B
:10E7B0002330E0E70A4BDEE7FFF74EFF4FF0B043B0
:10E7C00001280BBF1B68D3F89430C3F30313002355
:10E7D00051F82300B2E70248B0E700BFEC4F010850
:10E7E0000024F4000048E8014FF0B04307B51A6870
:10E7F00042F001021A601A689207FCD51A6822F0EA
:10E80000F00242F060021A605A6822F47F425A60B5
:10E810005A6822F0FE4242F080425A604FF4E022F1
:10E820009A601A6801920199104A0A400192019A6D
:10E830001A60FFF717FF0028FBD14FF0B0430C4AD6
:10E84000DA6040F23F3298610192019A1A62D3F87D
:10E85000942042F40002C3F8942001204FF4403287
:10E86000C3F8082103B05DF804FB00BFFFF4CEFE3F
:10E870000010042210B54FF0B0440328D4F88830BB
:10E880002AD11F4A03F0030343F44033934209D0D3
:10E89000B3F1031F0DD0013A934211D1BDE81040EE
:10E8A000FFF700BFFFF7CBFE0128164818BF002076
:10E8B00010BDFFF7CAFE431E58425841C003F7E798
:10E8C000FFF7F0FEFFF7D4FEA3680F4AC3F3C2239D
:10E8D00052F82330D840EBE7034043EA00400B4BAB
:10E8E0009842DFD0B0F10C1FE3D0043B9842D5D062
:10E8F000FFF7D8FEFFF7BCFEBDE81040FFF7C6BE2D
:10E90000020003000024F400CC4F010808000C00B2
:10E910000F4B98420BD14FF0B0431A6C42F4805227
:10E920001A641A6C22F480521A6401207047094B51
:10E9300098420AD14FF0B0439A6B42F480429A63F6
:10E940009A6B22F480429A63EFE70020704700BF81
:10E95000003001400038004003685B0670B5024695
:10E960002DD4D1E900363343CE68056848690C6A76
:10E9700033430E6933438E6903433343CE6925F431
:10E980007F45334325F0BF0523432B431360536872
:10E990008D6823F4706323F0040345EA10401843A4
:10E9A000B5F5006F50603EBF536843F48053536029
:10E9B000B4F5005F01D18B8C1361012000E00020D1
:10E9C000D36923F40063D36170BD00001A4A036861
:10E9D000904210B502D0B0F1804F09D14C6823F0BD
:10E9E0007003904243EA040309D0B0F1804F06D08F
:10E9F000124A904203D002F58062904203D1CA6865
:10EA000023F44073134303608B68C3620B888362F3
:10EA1000094B984207D003F5C053984203D003F541
:10EA20008063984201D10B690363436943F001039A
:10EA30004361012010BD00BF002C01400044014093
:10EA40000F4B98420BD14FF0B0431A6C42F4804206
:10EA50001A641A6C22F480421A6401207047094B30
:10EA600098420AD14FF0B0439A6B42F400329A6355
:10EA70009A6B22F400329A63EFE70020704700BFE0
:10EA8000003801400044004038B50368DB07044605
:10EA90000D464DD42A69AB68016813436A69134374
:10EAA000EA691343234A0A40134303604368EA6850
:10EAB00023F44053134343608368AA6923F44073EB
:10EAC000134383601C4B984220D10320FFF7D2FEF2
:10EAD0002B68F0B16A68E2B10B2B15D8174951F8D1
:10EAE0002330E969B0FBF3F0B1F5004F4FEA520370
:10EAF00019D103EB4003B3FBF2F34FF6F0721A4067
:10EB0000C3F342031343E360012003E00C4B98423C
:10EB100007D00020E26A2B8822F00F021343E36241
:10EB200038BD0C20D2E70344B3FBF2F39BB2EAE713
:10EB30000020F5E7F369FFEF003801402C50010891
:10EB40000044004010B53024632807D80C703021F1
:10EB5000092808D830301170187010BD013464389D
:10EB6000E4B2C0B2F0E701310A38C9B2C0B2EFE78F
:10EB700030B5302442F20F75A84212D80C70302103
:10EB8000B0F57A7F14D211703022632816D81A702B
:10EB90003023092817D8039A1370049B303018705B
:10EBA00030BDA0F51C5001341038E4B280B2E3E768
:10EBB0000131A0F57A70C9B280B2E1E70132643860
:10EBC000D2B280B2E1E701330A38DBB280B2E0E7CB
:10EBD00070B5324D324E3024A84232D80C70314DCF
:10EBE000314C3021A04230D8117030493022884257
:10EBF0002FD21A702E4A302390422ED8049A1370C6
:10EC00002C4A302390422FD8059A1370302342F2B9
:10EC10000F7290422ED8069A13703023B0F57A7F87
:10EC20002ED2079A1370302363282ED8089A1370B7
:10EC3000302309282DD8099A13700A9B3030187098
:10EC400070BD0134E4B23044C6E70131C9B2284492
:10EC5000C8E70132D2B2401AC9E70133A0F57420E7
:10EC6000DBB2A0F51070C7E70133A0F5C330DBB20B
:10EC7000A038C7E70133A0F51C50DBB21038C8E755
:10EC80000133DBB2A0F57A70C8E70133DBB2643838
:10EC9000CAE70133DBB20A38CBE700BFFFC99A3BB2
:10ECA000003665C4001F0AFAFFE0F505809698005B
:10ECB0003F420F009F86010010B58B1C0C464A1C7A
:10ECC000FFF740FF0023E37010BD002810B50C468D
:10ECD0000FDA10F1800F0FD04042C0B22D22234630
:10ECE000611C03F8032BA21CFFF72CFF00232371E8
:10ECF00010BDC0B22022F2E72D228020EFE713B52D
:10ED00000B1D0193CB1C00934A1C8B1C0C46FFF778
:10ED10002FFF0023637102B010BD10B588B001F160
:10ED20000903069301F108030593CB1D04938B1D82
:10ED300003934B1D02930B1D0193CB1C00934A1CA4
:10ED40008B1C0C46FFF744FF0023A37208B010BDD4
:10ED50000A2230B501231446824207D95A1E12B244
:10ED60000A24150406D50022CA5430BD01339BB2D3
:10ED70006243F1E7B0FBF4F504FB15003030885432
:10ED80002846013AEDE7031E10B50C4603DBBDE84B
:10ED90001040FFF7DDBF58420131FFF7D9FF2D23A7
:10EDA000237010BD10B5034C2146FFF785FF2046A8
:10EDB00010BD00BF8C41002010B5034C2146FFF769
:10EDC00084FF204610BD00BF8C41002010B5034CCD
:10EDD0002146FFF794FF204610BD00BF8C41002064
:10EDE00010B5034C2146FFF798FF204610BD00BF29
:10EDF0008C41002013B503688DF807109C680DF155
:10EE000007010123A04702B010BD07B503688DF8C4
:10EE100007101B6901220DF10701984703B05DF847
:10EE200004FB2DE9F0411D46036804465B690F466B
:10EE300016469847236820461B689847221D394686
:10EE40002046FFF7D7FF2DB123682A461B693146BC
:10EE500020469847236820465B68984723682046E9
:10EE60009B69BDE8F0410C2118472DE9F0411E4691
:10EE7000036804465B6915460F4698472368204699
:10EE80001B689847221D39462046FFF7B3FF2046EE
:10EE90000021FFF7BAFF23682046DB683246294687
:10EEA0009847236820465B68BDE8F04118472DE984
:10EEB000F0411F46036804465B690D4616469847B5
:10EEC000236820461B689847221D20460D21FFF726
:10EED00091FF290A2046FFF798FFE9B22046FFF785
:10EEE00094FF236831463A4620461B6998472368B9
:10EEF00020465B689847236820469B69BDE8F0413F
:10EF00000C21184707B501238DF807200DF10702E2
:10EF1000FFF7CDFF03B05DF804FB2DE9F0411F467C
:10EF2000036804465B690D461646984723682046E9
:10EF30001B689847221D20461D21FFF75BFF290A09
:10EF40002046FFF762FFE9B22046FFF75EFF20464A
:10EF50000021FFF75AFF23682046DB683A46314616
:10EF60009847236820465B68BDE8F041184707B51D
:10EF700001230DF10702FFF7D0FF9DF8070003B052
:10EF80005DF804FB2DE9F0411E46036804465B6909
:10EF90000F4615469847236820461B689847221D50
:10EFA00020460E21FFF726FF39462046FFF72DFFAA
:10EFB00023682946324620461B6998472368204625
:10EFC0005B689847236820469B69BDE8F0410C21A7
:10EFD00018472DE9F0411E46036804465B690F4659
:10EFE00015469847236820461B689847221D2046EF
:10EFF0001E21FFF7FFFE39462046FFF706FF204699
:10F000000021FFF702FF23682046DB6832462946CD
:10F010009847236820465B68BDE8F041184710B563
:10F02000002304461A46C021FFF7FBFE207910BDDD
:10F0300037B504460D468DF80710012380210DF1E8
:10F040000702FFF7EEFE2368012D9B690CBF3221FA
:10F0500040F2DC51204603B0BDE83040184737B5D8
:10F0600001230C468DF807100DF107028A21054691
:10F07000FFF7D7FEAC7103B030BD07B5042309BA62
:10F0800001910DEB03028621FFF7CBFE03B05DF883
:10F0900004FB07B502238DF804108DF805208F219D
:10F0A00001AAFFF7BEFE03B05DF804FB37B58DF88B
:10F0B000063000238DF807300423044615468DF8EA
:10F0C00004108DF805208B210DEB0302FFF7A9FE3C
:10F0D00040F689012046FFF74AFF062D16BF40F093
:10F0E000040200F0FB02D2B240F6890120468DF8FE
:10F0F0000420FFF707FF03B030BD73B515468DF848
:10F10000033000229DF818309DF81C608DF8002017
:10F1100004468DF801108DF804308C2106236A46D0
:10F120008DF802508DF80560FFF77BFE40F23671D6
:10F130002046FFF71CFF5EB100F0FB0240F2367183
:10F1400020468DF80020FFF7DDFE657102B070BD2E
:10F1500040F00402D2B2F1E707B55BBAADF8043073
:10F16000BDF810305BBAADF8063049BA082352BA80
:10F17000ADF80010ADF8022019466A46FFF751FEBF
:10F1800003B05DF804FB07B5022301AA1221FFF7C3
:10F190006CFE9DF804309DF8050000EB032080B262
:10F1A00003B05DF804FB07B5022349BAADF80410BB
:10F1B00001AA1946FFF735FE03B05DF804FB07B559
:10F1C00002238DF804108DF805208E2101AAFFF787
:10F1D00028FE03B05DF804FB13B56FF07F4399423E
:10F1E00028BF19460B0C04468DF804300B0A8DF825
:10F1F00005308DF8061001AA03238321FFF711FEC5
:10F20000236864219B692046984702B010BD13B55E
:10F210006FF07F43994228BF19460B0C04468DF8C6
:10F2200004300B0A8DF805308DF8061001AA03236F
:10F230008221FFF7F6FD236864219B6920469847E9
:10F2400002B010BD37B503230D461446142101AAA0
:10F25000FFF70BFE9DF804305B085B422B809DF9A5
:10F260000530002BB8BF03339B10237003B030BDB3
:10F2700010B543680D4A23F07F4323F0FF03934208
:10F28000044611D1002240F60211FFF73BFE40F682
:10F2900044112046FFF76BFE40F00202D2B240F666
:10F2A00044112046FFF72EFE10BD00BF00010100F3
:10F2B00070B505460E46FFF766FF31460446284600
:10F2C000FFF771FFA30702D52846FFF7D1FF2046BD
:10F2D00070BD07B5002914BF402320238DF80730E7
:10F2E0000DF1070201239321FFF79BFD03B05DF8A9
:10F2F00004FB10B5002304461A46C121FFF791FD17
:10F30000236820469B69BDE810404621184708B590
:10F31000FFF785FE80B208BD07B50023ADF80430C5
:10F3200001AA02230721FFF77CFD03B05DF804FB6F
:10F3300007B5130C8DF8053052BA04238DF804106C
:10F34000ADF8062097210DEB0302FFF76AFD03B02D
:10F350005DF804FB08B50A4640F6AC01FFF7D2FDA4
:10F3600008BD10B540F6D8010446FFF700FE40F096
:10F370001E02D2B240F6D8012046FFF7C3FD10BDF1
:10F3800008B50A4640F6E701FFF7BCFD08BD0000DE
:10F3900007B5054B019304230DEB03029521FFF7FD
:10F3A00040FD03B05DF804FB0407000107B502232C
:10F3B0008DF804108DF80520982101AAFFF731FD82
:10F3C00003B05DF804FB000013B504461C48B0FB15
:10F3D000F1F1080C8DF80000080A8DF8010004987E
:10F3E0008DF803208DF804308DF80210F1F772F8D3
:10F3F00011A3D3E90023F1F711FAF1F7F7FA030C9F
:10F400008DF8053043BA6A46ADF806302046082329
:10F410008B21FFF706FD40F689012046FFF7A7FD87
:10F4200040F00402D2B240F6890120468DF8002057
:10F43000FFF768FD02B010BD000000008084EE3FC1
:10F440000000093D1FB58DF807309DF818308DF884
:10F4500008309DF81C308DF809309DF820308DF86B
:10F460000A309DF824308DF80B3049BA9DF82830C9
:10F47000ADF804108DF806208DF80C3001AA092390
:10F480008C21FFF7CEFC05B05DF804FB07B5002327
:10F4900049BAADF80010ADF8023001936A4608236E
:10F4A0004FF4D861FFF703FD03B05DF804FB13B51B
:10F4B00003230C4601AA1421FFF7D7FC9DF8063060
:10F4C0005B085B42238002B010BD000038B50446E3
:10F4D00000F03CFA214605462046F1F77BFD80B955
:10F4E000204600F067F84FF07E51F1F769FD40B11A
:10F4F00001F0AEFC21230360BDE83840024800F073
:10F5000097B8284638BD00BF391D010800F060BB20
:10F5100038B5054600F090F8294604462846F1F72C
:10F5200059FD68B900212846F1F72CFD40B101F0E2
:10F530008FFC2123002103600846F1F739FC0446C3
:10F54000204638BD07B51A4A20F0004393420146D1
:10F5500005DC002103B05DF804EB00F001B9B3F164
:10F56000FF4F04DBF1F766FA03B05DF804FB694670
:10F5700000F0B4FB00F00302012A07D0022A0CD0ED
:10F5800082B90199009800F0EBF8EDE70199009835
:10F5900000F066F900F10040E6E70199009800F0FC
:10F5A000DFF8F7E701990098012200F059F9DBE74D
:10F5B000D80F493F20F000407047000007B51B4AB4
:10F5C00020F000439342014606DC0022002103B0F4
:10F5D0005DF804EB00F044B9B3F1FF4F04DBF1F741
:10F5E00029FA03B05DF804FB694600F077FB00F0F0
:10F5F0000300012808D002280BD090B90199009887
:10F60000012200F02DF9ECE70199009800F0A8F82C
:10F61000E7E701990098012200F022F900F100408B
:10F62000DFE70199009800F09BF8F7E7D80F493F12
:10F63000004870470000C07F20F00042B2F1FF4F49
:10F640002DE9F041034604460AD30146F1F7FCFADE
:10F6500001462046F1F7F0F904462046BDE8F08166
:10F66000002AFAD0002806DA0146F1F7E3F901464C
:10F67000F1F79EFBF0E710F0FF424FEAE0513DD07A
:10F68000C3F3160343F40003CA07A1F17F0558BF73
:10F690005B0000246D105B00192026464FF080713E
:10F6A00072189A42DDBF561864189A1A1A46013821
:10F6B0004FEA42034FEA5101F2D1BAB1144E154F4D
:10F6C00030683968D6F80080F1F7B4F90146404651
:10F6D000F1F762FC50B1306839683668F1F7ACF97F
:10F6E00001463046F1F74EFC68B10234641004F173
:10F6F0007C5404EBC554B0E75B0001321802FBD523
:10F70000013A891ABCE7013424F00104EEE700BF96
:10F71000780200207C020020C0F3C7537F3B162BE9
:10F7200010B5014614DC002B07DA013300F000416C
:10F7300001D141F07E51084610BD084A1A411042DD
:10F74000F9D04FF480011941014421EA0201F2E7A6
:10F75000802BF0D1F1F770F90146ECE7FFFF7F0055
:10F760002DE9F04120F00044B4F1485F0646884698
:10F7700003DAF1F745FC00285CD031463046F1F75A
:10F7800063FA4FF07C510546F1F75EFA2B490746C4
:10F790002846F1F759FA2A49F1F74EF92946F1F7C7
:10F7A00053FA2849F1F746F92946F1F74DFA264967
:10F7B000F1F742F92946F1F747FA2449F1F73AF906
:10F7C0002946F1F741FA2249F1F736F92946F1F7CE
:10F7D0003BFA2946F1F738FA414605463046F1F73B
:10F7E00033FA01462846F1F725F91A4B9C420546A3
:10F7F0000ADC01463846F1F71DF901464FF07E500C
:10F80000F1F718F9BDE8F081134B9C42CCBF134CC3
:10F8100004F17F4421464FF07E50F1F70BF9214669
:10F8200006463846F1F706F92946F1F703F901468D
:10F830003046E5E74FF07E50E4E700BF4ED747ADD6
:10F84000F6740F317CF29334010DD037610BB63A68
:10F85000ABAA2A3D9999993E0000483F0000903E8E
:10F860002DE9F84320F00043B3F1485F04460F460A
:10F87000914603DAF1F7C4FB002835D02146204633
:10F88000F1F7E2F9054601462046F1F7DDF929498D
:10F8900006462846F1F7D8F92749F1F7CBF829466B
:10F8A000F1F7D2F92549F1F7C7F82946F1F7CCF974
:10F8B0002349F1F7BFF82946F1F7C6F92149F1F7D5
:10F8C000BBF88046B9F1000F11D101462846F1F787
:10F8D000BBF91D49F1F7AEF83146F1F7B5F901462C
:10F8E0002046F1F7A9F804462046BDE8F8834FF01A
:10F8F0007C513846F1F7A8F9414681463046F1F788
:10F90000A3F901464846F1F795F82946F1F79CF925
:10F910003946F1F78FF80C4905463046F1F794F96E
:10F9200001462846F1F788F801462046F1F782F8AB
:10F93000D9E700BFD3C92E2F342FD7321BEF38366B
:10F94000010D50398988083CABAA2A3E2DE9F047C1
:10F9500020F00048B8F17E5F044605460CD18C4982
:10F96000F1F772F98B4905462046F1F76DF901462A
:10F970002846F1F761F806E009DD0146F1F75AF88B
:10F980000146F1F715FA04462046BDE8F087B8F1C4
:10F990007C5F0BDAB8F1485F73DA7F49F1F74CF816
:10F9A0004FF07E51F1F70CFB0028EDD12046FFF718
:10F9B00001FE01464FF07E50F1F73CF84FF07C51CC
:10F9C000F1F742F975490646F1F73EF97449F1F746
:10F9D00033F83146F1F738F97249F1F72BF831462F
:10F9E000F1F732F97049F1F727F83146F1F72CF9C0
:10F9F0006E49F1F71FF83146F1F726F96C49F1F736
:10FA00001BF83146F1F720F96A4981463046F1F793
:10FA10001BF96949F1F70EF83146F1F715F9674915
:10FA2000F1F70AF83146F1F70FF96549F1F702F8F5
:10FA30003146F1F709F94FF07E51F0F7FDFF8246AC
:10FA40003046FFF7F9FD5F4B9845074663DD5146A9
:10FA50004846F1F7ADF93946F1F7F6F83946F0F7CF
:10FA6000EBFF0146F0F7E8FF5749F0F7E5FF0146E5
:10FA70004748F0F7DFFF002D0446D8BF00F10044EF
:10FA800082E70146F1F7E0F844490546F1F7DCF872
:10FA90004349F0F7D1FF2946F1F7D6F84149F0F78D
:10FAA000C9FF2946F1F7D0F83F49F0F7C5FF2946CD
:10FAB000F1F7CAF83D49F0F7BDFF2946F1F7C4F860
:10FAC0003B49F0F7B9FF2946F1F7BEF83949064638
:10FAD0002846F1F7B9F83849F0F7ACFF2946F1F7B5
:10FAE000B3F83649F0F7A8FF2946F1F7ADF83449E5
:10FAF000F0F7A0FF2946F1F7A7F84FF07E51F0F795
:10FB00009BFF01463046F1F753F92146F1F79CF887
:10FB1000014620462DE7014620F47F68F0F78CFF70
:10FB2000514604464846F1F743F901462046F1F7AD
:10FB30008BF828F00F08814641464046F1F784F8DB
:10FB400001463046F0F776FF414604463846F0F766
:10FB500073FF01462046F1F72BF90146F0F76CFFE1
:10FB600001460C48F0F766FF01464846F0F762FF91
:10FB7000414604464046F0F75FFF01461348F0F760
:10FB800059FF01462046F0F755FF01460F4870E740
:10FB9000DB0FC93F2EBD3BB3CAF2497108EF1138E4
:10FBA000047F4F3A4611243DA80A4E3E90B0A63E2F
:10FBB000ABAA2A3E2EC69D3D6133303F2D570140F2
:10FBC00039D119409999793F2EBD3B33DB0F493F1D
:10FBD000F8B521F00046B6F1FF4F034605DC20F0F2
:10FBE0000042B2F1FF4F074604DD1846F0F724FF4C
:10FBF000034611E0B1F17E5F03D1BDE8F84000F0AB
:10FC0000CBB98C1704F0020444EAD07432B9022C48
:10FC10004CD0032C00D1294B1846F8BD1EB9002F3B
:10FC20004ADA274BF8E7B6F1FF4F0ED1B2F1FF4F9A
:10FC300004F1FF3405D1022C3AD8224B53F824307A
:10FC4000EAE7022C36D8204BF8E7B2F1FF4FE6D0B6
:10FC5000921BB2F1F45F4FEAE25017DA002901DAA1
:10FC60003C3015DB1846F1F7A3F8FFF7A3FC00F0D2
:10FC700093F90346012C0DD0022C0ED0002CCBD0D2
:10FC800012491846F0F7D8FE11490CE0114BF1E784
:10FC90000023EFE703F10043BEE70C491846F0F7F5
:10FCA000CBFE01460A48F0F7C5FEA1E7084BB3E7D3
:10FCB000094BB1E70023AFE7064BADE7DB0F49C0C7
:10FCC000DB0FC9BF5C500108685001082EBDBB3373
:10FCD000DB0F4940DB0FC93FDB0F493F2DE9F04FF8
:10FCE000A04A20F00046964287B00C46824604DCCB
:10FCF000002308604B6000251AE09B4A96424BDCCB
:10FD000000289A499A4F26F00F0623DDF0F792FE5D
:10FD1000BE42054610D09749F0F78CFE01462060A0
:10FD20002846F0F787FE9349F0F784FE01256060CE
:10FD3000284607B0BDE8F08F8F49F0F77BFE8F496A
:10FD40000546F0F777FE014620602846F0F772FE80
:10FD50008A49E9E7F0F770FEBE4205460ED08549B4
:10FD6000F0F76AFE014620602846F0F763FE8149FD
:10FD7000F0F762FE4FF0FF356060D9E77E49F0F79B
:10FD80005BFE7E490546F0F757FE01462060284697
:10FD9000F0F750FE7949EBE7794A964200F39180FB
:10FDA000FFF708FC77490746F0F74EFF4FF07C510C
:10FDB000F0F742FEF1F724F90546F0F7F1FE6B4942
:10FDC0008146F0F741FF01463846F0F733FE6949B6
:10FDD00080464846F0F738FF1F2D07460CDC6A4A7C
:10FDE000691E26F0FF0352F82120934204D03946C1
:10FDF0004046F0F71FFE0BE039464046F0F71AFE8A
:10FE0000C0F3C753C3EBD653082B4FEAE65B01DCC4
:10FE1000206026E058494846F0F716FF074601469D
:10FE20004046F0F707FE014606464046F0F702FE60
:10FE30003946F0F7FFFD514907464846F0F704FF01
:10FE40003946F0F7F7FD014607463046F0F7F2FD78
:10FE5000C0F3C753ABEB030BBBF1190F16DC2060EB
:10FE6000B046266840463146F0F7E4FD3946F0F7E3
:10FE7000E1FDBAF1000F6060BFF65AAF06F100462F
:10FE800000F10040266060606D4251E73F494846FE
:10FE9000F0F7DAFE074601463046F0F7CBFD0146A3
:10FEA00080463046F0F7C6FD3946F0F7C3FD3849C5
:10FEB00006464846F0F7C8FE3146F0F7BBFD074658
:10FEC00095E7B6F1FF4F05DB0146F0F7B3FD606043
:10FED000206010E7F715863FA6EBC7563046F1F7CE
:10FEE0008FF8F0F75DFE014603903046F0F7A2FD73
:10FEF0004FF08741F0F7A8FE0646F1F781F8F0F7DA
:10FF00004FFE0146049005463046F0F793FD4FF052
:10FF10008741F0F799FE00210590F1F729F8F0B13B
:10FF200000212846F1F724F8002814BF01230223FA
:10FF3000184A01920222009221463A4603A800F094
:10FF400037F9BAF1000F0546BFF6F2AE236803F1A8
:10FF500000432360636803F10043636094E7032375
:10FF6000E6E700BFD80F493FE3CB1640800FC93FFB
:10FF7000D00FC93F434435370044353708A3852E99
:10FF8000800F494384F9223F7450010800A3852E55
:10FF900032318D24F45001082DE9F04120F0004564
:10FFA000B5F1A14F044680460EDBB5F1FF4F04DDED
:10FFB0000146F0F741FD044603E0002800F3CE803F
:10FFC000674C2046BDE8F081664B9D420EDCB5F1E2
:10FFD000445F08DA6449F0F72FFD4FF07E51F0F7E7
:10FFE000EFFF0028EDD14FF0FF361CE0FFF7E2FAFB
:10FFF0005E4B9D4204467CDCA3F5D0039D4267DC4A
:020000040801F1
:100000000146F0F719FD4FF07E51F0F713FD4FF068
:10001000804105462046F0F70FFD01462846F0F7DF
:10002000C7FE0026044621462046F0F70DFE014695
:100030000746F0F709FE4E490546F0F705FE4D4923
:10004000F0F7FAFC2946F0F7FFFD4B49F0F7F4FC16
:100050002946F0F7F9FD4949F0F7EEFC2946F0F79B
:10006000F3FD4749F0F7E8FC2946F0F7EDFD454977
:10007000F0F7E2FC3946F0F7E7FD4349074628462A
:10008000F0F7E2FD4149F0F7D5FC2946F0F7DCFD39
:100090003F49F0F7CFFC2946F0F7D6FD3D49F0F790
:1000A000C9FC2946F0F7D0FD3B49F0F7C3FC2946CF
:1000B000F0F7CAFD01463846F0F7BEFC2146F0F7DE
:1000C000C3FD731C014633D12046F0F7B3FC72E741
:1000D0004FF07E51F0F7AEFC4FF07E5105462046C2
:1000E000F0F7AAFC01462846F0F762FE0126044616
:1000F00099E72A4B9D4214DC4FF07F51F0F79AFCB0
:100100004FF07F5105462046F0F79EFD4FF07E519F
:10011000F0F792FC01462846F0F74AFE0226044614
:1001200081E701461E48F0F743FE032604467AE7BE
:100130001C4B53F82610F0F77DFC2146F0F77AFCB3
:10014000194B014653F82600F0F774FCB8F1000F84
:100150000446BFF636AF00F1004432E7134C30E7F7
:10016000DB0FC9BFFFFFDF3ECAF24971FFFF973FB8
:10017000D769853C59DA4B3D356B883D6E2EBA3DCB
:100180002549123EABAAAA3E21A215BD6BF16E3DD8
:1001900095879D3D388EE33DCDCC4C3EFFFF1B4007
:1001A000000080BF1C5401080C540108DB0FC93F3C
:1001B0002DE9F04FDBB002920493649ABB4B05909B
:1001C00053F822300193049B0091013B0393029B5F
:1001D0001A1DC0F29B80DC1E48BF1C1DE410671C6A
:1001E000FB000693029B039AA3EBC707019B03EB5B
:1001F0000209659BA4EB02081EAE03EB880A0025EA
:100200004FF0000B4D4540F38380049A1EAB03EB87
:1002100082050DF58C7B4FF000090023019A914572
:1002200040F39E8013460AAA02EB83030893659B62
:10023000DDF8048003EB840307935AAB03EB8803D8
:100240000AAC53F8505C2646C3464FF087490DF57B
:100250008C7ABBF1000F00F388803946284600F005
:100260005BFA4FF078510546F0F7EEFC00F0A0FA8B
:100270004FF08241F0F7E8FC01462846F0F7DAFB40
:100280000546F0F7BDFE0646F0F78AFC0146284613
:10029000F0F7D0FB002F814640F3868008F1FF3253
:1002A0000AABC7F1080153F8225045FA01F31E4486
:1002B0008B40ED1A0AAB43F82250C7F107031D41EA
:1002C000002D7FDD002201369246904500F3B0807C
:1002D000002F05DD012F00F0BD80022F00F0C5804A
:1002E000022D6FD149464FF07E50F0F7A3FB8146B7
:1002F000BAF1000F66D039464FF07E5000F00CFA8C
:1003000001464846F0F796FB81465BE0002466E72D
:1003100018EB050F07D45AF82500F0F741FC46F812
:10032000040B01356EE75846F9E70793059BDAF8A9
:10033000001053F82800F0F787FC01463046F0F72C
:100340007BFB079B064608F10108039A9045AAF13A
:10035000040AEADD4BF8046B09F1010904355DE795
:10036000AA461E464FF00008EFE74FF06E512846B0
:10037000F0F76AFCF0F744FEF0F712FC49460990EA
:10038000F0F762FC01462846F0F754FBF0F738FE20
:100390000BF1FF3B099B46F8040B5AF82B1018464B
:1003A000F0F74AFB054654E706D108F1FF330AAAE5
:1003B00052F82350ED1183E74FF07C51F0F7F6FD32
:1003C000054698BB00214846F0F7D2FD002800F012
:1003D000988008F1FF342346002201998B424CDAC1
:1003E000002A67D00AAB083F53F82430002B00F0F6
:1003F000868039464FF07E5000F08EF9A246814645
:1004000046AF4FF06E58BAF1000F80F2AF8027462A
:100410000022002FC0F2D98046A9254B01EB870BA3
:1004200090464FF0000AA4EB0709C2E0022549E715
:100430002368BAF1000F08D11BB1C3F580732360A4
:100440000123013204349A463FE7C3F1FF032360DE
:100450005346F6E708F1FF320AAB53F8223003F0B7
:100460007F030AA941F822303AE708F1FF320AABCC
:1004700053F8223003F03F03F3E70AA951F82310A1
:10048000013B0A43A9E7013453F8042D002AFAD0AE
:10049000049B1EAA434408F1010602EB8305444471
:1004A0000DF58C79B44208DAA046C6E65854010826
:1004B0002C540108089B0124E6E7079B53F826000B
:1004C000F0F76EFBAB4628604FF0000A4FF00008D3
:1004D000039B9A4504DD49F8268004350136E1E79F
:1004E000059B5BF8040953F82A10F0F7ADFB0146B1
:1004F0004046F0F7A1FA0AF1010A8046E8E7013C1C
:1005000070E7069B029A4846991A00F005F94FF0E9
:1005100087410446F0F74AFD00B34FF06E51204684
:10052000F0F792FBF0F76CFDF0F73AFB4FF08741E4
:100530008146F0F789FB01462046F0F77BFAF0F799
:100540005FFD0AAB08F1010443F828004846F0F7C4
:1005500057FD0AAB083743F824004AE72046F0F776
:100560004FFD0AAB444643F8280042E70AAB53F874
:100570002A00F0F715FB4946F0F766FB414647F8BD
:100580002A004846F0F760FB0AF1FF3A81463AE755
:1005900053F8040B5BF8041B03920293F0F754FB2F
:1005A00001464046F0F748FADDE9023280460AF19A
:1005B000010A01998A4501DCCA45E9DD5AAB03EB22
:1005C0008909013F49F8A08C23E7649B022B07DCD3
:1005D000002B4EDC2ED006F007005BB0BDE8F08F9C
:1005E000649B032BF7D10DF1C80B0BEB8407B846C6
:1005F000A246BAF1000F49DCA146B9F1010F60DC57
:100600000020012C76DC329A339B002D78D10099A2
:100610000A604B600A469060DDE757F82410F0F757
:100620000BFA013C002CF8DA0DB100F10040009B00
:100630001860D0E7002032AFF4E757F82810F0F741
:10064000FBF908F1FF38B8F1000FF6DAADB100F1AF
:100650000043009A014613603298F0F7EBF94FF02F
:10066000010844450BDA0DB100F10040009B5860D1
:10067000B1E7A046002032AFE5E70346E9E757F8C7
:10068000041FF0F7D9F908F10108EAE7D8F80030BB
:1006900058F8042C0293194610460192F0F7CCF951
:1006A000019A014681461046F0F7C4F9029B1946AB
:1006B000F0F7C2F948F804090AF1FF3AC8F80090C7
:1006C00097E757F8043CD7F800A001935146184625
:1006D000F0F7B2F9019B014680461846F0F7AAF9F7
:1006E0005146F0F7A9F947F8040909F1FF39C7F8AD
:1006F000008082E75BF82410F0F79EF9013C80E768
:10070000009902F1004203F100430A604B600A467F
:1007100000F100407FE700BF30F0004238B50346EB
:100720000D4604462ED0B2F1FF4F04D30146F0F738
:1007300083F9034626E010F0FF4F18D14FF098419F
:10074000F0F782FA174A954203460CDBC0F3C75212
:100750000446193A4CF250318D420ADD12491846CE
:1007600061F31E0000E01149F0F76EFAE1E7D20DE7
:10077000F0E75119FE29F1DC002905DD24F0FF44E2
:1007800044EAC153184638BD11F1160F01DA074982
:10079000E5E701F1190024F0FF444FF04C5144EA21
:1007A000C050E1E7B03CFFFFCAF249716042A20DC0
:1007B00070B5C0F3C7557F3D162D0146044620F0A5
:1007C000004625DC002D0EDA1649F0F735F9002138
:1007D000F0F7F6FB28B1002C22DA134B002E18BFDD
:1007E0001C4621461AE0114E2E41304216D00D49CA
:1007F000F0F722F90021F0F7E3FB0028F1D0002CFC
:10080000BEBF4FF400032B41E41824EA0604E8E7D6
:10081000B6F1FF4F02D3F0F70FF90146084670BD5D
:100820000024DEE7CAF24971000080BFFFFF7F00AD
:100830000A22002100F07EB8012B2DE9F047864600
:10084000904601D0242B06D900F002FB162303604A
:100850000020BDE8F08736480D462A4615F8014BC2
:10086000065D16F00806F8D12D2C2ED12C78012625
:10087000951C002B57D0102B09D1302C07D12A788A
:1008800002F0DF02582A49D16C781023023506F1B4
:10089000004C0CF1FF3C0022BCFBF3F9104603FBBB
:1008A00019CAA4F13007092F14D83C46A34220DD11
:1008B000571C07D0814519D301D1A24516DB00FB97
:1008C0000340012215F8014BEBE72B2C04BF2C78D9
:1008D000951CCEE7A4F14107192F01D8373CE5E775
:1008E000A4F16107192F04D8573CDFE74FF0FF321E
:1008F000E8E7531C08D12223CEF800306046B8F157
:10090000000FA6D0691E06E006B14042B8F1000F04
:100910009FD0002AF6D1C8F800109AE73024002BA7
:10092000B5D10823B3E7302CA9D00A23AFE700BF25
:100930006554010813460A46014602480068FFF75D
:100940007BBF00BFD8020020024B0344587800F060
:100950000300704764540108034B1B5C03F003035E
:10096000022B08BF2038704765540108002310B5DA
:100970000446C0E90033C0E90433836081814366E3
:10098000C2818361194608225C3000F00EF90D4BDC
:1009900063620D4BA3620D4BE3620D4B23630D4B62
:1009A00024629C4206D003F16802944202D0D03304
:1009B0009C4205D104F15800BDE8104000F072BA25
:1009C00010BD00BFF10A0108130B01084B0B010811
:1009D0006F0B0108AC410020024A0349034800F0B4
:1009E00069B800BF80020020151201088C020020A7
:1009F00041680C4B994210B5044601D000F00AFC46
:100A0000A168094B994202D0204600F003FCE1683E
:100A1000064B994204D02046BDE8104000F0FABBD6
:100A200010BD00BFAC410020144200207C420020D9
:100A300010B50B4B0B4C0C4A1A60204600220421C7
:100A4000FFF794FF04F1680001220921FFF78EFFF0
:100A500004F1D0000222BDE810401221FFF786BF4A
:100A6000E4420020AC410020D9090108014800F00F
:100A70001ABA00BFED420020014800F015BA00BFCD
:100A8000ED42002010B50446FFF7F0FF236A1BB1CA
:100A9000BDE81040FFF7F0BF044B2362044B1B6816
:100AA000002BF5D1FFF7C4FFF2E700BFF109010801
:100AB000E44200202DE9F843074688461446002604
:100AC000D4E90195B9F1010905D52468002CF7D1C5
:100AD0003046BDE8F883AB89012B07D9B5F90E3054
:100AE000013303D029463846C04706436835E9E755
:100AF00010B50C46B1F90E1000F086F90028ABBF16
:100B0000636DA3891B1823F48053ACBF6365A38175
:100B100010BD2DE9F0411F468B89DB0505460C46CB
:100B2000164605D5B1F90E100223002200F05AF93D
:100B3000A389B4F90E1023F48053A38132463B46B7
:100B40002846BDE8F04100F071B910B50C46B1F986
:100B50000E1000F047F9431CA38915BF606523F40C
:100B6000805343F48053A38118BFA38110BDB1F912
:100B70000E1000F027B9884210B501EB020402D92B
:100B80008442234607D8431EA14208D011F8012B06
:100B900003F8012FF8E7024401468A4200D110BD54
:100BA00013F8014D02F8014DF7E702440346934262
:100BB00000D1704703F8011BF9E710B5024614781D
:100BC00013460132002CFAD1013B11F8012B03F836
:100BD000012F002AF9D110BDC9B20346184613F8F7
:100BE000012B12B18A42F9D17047002918BF0020A9
:100BF000704710B56AB10139841810F8012B11F84B
:100C0000013F9A4203D1A04201D0002AF5D1D01A67
:100C100010BD1046FCE710B50139034632B111F89A
:100C2000014F03F8014B013A002CF7D11A4400217F
:100C3000934200D110BD03F8011BF9E738B50B4B07
:100C40001D686B6B044653B9242000F0ADF90246D1
:100C5000686320B9064B07483D2100F03DF9696BF8
:100C60002046BDE8384000F007B800BFD802002099
:100C7000655501087C5501082DE9F0414D4A0C46A7
:100C80000023D0E90001F0F701FA002ABCBF02F509
:100C9000A83202F5C0724FF4616100F52F20B2FB5B
:100CA000F1F301FB13224FF03C01ACBF00F66C20C6
:100CB00000F66B20A360B2FBF1F301FB132263602B
:100CC0002260C31C072293FBF2F2C2EBC2029B1A02
:100CD00048BF07330028A361B8BFA0F50E333649DB
:100CE000AEBF90FBF1F1A3F52C7393FBF1F1334B05
:100CF00003FB010048F6AC63B0FBF3F3034440F29E
:100D0000B45CB0FBFCF29B1A40F26D172C4AB0FBAE
:100D1000F2F264269B1AB3FBF7F2B3FBFCF3B2FBCF
:100D2000F6F5EB1A034407FB1233992003EB830714
:100D3000023703F1010EB7FBF0FC00FB0CF00230B0
:100D40004FF00508B0FBF8F0AEEB000040F2F95EA2
:100D5000774594BF02276FF0090767444FF4C87CBA
:100D60000CFB0121012F98BF0131B3F5997F0CD302
:100D7000A3F59973E361A1F26C710023E060C4E90B
:100D8000047123622046BDE8F08112F0030F02D106
:100D900006FB15255DB94FF4C875B2FBF5F605FBEA
:100DA0001622B2FA82F252093B331344E2E70122DF
:100DB000FAE700BF80510100B13A02004FC5FDFFC4
:100DC000B03A020038B5064D0023044608462B60B1
:100DD000FCF7B9FC431C02D12B6803B1236038BD7A
:100DE000E842002038B5074D044608461146002267
:100DF0002A601A46FCF7B1FC431C02D12B6803B1F0
:100E0000236038BDE842002038B5074D0446084647
:100E1000114600222A601A46FCF779FC431C02D1D5
:100E20002B6803B1236038BDE842002038B5074D78
:100E300004460846114600222A601A46FCF775FC53
:100E4000431C02D12B6803B1236038BDE842002067
:100E5000014B1868704700BFD802002070B50D4DD7
:100E60000D4C641BA4100026A64209D10B4D0C4C5E
:100E700000F050FE641BA4100026A64205D170BDF0
:100E800055F8043B98470136EEE755F8043B984780
:100E90000136F2E74C5601084C5601084C56010841
:100EA00054560108704770477047034611F8012BEC
:100EB00003F8012B002AF9D170470A44914200F14E
:100EC000FF3300D1704710B511F8014B03F8014F03
:100ED0009142F9D110BD00001FB514461A46094BC6
:100EE0001B680546D8684CB1074B0091CDE9013429
:100EF00006492B4600F0B6F900F0D6F9044B1C4623
:100F0000F3E700BFD8020020D4550108E1550108DD
:100F1000391D010838B50546002941D051F8043C77
:100F20000C1F002BB8BFE41800F0E6F81D4A136848
:100F300033B9636014602846BDE8384000F0E2B879
:100F4000A34208D9206821188B4201BF19685B6849
:100F500009182160EDE71A465B680BB1A342FAD984
:100F600011685018A0420BD12068014450188342E8
:100F70001160E0D118685B68536008441060DAE7DC
:100F800002D90C232B60D6E7206821188B4204BFBE
:100F900019685B68636004BF091821605460CAE780
:100FA00038BD00BFF0420020024B0146186800F037
:100FB00023B800BFD802002070B50E4E0C46316831
:100FC000054611B900F060F930602146284600F06E
:100FD0005BF9431C0AD0C41C24F00304A04207D0D0
:100FE000211A284600F050F9013001D14FF0FF34AA
:100FF000204670BDF44200202DE9F843CD1C25F0B9
:10100000030508350C2D38BF0C25002D074601DBE4
:10101000A94205D90C233B6000263046BDE8F88381
:10102000DFF8D08000F068F8D8F800301C465CBBD0
:1010300029463846FFF7C0FF431C044655D1D8F86F
:1010400000402646002E45D1002C48D0236831466A
:10105000384604EB030900F017F981453FD12168B8
:101060006D1A29463846FFF7A7FF013037D02368AD
:101070002B442360D8F80030002B38D05A68A242A5
:101080002BD100225A600FE02268521B1FD40B2A7A
:1010900017D96119A342256018BF5960636808BF5A
:1010A000C8F8001062514B60384604F10B0600F09E
:1010B00029F826F00706231DF21AAED09B1BA35079
:1010C000ABE7A3426268DDD1C8F80020ECE7234615
:1010D0006468ACE734467668B4E71346CCE70C2383
:1010E0003B60384600F00EF897E72560DCE75B6070
:1010F000FFDE00BFF04200200148FFF7D4BE00BF72
:10110000EC4200200148FFF7CFBE00BFEC420020B8
:101110008A89F8B5054610070C4657D44B68002B52
:1011200004DC0B6C002B01DC0020F8BDE66A002E0D
:10113000FAD0002312F480522F68216A2B6032D03B
:10114000606DA3895A0705D56368C01A636B0BB13C
:10115000236CC01A00230246E66A216A2846B0477B
:10116000431CA38906D129681D292BD8284A0A4186
:10117000D60727D400226260D9042269226004D5F0
:10118000421C01D12B6803B96065616B2F60002997
:10119000CAD004F14403994202D02846FFF7BAFEB0
:1011A00000206063C1E701232846B047411CC8D135
:1011B0002B68002BC5D01D2B01D0162B01D12F6021
:1011C000B2E7A38943F04003A381AEE70F69002F84
:1011D000AAD093070E6808BF4B690F6018BF0023A1
:1011E000F61B8B60002E9FDD216AD4F828C03346A1
:1011F0003A462846E047002806DCA38943F040032E
:10120000A3814FF0FF3090E70744361AEAE700BFAA
:10121000FEFFBFDF38B50B6905460C4613B9002544
:10122000284638BD18B1036A0BB9FFF72BFCB4F997
:101230000C30002BF3D0626ED00704D4990502D491
:10124000A06DFFF730FE28462146FFF761FF636E71
:10125000DA070546E4D4A3899B05E1D4A06DFFF726
:1012600023FEDDE70EB403B5014603AB054853F892
:10127000042B0068019300F045F802B05DF804EB20
:1012800003B07047D802002038B5064D002304464D
:1012900008462B60FCF764FA431C02D12B6803B1AB
:1012A000236038BDE842002008B5062000F092FB1C
:1012B0000120FCF726FA9368013B002B10B49360E1
:1012C00007DA9469A34201DB0A2902D110BC00F0BD
:1012D000C3BA1368581C10601970084610BC7047D8
:1012E000F8B506460F461446D518AC4201D1002089
:1012F00007E014F8011B3A463046FFF7DCFF431CB9
:10130000F3D1F8BD2DE9F04F0D469DB01446984637
:10131000064618B1036A0BB9FFF7B4FB6B6ED90729
:1013200005D4AB899A0502D4A86DFFF7BCFDAB8943
:101330001B0701D52B699BB92946304600F0CAFA34
:1013400070B16B6EDC0704D54FF0FF301DB0BDE807
:10135000F08FAB899805F7D4A86DFFF7A5FDF3E7EB
:101360000023099320238DF82930CDF80C803023F9
:10137000DFF8B0818DF82A304FF0010923469A46F4
:1013800013F8012B0AB1252AF9D1BAEB040B0BD0C3
:101390005B46224629463046FFF7A2FF013000F0A7
:1013A000A980099A5A4409929AF80030002B00F05B
:1013B000A18000234FF0FF32CDE905230AF1010A95
:1013C000049307938DF853301A935446052214F86A
:1013D000011B5448EEF7ECFE049AD8B9D10644BF7D
:1013E00020238DF85330130744BF2B238DF853303F
:1013F0009AF800302A2B15D0079A544600204FF057
:101400000A0C214611F8013B303B092B4DD9B0B1F4
:10141000079214E0A0EB080309FA03F313430493C3
:10142000A246D2E7039B191D1B680391002BBBBF8B
:101430005B4242F0020207930793B8BF04922378FD
:101440002E2B0CD163782A2B34D1039B1A1D1B68D9
:101450000392002BB8BF4FF0FF3302340593DFF83F
:10146000C8A0217803225046EEF7A2FE38B1049BB3
:10147000A0EB0A004022824013430134049314F885
:10148000011B2A488DF828100622EEF791FE00284D
:101490003FD0274B1BBB039B073323F007030833C5
:1014A0000393099B3B44099368E70CFB02320C460B
:1014B0000120A6E700230134059319464FF00A0CDA
:1014C000204610F8012B303A092A03D9002BC6D048
:1014D0000591C4E70CFB012104460123F0E703ABAF
:1014E00000932A46134B04A93046AFF30080074609
:1014F000781CD6D16B6ED90705D4AB899A0502D476
:10150000A86DFFF7D1FCAB895B063FF51DAF0998CD
:101510001CE703AB00932A46064B04A9304600F0B3
:1015200079F8E4E710560108165601081A56010822
:1015300000000000E11201082DE9F0471646994627
:101540008A680B69DDF820809342B8BF1346336088
:1015500091F8432007460C460AB1013333602368F3
:10156000990642BF336802333360256815F00605DB
:1015700006D104F1190AE36832689B1AAB4226DCF3
:1015800094F84320131E226818BF012392062BD41F
:1015900004F1430249463846C04701301ED0236853
:1015A000226903F00603042B02BFE5683368ED1AD5
:1015B000A3680CBF25EAE57500259342C4BF9B1ABA
:1015C000ED1800261A34B5421AD1002008E0012394
:1015D000524649463846C047013003D14FF0FF30EC
:1015E000BDE8F0870135C6E7E1185A1C302081F8C4
:1015F0004300224494F8451082F843100233C7E7B1
:101600000123224649463846C0470130E6D001361C
:10161000D9E700002DE9FF470F7E0C9D782F9146FA
:1016200080460C469A4601F1430207D8622F0AD839
:10163000002F00F0D480582F00F0C08004F1420544
:1016400084F842703AE0A7F16303152BF6D801A1A4
:1016500051F823F0AD160108C11601083D16010826
:101660003D1601083D1601083D160108C116010886
:101670003D1601083D1601083D1601083D160108FA
:10168000C5170108ED1601087F1701083D1601086E
:101690003D160108E71701083D160108ED1601087F
:1016A0003D1601083D160108871701082B681A1D11
:1016B0001B682A6004F1420584F8423001239FE050
:1016C00020682B68070603F10401296001D51E6814
:1016D00003E04606FBD5B3F90060002E03DA2D23A4
:1016E000764284F843305A480A2312E02B68206877
:1016F000191D2960050601D51E6802E04106FBD5CB
:101700001E8853486F2F0CBF08230A23002184F83A
:1017100043106568A560002DA2BF216821F0040177
:1017200021600EB9002D4BD01546B6FBF3F103FB3B
:101730001167C75D05F8017D3746BB420E46F4D9F7
:10174000082B0BD12368DE0708D52369616899420D
:10175000DEBF302305F8013C05F1FF35521B226145
:10176000CDF800A04B4603AA21464046FFF7E4FE11
:1017700001304AD14FF0FF3004B0BDE8F087236854
:1017800043F0200323603348782784F845702368AA
:1017900029681F0651F8046B02D45F0648BFB6B231
:1017A000DF0748BF43F02003296048BF23601EB90C
:1017B000236823F0200323601023A7E72448E4E7ED
:1017C0001546BDE72B6826686169181D2860350637
:1017D0001B6801D5196002E07006FBD51980002353
:1017E00023611546BCE72B681A1D2A601D686268D4
:1017F00000212846EEF7DCFC08B1401B60606368FE
:101800002361002384F84330AAE723692A46494626
:101810004046D0470130ADD023689B0713D4E06821
:10182000039B9842B8BF1846A6E7012332464946B3
:101830004046D04701309DD00135E36803995B1ADB
:10184000AB42F2DCEBE7002504F11906F5E700BF37
:101850002156010832560108F8B50E4614460546D1
:1018600018B1036A0BB9FFF70DF9A369A360A38947
:101870001A0725D523691BB323682269981A63695F
:10188000F6B28342374604DC21462846FFF7C2FC05
:10189000E0B9A368013BA36023685A1C22601E7054
:1018A0006269431C9A4204D0A389DB0706D50A2E3D
:1018B00004D121462846FFF7ADFC38B93846F8BDBB
:1018C0002146284600F006F80028D5D04FF0FF3713
:1018D000F4E7000038B52A4B054618680C4618B1E5
:1018E000036A0BB9FFF7CEF8A389B4F90C201807E7
:1018F00022D4D90607D409232B6042F04003A381E8
:101900004FF0FF3034E0580712D5616B41B104F15C
:101910004403994202D02846FFF7FCFA0023636390
:10192000A38923F02403A381002363602369236038
:10193000A38943F00803A38123694BB9A38903F466
:101940002073B3F5007F03D02146284600F084F8C9
:10195000A089B4F90C2010F001030AD00023A36081
:1019600063695B42A361236943B910F08000C4D16D
:1019700038BD810758BF6369A360F4E70020F7E72B
:10198000D80200201F2938B504460D4604D9162375
:1019900003604FF0FF3038BDC26B12B152F82130F6
:1019A0004BB9204600F030F82A4601462046BDE8F3
:1019B000384000F017B8012B0AD0591C03D1162368
:1019C00003600120E7E7002442F8254028469847B5
:1019D0000020E0E7024B01461868FFF7D3BF00BFC5
:1019E000D802002038B5074D0023044608461146AA
:1019F0002B60FBF77EFE431C02D12B6803B12360F2
:101A000038BD00BFE8420020FBF771BE70B50C4640
:101A1000B1F90E10002996B015461E460DDAA389BD
:101A200013F0800F4FF000010CBF4FF48063402390
:101A3000002031602B6016B070BD6A4600F048F897
:101A40000028ECDB019901F47041A1F500535942E3
:101A500059414FF48063EBE78B8973B59D070646C8
:101A60000C4607D504F1470323602361012363611A
:101A700002B070BD01AB6A46FFF7C8FF009905468A
:101A80003046FFF7B9FA48B9B4F90C309A05EFD4EB
:101A900023F0030343F00203A381E3E7A38920605B
:101AA00043F08003A381009B6361019B20615BB1D4
:101AB000B4F90E10304600F01DF828B1A38923F0C8
:101AC000030343F00103A381A3891D43A581CFE74D
:101AD00038B5074D00230446084611462B60FBF736
:101AE00035FE431C02D12B6803B1236038BD00BF13
:101AF000E842002038B5064D0023044608462B6016
:101B0000FBF729FE431C02D12B6803B1236038BDCB
:101B1000E8420020F8B500BFF8BC08BC9E467047FC
:0C1B2000F8B500BFF8BC08BC9E4670473A
:101B2C0018120C18010101191901191901060601E5
:101B3C000606010303010303010202010202011262
:101B4C000C01120C00080008005001500250035008
:101B5C000450055006500750085009500A500B50BD
:101B6C000C500D50F150F25001F1055000000000E6
:101B7C0001000000020000006D696E2C00206D5702
:101B8C002C002E00011F136F01130503020B05021D
:101B9C0000D57FAAFE2B815429FC5683D702A87D41
:101BAC0052872DF8AC79D3067BAE04D18550FA2F31
:101BBC00A471DB0E5A8F25F08D58F22773A60CD921
:101BCC00F623895C08DD77A2DF0AA07521F45E8B11
:101BDC009D48E23763B61CC9B461CB1E4A9F35E001
:101BEC00CF1AB06531E44E9BE633994C18CD67B2F1
:101BFC0039EC4693C712B86D10C56FBAEE3B9144E1
:101C0C006BBE14C19540EA3F42973DE8BC69C316D0
:101C1C00EF3A904511C46EBBC613B96C38ED4792C0
:101C2C00BD68C21743963CE99441EB3E6ABF15C0B0
:101C3C004B9E34E1B560CA1F62B71DC89C49E336A0
:101C4C0019CC66B3E732984D30E54F9ACE1BB16490
:101C5C0072A70DD88C59F3265B8E24F1A570DA0F80
:101C6C0020F55F8ADE0BA17409DC76A3F722885D70
:101C7C00D603A97C28FD5782FF2A805501D47EAB60
:101C8C008451FB2E7AAF05D0AD78D20753862CF950
:101C9C006162636465666768696A6B6C6D6E6F70B0
:101CAC007172737475767778797A30313233343562
:101CBC00363738395F232D2E00000000000000005D
:101CCC0000000000351D00080000000000000000AE
:101CDC00411D000800000000000000001D1D000850
:101CEC0000010204050301026D6C72732E30005367
:101CFC0065747570537461727453747834547800CD
:101D0C00536574757053746172744D61726B657246
:101D1C000021656E642100206B487A006D4C525393
:101D2C0001020304006D4C52530403020100656E62
:101D3C0061626C65642C616E74656E6E61312C61D0
:101D4C006E74656E6E61322C723A656E2E20743A2A
:101D5C00616E74312C723A656E2E20743A616E7419
:101D6C0032007472616E73702E2C6D61766C696EBC
:101D7C006B2C6D61766C6E6B582C6D7370580032D9
:101D8C002E342047487A2C393135204D487A20465C
:101D9C0043432C383638204D487A2C343333204D7D
:101DAC00487A2C373020636D2048414D2C3836361C
:101DBC00204D487A20494E2C393135204D487A2017
:101DCC002B20322E342047487A2C383638204D4878
:101DDC007A202B20322E342047487A00656E6162BF
:101DEC006C65642C616E74656E6E61312C616E7401
:101DFC00656E6E61322C72656E207461312C726569
:101E0C006E2074613200353020487A2C33312048F2
:101E1C007A2C313920487A2C464C52432C46534B61
:101E2C002C3139487A377800322E342047487A2CB6
:101E3C00393135204643432C383638204D487A2CDE
:101E4C00343333204D487A2C373020636D2C3836A0
:101E5C003620494E2C3931352B322E342C3836382D
:101E6C002B322E3400202F2D2D00202F65310020F9
:101E7C002F653600202F65313100202F653133005E
:101E8C000D0A003F0020206D696E3A200020206D65
:101E9C0061783A2000202000203D200020205B614A
:101EAC002D7A302D39232D2E5F5D002D2028756E57
:101EBC00617661696C61626C652900205B00287534
:101ECC006E6368616E676561626C652900292C0020
:101EDC002C20002F003B20003B00666873733120E0
:101EEC002800202063683A20002020665F72656716
:101EFC003A20002020663A2000666873733220284E
:101F0C00004449592045373720453232002145528B
:101F1C0052004F4B004143524F0021465321004881
:101F2C0048004154554E004C4E4348004D414E55CF
:101F3C000054555254004352555A004352534800D2
:101F4C00414800414E474C00484F5200414E4748D3
:101F5C0000414C5448004155544F004755494400EA
:101F6C004C4F49540052544C200043495243004CAE
:101F7C00414E440044524946005350525400464C82
:101F8C0049500050484C44004252414B0054485276
:101F9C00570041564F4900474E4750005352544C3E
:101FAC000046484C4400464F4C4C005A49475A0096
:101FBC00535953490041524F54004152544C005410
:101FCC0052544C005452414E004642574100464236
:101FDC005742004352555300544B4F4600494E490B
:101FEC005400515354420051484F5600514C4F54D9
:101FFC0000514C4E44005152544C005141544E002F
:10200C005141434F0054484D4C004C32514C0053FD
:10201C0054455200534D504C00444F434B004148E3
:10202C004C440053555246004D444554002A00423E
:10203C004154545F4341504143495459002121209C
:10204C00527820706172616D2076657273696F6E63
:10205C0020736D616C6C6572207468616E205478AD
:10206C0020706172616D2076657273696F6E2E20BF
:10207C00212100212120506C6561736520757067EA
:10208C00726164652072656365697665722E2020C5
:10209C002020202020202020202020202020202034
:1020AC002020202020202121002121205478207064
:1020BC006172616D2076657273696F6E20736D61EC
:1020CC006C6C6572207468616E205278207061723D
:1020DC00616D2076657273696F6E2E20212100214F
:1020EC002120506C65617365207570677261646541
:1020FC00205478206D6F64756C652E202020202074
:10210C0020202020202020202020202020202020C3
:10211C002020212100436F6E66696749643A0020D4
:10212C002054783A204449592045373720453232DB
:10213C002C2076312E342E303200202052783A204A
:10214C00002D2028756E6578706563746564206554
:10215C0072726F722900202068656C702C20682CBC
:10216C00203F2020202020202D3E207468697320E1
:10217C0068656C70207061676500202076202020D7
:10218C002020202020202020202020202D3E2070C8
:10219C0072696E742064657669636520616E642073
:1021AC0076657273696F6E002020706C2020202081
:1021BC00202020202020202020202D3E206C697300
:1021CC007420616C6C20706172616D6574657273E2
:1021DC00002020706C206320202020202020202034
:1021EC002020202D3E206C69737420636F6D6D6F01
:1021FC006E20706172616D65746572730020207061
:10220C006C20747820202020202020202020202DBD
:10221C003E206C69737420547820706172616D6516
:10222C0074657273002020706C207278202020203E
:10223C00202020202020202D3E206C6973742052F9
:10224C007820706172616D65746572730020207006
:10225C00206E616D65202020202020202020202D44
:10226C003E2067657420706172616D6574657220C3
:10227C0076616C756500202070206E616D65203D67
:10228C002076616C756520202D3E2073657420705E
:10229C006172616D657465722076616C7565002084
:1022AC002070206E616D65203D203F202020202075
:1022BC00202D3E2067657420706172616D657465B8
:1022CC00722076616C756520616E64206C69737424
:1022DC00206F6620616C6C6F7765642076616C751D
:1022EC0065730020207073746F726520202020208D
:1022FC0020202020202D3E2073746F726520706189
:10230C0072616D6574657273002020736574636F00
:10231C006E666967696420202020202D3E2073653D
:10232C006C65637420636F6E666967206964002056
:10233C002062696E64202020202020202020202074
:10234C00202D3E2073746172742062696E64696E14
:10235C006700202072656C6F616420202020202093
:10236C00202020202D3E2072656C6F616420616CF2
:10237C006C20706172616D65746572207365747424
:10238C00696E6773002020737461747320202020A1
:10239C00202020202020202D3E2073746172747325
:1023AC002073747265616D696E67207374617469F2
:1023BC0073746963730020206C6973746672657141
:1023CC0073202020202020202D3E206C69737473F4
:1023DC00206672657175656E6369657320757365CA
:1023EC006420696E206668737320736368656D651D
:1023FC0000202073797374656D626F6F74202020D8
:10240C002020202D3E2063616C6C207379737465E1
:10241C006D20626F6F746C6F6164657200776172AE
:10242C006E3A207265636569766572206E6F7420F2
:10243C00636F6E6E6563746564002020656D7074E7
:10244C007920636D64002020696E76616C6964206C
:10245C00636D6400202073747265616D696E672012
:10246C0073746174732073746F70706564003E00D4
:10247C00202074696D656F75740068656C700070F0
:10248C006C00706C206300706C20747800706C2091
:10249C007278006572723A20696E76616C6964209C
:1024AC00706172616D65746572206E616D65006539
:1024BC0072723A206E6F2076616C75652073706550
:1024CC00636966696564006572723A20696E76614B
:1024DC006C69642076616C7565007073746F7265DD
:1024EC00002020547820706172616D657465727380
:1024FC002073746F726564002020706172616D6569
:10250C00746572732073746F7265640062696E64B3
:10251C00002020547820656E7465726564206269B1
:10252C006E64206D6F64650072656C6F6164002071
:10253C0020547820706172616D65746572732072BD
:10254C00656C6F61646564002020706172616D65FB
:10255C00746572732072656C6F6164656400736579
:10256C0074636F6E6669676964006572723A20699C
:10257C006E76616C696420636F6E6669672069644E
:10258C00206E756D6265722028302D39290020204F
:10259C006E6F206368616E67652072657175697214
:1025AC0065640020206368616E676520436F6E660A
:1025BC006967496420746F20002020737461727401
:1025CC00732073747265616D696E672073746174C6
:1025DC007300202073656E6420616E7920636861DE
:1025EC0072616374657220746F2073746F70006C09
:1025FC0069737466726571730073797374656D6257
:10260C006F6F74005378206E6F74206F6B0072784C
:10261C005F617661696C61626C65206E6F742074A9
:10262C007275650000000000000000001D2E0008FF
:10263C00012E0008C5350008F13500080F360008DA
:10264C005D3200084F2300085124000800000000F0
:10265C000000000031230008673900086D380008BD
:10266C00AD370008833700086924000811380008CA
:10267C0085240008DD370008A924000800000000AC
:10268C000000000031230008332300083523000824
:10269C00372300083B2300083D2300084123000892
:1026AC0045230008472300084B23000800000000C6
:1026BC0000000000312300083323000835230008F4
:1026CC00372300083B2300083D2300084123000862
:1026DC0045230008472300084B2300080000000096
:1026EC0000000000312300083323000835230008C4
:1026FC00372300083B2300083D2300084123000832
:10270C0045230008472300084B2300080000000065
:10271C000000000031230008332300083523000893
:10272C00372300083B2300083D2300084123000801
:10273C0045230008472300084B2300080000000035
:10274C0000000000F12500085D6300081D6400080E
:10275C00B96300085053544F524500434F4E4649FD
:10276C00472049440042494E445F5048524153452A
:10277C005F5533320052465F42414E440052465F31
:10278C004F5254484F0054585F504F5745520054C5
:10279C00585F4449564552534954590054585F4365
:1027AC00485F534F555243450054585F43485F4F61
:1027BC00524445520054585F494E5F4D4F444500BA
:1027CC0054585F5345525F504F52540054585F5306
:1027DC0045525F424155440054585F5345525F5037
:1027EC004F5254320054585F5345525F4241554446
:1027FC00320054585F534E445F524144494F535436
:10280C0041540054585F4D41565F434F4D504F4E0D
:10281C00454E540054585F504F5745525F53575FC5
:10282C0043480054585F42555A5A45520052585F1B
:10283C00504F5745520052585F44495645525349E0
:10284C0054590052585F43485F4F5244455200520E
:10285C00585F4F55545F4D4F44450052585F4641A9
:10286C00494C534146455F4D4F44450052585F53C8
:10287C0045525F504F52540052585F5345525F427D
:10288C004155440052585F5345525F4C4E4B5F4D7F
:10289C004F44450052585F4D41565F535953544570
:1028AC004D5F49440052585F534E445F5241444976
:1028BC004F535441540052585F534E445F5243435C
:1028CC0048414E4E454C0052585F4F55545F525341
:1028DC0053495F43480052585F4F55545F4C515F0A
:1028EC0043480052585F504F5745525F53575F4310
:1028FC00480052585F46535F4348310052585F4678
:10290C00535F4348320052585F46535F434833008D
:10291C0052585F46535F4348340052585F46535FEA
:10292C004348350052585F46535F4348360052586F
:10293C005F46535F4348370052585F46535F4348E6
:10294C00380052585F46535F4348390052585F462F
:10295C00535F434831300052585F46535F43483110
:10296C00310052585F46535F434831320052585F32
:10297C0046535F434831330052585F46535F4348D8
:10298C0031340052585F46535F434831350052583A
:10299C005F46535F4348313600414E474C45004833
:1029AC004F52495A4F4E004E415620414C54484FBD
:1029BC004C440048454144494E4720484F4C440044
:1029CC004845414446524545004845414441444AE6
:1029DC000043414D53544142004E415620525448FD
:1029EC00004E415620504F53484F4C44004D414EE1
:1029FC0055414C00424545504552004C45445320EE
:102A0C004F4646004C4947485453004F5344204FBF
:102A1C0046460054454C454D455452590041555479
:102A2C004F2054554E4500424C41434B424F5800A9
:102A3C004641494C53414645004E415620575000A3
:102A4C00414952204D4F444500484F4D4520524579
:102A5C0053455400474353204E4156004650562090
:102A6C00414E474C45204D49580053555246414321
:102A7C004500464C415045524F4E005455524E2045
:102A8C00415353495354004E4156204C41554E43EB
:102A9C004800534552564F204155544F5452494DBE
:102AAC000043414D45524120434F4E54524F4C2010
:102ABC00310043414D45524120434F4E54524F4CEF
:102ACC0020320043414D45524120434F4E54524F0A
:102ADC004C2033004F534420414C542031004F5371
:102AEC004420414C542032004F534420414C54203C
:102AFC0033004E415620434F5552534520484F4CBE
:102B0C0044004D43204252414B494E4700555345DA
:102B1C0052310055534552320055534552330055EE
:102B2C0053455234004C4F49544552204348414E72
:102B3C004745004D5350205243204F564552524961
:102B4C0044450050524541524D00545552544C4549
:102B5C00004E415620435255495345004155544F60
:102B6C00204C4556454C205452494D00575020504E
:102B7C004C414E4E455200534F4152494E47004D29
:102B8C00495353494F4E204348414E474500424517
:102B9C0045504552204D555445004D554C544920F7
:102BAC0046554E4354494F4E004D495845522050BE
:102BBC00524F46494C452032004D495845522054FD
:102BCC0052414E534954494F4E00414E474C4520BB
:102BDC00484F4C440047494D42414C204C455645CA
:102BEC004C2054494C540047494D42414C204C45D3
:102BFC0056454C20524F4C4C0047494D42414C20BD
:102C0C0043454E5445520047494D42414C2048459E
:102C1C004144545241434B45520042696E6420502A
:102C2C0068726173650042494E445F50485241538B
:102C3C004500353020487A2C333120487A2C3139F4
:102C4C0020487A2C464C52432C46534B2C3139207D
:102C5C00487A2037780052462042616E6400322E4A
:102C6C00342C393135204643432C3836382C343308
:102C7C00332C37302C38363620494E2C3931352B05
:102C8C00322E342C3836382B322E34005246204F0C
:102C9C007274686F006F66662C312F332C322F33B1
:102CAC002C332F3300547820506F77657200547892
:102CBC002044697665727369747900656E61626C23
:102CCC0065642C616E74656E6E61312C616E746519
:102CDC006E6E61322C723A656E20743A616E74318C
:102CEC002C723A656E20743A616E743200547820FE
:102CFC00436820536F75726365006E6F6E652C634D
:102D0C007273662C696E2C6D62726964676500540F
:102D1C0078204368204F7264657200414554522CF0
:102D2C00544145522C4554415200547820496E2050
:102D3C004D6F646500736275732C736275732069D3
:102D4C006E760054782053657220506F7274007345
:102D5C00657269616C2C776272696467652C736546
:102D6C007269616C322C636F6D2C6D627269646771
:102D7C0065005478205365722042617564726174E9
:102D8C00650035373630302C3131353230302C321D
:102D9C0033303430300054782053657220506F72C9
:102DAC007432006E6F6E652C73657269616C2C7772
:102DBC006272696467652C73657269616C32005468
:102DCC0078205365722042617564726174653200BB
:102DDC00547820536E6420526164696F537461742B
:102DEC00006F66662C3120487A005478204D61764D
:102DFC0020436F6D706F6E656E74006F66662C6528
:102E0C006E61626C656400547820506F7765722037
:102E1C005377204368006F66662C352C362C372C84
:102E2C00382C392C31302C31312C31322C31332C93
:102E3C0031342C31352C31360054782042757A7A65
:102E4C006572006F66662C4C502C72784C51005297
:102E5C007820506F776572005278204469766572DD
:102E6C0073697479005278204368204F72646572DC
:102E7C00005278204F7574204D6F64650073627535
:102E8C00732C637273662C7362757320696E760093
:102E9C005278204661696C53616665204D6F64659C
:102EAC00006E6F207369672C6C6F77207468722CBE
:102EBC00627920636E662C6C6F7720746872206365
:102ECC006E742C63683163683420636E74005278BE
:102EDC002053657220506F72740073657269616C57
:102EEC002C63616E2C63616E6664005278205365AE
:102EFC00722042617564726174650052782053656A
:102F0C0072204C696E6B204D6F6465007472616E3B
:102F1C0073702E2C6D61766C696E6B2C6D61766C9A
:102F2C00696E6B582C6D737058005278204D617619
:102F3C002053797374656D2049440035312C35323A
:102F4C002C35332C35342C353500527820536E64A7
:102F5C0020526164696F53746174006F66662C61F2
:102F6C007264755F312C6D6574685F6200527820F5
:102F7C00536E642052634368616E6E656C006F66BD
:102F8C00662C7263206F766572726964652C72634D
:102F9C00206368616E6E656C73005278204F757497
:102FAC002052737369204368005278204F75742047
:102FBC004C5120436800527820506F776572205333
:102FCC0077204368005278204653204368310052E2
:102FDC0078204653204368320052782046532043D1
:102FEC0068330052782046532043683400527820CE
:102FFC0046532043683500527820465320436836A8
:10300C0000527820465320436837005278204653AC
:10301C0020436838005278204653204368390052C8
:10302C007820465320436831300052782046532094
:10303C0043683131005278204653204368313200C6
:10304C0052782046532043683133002D31323020E2
:10305C00252C3020252C313230202500527820466A
:10306C005320436831340052782046532043683152
:10307C00350052782046532043683136001600182C
:10308C00180018181812180700000003000000029E
:10309C000101010202020202030304010101020206
:1030AC0002020202020202020202020102020202F5
:1030BC00020100000000000000000000FC4B0108B1
:1030CC002B130000D44B01080A0000000000000084
:1030DC0000000000000000000000000000000000E4
:1030EC0000000000800080FF000001000A000A00C0
:1030FC000E0019001400640016009E008E040020BF
:10310C00FF000000262C0108322C0108391D010893
:10311C00000000000000000000000000391D010844
:10312C000000000096040020FE000000A82E0108FC
:10313C00502A0108391D01080000000000000000A1
:10314C00000000003E2C01083A05002095040020E8
:10315C00FE000000622C010881270108391D0108BE
:10316C000000000000000000000000006A2C0108B4
:10317C003805002097040020FE000000982C010860
:10318C0089270108391D010800000000000000001B
:10319C0000000000A12C01083C050020C603002003
:1031AC00FE000000B12C010892270108391D01080E
:1031BC000000000000000000000000003E050020A0
:1031CC0000000000C7030020FE000000BA2C01081C
:1031DC009B270108391D01080000000000000000B9
:1031EC0000000000C72C010882050020C803002045
:1031FC00FE000000F92C0108A8270108391D010860
:10320C00000000000000000000000000062D010876
:10321C0084050020C9030020FE0000001B2D0108BE
:10322C00B5270108391D010800000000000000004E
:10323C0000000000272D010800000000CA03002038
:10324C00FE000000362D0108C1270108391D0108B8
:10325C00000000000000000000000000412D0108EB
:10326C0086050020CB030020FE0000004F2D010836
:10327C00CC270108391D01080000000000000000E7
:10328C00000000005B2D010888050020CC03002005
:10329C00FE0000007E2D0108D8270108391D010809
:1032AC000000000000000000000000008E2D01084E
:1032BC0000000000CD030020FE000000A22D01083C
:1032CC00E4270108391D010800000000000000007F
:1032DC0000000000AF2D01088A050020D00300205B
:1032EC00FE000000CB2D0108F1270108391D010853
:1032FC000000000000000000000000008E2D0108FE
:10330C008C050020CE030020FE000000DC2D0108FF
:10331C00FE270108391D0108000000000000000014
:10332C0000000000ED2D010800000000D10300207A
:10333C00FE000000F62D01080F280108391D0108B8
:10334C00000000000000000000000000072E010833
:10335C0000000000D2030020FE000000132E010824
:10336C0020280108391D01080000000000000000A1
:10337C0000000000222E010800000000CF030020F6
:10338C00FE000000452E01082F280108391D0108F8
:10339C000000000000000000000000004F2E01089B
:1033AC008E050020A2030020FE0000005B2E010809
:1033BC0039280108391D0108000000000000000038
:1033CC00000000009205002000000000A303002074
:1033DC00FE000000642E010842280108391D010876
:1033EC00000000000000000000000000C72C0108D5
:1033FC00D6050020A4030020FE000000712E010859
:10340C004F280108391D01080000000000000000D1
:10341C0000000000272D010800000000A50300207B
:10342C00FE0000007D2E01085B280108391D0108F3
:10343C00000000000000000000000000892E0108C0
:10344C00D8050020A7030020FE0000009C2E0108D8
:10345C0067280108391D0108000000000000000069
:10346C0000000000AD2E010800000000B003002099
:10347C00FE000000DA2E010878280108391D010829
:10348C00000000000000000000000000E62E010813
:10349C00DA050020A8030020FE000000F72E01082A
:1034AC0084280108391D01080000000000000000FC
:1034BC00000000008E2D010800000000A903002070
:1034CC00FE000000072F010890280108391D010893
:1034DC00000000000000000000000000182F010890
:1034EC0000000000B1030020FE000000362F010890
:1034FC00A0280108391D0108000000000000000090
:10350C0000000000472F010800000000AA03002063
:10351C00FE000000562F0108B1280108391D0108D2
:10352C00000000000000000000000000672F0108F0
:10353C0000000000AC030020FE000000792F010801
:10354C00C2280108391D010800000000000000001D
:10355C00000000008A2F010800000000A6030020D4
:10356C00FE000000A62F0108D3280108391D010810
:10357C00000000000000000000000000222E0108E6
:10358C0000000000AE030020FE000000B52F010873
:10359C00E2280108391D01080000000000000000AD
:1035AC0000000000222E010800000000AF030020E4
:1035BC00FE000000C22F0108EF280108391D010888
:1035CC00000000000000000000000000222E010896
:1035DC0000000000B603002002000000D12F0108FB
:1035EC00FE28010866300108000000008800000079
:1035FC0078000000391D010800000000B70300200E
:10360C0002000000DB2F01080829010866300108C0
:10361C00000000008800000078000000391D01083F
:10362C0000000000B803002002000000E52F010894
:10363C001229010866300108000000008800000013
:10364C0078000000391D010800000000B9030020BB
:10365C0002000000EF2F01081C2901086630010848
:10366C00000000008800000078000000391D0108EF
:10367C0000000000BA03002002000000F92F01082E
:10368C0026290108663001080000000088000000AF
:10369C0078000000391D010800000000BB03002069
:1036AC0002000000033001083029010866300108CF
:1036BC00000000008800000078000000391D01089F
:1036CC0000000000BC030020020000000D300108C7
:1036DC003A2901086630010800000000880000004B
:1036EC0078000000391D010800000000BD03002017
:1036FC000200000017300108442901086630010857
:10370C00000000008800000078000000391D01084E
:10371C0000000000BE030020020000002130010860
:10372C004E290108663001080000000088000000E6
:10373C0078000000391D010800000000BF030020C4
:10374C00020000002B3001085829010866300108DE
:10375C00000000008800000078000000391D0108FE
:10376C0000000000C00300200200000036300108F9
:10377C006329010866300108000000008800000081
:10378C0078000000391D010800000000C103002072
:10379C0002000000413001086E2901086630010862
:1037AC00000000008800000078000000391D0108AE
:1037BC0000000000C2030020FE0000004C30010895
:1037CC0079290108391D01080000000000000000E3
:1037DC00000000005730010800000000C303002067
:1037EC00FE0000006830010884290108391D010819
:1037FC00000000000000000000000000573001082D
:10380C0000000000C4030020FE000000733001081B
:10381C008F290108391D010800000000000000007C
:10382C00000000005730010800000000C503002014
:10383C00FE0000007E3001089A290108391D01089C
:10384C0000000000000000000000000057300108DC
:10385C00000000006162636465666768696A6B6C8E
:10386C006D6E6F707172737475767778797A30319A
:10387C0032333435363738395F232D2E00000000B3
:10388C0000070E091C1B1215383F363124232A2D34
:10389C0070777E796C6B6265484F464154535A5D24
:1038AC00E0E7EEE9FCFBF2F5D8DFD6D1C4C3CACD14
:1038BC0090979E998C8B8285A8AFA6A1B4B3BABD04
:1038CC00C7C0C9CEDBDCD5D2FFF8F1F6E3E4EDEAF4
:1038DC00B7B0B9BEABACA5A28F88818693949D9AE4
:1038EC002720292E3B3C35321F18111603040D0AD4
:1038FC005750595E4B4C45426F68616673747D7AC4
:10390C00898E878095929B9CB1B6BFB8ADAAA3A4B3
:10391C00F9FEF7F0E5E2EBECC1C6CFC8DDDAD3D4A3
:10392C00696E676075727B7C51565F584D4A434493
:10393C00191E171005020B0C21262F283D3A333483
:10394C004E49404752555C5B7671787F6A6D646373
:10395C003E39303722252C2B0601080F1A1D141363
:10396C00AEA9A0A7B2B5BCBB9691989F8A8D848353
:10397C00DED9D0D7C2C5CCCBE6E1E8EFFAFDF4F343
:10398C0000000000320900000000000001000000EF
:10399C007C2B00000000000002000000890C0000DD
:1039AC000000000004000000ED0E030C0D000000F0
:1039BC0005000000D91C01000000000006000000FA
:1039CC0068030000000000000700000077200000E2
:1039DC00000000000800000075240000000000003A
:1039EC000B00000059060104000000001400000048
:1039FC00D614030203000000150000009F02030010
:103A0C000100000016000000DC190000000000009E
:103A1C0017000000A81703040500000018000000A0
:103A2C0018340000000000001900000017650000A9
:103A3C00000000001A000000AA180000000000009E
:103A4C001B000000901D0000000000001C00000086
:103A5C0043100000000000001D0000007310000067
:103A6C00000000001E000000271C000000000000E9
:103A7C001F000000F63000000000000020000000D5
:103A8C00B91C00000000000021000000681C0000B0
:103A9C000000000022000000ED16000000000000F5
:103AAC0023000000F41600000000000024000000B9
:103ABC00DE2500000000000025000000D4070304F0
:103ACC0005000000260000000907030405000000A3
:103ADC0027000000FE260320210000002800000023
:103AEC00E605030203000000290000001C04030289
:103AFC00030000002A0000001C120000000000005F
:103B0C002B00000084030300010000002C000000C7
:103B1C00DD090302030000002D000000E803030090
:103B2C00010000002E0000000B020000000000004D
:103B3C002F00000099080300010000003000000075
:103B4C002915010C000000003100000027140000B2
:103B5C0000000000320000004E250312130000008C
:103B6C0033000000C4050302030000003500000010
:103B7C000305000000000000360000000F1B0318B6
:103B8C0019000000370000000319000000000000BD
:103B9C003D000000A7480000000000003E000000AF
:103BAC00B71A0000000000003F00000077B50000CD
:103BBC000000000040000000BFE100000000000019
:103BCC0041000000762A00000000000042000000C6
:103BDC0094060302030000004300000015040000DB
:103BEC000000000045000000F31E010A0000000068
:103BFC00460000007C260310110000004900000064
:103C0C0026260320210000004A00000014140000A6
:103C1C00000000004B0000009E23031E1F0000004C
:103C2C004C0000009821031E1F0000004D000000F6
:103C3C008F0A030809000000500000000E04030264
:103C4C0003000000510000006A1600000000000094
:103C5C005200000031330324250000005300000003
:103C6C001625000000000000540000008F350332C0
:103C7C0033000000550000008C33000000000000F1
:103C8C0056000000053503323300000057000000D9
:103C9C00963300000000000059000000E71C0000F3
:103CAC00000000005A000000B738000000000000BF
:103CBC005B0000003F2A0000000000005C000000D8
:103CCC0036210000000000005D0000002F510000B4
:103CDC000000000064000000AF22000000000000A3
:103CEC006500000066750000000000006600000022
:103CFC009E7500000000000067000000D039000035
:103D0C000000000068000000387400000000000093
:103D1C00690000005D3F0000000000006A00000028
:103D2C008A2C0000000000006B0000006C410000B9
:103D3C00000000006C000000205C0000000000008F
:103D4C006D000000B9090000000000006E000000CA
:103D5C0054FE0301020000006F0000002212031049
:103D6C001100000070000000AE0C0000000000000C
:103D7C00710000007C2700000000000072000000B1
:103D8C00ED2C000000000000730000000440000057
:103D9C0000000000740000004C180000000000003F
:103DAC00750000008006030405000000760000008A
:103DBC00380E00000000000077000000740C030AAD
:103DCC000B0000007800000086610000000000007D
:103DDC0079000000ED020300010000007A000000F1
:103DEC00CB020300010000007B000000FA7103000D
:103DFC00010000007C0000005739000000000000AA
:103E0C007D000000CB060000000000007E000000DA
:103E1C00DC51034F500000007F000000192300000C
:103E2C000000000080000000E22300000000000001
:103E3C00810000002E18000000000000820000002D
:103E4C001D0D00000000000083000000DFFF0000DB
:103E5C000000000084000000552700000000000056
:103E6C008500000006120000000000008600000023
:103E7C00E52B00000000000087000000CB080000CC
:103E8C000000000088000000011600000000000087
:103E9C0089000000C3100000000000008A00000030
:103EAC006D780000000000008B000000A82B032997
:103EBC002A0000008C000000B52900000000000062
:103ECC008D0000002F200000000000008E0000007C
:103EDC0048F30000000000008F0000008310000079
:103EEC0000000000900000007F5D0000000000005A
:103EFC0092000000676400000000000093000000C6
:103F0C009A3600000000000094000000B24E000041
:103F1C000000000095000000C83C000000000000FC
:103F2C0096000000862A00000000000097000000A8
:103F3C00DB0803060700000098000000D008000012
:103F4C000000000099000000BC0C00000000000004
:103F5C009A000000540F0306070000009B000000AD
:103F6C00160D0304050000009C000000130603005E
:103F7C00010000009D000000150F030C0D00000057
:103F8C009E000000860F030C0D000000A000000036
:103F9C004E0C030809000000A100000044030300BC
:103FAC0001000000A2000000BD090000000000009C
:103FBC00A30000007F1C000000000000A400000013
:103FCC009A2C000000000000A50000001503000062
:103FDC0000000000A6000000150900000000000011
:103FEC00A70000009016000000000000A8000000D0
:103FFC00010C000000000000A9000000EA12000003
:10400C0000000000AA00000049220000000000008F
:10401C00AB000000B542000000000000AC00000046
:10402C001662000000000000AD0000005308000004
:10403C0000000000AE000000A730000000000000EF
:10404C00AF0000008A13030E0F000000B000000048
:10405C00EA03030001000000B1000000F0140000AE
:10406C0000000000B20000002F180000000000004B
:10407C00B3000000BD1D011A00000000B4000000D8
:10408C00342F012A00000000B5000000AE0400002F
:10409C0000000000B6000000E52800000000000051
:1040AC00B70000005502030001000000B80000003A
:1040BC009FCE030405000000B9000000BA070304FA
:1040CC0005000000BA000000481D030001000000BC
:1040DC00BF0000005C1B000000000000C0000000DE
:1040EC002436000000000000C1000000471A000048
:1040FC0000000000C200000062210000000000006F
:10410C00C30000007825000000000000C80000007B
:10411C00862A032829000000C9000000CD0E030CDC
:10412C000D000000D6000000450803060700000043
:10413C00D70000006503000000000000D80000005C
:10414C003203030001000000D9000000CA06000081
:10415C0000000000DA00000011070300010000005D
:10416C00DB000000A202000000000000DC000000E8
:10417C002220000000000000DD000000472A0000A3
:10418C0000000000DE0000000F0300000000000033
:10419C00DF000000772F032A2B000000E000000056
:1041AC00662D032A2B000000E1000000D04900001E
:1041BC0000000000E2000000CF080000000000003A
:1041CC00E6000000A32A000000000000E700000049
:1041DC006928000000000000E80000009741000082
:1041EC0000000000E900000023B600000000000001
:1041FC00EA0000009628000000000000EB00000020
:10420C00B32A000000000000F10000005A2000005A
:10421C0000000000F2000000683C000000000000FC
:10422C00F3000000553D013400000000F4000000D4
:10423C005F06000000000000F50000008202000094
:10424C0000000000F6000000B8260000000000008E
:10425C00F70000005113000000000000F8000000FF
:10426C0008FE030304000000F9000000CC24000049
:10427C0000000000FA000000311E000000000000E9
:10428C00FB000000AA12000000000000FC0000006F
:10429C002C12000000000000FD000000533600004E
:1042AC0000000000FE0000002E09000000000000CD
:1042BC0000010000472A030809000000010100006A
:1042CC00830900000000000002010000BBE80300AD
:1042DC0001000000030100005CED00000000000084
:1042EC0004010000920E0000000000000501000017
:1042FC00B33D000000000000060100000C17000098
:10430C00000000000701000085FF00000000000015
:10431C00080100003120000000000000090100002D
:10432C001A140000000000000A010000C1FF030283
:10433C00030000000B01000023FF03020300000038
:10434C000C0100000E040302030000000D0100002C
:10435C006DD70000000000000E0100003B140000AF
:10436C00000000000F0100001635000000000000E6
:10437C00130100007E20000000000000140100006A
:10438C001232000000000000150100003E1E00006B
:10439C000000000018010000462100000000000091
:1043AC0019010000300D0000000000001A0100008F
:1043BC007B230320210000001B0100004A91000018
:1043CC00000000001C0100006320031E1F00000001
:1043DC001D01000089310326270000001E0100008A
:1043EC00D2390332330000001F01000001170314FF
:1043FC001500000020010000141703141500000024
:10440C0022010000FB2E0000000000002301000030
:10441C000A3900000000000024010000E3DF03184B
:10442C001900000027010000EA0C00000000000049
:10443C002801000032230000000000002B010000C6
:10444C0013620000000000002C010000D9160000CF
:10445C00000000002D010000F33A000000000000F5
:10446C00360100001C1100000000000037010000A4
:10447C005F7400000000000040010000F314030210
:10448C00030000004101000058020300010000007D
:10449C0042010000F3950000000000004301000001
:1044AC004E930300010000004401000084920000C0
:1044BC00000000004A01000017A7000000000000E7
:1044CC004B0100005BE90000000000004C01000003
:1044DC00ECEF0000000000004D010000E76D000053
:1044EC00000000004E010000480A0000000000001F
:1044FC004F010000E1180000000000005001000016
:10450C00F55400000000000053010000C705000036
:10451C000000000054010000634600000000000091
:10452C0059010000D1150302030000005E010000D8
:10453C00E8FC00000000000062010000D20E030C39
:10454C000D00000063010000060C000000000000DC
:10455C00680100000B190000000000006901000058
:10456C005D210000000000007101000097180000A0
:10457C0000000000720100004B6D00000000000004
:10458C00730100000A1A0000000000007401000012
:10459C001A8C00000000000075010000752A000054
:1045AC000000000077010000FB8C00000000000000
:1045BC0078010000C7080000000000007C0100002A
:1045CC00E814000000000000810100009385030244
:1045DC0003000000820100008410030405000000A9
:1045EC00830100000448030405000000840100005E
:1045FC000825032021000000860100009CF000002B
:10460C00000000008B01000000D40000000000003E
:10461C008C01000032A00000000000008D010000A1
:10462C00B66C000000000000900100006EFE030458
:10463C000500000091010000B7060304050000000E
:10464C009A010000A0350000000000009B01000052
:10465C006A030000000000009C0100002106030416
:10466C00050000009D0100004D070304050000003B
:10467C009E0100006D100000000000009F01000072
:10468C00A110000000000000A40100001449030662
:10469C0007000000B3010000862E0000000000009F
:1046AC00B4010000C109000000000000B5010000C9
:1046BC001E01000000000000B801000042230000B1
:1046CC0000000000B9010000A9110000000000006A
:1046DC00FE010000F56A000000000000FF01000070
:1046EC001C4700000000000000020000B80200009F
:1046FC0000000000421F0000DA1000000000000063
:10470C00431F0000E729000000000000441F0000C8
:10471C00AC62000000000000451F0000FB260000FA
:10472C0000000000461F0000610E000000000000A9
:10473C00471F00004020000000000000481F000040
:10474C00EA21000000000000491F0000901000004A
:10475C00000000004A1F00009B2900000000000020
:10476C004B1F000014660000000000004C1F0000EE
:10477C0036100000000000004D1F0000DE2E00006F
:10478C00000000004E1F0000C80E000000000000DA
:10479C004F1F00001718000000000000501F000001
:1047AC009512000000000000282300007189000011
:1047BC00000000002D230000752200000000000006
:1047CC0011270000D1140000000000001227000087
:1047DC00BA290000000000001327000004010000AB
:1047EC0000000000142700008509000000000000F4
:1047FC0015270000670900000000000016270000C4
:10480C00C104000000000000172700004711000041
:10481C000000000018270000F00E0000000000004F
:10482C00A7270000C355000000000000F82A000074
:10483C008634030405000000F92A00000F880000EC
:10484C0000000000FA2A0000EAB40304050000008E
:10485C00FB2A00004005000000000000FC2A0000BC
:10486C000BE8030809000000FD2A00005DE60000CB
:10487C0000000000022B00002E31000000000000A0
:10488C00032B00006A2C0000000000000C2B000021
:10489C00CD10000000000000162B0000902C000032
:1048AC0000000000172B0000852C00000000000009
:1048BC00182B0000552C000000000000192B0000E4
:1048CC00C3250310110000001A2B00004F05000037
:1048DC00000000001B2B00008008030405000000F2
:1048EC001C2B0000B1220000000000001D2B00005A
:1048FC00821C0000000000001E2B00002F26000070
:10490C00000000001F2B00008E09000000000000BA
:10491C00202B0000842C000000000000212B000044
:10492C00D02C000000000000222B0000C92C00003D
:10493C0000000000232B0000C12C00000000000030
:10494C00242B0000BD2C000000000000342B0000C4
:10495C00A24E00000000000064320000722C030024
:10496C000100000065320000FE3B031E1F0000002A
:10497C00663200008C35030405000000673200002D
:10498C00F92E030001000000683200004D36031CB4
:10499C001D00000069320000312B030001000000F3
:1049AC00733200005EF90300010000007632000053
:1049BC008B33000000000000773200000712031058
:1049CC001100000078320000140500000000000007
:1049DC006842000067B3000000000000FE420000C7
:1049EC001A21000000000000FF42000048100000E7
:1049FC000000000001430000131100000000000043
:104A0C0002430000591100000000000003430000A5
:104A1C001B0A000000000000044300000E5B0000B5
:104A2C000000000005430000BB5400000000000023
:104A3C00064300006A1800000000000010A40000EB
:104A4C00E30100000000000011A40000EF2E0000A4
:104A5C000000000051C30000F62000000000000020
:104A6C0052C30000B5F600000000000053C3000064
:104A7C003E1300000000000054C30000F00A0308BD
:104A8C000900000055C3000098060304050000004F
:104A9C0020CB00000D6400000000000021CB0000C2
:104AAC00EF0100000000000015CD0000F011000027
:104ABC000000000016CD0000584E00000000000061
:104ACC0017CD0000605500000000000018CD00005C
:104ADC00B11C00000000000019CD0000D73200000E
:104AEC000000000078CD0000B52603202100000056
:104AFC0079CD0000662400000000000060EA000090
:104B0C0004160314150000006AEA0000D02100000E
:104B1C00000000006BEA0000B70700000000000076
:104B2C006CEA000063240320210000006DEA000001
:104B3C0081180314150000006EEA000086080304B7
:104B4C000500000074EA0000CA0400000000000028
:104B5C0088EA00009CF500000000000089EA0000D3
:104B6C00BFFF0000000000008DEA00000E170302DA
:104B7C00030000008EEA0000AB1C030809000000D3
:104B8C008FEA0000370700000000000091EA0000E7
:104B9C00610C00000000000092EA0000DC0E000036
:104BAC000000000093EA0000F5180000000000006F
:104BBC0094EA0000652C00000000000095EA00005B
:104BCC002D060000000000006666F435CCCCFC35E8
:104BDC003333053699990D360000163666661E3647
:104BEC00CCCC263633332F369999373600004036E5
:104BFC006666663800007038999979383333833893
:104C0C00CCCC8C38666696380000A0389999A938B7
:104C1C003333B338CCCCBC386666C6380000D038D9
:104C2C009999D9383333E338CCCCEC386666F638FE
:104C3C00000000399999093933331339CCCC1C391C
:104C4C00666626390000303999993939333343393E
:104C5C00CCCC4C3966665639000060399999693963
:104C6C0033337339CCCC7C39666686390000903985
:104C7C00999999393333A339CCCCAC396666B639AA
:104C8C000000C0399999C9393333D339CCCCDC39CC
:104C9C006666E6390000F0399999F93900008911F6
:104CAC0012239B322446AD573665BF74488CC19D88
:104CBC005AAFD3BE6CCAE5DB7EE9F7F88110080168
:104CCC0093331A22A5562C47B7753E64C99C408D68
:104CDC00DBBF52AEEDDA64CBFFF976E802218B3004
:104CEC00100299132667AF763444BD554AADC3BC48
:104CFC00588ED19F6EEBE7FA7CC8F5D983310A2028
:104D0C0091121803A7772E66B5543C45CBBD42AC27
:104D1C00D99E508FEFFB66EAFDD874C904428D53BF
:104D2C0016619F702004A9153227BB364CCEC5DF07
:104D3C005EEDD7FC6888E1997AABF3BA85520C43E7
:104D4C0097711E60A1142805B3373A26CDDE44CFE7
:104D5C00DFFD56ECE9986089FBBB72AA06638F7283
:104D6C0014409D512225AB343006B9174EEFC7FEC7
:104D7C005CCCD5DD6AA9E3B8788AF19B87730E62A7
:104D8C0095501C41A3352A24B1163807CFFF46EEA7
:104D9C00DDDC54CDEBB962A8F99A708B088481954F
:104DAC001AA793B62CC2A5D33EE1B7F04008C91997
:104DBC00522BDB3A644EED5F766DFF7C8994008557
:104DCC009BB712A6ADD224C3BFF136E0C118480977
:104DDC00D33B5A2AE55E6C4FF77D7E6C0AA583B4F3
:104DEC00188691972EE3A7F23CC0B5D14229CB3857
:104DFC00500AD91B666FEF7E744CFD5D8BB502A417
:104E0C0099961087AFF326E2BDD034C1C3394A2836
:104E1C00D11A580BE77F6E6EF55C7C4D0CC685D7AE
:104E2C001EE597F42880A1913AA3B3B2444ACD5B16
:104E3C005669DF78600CE91D722FFB3E8DD604C7D6
:104E4C009FF516E4A9902081BBB332A2C55A4C4BF6
:104E5C00D7795E68E11C680DF33F7A2E0EE787F672
:104E6C001CC495D52AA1A3B03882B193466BCF7AD6
:104E7C005448DD59622DEB3C700EF91F8FF706E696
:104E8C009DD414C5ABB122A0B9923083C77B4E6AB6
:104E9C00D5585C49E33D6A2CF11E780FA0860100C1
:104EAC000B19000050C300001000041000005B013F
:104EBC0001000000B01D000096FF00000506010C6B
:104ECC00015B00009033000091FF00000606010C0E
:104EDC00015B00002058000090FF00000000000063
:104EEC00000000003123000833230008352300089C
:104EFC003723000851C20008F1C3000839C4000868
:104F0C0061B70008472300084B230008000000008D
:104F1C0000000000B9C1000825260008CD48000893
:104F2C000000000000000000F12400088965000862
:104F3C000000000000000000E16700086369000841
:104F4C000FC60008272600084B260008D9240008A5
:104F5C00ECFFFFFF000000003123000833230008A2
:104F6C00352300083723000819C600084526000819
:104F7C0071260008E5240008472300084B2300088D
:104F8C00010000000300000005000000010000000B
:104F9C0001000000060000000A00000020000000D4
:104FAC0002000000040000000800000010000000D7
:104FBC004000000080000000000100000002000022
:104FCC0000000000000000000000000000000000D5
:104FDC0001000000020000000300000004000000BB
:104FEC00A0860100400D0300801A060000350C005D
:104FFC0040420F0080841E0000093D0000127A0020
:10500C000024F40000366E010048E801006CDC025C
:10501C000000000000000000000000000000000084
:10502C000100000002000000040000000600000067
:10503C00080000000A0000000C0000001000000036
:10504C002000000040000000800000000001000073
:10505C00DB0F49BFE4CB1640E4CB16C00000008048
:10506C00DB0F4940DB0F49C0000FC93F000F49401F
:10507C0000CB9640000FC9400053FB4000CB1641BB
:10508C0000ED2F41000F49410031624100537B413B
:10509C00003A8A4100CB9641005CA34100EDAF4140
:1050AC00007EBC41000FC94100A0D5410031E24156
:1050BC0000C2EE410053FB4100F20342003A0A42A7
:1050CC000083104200CB164200141D42005C2342A8
:1050DC0000A5294200ED2F4200363642007E3C42AC
:1050EC0000C74242000F4942A2000000F900000034
:1050FC00830000006E0000004E0000004400000021
:10510C001500000029000000FC0000002700000032
:10511C0057000000D1000000F50000003400000032
:10512C00DD000000C0000000DB0000006200000099
:10513C0095000000990000003C00000043000000B6
:10514C009000000041000000FE0000005100000033
:10515C0063000000AB000000DE000000BB0000009C
:10516C00C500000061000000B70000002400000032
:10517C006E0000003A000000420000004D000000EC
:10518C00D2000000E0000000060000004900000012
:10519C002E000000EA00000009000000D100000011
:1051AC00920000001C000000FE0000001D0000002A
:1051BC00EB0000001C000000B10000002900000002
:1051CC00A70000003E000000E80000008200000084
:1051DC0035000000F50000002E000000BB000000B0
:1051EC004400000084000000E90000009C00000066
:1051FC007000000026000000B40000005F000000FA
:10520C007E00000041000000390000009100000009
:10521C00D60000003900000083000000530000009D
:10522C0039000000F40000009C0000008400000025
:10523C005F0000008B000000BD000000F9000000C2
:10524C00280000003B0000001F000000F8000000D8
:10525C0097000000FF000000DE00000005000000C9
:10526C00980000000F000000EF0000002F0000006D
:10527C00110000008B0000005A0000000A00000022
:10528C006D0000001F0000006D00000036000000E3
:10529C007E000000CF00000027000000CB000000C3
:1052AC0009000000B70000004F000000460000009D
:1052BC003F000000660000009E0000005F00000040
:1052CC00EA0000002D00000075000000270000001F
:1052DC00BA000000C7000000EB000000E500000071
:1052EC00F10000007B0000003D0000000700000002
:1052FC0039000000F70000008A0000005200000096
:10530C0092000000EA0000006B000000FB000000AF
:10531C005F000000B10000001F0000008D000000C5
:10532C005D000000080000005600000003000000B3
:10533C003000000046000000FC0000007B00000074
:10534C006B000000AB000000F0000000CF0000007C
:10535C00BC000000200000009A000000F4000000D7
:10536C00360000001D000000A9000000E300000052
:10537C0091000000610000005E000000E6000000EB
:10538C001B000000080000006500000099000000F0
:10539C00850000005F00000014000000A000000069
:1053AC0068000000400000008D000000FF000000BD
:1053BC00D8000000800000004D00000073000000C9
:1053CC00270000003100000006000000060000006D
:1053DC001500000056000000CA0000007300000019
:1053EC00A8000000C900000060000000E2000000FE
:1053FC007B000000C00000008C0000006B0000006F
:10540C003863ED3EDA0F493F5E987B3FDA0FC93FB8
:10541C006937AC3168212233B40F14336821A233BD
:10542C000000C93F0000F0390000DA370000A23359
:10543C000000842E0000502B0000C2270000D02258
:10544C000000C41F0000C61B00004417040000002D
:10545C000700000009000000002020202020202050
:10546C002020282828282820202020202020202008
:10547C002020202020202020208810101010101018
:10548C001010101010101010100404040404040464
:10549C0004040410101010101010414141414141FE
:1054AC0001010101010101010101010101010101E0
:1054BC0001010101101010101010424242424242F0
:1054CC0002020202020202020202020202020202B0
:1054DC000202020210101010200000000000000058
:1054EC0000000000000000000000000000000000B0
:1054FC0000000000000000000000000000000000A0
:10550C00000000000000000000000000000000008F
:10551C00000000000000000000000000000000007F
:10552C00000000000000000000000000000000006F
:10553C00000000000000000000000000000000005F
:10554C00000000000000000000000000000000004F
:10555C000000000000000000005245454E54206D34
:10556C00616C6C6F6320737563636565646564005F
:10557C002F6275696C642F676E752D746F6F6C7309
:10558C002D666F722D73746D33325F31312E332E65
:10559C0072656C312E32303233303931322D313636
:1055AC0030302F7372632F6E65776C69622F6E6566
:1055BC00776C69622F6C6962632F74696D652F67F4
:1055CC006D74696D652E63002C2066756E6374694D
:1055DC006F6E3A2000617373657274696F6E20226E
:1055EC00257322206661696C65643A2066696C6576
:1055FC0020222573222C206C696E6520256425736E
:10560C0025730A00232D302B2000686C4C00656636
:10561C0067454647003031323334353637383941F7
:10562C00424344454600303132333435363738390D
:08563C00616263646566000011
:0856440018BBFE7F010000000D
:08564C006501000861D40008AB
:045654004101000808
:10565800202701083C3000200100000060270108D5
:105668009B0300200100000067270108780600203E
:1056780005000000712701089604002001000000C1
:10568800502A010895040020010000008127010824
:10569800970400200100000089270108C6030020A4
:1056A8000100000092270108C70300200100000044
:1056B8009B270108C803002001000000A827010853
:1056C800C903002001000000B5270108CA03002013
:1056D80001000000C1270108CB03002001000000E1
:1056E800CC270108CC03002001000000D8270108BE
:1056F800CD03002001000000E4270108D0030020AA
:1057080001000000F1270108CE030020010000007D
:10571800FE270108D1030020010000000F2801081E
:10572800D20300200100000020280108CF03002038
:10573800010000002F280108A2030020010000003A
:1057480039280108A30300200100000042280108AD
:10575800A4030020010000004F280108A503002031
:10576800010000005B280108A703002001000000D9
:1057780067280108B003002001000000782801080C
:10578800A80300200100000084280108A9030020C4
:105798000100000090280108B1030020010000006A
:1057A800A0280108AA03002001000000B128010870
:1057B800AC03002001000000C2280108A603002055
:1057C80001000000D3280108AE03002001000000FA
:1057D800E2280108AF03002001000000EF280108BB
:1057E800B603002002000000FE280108B7030020CD
:1057F8000200000008290108B80300200200000088
:1058080012290108B9030020020000001C29010820
:10581800BA0300200200000026290108BB0300206B
:105828000200000030290108BC030020020000002B
:105838003A290108BD03002002000000442901089C
:10584800BE030020020000004E290108BF0300200B
:105858000200000058290108C003002002000000CF
:1058680063290108C1030020020000006E29010815
:10587800C20300200100000079290108C3030020A9
:105888000100000084290108C40300200100000071
:105898008F290108C5030020010000009A2901088A
:1058A800FF000000AD240008FD2D00086026010857
:1058B80090260108F0260108C026010800093D00CD
:1058C80001000000100000000000803F6042A20DAF
:1058D8000000000003000000AC41002000000000B0
:1058E800AC410020144200207C420020000000004F
:1058F80000000000000000000000000000000000A0
:10590800000000000000000000000000000000008F
:10591800000000000000000000000000000000007F
:0C59280000000000000000008C020020C5
:040000050800D7A573
:00000001FF
