:020000040800F2
:1000000000000120E1D7000817D7000819D7000821
:100010001BD700081DD700081FD7000800000000EC
:1000200000000000000000000000000021D70008D0
:1000300023D700080000000025D7000827D70008B4
:1000400031D8000831D8000831D8000831D800086C
:1000500031D8000831D8000831D8000831D800085C
:1000600031D8000831D8000831D8000831D800084C
:1000700031D8000831D8000831D8000831D800083C
:1000800031D8000831D8000831D8000831D800082C
:100090000000000031D8000831D8000831D800082D
:1000A00031D8000831D8000831D8000831D800080C
:1000B000853A000831D8000831D8000831D8000846
:1000C00031D8000831D8000831D8000831D80008EC
:1000D000B1620008E136000831D8000831D80008C4
:1000E00031D8000831D8000831D8000831D80008CC
:1000F00031D80008000000000000000031D80008DE
:1001000031D8000831D80008C9B8000831D8000833
:1001100031D8000831D8000831D8000831D800089B
:1001200031D8000831D8000831D8000831D800088B
:0801300031D8000831D80008A5
:1001400010B5054C237833B9044B13B10448AFF311
:1001500000800123237010BDE00200200000000099
:10016000541B010808B5034B1BB103490348AFF307
:10017000008008BD00000000E4020020541B0108BC
:1001800010F8012B11F8013B012A28BF9A42F7D041
:10019000D01A7047034613F8012B002AFBD1181A16
:1001A000013870470000000000000000000000005F
:1001B00001F0FF01102A2BDB10F0070F08D010F818
:1001C000013B013A8B422DD010F0070F42B3F6D11C
:1001D000F0B441EA012141EA014122F007047FF035
:1001E00000070023F0E80256083C85EA010586EA8C
:1001F000010685FA47F5A3FA87F586FA47F6A5FAC8
:1002000087F68EB9EED1F0BC01F0FF0102F00702D3
:1002100032B110F8013B013A83EA010313B1F8D17E
:100220000020704701387047002D06BF354603385F
:10023000073815F0010F07D1013015F4807F02BF98
:10024000013015F4C03F0130F0BC0138704700BFE9
:1002500081F0004102E000BF83F0004330B54FEA77
:1002600041044FEA430594EA050F08BF90EA020FE4
:100270001FBF54EA000C55EA020C7FEA645C7FEA77
:10028000655C00F0E2804FEA5454D4EB5555B8BF9A
:100290006D420CDD2C4480EA020281EA030382EA0B
:1002A000000083EA010180EA020281EA0303362D9D
:1002B00088BF30BD11F0004F4FEA01314FF4801C70
:1002C0004CEA113102D0404261EB410113F0004F82
:1002D0004FEA03334CEA133302D0524263EB430339
:1002E00094EA050F00F0A780A4F10104D5F1200ED7
:1002F0000DDB02FA0EFC22FA05F2801841F1000132
:1003000003FA0EF2801843FA05F359410EE0A5F105
:1003100020050EF1200E012A03FA0EFC28BF4CF036
:10032000020C43FA05F3C01851EBE37101F00045EC
:1003300007D54FF0000EDCF1000C7EEB00006EEBF9
:100340000101B1F5801F1BD3B1F5001F0CD3490883
:100350005FEA30004FEA3C0C04F101044FEA4452DA
:1003600012F5800F80F09A80BCF1004F08BF5FEA61
:10037000500C50F1000041EB045141EA050130BD41
:100380005FEA4C0C404141EB0101013C28BFB1F553
:10039000801FE9D291F0000F04BF01460020B1FA9E
:1003A00081F308BF2033A3F10B03B3F120020CDA71
:1003B0000C3208DD02F1140CC2F10C0201FA0CF04F
:1003C00021FA02F10CE002F11402D8BFC2F1200CB4
:1003D00001FA02F120FA0CFCDCBF41EA0C0190406A
:1003E000E41AA2BF01EB0451294330BD6FEA0404B3
:1003F0001F3C1CDA0C340EDC04F11404C4F120029E
:1004000020FA04F001FA02F340EA030021FA04F3AF
:1004100045EA030130BDC4F10C04C4F1200220FA06
:1004200002F001FA04F340EA0300294630BD21FA44
:1004300004F0294630BD94F0000F83F4801306BF0A
:1004400081F480110134013D4EE77FEA645C18BFFE
:100450007FEA655C29D094EA050F08BF90EA020F95
:1004600005D054EA000C04BF1946104630BD91EA8D
:10047000030F1EBF0021002030BD5FEA545C05D190
:100480004000494128BF41F0004130BD14F58004CF
:100490003CBF01F5801130BD01F0004545F0FE4143
:1004A00041F470014FF0000030BD7FEA645C1ABF78
:1004B000194610467FEA655C1CBF0B46024650EAAF
:1004C000013406BF52EA033591EA030F41F40021DB
:1004D00030BD00BF90F0000F04BF0021704730B561
:1004E0004FF4806404F132044FF000054FF0000136
:1004F00050E700BF90F0000F04BF0021704730B5F7
:100500004FF4806404F1320410F0004548BF4042CB
:100510004FF000013EE700BF42004FEAE2014FEA20
:1005200031014FEA02701FBF12F07F4393F07F4FFB
:1005300081F06051704732F07F4208BF704793F0FE
:100540007F4F04BF41F40021704730B54FF4607411
:1005500001F0004521F000411CE700BF50EA010214
:1005600008BF704730B54FF000050AE050EA0102BD
:1005700008BF704730B511F0004502D5404261EB2D
:1005800041014FF4806404F132045FEA915C3FF46E
:10059000D8AE4FF003025FEADC0C18BF03325FEA0B
:1005A000DC0C18BF033202EBDC02C2F1200300FABC
:1005B00003FC20FA02F001FA03FE40EA0E0021FAE1
:1005C00002F11444BDE600BF70B54FF0FF0C4CF4CF
:1005D000E06C1CEA11541DBF1CEA135594EA0C0F81
:1005E00095EA0C0F00F0DEF82C4481EA030621EABC
:1005F0004C5123EA4C5350EA013518BF52EA0335F7
:1006000041F4801143F4801338D0A0FB02CE4FF0A8
:100610000005E1FB02E506F00042E0FB03E54FF0D8
:100620000006E1FB03569CF0000F18BF4EF0010ED0
:10063000A4F1FF04B6F5007F64F5407404D25FEACC
:100640004E0E6D4146EB060642EAC62141EA55517F
:100650004FEAC52040EA5E504FEACE2EB4F1FD0CC1
:1006600088BFBCF5E06F1ED8BEF1004F08BF5FEA3F
:10067000500E50F1000041EB045170BD06F00046F1
:1006800046EA010140EA020081EA0301B4EB5C049E
:10069000C2BFD4EB0C0541EA045170BD41F4801196
:1006A0004FF0000E013C00F3AB8014F1360FDEBFBB
:1006B000002001F0004170BDC4F10004203C35DA97
:1006C0000C341BDC04F11404C4F1200500FA05F31A
:1006D00020FA04F001FA05F240EA020001F00042BB
:1006E00021F0004110EBD37021FA04F642EB060131
:1006F0005EEA430E08BF20EAD37070BDC4F10C045B
:10070000C4F1200500FA04F320FA05F001FA04F21E
:1007100040EA020001F0004110EBD37041F100010A
:100720005EEA430E08BF20EAD37070BDC4F1200515
:1007300000FA05F24EEA020E20FA04F301FA05F27D
:1007400043EA020321FA04F001F0004121FA04F225
:1007500020EA020000EBD3705EEA430E08BF20EAF5
:10076000D37070BD94F0000F0FD101F0004640002F
:1007700041EB010111F4801F08BF013CF7D041EAB1
:10078000060195F0000F18BF704703F000465200B5
:1007900043EB030313F4801F08BF013DF7D043EA86
:1007A0000603704794EA0C0F0CEA135518BF95EA3C
:1007B0000C0F0CD050EA410618BF52EA4306D1D1C3
:1007C00081EA030101F000414FF0000070BD50EAE2
:1007D000410606BF1046194652EA430619D094EA6C
:1007E0000C0F02D150EA013613D195EA0C0F05D156
:1007F00052EA03361CBF104619460AD181EA0301AA
:1008000001F0004141F0FE4141F470014FF0000061
:1008100070BD41F0FE4141F4780170BD70B54FF0FC
:10082000FF0C4CF4E06C1CEA11541DBF1CEA13557C
:1008300094EA0C0F95EA0C0F00F0A7F8A4EB05045E
:1008400081EA030E52EA03354FEA013100F0888055
:100850004FEA03334FF0805545EA131343EA12631E
:100860004FEA022245EA111545EA10654FEA0026D3
:100870000EF000419D4208BF964244F1FD0404F58C
:10088000407402D25B084FEA3202B61A65EB0305E8
:100890005B084FEA32024FF480104FF4002CB6EBA5
:1008A000020E75EB030E22BFB61A754640EA0C0025
:1008B0005B084FEA3202B6EB020E75EB030E22BF65
:1008C000B61A754640EA5C005B084FEA3202B6EBA6
:1008D000020E75EB030E22BFB61A754640EA9C0065
:1008E0005B084FEA3202B6EB020E75EB030E22BF35
:1008F000B61A754640EADC0055EA060E18D04FEAF3
:10090000051545EA16754FEA06164FEAC30343EA92
:1009100052734FEAC2025FEA1C1CC0D111F4801F5F
:100920000BD141EA00014FF000004FF0004CB6E758
:1009300011F4801F04BF01430020B4F1FD0C88BFF7
:10094000BCF5E06F3FF6AFAEB5EB030C04BFB6EB02
:10095000020C5FEA500C50F1000041EB045170BDF5
:100960000EF0004E4EEA113114EB5C04C2BFD4EB22
:100970000C0541EA045170BD41F480114FF0000EA6
:10098000013C90E645EA060E8DE60CEA135594EA22
:100990000C0F08BF95EA0C0F3FF43BAF94EA0C0F25
:1009A0000AD150EA01347FF434AF95EA0C0F7FF49A
:1009B00025AF104619462CE795EA0C0F06D152EAEE
:1009C00003353FF4FDAE1046194622E750EA4106D2
:1009D00018BF52EA43067FF4C5AE50EA41047FF4E3
:1009E0000DAF52EA43057FF4EBAE12E74A0011D295
:1009F00012F5001211D20DD56FF47873B3EB625279
:100A00000ED44FEAC12343F0004343EA505323FA84
:100A100002F070474FF00000704750EA013002D1F9
:100A20004FF0FF3070474FF00000704780F00040FB
:100A300002E000BF81F0004142001FBF5FEA4103B6
:100A400092EA030F7FEA226C7FEA236C6AD04FEAB6
:100A50001262D2EB1363C1BFD218414048404140FB
:100A6000B8BF5B42192B88BF704710F0004F40F4AD
:100A7000000020F07F4018BF404211F0004F41F4C9
:100A8000000121F07F4118BF494292EA030F3FD095
:100A9000A2F1010241FA03FC10EB0C00C3F12003A8
:100AA00001FA03F100F0004302D5494260EB400037
:100AB000B0F5000F13D3B0F1807F06D340084FEAA2
:100AC000310102F10102FE2A51D2B1F1004F40EB97
:100AD000C25008BF20F0010040EA030070474900FF
:100AE00040EB0000013A28BFB0F5000FEDD2B0FA9C
:100AF00080FCACF1080CB2EB0C0200FA0CF0AABFBF
:100B000000EBC25052421843BCBFD040184370475C
:100B100092F0000F81F4000106BF80F40000013262
:100B2000013BB5E74FEA41037FEA226C18BF7FEA39
:100B3000236C21D092EA030F04D092F0000F08BF7B
:100B40000846704790EA010F1CBF0020704712F062
:100B50007F4F04D1400028BF40F00040704712F1A1
:100B600000723CBF00F50000704700F0004343F006
:100B7000FE4040F4000070477FEA226216BF08463C
:100B80007FEA23630146420206BF5FEA412390EAFF
:100B9000010F40F4800070474FF0000304E000BFF5
:100BA00010F0004348BF40425FEA000C08BF7047A6
:100BB00043F0964301464FF000001CE050EA01026A
:100BC00008BF70474FF000030AE000BF50EA01027F
:100BD00008BF704711F0004302D5404261EB41016C
:100BE0005FEA010C02BF84460146002043F0B64391
:100BF00008BFA3F18053A3F50003BCFA8CF2083AB6
:100C0000A3EBC25310DB01FA02FC634400FA02FCBE
:100C1000C2F12002BCF1004F20FA02F243EB0200C5
:100C200008BF20F00100704702F1200201FA02FC27
:100C3000C2F1200250EA4C0021FA02F243EB02001A
:100C400008BF20EADC7070474FF0FF0C1CEAD0525E
:100C50001EBF1CEAD15392EA0C0F93EA0C0F6FD01F
:100C60001A4480EA010C400218BF5FEA41211ED0FD
:100C70004FF0006343EA501043EA5111A0FB0131E9
:100C80000CF00040B1F5000F3EBF490041EAD371BE
:100C90005B0040EA010062F17F02FD2A1DD8B3F13A
:100CA000004F40EBC25008BF20F00100704790F0A9
:100CB000000F0CF0004C08BF49024CEA502040EAFB
:100CC00051207F3AC2BFD2F1FF0340EAC2507047C1
:100CD00040F400004FF00003013A5DDC12F1190FFF
:100CE000DCBF00F000407047C2F10002410021FA71
:100CF00002F1C2F1200200FA02FC5FEA310040F189
:100D0000000053EA4C0308BF20EADC70704792F001
:100D1000000F00F0004C02BF400010F4000F013A39
:100D2000F9D040EA0C0093F0000F01F0004C02BF34
:100D3000490011F4000F013BF9D041EA0C018FE7A3
:100D40000CEAD15392EA0C0F18BF93EA0C0F0AD0A9
:100D500030F0004C18BF31F0004CD8D180EA0100CF
:100D600000F00040704790F0000F17BF90F0004F68
:100D7000084691F0000F91F0004F14D092EA0C0F4A
:100D800001D142020FD193EA0C0F03D14B0218BFDD
:100D9000084608D180EA010000F0004040F0FE4023
:100DA00040F40000704740F0FE4040F440007047BF
:100DB0004FF0FF0C1CEAD0521EBF1CEAD15392EA3E
:100DC0000C0F93EA0C0F69D0A2EB030280EA010C2E
:100DD00049024FEA402037D04FF0805343EA1111C7
:100DE00043EA10130CF000408B4238BF5B0042F125
:100DF0007D024FF4000C8B4224BF5B1A40EA0C00CA
:100E0000B3EB510F24BFA3EB510340EA5C00B3EBFB
:100E1000910F24BFA3EB910340EA9C00B3EBD10FE9
:100E200024BFA3EBD10340EADC001B0118BF5FEA3B
:100E30001C1CE0D1FD2A3FF650AF8B4240EBC25064
:100E400008BF20F0010070470CF0004C4CEA502025
:100E50007F32C2BFD2F1FF0340EAC250704740F474
:100E600000004FF00003013A37E792F0000F00F066
:100E7000004C02BF400010F4000F013AF9D040EAE4
:100E80000C0093F0000F01F0004C02BF490011F478
:100E9000000F013BF9D041EA0C0195E70CEAD15370
:100EA00092EA0C0F08D142027FF47DAF93EA0C0F57
:100EB0007FF470AF084676E793EA0C0F04D14B023B
:100EC0003FF44CAF08466EE730F0004C18BF31F0ED
:100ED000004CCAD130F000427FF45CAF31F00043E7
:100EE0007FF43CAF5FE700BF4FF0FF3C06E000BF80
:100EF0004FF0010C02E000BF4FF0010C4DF804CDA3
:100F00004FEA40024FEA41037FEA226C18BF7FEAB2
:100F1000236C11D001B052EA530C18BF90EA010FB4
:100F200058BFB2EB030088BFC81738BF6FEAE17043
:100F300018BF40F0010070477FEA226C02D15FEADF
:100F4000402C05D17FEA236CE4D15FEA412CE1D04B
:100F50005DF8040B704700BF844608466146FFE712
:100F60000FB5FFF7C9FF002848BF10F1000F0FBDF4
:100F70004DF808EDFFF7F4FF0CBF012000205DF8ED
:100F800008FB00BF4DF808EDFFF7EAFF34BF012072
:100F900000205DF808FB00BF4DF808EDFFF7E0FF0B
:100FA00094BF012000205DF808FB00BF4DF808ED5C
:100FB000FFF7D2FF94BF012000205DF808FB00BFBF
:100FC0004DF808EDFFF7C8FF34BF012000205DF8A1
:100FD00008FB00BF4FEA40024FEA41037FEA226C60
:100FE00002D15FEA402C08D17FEA236C02D15FEA8C
:100FF000412C02D14FF0000070474FF001007047C4
:101000004FEA4002B2F1FE4F0FD34FF09E03B3EB15
:1010100012620DD94FEA002343F0004310F0004F55
:1010200023FA02F018BF404270474FF000007047AB
:1010300012F1610F01D1420205D110F0004008BF4A
:101040006FF0004070474FF00000704742000ED232
:10105000B2F1FE4F0BD34FF09E03B3EB126209D4F3
:101060004FEA002343F0004323FA02F070474FF0A9
:101070000000704712F1610F01D1420202D14FF01E
:10108000FF3070474FF00000704700BF7BB972B966
:101090000029BEBF00204FF0004106E008BF002835
:1010A0001CBF6FF000414FF0FF3000F0BBB9ADF155
:1010B000080C6DE904CE002909DB002B1ADB00F0D7
:1010C0004DF8DDF804E0DDE9022304B0704740424A
:1010D00061EB4101002B1BDB00F040F8DDF804E080
:1010E000DDE9022304B0404261EB4101524263EB6F
:1010F00043037047524263EB430300F02FF8DDF8DF
:1011000004E0DDE9022304B0404261EB4101704795
:10111000524263EB430300F021F8DDF804E0DDE91F
:10112000022304B0524263EB4303704753B94AB9F8
:10113000002908BF00281CBF4FF0FF314FF0FF30DF
:1011400000F070B9ADF1080C6DE904CE00F006F8BE
:10115000DDF804E0DDE9022304B070472DE9F04733
:10116000089E0D4604460F46002B4AD18A429446FB
:1011700065D9B2FA82F343B102FA03FCC3F120024B
:101180009F4020FA02F217439C404FEA1C4E1FFA80
:101190008CF5B7FBFEF1220C0EFB117742EA0742F9
:1011A00001FB05F090420AD91CEB020201F1FF3766
:1011B00080F01B81904240F2188102396244121A79
:1011C000A4B2B2FBFEF00EFB102244EA024400FB84
:1011D00005F5A5420AD91CEB040400F1FF3280F0AA
:1011E0000681A54240F203816444023840EA01408E
:1011F000641B00211EB1DC400023C6E90043BDE8AA
:10120000F0878B4208D9002E00F0EC800021C6E95F
:1012100000050846BDE8F087B3FA83F1002949D1FB
:10122000AB4202D3824200F2F780841A65EB0302DC
:1012300001201746002EE2D0C6E90047DFE702B9D9
:10124000FFDEB2FA82F3002B40F08F808A1A4FEA59
:101250001C471FFA8CFE0121B2FBF7F507FB152096
:10126000220C42EA00420EFB05F0904208D91CEB2A
:10127000020205F1FF3802D2904200F2CA804546D0
:10128000121AA4B2B2FBF7F007FB102244EA0244A0
:101290000EFB00FEA64508D91CEB040400F1FF324A
:1012A00002D2A64500F2BA801046A4EB0E0440EA32
:1012B00005409FE7C1F120078B4022FA07FC4CEA6A
:1012C000030C05FA01F420FA07F3FD40234300FA6A
:1012D00001F94FEA1C401FFA8CFEB5FBF0F81C0C1C
:1012E00000FB185544EA054408FB0EF5A54202FA36
:1012F00001F20BD91CEB040408F1FF3A80F087805F
:10130000A54240F28480A8F102086444641B9DB2A7
:10131000B4FBF0F300FB134445EA044403FB0EFE68
:10132000A64508D91CEB040403F1FF306BD2A64597
:1013300069D9023B644443EA0840A0FB0283A4EB62
:101340000E049C42C6461D4655D352D056B1B9EB49
:101350000E0364EB050404FA07F7CB40CC401F43AF
:10136000C6E900740021BDE8F087C3F1200102FA4C
:1013700003FC20FA01F225FA01F19D402A434FEACD
:101380001C471FFA8CFEB1FBF7F007FB1015110C80
:1013900041EA054100FB0EF58D4204FA03F408D939
:1013A0001CEB010100F1FF382FD28D422DD90238FC
:1013B0006144491B92B2B1FBF7F507FB151142EAF4
:1013C000014205FB0EF1914208D91CEB020205F126
:1013D000FF3816D2914214D9023D6244521A45EAAE
:1013E000004139E73146304609E73946E7E610461D
:1013F000FCE6C145AAD2B8EB020E63EB0C0501383E
:10140000A4E74546EAE7034695E74046D1E7D046DC
:101410007CE7023D624433E708460BE76444023848
:1014200043E700BF704700BF002242708270012274
:10143000C270B1FA81F102224909027103220170DE
:101440004271704743788B421FD0012941700AD006
:10145000022910D0C1B90123C37081700223037126
:10146000032343717047037843B101238370022340
:10147000C3700023F3E70378002BF6D002238370B8
:101480000023C3700123EAE7FEE7704782B00B88B0
:10149000ADF800304B88ADF802308B88ADF80430E1
:1014A000CB88ADF806300239431C053013F8012F04
:1014B0000DF1080C0CEB4202834232F8082C21F8A3
:1014C000022FF3D102B0704710B50C461146FFF75A
:1014D000B9FF2146BDE81040FFF7D8BF0B4B10B550
:1014E0004FF07F32C0E923234FF47F43A0F89430BC
:1014F000FF23044680F89630983000F0C5FC0023A6
:1015000084F8A43084F8A83010BD00BFFFFF7F002E
:1015100070B51146154604461E4600F01EFC2946CD
:1015200004F1140000F019FC294604F1280000F031
:1015300014FC294604F13C0000F00FFC294604F19C
:10154000500000F00AFC294604F1640000F005FC9C
:10155000294604F1780000F000FC4FF4FA7332469B
:101560004FF4FA6104F1980000F074FC2046FFF794
:10157000B5FF002384F8A5304FF47F43A4F8A630CC
:1015800070BD022380F8A8307047704700F0ECBBB4
:10159000143000F0E9BB08B5503000F0EFFB292112
:1015A00000F114030246B3FBF1F313F0FF0002D184
:1015B000101E18BF012008BD08B5643000F0DEFB26
:1015C000292100F114030246B3FBF1F313F0FF00ED
:1015D00002D1101E18BF012008BD90F8903013B939
:1015E00090F98C00704790F98D00704790F890301A
:1015F00013B990F98E00704790F98F00704710B5BD
:1016000004460AF087FA50B194F8A83043B904F1BF
:101610003C0000F0ADFB012838BF0120C0B210BD76
:101620006420FCE790F8A83013B990F89300704755
:1016300064207047783000F0A3BB783000F0A8BB7E
:1016400010B5044600F06AFB04F1140000F066FBDC
:1016500004F1280000F062FB04F13C0000F05EFBA6
:1016600004F1500000F066FB04F1640000F062FB3E
:1016700004F1780000F064FB94F8A83013B1013B4A
:1016800084F8A83010BD7F2807D0002807DA10F1B1
:10169000800F06D04042C0B2704700207047012042
:1016A00070477F20704710B1404240B270477F20A2
:1016B00070477F280FD010F1310F0EDA10F1780F3C
:1016C0000DDB7830FE2340B2584323304623B0FB75
:1016D000F3F0C0B27047FF207047FE207047002033
:1016E0007047012805DD40F2FE73984203DC80B2AA
:1016F00070470120704740F2FF707047A0F5787086
:10170000C0EBC02040F2AE7390FBF3F000F58060B8
:10171000FFF7E7BFFFF7F2BF032812DD0C2812DD49
:101720000F2812DD122812DD162812DD192812DD0D
:101730001C2812DD1F2812DD2128CCBFFF20062027
:101740007047002070470120704702207047082032
:10175000704703207047072070470420704705201A
:101760007047000005289ABF014B185CFF207047A6
:10177000D01B010805289ABF014B185CFF20704759
:10178000D61B01087F2803D0002803DAC0B27047B7
:1017900000207047FF2070477F2811D010F1320FD2
:1017A00010DA884210DD401A6423C1F1FF2158434A
:1017B00001F57F01CE31313090FBF1F0C0B27047BE
:1017C000FF2070476420704700207047014B48405D
:1017D000185C7047DC1B010852B110B4054C0A4478
:1017E00011F8013B58408A42205CF9D110BC704787
:1017F000704700BFDC1B0108392808D822280ED901
:10180000094B2338C0B2C34003F0010070475F2882
:1018100007D0613819288CBF0020012070470020B4
:1018200070470120704700BF01EC7F00F8B5024609
:10183000451E461D00245F2715F8010FFF2804BF31
:101840000134E4B2FFF7D8FF00B92F70AE42F3D1F4
:10185000062C04D119B10B6813608B889380002388
:101860009371F8BD2DE9F843DFF83490471E441D0D
:10187000012500264FF0280817F8011F08480FF02F
:10188000CBF9034610B1A0EB0903DBB2A3FB053291
:101890009E19A742A5FB0853EED13046BDE8F88358
:1018A000DC1C010810B54179A1F13000C3B2092B4D
:1018B00007D80523B0FBF3F303EB8303C01AC0B2D0
:1018C00010BD044C20460FF0A7F90028F1D0001BF2
:1018D000C0B2EEE7DC1C0108F0B5094B094F821DD0
:1018E0002826B1FBF3F4272C94BF3D5D302502F888
:1018F000015D824203FB1411B3FBF6F3F1D1F0BD9D
:1019000000801A06DC1C010870B50446FEF742FC94
:1019100002B20023551E18B2A84204FA83F104DA79
:10192000265C302E03F10103F5D0121A0132204655
:10193000BDE870400FF03FB92DE9F047432B28BFB9
:10194000432396B00C46154600211A469846074692
:101950000FF04BF90021412205A804910FF045F941
:10196000DFF87C90DFF87CA004EB4505AC4210D199
:1019700004A8FEF70FFC28B100F158036B440022C5
:1019800003F8492C04A938460FF0AFFA16B0BDE8A9
:10199000F08734F9020B47F6FF739842E8D000282D
:1019A00012DC514668460FF0A0FA04A8FEF7F2FBDD
:1019B00006466846FEF7EEFB0644B045D6D36946B8
:1019C00004A80FF01AF9D1E7694680B20DF0B5F915
:1019D0006846FFF799FF494668460FF00EF9E4E7BD
:1019E000C91B0108C41B0108F0B589B06D4600246D
:1019F0002F468E1CE1B28A4204D83946FFF79CFF7D
:101A000009B0F0BD36F8241025F8021B0134F1E7C7
:101A100042F210736421B0FBF3F203FB1200B0FB3F
:101A2000F1F301FB130000EB023000EB831080B2F6
:101A30007047020B00F03F0342F2107101FB0233CA
:101A4000C0F38510642202FB003070472DE9F0419D
:101A500042F2107388B0B1FBF3F603FB16141F4972
:101A6000DFF87C8005460FF040FA6946F0B20DF0D1
:101A700041F96846FFF748FF694628460FF0BDF870
:101A8000414628460FF0B9F864276946B4FBF7F6DB
:101A9000F0B20DF02FF96846FFF736FF6946284689
:101AA0000FF0ABF807FB1644414628460FF0A5F8A7
:101AB0006946E0B20DF01EF99DF801308DF8003056
:101AC0009DF802308DF801306946002328468DF8D4
:101AD00002300FF092F808B0BDE8F081EA2E01085C
:101AE000CE1B010870B50E460021054614460FF0C6
:101AF0007CF800239AB2944200D870BDF25C002AB0
:101B0000FBD0EA540133F5E770B50E4614460021C8
:101B1000013205460FF069F800239AB2944200D8CA
:101B200070BDF25C002AFBD0EA540133F5E730B512
:101B30000023044698B2904201D3012005E0E55C01
:101B4000C85C1DB9B0FA80F0400930BD0028FCD057
:101B5000854203F10103EDD00020F6E77D234380A9
:101B600043F2390309B2C360002301808180C3803E
:101B70000372704702680449044B01FB023323F0EF
:101B800000430360180C7047FD430300C39E26000A
:101B9000F0B5002597B0016085800446562229469D
:101BA00068460FF022F80126627CAA4209D8002379
:101BB000802104F1B400237417B0BDE8F0400FF0A9
:101BC00014B82046FFF7D6FFE7797B1B002190FB76
:101BD000F3F202FB1300C0B2EC460A46CBB29F42BE
:101BE0001DD80023227B9A42DED0A279033A012A33
:101BF00004EB050105D925B191F91120D2B9012BCA
:101C0000D2D98B74A26852F82310583304EB8502A2
:101C10006B440135516303F8586CEDB2C4E71CF80E
:101C200001EBBEF1000F03D18242DBD00132D2B210
:101C30000131D3E7501E8342E3DB01329342E0DC03
:101C4000B2E72DE9F047154696B0013D01600271FB
:101C500004464371EDB25622002168460EF0C5FFDE
:101C60000027022D84BF4FF0010900253E464FF0AA
:101C7000010A94F807809CBF4FF00309B8FBF9F8FC
:101C8000627CB24209D80023802104F1B40023749D
:101C900016B0BDE8F0470EF0A8BF2046FFF76AFF78
:101CA000A8EB0603002190FBF3F202FB1300C0B285
:101CB000EC460A46CBB2984506D91CF801EBBEF1BA
:101CC000000F22D182421ED1434528BF4346227BCA
:101CD00003FB095101F0FF018A42D1D016B1B7B917
:101CE000012BCDD9A2191F469174A26852F8211078
:101CF00004EB86020136516303F158026A44F6B2DE
:101D000002F858ACBCE70132D2B20131D2E77A1EF8
:101D10009342E7DB7A1C9342E4DCB1E7D0E901238C
:101D20006421D31AC36082604B43418AB3FBF1F351
:101D300003747047D0E90123D31AC0E90223704726
:101D400043682BB1C26864214A43B2FBF3F2D3B2B9
:101D500003740023C360436070470023C0E902336B
:101D600041824360037470474368013343607047A6
:101D7000007C704743680B4443607047C0687047FD
:101D800011B1C3680133C3604368013343607047D6
:101D9000007C7047072800D9FEE7014B185C7047AC
:101DA0002C1D010800230380837080F829307047C0
:101DB0000346007810B100221A707047587810B1AD
:101DC00000225A707047987810B100229A707047BC
:101DD00093F8290010B1002283F829207047017080
:101DE0007047017070478170704781704260704722
:101DF0004068704708307047002343600381704794
:101E00000A2310B50446838001F000FE2368E080B9
:101E10009B6820469847208110BD038970B5044611
:101E20009BB1858845B1013DADB285806DB9036830
:101E30001B68BDE87040184701F0E8FDE388C01A50
:101E4000238980B2834201D2258170BD2368204658
:101E50005B68EEE72DE9F041044610461D46164644
:101E60008846FEF799FE074606EB0800FEF794FE4B
:101E700001463846FEF79CFF656020602846FEF765
:101E80008FFEA060BDE8F08110B504464068FEF703
:101E900087FEA06010BD000010B50229044680EA4C
:101EA000E070A0EBE47068D15AB9002CACBF7F237E
:101EB0003F239842A8BF1846002C01DA40F04000AA
:101EC00010BD012A1AD1632805DC4000002CF7DA86
:101ED00040F48070F4E740F2F54398420CDCFEF7E2
:101EE0005BFE5749FEF7B0FE0DF036FCFFF7AEF88B
:101EF000400040F00100E9E7FF20E7E7022A40F058
:101F00009C80632805DC8000002CD9DA40F4007046
:101F1000D6E7B0F57A7F0CDAFEF73EFE4849FEF7C9
:101F200093FE0DF019FCFFF791F8800040F00100DE
:101F3000EAE742F20F7398420CD8FEF72DFE4149B2
:101F4000FEF782FE0DF008FCFFF780F8800040F0FD
:101F50000200D9E73C4B98420CD8FEF71DFE3B49E6
:101F6000FEF772FE0DF0F8FBFFF770F8800040F00E
:101F70000300C9E740F2FF10C6E703295DD1012A3B
:101F80001BD1B0F57A7F05DA4000002C98DA40F4D6
:101F9000006095E7B0F5205F0CDAFEF7FDFD2849FB
:101FA000FEF752FE0DF0D8FBFFF750F8400040F06E
:101FB0000100EAE740F2FF70E7E7022A3DD1B0F501
:101FC0007A7F06DA8000002CBFF67AAF40F48050AA
:101FD00076E742F20F7398420CDCFEF7DDFD1849FC
:101FE000FEF732FE0DF0B8FBFFF730F8800040F04E
:101FF0000100E8E7164B98420CD8FEF7CDFD1149D9
:10200000FEF722FE0DF0A8FBFFF720F8800040F05D
:102010000200D8E7B0F57A2F0CD2FEF7BDFD0B49D0
:10202000FEF712FE0DF098FBFFF710F8800040F06D
:102030000300C8E740F6FF70C5E7002040E700BF97
:10204000CDCCCC3D0AD7233C17F001006F12833A68
:102050009F860100002303607047000038B5084BDD
:1020600009291B7828BF09218B4204460D4602D15D
:102070000023036038BD01F0BDFC25712060F9E745
:10208000FC020020036810B504460BB9002010BD07
:1020900001F0B0FC2368C01A40F2EE239842F5D953
:1020A0000023054A2360127823799A42EED0034A2E
:1020B0000120D377EBE700BFFC0200207C03002067
:1020C000FF23437100230171837103818372704781
:1020D00038B5037904460D465BB14179A94208D071
:1020E00041B101290AD00023A371657155B1012DB9
:1020F0000FD038BD03689B689847F4E70368002158
:10210000DB68F9E723689B68012120469847A071A6
:10211000EFE723682946DB68F7E72DE9F04F077CF6
:10212000C37B857CC67C90F815E090F8208090F801
:102130000EC0BF000C4647EA931703F03F01437CF3
:1021400003F0010247EA822705F00F02D20142EABA
:10215000530206F07F031B0143EA1513057D89B086
:102160006D0045EAD6150EF00306059345EA4623B1
:10217000867D009306F01F05AD0145EA9E03C57DEF
:1021800090F819E00193ED0045EA5613057E02939D
:102190000EF0070645EA0623857E039305F03F0609
:1021A000760146EADE03C67E90F81CE00493B60092
:1021B00046EA95160EF0010546EA8526457F069209
:1021C00005F00F0B4FEACB1B4BEA5E0B90F81EE0BD
:1021D0000EF07F0A4FEA0A1A4AEA151AC57F6D0007
:1021E00045EADE1508F0030E45EA4E2590F821E099
:1021F0000EF01F094FEA891949EA9809490190F838
:102200002280407B41EADC010CF0070C40EA0C2004
:102210004FEAC80848EA5E180791FFF76FFA079976
:1022200020800846FFF76AFA60803846FFF766FAB2
:10223000069AA0801046FFF761FA059BE0801846D9
:10224000FFF75CFA20810098FFF758FA6081019847
:10225000FFF754FAA0810298FFF750FAE081039843
:10226000FFF74CFA20820498FFF748FA6082304664
:10227000FFF744FAA0825846FFF740FAE082504642
:10228000FFF73CFA20832846FFF738FA6083484678
:10229000FFF734FAA0834046FFF730FA4FF480632B
:1022A000E0832384638409B0BDE8F08F2DE9F04119
:1022B00004460F4601F0AAFB4FF0010805462368CB
:1022C00020461B689847064650B9A37A012B1FD1B8
:1022D0002389ED1A40F6C4139D42C8BFA07217E0CF
:1022E000236820465B689847A37AA3B90F2814D1C6
:1022F000A4F80A80E37AE2180133DBB2182B1073DA
:10230000E3720AD939462046FFF707FF0023A3727C
:102310003046BDE8F081012BECD02581CFE78279F2
:1023200022B14379012B01D8FFF7C0BF00207047CD
:102330007047704770470020704770470020704713
:10234000002070477047002070470020704770479A
:102350004FF0B04382B0DA6C0243DA64DB6C0340C6
:102360000193019B02B070474FF0B04382B09A6D69
:1023700002439A659B6D03400193019B02B0704735
:102380004FF0B04382B01A6E02431A661B6E0340D0
:102390000193019B02B0704750E8003F43F0800377
:1023A00040E80032002AF7D1704750E8003F23F0A0
:1023B000200340E80032002AF7D1704750E8003F80
:1023C00023F0400340E80032002AF7D1704750E87C
:1023D000003F23F0800340E80032002AF7D1704725
:1023E0000288044B5140C9B233F8113083EA1223FA
:1023F00003807047304C01089AB110B4B0F800C0A7
:10240000084C0A4411F8013B83EA0C03DBB2914209
:1024100034F8133083EA1C2CA0F800C0F2D110BCB1
:1024200070477047304C010837B54FF6FF730446CC
:10243000ADF806304518AC4203D1BDF8060003B034
:1024400030BD14F8011B0DF10600FFF7C9FFF2E7DC
:102450001629A8BF16216FF008008142B8BF0146B7
:102460001170197070470000044B1888044B1B88CA
:1024700080B29BB2C01A18BF012070475A3F00209B
:10248000583F0020044A00231380044A1380044A62
:102490001380044A13807047583F00205A3F0020A1
:1024A0005C4100205E410020012070477047000021
:1024B0000649074A0B8812880133C3F3080392B216
:1024C0009A421EBF034AD0540B80704752350020F9
:1024D00050350020503300200023A0F87032A0F8BF
:1024E0006E3270470023A0F85C32A0F85A32704771
:1024F0003C4B5A6A037A92B263B18389D31A9BB276
:10250000B3F5FA7F84BF00230372837A4F2B84BF15
:1025100000230372037A8281082B0FD8DFE803F0CF
:10252000050E0E0E0E0E0F1B2600EE2901D0C82937
:1025300004D10123837241750623037270473D293C
:102540009FBF837A5A1C1B1882728FBF0023597554
:1025500041720723F1E7827A531C0244DBB2837293
:102560005175427A9A42E9D20823E6E7837A5A1CE7
:10257000034482725975C37D162B04D1012380F860
:1025800065300923D9E74369174A03F0FF239342D3
:1025900003D1012380F86730F3E7144A93421CD13A
:1025A000837E102B19D1C37E022B08D0052B0DD0B2
:1025B000012BE6D1027EEE2A08BF80F86A30037E46
:1025C000EE2BDED1012380F86B30DAE7012380F8AF
:1025D0006830037F80F86930D3E7012380F86630E4
:1025E000CFE700BF0044014000C8002800C8003207
:1025F000044B1888044B1B8880B29BB2C01A18BFCA
:102600000120704752350020503500200278024BDF
:1026100051405B5C03707047DC380108FF23037096
:10262000704700BF7047B0F86E32B0F870229B1A46
:1026300098B21B0444BF00F5006080B2003818BF98
:1026400001207047A0F11400EDE7B0F87022B0F857
:102650006E12914203461FBF8118013291F8740235
:10266000B3F872121ABF0A40A3F870220020704714
:10267000A0F11400E9E770B50B7803704B78437054
:102680000B78FD2B05460C4638D18B788370CB78C0
:10269000C3700B7903714B7943718B7983718B68AC
:1026A000C3718B68C3F30F2303728B7A43720A26BC
:1026B000627804F10C01A8190EF01FFC6378B4F8DD
:1026C0000C213344981CEA545A1CB4F80C1192B2F1
:1026D000090AA954A278D20780B20ED504F58872EF
:1026E000054404F58E7452F8041B45F8041BA242FD
:1026F000F9D112782A700F3398B270BD00238B7015
:102700000B7983704B79C3708B7903718B6843713C
:102710000626CDE738B54A78352A0D46044601F13C
:102720000C010AD80EF0E9FB68780021C0F13602EE
:102730002044BDE838400EF058BA403551F8043B0B
:1027400040F8043BA942F9D10B88038038BD38B565
:102750004A781B2A0C46054601F10C010AD80EF0F6
:10276000CCFB60780021C0F11C022844BDE8384051
:102770000EF03BBA283451F8043B45F8043BA14223
:10278000F9D138BD38B54A78082A0D46044601F11A
:102790000C010AD80EF0B1FB68780021C0F10902E3
:1027A0002044BDE838400EF020BAEB6803604B6867
:1027B00043600B7A037238BD38B54A78072A0C4655
:1027C000054601F10C010AD80EF097FB6078002154
:1027D000C0F108022844BDE838400EF006BAE368AC
:1027E00003604B68436038BD08B52C2203480021C4
:1027F0000EF0FBF9024B00221A7008BD200E0020DB
:10280000040600202DE9F0411378037092F801804E
:1028100080F80180FD2B04460F46154654D193786D
:102820008370D378C37013790371537943719379AB
:1028300083716B7A127A1B0403EB0223EA79134447
:1028400023F07F430A26A26863F31702A260A91946
:10285000424604F10C000EF050FB7A7B904507D203
:1028600008F10C00A2EB0802002120440EF0BDF993
:1028700063781E44AB195A78AB5D03EB0223A4F8CE
:102880000C31A378DB070ED5023615FA86F304F572
:10289000887203F10C0153F8040B42F8040B8B42CD
:1028A000F9D11B781370BB7A84F82131FB7A84F854
:1028B00022313B7B84F823317B7B84F824313B78C5
:1028C00084F82031BDE8F0810023438093780371C0
:1028D000D37843711379837153790626B3E738B5FA
:1028E0004A78132A0C46054601F10C010AD80EF06D
:1028F00004FB60780021C0F114022844BDE8384090
:102900000EF073B9203451F8043B45F8043BA14262
:10291000F9D138BD2DE9F04F0C465188B1F58C7FC7
:10292000054685B04FF0000010D31070D91CC9B215
:10293000012995BF01210023518053809CBF237042
:1029400011700020287005B0BDE8F08F16780E2EAB
:1029500000F2908001A757F826F000BF2D2900084B
:1029600099290008C1290008DF290008752A0008F4
:10297000752A0008752A0008752A0008752A0008BB
:10298000752A0008752A0008752A0008752A0008AB
:10299000752A0008F1290008481C508063542178EA
:1029A000FD299BB206D10C330A21D38091800223EA
:1029B0001370C6E708330621D38091800E23F7E712
:1029C000481C50806354D80742BFD1880D31D18054
:1029D0000020012B8CBF034603231370B2E7481C71
:1029E000508000208342635414BF03460E23F4E753
:1029F000481C508063545388D1888B4232D30023C3
:102A00005380137002232B7069802378FD2B37D1FC
:102A100063792B72A3796B72637A227A1B0403EBBE
:102A20000223E27913446B60637803F10C026A803D
:102A3000A278D10701D519336B8000266968DFF8C9
:102A400000816E8140F285120C20B31801335B08BF
:102A500000FB03F758F80770B9421AD25A1EB24267
:102A6000F3D818E092889A423FF66BAF01232B709F
:102A7000002068E7107050809080D0802870F7E7C1
:102A8000E3782B7223796B7263796B606378083318
:102A9000D2E71E46E3D80C27774358F8073099420F
:102AA00027D123782046FD2B10F801BF0CBF4FF033
:102AB0000A094FF0060909EB0B03591E89B2474476
:102AC0000193FFF7B1FC97F804A0ADF80E00514652
:102AD0000DF10E00FFF784FC019BE218E35C5278D5
:102AE00003EB0223BDF80E209BB29A4209D00520C9
:102AF00000E003202870023801288CBF002001204C
:102B000021E7BB79DA0706D5FA79934582BF04EB52
:102B100009018A5CAA729B0709D50C2303FB068373
:102B200062781B7A9A4282BF4C44E35CEB720C23BE
:102B300003FB068385F80CA05B796B730220DAE750
:102B4000DC390108084B5B6A4FF0402202F58063D4
:102B500053E8003F43F0200302F5806040E8003175
:102B60000029F3D1704700BF004400400A4A0B4BD4
:102B700012680B49A3FB02323220920C00FB02F2D6
:102B8000084B486802F5FA72A3FB023292094B68BF
:102B90001B1A9A42FBD870476C02002083DE1B434D
:102BA000001000E0D34D621030B587B0034601AC91
:102BB00000F1100518685968224603C20833AB4279
:102BC0001446F7D10024094D8DF81440A96801A8D6
:102BD000FDF7D6FA10B920B207B030BD0134312C60
:102BE00005F10C05F2D14FF0FF30F5E704000020AD
:102BF00002780A4B90F801C08178D243D2B29A5C35
:102C000082EA0C0290F803C09A5C4A40995C02790F
:102C100081EA0C01595C4A40985C7047DC38010835
:102C2000028810B58488531C234044889C421EBFF0
:102C300012189171038010BD411A88B20B0444BF71
:102C400000F5007080B2704770B5104C0025234627
:102C500026782EB166788E4202D1A67896420BD0A5
:102C600001350C2D04F10404F2D1002413F8245092
:102C70001DB101340C2CF9D170BD012503F824508D
:102C800003EB8403D87059709A70F5E709060020A9
:102C90002DE9F8430B460D795A7A9E7ADF7A204B5C
:102CA000097A1B5CDB07044600D50DB9FFF7CCFFA2
:102CB00000231C491A4898464FF0010E9C4201F827
:102CC000018B25D02DB90278920702D501F801ECCD
:102CD0001EE0154A4FF0000C92F80090B9F1000F79
:102CE0000FD092F8039099450BD1002EEED092F8B8
:102CF0000190B14505D1002FE8D092F80290B94576
:102D0000E4D00CF1010CBCF10C0F02F10402E3D190
:102D10000133DBB2042B00F10100CFD1BDE8F88311
:102D200039060020050600200906002007B50368C3
:102D30008DF807101B6901220DF10701984703B0B8
:102D40005DF804FBF0B50546FD2305F80C3B85B0A6
:102D500004468DF8043090F8243103F10C0202444B
:102D6000012B42D80026637066808DF805308B7A7F
:102D700023718DF808308B7AADF8066001338B72C1
:102D800063798DF80930A3798DF80A30A368C3F30D
:102D900017031A128DF80B3009211B140DF10500D1
:102DA0008DF80D308DF80C20FFF73EFB6778ADF8FD
:102DB00002003A4629460DF10200FFF71DFB94F888
:102DC0002311FFF70DFB94F82421BDF80230A4F87D
:102DD0000C31974210D207F10C00D21B314620442F
:102DE00005B0BDE8F0400DF000BF12F8010D00285D
:102DF000B8D1013BDBB2B3E705B0F0BD70470000CE
:102E000008B5FFF7B3FE044AD2F8903043F400430C
:102E1000C2F8903008BD00BF00040058044AD2F840
:102E2000903023F40043C2F89030FFF79FBE00BFFC
:102E300000040058074B084A5B6A02F5006353E838
:102E4000003F43F0200302F5006040E80031002914
:102E5000F3D17047003801400030014070B504469E
:102E600008460D46FDF796F9236882B229462046AA
:102E70001B69BDE87040184708B5FFF7EFFF08BDB4
:102E8000B0F1904F02D10120FFF762BA084B98428F
:102E900005D003F58063984203D10420F4E70220B3
:102EA000F2E7044B984201D18020EDE7704700BF64
:102EB00000040048001C00480C4B984203D14FF41A
:102EC0000060FFF75DBAB0F1804F05D0084B984223
:102ED00005D14FF40030F4E70120FFF745BA054B68
:102EE000984202D14FF48020EBE77047002C01405C
:102EF00000440140004801402DE9F04387B00E46F0
:102F0000054614460021142201A89DF838809DF83A
:102F10003C901F460DF069FE00960B2C07D8DFE8A9
:102F200004F007070A121414141616161A1CFEE7EA
:102F30000323019301E002230493032F11D8DFE858
:102F400007F0111321110123F6E70123F1E7012313
:102F500001930393F1E70223EBE70223019301239B
:102F6000F7E7FEE702230293B8F1100F0CD8DFE871
:102F700008F02D2D0C11131517191B1D1F212325CA
:102F800027292B000123EEE7FEE701230593022307
:102F900001931EE00223F9E70323F7E70423F5E793
:102FA0000523F3E70623F1E70723EFE70823EDE71F
:102FB0000923EBE70A23E9E70B23E7E70C23E5E71F
:102FC0000D23E3E70E23E1E70F23DFE7B8F1000F5E
:102FD000DDD1B9F1000F02D02846FFF751FF053CC3
:102FE000042C05D8DFE804F0030B04030B00AE62E9
:102FF000694628460BF0B8FA07B0BDE8F083AE6129
:10300000F6E713B54FF0010C0024CDE9004CFFF7B3
:1030100073FF02B010BD000030B587B00023154625
:103020000446ADF80630FFF747FF042D04D8DFE86B
:1030300005F02E3204363F00FEE71E4B1E4A1B6889
:10304000B3FBF2F39BB20022CDE90221013B01A9BF
:103050002046ADF80430049205920BF0D5FC2368AD
:1030600023F080032360A36823F4A03323F0070335
:10307000A360636823F070036360636823F47003E4
:103080006360A36823F08003A36007B030BD094BE1
:103090000A4A1B68D4E7074B094A1B68D0E7054B6F
:1030A000064A1B68B3FBF2F303EB83035B00C9E73B
:1030B0000123C8E76C02002080A8120140420F00E3
:1030C00000127A0010B50446FFF7A6FF236843F00C
:1030D0000103236010BD00224FF0FF31FFF7F2BF64
:1030E000204B10B5204C5B6823600AF0A3FB4FF027
:1030F00090400BF0FBF91D480BF0F8F91C480BF061
:10310000F5F91C480BF0BAFC1B480BF0B7FC1B4848
:103110000BF01CFC0BF086FB4FF0E02200234FF07D
:10312000B0411361536193618A6822F0030242F057
:1031300001028A6072B64FF0FF319A0002F16042DC
:1031400002F561420133082BC2F88010C2F88011E9
:10315000F3D162B6034B1B6883F308882368984752
:10316000FEE700BF0000FF1F00060020000400482B
:103170000008004800380140004400400030014091
:103180000749084A881AEFF30883521A1A44013A89
:10319000013B984288BF0022AA210DF026BD00BF46
:1031A0000000012000040000044B5A69586910F027
:1031B000020018BFC2F38000704700BF000400582F
:1031C0004FF0B042D2F8943043F40043C2F8943048
:1031D0004FF47A7300BF013B9BB2002BFAD14FF042
:1031E000B043D3F8942022F40042C3F89420D3F8DB
:1031F00094205204FBD40C4BD3F8902022F40042CC
:10320000C3F890204FF47A7200BF013A92B2002ABC
:10321000FAD1D3F8902042F40042C3F890204FF442
:1032200000629A61704700BF0004005810B5032384
:10323000052240214FF09040FFF7E3FEBDE810402B
:103240000323052280214FF09040FFF7DABE08B536
:10325000FFF7AAFF003818BF012008BD08B5FFF727
:10326000F6FF00B908BD00BFF9E74FF09043802298
:103270009A6240229A6170474FF0904340229A62CE
:1032800080229A6170470000024B4FF480225A60FE
:10329000704700BF00E100E00023032201214FF04E
:1032A0009040FFF7AEBE4FF090431869C04300F066
:1032B0000100704710B5074C002320460522082165
:1032C000FFF79FFE20460023BDE810400522102195
:1032D000FFF797BE0004004805494B691A04DB4319
:1032E00002F4002203F0080313438B61704700BF10
:1032F0000004004805494B691A04DB4302F48012BC
:1033000003F0100313438B61704700BF00040048B3
:1033100008B5032200234FF090400121FFF771FE12
:10332000102300204FF090421169C90758BF0130A7
:1033300003F1FF3358BFC0B213F0FF03F4D10828E4
:103340008CBF0020012008BD0C4BD3F8FC2022F0DC
:103350008072C3F8FC20D3F8FC2042F08072C3F8DE
:10336000FC20A3F55D431A6822F001021A601A6876
:1033700042F001021A6000225A60704700ED00E03E
:103380000649074B074A1B68B3FBF2F310B54C68BC
:1033900043434A68121B9A42FBD310BD001000E061
:1033A0006C02002040420F0008B5032200230221D6
:1033B0004FF09040FFF725FE42F21070FFF7E0FF5C
:1033C000102200234FF090410869800758BF013355
:1033D00002F1FF3258BFDBB212F0FF02F4D10C2B26
:1033E00001D9FFF77DFE08BD1FB50223CDE90131EC
:1033F00001A80123694603930AF086FB00280CBF4D
:103400000420052005B05DF804FB014608B5012045
:103410000AF034FB00280CBF0420052008BD08B5C5
:10342000FFF7E2FF031F5842584108BD08B5FFF7F8
:10343000ECFF031F5842584108BD00002DE9F0473A
:10344000294B2A4D01280E4614462949294A0FBF07
:1034500079277827AA461D4606BF88469A46904691
:103460000AF0C0FA39462846FFF7D9FF28B90024E8
:103470000AF0CAFA2046BDE8F087002E08BF4FF4D4
:10348000FC64073424F0070405F11007B146344406
:10349000AAEB050AA1450BD14FF011324FF0FF33D3
:1034A0002846FFF7C3FF041E18BF0124A400DFE76E
:1034B0006EB90AEB0703D3E90023B3F1FF3F08BF5E
:1034C000B2F1FF3F06D1083709F10809E2E7D9E96F
:1034D0000023F2E7B84505D93846FFF7A7FF0028D3
:1034E000F1D1C4E70324C3E700C0030800C8030800
:1034F000FFCF0308FFC7030810B50AF073FA0948A5
:103500007821FFF78CFF044638B107487921FFF78F
:1035100086FF041E18BF0124A4000AF075FA204695
:1035200010BD00BF00C0030800C8030830B5084D37
:10353000002340F2EF749AB2914201D8042030BDCA
:10354000A34203D05A5DC2540133F4E70320F6E7E7
:1035500010C0030838B504460D4672B60A46014647
:103560000020FFF76BFF62B6042806D172B6012077
:103570002A462146FFF762FF62B638BD38B5124BC6
:103580001C68D3F80058B4F1113F09D1B5F1113FCF
:1035900017D0002211460120BDE83840FFF74EBF8A
:1035A000B5F1113F03D1002211461046F4E7FFF7B1
:1035B000A3FF042804D12C4001340CBF02200120B9
:1035C00038BD0420FCE700BF00C00308044B9A6824
:1035D0009107FCD518739A68D207FCD5187B704701
:1035E0000000015870B50C46451E8E18B44200D13B
:1035F00070BD15F8010FFFF7E9FF04F8010BF5E7BF
:10360000084611461A46FFF7EDBF000070B5064E9A
:1036100004464518A54200D170BD3078FFF7D6FFAB
:1036200004F8010BF6E700BF5002002008461146DF
:10363000FFF7ECBF38B504464518AC4200D138BDA1
:1036400014F8010BFFF7C2FFF7E708461146FFF732
:10365000F1BF000010B58CB02822002102A80DF0A7
:10366000C4FA4FF0B0431C4C5A6E42F001025A6645
:103670005B6E03F001030193019BFFF7A1FD08229C
:1036800008924FF48272002303924FF40072CDE946
:103690000533CDE909330293079207234FF4E06223
:1036A00002A920460B9304920BF074F9636823F08F
:1036B00010036360636823F008036360236843F0CA
:1036C00040032360A3689B07FCD5237B034BFF22A9
:1036D0001A700CB010BD00BF00000158500200204D
:1036E0001B4B10B4DC69A00611D51A6891060ED5E3
:1036F000184819495A6A038809880133C3F30A0331
:1037000089B299421FBF1549D2B2CA5403801048EA
:103710001F232206036215D503681B0612D5104B22
:10372000104A1988138889B29BB299420CD0138829
:103730000133C3F30803138013880B4A9BB2D35C95
:10374000DBB2836210BC704710BCFEF740BE00BF06
:10375000004400405A3F0020583F002058370020C6
:103760005E4100205C4100205C3F00200A490B4A7A
:1037700008B50B8812880133C3F3080392B29A424A
:1037800007D0074AD05407480B80FEF705FE0120FA
:1037900008BD0020FCE700BF5E4100205C41002026
:1037A0005C3F00200044004038B504464518AC4258
:1037B00000D138BD14F8010BFFF7D8FFF7E7084632
:1037C0001146FFF7F1BF0000054B064A1B88108821
:1037D0000133C3F3080380B2181A18BF01207047E1
:1037E0005E4100205C41002008B5FFF7EDFFB0FA14
:1037F00080F0400908BD0000054B064A1B8812886E
:103800009B1A98B21B0444BF00F5006080B2704759
:103810005A3F0020583F0020FFF7EEBF0848094AF2
:103820000188138889B29BB29942F9D01388013379
:10383000C3F30A0313801388034A9BB2D05C70471A
:103840005A3F0020583F002058370020FFF7E6BFBE
:1038500070B588B00C460646154600212022684601
:103860000DF0C3F9231E18BF01231B03CDE9023558
:1038700069460C2303480196049405930BF022F942
:1038800008B070BD0044004010B5064C236823F01A
:1038900001032360FFF7DCFF236843F0010323608B
:1038A00010BD00BF00440040002208461146FFF74B
:1038B000EBBF000073B5314C236823F001030825EA
:1038C000236001264FF40030FEF74EFD0421CDE9C0
:1038D000005603230A224FF09040FFF70DFB03230D
:1038E0001A462946CDE900564FF09040FFF704FBF9
:1038F000002211464FF4E130FFF7AAFF636823F47A
:1039000090436360A36823F02A03A3601C4BB0229A
:1039100083F8252320225A602046FEF758FDFEF743
:103920004DFD40232362174B00211980164B19804F
:10393000FEF73BFD154B1980154B1980636823F486
:1039400000636360A36823F00803A360636823F443
:1039500080436360A36823F02203A360A36843F459
:103960008053A360236833432360E3699A02FCD544
:10397000E3695B02F9D502B070BD00BF00440040AE
:1039800000E100E05C4100205E410020583F002043
:103990005A3F002008B5FFF78DFFBDE80840FFF74C
:1039A000D1B8FFF7F7BF0000024B1A68024B1A604C
:1039B000704700BF70410020100C0020054A064BE4
:1039C0001968136899421DBF01330120136000205C
:1039D000704700BF100C002070410020034A044BC8
:1039E00011681B780B441360704700BF70410020C2
:1039F00070020020014B1868704700BF7041002022
:103A00000148FFF768BB00BF00440140014B586A02
:103A100080B270470044014008B5FFF7F1FFBDE8F0
:103A20000840FFF7C1BF0000044BDA6822F0020231
:103A3000DA606FF002021A61704700BF0044014073
:103A4000002208B50260FFF7EFFF044BF02283F875
:103A50001C234FF080521A6008BD00BF00E100E057
:103A600008B5036853B1FFF7DFFF054B5A6A1144ED
:103A700089B25963DA6842F00202DA6008BD00BF19
:103A800000440140074B1A69920709D56FF0020202
:103A90001A61DA6822F00202DA60034B1B681847E9
:103AA000704700BF004401404C330020F8B51C4C67
:103AB0001C4B1D4F2046C42240F8043B00210DF052
:103AC00094F80622A01843233946FDF78DFF174AC4
:103AD0001123C4E913233F2300250226A4F85830FC
:103AE00006224323394604F15A00A4F84A6065656A
:103AF000FDF77AFF4FF480330D49C4F8A03004F18C
:103B0000B000C4E92A55A4F89E6084F8A4500DF0D2
:103B1000ECF97F2384F8C530052384F8C630F8BD5E
:103B20003805002008001600403101080F0003008E
:103B3000791D010870B5094E05460C46415C3046BA
:103B40000DF06AF8034628B1831B0133DBB2282B42
:103B500028BF0023F35C2B5570BD00BFB0380108AF
:103B600070B50C46114606460DF0BFF944B100256C
:103B7000052130460135FFF7DDFFEBB29C42F7D857
:103B800070BD000073B5054605F111061F4C204AB3
:103B9000014636016846FFF7E3FFB01C6946204442
:103BA0000DF0A3F9264404EB0511002302227272E2
:103BB000A1F81A31142101FB054001254FF0011134
:103BC000C0E91351A1F1FF21416540F20111A0F8B4
:103BD0004A20A0F858104FF48070A0624FF4007093
:103BE00084F83430E284A08584F82E5084F83020A4
:103BF00084F83330C4F83A30C4F83E30C4F8423068
:103C0000A4F84610A4F8481002B070BD7C03002050
:103C1000341D01082DE9F3410546A54CA54A05F1DF
:103C200011074FEA07180E4601466846FFF798FF4E
:103C300008F10200A04469462044FDF7F7FD98F81A
:103C40000930072B84BF032388F8093004EB0710E1
:103C5000994B427A198841FA02F2D20710D4032212
:103C6000427269B10807C1F3C00209D441FA02FCEB
:103C70001CF0010FD0B200F0A68104EB07125072C5
:103C800004EB0512280192F81A11052902D9002126
:103C900082F81A1104EB000C59889CF81A2141FA99
:103CA00002F2D20713D401228CF81A2179B111F053
:103CB000020FC1F340020AD141FA02FE1EF0010FC9
:103CC0005FFA82FC00F08481221882F81AC122185F
:103CD00092F81B11032902D9002182F81B1104EB71
:103CE00007177A7A012A03D9042A01D000229A8080
:103CF0002718998897F81B2141FA02F212F0010265
:103D00000FD187F81B2161B111F0010209D141FAED
:103D100002FC1CF0010FD7B200F05F81221882F87C
:103D20001B71002E40F09F81142202FB054191F887
:103D30004A60052E02D9022681F84A6002FB05423C
:103D400092F84B10042902D9002182F84B1014225A
:103D500002FB0542B3F84A1092F84B6041FA06F6AE
:103D6000F60712D4012682F84B6071B18E07C1F3B9
:103D700040020AD441FA02F7FF07D6B240F132817D
:103D8000142202FB054282F84B60142202FB05421A
:103D900092F84C10032902D9012182F84C10142604
:103DA00006FB0546B3F84C1096F84C2041FA02F297
:103DB00012F0010210D186F84C2069B111F0010215
:103DC0000AD141FA02F7FF07D6B240F1108114225E
:103DD00002FB054282F84C60142202FB054292F875
:103DE0004E10012902D9002182F84E10142606FB3C
:103DF0000546B3F84E1096F84E2041FA02F212F042
:103E0000010210D186F84E2069B111F001020AD1E9
:103E100041FA02F7FF07D6B240F1EE80142202FB0E
:103E2000054282F84E60142202FB054292F84F10C0
:103E3000042902D9002182F84F10142606FB0546FA
:103E4000B3F8502096F84F1042FA01F111F0010139
:103E500010D186F84F106AB112F001010AD142FA6E
:103E600001F7FF07CEB240F1CC80142101FB0541E0
:103E700081F84F60142101FB054191F85160032E38
:103E800002D9002681F85160142707FB0547B3F8D3
:103E9000526097F8511046FA01F111F0010119D161
:103EA00087F85110B6B116F0010113D106E000BF3A
:103EB0007C030020341D01083805002046FA01FC6F
:103EC0001CF0010FCFB200F0A180142101FB0541CD
:103ED00081F85170142101FB054696F85070022FAD
:103EE00002D9012786F8507001FB054191F8546012
:103EF000022E02D9012681F85460142101FB0546E7
:103F000096F84D70022F02D9002786F84D7001FBFC
:103F1000054191F85260012E02D9012681F85260C4
:103F2000142101FB054696F85570012F02D901278F
:103F300086F8557001FB054191F85360022E02D9B5
:103F4000002681F85360142707FB0547B3F8566035
:103F500097F8531046FA01F111F0010110D187F8DA
:103F600053106EB116F001010AD146FA01FC1CF0A3
:103F7000010FCFB24FD0142101FB054181F85370DE
:103F8000142101FB054696F856700C2F02D9002724
:103F900086F8567001FB054191F84C60012E08D15E
:103FA00091F84F60042E04D1D70738D5002281F84C
:103FB0004F20142202FB054292F84F10A1BB92F849
:103FC0005120012A35E00132102A7FF44FAE57E626
:103FD0000132102A7FF470AE79E60132102A7FF4A4
:103FE00096AE9EE60132102A7FF4C4AECDE60132D1
:103FF000102A7FF4E6AEEFE60132102A7FF408AF14
:1040000011E7013110297FF42AAF33E7013110297C
:104010007FF454AF5EE701311029A6D1B0E712F06A
:10402000040218BF0222C2E701290AD192F85120E6
:10403000022A01BF142202FB0542002182F851101E
:1040400007E0022903D192F85120032AF1E703295E
:10405000B5D0142202FB0542012182F8571040F22C
:104060000111A2F8581094F82620052A02D902223C
:1040700084F8262094F82720042A02D9002284F804
:104080002720B3F89E1094F8272041FA02F2D707B0
:104090000ED4012284F8272051B18E07C1F34002CB
:1040A00006D441FA02F7FF07D6B244D584F8276058
:1040B00094F82820022A02D9002284F8282094F8B3
:1040C0002920022A02D9012284F82920B3F8A0105D
:1040D00094F8292041FA02F212F001020CD184F87E
:1040E000292049B111F0010206D141FA02F7FF0778
:1040F000D6B224D584F8296094F82A200C2A02D953
:10410000002284F82A2094F832200C2A02D90022B6
:1041100084F8322094F82B20042A02D9002284F853
:104120002B2000224749164611F9017F17F1780F1D
:1041300009DA0E7009E00132102AB2D1B8E7013273
:10414000102AD2D1D8E7782FF3DC0132D2B20C2A70
:10415000EAD13D490022012611F8017F0132022FE8
:10416000D2B288BF0E70042AF6D194F83420022A05
:1041700002D9002284F83420B3F8A22094F8343015
:1041800042FA03F313F001030CD184F834304AB13E
:1041900012F0010306D142FA03F6F607D9B211D59F
:1041A00084F8341094F82C30022B02D9002384F8C0
:1041B0002C3094F82D30032B08D80AD1002384F832
:1041C000343006E00133102BE5D1EBE7022384F80D
:1041D0002D3094F82E30022B02D9012384F82E3092
:1041E00094F83030022B02D9022384F8303094F84E
:1041F00033300C2B02D9002384F8333094F8353057
:10420000042B02D9002384F83530104B18444FF6A4
:10421000FF71A0F820111421FF2201FB053183F862
:104220002F2083F831204FF0FF32C0F81C211A6292
:104230009A84A1F85A20A1F85C20DA861A8702B085
:10424000BDE8F081B5030020C10300207C030020FD
:104250000021FFF7DFBC01210020FFF7DBBC0000DD
:10426000034670B50846052B04D8DFE803F01D04AB
:1042700021191D21FEE720261F250F22174CA370B0
:104280002277013B0122A4F84C60A4F84E50A2769C
:10429000A273042B10D8DFE803F010181B1B1800C2
:1042A00009266F250722E9E7142632250A22E5E7C9
:1042B000352613251922E1E7FEE700232371237435
:1042C000FDF768FD6073607670BD22712274F7E7B8
:1042D000002323712374A376A373F1E7FC0200206B
:1042E000044B012283F85520A3F85620A3F8582048
:1042F000704700BFFC0200202DE9F043954D964C1D
:1043000000F1110805EB081702378BB00646384656
:10431000FDF7A8FA042100906846FEF785F805EB42
:104320000613E08393F81B314FEA06192BB103EB18
:10433000031303EB03231844E08305EB08135B7AB4
:10434000062B40F0E380E38B03F5B5432533E3838D
:10435000142303FB065305EB081893F84B00FFF7F3
:10436000BFFF98F8091061708B1FA944012B8CBF07
:104370000023012399F81A0184F85A30FFF770FFDF
:1043800099F81B21E18B009BE1806182A36063614E
:104390002AB14FF0113000FB0233A3606361142394
:1043A00003FB0653616293F84A006C4B84F82920A2
:1043B00013F9203023732376002384F82A30637B9B
:1043C00023B93846FDF76EFA84F82A006078FDF7C5
:1043D000E1FC634A84F82800128802F00101970783
:1043E00048BF41F00201A1850346500742BFA18D9D
:1043F00041F00401A185110742BFA18D41F01001D8
:10440000A185D70642BFA18D41F02001A18590066C
:1044100042BFA28D42F00802A285524A01AF02F1CA
:10442000200E10685168BC46ACE8030008327245A3
:104430006746F6D11068CCF80000A2784A4F0621F2
:104440000AA801FB0303134413F8248C84F820808A
:1044500017E90F0087E80F0040F2E2434046A4F856
:104460005030FCF79DFB4FF07F51FCF7EDFBFCF764
:10447000EDFDB4F84C204FF47A73B3FBF2F3A4F8DB
:104480004030142303FB06534FEA5808B8F1050FD8
:1044900093F85030C0B238BF4FF00508A4F852006E
:1044A00084F85480002B39D0022B14BF4FF4E13331
:1044B0004FF461336364142303FB065393F85430C1
:1044C0007BB3022B14BF4FF4E1334FF46133A36489
:1044D000002384F85B3084F85D30142303FB065618
:1044E00096F84C30032B03D096F84F20042A02D1C3
:1044F000012284F85B20591E4A424A4184F85C201C
:1045000094F85B2082B1012B0ED1FEE7072B7FF4DC
:104510001FAFE38BA3F5B543263B18E74FF4614388
:10452000C8E74FF46143D2E72178142000FB01551E
:1045300095F84C10022907D1012184F85D1022B1B1
:1045400094F85D301BB1FEE70AB9012BF8D00BB02F
:10455000BDE8F0837C030020FC020020403101080C
:10456000380500206C1B01082C03002002484FF482
:10457000DE72FF210CF039BB7C03002002484FF4AF
:10458000DE71FEF7E7BF00BF7C03002002484FF456
:10459000DE71FEF7CBBF00BF7C03002008B5FFF73C
:1045A000F5FF034B1878BDE80840FFF751BE00BF88
:1045B000FC020020F8B5FFF7D9FFFEF7DFFF042863
:1045C0000CD0FFF7D3FFFEF7D9FF042803D1FFF784
:1045D000DDFF042806D0FFF7C9FF03E0FFF7D6FF91
:1045E0000428EED14F4950484F4C10220CF021FBCB
:1045F00038B14E49102220460CF01BFB08B1FFF7E2
:10460000B5FFA38A42F6A102934266D042F6A00209
:10461000934258D80021444B022504260F4601201E
:1046200093F84F20012A1ED0022A1FD00ABB93F80C
:104630005020042A20D0052A20D0033A18BF012296
:1046400001310A2983F8502083F8540003F1140340
:10465000E6D194F82C30042B12D0052B31D0002356
:1046600084F82C300EE083F84F50E0E783F84F6079
:10467000DDE783F84F70DAE70122E1E70222DFE7A6
:1046800084F82C0042F6A103A38201252269254962
:10469000254842F6A2039A424FF010021CBF236144
:1046A00001250CF0C6FAD0B11E491F481022FDF7B3
:1046B00019FA1F491F480822FDF714FAFFF75EFF99
:1046C0000FE00223CCE70025E8B20135FFF75AFAE4
:1046D0000A2DF9D10023E377D4E70025D6E7002D92
:1046E000ECD1E37F104A092B84BF0023E377E17FFD
:1046F0001420002300FB0144013394F84C0082F89D
:104700004C000A2B02F11402F6D10B4C2170FFF77A
:10471000CDF92078FFF79CFD2078BDE8F840FFF741
:10472000EBBD00BF3B1D01087C0300204C1D0108B0
:104730005D1D01082E050020FC0200200129F7B5AF
:10474000054600D9FEE70B4E06EB01131C460F0190
:104750006278F15D03619B780AF0C6FCE37901930E
:10476000A379009322796379E17828460AF0E3FC83
:1047700003B0F0BD504E010838B5836804466BB1F4
:10478000024652F8183BDD6900F11903A847217E63
:1047900020460222BDE838400AF02FBD38BD000097
:1047A00070B58160897A86B0044601B101210AF0B2
:1047B00074FC20460AF0F3FD20460AF0CBFD217B75
:1047C000FF2903D0FA2220460AF0D0FDA3685B7AC5
:1047D000013B042B04D8DFE803F0043E3E414100D6
:1047E000FEE7E922E12120460AF0FEFD01212046F4
:1047F0000AF08DFD962120460AF0CAFD3821204698
:104800000AF0DCFD20460AF0E1FDA368204693F99A
:104810000810FFF7B1FFA3689D7A15B319782046F9
:10482000FFF78CFF0022114620460AF050FC0023BF
:10483000009340F2032220464FF6FF710AF0AAFCD3
:1048400020464FF6FF710AF0CCFC204606B0BDE8CA
:1048500070400AF06CBDDB22D721C4E76F226B21C8
:10486000C1E75E880E4B63614CF2503300932046E3
:104870000C4919230B220AF0C7FD0123CDE90333AC
:104880005B23CDE9015310231946204600950422ED
:104890000AF0F8FD314620460AF018FEC2E700BFD4
:1048A000304E0108A086010010B504460AF03FFD15
:1048B00020464FF6FF71BDE810400AF092BC0000A0
:1048C00038B58168036891F90810DD69044600F184
:1048D000190300F11802A847A3689A7A42B11A781E
:1048E000012A00D9FEE7044B03EB0213236138BD14
:1048F000024B6361FBE700BF504E0108304E0108D8
:1049000010B50A4CA06858B1236923B9636913B97B
:104910002046FFF7D5FFA3689B7A23B123699868E7
:10492000A0F57A7010BD63699869F9E72C32002010
:10493000836810B5044683B103691BB943690BB999
:10494000FFF7BEFFA3689B7A1BB12369B3F90C0084
:1049500010BD6369B3F91C00FAE71846F8E78368ED
:1049600010B5044643B103691BB943690BB9FFF79E
:10497000A7FF94F9190010BD1846FCE708B5836835
:1049800043B9FFF70DFF7D20FEF7FAFCBDE80840B4
:10499000FEF77ABC08BD000090F8D43053B190F80F
:1049A000D520074B03EBC20153F83230497953F855
:1049B00021007047037C00EB8300406B704700BF11
:1049C0001031010838B51546044604EB8504084645
:1049D00006490CF08AFA606BFCF7DEF80449FCF734
:1049E00033F90AF0B9FEFCF731FB38BD631D01084D
:1049F00000007A3A2DE9F3419DF824701646402FC5
:104A000088464FF05B024FF0000104461D4628BF68
:104A100040270CF0EAF8904BDB8B23803278A378A8
:104A200062F30203A3707178C90001F00801DBB2E0
:104A300003F0070341EA08111943A1707279E37882
:104A400062F30003E370B279637962F386136371F2
:104A500096F90200FCF717FEE37860F34703E37072
:104A6000F279237962F300032371327A62F3460309
:104A700023713279DBB202F0010203F07F0343EAD3
:104A8000C213237132796379C2F3450223F03F03E5
:104A900013436371A37967F34703A3712B78AA7853
:104AA000E3716B7802F01F0203F0070343EAC203CD
:104AB00023726A88637AC2F3451223F03F031343DB
:104AC00063722A79DBB202F0030203F03F0343EA88
:104AD00082136372AB88C3F38703A3726A79E37AA4
:104AE000C2F3800223F001031343E372AA79DBB21D
:104AF00002F07F0203F0010343EA4203E372EA8813
:104B0000237BC2F3C31223F00F03134323732B7AC7
:104B1000AA7AE3736B7A02F01F0203F0070343EAF9
:104B2000C20323746A89637CC2F3451223F03F03F6
:104B3000134363742A7BDBB202F0030203F03F03EA
:104B400043EA82136374AB89C3F38703A3746A7B5C
:104B5000E37CC2F3800223F001031343E374AA7BD6
:104B6000DBB202F07F0203F0010343EA4203E37485
:104B7000EA89237DC2F3C31223F00F031343237585
:104B80002B8ADB0863756B8ADB08A375AB8ADB08AD
:104B9000E375EB8ADB0823762B8BB3F5C06F4ED21F
:104BA000B3F5007F94BF00230123227B63F305123A
:104BB00022736B8BB3F5C06F43D2B3F5007F94BF04
:104BC00000230123227B63F387122273AB8BB3F59F
:104BD000C06F38D2B3F5007F94BF00230123227D3C
:104BE00063F305122275EB8BB3F5C06F2DD2B3F5CD
:104BF000007F94BF00230123227D63F38712089B6B
:104C000022751F4404F11802BB4220D14FF6FF73F6
:104C100021460DF106000D22ADF80630FDF7ECFB44
:104C20002146BDF8063021F80D3F4C22FDF7E4FB8C
:104C3000BDF80630A4F8593002B0BDE8F081022377
:104C4000B3E70223BEE70223C9E70223D4E713F840
:104C5000011B02F8011FD7E7FC02002013B59DF8E5
:104C60001040CDE9003413460A460021FFF7C2FE8A
:104C700002B010BD13B5144B0288DB8B9A42044678
:104C80001DD1837803F0F003102B01D0202B18D115
:104C9000A379A52B15D84FF6FF730DF10600592205
:104CA0002146ADF80630FDF7A7FBB4F85900BDF872
:104CB0000630C01A18BF0120800002B010BD0120CC
:104CC000FBE70220F9E700BFFC02002030B53A4BB9
:104CD000027893F8261061F30302027093F827100C
:104CE00061F30712027093F82810427861F303020F
:104CF000427093F8291061F30712427093F82A105A
:104D0000827861F30302827093F83210827961F342
:104D10000302827193F82B10827861F3071282707C
:104D200093F83410C27961F30302C27193F82C1026
:104D3000C27861F30302C27093F82D1061F3071279
:104D4000C27093F82E10027961F303020271427966
:104D500093F8301061F30302427193F833108279B3
:104D600061F30712827193F83510C27961F307126B
:104D7000C27103F1390100F10A0200F1160411F9C0
:104D8000015F02F8015FA242F9D193F84610C27D9B
:104D900061F30102C27593F8471061F38302C27593
:104DA00093F8481061F30512C27593F8493063F324
:104DB0008712C27530BD00BF7C0300200278344BDF
:104DC000C2F3030230B583F826200278C2F303123F
:104DD00083F827204278C2F3030283F82820427820
:104DE000C2F3031283F829208278C2F3030283F806
:104DF0002A208279C2F3030283F832208278C2F338
:104E0000031283F82B20C279C2F3030283F8342003
:104E1000C278C2F3030283F82C20C278C2F30312D3
:104E200083F82D200279C2F3030283F82E20427901
:104E3000C2F3030283F830208279C2F3031283F8AD
:104E40003320C279C2F3031283F8352003F139010C
:104E500000F10A0200F1160412F9015F01F8015F86
:104E6000A242F9D1C27DC2F3010283F84620C27D7D
:104E7000C2F3810283F84720C27DC2F3011283F896
:104E80004820C27DC2F3811283F8492030BD00BFA3
:104E90007C0300201FB58DF80C300123019303AB78
:104EA000009313460A460221FFF7A4FD05B05DF802
:104EB00004FB0000F0B5274D012385F8A43004461B
:104EC00085B0B0F80900FCF7B4FDC5F8A800B4F847
:104ED0000B00FCF7AEFD1422C5F8AC0004F10D0187
:104EE00005F1B000FCF710FE94F9213085F8C530CB
:104EF00094F8223085F8C63004F12300FFF75EFFF6
:104F00006E4604F1410304F15107186859683246AE
:104F100003C20833BB421646F7D1432308220E488A
:104F20006946FCF709FD94F85130A5F89E3094F8D5
:104F30005230A5F8A03094F85330D5F8AC20A5F83D
:104F4000A23042F6A1039A4201D0FFF784F905B0DE
:104F5000F0BD00BF38050020920500202DE9F04784
:104F600092B00DF108084FF0400905460E4617466D
:104F700000214A4640460BF038FE222342F6A200AA
:104F80008DF80830FCF744FDDFF880A0ADF8440050
:104F900042F6A100FCF73CFD1D4C9AF80010ADF85C
:104FA000460004EB01110DF10A00062201F589719A
:104FB000FCF798FD9AF8001004EB011205A892F88E
:104FC0001A3192F8194103F00F0304F00F0444EA78
:104FD000031492F81B3103F00F0344EA0324BDF8D5
:104FE000103023F47F6323F00F031C43ADF810400F
:104FF000FFF76CFECDE900893B4632460221284688
:10500000FFF7F8FC12B0BDE8F08700BFFC020020FB
:105010007C030020034B04491A68044801FB02008A
:1050200018607047400600200D6619005FF36E3C63
:1050300038B50B4A0B4D13782C78A34205D10133B8
:105040002B70287800F0010038BD1470FFF7E2FFE4
:105050006FF0004398423CBF01342C70F1E700BF71
:105060003D0600203E0600200B4A0C491268826073
:105070000A6802614A680A4942610A6882614A68AC
:10508000C26100234EF66022838083718381038492
:1050900002600385704700BF70410020681D010851
:1050A000711D010810B50E4CA36803B9FEE70D4A47
:1050B00012791A700021204609F0D8FF4FF47A7057
:1050C000FEF75EF92046012109F0E7FFA3682046BC
:1050D0001978FFF733FB2046FFF7E6FB10BD00BF52
:1050E0002C320020FC02002038B5174D0446A87869
:1050F000697805281CD14FF6FF732385FFF7B0F8B8
:105100006B7801229A40238D23EA020323850F49FD
:105110000F48FFF733FC0E48FFF7C6FB0C486FF053
:105120007F01FFF729FB2046BDE83840FFF7BABFF3
:10513000002323850220FFF793F86A780123934028
:10514000228D13439BB2E1E7FC0200200003002004
:105150002C32002008B590F8203002468BB9FEF7BB
:10516000A2F810B982F8210008BD92F8213001336D
:105170005BB2312B82F82130F6DD012382F820303A
:10518000F2E7FEF790F818B1322382F82130EBE70E
:1051900092F82130013B5BB2002B82F82130D8BF5E
:1051A00082F82000E0E70000134B90F820201B68F5
:1051B000CAB182689B1AB3F57A6F01D90123437192
:1051C0000379ABB10D4B427B1B781AB1022B1CBF8C
:1051D000032202739A1E534253414373837953B19E
:1051E0000323037370478360EAE701230371F8E741
:1051F0004379002BF9D17047704100201D07002032
:105200000346007B821E012A4FF0000202D893F869
:10521000201009B91A7370471046704770B51D4CBD
:105220001D4E05465B22002120460BF0DEFC2B695B
:1052300023606B696360194B194D1B7831789A1E96
:1052400053425341627A05EB011163F3000262722B
:1052500001F58971062204F10A00FCF743FC33785A
:1052600005EB031205EB031592F81B1195F81931A4
:1052700092F81A2103F00F0343EA02132374637CAC
:10528000204661F3030359216374FDF7CDF8A4F8B8
:10529000590070BD91320020FC0200201D07002043
:1052A0007C0300200A4A38B5138801339BB2502B87
:1052B00004460D4601D8138038BD002305491380EC
:1052C000FDF7CCFD29462046FDF7C8FDF4E700BFF9
:1052D000140C0020CD1E01082DE9F84F1546044698
:1052E0000F466B496B4EFDF7B9FD29462046FDF789
:1052F000B5FD694B0022012F1A800FD10823B3623C
:10530000102746F2A810B761FEF73AF8B762FEF729
:1053100037F829462046FFF7C5FFF2E7BB1E1022EB
:105320000C2B00F2A880DFE803F03141521C07A6E5
:10533000A6A6626262626200564E4FF0100808270D
:10534000C6F8188046F2A810B762FEF719F8C6F83A
:105350002880B761FEF714F829462046FFF7A2FF20
:10536000EDE74C4E4FF010080827C6F8188046F2BB
:10537000A810B761FEF704F8C6F82880B762FDF7F9
:10538000FFFF29462046FFF78DFFEDE7B262414E51
:10539000082746F2A810B761FDF7F2FFB762FDF7E4
:1053A000EFFF29462046FFF77DFFF2E70823B361B0
:1053B000384E102746F2A810B761FDF7E1FFB7623B
:1053C000FDF7DEFF29462046FFF76CFFF2E7B261EA
:1053D000304E082746F2A810B761FDF7D1FFB7623B
:1053E000FDF7CEFF29462046FFF75CFFF2E7A7F165
:1053F000090BDFF8A0805FFA8BFB00264FF0100A44
:105400005E453CBF0823C8F818304FF0040946F247
:10541000A810C8F818A0FDF7B3FFC8F828A0FDF73A
:10542000AFFF09F1FF3929462046FFF73BFF19F08E
:10543000FF09ECD10823C8F828304FF0040946F2E0
:10544000A810C8F818A0FDF79BFFC8F828A0FDF722
:1054500097FF09F1FF3929462046FFF723FF19F08E
:10546000FF09ECD10136A7F10803F6B2DBB2B34273
:1054700038BF0026C4E70823B261B3614CF2503054
:10548000FDF77EFF29462046FFF70CFFF6E700BF39
:10549000CD1E010800040048140C002008B5437814
:1054A00002789A4213D0052B8ABF0523037003703C
:1054B000027888BF4370064B064813F92210064B4A
:1054C00019731976836813B11972FFF755F908BD7E
:1054D000403101082C320020FC02002010B50AB92E
:1054E000437010BD541E0B2CFBD80332D2B231F9DD
:1054F0001220C83A03FB022240F2716192FBF1F2E2
:1055000012B222EAE2729A42C8BF1AB24270E8E7C7
:105510002DE9F047DDF82080204E0F461D46044659
:105520009146FDF7F5FE1E491E4B002830D0022F94
:1055300027D8002F0CBF304608461A46012DC4E973
:10554000000228D0023D012D154A88BF0022C4E97F
:105550000513154BE3610368A2600022C4E903262A
:105560009B6849469847A06818B1036841469B6804
:10557000984760680368BDE8F0479B684FF4E131E5
:105580001847032F15BF304618461A463246D5E74E
:1055900018463246D2E7014AD9E700BF5C02002034
:1055A0006402002060020020680200200A460146D2
:1055B00010B9024809F02BBD704700BF2C32002003
:1055C00070B50D4616461C46014688B9FDF74DFEDE
:1055D000094833462A4609F0F3FC07484FF6FF71A5
:1055E00009F0FFFDA1010448BDE8704009F012BEBA
:1055F0000148FFF759F970BD2C32002037B50C4631
:1056000038B91A48836833B9812281F88C2081F82F
:105610008E3003B030BD9D7ADDB101F18E020DF107
:10562000060109F02DFE94F98E30002B04DABDF846
:1056300006201344ADF80630BDF90630002B0FDB11
:105640004FF6FF73ADF80630BDF8063084F88C30A5
:10565000DFE70DF1060109F04AFF84F88E50EBE711
:105660007F33F1DA4FF68173ECE700BF2C32002074
:1056700070B5114C0D4606465B232246214628464E
:10568000FFF794FFD6E90613206862689A4208BFC4
:1056900088420ED120465921FCF7C6FEB4F8594085
:1056A000231A5C425C4128460449FFF7A7FF601CAF
:1056B00070BD0024F7E700BF6C300020803100206F
:1056C0000A4608B501460148FFF706FE0000002023
:1056D000002303708370437003714371C37070477C
:1056E00003780022022B427104D0032B09D0012B36
:1056F00016D0FEE701230371437183784370C370B2
:10570000704783784278991AA3EB020218BF0121EF
:1057100012F0060F14BF0122002201714271EDE761
:105720000271704702788170002A0CBF02220322A6
:105730000270FFF7D5BF0000074B282202FB0033A1
:105740009B681A78542A05D15878A0F178035842FA
:10575000584170470020704758310108074B2822F4
:1057600002FB00339B681A78522A05D15878A0F1C1
:10577000780358425841704700207047583101085B
:10578000074B282202FB00339B681A78542A04D165
:105790005878783818BF012070470120704700BF43
:1057A0005831010828230B4A434310B5D158044609
:1057B000FFF7D4FF48B92046FFF7BEFF064B1B7822
:1057C00028B103EB830301EB8301084610BD01EB15
:1057D0000311FAE758310108FC0200202E2838B5E1
:1057E00005461AD80E4B282202FB00334CB21B7917
:1057F000022B0DD0FE2B10D1FFF7D4FF0378E4B2BB
:10580000A3420AD004702846BDE83840FFF7B8BF6D
:10581000FFF7C8FF90F90030F2E7002038BD00BF65
:10582000583101082E2838B504460D4619D80E4BBC
:10583000282202FB00331B79FF2B12D1FFF7B2FFA6
:1058400006222946FCF773F958B92046FFF7AAFF4C
:1058500029460622FCF758F92046BDE83840FFF7F4
:105860008FBF002038BD00BF583101082DE9F0433B
:10587000074615462820394A41435018012B046A2F
:1058800087B025D15258364B9A4235D0A3F1CE017C
:105890008A4233D03349F23B9A4208BF0C46FF2379
:1058A0008DF800304FF0000801262046FAF772FC10
:1058B0005FFA88F9484529D806F118036B44AE42CF
:1058C00003F8188C30D80020387007B0BDE8F0839A
:1058D000022BE4D15258224B9A4211D0591C8A42D1
:1058E00010D0A3F1CE018A420ED0A3F1F2018A4278
:1058F0000AD01D49EC3BCFE71C4CD0E7194CCEE752
:105900001B4CCCE71B4CCAE71B4CC8E714F809300A
:105910002C2B06D106F118036B44013603F8188CC2
:10592000F6B208F10108C0E705F118030DEB030515
:10593000002315F8182C15F9175C0132D2B299180A
:10594000C9B2A94207EB030003DB00230370012067
:10595000BBE7615C01700133DBB2F0E7583101084D
:10596000950400207A1D0108AE1D0108CB1D010819
:10597000741E0108521E0108281E0108054B28222A
:1059800002FB00335B6A0BB1188870474FF6FF705B
:10599000704700BF583101080B4B282202FB00332F
:1059A00070B51E6A3046FAF7F5FB00220146144630
:1059B000D5B2631CA942D8B200D870BD735D013264
:1059C0002C2B08BF0446F3E75831010838B5104BBB
:1059D000282202FB003301461B79FE2B15D1FFF76D
:1059E000CDFF04460846FFF7D7FF002201460125F8
:1059F0001046D3B2994200D838BD05FA02F32342CB
:105A00001CBF431CD8B20132F3E7FF20F4E700BF0C
:105A1000583101082DE9F04F4FF0000A1D4E93B0A8
:105A200004460F46D146D6F808805FFA8AF54FF053
:105A3000000B0DE018F8030001920AF0ADFFC3B2AD
:105A4000019A202B08BF5F2302F8403C0BF1010BA9
:105A50005FFA8BF340460193FAF79CFB019B03F13D
:105A6000480298426A44E5D802F8409C394602A8A8
:105A7000FAF786FB48B10AF1010ABAF12F0F06F1D5
:105A80002806D0D10025284600E00120257013B05B
:105A9000BDE8F08F583101082DE9F0411D4E282353
:105AA00003FB016604463379FE2B0D46174618D0DA
:105AB000FF2B21D0022B28D10846FFF773FE214689
:105AC00090F9000009F07DF935692B783BB1124956
:105AD00020460BF092F8294620460BF08EF8012064
:105AE00015E00846FFF75EFE3B4602782946204651
:105AF000BDE8F041FFF7BABE0846FFF753FE0622A5
:105B000001462046FCF700F8E9E700202070BDE8D8
:105B1000F08100BF58310108E21E0108F8B5194BA9
:105B20001646282202FB063300241A790470022A42
:105B300007460D4603D0FE2A13D02046F8BD93F940
:105B400018209142F9DB93F91C309942F5DC4FF0B3
:105B5000000165F307013046FFF740FE012438706D
:105B6000EBE70029E9DB3046FFF716FFA842E4DD4A
:105B70003046FFF703FF40FA05F313F00100E6D1CA
:105B80000446DAE7583101082DE9F8430023037091
:105B9000124B1746282202FB073306461B79FF2BC0
:105BA0000C4603D000252846BDE8F8830846FAF7DE
:105BB000F1FA0628F6D104F1FF3804F1050918F8C6
:105BC000010FFBF719FE05460028EBD0C845F6D1BA
:105BD00021463846FFF726FE3070E4E758310108C9
:105BE000F8B5104E4FF0280C0CFB026600273679F2
:105BF0000770FE2E04460B46154603D0FF2E0BD031
:105C0000022E0DD118460AF033FE2A4601462046E0
:105C1000BDE8F840FFF782BFBDE8F840FFF7B4BF2A
:105C20003846F8BD5831010810B504460846B2B9E7
:105C3000FBF738FE042812D8DFE800F003090B0D4B
:105C40000F00084920460BF050F9012010BD06490D
:105C5000F8E70649F6E70649F4E70649F2E70020C7
:105C6000F4E700BFB11E0108B61E0108BB1E010803
:105C7000C01E0108C61E010810B504460068FDF7E5
:105C8000EDF802492068FDF7E9F810BDCC1E0108C7
:105C90000D4B0E4A5B680360003B18BF0123037184
:105CA00000234371B2F84C2080F88530122A8CBF53
:105CB00002220122C0F8883080F88C3080F88D20D4
:105CC000A0F88E30704700BF5C030020FC0200206B
:105CD00090F88530682B08D8C2180133DBB25171B7
:105CE00080F88530184400234371704708B50530AB
:105CF000FAF746FAB0FA80F0400908BD2DE9F04302
:105D0000064691B0084688461546FAF743FA06F16A
:105D1000050904464846FAF73DFAE4B2631CC7B2E7
:105D2000BB4203DB002011B0BDE8F08322464146B0
:105D300048460AF07EFF0028F4D1231D22461E4467
:105D4000BA4203461BD300F140036B44002403F81E
:105D5000404C0028E6D09DF800303D2BE2D13023A6
:105D600068468DF80030FAF715FA2346DAB2904209
:105D700012D868460AF07CFD28600120D3E716F8A7
:105D8000011F202905D040336B440130C0B203F815
:105D9000401C0132D2B2D3E740326A44013312F8D8
:105DA000402C303A092AE1D9BCE700002DE9F04740
:105DB0004379702B90B080460F46164671D1837997
:105DC000202B6ED1C0790AF0DFFD00285CD00025C1
:105DD0004FF0020A2C4608F105094846FAF7DAF9AD
:105DE000824522D305F140030DEB0305002305F89E
:105DF000403CC4B3E8461D4618F8010B0AF0CCFD40
:105E000078550135EBB2A342F6D300253D55013458
:105E1000E4B26846FAF7BEF96719FFB2874206EBAB
:105E2000050334D300221A702DE008EB0A035B79D6
:105E30003D2B0ED0202B07D005F140016A1C0DEB45
:105E4000010505F8403CD5B20AF101035FFA83FA77
:105E5000C3E72C46F0E705F140036B4413F8400C10
:105E60000AF09AFD78556846FAF794F9E5B2A84227
:105E700007EB050304F10104EDD800220A491A706A
:105E800030460BF032F8012010B0BDE8F08707F182
:105E900040020DEB0207013517F8402C1A70EDB2E5
:105EA000B7E70020F0E700BFCF1E01082DE9F0475B
:105EB0002C4E282303FB016688B03379FE2B044661
:105EC0000D4620D0FF2B4BD0022B2DD196F9185028
:105ED00025490068FCF7D0FF2846694608F071FFA5
:105EE00069462046FFF7C8FE96F91C501F492068F6
:105EF000FCF7C2FF6946284608F063FF6946204662
:105F0000FFF7BAFE10E00846FFF738FDDFF86090B3
:105F1000DFF860A080460027FEB201233246294602
:105F20006846FFF7A3FC10B908B0BDE8F087BBB224
:105F300048FA03F3DB0711D520684946FCF79CFFBC
:105F400006F130012068C9B2FCF7F0FE2068514626
:105F5000FCF792FF69462046FFF78EFE0137DBE72C
:105F60000549CDE758310108D11E0108D91E0108A5
:105F7000E11E0108E41E0108E81E0108F0B5044610
:105F80008BB008460D46FFF721FD254F25490646F3
:105F90002068FCF771FF282303FB05772068B968A8
:105FA000FCF76AFF20492068FCF766FF2EB91F49FD
:105FB0002046FFF761FE0BB0F0BD0122294602A882
:105FC000FFF76AFD206802A9FCF756FF3B79FE2B1C
:105FD00003D0FF2B1AD01649EAE72846FFF7E2FB69
:105FE000057814492068FCF747FF05F13001206867
:105FF000C9B2FCF79BFE10492068FCF73DFF012E5B
:10600000E9D10E492068FCF737FFE4E70C4B02A901
:106010005A786846FFF708FE0028DCD06946F1E7A9
:1060200058310108E11E0108E41E0108F71E0108AD
:10603000791D0108071F0108F51E01080A1F010844
:10604000FC02002038B54A4B1A6890F88C30012BBE
:10605000044640F08B80D0F88830D31AB3F5FA7F2D
:10606000C0F08480434DC0F888202846FBF7C7FA6B
:1060700008F0B6FE01462068FCF7FEFE3E492068A7
:10608000FCF7FAFE05F11400FBF772FE08F0A8FE1B
:1060900001462068FCF7F0FE38492068FCF7ECFE6A
:1060A00095F8940008F09CFE01462068FCF7E4FE99
:1060B00033492068FCF7E0FE95F98C0008F09AFE61
:1060C00001462068FCF7D8FE2E492068FCF7D4FE74
:1060D00095F98D0008F08EFE01462068FCF7CCFE95
:1060E00029492068FCF7C8FE95F9920008F082FE65
:1060F00001462068FCF7C0FE21492068FCF7BCFE81
:1061000095F98E0008F076FE01462068FCF7B4FE93
:106110001C492068FCF7B0FE95F98F0008F06AFE74
:1061200001462068FCF7A8FE18492068FCF7A4FE89
:1061300005F15000FBF722FE80B208F065FE014633
:106140002068FCF799FE0E492068FCF795FE05F1E2
:106150006400FBF713FE80B208F056FE014620688B
:10616000FCF78AFE0A492046FFF786FD38BD00BFCE
:1061700070410020803100202C1F0108191F0108E8
:106180001C1F01081F1F01081A1F0108211F0108F9
:10619000241F01082DE9F04190F88E3090B004469C
:1061A00043B93A4A3A4B92F85A105B7C394A01B1EA
:1061B0005B001370DFF8DC80354E002794F88D20EB
:1061C000FBB29A4208D994F88E5098F80030AB424E
:1061D00005D8002384F88C3010B0BDE8F081737CC2
:1061E0009D424DD275B92C492068FCF745FE707C64
:1061F00008F0F6FD01462068FCF73EFE27492046E0
:10620000FFF73AFD284608F0EBFD01462068FCF751
:1062100033FE23492068FCF72FFE73190137987C61
:1062200008F0DEFD01462068FCF726FE1D492068C7
:10623000FCF722FE06EB8503586B08F0EFFD0146E4
:106240002068FCF719FE18492068FCF715FE2A465D
:1062500008A93046FEF7B6FB694608F07CFD6846A3
:10626000FBF752FB20686946FCF706FE08A92046AA
:10627000FFF702FD94F88E30013384F88E309DE7ED
:10628000ED1A15F0FF05BDD10849ADE7FC0200206D
:10629000180C002045060020261F0108E6250108ED
:1062A0002E1F0108351F01083F1F0108451F010867
:1062B00070B5244CE569AB0607D523689E0604D566
:1062C000606A214BC0B21B6898471F2328062362CF
:1062D00015D52368190612D51C4B1D4A1988138839
:1062E00089B29BB2994219D013880133C3F30803D2
:1062F00013801388174A9BB2D35CDBB2A3626A0691
:106300001FD5104803685B061BD5FCF757F84023E0
:106310000362114BBDE870401B6818470948FCF741
:1063200056F840230D4A236202F5006353E8003F0C
:1063300043F0400302F5006040E800310029F3D14A
:10634000DDE770BD003801405402002056370020C0
:1063500054370020543500205802002000300140FE
:106360000848094A0188138889B29BB29942F9D03A
:1063700013880133C3F3080313801388034A9BB2C5
:10638000D05C70475235002050350020503300203B
:10639000FFF7E6BF70B588B00C46064615460021EB
:1063A000202268460AF021FC231E18BF01231B038C
:1063B000CDE9023569460C23034801960494059300
:1063C00008F080FB08B070BD0038014010B5064CE5
:1063D000236823F001032360FFF7DCFF236843F009
:1063E0000103236010BD00BF0038014013B5134CFA
:1063F0002046FBF7DAFFF1B111484FF400524FF499
:106400008061FFF7E3FF23680E4823F00103236058
:10641000636823F480336360236843F001032360DF
:1064200001220823CDE9003203231A468021FCF71C
:1064300063FDFCF7FFFC012002B010BD00380140F5
:10644000A08601000004004813B5134C2046FBF75A
:10645000ACFFF1B111484FF400524FF48061FFF7E7
:10646000B5FF23680E4823F001032360636843F4FB
:1064700080336360236843F0010323600122082313
:10648000CDE90032802103230222FCF735FDFCF721
:10649000D1FC012002B010BD00380140A0860100EF
:1064A0000004004873B52F4C236823F001032360D8
:1064B000082501264FF48040FBF762FF4021CDE91B
:1064C0000056294803230A22FCF716FD03231A4627
:1064D000CDE9005624488021FCF70EFD002211462C
:1064E0002248FFF757FF636823F490436360A36873
:1064F00023F02A03A3601E4BA02283F8242310223A
:106500005A602046FBF763FFFBF758FF40232362E6
:10651000184B00211980184B1980FBF746FF174BC9
:106520001980174B1980636823F400636360A368C4
:1065300023F00803A360636823F480436360A368C7
:1065400023F02203A360A36843F48053A36023686D
:1065500033432360E3699A02FCD5E3695B02F9D512
:1065600002B070BD0038014000040048801A0600E7
:1065700000E100E05437002056370020503500205D
:10658000523500200649074A0B8812880133C3F3AD
:10659000080392B29A421EBF034AD0540B80704740
:1065A000563700205437002054350020F8B5012319
:1065B00080F86C3090F8BD30044603F0FF005BB10A
:1065C00094F8BD5004F16C070026B3B29D4204D884
:1065D000002384F8BD300120F8BD17F8010FFFF744
:1065E000D1FF0136F1E700000148FBF7D5BE00BF3F
:1065F0000038014007B50E48FBF7D7FE036823F0CB
:1066000001030360436843F400434360036843F0BD
:106610000103036000220823CDE90032054803236B
:106620000A228021FCF768FC03B05DF804FB00BF80
:1066300000380140000400480E4B07B51A680E48A8
:1066400022F001021A605A6822F400425A601A6865
:1066500042F001021A6008230022CDE900328021B5
:1066600003230222FCF748FC03B05DF804EBFCF7BF
:10667000E1BB00BF003801400004004837B50446C4
:10668000FFF710FF134B144D1A6822F001021A6035
:106690005A6842F400325A605A6842F480325A60B2
:1066A0001A6842F001021A6008230122CDE9003283
:1066B0002846032302228021FCF71EFC28460323E0
:1066C00002224021FCF79DFC204603B0BDE830408B
:1066D000FFF7B2BF003801400004004808B50023AE
:1066E00083810371C380038183720361014604487F
:1066F000FDF7A6F9BDE808400846FFF7BFBF00BF99
:106700004C330020036810B504461B689847237A71
:10671000082B05D90A2B03D0092B02D000232372A2
:1067200010BD236820465B6898470028F6D00848CB
:10673000036823B1FA21FDF793F90A23EFE7204616
:10674000FFF758FF0B232372BDE81040FFF74CBF43
:106750004C33002001460148FFF7D4BF90170020BA
:1067600001460148FFF7CEBF24070020037A0A2B19
:1067700010B5044607D1FFF73DFF0B232372BDE898
:106780001040FFF731BF10BD0148FFF7EFBF00BF5A
:106790002407002010B50446FFF74EFF00232372A4
:1067A00010BD00000148FFF7F5BF00BF90170020A3
:1067B0000148FFF7EFBF00BF2407002008B5017AAA
:1067C000094A0A29126801D8026108BD0169521AF2
:1067D000142AFAD900220272FFF72EFF0348FBF7B2
:1067E000EDFD40230362F0E77041002000380140D6
:1067F0000238C0B210289ABF014B185C00207047C5
:10680000D93001083B4B0246586A137A10B580B262
:1068100033B19389C31A9BB2FA2B84BF002313723E
:10682000137A9081052B19D8DFE803F003080E33A3
:106830004A564F2912D1012313720FE0572901D173
:106840000223F9E70023F7E70023FF29937206D11B
:1068500041F204731381537E002BF3D110BD9F29A5
:106860000FD901F01F000124947282F83200FFF763
:10687000BFFF507218B982F84B400923DCE70523AB
:10688000DAE71829DED80029F7D0032351721372F2
:10689000E1E7B2F86E02B2F87242431C2340B2F84C
:1068A00070429C421EBF801880F87412A2F86E32AB
:1068B000937A517A0133DBB299429372DDD9CDE7F5
:1068C000907A431C1044DBB29372C176517A99429C
:1068D000C4D801239376D0E7907A431C1044DBB2EE
:1068E000937280F83210517A9942B7D2012382F81C
:1068F0004B30C2E7004401402DE9F04389B000234A
:1069000001AFB0F868908DF804300446B846012510
:10691000B4F86A2048461146EEB2FCF78DF9A0B1F2
:10692000192D11D091451FBFA318B4F86C1093F81E
:106930006E30013214BF0A40002308F8013F18BF2F
:10694000A4F86A200135E3E72E46B6B200240134EC
:1069500017F8010BA4B2FFF715FEA642F7D80120E5
:1069600009B0BDE8F08370B590F8665000F14C04B2
:106970000026B3B29D4200D870BD14F8010FFFF796
:1069800001FE0136F5E770B5457E044605B1FEE728
:10699000012680F84C6090F8663033B1FFF7E3FFD2
:1069A00084F866503546284670BDB0F86A10B0F8D5
:1069B0006800FCF741F90028F5D02046FFF79CFF5E
:1069C000F0E7027FC37E02F0070243EA02230B8056
:1069D000838BC3F3CA034B80C369C3F38A338B80B1
:1069E00090F82030C27F03F00F03DB0143EA52032B
:1069F000CB80038CC3F30A130B81036AC3F3CA333E
:106A00004B8190F8243090F8232003F01F039B0162
:106A100043EA92038B81838CC3F34A13CB81C38CEB
:106A2000C3F30A030B8290F8283090F8272003F074
:106A30003F035B0143EAD2034B82836AC3F38A13A9
:106A40008B82438DC3F34A03CB8290F82C3090F8AD
:106A50002B2003F07F031B0143EA12130B83C36A4D
:106A6000C3F3CA134B83C38DC3F38A038B8390F89C
:106A7000303090F82F20DB0043EA5213CB8390F89C
:106A8000312040F2547312F0010F14BF1A46AC22A9
:106A90000A8490F8312012F0020F08BFAC234B8417
:106AA0007047437E70B504460D463BB10023037228
:106AB0008E18B54203D100232372A37670BD2368DC
:106AC00015F8011B1B6820469847F2E70346407EF5
:106AD00030B568B193F8664004F0FF054CB103F19E
:106AE0004D040C6093F866101170002283F8662044
:106AF00030BD2846FCE7000042766AB301230376E6
:106B000040F2FF11A0F86C1040F2FF710023A0F8D2
:106B100072127F2180F84C30A0F86A308376A0F89A
:106B2000683080F84B30A0F8703280F86630A0F8FA
:106B30006E32A0F8763AA0F8743AA0F8781A80F885
:106B4000FA3AC0F8FC3A52B9054B064A1A60064BAD
:106B5000064A1A60FFF7C2BD01760029D0D17047FE
:106B6000540200205567000858020020A56700085D
:106B7000F8B5477E04460D4617B100263046F8BDED
:106B8000037E002BF9D0FFF719FEA37E03F0FF066A
:106B9000002BF2D0A77629462046FFF712FFEDE73B
:106BA000427E10B50346E2B9007EB8B193F84C407E
:106BB00004F0FF0094B11C7983F84C200CB11A71D9
:106BC000DA80DC889A790134052ADC8007D0092A2A
:106BD00005D0012A4FF0000305D10B7010BD012331
:106BE000FBE70020FAE71846F8E70346007E60B1AD
:106BF00093F84B2002F0FF003AB1002283F84B20BB
:106C000093F8323003F01F030B707047F8B5064657
:106C10000D461746002119224D3009F0E6FF28469F
:106C2000FFF7E6FD05F01F050446603D013402460E
:106C300086F84D50394606F14E00E4B20AF05DF98F
:106C400086F86640F8BD000070B590F8FA4A0CB1BD
:106C5000002070BDB0F8745AB0F8763AEE1AB2B2AD
:106C6000360444BF803292B2002AF1D00D4A166831
:106C7000427E22B1D0F8FC2A921B092AE8D90022D0
:106C80009D42C0F8FC6A80F8FA2A08D0C218013385
:106C900092F87A4AB0F8782A1340A0F8763A0C7045
:106CA0000120D6E77041002010B52C4C86B0182288
:106CB0000021684609F099FF237829488DF80630AD
:106CC000FDF736FEADF800002548FDF748FE9DF8BB
:106CD000073094F855208DF8030062F303038DF814
:106CE0000730204B93F8A4205AB39DF8052042F0BA
:106CF00001028DF8052093F8C52093F8C6308DF871
:106D0000042003F00F039DF80720174863F30712D0
:106D1000164B8DF807201B799DF802205B0043F08D
:106D2000010322F0030203F0030313438DF8023042
:106D30006A462F230B218DF80830FFF767FF06B056
:106D400010BDBDF8043023F4FF7323F0010343F0BA
:106D50007F03ADF804300523D5E700BFFC02002017
:106D60002C32002038050020901700204806002013
:106D70007FB518220021684609F037FF42F6A200CD
:106D8000FAF746FEADF8000042F6A100FAF740FE21
:106D90000749ADF80200142201A8FAF7A3FE05483E
:106DA0006A460421FFF732FF07B05DF804FB00BF1D
:106DB0004D1F01089017002010B5134C86B0182203
:106DC0000021684609F011FF94F8A430C3B1D4F84B
:106DD000A800FAF71DFEADF80000D4F8AC00FAF7F1
:106DE00017FE1422ADF8020004F1B00101A8FAF771
:106DF00079FE06486A460521FFF708FF06B010BD78
:106E000003491422F2E700BF380500209017002044
:106E1000791D01082DE9F04F0C463549282303FB65
:106E2000041189B007462046FEF7A8FD0B79D1F87A
:106E30002080FE2B814603D14FF6FF73984206D186
:106E40004146384609B0BDE8F04F0AF04EB820463A
:106E5000FEF7A8FC002590F800B02E46AA462C4666
:106E6000EAB240460192F9F795F9019A0130904251
:106E70004FF02D0102D809B0BDE8F08F18F80200DC
:106E80000AF1200CEC440AF101032C28DBB20CF8C7
:106E9000180C00D040BB5E4503D049FA06F0C0078D
:106EA00018D50DF1080E0022D0B254FA82FC8342AC
:106EB0005FFA8CFC08D85444013404F0FF04013616
:106EC000502CF6B20FD9FEE71EF8010B07F80C00A4
:106ED0000132E9E73955631CDBB218F80220FA5495
:106EE0000234E4B2EBE7002301359A46B8E700BF6D
:106EF00058310108044B1870044B05480022072143
:106F00001A70FBF78DBE00BFD82F0020D92F0020AC
:106F10000422002008B50B78033B082B20D8DFE8BB
:106F200003F010050C1F1A1F1F1F0E00042100F68E
:106F30007420BDE80840FBF773BE0521F7E70B217D
:106F4000F5E7042100F67420FBF76AFE0521FBF744
:106F500067FE0B21EDE7BDE808404878FFF7CABFA0
:106F600008BD000070B56E4D2C782E2C86B00ED961
:106F700018220021684609F038FEFF2369488DF881
:106F800000306A460721FFF741FE06B070BD664E2D
:106F9000317800294BD1022333701822634E6846A2
:106FA00009F023FE282303FB04638DF800401B79BE
:106FB000FE2B27D0FF2B2DD0022B09D101232046F9
:106FC0008DF80130FEF7EEFB90F900308DF81230AD
:106FD0002B78282202FB03660DF10200B168102213
:106FE000FAF780FD4F4807216A46FFF70FFE297820
:106FF0004F48FFF70FFF4F48072106B0BDE870402C
:10700000FBF70EBE042320468DF80130FEF7CAFBC5
:107010000378DBE7052320468DF80130FEF7C2FB3D
:10702000062201460DF11200FAF75CFDD0E70229B5
:1070300042D1002118226846317009F0D6FD3B4B41
:107040008DF80040282202FB04331A79022A0DD061
:10705000FE2A1BD06A4608213248FFF7D7FD337855
:10706000002BC8D12B7801332B708EE71A7D8DF859
:1070700005201A7E8DF801201A7F8DF803201969EA
:1070800006220DF10700FAF72DFDE3E75B6A83B1F5
:107090001B882749ADF8013015220DF10300FAF7DE
:1070A00021FD2348F9F776F8142884BF03233370B1
:1070B000D0E74FF6FF73ECE7032917D10021182220
:1070C0006846317009F091FD1B498DF80040172288
:1070D0000DF10100FAF706FD1548F9F75BF82B28CA
:1070E00084BF042333706A460921B5E783D90021A0
:1070F00018226846317009F078FD0DF101000F4942
:107100008DF800401722FAF7EDFC9DF80030054895
:10711000803B6A4609218DF80030FFF777FDA1E733
:10712000D82F002090170020D92F002058310108B7
:10713000DA2F002004220020EF2F0020063000204C
:1071400010B500230B70024600782E280C4611D88B
:10715000094B282101FB00331B79FF2B06D0B2F924
:107160000110FEF73BFB2070012010BD511CFEF703
:1071700059FBF8E71846F8E75831010804380728A2
:107180000DD8DFE800F004060C080C0C0C0AFFF721
:10719000EFBDFFF711BEFFF7E5BEFFF785BD7047F6
:1071A00038B5530705460C460BD422F0004222F0B6
:1071B0003F0222B12549BDE8384009F096BE244976
:1071C000F9E7244909F091FEA10702D52249284692
:1071D000F1E7A20601D52149F9E7630501D5204968
:1071E000F5E7200401D51F49F1E7A10501D51E49A6
:1071F000EDE7A20301D51D49E9E7230601D51C49A6
:10720000E5E7E00501D51B49E1E71B4BA34301D1AD
:107210001A49DCE76103FBD4E20301D51849D6E73C
:10722000230501D51749D2E7E00601D51649CEE777
:10723000610701D51549CAE7220701D51449C6E7F8
:10724000E30201D51349C2E738BD00BF601F010842
:10725000651F0108681F01086D1F0108721F0108E2
:10726000751F01087A1F01087F1F0108841F01088C
:10727000392A01082C2C010810000100891F01087F
:107280008E1F0108992A0108931F0108961F010803
:107290009B1F01089F1F010810B5142204460021FE
:1072A0002A3009F0A2FC002384F8F7324FF07F4225
:1072B000A4F8FC3284F8FE32C4F80033FF23C4F88B
:1072C000F82284F8043310BD0B68C0F890304B6886
:1072D000C0F894300B7A80F89830012380F82D3074
:1072E00080F8333090F89630DB0980F8FE32704732
:1072F000993001F1280351F8042B40F8042B9942EE
:10730000F9D10B8803808B788370704710B500F13A
:10731000C40301F1340251F8044B43F8044B914289
:10732000F9D1012380F82E3010BDF83001F11C0393
:1073300051F8042B40F8042B9942F9D10B780370D3
:10734000704710B500F2151301F11C0251F8044BFF
:1073500043F8044B9142F9D1012380F8323010BD3B
:1073600010B500F2311301F11C0251F8044B43F83F
:10737000044B9142F9D140F201134385012380F877
:10738000303080F8F93290F8FE3253B990F8FD327F
:107390003BB9D0F83931C0F85332D0F83531C0F8A4
:1073A0004F3210BD00F2671001F1100351F8042BA9
:1073B00040F8042B9942F9D10B880380704700F202
:1073C0004D1001F1180351F8042B40F8042B994299
:1073D000F9D10B880380704710B500F2791301F1E1
:1073E000140251F8044B43F8044B9142F9D10123A4
:1073F00080F83130D0F8993013F0100308D0D0F86D
:107400009D3013F010031CBFD0F8A130C3F300135C
:1074100080F83D3010BD0B7B192B30B51FD1CA7AD7
:1074200090F8FB329A421AD891F82630012B16D0E8
:107430000B4600F28D1201F1240453F8045B42F86C
:10744000045BA342F9D11C8814809B7893700123BC
:1074500080F8323080F8FA32CB7A80F8FB3230BDD7
:1074600000F5DA7001F1140351F8042B40F8042BF5
:107470009942F9D10B880380704791F8203030B5DC
:107480007BB90B4600F5E57201F1340453F8045B57
:1074900042F8045BA342F9D11B881380012380F8D2
:1074A0002F3091F82030012B0ED100F5007301F13F
:1074B000340251F8044B43F8044B9142F9D10A8845
:1074C0001A80012380F8343030BD0B68C0F83632A2
:1074D0004B68C0F83A320B7A80F83E32012380F8CC
:1074E000FC3270470B68C0F83F324B68C0F843323B
:1074F000012380F8323070470B68C0F847324B6880
:10750000C0F84B32012380F83630704710B500F2D6
:107510004F2301F13C0251F8044B43F8044B9142D4
:10752000F9D1012380F8303080F8FD3210BD10B55C
:1075300000F28B2301F1340251F8044B43F8044B61
:107540009142F9D10A881A80012380F82C3010BDAD
:10755000F0B500252C460126AB4206D803680C4046
:1075600004FA02F213430360F0BD06FA05F73C4348
:107570000135F1E770B50446084694F82A6016B95B
:107580000026304670BD94F8E0300022022B84F8CB
:107590002A20F5D90A60D4F83551002DC8BF6D42B4
:1075A0003223B5FBF3F11E2301EB4101FFF7D0FFBE
:1075B000D4F8351102231E22C90FFFF7C9FFE0E7F7
:1075C00070B50446084694F82B6016B9002630467C
:1075D00070BD94F8E0300022022B84F82B20F5D9FE
:1075E000D4F839510260002DC8BF6D423223B5FB7B
:1075F000F3F11E2301EB4101FFF7AAFFD4F8393163
:10760000002B4FF002034FF01E02B4BF03211946B6
:10761000FFF79EFFDBE738B50446084694F8F722EB
:10762000C2B994F82C30F3B384F82C2004F28B23E5
:1076300004F2C12204F2BF2153F8045B42F8045B58
:107640008B42F9D11B881380012384F8F732002381
:1076500084F8F83200230360182594F8F832312BAF
:1076600006D85A1C234484F8F82293F8C212E1B9D0
:1076700094F8C112012319400722FFF769FF94F81B
:10768000C11201230F22C1F34001FFF761FF94F8FB
:10769000C11201231722C1F38001FFF759FF002314
:1076A00084F8F7320123184638BD2A46083D0723DF
:1076B000EDB2FFF74DFFF82DCFD194F8F832312B12
:1076C000D6D8EFE703462DE9F04793F82D6008463A
:1076D000002E62D093F83C52D3F89010B3F88B414F
:1076E00093F8FE8293F8FC720022AD1A83F82D20E5
:1076F00001F1010118BF01254CB1632CD7BFC4EBC8
:1077000084143F2431346422D8BFB4FBF2F4B3F9BB
:107710001331002B44D0642293FBF2F3522BA8BF09
:107720005223132BB8BF1323A3F113094FF0000A00
:1077300005235246C0F800A0FFF70AFF02230522E6
:107740005146FFF705FF414601230722FFF700FFDF
:1077500001230822FFF7FCFE514601230922FFF70F
:10776000F7FE02230A22FFF7F3FE01230C22FFF7A4
:10777000EFFE01230D223946FFF7EAFE01230E2218
:107780002946FFF7E5FE072313222146FFF7E0FE17
:1077900006231A224946FFF7DBFE3046BDE8F08794
:1077A0009946C3E72DE9F84390F82E800D46B8F1CD
:1077B000000F3AD090F8E1300021FF2B80F82E1016
:1077C00003D00F2B28BF0F23194690F8E090B9F192
:1077D000030F2DD84FF000062FD07F27344600220C
:1077E00028462A600423FFF7B3FE022304224946F9
:1077F000FFF7AEFE012202213846FAF74DFB0823BF
:10780000014606222846FFF7A3FE02230E22314638
:10781000FFF79EFE022211462046FAF73DFB0A239F
:10782000014616222846FFF793FE4046BDE8F8833E
:10783000A9F10306062E28BF06260A23B0F8D87041
:10784000D0F8D440B7FBF3F70B4B7F2FA8BF7F27AF
:107850009C4208DC094B9C4209DB64234FF003097E
:1078600094FBF3F4BBE7064C4FF00309B7E7054C74
:107870004FF00309B3E700BFC3C9C1003D363EFF67
:1078800018F00100E80FFEFF2DE9F04F90F83030BE
:1078900085B005460E462BB900230093009805B02D
:1078A000BDE8F08F002380F8303090F8F932009373
:1078B000002BF1D0D0F84F02F9F772F96A49F9F7C5
:1078C000C3F96A49F9F7C0F98146D5F83501F9F7E6
:1078D00067F96549F9F7B8F96449F9F7B5F98046E8
:1078E000484607F04FFE8346404607F04BFE0746EA
:1078F000D5F83901F9F754F95B49F9F7A5F95B496E
:10790000F9F7A2F90446D5F85302F9F749F95649AF
:10791000F9F79AF95549F9F797F901462046F9F729
:1079200089F8824607F06AFE0190404607F066FE3D
:107930000446484607F062FE0390504607F022FED8
:10794000214602905846F9F77FF9039B04461946F1
:107950003846F9F779F9029A1146F9F775F90146AF
:107960002046F9F767F8019904463846F9F76CF9AB
:10797000214607F0EBFD3E49F9F766F90021044680
:10798000F9F700FB20B120463A49F9F755F80446CB
:107990002046F9F735FB80B2A0F1B40424B2002CE4
:1079A000BCBFB43004B2B4F5B47FA8BFA4F5B474BE
:1079B00049464046A8BF24B2F9F73CF84FF07C5145
:1079C000F9F742F907F01AFE4FF07C518046504615
:1079D000F9F73AF907F012FE0146F9F735F9594679
:1079E000F9F732F93946F9F72FF94146074640468B
:1079F000F9F72AF901463846F9F71EF807F0A8FD0D
:107A0000002707F083FD1C49D5F8415137606423F6
:107A100095FBF3F5F9F718F9F9F7F2FAF9F7C0F869
:107A2000F9F7EEFA02220321FAF736FA0C2301469F
:107A30003A463046FFF78CFD2846F9F7B1F8F9F7DA
:107A4000DFFA02220321FAF727FA0D2301460C225E
:107A50003046FFF77DFD07231922032194FBF1F146
:107A6000FFF776FD1AE700BF95BFD63335FA8E3C97
:107A7000E12E65420000B443706D424B2DE9F8439E
:107A800090F8319004460D46B9F1000F3BD0002626
:107A90001E4980F83160D0F88501F9F7D5F807F074
:107AA0005BFE1A498046D4F87D01F9F7CDF807F05E
:107AB00053FEB4F989112E600746404601EB81045C
:107AC000F9F79EFA01220221FAF7E6F909230146A5
:107AD00032462846FFF73CFD3846F9F791FA012275
:107AE0000221FAF7D9F90823014609222846FFF7AF
:107AF0002FFD0B2311222146FFF72AFD01231C2213
:107B00003146FFF725FD4846BDE8F88300002041D7
:107B10002DE9F84390F83D9004460D46B9F1000F69
:107B20003BD000271E4980F83D70D0F88501F9F759
:107B30008BF807F011FE1A498046D4F87901F9F75D
:107B400083F807F009FEB4F989112F600646404614
:107B500001EB8104F9F754FA01220221FAF79CF9AA
:107B6000092301463A462846FFF7F2FC3046F9F76A
:107B700047FA01220221FAF78FF908230146092268
:107B80002846FFF7E5FC0B2311222146FFF7E0FC16
:107B900001231C221946FFF7DBFC4846BDE8F883A9
:107BA000000020412DE9F04190F8328004460D4656
:107BB000B8F1000F3ED0002380F832302449D0F8CD
:107BC0001901F9F741F82349F9F73EF82249F8F786
:107BD00033FF07F0C1FDF9F713FA1D490746D4F842
:107BE0001D01F9F731F81B49F9F72EF81B49F8F791
:107BF00023FF07F0B1FDF9F703FA94F8FA320646CD
:107C0000DBB1B4F89541002228462A600B2339469F
:107C1000FFF79EFC0A230B223146FFF799FC012255
:107C200003212046FAF738F90B230146152228468E
:107C3000FFF78EFC4046BDE8F0810949D4F83F02C9
:107C4000F9F702F807F088FDF9F7DAF90446DAE700
:107C5000E12E65420000A040000061440000E143C5
:107C60000000C84238B50346084693F8334014B9BB
:107C70000024204638BD93F804230132D2B20021FB
:107C8000032A83F833100FD983F8041393F8941060
:107C90000125002202601823FFF75AFC082318224E
:107CA0002946FFF755FCE4E783F80423002AEDD0CA
:107CB000012ADDD1D3F800130029D9D00425E8E743
:107CC0001C2945D8DFE801F00F121416181A1C1EE3
:107CD00044204422442426282A2C2E30323436389C
:107CE0003A3C3E4042001B4909F0FFB81A49FBE705
:107CF0001A49F9E71A49F7E71A49F5E71A49F3E784
:107D00001A49F1E71A49EFE71A49EDE71A49EBE793
:107D10001A49E9E71A49E7E71A49E5E71A49E3E7A3
:107D20001A49E1E71A49DFE71A49DDE71A49DBE7B3
:107D30001A49D9E71A49D7E71A49D5E71A49D3E7C3
:107D40001A49D1E71A49CFE71A49CDE71A49CBE7D3
:107D50001A49C9E7302A0108681F0108A41F010851
:107D6000A91F0108AE1F0108B31F0108B81F0108B1
:107D7000BD1F0108C21F0108C71F0108CC1F010851
:107D8000D11F0108751F0108D61F0108DB1F01085C
:107D9000E01F0108E51F0108EA1F0108EF1F0108A5
:107DA000F41F0108F91F0108FE1F01080320010844
:107DB000082001080D20010812200108791D010882
:107DC000192941D8DFE801F00D10121416181A1CF9
:107DD0001E4020222426282A2C2E30323436383ACF
:107DE0003C3E1A4909F081B81949FBE71949F9E7FE
:107DF0001949F7E71949F5E71949F3E71949F1E78F
:107E00001949EFE71949EDE71949EBE71949E9E79E
:107E10001949E7E71949E5E71949E3E71949E1E7AE
:107E20001949DFE71949DDE71949DBE71949D9E7BE
:107E30001949D7E71949D5E71949D3E71949D1E7CE
:107E40001949CFE71949CDE71949CBE77F1F010849
:107E5000BD1F0108302A010817200108681F01080A
:107E60001C2001082120010826200108751F010897
:107E7000A91F0108B81F0108B31F01082B20010822
:107E8000E51F0108AE1F0108302001083520010858
:107E90003A2001083F200108442001084920010838
:107EA0004E20010853200108582001085D200108D8
:107EB000791D0108102925D8DFE801F0090C240EEE
:107EC0001012141618241A1C1E24242022000E49F5
:107ED00009F00BB80D49FBE70D49F9E70D49F7E744
:107EE0000D49F5E70D49F3E70D49F1E70D49EFE7D6
:107EF0000D49EDE70D49EBE70D49E9E70D49E7E7E6
:107F00000D49E5E70D49E3E77F1F0108681F0108F8
:107F1000622001082C2C0108B31F0108F91F010879
:107F2000672001086C200108A91F0108B81F01087B
:107F3000EF1F0108AE1F010830200108791D01085C
:107F4000142921D8DFE801F00B0E1012142020169E
:107F500020182020202020201A20201C1E000B4941
:107F600008F0C3BF0A49FBE70A49F9E70A49F7E7FE
:107F70000A49F5E70A49F3E70A49F1E70A49EFE751
:107F80000A49EDE70A49EBE70A49E9E7302A01081F
:107F9000681F010871200108A91F0108AE1F010810
:107FA000BD1F010876200108D61F01087F1F0108A8
:107FB0007B200108791D010823289ABF014B185C1A
:107FC00002207047EA3001080B46013B1146032BA3
:107FD0000BD8DFE803F002040608FFF771BEFFF7D5
:107FE000EFBEFFF767BFFFF7ABBF014908F07DBFEA
:107FF000791D010838B53D4B0446821C03F1280168
:1080000053F8040B42F8040B8B42F9D100252946A2
:10801000C4E9245584F898502B2204F1990008F003
:10802000E4FD2946342204F1C40008F0DEFD2946AF
:108030001D2204F1F80008F0D8FD29461C2204F2A4
:10804000151008F0D2FD29461C2204F2311008F068
:10805000CCFD29461A2204F24D1008F0C6FD29462F
:10806000122204F2671008F0C0FD2946142204F21F
:10807000791008F0BAFD2946272204F28D1008F085
:10808000B4FD2946162204F5DA7008F0AEFD294643
:10809000362204F5E57008F0A8FD2946362204F5DD
:1080A000007008F0A2FD2946C4F83652C4F83A52CE
:1080B00084F83E52C4F83F52C4F84352C4F84752C1
:1080C000C4F84B523C2204F24F2008F08EFD2946A2
:1080D000362204F28B2008F088FD3622294604F26D
:1080E000C12008F082FD204638BD00BF901B01086A
:1080F0002DE9F04FC77E837E457F867F90F820E094
:1081000090F82B8090F819C0BF000C4647EA9317EF
:1081100003F03F01037F03F0010247EA822705F0E5
:108120000F02D20142EA530206F07F031B0143EA29
:108130001513C57F89B06D0045EAD6150EF003060C
:10814000059345EA462390F82160009306F01F0549
:10815000AD0145EA9E0390F8225090F824E0019387
:10816000ED0045EA561390F8235002930EF00706EF
:1081700045EA062390F82550039305F03F06760163
:1081800046EADE0390F8266090F827E00493B600F4
:1081900046EA95160EF0010546EA852690F8285025
:1081A000069205F00F0B4FEACB1B4BEA5E0B90F8E3
:1081B00029E00EF07F0A4FEA0A1A4AEA151A90F8E7
:1081C0002A506D0045EADE1508F0030E45EA4E25FB
:1081D00090F82CE00EF01F094FEA891949EA980936
:1081E000490190F82D80007E41EADC010CF0070C7B
:1081F00040EA0C204FEAC80848EA5E180791F9F7F0
:1082000089FA079920800846F9F784FA6080384691
:10821000F9F780FA069AA0801046F9F77BFA059BD9
:10822000E0801846F9F776FA20810098F9F772FA9B
:1082300060810198F9F76EFAA0810298F9F76AFA5D
:10824000E0810398F9F766FA20820498F9F762FA58
:1082500060823046F9F75EFAA0825846F9F75AFA7A
:10826000E0825046F9F756FA20832846F9F752FA89
:1082700060834846F9F74EFAA0834046F9F74AFA78
:10828000E08309B0BDE8F08F4A78013A92B202313A
:108290000020F9F7A1BA000038B50446017500299D
:1082A00037D0002580F8BD50034680F86C5000F1AF
:1082B000500280F8655080F8665080F8675080F86A
:1082C000685080F86A5080F86B5083F88451C3F886
:1082D000885108339342F8D14FF6FF73A4F8BE30AB
:1082E0000C4BC4F8C03004F5EA70FEF7D5FF0A4B1A
:1082F0000A4A1A600A4B0B4AC4F8DC54A4F8E0544A
:10830000C4F8E45420461A60FEF7E8F9064B074A21
:108310001A6038BD0000C07F540200206167000869
:1083200058020020B16700084C330020896700081C
:10833000037D70B504460D4613B90026304670BD66
:10834000FEF73CFA94F8653003F0FF06002BF4D0FA
:10835000002384F8653004F115012046FFF794FFEF
:10836000A37D23449B7D8342E7D129462046FFF726
:10837000BFFEE3E70346007D30B560B393F86C4081
:1083800004F0FF003CB31D79002483F86C403DB13C
:10839000132A1C7111D8114C22784AB9012222707B
:1083A000DA88541CD2B2DC8052B903230B7012E07D
:1083B000013AD2B22270002AF2D10022DA80EFE72D
:1083C00093F8672002F0FF0432B1002283F867209F
:1083D00005230B70204630BD0423E7E74606002046
:1083E000027D03460AB90020704790F8682002F029
:1083F000FF0022B1002283F868200A70704793F8CA
:108400006A2002F0FF002AB1002283F86A200123CB
:108410000B70704793F86B2002F0FF0022B100222E
:1084200083F86B200223F3E793F8662002F0FF0045
:10843000002AD8D0002283F866205A7DEE2AD2D1B5
:10844000DB7D812BCFD10323E2E738B504461D46FF
:10845000EA23084684F86D30AB1C114684F86E3070
:108460002A4684F86F0004F1700008F046FD04F11C
:108470006D012046FFF708FF6319043583F870008B
:10848000EDB284F8BD5038BD13460A468221FFF78D
:10849000DCBF000070B50C4600F1DC06054610227A
:1084A0000021304608F0A1FB6379032B10D120791D
:1084B000FFF782FD22680146D2B23046FFF784FD05
:1084C00094F90630002B03DB0349304608F095FB96
:1084D000012385F8843170BD8020010837B504463A
:1084E0000D460868496850EA010331D0194A002353
:1084F000F8F71CFECDE90001684608F0BFFB4369B0
:1085000003F26C735BBAA4F8D3300369114A0133E8
:1085100084F8D530C36884F8D630836884F8D730BF
:10852000436884F8D830036884F8D93028686968CB
:108530000023F8F7FBFD104619464FF47A7200232A
:10854000F8F7F4FD40BA0123A4F8DA0084F8CC313E
:1085500003B030BD40420F00002310B51A464FF65D
:10856000FF74191D00EB410101334988A14218BF76
:1085700052180A2BF5D1B0F829301344B0F82B204B
:108580001A44B0F82D30B0F82F001344184410BD31
:108590002DE9F04190F82F7004460D4697B3002660
:1085A00080F82F6000F5E570FFF7D6FFB4F9E831E9
:1085B000D4F8CA812E60B342B8BF34464FF064028B
:1085C00090FBF2F1A8BF0A222846A8BF93FBF2F461
:1085D00009230022FEF7BCFF012202212046F9F701
:1085E0005BFC0823014609222846FEF7B1FF47F647
:1085F000FF7141454FF00F034FF01102A8BF4146F4
:10860000FEF7A6FF3846BDE8F0812DE9F04190F86D
:10861000347004460D4697B3002680F8346000F5A8
:108620000070FFF799FFB4F91E32D4F800822E6073
:10863000B342B8BF34464FF0640290FBF2F1A8BFDA
:108640000A222846A8BF93FBF2F409230022FEF772
:108650007FFF012202212046F9F71EFC0823014674
:1086600009222846FEF774FF47F6FF7141454FF097
:108670000F034FF01102A8BF4146FEF769FF3846CD
:10868000BDE8F081F0B591B00D46F22301A9044692
:108690001646ADF80830FFF715F838B12389ADF864
:1086A0000A30019B039301238DF8093001A920466C
:1086B000FFF7E4F970B19DF8093010A9062202FB1A
:1086C0000312218A22F8361C0133019942F8341C26
:1086D0008DF8093001A92046FFF71AFA70B19DF80C
:1086E000093010A9062202FB0312218D22F8361C44
:1086F0000133019942F8341C8DF8093001A9204654
:10870000FFF750FA70B19DF8093010A9062202FB5C
:108710000312618A22F8361C0133019942F8341C95
:108720008DF8093001A92046FFF73CF870B19DF89B
:10873000093010A9062202FB0312618922F8361CB7
:108740000133019942F8341C8DF8093001A9204603
:10875000FEF710FF70B19DF8093010A9062202FB48
:108760000312618822F8361C0133019942F8341C47
:108770008DF8093001A92046FEF722FF70B19DF85F
:10878000093010A9062202FB0312A18822F8361C28
:108790000133019942F8341C8DF809309DF80970B5
:1087A000082F11D801A92046FFF7F2FE60B110AAE8
:1087B000062303FB0723A28923F8362C0137019AED
:1087C00043F8342C8DF809709DF80970082F11D8E2
:1087D00001A92046FFF719FF60B110AA062303FB89
:1087E0000723E28A23F8362C0137019A43F8342C08
:1087F0008DF809709DF80970082F11D801A920463D
:10880000FFF742F860B110AA062303FB0723E289B1
:1088100023F8362C0137019A43F8342C8DF809706F
:108820009DF80970082F11D801A92046FFF71AFA00
:1088300060B110AA062303FB0723A28A23F8362C73
:108840000137019A43F8342C8DF809709DF80970AE
:10885000082F11D801A92046FEF7DDFE60B110AA4D
:10886000062303FB0723E28823F8362C0137019AFD
:1088700043F8342C8DF809709DF8090050B100EBD5
:10888000400043000233DAB2327002A9284608F0F1
:1088900034FB012011B0F0BD2DE9F04F334B0446FD
:1088A0001F68064600F15001034697B040F6C41019
:1088B0000125D3F8882122B1BA1A824288BF83F8F1
:1088C000845108338B42F4D14FF000088DF80780B3
:1088D00004F17809254604F16D0A96F884319DF873
:1088E00007B05BB395F814310BEB03022B2A0DDDB7
:1088F0009DF8075045B32A4602A904F16D0008F01F
:10890000FCFA84F8BD5017B0BDE8F08F86F884817A
:10891000C6F88871D5F8102195F80C112046FFF79C
:1089200094FD02AB03EB0B0094F8BD20514608F018
:10893000E4FA94F8BD305B448DF807300C354D45B2
:1089400006F10806C9D1D3E70DF1070202A904F523
:10895000EA70FFF797FE0028D5D09DF8073002AAED
:1089600080212046FFF771FDCDE700BF7041002058
:1089700070B591F8205004460E465DBB0846FFF7DF
:10898000EBFD642390FBF3F040BAA4F8EC00B6F9D9
:108990001E30591C1CBF0A2593FBF5F56DBAA4F8CF
:1089A000EE5033680C4A23EAE373934228BF134620
:1089B0001A0C84F8F0201A0A84F8F12084F8F230B6
:1089C00096F923305A1C08BF002384F8F3300123A2
:1089D00084F8C43170BD00BFFFFF7F0038B50D467D
:1089E00004460F49A868F8F72FF9F8F709FB40BAD1
:1089F000A4F8F40068680A49F8F726F9F8F700FBCC
:108A000040BAA4F8F600E8680549F8F71DF9F8F748
:108A1000F7FA012340BAA4F8F80084F8943138BD7D
:108A200000401C4610B54B681BBAC0F8C4308B68B8
:108A30001BBA4FF47A72C0F8C830CB6893FBF2F3DC
:108A40001344044683F310035BBAA0F8D0304B8B79
:108A50005BBA1149A0F8CE30D0F8C000F8F7F4F8AE
:108A60000E49F8F7F1F8F8F7F1FA40BA94F8BE3089
:108A7000A4F8CC00FF2B0CD094F8BF20FF2A02D022
:108A8000934238BF134684F8D230012384F88C31E6
:108A900010BD0023F7E700BF000020416666664076
:108AA00070B50D4604460D492868F8F7CDF8F8F77B
:108AB000CDFA40BA0126A4F8FF0084F8AC616B68D7
:108AC000C4F8C030E8680649F8F7BEF8F8F798FA35
:108AD00040BAA4F8FA0084F89C6170BD000010420E
:108AE0000000C84270B50D46044611496868F8F7A1
:108AF000ABF8F8F7ABFA00BAC4F80401B5F90C30DA
:108B000001261BBAC4F8083184F8BC6184F80161FD
:108B1000B5F90C00F8F744F80649F8F795F8F8F7B6
:108B20006FFA40BAA4F8020184F8B46170BD00BFC6
:108B30000000C842CDCCCC3D70B58A68C2F31702A4
:108B40004A2A90B004460B4600F0198144D8212AE5
:108B500026D8172A0AD8012A00F04D81022A00F0EF
:108B60009880002A00F0888010B070BD183A092A59
:108B7000FAD801A151F822F0E98C0008698B0008AD
:108B8000698B0008438E0008698B0008B58D0008CA
:108B9000CD8C0008698B0008698B0008998D00084E
:108BA0002A2A00F074813E2ADED14D78192D01F178
:108BB0000C0100F290812A4601A808F09EF901AB51
:108BC000C5F11A020021581908F00FF801A904F59F
:108BD000EA70FEF7F4FBC7E7A22A00F0B0812ED8B6
:108BE000882A00F086811BD87C2A00F0A580842A80
:108BF000BAD14D78262D01F10C0100F2A9812A4647
:108C000001A808F07AF901ABC5F127020021581933
:108C100007F0EBFF01A904F5EA70FEF7FCFBA3E700
:108C2000932AA1D101A8F9F775FD01A92046FFF704
:108C30009FFE01A904F5EA70FEF71FFC94E7F22AF3
:108C400000F0A1810DD8AD2A00F09481E22A8BD1E9
:108C500001A8F9F7B1FD01A904F5EA70FEF74CFC93
:108C600082E7FD2A80D101A8F9F754FD01A904F596
:108C7000EA70FEF75CFC77E701A8F9F783FD01A92C
:108C80002046FFF707FC01A904F5EA70FEF71CFB7C
:108C90006AE74D780B2D01F10C0610D82A463146B3
:108CA00001A808F02AF901ABC5F10C0200215819FE
:108CB00007F09BFF01A92046FFF710FC54E7C868A6
:108CC000716801AA03C2B0681060F3E7194601A8F1
:108CD000F9F73DFD01A92046FFF780FE01A904F543
:108CE000EA70FEF72EFB3FE75D78332D03F10C01B0
:108CF00014D82A4601A808F000F901ABC5F13402E6
:108D00000021581907F071FF9DF8213084F8BE301A
:108D100001A904F5EA70FEF7F9FA25E70A4601AD64
:108D20003C33106851682E4603C608329A423546D5
:108D3000F7D110683060E7E74D78382D01F10C016C
:108D40000FD82A4601A808F0D8F801ABC5F13902BE
:108D50000021581907F049FF9DF8253084F8BF30ED
:108D600002E70A4601AD4433106851682E4603C637
:108D700008329A423546F7D113783370ECE701A8F0
:108D8000F9F7ADFD01A92046FFF78AFE01A904F518
:108D9000EA70FEF721FBE7E6194601A8F9F7D7FCD0
:108DA00001A92046FFF73EFE01A904F5EA70FEF78F
:108DB000D7FAD9E65D780F2D03F10C010FD82A46BA
:108DC00001A808F09AF801ABC5F11002002158196A
:108DD00007F00BFF01A92046FFF784FEC4E60A4610
:108DE00001AE1C3310685168354603C508329A42FB
:108DF0002E46F7D1EEE74D782A2D01F10C0110D85F
:108E00002A4601A808F079F801ABC5F12B02002130
:108E1000581907F0EAFE01A904F5EA70FEF768FAAE
:108E2000A2E60A4601AD3433106851682E4603C6E7
:108E300008329A423546F7D111889378B370318061
:108E4000E9E75D781C2D03F10C0110D82A4601A832
:108E500008F053F801ABC5F11D020021581907F0C5
:108E6000C4FE01A904F5EA70FEF75FFA7CE60A4643
:108E700001AD2433106851682E4603C608329A4269
:108E80003546F7D11068306013793371E9E74D78D2
:108E9000112D01F10C0110D82A4601A808F02DF877
:108EA00001ABC5F112020021581907F09EFE01A97D
:108EB00004F5EA70FEF776FA56E60A4601AD1C3371
:108EC000106851682E4603C608329A423546F7D1DB
:108ED00013883380EBE70A4601AD243310685168EC
:108EE0002E4603C608329A423546F7D1138833809E
:108EF0006CE64D78152D01F10C0110D82A4601A819
:108F000007F0FBFF01ABC5F116020021581907F06D
:108F10006CFE01A904F5EA70FEF7A2FA24E60A46FF
:108F200001AD1C33106851682E4603C608329A42C0
:108F30003546F7D1106830609388B380E9E701A81F
:108F4000F9F720FC01A904F5EA70FEF7BEFA0BE67A
:108F50000A4601AD2C33106851682E4603C608320C
:108F60009A423546F7D11068306091889379B37191
:108F7000B1804FE601A8F9F71FFC01A904F5EA70DA
:108F8000FEF7B0FAF0E54D783B2D01F10C0110D859
:108F90002A4601A807F0B1FF01ABC5F13C02002150
:108FA000581907F022FE01A904F5EA70FEF7AEFA9F
:108FB000DAE50A4601AD4433106851682E4603C60F
:108FC00008329A423546F7D110683060EBE700BFAF
:108FD0004A7922B18B79012B01D1FFF7ADBD7047E2
:108FE000B0F5E16F03DC10F5E16F04DB7047A0F52D
:108FF000616000B2F4E700F5616000B2F3E70000E1
:1090000038B5B0F8E0340D4613F00801AA8808BF5F
:10901000C0F8901113F0020308BFC0F8A831B2F5F0
:10902000005F044600F0A78007D86C2A17D06D2A8D
:1090300000F08F806A2A60D038BD42F202039A4263
:109040003BD042F6FF739A42F6D1D0F8E424A968E7
:10905000DC30FEF7A5F8012384F88431ECE7B5F99C
:109060000A00FFF7BDFFF7F79BFD4749F7F7ECFD57
:10907000F7F7C6FF40BAA4F8F400B5F90800FFF707
:10908000AFFFF7F78DFD4049F7F7DEFDF7F7B8FFC3
:1090900040BAA4F8F600B5F90C00FFF7A1FFF7F706
:1090A0007FFD3A49F7F7D0FDF7F7AAFF012340BA51
:1090B000A4F8F80084F89431BEE7B5F809300A2224
:1090C000B3FBF2F35BBAA0F8EC30B5F80B30B3FBAE
:1090D000F2F35BBAA0F8EE30D5F8113080F8F23038
:1090E0001A0C80F8F0201A0A80F8F1206B7F80F8C3
:1090F000F330012380F8C4319EE700299CD0D5F8D5
:109100000A301BBAC0F8C430D5F80E301BBAC0F80C
:10911000C830AB8A2422534332336422B3FBF2F3C8
:109120005BBAA0F8CC30EB8A0A214B435BBAA0F8BB
:10913000CE30D0F8DC3493FBF2F303F57A735BBAEC
:10914000A0F8D0306B7A80F8D230012380F88C31CF
:1091500072E7B5F90C2052BAA0F8FA20012280F883
:109160009C21002B3FF468AFD5F80E30C0F8DC34FA
:1091700080F88C2160E7AB89A0F8E034D5F8113095
:10918000C0F8E43458E700BF58A08B416E882E43E6
:109190007FB5204C054694F99200F8F7F3FA0026C3
:1091A0008DF8040020468DF80560F8F73BFA94F836
:1091B00095308DF80830184B8DF8060098788DF8AA
:1091C0000760F8F7CFFA8DF809001448FBF7C7FBE2
:1091D000F8F7A2FA8DF80A002046F8F7FEF9F8F73A
:1091E000D1FA8DF80B002046F8F709FA8DF80C003B
:1091F0002046F8F7FBF98DF80D002046F8F71DFA28
:109200000A238DF8050001AA14212846FFF71DF94D
:1092100004B070BD80310020FC0200202C32002000
:1092200073B5184C05462046F8F7D7F9F8F7AAFAAF
:109230008DF800002046F8F7D0F906461248FBF7F3
:1092400077FB01463046F8F7A7FA8DF80100204673
:10925000F8F7D5F98DF802002046F8F7C7F9FF2393
:109260008DF80430094B8DF803009878F8F782FAEE
:1092700006238DF805006A461D212846FFF7E5F80C
:1092800002B070BD803100202C320020FC02002092
:10929000F7B5144D144E044695F99200F8F772FA9A
:1092A0008DF80000304695F99270FBF741FB0146BE
:1092B0003846F8F771FA8DF801002846F8F7B2F948
:1092C00000238DF8020030468DF80330FBF747FB92
:1092D00005238DF804006A461C212046FFF7B5F8E7
:1092E00003B0F0BD803100202C32002030B595B0A5
:1092F0004EF6EA631A49ADF80030044614220DF127
:109300000200F8F701FC0DF10200F6F743FFC3B2CB
:10931000DA1CD0B2694651FA82F26D250DF8005080
:109320004C205070522090705320D070312010711A
:109330006FF02B00507101205072042000219072B8
:10934000113302209171D1711172D0721173517366
:10935000DBB26A4629212046FFF777F815B030BD09
:109360004D1F010870B5054694B005F16D06FFF775
:109370000FFF95F8BD203146684607F0BEFD95F811
:10938000BD402846E4B2FFF74BFF95F8BD203146BB
:109390000DEB040007F0B1FD95F8BD301C442846E4
:1093A000E4B2FFF775FF95F8BD2031460DEB0400E0
:1093B00007F0A3FD95F8BD301C44E4B2224669468F
:1093C000304607F09AFD85F8BD4014B070BD00002E
:1093D0000038024B18BF01201870704704060020A7
:1093E00070B5002A38D1042B71D89DB29BB3654C5F
:1093F00094F82830666A03F1030C5FFA8CFCF600DF
:10940000BCF1070F666284F828C040F28980053BF2
:10941000DBB284F82830B1F800C0DE400CF1010363
:109420000B8000F80C600EE0083BDBB284F82830BB
:10943000B1F800C0666A0CF1010E26FA03F3A1F838
:1094400000E000F80C3094F82830072BECD80132FB
:1094500096B2B542CED870BDFF2AFCD1032B66D898
:109460009DB2002BF7D0474C94F828300026626A52
:1094700003F1040C5FFA8CFC120142F00202BCF111
:10948000070F626284F828C07AD9043BDBB284F803
:109490002830DA400B8803F1010CA1F800C0C25457
:1094A0000CE0083BDBB284F82830626AB1F800C0F7
:1094B000DA400CF101030B8000F80C2094F82830FE
:1094C000072BEED80136B2B29542D0D870BD2D4CE4
:1094D000626A03F5C06343EA423394F8282063626A
:1094E00002F10D05EDB2072D84F82850B3D90532ED
:1094F000D2B284F82820D3400A88551C0D808354AA
:1095000009E0083BDBB284F82830626A0D88DA4053
:109510006B1C0B80425594F82830072BF1D870BD96
:10952000013296B2B54263463FF664AF93E7154CFD
:10953000626A03F5E06343EA423394F828206362E9
:1095400002F10D05EDB2072D84F8285083D90532BC
:10955000D2B284F82820D3400A88551C0D80835449
:1095600009E0083B626ADBB284F82830DA400B88F5
:109570005D1C0D80C25494F82830072BF1D870BDC3
:1095800063469FE7200E00202DE9F047674C002737
:10959000FF250F8005708025676284F82870A57705
:1095A0009846002B00F0BB8003F1FF3912FA89F9CD
:1095B000561EBA463A4609E0554546D10137BFB274
:1095C0000B8843453AD24E4500F0948016F8015F6F
:1095D000002AF1D16B1EDBB2FD2B32D83F2B62D9B2
:1095E00005F14103DBB23F2B34D8636A94F828209D
:1095F0000135EDB245EA032502F10803DBB2072B82
:10960000656284F8283015D984F828200B88D54065
:109610005A1C0A80C55409E0083BDBB284F82830A4
:10962000626A0D88DA406B1C0B80425594F8283032
:10963000072BF1D800220B884345C4D30020BDE896
:10964000F0870127AA463A46BAE7FBB25246FFF72F
:10965000C7FEBFE7636A94F828203F35EDB245EABC
:10966000432502F10903DBB2072B656284F8283039
:10967000E0D90132D2B284F828200B88D5405A1C98
:109680000A80C55409E0083BDBB284F82830626ADE
:109690000D88DA406B1C0B80425594F82830072B5C
:1096A000F1D80022C7E7636A94F828207F35EDB22D
:1096B00045EA032502F10803DBB2072B656284F853
:1096C0002830B7D984F828200B88D5405A1C0A8046
:1096D000C55409E0083BDBB284F82830626A0D8883
:1096E000DA406B1C0B80425594F82830072BF1D8D8
:1096F0000022A0E722B1FBB25246FFF771FE0B88B1
:1097000094F8282062B1646AC2F1080201259440ED
:1097100005FA02F2013A22435C190C80C2540B880C
:10972000984594BF00200120BDE8F087200E00205E
:109730002DE9F04F47F26F730022827003800B789F
:10974000A3F1FE03B3FA83F35B0983708A780D46B5
:1097500012F001011CBF43F080038370D5F8202173
:1097600022F07F4222F0FF0285B0044612B143F09E
:1097700008038370AA68C2F31702FF2A1ED9B2F544
:10978000803F18D363F07F03A37041F002014FF0D4
:10979000020B09234FF00A0C0822E1700B20CDF8D0
:1097A00004C01E4617464FF0070E4FF006094FF053
:1097B000050A042117E043F00203A370180600F124
:1097C000D68008234FF0090C07220A204FF0000B27
:1097D000CDF804C01E4617464FF0060E4FF005099F
:1097E0004FF0040A032195F8018004F8018004EB8E
:1097F0000108297904F80A10697904F80910A9798F
:1098000004F80E10A178090709D595F82111A15483
:1098100095F82211A1550346674662460646A96897
:10982000A154A278900707D5BA1C1F46AB68C3F3B2
:109830000F23A35596B23346BBF1000F05D05A1C37
:109840001F46AB7AA35596B23346A278D10606D509
:109850005A1C1F4695F82331A35596B23346454A04
:10986000127803F1010914FA89FA05F10C0B42B1DF
:109870006B785A460DF10E015046FFF785FE002821
:109880005AD16A78504659461FFA82FA07F035FBDA
:109890002278394B6178D243D2B2072F9A5C82EAA0
:1098A0000102995CA27882EA0102995CE27882EA7C
:1098B0000102995C227982EA0102995C627982EA6A
:1098C0000102995CA27982EA0102995CE27982EA5A
:1098D0000102995C1BD0227A5140082F595C16D0A6
:1098E000627A5140092F595C11D0A27A51400A2F57
:1098F000595C0CD0E27A51400B2F595C07D0227B87
:1099000051400C2F595C1EBF627B5140595CA155E0
:109910001AFA89F39BB2B5F80C21E2545A1CB5F837
:109920000C1192B2090AA154AA78981CD20780B2ED
:109930000BD405B0BDE8F08FA378BDF80EA043F0BE
:109940004003A37088F800A0A2E7D5F81071D5F8FD
:109950001811D5F81461275022180F335660916002
:1099600095F81C11117398B205B0BDE8F08F4FF057
:10997000000B0EE704060020DC3801082DE9F84F43
:10998000AE4CAF4E0F4682460146AD48154607F035
:10999000B4FA00233B809E462384636284F8283017
:1099A000802384F822304FF0FF08F14606E03B8820
:1099B0005A1C3A800AF8039094F828E0BEF1010F8F
:1099C0005CD8218C8D4240F29D80606A735C0EF100
:1099D000080C5FFA8CFC43EA0023ACF1020B23FA7B
:1099E0000BF00EF1060200F003000131D2B20228A2
:1099F0002184636284F8282000F08680032800F028
:109A0000888001281DD0002A40F08780228C954252
:109A100078D9B15C013241EA0323228407211A0676
:109A2000636284F82810C2D5062184F8281013F048
:109A3000400F40F08D803B885A1C3A800AF8038022
:109A4000BAE7062A0BD8228C95425BD9B15C013269
:109A500041EA03230CF1060122846362CAB2073A89
:109A6000D34003F07F037D2B84F828204AD83A881E
:109A70004133511C39800AF802309DE7636AAEF128
:109A8000020B23FA0BF000F003005FFA8BF20228BE
:109A900084F8282003D003281CD0F446B1E7052A17
:109AA00032D8218C8D422DD9705C0EF10602013125
:109AB00040EA0323D2B221846362063A84F828E0A4
:109AC000D340398803F03F034A1C01333A800AF837
:109AD000013071E7052A1CD8218C8D4212D9705CA7
:109AE0000EF10602013140EA0323D2B221846362FF
:109AF000063A84F828E0D340398803F03F034A1C33
:109B0000413BE3E7BDE8F88F063A636A5FFA82FEFD
:109B1000D4E7063A5FFA82FEEBE70BF1FF3023FA57
:109B200000F0511EC9B2C00784F828107FF53FAF7E
:109B300069BB228C9542E5D9B15C013241EA03232D
:109B400007212284636284F8281013F0800F70E7E5
:109B50004A1ED0B223FA02F2D20784F8280032D487
:109B60008446228C9542CDD9B05C013240EA032371
:109B7000C81D22846362C0B2A0F10802D34084F8F9
:109B800028C05FFA83FB38885A46002133E0013948
:109B900023FA01F0911EC9B2C00784F828107FF59E
:109BA0004AAF99BB228C9542ACD9B15C41EA032300
:109BB00001324FF0070C19062284636284F828C032
:109BC00021D40821CDE7072832D8228C954299D993
:109BD00016F802C0073101324CEA03232284636283
:109BE000C9B2083923FA01FB84F828005FFA8BFB1D
:109BF00038885A46FF21504406F0F7FF3B889B44C3
:109C0000A7F800B0D8E660460821DEE701F1FF3C86
:109C1000D01E23FA0CFCC0B21CF0010F84F82800FF
:109C2000D1D107289CD90B3A636A5FFA82FCA3E77B
:109C3000A0F108020146D0B2D3E700BF200E0020F9
:109C4000F40C00202DE9F04F5788B7F58F7F8BB0CB
:109C5000144606460BD90022227000226F2B628028
:109C600000F06581002333700BB0BDE8F08F1278EF
:109C70000E2A0D4624D80E2A00F2118101A151F8B6
:109C800022F000BF5B9C0008AB9E00089F9E00086E
:109C90009F9E0008AB9E0008AB9E0008AB9E00088C
:109CA000AB9E0008AB9E0008AB9E0008F99E000822
:109CB0009F9E00089F9E00089F9E00081D9F000811
:109CC000692A40F2EA806A2A40F0E9809C4FFA8AC9
:109CD00002F1FF3C1FFA8CFC002A00F078820CF1A4
:109CE000030CDFF860E2BC44FF22B91C11F8010B41
:109CF000424061451EF80220F8D1934200F0D08125
:109D000000222270C4F80220E280FA8A022AA9D92D
:109D100039796F2900F02E83032AA3D079796F292E
:109D200000F03883042A9DD0B9796F2900F035837B
:109D3000052A97D0F9796F2900F03E83062A91D041
:109D4000397A6F2900F04582072A8BD0797A6F29FA
:109D500000F03583082A85D0B97A6F2900F0328364
:109D6000092A3FF47FAFF97A6F2900F02E830A2A7F
:109D70003FF478AF397B6F2900F02A830B2A3FF438
:109D800071AF797B6F2900F026830C2A3FF46AAF0C
:109D9000B97B6F2900F022830D2A3FF463AFF97B72
:109DA0006F2900F01E830E2A3FF45CAF397C6F29C7
:109DB00000F01D830F2A3FF455AF797C6F2900F026
:109DC0001383102A3FF44EAFB97C6F2900F0128341
:109DD000112A3FF447AFF97C6F2900F00E83122A55
:109DE0003FF440AF397D6F2908BF4FF012087FF470
:109DF00039AF02F101091FFA89F93A44A7F8169020
:109E00005FFA89F9937050494A4602A807F075F83D
:109E10006F234FF0010CBB704FF0000E6423A7F8C6
:109E200000E0A7F816C0237008EB0C0399451FFA51
:109E300089F27FF617AF901E02A9A0EB08005A1E08
:109E40000B440A4413FA80F04FF06A084FF00709F8
:109E50004FF0660A05E0002B40F0BE8190423FF4CF
:109E600001AFFB8A12F8011F07EB030B01338BF8DC
:109E70000210FB822378092BEDD9A3F1640BBBF10F
:109E8000050FEBD8653B042B00F2BA82DFE813F034
:109E90001F01170112010E011B01632A05D80023BF
:109EA0002370C4F80230E380DDE6254FFA8AB91842
:109EB00001328B70FA822278092A00F2A480002AEB
:109EC0003FF4D0AE013A082A3FF6CCAE01A151F8DA
:109ED00022F000BF95A10008659C0008659C000861
:109EE000F7A00008F7A000087FA100084BA1000818
:109EF000B9A1000869A100087A1C6280104EEB55D8
:109F0000A088727F618883189942FFF6ADAE3378DE
:109F10005F0600F1E4810E232370A5E67A1C6280BF
:109F2000EB55E2886388934210D201239BE60449F3
:109F30000A800122CA8264228B702270002392E67A
:109F4000200E0020DC380108220E00200023638050
:109F500023700223037042802B78FD2B00F0878052
:109F6000EB7803722B7943726B7943606A7808321D
:109F70007280002240F28510DFF8CCC27281FE218F
:109F80000446013499424FEA54042ED849D38B42F7
:109F900040F08A802B78FD2B7FD04FF0060B2846AF
:109FA000DFF8A48210F801AF0BEB0A0909F1FF31C9
:109FB00089B2F8F739FA04EB440708EB8707ADF8E4
:109FC00008003979019102A8F8F70AFA05EB0902AD
:109FD00015F809305278019903EB0223BDF80820E7
:109FE0009BB29A421FD005233DE6601E14188242A0
:109FF00004F1010780F06C8127F0010101EB5701AA
:10A000005CF82110BDE7A2F1640105293FF62AAEF4
:10A01000653A042A00F2FD81DFE802F0817D79755E
:10A0200093002246E2E7BB79DA0706D5FA79924532
:10A0300082BF521912F80B20B2729B070BD5630036
:10A04000234408EB83036A781B7A9A4282BF5B1928
:10A0500013F80B30F3724FEA4409A14408EB890866
:10A06000317398F8053073730BB0BDE8F08F6B79DE
:10A070000372AB7943726B7A297AEA791B0403EB9A
:10A080000123134443606A7802F10C014180A978EE
:10A09000C9077FF56EAF19326AE74FF00A0B7EE70A
:10A0A0000A2201232270DEE50323DCE5F97684F839
:10A0B0000090D3E64FF06803B9762370CEE679704E
:10A0C00084F800C0CAE6397784F80080C6E63970A3
:10A0D00001F00103618887F801E0033B01F1010B06
:10A0E000A4F802B06B5497F90030002BACBF634664
:10A0F00053462370B2E66288511C6180AB542378CA
:10A1000001332370AEE50722FB76227016E7682242
:10A11000BB76227012E701227B7022700EE7628804
:10A120003B70002103F00103033B7970511C6180F7
:10A13000AB5497F90030002BC0F232810123237019
:10A1400090E56A223B772270F8E66288511C6180B4
:10A15000AB543B787A78134313F0020340F0D78076
:10A160006288511C6180AB546288511C6180AB5481
:10A170003B78D8064CBF69236A23237072E5628856
:10A18000511C6180AB543B781D074CBF67230723EC
:10A19000237067E562883A83511C6180AB543A783A
:10A1A0007B7712F0010200F0D08006220833A280F3
:10A1B000E3800423237055E56288511C6180AB5411
:10A1C0007B7813F00203CFD0092323704AE5FF22E6
:10A1D00093E54FF006080CE6013B082B3FF63EAE38
:10A1E0000FF2040B5BF823F021A200085D9E00082B
:10A1F0005D9E00080DA200080DA200089BA20008A9
:10A2000069A20008B5A200084DA20008638803F106
:10A21000010BA4F802B0E9542378013323701DE642
:10A2200063883B8303F1010BA4F802B0E9543B7847
:10A23000797713F001036DD008310623E180A38004
:10A24000042323700AE600BFDC390108638803F1A8
:10A25000010BA4F802B0E9543B78DB067FF534AF7C
:10A260004FF069032370F9E5638803F1010BA4F84B
:10A2700002B0E9543B7879780B4313F0020343D1E1
:10A28000618801F1010BA4F802B06B54618801F1FF
:10A29000010BA4F802B06B54DEE7638803F1010BF5
:10A2A000A4F802B0E9543B7819077FF500AF6723A3
:10A2B0002370D3E5638803F1010BA4F802B0E954DD
:10A2C0007B7813F00203E1D04FF009032370C5E55A
:10A2D000574902EB4200144651F8201057E602A9F4
:10A2E0002844FFF74BFB737FBDF808106288CB1A38
:10A2F0009BB21A446280727F1A447277E2881344D8
:10A30000E380338BE95406E608232370A6E508238F
:10A310002370A7E40C31E18079784FF00A0B11F03B
:10A320000101A4F804B028D0618801F1010BA4F860
:10A3300002B005F801C0618801F1010BA4F802B078
:10A340006B54E3880D33E3807AE779780C33E3804C
:10A3500011F001014FF00A03A38024D0638801218A
:10A3600058186080E954638859186180EA54E3887A
:10A370000D331DE74FF002083BE5638803F1010B45
:10A38000A4F802B0E954638803F1010BA4F802B009
:10A39000E95455E74FF003082BE54FF0040828E592
:10A3A000662323705EE463885A1C6280E9546388E4
:10A3B0005A1C6280E954FCE64FF0050819E54FF09D
:10A3C000070816E54FF0080813E54FF0090810E5F7
:10A3D0004FF00A080DE54FF00B080AE54FF00C08A6
:10A3E00007E54FF00D0804E54FF00F0801E54FF0C9
:10A3F0000E08FEE44FF01008FBE44FF01108F8E4FB
:10A4000077290ED084F800E0C4F802E0A4F806E052
:10A4100024E5772B09D000232370C4F80230E380B1
:10A4200020E44FF06503237018E56523237019E4D9
:10A43000DC39010870B500F5EF66044600F5CA6125
:10A440003046F8F718F90546A06803682A461B69E4
:10A4500031469847E06830B103682A4631461B69A7
:10A46000BDE87040184770BD08B50346806840B12C
:10A47000B3F84C14B3F84A04F8F7DEFB003818BF01
:10A48000012008BD0346806880B1B3F84C24B3F8BE
:10A490004A14914209D09918013291F85004B3F846
:10A4A0004E140A40A3F84C2470470020704783687C
:10A4B00010B504467BB10023A0F84C34A0F84A3410
:10A4C000C06810B10368DB699847A0680368BDE8FD
:10A4D0001040DB69184710BDF8B5244F04463846D4
:10A4E000F7F77BF8F7F7E5F8064697F99200F7F7E4
:10A4F000E0F805463846F7F779F81D4B84F86066B2
:10A5000093F8353084F86156333384F85536642235
:10A51000442384F8622684F85636FF22D4F858364D
:10A5200084F864266D2262F31703C4F85836C0F12C
:10A530000A000023C4F85C3684F8713700B24FF487
:10A540003943A4F8723780F30700092384F86306BF
:10A5500084F8743704F5CA6004F5A471F8F7F2FBC7
:10A560002046BDE8F840FFF765BF00BF80310020FE
:10A570007C03002010B5194B194A93F83530C0F808
:10A580006026333380F85536442380F85636D0F8A9
:10A5900058366FF31703C0F85836002380F85C363E
:10A5A00080F85D3680F85E3680F85F3680F8713767
:10A5B0004FF44853A0F8723703220923044680F869
:10A5C000642680F8743700F5A47100F5CA60F8F7C6
:10A5D000B9FB2046BDE81040FFF72CBF7C030020EC
:10A5E00000088004F0B587B004460021102202A8BC
:10A5F000019106F0FAFA484B93F8352001AB03CBF2
:10A6000001ABC4F88006C4F8841603CB01ABC4F8D0
:10A610008806C4F88C1603CB3332D2B2C4F8900645
:10A62000C4F8941601AB04F5D36505AF1E4603CEFE
:10A63000BE4228606960334605F10805F6D13388CB
:10A640002B80442384F85636D4F8583684F855269F
:10A65000942262F3170318216FF05D02C4F8583694
:10A6600084F85C16002384F86C262021282284F8C4
:10A670005D1684F85E3684F85F3684F8603684F8B8
:10A68000613684F8623684F8633684F8643684F878
:10A69000653684F8663684F8673684F8683684F858
:10A6A000693684F86A3684F86B3684F86D2684F847
:10A6B0006E3684F86F3684F8703684F8713684F814
:10A6C000723684F8733684F8743684F8753684F8F4
:10A6D000763684F8773684F8783684F8793684F8D4
:10A6E0007A3684F87B3684F871374FF432430B4A5C
:10A6F000A4F872374E2304F5CA60C4F87C2684F8A7
:10A70000743704F5A471F8F71DFB204607B0BDE8C7
:10A71000F040FFF78FBE00BF7C030020D016CB0FA8
:10A7200038B504461C4884F85E26002284F85F266B
:10A7300084F8602684F8612684F8622684F863260B
:10A74000442290F8350084F85626D4F85826A4F808
:10A750005C1684F8643684F871374D218F239DF898
:10A76000105084F8733761F317020A23333084F8EA
:10A77000550684F8655604F5CA60C4F8582684F86E
:10A78000725784F8743704F5A471F8F7DBFA2046A1
:10A79000BDE83840FFF74EBE7C030020F0B502292B
:10A7A0008BB004460D461CD1414B42481B7800EB50
:10A7B000031000F58970F7F755F83F4B18603F4AD2
:10A7C0000C236B43D718D3583A7900210191511EBD
:10A7D000082908D8DFE801F0090962626666070700
:10A7E00069003029EBD90BB0F0BD1B788DF804302F
:10A7F00000218DF8242005A81022019E06F0F5F90D
:10A80000BF683846F5F7C6FCC2B2102A394628BFE1
:10A81000102205A806F071FB264BC4F85C6693F87D
:10A8200035209DF8243084F874363121333284F891
:10A8300060160021D2B284F86116A4F8625605AB06
:10A8400004F2646609AF1D4603CDBD4230607160FD
:10A850002B4606F10806F6D1442384F85636D4F880
:10A86000583684F85526162262F31703C4F8583672
:10A87000002384F871374FF45C43A4F8723719232E
:10A8800004F5CA6084F8743704F5A471F8F75AFA2D
:10A8900020460BB0BDE8F040FFF7CCBD1B88ADF8FB
:10A8A0000430A5E71B680193A2E71B6801939FE7AB
:10A8B000FC0200207C030020780600200400002019
:10A8C0002DE9F041884D894F2B78142202FB037348
:10A8D00088B093F85530012B04460E4618D191F8F4
:10A8E000211197F8352049B102F13303DBB28B42D5
:10A8F0000ED196F822310BB1442B09D1B368C3F3C2
:10A900001703172B52D006D8142B2BD0152B41D060
:10A9100008B0BDE8F08103F180734B3B23F07F4327
:10A92000012BF5D833329142F2D196F82231442BE3
:10A93000EED1358DF06840F207239D4200F0CF80C4
:10A94000B5F5027F00F0BC80B5F5007F08D1F6F7C1
:10A950007DFB942800F0B480B0F5967F00F0BF80B6
:10A960000222B4E002A83146F7F7B9FFBDF90800AA
:10A97000002804DA03A8F8F717F90028C8DB302804
:10A98000C6DCA4F8C208B4F8BA3843F01003A4F83F
:10A99000BA38BDE7012384F8C0380023A4F8C238D0
:10A9A000534B1B68643BC4F8C438B1E7333291425F
:10A9B000AED196F82231442BAAD196F80180B8F195
:10A9C000160F06F10C012ED8424602A806F095FAA1
:10A9D00002ABC8F11702002103EB080006F005F9ED
:10A9E0000DF10E00F8F7E0F8B0F1000890DB414AF5
:10A9F0009DF81E1008EB4803980002EB83031B79B7
:10AA0000994285D1B8F1300F1FFA88F622DC01395E
:10AA1000029B125808291DD8DFE801F01B1B3939A9
:10AA20003B3B1C1C3D000B4602AA1C3618685968AB
:10AA30009446ACE803000833B3426246F6D1186886
:10AA4000CCF8000099889B798CF80630ACF804109B
:10AA5000C6E713702878F9F7FBFB2A78142303FB69
:10AA60000273012183F8551097F82D300BB987F840
:10AA70002D10B8F1020F10D11F4B07EB021019680F
:10AA800000F58970F6F728FFA4F8C2687BE7138009
:10AA9000E0E71360DEE71360DCE7B8F1000FF3D105
:10AAA000164B1A78002AEFD083F8008060232380A9
:10AAB0000F4B1B680BB16360E6E74FF0FF33FAE71B
:10AAC000B4F8BA3843F00203A4F8BA380022B379D4
:10AAD0000093737929462046FFF722FE18E7B4F861
:10AAE000BA3843F00403EFE7FC0200207C030020A7
:10AAF0007041002004000020780600203C30002037
:10AB000010B52F4B1A782F4B142101FB023304464A
:10AB100093F85530012B37D12B4BD0F8BC281B684C
:10AB20009A1AB2F57A7F21BFB0F8BA28C0F8BC38BB
:10AB300042F00102A0F8BA2890F8C02862B1D0F81B
:10AB4000C4289A1A312A81BFB0F8BA28C0F8C4388C
:10AB500042F01003A0F8BA38B4F8BA38DA0614D5BF
:10AB600023F01003A4F8BA38B4F8C2182046FFF74F
:10AB700015FEB4F8C23801339BB2302BA4F8C238AA
:10AB800002D9002384F8C03810BD980708D523F0F7
:10AB90000203A4F8BA382046BDE81040FFF722BDF2
:10ABA000590702D523F00403F3E7DA07ECD523F0C5
:10ABB0000103A4F8BA382046BDE81040FFF7DABC1C
:10ABC000FC0200207C0300207041002038B5134BAC
:10ABD000134A1B68C0F8BC38002380F8C038A0F8BE
:10ABE000C238C0F8C438A0F8BA3813700D4B0E48FC
:10ABF0001B780E4D00EB031000F58970F6F732FE5E
:10AC00000B4B02241860E0B2FAF7CCFD01342F2C74
:10AC1000286305F10C05F6D138BD00BF7041002056
:10AC20003C300020FC0200207C03002004000020B7
:10AC3000780600206FF0FF03036040F6FF23838057
:10AC4000002383600373704770B5404D404B04464A
:10AC50002878142202FB003292F84F60032E02D9AA
:10AC6000042E0CD0FEE73B4E3668A66092F84C20CE
:10AC7000032A18BF0021A268E1601AB9FEE7A160AB
:10AC80000021F8E7142101FB003393F85130013B18
:10AC9000022B9EBF2F4B9B68E360E3689A4200D172
:10ACA000FEE70023C4E90433C4E95233C4E9543352
:10ACB000A3617F23A4F85831F7F796FDA8780228FE
:10ACC00042D0431F58425841234940F2FF12FEF739
:10ACD0007FFB0220A4F84E24204A0870002348700D
:10ACE0008870C8701E49137053709370D370C4F885
:10ACF000DA31C4F8DE31C4F8E231C4F81233C4F8F2
:10AD00001633C4F81A33A4F84C34A4F84A341A465B
:10AD100001330C2B0A70CA704A708A7001F1040169
:10AD2000F6D1104B1B6803F57A7304F6A800C4F83B
:10AD3000A438FFF77FFFA4F8B8282280626020467D
:10AD4000BDE87040FFF742BF0120BDE7FC020020D4
:10AD50007C0300205C03002039060020050600204B
:10AD6000090600207041002003464078FF2808D0E3
:10AD70001B68044A23F07F4323F0FF03934208BF7C
:10AD800002207047000101000C4B02781B6810B5CF
:10AD90001AB903F21B63836010BD90F90520002AE5
:10ADA000FADD816840F21B64591AA142F4D983602C
:10ADB000013A012342710373EEE700BF70410020A6
:10ADC00070B590F90530002B88B005460C461DDBA8
:10ADD0004E78182E01F10C011AD8324601A806F05F
:10ADE0008CF801ABC6F119020021981905F0FDFE9F
:10ADF0000E4903A8F5F7C4F940B90198F6F726F90A
:10AE000010B10B4BC3F8D404FF236B7108B070BDB5
:10AE10000B4601AA243418685968164603C608333D
:10AE2000A3423246F7D11B783370E1E78220010854
:10AE300024070020007840B14B79834204D18879FF
:10AE4000431E584258417047002070475379032BE6
:10AE500010B504460AD14B7903709379DB0943702E
:10AE60001079FDF7A9F8E0701368237110BD000098
:10AE70007FB58B6833F07F4305460C4600F6A80685
:10AE80000ED18B79012B0BD101A8F7F77BFC9DF834
:10AE90000930082B04D001AA21463046FFF7D6FF1F
:10AEA00021463046FFF7C6FF88B3A368C3F31703F4
:10AEB000162B32D0F52B16D16678012E29D83246C2
:10AEC00004F10C0101A806F018F801ABC6F102026A
:10AED0000021981905F089FE9DF805309A1E53420D
:10AEE000534185F8AA3895F8B83853B195F8B93870
:10AEF00021790C480133DBB2CB1A59425941F6F79C
:10AF000099FB012385F8B838237985F8B93804B05E
:10AF100070BDA389ADF80430DEE73046FFF750FF7F
:10AF2000E1E700BF803100207FB52E4E044600F1DE
:10AF30001C05B4F85411B4F85621881A83B20004E1
:10AF400044BF80339BB20BB904B070BD91421FBFA8
:10AF5000B4F85811A31801320A4096F82D101ABF00
:10AF600093F85A31A4F856210023022904F1100263
:10AF70002946684620D1FEF765FE9DF80030022B79
:10AF8000D7D1E368DBB9A0680368BDF802201B696C
:10AF90002946984704F5CA662A4669463046F7F7B7
:10AFA00031FC31461048FEF713F83146204604B014
:10AFB000BDE87040FFF75CBFF7F7ACFCDDE70B4E78
:10AFC00069460020F7F764FE737833B1A068BDF8D6
:10AFD0000220036829461B699847B378002BD9D013
:10AFE000E068D1E77C03002024070020050600204C
:10AFF0000148FFF7B9BE00BF7017002010B54E4CD6
:10B0000086B000211622684605F0EFFD2046F6F7CF
:10B01000F6FA94F88C308DF800008DF80130204657
:10B0200094F88D308DF80230F6F7E0FA94F891300C
:10B0300094F890208DF803005B0002F0010203F009
:10B040000203134394F8A52043EA821394F8A62040
:10B0500043EAC2139DF80B2002F03C021343204642
:10B060008DF80B30F6F7DEFA94F894308DF808304E
:10B0700094F8923094F895208DF8093094F8963031
:10B080008DF80700DB00920002F0040203F00803D1
:10B0900013439DF80B2022F00C02134304F1280007
:10B0A0008DF80B30F6F764FE8DF80C002046F6F7AD
:10B0B00072FA8DF80D0004F11400F6F759FE8DF8C0
:10B0C0000E0004F13C00F6F753FE8DF80F00204609
:10B0D000F6F772FA8DF810002046F6F7AEFA94F8FB
:10B0E000A7308DF81230154B8DF811005B7C8DF870
:10B0F0001330FFF77DFF124B1A78931E5A425A41C4
:10B1000000F0030343EA02230E4A0F48127943EA90
:10B110004223BDF8142023F0FC039B0522F4407267
:10B1200022F003029B0D134302216A46ADF814304E
:10B13000FBF76CFD06B010BD80310020180C00201C
:10B140001D070020480600209017002070B54C888D
:10B15000B4F5427F03464FF000000AD80D780B2D5E
:10B1600077D8DFE805F0060F1C2C2F32383B5457F8
:10B170005B6DA2F124046242488062410A7083F848
:10B1800009033EE04D2A01D0582A06D11A70022246
:10B190000A70002083F8090370BD0022F8E702F06E
:10B1A000FD003C2801D0212AF7D15A701A784D2A87
:10B1B0000CBF082203220A7000229A70E9E79A70F5
:10B1C0000422DBE79A800522D8E7988800EB022268
:10B1D0009A800622DCE7DA800722CFE7D88800EBE6
:10B1E000022292B2002ADA800CBF0B220A220A70D5
:10B1F00000224A80012283F80923DB88B3F5407FCF
:10B2000001D80020C8E7002008704880C4E7DA8031
:10B210000922B3E79A800A220A70EBE7B4F5407F6F
:10B220003CBFE41822724A88013292B24A80D88820
:10B2300090429CBF0B220A70012283F80923E0E7A9
:10B2400083F8082302220870488083F8092301202C
:10B25000A2E708704880D4E7CB88B3F5407F70B58B
:10B2600031D8242303700B7843704B7883700B78AC
:10B270004D2B14D1CB88C3708B880371052300221A
:10B28000CD88D4189542A6B210FA84F415D891F856
:10B2900008232270CA880132981880B270BD8B785A
:10B2A000C3708B8803718B881B0A4371CB888371B1
:10B2B000CB881B0AC3710823E1E78C180132247A7A
:10B2C000845592B2DCE70020E8E700002DE9F74F53
:10B2D00016464A88B2F5427F04460D462ED80B78B2
:10B2E0000A2B0FD9A3F16402032A03D90020287086
:10B2F00068802DE0653B8F4F022B33D8DFE803F0E9
:10B3000063A4A70000210A2BF0D801A050F823F075
:10B310003DB3000857B30008EDB20008EDB20008D5
:10B320009BB30008A9B30008B5B30008BBB300087D
:10B33000EDB20008EDB2000829B40008A6F1240718
:10B340007E424FF000007E4168802E7084F8090331
:10B3500003B0BDE8F08F6F2E0CBF642300232B7069
:10B360000020F3E716F0040F14BF4D2358233E705E
:10B3700023703A78D1070ED412F0020F14BF2123A4
:10B380003E236370C2F3C003D20648BF43F00203FA
:10B39000A3700423E3E73C23F3E7A68005232B7087
:10B3A00084F809130020D3E7A38803EB0623A380C6
:10B3B0000623D4E7E6800723F1E7E38803EB0623BF
:10B3C000E3806523CBE70DF106007E70F7F726F9E1
:10B3D0003978F7F71BF9A7882179F7F717F9390AB0
:10B3E000F7F714F9E788A179F7F710F9390AF7F7B1
:10B3F0000DF99DF80630B34206D000232B706B8008
:10B40000032384F80933CDE7002F0CBF66230A23FA
:10B410002B70012384F8093300236B80E288B2F596
:10B42000407FBFD92B70BDE7B2F5407F3CBF1219FA
:10B4300016726B8801339BB26B80E2889A4201D806
:10B4400066232B700123DCE77E806723F9E7B7F8DA
:10B45000028097F8009008EB06284FF6FF730DF175
:10B4600006001FFA88F84946ADF80630A7F80280B2
:10B47000F6F7B6FF2679B4F804A03146F6F7B0FF28
:10B480004FEA1A21F6F7ACFF94F806B0B4F806A01C
:10B490005946F6F7A5FF4FEA1A21F6F7A1FF79788A
:10B4A00004F10807F6F79CFF52463946F6F7A4FF69
:10B4B000BDF8063043453AD119F0040015D086EAAC
:10B4C0000B01E21D002398B2824584F8081307D8C7
:10B4D0000223012000222A706A8084F8093337E7AA
:10B4E00012F8010F01334140EDE7A178F6F76EF94C
:10B4F000217984F80803F6F769F9A18884F808032C
:10B50000090AF6F763F9A17984F80803F6F75EF9FA
:10B51000E18884F80803090AF6F758F9E28884F804
:10B5200008033946F6F758F984F80803D0E70323EF
:10B530000020CFE7D42F0020CB88B3F5407F2DE942
:10B54000F04104460D464AD84B783C2B40D0A3F13D
:10B550002100434243415B002A784D2AAA7808BF64
:10B5600043F00403D10748BF43F0080392074FF0AC
:10B570002402227048BF43F010036F226270A37050
:10B58000AB88E370AB881B0A2371EB886371EB888F
:10B59000A71C1B0AA3713846F7F72AFB0822E071A3
:10B5A000E988A2F108039BB2561C8B42B6B204EBA9
:10B5B00002080FD3063189B23846F6F735FF88F80E
:10B5C0000000000AA055E8880A3080B2BDE8F0818A
:10B5D0000123C1E72B441B7AA3543246E0E7002045
:10B5E000F4E700000F4B1A780F4B142101FB0233D4
:10B5F00093F84F30032B02D9042B10D0FEE70B4BEE
:10B600001B68036000234360C0F81233A0F82236A1
:10B61000A0F8203640F2FF33A0F82436704700230C
:10B62000EFE700BFFC0200207C0300205C03002049
:10B63000F8B5B0F82026B0F82236D21A93B2120428
:10B6400044BF03F580639BB2E62B044608D800F2A2
:10B65000163500F21236206803685B69984700B916
:10B66000F8BD206803689B69984731460246284622
:10B67000FFF76CFD0028EED004F626272946384651
:10B68000FFF75AFF00239AB29042E4D9B4F820168B
:10B69000B4F824C64A1C02EA0C02B4F822C6944547
:10B6A0001EBF091917F803C081F826C603F101036C
:10B6B00018BFA4F82026E6E7F8B500F1080504460F
:10B6C0000A46011D2846FFF701FEF8B1637A3E2BBA
:10B6D0000DD1A37AA2899B0705D529460C48BDE860
:10B6E000F840FDF78DBC42F6FF739A42F5D004F6A0
:10B6F000262629463046FFF7AFFD0246206801683E
:10B700000F693146B847637A3E2BE6D0F8BD00BFDB
:10B710002407002003680BB1FFF7CEBF7047034634
:10B72000006868B1B3F82026B3F82236D31A98B26D
:10B730001B0444BF00F5806080B2003818BF0120B0
:10B7400070470346006880B1B3F82226B3F820168C
:10B75000914209D09918013291F82606B3F82416BF
:10B760000A40A3F82226704700207047034600686D
:10B7700038B10022A3F82226A3F820260368DB694B
:10B780001847704710B504460548FEF790FE054877
:10B79000FFF7ECFF60680368BDE81040DB691847FD
:10B7A000C80E00209422002010B5094B1A78094BCE
:10B7B000142404FB023393F84F30032B02D9042BDB
:10B7C00002D0FEE7044B1968416001B9FEE710BDE5
:10B7D000FC0200207C0300205C03002073B572B6DD
:10B7E0002B4C2C4DF7F7B0FDF7F7DEFDF8F714F909
:10B7F000F7F760FDF7F750FDF8F7CCF8F8F7DAFE49
:10B80000237825492548142202FB0311A36C0093D9
:10B81000626C91F8513091F84F10F9F779FE0026DB
:10B8200002232B73C5E90466AE60F7F713FF1C4BC8
:10B830001E70F7F7FBFC1B4B1B48D02283F832230A
:10B84000F7F79EFD3146284603F010FC4FF47A705E
:10B85000F7F796FD94F85C2094F85B101348FBF71B
:10B860004BF994F85C101248FCF716FD94F85D4013
:10B8700010482146F6F724FC3CB10F4B0F4A1A60E2
:10B880000F4B104A1A60FAF70DFE62B602B070BD97
:10B89000FC0200202C3200207C0300205C030020EE
:10B8A0005002002000E100E0E09304009017002027
:10B8B000240700204C0E002054020020B124000870
:10B8C00058020020FD2D000873B51648164C4FF69F
:10B8D000FF7103F00BFD206023689B0712D5134E08
:10B8E00035798DB10F4808236A46002103F08FFB9C
:10B8F000D6E90602DDE900139A4208BF884201D06A
:10B900000023236002B070BD02236A460548294621
:10B9100003F07DFB064BDA8BBDF800309A4218BF6E
:10B920002560EFE72C320020B00E002048060020F2
:10B93000FC020020044A00231370044A1380044AC6
:10B940001370044A13707047BE0E0020C00E002012
:10B95000903200200C0C0020024B1878B0FA80F0D6
:10B9600040097047BE0E00200D4A11780346A9B960
:10B9700010700C4A012010700B4A032B118009D063
:10B98000042B01D083420AD1084B002283F8A42063
:10B99000012070474FF4FA731380704700207047FE
:10B9A000BE0E002090320020C00E0020380500207E
:10B9B000034A00231370034A1380034A137070472D
:10B9C000BE0E0020C00E0020903200200A4A08B5AA
:10B9D000138883B1013B9BB2138063B9074B1B787B
:10B9E000032B02BF064B01221A70FFF7E1FF054B44
:10B9F000002283F8FA2A08BDC00E0020BE0E0020E7
:10BA00000C0C00209017002013B5C379212B12D104
:10BA10000A4CF9F74FFAFFF7CBFF94F8FA3A032BE9
:10BA200006D10DF1070120468DF80730FBF772FAB9
:10BA3000002384F8FA3A02B010BD00BF901700202E
:10BA400010B50D4B1B78013B032B14D8DFE803F036
:10BA500002090D072023BDE81040F9F71BBA242383
:10BA6000F9E7BDE81040F9F779BA2323F9F712FA9C
:10BA7000024B00221A7010BDBE0E00209032002032
:10BA8000034B01221A7000225A711A71704700BFCD
:10BA90003D300020054A064B12791B7F1AB105493B
:10BAA0005B22F9F78DBD04495B22FAE748060020C6
:10BAB000FC02002091320020EC32002038B5114BFE
:10BAC0001A79054632B1014600221846BDE83840D1
:10BAD000F9F7CEBD0C4A0D495B23F9F767FD7DB937
:10BAE0000A48F9F7C7F80128044607D00028084992
:10BAF000284614BF01240224F9F780FD204638BDF2
:10BB00000148EEE74806002022310020C73000201F
:10BB100080310020024B1878831E584258417047EC
:10BB20001D070020044B1B78022B06BF034B93F824
:10BB3000A4000020704700BF1D070020380500202A
:10BB400010B50446FFF7EEFF70B10D4BD3F8AC30E3
:10BB500042F6A002934208D80A492046FAF78CF828
:10BB600009492046FAF788F810BD42F6A10293422F
:10BB7000FAD006492046FAF77FF80549F1E700BFF9
:10BB80003805002090200108C6200108FC2001088B
:10BB90003221010810B50446FFF7D2FF206807499B
:10BBA000F7F76AF9064B206819783031C9B2F7F710
:10BBB000BDF804492046FAF75FF810BD6821010876
:10BBC000FC020020791D010830B5044695B0FFF74E
:10BBD000B7FF1E492068F7F74FF91D498B7863B10D
:10BBE0002F22023108A805F036F81A492068F7F725
:10BBF00043F9206808A9F7F73FF917492046FAF7F3
:10BC00003BF816492068F7F737F9154B1B78022BDC
:10BC100019D1144D95F8A4309BB1206805F1B001FD
:10BC2000F7F72AF90B492068F7F726F9D5F8A81095
:10BC30006846F5F70BFF69462046FAF71DF815B080
:10BC400030BD0949F8E70949F6E700BF722101084C
:10BC5000780E00201C1F0108791D0108942101089D
:10BC60001D070020380500209B2101087D240108C4
:10BC70002DE9F041254E264FDFF898800446002537
:10BC800094F88D20EBB29A423ED994F88E30102B66
:10BC900037D8DFE803F00913181A1C1E20222426C7
:10BCA000282A2C2E303234002046FFF749FF94F822
:10BCB0008E30013384F88E300135E1E71649204695
:10BCC000F9F7DAFFF3E71549F9E71549F7E71549F9
:10BCD000F5E71549F3E71549F1E71549EFE7154988
:10BCE000EDE71549EBE71549E9E71549E7E7154998
:10BCF000E5E71549E3E74146E1E73946DFE7314645
:10BD0000DDE7002384F88C30BDE8F0814B24010886
:10BD100010240108DF230108B0210108D421010803
:10BD2000022201082B220108572201087F22010864
:10BD3000A7220108D0220108F92201083D230108A9
:10BD40006323010889230108AC23010838B590F862
:10BD50008E30044663B990F88F30012B01D9032B44
:10BD600006D1FFF7DFFE18B920492046F9F784FF16
:10BD7000002594F88E102E2903D9002384F88C30E6
:10BD800019E04B1C84F88E3094F88F30012B13D1BE
:10BD90000846F9F7D1FC0028EBD10846F9F7DEFC9C
:10BDA0000028E6D12046FAF7E9F8013594F88D30FD
:10BDB000EDB2AB42DDD238BD022B05D10846F9F712
:10BDC000BBFC0028EED1D4E7032B07D10846F9F7D6
:10BDD000C5FC0028CDD0FFF7A5FEF2E7002BE1D18E
:10BDE0000846F9F7BBFC0028DCD0F4E7772401080B
:10BDF0002DE9F043037993B00446C3B190F88C3039
:10BE0000013B032B19D8DFE803F00252575C0068AE
:10BE100003685B69984768B1206803689B69984725
:10BE20000023A94984F88C302046F9F725FF13B088
:10BE3000BDE8F0832046FAF705F9A44B1E6894F894
:10BE400085308BB1D4F88830F31AB3F5FA6F0BD97B
:10BE50009F492046F9F710FF9E492046F9F70CFF4D
:10BE6000002384F885306371994FDFF86C82DFF826
:10BE70006C92206803685B6998470028D7D02068D7
:10BE800003689B6998470A280546C4F888601DD056
:10BE90000D281BD02C2819D03B2817D0014620682C
:10BEA000F6F744FF29462046F9F712FFE1E713B001
:10BEB000BDE8F043FFF7DCBE13B0BDE8F043FFF789
:10BEC00045BF13B0BDE8F043FAF764B939462046E0
:10BED000F9F7D2FE41462046F9F708FF50B1022398
:10BEE00084F88C30002384F88E30002384F8853069
:10BEF0006371BEE749462046F9F7F8FE0028EED107
:10BF000077492046F9F7F2FE0028E8D17549204626
:10BF1000F9F7ECFE054618B12046FFF755FEE4E7B9
:10BF200071492046F9F7E2FE40B12046FFF732FEA4
:10BF3000032384F88C30A4F88E50D6E76B49204652
:10BF4000F9F7D4FE50B12046FFF724FE032384F80E
:10BF50008C304FF48073A4F88E30C6E764492046D5
:10BF6000F9F7C4FE40B12046FFF714FE032384F81E
:10BF70008C304FF40073EEE75E492046F9F7B6FEC9
:10BF800040B12046FFF706FE032384F88C304FF4BF
:10BF90004073E0E70AAA02A92046F9F707FF002844
:10BFA00042D002A90DF10200F9F734FD20B952493F
:10BFB0002046F9F761FE98E79DF802502846F9F708
:10BFC000CDFB20B1FFF7AEFD08B94C49F0E79DF875
:10BFD00028303F2B0BD12046FFF7DCFD29462046B9
:10BFE000F9F7CCFF29462046F9F760FF7DE70BB94A
:10BFF0004349DDE72A460AA90DF10300F9F7F0FDF0
:10C0000008B94049D4E72046FFF7C4FD2946204639
:10C01000F9F7B4FF9DF80330002B3FF466AF05211C
:10C020003948F5F7E0FE60E738492046F9F75EFE4B
:10C0300090B135480621F5F7D6FE2046FFF7AAFD58
:10C04000334B1B78022B05D02C492046F9F714FE00
:10C050003049ADE73049ABE730492046F9F746FEB5
:10C0600028B101212848F5F7BEFE2D49A0E72D494A
:10C070002046F9F73BFE90B123480721F5F7B3FEC0
:10C080002046FFF787FD224B1B78022B05D01B496A
:10C090002046F9F7F1FD24498AE7244988E7244935
:10C0A00001AA2046F9F72AFE00285AD0019D092D41
:10C0B00001D920497CE72046FFF76CFD1E4B1B7819
:10C0C0009D423DD11D4973E7AE2401087041002017
:10C0D000C8240108CA24010810300108D42401082A
:10C0E000CF1E0108EA2E0108D9240108DC2401082A
:10C0F000E1240108E7240108ED2401087724010860
:10C1000009250108212501085032002034250108A5
:10C110001D0700203B25010852250108662501085E
:10C120006B2501088225010889250108A22501083F
:10C13000B8250108C4250108FC020020E8250108F3
:10C140002A461D480A21F5F750FE1C492068F6F7DB
:10C1500093FE05F13001C9B22068F6F7E7FD1849F2
:10C1600026E718492046F9F7C1FD054640B10123ED
:10C17000154984F88C302046F9F77EFD134917E7FE
:10C1800013492046F9F7B2FD28B1042384F88C3016
:10C1900084F88E50A9E60F492046F9F7A7FD08B1AB
:10C1A00003213DE794F885100B4A0C4B00290CBF86
:10C1B00011461946FCE600BF50320020FD2501085B
:10C1C000791D010826260108132601082C260108DE
:10C1D000492601085326010894240108A0240108D7
:10C1E0000148FFF705BE00BF8406002010B5184BBC
:10C1F0001A78184B0446142000FB023393F85500BC
:10C20000012822D12288930605D522F0200222801F
:10C2100005230B7010BD12F0400317D0FFF782FC0E
:10C2200028B1FFF799FB10B900230120F1E76068FE
:10C2300030B1094B1B681B1A312BF5D90023636001
:10C2400022F0400222800623EFE700231846E0E7B1
:10C25000FC0200207C0300207041002013B50DF18A
:10C2600007010446FFF7C2FF18B19DF8070002B0AE
:10C2700010BD2080FBE700002DE9F04106460C468A
:10C280001546FFF74FFC70B1184B93F82D30581E30
:10C29000012819D8164BB3F85861B3F8567100222B
:10C2A00091B28D4201D8BDE8F081B3F85401411C30
:10C2B0003140B9421FBFC01814F802C080F85AC1FB
:10C2C000A3F854110132EBE7032B09D1094E0D44B9
:10C2D000AC42E8D014F8011B3046FFF71BFAF7E731
:10C2E00070680368BDE8F0411B6918477C030020B3
:10C2F000C80E002094220020F8B5214B214D1F7953
:10C30000CB78C3F3000385F895304B79C3F38013E2
:10C3100085F896300646C87840080C46F5F7C3F90C
:10C3200085F892002379C3F3060385F89330637987
:10C33000227903F03F035B0043EAD21385F894307F
:10C34000E6B1DFB1A37803F0F003202B04D120463F
:10C35000BDE8F840FFF758BBA2790B48E11D520831
:10C36000FFF78AFFA17905F164004908F5F702FD9E
:10C3700005F13C00BDE8F840F5F7F6BCF8BD00BF9C
:10C380003D300020803100204832002070B5054645
:10C39000B8B9184B184E1B78184A14794CBB022BAD
:10C3A000174812D1B17801F00701F9F7BBF94379C9
:10C3B000C3B931460120FFF79FFF1248F5F7E8F8AF
:10C3C00009E0114B114E1B78E6E7012293420270FF
:10C3D00044710471EDD80B4880F89050BDE870406E
:10C3E000F5F7D4B80A4B1C745C825C61094B1C7174
:10C3F000DFE770BDBA0E0020C730002048060020DD
:10C400003D30002080310020BB0E00202231002072
:10C41000C80E00209422002010B50246FFF782FBD0
:10C42000B8B10C4B93F82D30591E012904D8BDE842
:10C4300010400948FEF718B8032B04D1BDE810409E
:10C440000648FFF76CB950680368BDE810405B69A7
:10C45000184710BD7C030020C80E00209422002045
:10C4600010B50246FFF75EFBB8B10C4B93F82D30C8
:10C47000591E012904D8BDE810400948FEF702B84A
:10C48000032B04D1BDE810400648FFF75AB95068A5
:10C490000368BDE810409B69184710BD7C0300206D
:10C4A000C80E0020942200202DE9F04FDFF8D8803C
:10C4B00098F8004097B081460E461746002C48D1A8
:10C4C000324B1B78022B40D1DFF8C4B00DF1180AB3
:10C4D00025465846ECB2FFF79FFF40B15846FFF79C
:10C4E000BFFF0135402D0AF8010BF2D12C46294837
:10C4F0002146F5F73FFC2848F5F736FC27488DF82C
:10C50000129090F8A4308DF80C30254B80F8919063
:10C51000DB788DF80D3090F890308DF81130F5F70C
:10C520005CF88DF80E00F8F783FD10F0010F0CBFDA
:10C5300033463B468DF814301A4B8DF8130093F8B0
:10C540005A3043B9B74206D0FEE71148FFF71AF94F
:10C55000D4E70024D2E71148F5F751F898F80030F5
:10C560008DF810004BB9104A1048009406AB03A98F
:10C57000F8F774FB17B0BDE8F08F0B4A0B4803A91E
:10C58000FFF75EFAF6E700BF903200201D0700209B
:10C5900048320020D0310020A83100208031002016
:10C5A0003D300020FC02002044300020EC3200200E
:10C5B00030B4084C257925B10146204630BCF8F747
:10C5C0002DBE054C94F8A430013384F8A43030BC5F
:10C5D000FFF76ABF480600208031002008B50246F8
:10C5E000FFF7A0FA18B9A2F82206A2F82006064B17
:10C5F00093F82D30032B06D1136823B1BDE8084012
:10C600001046FFF715B808BD7C03002070B5002365
:10C610009CB2A24200D870BD058886886C1C34404C
:10C620004688A6421EBF2D18CE5CAE7103F10103F1
:10C6300018BF0480ECE708B56830FFF7E7FF08BDD6
:10C64000A0F11400F7E7000038B50A4B93F82D303D
:10C6500000F5EF65022B0446284608D1FDF768F87F
:10C660000246294604F24A40FFF7D0FF38BDF6F7EC
:10C6700002F8F5E77C030020F0B587B004461022ED
:10C6800001A8F5F72FFA204B94F8A8C893F83520A5
:10C6900084F85EC64FF0FF33333284F85C3684F89A
:10C6A0005D36012384F85F3604F5CA67D2B201AB68
:10C6B00004F5CC660DF1140E1D4603CD75453060B2
:10C6C00071602B4606F10806F6D184F855264423FE
:10C6D000D4F8582684F85636142363F31702C4F8A6
:10C6E00058264DF2016284F871C7A4F8722784F8C5
:10C6F000743704F5A4713846F6F724FB3946204612
:10C70000FFF7A2FF07B0F0BD7C0300202DE9FF4139
:10C710000446B0F84C14B0F84A04F6F78DFAE36812
:10C720004BBBDD2808D804F5F37604F5ED75A06859
:10C7300003685B69984710B904B0BDE8F081A06850
:10C7400003689B6998472A46034631466846F6F7D0
:10C75000E1F80028EBD09DF80030022BECD104F575
:10C76000CA65324669462846F6F74CF829462046FF
:10C77000FFF76AFF94E0DD28DED84D4D2B780133BA
:10C78000DBB2012B2B700FD900232B70A06803683C
:10C790005B69984750B901232B70E06803685B69B7
:10C7A000984730B9287004E0002BEFD02B78012B8C
:10C7B000F3D004F5F37604F5ED772B78002B36D122
:10C7C000A06803685B69984788B3A06803689B69A1
:10C7D00098473A46034631466846F6F79BF80028E4
:10C7E000EBD0DFF8D08069460120F6F751FA98F8CF
:10C7F000023033B1E068BDF80220036831461B699E
:10C8000098479DF80030022B11D104F5CA673246D3
:10C8100069463846F5F7F6FF98F800301BB13946FF
:10C820002046FFF711FF39462046FEF749F804F28B
:10C830001E3604F212372B78012B7FF47DAFE068AF
:10C8400003685B69984700283FF476AFE0680368A7
:10C850009B6998473A46034631466846F6F75AF8C8
:10C860000028E8D0134F69460220F6F711FA7B78CA
:10C8700033B1A068BDF80220036831461B699847B0
:10C880009DF80030022B7FF457AF04F5CA6532469D
:10C8900069462846F5F7B6FF3B78002B7FF466AF74
:10C8A0002946204604B0BDE8F041FEF709B800BFB4
:10C8B0004406002005060020264B70B51E6804467D
:10C8C000FFF730F958B9C4F8A468A4F85601A4F8E1
:10C8D0005401A4F84C04A4F84A0484F8B8081E4D86
:10C8E00095F82D30013B012B33D82046FEF71CFB79
:10C8F0002046FFF70BFF194B1B78142202FB035550
:10C9000095F8525095B1D4F8A438F31AB3F57A7F5C
:10C910000FD3C4F8A468012504F6A800FEF734FA82
:10C920004DB12046BDE87040FDF7D6BDC4F8A468FF
:10C93000F2E70025F0E794F8B4382BB1084984F801
:10C94000B4582046FFF798FE2046BDE87040FEF739
:10C95000D7B870BD704100207C030020FC0200208D
:10C96000822001082DE9F74FAC4E3378012B00F2FD
:10C97000FB800BB9F6F704FCFEF730FFA84B002252
:10C980001A809A70A74B10229A6207244CF25030FA
:10C99000013CF6F7AFFCF6F7F3FC14F0FF04F5D119
:10C9A000A14BA2489C701C8002F0CFFC013880B2E1
:10C9B0004FF6FD73984203D99D490120F8F780FE98
:10C9C0009C4B9D4F1C609D4B98481C60391DF7F790
:10C9D000D5FF9B48F8F748FB97F82020202A00D97C
:10C9E000FEE797F82800974D796AB7F82C9097F8EA
:10C9F00029C097F82A30A871052800D9FEE7DFF88A
:10CA0000488258F830E0BEF1000F00D1FEE708EB95
:10CA1000C008C5F808E098F804E098F8058085F8A3
:10CA200007E085F80C8085F8D500A5F80E9085F80C
:10CA3000D440B9F1000F00D1FEE7724524BF0EF1DA
:10CA4000FF3E5FFA8EF205286A7400F0CA80012862
:10CA500000F2CF800CF1FF30C0B200F0B9800228A4
:10CA600013D8581EC0B2032809D80C2A01D90C20AB
:10CA70006874687C904200D96A74644608E0122A9F
:10CA800084BF12236B740023F3E7052B28BF002318
:10CA90006C482246F5F7D5F800246C4B2C74694895
:10CAA000FF251D705D70F7F777FF01465F4802F0C4
:10CAB00002FB674B1C80674B1C70674B1C70674BFD
:10CAC0001C80674B1C80674B1C70674B1C80674B3E
:10CAD0001C70674B1C70674B1C70674B1C70674B5E
:10CAE00001201C70FEF726FFFEF73EFFB7F84C3022
:10CAF000B7F84E2097F840106148F4F709FDB7F8F1
:10CB00004C106048F5F72AF85F48F8F7E1FD3A78ED
:10CB10005E4B5F48142101FB023393F84E10F5F78A
:10CB2000D7FA5C495C48FEF78FF85C48FEF75AFD7F
:10CB300058495B48FEF738FE5A48F9F7A9F83B48D0
:10CB4000F7F70DFF5848F5F757F95848F5F72AF960
:10CB50005748F5F77FFA574B1C70574B1C80574BC3
:10CB60001C80F6F721FF3570F6F728FF3A4D0028B4
:10CB700000F0C5803C4A13880BB1013B1380344A56
:10CB8000138813B92C4BB3F84C30013B9BB2012BEB
:10CB9000138032D12F4A1370FEF718FF2B78002B29
:10CBA00040F0AD802F4B1E4A1978138802292DD1F1
:10CBB00083B3013B9BB213809278002A00F08280FD
:10CBC000002B40F08880F6F787FBF6F793FB82E0B6
:10CBD000022804D80C2A01D90C236B746446002364
:10CBE00056E70CF1FF33022BF9D8082AF6D90823AF
:10CBF000F3E71448F4F7CCFF4EE7002BCCD1012328
:10CC00002B702F4B5A6A154B1A80C5E7002BD0D1D9
:10CC1000C723D0E740F2F313CDE700BF693000200F
:10CC2000B60E002000040048780E00202C320020B0
:10CC30005E260108AC0E0020FC020020B00E002091
:10CC400048060020180C0020103101086A3000202E
:10CC500048330020B40E00200D0C00203A30002094
:10CC6000BC0E00201D070020200700201E0700200A
:10CC70001C070020BB0E0020BA0E0020C20E0020B0
:10CC8000803100207C3200203D3000207C030020D9
:10CC90004C0E0020A4170020C80E00209422002073
:10CCA00048320020840600206041002050320020DD
:10CCB00014070020683000208C3200208E320020C3
:10CCC000004401400229A14840F0DB800BB9F6F78F
:10CCD00003FB102383629E4C2388002B40F0D780F7
:10CCE00040F2E73323809B48F8F734FA9A48F7F785
:10CCF00036FE23881BB999499948F6F7AFF8994F42
:10CD0000994C3B88022B00F0DC80042B00F008815A
:10CD1000012B0FD1954B1A7C597C0132D2B2914232
:10CD200098BF00221A74924B1146187AFFF740FC04
:10CD300002233B8023683BB33B88032B40F04081B8
:10CD40002368DB070ED58B4A00232360137843F05A
:10CD500001011170884A92F85A200AB1980701D54A
:10CD600004233B8023687BB1236823689A0748BF6C
:10CD700023682368814ADB0748BF236800231370B8
:10CD80007F4A23603B8013702B78002B00F07E815C
:10CD9000DFF8EC81704800242C70F7F785FD98F8D7
:10CDA00000A0BAF1000F00F019812046FFF7EEFA5B
:10CDB0006F4B6E4D1C72734B2A7C83F8A72098F83A
:10CDC0000020DFF8B891704C012A94BF00220122A4
:10CDD00083F8A52099F80020012A94BF002201229F
:10CDE000BAF1010F83F8A62023780BD9DFF888A1C8
:10CDF000002B00F0F680012B00F0F880634BBAF8AE
:10CE000050201A802378022B03D1604B1B8803B972
:10CE10002370227800230120022A388088F800300D
:10CE200089F8003006D05A490B701AB9FEF7C0FDD8
:10CE3000FEF79AFD574A138813B94F4BB3F84E309B
:10CE4000013B9BB2138013B94E48F4F7F9FB4D48F0
:10CE5000F4F79BFB2378022B02D04A48F4F73EFB01
:10CE60004D4B93F80080B8F1000F00F0EC80374B89
:10CE700010229A6108229A61F7F780FB0123337030
:10CE8000ECE008228262002B7FF425AF9DE6013B97
:10CE90009BB22380002B7FF426AF374B1A783F4B91
:10CEA000142101FB023393F85330022B7FF41BAFA4
:10CEB0003B4B1B78002B3FF416AF3248F4F7B2FB24
:10CEC00011E7384B384A5B6A12889B1A9BB240F2D2
:10CED000ED2293427FF62EAF344B35484FF00008D9
:10CEE00083F80080F8F7DAFA2048F7F755FD014695
:10CEF000194802F0E0F81E4B187AFEF7CBFD032329
:10CF00003B801C4B2B4883F800802B4BC3F80080E0
:10CF10002A4BC4F8008001221A71F4F771FF09E767
:10CF20000D484FF6FF71F6F7A7F902F05AF90A48D3
:10CF3000002102F08AF9114A05233B800023137077
:10CF40000F4A13701C4A13602360F3E60004004884
:10CF50008C320020480600202C320020CE1B010815
:10CF600000000020BC0E0020B00E0020180C002095
:10CF70007C320020C20E0020FC020020BB0E0020EC
:10CF8000BA0E0020803100201D070020200700205D
:10CF90003D3000208E3200200C0C00207C0300204D
:10CFA0001C070020004401403A300020B40E00204D
:10CFB0006A30002060410020AC0E002024070020D1
:10CFC000052B7FF4CFAE236899077FF5CBAE002009
:10CFD0002060FEF773FD9E4B1870C3E6FEF750FD10
:10CFE000E6E6012222709B4A137007E7994ADFF8B0
:10CFF00068B213780133DBB213709BF80020EAB9F2
:10D000009AF8541099423FF6F9AE944991F8A43039
:10D0100043B9934B1B792BB992B1FEF7C9FC01239D
:10D0200081F8A4309BF8003013B98E48F4F7A9FAC0
:10D030000223237001238BF80030DFE60521E1E7AE
:10D0400089490C20BAE48648F8F7AEF8F8F7D8F822
:10D050000128074605D003283FF410AF03B0BDE810
:10D06000F08F7F48F8F740F841F28833A5F8D630C2
:10D070007E4B85F8D4700822A5F8D8809A611022DA
:10D080009A627B4B84F800809F70E7E7794C7A4D79
:10D0900094F85B30EBB179497948F9F769FD68B1EB
:10D0A0002278784B142101FB0233012293F84C3093
:10D0B000032B04BF01232B70714B1A7170480DF1C3
:10D0C0000301F9F76DFD20B19DF80330F3B1012B99
:10D0D0001FD094F85B3023B994F85C30002B00F03B
:10D0E0000B8167480DF10301F9F77FFD50B39DF8FF
:10D0F0000330033B0F2B25D8DFE803F0162424244C
:10D1000024242448244C6373787E7A7CFDF776FFD0
:10D11000DFE75B4801A9F9F797FD0028D9D09DF812
:10D120000400FAF72BF8D4E7F7F738FA564B1B78D8
:10D13000022B4FF0030822D10420FEF715FC504BC0
:10D1400083F8FA8A94F85C30002B00F0D5804B49C4
:10D150004E48FBF7EDF808B101232B70B4F84C20D2
:10D160004A486946FBF706F900284FD09DF8003081
:10D17000052B4BD8DFE803F0475F636794BA40485C
:10D180008DF8048001A9F9F7C5FEDBE74049A1F15C
:10D190003300F8E7DFF8E88001A908F13300F9F778
:10D1A000CFFF0028CED09DF80430002BCAD0364BDC
:10D1B00018780228C6D1FEF7D7FB0C2388F8FA3A74
:10D1C000C0E7314B1B78022B07D10320FEF7CCFBC5
:10D1D0002B4B0D2283F8FA2AB4E72E4B01221A704A
:10D1E000B0E701212C48F4F7FAFDABE70221F9E79B
:10D1F0000321F7E70821F5E7214B284893F833107E
:10D20000F4F72CFF9EE72148FBF7C2FFDFF87C8094
:10D210000DF101014046FBF7E3F800286CD09DF8C2
:10D220000130022B66D8002B00F0B0801A48012193
:10D23000F4F7D7FD60E01548FBF7F2FFE6E7134887
:10D24000FCF726F8E2E71148FCF78CF8DEE700BFB0
:10D25000BA0E00201E0700201C0700203805002001
:10D26000480600208031002068260108000400489C
:10D27000B60E0020FC020020683000204430002060
:10D28000901700207C0300201D07002024070020A9
:10D29000C31700200C0C002050320020140700207F
:10D2A00067480DF10201F9F7CFFC18B19DF80200B3
:10D2B000F9F764FF62480DF1030201A9F9F706FCD2
:10D2C00030B19DF8032001995E48FBF7DDF89DE73A
:10D2D000FEF728FC002899D05B4B93F82D30013BDA
:10D2E000022B93D85748FBF7D7FA8FE75548FBF73F
:10D2F000FDFF8BE7032B4FD094F85D3023B15349EA
:10D300005348F5F70CF808B92B78C3B100232B70FC
:10D310004D4D23784D494F484FF0140808FB0353F7
:10D3200093F84D20F4F7D0F8237848494A4808FB91
:10D33000035595F84A3095F85620F8F7CFF8474B43
:10D340001B78002B7FF48AAE3B88022B3FF486AE1D
:10D350004348FFF7B1FA4348FFF740F94248F4F772
:10D360005CFD4248F4F724FD10B93D48FEF776FF16
:10D37000431E102B60D8DFE803F03F464D5F192DA8
:10D38000375F5F4F5F5F5B5F575F570098F86910CB
:10D390003748F4F763FEAFE798F816202848023ABA
:10D3A000D2B208F11801F9F77CFBA5E7314B1878E8
:10D3B000022805D1FEF7D8FA214BFF2283F8FA2A7A
:10D3C0002B48F4F75FFE00283FF448AE2A4B0122B9
:10D3D0001A7043E6274B1B78022B01D10320E9E7A3
:10D3E000254B01221A70EBE7F7F7D8F8214B1B7891
:10D3F000022BE5D10420DDE7204B1A79002ADFD18A
:10D4000001225A71DCE71D4B1A79002AD8D001227B
:10D410009A71D5E7F5F764FE1448F4F7E9FCC1B258
:10D420001348F4F71BFECBE71048F4F7E3FCC7E71B
:10D430000E48F4F7DDFCC3E704283FF41FADBFE757
:10D4400090170020240700207C0300204430002097
:10D450004C0E00207C0600206A300020B40E002014
:10D46000C80E00209422002060410020503200208D
:10D47000140700201D0700200C0C00204806002087
:10D4800008B5FFF76FFAFCE7524B534A534870B5A3
:10D490001A60534B534A1A605A619A62DA63524ACD
:10D4A0001A655A66514A9A67514A524B02F108016D
:10D4B000283200245A6140F2FF12C3E91A427F2544
:10D4C0004D4A1960C3F87022C3F86C42C3F8744A1D
:10D4D000C3F8785A494B0360212380F80C3100F1DE
:10D4E000DC03C0F81031102380F8143100F1C403BC
:10D4F000C0F81C310F2380F820311E2380F824311E
:10D5000000F1F403C0F82831062380F82C310723FA
:10D5100080F8303100F1FA03C0F8343100F1FC0337
:10D5200002220921C0F84031032380F8182180F835
:10D53000382180F83C1180F8443180F850210D22C8
:10D5400080F8542100F20112C0F858210A26112255
:10D5500080F8486180F8602100F1FF0600F58272D2
:10D56000C0F84C6180F85C31C0F8642180F87831F3
:10D57000082200F1D30300F1EC0680F8682180F85E
:10D580006C2180F87421C0F87C3180F88011C0F8DB
:10D59000706100F5EA70FAF72DFD194B194A1A600F
:10D5A00019482146F3F740FF184B194AC3F84C2499
:10D5B000C3E95545A3F84A44164B40F2FF32C3F87D
:10D5C0002426C3F82046144B144A1A60144B154AFB
:10D5D0001A6070BD2C320020882601082407002024
:10D5E00080310020281D0108101D01081C1D0108A4
:10D5F000C44E0108901700200000FF07BC4E010830
:10D600004C0E0020A02701087C060020C80E002038
:10D610000000FF019422002048320020784E0108CB
:10D6200060410020A84E010830B59BB020220021A7
:10D630000BA803F0DAFA1822002102A803F0D5FAA9
:10D640001C4A136823F4C06343F400731360136827
:10D6500003F4C0630193019B01224FF40413CDE94D
:10D66000082300230A9310210623CDE915134FF454
:10D6700000330224032517934FF0005C4FF0007332
:10D6800008A8CDE91345CDE9183C00F09FFB08B18F
:10D6900072B6FEE7CDE90400CDE906004F2321462E
:10D6A00002A8CDE9023500F02BFE08B172B6FEE704
:10D6B0001BB030BD00040058154B07B51A6842F482
:10D6C00080721A601A6842F400721A601A6822F4B2
:10D6D00080621A6000F0FAF8FFF7A6FF4FF0B0433F
:10D6E000DA6C42F00102DA64DA6C02F001020192B3
:10D6F000019ADA6C42F00202DA64DB6C03F0020396
:10D700000093009B03B05DF804EBFFF7B9BE00BFC8
:10D71000004000587047FEE7FEE7FEE7FEE7FEE741
:10D72000704770477047F6F759B90120704708B540
:10D7300003F0AEFB162303604FF0FF3008BD08B5C1
:10D7400003F0A6FB16230360FEE770B50D461446F2
:10D750000E46731B9C4201DC204670BDAFF3008077
:10D7600006F8010BF5E770B50D4614460E46731B1F
:10D770009C4201DC204670BD16F8010BAFF300801F
:10D78000F5E74FF0FF3070474FF400534B60002037
:10D790007047012070470020704700000B4A116855
:10D7A00010B5034609B90A491160106809490A4CC5
:10D7B0000344091B8B4206D903F06AFB0C23036068
:10D7C0004FF0FF3010BD1360FCE700BF6C4100203C
:10D7D000F842002000000120000400007047000013
:10D7E0000D488546FFF7FAFF0C480D490D4A002306
:10D7F00002E0D458C4500433C4188C42F9D30A4A06
:10D800000A4C002301E013600432A242FBD303F070
:10D8100045FBFFF751FFFEE700000120000000205C
:10D82000DC020020E0550108E0020020F842002060
:10D83000FEE770474FF0B04310B59A6B4FF0FF32E0
:10D840009A63D96BDA630024996B9C63D96BDC63B0
:10D85000196C1A64196C1C64596C5A64596C5C64B8
:10D86000996A9A62996A9C62D96ADA62D96ADC62B8
:10D87000196B1A631A6B1C63FFF7DBFF204610BDA0
:10D8800038B5104C237805460BB9012038BD00F09F
:10D890008DFA22784FF47A73B3FBF2F3B0FBF3F016
:10D8A00000F074F804460028EFD10F2DEDD80246A1
:10D8B00029464FF0FF3000F037F8034B20461D603B
:10D8C000E4E700BF700200207402002010B50320BE
:10D8D00000F018F800F06AFA064B18600F20FFF706
:10D8E000CFFF044618B9FFF715FF204610BD0124ED
:10D8F000FBE700BF6C020020014B1868704700BFB7
:10D90000704100200749CA6822F4E0620302120451
:10D9100003F4E063120C134343F0BF6343F400339A
:10D92000CB60704700ED00E0164B30B5DC68C4F307
:10D930000224C4F10703251D042B28BF0423062D50
:10D940004FF0FF358CBF033C002405FA03F321EAB6
:10D950000303A54022EA0502A340002843EA02038C
:10D96000ACBF00F16040084A4FEA0313B8BF00F0B3
:10D970000F00DBB2AABF00F56140135480F80033FA
:10D9800030BD00BF00ED00E014ED00E00138B0F163
:10D99000807F0BD24FF0E023054A5861F02182F8D6
:10D9A00023100020072298611A61704701207047F8
:10D9B00000ED00E00A4A536943F4802330B5536117
:10D9C000EFF3108472B60023CD58C5500433B3F57D
:10D9D000807FF9D11369DB03FCD484F3108830BD58
:10D9E00000400058064B5A69002ABFBF054A9A609A
:10D9F00002F188329A60BABF5869C00F00207047A0
:10DA00000040005823016745044B5A6942F0004228
:10DA10005A615869C043C00F704700BF00400058AA
:10DA200070B50546FFF768FF124E04463369D90307
:10DA300013D43369DA0744BF012232614CF2FA325F
:10DA4000134011D10B4E306910F480200BD0FFF73A
:10DA500053FF001BA842F6D304E0FFF74DFF001B65
:10DA6000A842E3D3032070BD024A1361024A012099
:10DA70005360F8E700400058744100202DE9F04160
:10DA8000184D98462B78012B06460C46174626D093
:10DA900001232B704FF47A7000236B60FFF7C0FFF7
:10DAA000A0B9012E16D1104A536943F00103536106
:10DAB0002760BFF36F8FC4F804804FF47A70FFF7CC
:10DAC000AFFF094A536923EA0603536100232B7011
:10DAD000BDE8F08139462046FFF76CFFEDE70220F4
:10DAE000F6E700BF7441002000400058054A536922
:10DAF00023F47E7343EAC00040F4803040F002001B
:10DB000050617047004000582DE9F041234F3B78A9
:10DB1000012B054688463FD001233B704FF47A70B5
:10DB200000237B60FFF77CFF044688B92B68042B39
:10DB300013D11B4A536943F4803343F00403536108
:10DB40004FF47A70FFF76CFF0446154B1A681B6898
:10DB500000233B702046BDE8F0814FF0FF33C8F84A
:10DB600000306E68D5E901321344B3420AD9304619
:10DB7000FFF7BCFF4FF47A70FFF752FF50B1C8F8BF
:10DB800000600446064A536923F47E7323F00203BF
:10DB90005361DAE70136E5E70224DBE77441002050
:10DBA00000400058024A136843F4807313607047C2
:10DBB00000040058024B186800F4C060704700BFB2
:10DBC000000400584FF0B0431868C0F3404070475D
:10DBD0004FF0B0431868C0F3400070474FF0B042B8
:10DBE000536823F47F4343EA0023536070474FF0A8
:10DBF000B0431868C0F34060704700007FB54FF035
:10DC0000B0432C4AD3F80831C0F3031003F00F03DC
:10DC100052F82040284A52F82330B4FBF3F4FFF7BF
:10DC2000C9FF264B054693E80700B5F5007F04AB16
:10DC300003E9070010D0224B9C4218D303F5B70329
:10DC400003F67F539C4229D903F5741303F510633F
:10DC50009C4225D802230BE01A4B9C4207D91A4B51
:10DC60009C421BD903F5370303F5D853F0E7002393
:10DC700004AA02EB830353F80C4C144D2B6823F0D9
:10DC8000070323432B60FFF737FE06462B6803F09C
:10DC900007039C4206D1002004B070BD0123E7E7D2
:10DCA0000024EAE7FFF728FE801B0228EED90320B4
:10DCB000F2E700BF744F0108144F0108B81B0108B8
:10DCC000C0CF6A00BFEA21013F93340200400058F0
:10DCD0004FF0B04310B59A68D96812F00C0205D025
:10DCE0000C2A4AD101F00303012B50D14FF0B0416F
:10DCF0002B480B6813F0080306D00B6813F00803D9
:10DD000037D1D1F8941007E00C68240756BFD1F83A
:10DD100094300968C3F3032350F82330002A0CBF62
:10DD2000184600204FF0B0418A6802F00C020C2A1D
:10DD30001ED1CA6802F00302022A2ED0032A06D19D
:10DD40000B68184A13F4801F174B18BF13464FF087
:10DD5000B042D068D168D268C0F306205843C1F3FE
:10DD600002130133B0FBF3F0530F0133B0FBF3F0B8
:10DD700010BD0B68C3F30313CEE7042A0AD0082AA8
:10DD800005D11B6813F4801304D10748CAE70023A8
:10DD90001846C7E703480023C4E7024BD7E700BF94
:10DDA000744F01080024F4000048E80108B5FFF7AB
:10DDB0008FFF4FF0B043044A9B68C3F3031352F83C
:10DDC0002330B0FBF3F008BD144F01082DE9F041FA
:10DDD0000446002853D04FF0B0439D68DE680368C6
:10DDE0009B0605F00C0506F0030668D5026A1DB116
:10DDF0000C2D46D1012E44D1002A40D04FF0B04323
:10DE0000A16A1A68170756BFD3F894301B681B091C
:10DE100003F0F00399421FD90846FFF7EFFE0028F0
:10DE20002DD14FF0B042136843F00803136013681C
:10DE3000A16A23F0F0030B431360606AFFF7CEFE84
:10DE4000FFF7B4FFAB4B1860AB4B1868FFF718FD3A
:10DE5000002834D0BDE8F0814FF0B042136843F0A1
:10DE600008031360136823F0F0030B431360606A28
:10DE7000FFF7B4FE0846FFF7C1FE0028E0D00120FE
:10DE8000E8E74FF0B043002A54D01A6842F001028C
:10DE90001A60FFF731FD0746FFF79AFE002842D0CF
:10DEA0004FF0B042136843F0080313601368A16A8F
:10DEB00023F0F0030B431360606AFFF78FFE2368C3
:10DEC000D80748D42368990700F18C8023681E077F
:10DED00040F1FA80A3694FF0B046002B00F0E180DA
:10DEE000D6F89430E16903F01002914200F0C4804A
:10DEF00003F00302022AC2D0D80740F1B380D6F85B
:10DF0000943023F00103C6F89430FFF7F5FC074680
:10DF1000D6F89430990740F1A580FFF7EDFCC31BBC
:10DF2000112BF5D904E0FFF7E7FCC01B0228B3D999
:10DF300003208FE71A6822F001021A60FFF7DCFC69
:10DF40000746FFF745FE0028B9D0FFF7D5FCC01BF8
:10DF50000228F6D9ECE7082D03D00C2D05D1032EAD
:10DF600003D16368002BADD189E74FF0B043A168BE
:10DF70001A6822F480120A431A606268B2F5803F80
:10DF800010D11A6842F480321A60FFF7B5FC0746D8
:10DF9000FFF718FE002895D1FFF7AEFCC01B6428E0
:10DFA000F6D9C5E7B2F5041F04D11A6842F400128D
:10DFB0001A60E6E7196821F480311960196821F4C4
:10DFC00000111960002AE0D1FFF796FC0746FFF721
:10DFD000F9FD00283FF476AFFFF78EFCC01B6428E4
:10DFE000F5D9A5E7042D236903D00C2D0ED1022EFF
:10DFF0000CD1002B3FF443AF4FF0B042616953683E
:10E0000023F0FE4343EA016353605FE74FF0B046FD
:10E01000BBB1336843F480733360FFF76DFC074690
:10E0200033685A0507D57368626923F0FE4343EAF3
:10E03000026373604AE7FFF75FFCC31B022BEFD953
:10E0400076E7336823F480733360FFF755FC0746A7
:10E0500033685B057FF53AAFFFF74EFCC31B022B1D
:10E06000F6D965E74FF0B042E169D2F8943023F079
:10E0700010030B43C2F894304FF0B047D7F89430F8
:10E0800043F00103C7F89430FFF736FC0646D7F893
:10E0900094309A0718D4FFF72FFC831B112BF6D965
:10E0A00046E7D6F8943023F00103C6F89430FFF722
:10E0B00023FC0746D6F894309B0705D5FFF71CFCD8
:10E0C000C31B112BF6D933E72368580754D50B4FE0
:10E0D0003B68D90514D4FFF765FDFFF70DFC064634
:10E0E0003B68DA050CD4FFF707FC831B022BF7D93A
:10E0F0001EE700BF6C0200207402002000040058DC
:10E10000E3684FF0B046002B58D023F08003052B76
:10E1100002BFD6F8903043F00403C6F890304FF0B9
:10E12000B046FFF7E9FBD6F8903043F0010307460D
:10E13000C6F8903041F28838D6F890309B0705D465
:10E14000FFF7DAFBC31B4345F6D9F1E6E36823F09A
:10E150000403812B1BD1FFF7CFFBD6F8903043F09F
:10E160008003C6F8903007464FF0B04641F2883839
:10E17000D6F89030180504D5E06A00284AD100206E
:10E1800068E6FFF7B9FBC01B4045F1D9D0E6FFF7C1
:10E19000B3FBD6F8903023F08003C6F890300746E2
:10E1A0004FF0B04641F28838D6F890301905E3D5E3
:10E1B000FFF7A2FBC01B4045F6D9B9E6FFF79CFB71
:10E1C000D6F8903023F080030746C6F8903041F22D
:10E1D0008838D6F890301A0516D4FFF78DFBD6F89C
:10E1E000903023F00103C6F8903007464FF0B04856
:10E1F00041F28836D8F890309B07BDD5FFF77CFBFD
:10E20000C31BB342F6D993E6FFF776FBC01B40452C
:10E21000DFD98DE60C2D4ED04FF0B04302281A689E
:10E2200022F080721A6033D1FFF766FB0546FFF7D4
:10E23000DEFC38BBD4E90C314FF0B0420B43D06860
:10E240002D4901400B43E16B0B43216C0B43616C87
:10E250000B43A16B43EA0123D360136843F080733F
:10E260001360D36843F08053D360FFF745FB044647
:10E27000FFF7BDFC002882D1FFF73EFB001B0A28F8
:10E28000F6D955E6FFF738FB401B0A28CFD94FE6F1
:10E29000FFF732FB0446FFF7AAFC30B94FF0B0425B
:10E2A000164BD1680B40D360D4E5FFF725FB001B6C
:10E2B0000A28F0D93CE601283FF4CCAD4FF0B0433A
:10E2C000226BDB6803F0030191427FF4D8AD616BF0
:10E2D00003F070028A427FF4D2ADA16B03F4FE42D8
:10E2E000B2EB012F7FF4CBAD626C03F0604393423D
:10E2F0003FF445AFC3E500BF8C80C111FCFFFEEECB
:10E300002DE9F0410D46044610B90120BDE8F08129
:10E31000684E336803F007038B4216D323689A07CD
:10E3200027D54FF0B047A268BB6823F0F003134332
:10E33000BB60FFF7E1FA0646BB68DB0319D4FFF7C1
:10E34000DBFA831B022BF7D911E0336823F00703B4
:10E350000B433360FFF7D0FA0746336803F0070337
:10E36000AB42DBD0FFF7C8FAC01B0228F5D9032067
:10E37000CCE72368580617D54FF0B0476269D7F845
:10E38000083123F00F0343EA1213C7F80831FFF7EF
:10E39000B3FA0646D7F80831D90305D4FFF7ACFA2B
:10E3A000831B022BF6D9E2E723685A0713D54FF0F7
:10E3B000B047E268BB6823F4E0631343BB60FFF738
:10E3C0009BFA0646BB689B0305D4FFF795FA831BAF
:10E3D000022BF7D9CBE72368180714D54FF0B047C5
:10E3E0002269BB6823F4605343EAC203BB60FFF7B2
:10E3F00083FA0646BB68590305D4FFF77DFA831BF1
:10E40000022BF7D9B3E72368DA070FD4294C236826
:10E4100003F00703AB4239D8FFF7C8FC264B18605E
:10E42000264BBDE8F0411868FFF72ABA6268022A55
:10E430001DD1FFF7C7FB00283FF467AF4FF0B04690
:10E4400041F28838B36823F003031343B360FFF746
:10E4500053FA0746B368626803F00C03B3EB820F0C
:10E46000D4D0FFF749FAC01B4045F3D97FE7032A10
:10E4700002D1FFF7BCFBDEE712B9FFF7A9FBDAE731
:10E480004FF0B0431B685B05D8D43EE7236823F008
:10E4900007032B432360FFF72FFA0646236803F098
:10E4A0000703AB42B8D0FFF727FA801B0228F5D943
:10E4B0005DE700BF004000586C020020740200209D
:10E4C00030B5046891FAA1F3B3FA83F303255B0036
:10E4D00005FA03F324EA030391FAA1F1B1FA81F1F9
:10E4E00049008A401A43026030BD0000B0F1904FED
:10E4F0000BD14FF0B043DA6A42F00102DA62DA6A15
:10E5000022F00102DA6201207047144B984209D1CF
:10E510004FF0B043DA6A42F00202DA62DA6A22F0BD
:10E520000202EFE70E4B984209D14FF0B043DA6A8E
:10E5300042F00402DA62DA6A22F00402E2E7094BEE
:10E54000984209D14FF0B043DA6A42F08002DA62B1
:10E55000DA6A22F08002D5E7002070470004004804
:10E5600000080048001C00482DE9F84F0E460F68CF
:10E5700097FAA7F54FF0010BB5FA85F54FF0030AAE
:10E580004FF00F0837FA05F302D10120BDE8F88FEC
:10E590000BFA05F43C4053D0D6F8049021464A4685
:10E5A000FFF78EFF09F1FF33012B19D8B36881689B
:10E5B00094FAA4F2B2FA82F252000AFA02F221EAC2
:10E5C000020294FAA4F1B1FA81F149008B4013439D
:10E5D00083604268F36822EA0402634313434360A2
:10E5E0003369C16894FAA4F2B2FA82F252000AFACC
:10E5F00002F221EA020294FAA4F1B1FA81F149008F
:10E600008B401343B9F1020FC36015D1FF2C716920
:10E6100018D8026A94FAA4F3B3FA83F39B0008FAB9
:10E6200003F322EA030294FAA4F3B3FA83F39B0000
:10E6300001FA03F3134303624A462146FFF740FF02
:10E6400001359FE7426A230A93FAA3FCBCFA8CFCCB
:10E650004FEA8C0C08FA0CFC22EA0C0293FAA3F3A2
:10E66000B3FA83F39B00994011434162E4E74FF012
:10E67000B0431868C0F3005070474FF0B0431868BB
:10E68000C0F3802070474FF0B043D3F89000C0F340
:10E69000400070474FF0B0431868C0F3C0007047A7
:10E6A0004FF0B0431868C0F3406070474FF0B0437C
:10E6B000044A9B68C3F3031352F82330B0FBF3F012
:10E6C000704700BF144F01084FF0B043034A9B68E6
:10E6D000C3F3022352F82330D8407047544F010847
:10E6E0004FF0B04238B5916801F00C01082950D0C4
:10E6F00017D889B3042900F08C80FFF7CBFF464977
:10E700000246002876D1FFF7C5FF4FF0B04301283D
:10E7100016BFD3F894201B68C2F3032251F82200DD
:10E720002AE00C29E9D1D36803F00303022B5FD060
:10E73000032B37D0FFF7AEFF374C014600284AD1F4
:10E74000FFF7A8FF012816BFD2F894101368C1F391
:10E75000032154F821302CE0FFF79CFF2E4D044696
:10E7600058B9FFF797FF012816BFD2F894401368F5
:10E77000C4F3032455F8240038BDFFF78BFF0128AC
:10E780000ABF1168D2F89430C1F3031155F8210083
:10E79000F2E7FFF76CFF214B01462148012908BF32
:10E7A0001846E9E7FFF763FF1D4A1C4B012818BF15
:10E7B00013464FF0B042D068D168D268C0F306204B
:10E7C0005843C1F302130133B0FBF3F0530F01338D
:10E7D000B0FBF3F0D0E7FFF75DFF01280BBF136834
:10E7E000D2F89430C3F30313002354F82330E0E746
:10E7F0000A4BDEE7FFF74EFF4FF0B04301280BBF97
:10E800001B68D3F89430C3F30313002351F823009B
:10E81000B2E70248B0E700BF744F01080024F400DB
:10E820000048E8014FF0B04307B51A6842F0010212
:10E830001A601A689207FCD51A6822F0F00242F0BA
:10E8400060021A605A6822F47F425A605A6822F0C5
:10E85000FE4242F080425A604FF4E0229A601A6809
:10E8600001920199104A0A400192019A1A60FFF739
:10E8700017FF0028FBD14FF0B0430C4ADA6040F29A
:10E880003F3298610192019A1A62D3F8942042F4BF
:10E890000002C3F8942001204FF44032C3F808214D
:10E8A00003B05DF804FB00BFFFF4CEFE00100422AD
:10E8B00010B54FF0B0440328D4F888302AD11F4A4D
:10E8C00003F0030343F44033934209D0B3F1031F31
:10E8D0000DD0013A934211D1BDE81040FFF700BFBF
:10E8E000FFF7CBFE0128164818BF002010BDFFF728
:10E8F000CAFE431E58425841C003F7E7FFF7F0FE37
:10E90000FFF7D4FEA3680F4AC3F3C22352F82330A3
:10E91000D840EBE7034043EA00400B4B9842DFD07E
:10E92000B0F10C1FE3D0043B9842D5D0FFF7D8FEDE
:10E93000FFF7BCFEBDE81040FFF7C6BE02000300B3
:10E940000024F400544F010808000C000F4B9842BB
:10E950000BD14FF0B0431A6C42F480521A641A6C17
:10E9600022F480521A6401207047094B98420AD160
:10E970004FF0B0439A6B42F480429A639A6B22F450
:10E9800080429A63EFE70020704700BF00300140EB
:10E990000038004003685B0670B502462DD4D1E90B
:10E9A00000363343CE68056848690C6A33430E6904
:10E9B00033438E6903433343CE6925F47F453343A4
:10E9C00025F0BF0523432B43136053688D6823F460
:10E9D000706323F0040345EA10401843B5F5006F57
:10E9E00050603EBF536843F480535360B4F5005FFA
:10E9F00001D18B8C1361012000E00020D36923F446
:10EA00000063D36170BD00001A4A0368904210B5DC
:10EA100002D0B0F1804F09D14C6823F070039042CE
:10EA200043EA040309D0B0F1804F06D0124A904265
:10EA300003D002F58062904203D1CA6823F4407388
:10EA4000134303608B68C3620B888362094B98424F
:10EA500007D003F5C053984203D003F58063984272
:10EA600001D10B690363436943F001034361012052
:10EA700010BD00BF002C0140004401400F4B9842E4
:10EA80000BD14FF0B0431A6C42F480421A641A6CF6
:10EA900022F480421A6401207047094B98420AD13F
:10EAA0004FF0B0439A6B42F400329A639A6B22F4AF
:10EAB00000329A63EFE70020704700BF0038014042
:10EAC0000044004038B50368DB0704460D464DD4CA
:10EAD0002A69AB68016813436A691343EA691343FF
:10EAE000234A0A40134303604368EA6823F440530F
:10EAF000134343608368AA6923F44073134383601C
:10EB00001C4B984220D10320FFF7D2FE2B68F0B1B6
:10EB10006A68E2B10B2B15D8174951F82330E9691F
:10EB2000B0FBF3F0B1F5004F4FEA520319D103EBFC
:10EB30004003B3FBF2F34FF6F0721A40C3F3420303
:10EB40001343E360012003E00C4B984207D0002000
:10EB5000E26A2B8822F00F021343E36238BD0C20D7
:10EB6000D2E70344B3FBF2F39BB2EAE70020F5E7F8
:10EB7000F369FFEF00380140B44F01080044004042
:10EB800010B53024632807D80C703021092808D824
:10EB900030301170187010BD01346438E4B2C0B266
:10EBA000F0E701310A38C9B2C0B2EFE730B530241E
:10EBB00042F20F75A84212D80C703021B0F57A7F5E
:10EBC00014D211703022632816D81A703023092805
:10EBD00017D8039A1370049B3030187030BDA0F51D
:10EBE0001C5001341038E4B280B2E3E70131A0F5E3
:10EBF0007A70C9B280B2E1E701326438D2B280B231
:10EC0000E1E701330A38DBB280B2E0E770B5324D9C
:10EC1000324E3024A84232D80C70314D314C302164
:10EC2000A04230D811703049302288422FD21A7059
:10EC30002E4A302390422ED8049A13702C4A302347
:10EC400090422FD8059A1370302342F20F729042EF
:10EC50002ED8069A13703023B0F57A7F2ED2079AF9
:10EC60001370302363282ED8089A13703023092894
:10EC70002DD8099A13700A9B3030187070BD01347A
:10EC8000E4B23044C6E70131C9B22844C8E70132D2
:10EC9000D2B2401AC9E70133A0F57420DBB2A0F567
:10ECA0001070C7E70133A0F5C330DBB2A038C7E767
:10ECB0000133A0F51C50DBB21038C8E70133DBB2DA
:10ECC000A0F57A70C8E70133DBB26438CAE70133D4
:10ECD000DBB20A38CBE700BFFFC99A3B003665C4F8
:10ECE000001F0AFAFFE0F505809698003F420F00EA
:10ECF0009F86010010B58B1C0C464A1CFFF740FF95
:10ED00000023E37010BD002810B50C460FDA10F197
:10ED1000800F0FD04042C0B22D222346611C03F861
:10ED2000032BA21CFFF72CFF0023237110BDC0B2E0
:10ED30002022F2E72D228020EFE713B50B1D01936F
:10ED4000CB1C00934A1C8B1C0C46FFF72FFF0023A3
:10ED5000637102B010BD10B588B001F109030693CC
:10ED600001F108030593CB1D04938B1D03934B1DE9
:10ED700002930B1D0193CB1C00934A1C8B1C0C4669
:10ED8000FFF744FF0023A37208B010BD0A2230B57C
:10ED900001231446824207D95A1E12B20A241504CE
:10EDA00006D50022CA5430BD01339BB26243F1E75D
:10EDB000B0FBF4F504FB1500303088542846013AC6
:10EDC000EDE7031E10B50C4603DBBDE81040FFF76E
:10EDD000DDBF58420131FFF7D9FF2D23237010BD4D
:10EDE00010B5034C2146FFF785FF204610BD00BF3C
:10EDF0008C41002010B5034C2146FFF784FF2046CC
:10EE000010BD00BF8C41002010B5034C2146FFF718
:10EE100094FF204610BD00BF8C41002010B5034C6C
:10EE20002146FFF798FF204610BD00BF8C4100200F
:10EE300013B503688DF807109C680DF107010123D5
:10EE4000A04702B010BD07B503688DF807101B6915
:10EE500001220DF10701984703B05DF804FB2DE98D
:10EE6000F0411D46036804465B690F461646984705
:10EE7000236820461B689847221D39462046FFF725
:10EE8000D7FF2DB123682A461B6931462046984793
:10EE9000236820465B689847236820469B69BDE845
:10EEA000F0410C2118472DE9F0411E460368044645
:10EEB0005B6915460F469847236820461B689847AC
:10EEC000221D39462046FFF7B3FF20460021FFF7F9
:10EED000BAFF23682046DB683246294698472368F4
:10EEE00020465B68BDE8F04118472DE9F0411F4618
:10EEF000036804465B690D4616469847236820461A
:10EF00001B689847221D20460D21FFF791FF290A13
:10EF10002046FFF798FFE9B22046FFF794FF2368E9
:10EF200031463A4620461B699847236820465B686D
:10EF30009847236820469B69BDE8F0410C2118479B
:10EF400007B501238DF807200DF10702FFF7CDFF6C
:10EF500003B05DF804FB2DE9F0411F460368044649
:10EF60005B690D4616469847236820461B689847FC
:10EF7000221D20461D21FFF75BFF290A2046FFF7CF
:10EF800062FFE9B22046FFF75EFF20460021FFF74F
:10EF90005AFF23682046DB683A4631469847236883
:10EFA00020465B68BDE8F041184707B501230DF125
:10EFB0000702FFF7D0FF9DF8070003B05DF804FBE0
:10EFC0002DE9F0411E46036804465B690F4615466D
:10EFD0009847236820461B689847221D20460E212B
:10EFE000FFF726FF39462046FFF72DFF2368294605
:10EFF000324620461B699847236820465B6898473D
:10F00000236820469B69BDE8F0410C2118472DE993
:10F01000F0411E46036804465B690F461546984753
:10F02000236820461B689847221D20461E21FFF7B3
:10F03000FFFE39462046FFF706FF20460021FFF776
:10F0400002FF23682046DB6832462946984723683A
:10F0500020465B68BDE8F041184710B50023044620
:10F060001A46C021FFF7FBFE207910BD37B50446D4
:10F070000D468DF80710012380210DF10702FFF7DF
:10F08000EEFE2368012D9B690CBF322140F2DC515A
:10F09000204603B0BDE83040184737B501230C4681
:10F0A0008DF807100DF107028A210546FFF7D7FEFC
:10F0B000AC7103B030BD07B5042309BA01910DEB63
:10F0C00003028621FFF7CBFE03B05DF804FB07B512
:10F0D00002238DF804108DF805208F2101AAFFF777
:10F0E000BEFE03B05DF804FB37B58DF80630002393
:10F0F0008DF807300423044615468DF804108DF86A
:10F1000005208B210DEB0302FFF7A9FE40F68901D4
:10F110002046FFF74AFF062D16BF40F0040200F01C
:10F12000FB02D2B240F6890120468DF80420FFF799
:10F1300007FF03B030BD73B515468DF803300022CC
:10F140009DF818309DF81C608DF8002004468DF85D
:10F1500001108DF804308C2106236A468DF8025088
:10F160008DF80560FFF77BFE40F236712046FFF711
:10F170001CFF5EB100F0FB0240F2367120468DF8B4
:10F180000020FFF7DDFE657102B070BD40F00402A3
:10F19000D2B2F1E707B55BBAADF80430BDF8103074
:10F1A0005BBAADF8063049BA082352BAADF8001080
:10F1B000ADF8022019466A46FFF751FE03B05DF82C
:10F1C00004FB07B5022301AA1221FFF76CFE9DF88C
:10F1D00004309DF8050000EB032080B203B05DF819
:10F1E00004FB07B5022349BAADF8041001AA194679
:10F1F000FFF735FE03B05DF804FB07B502238DF879
:10F2000004108DF805208E2101AAFFF728FE03B017
:10F210005DF804FB13B56FF07F43994228BF194690
:10F220000B0C04468DF804300B0A8DF805308DF870
:10F23000061001AA03238321FFF711FE236864212E
:10F240009B692046984702B010BD13B56FF07F430D
:10F25000994228BF19460B0C04468DF804300B0A5E
:10F260008DF805308DF8061001AA03238221FFF7DF
:10F27000F6FD236864219B692046984702B010BDC3
:10F2800037B503230D461446142101AAFFF70BFEE0
:10F290009DF804305B085B422B809DF90530002B04
:10F2A000B8BF03339B10237003B030BD10B5436863
:10F2B0000D4A23F07F4323F0FF039342044611D10C
:10F2C000002240F60211FFF73BFE40F644112046B3
:10F2D000FFF76BFE40F00202D2B240F64411204626
:10F2E000FFF72EFE10BD00BF0001010070B50546FE
:10F2F0000E46FFF766FF314604462846FFF771FFCA
:10F30000A30702D52846FFF7D1FF204670BD07B5F9
:10F31000002914BF402320238DF807300DF1070288
:10F3200001239321FFF79BFD03B05DF804FB10B5AB
:10F33000002304461A46C121FFF791FD23682046A9
:10F340009B69BDE810404621184708B5FFF785FEC8
:10F3500080B208BD07B50023ADF8043001AA02232E
:10F360000721FFF77CFD03B05DF804FB07B5130C24
:10F370008DF8053052BA04238DF80410ADF806203C
:10F3800097210DEB0302FFF76AFD03B05DF804FB64
:10F3900008B50A4640F6AC01FFF7D2FD08BD10B52E
:10F3A00040F6D8010446FFF700FE40F01E02D2B23C
:10F3B00040F6D8012046FFF7C3FD10BD08B50A4648
:10F3C00040F6E701FFF7BCFD08BD000007B5054B9F
:10F3D000019304230DEB03029521FFF740FD03B0D9
:10F3E0005DF804FB0407000107B502238DF8041043
:10F3F0008DF80520982101AAFFF731FD03B05DF8D3
:10F4000004FB00000000000013B504461C48B0FBDC
:10F41000F1F1080C8DF80000080A8DF8010004983D
:10F420008DF803208DF804308DF80210F1F752F8B2
:10F4300011A3D3E90023F1F7F1F9F1F7D7FA030C9F
:10F440008DF8053043BA6A46ADF8063020460823E9
:10F450008B21FFF704FD40F689012046FFF7A5FD4B
:10F4600040F00402D2B240F6890120468DF8002017
:10F47000FFF766FD02B010BD000000008084EE3F83
:10F480000000093D1FB58DF807309DF818308DF844
:10F4900008309DF81C308DF809309DF820308DF82B
:10F4A0000A309DF824308DF80B3049BA9DF8283089
:10F4B000ADF804108DF806208DF80C3001AA092350
:10F4C0008C21FFF7CCFC05B05DF804FB07B50023E9
:10F4D00049BAADF80010ADF8023001936A4608232E
:10F4E0004FF4D861FFF701FD03B05DF804FB13B5DD
:10F4F00003230C4601AA1421FFF7D5FC9DF8063022
:10F500005B085B42238002B010BD000038B50446A2
:10F5100000F03CFA214605462046F1F75BFD80B934
:10F52000204600F067F84FF07E51F1F749FD40B1F9
:10F5300001F0AEFC21230360BDE83840024800F032
:10F5400097B8284638BD00BF791D010800F060BBA0
:10F5500038B5054600F090F8294604462846F1F7EC
:10F5600039FD68B900212846F1F70CFD40B101F0E2
:10F570008FFC2123002103600846F1F719FC0446A3
:10F58000204638BD07B51A4A20F000439342014691
:10F5900005DC002103B05DF804EB00F001B9B3F124
:10F5A000FF4F04DBF1F746FA03B05DF804FB694650
:10F5B00000F0B4FB00F00302012A07D0022A0CD0AD
:10F5C00082B90199009800F0EBF8EDE701990098F5
:10F5D00000F066F900F10040E6E70199009800F0BC
:10F5E000DFF8F7E701990098012200F059F9DBE70D
:10F5F000D80F493F20F000407047000007B51B4A74
:10F6000020F000439342014606DC0022002103B0B3
:10F610005DF804EB00F044B9B3F1FF4F04DBF1F700
:10F6200009FA03B05DF804FB694600F077FB00F0CF
:10F630000300012808D002280BD090B90199009846
:10F64000012200F02DF9ECE70199009800F0A8F8EC
:10F65000E7E701990098012200F022F900F100404B
:10F66000DFE70199009800F09BF8F7E7D80F493FD2
:10F67000004870470000C07F20F00042B2F1FF4F09
:10F680002DE9F041034604460AD30146F1F7DCFABE
:10F6900001462046F1F7D0F904462046BDE8F08146
:10F6A000002AFAD0002806DA0146F1F7C3F901462C
:10F6B000F1F77EFBF0E710F0FF424FEAE0513DD05A
:10F6C000C3F3160343F40003CA07A1F17F0558BF33
:10F6D0005B0000246D105B00192026464FF08071FE
:10F6E00072189A42DDBF561864189A1A1A460138E1
:10F6F0004FEA42034FEA5101F2D1BAB1144E154F0D
:10F7000030683968D6F80080F1F794F90146404630
:10F71000F1F742FC50B1306839683668F1F78CF97E
:10F7200001463046F1F72EFC68B10234641004F152
:10F730007C5404EBC554B0E75B0001321802FBD5E2
:10F74000013A891ABCE7013424F00104EEE700BF56
:10F75000780200207C020020C0F3C7537F3B162BA9
:10F7600010B5014614DC002B07DA013300F000412C
:10F7700001D141F07E51084610BD084A1A4110429D
:10F78000F9D04FF480011941014421EA0201F2E766
:10F79000802BF0D1F1F750F90146ECE7FFFF7F0035
:10F7A0002DE9F04120F00044B4F1485F0646884658
:10F7B00003DAF1F725FC00285CD031463046F1F73A
:10F7C00043FA4FF07C510546F1F73EFA2B490746C4
:10F7D0002846F1F739FA2A49F1F72EF92946F1F7C7
:10F7E00033FA2849F1F726F92946F1F72DFA264987
:10F7F000F1F722F92946F1F727FA2449F1F71AF926
:10F800002946F1F721FA2249F1F716F92946F1F7CD
:10F810001BFA2946F1F718FA414605463046F1F73A
:10F8200013FA01462846F1F705F91A4B9C420546A2
:10F830000ADC01463846F1F7FDF801464FF07E50EC
:10F84000F1F7F8F8BDE8F081134B9C42CCBF134CA4
:10F8500004F17F4421464FF07E50F1F7EBF821464A
:10F8600006463846F1F7E6F82946F1F7E3F801468F
:10F870003046E5E74FF07E50E4E700BF4ED747AD96
:10F88000F6740F317CF29334010DD037610BB63A28
:10F89000ABAA2A3D9999993E0000483F0000903E4E
:10F8A0002DE9F84320F00043B3F1485F04460F46CA
:10F8B000914603DAF1F7A4FB002835D02146204613
:10F8C000F1F7C2F9054601462046F1F7BDF929498D
:10F8D00006462846F1F7B8F92749F1F7ABF829466B
:10F8E000F1F7B2F92549F1F7A7F82946F1F7ACF994
:10F8F0002349F1F79FF82946F1F7A6F92149F1F7D5
:10F900009BF88046B9F1000F11D101462846F1F766
:10F910009BF91D49F1F78EF83146F1F795F901464B
:10F920002046F1F789F804462046BDE8F8834FF0F9
:10F930007C513846F1F788F9414681463046F1F767
:10F9400083F901464846F1F775F82946F1F77CF945
:10F950003946F1F76FF80C4905463046F1F774F96E
:10F9600001462846F1F768F801462046F1F762F8AB
:10F97000D9E700BFD3C92E2F342FD7321BEF38362B
:10F98000010D50398988083CABAA2A3E2DE9F04781
:10F9900020F00048B8F17E5F044605460CD18C4942
:10F9A000F1F752F98B4905462046F1F74DF901462A
:10F9B0002846F1F741F806E009DD0146F1F73AF88B
:10F9C0000146F1F7F5F904462046BDE8F087B8F1A5
:10F9D0007C5F0BDAB8F1485F73DA7F49F1F72CF8F6
:10F9E0004FF07E51F1F7ECFA0028EDD12046FFF7F9
:10F9F00001FE01464FF07E50F1F71CF84FF07C51AC
:10FA0000F1F722F975490646F1F71EF97449F1F745
:10FA100013F83146F1F718F97249F1F70BF831464E
:10FA2000F1F712F97049F1F707F83146F1F70CF9DF
:10FA30006E49F0F7FFFF3146F1F706F96C49F0F730
:10FA4000FBFF3146F1F700F96A4981463046F1F78C
:10FA5000FBF86949F0F7EEFF3146F1F7F5F8674931
:10FA6000F0F7EAFF3146F1F7EFF86549F0F7E2FF0A
:10FA70003146F1F7E9F84FF07E51F0F7DDFF8246AD
:10FA80003046FFF7F9FD5F4B9845074663DD514669
:10FA90004846F1F78DF93946F1F7D6F83946F0F7CF
:10FAA000CBFF0146F0F7C8FF5749F0F7C5FF014605
:10FAB0004748F0F7BFFF002D0446D8BF00F10044CF
:10FAC00082E70146F1F7C0F844490546F1F7BCF872
:10FAD0004349F0F7B1FF2946F1F7B6F84149F0F78D
:10FAE000A9FF2946F1F7B0F83F49F0F7A5FF2946ED
:10FAF000F1F7AAF83D49F0F79DFF2946F1F7A4F880
:10FB00003B49F0F799FF2946F1F79EF83949064637
:10FB10002846F1F799F83849F0F78CFF2946F1F7B4
:10FB200093F83649F0F788FF2946F1F78DF8344904
:10FB3000F0F780FF2946F1F787F84FF07E51F0F794
:10FB40007BFF01463046F1F733F92146F1F77CF8A7
:10FB5000014620462DE7014620F47F68F0F76CFF50
:10FB6000514604464846F1F723F901462046F1F78D
:10FB70006BF828F00F08814641464046F1F764F8DB
:10FB800001463046F0F756FF414604463846F0F746
:10FB900053FF01462046F1F70BF90146F0F74CFF01
:10FBA00001460C48F0F746FF01464846F0F742FF91
:10FBB000414604464046F0F73FFF01461348F0F740
:10FBC00039FF01462046F0F735FF01460F4870E740
:10FBD000DB0FC93F2EBD3BB3CAF2497108EF1138A4
:10FBE000047F4F3A4611243DA80A4E3E90B0A63EEF
:10FBF000ABAA2A3E2EC69D3D6133303F2D570140B2
:10FC000039D119409999793F2EBD3B33DB0F493FDC
:10FC1000F8B521F00046B6F1FF4F034605DC20F0B1
:10FC20000042B2F1FF4F074604DD1846F0F704FF2B
:10FC3000034611E0B1F17E5F03D1BDE8F84000F06A
:10FC4000CBB98C1704F0020444EAD07432B9022C08
:10FC50004CD0032C00D1294B1846F8BD1EB9002FFB
:10FC60004ADA274BF8E7B6F1FF4F0ED1B2F1FF4F5A
:10FC700004F1FF3405D1022C3AD8224B53F824303A
:10FC8000EAE7022C36D8204BF8E7B2F1FF4FE6D076
:10FC9000921BB2F1F45F4FEAE25017DA002901DA61
:10FCA0003C3015DB1846F1F783F8FFF7A3FC00F0B2
:10FCB00093F90346012C0DD0022C0ED0002CCBD092
:10FCC00012491846F0F7B8FE11490CE0114BF1E764
:10FCD0000023EFE703F10043BEE70C491846F0F7B5
:10FCE000ABFE01460A48F0F7A5FEA1E7084BB3E7D3
:10FCF000094BB1E70023AFE7064BADE7DB0F49C087
:10FD0000DB0FC9BFE44F0108F04F01082EBDBB3324
:10FD1000DB0F4940DB0FC93FDB0F493F2DE9F04FB7
:10FD2000A04A20F00046964287B00C46824604DC8A
:10FD3000002308604B6000251AE09B4A96424BDC8A
:10FD400000289A499A4F26F00F0623DDF0F772FE3D
:10FD5000BE42054610D09749F0F76CFE0146206080
:10FD60002846F0F767FE9349F0F764FE01256060CE
:10FD7000284607B0BDE8F08F8F49F0F75BFE8F494A
:10FD80000546F0F757FE014620602846F0F752FE80
:10FD90008A49E9E7F0F750FEBE4205460ED0854994
:10FDA000F0F74AFE014620602846F0F743FE8149FD
:10FDB000F0F742FE4FF0FF356060D9E77E49F0F77B
:10FDC0003BFE7E490546F0F737FE01462060284697
:10FDD000F0F730FE7949EBE7794A964200F39180DB
:10FDE000FFF708FC77490746F0F72EFF4FF07C51EC
:10FDF000F0F722FEF1F704F90546F0F7D1FE6B4962
:10FE00008146F0F721FF01463846F0F713FE6949B5
:10FE100080464846F0F718FF1F2D07460CDC6A4A5B
:10FE2000691E26F0FF0352F82120934204D0394680
:10FE30004046F0F7FFFD0BE039464046F0F7FAFD8B
:10FE4000C0F3C753C3EBD653082B4FEAE65B01DC84
:10FE5000206026E058494846F0F7F6FE074601467E
:10FE60004046F0F7E7FD014606464046F0F7E2FD62
:10FE70003946F0F7DFFD514907464846F0F7E4FE02
:10FE80003946F0F7D7FD014607463046F0F7D2FD78
:10FE9000C0F3C753ABEB030BBBF1190F16DC2060AB
:10FEA000B046266840463146F0F7C4FD3946F0F7C3
:10FEB000C1FDBAF1000F6060BFF65AAF06F100460F
:10FEC00000F10040266060606D4251E73F494846BE
:10FED000F0F7BAFE074601463046F0F7ABFD0146A3
:10FEE00080463046F0F7A6FD3946F0F7A3FD3849C5
:10FEF00006464846F0F7A8FE3146F0F79BFD074658
:10FF000095E7B6F1FF4F05DB0146F0F793FD606022
:10FF1000206010E7F715863FA6EBC7563046F1F78D
:10FF20006FF8F0F73DFE014603903046F0F782FD92
:10FF30004FF08741F0F788FE0646F1F761F8F0F7D9
:10FF40002FFE0146049005463046F0F773FD4FF052
:10FF50008741F0F779FE00210590F1F709F8F0B13B
:10FF600000212846F1F704F8002814BF01230223DA
:10FF7000184A01920222009221463A4603A800F054
:10FF800037F9BAF1000F0546BFF6F2AE236803F168
:10FF900000432360636803F10043636094E7032335
:10FFA000E6E700BFD80F493FE3CB1640800FC93FBB
:10FFB000D00FC93F434435370044353708A3852E59
:10FFC000800F494384F9223FFC4F010800A3852E8E
:10FFD00032318D247C5001082DE9F04120F000459C
:10FFE000B5F1A14F044680460EDBB5F1FF4F04DDAD
:10FFF0000146F0F721FD044603E0002800F3CE801F
:020000040801F1
:10000000674C2046BDE8F081664B9D420EDCB5F1A1
:10001000445F08DA6449F0F70FFD4FF07E51F0F7C6
:10002000CFFF0028EDD14FF0FF361CE0FFF7E2FADA
:100030005E4B9D4204467CDCA3F5D0039D4267DC09
:100040000146F0F7F9FC4FF07E51F0F7F3FC4FF06A
:10005000804105462046F0F7EFFC01462846F0F7C0
:10006000A7FE0026044621462046F0F7EDFD014696
:100070000746F0F7E9FD4E490546F0F7E5FD4D4925
:10008000F0F7DAFC2946F0F7DFFD4B49F0F7D4FC36
:100090002946F0F7D9FD4949F0F7CEFC2946F0F79B
:1000A000D3FD4749F0F7C8FC2946F0F7CDFD454997
:1000B000F0F7C2FC3946F0F7C7FD4349074628462A
:1000C000F0F7C2FD4149F0F7B5FC2946F0F7BCFD59
:1000D0003F49F0F7AFFC2946F0F7B6FD3D49F0F790
:1000E000A9FC2946F0F7B0FD3B49F0F7A3FC2946EF
:1000F000F0F7AAFD01463846F0F79EFC2146F0F7DE
:10010000A3FD731C014633D12046F0F793FC72E740
:100110004FF07E51F0F78EFC4FF07E5105462046A1
:10012000F0F78AFC01462846F0F742FE0126044615
:1001300099E72A4B9D4214DC4FF07F51F0F77AFC8F
:100140004FF07F5105462046F0F77EFD4FF07E517F
:10015000F0F772FC01462846F0F72AFE0226044614
:1001600081E701461E48F0F723FE032604467AE79E
:100170001C4B53F82610F0F75DFC2146F0F75AFCB3
:10018000194B014653F82600F0F754FCB8F1000F64
:100190000446BFF636AF00F1004432E7134C30E7B7
:1001A000DB0FC9BFFFFFDF3ECAF24971FFFF973F78
:1001B000D769853C59DA4B3D356B883D6E2EBA3D8B
:1001C0002549123EABAAAA3E21A215BD6BF16E3D98
:1001D00095879D3D388EE33DCDCC4C3EFFFF1B40C7
:1001E000000080BFA453010894530108DB0FC93FEE
:1001F0002DE9F04FDBB002920493649ABB4B05905B
:1002000053F822300193049B0091013B0393029B1E
:100210001A1DC0F29B80DC1E48BF1C1DE410671C29
:10022000FB000693029B039AA3EBC707019B03EB1A
:100230000209659BA4EB02081EAE03EB880A0025A9
:100240004FF0000B4D4540F38380049A1EAB03EB47
:1002500082050DF58C7B4FF000090023019A914532
:1002600040F39E8013460AAA02EB83030893659B22
:10027000DDF8048003EB840307935AAB03EB880398
:100280000AAC53F8505C2646C3464FF087490DF53B
:100290008C7ABBF1000F00F388803946284600F0C5
:1002A0005BFA4FF078510546F0F7CEFC00F0A0FA6B
:1002B0004FF08241F0F7C8FC01462846F0F7BAFB40
:1002C0000546F0F79DFE0646F0F76AFC0146284613
:1002D000F0F7B0FB002F814640F3868008F1FF3233
:1002E0000AABC7F1080153F8225045FA01F31E4446
:1002F0008B40ED1A0AAB43F82250C7F107031D41AA
:10030000002D7FDD002201369246904500F3B0803B
:10031000002F05DD012F00F0BD80022F00F0C58009
:10032000022D6FD149464FF07E50F0F783FB814696
:10033000BAF1000F66D039464FF07E5000F00CFA4B
:1003400001464846F0F776FB81465BE0002466E70D
:1003500018EB050F07D45AF82500F0F721FC46F8F2
:10036000040B01356EE75846F9E70793059BDAF869
:10037000001053F82800F0F767FC01463046F0F70C
:100380005BFB079B064608F10108039A9045AAF11A
:10039000040AEADD4BF8046B09F1010904355DE755
:1003A000AA461E464FF00008EFE74FF06E51284670
:1003B000F0F74AFCF0F724FEF0F7F2FB494609900B
:1003C000F0F742FC01462846F0F734FBF0F718FE40
:1003D0000BF1FF3B099B46F8040B5AF82B1018460B
:1003E000F0F72AFB054654E706D108F1FF330AAAC5
:1003F00052F82350ED1183E74FF07C51F0F7D6FD12
:10040000054698BB00214846F0F7B2FD002800F0F1
:10041000988008F1FF342346002201998B424CDA80
:10042000002A67D00AAB083F53F82430002B00F0B5
:10043000868039464FF07E5000F08EF9A246814604
:1004400046AF4FF06E58BAF1000F80F2AF802746EA
:100450000022002FC0F2D98046A9254B01EB870B63
:1004600090464FF0000AA4EB0709C2E0022549E7D5
:100470002368BAF1000F08D11BB1C3F58073236064
:100480000123013204349A463FE7C3F1FF0323609E
:100490005346F6E708F1FF320AAB53F8223003F077
:1004A0007F030AA941F822303AE708F1FF320AAB8C
:1004B00053F8223003F03F03F3E70AA951F8231061
:1004C000013B0A43A9E7013453F8042D002AFAD06E
:1004D000049B1EAA434408F1010602EB8305444431
:1004E0000DF58C79B44208DAA046C6E6E05301085F
:1004F000B4530108089B0124E6E7079B53F8260044
:10050000F0F74EFBAB4628604FF0000A4FF00008B2
:10051000039B9A4504DD49F8268004350136E1E75E
:10052000059B5BF8040953F82A10F0F78DFB014690
:100530004046F0F781FA0AF1010A8046E8E7013CFB
:1005400070E7069B029A4846991A00F005F94FF0A9
:1005500087410446F0F72AFD00B34FF06E51204664
:10056000F0F772FBF0F74CFDF0F71AFB4FF0874104
:100570008146F0F769FB01462046F0F75BFAF0F799
:100580003FFD0AAB08F1010443F828004846F0F7A4
:1005900037FD0AAB083743F824004AE72046F0F756
:1005A0002FFD0AAB444643F8280042E70AAB53F854
:1005B0002A00F0F7F5FA4946F0F746FB414647F8BE
:1005C0002A004846F0F740FB0AF1FF3A81463AE735
:1005D00053F8040B5BF8041B03920293F0F734FB0F
:1005E00001464046F0F728FADDE9023280460AF17A
:1005F000010A01998A4501DCCA45E9DD5AAB03EBE2
:100600008909013F49F8A08C23E7649B022B07DC92
:10061000002B4EDC2ED006F007005BB0BDE8F08F5B
:10062000649B032BF7D10DF1C80B0BEB8407B84685
:10063000A246BAF1000F49DCA146B9F1010F60DC16
:100640000020012C76DC329A339B002D78D1009962
:100650000A604B600A469060DDE757F82410F0F717
:10066000EBF9013C002CF8DA0DB100F10040009BE1
:100670001860D0E7002032AFF4E757F82810F0F701
:10068000DBF908F1FF38B8F1000FF6DAADB100F18F
:100690000043009A014613603298F0F7CBF94FF00F
:1006A000010844450BDA0DB100F10040009B586091
:1006B000B1E7A046002032AFE5E70346E9E757F887
:1006C000041FF0F7B9F908F10108EAE7D8F800309B
:1006D00058F8042C0293194610460192F0F7ACF931
:1006E000019A014681461046F0F7A4F9029B19468B
:1006F000F0F7A2F948F804090AF1FF3AC8F80090A7
:1007000097E757F8043CD7F800A0019351461846E4
:10071000F0F792F9019B014680461846F0F78AF9F6
:100720005146F0F789F947F8040909F1FF39C7F88C
:10073000008082E75BF82410F0F77EF9013C80E747
:10074000009902F1004203F100430A604B600A463F
:1007500000F100407FE700BF30F0004238B50346AB
:100760000D4604462ED0B2F1FF4F04D30146F0F7F8
:1007700063F9034626E010F0FF4F18D14FF098417F
:10078000F0F762FA174A954203460CDBC0F3C752F2
:100790000446193A4CF250318D420ADD124918468E
:1007A00061F31E0000E01149F0F74EFAE1E7D20DC7
:1007B000F0E75119FE29F1DC002905DD24F0FF44A2
:1007C00044EAC153184638BD11F1160F01DA074942
:1007D000E5E701F1190024F0FF444FF04C5144EAE1
:1007E000C050E1E7B03CFFFFCAF249716042A20D80
:1007F00070B5C0F3C7557F3D162D0146044620F065
:10080000004625DC002D0EDA1649F0F715F9002117
:10081000F0F7D6FB28B1002C22DA134B002E18BFBC
:100820001C4621461AE0114E2E41304216D00D4989
:10083000F0F702F90021F0F7C3FB0028F1D0002CFB
:10084000BEBF4FF400032B41E41824EA0604E8E796
:10085000B6F1FF4F02D3F0F7EFF80146084670BD3E
:100860000024DEE7CAF24971000080BFFFFF7F006D
:100870000A22002100F07EB8012B2DE9F0478646C0
:10088000904601D0242B06D900F002FB162303600A
:100890000020BDE8F08736480D462A4615F8014B82
:1008A000065D16F00806F8D12D2C2ED12C780126E5
:1008B000951C002B57D0102B09D1302C07D12A784A
:1008C00002F0DF02582A49D16C781023023506F174
:1008D000004C0CF1FF3C0022BCFBF3F9104603FB7B
:1008E00019CAA4F13007092F14D83C46A34220DDD1
:1008F000571C07D0814519D301D1A24516DB00FB57
:100900000340012215F8014BEBE72B2C04BF2C7898
:10091000951CCEE7A4F14107192F01D8373CE5E734
:10092000A4F16107192F04D8573CDFE74FF0FF32DD
:10093000E8E7531C08D12223CEF800306046B8F116
:10094000000FA6D0691E06E006B14042B8F1000FC4
:100950009FD0002AF6D1C8F800109AE73024002B67
:10096000B5D10823B3E7302CA9D00A23AFE700BFE5
:10097000ED53010813460A46014602480068FFF796
:100980007BBF00BFD8020020024B0344587800F020
:1009900003007047EC530108034B1B5C03F0030397
:1009A000022B08BF20387047ED530108002310B513
:1009B0000446C0E90033C0E90433836081814366A3
:1009C000C2818361194608225C3000F00EF90D4B9C
:1009D00063620D4BA3620D4BE3620D4B23630D4B22
:1009E00024629C4206D003F16802944202D0D033C4
:1009F0009C4205D104F15800BDE8104000F072BAE5
:100A000010BD00BF310B0108530B01088B0B01080F
:100A1000AF0B0108AC410020024A0349034800F033
:100A200069B800BF80020020551201088C02002026
:100A300041680C4B994210B5044601D000F00AFC05
:100A4000A168094B994202D0204600F003FCE168FE
:100A5000064B994204D02046BDE8104000F0FABB96
:100A600010BD00BFAC410020144200207C42002099
:100A700010B50B4B0B4C0C4A1A6020460022042187
:100A8000FFF794FF04F1680001220921FFF78EFFB0
:100A900004F1D0000222BDE810401221FFF786BF0A
:100AA000E4420020AC410020190A0108014800F08E
:100AB0001ABA00BFED420020014800F015BA00BF8D
:100AC000ED42002010B50446FFF7F0FF236A1BB18A
:100AD000BDE81040FFF7F0BF044B2362044B1B68D6
:100AE000002BF5D1FFF7C4FFF2E700BF310A010880
:100AF000E44200202DE9F8430746884614460026C4
:100B0000D4E90195B9F1010905D52468002CF7D184
:100B10003046BDE8F883AB89012B07D9B5F90E3013
:100B2000013303D029463846C04706436835E9E714
:100B300010B50C46B1F90E1000F086F90028ABBFD5
:100B4000636DA3891B1823F48053ACBF6365A38135
:100B500010BD2DE9F0411F468B89DB0505460C468B
:100B6000164605D5B1F90E100223002200F05AF9FD
:100B7000A389B4F90E1023F48053A38132463B4677
:100B80002846BDE8F04100F071B910B50C46B1F946
:100B90000E1000F047F9431CA38915BF606523F4CC
:100BA000805343F48053A38118BFA38110BDB1F9D2
:100BB0000E1000F027B9884210B501EB020402D9EB
:100BC0008442234607D8431EA14208D011F8012BC6
:100BD00003F8012FF8E7024401468A4200D110BD14
:100BE00013F8014D02F8014DF7E702440346934222
:100BF00000D1704703F8011BF9E710B502461478DD
:100C000013460132002CFAD1013B11F8012B03F8F5
:100C1000012F002AF9D110BDC9B20346184613F8B6
:100C2000012B12B18A42F9D17047002918BF002068
:100C3000704710B56AB10139841810F8012B11F80A
:100C4000013F9A4203D1A04201D0002AF5D1D01A27
:100C500010BD1046FCE710B50139034632B111F85A
:100C6000014F03F8014B013A002CF7D11A4400213F
:100C7000934200D110BD03F8011BF9E738B50B4BC7
:100C80001D686B6B044653B9242000F0ADF9024691
:100C9000686320B9064B07483D2100F03DF9696BB8
:100CA0002046BDE8384000F007B800BFD802002059
:100CB000ED540108045501082DE9F0414D4A0C4658
:100CC0000023D0E90001F0F7E1F9002ABCBF02F5EA
:100CD000A83202F5C0724FF4616100F52F20B2FB1B
:100CE000F1F301FB13224FF03C01ACBF00F66C2086
:100CF00000F66B20A360B2FBF1F301FB13226360EB
:100D00002260C31C072293FBF2F2C2EBC2029B1AC1
:100D100048BF07330028A361B8BFA0F50E3336499A
:100D2000AEBF90FBF1F1A3F52C7393FBF1F1334BC4
:100D300003FB010048F6AC63B0FBF3F3034440F25D
:100D4000B45CB0FBFCF29B1A40F26D172C4AB0FB6E
:100D5000F2F264269B1AB3FBF7F2B3FBFCF3B2FB8F
:100D6000F6F5EB1A034407FB1233992003EB8307D4
:100D7000023703F1010EB7FBF0FC00FB0CF0023070
:100D80004FF00508B0FBF8F0AEEB000040F2F95E62
:100D9000774594BF02276FF0090767444FF4C87C7A
:100DA0000CFB0121012F98BF0131B3F5997F0CD3C2
:100DB000A3F59973E361A1F26C710023E060C4E9CB
:100DC000047123622046BDE8F08112F0030F02D1C6
:100DD00006FB15255DB94FF4C875B2FBF5F605FBAA
:100DE0001622B2FA82F252093B331344E2E701229F
:100DF000FAE700BF80510100B13A02004FC5FDFF84
:100E0000B03A020038B5064D0023044608462B6070
:100E1000FCF7B7FC431C02D12B6803B1236038BD3B
:100E2000E842002038B5074D044608461146002226
:100E30002A601A46FCF7AFFC431C02D12B6803B1B1
:100E4000236038BDE842002038B5074D0446084607
:100E5000114600222A601A46FCF777FC431C02D197
:100E60002B6803B1236038BDE842002038B5074D38
:100E700004460846114600222A601A46FCF773FC15
:100E8000431C02D12B6803B1236038BDE842002027
:100E9000014B1868704700BFD802002070B50D4D97
:100EA0000D4C641BA4100026A64209D10B4D0C4C1E
:100EB00000F050FE641BA4100026A64205D170BDB0
:100EC00055F8043B98470136EEE755F8043B984740
:100ED0000136F2E7D4550108D4550108D45501086C
:100EE000DC550108704770477047034611F8012B25
:100EF00003F8012B002AF9D170470A44914200F10E
:100F0000FF3300D1704710B511F8014B03F8014FC2
:100F10009142F9D110BD00001FB514461A46094B85
:100F20001B680546D8684CB1074B0091CDE90134E8
:100F300006492B4600F0B6F900F0D6F9044B1C46E2
:100F4000F3E700BFD80200205C550108695501088D
:100F5000791D010838B50546002941D051F8043CF7
:100F60000C1F002BB8BFE41800F0E6F81D4A136808
:100F700033B9636014602846BDE8384000F0E2B839
:100F8000A34208D9206821188B4201BF19685B6809
:100F900009182160EDE71A465B680BB1A342FAD944
:100FA00011685018A0420BD12068014450188342A8
:100FB0001160E0D118685B68536008441060DAE79C
:100FC00002D90C232B60D6E7206821188B4204BF7E
:100FD00019685B68636004BF091821605460CAE740
:100FE00038BD00BFF0420020024B0146186800F0F7
:100FF00023B800BFD802002070B50E4E0C463168F1
:10100000054611B900F060F930602146284600F02D
:101010005BF9431C0AD0C41C24F00304A04207D08F
:10102000211A284600F050F9013001D14FF0FF3469
:10103000204670BDF44200202DE9F843CD1C25F078
:10104000030508350C2D38BF0C25002D074601DBA4
:10105000A94205D90C233B6000263046BDE8F88341
:10106000DFF8D08000F068F8D8F800301C465CBB90
:1010700029463846FFF7C0FF431C044655D1D8F82F
:1010800000402646002E45D1002C48D0236831462A
:10109000384604EB030900F017F981453FD1216878
:1010A0006D1A29463846FFF7A7FF013037D023686D
:1010B0002B442360D8F80030002B38D05A68A24265
:1010C0002BD100225A600FE02268521B1FD40B2A3A
:1010D00017D96119A342256018BF5960636808BF1A
:1010E000C8F8001062514B60384604F10B0600F05E
:1010F00029F826F00706231DF21AAED09B1BA35039
:10110000ABE7A3426268DDD1C8F80020ECE72346D4
:101110006468ACE734467668B4E71346CCE70C2342
:101120003B60384600F00EF897E72560DCE75B602F
:10113000FFDE00BFF04200200148FFF7D4BE00BF31
:10114000EC4200200148FFF7CFBE00BFEC42002078
:101150008A89F8B5054610070C4657D44B68002B12
:1011600004DC0B6C002B01DC0020F8BDE66A002ECD
:10117000FAD0002312F480522F68216A2B6032D0FB
:10118000606DA3895A0705D56368C01A636B0BB1FC
:10119000236CC01A00230246E66A216A2846B0473B
:1011A000431CA38906D129681D292BD8284A0A4146
:1011B000D60727D400226260D9042269226004D5B0
:1011C000421C01D12B6803B96065616B2F60002957
:1011D000CAD004F14403994202D02846FFF7BAFE70
:1011E00000206063C1E701232846B047411CC8D1F5
:1011F0002B68002BC5D01D2B01D0162B01D12F60E1
:10120000B2E7A38943F04003A381AEE70F69002F43
:10121000AAD093070E6808BF4B690F6018BF002360
:10122000F61B8B60002E9FDD216AD4F828C0334660
:101230003A462846E047002806DCA38943F04003ED
:10124000A3814FF0FF3090E70744361AEAE700BF6A
:10125000FEFFBFDF38B50B6905460C4613B9002504
:10126000284638BD18B1036A0BB9FFF72BFCB4F957
:101270000C30002BF3D0626ED00704D4990502D451
:10128000A06DFFF730FE28462146FFF761FF636E31
:10129000DA070546E4D4A3899B05E1D4A06DFFF7E6
:1012A00023FEDDE70EB403B5014603AB054853F852
:1012B000042B0068019300F045F802B05DF804EBE0
:1012C00003B07047D802002038B5064D002304460D
:1012D00008462B60FCF762FA431C02D12B6803B16D
:1012E000236038BDE842002008B5062000F092FBDC
:1012F0000120FCF724FA9368013B002B10B49360A3
:1013000007DA9469A34201DB0A2902D110BC00F07C
:10131000C3BA1368581C10601970084610BC704797
:10132000F8B506460F461446D518AC4201D1002048
:1013300007E014F8011B3A463046FFF7DCFF431C78
:10134000F3D1F8BD2DE9F04F0D469DB014469846F7
:10135000064618B1036A0BB9FFF7B4FB6B6ED907E9
:1013600005D4AB899A0502D4A86DFFF7BCFDAB8903
:101370001B0701D52B699BB92946304600F0CAFAF4
:1013800070B16B6EDC0704D54FF0FF301DB0BDE8C7
:10139000F08FAB899805F7D4A86DFFF7A5FDF3E7AB
:1013A0000023099320238DF82930CDF80C803023B9
:1013B000DFF8B0818DF82A304FF0010923469A46B4
:1013C00013F8012B0AB1252AF9D1BAEB040B0BD083
:1013D0005B46224629463046FFF7A2FF013000F067
:1013E000A980099A5A4409929AF80030002B00F01B
:1013F000A18000234FF0FF32CDE905230AF1010A55
:10140000049307938DF853301A935446052214F829
:10141000011B5448EEF7CCFE049AD8B9D10644BF5C
:1014200020238DF85330130744BF2B238DF85330FE
:101430009AF800302A2B15D0079A544600204FF016
:101440000A0C214611F8013B303B092B4DD9B0B1B4
:10145000079214E0A0EB080309FA03F31343049383
:10146000A246D2E7039B191D1B680391002BBBBF4B
:101470005B4242F0020207930793B8BF04922378BD
:101480002E2B0CD163782A2B34D1039B1A1D1B6899
:101490000392002BB8BF4FF0FF3302340593DFF8FF
:1014A000C8A0217803225046EEF782FE38B1049B93
:1014B000A0EB0A004022824013430134049314F845
:1014C000011B2A488DF828100622EEF771FE00282D
:1014D0003FD0274B1BBB039B073323F00703083385
:1014E0000393099B3B44099368E70CFB02320C46CB
:1014F0000120A6E700230134059319464FF00A0C9A
:10150000204610F8012B303A092A03D9002BC6D007
:101510000591C4E70CFB012104460123F0E703AB6E
:1015200000932A46134B04A93046AFF300800746C8
:10153000781CD6D16B6ED90705D4AB899A0502D435
:10154000A86DFFF7D1FCAB895B063FF51DAF09988D
:101550001CE703AB00932A46064B04A9304600F073
:1015600079F8E4E7985501089E550108A25501084D
:1015700000000000211301082DE9F04716469946A6
:101580008A680B69DDF820809342B8BF1346336048
:1015900091F8432007460C460AB1013333602368B3
:1015A000990642BF336802333360256815F006059B
:1015B00006D104F1190AE36832689B1AAB4226DCB3
:1015C00094F84320131E226818BF012392062BD4DF
:1015D00004F1430249463846C04701301ED0236813
:1015E000226903F00603042B02BFE5683368ED1A95
:1015F000A3680CBF25EAE57500259342C4BF9B1A7A
:10160000ED1800261A34B5421AD1002008E0012353
:10161000524649463846C047013003D14FF0FF30AB
:10162000BDE8F0870135C6E7E1185A1C302081F883
:101630004300224494F8451082F843100233C7E770
:101640000123224649463846C0470130E6D00136DC
:10165000D9E700002DE9FF470F7E0C9D782F9146BA
:1016600080460C469A4601F1430207D8622F0AD8F9
:10167000002F00F0D480582F00F0C08004F1420504
:1016800084F842703AE0A7F16303152BF6D801A164
:1016900051F823F0ED160108011701087D16010825
:1016A0007D1601087D1601087D1601080117010845
:1016B0007D1601087D1601087D1601087D160108BA
:1016C000051801082D170108BF1701087D1601082C
:1016D0007D160108271801087D1601082D1701083D
:1016E0007D1601087D160108C71701082B681A1D11
:1016F0001B682A6004F1420584F8423001239FE010
:1017000020682B68070603F10401296001D51E68D3
:1017100003E04606FBD5B3F90060002E03DA2D2363
:10172000764284F843305A480A2312E02B68206836
:10173000191D2960050601D51E6802E04106FBD58A
:101740001E8853486F2F0CBF08230A23002184F8FA
:1017500043106568A560002DA2BF216821F0040137
:1017600021600EB9002D4BD01546B6FBF3F103FBFB
:101770001167C75D05F8017D3746BB420E46F4D9B7
:10178000082B0BD12368DE0708D5236961689942CD
:10179000DEBF302305F8013C05F1FF35521B226105
:1017A000CDF800A04B4603AA21464046FFF7E4FED1
:1017B00001304AD14FF0FF3004B0BDE8F087236814
:1017C00043F0200323603348782784F8457023686A
:1017D00029681F0651F8046B02D45F0648BFB6B2F1
:1017E000DF0748BF43F02003296048BF23601EB9CC
:1017F000236823F0200323601023A7E72448E4E7AD
:101800001546BDE72B6826686169181D28603506F6
:101810001B6801D5196002E07006FBD51980002312
:1018200023611546BCE72B681A1D2A601D68626893
:1018300000212846EEF7BCFC08B1401B60606368DD
:101840002361002384F84330AAE723692A464946E6
:101850004046D0470130ADD023689B0713D4E068E1
:10186000039B9842B8BF1846A6E701233246494673
:101870004046D04701309DD00135E36803995B1A9B
:10188000AB42F2DCEBE7002504F11906F5E700BFF7
:10189000A9550108BA550108F8B50E461446054683
:1018A00018B1036A0BB9FFF70DF9A369A360A38907
:1018B0001A0725D523691BB323682269981A63691F
:1018C000F6B28342374604DC21462846FFF7C2FCC5
:1018D000E0B9A368013BA36023685A1C22601E7014
:1018E0006269431C9A4204D0A389DB0706D50A2EFD
:1018F00004D121462846FFF7ADFC38B93846F8BD7B
:101900002146284600F006F80028D5D04FF0FF37D2
:10191000F4E7000038B52A4B054618680C4618B1A4
:10192000036A0BB9FFF7CEF8A389B4F90C201807A6
:1019300022D4D90607D409232B6042F04003A381A7
:101940004FF0FF3034E0580712D5616B41B104F11C
:101950004403994202D02846FFF7FCFA0023636350
:10196000A38923F02403A3810023636023692360F8
:10197000A38943F00803A38123694BB9A38903F426
:101980002073B3F5007F03D02146284600F084F889
:10199000A089B4F90C2010F001030AD00023A36041
:1019A00063695B42A361236943B910F08000C4D12D
:1019B00038BD810758BF6369A360F4E70020F7E7EB
:1019C000D80200201F2938B504460D4604D9162335
:1019D00003604FF0FF3038BDC26B12B152F82130B6
:1019E0004BB9204600F030F82A4601462046BDE8B3
:1019F000384000F017B8012B0AD0591C03D1162328
:101A000003600120E7E7002442F825402846984774
:101A10000020E0E7024B01461868FFF7D3BF00BF84
:101A2000D802002038B5074D002304460846114669
:101A30002B60FBF77CFE431C02D12B6803B12360B3
:101A400038BD00BFE8420020FBF76FBE70B50C4602
:101A5000B1F90E10002996B015461E460DDAA3897D
:101A600013F0800F4FF000010CBF4FF48063402350
:101A7000002031602B6016B070BD6A4600F048F857
:101A80000028ECDB019901F47041A1F500535942A3
:101A900059414FF48063EBE78B8973B59D07064688
:101AA0000C4607D504F147032360236101236361DA
:101AB00002B070BD01AB6A46FFF7C8FF009905464A
:101AC0003046FFF7B9FA48B9B4F90C309A05EFD4AB
:101AD00023F0030343F00203A381E3E7A38920601B
:101AE00043F08003A381009B6361019B20615BB194
:101AF000B4F90E10304600F01DF828B1A38923F088
:101B0000030343F00103A381A3891D43A581CFE70C
:101B100038B5074D00230446084611462B60FBF7F5
:101B200033FE431C02D12B6803B1236038BD00BFD4
:101B3000E842002038B5064D0023044608462B60D5
:101B4000FBF727FE431C02D12B6803B1236038BD8D
:101B5000E8420020F8B500BFF8BC08BC9E467047BC
:0C1B6000F8B500BFF8BC08BC9E467047FA
:101B6C0018120C18010101191901191901060601A5
:101B7C000606010303010303010202010202011222
:101B8C000C01120C000800080050015002500350C8
:101B9C000450055006500750085009500A500B507D
:101BAC000C500D50F150F25001F1055000000000A6
:101BBC0001000000020000006D696E2C00206D57C2
:101BCC002C002E00011F136F01130503020B0502DD
:101BDC0000D57FAAFE2B815429FC5683D702A87D01
:101BEC0052872DF8AC79D3067BAE04D18550FA2FF1
:101BFC00A471DB0E5A8F25F08D58F22773A60CD9E1
:101C0C00F623895C08DD77A2DF0AA07521F45E8BD0
:101C1C009D48E23763B61CC9B461CB1E4A9F35E0C0
:101C2C00CF1AB06531E44E9BE633994C18CD67B2B0
:101C3C0039EC4693C712B86D10C56FBAEE3B9144A0
:101C4C006BBE14C19540EA3F42973DE8BC69C31690
:101C5C00EF3A904511C46EBBC613B96C38ED479280
:101C6C00BD68C21743963CE99441EB3E6ABF15C070
:101C7C004B9E34E1B560CA1F62B71DC89C49E33660
:101C8C0019CC66B3E732984D30E54F9ACE1BB16450
:101C9C0072A70DD88C59F3265B8E24F1A570DA0F40
:101CAC0020F55F8ADE0BA17409DC76A3F722885D30
:101CBC00D603A97C28FD5782FF2A805501D47EAB20
:101CCC008451FB2E7AAF05D0AD78D20753862CF910
:101CDC006162636465666768696A6B6C6D6E6F7070
:101CEC007172737475767778797A30313233343522
:101CFC00363738395F232D2E00000000000000001D
:101D0C0000000000351D000800000000000000006D
:101D1C00411D000800000000000000001D1D00080F
:101D2C0000010204050301026D6C72732E30005326
:101D3C00657475705374617274537478345478008C
:101D4C00536574757053746172744D61726B657206
:101D5C000021656E642100206B487A006D4C525353
:101D6C0001020304006D4C52530403020100656E22
:101D7C0061626C65642C616E74656E6E61312C6190
:101D8C006E74656E6E61322C723A656E2E20743AEA
:101D9C00616E74312C723A656E2E20743A616E74D9
:101DAC0032007472616E73702E2C6D61766C696E7C
:101DBC006B2C6D61766C6E6B582C6D737058003299
:101DCC002E342047487A2C393135204D487A20461C
:101DDC0043432C383638204D487A2C343333204D3D
:101DEC00487A2C373020636D2048414D2C383636DC
:101DFC00204D487A20494E2C393135204D487A20D7
:101E0C002B20322E342047487A2C383638204D4837
:101E1C007A202B20322E342047487A00656E61627E
:101E2C006C65642C616E74656E6E61312C616E74C0
:101E3C00656E6E61322C72656E207461312C726528
:101E4C006E2074613200353020487A2C33312048B2
:101E5C007A2C313920487A2C464C52432C46534B21
:101E6C002C3139487A377800322E342047487A2C76
:101E7C00393135204643432C383638204D487A2C9E
:101E8C00343333204D487A2C373020636D2C383660
:101E9C003620494E2C3931352B322E342C383638ED
:101EAC002B322E3400202F2D2D00202F65310020B9
:101EBC002F653600202F65313100202F653133001E
:101ECC000D0A003F0020206D696E3A200020206D25
:101EDC0061783A2000202000203D200020205B610A
:101EEC002D7A302D39232D2E5F5D002D2028756E17
:101EFC00617661696C61626C652900205B002875F4
:101F0C006E6368616E676561626C652900292C00DF
:101F1C002C20002F003B20003B006668737331209F
:101F2C002800202063683A20002020665F726567D5
:101F3C003A20002020663A2000666873733220280D
:101F4C0000453737204D424C204B697420574C4587
:101F5C003543430021455252004F4B004143524FF1
:101F6C000021465321004848004154554E004C4E28
:101F7C004348004D414E5500545552540043525560
:101F8C005A004352534800414800414E474C0048C8
:101F9C004F5200414E474800414C54480041555463
:101FAC004F0047554944004C4F49540052544C2063
:101FBC000043495243004C414E44004452494600B0
:101FCC005350525400464C49500050484C44004227
:101FDC0052414B00544852570041564F4900474E0E
:101FEC004750005352544C0046484C4400464F4C0A
:101FFC004C005A49475A00535953490041524F54C7
:10200C00004152544C005452544C005452414E0016
:10201C0046425741004642574200435255530054E2
:10202C004B4F4600494E49540051535442005148BD
:10203C004F5600514C4F5400514C4E440051525489
:10204C004C005141544E005141434F0054484D4CAB
:10205C00004C32514C005354455200534D504C00DF
:10206C00444F434B0041484C440053555246004D9D
:10207C00444554002A00424154545F43415041436B
:10208C0049545900212120527820706172616D20D1
:10209C0076657273696F6E20736D616C6C657220FE
:1020AC007468616E20547820706172616D20766561
:1020BC007273696F6E2E20212100212120506C65D6
:1020CC006173652075706772616465207265636504
:1020DC00697665722E2020202020202020202020B0
:1020EC002020202020202020202020202021210002
:1020FC00212120547820706172616D207665727395
:10210C00696F6E20736D616C6C6572207468616EA2
:10211C0020527820706172616D2076657273696FE0
:10212C006E2E20212100212120506C6561736520C9
:10213C0075706772616465205478206D6F64756C7E
:10214C00652E202020202020202020202020202030
:10215C00202020202020202020212100436F6E668B
:10216C00696749643A00202054783A204537372073
:10217C004D424C204B697420574C453543432C2021
:10218C0076312E342E303200202052783A20002D19
:10219C002028756E6578706563746564206572724D
:1021AC006F722900202068656C702C20682C203FF1
:1021BC002020202020202D3E207468697320686523
:1021CC006C70207061676500202076202020202014
:1021DC00202020202020202020202D3E20707269DD
:1021EC006E742064657669636520616E6420766523
:1021FC007273696F6E002020706C202020202020CC
:10220C0020202020202020202D3E206C697374205B
:10221C00616C6C20706172616D6574657273002005
:10222C0020706C20632020202020202020202020C3
:10223C00202D3E206C69737420636F6D6D6F6E2062
:10224C00706172616D6574657273002020706C2012
:10225C00747820202020202020202020202D3E209B
:10226C006C69737420547820706172616D6574654B
:10227C007273002020706C20727820202020202087
:10228C0020202020202D3E206C6973742052782051
:10229C00706172616D657465727300202070206EC0
:1022AC00616D65202020202020202020202D3E2024
:1022BC0067657420706172616D65746572207661FA
:1022CC006C756500202070206E616D65203D207658
:1022DC00616C756520202D3E2073657420706172D1
:1022EC00616D657465722076616C75650020207077
:1022FC00206E616D65203D203F2020202020202D68
:10230C003E2067657420706172616D657465722022
:10231C0076616C756520616E64206C697374206FD6
:10232C006620616C6C6F7765642076616C75657383
:10233C000020207073746F726520202020202020D4
:10234C002020202D3E2073746F72652070617261A5
:10235C006D6574657273002020736574636F6E66AF
:10236C006967696420202020202D3E2073656C65F0
:10237C00637420636F6E6669672069640020206255
:10238C00696E642020202020202020202020202D59
:10239C003E2073746172742062696E64696E6700AA
:1023AC00202072656C6F616420202020202020206A
:1023BC0020202D3E2072656C6F616420616C6C2056
:1023CC00706172616D657465722073657474696E89
:1023DC0067730020207374617473202020202020E8
:1023EC0020202020202D3E20737461727473207382
:1023FC00747265616D696E6720737461746973744E
:10240C006963730020206C69737466726571732044
:10241C002020202020202D3E206C697374732066B0
:10242C0072657175656E636965732075736564207B
:10243C00696E206668737320736368656D65002030
:10244C002073797374656D626F6F74202020202067
:10245C00202D3E2063616C6C2073797374656D2044
:10246C00626F6F746C6F61646572007761726E3A43
:10247C00207265636569766572206E6F7420636F78
:10248C006E6E6563746564002020656D70747920D0
:10249C00636D64002020696E76616C696420636DE5
:1024AC006400202073747265616D696E67207374AB
:1024BC006174732073746F70706564003E0020202B
:1024CC0074696D656F75740068656C7000706C0074
:1024DC00706C206300706C20747800706C207278C3
:1024EC00006572723A20696E76616C696420706165
:1024FC0072616D65746572206E616D6500657272D6
:10250C003A206E6F2076616C756520737065636917
:10251C0066696564006572723A20696E76616C69F1
:10252C00642076616C7565007073746F7265002041
:10253C0020547820706172616D65746572732073BC
:10254C00746F726564002020706172616D657465D2
:10255C0072732073746F7265640062696E6400201C
:10256C0020547820656E74657265642062696E64AF
:10257C00206D6F64650072656C6F6164002020547F
:10258C007820706172616D65746572732072656C10
:10259C006F61646564002020706172616D657465A3
:1025AC0072732072656C6F6164656400736574632B
:1025BC006F6E6669676964006572723A20696E763F
:1025CC00616C696420636F6E666967206964206E54
:1025DC00756D6265722028302D39290020206E6FB0
:1025EC00206368616E6765207265717569726564D8
:1025FC000020206368616E676520436F6E666967B3
:10260C00496420746F2000202073746172747320ED
:10261C0073747265616D696E672073746174730095
:10262C00202073656E6420616E792063686172612D
:10263C006374657220746F2073746F70006C6973AF
:10264C007466726571730073797374656D626F6F04
:10265C0074005378206E6F74206F6B0072785F611A
:10266C007661696C61626C65206E6F742074727532
:10267C006500000000000000000000001D2E000896
:10268C00012E0008013600082D3600084B360008D4
:10269C005D3200084F2300085124000800000000A0
:1026AC000000000031230008A3390008A9380008F5
:1026BC00E9370008BF370008692400084D380008C6
:1026CC008524000819380008A9240008000000001F
:1026DC0000000000312300083323000835230008D4
:1026EC00372300083B2300083D2300084123000842
:1026FC0045230008472300084B2300080000000076
:10270C0000000000312300083323000835230008A3
:10271C00372300083B2300083D2300084123000811
:10272C0045230008472300084B2300080000000045
:10273C000000000031230008332300083523000873
:10274C00372300083B2300083D23000841230008E1
:10275C0045230008472300084B2300080000000015
:10276C000000000031230008332300083523000843
:10277C00372300083B2300083D23000841230008B1
:10278C0045230008472300084B23000800000000E5
:10279C0000000000F125000891630008496400085E
:1027AC00ED6300085053544F524500434F4E464979
:1027BC00472049440042494E445F504852415345DA
:1027CC005F5533320052465F42414E440052465FE1
:1027DC004F5254484F0054585F504F574552005475
:1027EC00585F4449564552534954590054585F4315
:1027FC00485F534F555243450054585F43485F4F11
:10280C00524445520054585F494E5F4D4F44450069
:10281C0054585F5345525F504F52540054585F53B5
:10282C0045525F424155440054585F5345525F50E6
:10283C004F5254320054585F5345525F42415544F5
:10284C00320054585F534E445F524144494F5354E5
:10285C0041540054585F4D41565F434F4D504F4EBD
:10286C00454E540054585F504F5745525F53575F75
:10287C0043480054585F42555A5A45520052585FCB
:10288C00504F5745520052585F4449564552534990
:10289C0054590052585F43485F4F524445520052BE
:1028AC00585F4F55545F4D4F44450052585F464159
:1028BC00494C534146455F4D4F44450052585F5378
:1028CC0045525F504F52540052585F5345525F422D
:1028DC004155440052585F5345525F4C4E4B5F4D2F
:1028EC004F44450052585F4D41565F535953544520
:1028FC004D5F49440052585F534E445F5241444926
:10290C004F535441540052585F534E445F5243430B
:10291C0048414E4E454C0052585F4F55545F5253F0
:10292C0053495F43480052585F4F55545F4C515FB9
:10293C0043480052585F504F5745525F53575F43BF
:10294C00480052585F46535F4348310052585F4627
:10295C00535F4348320052585F46535F434833003D
:10296C0052585F46535F4348340052585F46535F9A
:10297C004348350052585F46535F4348360052581F
:10298C005F46535F4348370052585F46535F434896
:10299C00380052585F46535F4348390052585F46DF
:1029AC00535F434831300052585F46535F434831C0
:1029BC00310052585F46535F434831320052585FE2
:1029CC0046535F434831330052585F46535F434888
:1029DC0031340052585F46535F43483135005258EA
:1029EC005F46535F4348313600414E474C450048E3
:1029FC004F52495A4F4E004E415620414C54484F6D
:102A0C004C440048454144494E4720484F4C4400F3
:102A1C004845414446524545004845414441444A95
:102A2C000043414D53544142004E415620525448AC
:102A3C00004E415620504F53484F4C44004D414E90
:102A4C0055414C00424545504552004C454453209D
:102A5C004F4646004C4947485453004F5344204F6F
:102A6C0046460054454C454D455452590041555429
:102A7C004F2054554E4500424C41434B424F580059
:102A8C004641494C53414645004E41562057500053
:102A9C00414952204D4F444500484F4D4520524529
:102AAC0053455400474353204E4156004650562040
:102ABC00414E474C45204D495800535552464143D1
:102ACC004500464C415045524F4E005455524E20F5
:102ADC00415353495354004E4156204C41554E439B
:102AEC004800534552564F204155544F5452494D6E
:102AFC000043414D45524120434F4E54524F4C20C0
:102B0C00310043414D45524120434F4E54524F4C9E
:102B1C0020320043414D45524120434F4E54524FB9
:102B2C004C2033004F534420414C542031004F5320
:102B3C004420414C542032004F534420414C5420EB
:102B4C0033004E415620434F5552534520484F4C6D
:102B5C0044004D43204252414B494E47005553458A
:102B6C00523100555345523200555345523300559E
:102B7C0053455234004C4F49544552204348414E22
:102B8C004745004D5350205243204F564552524911
:102B9C0044450050524541524D00545552544C45F9
:102BAC00004E415620435255495345004155544F10
:102BBC00204C4556454C205452494D0057502050FE
:102BCC004C414E4E455200534F4152494E47004DD9
:102BDC00495353494F4E204348414E4745004245C7
:102BEC0045504552204D555445004D554C544920A7
:102BFC0046554E4354494F4E004D4958455220506E
:102C0C00524F46494C452032004D495845522054AC
:102C1C0052414E534954494F4E00414E474C45206A
:102C2C00484F4C440047494D42414C204C45564579
:102C3C004C2054494C540047494D42414C204C4582
:102C4C0056454C20524F4C4C0047494D42414C206C
:102C5C0043454E5445520047494D42414C2048454E
:102C6C004144545241434B45520042696E642050DA
:102C7C0068726173650042494E445F50485241533B
:102C8C004500353020487A2C333120487A2C3139A4
:102C9C0020487A2C464C52432C46534B2C3139202D
:102CAC00487A2037780052462042616E6400322EFA
:102CBC00342C393135204643432C3836382C3433B8
:102CCC00332C37302C38363620494E2C3931352BB5
:102CDC00322E342C3836382B322E34005246204FBC
:102CEC007274686F006F66662C312F332C322F3361
:102CFC002C332F3300547820506F77657200547842
:102D0C002044697665727369747900656E61626CD2
:102D1C0065642C616E74656E6E61312C616E7465C8
:102D2C006E6E61322C723A656E20743A616E74313B
:102D3C002C723A656E20743A616E743200547820AD
:102D4C00436820536F75726365006E6F6E652C63FC
:102D5C007273662C696E2C6D6272696467650054BF
:102D6C0078204368204F7264657200414554522CA0
:102D7C00544145522C4554415200547820496E2000
:102D8C004D6F646500736275732C73627573206983
:102D9C006E760054782053657220506F72740073F5
:102DAC00657269616C2C776272696467652C7365F6
:102DBC007269616C322C636F6D2C6D627269646721
:102DCC006500547820536572204261756472617499
:102DDC00650035373630302C3131353230302C32CD
:102DEC0033303430300054782053657220506F7279
:102DFC007432006E6F6E652C73657269616C2C7722
:102E0C006272696467652C73657269616C32005417
:102E1C00782053657220426175647261746532006A
:102E2C00547820536E6420526164696F53746174DA
:102E3C00006F66662C3120487A005478204D6176FC
:102E4C0020436F6D706F6E656E74006F66662C65D7
:102E5C006E61626C656400547820506F77657220E7
:102E6C005377204368006F66662C352C362C372C34
:102E7C00382C392C31302C31312C31322C31332C43
:102E8C0031342C31352C31360054782042757A7A15
:102E9C006572006F66662C4C502C72784C51005247
:102EAC007820506F7765720052782044697665728D
:102EBC0073697479005278204368204F726465728C
:102ECC00005278204F7574204D6F646500736275E5
:102EDC00732C637273662C7362757320696E760043
:102EEC005278204661696C53616665204D6F64654C
:102EFC00006E6F207369672C6C6F77207468722C6E
:102F0C00627920636E662C6C6F7720746872206314
:102F1C006E742C63683163683420636E740052786D
:102F2C002053657220506F72740073657269616C06
:102F3C002C63616E2C63616E66640052782053655D
:102F4C007220426175647261746500527820536519
:102F5C0072204C696E6B204D6F6465007472616EEB
:102F6C0073702E2C6D61766C696E6B2C6D61766C4A
:102F7C00696E6B582C6D737058005278204D6176C9
:102F8C002053797374656D2049440035312C3532EA
:102F9C002C35332C35342C353500527820536E6457
:102FAC0020526164696F53746174006F66662C61A2
:102FBC007264755F312C6D6574685F6200527820A5
:102FCC00536E642052634368616E6E656C006F666D
:102FDC00662C7263206F766572726964652C7263FD
:102FEC00206368616E6E656C73005278204F757447
:102FFC002052737369204368005278204F757420F7
:10300C004C5120436800527820506F7765722053E2
:10301C007720436800527820465320436831005291
:10302C007820465320436832005278204653204380
:10303C00683300527820465320436834005278207D
:10304C004653204368350052782046532043683657
:10305C00005278204653204368370052782046535C
:10306C002043683800527820465320436839005278
:10307C007820465320436831300052782046532044
:10308C004368313100527820465320436831320076
:10309C0052782046532043683133002D3132302092
:1030AC00252C3020252C313230202500527820461A
:1030BC005320436831340052782046532043683102
:1030CC0035005278204653204368313600160018DC
:1030DC00180018181812180700000003000000024E
:1030EC0001010102020202020303040101010202B6
:1030FC0002020202020202020202020102020202A5
:10310C0002010000000000000000000000000000B0
:10311C0000000000000000000000000000000000A3
:10312C0000000000244C0108030000000000000017
:10313C0000000000800080FF000001000A000A006F
:10314C000E0019001400640016009E008E0400206E
:10315C00FF000000762C0108822C0108791D010863
:10316C00000000000000000000000000791D0108B4
:10317C000000000096040020FE000000F82E01085C
:10318C00A02A0108791D01080000000000000000C1
:10319C00000000008E2C01083A0500209504002048
:1031AC00FE000000B22C0108D1270108791D01088E
:1031BC00000000000000000000000000BA2C010814
:1031CC003805002097040020FE000000E82C0108C0
:1031DC00D9270108791D010800000000000000003B
:1031EC0000000000F12C01083C050020C603002063
:1031FC00FE000000012D0108E2270108791D0108DD
:10320C000000000000000000000000003E0500204F
:10321C0000000000C7030020FE0000000A2D01087A
:10322C00EB270108791D01080000000000000000D8
:10323C0000000000172D010882050020C8030020A3
:10324C00FE000000492D0108F8270108791D01082E
:10325C00000000000000000000000000562D0108D6
:10326C0084050020C9030020FE0000006B2D01081E
:10327C0005280108791D010800000000000000006D
:10328C0000000000772D010800000000CA03002098
:10329C00FE000000862D010811280108791D010887
:1032AC00000000000000000000000000912D01084B
:1032BC0086050020CB030020FE0000009F2D010896
:1032CC001C280108791D0108000000000000000006
:1032DC0000000000AB2D010888050020CC03002065
:1032EC00FE000000CE2D010828280108791D0108D8
:1032FC00000000000000000000000000DE2D0108AE
:10330C0000000000CD030020FE000000F22D01089B
:10331C0034280108791D010800000000000000009D
:10332C0000000000FF2D01088A050020D0030020BA
:10333C00FE0000001B2E010841280108791D010820
:10334C00000000000000000000000000DE2D01085D
:10335C008C050020CE030020FE0000002C2E01085E
:10336C004E280108791D0108000000000000000033
:10337C00000000003D2E010800000000D1030020D9
:10338C00FE000000462E01085F280108791D010887
:10339C00000000000000000000000000572E010893
:1033AC0000000000D2030020FE000000632E010884
:1033BC0070280108791D01080000000000000000C1
:1033CC0000000000722E010800000000CF03002056
:1033DC00FE000000952E01087F280108791D0108C8
:1033EC000000000000000000000000009F2E0108FB
:1033FC008E050020A2030020FE000000AB2E010869
:10340C0089280108791D0108000000000000000057
:10341C00000000009205002000000000A303002023
:10342C00FE000000B42E010892280108791D010845
:10343C00000000000000000000000000172D010833
:10344C00D6050020A4030020FE000000C12E0108B8
:10345C009F280108791D01080000000000000000F1
:10346C0000000000772D010800000000A5030020DB
:10347C00FE000000CD2E0108AB280108791D0108C3
:10348C00000000000000000000000000D92E010820
:10349C00D8050020A7030020FE000000EC2E010838
:1034AC00B7280108791D0108000000000000000089
:1034BC0000000000FD2E010800000000B0030020F9
:1034CC00FE0000002A2F0108C8280108791D0108F8
:1034DC00000000000000000000000000362F010872
:1034EC00DA050020A8030020FE000000472F010889
:1034FC00D4280108791D010800000000000000001C
:10350C0000000000DE2D010800000000A9030020CF
:10351C00FE000000572F0108E0280108791D010862
:10352C00000000000000000000000000682F0108EF
:10353C0000000000B1030020FE000000862F0108EF
:10354C00F0280108791D01080000000000000000AF
:10355C0000000000972F010800000000AA030020C3
:10356C00FE000000A62F010801290108791D0108A1
:10357C00000000000000000000000000B72F010850
:10358C0000000000AC030020FE000000C92F010861
:10359C0012290108791D010800000000000000003C
:1035AC0000000000DA2F010800000000A603002034
:1035BC00FE000000F62F010823290108791D0108DF
:1035CC00000000000000000000000000722E010846
:1035DC0000000000AE030020FE00000005300108D2
:1035EC0032290108791D01080000000000000000CC
:1035FC0000000000722E010800000000AF03002044
:10360C00FE000000123001083F290108791D010855
:10361C00000000000000000000000000722E0108F5
:10362C0000000000B6030020020000002130010859
:10363C004E290108B6300108000000008800000087
:10364C0078000000791D010800000000B70300207D
:10365C00020000002B30010858290108B63001087F
:10366C00000000008800000078000000791D0108AF
:10367C0000000000B80300200200000035300108F3
:10368C0062290108B6300108000000008800000023
:10369C0078000000791D010800000000B90300202B
:1036AC00020000003F3001086C290108B630010807
:1036BC00000000008800000078000000791D01085F
:1036CC0000000000BA03002002000000493001088D
:1036DC0076290108B63001080000000088000000BF
:1036EC0078000000791D010800000000BB030020D9
:1036FC00020000005330010880290108B63001088F
:10370C00000000008800000078000000791D01080E
:10371C0000000000BC030020020000005D30010826
:10372C008A290108B630010800000000880000005A
:10373C0078000000791D010800000000BD03002086
:10374C00020000006730010894290108B630010816
:10375C00000000008800000078000000791D0108BE
:10376C0000000000BE0300200200000071300108C0
:10377C009E290108B63001080000000088000000F6
:10378C0078000000791D010800000000BF03002034
:10379C00020000007B300108A8290108B63001089E
:1037AC00000000008800000078000000791D01086E
:1037BC0000000000C0030020020000008630010859
:1037CC00B3290108B6300108000000008800000091
:1037DC0078000000791D010800000000C1030020E2
:1037EC000200000091300108BE290108B630010822
:1037FC00000000008800000078000000791D01081E
:10380C0000000000C2030020FE0000009C300108F4
:10381C00C9290108791D0108000000000000000002
:10382C0000000000A730010800000000C3030020C6
:10383C00FE000000B8300108D4290108791D0108E8
:10384C00000000000000000000000000A73001088C
:10385C0000000000C4030020FE000000C33001087B
:10386C00DF290108791D010800000000000000009C
:10387C0000000000A730010800000000C503002074
:10388C00FE000000CE300108EA290108791D01086C
:10389C00000000000000000000000000A73001083C
:1038AC00000000006162636465666768696A6B6C3E
:1038BC006D6E6F707172737475767778797A30314A
:1038CC0032333435363738395F232D2E0000000063
:1038DC0000070E091C1B1215383F363124232A2DE4
:1038EC0070777E796C6B6265484F464154535A5DD4
:1038FC00E0E7EEE9FCFBF2F5D8DFD6D1C4C3CACDC4
:10390C0090979E998C8B8285A8AFA6A1B4B3BABDB3
:10391C00C7C0C9CEDBDCD5D2FFF8F1F6E3E4EDEAA3
:10392C00B7B0B9BEABACA5A28F88818693949D9A93
:10393C002720292E3B3C35321F18111603040D0A83
:10394C005750595E4B4C45426F68616673747D7A73
:10395C00898E878095929B9CB1B6BFB8ADAAA3A463
:10396C00F9FEF7F0E5E2EBECC1C6CFC8DDDAD3D453
:10397C00696E676075727B7C51565F584D4A434443
:10398C00191E171005020B0C21262F283D3A333433
:10399C004E49404752555C5B7671787F6A6D646323
:1039AC003E39303722252C2B0601080F1A1D141313
:1039BC00AEA9A0A7B2B5BCBB9691989F8A8D848303
:1039CC00DED9D0D7C2C5CCCBE6E1E8EFFAFDF4F3F3
:1039DC00000000003209000000000000010000009F
:1039EC007C2B00000000000002000000890C00008D
:1039FC000000000004000000ED0E030C0D000000A0
:103A0C0005000000D91C01000000000006000000A9
:103A1C006803000000000000070000007720000091
:103A2C0000000000080000007524000000000000E9
:103A3C000B000000590601040000000014000000F7
:103A4C00D614030203000000150000009F020300BF
:103A5C000100000016000000DC190000000000004E
:103A6C0017000000A8170304050000001800000050
:103A7C001834000000000000190000001765000059
:103A8C00000000001A000000AA180000000000004E
:103A9C001B000000901D0000000000001C00000036
:103AAC0043100000000000001D0000007310000017
:103ABC00000000001E000000271C00000000000099
:103ACC001F000000F6300000000000002000000085
:103ADC00B91C00000000000021000000681C000060
:103AEC000000000022000000ED16000000000000A5
:103AFC0023000000F4160000000000002400000069
:103B0C00DE2500000000000025000000D40703049F
:103B1C000500000026000000090703040500000052
:103B2C0027000000FE2603202100000028000000D2
:103B3C00E605030203000000290000001C04030238
:103B4C00030000002A0000001C120000000000000E
:103B5C002B00000084030300010000002C00000077
:103B6C00DD090302030000002D000000E803030040
:103B7C00010000002E0000000B02000000000000FD
:103B8C002F00000099080300010000003000000025
:103B9C002915010C00000000310000002714000062
:103BAC0000000000320000004E250312130000003C
:103BBC0033000000C40503020300000035000000C0
:103BCC000305000000000000360000000F1B031866
:103BDC00190000003700000003190000000000006D
:103BEC003D000000A7480000000000003E0000005F
:103BFC00B71A0000000000003F00000077B500007D
:103C0C000000000040000000BFE1000000000000C8
:103C1C0041000000762A0000000000004200000075
:103C2C00940603020300000043000000150400008A
:103C3C000000000045000000F31E010A0000000017
:103C4C00460000007C260310110000004900000013
:103C5C0026260320210000004A0000001414000056
:103C6C00000000004B0000009E23031E1F000000FC
:103C7C004C0000009821031E1F0000004D000000A6
:103C8C008F0A030809000000500000000E04030214
:103C9C0003000000510000006A1600000000000044
:103CAC0052000000313303242500000053000000B3
:103CBC001625000000000000540000008F35033270
:103CCC0033000000550000008C33000000000000A1
:103CDC005600000005350332330000005700000089
:103CEC00963300000000000059000000E71C0000A3
:103CFC00000000005A000000B7380000000000006F
:103D0C005B0000003F2A0000000000005C00000087
:103D1C0036210000000000005D0000002F51000063
:103D2C000000000064000000AF2200000000000052
:103D3C0065000000667500000000000066000000D1
:103D4C009E7500000000000067000000D0390000E4
:103D5C000000000068000000387400000000000043
:103D6C00690000005D3F0000000000006A000000D8
:103D7C008A2C0000000000006B0000006C41000069
:103D8C00000000006C000000205C0000000000003F
:103D9C006D000000B9090000000000006E0000007A
:103DAC0054FE0301020000006F00000022120310F9
:103DBC001100000070000000AE0C000000000000BC
:103DCC00710000007C270000000000007200000061
:103DDC00ED2C000000000000730000000440000007
:103DEC0000000000740000004C18000000000000EF
:103DFC00750000008006030405000000760000003A
:103E0C00380E00000000000077000000740C030A5C
:103E1C000B0000007800000086610000000000002C
:103E2C0079000000ED020300010000007A000000A0
:103E3C00CB020300010000007B000000FA710300BC
:103E4C00010000007C000000573900000000000059
:103E5C007D000000CB060000000000007E0000008A
:103E6C00DC51034F500000007F00000019230000BC
:103E7C000000000080000000E223000000000000B1
:103E8C00810000002E1800000000000082000000DD
:103E9C001D0D00000000000083000000DFFF00008B
:103EAC000000000084000000552700000000000006
:103EBC0085000000061200000000000086000000D3
:103ECC00E52B00000000000087000000CB0800007C
:103EDC000000000088000000011600000000000037
:103EEC0089000000C3100000000000008A000000E0
:103EFC006D780000000000008B000000A82B032947
:103F0C002A0000008C000000B52900000000000011
:103F1C008D0000002F200000000000008E0000002B
:103F2C0048F30000000000008F0000008310000028
:103F3C0000000000900000007F5D00000000000009
:103F4C009200000067640000000000009300000075
:103F5C009A3600000000000094000000B24E0000F1
:103F6C000000000095000000C83C000000000000AC
:103F7C0096000000862A0000000000009700000058
:103F8C00DB0803060700000098000000D0080000C2
:103F9C000000000099000000BC0C000000000000B4
:103FAC009A000000540F0306070000009B0000005D
:103FBC00160D0304050000009C000000130603000E
:103FCC00010000009D000000150F030C0D00000007
:103FDC009E000000860F030C0D000000A0000000E6
:103FEC004E0C030809000000A1000000440303006C
:103FFC0001000000A2000000BD090000000000004C
:10400C00A30000007F1C000000000000A4000000C2
:10401C009A2C000000000000A50000001503000011
:10402C0000000000A60000001509000000000000C0
:10403C00A70000009016000000000000A80000007F
:10404C00010C000000000000A9000000EA120000B2
:10405C0000000000AA00000049220000000000003F
:10406C00AB000000B542000000000000AC000000F6
:10407C001662000000000000AD00000053080000B4
:10408C0000000000AE000000A7300000000000009F
:10409C00AF0000008A13030E0F000000B0000000F8
:1040AC00EA03030001000000B1000000F01400005E
:1040BC0000000000B20000002F18000000000000FB
:1040CC00B3000000BD1D011A00000000B400000088
:1040DC00342F012A00000000B5000000AE040000DF
:1040EC0000000000B6000000E52800000000000001
:1040FC00B70000005502030001000000B8000000EA
:10410C009FCE030405000000B9000000BA070304A9
:10411C0005000000BA000000481D0300010000006B
:10412C00BF0000005C1B000000000000C00000008D
:10413C002436000000000000C1000000471A0000F7
:10414C0000000000C200000062210000000000001E
:10415C00C30000007825000000000000C80000002B
:10416C00862A032829000000C9000000CD0E030C8C
:10417C000D000000D60000004508030607000000F3
:10418C00D70000006503000000000000D80000000C
:10419C003203030001000000D9000000CA06000031
:1041AC0000000000DA00000011070300010000000D
:1041BC00DB000000A202000000000000DC00000098
:1041CC002220000000000000DD000000472A000053
:1041DC0000000000DE0000000F03000000000000E3
:1041EC00DF000000772F032A2B000000E000000006
:1041FC00662D032A2B000000E1000000D0490000CE
:10420C0000000000E2000000CF08000000000000E9
:10421C00E6000000A32A000000000000E7000000F8
:10422C006928000000000000E80000009741000031
:10423C0000000000E900000023B6000000000000B0
:10424C00EA0000009628000000000000EB000000CF
:10425C00B32A000000000000F10000005A2000000A
:10426C0000000000F2000000683C000000000000AC
:10427C00F3000000553D013400000000F400000084
:10428C005F06000000000000F50000008202000044
:10429C0000000000F6000000B8260000000000003E
:1042AC00F70000005113000000000000F8000000AF
:1042BC0008FE030304000000F9000000CC240000F9
:1042CC0000000000FA000000311E00000000000099
:1042DC00FB000000AA12000000000000FC0000001F
:1042EC002C12000000000000FD00000053360000FE
:1042FC0000000000FE0000002E090000000000007D
:10430C0000010000472A0308090000000101000019
:10431C00830900000000000002010000BBE803005C
:10432C0001000000030100005CED00000000000033
:10433C0004010000920E00000000000005010000C6
:10434C00B33D000000000000060100000C17000047
:10435C00000000000701000085FF000000000000C5
:10436C0008010000312000000000000009010000DD
:10437C001A140000000000000A010000C1FF030233
:10438C00030000000B01000023FF030203000000E8
:10439C000C0100000E040302030000000D010000DC
:1043AC006DD70000000000000E0100003B1400005F
:1043BC00000000000F010000163500000000000096
:1043CC00130100007E20000000000000140100001A
:1043DC001232000000000000150100003E1E00001B
:1043EC000000000018010000462100000000000041
:1043FC0019010000300D0000000000001A0100003F
:10440C007B230320210000001B0100004A910000C7
:10441C00000000001C0100006320031E1F000000B0
:10442C001D01000089310326270000001E01000039
:10443C00D2390332330000001F01000001170314AE
:10444C0015000000200100001417031415000000D3
:10445C0022010000FB2E00000000000023010000E0
:10446C000A3900000000000024010000E3DF0318FB
:10447C001900000027010000EA0C000000000000F9
:10448C002801000032230000000000002B01000076
:10449C0013620000000000002C010000D91600007F
:1044AC00000000002D010000F33A000000000000A5
:1044BC00360100001C110000000000003701000054
:1044CC005F7400000000000040010000F3140302C0
:1044DC00030000004101000058020300010000002D
:1044EC0042010000F39500000000000043010000B1
:1044FC004E93030001000000440100008492000070
:10450C00000000004A01000017A700000000000096
:10451C004B0100005BE90000000000004C010000B2
:10452C00ECEF0000000000004D010000E76D000002
:10453C00000000004E010000480A000000000000CE
:10454C004F010000E11800000000000050010000C5
:10455C00F55400000000000053010000C7050000E6
:10456C000000000054010000634600000000000041
:10457C0059010000D1150302030000005E01000088
:10458C00E8FC00000000000062010000D20E030CE9
:10459C000D00000063010000060C0000000000008C
:1045AC00680100000B190000000000006901000008
:1045BC005D21000000000000710100009718000050
:1045CC0000000000720100004B6D000000000000B4
:1045DC00730100000A1A00000000000074010000C2
:1045EC001A8C00000000000075010000752A000004
:1045FC000000000077010000FB8C000000000000B0
:10460C0078010000C7080000000000007C010000D9
:10461C00E8140000000000008101000093850302F3
:10462C000300000082010000841003040500000058
:10463C00830100000448030405000000840100000D
:10464C000825032021000000860100009CF00000DA
:10465C00000000008B01000000D4000000000000EE
:10466C008C01000032A00000000000008D01000051
:10467C00B66C000000000000900100006EFE030408
:10468C000500000091010000B706030405000000BE
:10469C009A010000A0350000000000009B01000002
:1046AC006A030000000000009C01000021060304C6
:1046BC00050000009D0100004D07030405000000EB
:1046CC009E0100006D100000000000009F01000022
:1046DC00A110000000000000A40100001449030612
:1046EC0007000000B3010000862E0000000000004F
:1046FC00B4010000C109000000000000B501000079
:10470C001E01000000000000B80100004223000060
:10471C0000000000B9010000A91100000000000019
:10472C00FE010000F56A000000000000FF0100001F
:10473C001C4700000000000000020000B80200004E
:10474C0000000000421F0000DA1000000000000012
:10475C00431F0000E729000000000000441F000078
:10476C00AC62000000000000451F0000FB260000AA
:10477C0000000000461F0000610E00000000000059
:10478C00471F00004020000000000000481F0000F0
:10479C00EA21000000000000491F000090100000FA
:1047AC00000000004A1F00009B29000000000000D0
:1047BC004B1F000014660000000000004C1F00009E
:1047CC0036100000000000004D1F0000DE2E00001F
:1047DC00000000004E1F0000C80E0000000000008A
:1047EC004F1F00001718000000000000501F0000B1
:1047FC0095120000000000002823000071890000C1
:10480C00000000002D2300007522000000000000B5
:10481C0011270000D1140000000000001227000036
:10482C00BA2900000000000013270000040100005A
:10483C0000000000142700008509000000000000A3
:10484C001527000067090000000000001627000073
:10485C00C1040000000000001727000047110000F1
:10486C000000000018270000F00E000000000000FF
:10487C00A7270000C355000000000000F82A000024
:10488C008634030405000000F92A00000F8800009C
:10489C0000000000FA2A0000EAB40304050000003E
:1048AC00FB2A00004005000000000000FC2A00006C
:1048BC000BE8030809000000FD2A00005DE600007B
:1048CC0000000000022B00002E3100000000000050
:1048DC00032B00006A2C0000000000000C2B0000D1
:1048EC00CD10000000000000162B0000902C0000E2
:1048FC0000000000172B0000852C000000000000B9
:10490C00182B0000552C000000000000192B000093
:10491C00C3250310110000001A2B00004F050000E6
:10492C00000000001B2B00008008030405000000A1
:10493C001C2B0000B1220000000000001D2B000009
:10494C00821C0000000000001E2B00002F2600001F
:10495C00000000001F2B00008E090000000000006A
:10496C00202B0000842C000000000000212B0000F4
:10497C00D02C000000000000222B0000C92C0000ED
:10498C0000000000232B0000C12C000000000000E0
:10499C00242B0000BD2C000000000000342B000074
:1049AC00A24E00000000000064320000722C0300D4
:1049BC000100000065320000FE3B031E1F000000DA
:1049CC00663200008C3503040500000067320000DD
:1049DC00F92E030001000000683200004D36031C64
:1049EC001D00000069320000312B030001000000A3
:1049FC00733200005EF90300010000007632000003
:104A0C008B33000000000000773200000712031007
:104A1C0011000000783200001405000000000000B6
:104A2C006842000067B3000000000000FE42000076
:104A3C001A21000000000000FF4200004810000096
:104A4C0000000000014300001311000000000000F2
:104A5C000243000059110000000000000343000055
:104A6C001B0A000000000000044300000E5B000065
:104A7C000000000005430000BB54000000000000D3
:104A8C00064300006A1800000000000010A400009B
:104A9C00E30100000000000011A40000EF2E000054
:104AAC000000000051C30000F620000000000000D0
:104ABC0052C30000B5F600000000000053C3000014
:104ACC003E1300000000000054C30000F00A03086D
:104ADC000900000055C300009806030405000000FF
:104AEC0020CB00000D6400000000000021CB000072
:104AFC00EF0100000000000015CD0000F0110000D7
:104B0C000000000016CD0000584E00000000000010
:104B1C0017CD0000605500000000000018CD00000B
:104B2C00B11C00000000000019CD0000D7320000BD
:104B3C000000000078CD0000B52603202100000005
:104B4C0079CD0000662400000000000060EA00003F
:104B5C0004160314150000006AEA0000D0210000BE
:104B6C00000000006BEA0000B70700000000000026
:104B7C006CEA000063240320210000006DEA0000B1
:104B8C0081180314150000006EEA00008608030467
:104B9C000500000074EA0000CA04000000000000D8
:104BAC0088EA00009CF500000000000089EA000083
:104BBC00BFFF0000000000008DEA00000E1703028A
:104BCC00030000008EEA0000AB1C03080900000083
:104BDC008FEA0000370700000000000091EA000097
:104BEC00610C00000000000092EA0000DC0E0000E6
:104BFC000000000093EA0000F5180000000000001F
:104C0C0094EA0000652C00000000000095EA00000A
:104C1C002D060000000000008FC2151B51B81E1B92
:104C2C0014AE171B0000891112239B322446AD577A
:104C3C003665BF74488CC19D5AAFD3BE6CCAE5DBD8
:104C4C007EE9F7F88110080193331A22A5562C47F8
:104C5C00B7753E64C99C408DDBBF52AEEDDA64CBB8
:104C6C00FFF976E802218B30100299132667AF7694
:104C7C003444BD554AADC3BC588ED19F6EEBE7FA98
:104C8C007CC8F5D983310A2091121803A7772E66B8
:104C9C00B5543C45CBBD42ACD99E508FEFFB66EA78
:104CAC00FDD874C904428D5316619F702004A91558
:104CBC003227BB364CCEC5DF5EEDD7FC6888E19958
:104CCC007AABF3BA85520C4397711E60A114280578
:104CDC00B3373A26CDDE44CFDFFD56ECE998608938
:104CEC00FBBB72AA06638F7214409D512225AB3414
:104CFC003006B9174EEFC7FE5CCCD5DD6AA9E3B818
:104D0C00788AF19B87730E6295501C41A3352A2437
:104D1C00B1163807CFFF46EEDDDC54CDEBB962A8F7
:104D2C00F99A708B088481951AA793B62CC2A5D3D7
:104D3C003EE1B7F04008C919522BDB3A644EED5FE7
:104D4C00766DFF7C899400859BB712A6ADD224C3E7
:104D5C00BFF136E0C1184809D33B5A2AE55E6C4FC7
:104D6C00F77D7E6C0AA583B4188691972EE3A7F283
:104D7C003CC0B5D14229CB38500AD91B666FEF7EA7
:104D8C00744CFD5D8BB502A499961087AFF326E2A7
:104D9C00BDD034C1C3394A28D11A580BE77F6E6E87
:104DAC00F55C7C4D0CC685D71EE597F42880A19147
:104DBC003AA3B3B2444ACD5B5669DF78600CE91D67
:104DCC00722FFB3E8DD604C79FF516E4A990208167
:104DDC00BBB332A2C55A4C4BD7795E68E11C680D47
:104DEC00F33F7A2E0EE787F61CC495D52AA1A3B003
:104DFC003882B193466BCF7A5448DD59622DEB3C27
:104E0C00700EF91F8FF706E69DD414C5ABB122A026
:104E1C00B9923083C77B4E6AD5585C49E33D6A2C06
:104E2C00F11E780FA08601000B19000050C3000082
:104E3C001000041000005B0101000000B01D000018
:104E4C0096FF00000506010C015B0000903300008A
:104E5C0091FF00000606010C015B000020580000C9
:104E6C0090FF00000000000000000000312300084B
:104E7C0033230008352300083723000879C20008C3
:104E8C0019C4000861C4000885B70008472300084E
:104E9C004B2300080000000000000000E1C10008E6
:104EAC002526000801490008000000000000000051
:104EBC00F1240008AD6500080000000000000000AF
:104ECC00056800088769000837C60008272600080F
:104EDC004B260008D9240008ECFFFFFF000000005F
:104EEC00312300083323000835230008372300083A
:104EFC0041C600084526000871260008E524000874
:104F0C00472300084B2300080100000003000000A9
:104F1C000500000001000000010000000600000078
:104F2C000A00000020000000020000000400000045
:104F3C00080000001000000040000000800000008D
:104F4C000001000000020000000000000000000052
:104F5C000000000000000000010000000200000042
:104F6C000300000004000000A0860100400D0300B7
:104F7C00801A060000350C0040420F0080841E0091
:104F8C0000093D0000127A000024F40000366E0186
:104F9C000048E801006CDC0200000000000000008A
:104FAC0000000000000000000100000002000000F2
:104FBC000400000006000000080000000A000000C9
:104FCC000C00000010000000200000004000000059
:104FDC008000000000010000DB0F49BFE4CB16404D
:104FEC00E4CB16C000000080DB0F4940DB0F49C04A
:104FFC00000FC93F000F494000CB9640000FC9403D
:10500C000053FB4000CB164100ED2F41000F4941EE
:10501C000031624100537B41003A8A4100CB9641FA
:10502C00005CA34100EDAF41007EBC41000FC941C3
:10503C0000A0D5410031E24100C2EE410053FB41DA
:10504C0000F20342003A0A420083104200CB16429F
:10505C0000141D42005C234200A5294200ED2F42A2
:10506C0000363642007E3C4200C74242000F4942A5
:10507C00A2000000F9000000830000006E00000098
:10508C004E00000044000000150000002900000044
:10509C00FC0000002700000057000000D1000000B9
:1050AC00F500000034000000DD000000C00000002E
:1050BC00DB00000062000000950000009900000079
:1050CC003C00000043000000900000004100000084
:1050DC00FE0000005100000063000000AB00000067
:1050EC00DE000000BB000000C500000061000000F5
:1050FC00B7000000240000006E0000003A00000021
:10510C00420000004D000000D2000000E000000052
:10511C0006000000490000002E000000EA0000001C
:10512C0009000000D1000000920000001C000000EB
:10513C00FE0000001D000000EB0000001C00000041
:10514C00B100000029000000A70000003E00000094
:10515C00E80000008200000035000000F5000000AF
:10516C002E000000BB000000440000008400000082
:10517C00E90000009C000000700000002600000008
:10518C00B40000005F0000007E0000004100000041
:10519C003900000091000000D6000000390000002A
:1051AC00830000005300000039000000F4000000F0
:1051BC009C000000840000005F0000008B000000D9
:1051CC00BD000000F9000000280000003B000000BA
:1051DC001F000000F800000097000000FF00000016
:1051EC00DE00000005000000980000000F00000029
:1051FC00EF0000002F000000110000008B000000E9
:10520C005A0000000A0000006D0000001F000000A2
:10521C006D000000360000007E000000CF00000092
:10522C0027000000CB00000009000000B7000000C0
:10523C004F000000460000003F0000006600000028
:10524C009E0000005F000000EA0000002D0000003E
:10525C007500000027000000BA000000C700000025
:10526C00EB000000E5000000F10000007B000000F6
:10527C003D0000000700000039000000F7000000AE
:10528C008A0000005200000092000000EA000000BA
:10529C006B000000FB0000005F000000B10000008C
:1052AC001F0000008D0000005D00000008000000E1
:1052BC005600000003000000300000004600000013
:1052CC00FC0000007B0000006B000000AB00000045
:1052DC00F0000000CF000000BC0000002000000027
:1052EC009A000000F4000000360000001D000000D1
:1052FC00A9000000E3000000910000006100000024
:10530C005E000000E60000001B000000080000002A
:10531C006500000099000000850000005F0000009F
:10532C0014000000A0000000680000004000000015
:10533C008D000000FF000000D8000000800000007D
:10534C004D00000073000000270000003100000039
:10535C0006000000060000001500000056000000CA
:10536C00CA00000073000000A8000000C900000083
:10537C0060000000E20000007B000000C0000000A4
:10538C008C0000006B0000003863ED3EDA0F493FE3
:10539C005E987B3FDA0FC93F6937AC316821223305
:1053AC00B40F14336821A2330000C93F0000F03958
:1053BC000000DA370000A2330000842E0000502BCE
:1053CC000000C2270000D0220000C41F0000C61B32
:1053DC000000441704000000070000000900000052
:1053EC0000202020202020202020282828282820A9
:1053FC0020202020202020202020202020202020A1
:10540C002088101010101010101010101010101008
:10541C0010040404040404040404041010101010F8
:10542C0010104141414141410101010101010101C2
:10543C000101010101010101010101011010101014
:10544C001010424242424242020202020202020294
:10545C0002020202020202020202020210101010E8
:10546C002000000000000000000000000000000010
:10547C000000000000000000000000000000000020
:10548C000000000000000000000000000000000010
:10549C000000000000000000000000000000000000
:1054AC0000000000000000000000000000000000F0
:1054BC0000000000000000000000000000000000E0
:1054CC0000000000000000000000000000000000D0
:1054DC0000000000000000000000000000000000C0
:1054EC00005245454E54206D616C6C6F6320737592
:1054FC0063636565646564002F6275696C642F670E
:10550C006E752D746F6F6C732D666F722D73746D59
:10551C0033325F31312E332E72656C312E32303294
:10552C0033303931322D313630302F7372632F6E68
:10553C0065776C69622F6E65776C69622F6C696236
:10554C00632F74696D652F676D74696D652E6300CB
:10555C002C2066756E6374696F6E3A2000617373EC
:10556C00657274696F6E2022257322206661696CE6
:10557C0065643A2066696C6520222573222C206CA8
:10558C00696E65202564257325730A00232D302B45
:10559C002000686C4C006566674546470030313228
:1055AC00333435363738394142434445460030317F
:1055BC0032333435363738396162636465660000DE
:0855CC0090BBFE7F010000000E
:0855D4006501000889D40008FC
:0455DC004101000881
:1055E000702701083C30002001000000B0270108AE
:1055F0009B03002001000000B72701087806002067
:1056000005000000C12701089604002001000000E9
:10561000A02A01089504002001000000D1270108FC
:105620009704002001000000D9270108C6030020CC
:1056300001000000E2270108C7030020010000006C
:10564000EB270108C803002001000000F82701082B
:10565000C90300200100000005280108CA0300203A
:105660000100000011280108CB0300200100000008
:105670001C280108CC030020010000002828010894
:10568000CD0300200100000034280108D0030020D1
:105690000100000041280108CE03002001000000A5
:1056A0004E280108D1030020010000005F280108F6
:1056B000D20300200100000070280108CF03002061
:1056C000010000007F280108A20300200100000063
:1056D00089280108A3030020010000009228010886
:1056E000A4030020010000009F280108A50300205A
:1056F00001000000AB280108A70300200100000002
:10570000B7280108B003002001000000C8280108E4
:10571000A803002001000000D4280108A9030020EC
:1057200001000000E0280108B10300200100000092
:10573000F0280108AA030020010000000129010847
:10574000AC0300200100000012290108A60300207C
:105750000100000023290108AE0300200100000021
:1057600032290108AF030020010000003F29010891
:10577000B6030020020000004E290108B7030020F4
:105780000200000058290108B803002002000000B0
:1057900062290108B9030020020000006C290108F9
:1057A000BA0300200200000076290108BB03002094
:1057B0000200000080290108BC0300200200000054
:1057C0008A290108BD030020020000009429010875
:1057D000BE030020020000009E290108BF03002034
:1057E00002000000A8290108C003002002000000F8
:1057F000B3290108C103002002000000BE290108EE
:10580000C203002001000000C9290108C3030020D1
:1058100001000000D4290108C40300200100000099
:10582000DF290108C503002001000000EA29010862
:10583000FF000000AD240008FD2D0008B02601087F
:10584000E0260108402701081027010800093D0053
:1058500001000000100000000000803F6042A20D27
:105860000000000003000000AC4100200000000028
:10587000AC410020144200207C42002000000000C7
:105880000000000000000000000000000000000018
:105890000000000000000000000000000000000008
:1058A00000000000000000000000000000000000F8
:0C58B00000000000000000008C0200203E
:040000050800D7E137
:00000001FF
