:020000040800F2
:1000000000800020CDD50008F5D40008F7D4000802
:10001000F9D40008FBD40008FDD40008000000005B
:10002000000000000000000000000000FFD40008F5
:1000300001D500080000000003D5000805D5000820
:100040001DD600081DD600081DD600081DD60008C4
:100050001DD600081DD600081DD600081DD60008B4
:100060001DD600081DD600081DD600081DD60008A4
:100070001DD600081DD600081DD600081DD6000894
:100080001DD60008000000001DD600081DD600087F
:100090005D1201081DD600081DD600081DD60008F7
:1000A0001DD600081DD600081DD600081DD6000864
:1000B0001DD600086D3200081DD600081DD60008A8
:1000C0001DD600081DD600081DD600081DD6000844
:1000D0001DD60008892E0008D55A00081DD6000834
:1000E000C5B500081DD600081DD600081DD600089D
:1000F0001DD600081DD600081DD60008000000000F
:10010000000000001DD60008000000001DD60008F9
:100110001DD60008000000001DD600081DD60008EE
:100120001DD600081DD600081DD600081DD60008E3
:100130001DD6000800000000000000001DD60008C9
:100140001DD600081DD600080000000000000000B9
:10015000000000000000000000000000000000009F
:100160000000000000000000000000001DD6000894
:100170001DD6000800000000000000000000000084
:10018000000000001DD60008000000000000000074
:10019000000000000000000000000000000000005F
:1001A00000000000000000001DD60008892B000898
:1001B0001DD600081DD600081DD60008000000004E
:1001C000000000001DD60008000000000000000034
:0801D0001DD600081DD6000831
:1001E00010B5054C237833B9044B13B10448AFF371
:1001F00000800123237010BDE003002000000000F8
:100200008C42010808B5034B1BB103490348AFF307
:10021000008008BD00000000E40300208C420108BB
:1002200010F8012B11F8013B012A28BF9A42F7D0A0
:10023000D01A7047034613F8012B002AFBD1181A75
:1002400001387047000000000000000000000000BE
:1002500001F0FF01102A2BDB10F0070F08D010F877
:10026000013B013A8B422DD010F0070F42B3F6D17B
:10027000F0B441EA012141EA014122F007047FF094
:1002800000070023F0E80256083C85EA010586EAEB
:10029000010685FA47F5A3FA87F586FA47F6A5FA27
:1002A00087F68EB9EED1F0BC01F0FF0102F0070233
:1002B00032B110F8013B013A83EA010313B1F8D1DE
:1002C0000020704701387047002D06BF35460338BF
:1002D000073815F0010F07D1013015F4807F02BFF8
:1002E000013015F4C03F0130F0BC0138704700BF49
:1002F0007BB972B90029BEBF00204FF0004106E073
:1003000008BF00281CBF6FF000414FF0FF3000F025
:10031000BBB9ADF1080C6DE904CE002909DB002B57
:100320001ADB00F04DF8DDF804E0DDE9022304B04B
:100330007047404261EB4101002B1BDB00F040F8AD
:10034000DDF804E0DDE9022304B0404261EB410145
:10035000524263EB43037047524263EB430300F0A6
:100360002FF8DDF804E0DDE9022304B0404261EB40
:1003700041017047524263EB430300F021F8DDF87E
:1003800004E0DDE9022304B0524263EB430370470B
:1003900053B94AB9002908BF00281CBF4FF0FF31EC
:1003A0004FF0FF3000F070B9ADF1080C6DE904CEEC
:1003B00000F006F8DDF804E0DDE9022304B0704740
:1003C0002DE9F047089E0D4604460F46002B4AD102
:1003D0008A42944665D9B2FA82F343B102FA03FC29
:1003E000C3F120029F4020FA02F217439C404FEADB
:1003F0001C4E1FFA8CF5B7FBFEF1220C0EFB117799
:1004000042EA074201FB05F090420AD91CEB0202C6
:1004100001F1FF3780F01C81904240F219810239CE
:100420006244121AA4B2B2FBFEF00EFB102244EAA0
:10043000024400FB05F5A5420AD91CEB040400F1B7
:10044000FF3280F00781A54240F204816444023803
:1004500040EA0140641B00211EB1DC400023C6E9D4
:100460000043BDE8F0878B4208D9002E00F0ED80F4
:100470000021C6E900050846BDE8F087B3FA83F11C
:10048000002949D1AB4202D3824200F2F880841A9B
:1004900065EB030201201746002EE2D0C6E90047B3
:1004A000DFE702B9FFDEB2FA82F3002B40F0908062
:1004B0008A1A4FEA1C471FFA8CFE0121B2FBF7F59E
:1004C00007FB1520220C42EA00420EFB05F0904289
:1004D00008D91CEB020205F1FF3802D2904200F26B
:1004E000CB804546121AA4B2B2FBF7F007FB1022EC
:1004F00044EA02440EFB00FEA64508D91CEB0404A6
:1005000000F1FF3202D2A64500F2BB801046A4EBF8
:100510000E0440EA05409FE7C1F120078B4022FA14
:1005200007FC4CEA030C05FA01F420FA07F3FD403E
:100530004FEA1C492343B5FBF9F81FFA8CFE09FB6F
:1005400018551C0C44EA054408FB0EF5A54202FAB6
:1005500001F200FA01F00BD91CEB040408F1FF3A98
:1005600080F08880A54240F28580A8F102086444AA
:10057000641B9DB2B4FBF9F309FB134445EA044440
:1005800003FB0EFEA64508D91CEB040403F1FF355E
:100590006CD2A6456AD9023B644443EA0843A3FBF4
:1005A0000295A4EB0E04AC42C846AE4656D353D0D7
:1005B00056B1B0EB080264EB0E0404FA07F7CA4028
:1005C000CC401743C6E9007418460021BDE8F08707
:1005D000C3F1200102FA03FC20FA01F225FA01F12D
:1005E0009D402A434FEA1C471FFA8CFEB1FBF7F0EF
:1005F00007FB1015110C41EA054100FB0EF58D4279
:1006000004FA03F408D91CEB010100F1FF382FD2E2
:100610008D422DD902386144491B92B2B1FBF7F5E6
:1006200007FB151142EA014205FB0EF1914208D980
:100630001CEB020205F1FF3816D2914214D9023D9B
:100640006244521A45EA004138E73146304608E72D
:100650003946E6E61046FBE64845A9D2B9EB020862
:1006600065EB0C0E013BA3E74546EAE72B4694E712
:100670004046D1E7D0467BE7023D624432E7084678
:100680000AE76444023842E7704700BF0022427024
:1006900082700122C270B1FA81F10222490902710D
:1006A000032201704271704743788B421FD00129A9
:1006B00041700AD0022910D0C1B90123C3708170E2
:1006C00002230371032343717047037843B101236D
:1006D00083700223C3700023F3E70378002BF6D066
:1006E000022383700023C3700123EAE7FEE770470B
:1006F00082B00B88ADF800304B88ADF802308B88A3
:10070000ADF80430CB88ADF806300239431C053013
:1007100013F8012F0DF1080C0CEB4202834232F862
:10072000082C21F8022FF3D102B0704710B50C4607
:100730001146FFF7B9FF2146BDE81040FFF7D8BFCB
:100740000B4B10B54FF07F32C0E923234FF47F43AA
:10075000A0F89430FF23044680F89630983000F0DB
:10076000EDFC002384F8A43084F8A83010BD00BF4D
:10077000FFFF7F0013B504461146CDE9002300F0CA
:100780004AFC009904F1140000F045FC009904F1C2
:10079000280000F040FC009904F13C0000F03BFC14
:1007A000009904F1500000F036FC009904F1640057
:1007B00000F031FC009904F1780000F02CFC019A63
:1007C0004FF4FA734FF4FA6104F1980000F0A1FCC1
:1007D0002046FFF7B5FF002384F8A5304FF47F4390
:1007E000A4F8A63002B010BD022380F8A8307047EC
:1007F000704700F017BC143000F014BC08B550303E
:1008000000F01AFC292200F11403B3FBF2F313F0F9
:10081000FF0302D1031E18BF0123184608BD08B507
:10082000643000F009FC292200F11403B3FBF2F359
:1008300013F0FF0302D1031E18BF0123184608BDA1
:1008400090F8903013B990F98C00704790F98D00B2
:10085000704790F8903013B990F98E00704790F976
:100860008F00704710B504460AF0D8FF50B194F8D5
:10087000A83043B904F13C0000F0D8FB012838BF90
:100880000120C0B210BD6420FCE790F8A83013B975
:1008900090F89300704764207047783000F0CEBB2A
:1008A000783000F0D3BB10B5044600F095FB04F19E
:1008B000140000F091FB04F1280000F08DFB04F11E
:1008C0003C0000F089FB04F1500000F091FB04F1C2
:1008D000640000F08DFB04F1780000F08FFB94F8C9
:1008E000A83013B1013B84F8A83010BD7F2807D091
:1008F000002807DA10F1800F06D04042C0B27047DE
:1009000000207047012070477F20704710B140429F
:1009100040B270477F2070477F280FD010F1310F11
:100920000EDA10F1780F0DDB7830FE2340B2584319
:1009300023304623B0FBF3F0C0B27047FF2070476E
:10094000FE20704700207047012805DD40F2FE734D
:10095000984203DC80B270470120704740F2FF707C
:100960007047A0F57870C0EBC02040F2AE7390FBEA
:10097000F3F000F58060FFF7E7BFFFF7F2BF032851
:1009800012DD0C2812DD0F2812DD122812DD1628C8
:1009900012DD192812DD1C2812DD1F2812DD212886
:1009A000CCBFFF2006207047002070470120704711
:1009B00002207047082070470320704707207047C7
:1009C000042070470520704705289ABF014B185C2A
:1009D000FF207047FC42010805289ABF014B185CB4
:1009E000FF207047024301087F2803D0002803DA64
:1009F000C0B2704700207047FF2070477F2811D099
:100A000010F1320F10DA884210DD401A6423C1F170
:100A1000FF21584301F57F01CE31313090FBF1F0D9
:100A2000C0B27047FF2070476420704700207047B5
:100A3000014B4140585C7047084301085AB110B45B
:100A4000054C0A4411F8013B58408A42205CF9D118
:100A50005DF8044B7047704708430108392808D8EF
:100A600022280ED9094B2338C0B2C34003F001003D
:100A700070475F2807D0613819288CBF00200120FB
:100A80007047002070470120704700BF01EC7F00D5
:100A9000F8B50246451E461D00245F2715F8010FD4
:100AA000FF2804BF0134E4B2FFF7D8FF00B92F706C
:100AB000AE42F3D1062C04D119B10B6813608B88B8
:100AC000938000239371F8BD2DE9F843DFF834904B
:100AD000471E441D012500264FF0280817F8011F66
:100AE000084812F02DFC034610B1A0EB0903DBB25D
:100AF000A3FB05329E19A742A5FB0853EED1304651
:100B0000BDE8F8830844010810B54179A1F130002F
:100B1000C3B2092B07D80523B0FBF3F303EB830320
:100B2000C01AC0B210BD044C204612F009FC0028C7
:100B3000F1D0001BC0B2EEE708440108F0B5094B44
:100B4000094F821D2826B1FBF3F4272C94BF3D5D8D
:100B5000302502F8015D824203FB1411B3FBF6F36A
:100B6000F1D1F0BD00801A060844010870B50446B2
:100B7000FFF760FB02B20023551E18B2A84204FA28
:100B800083F104DA265C302E03F10103F5D0121A4A
:100B900001322046BDE8704012F0A1BB2DE9F047BC
:100BA000432B28BF432396B00C46154600211A4616
:100BB0009846074612F0ADFB0021412205A804919A
:100BC00012F0A7FBDFF87C90DFF87CA004EB450572
:100BD000AC4210D104A8FFF72DFB28B100F1580357
:100BE0006B44002203F8492C04A9384612F011FD89
:100BF00016B0BDE8F08734F9020B47F6FF73984250
:100C0000E8D0002812DC5146684612F002FD04A824
:100C1000FFF710FB06466846FFF70CFB0644B0459D
:100C2000D6D3694604A812F07CFBD1E7694680B2AE
:100C300010F0EDFD6846FFF799FF4946684612F04F
:100C400070FBE4E7F5420108F0420108F0B589B015
:100C50006D4600242F468E1CE1B28A4204D83946E4
:100C6000FFF79CFF09B0F0BD36F8241025F8021BF1
:100C70000134F1E742F210736421B0FBF3F203FB9D
:100C80001200B0FBF1F301FB130000EB023000EBAC
:100C9000831080B27047020B00F03F0342F21071E4
:100CA00001FB0233C0F38510642202FB0030704761
:100CB0002DE9F04142F2107388B0B1FBF3F603FB6B
:100CC00016141F49DFF87C80054612F0A2FC694625
:100CD000F0B210F079FD6846FFF748FF69462846F4
:100CE00012F01FFB4146284612F01BFB64276946A1
:100CF000B4FBF7F6F0B210F067FD6846FFF736FF79
:100D00006946284612F00DFB07FB1644414628466B
:100D100012F007FB6946E0B210F056FD9DF8013075
:100D20008DF800309DF802308DF8013069460023BF
:100D300028468DF8023012F0F4FA08B0BDE8F081D0
:100D40003E570108FA42010870B50E4600210546DB
:100D5000144612F0DEFA00239AB2944200D870BD15
:100D6000F25C002AFBD0EA540133F5E770B50E4679
:100D7000144600210132054612F0CBFA00239AB244
:100D8000944200D870BDF25C002AFBD0EA540133D3
:100D9000F5E730B50024A3B2934201D3012005E06A
:100DA000055D0B5D1DB9B3FA83F0400930BD1BB181
:100DB0009D4204F10104EED00020F7E77D2343803B
:100DC00043F2390309B2C360002301808180C380EC
:100DD0000372704702680449044B01FB023323F09D
:100DE00000430360180C7047FD430300C39E2600B8
:100DF000F0B5002597B0016085800446562229464B
:100E0000684612F086FA0126627CAA4209D80023BD
:100E1000802104F1B400237417B0BDE8F04012F053
:100E200078BA2046FFF7D6FFE7797B1B002190FBBD
:100E3000F3F202FB1300C0B2EC460A46CBB29F426B
:100E40001DD80023227B9A42DED0A279033A012AE0
:100E500004EB050105D925B191F91120D2B9012B77
:100E6000D2D98B74A26852F82310583304EB850250
:100E70006B440135516303F8586CEDB2C4E71CF8BC
:100E800001EBBEF1000F03D18242DBD00132D2B2BE
:100E90000131D3E7501E8342E3DB01329342E0DCB1
:100EA000B2E700002DE9F04F154697B0013D016013
:100EB000027104464371EDB25622002168469946FC
:100EC000002712F026FA022D84BF4FF0010A0025F8
:100ED0003E4694F807809CBF4FF0030AB8FBFAF82F
:100EE000627CB24209D80023802104F1B40023744B
:100EF00017B0BDE8F04F12F00CBA2046FFF76AFFBA
:100F0000A8EB060390FBF3F202FB13030020DBB215
:100F1000EC460246C1B2884506D91CF801EBBEF189
:100F2000000F1BD19A4217D1414528BF4146227B71
:100F300001FB0A5303F0FF039A42D1D0A0680FFAD5
:100F400083FC09F1FF3E50F82C20BEF1030F0DD8B1
:100F5000DFE80EF0062124270132D2B20130D9E7B2
:100F6000DFF864E09644174A9645B9D916B10FBB2D
:100F70000129B5D9A2190F46937404EB860350F8E2
:100F80002C205A6301F1580301226B44164403F8E4
:100F9000582CF6B2A4E7DFF834E0E3E7DFF830E0FE
:100FA000E0E7A2F53D02DFF82CE0A2F59D42443ACD
:100FB0007245DAE77A1E9142DCDB7A1C9142D9DC79
:100FC0008EE700BF3BB10100C54E47FF776245FF8A
:100FD000287643FF3CB10100D0E901236421D31AF4
:100FE000C36082604B43418AB3FBF1F303747047E3
:100FF000D0E90123D31AC0E90223704743682BB11B
:10100000C26864214A43B2FBF3F2D3B203740023F3
:10101000C360436070470023C0E9023341824360EC
:10102000037470474368013343607047007C704726
:101030004368194441607047C068704711B1C36884
:101040000133C3604368013343607047007C7047DD
:10105000072800D9FEE7014B185C70475844010887
:1010600000230380837080F82930704703781BB118
:101070000022027018467047437813B10022427074
:10108000F8E7837813B100228270F3E790F82930F3
:10109000002BEFD0002280F82920EBE70170704789
:1010A000017070478170704781704260704740687E
:1010B00070470830704700234360038170470A235C
:1010C00010B50446838002F095F82368E0809B68A1
:1010D00020469847208110BD038970B504469BB116
:1010E000858845B1013DADB285806DB903681B6847
:1010F000BDE87040184702F07DF8E388C01A2389E4
:1011000080B2834201D2258170BD236820465B688E
:10111000EEE707EE902A0A44F8EE676A07EE902A97
:10112000F8EE677A436086EEA77A07EE903AF8EE1B
:10113000E77A80ED007AC0ED027A7047D0ED017A4F
:10114000F8EEE77AC0ED027A7047000080EAE073BB
:10115000022910B5A3EBE07304467DD162B90028E3
:10116000ACBF7F223F229342A8BF1346002C1846F3
:1011700001DA43F0400010BD012A1FD1632B05DCCA
:101180005800002CF7DA40F48070F4E740F2F542A2
:10119000934211DC07EE903A9FED6A0AF8EEE77A87
:1011A00027EE800A10F08AFFFCEEC07A17EE900A54
:1011B000400040F00100E4E7FF20E2E7022A40F0AF
:1011C000BF80632B05DC9800002CD4DA40F400705B
:1011D000D1E7B3F57A7F11DA07EE903A9FED590A1D
:1011E000F8EEE77A27EE800A10F068FFFCEEC07A8E
:1011F00017EE900A800040F00100E5E742F20F721E
:10120000934211D807EE903A9FED4F0AF8EEE77A35
:1012100027EE800A10F052FFFCEEC07A17EE900A1B
:10122000800040F00200CFE7484A934211D807EE11
:10123000903A9FED470AF8EEE77A27EE800A10F021
:101240003DFFFCEEC07A17EE900A830043F00300E6
:10125000BAE740F2FF10B7E7032971D1012A20D184
:10126000B3F57A7F05DA5800002C84DA40F4006088
:1012700081E7B3F5205F11DA07EE903A9FED310A6E
:10128000F8EEE77A27EE800A10F018FFFCEEC07A3D
:1012900017EE900A430043F00100E5E740F2FF70CB
:1012A000E2E7022A4CD1B3F57A7F06DA9800002CE7
:1012B000BFF661AF40F480505DE742F20F72934297
:1012C00011DC07EE903A9FED1F0AF8EEE77A27EE61
:1012D000800A10F0F3FEFCEEC07A17EE900A83004D
:1012E00043F00100E3E71B4A934211D807EE903A1E
:1012F0009FED150AF8EEE77A27EE800A10F0DEFE81
:10130000FCEEC07A17EE900A830043F00200CEE7AD
:10131000B3F57A2F11D207EE903A9FED0D0AF8EE51
:10132000E77A27EE800A10F0C9FEFCEEC07A17EECD
:10133000900A830043F00300B9E740F6FF70B6E778
:10134000002018E7CDCCCC3D0AD7233C17F0010094
:101350006F12833A9F8601000023036070470000EC
:1013600038B5084B09291B7828BF09218B42044650
:101370000D4602D10023036038BD01F02FFF257117
:101380002060F9E7FC030020036810B504460BB9A0
:10139000002010BD01F022FF2368C01A40F2EE23A6
:1013A0009842F5D90023054A2360127823799A429E
:1013B000EED0034A0120D377EBE700BFFC03002007
:1013C0007C040020FF23437100230171837103819A
:1013D0008372704738B5037904460D465BB1417995
:1013E000A94208D041B101290AD00023A371657137
:1013F00055B1012D0FD038BD03689B689847F4E7BD
:1014000003680021DB68F9E723689B680121204617
:101410009847A071EFE723682946DB68F7E72DE9D5
:10142000F04F2DED068B85B0837B077C0093C37B4B
:10143000009A857CC67C90F815C090F820E090F862
:101440002280BF000C4647EA931703F03F01437C1C
:10145000490141EAD20103F0010247EA822705F07F
:101460000F02D20142EA530206F07F031B0143EA56
:101470001513057D01936D0045EAD6150CF00306A2
:1014800045EA4623867D029206F01F05AD0108EE6F
:10149000103A45EA9C03C57D90F819C00391ED0010
:1014A00008EE903A45EA5613057E0CF0070609EE61
:1014B000103A45EA0623857E05F03F06760109EEDF
:1014C000903A46EADC03C67E90F81CC0B60046EAB5
:1014D00095160CF0010546EA8526457F05F00F0BB1
:1014E0004FEACB1B4BEA5C0B90F81EC00CF07F0A56
:1014F0004FEA0A1A4AEA151AC57F6D0045EADC155B
:101500000EF0030C45EA4C2590F821C00AEE103A83
:101510004FEAC808009B48EA5C180CF01F0990F8D5
:101520000DC003F007004CEA00204FEA891949EA90
:101530009E09FFF716FA039920800846FFF711FA73
:1015400060803846FFF70DFA029AA0801046FFF738
:1015500008FA019BE0801846FFF703FA208118EE95
:10156000100AFFF7FEF9608118EE900AFFF7F9F90B
:10157000A08119EE100AFFF7F4F9E08119EE900A44
:10158000FFF7EFF920821AEE100AFFF7EAF96082FE
:101590003046FFF7E6F9A0825846FFF7E2F9E0820D
:1015A0005046FFF7DEF920832846FFF7DAF960831B
:1015B0004846FFF7D6F9A0834046FFF7D2F94FF42B
:1015C0008063E0832384638405B0BDEC068BBDE8B3
:1015D000F08F2DE9F04104460F4601F00BFE4FF06D
:1015E00001080546236820461B689847064650B9FF
:1015F000A37A012B1FD12389ED1A40F6C4139D4213
:10160000C8BFA07217E0236820465B689847A37A9A
:10161000A3B90F2814D1A4F80A80E37AE2180133A1
:10162000DBB2182B1073E3720AD939462046FFF754
:10163000F6FE0023A3723046BDE8F081012BECD00A
:101640002581CFE7827922B14379012B01D8FFF7B9
:10165000C0BF002070477047704770470020704738
:101660007047002070470020704770470020704787
:101670000020704770470000054BDA6C0243DA64C3
:10168000DB6C82B003400193019B02B0704700BF46
:1016900000100240054B9A6D02439A659B6D82B023
:1016A00003400193019B02B0704700BF001002404D
:1016B000054B1A6E02431A661B6E82B003400193FB
:1016C000019B02B0704700BF0010024050E8003F8D
:1016D00043F0200340E80032002AF7D1704750E879
:1016E000003F43F0800340E80032002AF7D1704702
:1016F00050E8003F23F0200340E80032002AF7D1F1
:10170000704750E8003F23F0400340E80032002AD1
:10171000F7D1704750E8003F23F0800340E80032E3
:10172000002AF7D1704700000288044B5140C9B22B
:1017300033F8113083EA122303807047B47501082F
:10174000A2B110B4B0F800C0094C0A4411F8013B32
:1017500083EA0C03DBB2914234F8133083EA1C2C89
:10176000A0F800C0F2D15DF8044B7047704700BF8D
:10177000B475010837B54FF6FF730446ADF806306F
:101780004518AC4203D1BDF8060003B030BD14F8D3
:10179000011B0DF10600FFF7C7FFF2E7044B1888A5
:1017A000044B1B8880B29BB2C01A18BF012070473F
:1017B0005E4000205C400020044A00231380044A5D
:1017C0001380044A1380044A138070475C40002051
:1017D0005E400020604200206242002000207047EE
:1017E000044B1888044B1B8880B29BB2C01A18BFE8
:1017F00001207047664A0020644A0020044A002302
:101800001380044A1380044A1380044A13807047EB
:10181000644A0020664A0020684C00206A4C002080
:1018200001207047704700000649074A0B8812885C
:101830000133C3F3080392B29A421EBF034AD05445
:101840000B80704756360020543600205434002058
:101850000023A0F87032A0F86E3270470023A0F881
:101860005C32A0F85A3270473C4B5A6A037A92B203
:1018700063B18389D31A9BB2B3F5FA7F84BF002387
:101880000372837A4F2B84BF00230372037A828111
:10189000082B0FD8DFE803F0050E0E0E0E0E0F1BFF
:1018A0002600EE2901D0C82904D101238372417595
:1018B0000623037270473D299FBF837A5A1C1B1869
:1018C00082728FBF0023597541720723F1E7827A34
:1018D000531C0244DBB283725175427A9A42E9D2B8
:1018E0000823E6E7837A5A1C034482725975C37D44
:1018F000162B04D1012380F865300923D9E7436909
:10190000174A03F0FF23934203D1012380F8673085
:10191000F3E7144A93421CD1837E102B19D1C37E66
:10192000022B08D0052B0DD0012BE6D1027EEE2A2A
:1019300008BF80F86A30037EEE2BDED1012380F8E9
:101940006B30DAE7012380F86830037F80F8693074
:10195000D3E7012380F86630CFE700BF00040040E2
:1019600000C8002800C80032044B1888044B1B88AC
:1019700080B29BB2C01A18BF0120704756360020B3
:10198000543600200278024B51405B5C0370704774
:101990002C610108FF230370704700BF7047B0F847
:1019A0006E32B0F870229B1A98B21B0444BF00F547
:1019B000006080B2003818BF01207047A0F1140009
:1019C000EDE7B0F87032B0F86E229A421FBFC2182D
:1019D000B0F8721292F87422013316BF0B40002245
:1019E000A0F8703210467047A0F11400E9E770B516
:1019F0000B7803704B7843700B78FD2B05460C4633
:101A000038D18B788370CB78C3700B7903714B79A5
:101A100043718B7983718B68C3718B68C3F30F2318
:101A200003728B7A43720A26627804F10C01A819BA
:101A300011F0F7FD6378B4F80C213344981CEA5494
:101A40005A1CB4F80C1192B2090AA954A278D20710
:101A500080B20ED504F58872054404F58E7452F8F0
:101A6000041B45F8041BA242F9D112782A700F33E7
:101A700098B270BD00238B700B7983704B79C37063
:101A80008B7903718B6843710626CDE701F0030360
:101A90009B0003F1804303F5803310B59C680A0C6A
:101AA00024EA114192FAA2F2B2FA82F202F01F0283
:101AB00090400843986010BD38B54A78352A0D46E5
:101AC000044601F10C010AD811F0ABFD6878002141
:101AD000C0F136022044BDE8384011F01ABC403550
:101AE00051F8043B40F8043BA942F9D10B8803802C
:101AF00038BD38B54A781B2A0C46054601F10C0161
:101B00000AD811F08EFD60780021C0F11C02284433
:101B1000BDE8384011F0FDBB283451F8043B45F8CE
:101B2000043BA142F9D138BD38B54A78082A0D46A0
:101B3000044601F10C010AD811F073FD6878002108
:101B4000C0F109022044BDE8384011F0E2BBEB6867
:101B500003604B6843600B7A037238BD38B54A782E
:101B6000072A0C46054601F10C010AD811F059FD6F
:101B700060780021C0F108022844BDE8384011F027
:101B8000C8BBE36803604B68436038BD08B52C22CE
:101B90000348002111F0BDFB024B00221A7008BD62
:101BA000200F0020040700202DE9F0411378037076
:101BB00092F8018080F80180FD2B04460F461546FF
:101BC00054D193788370D378C370137903715379A8
:101BD0004371937983716B7A127A1B0403EB0223AE
:101BE000EA79134423F07F430A26A26863F31702BD
:101BF000A260A919424604F10C0011F012FD7A7B93
:101C0000904507D208F10C00A2EB08020021204405
:101C100011F07FFB63781E44AB195A78AB5D03EB80
:101C20000223A4F80C31A378DB070ED5023615FA8F
:101C300086F304F5887203F10C0153F8040B42F8A3
:101C4000040B8B42F9D11B781370BB7A84F82131D5
:101C5000FB7A84F822313B7B84F823317B7B84F848
:101C600024313B7884F82031BDE8F08100234380A3
:101C700093780371D378437113798371537906266E
:101C8000B3E738B54A78132A0C46054601F10C0132
:101C90000AD811F0C6FC60780021C0F11402284473
:101CA000BDE8384011F035BB203451F8043B45F80D
:101CB000043BA142F9D138BD084611460FF011BBD3
:101CC0000FF010BA0FF0A2BA0FF054BA08B50FF027
:101CD000FBF9003818BF012008BD08B50FF086FADF
:101CE000003818BF012008BD0FF0ACB92DE9F04F46
:101CF0000C465188B1F58C7F054685B04FF0000049
:101D00000ED31070D91CC9B2012995BF012100233F
:101D1000518053809CBF2370117000232B7049E0C9
:101D200016780E2E00F2938001A757F826F000BF18
:101D3000051D00086D1D0008951D0008BD1D00084B
:101D40004F1E00084F1E00084F1E00084F1E0008BF
:101D50004F1E00084F1E00084F1E00084F1E0008AF
:101D60004F1E00084F1E0008CF1D0008481C508061
:101D700063542178FD299BB206D10C330A21D3800C
:101D8000918002231370C8E708330621D380918025
:101D90000E23F7E7481C50806354D80742BFD18810
:101DA0000D31D180012B4FF000018CBF0B46032376
:101DB00013702970002005B0BDE8F08F481C5080DA
:101DC000635400218B4214BF0B460E23F0E7481CDE
:101DD000508063545388D1888B4232D30023538080
:101DE000137002232B7069802378FD2B35D1637922
:101DF0002B72A3796B72637A227A1B0403EB0223A2
:101E0000E27913446B60637803F10C026A80A27874
:101E1000D10701D519336B8000266968DFF8FC8093
:101E20006E8140F285120C20B31801335B0800FB71
:101E300003F758F80770B94218D25A1EB242F3D8C5
:101E400016E092889A423FF668AF012366E7107069
:101E500050809080D0802870ACE7E3782B72237993
:101E60006B7263796B6063780833D4E71E46E5D8FC
:101E70000C27774358F80730994227D1237820461A
:101E8000FD2B10F801BF0CBF4FF00A094FF00609F7
:101E900009EB0B03591E89B247440193FFF76AFC13
:101EA00097F804A0ADF80E0051460DF10E00FFF7B3
:101EB0003BFC019BE218E35C527803EB0223BDF884
:101EC0000E209BB29A420AD0052300E003232B7018
:101ED0001846023801288CBF002001206BE7BB792F
:101EE000DA0706D5FA79934582BF04EB09018A5CCB
:101EF000AA729B0709D50C2303FB068362781B7A21
:101F00009A4282BF4C44E35CEB720C2303FB0683D2
:101F100085F80CA05B796B730220DAE72C6201086C
:101F20000148436AFFF7D2BB004400400A4A0B4B0A
:101F300012680B49A3FB02323220920C00FB02F222
:101F4000084B486802F5FA72A3FB023292094B680B
:101F50001B1A9A42FBD870476C02002083DE1B4399
:101F6000001000E0D34D621008B5FFF7DFFF4FF01F
:101F7000904310229A6108BD4FF0904310229A625C
:101F8000FFF7D4BF30B587B0034601AC00F11005B0
:101F900018685968224603C20833AB421446F7D189
:101FA0000024094D8DF81440A96801A8FEF738F9FE
:101FB00010B920B207B030BD0134312C05F10C0549
:101FC000F2D14FF0FF30F5E70400002002780A4B11
:101FD00090F801C08178D243D2B29A5C82EA0C02B6
:101FE00090F803C09A5C4A40995C027981EA0C013E
:101FF000595C4A40985C70472C610108028810B512
:102000008488531C234044889C421EBF121891713F
:10201000038010BD411A88B20B0444BF00F5007064
:1020200080B2704770B5104C0025234626782EB13B
:1020300066788E4202D1A67896420BD001350C2DDF
:1020400004F10404F2D1002413F824501DB101342A
:102050000C2CF9D170BD012503F8245003EB840347
:10206000D87059709A70F5E7090700202DE9F843F8
:102070000B460D795A7A9E7ADF7A204B097A1B5CDF
:10208000DB07044600D50DB9FFF7CCFF00231C4940
:102090001A4898464FF0010E9C4201F8018B25D05A
:1020A0002DB90278920702D501F801EC1EE0154A1D
:1020B0004FF0000C92F80090B9F1000F0FD092F899
:1020C000039099450BD1002EEED092F80190B145C6
:1020D00005D1002FE8D092F80290B945E4D00CF178
:1020E000010CBCF10C0F02F10402E3D10133DBB2AD
:1020F000042B00F10100CFD1BDE8F883390700209F
:102100000507002009070020F0B50546FD2305F866
:102110000C3B85B004468DF8043090F8243103F16F
:102120000C020244012B42D80026637066808DF8B1
:1021300005308B7A23718DF808308B7AADF8066004
:1021400001338B7263798DF80930A3798DF80A30E9
:10215000A368C3F317031A128DF80B3009211B145F
:102160000DF105008DF80D308DF80C20FFF702FB06
:102170006778ADF802003A4629460DF10200FFF7F4
:10218000DFFA94F82311FFF7CFFA94F82421BDF871
:102190000230A4F80C31974210D207F10C00D21B88
:1021A0003146204405B0BDE8F04011F0B2B812F855
:1021B000010D0028B8D1013BDBB2B3E705B0F0BD9B
:1021C000704707B503688DF807101B6901220DF1F0
:1021D0000701984703B05DF804FB13B504460846B1
:1021E0000191FEF727F8236801991B6982B2204606
:1021F00002B0BDE81040184708B5FFF7EEFF08BD74
:10220000B0F1904F08B5014607D10120FFF734FA2D
:10221000114B99420BD1202014E0104B98420BD067
:1022200003F58063984209D10420FFF725FA0C4B8F
:10223000994210D1402005E00220E7E7094B98427F
:1022400004D10820BDE80840FFF716BA064B9842B3
:10225000DED11020F6E708BD001400480004004855
:1022600000180048000C00480010004808B5224B38
:10227000984201460BD14FF40060FFF719FA1F4B4B
:1022800099420DD1BDE808402020FFF703BAB0F114
:10229000804F0ED01A4B98420FD10220FFF7FAF967
:1022A000184B99420FD14FF40050BDE80840FFF79A
:1022B000FFB90120FFF7EEF9E1E7134B984208D18F
:1022C0000420FFF7E7F9114B99420CD14FF480300D
:1022D000EBE70F4B9842D2D11020FFF7DBF90D4B03
:1022E000994206D008BD0C4B9942F8D14FF400300A
:1022F000DBE74FF48020D8E7002C014000140040B9
:10230000000400400034014000080040004001404B
:102310000010004000480140004401402DE9F04316
:1023200087B00E46054614460021142201A89DF8E8
:1023300038809DF83C901F4610F0EBFF00960B2C68
:1023400007D8DFE804F007070A121414141616164B
:102350001A1CFEE70323019301E002230493032FD9
:1023600011D8DFE807F0111321110123F6E701234B
:10237000F1E7012301930393F1E70223EBE7022343
:1023800001930123F7E7FEE702230293B8F1100F50
:102390000CD8DFE808F02D2D0C11131517191B1D93
:1023A0001F21232527292B000123EEE7FEE7012328
:1023B0000593022301931EE00223F9E70323F7E7C5
:1023C0000423F5E70523F3E70623F1E70723EFE707
:1023D0000823EDE70923EBE70A23E9E70B23E7E707
:1023E0000C23E5E70D23E3E70E23E1E70F23DFE707
:1023F000B8F1000FDDD1B9F1000F02D02846FFF788
:10240000FFFE053C042C05D8DFE804F0030B0403B1
:102410000B00AE62694628460CF008FF07B0BDE825
:10242000F083AE61F6E713B54FF0010C0024CDE95F
:10243000004CFFF773FF02B010BD13B50124CDE9C6
:1024400000340323FFF76AFF02B010BD70B586B0F9
:102450000023164604460D46ADF80630FFF706FF8A
:10246000042E04D8DFE806F0303404384100FEE7DB
:102470001F4B204A1B68B3FBF2F39BB20022013BC7
:1024800001A92046ADF80430CDE902250492059259
:102490000DF078F9236823F080032360A36823F408
:1024A000A03323F00703A360636823F0007323F0D5
:1024B00070036360636823F470036360A36823F0B0
:1024C0008003A36006B070BD094B0B4A1B68D2E7BE
:1024D000074B0A4A1B68CEE7054B074A1B68B3FB4C
:1024E000F2F303EB83035B00C7E70123C6E700BFFA
:1024F0006C02002080A8120140420F0080969800D4
:1025000010B50446FFF7A2FF236843F001032360E0
:1025100010BD00224FF0FF31FFF7F2BF034A034620
:1025200003CA186059601068986070479075FF1F63
:10253000274B10B5274C5B6823600BF071F84FF008
:1025400090400CF013FE24480CF010FE23480CF0D1
:102550000DFE23480DF072F922480DF06FF9224864
:102560000DF06CF921480DF069F921480DF09EF845
:1025700020480DF09BF80CF09FFF4FF0E022002365
:102580001D491361536193618A6822F0030242F08E
:1025900001028A6072B64FF0FF319A0002F1604288
:1025A00002F561420133082BC2F88010C2F8801195
:1025B000F3D162B6114A136823F0070343F0010315
:1025C0001360034B1B6883F3088823689847FEE772
:1025D0000000FF1F0007002000040048000800481A
:1025E000003801400044004000480040004C0040DA
:1025F00000300140003C004000100240000001405B
:102600000749084A881AEFF30883521A1A44013A14
:10261000013B984288BF0022AA2110F07ABE00BF79
:10262000008000200004000010B5114C0323204658
:1026300006224021FFF7F7FE032302224FF4004158
:102640004FF09040FFF7EFFE03231A46204620216B
:10265000FFF7E9FE2046032305228021FFF7E3FE72
:1026600020460323BDE8104005220121FFF7DBBE11
:1026700000040048024B1869C0F34010704700BFC7
:102680000004004808B5FFF7F5FF00B908BD00BF1A
:10269000F9E70000024B01229A6280229A6170479A
:1026A00000040048024B80229A6201229A6170471E
:1026B0000004004808B50E490020FFF7E7F90D4B6C
:1026C0005A6822F400425A601A6822F400421A60E2
:1026D000DA6822F40042DA609A6842F400429A60B2
:1026E000054BD02283F828234FF480725A6008BD2E
:1026F000030000F00004014000E100E0044B4FF44F
:1027000000425A611A6842F400421A60704700BFE2
:10271000000401400348002303224FF48071FFF7B7
:1027200082BE00BF00040048024B1869C0F30020BD
:10273000704700BF0004004808B5052200230221AD
:102740004FF09040FFF76FFE0023052201214FF06C
:102750009040FFF768FE4FF0904302229A620122F8
:102760009A6208BD4FF090414B691A04DB4302F4B2
:10277000003203F0020313438B6170474FF0904126
:102780004B691A04DB4302F4803203F00103134364
:102790008B61704708B5052200234FF480714FF01C
:1027A0009040FFF740FE4FF090434FF480729A62E2
:1027B00008BD4FF090431A284FF48072CCBF9A6145
:1027C0009A6270471D280EDC1A280FDC172810DCCF
:1027D000132811DC1128B5BF00200120102311237C
:1027E00008701370704713201E23F9E70C201B2379
:1027F000F6E708201823F3E704201423F0E708463F
:1028000011461A46FFF7DEBF0C4BD3F8FC2022F02E
:102810008072C3F8FC20D3F8FC2042F08072C3F829
:10282000FC20A3F55D431A6822F001021A601A68C1
:1028300042F001021A6000225A60704700ED00E089
:10284000064A074B51681B6810B5064CB3FBF4F3FE
:10285000584353685B1A8342FBD310BD001000E05D
:102860006C02002040420F007FB50123CDE9041324
:10287000002201A902A8CDE902230BF07BF8002871
:102880000CBF0420052007B05DF804FB014608B525
:1028900000200AF0D9FF00280CBF0420052008BD45
:1028A00008B5FFF7E1FF031F5842584108BD08B5BE
:1028B000FFF7ECFF031F5842584108BD2DE9F347CD
:1028C0002A4B2B4D012814462A482B4A0E4617BF87
:1028D000AA463D213C211D46019106BF9A468046ED
:1028E00090460AF06BFF01992846FFF7D9FF30B9EF
:1028F00000240AF075FF204602B0BDE8F087002EE4
:1029000008BF4FF4FC64073424F0070405F11007F6
:10291000B1463444AAEB050AA1450BD14FF0113260
:102920004FF0FF332846FFF7C2FF003818BF0120E1
:102930008400DEE76EB90AEB0703D3E90023B3F1A5
:10294000FF3F08BFB2F1FF3F06D1083709F1080980
:10295000E2E7D9E90023F2E7B84505D93846FFF7A1
:10296000A6FF0028F1D1C3E70324C2E700E0010875
:1029700000E80108FFEF0108FFE7010810B50AF0C1
:102980001DFF09483C21FFF78BFF58B107483D2147
:10299000FFF786FF003818BF012084000AF020FFEF
:1029A000204610BD0446F9E700E0010800E80108F0
:1029B00030B5084D002340F2EF749AB2914201D82D
:1029C000042030BDA34203D05A5DC2540133F4E762
:1029D0000320F6E710E0010813B50A46044672B674
:1029E000019101460020FFF769FF62B60428019AB1
:1029F00005D172B601202146FFF760FF62B602B032
:102A000010BD000038B5124B1C68D3F80058B4F163
:102A1000113F09D1B5F1113F17D000221146012015
:102A2000BDE83840FFF74ABFB5F1113F03D100229E
:102A300011461046F4E7FFF7A1FF042804D12C400B
:102A400001340CBF0220012038BD0420FCE700BF88
:102A500000E00108034B18739A68D207FCD5187B75
:102A6000704700BF0030014038B5441E8D18A942A0
:102A700000D138BD14F8010FFFF7ECFF01F8010B8E
:102A8000F5E7084611461A46FFF7EEBF38B5064D82
:102A900004460144A14200D138BD2878FFF7DAFF8F
:102AA00004F8010BF6E700BF50020020084611466B
:102AB000FFF7ECBF10B5014404468C4200D110BDB5
:102AC00014F8010BFFF7C6FFF7E708461146FFF7BA
:102AD000F1BF000010B58AB028220021684610F02E
:102AE00018FC4FF48050FEF7E3FD1021032306226B
:102AF0004FF09040FFF797FC4FF090401023836118
:102B00000A2206232021FFF798FC06230A228021AF
:102B10004FF09040FFF791FC0623032240214FF035
:102B20009040FFF78AFC1822154C06924FF48272EF
:102B3000002301924FF40072CDE90333CDE907334E
:102B40000093059207234FF4E062694620460993FB
:102B500002920CF0DDFD636823F01003636063688C
:102B600023F008036360236843F040032360A368F5
:102B70009B07FCD5237B034BFF221A700AB010BDC4
:102B800000300140500200201C4B10B4DC69A0064C
:102B900011D51A6891060ED519481A495A6A038840
:102BA00009880133C3F30A0389B299421FBF16494A
:102BB000D2B2CA54038011481F232206036215D5DE
:102BC00003681B0612D5114B114A1988138889B264
:102BD0009BB299420DD013880133C3F308031380CD
:102BE00013880C4A9BB2D35CDBB283625DF8044B62
:102BF00070475DF8044BFEF78DBD00BF00800040BC
:102C00005E4000205C4000205C38002062420020D2
:102C100060420020604000200A490B4A08B50B883A
:102C200012880133C3F3080392B29A4207D0074ACD
:102C3000D05407480B80FEF752FD012008BD00204C
:102C4000FCE700BF6242002060420020604000209C
:102C50000080004038B504464518AC4200D138BD6C
:102C600014F8010BFFF7D8FFF7E708461146FFF706
:102C7000F1BF0000054B064A1B8810880133C3F3DF
:102C8000080380B2181A18BF012070476242002062
:102C90006042002008B5FFF7EDFFB0FA80F0400970
:102CA00008BD0000054B064A1B8812889B1A98B283
:102CB0001B0444BF00F5006080B270475E400020F6
:102CC0005C400020FFF7EEBF0848094A01881388DE
:102CD00089B29BB29942F9D013880133C3F30A0336
:102CE00013801388034A9BB2D05C70475E4000207B
:102CF0005C4000205C380020FFF7E6BF70B588B06C
:102D00000C460646154600211C2201A810F001FBC6
:102D1000231E18BF01231B03CDE9033501A90C2392
:102D200003480296059406930CF01AFB08B070BD98
:102D30000080004010B5064C236823F00103236097
:102D4000FFF7DCFF236843F00103236010BD00BFE1
:102D500000800040002208461146FFF7EBBF00004C
:102D600013B53B4C236823F001032360394BDA6D24
:102D700042F00102DA65DB6D03F001030193019B70
:102D80000A220D2304214FF09040FFF756FB0D233C
:102D9000032208214FF09040FFF74FFB002211461D
:102DA0004FF4E130FFF7AAFF236823F000532360BC
:102DB00004F1080353E8003F23F0604304F10801E5
:102DC00041E80032002AF3D104F1080353E8003F40
:102DD00023F0606304F1080242E800310029F3D1D6
:102DE0001D4BB02283F85B234FF000629A601848B5
:102DF000FEF790FCFEF785FC40232362174B1980F9
:102E0000174B1980FEF774FC164B1980164B19806E
:102E1000636823F400636360A36823F00803A3607E
:102E2000636823F480436360A36823F02203A360F4
:102E3000A36843F48053A360236843F00103236035
:102E4000C3699A02FCD5C3695B02F9D502B010BD13
:102E5000008000400010024000E100E060420020DD
:102E6000624200205C4000205E40002008B5FFF771
:102E700077FF0348436ABDE80840FEF727BC00BF60
:102E800000800040FFF7F2BF1C4B10B4DC69A006C5
:102E900011D51A6891060ED519481A495A6A03883D
:102EA00009880133C3F30A0389B299421FBF164947
:102EB000D2B2CA54038011481F232206036215D5DB
:102EC00003681B0612D5114B114A1988138889B261
:102ED0009BB299420DD013880133C3F308031380CA
:102EE00013880C4A9BB2D35CDBB283625DF8044B5F
:102EF00070475DF8044BFEF70DBC00BF0038014081
:102F0000664A0020644A0020644200206A4C002087
:102F1000684C0020684A00200A490B4A08B50B8813
:102F200012880133C3F3080392B29A4207D0074ACA
:102F3000D05407480B80FEF7D2FB012008BD0020CB
:102F4000FCE700BF6A4C0020684C0020684A002063
:102F50000038014038B504464518AC4200D138BDB0
:102F600014F8010BFFF7D8FFF7E708461146FFF703
:102F7000F1BF0000054B064A1B8810880133C3F3DC
:102F8000080380B2181A18BF012070476A4C00204D
:102F9000684C002008B5FFF7EDFFB0FA80F040095B
:102FA00008BD0000054B064A1B8812889B1A98B280
:102FB0001B0444BF00F5006080B27047664A0020E1
:102FC000644A0020FFF7EEBF0848094A01881388C9
:102FD00089B29BB29942F9D013880133C3F30A0333
:102FE00013801388034A9BB2D05C7047664A002066
:102FF000644A002064420020FFF7E6BF70B588B045
:103000000C460646154600212022684610F081F93C
:10301000231E18BF01231B03CDE9023569460C238B
:1030200003480196049405930CF04AFC08B070BD67
:103030000038014010B5064C236823F001032360DB
:10304000FFF7DCFF236843F00103236010BD00BFDE
:1030500000380140002208461146FFF7EBBF000090
:1030600010B53D4C236823F0010323604FF48040EA
:10307000FEF71EFB4FF4007108230A224FF0904028
:10308000FFF7DBF9082303224FF480614FF09040F3
:10309000FFF7D3F9002211464FF4E130FFF7AEFFFE
:1030A00063682E4A23F490436360A36823F02A03E5
:1030B000A360236823F00053236002F6080353E85B
:1030C000003F23F0604302F6080040E80031002989
:1030D000F3D102F6080353E8003F23F0606302F6E1
:1030E000080040E800310029F3D11D4BF02283F89D
:1030F000252320225A601848FEF70CFBFEF701FB3F
:1031000040230362174B1980174B1980FEF7F0FA22
:10311000164B1980164B1980436823F400634360F3
:10312000836823F008038360436823F4804343608B
:10313000836823F022038360836843F480538360B1
:10314000036843F001030360C3699A02FCD5C369B5
:103150005B02F9D510BD00BF0038014000300140CE
:1031600000E100E0684C00206A4C0020644A002026
:10317000664A002008B5FFF773FF0348436ABDE8BD
:103180000840FEF7A3BA00BF00380140FFF7F2BFC6
:10319000024B1A68024B1A60704700BF7C4C00203B
:1031A000100D0020054A064B1968136899421DBF8F
:1031B0000133012013600020704700BF100D002074
:1031C0007C4C0020034A0449136809680B441360CF
:1031D000704700BF7C4C002070020020014B186833
:1031E000704700BF7C4C00200148FFF792B900BF38
:1031F00000040040014B586A80B270470004004050
:1032000008B5FFF7F1FFBDE80840FFF7C1BF0000B8
:10321000044BDA6822F00202DA606FF002021A61EF
:10322000704700BF00040040002208B50260FFF7AD
:10323000EFFF044BF02283F81D234FF000521A6079
:1032400008BD00BF00E100E008B5036853B1FFF717
:10325000DFFF054B5A6A114489B25963DA6842F0BC
:103260000202DA6008BD00BF00040040074B1A6983
:10327000920709D56FF002021A61DA6822F00202A1
:10328000DA60034B1B681847704700BF000400401A
:103290005034002038B51E4CC4220021201D10F0EF
:1032A00038F8012323800F231A496380A380052265
:1032B0004323A01DFDF7CAFC174A184B1549C4E962
:1032C00013234FF6FF7363653F230225A4F858309C
:1032D0000522432304F15A00A4F84A50FDF7B6FC36
:1032E0004FF48033C4F8A0300D49A4F89E50002359
:1032F00004F1B000C4E92A3384F8A43010F089F94D
:103300007F2384F8C530052384F8C63038BD00BF5C
:1033100038060020945901080F0003001B00070025
:10332000A544010870B5094E05460C46415C30467F
:1033300010F006F8034628B1831B0133DBB2282BBB
:1033400028BF0023F35C2B5570BD00BF006101084E
:1033500070B50D4611460446164610F05AF92DB3C5
:10336000013D082D08D8DFE805F0051113151719E0
:103370001B1D1F0035236371627973799A4215D141
:1033800020460521BDE87040FFF7CCBF6123F2E77E
:103390006623F0E76B23EEE77023ECE77523EAE79B
:1033A0007A23E8E73123E6E73223E4E770BD000043
:1033B000F7B5054605F111061F4C204A01463601B6
:1033C0006846FFF7C5FFB01C6946204410F021F99C
:1033D000264404EB0512002302277772A2F81A3163
:1033E000142202FB05404FF001110165A1F1FF21FC
:1033F0000122416540F20111A0F84A20C264A0F800
:1034000058104FF48070A0624FF4007084F834308C
:10341000E284A08584F82E2084F8307084F833305C
:10342000C4F83A30C4F83E30C4F84230A4F846102C
:10343000A4F8481003B0F0BD7C04002060440108EB
:103440002DE9F3410546A34CA34A05F111074FEAC4
:1034500007180E4601466846FFF77AFF08F102009A
:10346000A04469462044FDF713FB98F80930072B68
:1034700084BF002388F8093004EB0710974B427A89
:10348000198841FA02F212F001020ED1427261B1C2
:1034900011F0010209D141FA02FC1CF0010FD0B277
:1034A00000F0A38104EB0712507204EB051228010F
:1034B00092F81A11052902D9002182F81A1104EB99
:1034C000000C59889CF81A2141FA02F212F001020C
:1034D00010D18CF81A2169B111F001020AD141FA18
:1034E00002FE1EF0010F5FFA82FC00F083812218B9
:1034F00082F81AC1221892F81B11032902D900215F
:1035000082F81B1104EB07177A7A012A03D9042ADF
:1035100001D000229A802718998897F81B2141FA38
:1035200002F212F001020FD187F81B2161B111F0F4
:10353000010209D141FA02FC1CF0010FD7B200F0E0
:103540005E81221882F81B71002E40F09E811422A9
:1035500002FB054191F84A60042E02D9012681F848
:103560004A6002FB054292F84B10042902D900215F
:1035700082F84B10142202FB0542B3F84A1092F86D
:103580004B6041FA06F6F60712D4012682F84B602A
:1035900071B18E07C1F340020AD441FA02F7FF0766
:1035A000D6B240F13181142202FB054282F84B6011
:1035B000142202FB054292F84C10032902D9012182
:1035C00082F84C10142606FB0546B3F84C1096F80A
:1035D0004C2041FA02F212F0010210D186F84C2080
:1035E00069B111F001020AD141FA02F7FF07D6B220
:1035F00040F10F81142202FB054282F84C60142234
:1036000002FB054292F84E10012902D9002182F8EE
:103610004E10142606FB0546B3F84E1096F84E20C1
:1036200041FA02F212F0010210D186F84E2069B17F
:1036300011F001020AD141FA02F7FF07D6B240F1B8
:10364000ED80142202FB054282F84E60142202FB38
:10365000054292F84F10042902D9002182F84F1038
:10366000142606FB0546B3F8502096F84F1042FA90
:1036700001F111F0010110D186F84F106AB112F07A
:1036800001010AD142FA01F7FF07CEB240F1CB8027
:10369000142101FB054181F84F60142101FB054114
:1036A00091F85160032E02D9002681F85160142749
:1036B00007FB0547B3F8526097F8511046FA01F13D
:1036C00011F0010118D187F85110AEB116F00101C7
:1036D00012D105E07C040020604401083806002077
:1036E00046FA01FC1CF0010FCFB200F0A1801421BA
:1036F00001FB054181F85170142101FB054696F844
:103700005070022F02D9012786F8507001FB054145
:1037100091F85460022E02D9012681F854601421D8
:1037200001FB054696F84D70022F02D9002786F856
:103730004D7001FB054191F85260012E02D901261E
:1037400081F85260142101FB054696F85570012F4F
:1037500002D9012786F8557001FB054191F85360A5
:10376000022E02D9002681F85360142707FB054773
:10377000B3F8566097F8531046FA01F111F00101C1
:1037800010D187F853106EB116F001010AD146FA34
:1037900001FC1CF0010FCFB24FD0142101FB0541F9
:1037A00081F85370142101FB054696F856700C2FD2
:1037B00002D9002786F8567001FB054191F84C604C
:1037C000012E08D191F84F60042E04D1D70738D5C7
:1037D000002281F84F20142202FB054292F84F107C
:1037E000A1BB92F85120012A35E00132102A7FF462
:1037F00052AE5AE60132102A7FF471AE7AE60132F7
:10380000102A7FF497AE9FE60132102A7FF4C5AEEE
:10381000CEE60132102A7FF4E7AEF0E60132102A3C
:103820007FF409AF12E7013110297FF42BAF34E7A1
:10383000013110297FF454AF5EE701311029A6D180
:10384000B0E712F0040218BF0222C2E701290AD130
:1038500092F85120022A01BF142202FB05420021E6
:1038600082F8511007E0022903D192F85120032A6F
:10387000F1E70329B5D0142202FB0542012182F8A9
:10388000571040F20111A2F8581094F82620042A8B
:1038900002D9012284F8262094F82720042A02D98C
:1038A000002284F82720B3F89E1094F8272041FACC
:1038B00002F2D7070ED4012284F8272051B18E07D7
:1038C000C1F3400206D441FA02F7FF07D6B244D54D
:1038D00084F8276094F82820022A02D9002284F86C
:1038E000282094F82920022A02D9012284F82920CC
:1038F000B3F8A01094F8292041FA02F212F0010264
:103900000CD184F8292049B111F0010206D141FA05
:1039100002F7FF07D6B224D584F8296094F82A204C
:103920000C2A02D9002284F82A2094F832200C2A8A
:1039300002D9002284F8322094F82B20042A02D9DC
:10394000002284F82B2000224749164611F9017FF6
:1039500017F1780F09DA0E7009E00132102AB2D19E
:10396000B8E70132102AD2D1D8E7782FF3DC013240
:10397000D2B20C2AEAD13D490022012611F8017F7A
:103980000132022FD2B288BF0E70042AF6D194F809
:103990003420022A02D9002284F83420B3F8A2206D
:1039A00094F8343042FA03F313F001030CD184F895
:1039B00034304AB112F0010306D142FA03F6F60799
:1039C000D9B211D584F8341094F82C30022B02D9D6
:1039D000002384F82C3094F82D30032B08D80AD11A
:1039E000002384F8343006E00133102BE5D1EBE7F7
:1039F000022384F82D3094F82E30022B02D90123B3
:103A000084F82E3094F83030022B02D9022384F847
:103A1000303094F833300C2B02D9002384F8333043
:103A200094F83530042B02D9002384F83530104B3C
:103A300018444FF6FF71A0F820111421FF2201FB5A
:103A4000053183F82F2083F831204FF0FF32C0F882
:103A50001C211A629A84A1F85A20A1F85C20DA8607
:103A60001A8702B0BDE8F081B5040020C10400202F
:103A70007C0400200021FFF7E3BC01210020FFF7B8
:103A8000DFBC0000034670B50846052B04D8DFE80C
:103A900003F01D0421191D21FEE720261F250F22FA
:103AA000184CA3702277013B0122A4F84C60A4F8C3
:103AB0004E50A276A273042B10D8DFE803F0131A3D
:103AC0001C1C1A0009266F250722E9E71426322557
:103AD0000A22E5E7352613251922E1E700232371A1
:103AE000237401E022712274FDF7B2FA60736076EC
:103AF00070BD0223F3E7002323712374A376A3731D
:103B0000F2E700BFFC030020044B012283F855209C
:103B1000A3F85620A3F85820704700BFFC030020EC
:103B20002DE9F043974D984C00F1110805EB08176B
:103B300002378DB006463846FCF7C6FF04210290D6
:103B400002A8FDF717FE05EB0613E08393F81B317F
:103B50004FEA06192BB103EB031303EB03231844BD
:103B6000E08305EB08135B7A062B40F0E780E38BDC
:103B700003F5B5432533E383142303FB065305EB19
:103B8000081893F84B00FFF7BFFF98F80910617011
:103B90008B1FA944012B8CBF0023012399F81A0124
:103BA00084F85A30FFF76EFF99F81B21E18B029BD6
:103BB000E1806182A36063612AB14FF0113000FBA4
:103BC0000233A3606361142303FB0653616293F81D
:103BD0004A006E4B84F8292013F920302373237692
:103BE000002384F82A30637B23B93846FCF78CFF26
:103BF00084F82A006078FDF72BFA654A84F82800DB
:103C0000128802F00101970748BF41F00201A18527
:103C10000346500742BFA18D41F00401A185110761
:103C200042BFA18D41F01001A185D70642BFA18DF1
:103C300041F02001A185900642BFA28D42F008020A
:103C4000A285544A03AF02F1200E10685168BC46A9
:103C5000ACE80300083272456746F6D11068CCF82C
:103C60000000A2784C4F06210CA801FB030313446B
:103C7000B7EE087A13F824CC84F820C007EE90CA77
:103C8000F8EEE77A17E90F0067EE877A87E80F000A
:103C9000FCEEE77A40F2E243CDED017AA4F8503031
:103CA0009DF80430B4F84C20A4F852304FF47A73E5
:103CB000B3FBF2F3A4F84030142303FB06534FEA9E
:103CC0005C0CBCF1050F93F8503038BF4FF0050C79
:103CD00084F854C0002B39D0022B14BF4FF4E133C9
:103CE0004FF461336364142303FB065393F8543099
:103CF0007BB3022B14BF4FF4E1334FF46133A36461
:103D0000002384F85B3084F85D30142303FB0656EF
:103D100096F84C30032B03D096F84F20042A02D19A
:103D2000012284F85B20591E4A424A4184F85C20F3
:103D300094F85B2082B1012B0ED1FEE7072B7FF4B4
:103D40001BAFE38BA3F5B543263B14E74FF4614368
:103D5000C8E74FF46143D2E72178142000FB0155F6
:103D600095F84C10022907D1012184F85D1022B189
:103D700094F85D301BB1FEE70AB9012BF8D00DB005
:103D8000BDE8F0837C040020FC0300209459010866
:103D900038060020A44201082C04002002484FF4F9
:103DA000DE72FF210FF0B5BA7C04002002484FF408
:103DB000DE71FEF711BE00BF7C04002002484FF404
:103DC000DE71FEF7F5BD00BF7C04002008B5FFF7EB
:103DD000F5FF034B1878BDE80840FFF74BBE00BF66
:103DE000FC03002070B5FFF7D9FFFEF70BFE042897
:103DF0000CD0FFF7D3FFFEF705FE042803D1FFF731
:103E0000DDFF042806D0FFF7C9FF03E0FFF7D6FF68
:103E10000428EED14B494C484B4C10220FF09DFA30
:103E200038B14A49102220460FF097FA08B1FFF73F
:103E3000B5FFA38A42F6A10293425FD042F6A002E8
:103E4000934251D80021404B0D460426012093F89F
:103E50004F20012A05D9022A14BF2A46324683F888
:103E60004F2093F85020042A17D0052A17D0033A80
:103E700018BF012201310A2983F8502083F8540029
:103E800003F11403E3D194F82C30042B09D0052B53
:103E900028D0002384F82C3005E00122EAE7022232
:103EA000E8E784F82C0042F6A103A38201252269E9
:103EB0002449254842F6A2039A424FF010021CBF43
:103EC000236101250FF049FAD0B11E491E48102286
:103ED000FCF73AFF1E491F480822FCF735FFFFF7A1
:103EE00065FF0FE00223D5E70025E8B20135FFF7B3
:103EF0005FFA0A2DF9D10023E377D4E70025D6E74E
:103F0000002DECD1E37F104A092B84BF0023E37717
:103F1000E17F1420002300FB0144013394F84C009E
:103F200082F84C000A2B02F11402F6D10A4C2170DF
:103F3000FFF7B0F92078FFF79DFD2078BDE87040CD
:103F4000FFF7EEBD674401087C04002078440108B7
:103F5000894401082E060020FC0300200229F7B541
:103F6000054600D9FEE70B4E06EB01131C460F0178
:103F70006278F15DC3609B780DF01AFEE3790193DE
:103F8000A379009322796379E17828460DF039FE10
:103F900003B0F0BDC877010838B5836804466BB13B
:103FA000024652F8143BDD6900F11503A847217D54
:103FB00020462022BDE838400DF07FBE38BD00000D
:103FC0007FB58D7A8160044675B301210DF0C6FD81
:103FD000012120460DF0DAFE012120460DF0F0FE11
:103FE000A368204693F90810FFF7D6FFA368204680
:103FF0001978FFF7B3FF0022114620460DF0CBFDE4
:104000000023009344F2030220464FF6FF710DF0A7
:1040100014FE20464FF6FF710DF036FE204604B028
:10402000BDE870400DF0BEBE03210DF097FD2046A7
:1040300001210DF0ABFE204601210DF0C1FEA36869
:10404000204693F90810FFF7A7FFA3685E680C4BA2
:1040500023612A462046102386210DF0D5FE5B23DE
:10406000CDE90053204602951023042270210DF063
:10407000DAFE2A46314620460DF0F3FEBBE700BFCC
:10408000B477010810B504460DF08CFE20464FF6BB
:10409000FF71BDE810400DF0F7BD000038B5816834
:1040A000036891F90810DD69044600F1150300F179
:1040B0001402A847A3689A7A42B11A78022A00D952
:1040C000FEE7044B03EB0213E36038BD024B2361B0
:1040D000FBE700BFC8770108B477010810B50A4CA8
:1040E000A06858B1E36823B9236913B92046FFF7E4
:1040F000D5FFA3689B7A23B1E3689868A0F57A702E
:1041000010BD2369D868F9E734330020836810B5FF
:10411000044683B1C3681BB903690BB9FFF7BEFF3F
:10412000A3689B7A1BB1E368B3F90C0010BD236947
:10413000B3F91000FAE71846F8E7836810B50446AB
:1041400043B1C3681BB903690BB9FFF7A7FF94F923
:10415000150010BD1846FCE738B5836804460D46C7
:104160006BB901210DF006FE29462046FFF728FF16
:104170007D20FEF765FBBDE83840FEF7BFBA38BDCD
:1041800090F8D43053B190F8D520074B03EBC2011F
:1041900053F83230497953F821007047037C00EB23
:1041A0008300406B704700BF6459010838B504466E
:1041B0001546084609490FF02CFA04EB850292EDEA
:1041C0000D0ADFED077AB8EE400A20EE270A0DF05F
:1041D00075FFFCEEC07A17EE900A38BD8F440108D7
:1041E000000050392DE9F3419DF824701646402F08
:1041F00088464FF05B024FF0000104461D4628BF81
:1042000040270FF086F8904BDB8B23803278A37821
:1042100062F30203A3707378DB0003F0080343EA40
:104220000811A37803F007031943A1707279E378AA
:1042300062F30003E370B279637962F3861363710A
:1042400096F90200FCF752FBE37860F34703E37052
:10425000F279237962F300032371327A62F3460321
:1042600023713279DBB202F0010203F07F0343EAEB
:10427000C213237132796379C2F3450223F03F03FD
:1042800013436371A37967F34703A3712B78AA786B
:10429000E3716B7802F01F0203F0070343EAC203E5
:1042A00023726A88637AC2F3451223F03F031343F3
:1042B00063722A79DBB202F0030203F03F0343EAA0
:1042C00082136372AB88C3F38703A3726A79E37ABC
:1042D000C2F3800223F001031343E372AA79DBB235
:1042E00002F07F0203F0010343EA4203E372EA882B
:1042F000237BC2F3C31223F00F03134323732B7AE0
:10430000AA7AE3736B7A02F01F0203F0070343EA11
:10431000C20323746A89637CC2F3451223F03F030E
:10432000134363742A7BDBB202F0030203F03F0302
:1043300043EA82136374AB89C3F38703A3746A7B74
:10434000E37CC2F3800223F001031343E374AA7BEE
:10435000DBB202F07F0203F0010343EA4203E3749D
:10436000EA89237DC2F3C31223F00F03134323759D
:104370002B8ADB0863756B8ADB08A375AB8ADB08C5
:10438000E375EB8ADB0823762B8BB3F5C06F4ED237
:10439000B3F5007F94BF00230123227B63F3051252
:1043A00022736B8BB3F5C06F43D2B3F5007F94BF1C
:1043B00000230123227B63F387122273AB8BB3F5B7
:1043C000C06F38D2B3F5007F94BF00230123227D54
:1043D00063F305122275EB8BB3F5C06F2DD2B3F5E5
:1043E000007F94BF00230123227D63F38712089B83
:1043F00022751F4404F11802BB4220D14FF6FF730F
:1044000021460DF106000D22ADF80630FDF798F9B2
:104410002146BDF8063021F80D3F4C22FDF790F9FA
:10442000BDF80630A4F8593002B0BDE8F08102238F
:10443000B3E70223BEE70223C9E70223D4E713F858
:10444000011B02F8011FD7E7FC03002013B59DF8FC
:104450001040CDE9003413460A460021FFF7C2FEA2
:1044600002B010BD13B5144B0288DB8B9A42044690
:104470001DD1837803F0F003102B01D0202B18D12D
:10448000A379A52B15D84FF6FF730DF1060059221D
:104490002146ADF80630FDF753F9B4F85900BDF8E0
:1044A0000630C01A18BF0120800002B010BD0120E4
:1044B000FBE70220F9E700BFFC03002030B53A4BD0
:1044C000027893F8261061F30302027093F8271024
:1044D00061F30712027093F82810427861F3030227
:1044E000427093F8291061F30712427093F82A1072
:1044F000827861F30302827093F83210827961F35B
:104500000302827193F82B10827861F30712827094
:1045100093F83410C27961F30302C27193F82C103E
:10452000C27861F30302C27093F82D1061F3071291
:10453000C27093F82E10027961F30302027142797E
:1045400093F8301061F30302427193F833108279CB
:1045500061F30712827193F83510C27961F3071283
:10456000C27103F1390100F10A0200F1160411F9D8
:10457000015F02F8015FA242F9D193F84610C27DB3
:1045800061F30102C27593F8471061F38302C275AB
:1045900093F8481061F30512C27593F8493063F33C
:1045A0008712C27530BD00BF7C0400200278344BF6
:1045B000C2F3030230B583F826200278C2F3031257
:1045C00083F827204278C2F3030283F82820427838
:1045D000C2F3031283F829208278C2F3030283F81E
:1045E0002A208279C2F3030283F832208278C2F350
:1045F000031283F82B20C279C2F3030283F834201C
:10460000C278C2F3030283F82C20C278C2F30312EB
:1046100083F82D200279C2F3030283F82E20427919
:10462000C2F3030283F830208279C2F3031283F8C5
:104630003320C279C2F3031283F8352003F1390124
:1046400000F10A0200F1160412F9015F01F8015F9E
:10465000A242F9D1C27DC2F3010283F84620C27D95
:10466000C2F3810283F84720C27DC2F3011283F8AE
:104670004820C27DC2F3811283F8492030BD00BFBB
:104680007C0400201FB58DF80C300123019303AB8F
:10469000009313460A460221FFF7A4FD05B05DF81A
:1046A00004FB0000F0B5274D012385F8A430044633
:1046B00085B0B0F80900FCF7EEFAC5F8A800B4F828
:1046C0000B00FCF7E8FA1422C5F8AC0004F10D0168
:1046D00005F1B000FCF74AFB94F9213085F8C530AC
:1046E00094F8223085F8C63004F12300FFF75EFF0E
:1046F0006E4604F1410304F15107186859683246C7
:1047000003C20833BB421646F7D1432308220E48A2
:104710006946FCF743FA94F85130A5F89E3094F8B6
:104720005230A5F8A03094F85330D5F8AC20A5F855
:10473000A23042F6A1039A4201D0FFF79EF905B0DC
:10474000F0BD00BF38060020920600202DE9F0439E
:1047500095B004AF4FF0400805460E460392002185
:10476000424638460EF0D5FD222242F6A2008DF8D0
:104770001020FCF77FFADFF88490ADF84C0042F689
:10478000A100FCF777FA1C4C99F80010ADF84E0028
:1047900004EB01110DF11200062201F58971FCF7FD
:1047A000D3FA99F8000004EB001107A891F81A2138
:1047B00091F8194102F00F0204F00F0444EA0214C8
:1047C00091F81B2102F00F0244EA0224BDF81820E0
:1047D00022F47F6222F00F021443ADF81840FFF775
:1047E0006DFECDE90078039B324602212846FFF793
:1047F000F9FC15B0BDE8F0837C040020FC03002028
:10480000034B04491A68044801FB02001860704712
:10481000400700200D6619005FF36E3C38B50B4A67
:104820000B4D13782C78A34205D101332B702878D7
:1048300000F0010038BD1470FFF7E2FF6FF0004395
:1048400098423CBF01342C70F1E700BF3D070020C7
:104850003E0700200B4A0C49126882600A68026118
:104860004A680A4942610A6882614A68C261002353
:104870004EF6602283808371838103840260038506
:10488000704700BF7C4C0020944401089D440108FF
:1048900010B50E4CA36803B9FEE70D4A12791A70E1
:1048A000002120460DF043F94FF47A70FDF7C8FF60
:1048B000204601210DF052F9A36820461978FFF730
:1048C0004DFB2046FFF7DEFB10BD00BF3433002058
:1048D000FC03002038B5174D0446A87869780528F0
:1048E0001BD14FF6FF732385FFF7CCF86B780122BD
:1048F0009A40238D23EA020323850F490F48FFF7CF
:104900002BFC0E48FFF7BEFB0C481121FFF744FBC0
:104910002046BDE83840FFF7BBBF002323850220B7
:10492000FFF7B0F86A7801239340228D13439BB2BE
:10493000E2E700BFFC030020000400203433002025
:1049400008B590F8203002468BB9FDF7EDFE10B99E
:1049500082F8210008BD92F8213001335BB2312B7F
:1049600082F82130F6DD012382F82030F2E7FDF7EE
:10497000DBFE18B1322382F82130EBE792F82130C8
:10498000013B5BB2002B82F82130D8BF82F82000B7
:10499000E0E70000134B90F820201B68CAB1826842
:1049A0009B1AB3F57A6F01D9012343710379ABB137
:1049B0000D4B427B1B781AB1022B1CBF03220273E2
:1049C0009A1E534253414373837953B103230373B4
:1049D00070478360EAE701230371F8E74379002B0E
:1049E000F9D170477C4C00201D080020037B9A1EE3
:1049F000012A4FF0000202D890F8201011B902737A
:104A0000184670471346FBE770B51D4C1D4E054612
:104A10005B22002120460EF07CFC2B6923606B6931
:104A20006360194B194D1B7831789A1E53425341DC
:104A3000627A05EB011163F30002627201F589717C
:104A4000062204F10A00FCF77FF9337805EB031224
:104A500005EB031592F81B1195F8193192F81A21FC
:104A600003F00F0343EA02132374637C204661F3CF
:104A7000030359216374FCF77DFEA4F8590070BD4F
:104A800095330020FC0300201D0800207C0400203A
:104A90000A4A38B5138801339BB2502B04460D46A1
:104AA00001D8138038BD002305491380FDF795FB1D
:104AB00029462046FDF791FBF4E700BF140D0020C6
:104AC000F94501082DE9F84F154604460F46774988
:104AD000FDF783FB29462046FDF77FFB744B002240
:104AE000012F1A804FF0904610D10223B362B761B4
:104AF00046F2A810FDF7A4FEB76246F2A810FDF733
:104B00009FFE29462046FFF7C3FFF0E7BB1E0122A8
:104B10000C2B00F2BE80DFE803F0374A5E1F07BCB3
:104B2000BCBC7171717171004FF090464FF001087B
:104B30000227C6F8188046F2A810B762FDF780FE7B
:104B4000C6F8288046F2A810B761FDF779FE29461D
:104B50002046FFF79DFFEBE74FF090464FF001082E
:104B60000227C6F8188046F2A810B761FDF768FE64
:104B7000C6F8288046F2A810B762FDF761FE294604
:104B80002046FFF785FFEBE7B26202274FF0904621
:104B9000B76146F2A810FDF753FEB76246F2A810BF
:104BA000FDF74EFE29462046FFF772FFF0E702238D
:104BB000B36101274FF09046B76146F2A810FDF7A8
:104BC0003FFEB76246F2A810FDF73AFE294620469E
:104BD000FFF75EFFF0E7B26102274FF09046B76142
:104BE00046F2A810FDF72CFEB76246F2A810FDF7BA
:104BF00027FE29462046FFF74BFFF0E7A7F1090AF9
:104C00005FFA8AFA00264FF0010956453EBF4FF081
:104C1000904302229A614FF004084FF0904B46F205
:104C2000A810CBF81890FDF70BFE46F2A810CBF8B1
:104C30002890FDF705FE08F1FF3829462046FFF7CA
:104C400027FF18F0FF08EAD10223CBF828304FF0F5
:104C500004084FF0904B46F2A810CBF81890FDF7DF
:104C6000EFFD46F2A810CBF82890FDF7E9FD08F11A
:104C7000FF3829462046FFF70BFF18F0FF08EAD15E
:104C80000136A7F10803F6B2DBB2B34238BF002603
:104C9000BBE70223B261B3614CF25030FDF7D0FDA7
:104CA00029462046FFF7F4FEF6E700BFF945010864
:104CB000140D002010B50446084694F901308B42CB
:104CC00001D1237823B901232370FDF772FD6070B1
:104CD00010BD000008B5437802789A4213D0042B27
:104CE0008ABF042303700370027888BF4370064BA9
:104CF000064813F92210064B19731976836813B10D
:104D00001972FFF749F908BD94590108343300209E
:104D1000FC03002010B50AB9437010BD541E0B2CC3
:104D2000FBD80332D2B231F91220C83A03FB022277
:104D300040F2716192FBF1F212B222EAE2729A42FF
:104D4000C8BF1AB24270E8E72DE9F0410D46022DC6
:104D50001146DDF818801A4A1A4E1B4F044626D811
:104D6000002D0CBF384610463546012BC4E900051E
:104D700024D0023B012B124B88BF0023A3600023E9
:104D8000C4E90337114BE661C4E9052303689B6856
:104D90009847A06818B1036841469B6898476068C7
:104DA0000368BDE8F0419B684FF4E1311847032DDB
:104DB00015BF3846304635463D46D6E7024BDDE75F
:104DC00064020020680200205C02002060020020D3
:104DD0000A46014610B902480CF083BE704700BF76
:104DE0003433002038B515461C46A0B9FDF752FCF7
:104DF0000A462B4601460A480CF04CFE08484FF67E
:104E0000FF710CF041FF22010548BDE8384092B225
:104E100001210CF062BF0248FFF734F938BD00BF32
:104E20003433002037B50C4638B91548836833B998
:104E3000812281F88C2081F88E3003B030BD9D7ABC
:104E400095B101F18E020DF106010CF070FFBDF974
:104E50000630002B0FDB4FF6FF73ADF80630BDF8C0
:104E6000063084F88C30E8E70DF106010DF02FF8DC
:104E700084F88E50EBE77F33F1DA4FF68173ECE77D
:104E80003433002070B5114C0D4606465B23224694
:104E900021462846FFF79CFFD6E906132068626882
:104EA0009A4208BF88420ED120465921FCF762FC85
:104EB000B4F85940231A5C425C4128460449FFF784
:104EC000B1FF601C70BD0024F7E700BF7431002003
:104ED000883200200A4608B501460148FFF7F2FD76
:104EE000000000200023037083704370037143713E
:104EF000C370704703780022022B427104D0032B49
:104F000009D0012B16D0FEE701230371437183788A
:104F10004370C370704783784278991AA3EB0202FA
:104F200018BF012112F0060F14BF012200220171E7
:104F30004271EDE70271704702788170002A0CBF60
:104F4000022203220270FFF7D5BF0000074B282280
:104F500002FB003083681A78542A05D15878A0F1F2
:104F6000780358425841704700207047A8590108FB
:104F7000074B282202FB003083681A78522A05D199
:104F80005878A0F178035842584170470020704784
:104F9000A8590108074B282202FB003083681A78C1
:104FA000542A04D15878783818BF0120704701205E
:104FB000704700BFA859010828230B4A434310B586
:104FC000D1580446FFF7D4FF48B92046FFF7BEFF8B
:104FD000064B1B7828B103EB830301EB83010846E2
:104FE00010BD01EB0311FAE7A8590108FC030020EA
:104FF0002E2838B505461AD80E4B282202FB00335E
:105000004CB21B79022B0DD0FE2B10D1FFF7D4FF31
:105010000378E4B2A3420AD004702846BDE83840C1
:10502000FFF7B8BFFFF7C8FF90F90030F2E70020A4
:1050300038BD00BFA85901082E2838B504460D46D2
:1050400019D80E4B282202FB00331B79FF2B12D1FB
:10505000FFF7B2FF06222946FBF79BFE58B9204610
:10506000FFF7AAFF29460622FBF780FE2046BDE88F
:105070003840FFF78FBF002038BD00BFA859010896
:105080002DE9F043074615462820394A4143501878
:10509000012B046A87B025D15258364B9A4235D03D
:1050A000A3F1CE018A4233D03349F23B9A4208BF82
:1050B0000C46FF238DF800304FF0000801262046F3
:1050C000FBF7B8F85FFA88F9484529D806F11803C4
:1050D0006B44AE4203F8188C30D80020387007B00B
:1050E000BDE8F083022BE4D15258224B9A4211D0F2
:1050F000591C8A4210D0A3F1CE018A420ED0A3F1EE
:10510000F2018A420AD01D49EC3BCFE71C4CD0E7A4
:10511000194CCEE71B4CCCE71B4CCAE71B4CC8E72D
:1051200014F809302C2B06D106F118036B44013614
:1051300003F8188CF6B208F10108C0E705F118036E
:105140000DEB0305002315F8182C15F9175C013237
:10515000D2B29918C9B2A94207EB030003DB0023BE
:1051600003700120BBE7615C01700133DBB2F0E743
:10517000A859010895050020A6440108DA44010851
:10518000F7440108A04501087E450108544501087F
:10519000054B282202FB0030436A0BB11888704788
:1051A0004FF6FF70704700BFA859010838B50B4B88
:1051B000282202FB0030056A2846FBF73BF8002254
:1051C0001146D4B24B1CA042DBB201D8184638BD00
:1051D0002C5D01322C2C08BF1946F2E7A8590108B2
:1051E00038B5104B282202FB003301461B79FE2BF9
:1051F00015D1FFF7CDFF04460846FFF7D7FF002281
:1052000013460125D1B2884201D8184638BD05FAA7
:1052100002F121421CBF0133DBB20132F2E7FF236E
:10522000F3E700BFA85901082DE9F04F4FF0000A3D
:105230001D4E93B004460F46D146D6F808805FFA5B
:105240008AF54FF0000B0DE018F8030001920DF005
:1052500037FFC3B2019A202B08BF5F2302F8403CFE
:105260000BF1010B5FFA8BF340460193FAF7E2FF73
:10527000019B03F1480298426A44E5D802F8409C39
:10528000394602A8FAF7CCFF48B10AF1010ABAF18F
:105290002F0F06F12806D0D10025284600E0012076
:1052A000257013B0BDE8F08FA859010837B51E4D21
:1052B0001346282202FB015504462A79FE2A18D0FB
:1052C000FF2A24D0022A2BD10846FFF775FE21467B
:1052D00090F900000CF0DFFA2D692B783BB11349EF
:1052E00020460EF01EF8294620460EF01AF801203E
:1052F00018E0084601930091FFF75EFE019B0278DB
:105300000099204603B0BDE83040FFF7B9BE08461B
:10531000FFF752FE062201462046FBF727FDE6E78F
:105320000020207003B030BDA85901080C460108C8
:10533000F8B5194B1646282202FB063300241A79C9
:105340000470022A07460D4603D0FE2A13D02046D9
:10535000F8BD93F918209142F9DB93F91C3099427A
:10536000F5DC4FF0000165F307013046FFF740FE22
:1053700001243870EBE70029E9DB3046FFF716FF20
:10538000A842E4DD3046FFF703FF40FA05F313F0CF
:105390000103E6D11C46DAE7A85901082DE9F843D4
:1053A00000230370124B1746282202FB07330646E0
:1053B0001B79FF2B0C4603D000252846BDE8F88357
:1053C0000846FAF737FF0628F6D104F1FF3804F152
:1053D000050918F8010FFBF741FB05460028EBD043
:1053E000C845F6D121463846FFF726FE3070E4E77F
:1053F000A8590108F8B5104E4FF0280C0CFB0266B6
:10540000002736790770FE2E04460B46154603D05A
:10541000FF2E0BD0022E0DD118460DF0B9FD2A46F5
:1054200001462046BDE8F840FFF782BFBDE8F840DE
:10543000FFF7B4BF3846F8BDA859010810B50446B7
:105440000846B2B9FBF760FB042812D8DFE800F089
:1054500003090B0D0F00084920460EF0DAF8012071
:1054600010BD0649F8E70649F6E70649F4E706499C
:10547000F2E70020F4E700BFDD450108E24501083E
:10548000E7450108EC450108F245010810B504465E
:105490000068FCF7A2FE02492068FCF79EFE10BDE2
:1054A000F8450108114B5B680360003B18BF0123FE
:1054B00003710023437180F88530C0F8883080F88C
:1054C0008C300B4BB3F84C30122B0BD91D2B0BD956
:1054D000312B8CBF0823052380F88D300023A0F8E2
:1054E0008E3070470123F7E70323F5E75C040020C3
:1054F000FC03002090F88530682B08D8C2180133CF
:10550000DBB2517180F88530184400234371704735
:1055100008B50530FAF784FEB0FA80F0400908BDFE
:105520002DE9F04192B00646084601911546FAF77A
:1055300081FE06F1050804464046FAF77BFEE4B218
:10554000631CC7B2BB42019903DB002012B0BDE867
:10555000F081224640460DF000FF0028F5D1221DC3
:1055600023461644BB4202461BD300F148036B445A
:10557000002403F8404C0028E7D09DF808303D2B6C
:10558000E3D1302302A88DF80830FAF753FE234602
:10559000DAB2904212D802A80DF0FAFC286001207D
:1055A000D4E716F8011F202905D048326A4401309B
:1055B000C0B202F8401C0133DBB2D3E748326A4480
:1055C000013312F8402C303A092AE1D9BDE7000036
:1055D0002DE9F0474379702B90B080460F46164670
:1055E00071D18379202B6ED1C0790DF061FD002837
:1055F0005CD000254FF0020A2C4608F10509484608
:10560000FAF718FE824522D305F140030DEB03059E
:10561000002305F8403CC4B3E8461D4618F8010BCA
:105620000DF04EFD78550135EBB2A342F6D30025BF
:105630003D550134E4B26846FAF7FCFD6719FFB244
:10564000874206EB050334D300221A702DE008EBE5
:105650000A035B793D2B0ED0202B07D005F14001CA
:105660006A1C0DEB010505F8403CD5B20AF10103B7
:105670005FFA83FAC3E72C46F0E705F140036B4479
:1056800013F8400C0DF01CFD78556846FAF7D2FD72
:10569000E5B2A84207EB050304F10104EDD80022AE
:1056A0000A491A7030460DF0B4FF012010B0BDE871
:1056B000F08707F140020DEB0207013517F8402C87
:1056C0001A70EDB2B7E70020F0E700BF13480108F9
:1056D0002DE9F0472C4E282303FB016688B033796F
:1056E000FE2B04460D4620D0FF2B4BD0022B2DD194
:1056F00096F9185025490068FCF77EFD2846694652
:105700000CF0C9F869462046FFF7C0FE96F91C5018
:105710001F492068FCF770FD694628460CF0BBF86D
:1057200069462046FFF7B2FE10E00846FFF730FD5D
:10573000DFF86490DFF864A080460027FEB2012302
:10574000324629466846FFF79BFC10B908B0BDE811
:10575000F087BBB248FA03F3DB0711D5206849464E
:10576000FCF74AFD06F130012068C9B2FCF729FDBB
:1057700020685146FCF740FD69462046FFF786FE4B
:105780000137DBE70349CDE7A8590108FB450108CC
:1057900003460108124601080B4601080E4601089F
:1057A000F0B504468BB008460D46FFF719FD254FAE
:1057B000254906462068FCF71FFD282303FB0577D3
:1057C0002068B968FCF718FD20492068FCF714FD33
:1057D0002EB91F492046FFF759FE0BB0F0BD01223C
:1057E000294602A8FFF762FD206802A9FCF704FD24
:1057F0003B79FE2B03D0FF2B1AD01649EAE7284647
:10580000FFF7DAFB057814492068FCF7F5FC05F191
:1058100030012068C9B2FCF7D4FC10492068FCF7BD
:10582000EBFC012EE9D10E492068FCF7E5FCE4E72A
:105830000C4B02A95A786846FFF700FE0028DCD01E
:105840006946F1E7A85901080B4601080E46010810
:1058500021460108A5440108314601081F460108F8
:1058600034460108FC03002038B54A4B1A6890F80A
:105870008C30012B044640F08B80D0F88830D31A4E
:10588000B3F5FA7FC0F08480434DC0F888202846E5
:10589000FAF7E8FF0CF00EF801462068FCF7ACFCC4
:1058A0003E492068FCF7A8FC05F11400FBF7BEFB9D
:1058B0000CF000F801462068FCF79EFC384920688F
:1058C000FCF79AFC95F894000BF0F4FF0146206871
:1058D000FCF792FC33492068FCF78EFC95F98C00AC
:1058E0000BF0F2FF01462068FCF786FC2E49206889
:1058F000FCF782FC95F98D000BF0E6FF014620686D
:10590000FCF77AFC29492068FCF776FC95F99200AF
:105910000BF0DAFF01462068FCF76EFC2149206895
:10592000FCF76AFC95F98E000BF0CEFF014620686B
:10593000FCF762FC1C492068FCF75EFC95F98F00BF
:105940000BF0C2FF01462068FCF756FC184920689E
:10595000FCF752FC05F15000FBF76EFB80B20BF038
:10596000BDFF01462068FCF747FC0E492068FCF7A4
:1059700043FC05F16400FBF75FFB80B20BF0AEFF68
:1059800001462068FCF738FC0A492046FFF77EFDF7
:1059900038BD00BF7C4C00208832002056460108EC
:1059A00043460108464601084946010844460108A5
:1059B0004B4601084E4601082DE9F04190F88E3023
:1059C00090B0044643B93A4A3A4B92F85A105B7C7D
:1059D000394A01B15B001370DFF8DC80354E0027D7
:1059E00094F88D20FBB29A4208D994F88E5098F81A
:1059F0000030AB4205D8002384F88C3010B0BDE8ED
:105A0000F081737C9D424DD275B92C492068FCF71A
:105A1000F3FB707C0BF04EFF01462068FCF7ECFBBB
:105A200027492046FFF732FD28460BF043FF014689
:105A30002068FCF7E1FB23492068FCF7DDFB7319C4
:105A40000137987C0BF036FF01462068FCF7D4FB49
:105A50001D492068FCF7D0FB06EB8503586B0BF063
:105A600047FF01462068FCF7C7FB18492068FCF790
:105A7000C3FB2A4608A93046FEF798FB69460BF09F
:105A8000D4FE6846FBF772F820686946FCF7B4FB61
:105A900008A92046FFF7FAFC94F88E30013384F809
:105AA0008E309DE7ED1A15F0FF05BDD10849ADE731
:105AB000FC030020180D0020450700205046010877
:105AC000F74D0108584601085F460108694601087C
:105AD0006F46010870B5254CE569AB0607D523680C
:105AE0009E0604D5606A224BC0B21B6898471F23EC
:105AF0002806236215D52368190612D51D4B1E4AA8
:105B00001988138889B29BB2994219D0138801333E
:105B1000C3F3080313801388184A9BB2D35CDBB22B
:105B2000A3626A0620D5114803685B061CD5FBF703
:105B3000E8FD40230362124BBDE870401B68184724
:105B40000A48FBF7E7FD402323624FF0402202F5AD
:105B5000806353E8003F43F0400302F5806040E873
:105B600000310029F3D1DCE770BD00BF00440040E4
:105B7000540200205A38002058380020583600209F
:105B8000580200200848094A0188138889B29BB24C
:105B90009942F9D013880133C3F3080313801388A3
:105BA000034A9BB2D05C7047563600205436002022
:105BB00054340020FFF7E6BF70B588B00C460646A7
:105BC00015460021202268460DF0A3FB231E18BFB6
:105BD00001231B03CDE9023569460C2303480196D6
:105BE0000494059309F06CFE08B070BD00440040B9
:105BF00010B5064C236823F001032360FFF7DCFF98
:105C0000236843F00103236010BD00BF004400403F
:105C100010B5134C2046FBF76BFDF1B111484FF462
:105C200000524FF48061FFF7E3FF23680E4823F032
:105C300001032360636843F400436360636823F4F3
:105C400080336360236843F0010323600823032249
:105C50001946FCF7F2FBFCF763F9012010BD00BF09
:105C600000440040A08601000004004810B5134C19
:105C70002046FBF73DFDF1B111484FF400524FF4BF
:105C80008061FFF7B5FF23680E4823F0010323600E
:105C9000636843F400436360636843F48033636084
:105CA000236843F001032360082302221946FCF70E
:105CB000C4FBFCF735F9012010BD00BF00440040D3
:105CC000A08601000004004810B53B4C236823F077
:105CD000010323604FF40030FBF7DCFC0823194676
:105CE00036480A22FCF7A9FB082334480322102176
:105CF000FCF7A3FB002211463148FFF75DFF636804
:105D000023F490436360A36823F02A03A36023680D
:105D100023F0005323604FF0402202F5816353E8E3
:105D2000003F23F0604302F5816040E80031002924
:105D3000F3D14FF0402202F5816353E8003F23F096
:105D4000606302F5816040E800310029F3D11D4B0A
:105D5000A02283F8262340245C601748FBF7DAFC76
:105D6000FBF7CFFC184B04621980184B1980FBF726
:105D7000BFFC174B1980174B1980436823F400634D
:105D80004360836823F008038360436823F48043FF
:105D90004360836823F022038360836843F4805365
:105DA0008360036843F001030360C3699A02FCD572
:105DB000C3695B02F9D510BD0044004000040048EF
:105DC000801A060000E100E0583800205A38002010
:105DD00054360020563600200649074A0B881288A0
:105DE0000133C3F3080392B29A421EBF034AD05450
:105DF0000B8070475A380020583800205836002051
:105E0000F8B5012380F86C3090F8BD30044603F0FB
:105E1000FF005BB194F8BD5004F16C070026B3B2EB
:105E20009D4204D8002384F8BD300120F8BD17F846
:105E3000010FFFF7D1FF0136F1E700000148FBF742
:105E40004EBC00BF0044004007B50D48FBF750FCB6
:105E5000036823F001030360436823F400434360B5
:105E6000036843F00103036008210023CDE9001318
:105E7000044803230A22FCF751FA03B05DF804FB3F
:105E800000440040000400480D4B07B51A680D4857
:105E900022F001021A605A6842F400425A601A68FD
:105EA00042F001021A6008210023CDE9001302220A
:105EB0000323FCF733FA03B05DF804EBFCF730B8CA
:105EC000004400400004004810B50446FFF7FCFE03
:105ED000124B13481A6822F001021A605A6842F401
:105EE00000325A605A6842F480325A605A6842F46A
:105EF00000425A601A6842F001021A6008231946EB
:105F00000222FCF79AFA0648032302221021FCF72A
:105F10008AFA2046BDE81040FFF7B6BF00440040B3
:105F20000004004808B5002383810371C380038106
:105F30008372036101460448FDF776F9BDE8084025
:105F40000846FFF7C1BF00BF50340020036810B5FA
:105F500004461B689847237A082B05D90A2B03D0DF
:105F6000092B02D00023237210BD236820465B68F2
:105F700098470028F6D00848036823B1FA21FDF7B6
:105F800063F90A23EFE72046FFF75EFF0B23237236
:105F9000BDE81040FFF752BF5034002001460148D1
:105FA000FFF7D4BF9818002001460148FFF7CEBF85
:105FB00024080020037A0A2B10B5044607D1FFF706
:105FC00043FF0B232372BDE81040FFF737BF10BD1E
:105FD0000148FFF7EFBF00BF2408002010B50446BA
:105FE000FFF752FF0023237210BD00000148FFF7A6
:105FF000F5BF00BF981800200148FFF7EFBF00BFB2
:106000002408002008B5017A094A0A29126801D833
:10601000026108BD0169521A142AFAD900220272DB
:10602000FFF732FF0348FBF76CFB40230362F0E706
:106030007C4C0020004400400238C0B210289ABFB7
:10604000014B185C002070472D5901083B4B02465C
:10605000586A137A10B580B233B19389C31A9BB2D0
:10606000FA2B84BF00231372137A9081052B19D861
:10607000DFE803F003080E334A564F2912D10123FB
:1060800013720FE0572901D10223F9E70023F7E744
:106090000023FF29937206D141F204731381537ECA
:1060A000002BF3D110BD9F290FD901F01F0001244F
:1060B000947282F83200FFF7BFFF507218B982F86D
:1060C0004B400923DCE70523DAE71829DED800294D
:1060D000F7D0032351721372E1E7B2F86E02B2F8FF
:1060E0007242431C2340B2F870429C421EBF80188B
:1060F00080F87412A2F86E32937A517A0133DBB2CF
:1061000099429372DDD9CDE7907A431C1044DBB2FB
:106110009372C176517A9942C4D801239376D0E71D
:10612000907A431C1044DBB2937280F83210517A9B
:106130009942B7D2012382F84B30C2E700040040F5
:106140002DE9F04389B0002301AFB0F868908DF8D5
:1061500004300446B8460125B4F86A204846114682
:10616000EEB2FBF757FFA0B1192D11D091451FBF1B
:10617000A318B4F86C1093F86E30013214BF0A40C3
:10618000002308F8013F18BFA4F86A200135E3E7AF
:106190002E46B6B20024013417F8010BA4B2FFF763
:1061A0001BFEA642F7D8012009B0BDE8F08370B508
:1061B00090F8665000F14C040026B3B29D4200D81E
:1061C00070BD14F8010FFFF707FE0136F5E770B553
:1061D000457E044605B1FEE7012680F84C6090F844
:1061E000663033B1FFF7E3FF84F866503546284642
:1061F00070BDB0F86A10B0F86800FBF70BFF00281C
:10620000F5D02046FFF79CFFF0E7027FC37E02F047
:10621000070243EA02230B80838BC3F3CA034B803C
:10622000C369C3F38A338B8090F82030C27F03F0B8
:106230000F03DB0143EA5203CB80038CC3F30A1341
:106240000B81036AC3F3CA334B8190F8243090F872
:10625000232003F01F039B0143EA92038B81838C6D
:10626000C3F34A13CB81C38CC3F30A030B8290F8A8
:10627000283090F8272003F03F035B0143EAD20364
:106280004B82836AC3F38A138B82438DC3F34A0321
:10629000CB8290F82C3090F82B2003F07F031B0169
:1062A00043EA12130B83C36AC3F3CA134B83C38D30
:1062B000C3F38A038B8390F8303090F82F20DB00F3
:1062C00043EA5213CB8390F8312040F2547312F01A
:1062D000010F14BF1A46AC220A8490F8312012F044
:1062E000020F08BFAC234B847047437E70B5044651
:1062F00043B1002303720D468E18B54203D100232B
:106300002372A37670BD236815F8011B1B68204615
:106310009847F2E7437E30B56BB190F8664004F0E1
:10632000FF0554B100F14D040C6090F86610117037
:10633000002280F86620184630BD2B46FBE700009F
:1063400042766AB30123037640F2FF11A0F86C1085
:1063500040F2FF710023A0F872127F2180F84C30C8
:10636000A0F86A308376A0F8683080F84B30A0F847
:10637000703280F86630A0F86E32A0F8763AA0F855
:10638000743AA0F8781A80F8FA3AC0F8FC3A52B990
:10639000054B064A1A60064B064A1A60FFF7C2BD53
:1063A00001760029D0D17047540200209D5F00087B
:1063B00058020020ED5F000873B5467E04461EB10A
:1063C0000025284602B070BD037E0191002BF7D056
:1063D000FFF718FEA37E03F0FF05002BF0D0019914
:1063E000A6762046FFF711FFEBE7427E10B5EAB92B
:1063F000037EBBB190F84C4004F0FF0394B10479E4
:1064000080F84C200CB10271C280C48882790134BA
:10641000052AC48008D0092A06D0012A4FF00002BC
:1064200006D10A70184610BD0122FAE70023F9E7E9
:106430001346F7E7037E63B190F84B2002F0FF03A9
:106440003AB1002280F84B2090F8322002F01F026F
:106450000A7018467047F8B506460D4617460021E3
:1064600019224D300CF055FF2846FFF7E5FD05F0E9
:106470001F050446603D0134024686F84D503946FA
:1064800006F14E00E4B20DF0CCF886F86640F8BD97
:1064900070B590F8FA4A0CB1002070BDB0F8745A8B
:1064A000B0F8763AEE1AB2B2360444BF803292B2F5
:1064B000002AF1D00D4A1668427E22B1D0F8FC2A9B
:1064C000921B092AE8D900229D42C0F8FC6A80F894
:1064D000FA2A08D0C218013392F87A4AB0F8782A1A
:1064E0001340A0F8763A0C700120D6E77C4C0020CF
:1064F00010B52C4C86B01822002168460CF009FF1C
:10650000237829488DF80630FDF700FEADF800002D
:106510002548FDF712FE9DF8073094F855208DF8B8
:10652000030062F303038DF80730204B93F8A42097
:106530005AB39DF8052042F001028DF8052093F82A
:10654000C52093F8C6308DF8042003F00F039DF8A2
:106550000720174863F30712164B8DF807201B79A5
:106560009DF802205B0043F0010322F0030203F0D8
:10657000030313438DF802306A462F230B218DF855
:106580000830FFF768FF06B010BDBDF8043023F4F3
:10659000FF7323F0010343F07F03ADF804300523BC
:1065A000D5E700BFFC03002034330020380600206C
:1065B00098180020480700207FB51822002168465F
:1065C0000CF0A7FE42F6A200FAF754FBADF800006B
:1065D00042F6A100FAF74EFB0749ADF8020014227B
:1065E00001A8FAF7B1FB05486A460421FFF733FF1B
:1065F00007B05DF804FB00BF77460108981800203B
:1066000010B5134C86B01822002168460CF081FEAC
:1066100094F8A430C3B1D4F8A800FAF72BFBADF876
:106620000000D4F8AC00FAF725FB1422ADF8020004
:1066300004F1B00101A8FAF787FB06486A46052174
:10664000FFF709FF06B010BD03491422F2E700BFAF
:106650003806002098180020A54401082DE9F04FC5
:10666000344C282303FB014489B007460846FEF753
:106670008FFD2379D4F82080FE2B814603D14FF67D
:10668000FF73984206D14146384609B0BDE8F04F45
:106690000CF0BFBF0846FEF78FFC002590F800B055
:1066A0002E46AA462C46EAB240460192F9F7C2FDB0
:1066B000019A013090424FF02D0102D809B0BDE897
:1066C000F08F18F802000AF1200CEC440AF10103E3
:1066D0002C28DBB20CF8180C00D040BB5E4503D070
:1066E00049FA06F0C00718D50DF1080E0022D0B205
:1066F00054FA82FC83425FFA8CFC08D8544401347B
:1067000004F0FF040136502CF6B20FD9FEE71EF854
:10671000010B07F80C000132E9E73955631CDBB2C5
:1067200018F80220FA540234E4B2EBE700230135F2
:106730009A46B8E7A8590108044B1870044B05485D
:10674000002207211A70FBF759BC00BFE03000207F
:10675000E13000200C23002008B50B78033B082B08
:1067600020D8DFE803F010050C1F1A1F1F1F0E00B2
:10677000042100F67420BDE80840FBF73FBC05216A
:10678000F7E70B21F5E7042100F67420FBF736FC50
:106790000521FBF733FC0B21EDE7BDE80840487805
:1067A000FFF7CABF08BD000070B56E4D2C782E2CC7
:1067B00086B00ED91822002168460CF0AAFDFF23EE
:1067C00069488DF800306A460721FFF744FE06B09D
:1067D00070BD664E317800294BD1022333701822E8
:1067E000634E68460CF095FD282303FB04638DF887
:1067F00000401B79FE2B27D0FF2B2DD0022B09D177
:10680000012320468DF80130FEF7D6FB90F90030C9
:106810008DF812302B78282202FB03660DF102005E
:10682000B1681022FAF790FA4F4807216A46FFF73D
:1068300012FE29784F48FFF711FF4F48072106B095
:10684000BDE87040FBF7DABB042320468DF8013029
:10685000FEF7B2FB0378DBE7052320468DF8013015
:10686000FEF7AAFB062201460DF11200FAF76CFAB8
:10687000D0E7022942D100211822684631700CF07D
:1068800048FD3B4B8DF80040282202FB04331A7967
:10689000022A0DD0FE2A1BD06A4608213248FFF793
:1068A000DAFD3378002BC8D12B7801332B708EE7BB
:1068B0001A7D8DF805201A7E8DF801201A7F8DF83B
:1068C0000320196906220DF10700FAF73DFAE3E704
:1068D0005B6A83B11B882749ADF8013015220DF1A1
:1068E0000300FAF731FA2348F9F7A4FC142884BF0F
:1068F00003233370D0E74FF6FF73ECE7032917D17A
:1069000000211822684631700CF003FD1B498DF8F8
:10691000004017220DF10100FAF716FA1548F9F7B1
:1069200089FC2B2884BF042333706A460921B5E70C
:1069300083D900211822684631700CF0EAFC0DF171
:1069400001000F498DF800401722FAF7FDF99DF874
:1069500000300548803B6A4609218DF80030FFF77A
:106960007AFDA1E7E030002098180020E1300020F7
:10697000A8590108E23000200C230020F730002045
:106980000E31002010B500230B70024600782E282F
:106990000C4611D8094B282101FB00331B79FF2B32
:1069A00006D0B2F90110FEF723FB2070012010BDC4
:1069B000511CFEF741FBF8E71846F8E7A859010813
:1069C000043807280DD8DFE800F004060C080C0C8A
:1069D0000C0AFFF7F1BDFFF713BEFFF7E5BEFFF7A7
:1069E00087BD704738B5530705460C460BD422F0D7
:1069F000004222F03F0222B12549BDE838400CF0A8
:106A000008BE2449F9E724490CF003FEA10702D58A
:106A100022492846F1E7A20601D52149F9E7630595
:106A200001D52049F5E7200401D51F49F1E7A1056B
:106A300001D51E49EDE7A20301D51D49E9E723066B
:106A400001D51C49E5E7E00501D51B49E1E71B4BF2
:106A5000A34301D11A49DCE76103FBD4E20301D56A
:106A60001849D6E7230501D51749D2E7E00601D535
:106A70001649CEE7610701D51549CAE7220701D5B6
:106A80001449C6E7E30201D51349C2E738BD00BF88
:106A9000854601088A4601088D460108924601088C
:106AA000974601089A4601089F460108A446010836
:106AB000A94601088D520108805401081000010008
:106AC000AE460108B3460108ED520108B846010878
:106AD000BB460108C0460108C446010810B514228F
:106AE000044600212A300CF014FC002384F8F7320D
:106AF0004FF07F42A4F8FC3284F8FE32C4F8003331
:106B0000FF23C4F8F82284F8043310BD0B68C0F8E2
:106B100090304B68C0F894300B7A80F8983001239D
:106B200080F82D3080F8333090F89630DB0980F80B
:106B3000FE327047993001F1280351F8042B40F8D8
:106B4000042B9942F9D10B8803808B7883707047AE
:106B500010B500F1C40301F1340251F8044B43F8BD
:106B6000044B9142F9D1012380F82E3010BDF8304A
:106B700001F11C0351F8042B40F8042B9942F9D180
:106B80000B780370704710B500F2151301F11C0269
:106B900051F8044B43F8044B9142F9D1012380F89A
:106BA000323010BD10B500F2311301F11C0251F862
:106BB000044B43F8044B9142F9D140F20113438551
:106BC000012380F8303080F8F93290F8FE3253B962
:106BD00090F8FD323BB9D0F83931C0F85332D0F8D3
:106BE0003531C0F84F3210BD00F2671001F11003CB
:106BF00051F8042B40F8042B9942F9D10B880380FB
:106C0000704700F24D1001F1180351F8042B40F8C1
:106C1000042B9942F9D10B880380704710B500F21C
:106C2000791301F1140251F8044B43F8044B9142DB
:106C3000F9D1012380F83130D0F8993013F01003E6
:106C400008D0D0F89D3013F010031CBFD0F8A1304D
:106C5000C3F3001380F83D3010BD0B7B192B30B50A
:106C60001FD1CA7A90F8FB329A421AD891F826308E
:106C7000012B16D00B4600F28D1201F1240453F8BB
:106C8000045B42F8045BA342F9D11C8814809B7812
:106C90009370012380F8323080F8FA32CB7A80F892
:106CA000FB3230BD00F5DA7001F1140351F8042B0A
:106CB00040F8042B9942F9D10B880380704791F872
:106CC000203030B57BB90B4600F5E57201F1340494
:106CD00053F8045B42F8045BA342F9D11B8813808C
:106CE000012380F82F3091F82030012B0ED100F5D0
:106CF000007301F1340251F8044B43F8044B914204
:106D0000F9D10A881A80012380F8343030BD0B682D
:106D1000C0F836324B68C0F83A320B7A80F83E320F
:106D2000012380F8FC3270470B68C0F83F324B6893
:106D3000C0F84332012380F8323070470B68C0F846
:106D400047324B68C0F84B32012380F83630704729
:106D500010B500F24F2301F13C0251F8044B43F807
:106D6000044B9142F9D1012380F8303080F8FD3294
:106D700010BD10B500F28B2301F1340251F8044B21
:106D800043F8044B9142F9D10A881A80012380F814
:106D90002C3010BDF0B500252C460126AB4206D89C
:106DA0000368214001FA02F213430360F0BD06FAC2
:106DB00005F73C430135F1E770B50446084694F801
:106DC0002A6016B90026304670BD94F8E0300022E3
:106DD000022B84F82A20F5D90A60D4F83551002D09
:106DE000C8BF6D423223B5FBF3F11E2301EB410115
:106DF000FFF7D0FFD4F8351102231E22C90FFFF789
:106E0000C9FFE0E770B50446084694F82B6016B950
:106E10000026304670BD94F8E0300022022B84F842
:106E20002B20F5D9D4F839510260002DC8BF6D422E
:106E30003223B5FBF3F11E2301EB4101FFF7AAFF5B
:106E4000D4F83931002B4FF002034FF01E02B4BFCB
:106E500003211946FFF79EFFDBE738B504460846D5
:106E600094F8F722C2B994F82C30F3B384F82C20AC
:106E700004F28B2304F2C12204F2BF2153F8045B15
:106E800042F8045B8B42F9D11B881380012384F8FC
:106E9000F732002384F8F83200230360182594F8B1
:106EA000F832312B06D85A1C234484F8F82293F880
:106EB000C212E1B994F8C112012319400722FFF769
:106EC00069FF94F8C11201230F22C1F34001FFF7BB
:106ED00061FF94F8C11201231722C1F38001FFF76B
:106EE00059FF002384F8F7320123184638BD2A469B
:106EF000083D0723EDB2FFF74DFFF82DCFD194F8F1
:106F0000F832312BD6D8EFE703462DE9F04793F856
:106F10002D600846002E65D093F83C52D3F89010AF
:106F2000B3F88B4193F8FE7293F8FC820022AD1AFD
:106F300083F82D2001F1010118BF01254CB1632C0C
:106F4000D7BFC4EB84143F2431346422D8BFB4FBD0
:106F5000F2F4B3F91331002B47D0642293FBF2F320
:106F6000522BA8BF5223132BB8BF1323A3F113092D
:106F70004FF0000A05235246C0F800A0FFF70AFFB1
:106F8000022305225146FFF705FF01230722394658
:106F9000FFF700FF012308223946FFF7FBFE01231C
:106FA00009225146FFF7F6FE02230A225146FFF757
:106FB000F1FE01230C225146FFF7ECFE01230D22C6
:106FC0004146FFF7E7FE01230E222946FFF7E2FEC6
:106FD000072313222146FFF7DDFE06231A22494626
:106FE000FFF7D8FE3046BDE8F0879946C0E70000BD
:106FF0002DE9F84390F82E800D46B8F1000F3AD0F5
:1070000090F8E1300021FF2B80F82E1003D00F2BD9
:1070100028BF0F23194690F8E090B9F1030F2DD83F
:107020004FF000062FD07F273446002228462A60E2
:107030000423FFF7AFFE022304224946FFF7AAFE0E
:10704000012202213846FAF781F808230146062278
:107050002846FFF79FFE02230E223146FFF79AFED5
:10706000022211462046FAF771F80A230146162239
:107070002846FFF78FFE4046BDE8F883A9F10306D6
:10708000062E28BF06260A23B0F8D870D0F8D440C0
:10709000B7FBF3F70B4B7F2FA8BF7F279C4208DC81
:1070A000094B9C4209DB64234FF0030994FBF3F482
:1070B000BBE7064C4FF00309B7E7054C4FF0030957
:1070C000B3E700BFC3C9C1003D363EFF18F0010061
:1070D000E80FFEFF2DE9F04190F830302DED088BE0
:1070E00005460E462BB90027BDEC088B3846BDE897
:1070F000F08190F8F972002380F83030002FF2D040
:10710000D0F84F329FED63BA9FED63AA08EE903A34
:10711000D0F83531F8EEE88A09EE103A68EE8B8A3D
:10712000B8EEC99A68EE8A8A29EE0B9AB0EE680A20
:107130000AF028FF29EE0A9AF0EE40AAB0EE490ABA
:107140000AF020FFD5F8533207EE903AD5F83931DE
:1071500008EE103AB8EEC88AF8EEE77A28EE0B8A05
:107160006BEE677A28EE0A8AF0EE409AA7EE8A8ADA
:107170004FF00008B0EE480A0AF050FF29EE80BA3E
:10718000B0EE490A0AF04AFFF0EE40BAB0EE680AE3
:107190000AF044FFB0EE40AAB0EE480A0AF0F2FE50
:1071A00029EE8AAA60EE4A0AB0EE4B0AEAEEAB0A72
:1071B0000AF0C8FEDFED397A60EE277A39EE689A78
:1071C000F5EEC07AF1EE10FA44BF9FED357A77EE16
:1071D000877AB6EE00AAFDEEE77A29EE0A0A17EEE4
:1071E000903A9BB2A3F1B40424B2002CBCBFB433D8
:1071F0001CB2B4F5B47FA4BFA4F5B47424B20AF0F1
:107200000DFFF0EE408A28EE0A0A0AF007FF60EE52
:10721000007A67EEAA7A27EEA90AA8EEA80A0AF071
:1072200093FE0AF063FEDFED1F7AD5F84131C6F810
:10723000008020EE270A6422BDEEC00A93FBF2F51F
:10724000B8EEC00A0222FDEEC07A032117EE900AC2
:10725000F9F77CFF07EE905A01460C234246304670
:10726000FFF798FDF8EEE77A0222FDEEE77A0321B8
:1072700017EE900AF9F76AFF0D2301460C223046FB
:10728000FFF788FD07231922032194FBF1F1FFF793
:1072900081FD29E795BFD63335FA8E3CE12E654254
:1072A0000000B443706D424BF8B590F831702DED8D
:1072B000028B04460D46002F43D0D0F8853100EEF6
:1072C000103A0026B2EE048A80F8316028EE000AF7
:1072D0000AF0F4FED4F87D31F0EE408A00EE103A68
:1072E00028EE000A0AF0EAFEB4F989112E60FDEEDC
:1072F000E87A01EB810417EE900A01220221B0EE38
:10730000408AF9F723FF0923014632462846FFF752
:1073100041FDFDEEC87A0122022117EE900AF9F72D
:1073200015FF0823014609222846FFF733FD0B23EA
:1073300011222146FFF72EFD01231C223146FFF7C3
:1073400029FDBDEC028B3846F8BDF8B590F83D70CC
:107350002DED028B04460D46002F43D0D0F8853129
:1073600000EE103A0026B2EE048A80F83D6028EE66
:10737000000A0AF0A3FED4F87931F0EE408A00EE5C
:10738000103A28EE000A0AF099FEB4F989112E602D
:10739000FDEEE87A01EB810417EE900A012202214A
:1073A000B0EE408AF9F7D2FE09230146324628465C
:1073B000FFF7F0FCFDEEC87A0122022117EE900AD9
:1073C000F9F7C4FE0823014609222846FFF7E2FC2C
:1073D0000B2311222146FFF7DDFC01231C22194655
:1073E000FFF7D8FCBDEC028B3846F8BD70B590F8BD
:1073F00032602DED048B04460D46002E40D0002354
:1074000080F83230D0F819319FED279A9FED270A86
:1074100007EE903A67EE897AB1EE048AA7EE880A01
:107420000AF04CFED4F81D3107EE903AFDEEC08A0A
:1074300067EE897A9FED1E0AA7EE880A0AF03EFEE3
:1074400094F8FA32BDEEC08AF3B1B4F89541002247
:10745000284618EE901A2A600B23FFF79BFC0A239C
:1074600018EE101A0B22FFF795FC0122032120468B
:10747000F9F76CFE0B23014615222846FFF78AFC1C
:10748000BDEC048B304670BDD4F83F32DFED097A95
:1074900000EE103A27EE800A0AF010FEFDEEC07AE8
:1074A00017EE904AD3E700BFE12E65420000614429
:1074B0000000E1430000C84238B50346084693F88F
:1074C000334014B90024204638BD93F80423013218
:1074D000D2B20021032A83F833100FD983F80413A2
:1074E00093F894100125002202601823FFF752FC44
:1074F000082318222946FFF74DFCE4E783F804230C
:10750000002AEDD0012ADDD1D3F800130029D9D00B
:107510000425E8E71C2945D8DFE801F00F1214160E
:10752000181A1C1E44204422442426282A2C2E30BB
:10753000323436383A3C3E4042001B490CF069B8C0
:107540001A49FBE71A49F9E71A49F7E71A49F5E733
:107550001A49F3E71A49F1E71A49EFE71A49EDE743
:107560001A49EBE71A49E9E71A49E7E71A49E5E753
:107570001A49E3E71A49E1E71A49DFE71A49DDE763
:107580001A49DBE71A49D9E71A49D7E71A49D5E773
:107590001A49D3E71A49D1E71A49CFE71A49CDE783
:1075A0001A49CBE71A49C9E7845201088D460108F8
:1075B000C9460108CE460108D3460108D84601084D
:1075C000DD460108E2460108E7460108EC460108ED
:1075D000F1460108F64601089A460108FB460108F3
:1075E00000470108054701080A4701080F4701083D
:1075F00014470108194701081E47010823470108DD
:10760000284701082D47010832470108374701087C
:10761000A5440108192941D8DFE801F00D10121422
:1076200016181A1C1E4020222426282A2C2E3032FE
:107630003436383A3C3E1A490BF0EBBF1949FBE7A8
:107640001949F9E71949F7E71949F5E71949F3E73E
:107650001949F1E71949EFE71949EDE71949EBE74E
:107660001949E9E71949E7E71949E5E71949E3E75E
:107670001949E1E71949DFE71949DDE71949DBE76E
:107680001949D9E71949D7E71949D5E71949D3E77E
:107690001949D1E71949CFE71949CDE71949CBE78E
:1076A000A4460108E2460108845201083C4701084B
:1076B0008D46010841470108464701084B4701082C
:1076C0009A460108CE460108DD460108D846010861
:1076D000504701080A470108D346010855470108E9
:1076E0005A4701085F4701086447010869470108D4
:1076F0006E47010873470108784701087D47010874
:1077000082470108A5440108102925D8DFE801F0C7
:10771000090C240E1012141618241A1C1E242420DE
:1077200022000E490BF075BF0D49FBE70D49F9E743
:107730000D49F7E70D49F5E70D49F3E70D49F1E785
:107740000D49EFE70D49EDE70D49EBE70D49E9E795
:107750000D49E7E70D49E5E70D49E3E7A4460108D0
:107760008D4601088747010880540108D846010862
:107770001E4701088C47010891470108CE460108C1
:10778000DD46010814470108D346010855470108A2
:10779000A5440108142921D8DFE801F00B0E1012CE
:1077A0001420201620182020202020201A20201C01
:1077B0001E000B490BF02DBF0A49FBE70A49F9E708
:1077C0000A49F7E70A49F5E70A49F3E70A49F1E701
:1077D0000A49EFE70A49EDE70A49EBE70A49E9E711
:1077E000845201088D46010896470108CE460108DB
:1077F000D3460108E24601089B470108FB46010801
:10780000A4460108A0470108A544010823289ABFFF
:10781000014B185C022070473E5901080B46013BA2
:107820001146032B0BD8DFE803F002040608FFF72C
:1078300071BEFFF7EFBEFFF767BFFFF7ABBF0149B0
:107840000BF0E7BEA544010838B53D4B0446821C49
:1078500003F1280153F8040B42F8040B8B42F9D1D1
:1078600000252946C4E9245584F898502B2204F1B8
:1078700099000BF04EFD2946342204F1C4000BF0B0
:1078800048FD29461D2204F1F8000BF042FD29466F
:107890001C2204F215100BF03CFD29461C2204F2B8
:1078A00031100BF036FD29461A2204F24D100BF070
:1078B00030FD2946122204F267100BF02AFD2946FA
:1078C000142204F279100BF024FD2946272204F239
:1078D0008D100BF01EFD2946162204F5DA700BF010
:1078E00018FD2946362204F5E5700BF012FD2946F5
:1078F000362204F500700BF00CFD2946C4F8365210
:10790000C4F83A5284F83E52C4F83F52C4F8435285
:10791000C4F84752C4F84B523C2204F24F200BF0FB
:10792000F8FC2946362204F28B200BF0F2FC3622BA
:10793000294604F2C1200BF0ECFC204638BD00BF04
:10794000C84201082DE9F04F2DED068B85B0437E2E
:10795000C77E0093837E009A457F867F90F820C083
:1079600090F82BE090F82D80BF000C4647EA931763
:1079700003F03F01037F490141EAD20103F0010214
:1079800047EA822705F00F02D20142EA530206F0CD
:107990007F031B0143EA1513C57F01936D0045EA80
:1079A000D6150CF0030645EA462390F821600292B2
:1079B00006F01F05AD0108EE103A45EA9C0390F869
:1079C000225090F824C00391ED0008EE903A45EA69
:1079D000561390F823500CF0070609EE103A45EACA
:1079E000062390F8255005F03F06760109EE903AFF
:1079F00046EADC0390F8266090F827C0B60046EA15
:107A000095160CF0010546EA852690F8285005F0F9
:107A10000F0B4FEACB1B4BEA5C0B90F829C00CF024
:107A20007F0A4FEA0A1A4AEA151A90F82A506D009E
:107A300045EADC150EF0030C45EA4C2590F82CC005
:107A40000AEE103A4FEAC808009B48EA5C180CF0AE
:107A50001F0990F818C003F007004CEA00204FEA15
:107A6000891949EA9E09F8F788FF0399208008469A
:107A7000F8F783FF60803846F8F77FFF029AA0800E
:107A80001046F8F77AFF019BE0801846F8F775FF7B
:107A9000208118EE100AF8F770FF608118EE900A46
:107AA000F8F76BFFA08119EE100AF8F766FFE08186
:107AB00019EE900AF8F761FF20821AEE100AF8F723
:107AC0005CFF60823046F8F758FFA0825846F8F70E
:107AD00054FFE0825046F8F750FF20832846F8F71D
:107AE0004CFF60834846F8F748FFA0834046F8F70C
:107AF00044FFE08305B0BDEC068BBDE8F08F4A780B
:107B0000013A92B202310020F8F798BF38B5044626
:107B10000175002937D0002580F8BD50034680F854
:107B20006C5000F1500280F8655080F8665080F883
:107B3000675080F8685080F86A5080F86B5083F87E
:107B40008451C3F8885108339342F8D14FF6FF733C
:107B5000A4F8BE300C4BC4F8C03004F5EA70FEF750
:107B6000BDFF0A4B0A4A1A600A4B0B4AC4F8DC54A0
:107B7000A4F8E054C4F8E45420461A60FEF7D2F9A1
:107B8000064B074A1A6038BD0000C07F540200202F
:107B9000A95F000858020020F95F00085034002057
:107BA000D15F0008037D70B504460D4613B9002669
:107BB000304670BDFEF726FA94F8653003F0FF06F4
:107BC000002BF4D0002384F8653004F11501204621
:107BD000FFF795FFA37D23449B7D8342E7D1294690
:107BE0002046FFF7AFFEE3E70346007D30B560B304
:107BF00093F86C4004F0FF003CB31D79002483F837
:107C00006C403DB1132A1C7111D8114C22784AB92D
:107C100001222270DA88541CD2B2DC8052B90323CC
:107C20000B7012E0013AD2B22270002AF2D1002287
:107C3000DA80EFE793F8672002F0FF0432B1002208
:107C400083F8672005230B70204630BD0423E7E747
:107C500046070020027D03460AB90020704790F8CD
:107C6000682002F0FF0022B1002283F868200A7029
:107C7000704793F86A2002F0FF002AB1002283F8CF
:107C80006A2001230B70704793F86B2002F0FF000D
:107C900022B1002283F86B200223F3E793F86620D9
:107CA00002F0FF00002AD8D0002283F866205A7D17
:107CB000EE2AD2D1DB7D812BCFD10323E2E738B589
:107CC00004461D46EA23084684F86D30AB1C114675
:107CD00084F86E302A4684F86F0004F170000BF0CF
:107CE000A0FC04F16D012046FFF709FF631904357C
:107CF00083F87000EDB284F8BD5038BD13460A46D3
:107D00008221FFF7DCBF000070B50C4600F1DC06F5
:107D100005461022002130460BF0FBFA6379032B55
:107D200010D12079FFF772FD22680146D2B23046A9
:107D3000FFF774FD94F90630002B03DB034930464E
:107D40000BF0EFFA012385F8843170BDA5470108D7
:107D500037B504460D460868496850EA010331D03A
:107D6000194A0023F8F714FBCDE9000168460BF02F
:107D700019FB436903F26C735BBAA4F8D33003694F
:107D8000114A013384F8D530C36884F8D63083684B
:107D900084F8D730436884F8D830036884F8D93041
:107DA000286869680023F8F7F3FA104619464FF47B
:107DB0007A720023F8F7ECFA40BA0123A4F8DA004B
:107DC00084F8CC3103B030BD40420F00002310B521
:107DD0001A464FF6FF74191D00EB41010133498823
:107DE000A14218BF52180A2BF5D1B0F8293013441C
:107DF000B0F82B201A44B0F82D30B0F82F001344FF
:107E0000184410BD2DE9F04190F82F7004460D463E
:107E100097B3002680F82F6000F5E570FFF7D6FFD6
:107E2000B4F9E831D4F8CA812E60B342B8BF344601
:107E30004FF0640290FBF2F1A8BF0A222846A8BFC7
:107E400093FBF2F409230022FEF7A4FF0122022192
:107E50002046F9F77BF90823014609222846FEF758
:107E600099FF47F6FF7141454FF00F034FF01102A4
:107E7000A8BF4146FEF78EFF3846BDE8F0812DE9E8
:107E8000F04190F8347004460D4697B3002680F810
:107E9000346000F50070FFF799FFB4F91E32D4F892
:107EA00000822E60B342B8BF34464FF0640290FBAC
:107EB000F2F1A8BF0A222846A8BF93FBF2F40923D7
:107EC0000022FEF767FF012202212046F9F73EF962
:107ED0000823014609222846FEF75CFF47F6FF719A
:107EE00041454FF00F034FF01102A8BF4146FEF786
:107EF00051FF3846BDE8F081F0B591B00D46F22350
:107F000001A904461646ADF80830FEF7FDFF38B16A
:107F10002389ADF80A30019B039301238DF80930C2
:107F200001A92046FFF7C0F970B19DF8093010A9EA
:107F3000062202FB0312218A22F8361C0133019922
:107F400042F8341C8DF8093001A92046FFF7FDF9ED
:107F500070B19DF8093010A9062202FB0312218D91
:107F600022F8361C0133019942F8341C8DF809308F
:107F700001A92046FFF73AFA70B19DF8093010A91F
:107F8000062202FB0312618A22F8361C0133019992
:107F900042F8341C8DF8093001A92046FFF728F873
:107FA00070B19DF8093010A9062202FB0312618905
:107FB00022F8361C0133019942F8341C8DF809303F
:107FC00001A92046FEF7F8FE70B19DF8093010A90E
:107FD000062202FB0312618822F8361C0133019944
:107FE00042F8341C8DF8093001A92046FEF70AFF3B
:107FF00070B19DF8093010A9062202FB0312A18876
:1080000022F8361C0133019942F8341C8DF80930EE
:108010009DF80970082F11D801A92046FFF7F2FE3C
:1080200060B110AA062303FB0723A28923F8362C8C
:108030000137019A43F8342C8DF809709DF80970C6
:10804000082F11D801A92046FFF719FF60B110AA27
:10805000062303FB0723E28A23F8362C0137019A13
:1080600043F8342C8DF809709DF80970082F11D849
:1080700001A92046FFF72EF860B110AA062303FBE2
:108080000723E28923F8362C0137019A43F8342C70
:108090008DF809709DF80970082F11D801A92046A4
:1080A000FFF70AFA60B110AA062303FB0723A28A8E
:1080B00023F8362C0137019A43F8342C8DF80970D7
:1080C0009DF80970082F11D801A92046FEF7C5FEBA
:1080D00060B110AA062303FB0723E28823F8362C9D
:1080E0000137019A43F8342C8DF809709DF8090086
:1080F00050B100EB40035B000233DAB2327002A9E8
:1081000028460BF08EFA012011B0F0BD2DE9F04F9A
:10811000334B04461F68064600F15001034697B0F2
:1081200040F6C4100125D3F8882122B1BA1A824240
:1081300088BF83F8845108338B42F4D14FF0000894
:108140008DF8078004F17809254604F16D0A96F848
:1081500084319DF807B05BB395F814310BEB030243
:108160002B2A0DDD9DF8075045B32A4602A904F1DC
:108170006D000BF056FA84F8BD5017B0BDE8F08FD3
:1081800086F88481C6F88871D5F8102195F80C110D
:108190002046FFF794FD02AB03EB0B0094F8BD20E3
:1081A00051460BF03EFA94F8BD305B448DF8073031
:1081B0000C354D4506F10806C9D1D3E70DF107028C
:1081C00002A904F5EA70FFF797FE0028D5D09DF8C4
:1081D000073002AA80212046FFF771FDCDE700BFDE
:1081E0007C4C002070B591F8205004460E465DBBD3
:1081F0000846FFF7EBFD642390FBF3F040BAA4F8C8
:10820000EC00B6F91E30591C1CBF0A2593FBF5F58E
:108210006DBAA4F8EE5033680C4A23EAE373934234
:1082200028BF13461A0C84F8F0201A0A84F8F120AB
:1082300084F8F23096F923305A1C08BF002384F8E2
:10824000F330012384F8C43170BD00BFFFFF7F000D
:108250008B689FED147A07EE903A67EE877AFDEE11
:10826000E77A17EE903A5BBAA0F8F4304B6807EE65
:10827000903A67EE877AFDEEE77A17EE903A5BBAAE
:10828000A0F8F630CB6807EE903A67EE877AFDEEFD
:10829000E77A17EE903A5BBAA0F8F830012380F83D
:1082A0009431704700401C464B681BBAC0F8C4307C
:1082B0008B681BBA4FF47A72C0F8C830CB6893FB56
:1082C000F2F3134483F310035BBAA0F8D0304B8B66
:1082D0005BBAD0ED307AA0F8CE30B2EE047A67EE19
:1082E000877A9FED0F7A67EE877AFCEEE77A17EED2
:1082F000903A5BBAA0F8CC3090F8BE30FF2B0CD08F
:1083000090F8BF20FF2A02D0934238BF134680F86E
:10831000D230012380F88C3170470023F7E700BF8B
:10832000666666400B689FED127A07EE903A67EE3C
:10833000877AFCEEE77A17EE903A5BBA0122A0F852
:10834000FF3080F8AC214B68C0F8C030CB689FED9F
:10835000097A80F89C2107EE903A67EE877AFDEE65
:10836000E77A17EE903A5BBAA0F8FA30704700BF90
:10837000000010420000C8424B689FED157A07EEDE
:10838000903A67EE877A0122FCEEE77A9FED117A48
:1083900017EE903A1BBAC0F80431B1F90C3080F8EE
:1083A000BC211BBAC0F8083180F80121B1F90C30AA
:1083B00080F8B42107EE903AF8EEE77A67EE877A14
:1083C000FDEEE77A17EE903A5BBAA0F802317047FB
:1083D0000000C842CDCCCC3D70B58A68C2F317020C
:1083E0004A2A90B004460B4600F0188144D8212A4E
:1083F00026D8172A0AD8012A00F04A81022A00F05A
:108400009880002A00F0888010B070BD183A092AC0
:10841000FAD801A151F822F08785000809840008E4
:1084200009840008DD860008098400084F860008DA
:108430006D85000809840008098400083586000855
:108440002A2A00F071813E2ADED14D78192D01F1E2
:108450000C0100F28D812A4601A80BF0E2F801AB75
:10846000C5F11A02002158190AF053FF01A904F5B9
:10847000EA70FEF7C6FBC7E7A22A00F0AD812ED84E
:10848000882A00F083811BD87C2A00F0A480842AEB
:10849000BAD14D78262D01F10C0100F2A6812A46B1
:1084A00001A80BF0BEF801ABC5F127020021581955
:1084B0000AF02FFF01A904F5EA70FEF7CEFBA3E74F
:1084C000932AA1D101A8F9F7F7FA01A92046FFF7ED
:1084D00089FE01A904F5EA70FEF7F1FB94E7F22AA0
:1084E00000F09E810DD8AD2A00F09181E22A8BD157
:1084F00001A8F9F733FB01A904F5EA70FEF71EFCA9
:1085000082E7FD2A80D101A8F9F7D6FA01A904F57E
:10851000EA70FEF72EFC77E701A8F9F705FB01A941
:108520002046FFF7F1FB01A904F5EA70FEF7EEFA29
:108530006AE74D780B2D01F10C0610D82A4631461A
:1085400001A80BF06EF801ABC5F10C02002158191F
:108550000AF0DFFE01A92046FFF7FAFB54E7C868DE
:10856000716801AA03C2B0681060F3E7194601A858
:10857000F9F7BFFA204601A9FFF76AFE04F5EA7091
:10858000FEF701FB40E75D78332D03F10C0114D8B1
:108590002A4601A80BF045F801ABC5F134020021D1
:1085A00058190AF0B6FE9DF8213084F8BE3001A9B2
:1085B00004F5EA70FEF7CCFA26E70A4601AD3C3333
:1085C000106851682E4603C608329A423546F7D1E4
:1085D00010683060E7E74D78382D01F10C010FD8B5
:1085E0002A4601A80BF01DF801ABC5F139020021A4
:1085F00058190AF08EFE9DF8253084F8BF3003E745
:108600000A4601AD4433106851682E4603C608324D
:108610009A423546F7D113783370ECE701A8F9F7A1
:1086200030FB204601A9FFF77DFE04F5EA70FEF756
:10863000F5FAE9E6194601A8F9F75BFA204601A91F
:10864000FFF732FE04F5EA70FEF7ACFADCE65D787F
:108650000F2D03F10C010FD82A4601A80AF0E1FF03
:1086600001ABC5F11002002158190AF052FE01A910
:108670002046FFF781FEC7E60A4601AE1C331068AC
:108680005168354603C508329A422E46F7D1EEE7C7
:108690004D782A2D01F10C0110D82A4601A80AF0C4
:1086A000C0FF01ABC5F12B02002158190AF031FEC1
:1086B00001A904F5EA70FEF73DFAA5E60A4601AD08
:1086C0003433106851682E4603C608329A42354644
:1086D000F7D111889378B3703180E9E75D781C2D6C
:1086E00003F10C0110D82A4601A80AF09AFF01AB49
:1086F000C5F11D02002158190AF00BFE01A904F56D
:10870000EA70FEF734FA7FE60A4601AD24331068BA
:1087100051682E4603C608329A423546F7D1106892
:10872000306013793371E9E74D78112D01F10C01B7
:1087300010D82A4601A80AF074FF01ABC5F1120255
:10874000002158190AF0E5FD01A904F5EA70FEF7C9
:108750004BFA59E60A4601AD1C33106851682E46A3
:1087600003C608329A423546F7D113883380EBE7C7
:108770000A4601AD2433106851682E4603C60832FC
:108780009A423546F7D1138833806FE64D78152D20
:1087900001F10C0110D82A4601A80AF042FF01ABF2
:1087A000C5F11602002158190AF0B3FD01A904F51C
:1087B000EA70FEF777FA27E60A4601AD1C33106827
:1087C00051682E4603C608329A423546F7D11068E2
:1087D00030609388B380E9E701A8F9F7A5F901A90A
:1087E00004F5EA70FEF793FA0EE60A4601AD2C3363
:1087F000106851682E4603C608329A423546F7D1B2
:108800001068306091889379B371B18052E601A805
:10881000F9F7A4F901A904F5EA70FEF785FAF3E582
:108820004D783B2D01F10C0110D82A4601A80AF021
:10883000F8FE01ABC5F13C02002158190AF069FDB0
:1088400001A904F5EA70FEF783FADDE50A4601ADF9
:108850004433106851682E4603C608329A423546A2
:10886000F7D110683060EBE74A7922B18B79012BA0
:1088700001D1FFF7B1BD7047B0F5E16F03DC10F532
:10888000E16F04DB7047A0F5616000B2F4E700F52A
:10889000616000B2F3E70000B0F8E0348A8810B5F8
:1088A000044613F0080008BFC4F8900113F0020357
:1088B00008BFC4F8A831B2F5005F00F0B58007D852
:1088C0006C2A18D06D2A00F09D806A2A6ED010BDE7
:1088D00042F202039A4249D042F6FF739A42F6D11D
:1088E000D4F8E424896804F1DC00FEF77BF8012366
:1088F00084F88431EBE7B1F90A009FED4F7AFFF776
:10890000BBFF07EE900AF8EEE77A67EE877AFDEE96
:10891000E77A17EE903A5BBAA4F8F430B1F90800A0
:10892000FFF7AAFF07EE900AF8EEE77A67EE877A7C
:108930009FED427AFDEEE77A17EE903A5BBAA4F823
:10894000F630B1F90C00FFF797FF07EE900AF8EE4A
:10895000E77A67EE877AFDEEE77A17EE903A5BBA30
:10896000A4F8F830012384F89431B0E7B1F8093065
:108970000A22B3FBF2F35BBAA4F8EC30B1F80B3087
:10898000B3FBF2F35BBAA4F8EE30D1F8113084F8FF
:10899000F2301A0C84F8F0201A0A84F8F1204B7F88
:1089A00084F8F330012384F8C43190E700288ED096
:1089B000D1F80A301BBAC4F8C430D1F80E301BBA53
:1089C000C4F8C8308B8A2422534332336422B3FB69
:1089D000F2F35BBAA4F8CC30CB8A0A2043435BBAEB
:1089E000A4F8CE30D4F8DC3493FBF2F303F57A73B9
:1089F0005BBAA4F8D0304B7A84F8D230012384F8E3
:108A00008C3164E7B1F90C2052BAA4F8FA200122A3
:108A100084F89C21002B3FF45AAFD1F80E30C4F8F3
:108A2000DC3484F88C2152E78B89A4F8E034D1F847
:108A30001130C4F8E4344AE758A08B416E882E43C5
:108A40007FB5204C054694F99200F7F7CDFF00263C
:108A50008DF8040020468DF80560F7F716FF94F8AE
:108A600095308DF80830184B8DF8060098788DF801
:108A70000760F7F7A9FF8DF809001448FBF75DFBC5
:108A8000F7F77DFF8DF80A002046F7F7D9FEF7F7D4
:108A9000ABFF8DF80B002046F7F7E4FE8DF80C00D5
:108AA0002046F7F7D6FE8DF80D002046F7F7F8FEC2
:108AB0000A238DF8050001AA14212846FFF7FFF8C4
:108AC00004B070BD88320020FC0300203433002045
:108AD00073B5184C05462046F7F7B2FEF7F784FF4A
:108AE0008DF800002046F7F7ABFE06461248FBF76C
:108AF0000DFB01463046F7F781FF8DF80100204657
:108B0000F7F7B0FE8DF802002046F7F7A2FEFF232C
:108B10008DF80430094B8DF803009878F7F75CFF67
:108B200006238DF805006A461D212846FFF7C7F881
:108B300002B070BD8832002034330020FC030020D6
:108B4000F7B5144D144E044695F99200F7F74CFF13
:108B50008DF80000304695F99270FBF7D7FA014680
:108B60003846F7F74BFF8DF801002846F7F78DFEE2
:108B700000238DF8020030468DF80330FBF7DDFA54
:108B800005238DF804006A461C212046FFF797F85C
:108B900003B0F0BD883200203433002030B595B0EA
:108BA0004EF6EA631A49ADF80030044614220DF17E
:108BB0000200F8F7DBF80DF10200F7F73BFBC3B258
:108BC000DA1CD0B2694651FA82F26D250DF80050D8
:108BD0004C205070522090705320D0703120107172
:108BE0006FF02B0050710120507204200021907210
:108BF000113302209171D1711172D07211735173BE
:108C0000DBB26A4629212046FFF759F815B030BD7E
:108C10007746010870B5054694B005F16D06FFF77B
:108C20000FFF95F8BD20314668460AF0FAFC95F82A
:108C3000BD402846E4B2FFF74BFF95F8BD20314612
:108C40000DEB04000AF0EDFC95F8BD301C442846FD
:108C5000E4B2FFF775FF95F8BD2031460DEB040037
:108C60000AF0DFFC95F8BD301C44E4B222466946A8
:108C700030460AF0D6FC85F8BD4014B070BD000047
:108C80000038024B18BF01201870704704070020FD
:108C900070B5002A38D1042B71D89DB29BB3654CB6
:108CA00094F82830666A03F1030C5FFA8CFCF60036
:108CB000BCF1070F666284F828C040F28980053B4A
:108CC000DBB284F82830B1F800C0DE400CF10103BB
:108CD0000B8000F80C600EE0083BDBB284F8283013
:108CE000B1F800C0666A0CF1010E26FA03F3A1F890
:108CF00000E000F80C3094F82830072BECD8013253
:108D000096B2B542CED870BDFF2AFCD1032B66D8EF
:108D10009DB2002BF7D0474C94F828300026626AA9
:108D200003F1040C5FFA8CFC120142F00202BCF168
:108D3000070F626284F828C07AD9043BDBB284F85A
:108D40002830DA400B8803F1010CA1F800C0C254AE
:108D50000CE0083BDBB284F82830626AB1F800C04E
:108D6000DA400CF101030B8000F80C2094F8283055
:108D7000072BEED80136B2B29542D0D870BD2D4C3B
:108D8000626A03F5C06343EA423394F828206362C1
:108D900002F10D05EDB2072D84F82850B3D9053244
:108DA000D2B284F82820D3400A88551C0D80835401
:108DB00009E0083BDBB284F82830626A0D88DA40AB
:108DC0006B1C0B80425594F82830072BF1D870BDEE
:108DD000013296B2B54263463FF664AF93E7154C55
:108DE000626A03F5E06343EA423394F82820636241
:108DF00002F10D05EDB2072D84F8285083D9053214
:108E0000D2B284F82820D3400A88551C0D808354A0
:108E100009E0083B626ADBB284F82830DA400B884C
:108E20005D1C0D80C25494F82830072BF1D870BD1A
:108E300063469FE7200F00202DE9F047674C00278D
:108E4000FF250F8005708025676284F82870A5775C
:108E50009846002B00F0BB8003F1FF3912FA89F924
:108E6000561EBA463A4609E0554546D10137BFB2CB
:108E70000B8843453AD24E4500F0948016F8015FC6
:108E8000002AF1D16B1EDBB2FD2B32D83F2B62D909
:108E900005F14103DBB23F2B34D8636A94F82820F4
:108EA0000135EDB245EA032502F10803DBB2072BD9
:108EB000656284F8283015D984F828200B88D540BD
:108EC0005A1C0A80C55409E0083BDBB284F82830FC
:108ED000626A0D88DA406B1C0B80425594F828308A
:108EE000072BF1D800220B884345C4D30020BDE8EE
:108EF000F0870127AA463A46BAE7FBB25246FFF787
:108F0000C7FEBFE7636A94F828203F35EDB245EA13
:108F1000432502F10903DBB2072B656284F8283090
:108F2000E0D90132D2B284F828200B88D5405A1CEF
:108F30000A80C55409E0083BDBB284F82830626A35
:108F40000D88DA406B1C0B80425594F82830072BB3
:108F5000F1D80022C7E7636A94F828207F35EDB284
:108F600045EA032502F10803DBB2072B656284F8AA
:108F70002830B7D984F828200B88D5405A1C0A809D
:108F8000C55409E0083BDBB284F82830626A0D88DA
:108F9000DA406B1C0B80425594F82830072BF1D82F
:108FA0000022A0E722B1FBB25246FFF771FE0B8808
:108FB00094F8282062B1646AC2F108020125944045
:108FC00005FA02F2013A22435C190C80C2540B8864
:108FD000984594BF00200120BDE8F087200F0020B5
:108FE0002DE9F04F47F26F730022827003800B78F7
:108FF000A3F1FE03B3FA83F35B0983708A780D460D
:1090000012F001011CBF43F080038370D5F82021CA
:1090100022F07F4222F0FF0285B0044612B143F0F5
:1090200008038370AA68C2F31702FF2A1ED9B2F59B
:10903000803F18D363F07F03A37041F002014FF02B
:10904000020B09234FF00A0C0822E1700B20CDF827
:1090500004C01E4617464FF0070E4FF006094FF0AA
:10906000050A042117E043F00203A370180600F17B
:10907000D68008234FF0090C07220A204FF0000B7E
:10908000CDF804C01E4617464FF0060E4FF00509F6
:109090004FF0040A032195F8018004F8018004EBE5
:1090A0000108297904F80A10697904F80910A979E6
:1090B00004F80E10A178090709D595F82111A154DB
:1090C00095F82211A1550346674662460646A968EF
:1090D000A154A278900707D5BA1C1F46AB68C3F30A
:1090E0000F23A35596B23346BBF1000F05D05A1C8F
:1090F0001F46AB7AA35596B23346A278D10606D561
:109100005A1C1F4695F82331A35596B23346454A5B
:10911000127803F1010914FA89FA05F10C0B42B136
:109120006B785A460DF10E015046FFF785FE002878
:109130005AD16A78504659461FFA82FA0AF071FAF3
:109140002278394B6178D243D2B2072F9A5C82EAF7
:109150000102995CA27882EA0102995CE27882EAD3
:109160000102995C227982EA0102995C627982EAC1
:109170000102995CA27982EA0102995CE27982EAB1
:109180000102995C1BD0227A5140082F595C16D0FD
:10919000627A5140092F595C11D0A27A51400A2FAE
:1091A000595C0CD0E27A51400B2F595C07D0227BDE
:1091B00051400C2F595C1EBF627B5140595CA15538
:1091C0001AFA89F39BB2B5F80C21E2545A1CB5F88F
:1091D0000C1192B2090AA154AA78981CD20780B245
:1091E0000BD405B0BDE8F08FA378BDF80EA043F016
:1091F0004003A37088F800A0A2E7D5F81071D5F855
:109200001811D5F81461275022180F335660916059
:1092100095F81C11117398B205B0BDE8F08F4FF0AE
:10922000000B0EE7040700202C6101082DE9F84F20
:10923000AE4CAF4E0F4682460146AD4815460AF089
:10924000F0F900233B809E462384636284F8283033
:10925000802384F822304FF0FF08F14606E03B8877
:109260005A1C3A800AF8039094F828E0BEF1010FE6
:109270005CD8218C8D4240F29D80606A735C0EF157
:10928000080C5FFA8CFC43EA0023ACF1020B23FAD2
:109290000BF00EF1060200F003000131D2B20228F9
:1092A0002184636284F8282000F08680032800F07F
:1092B000888001281DD0002A40F08780228C9542AA
:1092C00078D9B15C013241EA0323228407211A06CE
:1092D000636284F82810C2D5062184F8281013F0A0
:1092E000400F40F08D803B885A1C3A800AF803807A
:1092F000BAE7062A0BD8228C95425BD9B15C0132C1
:1093000041EA03230CF1060122846362CAB2073AE0
:10931000D34003F07F037D2B84F828204AD83A8875
:109320004133511C39800AF802309DE7636AAEF17F
:10933000020B23FA0BF000F003005FFA8BF2022815
:1093400084F8282003D003281CD0F446B1E7052A6E
:1093500032D8218C8D422DD9705C0EF1060201317C
:1093600040EA0323D2B221846362063A84F828E0FB
:10937000D340398803F03F034A1C01333A800AF88E
:10938000013071E7052A1CD8218C8D4212D9705CFE
:109390000EF10602013140EA0323D2B22184636256
:1093A000063A84F828E0D340398803F03F034A1C8A
:1093B000413BE3E7BDE8F88F063A636A5FFA82FE55
:1093C000D4E7063A5FFA82FEEBE70BF1FF3023FAAF
:1093D00000F0511EC9B2C00784F828107FF53FAFD6
:1093E00069BB228C9542E5D9B15C013241EA032385
:1093F00007212284636284F8281013F0800F70E73D
:109400004A1ED0B223FA02F2D20784F8280032D4DE
:109410008446228C9542CDD9B05C013240EA0323C8
:10942000C81D22846362C0B2A0F10802D34084F850
:1094300028C05FFA83FB38885A46002133E001399F
:1094400023FA01F0911EC9B2C00784F828107FF5F5
:109450004AAF99BB228C9542ACD9B15C41EA032357
:1094600001324FF0070C19062284636284F828C089
:1094700021D40821CDE7072832D8228C954299D9EA
:1094800016F802C0073101324CEA032322846362DA
:10949000C9B2083923FA01FB84F828005FFA8BFB74
:1094A00038885A46FF21504409F033FF3B889B44DB
:1094B000A7F800B0D8E660460821DEE701F1FF3CDE
:1094C000D01E23FA0CFCC0B21CF0010F84F8280057
:1094D000D1D107289CD90B3A636A5FFA82FCA3E7D3
:1094E000A0F108020146D0B2D3E700BF200F002050
:1094F000F40D00202DE9F04F5788B7F58F7F8BB022
:10950000144606460BD90022227000226F2B62807F
:1095100000F06581002333700BB0BDE8F08F127846
:109520000E2A0D4624D80E2A00F2118101A151F80D
:1095300022F000BF0B9500085B9700084F970008CA
:109540004F9700085B9700085B9700085B9700083F
:109550005B9700085B9700085B970008A9970008D5
:109560004F9700084F9700084F970008CD970008C5
:10957000692A40F2EA806A2A40F0E9809C4FFA8A20
:1095800002F1FF3C1FFA8CFC002A00F077820CF1FC
:10959000030CDFF864E2BC44FF22B91C11F8010B94
:1095A000424061451EF80220F8D1934200F0CF817D
:1095B00000222270C4F80220E280FA8A022AA9D985
:1095C00039796F2900F02B83032AA3D079796F2989
:1095D00000F03583042A9DD0B9796F2900F03283D9
:1095E000052A97D0F9796F2900F03B83062A91D09C
:1095F000397A6F2900F04482072A8BD0797A6F2953
:1096000000F03283082A85D0B97A6F2900F02F83C1
:10961000092A3FF47FAFF97A6F2900F02B830A2AD9
:109620003FF478AF397B6F2900F027830B2A3FF492
:1096300071AF797B6F2900F023830C2A3FF46AAF66
:10964000B97B6F2900F01F830D2A3FF463AFF97BCC
:109650006F2900F01B830E2A3FF45CAF397C6F2921
:1096600000F01A830F2A3FF455AF797C6F2900F080
:109670001083102A3FF44EAFB97C6F2900F00F839E
:10968000112A3FF447AFF97C6F2900F00B83122AAF
:109690003FF440AF397D6F2908BF4FF012087FF4C7
:1096A00039AF02F101091FFA89F93A44A7F8169077
:1096B0005FFA89F993704F494A4602A809F0B1FF51
:1096C0006F234FF0010CBB704FF0000E6423A7F81E
:1096D00000E0A7F816C0237008EB0C0399451FFAA9
:1096E00089F27FF617AF901E02A9A0EB08005A1E60
:1096F0000B440A4413FA80F04FF06A084FF0070950
:109700004FF0660A05E0002B40F0BD8190423FF427
:1097100001AFFB8A12F8011F07EB030B01338BF833
:109720000210FB822378092BEDD9A3F1640BBBF166
:10973000050FEBD8653B042B00F2B782DFE813F08E
:109740001E01160111010D011A01632A05D800231B
:109750002370C4F80230E380DDE6254FFA8AB91899
:1097600001328B70FA822278092A00F2A480002A42
:109770003FF4D0AE013A082A3FF6CCAE01A151F831
:1097800022F000BF439A00081595000815950008BF
:10979000A5990008A59900082D9A0008F9990008D4
:1097A000679A0008179A00087A1C6280104EEB55E1
:1097B000A088727F618883189942FFF6ADAE337836
:1097C0005F0600F1E1810E232370A5E67A1C62801A
:1097D000EB55E2886388934210D201239BE604494B
:1097E0000A800122CA8264228B702270002392E6D2
:1097F000200F0020220F00202C610108002363802D
:1098000023700223037042802B78FD2B00F08680AA
:10981000EB7803722B7943726B7943606A78083274
:109820007280002240F28510DFF8B0C47281FE2100
:109830000446013499424FEA54042ED849D38B424E
:1098400040F089802B78FD2B7ED04FF0060B284608
:10985000DFF8888410F801AF0BEB0A0909F1FF313A
:1098600089B2F7F787FF04EB440708EB8707ADF8E9
:1098700008003979019102A8F7F756FF05EB0902B4
:1098800015F809305278019903EB0223BDF808203E
:109890009BB29A421FD005233DE6601E14188242F7
:1098A00004F1010780F0698127F0010101EB570104
:1098B0005CF82110BDE7A2F1640105293FF62AAE4C
:1098C000653A042A00F2FA81DFE802F0807C7874BD
:1098D00092002246E2E7BB79DA0706D5FA7992458B
:1098E00082BF521912F80B20B2729B070BD563008E
:1098F000234408EB83036A781B7A9A4282BF5B1980
:1099000013F80B30F3726300234408EB83083173C0
:1099100098F8053073730BB0BDE8F08F6B79037264
:10992000AB7943726B7A297AEA791B0403EB012342
:10993000134443606A7802F10C014180A978C90799
:109940007FF56FAF19326BE74FF00A0B7FE70A2202
:1099500001232270DFE50323DDE5F97684F800902A
:10996000D4E64FF06803B9762370CFE6797084F8B7
:1099700000C0CBE6397784F80080C7E6397001F083
:109980000103618887F801E0033B01F1010BA4F8B2
:1099900002B06B5497F90030002BACBF63465346BE
:1099A0002370B3E66288511C6180AB542378013385
:1099B0002370AFE50722FB76227017E76822BB769B
:1099C000227013E701227B7022700FE762883B70E0
:1099D000002103F00103033B7970511C6180AB54FB
:1099E00097F90030002BC0F230810123237091E5FC
:1099F0006A223B772270F9E66288511C6180AB5481
:109A00003B787A78134313F0020340F0D5806288E4
:109A1000511C6180AB546288511C6180AB543B780F
:109A2000D8064CBF69236A23237073E56288511CF2
:109A30006180AB543B781D074CBF6723072323701D
:109A400068E562883A83511C6180AB543A787B7731
:109A500012F0010200F0CE8006220833A280E380DB
:109A60000423237056E56288511C6180AB547B78D7
:109A700013F00203CFD0092323704BE5FF2294E5B6
:109A80004FF006080DE6013B082B3FF63FAE0FF204
:109A9000080B5BF823F000BFD19A00080D9700086F
:109AA0000D970008BD9A0008BD9A0008459B000864
:109AB000139B00085F9B0008F79A0008638803F176
:109AC000010BA4F802B0E9542378013323701DE69A
:109AD00063883B8303F1010BA4F802B0E9543B789F
:109AE000797713F001036AD008310623E180A3805F
:109AF000042323700AE6638803F1010BA4F802B083
:109B0000E9543B78DB067FF536AF4FF069032370ED
:109B1000FCE5638803F1010BA4F802B0E9543B783B
:109B200079780B4313F0020343D1618801F1010BF3
:109B3000A4F802B06B54618801F1010BA4F802B0E3
:109B40006B54DEE7638803F1010BA4F802B0E9541B
:109B50003B7819077FF502AF67232370D6E563884A
:109B600003F1010BA4F802B0E9547B7813F002036F
:109B7000E1D04FF009032370C8E5584902EB4200D9
:109B8000144651F820105AE602A92844FFF74EFB6C
:109B9000737FBDF808106288CB1A9BB21A446280AA
:109BA000727F1A447277E2881344E380338BE9545E
:109BB00009E608232370A9E508232370AAE40C31E1
:109BC000E18079784FF00A0B11F00101A4F804B09C
:109BD00028D0618801F1010BA4F802B005F801C09A
:109BE000618801F1010BA4F802B06B54E3880D33D6
:109BF000E3807DE779780C33E38011F001014FF0C9
:109C00000A03A38024D06388012158186080E95496
:109C1000638859186180EA54E3880D331FE74FF0D9
:109C200002083EE5638803F1010BA4F802B0E95491
:109C3000638803F1010BA4F802B0E95458E74FF030
:109C400003082EE54FF004082BE56623237061E43A
:109C500063885A1C6280E95463885A1C6280E95404
:109C6000FEE64FF005081CE54FF0070819E54FF038
:109C7000080816E54FF0090813E54FF00A0810E54B
:109C80004FF00B080DE54FF00C080AE54FF00D08FA
:109C900007E54FF00F0804E54FF00E0801E54FF01F
:109CA0001008FEE44FF01108FBE477290ED084F889
:109CB00000E0C4F802E0A4F806E027E5772B09D01D
:109CC00000232370C4F80230E38023E44FF06503DF
:109CD00023701BE5652323701CE400BF2C62010880
:109CE00037B500F5EF65044600F5CA612846F7F779
:109CF0007EFE0246A0680192036829461B699847C8
:109D0000E06838B10368019A1B69294603B0BDE8D1
:109D10003040184703B030BD08B583684BB1B0F888
:109D20004C14B0F84A04F8F775F9003818BF012050
:109D300008BD1846FCE70346806880B1B3F84C24A0
:109D4000B3F84A14914209D09918013291F850049D
:109D5000B3F84E140A40A3F84C2470470020704713
:109D6000836810B504467BB10023A0F84C34A0F8FA
:109D70004A34C06810B10368DB699847A06803687B
:109D8000BDE81040DB69184710BD0000F8B5244F4E
:109D900004463846F6F754FDF6F7BEFD064697F939
:109DA0009200F6F7B9FD05463846F6F752FD1D4B11
:109DB00084F8606693F8353084F86156333384F85C
:109DC00055366422442384F8622684F85636FF22EE
:109DD000D4F8583684F864266D2262F31703C4F869
:109DE0005836C0F10A000023C4F85C3684F8713795
:109DF00000B24FF43943A4F8723780F30700092307
:109E000084F8630684F8743704F5CA6004F5A47115
:109E1000F8F77AF92046BDE8F840FFF761BF00BFC8
:109E2000883200207C04002010B5194B194A93F8A1
:109E30003530C0F86026333380F85536442380F837
:109E40005636D0F858366FF31703C0F8583600234B
:109E500080F85C3680F85D3680F85E3680F85F36D4
:109E600080F871374FF44853A0F872370322092362
:109E7000044680F8642680F8743700F5A47100F574
:109E8000CA60F8F741F92046BDE81040FFF728BF47
:109E90007C04002000088004F0B587B0044600214F
:109EA000102202A8019109F034FA484B93F83520AA
:109EB00001AB03CB01ABC4F88006C4F8841603CB16
:109EC00001ABC4F88806C4F88C1603CB3332D2B287
:109ED000C4F89006C4F8941601AB04F5D36505AF39
:109EE0001E4603CEBE4228606960334605F1080570
:109EF000F6D133882B80442384F85636D4F858366C
:109F000084F85526942262F3170318216FF05D023E
:109F1000C4F8583684F85C16002384F86C26202197
:109F2000282284F85D1684F85E3684F85F3684F85B
:109F3000603684F8613684F8623684F8633684F8D3
:109F4000643684F8653684F8663684F8673684F8B3
:109F5000683684F8693684F86A3684F86B3684F893
:109F60006D2684F86E3684F86F3684F8703684F87F
:109F7000713684F8723684F8733684F8743684F84F
:109F8000753684F8763684F8773684F8783684F82F
:109F9000793684F87A3684F87B3684F871374FF452
:109FA00032430B4AA4F872374E2304F5CA60C4F852
:109FB0007C2684F8743704F5A471F8F7A5F82046D8
:109FC00007B0BDE8F040FFF78BBE00BF7C04002067
:109FD000D016CB0F38B504461C4884F85E26002204
:109FE00084F85F2684F8602684F8612684F8622667
:109FF00084F86326442290F8350084F85626D4F875
:10A000005826A4F85C1684F8643684F871374D211C
:10A010008F239DF8105084F8733761F317020A23D9
:10A02000333084F8550684F8655604F5CA60C4F8E0
:10A03000582684F8725784F8743704F5A471F8F739
:10A0400063F82046BDE83840FFF74ABE7C04002094
:10A05000F0B502298DB004460D461CD1424B434851
:10A060001B7800EB031000F58970F6F72DFD404BCF
:10A070001860404A0C236B43D718D3583A79002113
:10A080000391511E082908D8DFE801F0090963632C
:10A09000676707076A003029EBD90DB0F0BD1B7860
:10A0A0008DF80C308DF82C200021102207A8039E7B
:10A0B00009F02FF9B96801910846F6F7BBF8C2B26A
:10A0C000102A019928BF102207A809F0AAFA274BE5
:10A0D000C4F85C6693F835209DF82C3084F874360B
:10A0E0003121333284F860160021D2B284F861162F
:10A0F000A4F8625607AB04F264660BAF1D4603CDAD
:10A10000BD42306071602B4606F10806F6D144234B
:10A1100084F85636D4F8583684F85526162262F359
:10A120001703C4F85836002384F871374FF45C43A2
:10A13000A4F87237192304F5CA6084F8743704F55B
:10A14000A471F7F7E1FF20460DB0BDE8F040FFF73E
:10A15000C7BD1B88ADF80C30A4E71B680393A1E7CB
:10A160001B6803939EE700BFFC0300207C040020D3
:10A1700078070020040000202DE9F041884D894F28
:10A180002A780B46142101FB027288B092F8552000
:10A19000012A044618D193F8210197F8351048B1E7
:10A1A00001F13302D2B282420ED193F822210AB1D8
:10A1B000442A09D19A68C2F31702172A56D006D842
:10A1C000142A2FD0152A45D008B0BDE8F08102F13D
:10A1D00080724B3A22F07F42012AF5D8333188420F
:10A1E000F2D193F82221442AEED1198DDA6840F297
:10A1F0000720814200F0CF80B1F5027F00F0BD80E2
:10A20000B1F5007F0CD107EE902AFCEEE77A17EE4D
:10A21000902A942A00F0B180B2F5967F00F0BB80BE
:10A220000222B1E002A81946F7F72BFDBDF908009C
:10A23000002804DA03A8F7F7A5FE0028C4DB3028BD
:10A24000C2DCA4F8C208B4F8BA3843F01003A4F88A
:10A25000BA38B9E7012384F8C0380023A4F8C2381B
:10A26000514B1B68643BC4F8C438ADE733318842B6
:10A27000AAD193F82221442AA6D15E78162E03F1A2
:10A280000C012DD8324602A809F0CBF902ABC6F179
:10A2900017020021981909F03CF80DF10E00F7F7AC
:10A2A00071FEB0F100088FDB404A9DF81E1008EBEC
:10A2B0004803980002EB83031B79994284D1B8F1DB
:10A2C000300F1FFA88F622DC0139029B1258082948
:10A2D0001DD8DFE801F01B1B39393B3B1C1C3D003E
:10A2E0000A4602AE1C3310685168B446ACE803005D
:10A2F00008329A426646F6D11068CCF80000918880
:10A3000093798CF80630ACF80410C6E713702878FF
:10A31000F9F7B0FB2A78142303FB0273012183F8B9
:10A32000551097F82D300BB987F82D10B8F1020FA2
:10A3300010D11F4B07EB0210196800F58970F6F772
:10A34000FDFBA4F8C2687EE71380E0E71360DEE758
:10A350001360DCE7B8F1000FF3D1164B1A78002A2E
:10A36000EFD083F80080602323800F4B1B680BB174
:10A370006360E6E74FF0FF33FAE7B4F8BA2842F03B
:10A380000202A4F8BA280022987900905B7920464E
:10A39000FFF720FE18E7B4F8BA2842F00402F0E70D
:10A3A000FC0300207C0400207C4C002004000020E2
:10A3B000780700204431002010B52F4B1A782F4B1E
:10A3C000142101FB0233044693F85530012B37D199
:10A3D0002B4BD0F8BC281B689A1AB2F57A7F21BFA4
:10A3E000B0F8BA28C0F8BC3842F00102A0F8BA2888
:10A3F00090F8C02862B1D0F8C4289A1A312A81BFD7
:10A40000B0F8BA28C0F8C43842F01003A0F8BA383F
:10A41000B4F8BA38DA0614D523F01003A4F8BA3821
:10A42000B4F8C2182046FFF713FEB4F8C23801335F
:10A430009BB2302BA4F8C23802D9002384F8C0386C
:10A4400010BD980708D523F00203A4F8BA382046B7
:10A45000BDE81040FFF720BD590702D523F00403E3
:10A46000F3E7DA07ECD523F00103A4F8BA38204665
:10A47000BDE81040FFF7D8BCFC0300207C0400209E
:10A480007C4C002038B5134B134A1B68C0F8BC380D
:10A49000002380F8C038A0F8C238C0F8C438A0F84B
:10A4A000BA3813700D4B0E481B780E4D00EB03109D
:10A4B00000F58970F6F708FB0B4B02241860E0B238
:10A4C000FAF77AFD01342F2C286305F10C05F6D13B
:10A4D00038BD00BF7C4C002044310020FC0300202C
:10A4E0007C04002004000020780700206FF0FF03A8
:10A4F000036040F6FF23838000238360037370476B
:10A5000070B5404D404B04462878142202FB0032BF
:10A5100092F84F60032E02D9042E0CD0FEE73B4E7A
:10A520003668A66092F84C20032A18BF0021A26862
:10A53000E1601AB9FEE7A1600021F8E7142101FBF0
:10A54000003393F85130013B022B9EBF2F4B9B6889
:10A55000E360E3689A4200D1FEE70023C4E90433D4
:10A56000C4E95233C4E95433A3617F23A4F85831BA
:10A57000F7F70CFBA878022842D0431F58425841F5
:10A58000234940F2FF12FEF77BFB0220A4F84E2481
:10A59000204A0870002348708870C8701E491370E4
:10A5A00053709370D370C4F8DA31C4F8DE31C4F854
:10A5B000E231C4F81233C4F81633C4F81A33A4F8DD
:10A5C0004C34A4F84A341A4601330C2B0A70CA7072
:10A5D0004A708A7001F10401F6D1104B1B6803F533
:10A5E0007A7304F6A800C4F8A438FFF77FFFA4F834
:10A5F000B828228062602046BDE87040FFF742BF65
:10A600000120BDE7FC0300207C0400205C04002046
:10A610003907002005070020090700207C4C002096
:10A620004278FF2A08D00368044923F07F4323F0CF
:10A63000FF038B4208BF0222104670470001010051
:10A640000C4B02781B6810B51AB903F21B638360C8
:10A6500010BD90F90520002AFADD816840F21B64E4
:10A66000591AA142F4D98360013A0123427103735C
:10A67000EEE700BF7C4C002070B590F90530002B50
:10A6800088B0054621DB4C78182C01F10C031ED84C
:10A690001946224601A808F0C4FF01ABC4F1190213
:10A6A0000021181908F035FE104903A8F5F7B8FD88
:10A6B00058B9DDED017AFCEEE77A17EE903A13B166
:10A6C0000B4AC2F8D434FF236B7108B070BD01AAE5
:10A6D00001F1240418685968164603C60833A342DA
:10A6E0003246F7D11B783370DEE700BFA747010879
:10A6F00024080020007840B14B79834204D1887946
:10A70000431E584258417047002070475379032B2D
:10A7100010B504460AD14B7903709379DB09437075
:10A720001079FDF773F8E0701368237110BD000015
:10A730007FB58B6833F07F4305460C4600F6A806CC
:10A740000ED18B79012B0BD101A8F7F7EDF99DF80C
:10A750000930082B04D001AA21463046FFF7D6FF66
:10A7600021463046FFF7C6FF88B3A368C3F317033B
:10A77000162B32D0F52B16D16678012E29D8324609
:10A7800004F10C0101A808F04CFF01ABC6F1020274
:10A790000021981908F0BDFD9DF805309A1E53421E
:10A7A000534185F8AA3895F8B83853B195F8B938B7
:10A7B00021790C480133DBB2CB1A59425941F6F7E3
:10A7C0006CF8012385F8B838237985F8B93804B0D6
:10A7D00070BDA389ADF80430DEE73046FFF74CFFCB
:10A7E000E1E700BF883200207FB52E4E044600F11D
:10A7F0001C05B4F85411B4F85621881A83B2000429
:10A8000044BF80339BB20BB904B070BD91421FBFEF
:10A81000B4F85811A31801320A4096F82D101ABF47
:10A8200093F85A31A4F856210023022904F11002AA
:10A830002946684620D1FEF75DFE9DF80030022BC8
:10A84000D7D1E368DBB9A0680368BDF802201B69B3
:10A850002946984704F5CA662A4669463046F7F7FE
:10A86000A3F931461048FDF7FFFF3146204604B0FA
:10A87000BDE87040FFF75CBFF7F738FADDE70B4E35
:10A8800069460020F7F7F2FB737833B1A068BDF892
:10A890000220036829461B699847B378002BD9D05A
:10A8A000E068D1E77C040020240800200507002090
:10A8B0000148FFF7B5BE00BF7818002010B54E4C18
:10A8C00086B000211622684608F023FD2046F5F7E1
:10A8D000C9FF94F88C308DF800008DF801302046C7
:10A8E00094F88D308DF80230F5F7B3FF94F891307D
:10A8F00094F890208DF803005B0002F0010203F051
:10A900000203134394F8A52043EA821394F8A62087
:10A9100043EAC2139DF80B2002F03C021343204689
:10A920008DF80B30F5F7B1FF94F894308DF80830BE
:10A9300094F8923094F895208DF8093094F8963078
:10A940008DF80700DB00920002F0040203F0080318
:10A9500013439DF80B2022F00C02134304F128004E
:10A960008DF80B30F6F762FB8DF80C002046F5F7FA
:10A9700045FF8DF80D0004F11400F6F757FB8DF834
:10A980000E0004F13C00F6F751FB8DF80F00204655
:10A99000F5F745FF8DF810002046F5F781FF94F894
:10A9A000A7308DF81230154B8DF811005B7C8DF8B7
:10A9B0001330FFF77DFF124B1A78931E5A425A410B
:10A9C00000F0030343EA02230E4A0F48127943EAD8
:10A9D0004223BDF8142023F0FC039B0522F44072AF
:10A9E00022F003029B0D134302216A46ADF8143096
:10A9F000FBF731FD06B010BD88320020180D002095
:10AA00001D080020480700209818002070B54C88C9
:10AA1000B4F5427F4FF000030AD80D780B2D73D8A0
:10AA2000DFE805F0060D1A2A2D30363952555969DE
:10AA3000A2F1240462424B8062410A7007E04D2A71
:10AA400001D0582A06D1027002230B70002380F82F
:10AA5000093333E00023F8E702F0FD033C2B01D07B
:10AA6000212AF7D1037842704D2B0CBF0823032312
:10AA70000B7000238370E9E782700422DDE7828097
:10AA80000522DAE7838803EB022383800623DCE7D1
:10AA9000C2800722D1E7C38803EB02239BB2002BBD
:10AAA000C3800CBF0B230A230B7000234B800123B0
:10AAB00080F80933C388B3F5407F01D8002002E055
:10AAC00000200870488070BDC2800922B5E70A23C3
:10AAD00082800B70EBE7B4F5407F3CBF24182272F4
:10AAE0004B8801339BB24B80C2889A429CBF0B2398
:10AAF0000B700123ABE780F808230B704B80022317
:10AB000080F809330120DEE70B704B80D6E7CB8855
:10AB1000B3F5407F70B531D8242303700B784370B0
:10AB20004B7883700B784D2B14D1CB88C3708B88F6
:10AB3000037105230022CD88D4189542A6B210FADD
:10AB400084F415D891F808232270CA880132981825
:10AB500080B270BD8B78C3708B8803718B881B0AA1
:10AB60004371CB888371CB881B0AC3710823E1E74B
:10AB70008C180132247A845592B2DCE70020E8E791
:10AB80002DE9F74F16464A88B2F5427F04460D4636
:10AB90002ED80B780A2B0FD9A3F16402032A03D90C
:10ABA0000020287068802DE0653B8F4F022B33D842
:10ABB000DFE803F063A4A70000210A2BF0D801A06E
:10ABC00050F823F0F1AB00080BAC0008A1AB000873
:10ABD000A1AB00084FAC00085DAC000869AC0008F0
:10ABE0006FAC0008A1AB0008A1AB0008DDAC000809
:10ABF000A6F124077E424FF000007E4168802E704F
:10AC000084F8090303B0BDE8F08F6F2E0CBF6423F6
:10AC100000232B700020F3E716F0040F14BF4D2320
:10AC200058233E7023703A78D1070ED412F0020FE9
:10AC300014BF21233E236370C2F3C003D20648BF72
:10AC400043F00203A3700423E3E73C23F3E7A68069
:10AC500005232B7084F809130020D3E7A38803EBA6
:10AC60000623A3800623D4E7E6800723F1E7E388E1
:10AC700003EB0623E3806523CBE70DF106007E702E
:10AC8000F6F788FE3978F6F77DFEA7882179F6F782
:10AC900079FE390AF6F776FEE788A179F6F772FEB3
:10ACA000390AF6F76FFE9DF80630B34206D000234E
:10ACB0002B706B80032384F80933CDE7002F0CBF82
:10ACC00066230A232B70012384F8093300236B8049
:10ACD000E288B2F5407FBFD92B70BDE7B2F5407F67
:10ACE0003CBF121916726B8801339BB26B80E288ED
:10ACF0009A4201D866232B700123DCE77E8067230C
:10AD0000F9E7B7F8028097F8009008EB06284FF6AD
:10AD1000FF730DF106001FFA88F84946ADF80630BA
:10AD2000A7F80280F6F700FD2679B4F804A03146B2
:10AD3000F6F7FAFC4FEA1A21F6F7F6FC94F806B09B
:10AD4000B4F806A05946F6F7EFFC4FEA1A21F6F7D9
:10AD5000EBFC797804F10807F6F7E6FC5246394631
:10AD6000F6F7EEFCBDF8063043453AD119F0040081
:10AD700015D086EA0B01E21D002398B2824584F8C3
:10AD8000081307D80223012000222A706A8084F861
:10AD9000093337E712F8010F01334140EDE7A1789D
:10ADA000F5F746FE217984F80803F5F741FEA188FE
:10ADB00084F80803090AF5F73BFEA17984F8080333
:10ADC000F5F736FEE18884F80803090AF5F730FE46
:10ADD000E28884F808033946F5F730FE84F8080362
:10ADE000D0E703230020CFE7DC300020CB88B3F589
:10ADF000407F2DE9F04104460D464AD84B783C2B64
:10AE000040D0A3F12100434243415B002A784D2A00
:10AE1000AA7808BF43F00403D10748BF43F00803F2
:10AE200092074FF02402227048BF43F010036F22B4
:10AE30006270A370AB88E370AB881B0A2371EB8848
:10AE40006371EB88A71C1B0AA3713846F7F7BEF89D
:10AE50000822E071E988A2F108039BB2561C8B42DC
:10AE6000B6B204EB02080FD3063189B23846F6F7C2
:10AE700081FC88F80000000AA055E8880A3080B2FA
:10AE8000BDE8F0810123C1E72B441B7AA35432466D
:10AE9000E0E70020F4E700000F4B1A780F4B142175
:10AEA00001FB023393F84F30032B02D9042B10D04F
:10AEB000FEE70B4B1B68036000234360C0F81233AE
:10AEC000A0F82236A0F8203640F2FF33A0F824364E
:10AED00070470023EFE700BFFC0300207C04002044
:10AEE0005C040020F8B5B0F82026B0F82236D21A5B
:10AEF00093B2120444BF03F580639BB2E62B044671
:10AF000008D800F2163500F21236206803685B6933
:10AF1000984700B9F8BD206803689B699847314697
:10AF200002462846FFF772FD0028EED004F62627D9
:10AF300029463846FFF75AFF00239AB29042E4D9D7
:10AF4000B4F82016B4F824C64A1C02EA0C02B4F87D
:10AF500022C694451EBF091917F803C081F826C6FA
:10AF600003F1010318BFA4F82026E6E7F8B500F1C5
:10AF7000080504460A46011D2846FFF701FEF8B100
:10AF8000637A3E2B0DD1A37AA2899B0705D529466A
:10AF90000C48BDE8F840FDF77FBC42F6FF739A42CB
:10AFA000F5D004F6262629463046FFF7B0FD0246C6
:10AFB000206801680F693146B847637A3E2BE6D0B6
:10AFC000F8BD00BF2408002003680BB1FFF7CEBF17
:10AFD00070470346006868B1B3F82026B3F82236FC
:10AFE000D31A98B21B0444BF00F5806080B20038C9
:10AFF00018BF012070470346006880B1B3F82226CD
:10B00000B3F82016914209D09918013291F826061A
:10B01000B3F824160A40A3F8222670470020704790
:10B02000036843B10022A0F82226A0F820261A685F
:10B030001846D2691047704710B504460548FEF718
:10B040008FFE0548FFF7ECFF60680368BDE810401D
:10B05000DB691847D00F00209C23002010B5094B56
:10B060001A78094B142404FB023393F84F30032B56
:10B0700002D9042B02D0FEE7044B1968416001B9E4
:10B08000FEE710BDFC0300207C0400205C040020CF
:10B0900070B504464068A16803681D4D9B689847D9
:10B0A00060680368DB6998474FF0904301229A6219
:10B0B00002229A616326F8F775F810B12B88E3B97C
:10B0C0002E80206803685B69984738B12068036860
:10B0D0009B69984701466068F7F773F860680368F2
:10B0E0005B6998470028E6D0606803689B699847C9
:10B0F00001462068F7F765F8DDE7013B9BB22B803E
:10B10000002BDED1F7F72EFBF7F738FBD9E700BFAE
:10B11000C20F0020026808B51AB143680BB1FFF7EF
:10B12000B7FF08BD2DE9F0411C46064640681C4F9C
:10B130001546F7F752F800232370D7F800802378DC
:10B140001F2B27D83B68A3EB0803632B22D870681A
:10B1500003685B6998470028F1D0706803689B69B1
:10B16000984723780A2803F101022270E854E6D1B7
:10B170002378032B11D92A784F2A0ED16A784B2ACB
:10B180000BD12B4413F8020CA0F10D035842584187
:10B19000BDE8F08100202070FAE70020F8E700BF4A
:10B1A0007C4C002010B504468EB0154901A808F06B
:10B1B00030FA14492068F7F710F8206801A9F7F76A
:10B1C0000CF811492068F7F708F80DF1030305AAF8
:10B1D00001A92046FFF7A6FF80B19DF80330383360
:10B1E0006B44002203F8262C05A92068F6F7F5FF2A
:10B1F00006492068F6F7F1FF0EB010BD0449F4E7E8
:10B20000B54701080B460108BE470108F84501088B
:10B21000C147010810B542F20F73994228BF194681
:10B220000446084692B0B0F57A7F38BF4FF47A7082
:10B2300001A906F0ECFA01A8F5F798FC164905A853
:10B2400008F0E7F901A905A808F06BF81349206890
:10B25000F6F7C3FF206805A9F6F7BFFF104920687D
:10B26000F6F7BBFF0DF1030309AA05A92046FFF776
:10B2700059FF78B10B48F7F7E3FA9DF803304833EC
:10B280006B44002203F8262C09A92068F6F7A5FFD5
:10B2900012B010BD0449F8E7D04701080B46010879
:10B2A000BE47010860E31600D847010810B54122E7
:10B2B0009AB00A7054224A700DF1030311AA044691
:10B2C000FFF730FF002830D01948F7F7B9FA01A985
:10B2D000A06806F0AAFA01A8F5F748FC154909A8E4
:10B2E00008F097F901A909A808F01BF8124909A864
:10B2F00008F017F80DF1030311AA09A92046FFF77A
:10B3000011FF90B10A48F7F79BFA6068A1680368DB
:10B310009B68984760680368DB69984707490DF1A7
:10B32000030311AA2046FFF7FDFE1AB010BD00BFAF
:10B3300060E31600E7470108F04701086351010880
:10B340002DE9F0434368A1B00446002B73D04FF4BD
:10B3500016524FF49643CDE905234FF416414FF4AE
:10B360006143CDE907134FF4E1304FF46133CDE988
:10B370000903A368049301A8F7F7D0F8002501ABEF
:10B380000B22197813F8010F013A01EB00210D444B
:10B3900012F0FF02ADB2F4D12B492C4FDFF8B88088
:10B3A00014A808F036F9284606F098FA014614A8C1
:10B3B00007F0B7FF264914A807F0B3FF254816A9E0
:10B3C00020F8025B08F025F904AE0725606856F8FE
:10B3D000049B036849469B68984760680368DB697B
:10B3E00098470DF103030BAA39462046FFF79AFE52
:10B3F00020B39DF8033080336B44002203F8562CB1
:10B4000014A90BA8F4F70CFF10B9A368994512D042
:10B41000082241460BA807F0A0FF78B914A92046DE
:10B42000FFF744FF6068A16803689B6898476068FD
:10B430000368DB69984721B0BDE8F083013D15F052
:10B44000FF05C3D1EEE700BFF34701080B48010831
:10B4500007480108840F0020154801080C4B5A6862
:10B460005B6943604FF4E13383600A4B02601A78F2
:10B47000094B142101FB023393F84F20012A03D01A
:10B4800093F85130022B01D1FFF75ABF704700BF2C
:10B490005C040020FC0300207C0400202DE9F34123
:10B4A00072B6F7F7B1F9374C374E384FF7F7A8FEB9
:10B4B000F7F742F9F7F72EF9F7F7D8FCF7F75AFE46
:10B4C000F7F768F9324B002580225A701D70F8F7A3
:10B4D00089FC23782F493048142202FB0311A36C06
:10B4E0000093626C91F8513091F84F10F9F72CFCF1
:10B4F000C6E902553561F7F7EDFA284B1D70F7F7ED
:10B5000093F8274B4FF400425A61F7F7D3F84FF006
:10B5100040082448F7F794F941F28830C7F82880AA
:10B52000F7F78EF94CF25030C7F81880F7F788F922
:10B530003046F7F7A7F82946304606F0F8FA4FF4F8
:10B540007A70F7F77DF994F85C2094F85B10164850
:10B55000FAF7F6FE94F85C101448FCF7D7FA94F862
:10B560005D4013482146F5F72DFF3CB1114B124ABF
:10B570001A60124B124A1A60FAF7A6FB62B602B0C2
:10B58000BDE8F081FC0300203433002000040048B3
:10B59000160D00207C0400205C04002050020020D6
:10B5A00000040140E09304009818002024080020C3
:10B5B000580F0020540200202918000858020020CB
:10B5C000C1210008184B4FF4004273B55A61174867
:10B5D000174C4FF6FF7106F063FB206023689B0752
:10B5E00012D5144E35798DB1104808236A460021D2
:10B5F00006F077FAD6E90602DDE900139A4208BFA1
:10B60000884201D00023236002B070BD02236A4645
:10B610000648294606F065FA074BDA8BBDF800307C
:10B620009A4218BF2560EFE7000401403433002040
:10B63000BC0F002048070020FC030020044A002320
:10B640001370044A1380044A1370044A137070473D
:10B65000CA0F0020CC0F0020943300200C0D0020D6
:10B66000024B1878B0FA80F040097047CA0F0020EA
:10B670000D4A11780346A9B910700C4A01201070C8
:10B680000B4A032B118009D0042B01D083420AD12D
:10B69000084B002283F8A420012070474FF4FA736E
:10B6A0001380704700207047CA0F00209433002099
:10B6B000CC0F002038060020034A00231370034AF1
:10B6C0001380034A13707047CA0F0020CC0F00206C
:10B6D000943300200A4A08B5138883B1013B9BB21A
:10B6E000138063B9074B1B78032B02BF064B012263
:10B6F0001A70FFF7E1FF054B002283F8FA2A08BD14
:10B70000CC0F0020CA0F00200C0D0020981800203C
:10B7100013B5C379212B12D10A4CF8F7C3FFFFF7F9
:10B72000CBFF94F8FA3A032B06D10DF1070120461E
:10B730008DF80730FBF710F8002384F8FA3A02B0CE
:10B7400010BD00BF9818002010B50D4B1B78013BB1
:10B75000032B14D8DFE803F002090D072023BDE80E
:10B760001040F8F78FBF2423F9E7BDE81040F8F741
:10B77000EDBF2323F8F786FF024B00221A7010BD9D
:10B78000CA0F002094330020034B01221A700022BC
:10B790005A711A71704700BF45310020054A064BA7
:10B7A00012791B7F1AB105495B22F9F71BBB0449CB
:10B7B0005B22FAE748070020FC03002095330020B5
:10B7C000F033002038B5114B1A79054632B10146E5
:10B7D00000221846BDE83840F9F754BB0C4A0D4921
:10B7E0005B23F9F7F5FA7DB90A48F8F73BFE012823
:10B7F000044607D000280849284614BF0124022423
:10B80000F9F710FB204638BD0148EEE74807002055
:10B810002A320020CF31002088320020024B1878D5
:10B82000831E5842584170471D080020044B1B7866
:10B83000022B06BF034B93F8A4000020704700BF03
:10B840001D0800203806002010B50446FFF7EEFF63
:10B8500070B10D4BD3F8AC3042F6A002934208D839
:10B860000A492046F9F712FE09492046F9F70EFE6B
:10B8700010BD42F6A1029342FAD006492046F9F7DC
:10B8800005FE0549F1E700BF380600201E48010803
:10B89000544801088A480108C048010810B5044608
:10B8A000FFF7D2FF20680749F6F7A6FC064B206891
:10B8B00019783031C9B2F6F784FC04492046F9F70B
:10B8C000E5FD10BDF6480108FC030020A544010871
:10B8D00030B5044695B0FFF7B7FF1E492068F6F76C
:10B8E0008BFC1D498B7863B12F22023108A807F029
:10B8F00046FD1A492068F6F77FFC206808A9F6F78C
:10B900007BFC17492046F9F7C1FD16492068F6F778
:10B9100073FC154B1B78022B19D1144D95F8A430EC
:10B920009BB1206805F1B001F6F766FC0B49206871
:10B93000F6F762FCD5F8A8106846F5F7B9F969463C
:10B940002046F9F7A3FD15B030BD0949F8E70949CC
:10B95000F6E700BF00490108840F002046460108B1
:10B96000A54401081D4901081D08002038060020D3
:10B9700024490108904C01082DE9F041294E2A4F35
:10B98000DFF8E8800446002594F88D20EBB29A4257
:10B9900045D994F88E30132B3ED8DFE803F00A1413
:10B9A000191B1D1F21232527292B2D2F3133353717
:10B9B000393B2046FFF748FF94F88E30013384F876
:10B9C0008E300135E0E719492046F9F75FFDF3E7CE
:10B9D0001749F9E71749F7E71749F5E71749F3E773
:10B9E0001749F1E71749EFE71749EDE71749EBE783
:10B9F0001749E9E71749E7E71749E5E71749E3E793
:10BA00001749E1E71749DFE71749DDE74146DBE77B
:10BA10003946D9E73146D7E7002384F88C30BDE8B2
:10BA2000F08100BF5F4C0108344C0108394901081E
:10BA30005D4901088B490108B4490108E049010842
:10BA4000084A0108304A0108594A0108824A010897
:10BA5000C64A0108EC4A0108124B0108354B01089F
:10BA6000684B0108994B0108D44B0108004C0108B0
:10BA700038B590F88E30044663B990F88F30012BBA
:10BA800001D9032B06D1FFF7D1FE18B92049204672
:10BA9000F9F7FCFC002594F88E102E2903D9002319
:10BAA00084F88C3019E04B1C84F88E3094F88F3079
:10BAB000012B13D10846F9F749FA0028EBD10846C3
:10BAC000F9F756FA0028E6D12046F9F769FE013564
:10BAD00094F88D30EDB2AB42DDD238BD022B05D1EA
:10BAE0000846F9F733FA0028EED1D4E7032B07D143
:10BAF0000846F9F73DFA0028CDD0FFF797FEF2E7A8
:10BB0000002BE1D10846F9F733FA0028DCD0F4E73E
:10BB10008A4C01082DE9F04303799BB00446C3B178
:10BB200090F88C30013B032B19D8DFE803F0025268
:10BB3000575C006803685B69984768B120680368D0
:10BB40009B6998470023A94984F88C302046F9F76F
:10BB50009DFC1BB0BDE8F0832046F9F785FEA44BA1
:10BB60001E6894F885308BB1D4F88830F31AB3F599
:10BB7000FA6F0BD99F492046F9F788FC9E49204669
:10BB8000F9F784FC002384F885306371994FDFF85E
:10BB9000CC82DFF8CC92206803685B699847002864
:10BBA000D7D0206803689B6998470A280546C4F8DF
:10BBB00088601DD00D281BD02C2819D03B2817D009
:10BBC00001462068F6F7FDFA29462046F9F792FC6F
:10BBD000E1E71BB0BDE8F043FFF7CEBE1BB0BDE808
:10BBE000F043FFF745BF1BB0BDE8F043F9F7E4BEF3
:10BBF00039462046F9F74AFC41462046F9F788FCC9
:10BC000050B1022384F88C30002384F88E30002356
:10BC100084F885306371BEE749462046F9F778FC21
:10BC20000028EED175492046F9F772FC0028E8D1CA
:10BC300073492046F9F76CFC054618B12046FFF71A
:10BC400047FEE4E76F492046F9F762FC40B1204621
:10BC5000FFF724FE032384F88C30A4F88E50D6E737
:10BC600069492046F9F754FC50B12046FFF716FE0B
:10BC7000032384F88C304FF48073A4F88E30C6E729
:10BC800062492046F9F744FC40B12046FFF706FE22
:10BC9000032384F88C304FF40073EEE75C492046B0
:10BCA000F9F736FC40B12046FFF7F8FD032384F88E
:10BCB0008C304FF44073E0E70AAA02A92046F9F756
:10BCC00087FC002842D002A90DF10200F9F7ACFA76
:10BCD00020B950492046F9F7D9FB98E79DF8025062
:10BCE0002846F9F745F920B1FFF7A0FD08B94A4900
:10BCF000F0E79DF828303F2B0BD12046FFF7CEFD13
:10BD000029462046F9F74CFD29462046F9F7E0FC84
:10BD10007DE70BB94149DDE72A460AA90DF1030089
:10BD2000F9F768FB08B93E49D4E72046FFF7B6FDAE
:10BD300029462046F9F734FD9DF80330002B3FF4E7
:10BD400066AF05213748F5F7ADF960E7364920467B
:10BD5000F9F7DEFB90B133480621F5F7A3F9204649
:10BD6000FFF79CFD314B1B78022B05D02A4920465A
:10BD7000F9F78CFB2E49ADE72E49ABE72E4920465B
:10BD8000F9F7C6FB28B101212648F5F78BF92B49B5
:10BD9000A0E72B492046F9F7BBFB90B121480721CA
:10BDA000F5F780F92046FFF779FD204B1B78022B31
:10BDB00005D019492046F9F769FB22498AE722494B
:10BDC00088E7224901AA2046F9F7AAFB00285AD0A1
:10BDD000019D092D01D91E497CE72046FFF75EFD34
:10BDE0001C4B1B789D423DD11B4973E7C14C010898
:10BDF0007C4C0020BF470108DB4C010813480108B8
:10BE00003E570108EA4C0108ED4C0108F24C0108CC
:10BE1000F84C0108FE4C01088A4C01081A4D010833
:10BE2000324D010854330020454D01081D08002003
:10BE30004C4D0108634D0108774D01087C4D010808
:10BE4000934D01089A4D0108B34D0108C94D0108F1
:10BE5000D54D0108FC030020F94D01086458010884
:10BE6000E54C01082A4636480A21F5F71DF93549FF
:10BE70002068F6F7C1F905F13001C9B22068F6F77C
:10BE8000A0F9314926E731492046F9F741FB05463B
:10BE900040B101232E4984F88C302046F9F7F6FA98
:10BEA0002C4917E72C492046F9F732FB28B1042327
:10BEB00084F88C3084F88E50A9E628492046F9F79A
:10BEC00027FB08B103213DE725492046F9F720FB70
:10BED00008B10B2136E723492046F9F719FB08B1D1
:10BEE0000C212FE7204901AA2046F9F719FBE8B1F8
:10BEF000019D42F22733A5F57A729A4201D91B4976
:10BF0000E8E612A9A8B205F082FC12A8F4F72EFE0A
:10BF100020681749F6F770F912A92046F9F7B6FA22
:10BF200007482A460D21F5F7BFF870E694F885100A
:10BF3000104A114B00290CBF11461946CAE600BF32
:10BF4000543300200E4E0108A5440108374E010865
:10BF5000244E01083D4E01085A4E0108644E010866
:10BF60006F4E0108774E0108834E01088F4E01087D
:10BF7000A74E0108A74C0108B34C01080148FFF780
:10BF8000C9BD00BF8407002038B5184B1A78184B7C
:10BF90000546142000FB023393F85540012C22D1B2
:10BFA0002A88930606D522F020022A800523012044
:10BFB0000B7038BD12F0400316D0FFF737FC20B1EC
:10BFC000FFF74EFB08B90023F1E7686830B1094B71
:10BFD0001B681B1A312BF6D900236B6022F040023C
:10BFE0002A800623E3E700231846E1E7FC0300204C
:10BFF0007C0400207C4C002013B50DF107010446A1
:10C00000FFF7C2FF18B19DF8070002B010BD2080F5
:10C01000FBE700002DE9F04106460C461546FFF708
:10C0200005FC70B1184B93F82D30581E012819D813
:10C03000164BB3F85861B3F85671002291B28D4295
:10C0400001D8BDE8F081B3F85401411C3140B94238
:10C050001FBFC01814F802C080F85AC1A3F85411C9
:10C060000132EBE7032B09D1094E0D44AC42E8D075
:10C0700014F8011B3046FEF7A7FFF7E77068036866
:10C08000BDE8F0411B6918477C040020D00F002058
:10C090009C230020F8B5214B214D1F79CB78C3F3A9
:10C0A000000385F895304B79C3F3801385F89630FB
:10C0B0000646C87840080C46F4F728FC85F892003C
:10C0C0002379C3F3060385F893306379227903F06B
:10C0D0003F035B0043EAD21385F89430E6B1DFB149
:10C0E000A37803F0F003202B04D12046BDE8F840EC
:10C0F000FFF70EBBA2790B48E11D5208FFF78AFF3C
:10C10000A17905F164004908F4F792FF05F13C00BC
:10C11000BDE8F840F4F786BFF8BD00BF4531002008
:10C12000883200204C33002070B50546B8B9184B52
:10C13000184E1B78184A14794CBB022B174812D1A1
:10C14000B17801F00701F8F7F7FE4379C3B931463A
:10C150000120FFF79FFF1248F4F74DFB09E0114B58
:10C16000114E1B78E6E7012293420270447104717C
:10C17000EDD80B4880F89050BDE87040F4F739BB1B
:10C180000A4B1C745C825C61094B1C71DFE770BD5B
:10C19000C60F0020CF310020480700204531002085
:10C1A00088320020C70F00202A320020D00F002044
:10C1B0009C23002010B50246FFF738FBB8B10C4BAA
:10C1C00093F82D30591E012904D8BDE810400948C4
:10C1D000FDF7A2BD032B04D1BDE810400648FEF7D1
:10C1E000F8BE50680368BDE810405B69184710BD91
:10C1F0007C040020D00F00209C23002010B50246B4
:10C20000FFF714FBB8B10C4B93F82D30591E0129E0
:10C2100004D8BDE810400948FDF78DBD032B04D1BB
:10C22000BDE810400648FEF7E6BE50680368BDE86A
:10C2300010409B69184710BD7C040020D00F0020DF
:10C240009C2300202DE9F04FDFF8FC8098F8004097
:10C2500097B081460E461746002C48D1314B1B78CB
:10C26000022B40D1DFF8D4B00DF1180A254658460C
:10C27000ECB2FFF79FFF40B15846FFF7BFFF013513
:10C28000402D0AF8010BF2D12C4627482146F4F73D
:10C29000CFFE2648F4F7C6FE25488DF8129090F898
:10C2A000A4308DF80C30234B80F89190DB788DF81A
:10C2B0000D3090F890308DF81130F4F7C1FA8DF808
:10C2C0000E00F8F7ABFA10F0010F0CBF33463B46F7
:10C2D0008DF81430184B8DF8130093F85A3043B989
:10C2E000B74206D0FEE71548FEF7A6FED4E70024C5
:10C2F000D2E70F48F4F7B6FA98F800308DF810003E
:10C300004BB90F4A0F48009406AB03A9F8F79EF803
:10C3100017B0BDE8F08F0A4A0A4803A9FFF714FADC
:10C32000F6E700BF1D080020D8320020B032002000
:10C330008832002045310020FC0300204C330020CF
:10C340004C310020F03300209433002030B4084CEE
:10C35000257925B10146204630BCF8F755BB054C80
:10C3600094F8A430013384F8A43030BCFFF76ABFDE
:10C37000480700208832002008B50246FFF756FA29
:10C3800018B9A2F82206A2F82006064B93F82D3021
:10C39000032B06D1136823B1BDE808401046FEF711
:10C3A000A1BD08BD7C04002070B500239CB2A24250
:10C3B00000D870BD058886886C1C34404688A6422B
:10C3C0001EBF2D18CE5CAE7103F1010318BF0480AF
:10C3D000ECE708B56830FFF7E7FF08BDA0F11400EF
:10C3E000F7E7000038B50A4B93F82D3000F5EF65FC
:10C3F000022B0446284608D1FCF7F2FD02462946E6
:10C4000004F24A40FFF7D0FF38BDF5F7F0FAF5E740
:10C410007C040020F0B587B00446102201A8F4F790
:10C4200093FC204B94F8A8C893F8352084F85EC696
:10C430004FF0FF33333284F85C3684F85D360123E5
:10C4400084F85F3604F5CA67D2B201AB04F5CC6656
:10C450000DF1140E1D4603CD7545306071602B46FD
:10C4600006F10806F6D184F855264423D4F8582658
:10C4700084F85636142363F31702C4F858264DF295
:10C48000016284F871C7A4F8722784F8743704F540
:10C49000A4713846F5F738FE39462046FFF7A2FF6B
:10C4A00007B0F0BD7C0400202DE9FF410446B0F840
:10C4B0004C14B0F84A04F5F7ADFDE3684BBBDD283A
:10C4C00008D804F5F37604F5ED75A06803685B6998
:10C4D000984710B904B0BDE8F081A06803689B6973
:10C4E00098472A46034631466846F5F7FFFB002881
:10C4F000EBD09DF80030022BECD104F5CA65324632
:10C5000069462846F5F750FB29462046FFF76AFFA3
:10C5100094E0DD28DED84D4D2B780133DBB2012BC2
:10C520002B700FD900232B70A06803685B699847B4
:10C5300050B901232B70E06803685B69984730B9F4
:10C54000287004E0002BEFD02B78012BF3D004F5FA
:10C55000F37604F5ED772B78002B36D1A0680368CD
:10C560005B69984788B3A06803689B6998473A4617
:10C57000034631466846F5F7B9FB0028EBD0DFF8F3
:10C58000D08069460120F5F771FD98F8023033B18B
:10C59000E068BDF80220036831461B6998479DF8A2
:10C5A0000030022B11D104F5CA673246694638467D
:10C5B000F5F7FAFA98F800301BB139462046FFF734
:10C5C00011FF39462046FDF7D7FD04F21E3604F26E
:10C5D00012372B78012B7FF47DAFE06803685B692D
:10C5E000984700283FF476AFE06803689B69984756
:10C5F0003A46034631466846F5F778FB0028E8D00E
:10C60000134F69460220F5F731FD7B7833B1A068FE
:10C61000BDF80220036831461B6998479DF8003039
:10C62000022B7FF457AF04F5CA65324669462846A7
:10C63000F5F7BAFA3B78002B7FF466AF294620461F
:10C6400004B0BDE8F041FDF797BD00BF44070020EE
:10C6500005070020264B70B51E680446FFF7E6F874
:10C6600058B9C4F8A468A4F85601A4F85401A4F871
:10C670004C04A4F84A0484F8B8081E4D95F82D30EF
:10C68000013B012B33D82046FEF7AEF82046FFF7DA
:10C690000BFF194B1B78142202FB035595F85250DF
:10C6A00095B1D4F8A438F31AB3F57A7F0FD3C4F850
:10C6B000A468012504F6A800FDF7C2FF4DB120468D
:10C6C000BDE87040FDF762BBC4F8A468F2E700253E
:10C6D000F0E794F8B4382BB1084984F8B4582046F0
:10C6E000FFF798FE2046BDE87040FDF765BE70BDBF
:10C6F0007C4C00207C040020FC030020A74701089C
:10C700002DE9F74FAF4E3378012B00F205811BB9AD
:10C71000F5F776FF04F096FCFEF7C0FEAA4B002268
:10C720001A809A704FF0904301229A6207244CF2CB
:10C730005030013CF6F722F8F6F782F814F0FF04C7
:10C74000F5D1A24BA2489C701C8005F04DFB01382E
:10C7500080B24FF6FD73984203D99E490120F8F745
:10C76000B9FB9D4B9D4F1C609D4B99481C60391D2A
:10C77000F7F7F2FC9B48F8F76DF897F82020202A8D
:10C7800000D9FEE797F82800974D796AB7F82C9002
:10C7900097F829C097F82A30A871052800D9FEE734
:10C7A000DFF8C88258F830E0BEF1000F00D1FEE794
:10C7B00008EBC008C5F808E098F804E098F8058090
:10C7C00085F807E085F80C8085F8D500A5F80E906F
:10C7D00085F8D440B9F1000F00D1FEE7724524BFBF
:10C7E0000EF1FF3E5FFA8EF205286A7400F0D480E5
:10C7F000012800F2D9800CF1FF30C0B200F0C380F4
:10C80000022813D8581EC0B2032809D80C2A01D90F
:10C810000C206874687C904200D96A74644608E011
:10C82000122A84BF12236B740023F3E7052B28BF61
:10C8300000236D482246F4F735FB00246B4B2C7423
:10C840006948FF251D705D70F7F79AFC0146604846
:10C8500005F090F9664B1C80664B1C70664B1C7093
:10C86000664B1C80664B1C80664B1C70664B1C80A4
:10C87000664B1C70664B1C70664B1C70664B1C70C4
:10C88000664B01201C70FEF7D9FEFEF7F1FEB7F8EB
:10C890004C30B7F84E2097F840106148F3F76AFF24
:10C8A000B7F84C105F48F4F789FA5F48F8F71AFBBD
:10C8B0003A785E4B5E48142101FB023393F84E1028
:10C8C000F4F788FD5B495C48FDF71AFE5B48FEF70C
:10C8D000E3FA58495A48FEF7C1FB5A48F8F7E2FD17
:10C8E0005948FEF7BBFD3A48F7F727FC0146574881
:10C8F000F8F7E0F95648F4F7DEFB5648F4F7B0FBDA
:10C900005548F4F729FD554B1C70554B1C80554B71
:10C910001C80F6F73DFC3570F6F744FC364D0028D8
:10C9200000F0D080384A13880BB1013B1380304AA5
:10C93000138813B9294BB3F84C30013B9BB2012B40
:10C94000138035D12B4A1370FEF7C4FE2B78002BD1
:10C9500040F0B8802B4B1C4A19781388022940F00C
:10C960008780002B00F08980013B9BB21380927876
:10C97000002A00F08580002B40F08C80F5F7F2FE55
:10C98000F5F7FCFE86E0022804D80C2A01D90C2316
:10C990006B74644600234CE70CF1FF33022BF9D88B
:10C9A000082AF6D90823F3E70F48F4F721FA44E7F9
:10C9B000002BC9D101232B702B4B5A6A0F4B1A80C5
:10C9C000C2E700BF71310020C20F0020840F002099
:10C9D00034330020B44E0108B80F0020FC030020BF
:10C9E000BC0F002048070020180D002072310020E5
:10C9F0004C340020C00F00200D0D002042310020DB
:10CA0000C80F00201D080020200800201E0800205C
:10CA10001C080020C70F0020C60F0020CE0F0020EA
:10CA20008832002080330020453100207C04002023
:10CA3000580F0020AC180020D00F00209C230020AD
:10CA40004C330020840700204C0F0020160D0020DE
:10CA50006C4C00205433002014080020703100205A
:10CA600090330020923300200004004064590108F4
:10CA7000002B7FF479AFC72378E740F2F31375E713
:10CA800002294FF0904040F0E1800BB9F5F76AFEC3
:10CA900001238362A74C2388002B40F0DD8040F205
:10CAA000E7332380A448F7F74BFFA448F7F745FB8B
:10CAB0000146A348F8F7FEF823881BB9A149A2480C
:10CAC000F5F78BFBA14FA24C3B88022B00F0DE80D8
:10CAD000042B00F00A81012B0FD19E4B1A7C597C4C
:10CAE0000132D2B2914298BF00221A749A4B114679
:10CAF000187AFFF72BFC02233B8023683BB33B886B
:10CB0000032B40F009812368DB070ED5934A0023ED
:10CB10002360137843F001011170914A92F85A2072
:10CB20000AB1980701D504233B8023687BB12368B1
:10CB300023689A0748BF236823688A4ADB0748BFEF
:10CB4000236800231370884A23603B8013702B787E
:10CB5000002B00F08181DFF81082784800242C70CF
:10CB6000F7F790FA98F800A0BAF1000F00F01C81D6
:10CB70002046FFF7D9FA784B764D1C727B4B2A7C06
:10CB800083F8A72098F80020DFF8D891784C012A84
:10CB900094BF0022012283F8A52099F80020012AE1
:10CBA00094BF00220122BAF1010F83F8A620237856
:10CBB0000BD9DFF8ACA1002B00F0F980012B00F0BD
:10CBC000FB806C4BBAF850201A802378022B03D1DB
:10CBD000684B1B8803B92370227800230120022AA6
:10CBE000388088F8003089F8003006D062490B7030
:10CBF0001AB9FEF761FDFEF73BFD604A138813B9D1
:10CC0000574BB3F84E30013B9BB2138013B95748D2
:10CC1000F3F749FE5548F3F7EBFD2378022B02D0DA
:10CC20005248F3F78DFD564B93F80080B8F1000F92
:10CC300000F0EF804FF09043012402229C619A6142
:10CC4000F7F7B4F8347003B0BDE8F08F02228262C7
:10CC5000002B7FF41FAF93E6013B9BB22380002B98
:10CC60007FF420AF3E4B1A78464B142101FB023370
:10CC700093F85330022B7FF415AF434B1B78002BF6
:10CC80003FF410AF3948F3F700FE0BE73F4B404A43
:10CC90005B6A12889B1A9BB240F2ED2293427FF6A8
:10CCA0002CAF3C4B3C484FF0000883F80080F8F76D
:10CCB00011F82848F7F764FA0146204804F05AFFB3
:10CCC000254B187AFEF76AFD03233B80234B33483C
:10CCD00083F80080324BC3F80080324BC4F80080E8
:10CCE00001221A71F4F7EBF907E714484FF6FF71C8
:10CCF000F5F7D8FC04F0C8FF00221048012105F028
:10CD000001F8184A05233B8000231370164A13705C
:10CD1000234A13602360F0E6052B7FF406AF2368F7
:10CD200099077FF502AF00202060FEF74BFD0E4B08
:10CD30001870FAE6903300204807002034330020B2
:10CD4000160D0020FA42010800000020C80F002044
:10CD5000BC0F0020180D002080330020CE0F0020D3
:10CD6000FC030020C70F0020C60F002088320020DF
:10CD70001D080020200800204531002092330020AB
:10CD80000C0D00207C0400201C0800200004004042
:10CD900042310020C00F0020723100206C4C002076
:10CDA000B80F002024080020FEF7EEFCE3E6012285
:10CDB00022709A4A137004E7984ADFF8A4B21378F5
:10CDC0000133DBB213709BF80020EAB99AF85410D3
:10CDD00099423FF6F6AE924991F8A43043B9914B8F
:10CDE0001B792BB992B1FEF767FC012381F8A430BF
:10CDF0009BF8003013B98C48F3F7F6FC022323703C
:10CE000001238BF80030DCE60521E1E787490C209F
:10CE1000A5E48448F7F7BEFDF7F7E8FD01280746CB
:10CE200005D003287FF40FAF012333700BE77D4853
:10CE3000F7F750FD41F28833A5F8D6304FF0904314
:10CE4000022285F8D470A5F8D8809A619F62784B49
:10CE500084F800809F70F6E6764C774D94F85B304E
:10CE6000EBB176497648F9F7A7FA68B12278754BA5
:10CE7000142101FB0233012293F84C30032B04BF31
:10CE800001232B706E4B1A716D480DF10301F9F7F8
:10CE9000ACFA20B19DF80330F3B1012B1FD094F808
:10CEA0005B3023B994F85C30002B00F007816448B4
:10CEB0000DF10301F9F7BEFA50B39DF80330033BBF
:10CEC0000F2B25D8DFE803F016242424242424483B
:10CED000244C6373787E7A7CFDF7F0FCDFE75848DA
:10CEE00001A9F9F7D5FA0028D9D09DF80400F9F77F
:10CEF00067FDD4E7F6F76AFF534B1B78022B4FF020
:10CF0000030822D10420FEF7B3FB4D4B83F8FA8AC5
:10CF100094F85C30002B00F0D18048494B48FAF778
:10CF200041FE08B101232B70B4F84C2047486946F4
:10CF3000FAF75AFE00284FD09DF80030052B4BD849
:10CF4000DFE803F0475F636790B63D488DF80480E3
:10CF500001A9F9F701FCDBE73D49A1F13300F8E74E
:10CF6000DFF8DC8001A908F13300F9F70BFD002898
:10CF7000CED09DF80430002BCAD0334B187802284D
:10CF8000C6D1FEF775FB0C2388F8FA3AC0E72E4BA2
:10CF90001B78022B07D10320FEF76AFB284B0D22DA
:10CFA00083F8FA2AB4E72B4B01221A70B0E701216B
:10CFB0002948F4F773F8ABE70221F9E70321F7E713
:10CFC0000821F5E71E4B254893F83310F4F7C8F90C
:10CFD0009EE71E48FBF734FDDFF870800DF101017C
:10CFE0004046FAF737FE002868D09DF80130022B42
:10CFF00062D8002B00F0AC8017480121F4F750F8FC
:10D000005CE01248FBF764FDE6E71048FBF798FD8B
:10D01000E2E70E48FBF7FEFDDEE700BF1E0800203A
:10D02000380600204807002088320020BE4E010844
:10D03000C20F0020FC030020703100204C31002082
:10D04000981800207C0400201D08002024080020DF
:10D05000CB1800200C0D00205433002014080020B1
:10D060001C0800206D480DF10201F9F711FA18B102
:10D070009DF80200F9F7A4FC68480DF1030201A92C
:10D08000F9F748F930B19DF8032001996448FAF79F
:10D0900035FEA1E7FEF7CAFB00289DD0614B93F84F
:10D0A0002D30013B022B97D85D48FBF72FF893E713
:10D0B0005B48FBF773FD8FE7032B4FD094F85D308F
:10D0C00023B159495948F4F7BDFA08B92B78C3B1CF
:10D0D00000232B70534D2378534955484FF01408C3
:10D0E00008FB035393F84D20F3F720FB23784E49B8
:10D0F000504808FB035595F84A3095F85620F7F745
:10D1000009FE4D4B1B78002B7FF49DAD3B88022B15
:10D110003FF499AD4948FFF79DFA4948FFF72CF9CC
:10D120004848F3F7D9FF4848F3F7A0FF10B9434840
:10D13000FEF762FF431E102B6CD8DFE803F03F467A
:10D140004D6B1924376B6B4F5B5F636B576B5700ED
:10D1500098F869103D48F4F703F9AFE798F81620FE
:10D160002E48023AD2B208F11801F9F7BEF8A5E745
:10D17000374B187802280FD1FEF77AFA274BFF2297
:10D1800083F8FA2A08E0324B1B78022B01D10320E6
:10D19000F2E7304B01221A702C48F4F7F5F800281A
:10D1A0003FF451AD2B4B01221A704CE5F6F70EFE01
:10D1B000274B1B78022BEFD10420DDE7264B1A7991
:10D1C000002AE9D101225A71E6E7234B1A79002A95
:10D1D000E2D001229A71DFE7F5F7AAF91A48F3F7CE
:10D1E00066FFC1B21948F4F7BBF8D5E71648F3F764
:10D1F00060FFD1E71948FDF78DFFCDE71748FDF730
:10D20000D1FFC9E71048F3F752FF81B21348FEF788
:10D2100001F8C1E704283FF407AEBDE798180020E5
:10D22000240800207C0400204C310020580F0020EE
:10D230007C07002072310020C00F0020D00F00209A
:10D240009C2300206C4C0020543300201408002044
:10D250001D0800200C0D0020480700204C0F002066
:10D2600008B5FFF74DFAFCE7524B534A534870B5E7
:10D270001A60534B534A1A605A619A62DA63524AEF
:10D280001A655A66514A9A67514A524B02F108018F
:10D29000283200245A6140F2FF12C3E91A427F2566
:10D2A0004D4A1960C3F87022C3F86C42C3F8744A3F
:10D2B000C3F8785A494B0360212380F80C3100F100
:10D2C000DC03C0F81031102380F8143100F1C403DE
:10D2D000C0F81C310F2380F820311E2380F8243140
:10D2E00000F1F403C0F82831062380F82C3107231D
:10D2F00080F8303100F1FA03C0F8343100F1FC035A
:10D3000002220921C0F84031032380F8182180F857
:10D31000382180F83C1180F8443180F850210D22EA
:10D3200080F8542100F20112C0F858210A26112277
:10D3300080F8486180F8602100F1FF0600F58272F4
:10D34000C0F84C6180F85C31C0F8642180F8783115
:10D35000082200F1D30300F1EC0680F8682180F880
:10D360006C2180F87421C0F87C3180F88011C0F8FD
:10D37000706100F5EA70FAF767FA194B194A1A60FA
:10D3800019482146F3F782F9184B194AC3F84C247F
:10D39000C3E95545A3F84A44164B40F2FF32C3F89F
:10D3A0002426C3F82046144B144A1A60144B154A1D
:10D3B0001A6070BD34330020DC4E010824080020C0
:10D3C00088320020544401083C44010848440108C4
:10D3D0004C780108981800200000FF0744780108E5
:10D3E000580F0020F44F01087C070020D00F0020C8
:10D3F0000000FF019C2300204C330020007801082E
:10D400006C4C00203078010810B594B0382200210F
:10D4100006A805F07EFF1422002101A805F079FF7F
:10D42000002001F0C1F901224FF48033CDE9062339
:10D4300003240223552206A8CDE90D34CDE910239B
:10D44000CDE912330F9301F011FA08B172B6FEE77D
:10D450000421CDE903000F2305900DEB0100CDE978
:10D46000013401F049FC08B172B6FEE714B010BDFA
:10D4700007B5104A136823F48063136000F00CF9B9
:10D48000FFF7C2FF0C4BDA6C42F02002DA64DA6C70
:10D4900002F020020192019ADA6C42F00102DA6491
:10D4A000DB6C03F001030093009B03B05DF804EB19
:10D4B000FFF7D6BE002002400010024072B6FEE721
:10D4C0000B4B1A6E42F001021A661A6E82B002F01D
:10D4D00001020092009A9A6D42F080529A659B6D0B
:10D4E00003F080530193019B02B001F0B7B900BF74
:10D4F00000100240FEE7FEE7FEE7FEE7FEE77047AA
:10D5000070477047F5F75EBE0120704708B506F01A
:10D5100053F8162303604FF0FF3008BD08B506F03E
:10D520004BF816230360FEE770B50D4614460E4611
:10D53000731B9C4201DC204670BDAFF3008006F8EF
:10D54000010BF5E770B50D4614460E46731B9C4261
:10D5500001DC204670BD16F8010BAFF30080F5E743
:10D560004FF0FF3070474FF400534B60002070477E
:10D5700001207047002070470B4A116810B5034620
:10D5800009B90A491160106809490A4C0344091B8A
:10D590008B4206D906F010F80C2303604FF0FF30E1
:10D5A00010BD1360FCE700BF784C0020B865002078
:10D5B0000080002000040000034AD2F8883043F4C1
:10D5C0007003C2F88830704700ED00E00D488546D2
:10D5D000FFF7F2FF0C480D490D4A002302E0D45832
:10D5E000C4500433C4188C42F9D30A4A0A4C0023AD
:10D5F00001E013600432A242FBD305F0E3FFFFF722
:10D6000037FFFEE70080002000000020E00300203C
:10D61000407F0108E0030020B8650020FEE7704766
:10D6200010B5094B4FF0FF3200249A639C631A64D3
:10D630001C649A629C62DA62DC621A631C63FFF704
:10D64000EEFF204610BD00BF0010024038B50F4B62
:10D650001A6805460AB9012038BD4FF47A73B3FB46
:10D66000F2F30B4A1068B0FBF3F000F07DF80446CB
:10D670000028F0D10F2DEED8024629464FF0FF309A
:10D6800000F032F8034B20461D60E5E770020020F1
:10D690006C0200207402002010B5032000F012F884
:10D6A0000F20FFF7D3FF044618B9FFF709FF204604
:10D6B00010BD0124FBE70000014B1868704700BF54
:10D6C0007C4C00200749CA6822F4E062030212047D
:10D6D00003F4E063120C134343F0BF6343F40033DD
:10D6E000CB60704700ED00E0164B30B5DC68C4F34A
:10D6F0000224C4F10703251D042B28BF0423062D93
:10D700004FF0FF358CBF033C002405FA03F321EAF8
:10D710000303A54022EA0502A340002843EA0203CE
:10D72000ACBF00F16040084A4FEA0313B8BF00F0F5
:10D730000F00DBB2AABF00F56140135480F800333C
:10D7400030BD00BF00ED00E014ED00E0002807DB75
:10D75000044A4109012300F01F00834042F82130B0
:10D76000704700BF00E100E00138B0F1807F0BD2CC
:10D770004FF0E023054A5861F02182F82310002081
:10D78000072298611A6170470120704700ED00E0A0
:10D79000094A536943F4802310B55361EFF31082B3
:10D7A00072B60023CC58C4500433B3F5807FF9D14E
:10D7B00082F3108810BD00BF00200240064B5A695A
:10D7C000002ABFBF054A9A6002F188329A60BABF48
:10D7D0005869C00F002070470020024023016745B0
:10D7E000044B5A6942F000425A615869C043C00F65
:10D7F000704700BF0020024070B50646FFF75CFF8F
:10D800000F4C05462369DB030BD423694CF2FA3233
:10D8100013400DD00B494A681A434A600120236126
:10D8200070BDFFF749FF401BB042EBD90320F7E77B
:10D83000206910F00100F3D0012222611846EFE7C1
:10D8400000200240780200202DE9F0471D4E994645
:10D850003378012B05460F46904631D04FF0010A30
:10D860004FF47A7086F800A0FFF7C6FF0446B8B9F7
:10D870007060CDB9144A536943EA0A035361C7F88B
:10D880000080BFF36F8FC7F8049054464FF47A704E
:10D89000FFF7B2FF24B10C4A536923EA0403536132
:10D8A00000233370BDE8F0876B1E012BEED8414694
:10D8B0003846FFF76DFFAB1E5D425D41AC04E5E706
:10D8C0000220EFE77802002000200240064B10F013
:10D8D000010F1EBF5A6942F004025A615A6942F4AC
:10D8E00080325A61704700BF00200240084B5A69DD
:10D8F000C00022F4FC7200F4FF60104358615A69C2
:10D9000042F002025A615A6942F480325A61704709
:10D91000002002401548037FDAB203F0FD03012B1B
:10D9200010D1134B196821F400711960196841F482
:10D9300000611960196821F400611960196841F4E7
:10D9400000711960931E012B0CD8094B1A6842F420
:10D9500080521A601A6822F480521A601A6842F4DF
:10D9600080621A6000230377704700BF78020020AE
:10D97000002002402DE9F843314D2B78012B06465B
:10D9800088465AD001274FF47A702F70FFF734FF82
:10D99000044610BB2B4B68601A6812F4007F1A68AB
:10D9A00020D0510506D51A6822F480621A6003233C
:10D9B0002B7700E02F773368012B1DD17068FFF7BC
:10D9C00085FF4FF47A70FFF717FF1E4A536923F063
:10D9D000040304465361FFF79DFF00232B7020468C
:10D9E000BDE8F883520505D51A6822F480621A60F2
:10D9F0000223DDE72877DEE74FF0FF33C8F8003079
:10DA0000B768DFF84090D6E902321344BB42E2D94E
:10DA100071683846FFF76AFF4FF47A70FFF7ECFE43
:10DA2000D9F8143023F4FD73C9F8143018B1C8F8CC
:10DA300000700446CFE70137E5E70224CFE700BFD7
:10DA40007802002000200240F0B5044687B000288C
:10DA500058D090F8AD3203F0FF021BB980F8AC2229
:10DA600003F058FC0323002584F8AD32656220687A
:10DA700001F09DFF2B466668282501271846D9B27C
:10DA80008E4203F1010323D8002328251946D8B27A
:10DA9000864203F1010328D804F110060FCE6D462B
:10DAA0000FC596E8030085E80300231D0ECB206810
:10DAB00001F087FF0025012384F8285084F8AD3257
:10DAC000E369012B02D1204600F056FE28461AE0F9
:10DAD00005FB0142C2E90F0082F82D7082F82C107C
:10DAE000518782F82F005064C9E705FB0042C2E964
:10DAF0005F1182F86D1182F86C0182F86F11C2F823
:10DB00008411C4E7012007B0F0BD10B590F8AC3225
:10DB1000012B04460CD0012380F8AC32006801F0E0
:10DB20003DFF206802F0FAF9002084F8AC0210BD35
:10DB30000220FCE710B590F8AC22012A04460BD075
:10DB4000012280F8AC2280F82810006802F0E0F989
:10DB5000002084F8AC0210BD0220FCE72DE9F74F4D
:10DB60000446006802F0E5F910F4004100F02F844B
:10DB7000DFF80883C04F2068B0F844301A0402D49C
:10DB800003B0BDE8F08FB0F84450A9B215F00F050E
:10DB900040F0B78011F010012AD103889BB203EA4C
:10DBA000080343F400430380B0F8503094F82C206D
:10DBB00000F2024010FA83F3204633F83230226C30
:10DBC000C3F309031A44A364226403F0EAFB94F844
:10DBD0002830002BCFD0626C2168002ACBD194F87A
:10DBE000283043F08003A1F84C3084F82820C2E7A5
:10DBF0000588ABB215F4006520D0B0F8503094F829
:10DC00006C2100F2064111FA83F304F52D7133F80B
:10DC10003230B4F87221C3F30903C4F8883102F03A
:10DC2000D7FB2268138823F070031B051B0D43F0FC
:10DC300080031380204603F0A5FB9CE71A049AD5C5
:10DC4000038823F070031B051B0D43F08003038042
:10DC5000B0F8503094F86C2100F2064111FA83F3C9
:10DC600033F83230C3F30903C4F888318BB1D4F8E8
:10DC7000801171B1B4F8722102F0AAFBD4F880319E
:10DC8000D4F888211344C4F880312946204603F093
:10DC90007FFB21680B881B053FF56DAFD4F87C51E5
:10DCA000B1F850303E2D9BB201F2064008D96A0906
:10DCB000EE0608BF02F1FF3247EA822292B20AE082
:10DCC000CDB9C25A22F4F8421204120CC252C25AFE
:10DCD00092B242F40042C2520B8823F4804323F0F4
:10DCE00070031B041B0C83F4405343F4004343F0C4
:10DCF00080030B803FE76A08ED0748BF01329202BC
:10DD0000DCE70FFA85F930F8293019049EB240F1AA
:10DD1000F58030F8293023F070031B051B0D43F00C
:10DD20008003282120F8293001FB054191F8783142
:10DD3000BBB9B0F8503091F86C2100F2064C1CFAD7
:10DD400083F333F832A0CAF3090ABAF1000F00F0E6
:10DD5000B980B1F872215346D1F8801102F038FB36
:10DD6000B0E091F86F31022B91F86C3140F088806F
:10DD7000B0F850C0D1F884214FEAC30A10FA8CFCE5
:10DD800016F4804BD44406F0400E3AD0BCF802A4FE
:10DD9000CAF3090A924513D90022C1F8842130F848
:10DDA000232022F4804222F070021204120C82F42A
:10DDB000005242F4004242F0800220F8232005E0A5
:10DDC000A2EB0A02C1F88421002AE8D0BEF1000FBC
:10DDD0000DD030F8232022F4E04222F07002120429
:10DDE000120C42F4004242F0C00220F82320BAF1A3
:10DDF000000F67D0282101FB0541B1F8742153467B
:10DE0000AAE7BCF806A4CAF3090A924512D9C1F8D8
:10DE100084B130F8232022F4804222F070021204F0
:10DE2000120C82F4005242F4004242F0800220F8C8
:10DE3000232005E0A2EB0A02C1F88421002AE8D0E1
:10DE4000BEF1000F0DD130F8232022F4E04222F081
:10DE500070021204120C42F4004242F0C00220F898
:10DE60002320BAF1000F2DD0282101FB0541B1F884
:10DE70007621534670E700BF0080FFFF0F8FFFFF42
:10DE800030F8232022F4E04222F070021204120C37
:10DE900042F4004242F0C00220F8232091F86C21A5
:10DEA00030F8223013F4804FB0F8503062D000F2D6
:10DEB000024C1CFA83F333F832A0CAF3090ABAF110
:10DEC000000F9AD1282101FB0543D3F88821524441
:10DED000C3F88821D3F880215244C3F88021D3F8B5
:10DEE00084211AB1D3F87C319A454FD2282303FB01
:10DEF0000543204693F86C1103F04AFA3206206875
:10DF00007FF539AE30F829309BB203EA080343F4B9
:10DF1000004320F8293009EB890904EBC9094FF0C7
:10DF2000280C99F82F30022B5BD00CFB054C0025F8
:10DF30009CF83830CCF84450002B3AD016F040060C
:10DF400099F82D3099F82C2039D03BBBB0F85030DF
:10DF500000F2024010FA83F303EBC2031A8822F4A2
:10DF6000F8421204120C1A801A8892B242F400424B
:10DF70001A801EE000F2064C1CFA83F333F832A03C
:10DF8000CAF3090ABAF1000F9CD070E701FB054102
:10DF9000206801F5B67101F0DFFFAFE7012B08D172
:10DFA000B0F8503000F2024010FA83F303EBC203E2
:10DFB0001D8099F82C10204603F0F3F9DBE523B916
:10DFC000B0F8503000F20640C4E7012BF1D1B0F8B0
:10DFD000503000F2064010FA83F303EBC2031E80B8
:10DFE000E7E799F82C100CFB054E16F4807ADEF862
:10DFF00044300A464FEAC10B22D1B0F850201BFA38
:10E0000082F20244B2F80264C6F309069E4202D3C9
:10E01000CEF844A0CFE79B1BDEF84020CEF844307A
:10E02000DEF8483005FB0CCC324433440CF10401DB
:10E03000CEF84020CEF84830214401F08DFF9AE51B
:10E0400016F0400AB0F850C006F4804600F0E180B7
:10E0500000F2024E1EFA8CFC4FF0280A3CF831C048
:10E06000CCF3090C9C450AFB054A34BFA3EB0C0317
:10E070000023CAF84430B6B2002B54D199F82D5081
:10E08000002D3FD1B0F850501EFA85F535F83130EB
:10E0900023F4F8431B041B0C25F8313035F83130DC
:10E0A0009BB243F4004325F83130B0F8503000F211
:10E0B000064010FA83F030F8313023F4F8431B04A3
:10E0C0001B0C20F8313030F831309BB243F4004360
:10E0D00020F83130204603F064F9002E00F0E28091
:10E0E00099F82C10226832F8213023F4E04323F011
:10E0F00070031B041B0C43F4404343F0800322F8DD
:10E100002130CFE0012DE5D1B0F850501EFA85F551
:10E1100025F83130B0F8505000F2064010FA85F57D
:10E1200025F83130D6E76EB130F8213023F4E043E2
:10E1300023F070031B041B0C43F4404343F08003A3
:10E1400020F82130282606FB054696F85030012B92
:10E1500040F0A880B36C316CD6F84CA06344B36433
:10E16000F36B61449A4531641CD3AAEB030AC6F8E9
:10E170004CA099F82D601FFA83FA002E40D1B0F818
:10E1800050603E2B1EFA86F619D94FEA531CDB0667
:10E1900008BF0CF1FF3C47EA8C2C1FFA8CFC26F8D8
:10E1A00032C01CE0BAF1000F03D186F850A06346DC
:10E1B000DFE7002386F85030F3645346D9E7B3B95C
:10E1C00036F8323023F4F8431B041B0C26F83230A7
:10E1D00036F832309BB243F4004326F8323028221E
:10E1E00002FB05425346928E01F0A7FE5AE04FEA29
:10E1F000530CDB0748BF0CF1010C4FEA8C2CCCE729
:10E20000012E02BFB0F850301EFA83F323F832A07B
:10E21000E5E700F2064E1EFA8CFCB6B23CF831C0BF
:10E22000CCF3090C9C4588BF53464FF0280A0AFBE3
:10E23000054A98BFA3EB0C03CAF84430002B53D116
:10E2400099F82D50002D40D1B0F8505000F2024303
:10E2500013FA85F535F8313023F4F8431B041B0C11
:10E2600025F8313035F831309BB243F4004325F8BE
:10E270003130B0F850001EFA80F030F8313023F41D
:10E28000F8431B041B0C20F8313030F831309BB2BE
:10E2900043F4004320F83230204603F082F8002E89
:10E2A0003FF41EAF99F82C10226832F821309BB24F
:10E2B00023F4E04323F0400383F0300343F40043AE
:10E2C00043F0800322F8213055E4012DE4D1B0F869
:10E2D000505000F2024C1CFA85F525F83130B0F8A8
:10E2E00050001EFA80F0D5E76EB930F8213023F4E3
:10E2F000E04323F070031B041B0C43F4404343F042
:10E30000800320F82130282606FB054696F8503079
:10E31000012BC7D1B36C316CD6F84CA06344B36405
:10E32000F36B61449A4531641CD3AAEB030AC6F827
:10E330004CA099F82D601FFA83FC002E3ED1B0F856
:10E3400050603E2B1EFA86F619D94FEA531EDB06A3
:10E3500008BF0EF1FF3E47EA8E2E1FFA8EFE26F80A
:10E3600032E01CE0BAF1000F03D186F850A06346FA
:10E37000DFE70023F36486F850305346D9E7A3B9AA
:10E3800036F8323023F4F8431B041B0C26F83230E5
:10E3900036F832309BB243F4004326F8323028235B
:10E3A00003FB05456346EA8E1EE74FEA530EDB0783
:10E3B00048BF0EF1010E4FEA8E2ECEE7012E02BFAE
:10E3C000B0F850301EFA83F323F832C0E7E7430574
:10E3D00013D522680191B2F8443023F480631B0402
:10E3E0001B0C2046A2F8443002F0E7FF01992046BA
:10E3F00003B0BDE8F04FFFF79DBB47040AD5226884
:10E40000B2F8443023F480431B041B0CA2F84430C0
:10E41000FFF7B6BB10F4005105D02268B2F84430C3
:10E4200023F40053F0E7C60422D52268B2F8403046
:10E4300023F004031B041B0CA2F84030B2F8403058
:10E4400023F008031B041B0CA2F8403094F8E432BC
:10E45000012B04D184F8E412204600F0A4F92046F0
:10E4600002F0CEFF2268B2F8443023F48053CBE7A9
:10E4700005051BD52268B2F840309BB243F0080373
:10E48000A2F84030B2F8443023F400631B041B0CA4
:10E49000A2F84430B2F840309BB243F00403A2F833
:10E4A0004030204602F09CFFFFF76ABB01062BD5E7
:10E4B0002368B3F8442022F080021204120CA3F85F
:10E4C000442094F8E422002AEBD1B3F8402092B221
:10E4D00042F00402A3F84020B3F8402092B242F088
:10E4E00008020121A3F8402084F8E412B3F8543064
:10E4F000C3F38D0303F03C032046C4F8E83203B0B5
:10E50000BDE8F04F00F04FB982050DD52268B2F892
:10E51000443023F400731B041B0CA2F84430204643
:10E5200002F047FFFFF72CBBC3057FF529AB22683C
:10E53000B2F8443023F4807366E700BF11F0800F17
:10E5400070B505464FF0280401F007001ED000FB0F
:10E550000444211D2C440126294466710A614A782D
:10E560000870CB7002B1C881022B04BF00230B716D
:10E5700095F8AC32012B13D00123286885F8AC3212
:10E5800001F034FA002085F8AC0270BD04FB0051A4
:10E5900004FB0054002601F5B67184F86D61DDE7D7
:10E5A0000220F2E711F0800F10B501F007020446D7
:10E5B0004FF0280315D002FB0333191D0344014417
:10E5C000012058710A7094F8AC32012B13D001234A
:10E5D000206884F8AC3201F05FFB002084F8AC02C4
:10E5E00010BD03FB020103FB0203002001F5B6711D
:10E5F00083F86D01E6E70220F2E770B501F007014C
:10E60000282606FB0104002584F86C11C4E9602368
:10E61000C4F8885184F86D5104F5B671006801F0B2
:10E620009BFC284670BD01F00701282303FB010075
:10E63000D0F88801704770B501F00701282404FB69
:10E640000105C5E91023EB6401EB810300EBC30373
:10E650000122002601FB044485F85020AE6483F8B3
:10E660002C10211D014483F82D20006801F074FC5A
:10E67000304670BD10B5044601F00700636898424B
:10E6800026D811F0800F4FF0280317D000FB03337A
:10E690001A1D2344012122445971012393701070E3
:10E6A00094F8AC12994215D0206884F8AC32114627
:10E6B00001F0C5FB002084F8AC0210BD03FB014251
:10E6C00003FB0141002302F5B67281F86D31E4E7E6
:10E6D0000120F2E70220F0E738B5436801F00F02AD
:10E6E0009A42044628D811F0800F01F007024FF03B
:10E6F000280317D002FB0333191D034401440120F2
:10E70000587100258D700A7094F8AC32012B15D029
:10E710000123206884F8AC3201F0B1FB84F8AC52DC
:10E72000284638BD03FB020103FB0203002001F56C
:10E73000B67183F86D01E4E70120F2E70220F0E70B
:10E7400011F0800F18BF01F0070110B54FF0280439
:10E7500017BF01FB044404FB01000434001908BF87
:10E7600000F5B67099B21AB90273C180002010BDCD
:10E77000012202738360F9E70268002180F8E41245
:10E780000123C0F8EC32B2F854309BB243F00103DD
:10E79000A2F85430B2F854309BB243F00203A2F80E
:10E7A0005430084670477047294B1A6830BB02F452
:10E7B000C062B2F5806FD3F8802022F48072C3F873
:10E7C00080201AD11A6822F4C06242F400721A60E2
:10E7D000204A126832214A431F49B2FBF1F201324A
:10E7E0005969490500D522B95B69580503D4002051
:10E7F0007047013AF4E7032070477047B0F5007F97
:10E800001FD102F4C062B2F5806FD3F8802042F4C9
:10E810008072C3F88020EAD11A6822F4C06242F400
:10E8200000721A600B4A126832214A430A49B2FB4D
:10E83000F1F2013259694905D6D5002AD4D0013AFE
:10E84000F8E722F4C06242F480621A60CFE700BFAA
:10E85000007000406C02002040420F00024A9368A2
:10E8600043F4804393607047007000402DE9F3410A
:10E87000044640B30368DF0714D423689E075BD4C3
:10E8800023681E0700F1A48023685D0700F1CB8098
:10E8900023689B0600F13281E069002840F0608126
:10E8A000002028E0A14DAB68EA6803F00C030C2BB4
:10E8B0000BD102F00303032B09D12B689D03DCD598
:10E8C0006368002BD9D1012015E0082BF4E76368B9
:10E8D000B3F5803F12D12B6843F480332B60FEF7F1
:10E8E000EBFE06462B689803C7D4FEF7E5FE801BB7
:10E8F0006428F7D9032002B0BDE8F081B3F5A02F5A
:10E9000004D12B6843F480232B60E4E72A6822F4C7
:10E9100080322A602A6822F480222A60002BDED10D
:10E92000FEF7CAFE06462B689903A6D5FEF7C4FE7D
:10E93000801B6428F7D9DDE77C4DAB68EA6803F0FB
:10E940000C030C2B17D102F00303022B15D12B68FB
:10E950005A0502D5E368002BB5D06B68226923F015
:10E96000FE4343EA02636B60714B1868FEF76EFE6C
:10E97000002885D0A7E7042BE8E7E368BBB12B6844
:10E9800043F480732B60FEF797FE06462B685B0509
:10E9900007D56B68226923F0FE4343EA02636B608C
:10E9A0006EE7FEF789FE801B0228EFD9A2E72B68ED
:10E9B00023F480732B60FEF77FFE06462B685F050D
:10E9C0007FF55EAFFEF778FE801B0228F6D991E74F
:10E9D0006369564D9BB1D5F8943043F00103C5F8F7
:10E9E0009430FEF769FE0646D5F8943098073FF557
:10E9F0004BAFFEF761FE801B0228F5D97AE7D5F808
:10EA0000943023F00103C5F89430FEF755FE064616
:10EA1000D5F8943099077FF537AFFEF74DFE801B90
:10EA20000228F5D966E7414DAB6DDA0027D4AB6D0E
:10EA300043F08053AB65AB6D03F080530193019BB2
:10EA400001273C4E3368DB051BD5A368012B29D178
:10EA5000D5F8903043F00103C5F89030FEF72CFE56
:10EA600041F288380646D5F89030990740D5002FF6
:10EA70003FF40EAFAB6D23F08053AB6508E7002782
:10EA8000DFE7336843F480733360FEF715FE80469A
:10EA90003368D805D9D4FEF70FFEA0EB0800022892
:10EAA000F6D927E7052B06D1D5F8903043F00403BB
:10EAB000C5F89030CCE7D5F8902022F00102C5F8D7
:10EAC0009020D5F8902022F00402C5F89020002B69
:10EAD000C4D1FEF7F1FD41F288380646D5F89030F2
:10EAE0009A07C4D5FEF7E8FD801B4045F6D901E73B
:10EAF000FEF7E2FD801B4045B5D9FBE6A3690B4D4F
:10EB0000D3B1D5F8983043F00103C5F89830FEF73B
:10EB1000D3FD0646D5F898309F073FF5BDAEFEF70A
:10EB2000CBFD801B0228F5D9E4E600BF00100240AF
:10EB30007402002000700040D5F8983023F00103E3
:10EB4000C5F89830FEF7B8FD0646D5F89830980716
:10EB50007FF5A2AEFEF7B0FD801B0228F5D9C9E60D
:10EB6000484DAB6803F00C030C2B57D02B680228E0
:10EB700023F080732B603AD1FEF79EFD06462B688A
:10EB800099012ED4EA68404B1340226A1343A26ACB
:10EB900043EA0223E26A43EAC263626A013A43EA51
:10EBA0000213226B5208013A43EA4253626B520845
:10EBB000013A43EA4263EB602B6843F080732B60B9
:10EBC000EB6843F08073EB60FEF776FD04462B683C
:10EBD0009A013FF565AEFEF76FFD001B0228F6D9DE
:10EBE00088E6FEF769FD801B0228C8D982E6EB683B
:10EBF00023F00303EB60EB6823F0887323F4803386
:10EC0000EB60FEF759FD04462B689B017FF548AE8B
:10EC1000FEF752FD001B0228F6D96BE601283FF4EF
:10EC20006AAEEB68226A03F0030191427FF44BAEB7
:10EC3000616A03F0F0020139B2EB011F7FF443AEC9
:10EC4000A16A03F4FE42B2EB012F7FF43CAEE16A0D
:10EC500003F07842B2EBC16F7FF435AE226B5208FD
:10EC600003F4C001013AB1EB425F7FF42CAE626B5A
:10EC7000520803F0C063013AB3EB426F3FF410AEA9
:10EC800021E600BF001002400C809F01174B9A68DC
:10EC900002F00C02042A23D09A6802F00C02082A1F
:10ECA00020D09A6802F00C020C2A1DD1D968DA68CB
:10ECB000D868DB6801F00301C3F341630329C2F3A1
:10ECC0000312C0F3062003F101030CBF08490949F0
:10ECD0005B000132B1FBF2F25043B0FBF3F070473E
:10ECE00004487047024870470020704700100240F7
:10ECF00000127A000024F4002DE9F8430E46054680
:10ED000010B90120BDE8F8836D4A136803F00F03C2
:10ED10008B4245D3296811F001084CD12A6891072C
:10ED200040F1A780674B12F0040F1EBF996841F4B1
:10ED3000E0619960120741BF9A6822F47C5242F464
:10ED4000E0629A609A68A96822F0F0020A439A6029
:10ED50005B4C236803F00F03B34200F293802A68F0
:10ED6000584C12F0040F40F0A380130706D5A36897
:10ED70002A6923F4605343EAC203A360FFF786FFC6
:10ED8000A368514AC3F30313D35C03F01F03D840B5
:10ED90004E4B18604E4B1868BDE8F843FEF756BC62
:10EDA000136823F00F030B431360136803F00F0382
:10EDB0008B42A6D1AEE76F68424C032F236849D13E
:10EDC0009B019ED5E368E26803F00303032BE3682D
:10EDD0000CBF40484048C2F30312C3F3062301327C
:10EDE000B0FBF2F25343E268C2F3416201325200D7
:10EDF000B3FBF2F3394A93421AD84FF00008A368E4
:10EE000023F003033B43A360FEF756FC41F288392D
:10EE10000746A3686A6803F00C03B3EB820F3FF464
:10EE20007DAFFEF749FCC01B4845F2D9032069E7D6
:10EE3000A36813F0F00F04D08807DED5AB68002B71
:10EE4000DBD1A36823F0F00343F08003A3604FF00D
:10EE50008008D4E7022F09D113F4003F3FF451AFEB
:10EE6000FFF714FF1D4B9842C7D9EAE713F4806FF0
:10EE7000F4E7B8F1800F01BF124A936823F0F00362
:10EE8000936065E7236823F00F0333432360FEF7A5
:10EE900013FC41F288380746236803F00F03B3429E
:10EEA0003FF45DAFFEF708FCC01B4045F4D9BDE759
:10EEB000A368E96823F4E0630B43A36055E700BF50
:10EEC00000200240001002409C7801086C020020E3
:10EED0007402002000127A000024F40000B4C4047C
:10EEE0002DE9F3410446006810F4002039D0994D13
:10EEF000AB6DD80027D4AB6D43F08053AB65AB6DE1
:10EF000003F080530193019B0126934F3B6843F428
:10EF100080733B60FEF7D0FB80463B68D90514D573
:10EF2000D5F89030226C13F4407302D0934240F035
:10EF3000EB80D5F89030226C23F440731343C5F86E
:10EF40009030002008E00026DFE7FEF7B5FBA0EBDD
:10EF500008000228E1D903201EB1AB6D23F08053D5
:10EF6000AB652368DE0708D57A496568D1F8882043
:10EF700022F003022A43C1F888209D0708D575496D
:10EF8000A568D1F8882022F00C022A43C1F8882015
:10EF9000590708D56F49E568D1F8882022F030027A
:10EFA0002A43C1F888201A0708D56A492569D1F88B
:10EFB000882022F0C0022A43C1F888209F0608D585
:10EFC00064496569D1F8882022F440622A43C1F877
:10EFD00088205E0608D55F49A569D1F8882022F40B
:10EFE00040522A43C1F888201D0608D55949E569D1
:10EFF000D1F8882022F440422A43C1F88820D9055C
:10F0000008D55449256AD1F8882022F440322A4391
:10F01000C1F888209A0508D54E49656AD1F888203C
:10F0200022F440222A43C1F888205F050FD54949C0
:10F03000A56AD1F8882022F440122A43C1F888201A
:10F04000B5F5801F02BFCA6842F48012CA601E056F
:10F050000FD54049E56AD1F8882022F440022A43BE
:10F06000C1F88820B5F5800F02BFCA6842F480124B
:10F07000CA60DD040FD53749256BD1F8882022F00E
:10F0800040722A43C1F88820B5F1807F02BFCA6868
:10F0900042F48012CA6099040FD52E49656BD1F8ED
:10F0A000882022F040622A43C1F88820B5F1006F21
:10F0B00002BFCA6842F48012CA605A040FD52549BB
:10F0C000A56BD1F8882022F040622A43C1F888203D
:10F0D000B5F1006F02BFCA6842F48012CA601B0417
:10F0E0000FD51C4AE16BD2F8883023F040530B4314
:10F0F000B1F1805FC2F8883003D1D36843F4803324
:10F10000D36002B0BDE8F081D5F89020D5F89030FA
:10F1100043F48033C5F89030D5F8903022F4407134
:10F1200023F48033D207C5F89030C5F890107FF5EE
:10F1300000AFFEF7C1FA41F288380746D5F89030A3
:10F140009B073FF5F6AEFEF7B7FAC01B4045F5D971
:10F1500001E700BF0010024000700040024AD36A7D
:10F160001843D062704700BF00100240B0F1904FCA
:10F1700008B509D10120FFF7F1FF254AD36A23F032
:10F180000103D362002008BD224B984207D1022020
:10F19000FFF7E4FF1E4AD36A23F00203F1E71E4B98
:10F1A000984207D10420FFF7D9FF194AD36A23F008
:10F1B0000403E6E7194B984207D10820FFF7CEFF7A
:10F1C000134AD36A23F00803DBE7154B984207D1B3
:10F1D0001020FFF7C3FF0E4AD36A23F01003D0E7D5
:10F1E000104B984207D12020FFF7B8FF084AD36A96
:10F1F00023F02003C5E70C4B984207D14020FFF7CE
:10F20000ADFF034AD36A23F04003BAE70120BAE70F
:10F21000001002400004004800080048000C0048AC
:10F220000010004800140048001800482DE9F04F75
:10F2300002460D6895FAA5F44FF0010EB4FA84F475
:10F2400003274FF00F0C6FEA050835FA04F001D1DF
:10F25000BDE8F08F0EFA04F32B4067D04868461ED5
:10F26000012E1ED8966893FAA3F9B9FA89F94FEAE4
:10F27000490907FA09F926EA090993FAA3FA8E68F7
:10F28000BAFA8AFA4FEA4A0A06FA0AF646EA09067A
:10F290009660566808EA0609CE686E4349EA060693
:10F2A0005660D66893FAA3F9B9FA89F94FEA490981
:10F2B00007FA09F926EA090993FAA3FA0E69BAFAD4
:10F2C0008AFA4FEA4A0A06FA0AF646EA09060228C4
:10F2D000D66018D1FF2BD1F814A029D8D2F82090ED
:10F2E00093FAA3F6B6FA86F6B6000CFA06F629EA01
:10F2F000060993FAA3F6B6FA86F6B6000AFA06F6F7
:10F3000046EA09061662166893FAA3F9B9FA89F96A
:10F310004FEA490907FA09F926EA090693FAA3F31D
:10F32000B3FA83F35B0098403043106001348CE7FC
:10F33000D2F824901E0A96FAA6FBBBFA8BFB4FEA82
:10F340008B0B0CFA0BFB29EA0B0996FAA6F6B6FA18
:10F3500086F6B6000AFA06FA4AEA09065662D2E7C3
:10F36000F8B5046814F0010405460F463ED13A6929
:10F37000BB68016813437A6913431D4A0A4013436B
:10F3800003604368FA6823F440531343436083687F
:10F39000BA6923F44073134383604FF4406000F074
:10F3A00059F93E6800B37F68F7B1B3B2114A2146FC
:10F3B00032F813202346F0F7EBFF7A080302090224
:10F3C00041EA1061981841F100013A462346F0F7EE
:10F3D000DFFFC0F31300E8602046EB6AB6B223F00B
:10F3E0000F031E43EE62F8BD0120F6E70120FAE7A5
:10F3F000F3E9FFEFB4780108024B1868C0F38020EE
:10F40000704700BF00100240024BD3F89000C0F3D9
:10F410004000704700100240024B1868C0F3406083
:10F42000704700BF00100240044B054A9B68C3F3BD
:10F430000313D35C03F01F03D84070470010024051
:10F440009C780108044B054A9B68C3F30223D35CF4
:10F4500003F01F03D840704700100240AC78010849
:10F46000124B9A6802F00C02082A1BD00C2A1BD1FE
:10F47000DA680F480F4902F00302032A08BF014669
:10F48000D868DA68DB68C3F34163C0F30620C2F3CF
:10F4900003120133484301325B00B0FBF2F0B0FBD2
:10F4A000F3F070470248704702487047001002406E
:10F4B00000127A000024F400164A08B5136843F4D9
:10F4C00080731360FFF798FF0028FBD0536823F088
:10F4D000FE4343F08043536001239360936803F03D
:10F4E0000C03042BFAD14FF4807313601360FFF701
:10F4F00093FF0028FBD14FF4805140F23B73D16061
:10F5000090611362D2F8943043F40003C2F894304F
:10F5100008BD00BF00100240032810B52DD12D4CAE
:10F520002D4AD4F8883003F0030343F44033934268
:10F5300009D0B3F1031F0CD0013A934210D1BDE8BA
:10F540001040FFF78DBFFFF757FF002840D1002084
:10F5500010BDFFF759FF003818BF0120C003F7E7BF
:10F56000FFF77EFFFFF760FFA3681C4AC3F3C223C7
:10F57000D35C03F01F03D840EAE70C2817D1154BE2
:10F58000174AD3F8883003F00C0343F44023934226
:10F59000D9D0B3F10C1FDCD0043A9342CFD0FFF79F
:10F5A0005FFFFFF741FFBDE81040FFF74BBF30287A
:10F5B000CDD1084B0B4AD3F8883003F0300343F425
:10F5C00040139342BFD0B3F1301FC2D0103AE4E7EA
:10F5D0000548BDE70010024002000300AC780108B6
:10F5E00008000C00200030000024F400C02808B5FA
:10F5F00001D0002008BD144B144AD3F8883003F022
:10F60000C00343F44003934209D0B3F1C01F0CD0B0
:10F61000403A934210D1BDE80840FFF721BFFFF701
:10F62000EBFE0028E5D00A48E4E7FFF7EDFE0038DE
:10F6300018BF0120C003DDE7FFF712FFFFF7F4FE5C
:10F64000BDE80840FFF7FEBE001002408000C00089
:10F650000024F40008B5134BD3F888301840B0F5F7
:10F66000006F09D0B0F5406F0DD0B0F5806F11D1AB
:10F67000BDE80840FFF7F4BEFFF7BEFE0A4B0028C6
:10F6800018BF184608BDFFF7BFFE003818BF01209D
:10F69000C003F7E7FFF7E4FEFFF7C6FEBDE808404A
:10F6A000FFF7D0BE001002400024F400154B984232
:10F6B0000BD103F560431A6C42F480521A641A6C41
:10F6C00022F480521A64002070470F4B984205D0F4
:10F6D00003F5806398420BD0012070470B4B9A6B67
:10F6E00042F480429A639A6B22F480429A63EAE77A
:10F6F000064B9A6B42F400429A639A6B22F40042E2
:10F70000F4E700BF00300140003800400010024024
:10F7100003685B0670B502462DD4D1E90036334349
:10F72000CE68056848690C6A33430E6933438E69B5
:10F7300003433343CE6925F47F45334325F0BF05AA
:10F7400023432B43136053688D6823F4706323F0C5
:10F75000040345EA10401843B5F5006F50603EBF02
:10F76000536843F480535360B4F5005F01D18B8C30
:10F770001361002000E00120D36923F40063D3610A
:10F7800070BD00002B4A036890420ED0B0F1804F4C
:10F790000BD0A2F59432904207D002F580629042DD
:10F7A00003D002F59632904215D14A6823F07003D7
:10F7B0001343204A904219D0B0F1804F16D0A2F5E1
:10F7C0009432904212D002F5806290420ED002F53F
:10F7D000963290420AD0184A904207D002F58062D1
:10F7E000904203D002F58062904203D1CA6823F4AC
:10F7F0004073134303608B68C3620B8883620D4BB5
:10F8000098420FD003F5006398420BD003F5406394
:10F81000984207D003F58063984203D003F58063D4
:10F82000984201D10B690363436943F001034361CB
:10F8300000207047002C0140004001401C4B9842C2
:10F840000BD103F558431A6C42F480421A641A6CC7
:10F8500022F480421A6400207047164B98420AD165
:10F8600003F5E6339A6B42F400329A639A6B22F402
:10F8700000329A63EFE7104B984209D103F5E43365
:10F880009A6B42F480229A639A6B22F48022F0E70A
:10F890000A4B984209D103F5E2339A6B42F40022F5
:10F8A0009A639A6B22F40022E3E70120704700BFBD
:10F8B000003801400044004000480040004C004037
:10F8C00038B50368DB0704460D4659D42A69AB688E
:10F8D000016813436A691343EA691343294A0A40DA
:10F8E000134303604368EA6823F4405313434360BF
:10F8F0008368AA6923F4407313438360224B9842C0
:10F9000020D10320FFF708FE2B6840B36A6832B3AA
:10F910000B2B15D81D4951F82330E969B0FBF3F0E2
:10F92000B1F5004F4FEA520325D103EB4003B3FB7F
:10F93000F2F34FF6F0721A40C3F342031343E3604D
:10F9400000200DE0124B984201D10C20DAE7114B58
:10F95000984201D13020D5E70F4B984207D00120C3
:10F96000E26A2B8822F00F021343E36238BDC02005
:10F97000FFF73CFEC8E70344B3FBF2F39BB2DEE7BC
:10F980000120F3E7F369FFEF00380140CC7801086C
:10F990000044004000480040004C004000234BF66B
:10F9A0008072A0F84430A0F8402018467047B0F8A4
:10F9B000403023F47E535B045B0CA0F84030002001
:10F9C000704784B010B503AC84E80E00BDE8104069
:10F9D0000123A0F840300023A0F8403004B0A0F884
:10F9E0004430A0F85030184670470000F0B591F848
:10F9F00000C0CD7830F82C4024F4EC4424F070049E
:10FA0000240403466246240C032D4BD8DFE805F09E
:10FA10000247454344F40074284648F280063443C4
:10FA200023F8224033F82240984FA4B23C4044EAE5
:10FA30000C04344323F822400C7B03EBCC0C002C49
:10FA40007DD1CC884E78640864006EB3B3F8501052
:10FA50001CFA81F1A1F8004433F82210490609D5B7
:10FA600033F8221089B2394041F4004141F0C0011D
:10FA700023F8221033F82210854C89B2012D01EAB7
:10FA8000040101D081F0200141F4004141F08001E6
:10FA900023F82210B2E044F4C0640020BDE744F42F
:10FAA0008064FAE70120B8E7B3F850501CFA85F5F6
:10FAB000A5F80444B3F850401CFA84FC0C693E2CB1
:10FAC00027D965097349E60608BF05F1FF3541EA04
:10FAD000852189B2ACF8061433F822104F040DD5F5
:10FAE00033F8221021F4E04121F070010904090CDF
:10FAF00041F4404141F0800123F8221033F82210F4
:10FB000021F4804121F070010904090C81F4405175
:10FB1000BAE774B9BCF8061421F4F8410904090CD9
:10FB2000ACF80614BCF806146FEA41416FEA514183
:10FB3000CFE76108E40748BF01318902C9E7022D18
:10FB400033F822405BD1A4B23C4044F4014444F079
:10FB5000800423F82240B3F850600C891CFA86F622
:10FB600064086400A6F800444C89B3F85060640847
:10FB70001CFA86F66400A6F804444978002948D1A6
:10FB800033F822104E040DD533F8221021F4E04151
:10FB900021F070010904090C41F4404141F0800159
:10FBA00023F8221033F822104D060DD533F8221019
:10FBB00021F4E04121F070010904090C41F40041F5
:10FBC00041F0C00123F8221033F8221021F48041C3
:10FBD00021F070010904090C48F2800481F44051BD
:10FBE000214323F8221033F8221021F4E04121F0C0
:10FBF00040010904090C0C4323F82240F0BD24F411
:10FC0000E24424F070042404240C264323F82260E8
:10FC1000A1E733F822104C040DD533F8221021F45B
:10FC2000E04121F070010904090C41F4404141F028
:10FC3000800123F8221033F8221049060DD533F83D
:10FC4000221021F4E04121F070010904090C41F473
:10FC5000004141F0C00123F8221033F822100C4C6F
:10FC600089B22140012D18BF81F0200141F40041EB
:10FC700041F0800123F8221033F8221021F4804152
:10FC800021F070010904090CFEE600BF8F8FFFFF11
:10FC9000BF8FFFFF0080FFFF4A780B78097BD9BB3D
:10FCA0000AB330F8232051060DD530F8232022F472
:10FCB000E04222F070021204120C42F4004242F0C0
:10FCC000C00220F8232030F8232022F4E04222F062
:10FCD00040021204120C42F4004242F0800220F86A
:10FCE00023200020704730F8232052040DD530F82F
:10FCF000232022F4E04222F070021204120C42F49B
:10FD0000404242F0800220F8232030F8232022F4E1
:10FD1000804222F07002DCE7002A4AD130F823202A
:10FD200051040DD530F8232022F4E04222F0700275
:10FD30001204120C42F4404242F0800220F82320C8
:10FD400030F8232052060DD530F8232022F4E0426B
:10FD500022F070021204120C42F4004242F0C0027F
:10FD600020F8232030F8232022F4E04222F0700211
:10FD70001204120C42F4004242F0C00220F8232088
:10FD800030F8232022F4804222F070021204120C78
:10FD900048F280010A4320F8232030F8232022F47F
:10FDA000E04222F040021204120C114320F823100A
:10FDB00097E730F8232051040DD530F8232022F4A2
:10FDC000E04222F070021204120C42F4404242F06F
:10FDD000800220F8232030F8232052060DD530F879
:10FDE000232022F4E04222F070021204120C42F4AA
:10FDF000004242F0C00220F8232030F8232022F4F1
:10FE0000E04222F070021204120C42F4404242F02E
:10FE1000800220F8232030F8232022F4E04222F050
:10FE200040021204120C48F280010A4320F82320F9
:10FE300030F8232022F4804222F07002B3E74B789E
:10FE40000A788BB130F8223023F4E04323F04003EA
:10FE50001B041B0C83F0100343F4004343F08003A6
:10FE600020F822300020704730F8223023F48043FD
:10FE700023F070031B041B0C83F48053ECE70B7B13
:10FE80003BBB4B780A7833B330F822305B060DD594
:10FE900030F8223023F4E04323F070031B041B0CE2
:10FEA00043F4004343F0C00320F82230CB78012B09
:10FEB0000FD030F8223023F4E04323F040031B043A
:10FEC0001B0C83F0200343F4004343F0800320F82D
:10FED00022300020704730F822305B040DD530F816
:10FEE000223023F4E04323F070031B041B0C43F483
:10FEF000404343F0800320F8223030F8223023F4CE
:10FF0000804323F070031B041B0C83F44053DAE797
:10FF100011B98023A0F84C3000207047B0F8583059
:10FF20006FEA43436FEA53439BB2A0F85830002076
:10FF30007047B0F8440080B2704702F58062013328
:10FF400010445B0801EB4303401A994200D170470B
:10FF50000A880A520231F8E72DE9F0474A780E7B09
:10FF6000012A05460C4640F01781D1F810A08F6990
:10FF70004969574528BF574616BBBFB2E2883B4682
:10FF8000FFF7DBFFB5F85020237805F2024111FAA4
:10FF900082F202EBC3021780227835F8223023F474
:10FFA000E04323F040031B041B0C83F0300343F4B5
:10FFB000004343F0800325F822300020BDE8F0879D
:10FFC000E378266A94F800C0022B40F0CE80B24558
:10FFD00030F82C2080F0B28022F4E04222F070024F
:10FFE0001204120C42F4014242F0800220F82C204C
:10FFF00030F82C80B0F85020F61B18F0400826622C
:020000040801F1
:1000000001EB0709BBB24ED000F2064E1EFA82F297
:1000100022F83C306289FFF790FFB2456278C4F85D
:10002000149036BFF31B00233E462362B3B26ABB73
:10003000B5F85020217805F2024010FA82F23E2EE7
:1000400002EBC1020FD97009AE49F60608BF00F1F4
:10005000FF3041EA802189B2118022894946284631
:10006000FFF76BFF98E75EB9118821F4F8410904A6
:10007000090C118011886FEA41416FEA5141EAE7AA
:100080007108F00748BF01318902E4E7012AE4D191
:10009000B5F85020217805F2024010FA82F202EB06
:1000A000C1021380D9E700F2024E1EFA82F222F852
:1000B0003C302289FFF741FFB2456278C4F81490C2
:1000C00036BFF31B43463E462362B3B24ABBB5F884
:1000D0005020217805F2064010FA82F23E2E02EB03
:1000E000C1020BD970098749F70608BF00F1FF303C
:1000F00041EA802189B211806289AFE75EB9118837
:1001000021F4F8410904090C118011886FEA41417A
:100110006FEA5141EEE77108F60748BF01318902E5
:10012000E8E7012AE8D1B5F85020217805F2064029
:1001300010FA82F202EBC1021380DDE722F4E24200
:1001400022F070021204120C42F4004242F08002CB
:1001500020F82C20B0F8502000F2024313FA82F26B
:10016000B3B222F83C3022897AE730F82C20F61B13
:1001700012F0400F2662B0F85020BBB207D000F258
:10018000064616FA82F222F83C30628968E700F2ED
:10019000024616FA82F2E4E7002E3CD18A690B6926
:1001A0009A4284BFD61A1A46B0F850308E6100F2D7
:1001B0000640097810FA83F33E2A03EBC10315D9F0
:1001C0005109D0064F4A08BF01F1FF3142EA8122AE
:1001D00092B21A80227835F8223023F4804323F03B
:1001E00070031B041B0C83F44053E0E65AB91A88D1
:1001F00022F4F8421204120C1A801A886FEA424262
:100200006FEA5242E4E75108D20748BF0131890240
:1002100089B21980DEE7CB78022B75D1002A4BD149
:10022000B0F850200B7800F2024111FA82F202EB92
:10023000C30223693E2B22D958093249DF0608BF81
:1002400000F1FF3041EA802189B21180B5F85020D9
:10025000217805F2064010FA82F23E2B02EBC10231
:1002600020D8002B46D1138823F4F8431B041B0C21
:10027000138013886FEA43436FEA53431AE05BB974
:10028000118821F4F8410904090C118011886FEAE2
:1002900041416FEA5141D7E75908DE0748BF0131B4
:1002A0008902D1E75909D806164B08BF01F1FF3181
:1002B00043EA81239BB21380E369002B8AD0227822
:1002C00035F8221044F2400303EA01008B4302D0C8
:1002D00000287FF47FAF35F8223023F4E04323F089
:1002E00070031B041B0C43F4004343F0C00325F8C8
:1002F00022306FE75908DB0748BF0131890289B214
:100300001180D9E70080FFFF012B5DD18B6909695E
:100310008B428ABF581A00200B46A061002A7FF446
:1003200059AFB5F85020217805F2024010FA82F258
:100330003E2B02EBC10221D958092449DF0608BF30
:1003400000F1FF3041EA802189B21180B5F85020D8
:10035000217805F2064010FA82F23E2B02EBC10230
:100360001FD84BBB138823F4F8431B041B0C1380CA
:1003700013886FEA43436FEA53431AE05BB911886D
:1003800021F4F8410904090C118011886FEA4141F8
:100390006FEA5141D8E75908DE0748BF01318902A9
:1003A000D2E75909D806094B08BF01F1FF3143EAEA
:1003B00081239BB213800DE75908DB0748BF013149
:1003C000890289B2118005E70120F7E50080FFFF6F
:1003D00002F58062F0B510445D080C462E46471ABF
:1003E0003A19023436B9DB0744BF30F8153001F84A
:1003F0001530F0BD128892B204F8022C120A04F8EB
:10040000012C013EECE7D0F8D43200EB830010B5AC
:10041000D0F8C04284B1D0F8C4325BB194F8400047
:10042000FF2807D09B6894F8412021469847FF2376
:1004300084F84030002000E0032010BD0A23038030
:10044000004870471403002070B5822106460F480B
:1004500000F00EFB012105460C4800F009FB81214C
:1004600004460A4800F004FB0DB11022AA711CB129
:10047000402222710022627118B1402202710022D2
:10048000427143230148338070BD00BFD002002079
:10049000FFF7DABFFFF7D8BF38B5D0F8D432B033A2
:1004A000044650F823507DB101F052F8D4F8D4320C
:1004B00004EB83042946D4F8C43241F84C0FDB68BE
:1004C000686C9847002038BD0320FCE7F8B5D0F8E9
:1004D000D462D0F8C87200EB86060A46D6F8C0523D
:1004E00025B3142401F00F0C04FB0C039C6984B1A8
:1004F0004FF0280E0EFB0C77FF6BB4FBF7FC07FBED
:100500001C4434B99C612246234601F00FF8204672
:100510000BE0D6F8C4321C6900276F65002CF6D0BA
:10052000A86C05F15001A0473846F8BD0320FCE750
:10053000D0F8D4322DE9F34100EB83034FF00008EB
:10054000D3F8C0728DF8058005460E46ADF80680DA
:10055000002F6ED00A7812F060042ED0202C64D1C7
:10056000CC8891F801C00CB3120613D5D3F8C4326D
:10057000224639469B6860469847F288072A28BF7A
:1005800007223946284600F0E2FC4446204602B0E5
:10059000BDE8F081402C28BF402487F840C087F890
:1005A00041402246394600F0E7FCEEE7D3F8C4327A
:1005B00022469B6860469847E8E74F780B2F34D86F
:1005C00001A353F827F000BFF90501088D050108C4
:1005D0002B0601082B0601082B0601082B06010833
:1005E0002B0601082B0601082B0601082B06010823
:1005F0000F0601082306010890F89C32032B14D142
:1006000002220DF1060100F0A2FC3C46BEE790F884
:100610009C32032B09D101220DF1050100F097FC5A
:10062000B4E790F89C32032BB0D03146284600F056
:1006300067FC0324AAE700BF38B5044600258121E2
:1006400000F03DFF01212587204600F038FFA4F887
:1006500078518221204600F032FFD4F8D432E5648C
:1006600004EB8303D3F8C0228AB1D3F8C4325B68A9
:100670009847D4F8D432B03354F8230000F070FF18
:10068000D4F8D432B03344F82350C4F8BC5200201C
:1006900038BDF8B504465C2000F05EFF054630B971
:1006A000D4F8D432B03344F8230002253BE05C2276
:1006B000002102F02EFED4F8D432B033012644F8E3
:1006C0002350022240238121C4F8BC52204600F06E
:1006D000EAFE4023022231462687204600F0E3FE50
:1006E00010230322A4F84E3082210823A4F8786155
:1006F000204600F0D8FED4F8D432A4F84C6004EBC5
:1007000083030027D3F8C4326F641B6898476A6C70
:100710006F65AF65002AC8D0257C4023314620464E
:100720001DB900F00CFF2846F8BD00F008FF3D465B
:10073000F9E739B1D0F8D43200EB8300C0F8C41225
:100740000020704703207047D0F8D432B03350F8FF
:1007500023301BB199641A6500207047032070474D
:10076000D0F8D432B03350F8233013B1596400209C
:10077000704703207047D0F8D432B03310B550F82A
:1007800023205AB1546D012354B95365136DC362CC
:10079000926C812100F0CAFE204610BD0320FCE7C8
:1007A0001846FAE7D0F8D422B03208B550F8222023
:1007B00032B1526C4023012100F0C1FE002008BD7F
:1007C0000320FCE778B10023C0F8B832C0F8C43287
:1007D000C0F8D03209B1C0F8B412012380F89C32BD
:1007E000027000F015BE0320704713B500230446C5
:1007F000ADF8063081B1CB6AC0F8B81223B10DF163
:1008000006009847C4F8D002D4F8D8320133C4F8AF
:10081000D832002002B010BD0320FBE700F03ABE42
:10082000D0F8B8320BB11B6818471846704708B5A6
:10083000D0F8B8325B689847002818BF032008BD7D
:1008400038B5044600F2AA25284600F04EFB0123E5
:1008500094F8AA12C4F89432B4F8B032C4F89832BA
:1008600001F01F03012B08D0022B0CD08BB92946B5
:100870002046BDE8384000F019B929462046BDE8B9
:10088000384000F067BA29462046BDE8384000F0FD
:1008900090BA204601F08001BDE8384000F018BE53
:1008A00070B50446164609BBD0F89432032B0CD120
:1008B000D0E9573293420AD99B1A9A42C0F85C3168
:1008C00028BF1A46314600F064FB002070BD90F846
:1008D0009C32032B06D1D0F8B8321B6913B1C0F893
:1008E000D4129847204600F05CFBEEE790F89C326B
:1008F000032BEAD1D0F8B8329B69002BE5D0002257
:10090000BDE87040C0F8D422184773B504461646B7
:10091000002941D1D0F89422022A0FD1D0E9075200
:10092000954214D9AA1A0191C261314600F01CFB0C
:10093000019B1A461946204600F001FE94F8A032A9
:1009400013B1002384F8A032002002B070BD0ED194
:10095000826995420BD8D0F89852AA4207D20A462B
:10096000019100F001FB019BC4F89832E1E794F893
:100970009C32032B08D1D4F8B832DB6823B10022B3
:10098000C4F8D422204698478021204600F0A0FDDC
:10099000204600F011FBD1E790F89C32032BD3D115
:1009A000D0F8B8325B69002BCED00022C0F8D42238
:1009B00002B0BDE870401847F8B5012380F89C32BA
:1009C000D0F8B83200210446C0F894124160C0F853
:1009D000A41280F8A012B3B90026002240251146C7
:1009E00001274023204600F05EFDA4F86471C4F89E
:1009F00060512B4600228021204600F054FDA78440
:100A000025623046F8BD5B68002BE5D0984700288A
:100A1000E2D00326E1E701740020704790F89C3291
:100A2000042B1EBF90F89C32DBB280F89D32042369
:100A300080F89C320020704790F89C32042B02BF53
:100A400090F89D32DBB280F89C320020704708B5E8
:100A500090F89C22032A05D1D0F8B83213B1DB6993
:100A600003B19847002008BD002070470020704760
:100A700010B5428803789A420AD904782044234466
:100A80004478052C9BB2F6D184788C42F3D110BD0A
:100A90000020FCE710B58021044600F019FD204637
:100AA0000021BDE8104000F013BD00002DE9F34126
:100AB0000D7805F06005202D04460E4614D0402D1B
:100AC00012D0002D40F00A814F78092F00F20681E4
:100AD000DFE817F00B013201040121010401860057
:100AE00016000401F300A200D4F8D432AE3331462C
:100AF00054F823309B68204602B0BDE8F041184707
:100B00000023ADF806304B881A0A013A062A37D876
:100B1000DFE802F0041C293636515B00D0F8B4320D
:100B20001B68207C0DF106019847F288002A00F02E
:100B3000FF80BDF806301BB39A4228BF1A46ADF8B5
:100B400006200146204600F002FA1CE0027CD0F8A4
:100B5000B83232B99B6A0DF1060098470223437000
:100B6000E3E7DB6AF7E7DBB2052B09D8DFE803F040
:100B7000030F13171B1FD0F8B4325B68002BD0D1C2
:100B80002046FFF787FF284602B0BDE8F081D0F885
:100B9000B4329B68F2E7D0F8B432DB68EEE7D0F805
:100BA000B4321B69EAE7D0F8B4325B69E6E7D0F803
:100BB000B4329B69E2E7037C002BE1D1D0F8B83274
:100BC0000DF106005B6B9847AFE7037C002BD7D194
:100BD000D0F8B8320DF106001B6B98470723BEE72B
:100BE0008B88002BCCD1CB88002BC9D14E887F2E8F
:100BF000C6D890F89C32032BC2D0F1B280F89E1276
:100C000000F08BFC204600F0CCF91EB1022384F8E2
:100C10009C32B8E70123FAE78E784D4F012E3E70E3
:100C200003D9FFF737FF0325ADE790F89C32022B7D
:100C30005FFA83F809D0B8F1030F18D0FFF72AFF45
:100C400039782046FFF7F3FDEDE7002E70D0012143
:100C50004160FFF7E5FD0546204625B1FFF71AFF85
:100C600084F89C828FE700F09CF90323CFE75EB9FC
:100C7000022380F89C3246603146FFF7D8FD2046BB
:100C800000F08FF935467EE74168012950D0C9B29E
:100C9000FFF7CDFD397861602046FFF7C1FD0646BC
:100CA000002845D02046FFF7F5FE21792046FFF7C2
:100CB000BEFD022384F89C32E4E7CA88012A7FF44F
:100CC0005FAF90F89C120229CBB205D833B1014630
:100CD000002341F8083F35E7032B04D02046FFF7F7
:100CE000D9FE00254FE7011D2CE790F89C32013B0F
:100CF000022BF3D8CA88022A7FF442AFD0F8A4327C
:100D00000146002B14BF0323012341F80C3F00F0E0
:100D10001EF93D4637E74B88012B02D1C4F8A432B7
:100D200006E0022B7FF42CAF8B881B0A80F8A032E0
:100D3000204600F036F926E790F89C32013B022B62
:100D4000CCD84B88012B7FF41EAF0023E6E700BF11
:100D5000804C002070B50B7803F06002402A0446F6
:100D60000E4601D05B061FD494F89C32013B022B47
:100D70001AD831790129204617D8FFF775FE88B9AE
:100D8000D4F8B8329B686BB1C4F8D402314620461F
:100D900098470546F3881BB915B9204600F001F9BC
:100DA000284670BD0325F5E72046FFF773FE0025B2
:100DB000F6E770B50B788A880D7903F06003202B75
:100DC00004460E465AD0402B58D09BBB4B78012B83
:100DD00042D0032B27D06BBB90F89C32022BD9B2A8
:100DE00068D0032926D105F00F0312F0800F4FF0D1
:100DF000140202FB03036CD09B8CDBB105F07F0671
:100E0000013606EB860600EB860615F07F0006D05D
:100E10002946204600F06EFB003818BF01203060E4
:100E20000222314651E090F89C32022BDAB237D0E0
:100E3000032A03D02046FFF72DFE0BE04B8833B981
:100E4000690604D0F38813B9294600F041FB204617
:100E500000F0A7F8002070BD90F89C32022BDAB2A7
:100E60001ED0032AE6D14B88002BF3D16B0602D0AB
:100E7000294600F036FB204600F093F8294620462C
:100E8000FFF7F4FD0028E5D1D4F8B832C4F8D40255
:100E90009B68002BDED031462046BDE870401847E5
:100EA0006A06C7D0294600F013FB8021204600F0D7
:100EB0000FFBCFE76906BDD113064CBF00F114014B
:100EC00000F5AA7100230B600222204600F03FF8D3
:100ED000C0E7B3F86431002BACD005F07F061423D3
:100EE00003FB060606F5AA768FE70B7803704B78AE
:100EF00043704B8843808B888380CB88C380704746
:100F000010B58021044600F0E3FA20460021BDE838
:100F1000104000F0DDBA30B588B100240138234616
:100F20000134055D002DFAD1DBB201335B00138083
:100F30000B7003234B70022310F8012F02B930BD50
:100F4000CA545A1CD2B202338D54DBB2F4E710B546
:100F500013460222C0E90633C0F894220A46002153
:100F600000F0E4FA002010BD08B513460A4600213F
:100F700000F0DCFA002008BD10B513460322C0E9DA
:100F80005633C0F894220A46002100F0D8FA002017
:100F900010BD08B513460A46002100F0D0FA002023
:100FA00008BD08B504220023C0F8942219461A4649
:100FB00000F0BCFA002008BD08B505220023C0F8E7
:100FC000942219461A4600F0BAFA002008BD002003
:100FD0007047000021280ED022281DD0202808D1DB
:100FE000164B0A681A600A791A714A795A718A7915
:100FF0009A7100207047114B1A680A701A68120A19
:101000004A705A888A70DA78CA701A790A715A79DD
:101010004A719B798B71ECE7094B498800221A7061
:10102000C80742BF1A7842F001021A708A0742BF0D
:101030001A7842F002021A70DBE700BF844C0020ED
:10104000F25F002010B5144C144900222046FFF72F
:10105000B9FB13492046FFF7C8FB12492046FFF7AA
:1010600068FB2046FFF7DAFB0F4A4FF4E1331360C9
:1010700008210023938091710C4A13800C4A13803D
:101080000C4A13800C4A13800C4A13700C4A1370DC
:101090000C4B01221A7010BD8C4C00203403002030
:1010A0009802002020030020844C0020EE5F0020E6
:1010B000F05F0020AA570020AC570020F25F00200C
:1010C000A84F0020F35F0020044B1888044B1B88B6
:1010D00080B29BB2C01A18BF01207047AC570020E5
:1010E000AA570020054B064A1B8812889B1A98B203
:1010F0001B0444BF00F5006080B27047AC5700206D
:10110000AA570020F8B50B68402B11D8134D144E88
:10111000144FDFF85CC000220B68D4B29C4209D3A4
:10112000FFF7E0FFB0F5F06F14D20F48FFF73AFB7E
:101130000020F8BD2B8830880133C3F30A0380B246
:1011400083421CBF385D0CF8030002F1010218BF96
:101150002B80E1E7054B01221A70E9E7AC5700202C
:10116000AA570020684F00208C4C0020A84F002078
:10117000A94F00200D4A0E4913880133C3F30A0317
:1011800010B5138013880B4A9BB2D45C0B78E4B281
:101190004BB1FFF7A7FFB0F5F06F04D2002306486C
:1011A0000B70FFF7FFFA204610BD00BFAA570020C2
:1011B000A84F0020A94F00208C4C00200849094A64
:1011C0000B8812880133C3F30A0392B29A421FBFFD
:1011D000054AD05401200B8008BF0020704700BF93
:1011E000F05F0020EE5F0020EE570020054B064A1E
:1011F0001B881088013380B2C3F30A031B1A5842BC
:1012000058417047F05F0020EE5F0020044A002341
:101210001380044A1380044A1380044A13807047E1
:10122000EE5F0020F05F0020AA570020AC5700209E
:1012300010B5074C07492046FFF792FA00220649ED
:101240002046FFF781FAFFF7E1FF002010BD00BF45
:101250008C4C0020684F0020AE5700200148FCF75E
:101260007DBC00BFF45F0020F8B5164BD3F8BC324C
:1012700033B35B6D23BB144D144E1549154F3488A1
:101280000888A4B280B28442DAB217D00133402B6E
:1012900009D13F220C490B48FFF756FABDE8F84048
:1012A0000848FFF768BA0A880132C2F30A020A80C6
:1012B0000A8892B2BA5C05F8012BE0E7002AE9D16E
:1012C000F8BD00BF8C4C0020AE570020F05F00201E
:1012D000EE5F0020EE57002008B5FFF7C5FF0020A5
:1012E00008BD38B5044645180020AC4204D140B1D1
:1012F000BDE83840FFF7B8BF14F8010BFFF75EFFF9
:10130000F3E738BD03289ABF014B185C03207047F0
:10131000FC78010800B50268174B9A42A1B028D1A9
:101320003422002102A801F0F4FF2023019301A838
:1013300001230793FDF79AFA40220DEB02000021EA
:1013400001F0E7FF4FF400530FA80F93FDF7C8FD1E
:101350000A4B9A6D42F400029A659B6D03F40003F8
:101360000093009B064B002283F814231420FCF703
:10137000EDF921B05DF804FB005C00400010024074
:1013800000E100E000F52D71D0F8F402FFF758BA43
:10139000282303FB0103D0F8F402D3F88021FFF7E0
:1013A0007FBA282303FB0103D0F8F4021A6CFFF77D
:1013B000ACBAD0F8F402FFF74ABB8368022B10B531
:1013C000044601D0FCF77AF8D4F8F4020121FFF7C3
:1013D00022FBD4F8F402BDE81040FFF7EDBA00009C
:1013E00010B50446D0F8F402FFF718FBA36923B147
:1013F000024A136943F00603136110BD00ED00E0DB
:10140000836903B1FEE7D0F8F402FFF715BB0000D3
:1014100010B51E4A04461E480823C0E900230223D3
:10142000C0F8F44283600361C4F8C8020023C0E935
:1014300006330362FCF708FB08B1FCF73FF8002213
:101440001146D4F8C8021823FDF77AF9D4F8C80277
:10145000582300228021FDF773F9D4F8C802C02375
:1014600000228121FDF76CF9D4F8C8024FF488738B
:1014700000220121FDF764F9D4F8C8024FF480730B
:1014800000228221FDF75CF9002010BD005C0040C5
:10149000F45F002008B5D0F8C802FCF736FBBDE8C1
:1014A0000840FFF72FBF10B51446D0F8C8021A46FF
:1014B0002346FDF743F8BDE81040FFF723BF08B50A
:1014C000D0F8C802FDF76EF8BDE80840FFF71ABF74
:1014D00008B5D0F8C802FDF7CDF8BDE80840FFF721
:1014E00011BF08B5D0F8C802FDF7F6F8BDE808400E
:1014F000FFF708BF11F0800FD0F8C8324FF0280274
:101500001DBF01F07F0101FB02229B1802FB01338A
:1015100014BF987993F86E01704708B5D0F8C802E7
:10152000FCF708FBBDE80840FFF7ECBE08B5D0F8B3
:10153000C802FDF780F8BDE80840FFF7E3BE08B534
:10154000D0F8C802FDF759F8BDE80840FFF7DABE49
:10155000D0F8C802FDF767B800487047EC62002079
:1015600070470000122301480B8070475003002091
:10157000042301480B80704764030020002370B5EA
:101580004D1C1E46040FB0F1204F34BF30343734A9
:1015900001F8134005F813600133DCB2A2424FEAB0
:1015A0000010EFD870BD00001A2310B50B800A4B55
:1015B000D3F89005D3F8982580180AD0D3F894452D
:1015C00006490822FFF7DAFF042210312046FFF710
:1015D000D5FF034810BD00BF0070FF1F6A03002045
:1015E0006803002010B5044C04480A462146FFF762
:1015F00092FC204610BD00BF4C630020007901081A
:1016000010B5044C04480A462146FFF784FC2046E6
:1016100010BD00BF4C6300201379010810B5044CC5
:1016200004480A462146FFF776FC204610BD00BF5D
:101630004C6300202979010810B5044C04480A467F
:101640002146FFF768FC204610BD00BF4C63002018
:101650003479010810B53024632807D80C70302184
:10166000092808D830301170187010BD0134643862
:10167000E4B2C0B2F0E701310A38C9B2C0B2EFE754
:1016800030B5302442F20F75A84212D80C703021C8
:10169000B0F57A7F14D211703022632816D81A70F0
:1016A0003023092817D8039A1370049B3030187020
:1016B00030BDA0F51C5001341038E4B280B2E3E72D
:1016C0000131A0F57A70C9B280B2E1E70132643825
:1016D000D2B280B2E1E701330A38DBB280B2E0E790
:1016E00070B5324D324E3024A84232D80C70314D94
:1016F000314C3021A04230D811703049302288421C
:101700002FD21A702E4A302390422ED8049A13708A
:101710002C4A302390422FD8059A1370302342F27E
:101720000F7290422ED8069A13703023B0F57A7F4C
:101730002ED2079A1370302363282ED8089A13707C
:10174000302309282DD8099A13700A9B303018705D
:1017500070BD0134E4B23044C6E70131C9B2284457
:10176000C8E70132D2B2401AC9E70133A0F57420AC
:10177000DBB2A0F51070C7E70133A0F5C330DBB2D0
:10178000A038C7E70133A0F51C50DBB21038C8E71A
:101790000133DBB2A0F57A70C8E70133DBB26438FD
:1017A000CAE70133DBB20A38CBE700BFFFC99A3B77
:1017B000003665C4001F0AFAFFE0F5058096980020
:1017C0003F420F009F86010010B58B1C0C464A1C3F
:1017D000FFF740FF0023E37010BD002810B50C4652
:1017E0000FDA10F1800F0FD04042C0B22D222346F5
:1017F000611C03F8032BA21CFFF72CFF00232371AD
:1018000010BDC0B22022F2E72D228020EFE713B5F1
:101810000B1D0193CB1C00934A1C8B1C0C46FFF73D
:101820002FFF0023637102B010BD10B588B001F125
:101830000903069301F108030593CB1D04938B1D47
:1018400003934B1D02930B1D0193CB1C00934A1C69
:101850008B1C0C46FFF744FF0023A37208B010BD99
:101860000A2230B501231446824207D95A1E12B209
:101870000A24150406D50022CA5430BD01339BB298
:101880006243F1E7B0FBF4F504FB150030308854F7
:101890002846013AEDE7031E10B50C4603DBBDE810
:1018A0001040FFF7DDBF58420131FFF7D9FF2D236C
:1018B000237010BD10B5034C2146FFF785FF20466D
:1018C00010BD00BF4C64002010B5034C2146FFF74B
:1018D00084FF204610BD00BF4C64002010B5034CAF
:1018E0002146FFF794FF204610BD00BF4C64002046
:1018F00010B5034C2146FFF798FF204610BD00BFEE
:101900004C64002013B503688DF807109C680DF136
:1019100007010123A04702B010BD07B503688DF889
:1019200007101B6901220DF10701984703B05DF80C
:1019300004FB73B51D460368019104465B691646B6
:101940009847236820461B6898470199221D204626
:10195000FFF7D8FF2DB123682A461B693146204680
:101960009847236820465B68984723689B690C2149
:10197000204602B0BDE87040184773B51E460368A4
:10198000019104465B6915469847236820461B6809
:101990009847221D01992046FFF7B4FF20460021F9
:1019A000FFF7BBFF23682046DB683246294698478D
:1019B00023685B68204602B0BDE8704018472DE9F7
:1019C000F0411F46036804465B690D46164698477A
:1019D000236820461B689847221D20461821FFF7E0
:1019E00091FF290A2046FFF798FFE9B22046FFF74A
:1019F00094FF236831463A4620461B69984723687E
:101A000020465B689847236820469B69BDE8F04103
:101A10000C21184707B501238DF807200DF10702A7
:101A2000FFF7CDFF03B05DF804FB2DE9F0411F4641
:101A3000036804465B690D461646984723682046AE
:101A40001B689847221D20461921FFF75BFF290AD2
:101A50002046FFF762FFE9B22046FFF75EFF20460F
:101A60000021FFF75AFF23682046DB683A463146DB
:101A70009847236820465B68BDE8F041184707B5E2
:101A800001230DF10702FFF7D0FF9DF8070003B017
:101A90005DF804FB2DE9F0411E46036804465B69CE
:101AA0000F4615469847236820461B689847221D15
:101AB00020461A21FFF726FF39462046FFF72DFF63
:101AC00023682946324620461B69984723682046EA
:101AD0005B689847236820469B69BDE8F0410C216C
:101AE00018472DE9F0411E46036804465B690F461E
:101AF00015469847236820461B689847221D2046B4
:101B00001B21FFF7FFFE39462046FFF706FF204660
:101B10000021FFF702FF23682046DB683246294692
:101B20009847236820465B68BDE8F041184737B501
:101B300004460D468DF80710012380210DF10702A0
:101B4000FFF7F7FE2368012D9B690CBF322140F29D
:101B5000DC51204603B0BDE83040184707B50123EB
:101B60008DF807100DF107028A21FFF7E2FE03B09E
:101B70005DF804FB07B50B0C8DF804300B0A8DF8EB
:101B800005308DF80610032301AA8621FFF7D1FE48
:101B900003B05DF804FB07B502238DF804108DF83F
:101BA00005208F2101AAFFF7C4FE03B05DF804FBF6
:101BB00037B50C468DF804108DF805208DF80630E9
:101BC00001AA03238B210546FFF7B3FE702C08D032
:101BD00005D8502C07D0602C05D0322204E0802C90
:101BE000FBD1372200E01E22284640F62511FFF7E0
:101BF00011FF012240F63C112846FFF70BFF03B00E
:101C000030BD07B58DF802309DF810308DF80330E7
:101C10009DF814308DF8043000238DF800108DF8F5
:101C200001208DF805308DF806306A4607238C2197
:101C3000FFF77FFE03B05DF804FB07B55BBAADF8B4
:101C40000430BDF8103049BA52BA5BBAADF8001092
:101C5000ADF80220ADF806306A4608238D21FFF763
:101C600068FE03B05DF804FB07B5022301AA152145
:101C7000FFF783FE9DF804309DF8050000EB03207C
:101C800080B203B05DF804FB07B549BAADF80410A3
:101C9000022301AA9721FFF74CFE03B05DF804FB75
:101CA00037B505460191FFF7DFFF01990446284645
:101CB000FFF7EAFF204603B030BD07B51F2928BF54
:101CC0001F218DF804108DF80520022301AA8E2112
:101CD000FFF72FFE03B05DF804FB13B5130A0446AB
:101CE0008DF804108DF805308DF80620032301AA25
:101CF0008321FFF71EFE236864219B6920469847D5
:101D000002B010BD13B5130A04468DF804108DF807
:101D100005308DF80620032301AA8221FFF709FE72
:101D2000236864219B692046984702B010BD37B5EF
:101D300005230C4615461D216A46FFF71EFE9DF839
:101D400000309DF90110F02B84BF00238DF8003086
:101D50009DF800305B085B42002923800B46B8BF2A
:101D6000CB1C9B102B700331BEBF22889B18238095
:101D700003B030BD07B501238DF807100DF1070240
:101D80009621FFF7D6FD03B05DF804FB07B50123EC
:101D90008DF807100DF107029E21FFF7CAFD03B071
:101DA0005DF804FB10B5002304461A46C121FFF775
:101DB000C0FD236820469B69BDE8104046211847B6
:101DC00038B50D4640F691010446FFF758FE012D47
:101DD0000ABF60F03F0200F03F02D2B240F691012C
:101DE0002046FFF717FE38BD38B540F253110546BF
:101DF000FFF745FE4FF4AA7104462846FFF73FFE61
:101E000040EA042080B238BD07B58DF804108DF883
:101E100005208DF8063001AA03238B21FFF789FDE9
:101E200003B05DF804FB07B58DF802309DF8103063
:101E30008DF803309DF814308DF804309DF818307B
:101E40008DF8053008238DF800108DF801208DF8ED
:101E500006306A4607238C21FFF76BFD03B05DF85F
:101E600004FB73B5C1F307230E0EC1F3074512F04F
:101E7000FD0409BA019126D18C2E22D1382D20D112
:101E80004AF6AC12ADF804209DF80420632A0ED166
:101E90009DF805200E2A0AD123F0080342F66B2292
:101EA00063F07F03ADF804208DF80630002404238E
:101EB0000DEB030240F6CF11FFF781FD204602B083
:101EC00070BD0124E0E7141F18BF0124EFE713B52C
:101ED00005230C466A461D21FFF74FFD9DF8003093
:101EE0005B085B42238002B010BD000008B52DEDF9
:101EF000028BB0EE408A00F0ABF9B4EE488AF1EE06
:101F000010FAF0EE408A15D6B0EE480A00F07EF8DE
:101F1000F7EE007AB4EEE70AF1EE10FA0ADD01F00E
:101F20004BFBBDEC028B21230360BDE80840044855
:101F300000F0BAB8B0EE680ABDEC028B08BD00BF75
:101F4000A544010800F06ABA08B52DED028BB0EE89
:101F5000408A00F0AFF8B4EE488AF1EE10FA0CD6E1
:101F6000DFED078AB4EEE88AF1EE10FA05D501F04C
:101F700023FB88EEA80A21230360BDEC028B08BD79
:101F80000000000010EE103A07B51E4A23F000438F
:101F9000934206DCDFED1C0A03B05DF804EB00F0B1
:101FA000B1B8B3F1FF4F04DB30EE400A03B05DF887
:101FB00004FB684600F0D2FA00F00300012809D0C3
:101FC000022810D0B0B9DDED010A9DED000A00F045
:101FD00099F8EBE7DDED010A9DED000A00F0F0F85D
:101FE000B1EE400AE2E7DDED010A9DED000A00F0E6
:101FF00089F8F5E7DDED010A9DED000A012000F00A
:10200000DFF8D3E7D80F493F0000000010EE103A88
:1020100023F0004300EE103A7047000010EE103A33
:1020200007B51F4A23F00043934207DCDFED1D0A8A
:10203000002003B05DF804EB00F0C2B8B3F1FF4F2D
:1020400004DB30EE400A03B05DF804FB684600F0A4
:1020500085FA00F0030001280AD002280FD0C0B989
:10206000DDED010A9DED000A012000F0A9F8EAE784
:10207000DDED010A9DED000A00F044F8E3E7DDED37
:10208000010A9DED000A012000F09AF8B1EE400A25
:10209000D9E7DDED010A9DED000A00F033F8F5E720
:1020A000D80F493F000000009FED010A704700BFB4
:1020B0000000C07FB1EEC00A7047000010EE100AA9
:1020C000C0F3C7527F3A162A15DC002A08DA01321B
:1020D00000F0004301D143F07E5300EE103A704708
:1020E000074911410842FAD04FF4800313410344D9
:1020F00023EA0103F1E7802AF1D130EE000A7047AC
:10210000FFFF7F0010EE103A23F00043B3F1485F69
:10211000F7EE006A05DAFDEEC07A17EE902A002A83
:102120003BD020EE007ADFED1E7A9FED1E6A1E4A3C
:10213000A7EE276A9342DFED1D7AE6EE077A9FED60
:102140001C6AA7EE876ADFED1B7AE6EE077A9FED41
:102150001A6AA7EE876A60EEC00A26EE076AF6EEF4
:10216000007AE7EE060A67EE277A04DC77EEE07A7B
:1021700036EEE70A7047114A9342DABF03F17F4314
:1021800007EE103AB5EE027A77EEC77A36EEC70A56
:1021900077EEE07A30EE670A7047B0EE660A704775
:1021A0004ED747ADF6740F319999993E7CF293B4AE
:1021B000010DD037610BB6BAABAA2A3D0000483FEB
:1021C00010EE103A23F00043B3F1485F04DAFDEE5D
:1021D000C07A17EE903A5BB320EE007ADFED157A05
:1021E0009FED156AA7EE276ADFED147AE6EE077A0F
:1021F0009FED136AA7EE876ADFED127A60EE076A39
:10220000E6EE077A30B99FED106AA7EE276AA6EED0
:10221000260A704767EEE67AB6EE006AE0EE867A46
:10222000D7EE870ADFED097AE6EEA70A30EE600AFC
:10223000704700BFD3C92E2F342FD7B21BEF3836CB
:10224000010D50B98988083CABAA2ABEABAA2A3E28
:1022500038B510EE105A25F00044B4F17E5F2DED34
:10226000048B0CD1DFED5D7A9FED5D7A60EE277A0D
:10227000E0EE077AB0EE670ABDEC048B38BD04DDF2
:1022800070EE407A87EEA70AF6E7B4F17C5FF7EECE
:10229000008A0BDAB4F1485F52DADFED527A70EE61
:1022A000277AF4EEE87AF1EE10FAE5DCFFF7AEFEFD
:1022B00038EEC00AF6EE007A20EE278A9FED4A7AC1
:1022C000DFED4A7A9FED4A9AA8EE277ADFED497A48
:1022D000E7EE087A9FED487AA7EE887ADFED477A35
:1022E000E7EE087A9FED467AA7EE889ADFED457A09
:1022F000E8EE077A9FED447AA7EE887ADFED437A1D
:10230000E7EE087AB0EE480AE7EE888AFFF7D2FED9
:102310003F4B29EE089A9C4289EE286AF0EE006A4B
:102320003DDDA0EE060ADFED3B7AE0EE267A9FED7A
:102330002C0A30EE670A002DD8BFB1EE400A9BE7A9
:1023400060EE007ADFED296A9FED277A9FED2C6A17
:10235000A7EEA67ADFED276AE7EE276A9FED267AD9
:10236000A6EEA77ADFED256AE7EE276A9FED207AD1
:10237000A6EEA77ADFED236AE7EE866A9FED226A72
:10238000A6EEA76ADFED216AE6EE276A27EE277A36
:10239000E6EEA78AC7EE287AA0EE270A6CE710EED1
:1023A000103A23F47F6323F00F0307EE103AA7EEF1
:1023B000478A70EE077A30EE000AC8EE275ADFED42
:1023C000077AE5EEE67AD0EE067A9FED130AB0EED4
:1023D000406AA7EE666A77EEC67AAAE72EBD3BB3DF
:1023E000DB0FC93FCAF24971047F4F3A08EF113839
:1023F000ABAA2A3E461124BDA80A4E3E90B0A6BE06
:102400002EC69D3D613330BF2D57014039D119C0D3
:102410009999793F2EBD3B33DB0F493F10EE902A4F
:1024200022F00041B1F1FF4F10B5F0EE407A06DC2A
:1024300010EE100A20F00043B3F1FF4F04DD77EEF9
:10244000A07AB0EE670A10BDB2F17E5F03D1BDE89D
:10245000104000F0AFB9941704F0020444EAD074BD
:1024600043B9022C5ED09FED347A032C08BFF0EE06
:10247000477AE6E741B9DFED317A9FED317A0028FE
:10248000B8BFF0EE477ADCE7B1F1FF4F10D1B3F1FE
:10249000FF4F04F1FF3407D1022C46D8294B03EB40
:1024A0008403D3ED007ACCE7022C41D8264BF6E723
:1024B000B3F1FF4FDFD05B1AB3F1F45F4FEAE351A2
:1024C0001ADA002A01DA3C3119DB87EEA00AFFF79D
:1024D0009DFD00F06FF9F0EE407A012C12D0022C35
:1024E00017D0002CADD09FED197A77EE877A9FED4B
:1024F000187A77EEC77AA4E7DFED107AEDE7DFED23
:10250000157AEAE717EE903A03F1004307EE903AA6
:1025100097E79FED0E7A77EE877A9FED0D7A77EE4B
:10252000677A8EE7DFED0A7A8BE7DFED0B7A88E7D3
:10253000DFED087A85E700BFDB0F49C0DB0FC93F3D
:10254000DB0FC9BF44790108507901082EBDBB33A8
:10255000DB0F494000000000DB0F493FF0B510EEF3
:10256000106A864B26F000459D4287B0044605DC84
:10257000002380ED000A4360002020E0804B9D4254
:1025800038DC002E9FED7F7A7F4B25F00F0518DD9C
:102590009D4270EE477A09BF9FED7C7A9FED7C7A71
:1025A00077EEC77A9FED7B7A77EEC76A77EEE67AA9
:1025B000C0ED006A77EEC77AC0ED017A012007B05E
:1025C000F0BD9D4270EE077A09BF9FED707A9FEDD6
:1025D000707A77EE877A9FED6F7A77EE876A77EE7B
:1025E000E67AC0ED006A77EE877AC0ED017A4FF0A7
:1025F000FF30E4E7684B9D4271DCFFF707FD9FED7C
:10260000677AF6EE007AE0EE077AFDEEE77AB8EE4A
:10261000E77A17EE900ADFED5B7AA7EE670A1F28CC
:10262000DFED5B7A67EE277AB1EE476A70EE676A94
:1026300016EE902A1CDC5A49471E25F0FF0351F87C
:1026400027108B4214D0226094ED007A30EE470AB6
:10265000002E30EE670A84ED010AB0DAB1EE477A57
:10266000B1EE400A84ED007A84ED010A4042A6E70B
:10267000C2F3C751C1EBD55108294FEAE553E2DD5A
:10268000DFED425AF0EE406AE6EE256A70EE667AB9
:10269000E6EE257ADFED3F5AD7EE257A76EEE75A59
:1026A00015EE902AC2F3C7515B1A192B04DCC4ED56
:1026B000005AB0EE660AC7E7DFED3A5AB0EE660A96
:1026C000A6EE250A76EEC07ADFED376AE6EE257AC9
:1026D000D7EE267A30EE677A84ED007AB4E7B5F16A
:1026E000FF4F06DB70EE407AC0ED017AC0ED007A54
:1026F00042E7EA15863AA5EBC25307EE903ABDEEE3
:10270000E77ADFED2A6AB8EEC77A77EEC77A8DED01
:10271000037A67EEA67ABDEEE77AB8EEC77A77EE6F
:10272000C77A8DED047A67EEA67AF5EE407AF1EE7F
:1027300010FACDED057A1ED1B5EE407AF1EE10FA21
:1027400014BF022301231A4901910221009103A819
:10275000214600F003F9002EBFF631AFD4ED007A28
:10276000F1EE677AC4ED007AD4ED017AF1EE677A82
:10277000C4ED017A7AE70323E5E700BFD80F493FAC
:10278000E3CB1640800FC93FD00FC93F0044353717
:102790004344353708A3852E800F494384F9223FEF
:1027A0005C79010800A3852E32318D24000080431E
:1027B000DC79010838B510EE105A25F00044B4F168
:1027C000A14FF0EE407A10DBB4F1FF4F04DD70EE64
:1027D000007AB0EE670A38BDDFED4D7A9FED4D7A95
:1027E000002DD8BFF0EE477AF3E74B4B9C4210DC4C
:1027F000B4F1445F0ADA9FED497A30EE077AF7EEDA
:10280000006AB4EEE67AF1EE10FAE2DC4FF0FF3344
:1028100013E0FFF7FBFB424B9C424FDCA3F5D003D8
:102820009C4241DCF0EE007ABFEE007AA0EE277AFF
:10283000002330EE270AC7EE007A5A1C27EEA76A5B
:102840009FED387ADFED385A9FED385A66EE066A0A
:10285000E6EE875A9FED367AA5EEA67ADFED355A79
:10286000E7EE265A9FED347AA5EEA67ADFED335ACD
:10287000E7EE265A9FED327AA6EE875A9FED317A1F
:10288000A5EE267A9FED305AA7EE265A9FED2F7AB5
:10289000A5EE267A27EE267AA5EE867A27EE877AA7
:1028A00021D177EEC77A94E7F7EE007A30EE677AB7
:1028B00030EE270A0123C7EE007ABEE7244B9C4284
:1028C0000BDCF7EE087AB7EE007AA0EE277A022347
:1028D00070EE676AC6EE877AAFE7BFEE007AC7EEA2
:1028E000007A0323A9E71B4A1B4902EB830201EB91
:1028F0008303D3ED006A37EE667A002D37EE677AF0
:10290000D2ED007A77EEC77AB8BFF1EE677A60E76A
:10291000DB0FC93FDB0FC9BFFFFFDF3ECAF24971C2
:10292000FFFF973FD769853C59DA4B3D6BF16EBD90
:10293000356B883D6E2EBA3D2549123EABAAAA3EA4
:1029400021A215BD95879DBD388EE3BDCDCC4CBE73
:10295000FFFF1B40F47C0108047D01082DE9F04FC6
:102960002DED048BD9B088460290B8496698019342
:1029700051F820A00199679B01F1FF3B111D25DB58
:10298000D01E48BF101DC010451CE900A0EB0B076E
:102990009FEDB27A0391A2EBC5050AEB0B0C1CAEBE
:1029A00003EB870E0024644512DD01991CAC04EB97
:1029B00081040DF588794FF0000CD44527DCDDF853
:1029C00008E0DFEDA67A2746002616E00020DBE7C8
:1029D000E7425DBF5EF8241007EE901AF8EEE77A42
:1029E000F0EE477AE6EC017A0134DCE7FEEC016AAE
:1029F00097ED007AE6EE877A01365E45A7F1040787
:102A0000F4DDE9EC017A0CF1010C0434D5E708A9F6
:102A100001EB8A0103EB8003DFED8F8A9FED8D9A36
:102A2000059104935646B300069358AB03EB86001A
:102A300008AC44AB10ED140AA44603EB86003746FD
:102A4000002FA0F104004ADC2846079200F0F8F9B4
:102A5000B0EE408AB4EE000A28EE000A00F056FA02
:102A6000F2EE007AA0EE678A002D079AFDEEC87A92
:102A700017EE909AF8EEE77A38EE678A41DD06F1B4
:102A8000FF3C08ABC5F1080E53F82C7047FA0EF066
:102A9000814400FA0EF03F1AC5F1070043F82C708C
:102AA0000741002F3CDD4FF0000E09F1010971468E
:102AB000764567DC002D03DD012D74D0022D7BD01F
:102AC000022F2DD1B7EE000A30EE488A41B32846D6
:102AD000079200F0B5F9079A38EE408A20E060EEE0
:102AE000287A013FFDEEE77AF8EEE77AA7EEC90A09
:102AF000BDEEC00AACEC010A90ED000A37EE800A88
:102B00009EE705D1701E08AB53F82070FF11C8E78F
:102B1000F6EE007AB4EEE78AF1EE10FA30DA00272A
:102B2000B5EE408AF1EE10FA40F09A80741EA44689
:102B30000021D44547DA002963D008AB083D53F89B
:102B40002430002B7FD02846B7EE000A00F078F939
:102B5000631C44AA9FED407A990002EB830223464E
:102B6000002B80F2AD802346002BC0F2CB8044AA1C
:102B700002EB8305364EDFED397A0020E21AB6E02B
:102B8000022790E7206849B918B1C0F5807020602D
:102B900001200EF1010E0434014689E7C0F1FF0067
:102BA00020600846F5E7741E08AB53F8240000F0D7
:102BB0007F0043F8240083E7741E08AB53F8240019
:102BC00000F03F00F5E708AB53F82C000CF1FF3C98
:102BD0000143AEE7013054F8047D002FFAD0069B84
:102BE00003F5B0730DEB0304019BF7181CAB06F162
:102BF000010C4C3C03EB87073044604504DA064681
:102C000011E7059C0120E6E7049BDDF808E053F896
:102C10002C30069307EE903AF8EEE77A0026E7ECC0
:102C2000017ADFED0E7AB9465E4504DDE4EC017A07
:102C30000CF1010CE1E7FEEC016A39ED017A013695
:102C4000E6EE877AF0E7013C77E700BF407D0108B8
:102C5000147D0108000080430000803B000000005C
:102C6000039BB0EE480A981A00F0EAF81FED077AC5
:102C7000B4EEC70AF1EE10FA19DB5FED097A60EEE7
:102C8000277A08AAFDEEE77A741CF8EEE77A083591
:102C9000A7EEC70AFDEEE77ABDEEC00A10EE103AC5
:102CA00042F8263017EE903A42F824304BE7BDEE5A
:102CB000C00A08AA10EE103A344642F8263042E71D
:102CC00008A850F82300019007EE900AF8EEE77A82
:102CD000013B67EE807A20EE070A62ED017A3FE75A
:102CE000F6EC016AB5EC017AE6EE877A01305045E0
:102CF00001DC9042F4DD58A800EB820242ED287A14
:102D0000013B31E7669B022B09DC002B2BDC44D016
:102D100009F0070059B0BDEC048BBDE8F08F669B4D
:102D2000032BF5D130AA0B1F13441A462046002866
:102D3000A2F1040252DC2246012AA3F104035DDC65
:102D400030AB5FED3A7A0B44012C67DCDDED306A85
:102D50009DED317A002F67D1C8ED006A88ED017AC8
:102D6000C8ED027AD4E730AB1FED447A0B4422461B
:102D7000002A24DA4FB3F1EE477AC8ED007ADDED90
:102D8000307A77EEC77A31AA01239C4220DA0FB15C
:102D9000F1EE677AC8ED017ABAE730AB5FED517AB0
:102DA0000B44002C05DA0FB1F1EE677AC8ED007A1A
:102DB000AEE733ED017A013C77EE877AF1E773ED08
:102DC000017A013A37EE277AD2E7F0EE477AD4E774
:102DD000B2EC017A013377EE877AD6E7D2ED007A4A
:102DE000D2ED016A37EEA67A013877EEC77A82ED26
:102DF000007A77EEA67AC2ED017A98E7D3ED007AF1
:102E0000D3ED016A37EEA67A013A77EEC77A83ED01
:102E1000007A77EEA67AC3ED017A8DE733ED017A79
:102E2000013C77EE877A8FE7F1EE666AB1EE477A7A
:102E3000C8ED006A88ED017AF1EE677A90E700BF8D
:102E400010EE103A33F000422BD0B2F1FF4F02D314
:102E500030EE000A704713F0FF4F23D1244BDFED13
:102E6000257A984220EE270A17DB10EE103AC3F3BA
:102E7000C752193A4CF25031884215DDDFED1E7A07
:102E8000DFED1E6A10EE103AB0EE677A002BB8BF85
:102E9000F0EE667A27EE870A7047DFED197A27EEA3
:102EA000800A7047D20DE5E71044FE28E6DC0028D2
:102EB00006DD23F0FF4343EAC05300EE103A7047AB
:102EC00010F1160F09DADFED0E7ADFED0E6A10EE63
:102ED000103AB0EE677A002BD9E7193023F0FF43A0
:102EE00043EAC0539FED080A07EE903AD7E700BFC8
:102EF000B03CFFFF0000004CCAF24971CAF249F130
:102F00006042A20D6042A28D0000003310EE103A24
:102F1000C3F3C7527F3A162A23F000412ADC002A65
:102F200011DADFED187A30EE270AB5EEC00AF1EEBD
:102F300010FA05DD002B23DA134A002918BF1346C7
:102F400000EE103A7047114911410B42FAD0DFED03
:102F50000D7A30EE270AB5EEC00AF1EE10FAEFDD79
:102F6000002BBEBF4FF4000040FA02F29B1823EA88
:102F70000103E5E7B1F1FF4FE4D330EE000A7047FB
:102F80000023DDE7CAF24971000080BFFFFF7F0028
:102F90000A22002100F082B8012B2DE9F04701D070
:102FA000242B06D900F008FB162303600020BDE89F
:102FB000F087DFF8E4C00D462E4615F8014B1CF8EB
:102FC000047017F00807F7D12D2C32D12C78012787
:102FD000B51C002B5BD0102B09D1302C07D12C78DD
:102FE00004F0DF04582C4DD16C781023023507F122
:102FF000004808F1FF384FF0000EB8FBF3F97646B1
:1030000003FB198AA4F1300CBCF1090F16D86446F1
:10301000A34224DDBEF1FF3F08D0B1451CD301D14E
:10302000A24519DB06FB03464FF0010E15F8014BD4
:10303000E8E72B2C04BF2C78B51CCAE7A4F1410C9F
:10304000BCF1190F01D8373CE2E7A4F1610CBCF1E7
:10305000190F04D8573CDBE74FF0FF3EE6E7BEF11F
:10306000FF3F05D122230360464642B930469EE722
:1030700007B17642002AF9D0BEF1000F00D0691ED8
:103080001160F3E73024002BB1D10823AFE7302CD7
:10309000A5D00A23ABE700BF4D7D010813460A46C1
:1030A000014602480068FFF777BF00BFDC0300203D
:1030B000024B1844407800F0030070474C7D010833
:1030C000034B1B5C03F00303022B08BF203870473F
:1030D0004D7D0108002310B50446C0E90033C0E966
:1030E0000433836081814366C2818361194608226B
:1030F0005C3000F00EF90D4B63620D4BA3620D4B7B
:10310000E3620D4B23630D4B24629C4206D003F116
:103110006802944202D0D0339C4205D104F1580099
:10312000BDE8104000F072BA10BD00BF593201086E
:103130007B320108B3320108D73201086C640020E9
:10314000024A0349034800F069B800BF8403002025
:10315000893901089003002041680C4B994210B551
:10316000044601D000F010FCA168094B994202D03E
:10317000204600F009FCE168064B994204D0204645
:10318000BDE8104000F000BC10BD00BF6C64002022
:10319000D46400203C65002010B50B4B0B4C0C4A4E
:1031A0001A60204600220421FFF794FF04F1680012
:1031B00001220921FFF78EFF04F1D0000222BDE8B1
:1031C00010401221FFF786BFA46500206C64002028
:1031D00041310108014800F01ABA00BFAD65002076
:1031E000014800F015BA00BFAD65002010B50446D7
:1031F000FFF7F0FF236A1BB1BDE81040FFF7F0BFF7
:10320000044B2362044B1B68002BF5D1FFF7C4FF6E
:10321000F2E700BF59310108A46500202DE9F84309
:103220000746884614460026D4E90195B9F10109FC
:1032300005D52468002CF7D13046BDE8F883AB896A
:10324000012B07D9B5F90E30013303D02946384692
:10325000C04706436835E9E710B50C46B1F90E10D2
:1032600000F086F90028ABBF636DA3891B1823F417
:103270008053ACBF6365A38110BD2DE9F0411F46AB
:103280008B89DB0505460C46164605D5B1F90E10AF
:103290000223002200F05AF9A389B4F90E1023F496
:1032A0008053A38132463B462846BDE8F04100F0FA
:1032B00071B910B50C46B1F90E1000F047F9431C76
:1032C000A38915BF606523F4805343F48053A38121
:1032D00018BFA38110BDB1F90E1000F027B98842C4
:1032E00010B501EB020402D98442234607D8431EDD
:1032F000A14208D011F8012B03F8012FF8E702448E
:1033000001468A4200D110BD13F8014D02F8014D6B
:10331000F7E702440346934200D1704703F8011BCC
:10332000F9E710B50246147813460132002CFAD1A1
:10333000013B11F8012B03F8012F002AF9D110BD30
:10334000C9B2034610F8012B1AB18A42F9D11846C6
:103350007047002918BF0023F9E710B56AB1013999
:10336000841810F8012B11F8013F9A4203D1A042B2
:1033700001D0002AF5D1D01A10BD1046FCE710B5D7
:103380000139034632B111F8014F03F8014B013AFC
:10339000002CF7D11A440021934200D110BD03F84C
:1033A000011BF9E738B50B4B1D686B6B044653B92D
:1033B000242000F0AFF90246686320B9064B0748A5
:1033C0003D2100F03DF9696B2046BDE8384000F032
:1033D00007B800BFDC0300204D7E0108647E0108B1
:1033E0002DE9F0414D4A0C460023D0E90001ECF7ED
:1033F0007FFF002ABCBF02F5A83202F5C0724FF46D
:10340000616100F52F20B2FBF1F301FB13224FF0B5
:103410003C01ACBF00F66C2000F66B20A360B2FB51
:10342000F1F301FB132263602260C31C072293FBAC
:10343000F2F2C2EBC2029B1A48BF07330028A36115
:10344000B8BFA0F50E333649AEBF90FBF1F1A3F53E
:103450002C7393FBF1F1334B03FB010048F6AC6393
:10346000B0FBF3F3034440F2B45CB0FBFCF29B1AF4
:1034700040F26D172C4AB0FBF2F264269B1AB3FBA4
:10348000F7F2B3FBFCF3B2FBF6F5EB1A034407FBD0
:103490001233992003EB8307023703F1010EB7FBC8
:1034A000F0FC00FB0CF002304FF00508B0FBF8F028
:1034B000AEEB000040F2F95E774594BF02276FF053
:1034C000090767444FF4C87C0CFB0121012F98BF0A
:1034D0000131B3F5997F0CD3A3F59973E361A1F2A0
:1034E0006C710023E060C4E9047123622046BDE8EA
:1034F000F08112F0030F02D106FB15255DB94FF4E0
:10350000C875B2FBF5F605FB1622B2FA82F2520933
:103510003B331344E2E70122FAE700BF8051010088
:10352000B13A02004FC5FDFFB03A020038B5064D72
:103530000023044608462B60FAF712F8431C02D118
:103540002B6803B1236038BDA865002038B5074D4E
:1035500004460846114600222A601A46FAF70AF87D
:10356000431C02D12B6803B1236038BDA86500203D
:1035700038B5074D04460846114600222A601A460F
:10358000F9F7D2FF431C02D12B6803B1236038BD89
:10359000A865002038B5074D0446084611460022AC
:1035A0002A601A46F9F7CEFF431C02D12B6803B1FB
:1035B000236038BDA8650020014B1868704700BF24
:1035C000DC03002070B50D4D0D4C641BA4100026CB
:1035D000A64209D10B4D0C4C00F058FE641BA41000
:1035E0000026A64205D170BD55F8043B9847013628
:1035F000EEE755F8043B98470136F2E7347F0108BF
:10360000347F0108347F01083C7F01087047704710
:103610007047034611F8012B03F8012B002AF9D15A
:1036200070470A44914200F1FF3300D1704710B552
:1036300011F8014B03F8014F9142F9D110BD000080
:103640001FB514461A46094B1B680546D8684CB18D
:10365000074B0091CDE9013406492B4600F0BCF937
:1036600000F0DCF9044B1C46F3E700BFDC0300204C
:10367000BC7E0108C97E0108A544010837B50029B0
:1036800044D051F8043C0190002BA1F10404B8BFD0
:10369000E41800F0E7F81E4A0198136833B9636034
:1036A000146003B0BDE8304000F0E2B8A34208D98E
:1036B000256861198B4201BF19685B68491921604F
:1036C000EDE71A465B680BB1A342FAD911685518A9
:1036D000A5420BD1246821445418A3421160E0D1C3
:1036E0001C685B6853600C441460DAE702D90C2351
:1036F0000360D6E7256861198B4204BF19685B68CF
:10370000636004BF491921605460CAE703B030BD4B
:10371000B0650020024B0146186800F023B800BFD6
:10372000DC03002070B50E4E0C463168054611B919
:1037300000F064F930602146284600F05FF9431C30
:103740000AD0C41C24F00304A04207D0211A284642
:1037500000F054F9013001D14FF0FF34204670BD24
:10376000B46500202DE9F843CD1C25F0030508358C
:103770000C2D38BF0C25002D074601DBA94205D9C9
:103780000C233B6000263046BDE8F883DFF8D0808C
:1037900000F068F8D8F800301C465CBB2946384673
:1037A000FFF7C0FF431C044655D1D8F80040264619
:1037B000002E45D1002C48D023683146384604EB12
:1037C000030900F01BF981453FD121686D1A294694
:1037D0003846FFF7A7FF013037D023682B4423601A
:1037E000D8F80030002B38D05A68A2422BD10022E2
:1037F0005A600FE02268521B1FD40B2A17D9611997
:10380000A342256018BF5960636808BFC8F800105C
:1038100062514B60384604F10B0600F029F826F09F
:103820000706231DF21AAED09B1BA350ABE7A342A1
:103830006268DDD1C8F80020ECE723466468ACE795
:1038400034467668B4E71346CCE70C233B60384631
:1038500000F00EF897E72560DCE75B60FFDE00BF55
:10386000B06500200148FFF7D2BE00BFAC65002064
:103870000148FFF7CDBE00BFAC6500208A892DE965
:10388000F041054610070C4658D44B68002B05DC68
:103890000B6C002B02DC0020BDE8F081E66A002EF4
:1038A000F9D0002312F480522F68216A2B6032D0A5
:1038B000606DA3895A0705D56368C01A636B0BB1A5
:1038C000236CC01A00230246E66A216A2846B047E4
:1038D000431CA38906D129681D292BD8294A0A41EE
:1038E000D60727D400226260D9042269226004D559
:1038F000421C01D12B6803B96065616B2F60002900
:10390000C9D004F14403994202D02846FFF7B6FE1D
:1039100000206063C0E701232846B047411CC8D19E
:103920002B68002BC5D01D2B01D0162B01D12F6089
:10393000B1E7A38943F04003A381ADE70F69002FEE
:10394000A9D093070E6808BF4B690F6018BF00230A
:10395000A6EB07088B60B8F1000F9CDD216AA66A10
:1039600043463A462846B047002806DCA38943F080
:103970004003A3814FF0FF308EE70744A8EB000817
:10398000E9E700BFFEFFBFDF38B50B6905460C460F
:1039900013B90025284638BD18B1036A0BB9FFF7E3
:1039A00025FCB4F90C30002BF3D0626ED00704D4A0
:1039B000990502D4A06DFFF72AFE28462146FFF79D
:1039C0005DFF636EDA070546E4D4A3899B05E1D465
:1039D000A06DFFF71DFEDDE70EB403B5014603AB96
:1039E000054853F8042B0068019300F047F802B033
:1039F0005DF804EB03B07047DC03002038B5064DDA
:103A00000023044608462B60F9F7B6FD431C02D19B
:103A10002B6803B1236038BDA865002008B50620D7
:103A200000F094FB0120F9F779FD9368013B002B2E
:103A300010B4936008DA9469A34201DB0A2903D128
:103A40005DF8044B00F0C4BA1368581C106019707C
:103A500008465DF8044B7047F8B506460F46144615
:103A6000D518AC4201D1002007E014F8011B3A46FA
:103A70003046FFF7DAFF431CF3D1F8BD2DE9F04FD4
:103A80000D469DB014469846064618B1036A0BB918
:103A9000FFF7ACFB6B6ED90705D4AB899A0502D44E
:103AA000A86DFFF7B4FDAB891B0701D52B699BB946
:103AB0002946304600F0CAFA70B16B6EDC0704D5B7
:103AC0004FF0FF301DB0BDE8F08FAB899805F7D4FB
:103AD000A86DFFF79DFDF3E70023099320238DF8E0
:103AE0002930CDF80C803023DFF8B0818DF82A30F2
:103AF0004FF0010923469A4613F8012B0AB1252AF3
:103B0000F9D1BAEB040B0BD05B462246294630466E
:103B1000FFF7A2FF013000F0A980099A5A440992E8
:103B20009AF80030002B00F0A18000234FF0FF3204
:103B3000CDE905230AF1010A049307938DF8533068
:103B40001A935446052214F8011B5448ECF780FBE5
:103B5000049AD8B9D10644BF20238DF853301307F7
:103B600044BF2B238DF853309AF800302A2B15D000
:103B7000079A544600204FF00A0C214611F8013BE9
:103B8000303B092B4DD9B0B1079214E0A0EB0803EC
:103B900009FA03F313430493A246D2E7039B191DCA
:103BA0001B680391002BBBBF5B4242F002020793EC
:103BB0000793B8BF049223782E2B0CD163782A2B5D
:103BC00034D1039B1A1D1B680392002BB8BF4FF022
:103BD000FF3302340593DFF8D4A021780322504646
:103BE000ECF736FB38B1049BA0EB0A004022824080
:103BF00013430134049314F8011B29488DF828104D
:103C00000622ECF725FB00283FD0264B1BBB039B6D
:103C1000073323F0070308330393099B3B440993BD
:103C200068E70CFB02320C460120A6E700230134B2
:103C3000059319464FF00A0C204610F8012B303A34
:103C4000092A03D9002BC6D00591C4E70CFB01213A
:103C500004460123F0E703AB00932A46124B04A964
:103C60003046AFF300800746781CD6D16B6ED9077B
:103C700005D4AB899A0502D4A86DFFF7C9FCAB89BE
:103C80005B063FF51DAF09981CE703AB00932A467E
:103C9000054B04A9304600F079F8E4E7F87E010806
:103CA000027F010800000000593A0108FE7E010869
:103CB0002DE9F047164699468A680B69DDF82080A1
:103CC0009342B8BF1346336091F8432007460C4631
:103CD0000AB1013333602368990642BF3368023367
:103CE0003360256815F0060506D104F1190AE3686A
:103CF00032689B1AAB4226DC94F84320131E2268DC
:103D000018BF012392062BD404F1430249463846DA
:103D1000C04701301ED02368226903F00603042B3C
:103D200002BFE5683368ED1AA3680CBF25EAE575A4
:103D300000259342C4BF9B1AED1800261A34B542E1
:103D40001AD1002008E00123524649463846C047B0
:103D5000013003D14FF0FF30BDE8F0870135C6E7F1
:103D6000E1185A1C302081F84300224494F8451091
:103D700082F843100233C7E70123224649463846FA
:103D8000C0470130E6D00136D9E700002DE9FF47F2
:103D90000F7E0C9D782F914680460C469A4601F185
:103DA000430207D8622F0AD8002F00F0D480582F82
:103DB00000F0C08004F1420584F842703AE0A7F1B7
:103DC0006303152BF6D801A151F823F0253E010815
:103DD000393E0108B53D0108B53D0108B53D010872
:103DE000B53D0108393E0108B53D0108B53D010862
:103DF000B53D0108B53D01083D3F0108653E01089C
:103E0000F73E0108B53D0108B53D01085F3F0108D7
:103E1000B53D0108653E0108B53D0108B53D010805
:103E2000FF3E01082B681A1D1B682A6004F1420539
:103E300084F8423001239FE020682B68070603F1D5
:103E40000401296001D51E6803E04606FBD5B3F9DD
:103E50000060002E03DA2D23764284F843305A485E
:103E60000A2312E02B682068191D2960050601D578
:103E70001E6802E04106FBD51E8853486F2F0CBF19
:103E800008230A23002184F843106568A560002DEB
:103E9000A2BF216821F0040121600EB9002D4BD092
:103EA0001546B6FBF3F103FB1167C75D05F8017D0D
:103EB0003746BB420E46F4D9082B0BD12368DE07E8
:103EC00008D5236961689942DEBF302305F8013CBB
:103ED00005F1FF35521B2261CDF800A04B4603AA25
:103EE00021464046FFF7E4FE01304AD14FF0FF3053
:103EF00004B0BDE8F087236843F020032360334813
:103F0000782784F84570236829681F0651F8046BE8
:103F100002D45F0648BFB6B2DF0748BF43F02003B4
:103F2000296048BF23601EB9236823F02003236063
:103F30001023A7E72448E4E71546BDE72B68266869
:103F40006169181D286035061B6801D5196002E0FB
:103F50007006FBD51980002323611546BCE72B684A
:103F60001A1D2A601D68626800212846ECF770F966
:103F700008B1401B606063682361002384F843300C
:103F8000AAE723692A4649464046D0470130ADD0CA
:103F900023689B0713D4E068039B9842B8BF184678
:103FA000A6E70123324649464046D04701309DD01E
:103FB0000135E36803995B1AAB42F2DCEBE70025BD
:103FC00004F11906F5E700BF097F01081A7F01080F
:103FD000F8B50E461446054618B1036A0BB9FFF74B
:103FE00005F9A369A360A3891A0725D523691BB323
:103FF00023682269981A6369F6B28342374604DC63
:1040000021462846FFF7C0FCE0B9A368013BA36046
:1040100023685A1C22601E706269431C9A4204D0B5
:10402000A389DB0706D50A2E04D121462846FFF7CF
:10403000ABFC38B93846F8BD2146284600F006F8F2
:104040000028D5D04FF0FF37F4E7000038B52A4BF1
:10405000054618680C4618B1036A0BB9FFF7C6F895
:10406000A389B4F90C20180722D4D90607D4092350
:104070002B6042F04003A3814FF0FF3034E058073B
:1040800012D5616B41B104F14403994202D0284634
:10409000FFF7F4FA00236363A38923F02403A381C9
:1040A0000023636023692360A38943F00803A3818D
:1040B00023694BB9A38903F42073B3F5007F03D0C0
:1040C0002146284600F084F8A089B4F90C2010F0AD
:1040D00001030AD00023A36063695B42A3612369E3
:1040E00043B910F08000C4D138BD810758BF63695F
:1040F000A360F4E70020F7E7DC0300201F2938B5B0
:1041000004460D4604D9162303604FF0FF3038BD36
:10411000C26B12B152F821304BB9204600F030F892
:104120002A4601462046BDE8384000F017B8012B6A
:104130000AD0591C03D1162303600120E7E70024AD
:1041400042F82540284698470020E0E7024B014608
:104150001868FFF7D3BF00BFDC03002038B5074D58
:1041600000230446084611462B60F9F7CFF9431C9B
:1041700002D12B6803B1236038BD00BFA8650020C1
:10418000F9F7C2B970B50C46B1F90E10002996B016
:1041900015461E460DDAA38913F0800F4FF000017B
:1041A0000CBF4FF480634023002031602B6016B0B9
:1041B00070BD6A4600F048F80028ECDB019901F474
:1041C0007041A1F50053594259414FF48063EBE728
:1041D0008B8973B59D0706460C4607D504F1470346
:1041E000236023610123636102B070BD01AB6A46A5
:1041F000FFF7C8FF009905463046FFF7B3FA48B904
:10420000B4F90C309A05EFD423F0030343F0020312
:10421000A381E3E7A389206043F08003A381009B8F
:104220006361019B20615BB1B4F90E10304600F070
:104230001DF828B1A38923F0030343F00103A381F0
:10424000A3891D43A581CFE738B5074D0023044658
:10425000084611462B60F9F786F9431C02D12B68FA
:1042600003B1236038BD00BFA865002038B5064DF6
:104270000023044608462B60F9F77AF9431C02D163
:104280002B6803B1236038BDA8650020F8B500BFD6
:10429000F8BC08BC9E467047F8B500BFF8BC08BC27
:0442A0009E4670477F
:1042A40018120C1801010119190119190106060146
:1042B40006060103030103030102020102020112C3
:1042C4000C01120C00080008005001500250035069
:1042D4000450055006500750085009500A500B501E
:1042E4000C500D50F150F25001F105506D696E2CD7
:1042F40000206D572C002E00011F136F01130503BE
:10430400020B050200D57FAAFE2B815429FC56839B
:10431400D702A87D52872DF8AC79D3067BAE04D1A1
:104324008550FA2FA471DB0E5A8F25F08D58F22791
:1043340073A60CD9F623895C08DD77A2DF0AA07581
:1043440021F45E8B9D48E23763B61CC9B461CB1E71
:104354004A9F35E0CF1AB06531E44E9BE633994C61
:1043640018CD67B239EC4693C712B86D10C56FBA51
:10437400EE3B91446BBE14C19540EA3F42973DE841
:10438400BC69C316EF3A904511C46EBBC613B96C31
:1043940038ED4792BD68C21743963CE99441EB3E21
:1043A4006ABF15C04B9E34E1B560CA1F62B71DC811
:1043B4009C49E33619CC66B3E732984D30E54F9A01
:1043C400CE1BB16472A70DD88C59F3265B8E24F1F1
:1043D400A570DA0F20F55F8ADE0BA17409DC76A3E1
:1043E400F722885DD603A97C28FD5782FF2A8055D1
:1043F40001D47EAB8451FB2E7AAF05D0AD78D207C1
:1044040053862CF96162636465666768696A6B6CDC
:104414006D6E6F707172737475767778797A3031E6
:1044240032333435363738395F232D2E00000000FF
:104434000000000000000000F10F00080000000070
:1044440000000000FD0F0008000000000000000054
:10445400D90F000800010204050301026D6C727398
:104464002E3000536574757053746172745374788C
:1044740034547800536574757053746172744D616B
:10448400726B65720021656E642100204D487A00CC
:104494006D4C525301020304006D4C525304030249
:1044A4000100656E61626C65642C616E74656E6E8C
:1044B40061312C616E74656E6E61322C723A656E78
:1044C4002E20743A616E74312C723A656E2E20740B
:1044D4003A616E7432007472616E73702E2C6D6169
:1044E400766C696E6B2C6D61766C6E6B582C6D738B
:1044F400705800322E342047487A2C393135204DFB
:10450400487A204643432C383638204D487A2C3498
:104514003333204D487A2C373020636D2048414D89
:104524002C383636204D487A20494E2C39313520E6
:104534004D487A202B20322E342047487A2C3836A6
:1045440038204D487A202B20322E342047487A00D8
:10455400656E61626C65642C616E74656E6E61314A
:104564002C616E74656E6E61322C72656E2074619E
:10457400312C72656E2074613200353020487A2CFB
:10458400333120487A2C313920487A2C464C524316
:104594002C46534B2C3139487A377800322E34204C
:1045A40047487A2C393135204643432C3836382055
:1045B4004D487A2C343333204D487A2C37302063DD
:1045C4006D2C38363620494E2C3931352B322E3469
:1045D4002C3836382B322E3400202F2D2D00202F4E
:1045E400653100202F653600202F65313100202FE2
:1045F400653133000D0A0020206D696E3A200020D9
:10460400206D61783A2000202000203D20002020E9
:104614005B612D7A302D39232D2E5F5D002D2028EE
:10462400756E617661696C61626C652900205B005E
:1046340028756E6368616E676561626C652900291F
:104644002C002C20002F003B20003B006668737375
:1046540031202800202063683A20002020665F7201
:1046640065673A20002020663A200066687373323A
:104674002028004D6174656B206D5232342D333027
:104684000021455252004F4B004143524F002146F6
:104694005321004848004154554E004C4E434800B5
:1046A4004D414E550054555254004352555A0043FF
:1046B40052534800414800414E474C00484F520075
:1046C400414E474800414C5448004155544F00471F
:1046D400554944004C4F49540052544C200043491E
:1046E4005243004C414E44004452494600535052F8
:1046F4005400464C49500050484C44004252414BEF
:1047040000544852570041564F4900474E47500005
:104714005352544C0046484C4400464F4C4C005AAB
:1047240049475A00535953490041524F540041528A
:10473400544C005452544C005452414E004642577B
:10474400410046425742004352555300544B4F4692
:1047540000494E495400515354420051484F5600A9
:10476400514C4F5400514C4E44005152544C005142
:1047740041544E005141434F0054484D4C004C327B
:10478400514C005354455200534D504C00444F4338
:104794004B0041484C440053555246004D44455447
:1047A400002A00424154545F434150414349545903
:1047B4000041542B50494E3D3F002D3E0067657427
:1047C4002070696E206661696C65640041542B50E9
:1047D400494E3D007365742070696E206661696C92
:1047E40065640041542B424155443D002C4E004F1A
:1047F4004B2B4E414D453D4D6174656B2D6D4C52B7
:10480400532D002D42540041542B4E414D453D3F04
:10481400004F4B2B4E414D453D0021212052782025
:10482400706172616D2076657273696F6E20736D4D
:10483400616C6C6572207468616E205478207061BC
:1048440072616D2076657273696F6E2E202121006E
:10485400212120506C6561736520757067726164F5
:10486400652072656365697665722E20202020209C
:104874002020202020202020202020202020202034
:104884002020202121002121205478207061726190
:104894006D2076657273696F6E20736D616C6C65E3
:1048A40072207468616E20527820706172616D208C
:1048B40076657273696F6E2E2021210021212050AC
:1048C4006C656173652075706772616465205478E6
:1048D400206D6F64756C652E202020202020202000
:1048E40020202020202020202020202020202021C3
:1048F4002100436F6E66696749643A00202054784A
:104904003A204D6174656B206D5232342D33302C56
:104914002076312E342E303200202052783A200076
:104924002D2028756E6578706563746564206572E2
:10493400726F722900202068656C702C20682C200E
:104944003F2020202020202D3E2074686973206899
:10495400656C70207061676500202076202020201F
:1049640020202020202020202020202D3E20707276
:10497400696E742064657669636520616E6420766F
:10498400657273696F6E002020706C2020202020D7
:104994002020202020202020202D3E206C697374AC
:1049A40020616C6C20706172616D65746572730056
:1049B4002020706C20632020202020202020202014
:1049C40020202D3E206C69737420636F6D6D6F6EB3
:1049D40020706172616D6574657273002020706C63
:1049E40020747820202020202020202020202D3EEC
:1049F400206C69737420547820706172616D6574E1
:104A0400657273002020706C207278202020202092
:104A14002020202020202D3E206C697374205278A1
:104A240020706172616D657465727300202070205E
:104A34006E616D65202020202020202020202D3E26
:104A44002067657420706172616D6574657220768B
:104A5400616C756500202070206E616D65203D20BD
:104A640076616C756520202D3E207365742070611D
:104A740072616D657465722076616C7565002020C5
:104A840070206E616D65203D203F20202020202075
:104A94002D3E2067657420706172616D6574657266
:104AA4002076616C756520616E64206C6973742076
:104AB4006F6620616C6C6F7765642076616C7565D8
:104AC400730020207073746F7265202020202020D2
:104AD400202020202D3E2073746F72652070617237
:104AE400616D6574657273002020736574636F6E05
:104AF400666967696420202020202D3E2073656C40
:104B040065637420636F6E666967206964002020A2
:104B140062696E6420202020202020202020202074
:104B24002D3E2073746172742062696E64696E67CD
:104B340000202072656C6F616420202020202020DA
:104B44002020202D3E2072656C6F616420616C6CA6
:104B540020706172616D6574657220736574746927
:104B64006E677300202073746174732020202020EA
:104B74002020202020202D3E207374617274732025
:104B840073747265616D696E67207374617469739F
:104B9400746963730020206C697374667265717341
:104BA400202020202020202D3E206C697374732047
:104BB4006672657175656E63696573207573656486
:104BC40020696E206668737320736368656D650081
:104BD400202073797374656D626F6F7420202020B8
:104BE40020202D3E2063616C6C2073797374656D95
:104BF40020626F6F746C6F6164657200202068635B
:104C040030342070742020202020202020202020D8
:104C1400202020202D3E20656E74657220736572FD
:104C240069616C20706173737468726F7567680072
:104C34002020686330342067657470696E202020FA
:104C440020202020202020202D3E20676574207005
:104C5400696E206F6620484330340020206863303A
:104C6400342073657470696E203D2076616C7565BF
:104C74002020202D3E207365742070696E206F669D
:104C84002048433034007761726E3A207265636560
:104C940069766572206E6F7420636F6E6E656374DF
:104CA4006564002020656D70747920636D64002054
:104CB40020696E76616C696420636D6400202073E2
:104CC400747265616D696E672073746174732073A7
:104CD400746F7070656400202074696D656F7574FD
:104CE4000068656C7000706C00706C206300706C00
:104CF40020747800706C207278006572723A2069B2
:104D04006E76616C696420706172616D6574657240
:104D1400206E616D65006572723A206E6F20766157
:104D24006C75652073706563696669656400657296
:104D3400723A20696E76616C69642076616C75657F
:104D4400007073746F726500202054782070617253
:104D5400616D65746572732073746F72656400208D
:104D640020706172616D65746572732073746F7203
:104D740065640062696E64002020547820656E7456
:104D8400657265642062696E64206D6F646500728B
:104D9400656C6F6164002020547820706172616DCD
:104DA40065746572732072656C6F6164656400205C
:104DB40020706172616D65746572732072656C6FC9
:104DC4006164656400736574636F6E6669676964C2
:104DD400006572723A20696E76616C696420636F53
:104DE4006E666967206964206E756D62657220283D
:104DF400302D39290020206E6F206368616E67654D
:104E04002072657175697265640020206368616E43
:104E1400676520436F6E666967496420746F20007C
:104E240020207374617274732073747265616D6988
:104E34006E6720737461747300202073656E642040
:104E4400616E792063686172616374657220746F46
:104E54002073746F70006C6973746672657173008B
:104E640073797374656D626F6F7400686330342096
:104E7400707400686330342067657470696E00680C
:104E84006330342073657470696E006572723A2001
:104E9400696E76616C69642070696E206E756D62EE
:104EA4006572002020686330342070696E3A2000F7
:104EB4005378206E6F74206F6B0072785F61766137
:104EC400696C61626C65206E6F7420747275650024
:104ED4000000000000000000791F0008691F00089E
:104EE400832A0008AD2A0008CB2A0008852600087A
:104EF40075160008FF2700080000000000000000ED
:104F040057160008852E0008552D0008952C00081A
:104F14006B2C00089D170008F92C0008B91700082D
:104F2400C52C0008DD170008000000000000000088
:104F340057160008591600085B1600085D1600088D
:104F44006116000863160008671600086B1600084F
:104F54006D16000871160008000000000000000033
:104F6400E91C0008591600085B160008DB1C000841
:104F7400B91C0008CD1C0008C91C0008C51C000889
:104F8400C11C0008711600080000000000000000A9
:104F9400571600088D31000855300008952F000879
:104FA4006B2F0008E1170008F92F0008FD1700080F
:104FB400C52F0008211800080000000000000000B0
:104FC40057160008591600085B1600085D160008FD
:104FD4006116000863160008671600086B160008BF
:104FE4006D160008711600080000000000000000A3
:104FF40069190008B55B00086D5C0008115C0008C5
:105004005053544F524500434F4E4649472049445C
:105014000042494E445F5048524153455F55333234
:105024000052465F42414E440052465F4F5254483C
:105034004F0054585F504F5745520054585F4449ED
:10504400564552534954590054585F43485F534F8F
:10505400555243450054585F43485F4F52444552AC
:105064000054585F494E5F4D4F44450054585F53B8
:1050740045525F504F52540054585F5345525F425B
:105084004155440054585F5345525F504F52543277
:105094000054585F5345525F4241554432005458BE
:1050A4005F534E445F524144494F5354415400545A
:1050B400585F4D41565F434F4D504F4E454E54003F
:1050C40054585F504F5745525F53575F43480054FD
:1050D400585F42555A5A45520052585F504F5745EF
:1050E400520052585F44495645525349545900524C
:1050F400585F43485F4F524445520052585F4F55E2
:10510400545F4D4F44450052585F4641494C53410A
:1051140046455F4D4F44450052585F5345525F50DA
:105124004F52540052585F5345525F424155440018
:1051340052585F5345525F4C4E4B5F4D4F444500B0
:1051440052585F4D41565F53595354454D5F49443E
:105154000052585F534E445F524144494F535441A7
:10516400540052585F534E445F52434348414E4E9D
:10517400454C0052585F4F55545F525353495F4357
:10518400480052585F4F55545F4C515F434800529A
:10519400585F504F5745525F53575F43480052582A
:1051A4005F46535F4348310052585F46535F43485C
:1051B400320052585F46535F4348330052585F46AB
:1051C400535F4348340052585F46535F43483500A9
:1051D40052585F46535F4348360052585F46535F08
:1051E4004348370052585F46535F4348380052588B
:1051F4005F46535F4348390052585F46535F434804
:1052040031300052585F46535F43483131005258A1
:105214005F46535F434831320052585F46535F4301
:105224004831330052585F46535F4348313400528B
:10523400585F46535F434831350052585F46535FC9
:105244004348313600414E474C4500484F52495A75
:105254004F4E004E415620414C54484F4C44004858
:10526400454144494E4720484F4C44004845414439
:1052740046524545004845414441444A0043414D56
:1052840053544142004E415620525448004E415618
:1052940020504F53484F4C44004D414E55414C0013
:1052A400424545504552004C454453204F46460024
:1052B4004C4947485453004F5344204F46460054EA
:1052C400454C454D45545259004155544F20545571
:1052D4004E4500424C41434B424F58004641494CD5
:1052E40053414645004E41562057500041495220F3
:1052F4004D4F444500484F4D4520524553455400B9
:10530400474353204E41560046505620414E474C89
:1053140045204D4958005355524641434500464C9B
:10532400415045524F4E005455524E20415353491B
:105334005354004E4156204C41554E43480053456A
:1053440052564F204155544F5452494D0043414DFC
:1053540045524120434F4E54524F4C20310043415B
:105364004D45524120434F4E54524F4C203200433E
:10537400414D45524120434F4E54524F4C2033002F
:105384004F534420414C542031004F534420414C4E
:10539400542032004F534420414C542033004E419A
:1053A4005620434F5552534520484F4C44004D43DB
:1053B400204252414B494E47005553455231005506
:1053C40053455232005553455233005553455234D8
:1053D400004C4F49544552204348414E4745004DE7
:1053E4005350205243204F56455252494445005091
:1053F400524541524D00545552544C45004E41566D
:1054040020435255495345004155544F204C45566D
:10541400454C205452494D00575020504C414E4E5B
:10542400455200534F4152494E47004D4953534949
:105434004F4E204348414E47450042454550455252
:10544400204D555445004D554C54492046554E4326
:1054540054494F4E004D495845522050524F4649E9
:105464004C452032004D49584552205452414E5328
:105474004954494F4E00414E474C4520484F4C44F7
:105484000047494D42414C204C4556454C20544917
:105494004C540047494D42414C204C4556454C2004
:1054A400524F4C4C0047494D42414C2043454E54C9
:1054B40045520047494D42414C20484541445452CD
:1054C40041434B45520042696E64205068726173D7
:1054D400650042494E445F504852415345003530BF
:1054E40020487A2C333120487A2C313920487A2CC0
:1054F400464C52432C46534B2C313920487A2037A2
:10550400780052462042616E6400322E342C3931C8
:1055140035204643432C3836382C3433332C37303B
:105524002C38363620494E2C3931352B322E342C3A
:105534003836382B322E34005246204F7274686F3E
:10554400006F66662C312F332C322F332C332F33DC
:1055540000547820506F776572005478204469763F
:1055640065727369747900656E61626C65642C613F
:105574006E74656E6E61312C616E74656E6E61322F
:105584002C723A656E20743A616E74312C723A65ED
:105594006E20743A616E743200547820436820534C
:1055A4006F75726365006E6F6E652C637273662C23
:1055B400696E2C6D62726964676500547820436873
:1055C400204F7264657200414554522C5441455237
:1055D4002C4554415200547820496E204D6F646527
:1055E40000736275732C7362757320696E76005450
:1055F400782053657220506F72740073657269610C
:105604006C2C776272696467652C73657269616C6E
:10561400322C636F6D2C6D62726964676500547817
:105624002053657220426175647261746500353778
:105634003630302C3131353230302C323330343056
:10564400300054782053657220506F727432006EAB
:105654006F6E652C73657269616C2C776272696414
:1056640067652C73657269616C32005478205365E8
:1056740072204261756472617465320054782053FB
:105684006E6420526164696F53746174006F66665E
:105694002C3120487A005478204D617620436F6D78
:1056A400706F6E656E74006F66662C656E61626CF9
:1056B400656400547820506F7765722053772043D7
:1056C40068006F66662C352C362C372C382C392C18
:1056D40031302C31312C31322C31332C31342C31CA
:1056E400352C31360054782042757A7A6572006F11
:1056F40066662C4C502C72784C5100527820506FB6
:10570400776572005278204469766572736974799A
:10571400005278204368204F7264657200527820EA
:105724004F7574204D6F646500736275732C6372DA
:1057340073662C7362757320696E76005278204606
:1057440061696C53616665204D6F6465006E6F20FE
:105754007369672C6C6F77207468722C627920638C
:105764006E662C6C6F772074687220636E742C6381
:10577400683163683420636E740052782053657214
:1057840020506F72740073657269616C2C63616E72
:105794002C63616E66640052782053657220426106
:1057A40075647261746500527820536572204C6987
:1057B4006E6B204D6F6465007472616E73702E2C75
:1057C4006D61766C696E6B2C6D61766C696E6B586D
:1057D4002C6D737058005278204D61762053797384
:1057E40074656D2049440035312C35322C35332C09
:1057F40035342C353500527820536E642052616460
:10580400696F53746174006F66662C617264755FAE
:10581400312C6D6574685F6200527820536E642089
:1058240052634368616E6E656C006F66662C7263CA
:10583400206F766572726964652C72632063686197
:105844006E6E656C73005278204F757420527373BA
:1058540069204368005278204F7574204C512043CE
:105864006800527820506F77657220537720436820
:105874000052782046532043683100527820465322
:105884002043683200527820465320436833005244
:1058940078204653204368340052782046532043EE
:1058A40068350052782046532043683600527820E9
:1058B40046532043683700527820465320436838C3
:1058C40000527820465320436839005278204653CA
:1058D40020436831300052782046532043683131E8
:1058E40000527820465320436831320052782046D3
:1058F400532043683133002D31323020252C3020A1
:10590400252C31323020250052782046532043681C
:1059140031340052782046532043683135005278A0
:105924002046532043683136001600181800181812
:105934001812180700000003000000020101010210
:105944000202020203030401010102020202020232
:105954000202020202020201020202020201000029
:1059640074740108502E00000000000000000000C4
:105974000000000000000000000000000000000023
:105984000000000000000000000000000000000013
:1059940011003200140064001800FA001B00F40126
:1059A4001E00E8038E050020FF000000CA54010811
:1059B400D6540108A54401080000000000000000BE
:1059C40000000000A5440108000000009605002026
:1059D400FE0000004C570108F4520108A5440108D8
:1059E400000000000000000000000000E254010874
:1059F4003A06002095050020FE0000000655010827
:105A040025500108A5440108000000000000000022
:105A1400000000000E5501083806002097050020FC
:105A2400FE0000003C5501082D500108A544010862
:105A340000000000000000000000000045550108BF
:105A44003C060020C6040020FE0000005555010855
:105A540036500108A54401080000000000000000C1
:105A6400000000003E06002000000000C7040020E3
:105A7400FE0000005E5501083F500108A5440108DE
:105A84000000000000000000000000006B55010849
:105A940082060020C8040020FE0000009D55010875
:105AA4004C500108A544010800000000000000005B
:105AB40000000000AA55010884060020C904002043
:105AC400FE000000BF55010859500108A544010813
:105AD400000000000000000000000000CB55010899
:105AE40000000000CA040020FE000000DA5501088E
:105AF40065500108A54401080000000000000000F2
:105B040000000000E555010886060020CB040020B3
:105B1400FE000000F355010870500108A544010877
:105B2400000000000000000000000000FF55010814
:105B340088060020CC040020FE0000002256010844
:105B44007C500108A544010800000000000000008A
:105B5400000000003256010800000000CD040020BF
:105B6400FE0000004656010888500108A5440108BB
:105B7400000000000000000000000000535601086F
:105B84008A060020D0040020FE0000006F560108A1
:105B940095500108A5440108000000000000000021
:105BA40000000000325601088C060020CE040020BC
:105BB400FE00000080560108A2500108A544010817
:105BC40000000000000000000000000091560108E1
:105BD40000000000D1040020FE0000009A560108D5
:105BE400B3500108A54401080000000000000000B3
:105BF40000000000AB56010800000000D2040020A1
:105C0400FE000000B7560108C4500108A54401086D
:105C1400000000000000000000000000C65601085B
:105C240000000000CF040020FE000000E956010837
:105C3400D3500108A5440108000000000000000042
:105C440000000000F35601088E060020A204002084
:105C5400FE000000FF560108DD500108A5440108BC
:105C64000000000000000000000000009206002078
:105C740000000000A3040020FE00000008570108F3
:105C8400E6500108A54401080000000000000000DF
:105C9400000000006B550108D6060020A404002073
:105CA400FE00000015570108F3500108A54401083F
:105CB400000000000000000000000000CB550108B7
:105CC40000000000A5040020FE0000002157010888
:105CD400FF500108A5440108000000000000000076
:105CE400000000002D570108D8060020A70400205A
:105CF400FE000000405701080B510108A5440108AB
:105D040000000000000000000000000051570108DE
:105D140000000000B0040020FE0000007E570108CF
:105D24001C510108A5440108000000000000000007
:105D3400000000008A570108DA060020A8040020A9
:105D4400FE0000009B57010828510108A5440108E2
:105D540000000000000000000000000032560108AE
:105D640000000000A9040020FE000000AB57010859
:105D740034510108A544010800000000000000009F
:105D840000000000BC57010800000000B10400201E
:105D9400FE000000DA57010844510108A544010837
:105DA400000000000000000000000000EB570108A4
:105DB40000000000AA040020FE000000FA570108B9
:105DC40055510108A544010800000000000000002E
:105DD400000000000B58010800000000AC04002083
:105DE400FE0000001D58010866510108A544010881
:105DF4000000000000000000000000002E58010810
:105E040000000000A6040020FE0000004A5801081B
:105E140077510108A54401080000000000000000BB
:105E240000000000C656010800000000AE04002077
:105E3400FE0000005958010886510108A5440108D4
:105E4400000000000000000000000000C656010829
:105E540000000000AF040020FE00000066580108A6
:105E640093510108A544010800000000000000004F
:105E740000000000C656010800000000B60400201F
:105E84000200000075580108A25101080A590108CE
:105E9400000000008800000078000000A54401080C
:105EA40000000000B7040020020000007F58010831
:105EB400AC5101080A5901080000000088000000E4
:105EC40078000000A544010800000000B804002088
:105ED4000200000089580108B65101080A59010856
:105EE400000000008800000078000000A5440108BC
:105EF40000000000B90400200200000093580108CB
:105F0400C05101080A59010800000000880000007F
:105F140078000000A544010800000000BA04002035
:105F2400020000009D580108CA5101080A590108DD
:105F3400000000008800000078000000A54401086B
:105F440000000000BB04002002000000A758010864
:105F5400D45101080A59010800000000880000001B
:105F640078000000A544010800000000BC040020E3
:105F740002000000B1580108DE5101080A59010865
:105F8400000000008800000078000000A54401081B
:105F940000000000BD04002002000000BB580108FE
:105FA400E85101080A5901080000000088000000B7
:105FB40078000000A544010800000000BE04002091
:105FC40002000000C5580108F25101080A590108ED
:105FD400000000008800000078000000A5440108CB
:105FE40000000000BF04002002000000CF58010898
:105FF400FC5101080A590108000000008800000053
:1060040078000000A544010800000000C00400203E
:1060140002000000DA580108075201080A59010871
:10602400000000008800000078000000A54401087A
:1060340000000000C104002002000000E55801082F
:10604400125201080A5901080000000088000000EB
:1060540078000000A544010800000000C2040020EC
:10606400FE000000F05801081D520108A544010873
:10607400000000000000000000000000FB580108C0
:1060840000000000C3040020FE0000000C590108B9
:1060940028520108A5440108000000000000000087
:1060A40000000000FB58010800000000C4040020A8
:1060B400FE0000001759010833520108A5440108E5
:1060C400000000000000000000000000FB58010870
:1060D40000000000C5040020FE0000002259010851
:1060E4003E520108A5440108000000000000000021
:1060F40000000000FB5801080000000061626364B6
:1061040065666768696A6B6C6D6E6F7071727374C3
:1061140075767778797A30313233343536373839A1
:106124005F232D2E0000000000070E091C1B121512
:10613400383F363124232A2D70777E796C6B626563
:10614400484F464154535A5DE0E7EEE9FCFBF2F553
:10615400D8DFD6D1C4C3CACD90979E998C8B828543
:10616400A8AFA6A1B4B3BABDC7C0C9CEDBDCD5D233
:10617400FFF8F1F6E3E4EDEAB7B0B9BEABACA5A223
:106184008F88818693949D9A2720292E3B3C353213
:106194001F18111603040D0A5750595E4B4C454203
:1061A4006F68616673747D7A898E878095929B9CF3
:1061B400B1B6BFB8ADAAA3A4F9FEF7F0E5E2EBECE3
:1061C400C1C6CFC8DDDAD3D4696E676075727B7CD3
:1061D40051565F584D4A4344191E171005020B0CC3
:1061E40021262F283D3A33344E49404752555C5BB3
:1061F4007671787F6A6D64633E39303722252C2BA3
:106204000601080F1A1D1413AEA9A0A7B2B5BCBB92
:106214009691989F8A8D8483DED9D0D7C2C5CCCB82
:10622400E6E1E8EFFAFDF4F30000000032090000B3
:1062340000000000010000007C2B000000000000B2
:1062440002000000890C00000000000004000000AF
:10625400ED0E030C0D00000005000000D91C010028
:1062640000000000060000006803000000000000B9
:106274000700000077200000000000000800000074
:1062840075240000000000000B0000005906010402
:106294000000000014000000D614030203000000F4
:1062A400150000009F02030001000000160000001A
:1062B400DC1900000000000017000000A817030408
:1062C4000500000018000000183400000000000061
:1062D4001900000017650000000000001A0000000B
:1062E400AA180000000000001B000000901D000020
:1062F400000000001C00000043100000000000002B
:106304001D00000073100000000000001E000000CB
:10631400271C0000000000001F000000F6300000F1
:106324000000000020000000B91C00000000000074
:1063340021000000681C0000000000002200000092
:10634400ED1600000000000023000000F416000019
:106354000000000024000000DE2500000000000012
:1063640025000000D40703040500000026000000F7
:10637400090703040500000027000000FE2603208F
:106384002100000028000000E605030203000000CD
:10639400290000001C040302030000002A0000007E
:1063A4001C120000000000002B0000008403030006
:1063B400010000002C000000DD09030203000000BE
:1063C4002D000000E8030300010000002E0000007F
:1063D4000B020000000000002F00000099080300D9
:1063E40001000000300000002915010C000000002D
:1063F40031000000271400000000000032000000FB
:106404004E2503121300000033000000C4050302EC
:106414000300000035000000030500000000000038
:10642400360000000F1B031819000000370000009D
:1064340003190000000000003D000000A748000010
:10644400000000003E000000B71A00000000000039
:106454003F00000077B5000000000000400000008D
:10646400BFE100000000000041000000762A0000A7
:106474000000000042000000940603020300000034
:106484004300000015040000000000004500000067
:10649400F31E010A00000000460000007C260310E1
:1064A40011000000490000002626032021000000FE
:1064B4004A00000014140000000000004B0000001B
:1064C4009E23031E1F0000004C0000009821031EA1
:1064D4001F0000004D0000008F0A0308090000009F
:1064E400500000000E0403020300000051000000ED
:1064F4006A1600000000000052000000313303243B
:1065040025000000530000001625000000000000D4
:10651400540000008F3503323300000055000000A2
:106524008C330000000000005600000005350332E3
:106534003300000057000000963300000000000004
:1065440059000000E71C0000000000005A00000091
:10655400B7380000000000005B0000003F2A000084
:10656400000000005C000000362100000000000074
:106574005D0000002F5100000000000064000000D6
:10658400AF220000000000006500000066750000F6
:1065940000000000660000009E750000000000007E
:1065A40067000000D039000000000000680000000F
:1065B4003874000000000000690000005D3F000026
:1065C400000000006A0000008A2C000000000000A7
:1065D4006B0000006C410000000000006C00000033
:1065E400205C0000000000006D000000B9090000FC
:1065F400000000006E00000054FE030102000000D1
:106604006F0000002212031011000000700000004F
:10661400AE0C000000000000710000007C270000A8
:106624000000000072000000ED2C000000000000DB
:10663400730000000440000000000000740000002B
:106644004C180000000000007500000080060304E0
:106654000500000076000000380E00000000000075
:1066640077000000740C030A0B000000780000009F
:10667400866100000000000079000000ED020300C4
:10668400010000007A000000CB02030001000000BA
:106694007B000000FA710300010000007C00000090
:1066A40057390000000000007D000000CB06000008
:1066B400000000007E000000DC51034F5000000089
:1066C4007F0000001923000000000000800000008B
:1066D400E223000000000000810000002E180000EA
:1066E40000000000820000001D0D000000000000FA
:1066F40083000000DFFF00000000000084000000B1
:10670400552700000000000085000000061200006C
:106714000000000086000000E52B000000000000DF
:1067240087000000CB080000000000008800000083
:10673400011600000000000089000000C3100000E2
:10674400000000008A0000006D78000000000000D6
:106754008B000000A82B03292A0000008C000000F5
:10676400B5290000000000008D0000002F2000006B
:10677400000000008E00000048F30000000000004C
:106784008F00000083100000000000009000000053
:106794007F5D0000000000009200000067640000BC
:1067A40000000000930000009A3600000000000082
:1067B40094000000B24E00000000000095000000AC
:1067C400C83C00000000000096000000862A00007B
:1067D4000000000097000000DB080306070000002B
:1067E40098000000D008000000000000990000009C
:1067F400BC0C0000000000009A000000540F0306C7
:10680400070000009B000000160D030405000000B3
:106814009C00000013060300010000009D0000001E
:10682400150F030C0D0000009E000000860F030CE2
:106834000D000000A00000004E0C03080900000039
:10684400A10000004403030001000000A2000000B6
:10685400BD09000000000000A30000007F1C000030
:1068640000000000A40000009A2C000000000000BA
:10687400A50000001503000000000000A6000000B1
:106884001509000000000000A70000009016000099
:1068940000000000A8000000010C0000000000003F
:1068A400A9000000EA12000000000000AA00000095
:1068B4004922000000000000AB000000B5420000C7
:1068C40000000000AC0000001662000000000000A0
:1068D400AD0000005308000000000000AE000000FE
:1068E400A730000000000000AF0000008A13030E70
:1068F4000F000000B0000000EA03030001000000E4
:10690400B1000000F014000000000000B20000001C
:106914002F18000000000000B3000000BD1D011A84
:1069240000000000B4000000342F012A0000000021
:10693400B5000000AE04000000000000B600000036
:10694400E528000000000000B70000005502030025
:1069540001000000B80000009FCE03040500000001
:10696400B9000000BA07030405000000BA000000E3
:10697400481D030001000000BF0000005C1B000074
:1069840000000000C00000002436000000000000E9
:10699400C1000000471A000000000000C20000000F
:1069A4006221000000000000C30000007825000000
:1069B40000000000C8000000862A03282900000007
:1069C400C9000000CD0E030C0D000000D60000002D
:1069D4004508030607000000D70000006503000017
:1069E40000000000D8000000320303000100000092
:1069F400D9000000CA06000000000000DA00000010
:106A04001107030001000000DB000000A2020000E7
:106A140000000000DC000000222000000000000054
:106A2400DD000000472A000000000000DE00000036
:106A34000F03000000000000DF000000772F032A8E
:106A44002B000000E0000000662D032A2B0000004C
:106A5400E1000000D049000000000000E200000056
:106A6400CF08000000000000E6000000A32A000098
:106A740000000000E700000069280000000000009A
:106A8400E80000009741000000000000E900000059
:106A940023B6000000000000EA0000009628000071
:106AA40000000000EB000000B32A0000000000001A
:106AB400F10000005A20000000000000F200000075
:106AC400683C000000000000F3000000553D013464
:106AD40000000000F40000005F0600000000000059
:106AE400F50000008202000000000000F600000033
:106AF400B826000000000000F70000005113000059
:106B040000000000F800000008FE03030400000079
:106B1400F9000000CC24000000000000FA0000008E
:106B2400311E000000000000FB000000AA1200005B
:106B340000000000FC0000002C1200000000000017
:106B4400FD0000005336000000000000FE000000BD
:106B54002E0900000000000000010000472A03087D
:106B6400090000000101000083090000000000008A
:106B740002010000BBE80300010000000301000063
:106B84005CED00000000000004010000920E000013
:106B94000000000005010000B33D000000000000FB
:106BA400060100000C1700000000000007010000AF
:106BB40085FF0000000000000801000031200000F3
:106BC40000000000090100001A1400000000000089
:106BD4000A010000C1FF0302030000000B010000D2
:106BE40023FF0302030000000C0100000E04030253
:106BF400030000000D0100006DD70000000000003C
:106C04000E0100003B140000000000000F01000012
:106C14001635000000000000130100007E20000073
:106C24000000000014010000123200000000000007
:106C3400150100003E1E00000000000018010000C5
:106C4400462100000000000019010000300D000082
:106C5400000000001A0100007B2303202100000033
:106C64001B0100004A910000000000001C0100000C
:106C74006320031E1F0000001D010000893103264C
:106C8400270000001E010000D23903323300000047
:106C94001F0100000117031415000000200100006B
:106CA400141703141500000022010000FB2E00003D
:106CB40000000000230100000A3900000000000069
:106CC40024010000E3DF031819000000270100007D
:106CD400EA0C00000000000028010000322300003C
:106CE400000000002B0100001362000000000000FF
:106CF4002C010000D9160000000000002D01000046
:106D0400F33A000000000000360100001C110000EE
:106D140000000000370100005F7400000000000064
:106D240040010000F31403020300000041010000CD
:106D3400580203000100000042010000F395000026
:106D440000000000430100004E9303000100000016
:106D54004401000084920000000000004A01000089
:106D640017A70000000000004B0100005BE90000D1
:106D7400000000004C010000ECEF000000000000E7
:106D84004D010000E76D0000000000004E0100000E
:106D9400480A0000000000004F010000E118000054
:106DA4000000000050010000F55400000000000045
:106DB40053010000C705000000000000540100005A
:106DC400634600000000000059010000D1150302D1
:106DD400030000005E010000E8FC00000000000069
:106DE40062010000D20E030C0D00000063010000DC
:106DF400060C000000000000680100000B190000F0
:106E040000000000690100005D2100000000000096
:106E140071010000971800000000000072010000DA
:106E24004B6D000000000000730100000A1A00000E
:106E340000000000740100001A8C00000000000033
:106E440075010000752A00000000000077010000B1
:106E5400FB8C00000000000078010000C70800005F
:106E6400000000007C010000E814000000000000A5
:106E740081010000938503020300000082010000E9
:106E84008410030405000000830100000448030487
:106E940005000000840100000825032021000000F3
:106EA400860100009CF00000000000008B0100003F
:106EB40000D40000000000008C01000032A000009B
:106EC400000000008D010000B66C0000000000000E
:106ED400900100006EFE0304050000009101000013
:106EE400B7060304050000009A010000A035000065
:106EF400000000009B0100006A0300000000000085
:106F04009C01000021060304050000009D0100000F
:106F14004D070304050000009E0100006D100000F1
:106F2400000000009F010000A1100000000000000C
:106F3400A40100001449030607000000B301000087
:106F4400862E000000000000B4010000C10900000A
:106F540000000000B50100001E0100000000000058
:106F6400B80100004223000000000000B901000045
:106F7400A911000000000000FE010000F56A0000F5
:106F840000000000FF0100001C470000000000009A
:106F940000020000B802000000000000421F0000D0
:106FA400DA10000000000000431F0000E729000081
:106FB40000000000441F0000AC620000000000005C
:106FC400451F0000FB26000000000000461F0000D3
:106FD400610E000000000000471F00004020000078
:106FE40000000000481F0000EA210000000000002B
:106FF400491F000090100000000000004A1F00001C
:107004009B290000000000004B1F000014660000D4
:10701400000000004C1F00003610000000000000BB
:107024004D1F0000DE2E0000000000004E1F000077
:10703400C80E0000000000004F1F000017180000D9
:1070440000000000501F0000951200000000000026
:107054002823000071890000000000002D23000097
:10706400752200000000000011270000D114000068
:107074000000000012270000BA29000000000000F0
:107084001327000004010000000000001427000082
:1070940085090000000000001527000067090000B2
:1070A4000000000016270000C104000000000000DA
:1070B40017270000471100000000000018270000F7
:1070C400F00E000000000000A7270000C3550000D8
:1070D40000000000F82A00008634030405000000C4
:1070E400F92A00000F88000000000000FA2A0000BE
:1070F400EAB4030405000000FB2A00004005000078
:1071040000000000FC2A00000BE80308090000004E
:10711400FD2A00005DE6000000000000022B0000D4
:107124002E31000000000000032B00006A2C000038
:10713400000000000C2B0000CD1000000000000037
:10714400162B0000902C000000000000172B0000FC
:10715400852C000000000000182B0000552C0000B6
:1071640000000000192B0000C325031011000000CB
:107174001A2B00004F050000000000001B2B00002C
:1071840080080304050000001C2B0000B12200004D
:10719400000000001D2B0000821C00000000000005
:1071A4001E2B00002F260000000000001F2B0000F3
:1071B4008E09000000000000202B0000842C000039
:1071C40000000000212B0000D02C00000000000073
:1071D400222B0000C92C000000000000232B00001B
:1071E400C12C000000000000242B0000BD2C000076
:1071F40000000000342B0000A24E0000000000003C
:1072040064320000722C03000100000065320000AB
:10721400FE3B031E1F000000663200008C35030491
:107224000500000067320000F92E03000100000091
:10723400683200004D36031C1D0000006932000056
:10724400312B030001000000733200005EF90300DB
:1072540001000000763200008B33000000000000C3
:10726400773200000712031011000000783200008A
:1072740014050000000000006842000067B300002D
:1072840000000000FE4200001A210000000000007F
:10729400FF4200004810000000000000014300000D
:1072A4001311000000000000024300005911000007
:1072B40000000000034300001B0A0000000000005F
:1072C400044300000E5B00000000000005430000C2
:1072D400BB54000000000000064300006A180000D0
:1072E4000000000010A40000E30100000000000002
:1072F40011A40000EF2E00000000000051C30000A4
:10730400F62000000000000052C30000B5F60000A3
:107314000000000053C300003E1300000000000002
:1073240054C30000F00A03080900000055C300001C
:10733400980603040500000020CB00000D64000043
:107344000000000021CB0000EF010000000000005D
:1073540015CD0000F01100000000000016CD000063
:10736400584E00000000000017CD000060550000DA
:107374000000000018CD0000B11C00000000000057
:1073840019CD0000D73200000000000078CD0000C5
:10739400B52603202100000079CD000066240000FA
:1073A4000000000060EA0000041603141500000049
:1073B4006AEA0000D0210000000000006BEA00002F
:1073C400B7070000000000006CEA000063240320FB
:1073D400210000006DEA000081180314150000006C
:1073E4006EEA0000860803040500000074EA000049
:1073F400CA0400000000000088EA00009CF50000B8
:107404000000000089EA0000BFFF00000000000047
:107414008DEA00000E170302030000008EEA00004C
:10742400AB1C0308090000008FEA000037070000C6
:107434000000000091EA0000610C00000000000060
:1074440092EA0000DC0E00000000000093EA000055
:10745400F51800000000000094EA0000652C00000C
:107464000000000095EA00002D0600000000000066
:107474003BB1B800ECC4B8009DD8B8004EECB800DD
:107484000000B900B113B9006227B900133BB90079
:10749400C44EB9007662B9002776B900D889B9001C
:1074A400899DB9003BB1B900ECC4B9009DD8B900BD
:1074B4004EECB9000000BA00B113BA006227BA005A
:1074C400133BBA00C44EBA007662BA002776BA00FB
:1074D400D889BA00899DBA003BB1BA00ECC4BA009D
:1074E4009DD8BA004EECBA000000BB00B113BB003B
:1074F4006227BB00133BBB00C44EBB007662BB00DB
:107504002776BB00D889BB00899DBB003BB1BB007B
:10751400ECC4BB009DD8BB004EECBB000000BC001B
:10752400B113BC006227BC00133BBC00C44EBC00BA
:107534007662BC002776BC00D889BC00899DBC005B
:107544003BB1BC00ECC4BC009DD8BC004EECBC00FC
:107554000000BD00B113BD006227BD00133BBD0098
:10756400C44EBD007662BD002776BD00D889BD003B
:10757400899DBD003BB1BD00ECC4BD009DD8BD00DC
:107584004EECBD000000BE00B113BE006227BE0079
:10759400133BBE00C44EBE007662BE002776BE001A
:1075A400D889BE00899DBE003BB1BE00ECC4BE00BC
:1075B4000000891112239B322446AD573665BF74EF
:1075C400488CC19D5AAFD3BE6CCAE5DB7EE9F7F89F
:1075D4008110080193331A22A5562C47B7753E64CF
:1075E400C99C408DDBBF52AEEDDA64CBFFF976E87F
:1075F40002218B30100299132667AF763444BD55AF
:107604004AADC3BC588ED19F6EEBE7FA7CC8F5D95E
:1076140083310A2091121803A7772E66B5543C458E
:10762400CBBD42ACD99E508FEFFB66EAFDD874C93E
:1076340004428D5316619F702004A9153227BB366E
:107644004CCEC5DF5EEDD7FC6888E1997AABF3BA1E
:1076540085520C4397711E60A1142805B3373A264E
:10766400CDDE44CFDFFD56ECE9986089FBBB72AAFE
:1076740006638F7214409D512225AB343006B9172E
:107684004EEFC7FE5CCCD5DD6AA9E3B8788AF19BDE
:1076940087730E6295501C41A3352A24B11638070E
:1076A400CFFF46EEDDDC54CDEBB962A8F99A708BBE
:1076B400088481951AA793B62CC2A5D33EE1B7F0EE
:1076C4004008C919522BDB3A644EED5F766DFF7C9E
:1076D400899400859BB712A6ADD224C3BFF136E0CE
:1076E400C1184809D33B5A2AE55E6C4FF77D7E6C7E
:1076F4000AA583B4188691972EE3A7F23CC0B5D1AE
:107704004229CB38500AD91B666FEF7E744CFD5D5D
:107714008BB502A499961087AFF326E2BDD034C18D
:10772400C3394A28D11A580BE77F6E6EF55C7C4D3D
:107734000CC685D71EE597F42880A1913AA3B3B26D
:10774400444ACD5B5669DF78600CE91D722FFB3E1D
:107754008DD604C79FF516E4A9902081BBB332A24D
:10776400C55A4C4BD7795E68E11C680DF33F7A2EFD
:107774000EE787F61CC495D52AA1A3B03882B1932D
:10778400466BCF7A5448DD59622DEB3C700EF91FDD
:107794008FF706E69DD414C5ABB122A0B99230830D
:1077A400C77B4E6AD5585C49E33D6A2CF11E780FBD
:1077B400860010700410005B000000004F090000F8
:1077C40098FF00005018050C805B0040D41E000098
:1077D40097FF00006018050C805B00406A340000CD
:1077E40094FF00007018050C805B0040E75B00000C
:1077F40090FF000000000000000000005716000881
:10780400591600085B1600085D16000815C000082C
:10781400B5C10008FDC1000839B000086D160008A4
:107824007116000800000000000000007DBF000881
:107834009D190008DD400008000000000000000061
:1078440069180008015E0008000000000000000044
:107854004D600008CF610008D3C300089F190008D9
:10786400C319000851180008ECFFFFFF00000000D6
:1078740057160008591600085B1600085D16000824
:10788400DDC30008BD190008E91900085D180008E7
:107894006D160008711600080000000000000000CA
:1078A40001020304060708090000000001020304A2
:1078B400010002000400060008000A000C00100089
:1078C40020004000800000010100000002000000D0
:1078D4000400000006000000080000000A00000088
:1078E4000C00000010000000200000004000000018
:1078F40080000000000100000003010353544D699F
:1079040063726F656C656374726F6E696373005341
:10791400544D3332205669727475616C20436F6D17
:10792400506F72740043444320436F6E666967006E
:1079340043444320496E74657266616365000000C8
:10794400DB0F49BFE4CB1640E4CB16C00000008037
:10795400DB0F4940DB0F49C0000FC93F000F49400E
:1079640000CB9640000FC9400053FB4000CB1641AA
:1079740000ED2F41000F49410031624100537B412A
:10798400003A8A4100CB9641005CA34100EDAF412F
:10799400007EBC41000FC94100A0D5410031E24145
:1079A40000C2EE410053FB4100F20342003A0A4296
:1079B4000083104200CB164200141D42005C234297
:1079C40000A5294200ED2F4200363642007E3C429B
:1079D40000C74242000F4942A2000000F900000023
:1079E400830000006E0000004E0000004400000010
:1079F4001500000029000000FC0000002700000022
:107A040057000000D1000000F50000003400000021
:107A1400DD000000C0000000DB0000006200000088
:107A240095000000990000003C00000043000000A5
:107A34009000000041000000FE0000005100000022
:107A440063000000AB000000DE000000BB0000008B
:107A5400C500000061000000B70000002400000021
:107A64006E0000003A000000420000004D000000DB
:107A7400D2000000E0000000060000004900000001
:107A84002E000000EA00000009000000D100000000
:107A9400920000001C000000FE0000001D00000019
:107AA400EB0000001C000000B100000029000000F1
:107AB400A70000003E000000E80000008200000073
:107AC40035000000F50000002E000000BB0000009F
:107AD4004400000084000000E90000009C00000055
:107AE4007000000026000000B40000005F000000E9
:107AF4007E000000410000003900000091000000F9
:107B0400D60000003900000083000000530000008C
:107B140039000000F40000009C0000008400000014
:107B24005F0000008B000000BD000000F9000000B1
:107B3400280000003B0000001F000000F8000000C7
:107B440097000000FF000000DE00000005000000B8
:107B5400980000000F000000EF0000002F0000005C
:107B6400110000008B0000005A0000000A00000011
:107B74006D0000001F0000006D00000036000000D2
:107B84007E000000CF00000027000000CB000000B2
:107B940009000000B70000004F000000460000008C
:107BA4003F000000660000009E0000005F0000002F
:107BB400EA0000002D00000075000000270000000E
:107BC400BA000000C7000000EB000000E500000060
:107BD400F10000007B0000003D00000007000000F1
:107BE40039000000F70000008A0000005200000085
:107BF40092000000EA0000006B000000FB0000009F
:107C04005F000000B10000001F0000008D000000B4
:107C14005D000000080000005600000003000000A2
:107C24003000000046000000FC0000007B00000063
:107C34006B000000AB000000F0000000CF0000006B
:107C4400BC000000200000009A000000F4000000C6
:107C5400360000001D000000A9000000E300000041
:107C640091000000610000005E000000E6000000DA
:107C74001B000000080000006500000099000000DF
:107C8400850000005F00000014000000A000000058
:107C940068000000400000008D000000FF000000AC
:107CA400D8000000800000004D00000073000000B8
:107CB400270000003100000006000000060000005C
:107CC4001500000056000000CA0000007300000008
:107CD400A8000000C900000060000000E2000000ED
:107CE4007B000000C00000008C0000006B0000005E
:107CF4003863ED3EDA0F493F5E987B3FDA0FC93FA8
:107D04006937AC3168212233B40F14336821A233AC
:107D14000000C93F0000F0390000DA370000A23348
:107D24000000842E0000502B0000C2270000D02247
:107D34000000C41F0000C61B00004417040000001C
:107D4400070000000900000000202020202020203F
:107D540020202828282828202020202020202020F7
:107D64002020202020202020208810101010101007
:107D74001010101010101010100404040404040453
:107D840004040410101010101010414141414141ED
:107D940001010101010101010101010101010101CF
:107DA40001010101101010101010424242424242DF
:107DB400020202020202020202020202020202029F
:107DC4000202020210101010200000000000000047
:107DD400000000000000000000000000000000009F
:107DE400000000000000000000000000000000008F
:107DF400000000000000000000000000000000007F
:107E0400000000000000000000000000000000006E
:107E1400000000000000000000000000000000005E
:107E2400000000000000000000000000000000004E
:107E3400000000000000000000000000000000003E
:107E44000000000000000000005245454E54206D23
:107E5400616C6C6F6320737563636565646564004E
:107E64002F6275696C642F676E752D746F6F6C73F8
:107E74002D666F722D73746D33325F31312E332E54
:107E840072656C312E32303233303931322D313625
:107E940030302F7372632F6E65776C69622F6E6555
:107EA400776C69622F6C6962632F74696D652F67E3
:107EB4006D74696D652E63002C2066756E6374693C
:107EC4006F6E3A2000617373657274696F6E20225D
:107ED400257322206661696C65643A2066696C6565
:107EE40020222573222C206C696E6520256425735D
:107EF40025730A00232D302B2000686C4C00656626
:107F040067454647003031323334353637383941E6
:107F140042434445460030313233343536373839FC
:087F2400616263646566000000
:087F2C009484FE7F01000000B7
:087F34000502000869D20008F3
:047F3C00E101000857
:107F4000C44F010844310020010000000450010822
:107F50009B040020010000000B500108780700205E
:107F600005000000155001089605002001000000E2
:107F7000F452010895050020010000002550010879
:107F800097050020010000002D500108C6040020C4
:107F90000100000036500108C70400200100000065
:107FA0003F500108C8040020010000004C500108A7
:107FB000C90400200100000059500108CA04002033
:107FC0000100000065500108CB0400200100000002
:107FD00070500108CC040020010000007C50010812
:107FE000CD0400200100000088500108D0040020CA
:107FF0000100000095500108CE040020010000009F
:10800000A2500108D104002001000000B350010873
:10801000D204002001000000C4500108CF04002059
:1080200001000000D3500108A2040020010000005C
:10803000DD500108A304002001000000E650010803
:10804000A404002001000000F3500108A504002052
:1080500001000000FF500108A704002001000000FB
:108060000B510108B0040020010000001C51010860
:10807000A80400200100000028510108A9040020E4
:108080000100000034510108B1040020010000008B
:1080900044510108AA0400200100000055510108C4
:1080A000AC0400200100000066510108A604002075
:1080B0000100000077510108AE040020010000001B
:1080C00086510108AF04002001000000935101080F
:1080D000B604002002000000A2510108B7040020ED
:1080E00002000000AC510108B804002002000000AA
:1080F000B6510108B904002002000000C051010877
:10810000BA04002002000000CA510108BB0400208C
:1081100002000000D4510108BC040020020000004D
:10812000DE510108BD04002002000000E8510108F2
:10813000BE04002002000000F2510108BF0400202C
:1081400002000000FC510108C004002002000000F1
:1081500007520108C1040020020000001252010869
:10816000C2040020010000001D520108C3040020C9
:108170000100000028520108C40400200100000092
:1081800033520108C5040020010000003E520108DE
:10819000FF00000025180008C1210008044F010855
:1081A000344F0108944F0108644F01080024F40083
:1081B00001000000100000000000000000000000AE
:1081C00000000000000000000100000000000000AE
:1081D00000000000000000009306010839060108B5
:1081E000310501080000000007040108CD04010862
:1081F00099040108000000000000000000000000D9
:108200009104010849040108950401083D0401088E
:1082100009024300020100C0320904000001020209
:1082200001000524001001052401000104240202BC
:108230000524060001070582030800100904010057
:10824000020A000000070501024000000705810244
:10825000400000000A06000200000040010000008B
:1082600031120108CF0F0108D50F010805110108CF
:10827000D91201086515010871150108E5150108F5
:1082800001160108A91501081D1601083916010873
:108290001201000202020040830440570002010262
:1082A00003010000040309041A0300000000000099
:1082B00000000000000000000000000000000000BE
:1082C0000000000000000000030000006C640020BB
:1082D000000000006C640020D46400203C65002095
:1082E000000000000000000000000000000000008E
:1082F000000000000000000000000000000000007E
:10830000000000000000000000000000000000006D
:1083100000000000000000000000000090030020AA
:040000050800D5CD4D
:00000001FF
