:020000040800F2
:1000000000500020EDD3000825D3000827D30008B6
:1000100029D300082BD300082DD3000800000000CE
:100020000000000000000000000000002FD30008C6
:1000300031D300080000000033D3000835D3000896
:1000400035D4000835D4000835D4000835D400086C
:1000500035D4000835D4000835D4000835D400085C
:1000600035D4000835D4000835D4000835D400084C
:1000700035D4000835D4000835D4000835D400083C
:1000800035D4000835D4000835D4000835D400082C
:1000900035D4000835D4000835D4000835D400081C
:1000A00035D40008F94D000835D4000835D40008CF
:1000B00035D400086934000835D4000835D4000868
:1000C00035D4000835D4000835D4000835D40008EC
:1000D00035D40008A12F00084D8D0008C15D00082F
:1000E00055B4000835D4000835D4000800000000DD
:1000F0000000000000000000000000000000000000
:0C01000000000000000000005FF808F1A3
:10010C0010B5054C237833B9044B13B10448AFF345
:10011C0000800123237010BDE002002000000000CD
:10012C00F415010808B5034B1BB103490348AFF3A1
:10013C00008008BD00000000E4020020F415010856
:10014C0010F8012B11F8013B012A28BF9A42F7D075
:10015C00D01A7047034613F8012B002AFBD1181A4A
:10016C000138704780F0004002E000BF81F0004190
:10017C0042001FBF5FEA410392EA030F7FEA226C41
:10018C007FEA236C6AD04FEA1262D2EB1363C1BFD1
:10019C00D218414048404140B8BF5B42192B88BF40
:1001AC00704710F0004F40F4000020F07F4018BF63
:1001BC00404211F0004F41F4000121F07F4118BF83
:1001CC00494292EA030F3FD0A2F1010241FA03FC2B
:1001DC0010EB0C00C3F1200301FA03F100F0004313
:1001EC0002D5494260EB4000B0F5000F13D3B0F1DB
:1001FC00807F06D340084FEA310102F10102FE2A4A
:10020C0051D2B1F1004F40EBC25008BF20F00100B9
:10021C0040EA03007047490040EB0000013A28BF58
:10022C00B0F5000FEDD2B0FA80FCACF1080CB2EBDB
:10023C000C0200FA0CF0AABF00EBC2505242184359
:10024C00BCBFD0401843704792F0000F81F40001FE
:10025C0006BF80F400000132013BB5E74FEA4103D1
:10026C007FEA226C18BF7FEA236C21D092EA030F3D
:10027C0004D092F0000F08BF0846704790EA010FB7
:10028C001CBF0020704712F07F4F04D1400028BFE4
:10029C0040F00040704712F100723CBF00F50000C6
:1002AC00704700F0004343F0FE4040F400007047FC
:1002BC007FEA226216BF08467FEA236301464202A8
:1002CC0006BF5FEA412390EA010F40F480007047BB
:1002DC004FF0000304E000BF10F0004348BF404261
:1002EC005FEA000C08BF704743F0964301464FF09D
:1002FC0000001CE050EA010208BF70474FF00003F9
:10030C000AE000BF50EA010208BF704711F0004339
:10031C0002D5404261EB41015FEA010C02BF844609
:10032C000146002043F0B64308BFA3F18053A3F568
:10033C000003BCFA8CF2083AA3EBC25310DB01FAAF
:10034C0002FC634400FA02FCC2F12002BCF1004F33
:10035C0020FA02F243EB020008BF20F001007047C4
:10036C0002F1200201FA02FCC2F1200250EA4C0018
:10037C0021FA02F243EB020008BF20EADC7070475E
:10038C004FF0FF0C1CEAD0521EBF1CEAD15392EA6C
:10039C000C0F93EA0C0F6FD01A4480EA010C400248
:1003AC0018BF5FEA41211ED04FF0006343EA5010A2
:1003BC0043EA5111A0FB01310CF00040B1F5000FE4
:1003CC003EBF490041EAD3715B0040EA010062F193
:1003DC007F02FD2A1DD8B3F1004F40EBC25008BF7D
:1003EC0020F00100704790F0000F0CF0004C08BF9B
:1003FC0049024CEA502040EA51207F3AC2BFD2F168
:10040C00FF0340EAC250704740F400004FF0000375
:10041C00013A5DDC12F1190FDCBF00F000407047AF
:10042C00C2F10002410021FA02F1C2F1200200FAED
:10043C0002FC5FEA310040F1000053EA4C0308BFB4
:10044C0020EADC70704792F0000F00F0004C02BF05
:10045C00400010F4000F013AF9D040EA0C0093F080
:10046C00000F01F0004C02BF490011F4000F013BDA
:10047C00F9D041EA0C018FE70CEAD15392EA0C0F48
:10048C0018BF93EA0C0F0AD030F0004C18BF31F0B3
:10049C00004CD8D180EA010000F00040704790F089
:1004AC00000F17BF90F0004F084691F0000F91F02D
:1004BC00004F14D092EA0C0F01D142020FD193EAF3
:1004CC000C0F03D14B0218BF084608D180EA01007B
:1004DC0000F0004040F0FE4040F40000704740F057
:1004EC00FE4040F4400070474FF0FF0C1CEAD05225
:1004FC001EBF1CEAD15392EA0C0F93EA0C0F69D081
:10050C00A2EB030280EA010C49024FEA402037D0EB
:10051C004FF0805343EA111143EA10130CF00040E2
:10052C008B4238BF5B0042F17D024FF4000C8B42D2
:10053C0024BF5B1A40EA0C00B3EB510F24BFA3EBB2
:10054C00510340EA5C00B3EB910F24BFA3EB910382
:10055C0040EA9C00B3EBD10F24BFA3EBD10340EADC
:10056C00DC001B0118BF5FEA1C1CE0D1FD2A3FF622
:10057C0050AF8B4240EBC25008BF20F001007047D7
:10058C000CF0004C4CEA50207F32C2BFD2F1FF037A
:10059C0040EAC250704740F400004FF00003013AAB
:1005AC0037E792F0000F00F0004C02BF400010F44F
:1005BC00000F013AF9D040EA0C0093F0000F01F063
:1005CC00004C02BF490011F4000F013BF9D041EA85
:1005DC000C0195E70CEAD15392EA0C0F08D14202B8
:1005EC007FF47DAF93EA0C0F7FF470AF084676E78B
:1005FC0093EA0C0F04D14B023FF44CAF08466EE764
:10060C0030F0004C18BF31F0004CCAD130F0004231
:10061C007FF45CAF31F000437FF43CAF5FE700BF89
:10062C004FF0FF3C06E000BF4FF0010C02E000BFB2
:10063C004FF0010C4DF804CD4FEA40024FEA410354
:10064C007FEA226C18BF7FEA236C11D001B052EA0A
:10065C00530C18BF90EA010F58BFB2EB030088BFD0
:10066C00C81738BF6FEAE17018BF40F0010070473F
:10067C007FEA226C02D15FEA402C05D17FEA236C21
:10068C00E4D15FEA412CE1D05DF8040B704700BF68
:10069C00844608466146FFE70FB5FFF7C9FF0028FF
:1006AC0048BF10F1000F0FBD4DF808EDFFF7F4FF38
:1006BC000CBF012000205DF808FB00BF4DF808EDD1
:1006CC00FFF7EAFF34BF012000205DF808FB00BFF4
:1006DC004DF808EDFFF7E0FF94BF012000205DF816
:1006EC0008FB00BF4DF808EDFFF7D2FF94BF0120C7
:1006FC0000205DF808FB00BF4DF808EDFFF7C8FFC0
:10070C0034BF012000205DF808FB00BF4FEA400217
:10071C004FEA41037FEA226C02D15FEA402C08D1F8
:10072C007FEA236C02D15FEA412C02D14FF000002A
:10073C0070474FF0010070474FEA4002B2F1FE4F94
:10074C000FD34FF09E03B3EB12620DD94FEA002387
:10075C0043F0004310F0004F23FA02F018BF404260
:10076C0070474FF00000704712F1610F01D1420247
:10077C0005D110F0004008BF6FF0004070474FF0FB
:10078C000000704742000ED2B2F1FE4F0BD34FF077
:10079C009E03B3EB126209D44FEA002343F00043EB
:1007AC0023FA02F070474FF00000704712F1610F0E
:1007BC0001D1420202D14FF0FF3070474FF00000E0
:1007CC00704700BF7BB972B90029BEBF00204FF043
:1007DC00004106E008BF00281CBF6FF000414FF03D
:1007EC00FF3000F0BDB9ADF1080C6DE904CE002965
:1007FC0009DB002B1ADB00F04DF8DDF804E0DDE935
:10080C00022304B07047404261EB4101002B1BDB1B
:10081C0000F040F8DDF804E0DDE9022304B04042CA
:10082C0061EB4101524263EB43037047524263EB6D
:10083C00430300F02FF8DDF804E0DDE9022304B0F7
:10084C00404261EB41017047524263EB430300F0BD
:10085C0021F8DDF804E0DDE9022304B0524263EB39
:10086C004303704753B94AB9002908BF00281CBF7D
:10087C004FF0FF314FF0FF3000F072B9ADF1080CC2
:10088C006DE904CE00F006F8DDF804E0DDE90223A2
:10089C0004B070472DE9F047089E0D4604468E467D
:1008AC00002B4CD18A42944667D9B2FA82F353B1E9
:1008BC0002FA03FCC3F1200201FA03FE20FA02F251
:1008CC0042EA0E0E9C404FEA1C47BEFBF7F11FFAA2
:1008DC008CF507FB11EE01FB05F0220C42EA0E42EF
:1008EC0090420AD91CEB020201F1FF3E80F0198103
:1008FC00904240F2168102396244121AB2FBF7F0B0
:10090C0007FB102200FB05F5A4B244EA0244A54201
:10091C000AD91CEB040400F1FF3280F00481A542DB
:10092C0040F201816444023840EA01400021641B1A
:10093C001EB1DC400023C6E90043BDE8F0878B42C2
:10094C0008D9002E00F0EA800021C6E9000508460F
:10095C00BDE8F087B3FA83F1002948D1AB4202D34A
:10096C00824200F2F880841A65EB0302012096465D
:10097C00002EE2D0C6E9004EDFE702B9FFDEB2FA84
:10098C0082F3002B40F08E80881A0121170C1FFA7D
:10099C0082FEB0FBF7F507FB1500220C42EA004281
:1009AC000EFB05F0904208D91CEB020205F1FF3852
:1009BC0002D2904200F2CC804546121AB2FBF7F0FC
:1009CC0007FB10220EFB00FEA4B244EA0244A6452B
:1009DC0008D91CEB040400F1FF3202D2A64500F248
:1009EC00B4801046A4EB0E0440EA0540A0E7C1F128
:1009FC0020078B4022FA07FC4CEA030C25FA07FA75
:100A0C004FEA1C49BAFBF9F88D4020FA07F309FBB1
:100A1C0018AA1FFA8CFE2B4300FA01F508FB0EF006
:100A2C001C0C44EA0A44A04202FA01F20BD91CEB5A
:100A3C00040408F1FF3A80F08680A04240F28380E3
:100A4C00A8F102086444241A98B2B4FBF9F309FB28
:100A5C00134403FB0EFE40EA0444A64508D91CEBE4
:100A6C00040403F1FF306AD2A64568D9023B644402
:100A7C0043EA0840A0FB0293A4EB0E049C42C84638
:100A8C009E4654D351D0002E67D0B5EB080364EBCF
:100A9C000E04CB4004FA07F71F43CC40C6E90074A0
:100AAC0000214AE702FA03FCC3F12000C1409D403B
:100ABC0024FA00F04FEA1C472843B1FBF7F507FB7B
:100ACC0015111FFA8CFE020C42EA014205FB0EF1D5
:100ADC00914204FA03F408D91CEB020205F1FF3829
:100AEC002FD291422DD9023D6244521AB2FBF7F13A
:100AFC0007FB112280B240EA024001FB0EF2824257
:100B0C0008D91CEB000001F1FF3816D2824214D92F
:100B1C0002396044801A41EA05413AE731463046D1
:100B2C000BE77146E9E61046FEE64D45ABD2B9EB54
:100B3C00020863EB0C0E0138A5E74146EAE70346D1
:100B4C0096E74546D1E7D0467DE76444023849E74D
:100B5C00023D624431E708460AE73146EDE600BF44
:100B6C00704700BF0022427082700122C2700222C4
:100B7C00B1FA81F102710322490901704271704787
:100B8C0043788B421FD0012941700AD0022910D022
:100B9C00C1B90123C3700223817003710323437114
:100BAC007047037843B1012383700223C370002381
:100BBC00F3E70378002BF6D0022383700023C37075
:100BCC000123EAE7FEE770470B8882B0ADF80030EE
:100BDC004B880239ADF80230CB88ADF804300B8964
:100BEC00ADF80630431C053013F8012F0DF1080C3D
:100BFC000CEB420232F8082C834221F8022FF3D17D
:100C0C0002B0704710B50C461146FFF7B9FF2146EC
:100C1C00BDE81040FFF7D8BF4FF07F320A4B10B53C
:100C2C00C0E923234FF47F43A0F89430FF230446FC
:100C3C0080F89630983000F0C5FC002384F8A4307E
:100C4C0084F8A83010BD00BFFFFF7F0070B51546BB
:100C5C0004461E46114600F01DFC294604F1140002
:100C6C0000F018FC294604F1280000F013FC29467A
:100C7C0004F13C0000F00EFC294604F1500000F099
:100C8C0009FC294604F1640000F004FC294604F137
:100C9C00780000F0FFFB4FF4FA7332464FF4FA6120
:100CAC0004F1980000F074FC2046FFF7B5FF002318
:100CBC0084F8A5304FF47F43A4F8A63070BD02230E
:100CCC0080F8A8307047704700F0EBBB143000F090
:100CDC00E8BB08B5503000F0EEFB292100F11403FD
:100CEC00B3FBF1F3024613F0FF0002D1101E18BF44
:100CFC00012008BD08B5643000F0DDFB292100F1AE
:100D0C001403B3FBF1F3024613F0FF0002D1101EE3
:100D1C0018BF012008BD90F8903013B990F98C00E1
:100D2C00704790F98D00704790F8903013B990F996
:100D3C008E00704790F98F00704710B504460AF08A
:100D4C00AFFC50B194F8A83043B904F13C0000F06A
:100D5C00ACFB012838BF0120C0B210BD6420FCE7F9
:100D6C0090F8A83013B990F893007047642070473E
:100D7C00783000F0A2BB783000F0A7BB10B5044669
:100D8C0000F069FB04F1140000F065FB04F128008D
:100D9C0000F061FB04F13C0000F05DFB04F150003D
:100DAC0000F065FB04F1640000F061FB04F17800D5
:100DBC0000F063FB94F8A83013B1013B84F8A83021
:100DCC0010BD7F2807D0002807DA10F1800F06D05D
:100DDC004042C0B2704700207047012070477F200E
:100DEC00704710B1404240B270477F2070477F2857
:100DFC000FD010F1310F0EDA10F1780F0DDBFE234E
:100E0C00783040B2584346232330B0FBF3F0C0B2E5
:100E1C007047FF207047FE20704700207047012864
:100E2C0005DD40F2FE73984203DC80B2704701206E
:100E3C00704740F2FF70704740F2AE73A0F57870C7
:100E4C00C0EBC02090FBF3F000F58060FFF7E7BF2C
:100E5C00FFF7F2BF032812DD0C2812DD0F2812DD7C
:100E6C00122812DD162812DD192812DD1C2812DDBD
:100E7C001F2812DD2128CCBFFF2006207047002040
:100E8C0070470120704702207047082070470320EC
:100E9C0070470720704704207047052070470000FA
:100EAC0005289ABF014B185CFF2070476416010897
:100EBC0005289ABF014B185CFF2070476A16010881
:100ECC007F2803D0002803DAC0B270470020704797
:100EDC00FF2070477F2811D010F1320F10DA8842B2
:100EEC0010DD6423401A5843C1F1FF2101F57F0145
:100EFC00CE31313090FBF1F0C0B27047FF2070471B
:100F0C006420704700207047014B4840185C7047C4
:100F1C007016010852B110B4054C0A4411F8013B8B
:100F2C0058408A42205CF9D110BC7047704700BF12
:100F3C0070160108392808D822280ED9094B2338F5
:100F4C00C0B2C34003F0010070475F2807D061387E
:100F5C0019288CBF00200120704700207047012009
:100F6C00704700BF01EC7F00F8B5024600245F27F4
:100F7C00451E461D15F8010FFF2804BF0134E4B2CD
:100F8C00FFF7D8FF00B92F70AE42F3D1062C04D175
:100F9C0019B10B6813608B88938000239371F8BD93
:100FAC002DE9F843012500264FF02808DFF82C9096
:100FBC00471E441D17F8011F08480FF067FB034636
:100FCC0010B1A0EB0903DBB2A3FB05329E19A742BB
:100FDC00A5FB0853EED13046BDE8F8837017010825
:100FEC0010B54179A1F13000C3B2092B07D8052304
:100FFC00B0FBF3F303EB8303C01AC0B210BD044C77
:10100C0020460FF043FB0028F1D0001BC0B2EEE7E6
:10101C0070170108F0B52826084B094F821DB1FB4B
:10102C00F3F4272C8CBF30253D5D03FB141102F823
:10103C00015D8242B3FBF6F3F1D1F0BD00801A06DC
:10104C007017010870B50446FFF784F802B200204F
:10105C00551E03B2AB4204EB030103DAE65C01302C
:10106C00302EF6D0D21A2046BDE8704001320FF077
:10107C00DCBA0000432B28BF43232DE9F0470C4674
:10108C0096B0154600211A46984607460FF0E7FA27
:10109C000021412205A804910FF0E1FADFF87C90C1
:1010AC00DFF87CA004EB4505AC4210D104A8FFF797
:1010BC0051F828B1002200F158036B4403F8492C75
:1010CC00384604A90FF04BFC16B0BDE8F08747F684
:1010DC00FF7334F9020B9842E8D0002812DC514619
:1010EC0068460FF03CFC04A8FFF734F80646684647
:1010FC00FFF730F80644B045D6D3694604A80FF084
:10110C00B6FAD1E7694680B20DF0AFFC6846FFF73E
:10111C0099FF494668460FF0AAFAE4E75D16010804
:10112C0058160108F0B589B06D4600242F468E1C68
:10113C00E1B28A4204D83946FFF79CFF09B0F0BDF2
:10114C0036F82410013425F8021BF1E742F2107333
:10115C00B0FBF3F2642103FB1200B0FBF1F301FBD3
:10116C00130000EB023000EB831080B2704742F2A8
:10117C001071020B00F03F0301FB02336422C0F339
:10118C00851002FB0030704742F210732DE9F041DC
:10119C00B1FBF3F6642703FB161488B01E49054611
:1011AC000FF0DDFB6946F0B20DF03CFC6846FFF732
:1011BC0049FFB4FBF7F6DFF86480694628460FF068
:1011CC0056FA414628460FF052FA07FB1644694678
:1011DC00F0B20DF027FC6846FFF734FF694628464D
:1011EC000FF045FA414628460FF041FA6946E0B245
:1011FC000DF018FC9DF8013069468DF800309DF813
:10120C00023028468DF8013000238DF802300FF0A3
:10121C002EFA08B0BDE8F0817229010862160108A7
:10122C0070B50E460021054614460FF018FA00233F
:10123C009AB2944200D870BDF25C002AFBD0EA54FA
:10124C000133F5E770B50E46144600210132054610
:10125C000FF005FA00239AB2944200D870BDF25CEC
:10126C00002AFBD0EA540133F5E730B500230446DD
:10127C0098B2904201D3012005E0E55CC85C1DB931
:10128C00B0FA80F0400930BD0028FCD0854203F153
:10129C000103EDD00020F6E77D23438043F23903B0
:1012AC00C360002309B201808180C3800372704740
:1012BC0002680449044B01FB023323F00043036032
:1012CC00180C7047FD430300C39E2600F0B50025A3
:1012DC0097B00160858004465622294668460FF077
:1012EC00BEF90126627CAA4209D80023802104F1B0
:1012FC00B400237417B0BDE8F0400FF0B0B920462D
:10130C00FFF7D6FFE77900217B1B90FBF3F2EC464D
:10131C0002FB13000A46C0B2CBB29F421CD800237A
:10132C00227B9A42DED0A2796119033A012A05D9AF
:10133C0025B191F91120D2B9012BD3D98B74A268A4
:10134C0052F82310583304EB85026B44013551637A
:10135C0003F8586CEDB2C5E71CF801EBBEF1000FB9
:10136C0003D18242DCD00132D2B20131D4E7501E1B
:10137C008342E3DB01329342E0DCB3E72DE9F04733
:10138C00154696B0013D0160027104464371EDB201
:10139C005622002168460FF062F9022D98BF4FF0DB
:1013AC0003094FF0000794F807808ABF4FF001093A
:1013BC00B8FBF9F800253E464FF0010A627CB242B8
:1013CC0009D80023802104F1B400237416B0BDE8C1
:1013DC00F0470FF044B92046FFF76AFFA8EB06036D
:1013EC0090FBF3F2002102FB1300EC460A46C0B25C
:1013FC00CBB2984506D91CF801EBBEF1000F21D1F8
:10140C0082421DD1434528BF434609FB0351227B31
:10141C00C9B28A42D2D016B1B7B9012BCED9A21912
:10142C009174A2681F4652F8211004EB8602516396
:10143C0003F158026A44013602F858ACF6B2BDE723
:10144C000132D2B20131D3E77A1E9342E7DB7A1C28
:10145C009342E4DCB2E76421D0E90123D31AC360E0
:10146C004B43418A8260B3FBF1F303747047D0E9BC
:10147C000123D31AC0E90223704743682BB16421BE
:10148C00C2684A43B2FBF3F2D3B203740023C360C5
:10149C004360704700234182C0E902334360037408
:1014AC0070474368013343607047007C7047436862
:1014BC000B4443607047C068704711B1C368013377
:1014CC00C3604368013343607047007C7047000081
:1014DC00072800D9FEE7014B185C7047C0170108BC
:1014EC0000230380837080F829307047034600780E
:1014FC0010B100221A707047587810B100225A703F
:10150C007047987810B100229A70704793F82900B0
:10151C0010B1002283F829207047017070470170C8
:10152C0070478170704781704260704740687047A7
:10153C000830704700234360038170470A2310B5BD
:10154C000446838001F04EFF2368E0809B682046B0
:10155C009847208110BD038970B504469BB18588DE
:10156C0045B1013DADB285806DB903681B68BDE81E
:10157C007040184701F036FFE388C01A238980B207
:10158C00834201D2258170BD236820465B68EEE75B
:10159C002DE9F041044610461D4616468846FEF7D6
:1015AC0097FE074606EB0800FEF792FE014638460A
:1015BC00FEF79AFF656020602846FEF78DFEA0605E
:1015CC00BDE8F08110B504464068FEF785FEA060CA
:1015DC0010BD000010B50446022980EAE070A0EBB3
:1015EC00E47068D15AB9002CACBF7F233F239842DA
:1015FC00A8BF1846002C01DA40F0400010BD012AAB
:10160C001AD1632805DC4000002CF7DA40F4807016
:10161C00F4E740F2F54398420CDCFEF759FE5749CB
:10162C00FEF7AEFE0DF0D2FDFFF7ACF8400040F037
:10163C000100E9E7FF20E7E7022A40F09C806328DD
:10164C0005DC8000002CD9DA40F40070D6E7B0F548
:10165C007A7F0CDAFEF73CFE4849FEF791FE0DF05E
:10166C00B5FDFFF78FF8800040F00100EAE742F289
:10167C000F7398420CD8FEF72BFE4149FEF780FE03
:10168C000DF0A4FDFFF77EF8800040F00200D9E7D2
:10169C003C4B98420CD8FEF71BFE3B49FEF770FE04
:1016AC000DF094FDFFF76EF8800040F00300C9E7E1
:1016BC0040F2FF10C6E703295DD1012A1BD1B0F51A
:1016CC007A7F05DA4000002C98DA40F4006095E748
:1016DC00B0F5205F0CDAFEF7FBFD2849FEF750FE53
:1016EC000DF074FDFFF74EF8400040F00100EAE702
:1016FC0040F2FF70E7E7022A3DD1B0F57A7F06DAB7
:10170C008000002CBFF67AAF40F4805076E742F2AE
:10171C000F7398420CDCFEF7DBFD1849FEF730FE28
:10172C000DF054FDFFF72EF8800040F00100E8E7C3
:10173C00164B98420CD8FEF7CBFD1149FEF720FE54
:10174C000DF044FDFFF71EF8800040F00200D8E7D2
:10175C00B0F57A2F0CD2FEF7BBFD0B49FEF710FE4D
:10176C000DF034FDFFF70EF8800040F00300C8E7E1
:10177C0040F6FF70C5E7002040E700BFCDCCCC3D64
:10178C000AD7233C17F001006F12833A9F860100A1
:10179C000023036070470000092928BF092138B5D0
:1017AC00064B04461B780D468B4202D10023036086
:1017BC0038BD01F00BFE25712060F9E7FC0200201A
:1017CC00036810B504460BB9002010BD01F0FEFDF6
:1017DC002368C01A40F2EE239842F5D90023054A3B
:1017EC002360127823799A42EED0034A0120D377F2
:1017FC00EBE700BFFC0200207C030020FF234371B9
:10180C0000230171837103818372704738B50379AA
:10181C0004460D465BB14179A94208D041B101297A
:10182C000AD000236571A37155B1012D0FD038BDBD
:10183C0003689B689847F4E703680021DB68F9E7C5
:10184C00012123689B6820469847A071EFE7236825
:10185C002946DB68F7E72DE9F04F077CC37BBF0017
:10186C000C4647EA931703F03F01437C857C03F059
:10187C000102C67C47EA822705F00F02D20142EA38
:10188C00530206F07F031B0143EA1513057D90F804
:10189C0015E06D0089B045EAD6150EF003060593E8
:1018AC0045EA4623867D009306F01F05AD0145EA07
:1018BC009E03C57D90F819E0ED00019345EA56139F
:1018CC00057E0EF00706029345EA0623857E0393F8
:1018DC0005F03F06760146EADE03C67E90F81CE072
:1018EC00B60046EA95160EF0010546EA8526457FB8
:1018FC0090F8208005F00F0B4FEACB1B4BEA5E0BE8
:10190C0090F81EE090F80EC00EF07F0A4FEA0A1A0B
:10191C004AEA151AC57F49016D0045EADE1508F043
:10192C00030E45EA4E2590F821E041EADC010EF069
:10193C001F094FEA891949EA980990F82280407BDF
:10194C000CF0070C40EA0C204FEAC80848EA5E1875
:10195C00049306920791FFF76FFA079920800846C7
:10196C00FFF76AFA60803846FFF766FA069AA0809D
:10197C001046FFF761FA059BE0801846FFF75CFA0A
:10198C0020810098FFF758FA60810198FFF754FA0C
:10199C00A0810298FFF750FAE0810398FFF74CFA08
:1019AC0020820498FFF748FA60823046FFF744FA29
:1019BC00A0825846FFF740FAE0825046FFF73CFA07
:1019CC0020832846FFF738FA60834846FFF734FA3D
:1019DC00A0834046FFF730FA4FF48063E083238402
:1019EC00638409B0BDE8F08F2DE9F04104460F4641
:1019FC0001F0F8FC4FF001080546236820461B68EF
:101A0C009847064650B9A37A012B1FD12389ED1AAA
:101A1C0040F6C4139D42C8BFA07217E0236820464D
:101A2C005B689847A37AA3B90F2814D1A4F80A804D
:101A3C00E37AE2180133DBB2182B1073E3720AD984
:101A4C0039462046FFF707FF0023A3723046BDE856
:101A5C00F081012BECD02581CFE7827922B143793B
:101A6C00012B01D8FFF7C0BF0020704770477047AB
:101A7C007047002070477047002070470020704767
:101A8C00704700207047002070470000054B82B063
:101A9C00DA690243DA61DB6903400193019B02B00E
:101AAC00704700BF00100240054B82B09A69024398
:101ABC009A619B6903400193019B02B0704700BF80
:101ACC000010024000F10C0353E8003F43F02003E8
:101ADC0000F10C0141E80032002AF3D1704700F10B
:101AEC000C0353E8003F43F0800300F10C0141E884
:101AFC000032002AF3D1704700F10C0353E8003F89
:101B0C0023F0200300F10C0141E80032002AF3D14C
:101B1C00704700F10C0353E8003F23F0400300F141
:101B2C000C0141E80032002AF3D1704700F10C039C
:101B3C0053E8003F23F0800300F10C0141E8003230
:101B4C00002AF3D1704700000B4B0C4A1B6830B4D1
:101B5C00A2FB03239B0C00FB03F2094D02F5FA7266
:101B6C00A5FB0252074992094C684B681B1B934218
:101B7C00FBD330BC704700BF6C02002083DE1B43DC
:101B8C00D34D6210001000E00288044B5140C9B2E2
:101B9C0033F8113083EA1223038070478047010821
:101BAC009AB110B4B0F800C0084C0A4411F8013BCB
:101BBC0083EA0C03DBB234F81330914283EA1C2C19
:101BCC00A0F800C0F2D110BC7047704780470108E4
:101BDC004FF6FF7337B50446ADF806304518AC42E6
:101BEC0003D1BDF8060003B030BD14F8011B0DF194
:101BFC000600FFF7C9FFF2E708B51E20FFF7A4FFA8
:101C0C004FF48052034B28205A61BDE80840FFF77F
:101C1C009BBF00BF000C014008B56420FFF794FF88
:101C2C004FF48052024B1A61BDE80840FFF78CBF9D
:101C3C00000C0140044B1888044B80B21B889BB2EB
:101C4C00C01A18BF01207047BA3D0020B83D0020D3
:101C5C000023044A1380044A1380044A1380044A64
:101C6C0013807047B83D0020BA3D0020BC3E0020D8
:101C7C00BE3E00200120704770470023A0F8703250
:101C8C00A0F86E3270470023A0F85C32A0F85A32EC
:101C9C00704700003C4B5A6A037A92B263B1838955
:101CAC00D31A9BB2B3F5FA7F84BF00230372837AF5
:101CBC004F2B84BF00230372037A8281082B0FD829
:101CCC00DFE803F0050E0E0E0E0E0F1B2600EE299C
:101CDC0001D0C82904D101238372062341750372F4
:101CEC0070473D2997BF837A00235A1C1B189FBF4E
:101CFC008272597507234172F1E7827A531CDBB269
:101D0C00024483725175427A9A42E9D20823E6E77B
:101D1C00837A5A1C034482725975C37D162B04D1E5
:101D2C00012380F865300923D9E74369174A03F08A
:101D3C00FF23934203D1012380F86730F3E7144A61
:101D4C0093421CD1837E102B19D1C37E022B08D059
:101D5C00052B0DD0012BE6D1027EEE2A08BF80F8B0
:101D6C006A30037EEE2BDED1012380F86B30DAE78C
:101D7C00012380F86830037F80F86930D3E70123B2
:101D8C0080F86630CFE700BF0004004000C8002890
:101D9C0000C8003200207047044B1888044B80B2F6
:101DAC001B889BB2C01A18BF01207047C24000208C
:101DBC00C04000200278024B51405B5C03707047BE
:101DCC0064330108FF230370704700BF7047B0F8FD
:101DDC006E32B0F870229B1A98B21B0444BF00F507
:101DEC00006080B2003818BF01207047A0F11400C9
:101DFC00EDE70346B0F87022B0F86E1291421FBFA7
:101E0C00811891F87402B3F8721201321ABF0A40A9
:101E1C00A3F8702200207047A0F11400E9E770B518
:101E2C000B78054603704B780C4643700B78FD2BF2
:101E3C0038D10A268B788370CB78C3700B790371F9
:101E4C004B7943718B7983718B68C3718B68C3F346
:101E5C000F2303728B7A4372627804F10C01A81978
:101E6C000EF085FD6378B4F80C213344EA54B4F8D1
:101E7C000C115A1C92B2090AA954A278981CD207C8
:101E8C0080B20ED504F58872054404F58E7452F8B0
:101E9C00041BA24245F8041BF9D112780F332A70A7
:101EAC0098B270BD00238B700B79062683704B792A
:101EBC00C3708B7903718B684371CDE738B54A7861
:101ECC000D46352A044601F10C010AD80EF04FFDDF
:101EDC0068780021C0F136022044BDE838400EF08D
:101EEC00BEBB403551F8043BA94240F8043BF9D144
:101EFC000B88038038BD38B54A780C461B2A05463A
:101F0C0001F10C010AD80EF032FD60780021C0F10D
:101F1C001C022844BDE838400EF0A1BB283451F80F
:101F2C00043BA14245F8043BF9D138BD38B54A7899
:101F3C000D46082A044601F10C010AD80EF017FDD3
:101F4C0068780021C0F109022044BDE838400EF049
:101F5C0086BBEB6803604B6843600B7A037238BD39
:101F6C0038B54A780C46072A054601F10C010AD807
:101F7C000EF0FDFC60780021C0F108022844BDE899
:101F8C0038400EF06CBBE36803604B68436038BDAF
:101F9C002C2208B5002103480EF061FB0022024BF5
:101FAC001A7008BD2C0E0020040600202DE9F0410B
:101FBC0013780446037092F80180FD2B0F461546EA
:101FCC0080F8018054D10A2693788370D378C3703B
:101FDC001379037153794371937983716B7A127A04
:101FEC001B0403EB0223EA79134423F07F43A2681A
:101FFC00A91963F31702A26004F10C0042460EF01B
:10200C00B6FC7A7B904507D208F10C000021A2EBBC
:10201C00080220440EF023FB63781E44AB195A7857
:10202C00AB5D03EB0223A4F80C31A378DB070ED5D0
:10203C000236B6B2354404F5887305F10C0255F836
:10204C00041B954243F8041BF9D12A781A70BB7A09
:10205C0084F82131FB7A84F822313B7B84F82331DC
:10206C007B7B84F824313B7884F82031BDE8F08107
:10207C0000234380937806260371D3784371137938
:10208C0083715379B3E738B54A780C46132A054661
:10209C0001F10C010AD80EF06AFC60780021C0F145
:1020AC0014022844BDE838400EF0D9BA203451F857
:1020BC00043BA14245F8043BF9D138BD2DE9F04F62
:1020CC000C4651880546B1F58C7F4FF0000085B069
:1020DC0010D31070D91CC9B2012995BF012100235E
:1020EC00518053809CBF237011700020287005B064
:1020FC00BDE8F08F16780E2E00F2918001A757F8EC
:10210C0026F000BFE12000084D21000875210008D1
:10211C00952100082B2200082B2200082B220008F6
:10212C002B2200082B2200082B2200082B2200084F
:10213C002B2200082B2200082B220008A7210008C4
:10214C00481C5080635421789BB2FD2906D10C3376
:10215C000A21D380022391801370C6E7062108332D
:10216C00D38091800E23F7E7481C5080D8074FF09E
:10217C000000635442BFD1880D31D180012B8CBF3C
:10218C00034603231370B1E7481C508000208342A0
:10219C00635414BF03460E23F4E7481C5080635469
:1021AC005388D1888B4232D300235380137002237F
:1021BC0069802B702378FD2B37D163792B72A3792F
:1021CC006B72637A227A1B0403EB0223E2791344C9
:1021DC006B60637803F10C026A80A278D10701D599
:1021EC0019336B80002640F285120C206968DFF8E9
:1021FC00FC806E81B31801335B0800FB03F758F8C1
:10220C000770B9421AD25A1EB242F3D818E092881B
:10221C009A423FF66AAF01232B70002067E71070DB
:10222C0050809080D0802870F7E7E3782B72237968
:10223C006B7263796B6063780833D2E71E46E3D820
:10224C000C27774358F80730994227D1237820463A
:10225C00FD2B0CBF4FF00A094FF0060910F801BF17
:10226C00474409EB0B03591E89B20193FFF7B0FCED
:10227C0097F804A0ADF80E0051460DF10E00FFF7D3
:10228C0083FC019BE2185278E35C03EB0223BDF85C
:10229C000E209BB29A4209D0052000E00320287042
:1022AC00023801288CBF0020012020E7BB79DA0717
:1022BC0006D5FA79934582BF04EB09018A5CAA72B0
:1022CC009B0709D50C2303FB068362781B7A9A4281
:1022DC0082BF4C44E35CEB720C2303FB06835B79FB
:1022EC00022085F80CA06B73DAE700BF6434010898
:1022FC006FF02003024803604368FFF7E3BB00BFA5
:10230C00004800406FF02003024803604368FFF769
:10231C00D9BB00BF00440040034630B587B001ACC8
:10232C0000F11005224618685968083303C2AB4205
:10233C001446F7D10024094D8DF81440A96801A862
:10234C00FDF7FEFE10B920B207B030BD0134312CC0
:10235C0005F10C05F2D14FF0FF30F5E70400002039
:10236C0010B502780A4BD243D2B244789A5C90F8FA
:10237C0002E062409A5C90F803C082EA0E029A5C1A
:10238C00017982EA0C029A5C4A40985C10BD00BF4D
:10239C0064330108028810B58488531C2340448898
:1023AC009C421EBF12189171038010BD411A88B255
:1023BC000B0444BF00F5007080B2704770B5104C30
:1023CC000025234626782EB166788E4202D1A67857
:1023DC0096420BD001350C2D04F10404F2D10024EB
:1023EC0013F824501DB101340C2CF9D170BD01250A
:1023FC0003F8245003EB8403D87059709A70F5E7F6
:10240C00090600202DE9F8430B465A7A9E7ADF7AAA
:10241C00204B0D791B5C0446DB07097A00D50DB9FE
:10242C00FFF7CCFF00234FF0010E98461A491948CC
:10243C009C4201F8018B25D02DB90278920702D568
:10244C0001F801EC1EE04FF0000C144A92F80090D9
:10245C00B9F1000F0FD092F8039099450BD1002ED3
:10246C00EED092F80190B14505D1002FE8D092F84A
:10247C000290B945E4D00CF1010CBCF10C0F02F147
:10248C000402E3D10133DBB2042B00F10100CFD104
:10249C00BDE8F88339060020050600200906002057
:1024AC0007B503688DF8071001221B690DF10701B0
:1024BC00984703B05DF804FB50294FEA10122CD05A
:1024CC0018D830292CD00DD810292CD041F678638F
:1024DC0043F6F040202908BF034617489040B0FB54
:1024EC00F3F0704741F6786347F61220402908BF95
:1024FC000346F2E7802919D008D8602918D041F694
:10250C0078630E48702908BF0346E6E741F6786306
:10251C000B48902908BF0346DFE74AF2E423DCE7C7
:10252C0045F24013D9E742F6A003D6E7054BD4E7B2
:10253C004FF22443D1E700BF40420F0048E80100AE
:10254C0020A1070090D00300F0B5FD2305460446FA
:10255C0085B005F80C3B8DF8043090F8243103F16C
:10256C000C020244012B42D80026637066808DF861
:10257C0005308B7A0DF1050023718DF808308B7ABC
:10258C00ADF8066001338B72637909218DF809303F
:10259C00A3798DF80A30A368C3F317031A128DF8C8
:1025AC000B301B148DF80D308DF80C20FFF710FB41
:1025BC00677829463A46ADF802000DF10200FFF7A4
:1025CC00EFFA94F82311FFF7DFFA94F82421BDF801
:1025DC0002309742A4F80C3110D2314607F10C00AE
:1025EC00D21B204405B0BDE8F0400EF038B812F80C
:1025FC00010D0028B8D1013BDBB2B3E705B0F0BD4B
:10260C00704770B5044608460D46FDF7A3FD2368D8
:10261C00294682B21B692046BDE87040184708B5B0
:10262C00FFF7EFFF08BD0120FFF73EBA0D4B9842B4
:10263C0002D10420FFF738BA0B4B984205D003F5B2
:10264C008063984203D11020F4E70820F2E7074B8F
:10265C00984201D12020EDE7054B984200D07047FD
:10266C004020E7E700080140000C01400014014045
:10267C00001801400B4B984203D14FF40060FFF758
:10268C0013BAB0F1804F04D0074B984204D102200A
:10269C0000E00120FFF7FAB9044B984201D1042065
:1026AC00F8E77047002C014000040040000800408F
:1026BC002DE9F0410C46154686B007461022002144
:1026CC0002A81E469DF834800DF0C9FF01940B2D15
:1026DC0007D8DFE805F00E0E070A141414161616A8
:1026EC001B1DFEE70823029303E00823029301233A
:1026FC000593032E0ED8DFE806F01E200E1E0123D4
:10270C00F1E70123029304230493F2E70923EAE798
:10271C000923F7E7FEE701230393B8F1000F02D07A
:10272C003846FFF783FF053D042D0BD8DFE805F095
:10273C0007110A0711000323EEE70223ECE7C4F3A9
:10274C000F247C61384601A90BF0CAFD06B0BDE828
:10275C00F081C4F30F243C61F4E713B54FF0010C86
:10276C000024CDE9004CFFF7A3FF02B010BD000020
:10277C0030B50023154687B00446ADF80630FFF798
:10278C0079FF042D04D8DFE805F02A2E04323B0033
:10279C00FEE71C4B1C4A1B68B3FBF2F39BB20022F6
:1027AC00013BCDE90221204601A9ADF80430049289
:1027BC0005920BF0F9FE236823F080032360A368D5
:1027CC0023F4804323F00703A360636823F07003B2
:1027DC006360A36823F08003A36007B030BD094B8E
:1027EC000A4A1B68D8E7074B094A1B68D4E7054B14
:1027FC00064A1B68B3FBF2F303EB83035B00CDE7E4
:10280C000123CCE76C02002080A8120140420F008B
:10281C0000127A0010B50446FFF7AAFF236843F0B4
:10282C000103236010BD00224FF0FF31FFF7F2BF10
:10283C001F4B10B55B681F4C23600AF0F7FD1E4858
:10284C000BF0FEFC1D480BF0FBFC1D480BF0F8FCDC
:10285C001C480BF0A9FF1C480BF0A6FF1B480BF003
:10286C00A3FF1B480BF050FE0BF0BEFD4FF0E02217
:10287C00002318491361536193614A6822F00302E3
:10288C004A6072B64FF0FF319A0002F16042013398
:10289C0002F56142082BC2F88010C2F88011F3D106
:1028AC0062B6034B1B6883F3088823689847FEE7DE
:1028BC0000F0FF1F0006002000080140000C014042
:1028CC000010014000380140004400400048004026
:1028DC0000300140001002400749084A881AEFF303
:1028EC000883521A1A44013A013B984288BF0022CD
:1028FC00AA210DF0B4BE00BF00500020000400005F
:10290C0010B50E4C032306220D490E48FFF725FF88
:10291C002046032302220C49FFF71FFF0323052245
:10292C0040F608010948FFF718FF2046BDE81040A3
:10293C000323052244F24001FFF70FBF00080140BA
:10294C00400040040010014080008004000C014055
:10295C000822034B5A614022A3F580631A61704729
:10296C00000C01404022034B5A610822C3F810248A
:10297C00704700BF00080140104A4FF47041536982
:10298C0023F4704391FAA1F153610D4B5A6822F470
:10299C0000425A601A6822F400421A60DA6822F483
:1029AC000042DA609A6842F400429A60D022054BE9
:1029BC0083F828234FF480725A607047000001405E
:1029CC000004014000E100E04FF40042034B5A6167
:1029DC001A6842F400421A60704700BF00040140BC
:1029EC000023032201490248FFF7B7BE010001048E
:1029FC0000080140024B9868C043C0F300207047A8
:102A0C000008014010B50A4C002305222046094954
:102A1C00FFF7A3FE0023052220460749FFF79DFE82
:102A2C004FF4805363614FF40063636110BD00BFCA
:102A3C000008014010001004080008040549CB6888
:102A4C001A04DB4302F0805203F4805313430B61EE
:102A5C00704700BF000801400549CB681A04DB43EE
:102A6C0002F0006203F4006313430B61704700BF74
:102A7C000008014038B5032201230E490E48FFF728
:102A8C006CFE002410230C4DAA68013BD2045CBFE1
:102A9C000134E4B213F0FF03F6D1074805220549CF
:102AAC00FFF75BFE4FF48053082C94BF00200120ED
:102ABC006B6138BD100010040008014010B5054CC6
:102ACC000023052220460449FFF747FE4FF400730C
:102ADC00636110BD000C0140020002044FF400724F
:102AEC00024B1628CCBF1A615A617047000C01408A
:102AFC0073B504461C2C0E46184628DC192C2ADC0F
:102B0C00162C2CDC122C2EDC0F2C30DC0C2C32DC9A
:102B1C00062CB5BF03250A2564244FF4347440F603
:102B2C00E443C4EB0424B4FBF3F41570C4F30B13AB
:102B3C008DF80430036824018DF805400C215C6885
:102B4C0001AA0223A0470023337002B070BD1E25DA
:102B5C0040F6CA04E3E71B2540F2C264DFE7182500
:102B6C0040F2C354DBE7142540F2AB44D7E7112500
:102B7C004FF47A74D3E70E2540F26B34CFE70000A4
:102B8C00084611461A46014BFFF7B2BF100C002045
:102B9C000C4BD3F8FC2022F08072C3F8FC20D3F845
:102BAC00FC2042F08072C3F8FC20A3F55D431A6848
:102BBC0022F001021A601A6842F001021A60002227
:102BCC005A60704700ED00E0064B074A1B68074946
:102BDC00B3FBF2F3434310B54C684A68121B9A429C
:102BEC00FBD310BD6C02002040420F00001000E02F
:102BFC002DE9F84381464CF250300E4617461D46DF
:102C0C000AF0FAFC88BBB9F1010F06D0B9F1020F3A
:102C1C000CBF4FF002094FF004094FF00008144AA2
:102C2C00136943F0010313614FEA0814C4F1200245
:102C3C00A4F1200305FA02F227FA04F4144325FA4E
:102C4C0003F31C43A4B24CF2503026F818400AF09F
:102C5C00D3FC28B908F101085FFA88F39945E3D849
:102C6C00034A136923F001031361BDE8F88300BF25
:102C7C00002002407FB501230022CDE9040301A905
:102C8C0002A8CDE902230AF0F3FC00280CBF0420B3
:102C9C00052007B05DF804FB0A4608B50146002381
:102CAC000220FFF7A5FF00280CBF0420052008BD5B
:102CBC0008B5FFF7DFFF031F5842584108BD08B5A0
:102CCC00FFF7EAFF031F5842584108BD2DE9F047B2
:102CDC00264B274D01280FBF7D267C26AA461D4674
:102CEC000F4614462349244A06BF89469A46914604
:102CFC000AF066FC31462846FFF7DAFF28B90024B3
:102D0C000AF070FC2046BDE8F087002F08BF4FF496
:102D1C0078744FF000080334C4F38F0405F11006E7
:102D2C00AAEB050A1FFA88F39C4209D84FF011311F
:102D3C002846FFF7C4FF041E18BF0124A400DFE7D8
:102D4C003FB95AF806104B1C06D108F1010804369D
:102D5C00E8E757F82810F6E74E4505D23046FFF75E
:102D6C00AEFF0028F1D1CAE70324C9E700F001083F
:102D7C0000F40108FFF70108FFF3010810B50AF091
:102D8C001FFC7C210848FFF793FF044638B17D21D6
:102D9C000648FFF78DFF041E18BF0124A4000AF09B
:102DAC0021FC204610BD00BF00F0010800F4010812
:102DBC0030B5002340F2EF34064D9AB2914201D85F
:102DCC00042030BDA34203D05A5DC2540133F4E752
:102DDC000320F6E710F0010838B504460D4672B62C
:102DEC000A4601460020FFF771FF62B6042806D19F
:102DFC0072B601202A462146FFF768FF62B638BD3D
:102E0C0038B5124B1C68D3F80054B4F1113F09D1FA
:102E1C00B5F1113F17D0002201201146BDE8384012
:102E2C00FFF754BFB5F1113F03D1002211461046F4
:102E3C00F4E7FFF7A3FF042804D12C4001340CBFA6
:102E4C000220012038BD0420FCE700BF00F001087F
:102E5C00034B18739A68D207FCD5187B704700BFD8
:102E6C000038004038B5441E8D18A94200D138BD39
:102E7C0014F8010FFFF7ECFF01F8010BF5E708461A
:102E8C0011461A46FFF7EEBF38B50446054D01440E
:102E9C00A14200D138BD2878FFF7DAFF04F8010B06
:102EAC00F6E700BF5002002008461146FFF7ECBFC2
:102EBC0010B5044601448C4200D110BD14F8010B2E
:102ECC00FFF7C6FFF7E708461146FFF7F1BF000012
:102EDC0070B58CB0294C2822002102A80DF0BFFB44
:102EEC00FFF7A1FB4FF48040FEF7D0FD24492046AC
:102EFC0003230622FFF731FC062501264FF48053ED
:102F0C00204623610A2203231E49CDE90056FFF710
:102F1C00CFFB204603230A221B49CDE90056FFF7BD
:102F2C00C7FB032320461A461849CDE90056FFF784
:102F3C00BFFB0822002308924FF48272CDE90533BF
:102F4C00CDE909330293039204934FF400720723E3
:102F5C00A4F55444204602A90B9307920BF0F8FAFF
:102F6C00236843F040032360A3689B07FCD5FF2232
:102F7C00237B074B1A700CB070BD00BF000C0140D6
:102F8C001000100420002004800080044000400445
:102F9C00500200201B4B10B41A68940611D5D96846
:102FAC0088060ED5184C19485968238800880133B7
:102FBC00C3F30A0380B298421FBF1548C9B2C1546B
:102FCC002380110744BF0F4B5B68120615D50D48C3
:102FDC00C3681B0611D50F4B0F4A1988138889B289
:102FEC009BB299420BD013880133DBB21380138848
:102FFC000A4A9BB2D35CDBB2436010BC704710BC76
:10300C00FEF794BD00380140BA3D0020B83D0020C9
:10301C00B8350020BE3E0020BC3E0020BC3D002048
:10302C0009490A4A08B50B8812880133DBB292B2FF
:10303C009A4207D0064AD05406480B80FEF74FFD43
:10304C00012008BD0020FCE7BE3E0020BC3E002055
:10305C00BC3D00200038014038B504464518AC4250
:10306C0000D138BD14F8010BFFF7DAFFF7E708467B
:10307C001146FFF7F1BF0000054B064A1B8810886C
:10308C000133DBB280B2181A18BF0120704700BFA1
:10309C00BE3E0020BC3E002008B5FFF7EDFFB0FAA5
:1030AC0080F0400908BD0000054B064A1B881288B9
:1030BC009B1A98B21B0444BF00F5006080B27047A5
:1030CC00BA3D0020B83D0020FFF7EEBF0848094A82
:1030DC000188138889B29BB29942F9D013880133C5
:1030EC00C3F30A0313801388034A9BB2D05C704766
:1030FC00BA3D0020B83D0020B8350020FFF7E6BFF0
:10310C00002300B589B0CDE90633CB1A18BF0123D3
:10311C001B03CDE902320C2301900491034801A951
:10312C0005930BF073FB09B05DF804FB003801400C
:10313C0010B5064CE36823F40053E360FFF7E0FF9F
:10314C00E36843F40053E36010BD00BF0038014056
:10315C00002208461146FFF7EBBF0000F7B5082622
:10316C0001272E4C2E4DE3682E4923F40053E360C7
:10317C00FFF759FA4FF48040FEF796FC28460323DC
:10318C000A22CDE90067FFF793FA032328461A4673
:10319C00CDE900672449FFF78BFA00224FF4E130A8
:1031AC001146FFF7ADFFB022236923F4904323614E
:1031BC00636923F02A0363611C4B83F825232022C7
:1031CC005A602046FEF7B2FCFEF7A3FC6FF04003FA
:1031DC0023600024164B1C80164B1C80FEF78CFCC5
:1031EC006FF020030360144B1C80144B1C8003698C
:1031FC0023F400630361436923F00803436103690B
:10320C0023F480430361436923F022034361C368C1
:10321C0043F40053C36003B0F0BD00BF003801405D
:10322C0000080140020002040400040400E100E074
:10323C00BC3E0020BE3E0020B83D0020BA3D002020
:10324C0008B5FFF78BFF6FF020030348036043685A
:10325C00BDE80840FEF736BC00380140FFF7F0BF70
:10326C007FB500250126044644F24001FFF7DBF947
:10327C0002230B220F48CDE90056FFF719FA02235F
:10328C000B2248F28001CDE900560A48FFF710FAEC
:10329C002268094B9A420AD103F5DE33DA6942F40B
:1032AC000012DA61DB6903F400130393039B04B08F
:1032BC0070BD00BF000C0140005400400848094B91
:1032CC004FF4804203600023C0E90332064AC0E990
:1032DC000533C0E90733C0E901230AF00DBB00BF79
:1032EC00580E002000540040801A060013B50B46FF
:1032FC00054902460C784FF0FF31044800916100FB
:10330C000AF0A2FB02B010BDAC0E0020580E00203B
:10331C00007920B50D46194638B1044B10461D7086
:10332C00FFF7E4FFB0FA80F0400920BDAC0E00209E
:10333C00044B0A22197804484FF0FF3349000AF075
:10334C005BBC00BFAC0E0020580E002008B5FFF788
:10335C00B5FF0022014B1A7008BD00BFAC0E002057
:10336C0010B50446FFF7F2FF0C22044B1A70FFF75E
:10337C00DFFFB0FA80F35B09237110BDAC0E0020A7
:10338C00024B1A68024B1A60704700BFD4400020F1
:10339C001C0C0020054A064B1968136899421DBF86
:1033AC000133012013600020704700BF1C0C00206B
:1033BC00D4400020034A044B11681B780B44136063
:1033CC00704700BFD440002070020020014B1868E9
:1033DC00704700BFD44000200148FFF724BA00BF5B
:1033EC0000040040014B586A80B270470004004052
:1033FC0008B5FFF7F1FFBDE80840FFF7C1BF0000BB
:10340C00044BDA6822F00202DA606FF002021A61F1
:10341C00704700BF00040040002208B50260FFF7AF
:10342C00EFFFF022034B83F81D234FF000521A607C
:10343C0008BD00BF00E100E008B5036853B1FFF719
:10344C00DFFF054B5A6A114489B25963DA6842F0BE
:10345C000202DA6008BD00BF00040040074B1A6985
:10346C00920709D56FF002021A61DA6822F00202A3
:10347C00DA60034B1B681847704700BF000400401C
:10348C00AC330020F8B51E4CC4220021201D0DF0D9
:10349C00E6F82023062563800F231A4F2A46394667
:1034AC00A380601943232580FDF73CFE1123164AA7
:1034BC000226C4E91323154B2A4663653F2339467C
:1034CC00A4F8583004F15A004323A4F84A60FDF7DD
:1034DC0029FE4FF48033C4F8A03000230C4904F1CA
:1034EC00B000C4E92A3384F8A430A4F89E600DF02F
:1034FC0036FA7F2384F8C530052384F8C630F8BD2E
:10350C0038050020C82B01080F0001000000FFFF48
:10351C000D18010870B5094E05460C46415C304645
:10352C000DF0B4F8034628B1831B0133DBB2282B12
:10353C0028BF0023F35C2B5570BD00BF3833010846
:10354C0070B50C46114606460DF009FA44B100253B
:10355C00052130460135FFF7DDFFEBB29C42F7D871
:10356C0070BD0000F7B5054605F111061F4C01466C
:10357C001F4A68463601FFF7E3FFB01C694620443A
:10358C000DF0EDF90227002304EB051226447772A7
:10359C00A2F81A3114224FF0011102FB054001650B
:1035AC00A1F1FF210122416540F20111A0F84A204E
:1035BC00C264A0F858104FF48070A0624FF40070F1
:1035CC0084F83430E284A08584F82E2084F830709E
:1035DC0084F83330C4F83A30C4F83E30C4F8423082
:1035EC00A4F84610A4F8481003B0F0BD7C030020EA
:1035FC00C81701082DE9F341054605F11107A44A46
:10360C00A44C4FEA07180E4601466846FFF798FF90
:10361C0008F1020069462044A044FDF7A5FC98F887
:10362C00093004EB0710072B84BF022388F80930FC
:10363C00994B427A198841FA02F2D20710D402222D
:10364C00427269B14807C1F3800209D441FA02FC05
:10365C001CF0010FD0B200F0A68104EB07125072DF
:10366C0004EB051292F81A112801052902D9002140
:10367C0082F81A1104EB000C59889CF81A2141FAB3
:10368C0002F2D20713D405228CF81A2179B111F069
:10369C00200FC1F340120AD141FA02FE1EF0010FB5
:1036AC005FFA82FC00F08481221882F81AC1221879
:1036BC0092F81B11032902D9002182F81B1104EB8B
:1036CC0007177A7A012A03D9042A01D000229A809A
:1036DC002718998897F81B2141FA02F212F001027F
:1036EC000FD187F81B2161B111F0010209D141FA08
:1036FC0002FC1CF0010FD7B200F05F81221882F897
:10370C001B71002E40F09F81142202FB054191F8A1
:10371C004A60052E02D9012681F84A6002FB054257
:10372C0092F84B10042902D9002182F84B10142274
:10373C0002FB0542B3F84A1092F84B6041FA06F6C8
:10374C00F60712D4012682F84B6071B18E07C1F3D3
:10375C0040020AD441FA02F7FF07D6B240F1328197
:10376C00142202FB054282F84B60142202FB054234
:10377C0092F84C10032902D9012182F84C1014261E
:10378C0006FB0546B3F84C1096F84C2041FA02F2B1
:10379C0012F0010210D186F84C2069B111F001022F
:1037AC000AD141FA02F7FF07D6B240F11081142278
:1037BC0002FB054282F84C60142202FB054292F88F
:1037CC004E10012902D9002182F84E10142606FB56
:1037DC000546B3F84E1096F84E2041FA02F212F05C
:1037EC00010210D186F84E2069B111F001020AD104
:1037FC0041FA02F7FF07D6B240F1EE80142202FB29
:10380C00054282F84E60142202FB054292F84F10DA
:10381C00042902D9002182F84F10142606FB054614
:10382C00B3F8502096F84F1042FA01F111F0010153
:10383C0010D186F84F106AB112F001010AD142FA88
:10384C0001F7FF07CEB240F1CC80142101FB0541FA
:10385C0081F84F60142101FB054191F85160032E52
:10386C0002D9002681F85160142707FB0547B3F8ED
:10387C00526097F8511046FA01F111F0010119D17B
:10388C0087F85110B6B116F0010113D106E000BF54
:10389C00C81701087C0300203805002046FA01FCFB
:1038AC001CF0010FCFB200F0A180142101FB0541E7
:1038BC0081F85170142101FB054696F85070022FC7
:1038CC0002D9012786F8507001FB054191F854602C
:1038DC00022E02D9012681F85460142101FB054601
:1038EC0096F84D70022F02D9002786F84D7001FB17
:1038FC00054191F85260012E02D9012681F85260DF
:10390C00142101FB054696F85570012F02D90127A9
:10391C0086F8557001FB054191F85360022E02D9CF
:10392C00002681F85360142707FB0547B3F856604F
:10393C0097F8531046FA01F111F0010110D187F8F4
:10394C0053106EB116F001010AD146FA01FC1CF0BD
:10395C00010FCFB24FD0142101FB054181F85370F8
:10396C00142101FB054696F856700C2F02D900273E
:10397C0086F8567001FB054191F84C60012E08D178
:10398C0091F84F60042E04D1D70738D5002281F866
:10399C004F20142202FB054292F84F10A1BB92F863
:1039AC005120012A35E00132102A7FF44FAE57E640
:1039BC000132102A7FF470AE79E60132102A7FF4BE
:1039CC0096AE9EE60132102A7FF4C4AECDE60132EB
:1039DC00102A7FF4E6AEEFE60132102A7FF408AF2E
:1039EC0011E7013110297FF42AAF33E70131102997
:1039FC007FF454AF5EE701311029A6D1B0E712F085
:103A0C00040218BF0222C2E701290AD192F8512000
:103A1C00022A01BF1422002102FB054282F8511038
:103A2C0007E0022903D192F85120032AF1E7032978
:103A3C00B5D01422012102FB054282F8571040F246
:103A4C000111A2F8581094F82620052A02D9012257
:103A5C0084F8262094F82720042A02D9002284F81E
:103A6C002720B3F89E1094F8272041FA02F2D707CA
:103A7C000ED4012284F8272051B18E07C1F34002E5
:103A8C0006D441FA02F7FF07D6B244D584F8276072
:103A9C0094F82820022A02D9002284F8282094F8CD
:103AAC002920022A02D9012284F82920B3F8A01077
:103ABC0094F8292041FA02F212F001020CD184F898
:103ACC00292049B111F0010206D141FA02F7FF0792
:103ADC00D6B224D584F8296094F82A200C2A02D96D
:103AEC00002284F82A2094F832200C2A02D90022D1
:103AFC0084F8322094F82B20042A02D9002284F86E
:103B0C002B2000221646474911F9017F17F1780F37
:103B1C0009DA0E7009E00132102AB2D1B8E701328D
:103B2C00102AD2D1D8E7782FF3DC0132D2B20C2A8A
:103B3C00EAD1002201263C4911F8017F0132022F03
:103B4C00D2B288BF0E70042AF6D194F83420022A1F
:103B5C0002D9002284F83420B3F8A22094F834302F
:103B6C0042FA03F313F001030CD184F834304AB158
:103B7C0012F0010306D142FA03F6F607D9B211D5B9
:103B8C0084F8341094F82C30022B02D9002384F8DA
:103B9C002C3094F82D30032B08D80AD1002384F84C
:103BAC00343006E00133102BE5D1EBE7022384F827
:103BBC002D3094F82E30022B02D9012384F82E30AC
:103BCC0094F83030022B02D9022384F8303094F868
:103BDC0033300C2B02D9002384F8333094F8353071
:103BEC00042B02D9002384F835304FF6FF71FF22E5
:103BFC000E4B1844A0F82011142183F82F2083F8C1
:103C0C0031204FF0FF3201FB0531C0F81C211A6244
:103C1C009A84A1F85A20A1F85C20DA861A8702B09F
:103C2C00BDE8F081B5030020C10300207C03002017
:103C3C000021FFF7DFBC01210020FFF7DBBC0000F7
:103C4C00034670B50846052B04D8DFE803F01D04C5
:103C5C0021191D21FEE720261F250F22164C227745
:103C6C000122A370013BA4F84C60A4F84E50A2763C
:103C7C00A273042B11D8DFE803F00F1119191100EE
:103C8C0009266F250722E9E7142632250A22E5E7E3
:103C9C00352613251922E1E7FEE7FEE70023237101
:103CAC002374FDF715FC6073607670BD00232371DF
:103CBC002374A376A373F4E7FC0200200122044BC7
:103CCC0083F85520A3F85620A3F85820704700BF5E
:103CDC00FC0200202DE9F043964D00F1110805EB94
:103CEC00081702378BB006463846FDF759F9042100
:103CFC0000906846FDF76CFF05EB06138E4C93F8AD
:103D0C001B31E0834FEA06192BB103EB031303EBD2
:103D1C0003231844E08305EB08135B7A062B40F071
:103D2C00E480E38B03F5B5432533E383142303FBD2
:103D3C00065305EB081893F84B00FFF7BFFF98F8F4
:103D4C000910A9448B1F012B8CBF0023012399F868
:103D5C001A01617084F85A30FFF772FFE18B009BF7
:103D6C0099F81B21E1806182A36063612AB14FF055
:103D7C00113000FB0233A3606361142303FB065371
:103D8C0093F84A006D4B616213F9203084F82920B6
:103D9C0023732376002384F82A30637B23B93846B7
:103DAC00FDF71EF984F82A006078FDF791FB644A50
:103DBC000346128884F8280002F00101970748BFD7
:103DCC0041F00201A185500742BFA18D41F00401D1
:103DDC00A185110742BFA18D41F01001A185D70625
:103DEC0048BFA18D01AF44BF41F02001A1859006D1
:103DFC0042BFA28D42F00802A285524A02F1200E67
:103E0C00BC46106851680832ACE80300724567463E
:103E1C00F6D1062110684C4FCCF800000AA801FB23
:103E2C000303A278134413F8248C84F8208017E938
:103E3C000F0087E80F0040F2E2434046A4F85030F0
:103E4C00FCF74AFA4FF07F51FCF79AFAFCF79AFC10
:103E5C004FF47A73B4F84C204FEA5808B3FBF2F3E2
:103E6C00A4F840301423B8F1050F38BF4FF0050803
:103E7C0003FB065393F85030C0B2A4F8520084F8F8
:103E8C005480002B39D0022B14BF4FF4E1334FF484
:103E9C0061336364142303FB065393F854307BB3F0
:103EAC00022B14BF4FF4E1334FF46133A3640023AE
:103EBC0084F85B3084F85D30142303FB065696F8C7
:103ECC004C30032B03D096F84F20042A02D1012248
:103EDC0084F85B20591E4A424A4184F85C2094F8CD
:103EEC005B2082B1012B0ED1FEE7072B7FF41EAFB6
:103EFC00E38BA3F5B543263B17E74FF46143C8E7C3
:103F0C004FF46143D2E71420217800FB015595F85A
:103F1C004C10022907D1012184F85D1022B194F8CC
:103F2C005D301BB1FEE70AB9012BF8D00BB0BDE830
:103F3C00F08300BF7C030020FC020020C82B01088A
:103F4C00380500200C1601082C0300204FF4DE72FB
:103F5C00FF2101480CF083BB7C0300204FF4DE7181
:103F6C000148FEF739BF00BF7C0300204FF4DE711F
:103F7C000148FEF71DBF00BF7C03002008B5FFF70A
:103F8C00F5FF034B1878BDE80840FFF751BE00BFA2
:103F9C00FC020020F8B5FFF7D9FFFEF731FF04282B
:103FAC000CD0FFF7D3FFFEF72BFF042803D1FFF74C
:103FBC00DDFF042806D0FFF7C9FF03E0FFF7D6FFAB
:103FCC000428EED110224F494F480CF06CFB4E4C9C
:103FDC0038B1102220464D490CF065FB08B1FFF7B3
:103FEC00B5FF42F6A102A38A934266D042F6A00224
:103FFC00934258D80021022504260F460120424B3B
:10400C0093F84F20012A1ED0022A1FD00ABB93F826
:10401C005020042A20D0052A20D0033A18BF0122B0
:10402C0001310A2983F8502083F8540003F114035A
:10403C00E6D194F82C30042B12D0052B31D0002370
:10404C0084F82C300EE083F84F50E0E783F84F6093
:10405C00DDE783F84F70DAE70122E1E70222DFE7C0
:10406C0084F82C0042F6A1030125A38242F6A20398
:10407C00226924499A4224484FF010021CBF0125A2
:10408C0023610CF010FBD0B110221E491E48FDF725
:10409C00C7F808221E491F48FDF7C2F8FFF75EFF5C
:1040AC000FE00223CCE70025E8B20135FFF75AFAFE
:1040BC000A2DF9D10023E377D4E70025D6E7002DAC
:1040CC00ECD1E37F1420092B84BF0023E37700237A
:1040DC00E17F0D4A00FB014494F84C0001330A2B9C
:1040EC0082F84C0002F11402F6D10B4C2170FFF750
:1040FC00C9F92078FFF79CFD2078BDE8F840FFF760
:10410C00E9BD00BFCF1701087C030020E0170108B0
:10411C00F11701082E050020FC02002037B50C46D3
:10412C0005468B784A7809780AF051FEE3792846DF
:10413C000193A3792279E178009363790AF077FEF1
:10414C0061782078FEF7B8F9A86103B030BDC36878
:10415C0037B50446A3B1024652F8153B5D6900F130
:10416C001603A84732233F220B2120460AF085FD77
:10417C0009237022009380212046637D0AF0B5FE4E
:10418C0003B030BD4B7A73B5043B012B8CBF0023BD
:10419C0001230446DB00C16003750AF09FFD237DFB
:1041AC000DF1070263F07F038DF8073001232046E1
:1041BC0019460AF017FD20460AF096FDE3681D4EDD
:1041CC001B78227D06EB03135D78204629460AF006
:1041DC00A8FD294620460AF0B9FD032220212046DD
:1041EC000AF099FD04230C22262120460AF045FDF5
:1041FC00E368204693F90810FFF7A9FFE3681D78E0
:10420C0005B1FEE7314620462661FFF787FF2A46B7
:10421C00294620460AF0CEFD20462B46C022C82156
:10422C000AF031FEFF21204602B0BDE870400AF0D2
:10423C0047BE00BF8049010810B504460AF054FD82
:10424C002046BDE81040FF210AF03ABE38B50446BE
:10425C000368C1685D6991F9081000F1160300F15B
:10426C001502A847E3681B7803B1FEE7034B9021C6
:10427C0060202361FEF720F9A06138BD8049010858
:10428C0010B5064CE36833B1236913B92046FFF728
:10429C00DDFF23699B68A3F57A7010BD8C3200207A
:1042AC00C36810B504463BB103690BB9FFF7CEFFE9
:1042BC002369B3F90C0010BD1846FCE7C36810B5B0
:1042CC00044633B103690BB9FFF7C0FF94F916002C
:1042DC0010BD1846FCE708B5C36843B9FFF752FF99
:1042EC007D20FEF771FCBDE80840FEF76DBB08BDF4
:1042FC0090F8D43053B190F8D520074B03EBC201A2
:10430C00497953F8323053F821007047037C00EBA5
:10431C008300406B704700BF982B010838B51546D9
:10432C000446084604EB850406490CF018FB606B48
:10433C00FBF7CEFF0449FCF723F80AF047FFFCF724
:10434C0021FA38BDF717010800007A3D2DE9F34139
:10435C000446164688469DF824705B22402F4FF089
:10436C0000011D4628BF40270CF079F9904BDB8BE0
:10437C0023803278A37862F30203A3707178DBB2E6
:10438C00C90001F0080103F0070341EA08111943C1
:10439C00A1707279E37862F30003E370B279637908
:1043AC0062F38613637196F90200FCF70AFDE37859
:1043BC0060F34703E370F279237962F3000323710E
:1043CC00327A62F3460323713279DBB202F00102D6
:1043DC0003F07F0343EAC213237132796379C2F38A
:1043EC00450223F03F0313436371A37967F347033B
:1043FC00A3712B78AA78E3716B7802F01F0203F09B
:10440C00070343EAC20323726A88637AC2F3451234
:10441C0023F03F03134363722A79DBB202F00302E9
:10442C0003F03F0343EA82136372AB88C3F3870341
:10443C00A3726A79E37AC2F3800223F00103134377
:10444C00E372AA79DBB202F07F0203F0010343EAC4
:10445C004203E372EA88237BC2F3C31223F00F03F7
:10446C00134323732B7AAA7AE3736B7A02F01F023D
:10447C0003F0070343EAC20323746A89637CC2F323
:10448C00451223F03F03134363742A7BDBB202F023
:10449C00030203F03F0343EA82136374AB89C3F353
:1044AC008703A3746A7BE37CC2F3800223F00103CD
:1044BC001343E374AA7BDBB202F07F0203F0010327
:1044CC0043EA4203E374EA89237DC2F3C31223F067
:1044DC000F03134323752B8ADB0863756B8ADB0888
:1044EC00A375AB8ADB08E375EB8ADB0823762B8B91
:1044FC00B3F5C06F4ED2B3F5007F94BF00230123F8
:10450C00227B63F3051222736B8BB3F5C06F43D21E
:10451C00B3F5007F94BF00230123227B63F3871242
:10452C002273AB8BB3F5C06F38D2B3F5007F94BF59
:10453C0000230123227D63F305122275EB8BB3F567
:10454C00C06F2DD2B3F5007F94BF00230123227DD1
:10455C0063F38712089B22751F4404F11802BB42B7
:10456C0020D14FF6FF7321460DF106000D22ADF858
:10457C000630FDF715FB2146BDF806304C2221F81C
:10458C000D3FFDF70DFBBDF80630A4F8593002B015
:10459C00BDE8F0810223B3E70223BEE70223C9E79B
:1045AC000223D4E713F8011B02F8011FD7E700BF61
:1045BC00FC02002013B59DF81040CDE900341346E1
:1045CC000A460021FFF7C2FE02B010BD13B5144B12
:1045DC000288DB8B04469A421DD1837803F0F003EA
:1045EC00102B01D0202B18D1A379A52B15D84FF661
:1045FC00FF730DF1060059222146ADF80630FDF788
:10460C00CFFAB4F85900BDF80630C01A18BF012013
:10461C00800002B010BD0120FBE70220F9E700BFCB
:10462C00FC02002030B53A4B027893F8261000F1CA
:10463C00160461F30302027093F8271061F307125A
:10464C00027093F82810427861F30302427093F8D9
:10465C00291061F30712427093F82A10827861F3E3
:10466C000302827093F83210827961F30302827133
:10467C0093F82B10827861F30712827093F8341040
:10468C00C27961F30302C27193F82C10C27861F302
:10469C000302C27093F82D1061F30712C27093F8E5
:1046AC002E10027961F303020271427993F83010F3
:1046BC0061F30302427193F83310827961F30712AC
:1046CC00827193F83510C27961F30712C27103F14C
:1046DC00390100F10A0211F9015F02F8015FA242EF
:1046EC00F9D193F84610C27D61F30102C27593F8BB
:1046FC00471061F38302C27593F8481061F30512F9
:10470C00C27593F8493063F38712C27530BD00BF90
:10471C007C0300200278344BC2F3030230B583F8DB
:10472C002620027803F13901C2F3031283F8272003
:10473C00427800F11604C2F3030283F82820427871
:10474C00C2F3031283F829208278C2F3030283F8A0
:10475C002A208279C2F3030283F832208278C2F3D2
:10476C00031283F82B20C279C2F3030283F834209E
:10477C00C278C2F3030283F82C20C278C2F303126E
:10478C0083F82D200279C2F3030283F82E2042799C
:10479C00C2F3030283F830208279C2F3031283F848
:1047AC003320C279C2F3031283F8352000F10A02D8
:1047BC0012F9015FA24201F8015FF9D1C27DC2F387
:1047CC00010283F84620C27DC2F3810283F84720A0
:1047DC00C27DC2F3011283F84820C27DC2F381125C
:1047EC0083F8492030BD00BF7C0300201FB58DF835
:1047FC000C300123019303AB009313460A460221AC
:10480C00FFF7A4FD05B05DF804FB00000123F0B533
:10481C00264D044685F8A43085B0B0F80900FCF7A5
:10482C00A6FCC5F8A800B4F80B00FCF7A0FC6E467B
:10483C001422C5F8AC0004F10D0105F1B000FCF731
:10484C0001FD94F9213004F1230085F8C53094F86A
:10485C00223004F1510785F8C630FFF75BFF04F1F5
:10486C004103324618685968083303C2BB421646E6
:10487C00F7D14323082269460D48FCF7FBFB94F85B
:10488C005130D5F8AC20A5F89E3094F85230A5F8EC
:10489C00A03094F85330A5F8A23042F6A1039A4206
:1048AC0001D0FFF7C8F905B0F0BD00BF38050020F6
:1048BC00920500202DE9F0474FF0400992B00DF120
:1048CC00080805460E46174600214A4640460BF09E
:1048DC00C6FE222342F6A2008DF80830FCF736FC07
:1048EC00ADF8440042F6A100FCF730FCDFF874A0F0
:1048FC001D4C9AF80010ADF8460004EB01110DF1B7
:10490C000A00062201F58971FCF78AFC9AF800105E
:10491C0005A804EB011292F81A3192F8194103F030
:10492C000F0304F00F0444EA031492F81B3103F054
:10493C000F0344EA0324BDF8103023F47F6323F003
:10494C000F031C43ADF81040FFF76CFE3B4632469C
:10495C0002212846CDE90089FFF7F8FC12B0BDE82A
:10496C00F08700BFFC0200207C030020034B0449AD
:10497C001A68044801FB02001860704740060020CA
:10498C000D6619005FF36E3C38B50B4A0B4D13786E
:10499C002C78A34205D101332B70287800F001004C
:1049AC0038BD1470FFF7E2FF6FF0004398423CBF34
:1049BC0001342C70F1E700BF3D0600203E060020BC
:1049CC000B4A0C491268002382600A6883800261DA
:1049DC004A68094942610A68837182614A68838125
:1049EC00C2614EF66022038402600385704700BFEB
:1049FC00D4400020FC1701080518010810B5094C1B
:104A0C00E26802B9FEE7084B1B79137003B1FEE7AD
:104A1C00064920462161FFF781FB2046FFF70CFC7D
:104A2C0010BD00BF8C320020FC0200208049010820
:104A3C0038B5174D0446A878697805281BD14FF670
:104A4C00FF732385FFF7FCF801226B789A40238DC6
:104A5C0023EA020323850F490F48FFF73CFC0E485D
:104A6C00FFF7EAFB0C480321FFF771FB2046BDE87A
:104A7C003840FFF7C3BF002302202385FFF7E0F87F
:104A8C0001236A789340228D13439BB2E2E700BF67
:104A9C00FC020020000300208C32002008B590F8A6
:104AAC00203002468BB9FDF7A5FF10B982F8210022
:104ABC0008BD92F8213001335BB2312B82F82130E2
:104ACC00F6DD012382F82030F2E7FDF793FF18B1F1
:104ADC00322382F82130EBE792F82130013B5BB2B4
:104AEC00002B82F82130D8BF82F82000E0E70000CC
:104AFC00134B90F820201B68CAB182689B1AB3F53F
:104B0C007A6F01D9012343710379ABB10D4B427B11
:104B1C001B781AB1022B1CBF032202739A1E53423C
:104B2C0053414373837953B10323037370478360F9
:104B3C00EAE701230371F8E74379002BF9D17047B9
:104B4C00D4400020210700200346007B821E012A4E
:104B5C004FF0000202D893F8201009B91A7370476D
:104B6C001046704770B505461C4C5B220021204650
:104B7C000BF075FD2B691A4E23606B6931786360FD
:104B8C00184B194D1B7805EB01119A1E53425341DA
:104B9C00627A01F5897163F30002627204F10A0012
:104BAC000622FCF73DFB3378204605EB031205EBA0
:104BBC00031595F8193192F81B1192F81A2103F08C
:104BCC000F0343EA02132374637C61F3030359213B
:104BDC006374FCF7FDFFA4F8590070BDF13200209E
:104BEC00FC020020210700207C0300200A4A38B573
:104BFC001388044601339BB2502B0D4601D8138009
:104C0C0038BD002305491380FDF7FBFC29462046DF
:104C1C00FDF7F7FCF4E700BF200C00206119010838
:104C2C002DE9F74F1646054688466D49FDF7E9FC18
:104C3C0031462846FDF7E5FC00226A4BB8F1010F1E
:104C4C00694C1A8011D14FF480534FF400676361A3
:104C5C0046F2A8102761FDF7B7FF6761FDF7B4FFB7
:104C6C0031462846FFF7C2FFF2E7A8F102034FF4E2
:104C7C0000620C2B00F2A780DFE803F03141531CDB
:104C8C0007A5A5A56363636363004FF400684FF445
:104C9C00805746F2A810C4F810806761FDF794FFA6
:104CAC00C4F814802761FDF78FFF31462846FFF7C3
:104CBC009DFFEEE74FF400684FF4805746F2A810C2
:104CCC00C4F810802761FDF77FFFC4F8148067617A
:104CDC00FDF77AFF31462846FFF788FFEEE74FF4E1
:104CEC008057626146F2A8102761FDF76DFF67617E
:104CFC00FDF76AFF31462846FFF778FFF2E74FF4DD
:104D0C0080534FF40067236146F2A8102761FDF72A
:104D1C005BFF6761FDF758FF31462846FFF766FFDA
:104D2C00F2E74FF48057226146F2A8102761FDF795
:104D3C004BFF6761FDF748FF31462846FFF756FFEA
:104D4C00F2E700274FF4805B4FF40069A8F1090AE1
:104D5C005FFA8AFA0423574538BFC4F810B00193A0
:104D6C0046F2A810C4F81090FDF72EFFC4F814906A
:104D7C00FDF72AFF31462846FFF738FF019B013B20
:104D8C0013F0FF03EBD10423C4F814B0019346F2E3
:104D9C00A810C4F81090FDF717FFC4F81490FDF795
:104DAC0013FF31462846FFF721FF019B013B13F00F
:104DBC00FF03EBD10137A8F10803FFB2DBB2BB4212
:104DCC0038BF0027C6E74FF48053226123614CF2B1
:104DDC005030FDF7F9FE31462846FFF707FFF6E79E
:104DEC0061190108200C0020000801406FF001023D
:104DFC00094B0A491A610A88013A92B20A800A8858
:104E0C0092B23AB9DA6822F00102DA601A6822F03A
:104E1C0001021A60704700BF002C01407E06002082
:104E2C006FF00102054B1A61DA6822F00102DA60B8
:104E3C001A6822F001021A60704700BF002C014072
:104E4C0010B5214C88B0FFF7EBFF40F20221012393
:104E5C000A221E48FDF781FC204600224FF47A718D
:104E6C00FDF786FC0023CDE90133039360234FF457
:104E7C008071009302236A462046CDE905310493E4
:104E8C00079109F0C9FB124AD2F81C3C23F0040329
:104E9C00C2F81C3CA2F50052536823F0E06323F0E7
:104EAC00C00343F0E06343F040035360E022636CC3
:104EBC0043F400436364074B83F819234FF00072EB
:104ECC001A6008B010BD00BF002C0140000C01405E
:104EDC000020014000E100E0074BB3FBF1F1074B70
:104EEC00D9624908D9631A6842F001021A601A6A39
:104EFC0042F480621A62704740420F00002C01405D
:104F0C004FF47A730C48B0FBF1F05143B1FBF3F161
:104F1C000A4B0B4AD8624008D863196301211180EF
:104F2C001A680A431A601A6A42F480621A62DA68D2
:104F3C000A43DA60704700BF40420F00002C01406A
:104F4C007E06002019B94FF4FA71FFF7C5BF182976
:104F5C0005D84FF4FA724FF4FA71FFF7D1BF4A2912
:104F6C0001D8FA22F7E7632901D83222F3E7FFF7D9
:104F7C0057BF0000024B186800F00100704700BFDB
:104F8C00002C014010B50446FFF7F4FF38B9204659
:104F9C00BDE8104028224FF4FA71FFF7B1BF10BDE5
:104FAC0010B5044694F9013008468B4201D12378A0
:104FBC0023B901232370FDF791FD607010BD000033
:104FCC0008B5437802789A4213D0052B8ABF052383
:104FDC0003700370027888BF4370064B064813F9C0
:104FEC002210064B19731976C36813B11972FFF7A7
:104FFC00AEF808BDC82B01088C320020FC02002042
:10500C0010B50AB9437010BD541E0B2CFBD80332DB
:10501C00D2B231F9122040F27161C83A03FB02227C
:10502C0092FBF1F212B222EAE2729A42C8BF1AB2B1
:10503C004270E8E72DE9F047DDF820800F461D4669
:10504C0004469146FDF716FD1D4E1E491E4B0028C9
:10505C0030D0022F27D8002F0CBF304608461A46F6
:10506C00012DC4E9000228D0023D012D154A88BF4C
:10507C000022A2600022C4E90513144B4946E361E7
:10508C000368C4E903269B689847A06818B10368B5
:10509C0041469B68984760684FF4E131BDE8F047A2
:1050AC0003689B681847032F15BF304618461A46ED
:1050BC003246D5E718463246D2E7014AD9E700BF57
:1050CC005C020020640200206002002068020020C4
:1050DC000A46014610B9024809F0F0BD704700BFFE
:1050EC008C32002038B50C461546014690B9FDF7B8
:1050FC002FFC0A482B46224609F0D0FDFF21074819
:10510C0009F0DEFE054809F003FFBDE838407D20BC
:10511C00FDF75ABD0148FFF78FF838BD8C320020DF
:10512C0013B50C4638B91148C36833B9812281F8DC
:10513C008E3081F88C2002B010BD037D01F18E02FF
:10514C000DF1060109F0F0FEBDF90630002B08DB6D
:10515C004FF6FF73ADF80630BDF8063084F88C308E
:10516C00E9E77F33F8DA4FF68173F3E78C320020EE
:10517C0070B50D460646104C5B2322462146284648
:10518C00FFF7A6FFD6E90613206862689A4208BFAB
:10519C0088420ED120465921FCF71AFDB4F859402B
:1051AC00231A5C425C4128460449FFF7B9FF601C96
:1051BC0070BD0024F7E700BFCC300020E0310020A8
:1051CC000A4608B501460148FFF72AFD00000020F9
:1051DC00002303708370437003714371C370704775
:1051EC00002203784271022B04D0032B09D0012B2F
:1051FC0016D0FEE701230371437183784370C370AB
:10520C00704783784278991AA3EB020218BF0121E8
:10521C0012F0060F14BF0122002201714271EDE75A
:10522C000271704702788170002A0CBF022203229F
:10523C000270FFF7D5BF00002822074B02FB00339A
:10524C009B681A78542A05D15878A0F178035842F3
:10525C005841704700207047E02B01082822074B6B
:10526C0002FB00339B681A78522A05D15878A0F1BA
:10527C00780358425841704700207047E02B0108D2
:10528C002822074B02FB00339B681A78542A04D15E
:10529C005878783818BF012070470120704700BF3C
:1052AC00E02B0108282343430A4A10B5D158044681
:1052BC00FFF7D4FF40B92046FFF7BEFF064B1B7823
:1052CC0020B1142202FB0311084610BD01EB03119F
:1052DC00FAE700BFE02B0108FC0200202E2838B5AD
:1052EC0005461AD828220E4B4CB202FB00331B7910
:1052FC00022B0DD0FE2B10D1FFF7D4FF0378E4B2B4
:10530C00A3420AD004702846BDE83840FFF7B8BF66
:10531C00FFF7C8FF90F90030F2E7002038BD00BF5E
:10532C00E02B01082E2838B504460D4619D8282242
:10533C000D4B02FB00331B79FF2B12D1FFF7B2FF91
:10534C0006222946FBF791FF58B92046FFF7AAFF22
:10535C0029460622FBF776FF2046BDE83840FFF7CA
:10536C008FBF002038BD00BFE02B01082DE9F043B2
:10537C000746282041431546394A012B02EB010010
:10538C00046A87B025D15258364B9A4235D0A3F1D6
:10539C00CE018A4233D03449F23B9A4208BF0C46C4
:1053AC00FF234FF0000801268DF800302046FAF755
:1053BC00D1FE5FFA88F9484529D806F118036B44E9
:1053CC00AE4203F8188C30D80020387007B0BDE816
:1053DC00F083022BE4D15258224B9A4211D0591C23
:1053EC008A4210D0A3F1CE018A420ED0A3F1F20171
:1053FC008A420AD01D49EC3BCFE71D4CD0E71A4C32
:10540C00CEE71C4CCCE71C4CCAE71C4CC8E714F884
:10541C0009302C2B06D106F118036B44013603F826
:10542C00188CF6B208F10108C0E705F118030DEB72
:10543C000305002315F8182C15F9175C0132D2B2AC
:10544C009918C9B2A94207EB030003DB00230370D0
:10545C000120BBE7615C0133DBB20170F0E700BFF8
:10546C00E02B0108950400200E18010842180108D1
:10547C005F18010808190108E6180108BC18010892
:10548C002822054B02FB00335B6A0BB1188870476E
:10549C004FF6FF70704700BFE02B010828220B4B22
:1054AC0070B502FB00331E6A3046FAF753FE002239
:1054BC0001461446D5B2631CA942D8B200D870BDBF
:1054CC00735D01322C2B08BF0446F3E7E02B010877
:1054DC00282238B50F4B014602FB00331B79FE2BFB
:1054EC0015D1FFF7CDFF04460846FFF7D7FF002282
:1054FC00014601251046D3B2994200D838BD05FAB1
:10550C0002F323421CBF431CD8B20132F3E7FF2045
:10551C00F4E700BFE02B01082DE9F04F4FF0000A33
:10552C0004460F46D1461C4E93B04FF0000BD6F8F4
:10553C0008805FFA8AF50DE018F8030001920AF072
:10554C0065FFC3B2202B08BF5F23019A0BF1010B3F
:10555C0002F8403C5FFA8BF340460193FAF7FAFDF0
:10556C00019B03F1480298426A44E5D8394602F897
:10557C00409C02A8FAF7E4FD48B10AF1010ABAF11D
:10558C002F0F06F12806D0D10025284600E0012077
:10559C00257013B0BDE8F08FE02B010828232DE90E
:1055AC00F0411D4E044603FB016633790D46FE2B7C
:1055BC00174618D0FF2B21D0022B28D10846FFF715
:1055CC0071FE214690F9000009F093FA35692B78A9
:1055DC003BB1124920460BF04AF8294620460BF005
:1055EC0046F8012015E00846FFF75CFE3B462946CD
:1055FC0002782046BDE8F041FFF7B8BE0846FFF739
:10560C0051FE062201462046FBF71CFEE9E700206E
:10561C002070BDE8F08100BFE02B0108761901086D
:10562C00F8B5164628220024174B074602FB063312
:10563C001A790D46022A047003D0FE2A13D0204694
:10564C00F8BD93F918209142F9DB93F91C3099427B
:10565C00F5DC4FF00001304665F30701FFF73EFE25
:10566C0001243870EBE70029E9DB3046FFF716FF21
:10567C00A842E4DD3046FFF703FF40FA05F313F0D0
:10568C000100E6D10446DAE7E02B01082DE9F843E6
:10569C000023174628220370114B064602FB0733E2
:1056AC001B790C46FF2B03D000252846BDE8F88358
:1056BC000846FAF74FFD0628F6D104F1FF3804F13D
:1056CC00050918F8010FFBF735FC05460028EBD04F
:1056DC00C845F6D121463846FFF724FE3070E4E782
:1056EC00E02B01084FF0280CF8B500270E4E0446AD
:1056FC000CFB026636790B46FE2E1546077003D05E
:10570C00FF2E0BD0022E0DD118460AF0EBFD2A46C7
:10571C0001462046BDE8F840FFF782BFBDE8F840DF
:10572C00FFF7B4BF3846F8BDE02B010810B50446AE
:10573C000846B2B9FBF754FC042812D8DFE800F095
:10574C0003090B0D0F00084920460BF008F9012046
:10575C0010BD0649F8E70649F6E70649F4E706499D
:10576C00F2E70020F4E700BF451901084A190108C7
:10577C004F190108541901085A19010810B50446AB
:10578C000068FCF73EFF02492068FCF73AFF10BDA9
:10579C00601901080D4B0E4A5B680360003B18BF93
:1057AC000123037100234371B2F84C2080F885303B
:1057BC00122A8CBF02220122C0F8883080F88C306B
:1057CC0080F88D20A0F88E30704700BF5C0300205D
:1057DC00FC02002090F88530682B08D8C2180133E1
:1057EC00DBB2517180F88530184400234371704747
:1057FC0008B50530FAF7A4FCB0FA80F0400908BDF2
:10580C002DE9F043064691B0084688461546FAF74E
:10581C00A1FC06F1050904464846FAF79BFCE4B2E4
:10582C00631CC7B2BB4203DB002011B0BDE8F083A0
:10583C002246414648460AF036FF0028F4D122465B
:10584C00231D1E44BA4203461BD3002400F140031F
:10585C006B4403F8404C0028E6D09DF800303D2BFB
:10586C00E2D1302368468DF80030FAF773FC2346FA
:10587C00DAB2904212D868460AF034FD2860012052
:10588C00D3E716F8011F202905D0403301306B44B3
:10589C00C0B203F8401C0132D2B2D3E740326A44A2
:1058AC0012F8402C0133303A092AE1D9BCE7000048
:1058BC002DE9F04743798046702B0F46164690B081
:1058CC0071D18379202B6ED1C0790AF097FD002815
:1058DC005CD000254FF0020A2C4608F10509484619
:1058EC00FAF738FC824522D305F140030DEB030592
:1058FC00002305F8403CC4B3E8461D4618F8010BDC
:10590C000AF084FD78550135EBB2A342F6D300259D
:10591C003D550134E4B26846FAF71CFC6719FFB236
:10592C00874206EB050334D300221A702DE008EBF6
:10593C000A035B793D2B0ED0202B07D005F14001DB
:10594C006A1C0DEB010505F8403CD5B20AF10103C8
:10595C005FFA83FAC3E72C46F0E705F140036B448A
:10596C0013F8400C0AF052FD78556846FAF7F2FB32
:10597C00E5B2A84207EB050304F10104EDD80022BF
:10598C0030460A491A700AF0EAFF012010B0BDE84F
:10599C00F08707F140020DEB020717F8402C013598
:1059AC00EDB21A70B7E70020F0E700BF63190108E9
:1059BC0028232DE9F0472C4E044603FB016633796E
:1059CC000D46FE2B88B020D0FF2B4BD0022B2DD1B7
:1059DC0096F9185025490068FCF721FE28466946BF
:1059EC0009F087F869462046FFF7C8FE96F91C5067
:1059FC001F492068FCF713FE6946284609F079F820
:105A0C0069462046FFF7BAFE10E00846FFF738FD5E
:105A1C0000278046DFF85C90DFF85CA0FEB2012323
:105A2C00324629466846FFF7A1FC10B908B0BDE81C
:105A3C00F087BBB248FA03F3DB0711D5494620685F
:105A4C00FCF7EDFD06F130012068C9B2FCF728FD2A
:105A5C0051462068FCF7E3FD69462046FFF78EFEB1
:105A6C000137DBE70549CDE7E02B01086519010893
:105A7C006D19010875190108781901087C190108BC
:105A8C00F0B504468BB008460D46FFF721FD2549BD
:105A9C0006462068FCF7C3FD2823234F206803FB30
:105AAC000577B968FCF7BBFD20492068FCF7B7FD0A
:105ABC002EB91F492046FFF761FE0BB0F0BD012245
:105ACC00294602A8FFF76AFD206802A9FCF7A7FD8A
:105ADC003B79FE2B03D0FF2B1AD01649EAE7284658
:105AEC00FFF7E0FB057814492068FCF798FD05F1F9
:105AFC0030012068C9B2FCF7D3FC10492068FCF7D0
:105B0C008EFD012EE9D10E492068FCF788FDE4E7F3
:105B1C000C4B68465A7802A9FFF708FE0028DCD027
:105B2C006946F1E775190108E02B0108781901089D
:105B3C008B1901080D1801089B1901088919010816
:105B4C009E190108FC02002038B54A4B04461A681D
:105B5C0090F88C30012B40F08B80D0F88830D31A21
:105B6C00B3F5FA7FC0F08480434DC0F888202846F6
:105B7C00FBF7E3F808F0CCFF01462068FCF74FFD7B
:105B8C003E492068FCF74BFD05F11400FBF78DFC3A
:105B9C0008F0BEFF01462068FCF741FD384920683B
:105BAC00FCF73DFD95F8940008F0B2FF0146206823
:105BBC00FCF735FD33492068FCF731FD95F98C0075
:105BCC0008F0B0FF01462068FCF729FD2E4920683B
:105BDC00FCF725FD95F98D0008F0A4FF014620681F
:105BEC00FCF71DFD29492068FCF719FD95F9920079
:105BFC0008F098FF01462068FCF711FD2149206848
:105C0C00FCF70DFD95F98E0008F08CFF014620681D
:105C1C00FCF705FD1C492068FCF701FD95F98F0088
:105C2C0008F080FF01462068FCF7F9FC1849206851
:105C3C00FCF7F5FC05F15000FBF73DFC80B208F0D9
:105C4C007BFF01462068FCF7EAFC0E492068FCF754
:105C5C00E6FC05F16400FBF72EFC80B208F06CFF4B
:105C6C0001462068FCF7DBFC20460A49FFF786FD5D
:105C7C0038BD00BFD4400020E0310020C01901081D
:105C8C00AD190108B0190108B3190108AE190108C2
:105C9C00B5190108B81901082DE9F04190F88E30BA
:105CAC00044690B043B93A4A3A4B92F85A105B7C8E
:105CBC00394A01B15B0013700027DFF8DC80354EE8
:105CCC0094F88D20FBB29A4208D994F88E5098F82B
:105CDC000030AB4205D8002384F88C3010B0BDE8FE
:105CEC00F081737C9D424DD275B92C492068FCF72C
:105CFC0096FC707C08F00CFF01462068FCF78FFCCA
:105D0C0020462749FFF73AFD284608F001FF0146D7
:105D1C002068FCF784FC23492068FCF780FC73198D
:105D2C00987C08F0F5FE01462068FCF778FC1E49CB
:105D3C002068FCF774FC06EB8503586B08F006FF33
:105D4C0001462068FCF76BFC18492068FCF767FCDF
:105D5C002A4608A93046FEF7E1FA694608F093FE98
:105D6C006846FBF76FF969462068FCF758FC20463B
:105D7C0008A9FFF703FD94F88E300137013384F83E
:105D8C008E309DE7ED1A15F0FF05BDD10849ADE742
:105D9C00FC020020240C002045060020BA19010842
:105DAC0068200108C2190108C9190108D319010892
:105DBC00D9190108274B10B51C68A10607D5DA685C
:105DCC00920604D55868244BC0B21B689847230729
:105DDC0044BF204B5B68200616D51E48C3681906C5
:105DEC0012D51E4B1E4A1988138889B29BB2994250
:105DFC001AD013880133C3F3080313801388194A8C
:105E0C009BB2D35CDBB24360620621D51148C368F8
:105E1C005B061DD5FBF77DFEBDE810406FF040031F
:105E2C000360114B1B681847FBF780FE6FF04003B3
:105E3C004FF04022036002F60C0353E8003F43F09E
:105E4C00400302F60C0040E800310029F3D1DBE7F7
:105E5C0010BD00BF0048004054020020B6350020A1
:105E6C00B4350020B433002058020020002300B5C4
:105E7C0089B0CDE90633CB1A18BF01231B03CDE93A
:105E8C0002320C2301900491034801A9059308F0F8
:105E9C00BDFC09B05DF804FB00480040012808B5C2
:105EAC0003D1BDE80840FCF723BA0348FBF724FEF6
:105EBC006FF02003036008BD00480040F7B50826CA
:105ECC0001272D4C2D4DE3682D4923F40053E3603D
:105EDC00FCF7A9FB4FF48020FBF7D8FD28460323E1
:105EEC000A22CDE90067FCF7E3FB032328461A4698
:105EFC00CDE900672349FCF7DBFB00222248114661
:105F0C00FFF7B4FFA022236923F490432361636954
:105F1C0023F02A0363611D4B83F8272380225A60E8
:105F2C002046FBF703FEFBF7F4FD6FF04003236004
:105F3C000024174B1C80174B1C80FBF7DDFD6FF00A
:105F4C0020030360144B1C80144B1C80036923F446
:105F5C0000630361436923F008034361036923F47D
:105F6C0080430361436923F022034361C36843F414
:105F7C000053C36003B0F0BD00480040000C01406A
:105F8C000400040408000804801A060000E100E084
:105F9C00B4350020B6350020B0330020B2330020D9
:105FAC000649074A0B8812880133C3F3080392B2DF
:105FBC009A421EBF034AD0540B807047B63500205E
:105FCC00B4350020B4330020F8B5012380F86C30D0
:105FDC0090F8BD30044603F0FF005BB1002694F846
:105FEC00BD5004F16C07B3B29D4204D800230120CC
:105FFC0084F8BD30F8BD17F8010FFFF7D1FF01365B
:10600C00F1E700000148FBF76ABD00BF0048004003
:10601C0038B52025074C03232046052242F22001E7
:10602C00FCF79BFB6561FFF749FF6561BDE83840F4
:10603C00FCF75EB90008014008B5002301468381D6
:10604C000371C3800381837203610448FDF7E4F993
:10605C00BDE808400846FFF7DBBF00BFAC330020AB
:10606C0008B50020FFF71AFF2022014B1A6108BD6A
:10607C000008014010B5044603681B689847237A52
:10608C00082B05D90A2B03D0092B02D0002323722D
:10609C0010BD236820465B6898470028F6D0084856
:1060AC00036823B1FA21FDF7C7F90A23EFE720466D
:1060BC00FFF7D6FF0B232372BDE81040FFF7A2BFFA
:1060CC00AC33002001460148FFF7D4BFF017002085
:1060DC0001460148FFF7CEBF28070020037A10B510
:1060EC000A2B044607D1FFF7BBFF0B232372BDE835
:1060FC001040FFF787BF10BD0148FFF7EFBF00BF8F
:10610C00280700202022044B10B55A610446FCF7E6
:10611C00EFF80023237210BD000801400148FFF77F
:10612C00F1BF00BFF01700200148FFF7EBBF00BF25
:10613C002807002008B5027A0D4B0A2A1B6801D8E3
:10614C00036108BD02699B1A142BFAD90023202283
:10615C00037203F1804303F584335A61FCF7C8F8EA
:10616C000448FBF7D6FC6FF040030360E9E700BF7F
:10617C00D4400020004800400238C0B210289ABF1A
:10618C00014B185C00207047612B010802463B4B09
:10619C0010B5586A137A80B233B19389C31A9BB283
:1061AC00FA2B84BF00231372137A9081052B19D814
:1061BC00DFE803F003080E334A564F2912D10123AE
:1061CC0013720FE0572901D10223F9E70023F7E7F7
:1061DC000023FF29937206D141F204731381537E7D
:1061EC00002BF3D110BD9F290FD9012401F01F0002
:1061FC00947282F83200FFF7BFFF507218B982F820
:10620C004B400923DCE70523DAE71829DED80029FF
:10621C00F7D0032351721372E1E7B2F86E02B2F8B1
:10622C007242431C2340B2F870429C421EBF80183D
:10623C0080F87412A2F86E32937A517A0133DBB281
:10624C0099429372DDD9CDE7907A431CDBB21044AE
:10625C009372C176517A9942C4D801239376D0E7D0
:10626C00907A431CDBB21044937280F83210517A4E
:10627C009942B7D2012382F84B30C2E700040040A8
:10628C002DE9F04389B0002301AF0446B84601253F
:10629C00B0F868908DF80430B4F86A20484611467E
:1062AC00EEB2FCF783F898B1192D10D091450FBFC1
:1062BC000023A318B4F86C1093F86E301EBF013293
:1062CC000A40A4F86A2008F8013F0135E4E72E469D
:1062DC000024B6B2013417F8010BA4B2FFF760FE2C
:1062EC00A642F7D8012009B0BDE8F08370B50026AE
:1062FC0090F8665000F14C04B3B29D4200D870BDCA
:10630C0014F8010FFFF74CFE0136F5E770B5457E2A
:10631C00044605B1FEE7012680F84C6090F8663023
:10632C0033B1FFF7E3FF84F866503546284670BD5D
:10633C00B0F86A10B0F86800FCF738F80028F5D00F
:10634C002046FFF79DFFF0E7027FC37E02F00702B5
:10635C0043EA02230B80838BC3F3CA034B80C369CC
:10636C00C3F38A338B8090F82030C27F03F00F0385
:10637C00DB0143EA5203CB80038CC3F30A130B817A
:10638C00036AC3F3CA334B8190F8243090F823206E
:10639C0003F01F039B0143EA92038B81838CC3F3AD
:1063AC004A13CB81C38CC3F30A030B8290F82830B9
:1063BC0090F8272003F03F035B0143EAD2034B82A2
:1063CC00836AC3F38A138B82438DC3F34A03CB8254
:1063DC0090F82C3090F82B2003F07F031B0143EA3C
:1063EC0012130B83C36AC3F3CA134B83C38DC3F35A
:1063FC008A038B8390F8303090F82F20DB0043EA2F
:10640C005213CB8340F2547390F8312012F0010FE9
:10641C0014BF1A46AC220A8490F8312012F0020FF5
:10642C0008BFAC234B847047437E70B504460D46C1
:10643C003BB100238E180372B54203D100232372A3
:10644C00A37670BD236820461B6815F8011B98477E
:10645C00F2E70346407E30B568B193F8664004F02D
:10646C00FF054CB103F14D040C6093F866101170EC
:10647C00002283F8662030BD2846FCE742766AB3DA
:10648C000123037640F2FF11A0F86C1040F2FF716B
:10649C000023A0F872127F2180F84C30A0F86A30EB
:1064AC008376A0F8683080F84B30A0F8703280F812
:1064BC006630A0F86E32A0F8763AA0F8743AA0F8DC
:1064CC00781A80F8FA3AC0F8FC3A52B9054B064AE9
:1064DC001A60064B064A1A60FFF7AEBD017600291A
:1064EC00D0D1704754020020D1600008580200201F
:1064FC0029610008F8B5477E04460D4617B1002601
:10650C003046F8BD037E002BF9D0FFF713FEA37EB7
:10651C0003F0FF06002BF2D029462046A776FFF7A2
:10652C0013FFEDE7427E034610B5E2B9007EB8B129
:10653C0093F84C4004F0FF0094B11C7983F84C2084
:10654C000CB11A71DA80DC889A790134052ADC8066
:10655C0007D0092A05D0012A4FF0000305D10B7092
:10656C0010BD0123FBE70020FAE71846F8E70346C5
:10657C00007E60B193F84B2002F0FF003AB100228C
:10658C0083F84B2093F8323003F01F030B707047E5
:10659C00F8B50D4606461746002119224D300AF073
:1065AC005EF82846FFF7E8FD044605F01F05603D40
:1065BC0001340246394686F84D5006F14E00E4B2DD
:1065CC000AF0D5F986F86640F8BD000070B590F871
:1065DC00FA4A0CB1002070BDB0F8745AB0F8763A93
:1065EC00EE1AB2B2360444BF803292B2002AF1D015
:1065FC000D4A1668427E22B1D0F8FC2A921B092A59
:10660C00E8D900229D42C0F8FC6A80F8FA2A08D02A
:10661C00C21892F87A4AB0F8782A01331340A0F8DD
:10662C00763A01200C70D6E7D440002010B52C4CE3
:10663C0086B01822002168460AF011F82378294800
:10664C008DF80630FDF72CFEADF800002548FDF75F
:10665C0035FE9DF8073094F855208DF8030062F351
:10666C0003038DF80730204B93F8A4205AB39DF800
:10667C00052042F001028DF8052093F8C52093F80F
:10668C00C6308DF8042003F00F039DF807200B2172
:10669C0063F30712154B8DF807201B799DF8022028
:1066AC005B0043F0010322F0030203F003031343E6
:1066BC008DF802302F236A460D488DF80830FFF70D
:1066CC0067FF06B010BDBDF8043023F4FF7323F050
:1066DC00010343F07F03ADF804300523D5E700BF79
:1066EC00FC0200208C3200203805002048060020D7
:1066FC00F01700207FB518220021684609F0AFFF83
:10670C0042F6A200FAF722FDADF8000042F6A10015
:10671C00FAF71CFD1422ADF80200064901A8FAF79D
:10672C007FFD6A4604210448FFF732FF07B05DF88D
:10673C0004FB00BFE1190108F017002010B5134C41
:10674C0086B018220021684609F089FF94F8A4301D
:10675C00C3B1D4F8A800FAF7F9FCADF80000D4F8EE
:10676C00AC00FAF7F3FC1422ADF8020004F1B0010E
:10677C0001A8FAF755FD6A4605210548FFF708FF01
:10678C0006B010BD14220349F2E700BF3805002003
:10679C00F01700200D1801082DE9F04F0C462823A6
:1067AC003549074689B0204603FB0411FEF768FE05
:1067BC000B798146FE2BD1F8208003D14FF6FF7365
:1067CC00984206D14146384609B0BDE8F04F0AF070
:1067DC00C6B800252046FEF765FD2E46AA462C4677
:1067EC00027840460192F9F7B5FC5FFA85FB01305F
:1067FC0058454FF02D01019A02D809B0BDE8F08F31
:10680C0018F80B000AF1200C0AF10103EC442C28B7
:10681C00DBB20CF8180C00D050BB964203D049FAEE
:10682C0006F0C0071AD54FF0000C0DF1080B5FFAFB
:10683C008CFE04EB0E007345C0B208D854440134EE
:10684C0004F0FF040136502CF6B210D9FEE71BF809
:10685C0001EB0CF1010C07F800E0E8E73955631C7B
:10686C0018F80B00DBB20234E4B2F854EAE7002368
:10687C009A460135B5E700BFE02B01080022044B16
:10688C0007211870034B04481A70FBF783BD00BF37
:10689C0038300020393000206422002008B50B78F5
:1068AC00033B082B20D8DFE803F010050C1F1A1F40
:1068BC001F1F0E00042100F67420BDE80840FBF7F2
:1068CC0069BD0521F7E70B21F5E7042100F67420DB
:1068DC00FBF760FD0521FBF75DFD0B21EDE748782B
:1068EC00BDE80840FFF7CABF08BD000070B56F4D8A
:1068FC0086B02C782E2C0ED918220021684609F06F
:10690C00AEFEFF236A46072169488DF80030FFF779
:10691C003FFE06B070BD674E317800294BD1022383
:10692C0018226846337009F09AFE2823624E8DF8BF
:10693C00004003FB04631B79FE2B27D0FF2B2DD0CB
:10694C00022B09D1012320468DF80130FEF7AAFC59
:10695C0090F900308DF8123028222B780DF10200BE
:10696C0002FB03661022B168FAF75AFC0721504863
:10697C006A46FFF70DFE29785048FFF70DFF0721F7
:10698C004F4806B0BDE87040FBF704BD0423204619
:10699C008DF80130FEF786FC0378DBE705232046F3
:1069AC008DF80130FEF77EFC062201460DF1120037
:1069BC00FAF736FCD0E7022942D1002118226846AA
:1069CC00317009F04CFE28223B4B8DF8004002FB45
:1069DC0004331A79022A0DD0FE2A1BD06A460821EC
:1069EC003348FFF7D5FD3378002BC8D12B78013312
:1069FC002B708EE71A7D19698DF805201A7E0DF122
:106A0C0007008DF801201A7F8DF803200622FAF773
:106A1C0007FCE3E75B6A83B11B88152227490DF15C
:106A2C000300ADF80130FAF7FBFB2448F9F792FBB1
:106A3C00142884BF03233370D0E74FF6FF73ECE7C1
:106A4C00032919D1002118226846317009F007FE7C
:106A5C0017221C490DF101008DF80040FAF7E0FBFC
:106A6C001648F9F777FB2B2888BF04236A464FF0AA
:106A7C00090188BF3370B3E781D900211822684619
:106A8C00317009F0ECFD0DF1010017220E498DF863
:106A9C000040FAF7C5FB9DF800306A46803B09219F
:106AAC0003488DF80030FFF773FD9FE73830002066
:106ABC00F017002039300020E02B01083A3000207C
:106ACC00642200204F30002066300020002310B5D7
:106ADC000B70024600780C462E2811D82821094B41
:106AEC0001FB00331B79FF2B06D0B2F90110FEF726
:106AFC00F5FB2070012010BD511CFEF713FCF8E7CC
:106B0C001846F8E7E02B0108043807280DD8DFE811
:106B1C0000F004060C080C0C0C0AFFF7EBBDFFF799
:106B2C000DBEFFF7E3BEFFF781BD704738B55307C5
:106B3C0005460C460BD422F0004222F03F0222B153
:106B4C002549BDE8384009F00ABF2449F9E7244932
:106B5C0009F005FFA10702D522492846F1E7A20654
:106B6C0001D52149F9E7630501D52049F5E7200452
:106B7C0001D51F49F1E7A10501D51E49EDE7A20397
:106B8C0001D51D49E9E7230601D51C49E5E7E005D8
:106B9C0001D51B49E1E71B4BA34301D11A49DCE7A3
:106BAC006103FBD4E20301D51849D6E7230501D5CF
:106BBC001749D2E7E00601D51649CEE7610701D5A2
:106BCC001549CAE7220701D51449C6E7E30201D5E6
:106BDC001349C2E738BD00BFEB190108F0190108D1
:106BEC00F3190108F8190108FD190108001A010828
:106BFC00051A01080A1A01080F1A0108C124010814
:106C0C00B426010810000100141A0108191A010811
:106C1C00212501081E1A0108211A0108261A01084B
:106C2C002A1A0108142210B5002104462A3009F052
:106C3C0016FD00234FF07F4284F8F732A4F8FC32A3
:106C4C0084F8FE32C4F80033FF23C4F8F82284F829
:106C5C00043310BD0B68C0F890304B68C0F894300A
:106C6C000B7A80F89830012380F82D3080F833307F
:106C7C0090F89630DB0980F8FE327047993001F1BC
:106C8C00280351F8042B994240F8042BF9D10B88B6
:106C9C0003808B788370704710B500F1C40301F149
:106CAC00340251F8044B914243F8044BF9D10123BF
:106CBC0080F82E3010BDF83001F11C0351F8042B74
:106CCC00994240F8042BF9D10B780370704710B53A
:106CDC0000F2151301F11C0251F8044B914243F8D8
:106CEC00044BF9D1012380F8323010BD10B500F2FD
:106CFC00311301F11C0251F8044B914243F8044B3F
:106D0C00F9D140F201134385012380F8303080F82B
:106D1C00F93290F8FE3253B990F8FD323BB9D0F805
:106D2C003931C0F85332D0F83531C0F84F3210BD7C
:106D3C0000F2671001F1100351F8042B994240F84E
:106D4C00042BF9D10B880380704700F24D1001F130
:106D5C00180351F8042B994240F8042BF9D10B88F5
:106D6C000380704710B500F2791301F1140251F849
:106D7C00044B914243F8044BF9D1012380F8313094
:106D8C00D0F8993013F0100308D0D0F89D3013F0E0
:106D9C0010031CBFD0F8A130C3F3001380F83D30B2
:106DAC0010BD0B7B30B5192B1FD1CA7A90F8FB3272
:106DBC009A421AD891F82630012B16D00B4600F2C5
:106DCC008D1201F1240453F8045BA34242F8045BD6
:106DDC00F9D11C8814809B789370012380F8323091
:106DEC0080F8FA32CB7A80F8FB3230BD00F5DA70DD
:106DFC0001F1140351F8042B994240F8042BF9D1FA
:106E0C000B880380704791F8203030B57BB90B4666
:106E1C0000F5E57201F1340453F8045BA34242F827
:106E2C00045BF9D11B881380012380F82F3091F873
:106E3C002030012B0ED100F5007301F1340251F812
:106E4C00044B914243F8044BF9D10A881A80012370
:106E5C0080F8343030BD0B68C0F836324B68C0F85F
:106E6C003A320B7A80F83E32012380F8FC327047BC
:106E7C000B68C0F83F324B68C0F84332012380F8EE
:106E8C00323070470B68C0F847324B68C0F84B3251
:106E9C00012380F83630704710B500F24F2301F112
:106EAC003C0251F8044B914243F8044BF9D10123B5
:106EBC0080F8303080F8FD3210BD10B500F28B2315
:106ECC0001F1340251F8044B914243F8044BF9D1CF
:106EDC000A881A80012380F82C3010BDF0B50025EB
:106EEC0001262C46AB4206D803680C4004FA02F289
:106EFC0013430360F0BD06FA05F73C430135F1E797
:106F0C0070B5044694F82A60084616B90026304637
:106F1C0070BD002294F8E03084F82A20022BF5D9B9
:106F2C0032230A60D4F83551002DC8BF6D42B5FB31
:106F3C00F3F11E2301EB4101FFF7D0FFD4F835111B
:106F4C0002231E22C90FFFF7C9FFE0E770B5044604
:106F5C0094F82B60084616B90026304670BD002206
:106F6C0094F8E03084F82B20022BF5D93223D4F896
:106F7C0039510260002DC8BF6D42B5FBF3F11E23E1
:106F8C0001EB4101FFF7AAFFD4F839311E22002B87
:106F9C004FF00203B4BF03211946FFF79FFFDCE754
:106FAC0038B5044694F8F7220846C2B994F82C3048
:106FBC00F3B384F82C2004F28B2304F2C12204F2E4
:106FCC00BF2153F8045B8B4242F8045BF9D11B8858
:106FDC001380012384F8F732002384F8F83200235D
:106FEC001825036094F8F832312B06D85A1C84F813
:106FFC00F822234493F8C212E1B9012394F8C11288
:10700C0007221940FFF76AFF94F8C11201230F22DF
:10701C00C1F34001FFF762FF94F8C112012317225C
:10702C00C1F38001FFF75AFF002384F8F7320123E4
:10703C00184638BD2A46083D0723EDB2FFF74EFF30
:10704C00F82DCFD194F8F832312BD6D8EFE7034690
:10705C002DE9F04793F82D600846002E61D00022F0
:10706C0093F83C52D3F89010B3F88B41AD1A18BF7B
:10707C00012593F8FE8293F8FC7283F82D200131E0
:10708C004CB1632CDFBF6422C4EB84143134B4FBE9
:10709C00F2F4C8BF3F24B3F91331002B44D064225F
:1070AC0093FBF2F3522BA8BF5223132BB8BF13231D
:1070BC00A3F113094FF0000A05235246C0F800A0B3
:1070CC00FFF70CFF022305225146FFF707FF41464D
:1070DC0001230722FFF702FF01230822FFF7FEFE20
:1070EC00514601230922FFF7F9FE02230A22FFF77A
:1070FC00F5FE01230C22FFF7F1FE01230D22394688
:10710C00FFF7ECFE01230E222946FFF7E7FE0723CB
:10711C0013222146FFF7E2FE06231A224946FFF707
:10712C00DDFE3046BDE8F0879946C3E72DE9F8430C
:10713C0090F82E800D46B8F1000F3AD0002190F84F
:10714C00E13080F82E10FF2B03D00F2B28BF0F231C
:10715C00194690F8E090B9F1030F2DD84FF00006C6
:10716C002FD07F2734460022284604232A60FFF7BD
:10717C00B5FE022304224946FFF7B0FE012202218C
:10718C003846FAF727FA0823014606222846FFF765
:10719C00A5FE02230E223146FFF7A0FE0222204656
:1071AC001146FAF717FA0A23014616222846FFF76A
:1071BC0095FE4046BDE8F883A9F10306062E28BFCC
:1071CC0006260A23B0F8D870D0F8D440B7FBF3F7F2
:1071DC000B4B7F2FA8BF7F279C4208DC094B9C429E
:1071EC0009DB64234FF0030994FBF3F4BBE74FF086
:1071FC000309054CB7E74FF00309044CB3E700BF94
:10720C00C3C9C1003D363EFF18F00100E80FFEFF78
:10721C002DE9F04F90F8303005460E4685B02BB96D
:10722C0000230093009805B0BDE8F08F002380F890
:10723C00303090F8F9320093002BF1D0D0F84F0297
:10724C00F9F74AF86A49F9F79BF86A49F9F798F897
:10725C008146D5F83501F9F73FF86549F9F790F80B
:10726C006449F9F78DF88046484607F0C5FE834619
:10727C00404607F0C1FE0746D5F83901F9F72CF85E
:10728C005B49F9F77DF85B49F9F77AF80446D5F8CC
:10729C005302F9F721F85649F9F772F85549F9F7FD
:1072AC006FF801462046F8F761FF824607F0E0FED2
:1072BC000190404607F0DCFE0446484607F0D8FE35
:1072CC000390504607F098FE214602905846F9F775
:1072DC0057F8039B044619463846F9F751F8029AB9
:1072EC001146F9F74DF801462046F8F73FFF0446E2
:1072FC0001993846F9F744F8214607F061FE3E49FA
:10730C00F9F73EF800210446F9F7D8F920B12046E8
:10731C003A49F8F72DFF04462046F9F70DFA80B2EA
:10732C00A0F1B40424B2002CBCBFB43004B2B4F548
:10733C00B47FA8BFA4F5B47449464046A8BF24B294
:10734C00F8F714FF4FF07C51F9F71AF807F090FE9C
:10735C004FF07C5180465046F9F712F807F088FE42
:10736C000146F9F70DF85946F9F70AF83946F9F7D5
:10737C0007F8414607464046F9F702F801463846F9
:10738C00F8F7F6FE07F01EFE002707F0F9FD642360
:10739C00D5F841511A49376095FBF3F5F8F7F0FF32
:1073AC00F9F7CAF9F8F798FFF9F7C6F902220321A1
:1073BC00FAF710F90C2301463A463046FFF78EFDDA
:1073CC002846F8F789FFF9F7B7F902220321FAF7F3
:1073DC0001F90D2301460C223046FFF77FFD0321F6
:1073EC000723192294FBF1F1FFF778FD1AE700BF90
:1073FC0095BFD63335FA8E3CE12E65420000B4437E
:10740C00706D424B2DE9F84390F8319004460D46CF
:10741C00B9F1000F3BD000261E4980F83160D0F83E
:10742C008501F8F7ADFF07F0D1FE1A498046D4F874
:10743C007D01F8F7A5FF07F0C9FEB4F989110746DD
:10744C002E60404601EB8104F9F776F90122022106
:10745C00FAF7C0F80923014632462846FFF73EFDED
:10746C003846F9F769F901220221FAF7B3F8082333
:10747C00014609222846FFF731FD0B231122214634
:10748C00FFF72CFD01231C223146FFF727FD484650
:10749C00BDE8F883000020412DE9F84390F83D90B9
:1074AC0004460D46B9F1000F3BD000271E4980F869
:1074BC003D70D0F88501F8F763FF07F087FE1A4995
:1074CC008046D4F87901F8F75BFF07F07FFEB4F93A
:1074DC00891106462F60404601EB8104F9F72CF91F
:1074EC0001220221FAF776F8092301463A4628468A
:1074FC00FFF7F4FC3046F9F71FF901220221FAF7E5
:10750C0069F80823014609222846FFF7E7FC0B23FC
:10751C0011222146FFF7E2FC01231C221946FFF73A
:10752C00DDFC4846BDE8F883000020412DE9F04120
:10753C0090F8328004460D46B8F1000F3ED000237F
:10754C00254980F83230D0F81901F8F719FF234992
:10755C00F8F716FF2249F8F70BFE07F037FEF9F79C
:10756C00EBF81D490746D4F81D01F8F709FF1B4934
:10757C00F8F706FF1B49F8F7FBFD07F027FEF9F7B4
:10758C00DBF894F8FA320646DBB1B4F895410022E8
:10759C0028460B2339462A60FFF7A0FC0A230B224E
:1075AC003146FFF79BFC012203212046FAF712F823
:1075BC000B23014615222846FFF790FC4046BDE8F8
:1075CC00F0810949D4F83F02F8F7DAFE07F0FEFD26
:1075DC00F9F7B2F80446DAE7E12E65420000A04064
:1075EC00000061440000E1430000C84238B5034686
:1075FC0093F83340084614B90024204638BD0021C6
:10760C0093F8042383F833100132D2B2032A0FD932
:10761C0083F80413012593F89410002218230260B8
:10762C00FFF75CFC082318222946FFF757FCE4E718
:10763C0083F80423002AEDD0012ADDD1D3F80013FE
:10764C000029D9D00425E8E71C2945D8DFE801F04A
:10765C000F121416181A1C1E4420442244242628E7
:10766C002A2C2E30323436383A3C3E4042001B49EC
:10767C0009F075B91A49FBE71A49F9E71A49F7E70E
:10768C001A49F5E71A49F3E71A49F1E71A49EFE7FE
:10769C001A49EDE71A49EBE71A49E9E71A49E7E70E
:1076AC001A49E5E71A49E3E71A49E1E71A49DFE71E
:1076BC001A49DDE71A49DBE71A49D9E71A49D7E72E
:1076CC001A49D5E71A49D3E71A49D1E71A49CFE73E
:1076DC001A49CDE71A49CBE71A49C9E7B82401087A
:1076EC00F31901082F1A0108341A0108391A010874
:1076FC003E1A0108431A0108481A01084D1A0108DC
:10770C00521A0108571A01085C1A0108001A0108DC
:10771C00611A0108661A01086B1A0108701A01082F
:10772C00751A01087A1A01087F1A0108841A0108CF
:10773C00891A01088E1A0108931A0108981A01086F
:10774C009D1A01080D180108192941D8DFE801F02C
:10775C000D10121416181A1C1E4020222426282A3A
:10776C002C2E30323436383A3C3E1A4909F0F7B8F0
:10777C001949FBE71949F9E71949F7E71949F5E7F9
:10778C001949F3E71949F1E71949EFE71949EDE709
:10779C001949EBE71949E9E71949E7E71949E5E719
:1077AC001949E3E71949E1E71949DFE71949DDE729
:1077BC001949DBE71949D9E71949D7E71949D5E739
:1077CC001949D3E71949D1E71949CFE71949CDE749
:1077DC001949CBE70A1A0108481A0108B82401080C
:1077EC00A21A0108F3190108A71A0108AC1A01081A
:1077FC00B11A0108001A0108341A0108431A0108C9
:10780C003E1A0108B61A0108701A0108391A010843
:10781C00BB1A0108C01A0108C51A0108CA1A0108C6
:10782C00CF1A0108D41A0108D91A0108DE1A010866
:10783C00E31A0108E81A01080D180108102925D8C7
:10784C00DFE801F0090C240E1012141618241A1C6F
:10785C001E24242022000E4909F081B80D49FBE7B3
:10786C000D49F9E70D49F7E70D49F5E70D49F3E740
:10787C000D49F1E70D49EFE70D49EDE70D49EBE750
:10788C000D49E9E70D49E7E70D49E5E70D49E3E760
:10789C000A1A0108F3190108ED1A0108B4260108A7
:1078AC003E1A0108841A0108F21A0108F71A010895
:1078BC00341A0108431A01087A1A0108391A010806
:1078CC00BB1A01080D180108142921D8DFE801F0B2
:1078DC000B0E1012142020162018202020202020FF
:1078EC001A20201C1E000B4909F039B80A49FBE785
:1078FC000A49F9E70A49F7E70A49F5E70A49F3E7BC
:10790C000A49F1E70A49EFE70A49EDE70A49EBE7CB
:10791C000A49E9E7B8240108F3190108FC1A01081F
:10792C00341A0108391A0108481A0108011B010808
:10793C00611A01080A1A0108061B01080D18010832
:10794C0023289ABF014B185C02207047722B010848
:10795C000B46013B1146032B0BD8DFE803F0020466
:10796C000608FFF771BEFFF7EFBEFFF767BFFFF723
:10797C00ABBF014908F0F3BF0D18010838B5044638
:10798C003C4B821C03F1280153F8040B8B4242F848
:10799C00040BF9D100252B222946C4E9245584F87F
:1079AC00985004F1990008F05AFE2946342204F14B
:1079BC00C40008F054FE29461D2204F1F80008F01A
:1079CC004EFE29461C2204F2151008F048FE2946EA
:1079DC001C2204F2311008F042FE29461A2204F24D
:1079EC004D1008F03CFE2946122204F2671008F0F4
:1079FC0036FE2946142204F2791008F030FE29468E
:107A0C00272204F28D1008F02AFE2946162204F5CE
:107A1C00DA7008F024FE2946362204F5E57008F0E9
:107A2C001EFE2946362204F5007008F018FE294681
:107A3C003C22C4F83652C4F83A5284F83E52C4F888
:107A4C003F52C4F84352C4F84752C4F84B5204F2A4
:107A5C004F2008F004FE2946362204F28B2008F051
:107A6C00FEFD3622294604F2C12008F0F8FD20461E
:107A7C0038BD00BF301601082DE9F04FC77E837E5C
:107A8C00BF000C4647EA931703F03F01037F457F85
:107A9C0003F00102867F47EA822705F00F02D2012C
:107AAC0042EA530206F07F031B0143EA1513C57F1C
:107ABC0090F820E06D0089B045EAD6150EF003066B
:107ACC00059345EA462390F82160009306F01F05C4
:107ADC00AD0145EA9E0390F8225090F824E0ED00A9
:107AEC00019345EA561390F823500EF007060293C3
:107AFC0045EA062390F82550039305F03F067601DE
:107B0C0046EADE0390F8266090F827E0B60046EAD5
:107B1C0095160EF0010546EA852690F8285090F847
:107B2C002B8005F00F0B4FEACB1B4BEA5E0B90F84A
:107B3C0029E090F819C00EF07F0A4FEA0A1A4AEAB7
:107B4C00151A90F82A5049016D0045EADE1508F027
:107B5C00030E45EA4E2590F82CE041EADC010EF0CC
:107B6C001F094FEA891949EA980990F82D80007E7F
:107B7C000CF0070C40EA0C204FEAC80848EA5E18E3
:107B8C00049306920791F9F763F907992080084648
:107B9C00F9F75EF960803846F9F75AF9069AA08031
:107BAC001046F9F755F9059BE0801846F9F750F99E
:107BBC0020810098F9F74CF960810198F9F748F9A0
:107BCC00A0810298F9F744F9E0810398F9F740F99C
:107BDC0020820498F9F73CF960823046F9F738F9BD
:107BEC00A0825846F9F734F9E0825046F9F730F99B
:107BFC0020832846F9F72CF960834846F9F728F9D1
:107C0C00A0834046F9F724F9E08309B0BDE8F08F72
:107C1C004A780020013A92B20231F9F77BB90000A0
:107C2C0038B504460175002937D00025034680F885
:107C3C00BD5000F1500280F86C5080F8655080F80F
:107C4C00665080F8675080F8685080F86A5080F869
:107C5C006B5083F88451C3F8885108339342F8D1A0
:107C6C004FF6FF73A4F8BE300C4B04F5EA70C4F861
:107C7C00C030FEF7D7FF0A4B0A4A20461A600A4B5F
:107C8C000A4AC4F8DC54A4F8E054C4F8E4541A606A
:107C9C00FEF7D2F9064B074A1A6038BD0000C07FC8
:107CAC0054020020DD6000085802002035610008F5
:107CBC00AC33002005610008037D70B504460D4609
:107CCC0013B90026304670BDFEF734FA94F86530CF
:107CDC0003F0FF06002BF4D00023204684F8653017
:107CEC0004F11501FFF794FFA37D23449B7D834290
:107CFC00E7D129462046FFF7BFFEE3E70346007DA8
:107D0C0030B560B393F86C4004F0FF003CB3002432
:107D1C001D7983F86C403DB1132A1C7111D8114C9C
:107D2C0022784AB901222270DA88541CD2B2DC8043
:107D3C0052B903230B7012E0013AD2B22270002A1E
:107D4C00F2D10022DA80EFE793F8672002F0FF040B
:107D5C0032B1002283F86720052320460B7030BD1A
:107D6C000423E7E746060020027D03460AB90020FB
:107D7C00704790F8682002F0FF0022B1002283F8CF
:107D8C0068200A70704793F86A2002F0FF002AB14D
:107D9C00002283F86A2001230B70704793F86B2044
:107DAC0002F0FF0022B1002283F86B200223F3E7DC
:107DBC0093F8662002F0FF00002AD8D0002283F846
:107DCC0066205A7DEE2AD2D1DB7D812BCFD10323C5
:107DDC00E2E738B504461D46EA23084684F86D30C0
:107DEC00AB1C114684F86E302A4684F86F0004F1FF
:107DFC00700008F0BCFD204604F16D01FFF708FF90
:107E0C006319043583F87000EDB284F8BD5038BDA9
:107E1C0013460A468221FFF7DCBF000070B50C4602
:107E2C0000F1DC06054610220021304608F017FC54
:107E3C006379032B10D12079FFF782FD226801466C
:107E4C00D2B23046FFF784FD94F90630002B03DBE9
:107E5C003046034908F00BFC012385F8843170BDD2
:107E6C000B1B010837B504460D460868496850EAF3
:107E7C00010331D00023194AF8F7F4FCCDE90001D5
:107E8C00684608F035FC436903F26C735BBAA4F8DE
:107E9C00D3300369114A013384F8D530C36884F8B0
:107EAC00D630836884F8D730436884F8D8300368B8
:107EBC0084F8D930286869680023F8F7D3FC104699
:107ECC0019464FF47A720023F8F7CCFC40BA012320
:107EDC00A4F8DA0084F8CC3103B030BD40420F0076
:107EEC00002310B51A464FF6FF74191D00EB410123
:107EFC0049880133A14218BF52180A2BF5D1B0F8AA
:107F0C0029301344B0F82B201A44B0F82D30B0F8B7
:107F1C002F001344184410BD2DE9F04190F82F7038
:107F2C0004460D4687B3002680F82F6000F5E570F7
:107F3C00FFF7D6FF6422B4F9E83190FBF2F1B342BB
:107F4C00A8BF0A22D4F8CA81ACBF93FBF2F4344622
:107F5C000923002228462E60FEF7C0FF01220221D1
:107F6C002046F9F737FB0823014609222846FEF77D
:107F7C00B5FF47F6FF7141454FF00F034FF011026B
:107F8C00A8BF4146FEF7AAFF3846BDE8F0812DE9AF
:107F9C00F04190F8347004460D4687B3002680F803
:107FAC00346000F50070FFF79BFF6422B4F91E32B9
:107FBC0090FBF2F1B342A8BF0A22D4F80082ACBF06
:107FCC0093FBF2F434460923002228462E60FEF778
:107FDC0085FF012202212046F9F7FCFA082301460D
:107FEC0009222846FEF77AFF47F6FF7141454FF00C
:107FFC000F034FF01102A8BF4146FEF76FFF384642
:10800C00BDE8F081F223F0B591B00D4601A904460C
:10801C001646ADF80830FFF71AF838B12389ADF8D9
:10802C000A30019B039301238DF80930204601A9E6
:10803C00FFF7E8F970B106229DF8093010A902FB90
:10804C000312218A013322F8361C01998DF809306C
:10805C0042F8341C204601A9FFF71EFA70B1062223
:10806C009DF8093010A902FB0312218D013322F86F
:10807C00361C01998DF8093042F8341C204601A9B0
:10808C00FFF754FA70B106229DF8093010A902FBD3
:10809C000312618A013322F8361C01998DF80930DC
:1080AC0042F8341C204601A9FFF740F870B10622B3
:1080BC009DF8093010A902FB03126189013322F8E3
:1080CC00361C01998DF8093042F8341C204601A960
:1080DC00FEF716FF70B106229DF8093010A902FBBD
:1080EC0003126188013322F8361C01998DF809308E
:1080FC0042F8341C204601A9FEF728FF70B1062275
:10810C009DF8093010A902FB0312A188013322F853
:10811C00361C01998DF8093042F8341C9DF8097011
:10812C00082F11D8204601A9FFF7F6FE60B10623EF
:10813C0010AA03FB0723A289013723F8362C019AD6
:10814C008DF8097043F8342C9DF80970082F11D85C
:10815C00204601A9FFF71BFF60B1062310AA03FB01
:10816C000723E28A013723F8362C019A8DF809701F
:10817C0043F8342C9DF80970082F11D8204601A91A
:10818C00FFF746F860B1062310AA03FB0723E28928
:10819C00013723F8362C019A8DF8097043F8342CEA
:1081AC009DF80970082F11D8204601A9FFF71EFA77
:1081BC0060B1062310AA03FB0723A28A013723F818
:1081CC00362C019A8DF8097043F8342C9DF80970FF
:1081DC00082F11D8204601A9FEF7E2FE60B1062354
:1081EC0010AA03FB0723E288013723F8362C019AE7
:1081FC008DF8097043F8342C9DF8090050B100EB50
:10820C00400043000233DAB22846327002A908F06B
:10821C00AEFB012011B0F0BD344B2DE9F04F00F155
:10822C005001044606461F680125034640F6C4105B
:10823C0097B0D3F8882122B1BA1A824288BF83F84A
:10824C00845108338B42F4D14FF0000825468DF849
:10825C00078004F1780904F16D0A96F884319DF8D1
:10826C0007B05BB395F814310BEB03022B2A0DDD31
:10827C009DF8075045B32A4602A904F16D0008F099
:10828C0076FB84F8BD5017B0BDE8F08F86F884817A
:10829C00C6F888712046D5F8102195F80C11FFF717
:1082AC0098FD02AB03EB0B00514694F8BD2008F08F
:1082BC005EFB94F8BD305B448DF807300C354D45B2
:1082CC0006F10806C9D1D3E70DF1070202A904F59E
:1082DC00EA70FFF797FE0028D5D0802120469DF844
:1082EC00073002AAFFF775FDCDE700BFD440002090
:1082FC0070B591F8205004460E465DBB0846FFF75A
:10830C00EFFD642390FBF3F040BAA4F8EC00B6F94F
:10831C001E30591C1CBF0A2593FBF5F56DBAA4F849
:10832C00EE5033680C4A23EAE373934228BF13469A
:10833C001A0C84F8F0201A0A84F8F12084F8F23030
:10834C0096F923305A1C08BF002384F8F33001231C
:10835C0084F8C43170BD00BFFFFF7F0038B50D46F7
:10836C0004460F49A868F8F70BF8F8F7E5F940BA96
:10837C00A4F8F40068680A49F8F702F8F8F7DCF991
:10838C0040BAA4F8F600E8680549F7F7F9FFF8F7E2
:10839C00D3F9012340BAA4F8F80084F8943138BD1D
:1083AC0000401C464FF47A7210B54B6804461BBA59
:1083BC00C0F8C4308B681BBAC0F8C830CB6893FBCC
:1083CC00F2F3134483F310035BBAA0F8D0304B8B59
:1083DC005BBA1149A0F8CE30D0F8C000F7F7D0FF47
:1083EC000E49F7F7CDFFF8F7CDF940BA94F8BE3047
:1083FC00A4F8CC00FF2B0CD094F8BF20FF2A02D09D
:10840C00934238BF134684F8D230012384F88C3160
:10841C0010BD0023F7E700BF0000204166666640F0
:10842C0070B50D4604460D492868F7F7A9FFF8F713
:10843C00A9F940BA0126A4F8FF0084F8AC616B6876
:10844C000749C4F8C030E868F7F79AFFF8F774F9F1
:10845C0040BAA4F8FA0084F89C6170BD0000104288
:10846C000000C84270B50D46044611496868F7F71C
:10847C0087FFF8F787F9012600BAC4F80401B5F9AB
:10848C000C3084F8BC611BBAC4F8083184F8016163
:10849C00B5F90C00F7F720FF0649F7F771FFF8F76D
:1084AC004BF940BAA4F8020184F8B46170BD00BF66
:1084BC000000C842CDCCCC3D70B58A680446C2F3EE
:1084CC0017024A2A0B4690B000F0168143D8212A95
:1084DC0026D8172A0AD8012A00F04A81022A00F06D
:1084EC009680002A00F0868010B070BD183A092AD8
:1084FC00FAD801A151F822F071860008F584000821
:10850C00F5840008C7870008F58400083B8700083D
:10851C0055860008F5840008F58400081F870008BC
:10852C002A2A00F070813E2ADED14D780C31192DAB
:10853C0000F28C812A4601A808F019FA01AB00213F
:10854C00C5F11A02581908F08AF801A904F5EA7065
:10855C00FEF7FBFBC8E7A22A00F0AB812DD8882AD6
:10856C0000F082811AD87C2A00F0A480842ABBD126
:10857C004D780C31262D00F2A5812A4601A808F071
:10858C00F6F901AB0021C5F12702581908F067F87C
:10859C0001A904F5EA70FEF704FCA5E7932AA3D120
:1085AC0001A8F9F78BFC204601A9FFF7A1FE01A950
:1085BC0004F5EA70FEF727FC96E7F22A00F09D819D
:1085CC000DD8AD2A00F09081E22A8DD101A8F9F7DF
:1085DC00C7FC01A904F5EA70FEF754FC84E7FD2AF8
:1085EC0082D101A8F9F76AFC01A904F5EA70FEF73B
:1085FC0064FC79E701A8F9F799FC204601A9FFF77B
:10860C000DFC01A904F5EA70FEF724FB6CE74D782C
:10861C0001F10C060B2D10D82A46314601A808F0A2
:10862C00A6F901AB0021C5F10C02581908F017F896
:10863C00204601A9FFF716FC56E7C868716801AA25
:10864C0003C2B0681060F3E7194601A8F9F753FCB0
:10865C00204601A9FFF782FE01A904F5EA70FEF796
:10866C0036FB41E75D7803F10C01332D14D82A4613
:10867C0001A808F07CF901AB0021C5F134025819AE
:10868C0007F0EDFF9DF8213001A984F8BE3004F508
:10869C00EA70FEF701FB27E70A4601AD3C332E4694
:1086AC0010685168083203C69A423546F7D11068F3
:1086BC003060E7E74D780C31382D0FD82A4601A8E9
:1086CC0008F055F901AB0021C5F13902581907F032
:1086DC00C6FF9DF8253084F8BF3005E70A4601AD8A
:1086EC0044332E4610685168083203C69A42354608
:1086FC00F7D113783370ECE701A8F9F7C4FC2046E6
:10870C0001A9FFF78DFE01A904F5EA70FEF72AFB1B
:10871C00EAE6194601A8F9F7EEFB204601A9FFF796
:10872C0041FE01A904F5EA70FEF7E0FADCE65D789B
:10873C0003F10C010F2D0FD82A4601A808F017F9E8
:10874C0001AB0021C5F11002581907F088FF204633
:10875C0001A9FFF787FEC7E60A4601AE1C33354672
:10876C0010685168083203C59A422E46F7D1EEE7DD
:10877C004D780C312A2D10D82A4601A808F0F7F8AC
:10878C0001AB0021C5F12B02581907F068FF01A9B4
:10879C0004F5EA70FEF772FAA6E60A4601AD343328
:1087AC002E4610685168083203C69A423546F7D1F6
:1087BC00118893783180B370E9E75D7803F10C018F
:1087CC001C2D10D82A4601A808F0D1F801AB0021C5
:1087DC00C5F11D02581907F042FF01A904F5EA7012
:1087EC00FEF769FA80E60A4601AD24332E4610687E
:1087FC005168083203C69A423546F7D1106830608A
:10880C0013793371E9E74D780C31112D10D82A46C4
:10881C0001A808F0ACF801AB0021C5F112025819FF
:10882C0007F01DFF01A904F5EA70FEF781FA5BE67B
:10883C000A4601AD1C332E4610685168083203C637
:10884C009A423546F7D113883380EBE70A4601ADDF
:10885C0024332E4610685168083203C69A423546B6
:10886C00F7D11388338070E64D780C31152D10D864
:10887C002A4601A808F07BF801AB0021C5F11602CD
:10888C00581907F0ECFE01A904F5EA70FEF7AEFAF0
:10889C002AE60A4601AD1C332E4610685168083290
:1088AC0003C69A423546F7D1106830609388B3807E
:1088BC00E9E701A8F9F73AFB01A904F5EA70FEF71C
:1088CC00CAFA11E60A4601AD2C332E4610685168DF
:1088DC00083203C69A423546F7D110683060918849
:1088EC009379B180B37153E601A8F9F739FB01A96B
:1088FC0004F5EA70FEF7BCFAF6E54D780C313B2D29
:10890C0010D82A4601A808F032F801AB0021C5F1B5
:10891C003C02581907F0A3FE01A904F5EA70FEF712
:10892C00BBFAE1E50A4601AD44332E4610685168A6
:10893C00083203C69A423546F7D110683060EBE72F
:10894C004A7922B18B79012B01D1FFF7B5BD704764
:10895C00B0F5E16F03DC10F5E16F04DB7047A0F5B7
:10896C00616000B2F4E700F5616000B2F3E700006B
:10897C0038B50D46B0F8E034AA8813F0080108BFEA
:10898C00C0F8901113F0020308BFC0F8A831B2F57B
:10899C00005F044600F0A78007D86C2A17D06D2A18
:1089AC0000F08F806A2A60D038BD42F202039A42EE
:1089BC003BD042F6FF739A42F6D1D0F8E424A96872
:1089CC00DC30FEF7B3F8012384F88431ECE7B5F919
:1089DC000A00FFF7BDFFF7F77FFC4749F7F7D0FC1C
:1089EC00F7F7AAFE40BAA4F8F400B5F90800FFF7AF
:1089FC00AFFFF7F771FC4049F7F7C2FCF7F79CFEA5
:108A0C0040BAA4F8F600B5F90C00FFF7A1FFF7F790
:108A1C0063FC3A49F7F7B4FCF7F78EFE012340BA32
:108A2C00A4F8F80084F89431BEE70A22B5F80930AE
:108A3C00B3FBF2F35BBAA0F8EC30B5F80B30B3FB38
:108A4C00F2F35BBAA0F8EE30D5F811301A0C80F8BE
:108A5C00F0201A0A80F8F12080F8F2306B7F80F851
:108A6C00F330012380F8C4319EE700299CD02422E6
:108A7C00D5F80A301BBAC0F8C430D5F80E301BBA82
:108A8C00C0F8C830AB8A534364223233B3FBF2F3E1
:108A9C005BBA0A21A0F8CC30EB8A4B435BBAA0F846
:108AAC00CE30D0F8DC3493FBF2F303F57A735BBA77
:108ABC00A0F8D0306B7A80F8D230012380F88C315A
:108ACC0072E7B5F90C2052BAA0F8FA20012280F80E
:108ADC009C21002B3FF468AFD5F80E3080F88C2128
:108AEC00C0F8DC3460E7AB89A0F8E034D5F811307D
:108AFC00C0F8E43458E700BF58A08B416E882E4371
:108B0C007FB5204C054694F99200F8F7D9F9002668
:108B1C008DF8040020468DF80560F8F721F994F8DB
:108B2C0095308DF806008DF80830174B8DF80760DE
:108B3C009878F8F7B5F98DF809001448FBF7BEFBE7
:108B4C00F8F788F98DF80A002046F8F7E4F8F8F7FA
:108B5C00B7F98DF80B002046F8F7EFF88DF80C00FC
:108B6C002046F8F7E1F88DF80D002046F8F703F9E8
:108B7C000A238DF805001421284601AAFFF729F9CC
:108B8C0004B070BDE0310020FC0200208C320020CB
:108B9C0073B5184C05462046F8F7BDF8F8F790F970
:108BAC008DF800002046F8F7B6F806461248FBF799
:108BBC0077FB01463046F8F78DF98DF80100204619
:108BCC00F8F7BBF88DF802002046F8F7ADF8FF2354
:108BDC008DF80430094B8DF803009878F8F768F994
:108BEC0006238DF805006A461D212846FFF7F1F88B
:108BFC0002B070BDE03100208C320020FC0200205D
:108C0C00F7B5144D044695F99200F8F759F9124E40
:108C1C008DF80000304695F99270FBF741FB014648
:108C2C003846F8F757F98DF801002846F8F798F808
:108C3C0000238DF8020030468DF80330FBF73EFB25
:108C4C0005238DF804006A461C212046FFF7C1F865
:108C5C0003B0F0BDE03100208C3200204EF6EA6308
:108C6C0030B595B00546142219490DF10200ADF846
:108C7C000030F8F7E7FA0DF10200F7F76BFAC3B220
:108C8C006D20DC1CE4B20DF804004C200DEB04024A
:108C9C005070522090705320D070312010716FF0B2
:108CAC002B00507101205072042000219072022080
:108CBC0011339171D1711172D072117351732846A5
:108CCC006A462921DBB2FFF784F815B030BD00BF2E
:108CDC00E119010870B5054694B005F16D06FFF772
:108CEC000FFF314695F8BD20684607F040FE95F819
:108CFC00BD402846E4B2FFF74BFF314695F8BD2046
:108D0C000DEB040007F033FE95F8BD3028461C44EB
:108D1C00E4B2FFF775FF314695F8BD200DEB04006A
:108D2C0007F025FE95F8BD3069461C44E4B2224696
:108D3C00304607F01CFE85F8BD4014B070BD000035
:108D4C000D4B10B51868810611D5DA6892060ED550
:108D5C000A4C0B495A68238809880133C3F308036A
:108D6C0089B299421FBF0749D2B2CA542380030764
:108D7C0044BF014B5B6810BD00440040C240002062
:108D8C00C0400020C03E00200848094A01881388D2
:108D9C0089B29BB29942F9D013880133C3F308030B
:108DAC0013801388034A9BB2D05C7047C2400020EA
:108DBC00C0400020C03E0020FFF7E6BF002300B5F6
:108DCC0089B0CDE90633CB1A18BF01231B03CDE9BB
:108DDC0002320C2301900491034801A9059305F07C
:108DEC0015FD09B05DF804FB0044004010B5064CBD
:108DFC00E36823F40053E360FFF7E0FFE36843F418
:108E0C000053E36010BD00BF00440040012808B5CA
:108E1C0003D1BDE80840F9F775BA0348F8F76CFEC2
:108E2C006FF02003036008BD0044004010B50C46F1
:108E3C000020FFF7EBFF44B14FF400524FF4806178
:108E4C000348FFF7D3FFF9F75DFA012010BD00BF0F
:108E5C00A086010013B5264C40F60801E36823F404
:108E6C000053E360F9F7DFFB4FF40030F8F70EFE28
:108E7C0008230122CDE90032032300F180401A4679
:108E8C00A0F57840F9F714FC00221A481146FFF7B8
:108E9C0095FFF022236923F490432361636923F047
:108EAC002A036361144B83F8262340225A60204620
:108EBC00F8F722FE6FF02003236000230F4A138083
:108ECC000F4A1380236923F400632361636923F041
:108EDC0008036361236923F480432361636923F0EE
:108EEC0022036361E36843F40053E36002B010BDF6
:108EFC0000440040A086010000E100E0C0400020DA
:108F0C00C2400020003818BF0120014B1870704778
:108F1C000406002070B5002A39D1042B73D89DB2F9
:108F2C00A3B31446654A92F82830566A03F1030C31
:108F3C005FFA8CFCF600BCF1070F566282F828C071
:108F4C0040F28A80053BDBB282F82830B1F800C0D1
:108F5C00DE400CF101030B8000F80C600EE0083BC6
:108F6C00DBB282F82830B1F800C0566A0CF1010E61
:108F7C0026FA03F3A1F800E000F80C3092F8283040
:108F8C00072BECD80134A6B2B542CED870BDFF2A5F
:108F9C00FCD1032B67D89DB2002BF7D00026474A93
:108FAC0092F82830546A03F1040C5FFA8CFC24010B
:108FBC0044F00204BCF1070F546282F828C07BD93C
:108FCC00043BDBB282F82830DC400B8803F1010C47
:108FDC00A1F800C0C4540DE0083BDBB282F8283085
:108FEC00546AB1F800C024FA03F30CF101040C80AC
:108FFC0000F80C3092F82830072BEDD80136B4B2BB
:10900C00A542CFD870BD2D4A03F5C063546A43EA1C
:10901C00443392F82840536204F10D05EDB2072D4C
:10902C0082F82850B2D90534E4B282F82840E340E3
:10903C000C88651C0D80035509E0083BDBB282F8F7
:10904C002830546A0D88DC406B1C0B80445592F818
:10905C002830072BF1D870BD0134A6B2B542634657
:10906C003FF663AF92E7154A03F5E063546A43EAAF
:10907C00443392F82840536204F10D05EDB2072DEC
:10908C0082F8285082D90534E4B282F82840E340B3
:10909C000C88651C0D80035509E0083B546ADBB253
:1090AC0082F82830DC400B885D1C0D80C45492F88B
:1090BC002830072BF1D870BD63469FE72C0E00209B
:1090CC002DE9F0470027FF268025674C0F80984636
:1090DC000670A577676284F82870002B00F0BC80BE
:1090EC0003F1FF391FFA89F99144561EBA463A46E4
:1090FC0009E0554546D10137BFB20B8843453AD2FA
:10910C004E4500F0948016F8015F002AF1D16B1ED9
:10911C00DBB2FD2B32D83F2B62D905F14103DBB218
:10912C003F2B34D8636A94F828200135EDB245EA18
:10913C00032502F10803DBB2072B656284F82830A3
:10914C0015D984F828200B88D5405A1C0A80C554A0
:10915C0009E0083BDBB284F82830626A0D88DA40FB
:10916C006B1C0B80425594F82830072BF1D8002249
:10917C000B884345C4D30020BDE8F0870127AA46DD
:10918C003A46BAE75246FBB2FFF7C4FEBFE7636A42
:10919C0094F828203F35EDB245EA432502F1090346
:1091AC00DBB2072B656284F82830E0D90132D2B2E9
:1091BC0084F828200B88D5405A1C0A80C55409E035
:1091CC00083BDBB284F82830626A0D88DA406B1CED
:1091DC000B80425594F82830072BF1D80022C7E7B2
:1091EC00636A94F828207F35EDB245EA032502F135
:1091FC000803DBB2072B656284F82830B7D984F8F2
:10920C0028200B88D5405A1C0A80C55409E0083B1D
:10921C00DBB284F82830626A0D88DA406B1C0B8054
:10922C00425594F82830072BF1D80022A0E722B140
:10923C00FBB25246FFF76EFE0B8894F8282062B101
:10924C000125646AC2F10802944005FA02F2013A5F
:10925C0022435C190C80C2540B88984594BF0020A3
:10926C000120BDE8F08700BF2C0E002047F26F7381
:10927C0000222DE9F04F827003800B780D46A3F18C
:10928C00FE03B3FA83F35B0983708A78044612F009
:10929C0001011CBF43F080038370D5F8202185B0F9
:1092AC0022F07F4222F0FF0212B143F008038370D8
:1092BC00AA68C2F31702FF2A19D9B2F5803F13D35B
:1092CC004FF0020863F07F03A37041EA0801E170DC
:1092DC0009260B220A21082307204FF0060C4FF019
:1092EC00050E4FF0040912E043F00203A3701E06B2
:1092FC0000F1EC8008260A2209214FF00008072310
:10930C0006204FF0050C4FF0040E4FF0030995F8B2
:10931C0001A0374604F809A095F804A09B4604F870
:10932C000EA095F805E0019104F80CE095F806C044
:10933C00A14404F800C0A078000709D595F82101D4
:10934C008B46E0540B4695F822111646E15517460C
:10935C00AA68E254A378990708D5AB680BF102020E
:10936C00C3F30F23E35597B2B3463E46B8F1000F53
:10937C0005D0AB7AB346E355771CBFB23E46A37813
:10938C00DA0606D595F82331B346E355771CBFB200
:10939C003E46504B01361B781FFA86F8A04405F167
:1093AC000C0A43B1524640466B780DF10E01FFF7A3
:1093BC0087FE00286ED16A78514693B240460193DD
:1093CC0007F0D5FA2178444BC943C9B2627894F8B6
:1093DC000780595C94F802A051404246595C94F8BD
:1093EC0003908AEA010A13F80A1094F804E089EA57
:1093FC00010913F8091094F805C08EEA010E13F850
:10940C000E10A0798CEA010C13F80C10BBF1070FAD
:10941C0080EA0100195C82EA01029A5C25D0217A6B
:10942C00BBF1080F82EA01029A5C1ED0617ABBF193
:10943C00090F82EA01029A5C17D0A17ABBF10A0FDC
:10944C0082EA01029A5C10D0E17ABBF10B0F82EA3E
:10945C0001029A5C09D0217BBBF10C0F82EA01025C
:10946C009A5C1EBF617B4A409A5CE255019AB5F842
:10947C000C311644B6B2A355B5F80C21731C9BB233
:10948C00120AE254AB78B01CDB0780B20CD405B0E6
:10949C00BDE8F08FA37843F04003A370BDF80E3005
:1094AC00019389F800308DE7D5F81821D5F81071A3
:1094BC00D5F814112318275059609A6095F81C217F
:1094CC000F36B0B21A7305B0BDE8F08F4FF000083C
:1094DC00FDE600BF04060020643301082DE9F84FB7
:1094EC008246AE480F4651461546064607F03FFAEF
:1094FC0000238022AA4C3B804FF0FF089E469946E1
:10950C0084F822202384636284F8283006E03B88A8
:10951C005A1C3A800AF8039094F828E0BEF1010F27
:10952C005CD8218C8D4240F29D80606A735C0EF198
:10953C00080C5FFA8CFC43EA0023ACF1020B23FA13
:10954C000BF00EF1060200F003000131D2B202283A
:10955C002184636284F8282000F08680032800F0C0
:10956C00888001281DD0002A40F08780228C9542EB
:10957C0078D90721B05C013240EA032322841A0611
:10958C00636284F82810C2D5062113F0400F84F8CA
:10959C00281040F08D803B885A1C3A800AF80380D2
:1095AC00BAE7062A0BD8228C95425BD9B15C013202
:1095BC0041EA03230CF1060122846362CAB2073A22
:1095CC00D34003F07F037D2B84F828204AD83A88B7
:1095DC004133511C39800AF802309DE7636AAEF1C1
:1095EC00020B23FA0BF000F003005FFA8BF2022857
:1095FC0084F8282003D003281CD0F446B1E7052AB0
:10960C0032D8218C8D422DD9705C0EF106020131BD
:10961C0040EA0323D2B221846362063A84F828E03C
:10962C00D340398803F03F034A1C01333A800AF8CF
:10963C00013071E7052A1CD8218C8D4212D9705C3F
:10964C000EF10602013140EA0323D2B22184636297
:10965C00063A84F828E0D340398803F03F034A1CCB
:10966C00413BE3E7BDE8F88F063A636A5FFA82FE96
:10967C00D4E7063A5FFA82FEEBE70BF1FF3023FAF0
:10968C0000F0511EC9B2C00784F828107FF53FAF17
:10969C0069BB228C9542E5D90721B05C013240EAC6
:1096AC0003232284636284F8281013F0800F70E780
:1096BC004A1ED0B223FA02F2D20784F8280032D420
:1096CC008446228C9542CDD9B05C013240EA03230A
:1096DC00C81D22846362C0B2A0F10802D34084F892
:1096EC0028C05FFA83FB5A460021388833E00139E1
:1096FC0023FA01F0911EC9B2C00784F828107FF537
:10970C004AAF99BB228C9542ACD94FF0070CB15C97
:10971C00013241EA032319062284636284F828C0CB
:10972C0021D40821CDE7072832D8228C954299D92B
:10973C0016F802C0073101324CEA0323228463621B
:10974C00C9B2083923FA01FB5FFA8BFB5A46FF2199
:10975C0084F828003888504406F081FF3B889B44ED
:10976C00A7F800B0D8E660460821DEE701F1FF3C1F
:10977C00D01E23FA0CFCC0B21CF0010F84F8280098
:10978C00D1D107289CD90B3A636A5FFA82FCA3E714
:10979C00A0F108020146D0B2D3E700BF000D0020B3
:1097AC002C0E00202DE9F04F0D4651881446B1F5D2
:1097BC008F7F06468BB00BD90022227000226F2BB4
:1097CC00628000F06281002333700BB0BDE8F08F33
:1097DC0012780E2A24D80E2A00F2108101A050F81B
:1097EC0022F000BFC9970008159A0008099A0008D2
:1097FC00099A0008159A0008159A0008159A00088D
:10980C00159A0008159A0008159A0008619A000824
:10981C00099A0008099A0008099A0008859A000814
:10982C00692A40F2E9806A2A40F0E8809B4FFA8A64
:10983C0002F1FF3C1FFA8CFC002A00F07982FF2217
:10984C000CF1030CDFF858E2BC44B91C11F8010B05
:10985C00424061451EF80220F8D1934200F0D181BC
:10986C0000222270C4F80220E280FA8A022AAAD9C5
:10987C0039796F2900F02E83032AA4D079796F29C6
:10988C0000F03883042A9ED0B9796F2900F0358313
:10989C00052A98D0F9796F2900F03B83062A92D0DB
:1098AC00397A6F2900F04682072A8CD0797A6F2991
:1098BC0000F03283082A86D0B97A6F2900F02F8302
:1098CC00092A80D0F97A6F2900F02C830A2A3FF4F8
:1098DC007AAF397B6F2900F028830B2A3FF473AFE2
:1098EC00797B6F2900F024830C2A3FF46CAFB97B91
:1098FC006F2900F020830D2A3FF465AFF97B6F29A7
:10990C0000F01C830E2A3FF45EAF397C6F2900F007
:10991C001B830F2A3FF457AF797C6F2900F011831A
:10992C00102A3FF450AFB97C6F2900F01083112A34
:10993C003FF449AFF97C6F2900F00C83122A3FF4F5
:10994C0042AF397D6F2908BF4FF012087FF43BAF4F
:10995C0002F101091FFA89F93A44A7F816905FFA47
:10996C0089F993704F494A4602A807F000F86F2313
:10997C004FF0010CBB704FF0000E6423A7F800E011
:10998C00A7F816C0237008EB0C0399451FFA89F24F
:10999C007FF619AF901EA0EB080002A95A1E80B2E8
:1099AC000B444FF06A084FF007094FF0660A0A445F
:1099BC00184405E0002B40F0C08190423FF403AF07
:1099CC00FB8A12F8011F03F1010B3B44A7F816B0F8
:1099DC0099702378092BEDD9A3F1640BBBF1050F1A
:1099EC00EBD8653B042B00F2B882DFE813F02101C1
:1099FC001901140110011D01632A05D800232370DD
:109A0C00C4F80230E380DFE6244FFA8A511C3A4452
:109A1C00F98293702278092A00F2A680002A3FF47A
:109A2C00D2AE013A082A3FF6CEAE01A151F822F08F
:109A3C00199D0008D3970008D3970008659C00086F
:109A4C00659C0008039D0008B99C0008ED9C00086B
:109A5C00D79C00084A1C114E62806B54A088727F00
:109A6C00618883189942FFF6B0AE33785F0600F137
:109A7C00E8810E232370A8E64A1C62806B54E288AE
:109A8C006388934210D201239EE604490A808B70AE
:109A9C0001226423CA822370002395E62C0E002039
:109AAC00643301082E0E00200023022163802370F2
:109ABC00317072802B78FD2B00F08A80EB7833723A
:109ACC002B7973726B7973606A780832728040F20A
:109ADC0085100022FE210446DFF8D0C272810134C9
:109AEC0099424FEA540431D84CD38B4240F08D80CC
:109AFC002B78FD2B00F082804FF0060B284610F8D7
:109B0C0001AF62000BEB0A0909F1FF3189B2019236
:109B1C00F8F75EF8DFF8948204EB440708EB87074C
:109B2C003979ADF8080002A80191F8F72DF805EB8A
:109B3C000902527815F80930019903EB0223BDF89C
:109B4C0008209BB29A421FD005233DE6601E1418D4
:109B5C00824204F1010780F06D8127F0010101EBD5
:109B6C0057015CF82110BAE7A2F1640105293FF610
:109B7C002AAE653A042A00F2F981DFE802F08193FB
:109B8C0079757D002246E2E7BB79DA0706D5FA79CA
:109B9C00924582BF521912F80B20B2729B070BD55B
:109BAC006300234408EB83031B7A6A789A4282BFD2
:109BBC005B1913F80B30F3724FEA4409A14408EB1C
:109BCC00890898F80530317373730BB0BDE8F08FCA
:109BDC006B793372AB7973726B7A297AEA791B04DD
:109BEC0003EB0123134473606A7802F10C0171805A
:109BFC00A978C9077FF56BAF193267E74FF00A0BED
:109C0C007CE70A2201232270DEE50323DCE5F976EA
:109C1C0084F80090D1E64FF06803B9762370CCE657
:109C2C00797084F800C0C8E6397784F80080C4E6FF
:109C3C00397001F001036188033B01F1010B87F8D6
:109C4C0001E0A4F802B06B5497F90030002BACBFC4
:109C5C00634653462370B0E66288511C6180AB5456
:109C6C0023780133237017E70722FB762270AAE5CD
:109C7C006822BB762270A6E56A223B772270A2E5A9
:109C8C0000227A7062883B7003F00103033B511C85
:109C9C006180AB5497F90030002BB4BF66230123CD
:109CAC002370F9E601227B7022708CE56288511CCE
:109CBC006180AB543B787A78134313F0020340F085
:109CCC00D8806288511C6180AB546288511C6180C1
:109CDC00AB543B78D8064CBF69236A232370DBE670
:109CEC006288511C6180AB547B7813F00203ECD07A
:109CFC0009232370D0E66288511C6180AB543B78F9
:109D0C001D074CBF672307232370C5E66288511CCF
:109D1C003A836180AB543A787B7712F0010200F001
:109D2C00C48006220833E380A28004232370B3E6A8
:109D3C00FF2292E54FF006080AE6013B082B3FF69E
:109D4C003CAE0FF2080B5BF823F000BF919D0008AE
:109D5C00C7990008C79900087D9D00087D9D0008E3
:109D6C000B9E0008D99D0008259E0008BD9D00088B
:109D7C00638803F1010BA4F802B0E9542378013392
:109D8C0023701AE6638803F1010B3B83A4F802B03D
:109D9C00E9543B78797713F001036DD00623083131
:109DAC00E180A3800423237007E600BF643401081C
:109DBC00638803F1010BA4F802B0E9543B78DB068D
:109DCC007FF533AF4FF069032370F6E5638803F139
:109DDC00010BA4F802B0E9543B7879780B4313F0EB
:109DEC00020343D1618801F1010BA4F802B06B545A
:109DFC00618801F1010BA4F802B06B54DEE76388B3
:109E0C0003F1010BA4F802B0E9543B7819077FF574
:109E1C00FFAE67232370D0E5638803F1010BA4F830
:109E2C0002B0E9547B7813F00203E1D04FF0090340
:109E3C002370C2E5554902EB4200144651F820103C
:109E4C0053E602A92844FFF749FB737FBDF80810BD
:109E5C006288CB1A9BB21A446280727F1A44727762
:109E6C00E2881344E380338BE95402E60823237021
:109E7C00A3E5082323700FE60C31E1800A21A180B1
:109E8C00797811F0010128D0618801F1010BA4F857
:109E9C0002B005F801C0618801F1010BA4F802B011
:109EAC006B54E3880D33E3807CE70C33E3800A23A7
:109EBC007978A38011F0010122D001216388581810
:109ECC006080E954638859186180EA54E3880D3343
:109EDC00E3802AE74FF002083AE5638803F1010BAF
:109EEC00A4F802B0E954638803F1010BA4F802B0A2
:109EFC00E95457E74FF003082AE54FF0040827E52B
:109F0C0063885A1C6280E95463885A1C6280E95445
:109F1C000BE74FF005081BE54FF0070818E54FF06D
:109F2C00080815E54FF0090812E54FF00A080FE58F
:109F3C004FF00B080CE54FF00C0809E54FF00D083D
:109F4C0006E54FF00F0803E54FF00E0800E54FF063
:109F5C001008FDE44FF01108FAE477290ED084F8CC
:109F6C0000E0C4F802E0A4F806E026E5772B09D05F
:109F7C0000232370C4F80230E38024E44FF065031F
:109F8C0023701AE56523237086E500BF643401084D
:109F9C0070B500F5EF66044600F5CA613046F7F778
:109FAC003EFF0546A0682A46036831461B69984760
:109FBC00E06830B103682A463146BDE870401B6941
:109FCC00184770BD08B50346806840B1B3F84C140F
:109FDC00B3F84A04F8F7EAF9003818BF012008BDB5
:109FEC000346806880B1B3F84C24B3F84A1491420C
:109FFC0009D0991891F85004B3F84E1401320A4064
:10A00C00A3F84C24704700207047836810B50446B1
:10A01C007BB10023A0F84C34A0F84A34C06810B1CE
:10A02C000368DB699847A068BDE810400368DB69EA
:10A03C00184710BDF8B5244F04463846F6F76BFEAA
:10A04C00F6F7D5FE064697F99200F6F7D0FE0546D0
:10A05C003846F6F769FE642284F86226FF221B4B11
:10A06C0084F8642693F835306D22333384F85536F2
:10A07C00442384F85636D4F85836C0F10A0062F3FB
:10A08C001703C4F858360023C4F85C3684F87137CB
:10A09C004FF43943A4F87237092300B280F3070058
:10A0AC0084F8630684F8606604F5CA6084F8615627
:10A0BC0084F8743704F5A471F8F746FA2046BDE825
:10A0CC00F840FFF765BF00BFE03100207C030020A3
:10A0DC0010B5194B194A93F83530C0F86026333354
:10A0EC0080F85536442380F85636D0F8583603227B
:10A0FC006FF31703C0F85836002380F85C3680F8ED
:10A10C005D3680F85E3680F85F3680F871374FF434
:10A11C004853A0F872370923044680F8642680F867
:10A12C00743700F5A47100F5CA60F8F70DFA2046F3
:10A13C00BDE81040FFF72CBF7C0300200008800412
:10A14C000021F0B5044687B0102202A8019106F058
:10A15C0086FA484B04F5D36593F8352001AB03CB55
:10A16C0001AB3332C4F88006C4F8841603CB01ABC0
:10A17C00C4F88806C4F88C16D2B203CB05AFC4F869
:10A18C009006C4F8941601AB1E4603CEBE4228605E
:10A19C006960334605F10805F6D1338818212B8008
:10A1AC00442384F85526942284F85636D4F858362D
:10A1BC0084F85C1662F317036FF05D02C4F858362E
:10A1CC0084F86C2600232021282284F85D1684F85C
:10A1DC005E3684F85F3684F8603684F8613684F82D
:10A1EC00623684F8633684F8643684F8653684F80D
:10A1FC00663684F8673684F8683684F8693684F8ED
:10A20C006A3684F86B3684F86D2684F86E3684F8DA
:10A21C006F3684F8703684F8713684F8723684F8A8
:10A22C00733684F8743684F8753684F8763684F888
:10A23C00773684F8783684F8793684F87A3684F868
:10A24C007B3684F871374FF43243A4F872374E23BF
:10A25C00094A04F5CA60C4F87C2684F8743704F5FE
:10A26C00A471F8F771F9204607B0BDE8F040FFF78C
:10A27C008FBE00BF7C030020D016CB0F38B5044630
:10A28C0084F85E26002284F8643684F871378F23B4
:10A29C0084F85F2684F8602684F8612684F86226A8
:10A2AC0084F863264422A4F85C164D2184F8733795
:10A2BC000A23104884F8562690F83500D4F858260E
:10A2CC009DF8105061F31702333084F8550684F86A
:10A2DC00655604F5CA60C4F8582684F8725784F899
:10A2EC00743704F5A471F8F72FF92046BDE838400F
:10A2FC00FFF74EBE7C030020F0B5022904460D4644
:10A30C008BB01CD1414B42481B7800EB031000F57D
:10A31C008970F6F745FE3F4B18600C2300216B4308
:10A32C003D4A0191D718D3583A79511E082908D8BB
:10A33C00DFE801F0090962626666070769003029E7
:10A34C00EBD90BB0F0BD1B788DF8043000218DF8E3
:10A35C00242005A81022019E06F081F9BF6838461A
:10A36C00F5F7F8FEC2B2102A394628BF102205A80C
:10A37C0006F0FDFA312184F860160021244BC4F854
:10A38C005C6693F835209DF82430333284F87436AB
:10A39C00D2B284F86116A4F8625605AB04F2646676
:10A3AC0009AF1D4603CDBD42306071602B4606F1EE
:10A3BC000806F6D1442384F85526162284F856361E
:10A3CC00D4F8583604F5CA6062F31703C4F858364B
:10A3DC00002384F871374FF45C43A4F872371923C7
:10A3EC0004F5A47184F87437F8F7AEF820460BB076
:10A3FC00BDE8F040FFF7CCBD1B88ADF80430A5E7F5
:10A40C001B680193A2E71B6801939FE7FC020020E5
:10A41C007C030020780600200400002014222DE983
:10A42C00F041884D884F2B78044602FB037393F858
:10A43C0055300E46012B88B018D191F8211197F8A0
:10A44C00352049B102F13303DBB28B420ED196F8C1
:10A45C0022310BB1442B09D1B368C3F31703172B6B
:10A46C0052D006D8142B2BD0152B41D008B0BDE8F8
:10A47C00F08103F180734B3B23F07F43012BF5D824
:10A48C0033329142F2D196F82231442BEED140F284
:10A49C000723358DF0689D4200F0CE80B5F5027F24
:10A4AC0000F0BB80B5F5007F08D1F6F76BF9942866
:10A4BC0000F0B380B0F5967F00F0BE800222B3E0CE
:10A4CC0002A83146F7F7DFFDBDF90800002804DAD1
:10A4DC0003A8F7F721FF0028C8DB3028C6DCA4F856
:10A4EC00C208B4F8BA3843F01003A4F8BA38BDE780
:10A4FC00012384F8C0380023A4F8C238534B1B68DE
:10A50C00643BC4F8C438B1E733329142AED196F80B
:10A51C002231442BAAD196F8018006F10C01B8F136
:10A52C00160F2DD8424602A806F021FA02AB0021E4
:10A53C00C8F1170203EB080006F091F80DF10E00BC
:10A54C00F7F7EAFEB0F1000890DB0C2202FB08F2F0
:10A55C003F489DF81E1083181B79994286D1B8F19B
:10A56C00300F1FFA88F622DC0139029B8258082929
:10A57C001DD8DFE801F01B1B39393B3B1C1C3D008F
:10A58C000B4602AA1C369446186859680833ACE886
:10A59C000300B3426246F6D11868CCF800009988E3
:10A5AC009B79ACF804108CF80630C7E71370287848
:10A5BC00F9F73EFB142301212A7803FB027383F87D
:10A5CC00551097F82D300BB987F82D10B8F1020FF4
:10A5DC0010D1204B07EB0210196800F58970F6F7C3
:10A5EC0019FDA4F8C2687CE71380E0E71360DEE78E
:10A5FC001360DCE7B8F1000FF3D1174B1A78002A7F
:10A60C00EFD083F8008060232380104B1B680BB1C4
:10A61C006360E6E74FF0FF33FAE7B4F8BA3843F07B
:10A62C0002030022A4F8BA38B379294600932046D5
:10A63C007379FFF723FE19E7B4F8BA3843F0040333
:10A64C00EFE700BFFC0200207C030020D440002078
:10A65C0004000020780600209C300020142110B546
:10A66C002E4B04461A782E4B01FB023393F85530CF
:10A67C00012B37D12B4BD0F8BC281B689A1AB2F59A
:10A68C007A7F21BFB0F8BA28C0F8BC3842F001027A
:10A69C00A0F8BA2890F8C02862B1D0F8C4289A1A49
:10A6AC00312A81BFB0F8BA28C0F8C43842F0100380
:10A6BC00A0F8BA38B4F8BA38DA0614D523F0100377
:10A6CC00A4F8BA382046B4F8C218FFF715FEB4F84F
:10A6DC00C23801339BB2302BA4F8C23802D9002304
:10A6EC0084F8C03810BD980708D523F00203204623
:10A6FC00A4F8BA38BDE81040FFF722BD590702D5BF
:10A70C0023F00403F3E7DA07ECD523F0010320462A
:10A71C00A4F8BA38BDE81040FFF7DABCFC02002000
:10A72C007C030020D440002038B5134B134A1B681F
:10A73C000224C0F8BC38002380F8C038A0F8C23816
:10A74C00C0F8C438A0F8BA3813700D4B0D481B78FC
:10A75C000D4D00EB031000F58970F6F721FC0B4B47
:10A76C001860E0B2FAF79EFD01342F2C286305F136
:10A77C000C05F6D138BD00BFD44000209C30002021
:10A78C00FC0200207C03002004000020780600203E
:10A79C006FF0FF03036040F6FF2383800023836088
:10A7AC0003737047142270B53F4D04463F4B287815
:10A7BC0002FB003292F84F60032E02D9042E0CD00B
:10A7CC00FEE73B4E3668A66092F84C20032A18BF71
:10A7DC000021A268E1601AB9FEE7A1600021F8E748
:10A7EC00142101FB003393F85130013B022B9EBF27
:10A7FC002F4B9B68E360E3689A4200D1FEE700238D
:10A80C00C4E90433C4E95233C4E95433A3617F234C
:10A81C00A4F85831F7F7BCFBA878022842D0431FA4
:10A82C005842584140F2FF12FEF76CFB0023022005
:10A83C00A4F84E241F4A2049137053709370D370A0
:10A84C001A46087048708870C8701C49C4F8DA3110
:10A85C00C4F8DE31C4F8E231C4F81233C4F816334C
:10A86C00C4F81A33A4F84C34A4F84A3401330C2B32
:10A87C000A70CA704A708A7001F10401F6D1104B4B
:10A88C0004F6A8001B6803F57A73C4F8A438FFF724
:10A89C007FFF2046A4F8B82822806260BDE8704093
:10A8AC00FFF742BF0120BDE7FC0200207C03002023
:10A8BC005C03002005060020390600200906002054
:10A8CC00D440002003464078FF2808D01B68044A77
:10A8DC0023F07F4323F0FF03934208BF022070470D
:10A8EC00000101000C4B027810B51B681AB903F279
:10A8FC001B63836010BD90F90520002AFADD40F23D
:10A90C001B648168591AA142F4D983600123013A6E
:10A91C0042710373EEE700BFD440002070B590F98C
:10A92C0005300546002B0C4688B01CDB4E780C31EC
:10A93C00182E1AD8324601A806F019F801AB0021DE
:10A94C00C6F11902981905F08AFE0F4903A8F5F70C
:10A95C00F7FB40B90198F5F715FF10B10B4BC3F895
:10A96C00D404FF236B7108B070BD0B4601AA2434CC
:10A97C00164618685968083303C6A3423246F7D105
:10A98C001B783370E1E700BF0D1B0108280700207E
:10A99C00007840B14B79834204D18879431E5842E8
:10A9AC005841704700207047537910B5032B04466B
:10A9BC000AD14B7903709379DB0943701079FCF75A
:10A9CC00BFFFE0701368237110BD00007FB58B686A
:10A9DC00054633F07F430C4600F6A8060ED18B7962
:10A9EC00012B0BD101A8F7F7A1FA9DF80930082B20
:10A9FC0004D02146304601AAFFF7D6FF2146304647
:10AA0C00FFF7C6FF88B3A368C3F31703162B32D026
:10AA1C00F52B16D16678012E29D8324604F10C019B
:10AA2C0001A805F0A4FF01AB0021C6F102029819A0
:10AA3C0005F015FE9DF805309A1E5342534185F8DA
:10AA4C00AA3895F8B83853B195F8B938217901334B
:10AA5C00DBB2CB1A59420A485941F6F789F901235E
:10AA6C0085F8B838237985F8B93804B070BDA38956
:10AA7C00ADF80430DEE73046FFF750FFE1E700BFEA
:10AA8C00E03100207FB504462D4E00F11C05B4F8D2
:10AA9C005411B4F85621881A83B2000444BF803391
:10AAAC009BB20BB904B070BD91421FBFB4F85811E2
:10AABC00A31801320A4096F82D1016BF93F85A319C
:10AACC000023A4F8562102296846294604F11002F5
:10AADC0020D1FEF767FE9DF80030022BD7D1E3683A
:10AAEC00DBB9A068036829461B69BDF802209847AA
:10AAFC0004F5CA662A4669463046F7F757FA3146D6
:10AB0C001048FDF71DFF3146204604B0BDE87040EB
:10AB1C00FFF75CBFF7F7D2FADDE70B4E6946002072
:10AB2C00F7F770FC737833B1A06829460368BDF859
:10AB3C0002201B699847B378002BD9D0E068D1E785
:10AB4C007C03002028070020050600200148FFF7A1
:10AB5C00B9BE00BFD017002010B54E4C86B00021F6
:10AB6C001622684605F07BFD2046F6F7E6F894F8C9
:10AB7C008C308DF800008DF8013094F88D30204623
:10AB8C008DF80230F6F7D0F894F8913094F89020C4
:10AB9C005B0002F0010203F00203134394F8A520BA
:10ABAC008DF8030043EA821394F8A620204643EA6A
:10ABBC00C2139DF80B2002F03C0213438DF80B30AE
:10ABCC00F6F7CEF894F8943094F895208DF8083078
:10ABDC0094F8923092008DF8093094F8963002F087
:10ABEC000402DB0003F0080313439DF80B208DF8DF
:10ABFC00070022F00C02134304F128008DF80B30EF
:10AC0C00F6F753FC8DF80C002046F6F762F88DF839
:10AC1C000D0004F11400F6F748FC8DF80E0004F159
:10AC2C003C00F6F742FC8DF80F002046F6F762F870
:10AC3C008DF810002046F6F79EF894F8A7308DF8A2
:10AC4C0011008DF81230144B02215B7C8DF81330FF
:10AC5C00FFF77CFF114B1A78931E5A425A4100F0B1
:10AC6C00030343EA02230E4A0E48127943EA4223B5
:10AC7C00BDF8142023F0FC039B0522F4407222F053
:10AC8C0003029B0D13436A46ADF81430FBF780FCAE
:10AC9C0006B010BDE0310020240C0020210700205C
:10ACAC0048060020F017002070B54C880346B4F518
:10ACBC00427F4FF000000AD80D780B2D77D8DFE8D3
:10ACCC0005F0060F1C2C2F32383B54575B6DA2F14C
:10ACDC0024046242488062410A7083F809033EE012
:10ACEC004D2A01D0582A06D11A7002220A7000206F
:10ACFC0083F8090370BD0022F8E702F0FD003C2840
:10AD0C0001D0212AF7D15A701A784D2A0CBF08228B
:10AD1C0003220A7000229A70E9E79A700422DBE79A
:10AD2C009A800522D8E7988800EB02229A800622A6
:10AD3C00DCE7DA800722CFE7D88800EB022292B258
:10AD4C00002ADA800CBF0B220A220A7000224A80E9
:10AD5C00012283F80923DB88B3F5407F01D800205A
:10AD6C00C8E7002008704880C4E7DA800922B3E7FE
:10AD7C009A800A220A70EBE7B4F5407F3CBFE418D6
:10AD8C0022724A88013292B24A80D88890429CBF83
:10AD9C000B220A70012283F80923E0E783F80823C9
:10ADAC00022208704880012083F80923A2E708706A
:10ADBC004880D4E7CB8870B5B3F5407F31D82423D5
:10ADCC0003700B7843704B7883700B784D2B14D138
:10ADDC00CB88C3708B88037105230022CE88D418CE
:10ADEC00A4B2964200EB040515D891F808232A70FA
:10ADFC00CA880132981880B270BD8B78C3708B886A
:10AE0C0003718B881B0A4371CB888371CB881B0A17
:10AE1C00C3710823E1E78D182D7A0132055592B2E2
:10AE2C00DCE70020E8E700002DE9F74F16464A88DA
:10AE3C000446B2F5427F0D462ED80B780A2B0FD95B
:10AE4C00A3F16402032A03D90020287068802CE047
:10AE5C00653B8F4F022B32D8DFE803F062A3A600CC
:10AE6C0000210A2BF0D801A050F823F0A5AE000861
:10AE7C00BDAE000855AE000855AE000801AF000885
:10AE8C000FAF00081BAF000821AF000855AE00083B
:10AE9C0055AE00088FAF00080020A6F124077E42B3
:10AEAC007E4168802E7084F8090303B0BDE8F08FF2
:10AEBC006F2E0CBF6423002300202B70F3E716F0D9
:10AECC00040F14BF4D2358233E7023703A78D107DA
:10AEDC000ED412F0020F14BF21233E236370C2F371
:10AEEC00C003D20648BF43F00203A3700423E3E778
:10AEFC003C23F3E70523A6802B7084F8091300206C
:10AF0C00D3E7A38803EB0623A3800623D4E7072308
:10AF1C00E680F1E7E38803EB0623E3806523CBE7C8
:10AF2C000DF106007E70F6F74DFF3978F6F742FF0B
:10AF3C00A7882179F6F73EFF390AF6F73BFFE78839
:10AF4C00A179F6F737FF390AF6F734FF9DF806308A
:10AF5C00B34206D000232B706B80032384F8093393
:10AF6C00CDE7002F0CBF66230A232B70012384F836
:10AF7C00093300236B80E288B2F5407FBFD92B7078
:10AF8C00BDE7B2F5407F3CBF121916726B880133D6
:10AF9C009BB26B80E2889A4201D866232B70012306
:10AFAC00DCE767237E80F9E74FF6FF73B7F8028082
:10AFBC0097F8009008EB06280DF1060049461FFA99
:10AFCC0088F8ADF80630A7F80280F6F7DDFD267993
:10AFDC00B4F804A03146F6F7D7FD4FEA1A21F6F77C
:10AFEC00D3FD94F806B0B4F806A05946F6F7CCFD9C
:10AFFC004FEA1A21F6F7C8FD797804F10807F6F73D
:10B00C00C3FD52463946F6F7CBFDBDF80630434535
:10B01C003AD119F0040015D0002386EA0B01E21D89
:10B02C0098B2824584F8081307D802230120002225
:10B03C002A706A8084F8093337E712F8010F01335C
:10B04C004140EDE7A178F5F75FFF217984F808031B
:10B05C00F5F75AFFA18884F80803090AF5F754FF9D
:10B06C00A17984F80803F5F74FFFE18884F8080309
:10B07C00090AF5F749FF3946E28884F80803F5F721
:10B08C0049FF84F80803D0E703230020CFE700BF73
:10B09C0034300020CB882DE9F041B3F5407F0446D5
:10B0AC000D464BD84B783C2B41D0A3F121004342A9
:10B0BC0043415B002A78A71C4D2AAA7808BF43F0AD
:10B0CC000403D10748BF43F0080392074FF0240252
:10B0DC0022704FF06F0248BF43F010036270A370F0
:10B0EC00AB883846E370AB881B0A2371EB8863711D
:10B0FC00EB881B0AA371F7F733F90822E071E98892
:10B10C00A2F108039BB2561C8B42B6B204EB0208A8
:10B11C000FD30631384689B2F6F75AFD88F800008D
:10B12C00000AA055E8880A3080B2BDE8F0810123FE
:10B13C00C0E72B441B7AA3543246E0E70020F4E727
:10B14C0014210F4B1A780F4B01FB023393F84F303D
:10B15C00032B02D9042B10D0FEE70B4B1B680360AA
:10B16C0000234360C0F81233A0F82236A0F8203632
:10B17C0040F2FF33A0F8243670470023EFE700BFFE
:10B18C00FC0200207C0300205C030020F8B5B0F822
:10B19C002026B0F822360446D21A93B2120444BFC9
:10B1AC0003F580639BB2E62B08D800F2163500F24B
:10B1BC001236206803685B69984700B9F8BD2068AF
:10B1CC0003689B699847314602462846FFF76CFD99
:10B1DC000028EED004F6262729463846FFF75AFFFA
:10B1EC0000239AB29042E4D9B4F82016B4F824C6DD
:10B1FC004A1C02EA0C02B4F822C694451EBF17F88A
:10B20C0003C0091981F826C603F1010318BFA4F87D
:10B21C002026E6E7F8B500F1080504460A46011DAC
:10B22C002846FFF701FEF8B1637A3E2B0DD1A37AC5
:10B23C00A2899B0705D52946BDE8F8400B48FDF7C8
:10B24C0097BB42F6FF739A42F5D004F626262946A0
:10B25C003046FFF7AFFD0246206801680F693146A2
:10B26C00B847637A3E2BE6D0F8BD00BF2807002014
:10B27C0003680BB1FFF7CEBF70470346006868B197
:10B28C00B3F82026B3F82236D31A98B21B0444BF65
:10B29C0000F5806080B2003818BF0120704703466B
:10B2AC00006880B1B3F82226B3F82016914209D079
:10B2BC00991891F82606B3F8241601320A40A3F81F
:10B2CC0022267047002070470346006838B10022E0
:10B2DC00A3F82226A3F820260368DB6918477047D9
:10B2EC0010B504460548FEF790FE0548FFF7ECFF45
:10B2FC006068BDE810400368DB691847280F002020
:10B30C00F422002010B51424084B1A78084B04FBC7
:10B31C00023393F84F30032B02D9042B02D0FEE7F3
:10B32C00044B1968416001B9FEE710BDFC02002016
:10B33C007C0300205C030020F7B572B6F7F728FCFD
:10B34C00F8F756F8F7F75EFBF7F74AFBF7F778FFD5
:10B35C003048F9F775FD0025F7F7B0FB80222E4B2E
:10B36C002E4C1D705A70F8F715FE142223782C49B8
:10B37C002C4E02FB0311A36C2B480093626C91F8CA
:10B38C00513091F84F10F9F755FEC6E90355357554
:10B39C00F7F79EFD254B4FF480471D70F7F7B0FA79
:10B3AC004FF40042224B05F180455A61214805F5C6
:10B3BC008835F7F7E1FAF7F707FC41F288306F614F
:10B3CC00F7F702FC4CF250302F61F7F7FDFB1A48EF
:10B3DC00F7F7C6FF304603F087FC4FF47A70F7F7A7
:10B3EC00F3FB94F85C2094F85B101448FBF746F8D8
:10B3FC0094F85C101248FCF713FC94F85D4011486B
:10B40C002146F6F7FBF90CB1FDF724FD62B603B04B
:10B41C00F0BD00BF7C060020220C0020FC020020A6
:10B42C007C0300208C3200205C03002050020020A2
:10B43C0000040140E0930400100C0020F0170020E1
:10B44C0028070020B00E00204FF40042174B73B5B4
:10B45C005A61FF21164803F039FD164C2060236811
:10B46C005B0612D5144E35798DB108236A4600213E
:10B47C000F4803F023FCD6E90602DDE900139A42DB
:10B48C0008BF884201D00023236002B070BD0223A4
:10B49C006A462946064803F011FC084BDA8BBDF8C6
:10B4AC0000309A4218BF2560EFE700BF000401404E
:10B4BC008C320020140F002048060020FC020020D3
:10B4CC000023044A1370044A1380044A1370044A7C
:10B4DC0013707047220F0020240F0020F032002040
:10B4EC00180C0020024B1878B0FA80F04009704715
:10B4FC00220F00200D4A03461178A9B910700120C3
:10B50C000B4A032B10700B4A118009D0042B01D06D
:10B51C0083420AD10022084B012083F8A4207047F3
:10B52C004FF4FA731380704700207047220F0020ED
:10B53C00F0320020240F0020380500200023034A9D
:10B54C001370034A1380034A13707047220F0020B4
:10B55C00240F0020F03200200A4A08B5138883B16A
:10B56C00013B9BB2138063B9074B1B78032B02BFC3
:10B57C000122064B1A70FFF7E1FF0022044B83F8FF
:10B58C00FA2A08BD240F0020220F0020180C0020DE
:10B59C00F017002013B5C379212B12D10A4CF9F7FF
:10B5AC0035F9FFF7CBFF94F8FA3A032B06D1204676
:10B5BC000DF107018DF80730FBF770F9002384F8C3
:10B5CC00FA3A02B010BD00BFF017002010B50D4BB9
:10B5DC001B78013B032B14D8DFE803F002090D079D
:10B5EC002023BDE81040F9F701B92423F9E7BDE8A1
:10B5FC001040F9F75FB92323F9F7F8F80022024B52
:10B60C001A7010BD220F0020F03200200122034BD3
:10B61C001A7000225A711A71704700BF9D300020B9
:10B62C00054A064B12791B7F1AB15B220449F9F7C4
:10B63C0059BD5B220349FAE748060020FC020020B2
:10B64C00F13200204C33002038B5114B05461A79E5
:10B65C0032B1014600221846BDE83840F9F788BDE2
:10B66C005B230C4A0C49F9F733FD7DB90A48F8F70E
:10B67C00ADFF0128044607D000280849284614BF0E
:10B68C0001240224F9F74CFD204638BD0148EEE7B1
:10B69C00480600208231002027310020E0310020B4
:10B6AC00024B1878831E58425841704721070020DE
:10B6BC00044B1B78022B06BF034B93F8A40000200D
:10B6CC00704700BF210700203805002010B5044644
:10B6DC00FFF7EEFF70B142F6A0020C4BD3F8AC3082
:10B6EC00934208D80A492046FAF748F809492046F7
:10B6FC00FAF744F810BD42F6A1029342FAD006497B
:10B70C002046FAF73BF80549F1E700BF3805002061
:10B71C001B1B0108511B0108871B0108BD1B0108DD
:10B72C0010B50446FFF7D2FF20680749F6F777FFFC
:10B73C00064B206819783031C9B2F6F7B1FE2046B5
:10B74C000349FAF71BF810BDF31B0108FC0200209B
:10B75C000D18010830B5044695B0FFF7B7FF1E4928
:10B76C002068F6F75CFF1D498B7863B12F220231FC
:10B77C0008A804F0AAFF1A492068F6F750FF2068C1
:10B78C0008A9F6F74CFF20461649F9F7F7FF1649BA
:10B79C002068F6F744FF154B1B78022B19D1144D7A
:10B7AC0095F8A4309BB1206805F1B001F6F737FF8E
:10B7BC000B492068F6F733FFD5F8A8106846F5F763
:10B7CC00E3FC69462046F9F7D9FF15B030BD0949AD
:10B7DC00F8E70949F6E700BFFD1B0108DC0E002065
:10B7EC00B01901080D180108161C010821070020CA
:10B7FC00380500201D1C0108FF1E01082DE9F04131
:10B80C0004460025244E254FDFF8948094F88D20B3
:10B81C00EBB29A423ED994F88E30102B37D8DFE831
:10B82C0003F00913181A1C1E20222426282A2C2E59
:10B83C00303234002046FFF749FF94F88E30013542
:10B84C00013384F88E30E1E716492046F9F796FF6C
:10B85C00F3E71549F9E71549F7E71549F5E71549F0
:10B86C00F3E71549F1E71549EFE71549EDE71549F8
:10B87C00EBE71549E9E71549E7E71549E5E7154908
:10B88C00E3E74146E1E73946DFE73146DDE70023F0
:10B89C0084F88C30BDE8F081CD1E0108921E0108A1
:10B8AC00611E0108321C0108561C0108841C010889
:10B8BC00AD1C0108D91C0108011D0108291D010836
:10B8CC00521D01087B1D0108BF1D0108E51D010863
:10B8DC000B1E01082E1E010838B590F88E30044658
:10B8EC0063B990F88F30012B01D9032B06D1FFF7E8
:10B8FC00DFFE18B920462049F9F740FF002594F8DF
:10B90C008E102E2903D9002384F88C3019E04B1C9F
:10B91C0084F88E3094F88F30012B13D10846F9F748
:10B92C008BFC0028EBD10846F9F798FC0028E6D1EF
:10B93C002046FAF7A5F8013594F88D30EDB2AB42FC
:10B94C00DDD238BD022B05D10846F9F775FC00286D
:10B95C00EED1D4E7032B07D10846F9F77FFC00287A
:10B96C00CDD0FFF7A5FEF2E7002BE1D10846F9F7A1
:10B97C0075FC0028DCD0F4E7F91E01082DE9F04332
:10B98C000379044693B0C3B190F88C30013B032B80
:10B99C0019D8DFE803F00252575C006803685B6952
:10B9AC00984768B1206803689B6998470023204634
:10B9BC00A84984F88C30F9F7E1FE13B0BDE8F083A8
:10B9CC002046FAF7C1F8A44B1E6894F885308BB169
:10B9DC00D4F88830F31AB3F5FA6F0BD920469F4987
:10B9EC00F9F7CCFE20469E49F9F7C8FE002384F8EF
:10B9FC0085306371994FDFF86C82DFF86C922068A8
:10BA0C0003685B6998470028D7D0206803689B6956
:10BA1C0098470A280546C4F888601DD00D281BD00D
:10BA2C002C2819D03B2817D001462068F6F738FD92
:10BA3C0029462046F9F7CEFEE1E713B0BDE8F04306
:10BA4C00FFF7DCBE13B0BDE8F043FFF745BF13B002
:10BA5C00BDE8F043FAF720B939462046F9F78EFED7
:10BA6C0041462046F9F7C4FE50B1022384F88C30CD
:10BA7C00002384F88E30002384F885306371BEE790
:10BA8C0049462046F9F7B4FE0028EED12046774906
:10BA9C00F9F7AEFE0028E8D120467549F9F7A8FE63
:10BAAC00054618B12046FFF755FEE4E720467149DC
:10BABC00F9F79EFE40B12046FFF732FE0323A4F8AF
:10BACC008E5084F88C30D6E720466B49F9F790FEFF
:10BADC0050B12046FFF724FE032384F88C304FF43A
:10BAEC008073A4F88E30C6E720466449F9F780FECF
:10BAFC0040B12046FFF714FE032384F88C304FF43A
:10BB0C000073EEE720465E49F9F772FE40B120461D
:10BB1C00FFF706FE032384F88C304FF44073E0E704
:10BB2C0020460AAA02A9F9F7C3FE002842D002A9AE
:10BB3C000DF10200F9F7F0FC20B952492046F9F753
:10BB4C001DFE98E79DF802502846F9F787FB20B1B7
:10BB5C00FFF7AEFD08B94C49F0E79DF828303F2BB4
:10BB6C000BD12046FFF7DCFD29462046F9F788FF6C
:10BB7C0029462046F9F71CFF7DE70BB94349DDE761
:10BB8C002A460AA90DF10300F9F7ACFD08B94049A2
:10BB9C00D4E72046FFF7C4FD29462046F9F770FF8D
:10BBAC009DF80330002B3FF466AF05213948F5F7BB
:10BBBC00B8FC60E720463849F9F71AFE90B1062127
:10BBCC003448F5F7AEFC2046FFF7AAFD334B1B7843
:10BBDC00022B05D02C492046F9F7D0FD3049ADE7B2
:10BBEC003049ABE720463049F9F702FE28B1012174
:10BBFC002848F5F796FC2D49A0E720462C49F9F783
:10BC0C00F7FD90B107212348F5F78BFC2046FFF791
:10BC1C0087FD224B1B78022B05D01B492046F9F7D8
:10BC2C00ADFD24498AE7244988E72046234901AA27
:10BC3C00F9F7E6FD00285AD0019D092D01D92049BC
:10BC4C007CE72046FFF76CFD1E4B1B789D423DD1D7
:10BC5C001D4973E7301F0108D44000204A1F01081A
:10BC6C004C1F0108982A0108561F01086319010886
:10BC7C00722901085B1F01085E1F0108631F010880
:10BC8C00691F01086F1F0108F91E01088B1F0108AD
:10BC9C00A31F0108B0320020B61F010821070020A5
:10BCAC00BD1F0108D41F0108E81F0108ED1F010882
:10BCBC00042001080B200108242001083A20010867
:10BCCC0046200108FC0200206A2001082A460A21AD
:10BCDC001C48F5F728FC1C492068F6F7A0FC05F178
:10BCEC003001C9B22068F6F7DBFB184926E720467D
:10BCFC001749F9F77DFD054640B10123154920464A
:10BD0C0084F88C30F9F73AFD134917E720461349AC
:10BD1C00F9F76EFD28B1042384F88E5084F88C302A
:10BD2C00A9E620460E49F9F763FD08B103213DE76A
:10BD3C0094F885100B4A0C4B00290CBF1146194680
:10BD4C00FCE600BFB03200207F2001080D1801086E
:10BD5C00A820010895200108AE200108CB2001087D
:10BD6C00D5200108161F0108221F01080148FFF702
:10BD7C0005BE00BF8806002010B504461420174BE2
:10BD8C001A78174B00FB023393F85500012822D187
:10BD9C002288930605D5052322F0200222800B7001
:10BDAC0010BD12F0400317D0FFF782FC28B1FFF74B
:10BDBC0099FB10B900230120F1E7606830B1094B01
:10BDCC001B681B1A312BF5D90023636022F040024B
:10BDDC0006232280EFE700231846E0E7FC02002050
:10BDEC007C030020D440002013B50DF1070104465C
:10BDFC00FFF7C2FF18B19DF8070002B010BD2080FC
:10BE0C00FBE700002DE9F04106460C461546FFF70E
:10BE1C004FFC70B1184B93F82D30581E012819D8CF
:10BE2C000022164BB3F85861B3F8567191B28D429B
:10BE3C0001D8BDE8F081B3F85401411C3140B9423E
:10BE4C001FBF14F802C0C01880F85AC1A3F85411CF
:10BE5C000132EBE7032B09D1094E0D44AC42E8D07B
:10BE6C00304614F8011BFFF703FAF7E77068BDE8DA
:10BE7C00F04103681B6918477C030020280F002041
:10BE8C00F4220020F8B5214B214D1F79CB780646C2
:10BE9C00C3F3000385F895304B790C46C3F380133C
:10BEAC0085F89630C8784008F4F79BFF85F8920027
:10BEBC002379C3F3060385F893306379227903F071
:10BECC003F035B0043EAD21385F89430E6B1DFB14F
:10BEDC00A37803F0F003202B04D12046BDE8F840F2
:10BEEC00FFF758BBA279E11D0A485208FFF78AFFF9
:10BEFC00A17905F164004908F5F7D9FA05F13C0080
:10BF0C00BDE8F840F5F7CDBAF8BD00BF9D30002074
:10BF1C00E0310020A832002070B50546B8B9184BA6
:10BF2C00184E1B78184A14794CBB022B174812D1A7
:10BF3C00B17801F00701F9F775F94379C3B93146C6
:10BF4C000120FFF79FFF1248F4F7C0FE09E0114BE8
:10BF5C00114E1B78E6E70122934202704471047182
:10BF6C00EDD80B4880F89050BDE87040F4F7ACBEAB
:10BF7C000A4B1C745C825C61094B1C71DFE770BD61
:10BF8C001E0F002027310020480600209D30002085
:10BF9C00E03100201F0F002082310020280F0020EC
:10BFAC00F422002010B50246FFF782FBB8B10C4B0F
:10BFBC0093F82D30591E012904D8BDE810400948CA
:10BFCC00FEF700B8032B04D1BDE810400648FFF77C
:10BFDC0054B95068BDE8104003685B69184710BD40
:10BFEC007C030020280F0020F422002010B502460C
:10BFFC00FFF75EFBB8B10C4B93F82D30591E01299D
:10C00C0004D8BDE810400948FDF7EABF032B04D162
:10C01C00BDE810400648FFF742B95068BDE8104033
:10C02C0003689B69184710BD7C030020280F002073
:10C03C00F42200202DE9F04FDFF8D880814698F8E3
:10C04C0000400E46174697B0002C48D1324B1B7857
:10C05C00022B40D12546DFF8C4B00DF1180A584622
:10C06C00ECB2FFF79FFF40B15846FFF7BFFF013519
:10C07C00402D0AF8010BF2D12C4629482146F5F740
:10C08C0016FA2848F5F70DFA27488DF8129090F813
:10C09C00A43080F891908DF80C30244BDB788DF81F
:10C0AC000D3090F890308DF81130F4F734FE8DF897
:10C0BC000E00F8F769FC10F0010F0CBF33463B463D
:10C0CC008DF814301A4B8DF8130093F85A3043B98D
:10C0DC00B74206D0FEE71148FFF702F9D4E7002477
:10C0EC00D2E71148F4F729FE98F800308DF81000CB
:10C0FC004BB9104A1048009406AB03A9F8F75AFA4A
:10C10C0017B0BDE8F08F0B4A0B4803A9FFF75EFA96
:10C11C00F6E700BFF032002021070020A8320020F3
:10C12C003032002008320020E03100209D30002009
:10C13C00FC020020A43000204C33002030B4084C0A
:10C14C00257925B10146204630BCF8F70BBD054CCE
:10C15C0094F8A430013384F8A43030BCFFF76ABFE4
:10C16C0048060020E031002008B50246FFF7A0FA8F
:10C17C0018B9A2F82206A2F82006064B93F82D3027
:10C18C00032B06D1136823B1BDE808401046FEF717
:10C19C00FDBF08BD7C030020002370B59CB2A242F9
:10C1AC0000D870BD058886886C1C34404688A64231
:10C1BC001EBFCE5C2D18AE7103F1010318BF0480B5
:10C1CC00ECE708B56830FFF7E7FF08BDA0F11400F5
:10C1DC00F7E7000038B50A4B00F5EF6593F82D3002
:10C1EC000446022B284608D1FDF740F802462946A2
:10C1FC0004F24A40FFF7D0FF38BDF5F710FEF5E723
:10C20C007C030020F0B587B00446102201A8F5F796
:10C21C0007F8204B94F8A8C893F835204FF0FF335B
:10C22C0084F85C3684F85D360123333284F85F364B
:10C23C0004F5CA67D2B284F85EC601AB04F5CC66CD
:10C24C000DF1140E1D4603CD7545306071602B4603
:10C25C0006F10806F6D1442384F85636142384F8E4
:10C26C005526D4F85826384663F31702C4F85826D6
:10C27C004DF2016284F871C7A4F8722784F8743700
:10C28C0004F5A471F6F760F939462046FFF7A2FFD2
:10C29C0007B0F0BD7C0300202DE9FF410446B0F847
:10C2AC004C14B0F84A04F6F781F8E3684BBBDD2870
:10C2BC0008D804F5F37604F5ED75A06803685B699E
:10C2CC00984710B904B0BDE8F081A06803689B6979
:10C2DC0098472A46034631466846F5F7EFFE002894
:10C2EC00EBD09DF80030022BECD104F5CA65324638
:10C2FC0069462846F5F75AFE29462046FFF76AFF9D
:10C30C0094E0DD28DED84D4D2B780133DBB2012BC8
:10C31C002B700FD900232B70A06803685B699847BA
:10C32C0050B901232B70E06803685B69984730B9FA
:10C33C00287004E0002BEFD02B78012BF3D004F500
:10C34C00F37604F5ED772B78002B36D1A0680368D3
:10C35C005B69984788B3A06803689B6998473A461D
:10C36C00034631466846F5F7A9FE0028EBD0DFF806
:10C37C00D08069460120F6F745F898F8023033B1C1
:10C38C00E06831460368BDF802201B6998479DF8A8
:10C39C000030022B11D104F5CA6732466946384683
:10C3AC00F5F704FE98F800301BB139462046FFF72C
:10C3BC0011FF39462046FEF731F804F21E3604F21E
:10C3CC0012372B78012B7FF47DAFE06803685B6933
:10C3DC00984700283FF476AFE06803689B6998475C
:10C3EC003A46034631466846F5F768FE0028E8D021
:10C3FC00134F69460220F6F705F87B7833B1A06835
:10C40C0031460368BDF802201B6998479DF800303F
:10C41C00022B7FF457AF04F5CA65324669462846AD
:10C42C00F5F7C4FD3B78002B7FF466AF2946204618
:10C43C0004B0BDE8F041FDF7F1BF00BF4406002099
:10C44C0005060020264B70B51E680446FFF730F930
:10C45C0058B9C4F8A468A4F85601A4F85401A4F877
:10C46C004C04A4F84A0484F8B8081E4D95F82D30F5
:10C47C00013B012B33D82046FEF704FB2046FFF787
:10C48C000BFF1422184B1B7802FB035595F85250E6
:10C49C0095B1D4F8A438F31AB3F57A7F0FD30125EC
:10C4AC00C4F8A46804F6A800FEF71CFA4DB12046A7
:10C4BC00BDE87040FDF7BEBDC4F8A468F2E70025E6
:10C4CC00F0E794F8B4382BB12046084984F8B458F6
:10C4DC00FFF798FE2046BDE87040FEF7BFB870BD70
:10C4EC00D44000207C030020FC0200200D1B01081E
:10C4FC002DE9F74FAC4D2B78012B00F2FC800BB9DA
:10C50C00F6F7EAF9FEF718FF0022A84B07241A8069
:10C51C009A704FF40062A64B5A614CF25030013CB9
:10C52C00F6F79AFAF6F750FB14F0FF04F5D1A14B8D
:10C53C00A1489C701C8002F019FD122803D0012028
:10C54C009E49F8F73DFE9E4B9E4F1C609E4B9A48B1
:10C55C00391D1C60F7F7BFFE9C48F8F731FA97F8C5
:10C56C002020202A00D9FEE797F82800984E0528AD
:10C57C00796AB7F82C9097F829C097F82A30B071DF
:10C58C0000D9FEE7DFF84C8258F830E0BEF1000F1E
:10C59C0000D1FEE708EBC008C6F808E098F804E004
:10C5AC0098F8058086F807E086F80C8086F8D500A8
:10C5BC00A6F80E9086F8D440B9F1000F00D1FEE732
:10C5CC00724524BF0EF1FF3E5FFA8EF2052872749D
:10C5DC0000F0CE80012800F2D3800CF1FF30C0B205
:10C5EC0000F0BD80022813D8581EC0B2032809D809
:10C5FC000C2A01D90C207074707C904200D9727492
:10C60C00644608E0122A84BF122373740023F3E7F4
:10C61C00052B28BF002322466D48F4F7AFFE0024FB
:10C62C003474FF266C4B6A481E705E70F7F760FE20
:10C63C000146614802F09FFC684B01201C80684B4E
:10C64C001C70684B1C70684B1C80684B1C80684BC2
:10C65C001C70684B1C80684B1C70684B1C70684BC2
:10C66C001C70684B1C70684B1C70FEF729FFFEF7A2
:10C67C0041FFB7F84C30B7F84E2097F8401063489C
:10C68C00F4F7E4FAB7F84C106148F4F705FE1421FE
:10C69C006048F8F79DFD3A785F4B604801FB023328
:10C6AC0093F84E10F5F7B2F85D495E48FEF77AF84C
:10C6BC005D48FEF745FD5A495C48FEF723FE5C4891
:10C6CC00F9F768F83C48F7F7F9FD01465948F8F7CF
:10C6DC0067FC5948F4F72EFF5848F4F701FF584807
:10C6EC00F5F756F8574B1C70574B1C80574B1C805A
:10C6FC00F6F746FE2E70F6F74DFE324C394F0028F9
:10C70C0000F0CA803B4A13880BB1013B1380334ABB
:10C71C0013880BB9B4F84C30013B9BB2012B13803E
:10C72C0032D12F4A1370FEF717FF3B78002B40F0E5
:10C73C00B3802F4B1D4A1978138802292DD183B34E
:10C74C00013B9BB213809278002A00F08380002B6F
:10C75C0040F08A80F6F772F9F6F77EF984E0022849
:10C76C0004D80C2A01D90C2373746446002352E7B5
:10C77C000CF1FF33022BF9D8082AF6D90823F3E77A
:10C78C001348F4F7A3FD4AE7002BCCD101233B70EF
:10C79C002F4B5A6A144B1A80C5E7002BD0D1C723F4
:10C7AC00D0E740F2F313CDE7C93000201A0F002078
:10C7BC0000080140DC0E00208C320020E020010833
:10C7CC00100F0020FC020020140F0020480600204F
:10C7DC00240C0020982B0108CA300020A83300201C
:10C7EC00180F0020190C00209A300020200F002078
:10C7FC00210700202407002022070020200700200A
:10C80C001F0F00201E0F0020260F0020E0310020FB
:10C81C00DC3200209D3000207C030020B00E002074
:10C82C0004180020280F0020F4220020A832002039
:10C83C0088060020220C0020C4400020B0320020CA
:10C84C0018070020C8300020EC320020EE32002007
:10C85C00000400400229A74840F0F8800BB9F6F715
:10C86C00EDF84FF400634361A34E3388002B40F086
:10C87C00F48040F2E7333380A048F8F70FF9A04872
:10C88C00F7F71CFD01469F48F8F78AFB33881BB964
:10C89C009D499E48F5F7B5FEDFF874929D4EB9F8A8
:10C8AC000030022B00F0F680042B00F05F81012B8E
:10C8BC0010D1994B1A7C597C0132D2B2914298BF5B
:10C8CC0000221A74954B1146187AFFF737FC022395
:10C8DC00A9F8003033684BB3B9F80030032B40F0A3
:10C8EC006A8133681B070ED500238D4A3360137899
:10C8FC0043F00101117094F85A200AB1980702D53F
:10C90C000423A9F80030336883B1336833685A06BE
:10C91C0048BF33683368834A1B0748BF336800231A
:10C92C001370814A3360A9F8003013703B78002BE8
:10C93C0000F0A9810026DFF8F0A171483E70F7F7EE
:10C94C007BFC9AF80080B8F1000F00F04281304671
:10C95C00FFF7E2FA714B704F1E723A7C734B744EB8
:10C96C0083F8A7209AF80020012A94BF0022012204
:10C97C0083F8A5206B4A1278012A94BF0022012269
:10C98C00B8F1010F83F8A620337809D9002B00F0F9
:10C99C002381012B00F02581B4F85020654B1A80BF
:10C9AC003378022B03D1634B1B8803B933700023FC
:10C9BC00012032785B49022AA9F800008AF800307D
:10C9CC000B7006D05C490B701AB9FEF7B7FDFEF779
:10C9DC0091FD5A4A13880BB9B4F84E30013B9BB207
:10C9EC00138013B95148F4F7C9F95048F4F76BF9AF
:10C9FC003378022B02D04D48F4F70EF9142122782B
:10CA0C004F4B01FB023393F85330012B0BD14D4BA1
:10CA1C001B7843B1394B1B792BB9B8F1010F02D8F4
:10CA2C004948F8F7AFFA494B93F80080B8F1000F7A
:10CA3C0000F004814FF400622E4B1A614FF48052C7
:10CA4C001A61F7F78BFA01232B7002E14FF4805235
:10CA5C004261002B7FF408AF7EE6013B9BB2338032
:10CA6C00002B7FF409AF14212278354B01FB0233E4
:10CA7C0093F85330022B7FF4FFAE324B1B78002B14
:10CA8C003FF4FAAE2948F4F76BF901462E48F8F753
:10CA9C0059FAF1E62E4B2F4A5B6A12889B1A40F228
:10CAAC00ED229BB293427FF615AF4FF000082A4B54
:10CABC002A4883F80080F8F783FA1748F7F718FC30
:10CACC0001460F4802F057FA144B187AFEF7A8FDEE
:10CADC0003230122A9F80030114B214883F8008070
:10CAEC00204BC3F80080204BC6F800801A71F4F775
:10CAFC0025FDEFE600080140EC320020480600203E
:10CB0C008C320020220C002062160108000000204C
:10CB1C00200F0020140F0020240C0020DC320020F9
:10CB2C00260F00201F0F00201E0F0020E0310020D8
:10CB3C0021070020240700209D300020EE32002029
:10CB4C007C030020200700207C060020180C00200D
:10CB5C00000400409A300020180F0020CA3000203A
:10CB6C00C4400020100F0020280700204FF00008C0
:10CB7C00F5F7F8FE0D21012301AAA0488DF80480D9
:10CB8C0002F030F8FF219D4802F09AF99B4802F020
:10CB9C00C5F97D20F6F718F80523A9F80030984B55
:10CBAC0083F80080974B83F80080974BC3F8008084
:10CBBC00C6F800808EE6052B7FF4A5AE33685906C7
:10CBCC007FF5A1AE00203060FEF73EFD8D4B187056
:10CBDC0099E6FEF71BFDBDE6012232708B4A1370FD
:10CBEC00DAE68A4ADFF828B213789BF800000133A2
:10CBFC00DBB21370E8B994F8541099423FF6CCAEFE
:10CC0C00844991F8A43043B9834B1B792BB990B16B
:10CC1C00FEF794FC012381F8A4309BF8003013B983
:10CC2C007E48F4F74CF80223337001238BF8003064
:10CC3C00B2E60521E1E70C20794982E47648F7F762
:10CC4C0057FFF7F781FF0128044605D003283FF46E
:10CC5C00FAAE03B0BDE8F08F6F48F7F7E9FE41F28A
:10CC6C0088334FF48052A7F8D6306E4B87F8D440F7
:10CC7C00A7F8D8801A614FF400625A616A4B86F8A3
:10CC8C0000809C70E5E794F85B30684EEBB1684926
:10CC9C006848F9F72FFC68B114212278664B01FB28
:10CCAC00023393F84C300122032B04BF0123337061
:10CCBC00604B1A715F480DF10301F9F733FC20B199
:10CCCC009DF80330F3B1012B1FD094F85B3023B9DE
:10CCDC0094F85C30002B00F00C8156480DF10301E8
:10CCEC00F9F745FC48B39DF80330033B0F2B24D8D0
:10CCFC00DFE803F01623232323232347234B6171FF
:10CD0C00767C787AFDF728FFDFE74A4801A9F9F726
:10CD1C005DFC0028D9D09DF80400F9F7F5FED4E7A6
:10CD2C00F7F72CF9454B03271B78022B22D1042053
:10CD3C00FEF7E0FB3F4B83F8FA7A94F85C30002B5B
:10CD4C0000F0D7803A493E48FAF7B6FF08B1012304
:10CD5C0033706946B4F84C203948FAF7CFFF0028F5
:10CD6C007BD09DF80030052B77D8DFE803F0738A71
:10CD7C008E9296BC2F488DF8047001A9F9F78EFDA0
:10CD8C00DBE73049A1F13300F8E72A4F01A907F19D
:10CD9C003300F9F79BFE0028CFD09DF80430002B10
:10CDAC00CBD0264B18780228C7D1FEF7A3FB0C2357
:10CDBC0087F8FA3AC1E7214B1B78022B07D10320E5
:10CDCC00FEF798FB0D221B4B83F8FA2AB5E70122DC
:10CDDC001D4B1A70B1E701211C48F4F79EFBACE720
:10CDEC000221F9E70321F7E70821F5E7114B184871
:10CDFC0093F83310F4F7D0FC9FE700BF8C3200207F
:10CE0C001F0F00201E0F0020100F002022070020F3
:10CE1C00200700203805002048060020E0310020C3
:10CE2C00EA200108000801401A0F0020C830002039
:10CE3C00A4300020F01700207C03002021070020E4
:10CE4C002807002023180020180C0020B0320020E6
:10CE5C00180700207848FBF753FE774F0DF10101BE
:10CE6C003846FAF781FF002843D09DF80130022B99
:10CE7C003DD8002B00F0878001217048F4F74FFB60
:10CE8C0037E06D48FBF784FEE7E76B48FBF7B8FE2D
:10CE9C00E3E76948FBF71EFFDFE769480DF1020184
:10CEAC00F9F794FB18B19DF80200F9F72DFE6448D0
:10CEBC000DF1030201A9F9F7CCFA30B19DF803206A
:10CECC0001995D48FAF7A4FFC7E7FEF7F1FB0028CC
:10CEDC00C3D05C4B93F82D30013B022BBDD8564888
:10CEEC00FBF79AF9B9E75448FBF7B8FEB5E7032B03
:10CEFC004FD094F85D3023B153495448F4F7ADFD4D
:10CF0C0008B93378BBB10023142733704D4E237806
:10CF1C004D4907FB03634E4893F84D20F3F772FE1F
:10CF2C002378494907FB03664A4896F84A3096F835
:10CF3C005620F8F765F8484B1B78002B7FF489AE28
:10CF4C00B9F80030022B3FF484AE4448FFF77AFA6C
:10CF5C004348FFF709F94348F4F7FDFA3748F4F76B
:10CF6C00C5FA10B93D48FEF73FFF431E102B5FD8A2
:10CF7C00DFE803F03E454C5E182C365E5E4E5E5E7E
:10CF8C005A5E565E560097F869103748F4F704FC61
:10CF9C00AFE7BA7D2A48023AD2B207F11801F9F785
:10CFAC0043FAA6E7314B1878022805D1FEF7A2FA0E
:10CFBC00FF22234B83F8FA2A2B48F4F701FC0028B4
:10CFCC003FF447AE01222A4B1A7042E6274B1B78DE
:10CFDC00022B01D10320E9E70122254B1A70EBE764
:10CFEC00F6F7CCFF214B1B78022BE5D10420DDE7B3
:10CFFC00204B1A79002ADFD101225A71DCE71D4B34
:10D00C001A79002AD8D001229A71D5E7F5F710FCCD
:10D01C000A48F4F78BFAC1B21348F4F7BDFBCBE71F
:10D02C000648F4F785FAC7E70448F4F77FFAC3E734
:10D03C0004283FF408ADBFE728070020B0320020D9
:10D04C00F01700207C030020A4300020B00E00203C
:10D05C0080060020CA300020180F0020280F002066
:10D06C00F4220020C44000201807002021070020D3
:10D07C00180C00204806002008B5FFF739FAFCE729
:10D08C0070B5554B554A564C1A60204601F0A2FD1E
:10D09C00544B554A2360554B00241A605A619A62CE
:10D0AC00DA63534A7F251A655A66524A52489A6780
:10D0BC00524A534B02F1080128325A6140F2FF12D6
:10D0CC00C3E91A424F4A1960C3F87022C3F86C4284
:10D0DC00C3F8744AC3F8785A4B4B022203602123DD
:10D0EC0080F80C3100F1DC03C0F81031102380F80B
:10D0FC00143100F1C403C0F81C310F2380F8203127
:10D10C001E2380F8243100F1F403C0F828310623E3
:10D11C0080F82C31072380F8303100F1FA03C0F885
:10D12C00343100F1FC030921C0F840310A260323F5
:10D13C0080F8182180F8382180F83C1180F84431AF
:10D14C0080F8486180F850210D2280F8542100F2BB
:10D15C000112C0F85821112280F8602100F582726A
:10D16C00C0F86421082200F1FF06C0F84C6180F879
:10D17C005C3180F8783100F1EC0600F1D30380F8D3
:10D18C00682180F86C2180F87421C0F87C3180F81B
:10D19C008011C0F8706100F5EA70FAF7EFFB1B4BD9
:10D1AC001B4A21461A601B48F3F7DCFC1A4B1B4A3E
:10D1BC00C3E95545C3F84C2440F2FF32A3F84A4466
:10D1CC00174BC3F82426C3F82046164A164B1A6090
:10D1DC00164B174A1A6070BD100C0020082101086C
:10D1EC008C32002018210108BC170108E031002006
:10D1FC00A4170108B017010828070020E44901080A
:10D20C00F01700200000FF07DC490108B00E0020D9
:10D21C002822010880060020280F00200000FF01B2
:10D22C00F422002098490108A8320020C4400020B4
:10D23C00C849010810B590B01422002108A803F0C9
:10D24C000EFA1422002101A803F009FA02244FF46B
:10D25C0080330122CDE90D43CDE906234FF4801331
:10D26C0006A80A920F9300F077FD08B172B6FEE79C
:10D27C000F23CDE901344FF480630390CDE90430E2
:10D28C00214601A800F030FF08B172B6FEE710B0DD
:10D29C0010BD000007B500F0FDF8FFF7CBFF0C4BFD
:10D2AC009A6942F020029A619A6902F02002019276
:10D2BC00019A9A6942F004029A619B6903F0040393
:10D2CC000093009B03B05DF804EBFFF7D5BE00BFE5
:10D2DC00001002400E4B82B09A6942F001029A6132
:10D2EC009A6902F001020092009ADA6942F08052C7
:10D2FC00DA61DB69074A03F080530193019B5368A1
:10D30C0023F0E06343F00073536002B0704700BF3A
:10D31C000010024000000140FEE7FEE7FEE7FEE7DA
:10D32C00FEE7704770477047F6F744B80120704726
:10D33C0008B503F0E7FA162303604FF0FF3008BD81
:10D34C0008B503F0DFFA16230360FEE770B50D464F
:10D35C0014460E46731B9C4201DC204670BDAFF395
:10D36C00008006F8010BF5E770B50D4614460E4625
:10D37C00731B9C4201DC204670BD16F8010BAFF309
:10D38C000080F5E74FF0FF3070474FF4005300205A
:10D39C004B60704701207047002070470B4A0346D2
:10D3AC00116810B509B90A491160106809490A4C8D
:10D3BC000344091B8B4206D903F0A4FA0C23036027
:10D3CC004FF0FF3010BD1360FCE700BFD0400020D1
:10D3DC00684200200050002000040000704700004C
:10D3EC00FFF7FCFF0B480C490C4A002302E0D45811
:10D3FC00C4500433C4188C42F9D3094A094C002395
:10D40C0001E013600432A242FBD303F081FAFFF770
:10D41C0041FF704700000020DC020020785001081A
:10D42C00E002002064420020FEE7704710B54FF088
:10D43C00FF320024044B1A611C61DA60DC60FFF7D8
:10D44C00F4FF204610BD00BF0010024038B50E4B53
:10D45C0005461A784FF47A73B3FBF2F30B4A106853
:10D46C00B0FBF3F000F070F8044658B90F2D09D852
:10D47C00024629464FF0FF3000F036F82046044BA8
:10D48C001D6038BD0120FCE7700200206C020020FA
:10D49C0074020020074A08B51368032043F01003F8
:10D4AC00136000F00FF80F20FFF7D0FFFFF712FF0B
:10D4BC00002008BD00200240014B1868704700BFD7
:10D4CC00D440002007490302CA6803F4E06322F445
:10D4DC00E0621204120C134343F0BF6343F40033B5
:10D4EC00CB60704700ED00E0154B30B5DC68C4F341
:10D4FC000224C4F10703251D042B28BF0423062D89
:10D50C004FF0FF3594BF0024033C05FA03F321EAE6
:10D51C000303A54022EA0502A340002843EA0203C4
:10D52C00ACBF00F16040074A4FEA0313DBB2ABBF5C
:10D53C0000F5614000F00F0080F80033135430BD4B
:10D54C0000ED00E014ED00E00138B0F1807F0BD26B
:10D55C004FF0E023F021054A586182F82310002097
:10D56C00072298611A6170470120704700ED00E0B6
:10D57C00114AD36813F0100305D01049CB6943F05E
:10D58C000203CB611023D268500706D50B4943F038
:10D59C000403CA6942F00102CA61074AD169C9078A
:10D5AC0008D50648C16941F00401C161D16921F077
:10D5BC000101D161D360704700200240D8400020A7
:10D5CC00064B186910F0800007D0054A5A6002F12A
:10D5DC0088325A601869C0F3C010704700200240AE
:10D5EC0023016745034A0020136943F0800313614C
:10D5FC00704700BF0020024070B50546FFF75CFF86
:10D60C000646114CE368D80712D4E368990644BF68
:10D61C002023E360E368DA0606D4E369DB0703D46E
:10D62C00E06810F0040007D0FFF7A2FF012003E030
:10D63C006B1CE7D00DB9032070BDFFF73DFF801BBD
:10D64C00A842DFD9F7E700BF002002400022064BBA
:10D65C00DA61064B1A6942F002021A6158611A69C2
:10D66C0042F040021A617047D8400020002002406E
:10D67C002DE9F041264F05463B7E8846012B44D0D0
:10D68C0001243C7603684CF25030022B1AD1FFF780
:10D69C00B3FF20B1012000233B76BDE8F0811D4C87
:10D6AC00F86123694CF2503043F004032361236981
:10D6BC0043F040032361FFF79FFF236923F004032A
:10D6CC002361E8E7FFF798FF0028E3D14FF0FF3321
:10D6DC00C8F800302046AE680E4CD5E9023203EB98
:10D6EC008223B342D7D93046FFF7B0FF4CF250300B
:10D6FC00FFF782FF236923F00203236110B1C8F8FE
:10D70C000060C8E706F58066E7E70220C5E700BFC2
:10D71C00D840002000200240016800224B6913F41D
:10D72C00806310D06FF480634B612023026380F818
:10D73C003D3080F83E20036C80F83C2043F004031D
:10D74C00036401207047184670472DE9F8460646D9
:10D75C000F4691461D464FEA114A3368BAF1010F44
:10D76C000CBF5C699C6927EA0404A4B2B4FA84F483
:10D77C006409A14501D0002025E06A1CEED0FFF71A
:10D78C009BFE089BC01AA84201D8002DE5D1336836
:10D79C00BAF1010F0CBF5B699B6927EA03039BB2CB
:10D7AC00B3FA83F35B099945D7D1002320220120DA
:10D7BC00336386F83D2086F83E30326C86F83C3078
:10D7CC0042F020023264BDE8F8862DE9F0410446AF
:10D7DC000F46164698462568686927EA000080B20D
:10D7EC00B8B16B695A0516D52B68202243F4007327
:10D7FC002B606FF480636B610023236384F83D20FE
:10D80C0084F83E30226C42F004020120226484F839
:10D81C003C30BDE8F081731CDED0FFF74DFEA0EB71
:10D82C000800B04201D8002ED5D123685A6927EAE6
:10D83C00020292B2002ACED000232022236384F865
:10D84C003D2084F83E30226C42F02002DDE770B5BA
:10D85C0004460D46164623685B691B0601D500205D
:10D86C0070BD2046FFF758FFC8B96A1CF3D0FFF70C
:10D87C0023FE801BA84201D8002DECD123685B69E4
:10D88C0013F08003E7D12022236384F83D2084F831
:10D89C003E30226C84F83C3042F02002226401209D
:10D8AC00DEE770B504460D46164623685B695B07D8
:10D8BC0001D5002070BD2046FFF72EFFC8B96A1CA9
:10D8CC00F3D0FFF7F9FD801BA84201D8002DECD155
:10D8DC0023685B6913F00403E7D12022236384F8E7
:10D8EC003D2084F83E30226C84F83C3042F020021B
:10D8FC0022640120DEE7000070B5044608B901205F
:10D90C0070BD90F83D3003F0FF021BB980F83C204D
:10D91C00F5F7A6FC242384F83D3023681A6822F01E
:10D92C0001021A601A6842F400421A601A6822F462
:10D93C0000421A6000F074FC3F4B65689D4294BF36
:10D94C003E4B3F4B98428CBF00230123002BD6D17A
:10D95C00394E3C4BB542B0FBF3F388BF4FF496768F
:10D96C002268516821F03F0141EA030182BF7343F1
:10D97C004FF47A76B3FBF6F35160116A013321F060
:10D98C003F010B431362D169431E2B4821F44F41D5
:10D99C00854221F0FF0132D86D00B3FBF5F340F660
:10D9AC00FC700133034242D0C3F30B031943D16122
:10D9BC001168D4E9073021F0C00103430B43136015
:10D9CC009168D4E9030321F40341034321F0FF01DF
:10D9DC000B439360D168D4E9053021F0FF01034378
:10D9EC000B43D3601368002043F001031360202322
:10D9FC00206484F83D30206384F83E0080E7A06802
:10DA0C0050B905EB4505B3FBF5F30133C3F30B0339
:10DA1C007BB143F40043C9E719206843B3FBF0F32F
:10DA2C000133C3F30B0323B143F44043BEE7042398
:10DA3C00BCE70123BAE700BFA08601007F841E006B
:10DA4C00FF083D0040420F002DE9F043044685B02D
:10DA5C0098460D4691460C9FFFF72EFD94F83D30ED
:10DA6C000646202B04D00225284605B0BDE8F083DD
:10DA7C0000901923012220465B49FFF766FE00281F
:10DA8C00F1D194F83C30012BEDD00123216884F8BE
:10DA9C003C300B68DA075EBF0B6843F001030B6088
:10DAAC000B6823F400630B60212384F83D301023B2
:10DABC0084F83E3000232364A4F82A80638DC4F8D4
:10DACC0024902385494BE362E36A082B04D0012B95
:10DADC0002D013F5803F04D10B6843F480730B60C4
:10DAEC0002E0236B122BF7D000223B464FF00111C2
:10DAFC0020460096FFF729FE226838B11368DB0533
:10DB0C0044BF4FF4007323640125ADE72369B3F5DB
:10DB1C00804F21D105F0FE05156133463A4620466B
:10DB2C003349FFF752FE05460028EDD123680390D8
:10DB3C005A6903929B690393039B238DF3B9216864
:10DB4C000A6842F400720A60202284F83C3084F89F
:10DB5C003D2084F83E3087E7EB1103F0060343F0D9
:10DB6C00F0031361204633463A462249FFF72DFE57
:10DB7C000028C9D12368EDB21D61CEE73246394683
:10DB8C002046FFF764FE40B1236C042BBCD1226805
:10DB9C00136843F400731360B6E7636A20681A468F
:10DBAC0012F8011B01616262628D013A92B26285C8
:10DBBC00228DD0F814C0511E89B21CF0040F21859F
:10DBCC000AD049B15978023301616362638D023A1C
:10DBDC00013B9BB263852285324639462046FFF7CE
:10DBEC0060FE0028A9D0CFE7020010000000FFFF64
:10DBFC0002000100080001002DE9F04F044685B039
:10DC0C001F4688469246FFF757FC94F83D30054670
:10DC1C00202B03D0022005B0BDE8F08F0090192313
:10DC2C00012220464A49FFF790FD0028F2D194F8D2
:10DC3C003C30012BEED0012384F83C3023680026C5
:10DC4C001A68DFF80CB1D20758BF1A6808F0FE0842
:10DC5C005CBF42F001021A601A6822F400621A607A
:10DC6C00242384F83D303B4B2664E36222684FF05A
:10DC7C0001111368204643F4807313603B46002265
:10DC8C000095FFF762FD236838B11B68DB0502D5F0
:10DC9C004FF4007323640320BDE7C3F81080FFF733
:10DCAC000BFC4FF0A009054623685A695B69C2F367
:10DCBC004002C3F3802394F83D10A02901D01343F4
:10DCCC001DD04FF02009236884F83D905A6912F05A
:10DCDC00020F1A6842F400721A6025D000220392D7
:10DCEC005A69204603929B6901220393039B1849AE
:10DCFC0019230095FFF729FD88B101208BE7FFF769
:10DD0C00DBFB401BB84200D80FB984F83D90236868
:10DD1C005A695B69C2F34002C3F38023CBE784F8F2
:10DD2C003D9084F83C0076E76FF4806259465A6166
:10DD3C002046192301220095FFF707FD0028DCD1AE
:10DD4C000136564592D384F83D9084F83C00D4E7D4
:10DD5C00020010000000FFFF2DE9F341054638B327
:10DD6C000368DB0710D42B689F075ED42B68190758
:10DD7C0000F195802B685A0700F1C180E8690028F2
:10DD8C0040F02C81002029E0904C636803F00C03D8
:10DD9C00042B07D0636803F00C03082B0AD16368CB
:10DDAC00DE0307D523689C03DDD56B68002BDAD125
:10DDBC00012013E06B68B3F5803F12D1236843F464
:10DDCC0080332360FFF778FB064623689803CAD498
:10DDDC00FFF772FB801B6428F7D9032002B0BDE863
:10DDEC00F0819BB9236823F480332360236823F4E8
:10DDFC0080232360FFF760FB064623689903B2D5A6
:10DE0C00FFF75AFB801B6428F7D9E6E7B3F5A02F80
:10DE1C00236803D143F480232360CFE723F48033BA
:10DE2C002360236823F48023CBE7684C636813F0EA
:10DE3C000C0F07D0636803F00C03082B10D1636838
:10DE4C00DA030DD423689B0702D52B69012BAFD1C4
:10DE5C0023686A6923F0F80343EAC203236085E769
:10DE6C002A695B4B6AB101221A60FFF725FB064653
:10DE7C0023689F07ECD4FFF71FFB801B0228F7D900
:10DE8C00ABE71A60FFF718FB0646236898077FF587
:10DE9C006DAFFFF711FB801B0228F6D99DE7AA692D
:10DEAC004A4E4B4BE2B10122C3F88024FFF704FB2E
:10DEBC000446736A9B070DD54FF4FA52454B1B6809
:10DECC00B3FBF2F3019300BF019B5A1E0192002B8E
:10DEDC00F9D14FE7FFF7F0FA001B0228E9D97CE7EC
:10DEEC00C3F88024FFF7E8FA0446736A9F077FF5AE
:10DEFC0041AFFFF7E1FA001B0228F6D96DE7334C6E
:10DF0C00E369D80024D40127E36943F08053E3612B
:10DF1C00E36903F080530093009B2F4E3368D905BF
:10DF2C0018D5EB68012B26D1236A43F00103236239
:10DF3C00FFF7C2FA41F288380646236A9B073FD5A1
:10DF4C00002F3FF41BAFE36923F08053E36115E727
:10DF5C000027E2E7336843F480733360FFF7ACFAD1
:10DF6C0080463368DA05DCD4FFF7A6FAA0EB08008C
:10DF7C006428F6D931E7ABB9236A41F2883823F02B
:10DF8C0001032362236A23F004032362FFF794FA4C
:10DF9C000646236A9807D3D5FFF78EFA801B4045B7
:10DFAC00F7D91AE7052B236A03D143F00403236244
:10DFBC00BAE723F001032362236A23F00403B6E7D4
:10DFCC00FFF77AFA801B4045B7D906E700100240EC
:10DFDC00000042426C020020007000402A4C636832
:10DFEC0003F00C03082B3ED00022284B02281A66A3
:10DFFC002CD1FFF761FA06462368990120D42B6ACD
:10E00C00B3F5803F05D16268A96822F400320A4357
:10E01C006260696A62680B4322F474121343012232
:10E02C0063601A4B1A66FFF747FA054623689A0194
:10E03C003FF5A8AEFFF740FA401B0228F6D9CCE614
:10E04C00FFF73AFA801B0228D6D9C6E6FFF734FA56
:10E05C00054623689B017FF595AEFFF72DFA401B13
:10E06C000228F6D9B9E601283FF4B8AE63682A6AEB
:10E07C0003F4803191427FF49BAE6A6A03F470130F
:10E08C0093423FF47FAE93E6001002400000424200
:10E09C000F4A536803F00C01042914D0082914D139
:10E0AC000C48C3F38341DB03405C09D553680A4A2F
:10E0BC00C3F340435043094AD35CB0FBF3F07047C1
:10E0CC00074B58437047044870470648704700BFD9
:10E0DC00001002404C4A0108001BB7005C4A0108C2
:10E0EC0000093D0000127A002DE9F0410D4604466E
:10E0FC0010B90120BDE8F081444A136803F007030E
:10E10C008B4228D321688E0730D4CA0743D43F4AA8
:10E11C00136803F00703AB4265D822683C4D12F03C
:10E12C00040F6CD1130706D56B68226923F4605376
:10E13C0043EAC2036B60FFF7ABFF6B68354AC3F36E
:10E14C000313D35CD840344B1860344B1868FFF77A
:10E15C007DF90020CEE7136823F007030B4313600F
:10E16C00136803F007038B42C3D1CBE7284B11F0A4
:10E17C00040F1EBF5A6842F4E0625A60080742BF9F
:10E18C005A6842F460525A605A68A06822F0F00251
:10E19C0002435A60B9E762681D4E012A33681AD1EE
:10E1AC0013F4003FA5D0736841F2883823F00303C1
:10E1BC0013437360FFF780F907467368626803F0D6
:10E1CC000C03B3EB820FA2D0FFF776F9C01B4045CE
:10E1DC00F3D903208EE7022A02D113F0007FE1E786
:10E1EC0013F0020FDEE7136823F007032B431360D1
:10E1FC00136803F00703AB427FF47BAF8DE76B68CA
:10E20C00E16823F4E0630B436B608BE70020024072
:10E21C0000100240344A01086C02002074020020F5
:10E22C00044B054A5B68C3F30223D35C034A1068B2
:10E23C00D840704700100240444A01086C0200208C
:10E24C00224B98420BD103F58433DA6842F0040276
:10E25C00DA60DA6822F004020020DA6070471C4BA6
:10E26C00984209D103F58233DA6842F00802DA6089
:10E27C00DA6822F00802EFE7164B984209D103F551
:10E28C008033DA6842F01002DA60DA6822F01002A9
:10E29C00E2E7114B984209D103F57C43DA6842F06E
:10E2AC002002DA60DA6822F02002D5E70B4B9842A4
:10E2BC0009D103F57843DA6842F04002DA60DA6893
:10E2CC0022F04002C8E70120704700BF000801405F
:10E2DC00000C0140001001400014014000180140E6
:10E2EC002DE9F04F0D680446C5F30F2595FAA5F2FC
:10E2FC004FF00F0AB2FA82F203274FF0040C4FF0E2
:10E30C00011E40F2011835FA02F001D1BDE8F08F80
:10E31C00012393402B4265D0072A88BFA2F1080342
:10E32C004E688ABF0EFA03F308FA02F343F08063D7
:10E33C00082E0ED1E0684FEA132920EA132B99FA24
:10E34C00A9F9B9FA89F9086900FA09F040EA0B0051
:10E35C00E0604FEA136954F8090093FAA3FBBBFA87
:10E36C008BFB4FEA8B0B0AFA0BFB20EA0B0093FAA0
:10E37C00A3FBBBFA8BFB4FEA8B0B06FA0BF606439F
:10E38C0044F80960486820F0080001282AD1886800
:10E39C0093FAA3FBBBFA8BFB4FEA8B0B07FA0BFB35
:10E3AC0026EA0B0693FAA3FBBBFA8BFB4FEA8B0B0B
:10E3BC0000FA0BF0304344F80900CE6893FAA3FB43
:10E3CC00BBFA8BFB4FEA8B0B0CFA0BFB20EA0B0B0B
:10E3DC0093FAA3F3B3FA83F39B009E4046EA0B0631
:10E3EC0044F8096001328EE7144B1A6842F00102BE
:10E3FC001A601A689207FCD55A6822F003025A6018
:10E40C005A6812F00C0FFBD11A6822F080721A6055
:10E41C00186810F00070FBD158601A6822F4502272
:10E42C001A601A6822F0F80242F080021A609860B2
:10E43C005A6A42F080725A62704700BF0010024064
:10E44C00034B044A5B68C3F30313D35CD840704797
:10E45C0000100240344A0108034B044A5B68C3F3C2
:10E46C000223D35CD840704700100240444A010894
:10E47C00034B044A5B68C3F3C223D35CD840704798
:10E48C0000100240444A0108094A5368DB0341BFAB
:10E49C0053680848C3F34043013348BFB0FBF3F063
:10E4AC00536858BF0448C3F383430233584370473F
:10E4BC0000100240001BB70000093D00064B5B68D2
:10E4CC0003F00C03042B03D0082B03D1FFF7DCBFA4
:10E4DC00024870470248704700100240001BB7000A
:10E4EC0000127A0010B50146FFF7E8FF0860FFF74D
:10E4FC00A7FF48600446FFF7AFFF88602046FFF790
:10E50C00B7FFC86010BD00000F4B98420BD103F54C
:10E51C006043DA6842F48052DA60DA6822F480529E
:10E52C00DA6000207047094B98420AD103F5EC33AE
:10E53C001A6942F480421A611A6922F480421A6103
:10E54C00EFE70120704700BF003001400038004069
:10E55C0002460068F0B510F0400023D1D1E9003735
:10E56C003B438F684D693B43CF6816683B430F694B
:10E57C000C6A3B438F692B433B43CF6926F47F46A0
:10E58C003B43234326F0BF06334313605368B4F573
:10E59C00005F23F0040343EA1543536001D18B8CD5
:10E5AC001361F0BD0120FCE71A4A036890420AD0BF
:10E5BC00B0F1804F07D0A2F59432904203D002F50F
:10E5CC008062904215D14A6823F070031343114ABC
:10E5DC0090420AD0B0F1804F07D0A2F5943290420D
:10E5EC0003D002F58062904203D1CA6823F44073D1
:10E5FC00134303608B68C3620B888362054B98429C
:10E60C0004BF0B690363436943F0010343610020BA
:10E61C00704700BF002C0140B1F5807F30B500F091
:10E62C00908005D801292AD0102958D0012030BD5E
:10E63C00B1F5805FFAD1036A156823F48053036245
:10E64C00036A4468C16923F4005321F4E64141EAAA
:10E65C000521156943EA0533556823F4805343EAD1
:10E66C000533504DA84204BF956924F48044D26808
:10E67C0008BF44EA85144460C16102642CE0036A5B
:10E68C00156823F001030362036A4168846923F06F
:10E69C00020324F073042C4315692B43556823F0B3
:10E6AC0001032B433F4DA84212D1556923F00803B7
:10E6BC0043EA8503956823F0040343EA85039569CF
:10E6CC0021F480712943D56921F4007141EA450197
:10E6DC00D26841608461426303620020A7E7036A49
:10E6EC00156823F010030362036A4168846923F000
:10E6FC00200324F4E64444EA0524156943EA05138F
:10E70C00556823F0100343EA0513264DA84213D194
:10E71C00556923F0800343EA8513956823F0400381
:10E72C0043EA8513956921F4806141EA8501D56935
:10E73C0021F4006141EAC501D268416084618263C1
:10E74C00CAE7036A156823F480730362036A41689D
:10E75C00C46923F4007324F073042C43156943EA51
:10E76C000523556823F4807343EA05230D4DA84215
:10E77C0013D1556923F4006343EA8523956823F488
:10E78C00806343EA8523956921F4805141EA0511A0
:10E79C00D56921F4005141EA4511D2684160C46148
:10E7AC00C26399E7002C0140154B98420BD103F53D
:10E7BC005843DA6842F48042DA60DA6822F4804224
:10E7CC00DA60002070470F4B98420AD103F5E6330C
:10E7DC001A6942F400321A611A6922F400321A6181
:10E7EC00EFE7094B984209D103F5E4331A6942F477
:10E7FC0080221A611A6922F48022F0E70120704706
:10E80C0000380140004400400048004030B5C36867
:10E81C0004469B040D4685B002D5012005B030BDE1
:10E82C004B68C968C2680B43296922F4B0520B4388
:10E83C0022F00C021343C3600369AA6823F440530B
:10E84C001343036143696A6923F4407313434361BF
:10E85C006846FFF747FE134B9C4219D1039B002BD4
:10E86C00DBD02A68002AD8D019214B439200B3FB85
:10E87C00F2F36422B3FBF2F102FB11331B013233CE
:10E88C00B3FBF2F303EB01139BB20020A360C5E7CB
:10E89C00054B9C4201D1029BE1E7044B9C42BCD14D
:10E8AC00F9E700BF00380140004400400048004038
:10E8BC0010B53024632807D80C703021092808D8EB
:10E8CC0030301170187010BD01346438E4B2C0B22D
:10E8DC00F0E701310A38C9B2C0B2EFE730B53024E5
:10E8EC0042F20F75A84212D80C703021B0F57A7F25
:10E8FC0014D211703022632816D81A7030230928CC
:10E90C0017D8039A30301370049B187030BDA0F5E3
:10E91C001C5001341038E4B280B2E3E70131A0F5A9
:10E92C007A70C9B280B2E1E701326438D2B280B2F7
:10E93C00E1E701330A38DBB280B2E0E770B530248E
:10E94C00314D324EA84232D80C703021304C314D02
:10E95C00A04230D8117030222F4988422FD21A7021
:10E96C0030232E4A90422ED8049A137030232C4A0E
:10E97C0090422FD8059A1370302342F20F729042B6
:10E98C002ED8069A13703023B0F57A7F2ED2079AC0
:10E99C001370302363282ED8089A1370302309285B
:10E9AC002DD8099A303013700A9B187070BD013441
:10E9BC00E4B23044C6E70131C9B22844C8E7013299
:10E9CC00D2B2401AC9E70133A0F57420DBB2A0F52E
:10E9DC001070C7E70133A0F5C330DBB2A038C7E72E
:10E9EC000133A0F51C50DBB21038C8E70133DBB2A1
:10E9FC00A0F57A70C8E70133DBB26438CAE701339B
:10EA0C00DBB20A38CBE700BFFFC99A3B003665C4BE
:10EA1C00FFE0F505001F0AFA809698003F420F00B0
:10EA2C009F86010010B58B1C4A1C0C46FFF740FF5B
:10EA3C000023E37010BD002810B50C460FDA10F15E
:10EA4C00800F0FD02D224042C0B22346611C03F828
:10EA5C00032BA21CFFF72CFF0023237110BD2022D7
:10EA6C00C0B2F2E72D228020EFE713B50B1D019306
:10EA7C00CB1C00934A1C8B1C0C46FFF72FFF00236A
:10EA8C00637102B010BD10B501F1090388B0069393
:10EA9C0001F108030593CB1D04938B1D03934B1DB0
:10EAAC0002930B1D0193CB1C00934A1C8B1C0C4630
:10EABC00FFF744FF0023A37208B010BD0A2230B543
:10EACC0001231446824207D90A245A1E12B2150495
:10EADC0006D50022CA5430BD013362439BB2F1E724
:10EAEC00B0FBF4F504FB1500303088542846013A8D
:10EAFC00EDE7031E10B50C4603DBBDE81040FFF735
:10EB0C00DDBF58420131FFF7D9FF2D23237010BD13
:10EB1C0010B5034C2146FFF785FF204610BD00BF02
:10EB2C00F840002010B5034C2146FFF784FF204627
:10EB3C0010BD00BFF840002010B5034C2146FFF774
:10EB4C0094FF204610BD00BFF840002010B5034CC8
:10EB5C002146FFF798FF204610BD00BFF84000206B
:10EB6C002DE9F34105460C4600278E18B44202D11C
:10EB7C0002B0BDE8F0812B682246D3F80880284605
:10EB8C0001238DF807700DF10701C0470134EDE743
:10EB9C00F7B505460C468E18B44201D103B0F0BD52
:10EBAC0014F8013B28468DF807302B680DF106024E
:10EBBC009F680DF107010123B847EDE707B503681E
:10EBCC008DF8071001221B690DF10701984703B05E
:10EBDC005DF804FB024A02600022C0E90122704782
:10EBEC00684A01082DE9F0410D46044616461F46B9
:10EBFC0003681B68984765F07F012046C9B2FFF790
:10EC0C00DDFF236820463A4631461B699847236846
:10EC1C002046BDE8F0415B68184707B501238DF825
:10EC2C0007200DF10702FFF7DDFF03B05DF804FBD1
:10EC3C002DE9F04104460F4615461E4603681B6835
:10EC4C009847204607F07F01FFF7B8FF236820465E
:10EC5C0032462946DB68984723682046BDE8F041D8
:10EC6C005B68184707B501230DF10702FFF7E0FFBA
:10EC7C009DF8070003B05DF804FBF8B505460E4699
:10EC8C0014461F46FFF7EEFF20EA0402D2B23C40C6
:10EC9C00314628462243FFF7C0FFF8BD70B5044645
:10ECAC0015461E460A460D21FFF7B7FF33462A4686
:10ECBC002046BDE870400021FFF794BF70B50446B4
:10ECCC0015461E460A460D21FFF7A7FF33462A4676
:10ECDC002046BDE870400021FFF7AABF08B500220E
:10ECEC000121FFF79AFF08BD012208B51146FFF775
:10ECFC0094FF08BD07B50B0C8DF804300B0A8DF88A
:10ED0C0005308DF806100323062101AAFFF76AFFD0
:10ED1C0003B05DF804FB08B50A430C21FFF77DFF37
:10ED2C0008BD902938B5044615460CD1022236216F
:10ED3C00FFF773FF2DB964223A212046FFF76DFFD0
:10ED4C0038BD7F22F8E703223621F7E7902970B50A
:10ED5C0005460C4606D1BDE87040802331211A4689
:10ED6C00FFF78BBF002380223121FFF786FF302C69
:10ED7C001ED00AD8B4B1102C1AD0202C18D00022D6
:10ED8C0030212846FFF749FF70BD602C08D003D80E
:10ED9C0004F0EF04402CF1E7702C01D0802CEED164
:10EDAC00402200E048222F212846FFF736FFE6E7F5
:10EDBC004422F8E738B5044615460A460E21FFF7FB
:10EDCC002CFF2A460F212046FFF727FF38BD60296C
:10EDDC0038B504460D4643EA020316D143F001024E
:10EDEC001D21FFF71AFF2B46F4221E212046FFF7A8
:10EDFC0044FF0722052331212046FFF73EFF0C225A
:10EE0C0037212046FFF709FF38BDFE221D21FFF7F1
:10EE1C0034FF2B46F0221E212046FFF72EFF07223F
:10EE2C00032331212046FFF728FF0A22E8E72DE9CA
:10EE3C00F04704460F4616461D46002220219DF839
:10EE4C0020909DF82480FFF7E8FE3A4620462121C9
:10EE5C00FFF7E3FE3346204601221D21FFF70DFF8D
:10EE6C004B46204604221E21FFF707FF2A46204668
:10EE7C002221FFF7D2FE43462046BDE8F04741224F
:10EE8C003321FFF7FABE70B51646CA431D46044639
:10EE9C001121D2B2FFF7C1FE204646EA05024021FD
:10EEAC00FFF7BBFE2046BDE870400023F122412154
:10EEBC00FFF7E3BE122108B5FFF7D4FE80B208BD00
:10EECC0008B50A461221FFF7A8FE08BD70B5044626
:10EEDC000E46FFF7EFFF0546F1B22046FFF7F0FFB5
:10EEEC002046FFF701FF284670BD70B5044603F0BD
:10EEFC000F059DF810602A430A430921FFF78DFE88
:10EF0C0033462046BDE870400F220A21FFF7B5BEFC
:10EF1C0008B503220121FFF780FE08BD08B50522C4
:10EF2C000121FFF77AFE08BD70B50C460646154662
:10EF3C001A21B3B9FFF796FEA0F19D031BB22380F3
:10EF4C0019213046FFF78EFE40B203460028B8BFA9
:10EF5C00C31C9B102B700330BEBF22889B182380D0
:10EF6C0070BDFFF77FFEA0F1A403E7E708B54221CF
:10EF7C00FFF778FE08BD43688160C91AFFF7BABE77
:10EF8C0038B5044600F03CFA214605462046F1F718
:10EF9C00BDFB80B9204600F067F84FF07E51F1F7C9
:10EFAC00ABFB40B101F0AEFC212303600348BDE88C
:10EFBC00384000F097B8284638BD00BF0D1801083E
:10EFCC0000F060BB38B5054600F090F829460446C1
:10EFDC002846F1F79BFB68B900212846F1F76EFB38
:10EFEC0040B101F08FFC2123002103600846F1F7AA
:10EFFC007BFA0446204638BD07B51A4A20F0004378
:10F00C009342014605DC002103B05DF804EB00F0EF
:10F01C0001B9B3F1FF4F04DBF1F7A8F803B05DF8C9
:10F02C0004FB694600F0B4FB00F00302012A07D090
:10F03C00022A0CD082B90199009800F0EBF8EDE7A8
:10F04C000199009800F066F900F10040E6E701999B
:10F05C00009800F0DFF8F7E701220199009800F022
:10F06C0059F9DBE7D80F493F20F00040704700000A
:10F07C0007B51B4A20F000439342014606DC0022F0
:10F08C00002103B05DF804EB00F044B9B3F1FF4F7D
:10F09C0004DBF1F76BF803B05DF804FB694600F094
:10F0AC0077FB00F00300012808D002280BD090B9A0
:10F0BC0001220199009800F02DF9ECE701990098D4
:10F0CC0000F0A8F8E7E701220199009800F022F976
:10F0DC0000F10040DFE70199009800F09BF8F7E79A
:10F0EC00D80F493F004870470000C07F20F0004215
:10F0FC00B2F1FF4F2DE9F041034604460AD3014615
:10F10C00F1F73EF901462046F1F732F80446204665
:10F11C00BDE8F081002AFAD0002806DA0146F1F7A2
:10F12C0025F80146F1F7E0F9F0E710F0FF424FEA5D
:10F13C00E0513ED00024A1F17F05CA074FF0190021
:10F14C0026464FF08071C3F3160343F4000358BFF7
:10F15C005B006D105B0072189A42CFBF1A465618AE
:10F16C0064189A1A01384FEA42034FEA5101F2D15E
:10F17C00BAB1144E144F30683968F0F7F7FFD6F86F
:10F18C00008001464046F1F7A3FA50B13068396867
:10F19C00F0F7EEFF366801463046F1F78FFA68B1AA
:10F1AC000234641004F17C5404EBC554AFE75B00EB
:10F1BC0001321802FBD5013A891ABBE7013424F05D
:10F1CC000104EEE7780200207C020020C0F3C75354
:10F1DC007F3B162B014610B514DC002B07DA0133EC
:10F1EC0000F0004101D141F07E51084610BD084AA3
:10F1FC001A411042F9D04FF480011941014421EA1F
:10F20C000201F2E7802BF0D1F0F7B2FF0146ECE7F8
:10F21C00FFFF7F002DE9F04120F00044B4F1485F7E
:10F22C000646884603DAF1F787FA00285CD03146A7
:10F23C003046F1F7A5F84FF07C510546F1F7A0F8F0
:10F24C002B4907462846F1F79BF82A49F0F790FF1F
:10F25C002946F1F795F82849F0F788FF2946F1F788
:10F26C008FF82649F0F784FF2946F1F789F82449ED
:10F27C00F0F77CFF2946F1F783F82249F0F778FF85
:10F28C002946F1F77DF82946F1F77AF8414605460B
:10F29C003046F1F775F801462846F0F767FF1A4B30
:10F2AC0005469C420ADC01463846F0F75FFF0146F2
:10F2BC004FF07E50F0F75AFFBDE8F081134B4FF042
:10F2CC007E509C42CCBF124C04F17F442146F0F797
:10F2DC004DFF214606463846F0F748FF2946F0F721
:10F2EC0045FF01463046E5E74FF07E50E4E700BFAE
:10F2FC004ED747ADF6740F317CF29334010DD037F5
:10F30C00610BB63AABAA2A3D9999993E0000483F49
:10F31C000000903E2DE9F84320F00043B3F1485F24
:10F32C0004460F46914603DAF1F706FA002835D069
:10F33C0021462046F1F724F8054601462046F1F710
:10F34C001FF8294906462846F1F71AF82749F0F71D
:10F35C000DFF2946F1F714F82549F0F709FF294666
:10F36C00F1F70EF82349F0F701FF2946F1F708F8F9
:10F37C002149F0F7FDFE8046B9F1000F11D101468D
:10F38C002846F0F7FDFF1D49F0F7F0FE3146F0F787
:10F39C00F7FF01462046F0F7EBFE04462046BDE899
:10F3AC00F8834FF07C513846F0F7EAFF414681462E
:10F3BC003046F0F7E5FF01464846F0F7D7FE294600
:10F3CC00F0F7DEFF3946F0F7D1FE0C490546304622
:10F3DC00F0F7D6FF01462846F0F7CAFE0146204654
:10F3EC00F0F7C4FED9E700BFD3C92E2F342FD73284
:10F3FC001BEF3836010D50398988083CABAA2A3EE0
:10F40C002DE9F04720F00048B8F17E5F0446054630
:10F41C000CD18C49F0F7B4FF8B4905462046F0F728
:10F42C00AFFF01462846F0F7A3FE06E009DD0146D2
:10F43C00F0F79CFE0146F1F757F804462046BDE86C
:10F44C00F087B8F17C5F0BDAB8F1485F73DA7F496B
:10F45C00F0F78EFE4FF07E51F1F74EF90028EDD10A
:10F46C002046FFF701FE01464FF07E50F0F77EFE7E
:10F47C004FF07C51F0F784FF06467549F0F780FF9A
:10F48C007449F0F775FE3146F0F77AFF7249F0F7E0
:10F49C006DFE3146F0F774FF7049F0F769FE3146A6
:10F4AC00F0F76EFF6E49F0F761FE3146F0F768FF3A
:10F4BC006C49F0F75DFE3146F0F762FF6A49814610
:10F4CC003046F0F75DFF6949F0F750FE3146F0F732
:10F4DC0057FF6749F0F74CFE3146F0F751FF65498D
:10F4EC00F0F744FE3146F0F74BFF4FF07E51F0F74A
:10F4FC003FFE82463046FFF7F9FD5F4B07469845C5
:10F50C0063DD51464846F0F7EFFF3946F0F738FF18
:10F51C003946F0F72DFE0146F0F72AFE5749F0F771
:10F52C0027FE01464748F0F721FE002D0446D8BFC0
:10F53C0000F1004482E70146F0F722FF05464449FA
:10F54C00F0F71EFF4349F0F713FE2946F0F718FFBA
:10F55C004149F0F70BFE2946F0F712FF3F49F0F74F
:10F56C0007FE2946F0F70CFF3D49F0F7FFFD294651
:10F57C00F0F706FF3B49F0F7FBFD2946F0F700FFDB
:10F58C00394906462846F0F7FBFE3849F0F7EEFD00
:10F59C002946F0F7F5FE3649F0F7EAFD2946F0F773
:10F5AC00EFFE3449F0F7E2FD2946F0F7E9FE4FF0A3
:10F5BC007E51F0F7DDFD01463046F0F795FF214610
:10F5CC00F0F7DEFE014620462DE7014620F47F6869
:10F5DC00F0F7CEFD514604464846F0F785FF01464C
:10F5EC002046F0F7CDFE28F00F08814641464046F4
:10F5FC00F0F7C6FE01463046F0F7B8FD414604462A
:10F60C003846F0F7B5FD01462046F0F76DFF014690
:10F61C00F0F7AEFD01460C48F0F7A8FD0146484650
:10F62C00F0F7A4FD414604464046F0F7A1FD014623
:10F63C001348F0F79BFD01462046F0F797FD014675
:10F64C000F4870E7DB0FC93F2EBD3BB3CAF24971BF
:10F65C0008EF1138047F4F3A4611243DA80A4E3E5C
:10F66C0090B0A63EABAA2A3E2EC69D3D6133303FDC
:10F67C002D57014039D119409999793F2EBD3B3313
:10F68C00DB0F493FF8B521F00046B6F1FF4F0346BA
:10F69C0005DC20F00042B2F1FF4F074604DD1846AE
:10F6AC00F0F766FD034611E0B1F17E5F03D1BDE8D2
:10F6BC00F84000F0CBB98C1704F0020444EAD07483
:10F6CC0032B9022C4CD0032C00D1294B1846F8BD72
:10F6DC001EB9002F4ADA274BF8E7B6F1FF4F0ED1CF
:10F6EC00B2F1FF4F04F1FF3405D1022C3AD8224B72
:10F6FC0053F82430EAE7022C36D8204BF8E7B2F165
:10F70C00FF4FE6D0921BB2F1F45F4FEAE25017DAEA
:10F71C00002901DA3C3015DB1846F0F7E5FEFFF75F
:10F72C00A3FC00F093F90346012C0DD0022C0ED053
:10F73C00002CCBD012491846F0F71AFD11490CE0F9
:10F74C00114BF1E70023EFE703F10043BEE70C494F
:10F75C001846F0F70DFD01460A48F0F707FDA1E742
:10F76C00084BB3E7094BB1E70023AFE7064BADE716
:10F77C00DB0F49C0DB0FC9BF7C4A0108884A01086E
:10F78C002EBDBB33DB0F4940DB0FC93FDB0F493FBD
:10F79C002DE9F04FA04A20F0004696420C468246D6
:10F7AC0087B004DC002308604B6000251AE09B4AFC
:10F7BC0096424BDC00289A499A4F26F00F0623DD1F
:10F7CC00F0F7D4FCBE42054610D09749F0F7CEFCBA
:10F7DC00014620602846F0F7C9FC9349F0F7C6FCB7
:10F7EC0001256060284607B0BDE8F08F8F49F0F71F
:10F7FC00BDFC8F490546F0F7B9FC01462060284650
:10F80C00F0F7B4FC8A49E9E7F0F7B2FCBE420546D2
:10F81C000ED08549F0F7ACFC014620602846F0F785
:10F82C00A5FC8149F0F7A4FC4FF0FF356060D9E7E7
:10F83C007E49F0F79DFC7E490546F0F799FC0146A0
:10F84C0020602846F0F792FC7949EBE7794A96421A
:10F85C0000F39180FFF708FC77490746F0F790FD1D
:10F86C004FF07C51F0F784FCF0F766FF0546F0F79B
:10F87C0033FD6B498146F0F783FD01463846F0F7BE
:10F88C0075FC694980464846F0F77AFD1F2D0746FE
:10F89C000CDC6A4A691E52F8212026F0FF039342C1
:10F8AC0004D039464046F0F761FC0BE0394640463F
:10F8BC00F0F75CFCC0F3C753C3EBD653082B4FEAED
:10F8CC00E65B01DC206026E058494846F0F758FD1D
:10F8DC00074601464046F0F749FC014606464046BD
:10F8EC00F0F744FC3946F0F741FC074650494846CE
:10F8FC00F0F746FD3946F0F739FC0146074630462D
:10F90C00F0F734FCC0F3C753ABEB030BBBF1190F8F
:10F91C0016DCB0462060266840463146F0F726FCDF
:10F92C003946F0F723FCBAF1000F6060BFF65AAF0E
:10F93C0006F1004600F10040266060606D4251E720
:10F94C003F494846F0F71CFD074601463046F0F7A4
:10F95C000DFC014680463046F0F708FC3946F0F7BE
:10F96C0005FC064637494846F0F70AFD3146F0F7E4
:10F97C00FDFB074695E7B6F1FF4F05DB0146F0F7B7
:10F98C00F5FB6060206010E7F715863FA6EBC756C5
:10F99C003046F0F7D1FEF0F79FFC0146039030465D
:10F9AC00F0F7E4FB4FF08741F0F7EAFC0646F0F77E
:10F9BC00C3FEF0F791FC0146049005463046F0F783
:10F9CC00D5FB4FF08741F0F7DBFC00210590F0F7F9
:10F9DC006BFEF0B100212846F0F766FE002814BF3C
:10F9EC0001230223184A21460192022203A8009205
:10F9FC003A4600F037F9BAF1000F0546BFF6F2AE01
:10FA0C00236803F100432360636803F100436360E0
:10FA1C0094E70323E6E700BFD80F493FE3CB16403A
:10FA2C00800FC93FD00FC93F4344353700443537A9
:10FA3C0008A3852E800F494384F9223F944A01087C
:10FA4C0000A3852E32318D24144B01082DE9F04191
:10FA5C0020F00045B5F1A14F044680460EDBB5F110
:10FA6C00FF4F04DD0146F0F783FB044603E000285A
:10FA7C0000F3CE80674C2046BDE8F081664B9D427A
:10FA8C000EDCB5F1445F08DA6449F0F771FB4FF016
:10FA9C007E51F0F731FE0028EDD14FF0FF361CE01F
:10FAAC00FFF7E2FA5E4B04469D427CDCA3F5D003E3
:10FABC009D4267DC0146F0F75BFB4FF07E51F0F79F
:10FACC0055FB4FF0804105462046F0F751FB0146AF
:10FADC002846F0F709FD0026044621462046F0F79B
:10FAEC004FFC01460746F0F74BFC05464D49F0F735
:10FAFC0047FC4D49F0F73CFB2946F0F741FC4B49DC
:10FB0C00F0F736FB2946F0F73BFC4949F0F730FBA0
:10FB1C002946F0F735FC4749F0F72AFB2946F0F760
:10FB2C002FFC4549F0F724FB3946F0F729FC4349F3
:10FB3C0007462846F0F724FC4149F0F717FB294605
:10FB4C00F0F71EFC3F49F0F711FB2946F0F718FCC3
:10FB5C003D49F0F70BFB2946F0F712FC3B49F0F757
:10FB6C0005FB2946F0F70CFC01463846F0F700FB84
:10FB7C002146F0F705FC731C014633D12046F0F703
:10FB8C00F5FA72E74FF07E51F0F7F0FA4FF07E5134
:10FB9C0005462046F0F7ECFA01462846F0F7A4FC9F
:10FBAC000126044699E72A4B9D4214DC4FF07F5105
:10FBBC00F0F7DCFA4FF07F5105462046F0F7E0FBFA
:10FBCC004FF07E51F0F7D4FA01462846F0F78CFC42
:10FBDC000226044681E701461E48F0F785FC032601
:10FBEC0004467AE71C4B53F82610F0F7BFFA21466F
:10FBFC00F0F7BCFA194B014653F82600F0F7B6FAA9
:10FC0C00B8F1000F0446BFF636AF00F1004432E7FE
:10FC1C00134C30E7DB0FC9BFFFFFDF3ECAF249715F
:10FC2C00FFFF973FD769853C59DA4B3D356B883DD3
:10FC3C006E2EBA3D2549123EABAAAA3E21A215BD95
:10FC4C006BF16E3D95879D3D388EE33DCDCC4C3EA2
:10FC5C00FFFF1B40000080BF3C4E01082C4E0108EA
:10FC6C00DB0FC93F2DE9F04FDBB002920493649A8D
:10FC7C00BB4B059053F8223000910193049B013B40
:10FC8C000393029B1A1DC0F29B80DC1E48BF1C1DF7
:10FC9C00E41000254FF0000B671CFB000693029B41
:10FCAC00039AA3EBC707019BA4EB020803EB020921
:10FCBC00659B1EAE03EB880A4D4540F38380049A86
:10FCCC001EAB03EB82054FF0000900230DF58C7B76
:10FCDC00019A914540F39E8013460AAA02EB8303D6
:10FCEC000893659BDDF8048003EB840307930AAC4F
:10FCFC002646C3464FF087495AAB03EB880353F8AB
:10FD0C00505C0DF58C7ABBF1000F00F388803946FE
:10FD1C00284600F05BFA4FF078510546F0F730FBBF
:10FD2C0000F0A0FA4FF08241F0F72AFB014628467A
:10FD3C00F0F71CFA0546F0F7FFFC0646F0F7CCFA94
:10FD4C0001462846F0F712FA002F814640F38680D0
:10FD5C0008F1FF320AAB53F82250C7F1080145FAFB
:10FD6C0001F31E448B40ED1A0AAB43F82250C7F145
:10FD7C0007031D41002D7FDD002292460136904580
:10FD8C0000F3B080002F05DD012F00F0BD80022FA5
:10FD9C0000F0C580022D6FD149464FF07E50F0F730
:10FDAC00E5F98146BAF1000F66D039464FF07E5026
:10FDBC0000F00CFA01464846F0F7D8F981465BE0B2
:10FDCC00002466E718EB050F07D45AF82500F0F766
:10FDDC0083FA46F8040B01356EE75846F9E70793AA
:10FDEC00059BDAF8001053F82800F0F7C9FA014621
:10FDFC003046F0F7BDF90646079B08F10108039A57
:10FE0C00AAF1040A9045EADD4BF8046B09F10109EB
:10FE1C0004355DE7AA461E464FF00008EFE74FF0A9
:10FE2C006E512846F0F7ACFAF0F786FCF0F754FA6E
:10FE3C0049460990F0F7A4FA01462846F0F796F9DE
:10FE4C00F0F77AFC099B0BF1FF3B46F8040B5AF8D0
:10FE5C002B101846F0F78CF9054654E706D108F13B
:10FE6C00FF330AAA52F82350ED1183E74FF07C516F
:10FE7C00F0F738FC054698BB00214846F0F714FC17
:10FE8C00002800F0988008F1FF34234600220199E5
:10FE9C008B424CDA002A67D00AAB53F82430083F67
:10FEAC00002B00F0868039464FF07E5000F08EF922
:10FEBC00A24681464FF06E5846AFBAF1000F80F261
:10FECC00AF8027460022002FC0F2D98046A9904669
:10FEDC004FF0000A234B01EB870BA4EB0709C2E0A0
:10FEEC00022549E72368BAF1000F08D11BB1C3F50D
:10FEFC008073236001239A46013204343FE7C3F137
:10FF0C00FF0323605346F6E708F1FF320AAB53F8C0
:10FF1C00223003F07F030AA941F822303AE708F1B6
:10FF2C00FF320AAB53F8223003F03F03F3E70AA980
:10FF3C0051F82310013B0A43A9E7013453F8042D6F
:10FF4C00002AFAD0049B1EAA434408F1010602EBD6
:10FF5C00830544440DF58C79B44208DAA046C6E614
:10FF6C00784E01084C4E01080124089BE6E7079BDC
:10FF7C00AB4653F82600F0F7AFF94FF0000A4FF0FC
:10FF8C0000082860039B9A4504DD49F82680043557
:10FF9C000136E1E7059B5BF8040953F82A10F0F7EA
:10FFAC00EFF901464046F0F7E3F80AF1010A804602
:10FFBC00E8E7013C70E7069B029A4846991A00F064
:10FFCC0005F94FF087410446F0F78CFB00B34FF076
:10FFDC006E512046F0F7D4F9F0F7AEFBF0F77CF950
:10FFEC004FF087418146F0F7CBF901462046F0F7F8
:04FFFC00BDF8F0F765
:020000040801F1
:10000000A1FB0AAB43F828004846F0F79BFB08F138
:1000100001040AAB083743F824004AE72046F0F70A
:1000200091FB0AAB444643F8280042E70AAB53F879
:100030002A00F0F757F94946F0F7A8F9414647F882
:100040002A004846F0F7A2F90AF1FF3A81463AE75A
:1000500053F8040B5BF8041B03920293F0F796F934
:1000600001464046F0F78AF8DDE9023280460AF19F
:10007000010A01998A4501DCCA45E9DD5AAB03EB67
:10008000890949F8A08C013F23E7649B022B07DC18
:10009000002B4EDC2ED006F007005BB0BDE8F08FE1
:1000A000649B032BF7D10DF1C80B0BEB8407B8460B
:1000B000A246BAF1000F49DCA146B9F1010F60DC9C
:1000C0000020012C76DC329A339B002D78D10099E8
:1000D0000A600A464B609060DDE757F82410F0F79D
:1000E0004DF8013C002CF8DA0DB100F10040009B06
:1000F0001860D0E7002032AFF4E757F82810F0F787
:100100003DF808F1FF38B8F1000FF6DAADB100F1B3
:100110000043009A014613603298F0F72DF84FF033
:10012000010844450BDA0DB100F10040009B586016
:10013000B1E7A046002032AFE5E70346E9E757F80C
:10014000041FF0F71BF808F10108EAE7D8F80030BF
:1001500058F8042C1946104602930192F0F70EF855
:10016000019A014681461046F0F706F8029B0AF113
:10017000FF3A1946F0F702F848F80409C8F8009069
:1001800097E757F8043CD7F800A01846514601936A
:10019000EFF7F4FF019B014680461846EFF7ECFFAE
:1001A0005146EFF7EBFF47F8040909F1FF39C7F8AB
:1001B000008082E75BF82410EFF7E0FF013C80E766
:1001C000009902F1004203F100430A604B600A46C5
:1001D00000F100407FE700BF30F0004238B5034631
:1001E0000D4604462ED0B2F1FF4F04D30146EFF77F
:1001F000C5FF034626E010F0FF4F18D14FF098419D
:10020000F0F7C4F8174A034695420CDB0446C0F3E6
:10021000C752193A4CF250318D420ADD1249184644
:1002200061F31E0000E01149F0F7B0F8E1E7D20DEC
:10023000F0E75119FE29F1DC002905DD24F0FF4427
:1002400044EAC153184638BD11F1160F01DA0749C7
:10025000E5E701F1190024F0FF444FF04C5144EA66
:10026000C050E1E7B03CFFFFCAF249716042A20D05
:1002700070B5C0F3C7557F3D162D0146044620F0EA
:10028000004625DC002D0EDA1649EFF777FF002136
:10029000F0F738FA28B1002C22DA134B002E18BFE1
:1002A0001C4621461AE0114E2E41304216D00D490F
:1002B000EFF764FF0021F0F725FA0028F1D0002CB9
:1002C000BEBF4FF400032B41E41824EA0604E8E71C
:1002D000B6F1FF4F02D3EFF751FF0146084670BD5C
:1002E0000024DEE7CAF24971000080BFFFFF7F00F3
:1002F0000A22002100F07EB8012B2DE9F047864646
:10030000904601D0242B06D900F002FB162303608F
:100310000020BDE8F0870D4635482A4615F8014B08
:10032000065D16F00806F8D12D2C2ED101262C786A
:10033000951C002B57D0102B09D1302C07D12A78CF
:1003400002F0DF02582A49D110236C7802350022CE
:1003500006F1004C0CF1FF3CBCFBF3F9104603FB2B
:1003600019CAA4F13007092F14D83C46A34220DD56
:10037000571C07D0814519D301D1A24516DB0122B4
:1003800000FB034015F8014BEBE72B2C04BF2C7846
:10039000951CCEE7A4F14107192F01D8373CE5E7BA
:1003A000A4F16107192F04D8573CDFE74FF0FF3263
:1003B000E8E7531C08D122236046CEF80030B8F19C
:1003C000000FA6D0691E06E006B14042B8F1000F4A
:1003D0009FD0002AF6D1C8F800109AE73024002BED
:1003E000B5D10823B3E7302CA9D00A23AFE700BF6B
:1003F000854E010813460A46014602480068FFF789
:100400007BBF00BFD8020020024B0344587800F0A5
:1004100003007047844E0108034B1B5C03F0030389
:10042000022B08BF20387047854E0108002310B505
:100430000446C0E90033C0E9043383608181436628
:10044000C2818361194608225C3000F00EF90D4B21
:10045000246263620C4BA3620C4BE3620C4B23637C
:100460000C4B9C4206D003F16802944202D0D03378
:100470009C4205D104F15800BDE8104000F072BA6A
:1004800010BD00BFB1050108D30501080B06010826
:100490002F06010818410020024A0349034800F0D2
:1004A00069B800BF80020020D10C01088C02002036
:1004B00041680C4B10B59942044601D000F008FC8D
:1004C000A168094B994202D0204600F001FCE16886
:1004D000064B994204D02046BDE8104000F0F8BB1E
:1004E00010BD00BF1841002080410020E8410020DD
:1004F00010B50B4B0B4C0C4A20461A60042100220D
:10050000FFF794FF04F1680001220921FFF78EFF35
:1005100004F1D0000222BDE810401221FFF786BF8F
:10052000504200201841002099040108014800F0C1
:100530001ABA00BF59420020014800F015BA00BFA6
:100540005942002010B50446FFF7F0FF236A1BB1A3
:10055000BDE81040FFF7F0BF044B2362044B1B685B
:10056000002BF5D1FFF7C4FFF2E700BFB10401088B
:10057000504200202DE9F8430746884614460026DD
:10058000D4E90195B9F1010905D52468002CF7D10A
:100590003046BDE8F883AB89012B07D9B5F90E3099
:1005A000013303D029463846C04706436835E9E79A
:1005B00010B50C46B1F90E1000F086F90028ABBF5B
:1005C000636DA3891B1823F48053ACBF6365A381BB
:1005D00010BD2DE9F0411F468B890546DB050C4611
:1005E000164605D502230022B1F90E1000F05AF983
:1005F000A389324623F48053A38128463B46B4F9AD
:100600000E10BDE8F04100F071B910B50C46B1F91B
:100610000E1000F047F9431CA38915BF606523F451
:10062000805343F48053A38118BFA38110BDB1F957
:100630000E1000F027B9884210B501EB020402D970
:100640008442234607D8431EA14208D011F8012B4B
:1006500003F8012FF8E7014602448A4200D110BD99
:1006600013F8014D02F8014DF7E7034602449342A7
:1006700000D1704703F8011BF9E7024610B5147862
:1006800013460132002CFAD1013B11F8012B03F87B
:10069000012F002AF9D110BD0346C9B2184613F83C
:1006A000012B12B18A42F9D17047002918BF0020EE
:1006B000704710B56AB10139841810F8012B11F890
:1006C000013F9A4203D1A04201D0002AF5D1D01AAD
:1006D00010BD1046FCE7034610B5013932B111F8E0
:1006E000014F013A03F8014B002CF7D100211A44C5
:1006F000934200D110BD03F8011BF9E738B50B4B4D
:1007000004461D686B6B53B9242000F0ABF9024618
:10071000686320B93D21064B064800F03DF92046AC
:10072000696BBDE8384000F007B800BFD802002070
:10073000854F01089C4F01082DE9F04100230C462C
:10074000D0E900014B4AF0F743F84FF46161002A09
:10075000BCBF02F5A83202F5C072B2FBF1F301FB97
:1007600013224FF03C01A360B2FBF1F301FB132213
:1007700022604FF0070200F52F20ACBF00F66C207E
:1007800000F66B206360C31C93FBF2F2C2EBC20263
:100790009B1A48BF073300283749A361BDBFA0F5A6
:1007A0000E33A3F52C7393FBF1F190FBF1F1334B76
:1007B00040F2B45C03FB010048F6AC63B0FBF3F31A
:1007C000B0FBFCF203449B1A2D4A40F26D17B0FBBC
:1007D000F2F29B1AB3FBF7F26426B3FBFCF3B2FB15
:1007E000F6F5EB1A0344992007FB123303EB83075A
:1007F0000237B7FBF0FC4FF0050800FB0CF00230AD
:10080000B0FBF8F003F1010EAEEB000040F2F95E30
:10081000774594BF02276FF0090767444FF4C87CFF
:100820000CFB0121012F98BF0131B3F5997F0CD347
:10083000A3F59973E3610023A1F26C71E060C4E950
:10084000047120462362BDE8F08112F0030F02D14B
:1008500006FB15255DB94FF4C875B2FBF5F605FB2F
:100860001622B2FA82F252093B331344E2E7012224
:10087000FAE700BF80510100B13A02004FC5FDFF09
:10088000B03A020038B50023054D044608462B60F7
:10089000FCF77EFD431C02D12B6803B1236038BDF9
:1008A0005442002038B50446084611460022054D42
:1008B0002A601A46FCF776FD431C02D12B6803B16F
:1008C000236038BD5442002038B50446084611461E
:1008D0000022054D2A601A46FCF73EFD431C02D15A
:1008E0002B6803B1236038BD5442002038B504465C
:1008F000084611460022054D2A601A46FCF73AFDCB
:10090000431C02D12B6803B1236038BD5442002040
:10091000014B1868704700BFD802002070B5002650
:100920000C4D0D4C641BA410A64209D100F062FED0
:1009300000260A4D0A4C641BA410A64205D170BDC6
:1009400055F8043B98470136EEE755F8043B9847C5
:100950000136F2E76C5001086C5001086C50010838
:1009600074500108704770477047034611F8012B17
:1009700003F8012B002AF9D170470A44914200F193
:10098000FF3300D1704710B511F8014B914203F8C5
:10099000014FF9D110BD00001FB514461A46094B8E
:1009A00005461B68D8684CB1074BCDE9013400916E
:1009B0002B46064900F0B4F900F0D4F9044B1C466C
:1009C000F3E700BFD8020020F44F010801500108EE
:1009D0000D18010838B50546002940D051F8043CEF
:1009E0000C1F002BB8BFE41800F0E4F81C4A136891
:1009F00033B9636014602846BDE8384000F0E0B8C1
:100A0000A34208D9206821188B4201BF19685B688E
:100A100009182160EDE71A465B680BB1A342FAD9C9
:100A200011685018A0420BD120680144501883422D
:100A30001160E0D118685B68084410605360DAE721
:100A400002D90C232B60D6E7206821188B4201BF06
:100A500019685B680918216063605460CBE738BD92
:100A60005C420020024B0146186800F023B800BF2A
:100A7000D802002070B50E4E0C463168054611B9FB
:100A800000F060F930602146284600F05BF9431C15
:100A90000AD0C41C24F00304A04207D0211A28461F
:100AA00000F050F9013001D14FF0FF34204670BD05
:100AB000604200202DE9F843CD1C25F003050835E0
:100AC0000C2D38BF0C25002D074601DBA94205D9A6
:100AD0000C2300263B603046BDE8F883DFF8D08069
:100AE00000F068F8D8F800301C465CBB2946384650
:100AF000FFF7C0FF431C044655D1D8F800402646F6
:100B0000002E45D1002C48D023683146384604EBEE
:100B1000030900F017F981453FD1216838466D1A65
:100B20002946FFF7A7FF013037D023682B44236005
:100B3000D8F80030002B38D05A68A2422BD10022BE
:100B40005A600FE02268521B1FD40B2A17D9611973
:100B5000A342256018BF5960636808BFC8F8001039
:100B600062514B60384604F10B0600F029F826F07C
:100B70000706231DF21AAED09B1BA350ABE7A3427E
:100B80006268DDD1C8F80020ECE723466468ACE772
:100B900034467668B4E71346CCE70C2338463B600E
:100BA00000F00EF897E72560DCE75B60FFDE00BF32
:100BB0005C4200200148FFF7D6BE00BF584200202B
:100BC0000148FFF7D1BE00BF584200208A89F8B51E
:100BD000054610070C4657D44B68002B04DC0B6C01
:100BE000002B01DC0020F8BDE66A002EFAD00023BD
:100BF00012F480522F68216A2B6032D0606DA38975
:100C00005A0705D56368C01A636B0BB1236CC01A11
:100C100000230246E66A2846216AB047431CA3899E
:100C200006D129681D292BD8284A0A41D60727D47E
:100C3000002262602269D904226004D5421C01D1DD
:100C40002B6803B96065616B2F600029CAD004F17D
:100C50004403994202D02846FFF7BCFE002060639F
:100C6000C1E701232846B047411CC8D12B68002B9F
:100C7000C5D01D2B01D0162B01D12F60B2E7A3895F
:100C800043F04003A381AEE70F69002FAAD093077A
:100C900018BF00230E6808BF4B69F61B0F608B60FE
:100CA000002E9FDD33463A462846216AD4F828C0F4
:100CB000E047002806DCA3894FF0FF3043F04003F3
:100CC000A38190E70744361AEAE700BFFEFFBFDFC3
:100CD00038B50B6905460C4613B90025284638BDC2
:100CE00018B1036A0BB9FFF72DFCB4F90C30002BD7
:100CF000F3D0626ED00704D4990502D4A06DFFF73B
:100D000032FE28462146FFF761FF636E0546DA078B
:100D1000E4D4A3899B05E1D4A06DFFF725FEDDE7B0
:100D20000EB403B5014603AB054853F8042B006825
:100D3000019300F045F802B05DF804EB03B0704792
:100D4000D802002038B50023054D044608462B6024
:100D5000FCF72AFB431C02D12B6803B1236038BD8A
:100D600054420020062008B500F096FB0120FCF755
:100D7000EDFA936810B4013B002B936007DA946995
:100D8000A34201DB0A2902D110BC00F0C7BA1368E4
:100D9000581C10601970084610BC7047F8B506461C
:100DA0000F461446D518AC4201D1002007E03A4660
:100DB000304614F8011BFFF7DCFF431CF3D1F8BDEC
:100DC0002DE9F04F0D461446984606469DB018B1E1
:100DD000036A0BB9FFF7B6FB6B6ED90705D4AB8975
:100DE0009A0502D4A86DFFF7BEFDAB891B0701D59C
:100DF0002B699BB92946304600F0CEFA70B16B6E74
:100E0000DC0704D54FF0FF301DB0BDE8F08FAB8993
:100E10009805F7D4A86DFFF7A7FDF3E70023099322
:100E200020238DF8293030234FF00109CDF80C80B4
:100E3000DFF8AC818DF82A3023469A4613F8012B4F
:100E40000AB1252AF9D1BAEB040B0BD05B46224636
:100E500029463046FFF7A2FF013000F0A980099A29
:100E60005A4409929AF80030002B00F0A180002328
:100E70004FF0FF32CDE905230AF1010A04930793ED
:100E80008DF853301A935446052214F8011B544828
:100E900000F01EFB049AD8B9D10644BF20238DF878
:100EA0005330130744BF2B238DF853309AF800308A
:100EB0002A2B15D0544600204FF00A0C079A2146E1
:100EC00011F8013B303B092B4DD9B0B1079214E02A
:100ED000A0EB080309FA03F31343A2460493D2E7F5
:100EE000039B191D1B680391002BBBBF5B4242F0A3
:100EF000020207930793B8BF049223782E2B0CD1DC
:100F000063782A2B34D1039B02341A1D1B68039289
:100F1000002BB8BF4FF0FF330593DFF8C8A00322C2
:100F20005046217800F0D4FA38B14022049BA0EB5F
:100F30000A00824013430134049314F8011B062273
:100F400029488DF8281000F0C3FA00283FD0274B1D
:100F50001BBB039B073323F0070308330393099B51
:100F60003B44099368E70C4601200CFB0232A6E7DC
:100F700000234FF00A0C194601340593204610F85F
:100F8000012B303A092A03D9002BC6D00591C4E7BA
:100F9000044601230CFB0121F0E703AB00932A4632
:100FA0003046134B04A9AFF300800746781CD6D116
:100FB0006B6ED90705D4AB899A0502D4A86DFFF7EB
:100FC000D3FCAB895B063FF51DAF09981CE703AB6B
:100FD00000932A463046064B04A900F07DF8E4E76A
:100FE00030500108365001083A5001080000000056
:100FF0009D0D01082DE9F047164699468A680B6950
:1010000007469342B8BF1346336091F843200C461D
:10101000DDF820800AB1013333602368990642BFAE
:10102000336802333360256815F0060506D104F1F4
:10103000190AE36832689B1AAB422BDC94F8432010
:10104000131E226818BF0123920630D44946384641
:1010500004F14302C047013023D02368226903F022
:101060000603042B14BF002533684FF0000608BFA9
:10107000E56804F11A0408BFED1A54F8123C08BFE1
:1010800025EAE5759342C4BF9B1AED18B5421AD103
:10109000002008E00123524649463846C047013047
:1010A00003D14FF0FF30BDE8F0870135C1E73020B4
:1010B000E11881F843005A1C94F845102244023389
:1010C00082F84310C2E70123224649463846C0470A
:1010D0000130E6D00136D9E72DE9FF470F7E914672
:1010E000782F80460C469A460C9D01F1430207D8A2
:1010F000622F0AD8002F00F0D580582F00F0C18051
:1011000004F1420584F842703AE0A7F16303152B1D
:10111000F6D801A151F823F07111010885110108D9
:101120000111010801110108011101080111010853
:1011300085110108011101080111010801110108BF
:10114000011101088B120108B111010845120108B3
:101150000111010801110108AD1201080111010876
:10116000B111010801110108011101084D12010816
:101170002B681A1D1B682A6004F1420584F842306E
:101180000123A0E020682B68070603F10401296011
:1011900001D51E6803E04606FBD5B3F90060002EBA
:1011A00003DA2D23764284F843300A23594812E0AB
:1011B0002B682068191D2960050601D51E6802E00C
:1011C0004106FBD51E886F2F0CBF08230A23514808
:1011D000002184F843106568002DA8BF2168A56030
:1011E000A4BF21F0040121600EB9002D4BD015469B
:1011F000B6FBF3F103FB1167C75D05F8017D3746C8
:10120000BB420E46F4D9082B0BD12368DE0708D564
:10121000236961689942DEBF302305F8013C05F17E
:10122000FF35521B22614B4621464046CDF800A0B7
:1012300003AAFFF7DFFE01304AD14FF0FF3004B0C0
:10124000BDE8F087236843F0200323607827324805
:1012500084F84570236829681F0651F8046B02D48E
:101260005F0648BFB6B2DF0748BF43F020032960DE
:1012700048BF23601EB9236823F020032360102396
:10128000A6E72448E4E71546BDE72B682668181D45
:101290006169286035061B6801D5196002E0700697
:1012A000FBD51980002315462361BCE72B6800217C
:1012B0001A1D2A601D686268284600F009F908B105
:1012C000401B606063682361002384F84330AAE711
:1012D0002A46494640462369D0470130ADD02368AD
:1012E0009B0713D4E068039B9842B8BF1846A6E753
:1012F0000123324649464046D04701309DD0013552
:10130000E36803995B1AAB42F2DCEBE7002504F1DA
:101310001906F5E74150010852500108F8B50E468C
:101320001446054618B1036A0BB9FFF70BF9A36918
:10133000A360A3891A0725D523691BB323682269F3
:10134000F6B2981A63693746834204DC2146284680
:10135000FFF7BEFCE0B9A368013BA36023685A1CF9
:1013600022601E706269431C9A4204D0A389DB0785
:1013700006D50A2E04D121462846FFF7A9FC38B924
:101380003846F8BD2146284600F006F80028D5D09A
:101390004FF0FF37F4E7000038B52A4B05461868D0
:1013A0000C4618B1036A0BB9FFF7CCF8A389B4F95E
:1013B0000C20180722D4D90607D409232B6042F049
:1013C00040034FF0FF30A38134E0580712D5616B22
:1013D00041B104F14403994202D02846FFF7FAFADA
:1013E00000236363A38923F02403A38100236360A4
:1013F00023692360A38943F00803A38123694BB9C0
:10140000A38903F42073B3F5007F03D02146284657
:1014100000F091F8A089B4F90C2010F001030AD073
:101420000023A36063695B42A361236943B910F0A1
:101430008000C4D138BD810758BF6369A360F4E759
:101440000020F7E7D80200201F2938B504460D46D2
:1014500004D9162303604FF0FF3038BDC26B12B1C0
:1014600052F821304BB9204600F030F82A460146A8
:101470002046BDE8384000F017B8012B0AD0591CAF
:1014800003D1162303600120E7E70024284642F831
:10149000254098470020E0E7024B01461868FFF717
:1014A000D3BF00BFD802002038B50023064D044644
:1014B000084611462B60FBF741FF431C02D12B6805
:1014C00003B1236038BD00BF54420020FBF734BF96
:1014D000034610B5C9B202449342184601D1002018
:1014E00003E0047801338C42F6D110BD70B50C4690
:1014F000B1F90E10154600291E4696B00CDAA389E4
:10150000002113F0800F0CBF4FF4806340230020B4
:1015100031602B6016B070BD6A4600F049F80028B3
:10152000EDDB019901F47041A1F500535942594195
:101530004FF48063EBE78B8973B59D0706460C4635
:1015400007D504F14703236023610123636102B0DF
:1015500070BD6A4601ABFFF7C9FF009905463046EA
:10156000FFF7A8FA48B9B4F90C309A05EFD423F084
:10157000030343F00203A381E3E7A389206043F060
:101580008003A381009B20616361019B5BB13046B6
:10159000B4F90E1000F01EF828B1A38923F003035C
:1015A00043F00103A381A3891D43A581CFE7000078
:1015B00038B50023064D0446084611462B60FBF75C
:1015C000EAFE431C02D12B6803B1236038BD00BF83
:1015D0005442002038B50023054D044608462B60D0
:1015E000FBF7DEFE431C02D12B6803B1236038BD3C
:1015F00054420020F8B500BFF8BC08BC9E467047B6
:0C160000F8B500BFF8BC08BC9E4670475F
:10160C0018120C180101011919011919010606010A
:10161C000606010303010303010202010202011287
:10162C000C01120C0008000800500150025003502D
:10163C000450055006500750085009500A500B50E2
:10164C000C500D50F150F25001F105506D696E2C9B
:10165C0000206D572C002E00011F136F0113050382
:10166C00020B050200D57FAAFE2B815429FC568360
:10167C00D702A87D52872DF8AC79D3067BAE04D166
:10168C008550FA2FA471DB0E5A8F25F08D58F22756
:10169C0073A60CD9F623895C08DD77A2DF0AA07546
:1016AC0021F45E8B9D48E23763B61CC9B461CB1E36
:1016BC004A9F35E0CF1AB06531E44E9BE633994C26
:1016CC0018CD67B239EC4693C712B86D10C56FBA16
:1016DC00EE3B91446BBE14C19540EA3F42973DE806
:1016EC00BC69C316EF3A904511C46EBBC613B96CF6
:1016FC0038ED4792BD68C21743963CE99441EB3EE6
:10170C006ABF15C04B9E34E1B560CA1F62B71DC8D5
:10171C009C49E33619CC66B3E732984D30E54F9AC5
:10172C00CE1BB16472A70DD88C59F3265B8E24F1B5
:10173C00A570DA0F20F55F8ADE0BA17409DC76A3A5
:10174C00F722885DD603A97C28FD5782FF2A805595
:10175C0001D47EAB8451FB2E7AAF05D0AD78D20785
:10176C0053862CF96162636465666768696A6B6CA1
:10177C006D6E6F707172737475767778797A3031AB
:10178C0032333435363738395F232D2E00000000C4
:10179C0000000000000000007B14000800000000A6
:1017AC00000000008714000800000000000000008A
:1017BC006314000800010204050301026D6C7273CE
:1017CC002E30005365747570537461727453747851
:1017DC0034547800536574757053746172744D6130
:1017EC00726B65720021656E642100206B487A0073
:1017FC006D4C525301020304006D4C52530403020E
:10180C000100656E61626C65642C616E74656E6E50
:10181C0061312C616E74656E6E61322C723A656E3C
:10182C002E20743A616E74312C723A656E2E2074CF
:10183C003A616E7432007472616E73702E2C6D612D
:10184C00766C696E6B2C6D61766C6E6B582C6D734F
:10185C00705800322E342047487A2C393135204DBF
:10186C00487A204643432C383638204D487A2C345D
:10187C003333204D487A2C373020636D2048414D4E
:10188C002C383636204D487A20494E2C39313520AB
:10189C004D487A202B20322E342047487A2C38366B
:1018AC0038204D487A202B20322E342047487A009D
:1018BC00656E61626C65642C616E74656E6E61310F
:1018CC002C616E74656E6E61322C72656E20746163
:1018DC00312C72656E2074613200353020487A2CC0
:1018EC00333120487A2C313920487A2C464C5243DB
:1018FC002C46534B2C3139487A377800322E342011
:10190C0047487A2C393135204643432C3836382019
:10191C004D487A2C343333204D487A2C37302063A1
:10192C006D2C38363620494E2C3931352B322E342D
:10193C002C3836382B322E3400202F2D2D00202F12
:10194C00653100202F653600202F65313100202FA6
:10195C00653133000D0A003F0020206D696E3A207E
:10196C000020206D61783A2000202000203D2000CE
:10197C0020205B612D7A302D39232D2E5F5D002DBB
:10198C002028756E617661696C61626C6529002036
:10199C005B0028756E6368616E676561626C6529B2
:1019AC0000292C002C20002F003B20003B006668F7
:1019BC00737331202800202063683A2000202066B1
:1019CC005F7265673A20002020663A2000666873D3
:1019DC0073322028004672736B792052394D0021E6
:1019EC00455252004F4B004143524F002146532168
:1019FC00004848004154554E004C4E4348004D4160
:101A0C004E550054555254004352555A00435253AC
:101A1C004800414800414E474C00484F5200414E4F
:101A2C00474800414C5448004155544F00475549D4
:101A3C0044004C4F49540052544C200043495243EB
:101A4C00004C414E440044524946005350525400FD
:101A5C00464C49500050484C44004252414B0054B3
:101A6C004852570041564F4900474E475000535279
:101A7C00544C0046484C4400464F4C4C005A494785
:101A8C005A00535953490041524F54004152544C3F
:101A9C00005452544C005452414E0046425741009F
:101AAC0046425742004352555300544B4F4600494F
:101ABC004E495400515354420051484F5600514C1A
:101ACC004F5400514C4E44005152544C005141540F
:101ADC004E005141434F0054484D4C004C32514C38
:101AEC00005354455200534D504C00444F434B004F
:101AFC0041484C440053555246004D444554002A2D
:101B0C0000424154545F43415041434954590021D0
:101B1C002120527820706172616D20766572736934
:101B2C006F6E20736D616C6C6572207468616E20D1
:101B3C00547820706172616D2076657273696F6E76
:101B4C002E20212100212120506C656173652075A8
:101B5C007067726164652072656365697665722E63
:101B6C002020202020202020202020202020202069
:101B7C0020202020202020202121002121205478E9
:101B8C0020706172616D2076657273696F6E20735F
:101B9C006D616C6C6572207468616E205278207077
:101BAC006172616D2076657273696F6E2E202121D2
:101BBC0000212120506C656173652075706772611E
:101BCC006465205478206D6F64756C652E20202020
:101BDC0020202020202020202020202020202020F9
:101BEC0020202020212100436F6E66696749643AEA
:101BFC0000202054783A204672736B792052394D6C
:101C0C002C2076312E342E303200202052783A207F
:101C1C00002D2028756E6578706563746564206589
:101C2C0072726F722900202068656C702C20682CF1
:101C3C00203F2020202020202D3E20746869732016
:101C4C0068656C702070616765002020762020200C
:101C5C002020202020202020202020202D3E2070FD
:101C6C0072696E742064657669636520616E6420A8
:101C7C0076657273696F6E002020706C20202020B6
:101C8C00202020202020202020202D3E206C697335
:101C9C007420616C6C20706172616D657465727317
:101CAC00002020706C206320202020202020202069
:101CBC002020202D3E206C69737420636F6D6D6F36
:101CCC006E20706172616D65746572730020207096
:101CDC006C20747820202020202020202020202DF3
:101CEC003E206C69737420547820706172616D654C
:101CFC0074657273002020706C2072782020202074
:101D0C00202020202020202D3E206C69737420522E
:101D1C007820706172616D6574657273002020703B
:101D2C00206E616D65202020202020202020202D79
:101D3C003E2067657420706172616D6574657220F8
:101D4C0076616C756500202070206E616D65203D9C
:101D5C002076616C756520202D3E20736574207093
:101D6C006172616D657465722076616C75650020B9
:101D7C002070206E616D65203D203F2020202020AA
:101D8C00202D3E2067657420706172616D657465ED
:101D9C00722076616C756520616E64206C69737459
:101DAC00206F6620616C6C6F7765642076616C7552
:101DBC0065730020207073746F72652020202020C2
:101DCC0020202020202D3E2073746F7265207061BE
:101DDC0072616D6574657273002020736574636F36
:101DEC006E666967696420202020202D3E20736573
:101DFC006C65637420636F6E66696720696400208C
:101E0C002062696E642020202020202020202020A9
:101E1C00202D3E2073746172742062696E64696E49
:101E2C006700202072656C6F6164202020202020C8
:101E3C00202020202D3E2072656C6F616420616C27
:101E4C006C20706172616D65746572207365747459
:101E5C00696E6773002020737461747320202020D6
:101E6C00202020202020202D3E207374617274735A
:101E7C002073747265616D696E6720737461746927
:101E8C0073746963730020206C6973746672657176
:101E9C0073202020202020202D3E206C6973747329
:101EAC00206672657175656E6369657320757365FF
:101EBC006420696E206668737320736368656D6552
:101ECC0000202073797374656D626F6F742020200D
:101EDC002020202D3E2063616C6C20737973746517
:101EEC006D20626F6F746C6F6164657200776172E4
:101EFC006E3A207265636569766572206E6F742028
:101F0C00636F6E6E6563746564002020656D70741C
:101F1C007920636D64002020696E76616C696420A1
:101F2C00636D6400202073747265616D696E672047
:101F3C0073746174732073746F70706564003E0009
:101F4C00202074696D656F75740068656C70007025
:101F5C006C00706C206300706C20747800706C20C6
:101F6C007278006572723A20696E76616C696420D1
:101F7C00706172616D65746572206E616D6500656E
:101F8C0072723A206E6F2076616C75652073706585
:101F9C00636966696564006572723A20696E766180
:101FAC006C69642076616C7565007073746F726512
:101FBC00002020547820706172616D6574657273B5
:101FCC002073746F726564002020706172616D659E
:101FDC00746572732073746F7265640062696E64E9
:101FEC00002020547820656E7465726564206269E7
:101FFC006E64206D6F64650072656C6F61640020A7
:10200C0020547820706172616D65746572732072F2
:10201C00656C6F61646564002020706172616D6530
:10202C00746572732072656C6F61646564007365AE
:10203C0074636F6E6669676964006572723A2069D1
:10204C006E76616C696420636F6E66696720696483
:10205C00206E756D6265722028302D392900202084
:10206C006E6F206368616E67652072657175697249
:10207C0065640020206368616E676520436F6E663F
:10208C006967496420746F20002020737461727436
:10209C00732073747265616D696E672073746174FB
:1020AC007300202073656E6420616E792063686113
:1020BC0072616374657220746F2073746F70006C3E
:1020CC0069737466726571730073797374656D628C
:1020DC006F6F74005378206E6F74206F6B00727882
:1020EC005F617661696C61626C65206E6F742074DF
:1020FC007275650000000000000000006D330008E0
:10210C001D3300080000000000000000051C000842
:10211C00251C00088B2E0008B52E0008D32E0008B5
:10212C008D2B00080000000000000000791A000848
:10213C00693200085D310008A53000087B300008CA
:10214C00411C0008093100085D1C0008D53000084E
:10215C00811C00080000000000000000791A000833
:10216C007B1A00087D1A00087F1A0008831A0008E1
:10217C00851A0008891A00088D1A00088F1A0008A1
:10218C00931A00080000000000000000791A0008F3
:10219C007B1A00087D1A00087F1A0008831A0008B1
:1021AC00851A0008891A00088D1A00088F1A000871
:1021BC00931A00080000000000000000791A0008C3
:1021CC007B1A00087D1A00087F1A0008831A000881
:1021DC00851A0008891A00088D1A00088F1A000841
:1021EC00931A00080000000000000000791A000893
:1021FC007B1A00087D1A00087F1A0008831A000851
:10220C00851A0008891A00088D1A00088F1A000810
:10221C00931A00080000000000000000A51D000833
:10222C00C58D0008398E0008A11D00085053544F6D
:10223C00524500434F4E4649472049440042494EBF
:10224C00445F5048524153455F5533320052465F0C
:10225C0042414E440052465F4F5254484F0054582E
:10226C005F504F5745520054585F4449564552539E
:10227C004954590054585F43485F534F5552434596
:10228C000054585F43485F4F524445520054585FC6
:10229C00494E5F4D4F44450054585F5345525F5073
:1022AC004F52540054585F5345525F4241554400BD
:1022BC0054585F5345525F504F5254320054585F3C
:1022CC005345525F42415544320054585F534E447B
:1022DC005F524144494F535441540054585F4D414F
:1022EC00565F434F4D504F4E454E540054585F501F
:1022FC004F5745525F53575F43480054585F425500
:10230C005A5A45520052585F504F57455200525836
:10231C005F4449564552534954590052585F4348FB
:10232C005F4F524445520052585F4F55545F4D4FCA
:10233C0044450052585F4641494C534146455F4D18
:10234C004F44450052585F5345525F504F52540012
:10235C0052585F5345525F424155440052585F53A7
:10236C0045525F4C4E4B5F4D4F44450052585F4DAC
:10237C0041565F53595354454D5F49440052585F81
:10238C00534E445F524144494F53544154005258A8
:10239C005F534E445F52434348414E4E454C0052AE
:1023AC00585F4F55545F525353495F43480052583E
:1023BC005F4F55545F4C515F43480052585F504F2C
:1023CC005745525F53575F43480052585F46535F1F
:1023DC004348310052585F46535F434832005258CD
:1023EC005F46535F4348330052585F46535F434840
:1023FC00340052585F46535F4348350052585F468D
:10240C00535F4348360052585F46535F434837008A
:10241C0052585F46535F4348380052585F46535FEB
:10242C004348390052585F46535F4348313000529D
:10243C00585F46535F434831310052585F46535FF3
:10244C00434831320052585F46535F4348313300A2
:10245C0052585F46535F434831340052585F4653DD
:10246C005F434831350052585F46535F434831361D
:10247C0000414E474C4500484F52495A4F4E004E72
:10248C00415620414C54484F4C4400484541444926
:10249C004E4720484F4C4400484541444652454520
:1024AC00004845414441444A0043414D5354414244
:1024BC00004E415620525448004E415620504F5326
:1024CC00484F4C44004D414E55414C0042454550FF
:1024DC004552004C454453204F4646004C49474812
:1024EC005453004F5344204F46460054454C454DE1
:1024FC0045545259004155544F2054554E450042B5
:10250C004C41434B424F58004641494C5341464580
:10251C00004E415620575000414952204D4F4445E2
:10252C0000484F4D452052455345540047435320D6
:10253C004E41560046505620414E474C45204D4981
:10254C0058005355524641434500464C4150455264
:10255C004F4E005455524E20415353495354004E44
:10256C004156204C41554E434800534552564F203E
:10257C004155544F5452494D0043414D4552412011
:10258C00434F4E54524F4C20310043414D45524124
:10259C0020434F4E54524F4C20320043414D455234
:1025AC004120434F4E54524F4C2033004F53442044
:1025BC00414C542031004F534420414C54203200A4
:1025CC004F534420414C542033004E415620434F2E
:1025DC005552534520484F4C44004D4320425241E4
:1025EC004B494E47005553455231005553455232D5
:1025FC00005553455233005553455234004C4F4906
:10260C00544552204348414E4745004D53502052AB
:10261C0043204F5645525249444500505245415271
:10262C004D00545552544C45004E41562043525582
:10263C00495345004155544F204C4556454C205468
:10264C0052494D00575020504C414E4E455200536C
:10265C004F4152494E47004D495353494F4E204329
:10266C0048414E474500424545504552204D555432
:10267C0045004D554C54492046554E4354494F4EF8
:10268C00004D495845522050524F46494C45203236
:10269C00004D49584552205452414E534954494FCC
:1026AC004E00414E474C4520484F4C440047494D45
:1026BC0042414C204C4556454C2054494C54004703
:1026CC00494D42414C204C4556454C20524F4C4CA8
:1026DC000047494D42414C2043454E54455200471A
:1026EC00494D42414C2048454144545241434B458D
:1026FC00520042696E6420506872617365004249F1
:10270C004E445F50485241534500353020487A2C96
:10271C00333120487A2C313920487A2C464C52439C
:10272C002C46534B2C313920487A203778005246AE
:10273C002042616E6400322E342C393135204643F0
:10274C00432C3836382C3433332C37302C3836363F
:10275C0020494E2C3931352B322E342C3836382B2F
:10276C00322E34005246204F7274686F006F6666CA
:10277C002C312F332C322F332C332F330054782021
:10278C00506F77657200547820446976657273696E
:10279C00747900656E61626C65642C616E74656E33
:1027AC006E61312C616E74656E6E61322C723A659D
:1027BC006E20743A616E74312C723A656E20743AE4
:1027CC00616E743200547820436820536F757263C5
:1027DC0065006E6F6E652C637273662C696E2C6D62
:1027EC00627269646765005478204368204F726494
:1027FC00657200414554522C544145522C4554416C
:10280C005200547820496E204D6F646500736275D8
:10281C00732C7362757320696E760054782053653F
:10282C007220506F72740073657269616C2C7762E0
:10283C0072696467652C73657269616C322C636FA5
:10284C006D2C6D62726964676500547820536572F3
:10285C002042617564726174650035373630302CF6
:10286C003131353230302C32333034303000547812
:10287C002053657220506F727432006E6F6E652C2F
:10288C0073657269616C2C776272696467652C730D
:10289C00657269616C320054782053657220426114
:1028AC007564726174653200547820536E642052E2
:1028BC006164696F53746174006F66662C312048D3
:1028CC007A005478204D617620436F6D706F6E6581
:1028DC006E74006F66662C656E61626C6564005484
:1028EC007820506F776572205377204368006F66AD
:1028FC00662C352C362C372C382C392C31302C318D
:10290C00312C31322C31332C31342C31352C3136B5
:10291C000054782042757A7A6572006F66662C4C8A
:10292C00502C72784C5100527820506F77657200A1
:10293C0052782044697665727369747900527820F4
:10294C004368204F72646572005278204F75742072
:10295C004D6F646500736275732C637273662C73B0
:10296C0062757320696E76005278204661696C53EB
:10297C00616665204D6F6465006E6F207369672C0E
:10298C006C6F77207468722C627920636E662C6C85
:10299C006F772074687220636E742C63683163687F
:1029AC003420636E740052782053657220506F721D
:1029BC00740073657269616C2C63616E2C63616E5B
:1029CC0066640052782053657220426175647261AE
:1029DC00746500527820536572204C696E6B204DE3
:1029EC006F6465007472616E73702E2C6D61766C01
:1029FC00696E6B2C6D61766C696E6B582C6D737097
:102A0C0058005278204D61762053797374656D208F
:102A1C0049440035312C35322C35332C35342C359A
:102A2C003500527820536E6420526164696F537480
:102A3C006174006F66662C617264755F312C6D6514
:102A4C0074685F6200527820536E6420526343684E
:102A5C00616E6E656C006F66662C7263206F7665B6
:102A6C0072726964652C7263206368616E6E656C4A
:102A7C0073005278204F7574205273736920436829
:102A8C00005278204F7574204C51204368005278C6
:102A9C0020506F776572205377204368005278205E
:102AAC004653204368310052782046532043683205
:102ABC000052782046532043683300527820465306
:102ACC002043683400527820465320436835005226
:102ADC0078204653204368360052782046532043D2
:102AEC0068370052782046532043683800527820CB
:102AFC0046532043683900527820465320436831AE
:102B0C0030005278204653204368313100527820EF
:102B1C004653204368313200527820465320436894
:102B2C003133002D31323020252C3020252C313200
:102B3C00302025005278204653204368313400520F
:102B4C007820465320436831350052782046532074
:102B5C004368313600160018180018181812180798
:102B6C000000000300000002010101020202020247
:102B7C000303040101010202020202020202020228
:102B8C000202020102020202020100000000000027
:102B9C0000000000D44601082B130000AC460108CD
:102BAC000A0000000000000000000000000000000F
:102BBC000000000000000000000000000300020004
:102BCC000A000A00140064001800FA001B00F4014B
:102BDC001E00E8038E040020FF000000FE26010802
:102BEC000A2701080D180108000000000000000071
:102BFC00000000000D1801080000000096040020E1
:102C0C00FE00000080290108282501080D18010884
:102C1C000000000000000000000000001627010862
:102C2C003A05002095040020FE0000003A27010818
:102C3C00592201080D1801080000000000000000D6
:102C4C0000000000422701083805002097040020EE
:102C5C00FE00000070270108612201080D18010810
:102C6C0000000000000000000000000079270108AF
:102C7C003C050020C6030020FE0000008927010847
:102C8C006A2201080D180108000000000000000075
:102C9C00000000003E05002000000000C7030020DB
:102CAC00FE00000092270108732201080D1801088C
:102CBC000000000000000000000000009F27010839
:102CCC0082050020C8030020FE000000D127010867
:102CDC00802201080D18010800000000000000000F
:102CEC0000000000DE27010884050020C903002035
:102CFC00FE000000F32701088D2201080D180108C1
:102D0C00000000000000000000000000FF27010888
:102D1C0000000000CA030020FE0000000E2801087D
:102D2C00992201080D1801080000000000000000A5
:102D3C00000000001928010886050020CB030020A4
:102D4C00FE00000027280108A42201080D18010824
:102D5C000000000000000000000000003328010803
:102D6C0088050020CC030020FE0000005628010836
:102D7C00B02201080D18010800000000000000003E
:102D8C00000000006628010800000000CD030020B0
:102D9C00FE0000007A280108BC2201080D18010869
:102DAC00000000000000000000000000872801085F
:102DBC008A050020D0030020FE000000A328010893
:102DCC00C92201080D1801080000000000000000D5
:102DDC0000000000662801088C050020CE030020AE
:102DEC00FE000000B4280108D62201080D180108C5
:102DFC00000000000000000000000000C5280108D1
:102E0C0000000000D1030020FE000000CE280108C5
:102E1C00E72201080D180108000000000000000066
:102E2C0000000000DF28010800000000D203002091
:102E3C00FE000000EB280108F82201080D1801081B
:102E4C00000000000000000000000000FA2801084B
:102E5C0000000000CF030020FE0000001D29010827
:102E6C00072301080D1801080000000000000000F5
:102E7C0000000000272901088E050020A203002075
:102E8C00FE00000033290108112301080D18010868
:102E9C00000000000000000000000000920500206F
:102EAC0000000000A3030020FE0000003C290108E4
:102EBC001A2301080D180108000000000000000092
:102ECC00000000009F270108D6050020A403002065
:102EDC00FE00000049290108272301080D180108EC
:102EEC00000000000000000000000000FF270108A7
:102EFC0000000000A5030020FE0000005529010879
:102F0C00332301080D180108000000000000000028
:102F1C000000000061290108D8050020A70300204B
:102F2C00FE000000742901083F2301080D18010858
:102F3C0000000000000000000000000085290108CE
:102F4C0000000000B0030020FE000000B2290108C0
:102F5C00502301080D1801080000000000000000BB
:102F6C0000000000BE290108DA050020A80300209B
:102F7C00FE000000CF2901085C2301080D18010890
:102F8C00000000000000000000000000662801089E
:102F9C0000000000A9030020FE000000DF2901084A
:102FAC00682301080D180108000000000000000053
:102FBC0000000000F029010800000000B10300200F
:102FCC00FE0000000E2A0108782301080D180108E4
:102FDC000000000000000000000000001F2A010893
:102FEC0000000000AA030020FE0000002E2A0108A9
:102FFC00892301080D1801080000000000000000E2
:10300C00000000003F2A010800000000AC03002073
:10301C00FE000000512A01089A2301080D1801082E
:10302C00000000000000000000000000622A0108FF
:10303C0000000000A6030020FE0000007E2A01080C
:10304C00AB2301080D18010800000000000000006F
:10305C0000000000FA28010800000000AE03002068
:10306C00FE0000008D2A0108BA2301080D18010882
:10307C00000000000000000000000000FA28010819
:10308C0000000000AF030020FE0000009A2A010897
:10309C00C72301080D180108000000000000000003
:1030AC0000000000FA28010800000000B603002010
:1030BC0002000000A92A0108D62301083E2B0108B2
:1030CC000000000088000000780000000D180108C6
:1030DC0000000000B703002002000000B32A010822
:1030EC00E02301083E2B01080000000088000000CE
:1030FC00780000000D18010800000000B803002043
:10310C0002000000BD2A0108EA2301083E2B010839
:10311C000000000088000000780000000D18010875
:10312C0000000000B903002002000000C72A0108BB
:10313C00F42301083E2B0108000000008800000069
:10314C00780000000D18010800000000BA030020F0
:10315C0002000000D12A0108FE2301083E2B0108C1
:10316C000000000088000000780000000D18010825
:10317C0000000000BB03002002000000DB2A010855
:10318C00082401083E2B0108000000008800000004
:10319C00780000000D18010800000000BC0300209E
:1031AC0002000000E52A0108122401083E2B010848
:1031BC000000000088000000780000000D180108D5
:1031CC0000000000BD03002002000000EF2A0108EF
:1031DC001C2401083E2B01080000000088000000A0
:1031EC00780000000D18010800000000BE0300204C
:1031FC0002000000F92A0108262401083E2B0108D0
:10320C000000000088000000780000000D18010884
:10321C0000000000BF03002002000000032B010887
:10322C00302401083E2B010800000000880000003B
:10323C00780000000D18010800000000C0030020F9
:10324C00020000000E2B01083B2401083E2B010854
:10325C000000000088000000780000000D18010834
:10326C0000000000C103002002000000192B01081F
:10327C00462401083E2B01080000000088000000D5
:10328C00780000000D18010800000000C2030020A7
:10329C00FE000000242B0108512401080D18010820
:1032AC000000000000000000000000002F2B0108AF
:1032BC0000000000C3030020FE000000402B0108AA
:1032CC005C2401080D18010800000000000000003B
:1032DC00000000002F2B010800000000C403002098
:1032EC00FE0000004B2B0108672401080D18010893
:1032FC000000000000000000000000002F2B01085F
:10330C0000000000C5030020FE000000562B010841
:10331C00722401080D1801080000000000000000D4
:10332C00000000002F2B01080000000061626364A4
:10333C0065666768696A6B6C6D6E6F7071727374B9
:10334C0075767778797A3031323334353637383997
:10335C005F232D2E0000000000070E091C1B121508
:10336C00383F363124232A2D70777E796C6B626559
:10337C00484F464154535A5DE0E7EEE9FCFBF2F549
:10338C00D8DFD6D1C4C3CACD90979E998C8B828539
:10339C00A8AFA6A1B4B3BABDC7C0C9CEDBDCD5D229
:1033AC00FFF8F1F6E3E4EDEAB7B0B9BEABACA5A219
:1033BC008F88818693949D9A2720292E3B3C353209
:1033CC001F18111603040D0A5750595E4B4C4542F9
:1033DC006F68616673747D7A898E878095929B9CE9
:1033EC00B1B6BFB8ADAAA3A4F9FEF7F0E5E2EBECD9
:1033FC00C1C6CFC8DDDAD3D4696E676075727B7CC9
:10340C0051565F584D4A4344191E171005020B0CB8
:10341C0021262F283D3A33344E49404752555C5BA8
:10342C007671787F6A6D64633E39303722252C2B98
:10343C000601080F1A1D1413AEA9A0A7B2B5BCBB88
:10344C009691989F8A8D8483DED9D0D7C2C5CCCB78
:10345C00E6E1E8EFFAFDF4F30000000032090000A9
:10346C0000000000010000007C2B000000000000A8
:10347C0002000000890C00000000000004000000A5
:10348C00ED0E030C0D00000005000000D91C01001E
:10349C0000000000060000006803000000000000AF
:1034AC00070000007720000000000000080000006A
:1034BC0075240000000000000B00000059060104F8
:1034CC000000000014000000D614030203000000EA
:1034DC00150000009F020300010000001600000010
:1034EC00DC1900000000000017000000A8170304FE
:1034FC000500000018000000183400000000000057
:10350C001900000017650000000000001A00000000
:10351C00AA180000000000001B000000901D000015
:10352C00000000001C000000431000000000000020
:10353C001D00000073100000000000001E000000C1
:10354C00271C0000000000001F000000F6300000E7
:10355C000000000020000000B91C0000000000006A
:10356C0021000000681C0000000000002200000088
:10357C00ED1600000000000023000000F41600000F
:10358C000000000024000000DE2500000000000008
:10359C0025000000D40703040500000026000000ED
:1035AC00090703040500000027000000FE26032085
:1035BC002100000028000000E605030203000000C3
:1035CC00290000001C040302030000002A00000074
:1035DC001C120000000000002B00000084030300FC
:1035EC00010000002C000000DD09030203000000B4
:1035FC002D000000E8030300010000002E00000075
:10360C000B020000000000002F00000099080300CE
:10361C0001000000300000002915010C0000000022
:10362C0031000000271400000000000032000000F0
:10363C004E2503121300000033000000C4050302E2
:10364C00030000003500000003050000000000002E
:10365C00360000000F1B0318190000003700000093
:10366C0003190000000000003D000000A748000006
:10367C00000000003E000000B71A0000000000002F
:10368C003F00000077B50000000000004000000083
:10369C00BFE100000000000041000000762A00009D
:1036AC00000000004200000094060302030000002A
:1036BC00430000001504000000000000450000005D
:1036CC00F31E010A00000000460000007C260310D7
:1036DC0011000000490000002626032021000000F4
:1036EC004A00000014140000000000004B00000011
:1036FC009E23031E1F0000004C0000009821031E97
:10370C001F0000004D0000008F0A03080900000094
:10371C00500000000E0403020300000051000000E2
:10372C006A16000000000000520000003133032430
:10373C0025000000530000001625000000000000CA
:10374C00540000008F350332330000005500000098
:10375C008C330000000000005600000005350332D9
:10376C0033000000570000009633000000000000FA
:10377C0059000000E71C0000000000005A00000087
:10378C00B7380000000000005B0000003F2A00007A
:10379C00000000005C00000036210000000000006A
:1037AC005D0000002F5100000000000064000000CC
:1037BC00AF220000000000006500000066750000EC
:1037CC0000000000660000009E7500000000000074
:1037DC0067000000D0390000000000006800000005
:1037EC003874000000000000690000005D3F00001C
:1037FC00000000006A0000008A2C0000000000009D
:10380C006B0000006C410000000000006C00000028
:10381C00205C0000000000006D000000B9090000F1
:10382C00000000006E00000054FE030102000000C6
:10383C006F00000022120310110000007000000045
:10384C00AE0C000000000000710000007C2700009E
:10385C000000000072000000ED2C000000000000D1
:10386C007300000004400000000000007400000021
:10387C004C180000000000007500000080060304D6
:10388C000500000076000000380E0000000000006B
:10389C0077000000740C030A0B0000007800000095
:1038AC00866100000000000079000000ED020300BA
:1038BC00010000007A000000CB02030001000000B0
:1038CC007B000000FA710300010000007C00000086
:1038DC0057390000000000007D000000CB060000FE
:1038EC00000000007E000000DC51034F500000007F
:1038FC007F00000019230000000000008000000081
:10390C00E223000000000000810000002E180000DF
:10391C0000000000820000001D0D000000000000EF
:10392C0083000000DFFF00000000000084000000A6
:10393C005527000000000000850000000612000062
:10394C000000000086000000E52B000000000000D5
:10395C0087000000CB080000000000008800000079
:10396C00011600000000000089000000C3100000D8
:10397C00000000008A0000006D78000000000000CC
:10398C008B000000A82B03292A0000008C000000EB
:10399C00B5290000000000008D0000002F20000061
:1039AC00000000008E00000048F300000000000042
:1039BC008F00000083100000000000009000000049
:1039CC007F5D0000000000009200000067640000B2
:1039DC0000000000930000009A3600000000000078
:1039EC0094000000B24E00000000000095000000A2
:1039FC00C83C00000000000096000000862A000071
:103A0C000000000097000000DB0803060700000020
:103A1C0098000000D0080000000000009900000091
:103A2C00BC0C0000000000009A000000540F0306BC
:103A3C00070000009B000000160D030405000000A9
:103A4C009C00000013060300010000009D00000014
:103A5C00150F030C0D0000009E000000860F030CD8
:103A6C000D000000A00000004E0C0308090000002F
:103A7C00A10000004403030001000000A2000000AC
:103A8C00BD09000000000000A30000007F1C000026
:103A9C0000000000A40000009A2C000000000000B0
:103AAC00A50000001503000000000000A6000000A7
:103ABC001509000000000000A7000000901600008F
:103ACC0000000000A8000000010C00000000000035
:103ADC00A9000000EA12000000000000AA0000008B
:103AEC004922000000000000AB000000B5420000BD
:103AFC0000000000AC000000166200000000000096
:103B0C00AD0000005308000000000000AE000000F3
:103B1C00A730000000000000AF0000008A13030E65
:103B2C000F000000B0000000EA03030001000000D9
:103B3C00B1000000F014000000000000B200000012
:103B4C002F18000000000000B3000000BD1D011A7A
:103B5C0000000000B4000000342F012A0000000017
:103B6C00B5000000AE04000000000000B60000002C
:103B7C00E528000000000000B7000000550203001B
:103B8C0001000000B80000009FCE030405000000F7
:103B9C00B9000000BA07030405000000BA000000D9
:103BAC00481D030001000000BF0000005C1B00006A
:103BBC0000000000C00000002436000000000000DF
:103BCC00C1000000471A000000000000C200000005
:103BDC006221000000000000C300000078250000F6
:103BEC0000000000C8000000862A032829000000FD
:103BFC00C9000000CD0E030C0D000000D600000023
:103C0C004508030607000000D7000000650300000C
:103C1C0000000000D8000000320303000100000087
:103C2C00D9000000CA06000000000000DA00000005
:103C3C001107030001000000DB000000A2020000DD
:103C4C0000000000DC00000022200000000000004A
:103C5C00DD000000472A000000000000DE0000002C
:103C6C000F03000000000000DF000000772F032A84
:103C7C002B000000E0000000662D032A2B00000042
:103C8C00E1000000D049000000000000E20000004C
:103C9C00CF08000000000000E6000000A32A00008E
:103CAC0000000000E7000000692800000000000090
:103CBC00E80000009741000000000000E90000004F
:103CCC0023B6000000000000EA0000009628000067
:103CDC0000000000EB000000B32A00000000000010
:103CEC00F10000005A20000000000000F20000006B
:103CFC00683C000000000000F3000000553D01345A
:103D0C0000000000F40000005F060000000000004E
:103D1C00F50000008202000000000000F600000028
:103D2C00B826000000000000F7000000511300004E
:103D3C0000000000F800000008FE0303040000006F
:103D4C00F9000000CC24000000000000FA00000084
:103D5C00311E000000000000FB000000AA12000051
:103D6C0000000000FC0000002C120000000000000D
:103D7C00FD0000005336000000000000FE000000B3
:103D8C002E0900000000000000010000472A030873
:103D9C000900000001010000830900000000000080
:103DAC0002010000BBE80300010000000301000059
:103DBC005CED00000000000004010000920E000009
:103DCC000000000005010000B33D000000000000F1
:103DDC00060100000C1700000000000007010000A5
:103DEC0085FF0000000000000801000031200000E9
:103DFC0000000000090100001A140000000000007F
:103E0C000A010000C1FF0302030000000B010000C7
:103E1C0023FF0302030000000C0100000E04030248
:103E2C00030000000D0100006DD700000000000031
:103E3C000E0100003B140000000000000F01000008
:103E4C001635000000000000130100007E20000069
:103E5C0000000000140100001232000000000000FD
:103E6C00150100003E1E00000000000018010000BB
:103E7C00462100000000000019010000300D000078
:103E8C00000000001A0100007B2303202100000029
:103E9C001B0100004A910000000000001C01000002
:103EAC006320031E1F0000001D0100008931032642
:103EBC00270000001E010000D2390332330000003D
:103ECC001F01000001170314150000002001000061
:103EDC00141703141500000022010000FB2E000033
:103EEC0000000000230100000A390000000000005F
:103EFC0024010000E3DF0318190000002701000073
:103F0C00EA0C000000000000280100003223000031
:103F1C00000000002B0100001362000000000000F4
:103F2C002C010000D9160000000000002D0100003B
:103F3C00F33A000000000000360100001C110000E4
:103F4C0000000000370100005F740000000000005A
:103F5C0040010000F31403020300000041010000C3
:103F6C00580203000100000042010000F39500001C
:103F7C0000000000430100004E930300010000000C
:103F8C004401000084920000000000004A0100007F
:103F9C0017A70000000000004B0100005BE90000C7
:103FAC00000000004C010000ECEF000000000000DD
:103FBC004D010000E76D0000000000004E01000004
:103FCC00480A0000000000004F010000E11800004A
:103FDC000000000050010000F5540000000000003B
:103FEC0053010000C7050000000000005401000050
:103FFC00634600000000000059010000D1150302C7
:10400C00030000005E010000E8FC0000000000005E
:10401C0062010000D20E030C0D00000063010000D1
:10402C00060C000000000000680100000B190000E5
:10403C0000000000690100005D210000000000008C
:10404C0071010000971800000000000072010000D0
:10405C004B6D000000000000730100000A1A000004
:10406C0000000000740100001A8C00000000000029
:10407C0075010000752A00000000000077010000A7
:10408C00FB8C00000000000078010000C708000055
:10409C00000000007C010000E8140000000000009B
:1040AC0081010000938503020300000082010000DF
:1040BC00841003040500000083010000044803047D
:1040CC0005000000840100000825032021000000E9
:1040DC00860100009CF00000000000008B01000035
:1040EC0000D40000000000008C01000032A0000091
:1040FC00000000008D010000B66C00000000000004
:10410C00900100006EFE0304050000009101000008
:10411C00B7060304050000009A010000A03500005A
:10412C00000000009B0100006A030000000000007A
:10413C009C01000021060304050000009D01000005
:10414C004D070304050000009E0100006D100000E7
:10415C00000000009F010000A11000000000000002
:10416C00A40100001449030607000000B30100007D
:10417C00862E000000000000B4010000C109000000
:10418C0000000000B50100001E010000000000004E
:10419C00B80100004223000000000000B90100003B
:1041AC00A911000000000000FE010000F56A0000EB
:1041BC0000000000FF0100001C4700000000000090
:1041CC0000020000B802000000000000421F0000C6
:1041DC00DA10000000000000431F0000E729000077
:1041EC0000000000441F0000AC6200000000000052
:1041FC00451F0000FB26000000000000461F0000C9
:10420C00610E000000000000471F0000402000006D
:10421C0000000000481F0000EA2100000000000020
:10422C00491F000090100000000000004A1F000011
:10423C009B290000000000004B1F000014660000CA
:10424C00000000004C1F00003610000000000000B1
:10425C004D1F0000DE2E0000000000004E1F00006D
:10426C00C80E0000000000004F1F000017180000CF
:10427C0000000000501F000095120000000000001C
:10428C002823000071890000000000002D2300008D
:10429C00752200000000000011270000D11400005E
:1042AC000000000012270000BA29000000000000E6
:1042BC001327000004010000000000001427000078
:1042CC0085090000000000001527000067090000A8
:1042DC000000000016270000C104000000000000D0
:1042EC0017270000471100000000000018270000ED
:1042FC00F00E000000000000A7270000C3550000CE
:10430C0000000000F82A00008634030405000000B9
:10431C00F92A00000F88000000000000FA2A0000B3
:10432C00EAB4030405000000FB2A0000400500006D
:10433C0000000000FC2A00000BE803080900000044
:10434C00FD2A00005DE6000000000000022B0000CA
:10435C002E31000000000000032B00006A2C00002E
:10436C00000000000C2B0000CD100000000000002D
:10437C00162B0000902C000000000000172B0000F2
:10438C00852C000000000000182B0000552C0000AC
:10439C0000000000192B0000C325031011000000C1
:1043AC001A2B00004F050000000000001B2B000022
:1043BC0080080304050000001C2B0000B122000043
:1043CC00000000001D2B0000821C000000000000FB
:1043DC001E2B00002F260000000000001F2B0000E9
:1043EC008E09000000000000202B0000842C00002F
:1043FC0000000000212B0000D02C00000000000069
:10440C00222B0000C92C000000000000232B000010
:10441C00C12C000000000000242B0000BD2C00006B
:10442C0000000000342B0000A24E00000000000031
:10443C0064320000722C03000100000065320000A1
:10444C00FE3B031E1F000000663200008C35030487
:10445C000500000067320000F92E03000100000087
:10446C00683200004D36031C1D000000693200004C
:10447C00312B030001000000733200005EF90300D1
:10448C0001000000763200008B33000000000000B9
:10449C007732000007120310110000007832000080
:1044AC0014050000000000006842000067B3000023
:1044BC0000000000FE4200001A2100000000000075
:1044CC00FF42000048100000000000000143000003
:1044DC0013110000000000000243000059110000FD
:1044EC0000000000034300001B0A00000000000055
:1044FC00044300000E5B00000000000005430000B8
:10450C00BB54000000000000064300006A180000C5
:10451C000000000010A40000E301000000000000F7
:10452C0011A40000EF2E00000000000051C3000099
:10453C00F62000000000000052C30000B5F6000099
:10454C000000000053C300003E13000000000000F8
:10455C0054C30000F00A03080900000055C3000012
:10456C00980603040500000020CB00000D64000039
:10457C000000000021CB0000EF0100000000000053
:10458C0015CD0000F01100000000000016CD000059
:10459C00584E00000000000017CD000060550000D0
:1045AC000000000018CD0000B11C0000000000004D
:1045BC0019CD0000D73200000000000078CD0000BB
:1045CC00B52603202100000079CD000066240000F0
:1045DC000000000060EA000004160314150000003F
:1045EC006AEA0000D0210000000000006BEA000025
:1045FC00B7070000000000006CEA000063240320F1
:10460C00210000006DEA0000811803141500000061
:10461C006EEA0000860803040500000074EA00003E
:10462C00CA0400000000000088EA00009CF50000AD
:10463C000000000089EA0000BFFF0000000000003D
:10464C008DEA00000E170302030000008EEA000042
:10465C00AB1C0308090000008FEA000037070000BC
:10466C000000000091EA0000610C00000000000056
:10467C0092EA0000DC0E00000000000093EA00004B
:10468C00F51800000000000094EA0000652C000002
:10469C000000000095EA00002D060000000000005C
:1046AC0099D1D70033F3D700CC14D8006636D80094
:1046BC000058D8009979D800339BD800CCBCD800CE
:1046CC0066DED8000000D9009999E10000C0E10035
:1046DC0066E6E100CC0CE2003333E2009959E200CB
:1046EC000080E20066A6E200CCCCE20033F3E200EC
:1046FC009919E3000040E3006666E300CC8CE3000C
:10470C0033B3E30099D9E3000000E4006626E4002B
:10471C00CC4CE4003373E4009999E40000C0E4004D
:10472C0066E6E400CC0CE5003333E5009959E5006E
:10473C000080E50066A6E500CCCCE50033F3E5008F
:10474C009919E6000040E6006666E600CC8CE600AF
:10475C0033B3E60099D9E6000000E7006626E700CF
:10476C00CC4CE7003373E7009999E70000C0E700F1
:10477C0066E6E7000000891112239B322446AD57F0
:10478C003665BF74488CC19D5AAFD3BE6CCAE5DB8D
:10479C007EE9F7F88110080193331A22A5562C47AD
:1047AC00B7753E64C99C408DDBBF52AEEDDA64CB6D
:1047BC00FFF976E802218B30100299132667AF7649
:1047CC003444BD554AADC3BC588ED19F6EEBE7FA4D
:1047DC007CC8F5D983310A2091121803A7772E666D
:1047EC00B5543C45CBBD42ACD99E508FEFFB66EA2D
:1047FC00FDD874C904428D5316619F702004A9150D
:10480C003227BB364CCEC5DF5EEDD7FC6888E1990C
:10481C007AABF3BA85520C4397711E60A11428052C
:10482C00B3373A26CDDE44CFDFFD56ECE9986089EC
:10483C00FBBB72AA06638F7214409D512225AB34C8
:10484C003006B9174EEFC7FE5CCCD5DD6AA9E3B8CC
:10485C00788AF19B87730E6295501C41A3352A24EC
:10486C00B1163807CFFF46EEDDDC54CDEBB962A8AC
:10487C00F99A708B088481951AA793B62CC2A5D38C
:10488C003EE1B7F04008C919522BDB3A644EED5F9C
:10489C00766DFF7C899400859BB712A6ADD224C39C
:1048AC00BFF136E0C1184809D33B5A2AE55E6C4F7C
:1048BC00F77D7E6C0AA583B4188691972EE3A7F238
:1048CC003CC0B5D14229CB38500AD91B666FEF7E5C
:1048DC00744CFD5D8BB502A499961087AFF326E25C
:1048EC00BDD034C1C3394A28D11A580BE77F6E6E3C
:1048FC00F55C7C4D0CC685D71EE597F42880A191FC
:10490C003AA3B3B2444ACD5B5669DF78600CE91D1B
:10491C00722FFB3E8DD604C79FF516E4A99020811B
:10492C00BBB332A2C55A4C4BD7795E68E11C680DFB
:10493C00F33F7A2E0EE787F61CC495D52AA1A3B0B7
:10494C003882B193466BCF7A5448DD59622DEB3CDB
:10495C00700EF91F8FF706E69DD414C5ABB122A0DB
:10496C00B9923083C77B4E6AD5585C49E33D6A2CBB
:10497C00F11E780F6090020C015B00011C570000C7
:10498C0090FF00000000000000000000791A0008F1
:10499C007B1A00087D1A00087F1A000811BE000857
:1049AC00B1BF0008F9BF0008EDB200088F1A00086B
:1049BC00931A0008000000000000000079BD0008F8
:1049CC00D91D00088D420008000000000000000006
:1049DC00A11C0008D55F00080000000000000000CA
:1049EC009961000819630008CFC10008DB1D00089D
:1049FC00FF1D0008871C0008ECFFFFFF00000000F3
:104A0C00791A00087B1A00087D1A00087F1A000822
:104A1C00D9C10008F91D0008251E0008931C0008C8
:104A2C008F1A0008931A0008000000000000000014
:104A3C000102030406070809000000000102030438
:104A4C0002030405060708090A0B0C0D0E0F1010C3
:104A5C000102000000000000000000000000000047
:104A6C0000000000000000006DEB00089DEB00084A
:104A7C00DB0F49BFE4CB1640E4CB16C0000000802E
:104A8C00DB0F4940DB0F49C0000FC93F000F494005
:104A9C0000CB9640000FC9400053FB4000CB1641A1
:104AAC0000ED2F41000F49410031624100537B4121
:104ABC00003A8A4100CB9641005CA34100EDAF4126
:104ACC00007EBC41000FC94100A0D5410031E2413C
:104ADC0000C2EE410053FB4100F20342003A0A428D
:104AEC000083104200CB164200141D42005C23428E
:104AFC0000A5294200ED2F4200363642007E3C4292
:104B0C0000C74242000F4942A2000000F900000019
:104B1C00830000006E0000004E0000004400000006
:104B2C001500000029000000FC0000002700000018
:104B3C0057000000D1000000F50000003400000018
:104B4C00DD000000C0000000DB000000620000007F
:104B5C0095000000990000003C000000430000009C
:104B6C009000000041000000FE0000005100000019
:104B7C0063000000AB000000DE000000BB00000082
:104B8C00C500000061000000B70000002400000018
:104B9C006E0000003A000000420000004D000000D2
:104BAC00D2000000E00000000600000049000000F8
:104BBC002E000000EA00000009000000D1000000F7
:104BCC00920000001C000000FE0000001D00000010
:104BDC00EB0000001C000000B100000029000000E8
:104BEC00A70000003E000000E8000000820000006A
:104BFC0035000000F50000002E000000BB00000096
:104C0C004400000084000000E90000009C0000004B
:104C1C007000000026000000B40000005F000000DF
:104C2C007E000000410000003900000091000000EF
:104C3C00D600000039000000830000005300000083
:104C4C0039000000F40000009C000000840000000B
:104C5C005F0000008B000000BD000000F9000000A8
:104C6C00280000003B0000001F000000F8000000BE
:104C7C0097000000FF000000DE00000005000000AF
:104C8C00980000000F000000EF0000002F00000053
:104C9C00110000008B0000005A0000000A00000008
:104CAC006D0000001F0000006D00000036000000C9
:104CBC007E000000CF00000027000000CB000000A9
:104CCC0009000000B70000004F0000004600000083
:104CDC003F000000660000009E0000005F00000026
:104CEC00EA0000002D000000750000002700000005
:104CFC00BA000000C7000000EB000000E500000057
:104D0C00F10000007B0000003D00000007000000E7
:104D1C0039000000F70000008A000000520000007B
:104D2C0092000000EA0000006B000000FB00000095
:104D3C005F000000B10000001F0000008D000000AB
:104D4C005D00000008000000560000000300000099
:104D5C003000000046000000FC0000007B0000005A
:104D6C006B000000AB000000F0000000CF00000062
:104D7C00BC000000200000009A000000F4000000BD
:104D8C00360000001D000000A9000000E300000038
:104D9C0091000000610000005E000000E6000000D1
:104DAC001B000000080000006500000099000000D6
:104DBC00850000005F00000014000000A00000004F
:104DCC0068000000400000008D000000FF000000A3
:104DDC00D8000000800000004D00000073000000AF
:104DEC002700000031000000060000000600000053
:104DFC001500000056000000CA00000073000000FF
:104E0C00A8000000C900000060000000E2000000E3
:104E1C007B000000C00000008C0000006B00000054
:104E2C003863ED3EDA0F493F5E987B3FDA0FC93F9E
:104E3C006937AC3168212233B40F14336821A233A3
:104E4C000000C93F0000F0390000DA370000A2333F
:104E5C000000842E0000502B0000C2270000D0223E
:104E6C000000C41F0000C61B000044170400000013
:104E7C000700000009000000002020202020202036
:104E8C0020202828282828202020202020202020EE
:104E9C0020202020202020202088101010101010FE
:104EAC00101010101010101010040404040404044A
:104EBC0004040410101010101010414141414141E4
:104ECC0001010101010101010101010101010101C6
:104EDC0001010101101010101010424242424242D6
:104EEC000202020202020202020202020202020296
:104EFC00020202021010101020000000000000003E
:104F0C000000000000000000000000000000000095
:104F1C000000000000000000000000000000000085
:104F2C000000000000000000000000000000000075
:104F3C000000000000000000000000000000000065
:104F4C000000000000000000000000000000000055
:104F5C000000000000000000000000000000000045
:104F6C000000000000000000000000000000000035
:104F7C000000000000000000005245454E54206D1A
:104F8C00616C6C6F63207375636365656465640045
:104F9C002F6275696C642F676E752D746F6F6C73EF
:104FAC002D666F722D73746D33325F31312E332E4B
:104FBC0072656C312E32303233303931322D31361C
:104FCC0030302F7372632F6E65776C69622F6E654C
:104FDC00776C69622F6C6962632F74696D652F67DA
:104FEC006D74696D652E63002C2066756E63746933
:104FFC006F6E3A2000617373657274696F6E202254
:10500C00257322206661696C65643A2066696C655B
:10501C0020222573222C206C696E65202564257353
:10502C0025730A00232D302B2000686C4C0065661C
:10503C0067454647003031323334353637383941DD
:10504C0042434445460030313233343536373839F3
:08505C006162636465660000F7
:085064003CB8FE7F01000000D2
:08506C00310100088DD000089D
:045074000D01000822
:10507800F82101089C3000200100000038220108B6
:105088009B030020010000003F2201087806002051
:1050980005000000492201089604002001000000D4
:1050A8002825010895040020010000005922010864
:1050B800970400200100000061220108C6030020B7
:1050C800010000006A220108C70300200100000057
:1050D80073220108C8030020010000008022010893
:1050E800C9030020010000008D220108CA03002026
:1050F8000100000099220108CB03002001000000F4
:10510800A4220108CC03002001000000B0220108FD
:10511800CD03002001000000BC220108D0030020BC
:1051280001000000C9220108CE0300200100000090
:10513800D6220108D103002001000000E72201085F
:10514800D203002001000000F8220108CF0300204C
:105158000100000007230108A2030020010000004D
:1051680011230108A3030020010000001A230108ED
:10517800A40300200100000027230108A503002044
:105188000100000033230108A703002001000000EC
:105198003F230108B003002001000000502301084C
:1051A800A8030020010000005C230108A9030020D7
:1051B8000100000068230108B1030020010000007D
:1051C80078230108AA0300200100000089230108B0
:1051D800AC030020010000009A230108A603002068
:1051E80001000000AB230108AE030020010000000D
:1051F800BA230108AF03002001000000C7230108FB
:10520800B603002002000000D6230108B7030020DF
:1052180002000000E0230108B8030020020000009B
:10522800EA230108B903002002000000F423010862
:10523800BA03002002000000FE230108BB0300207F
:105248000200000008240108BC030020020000003E
:1052580012240108BD030020020000001C240108DC
:10526800BE0300200200000026240108BF0300201E
:105278000200000030240108C003002002000000E2
:105288003B240108C1030020020000004624010855
:10529800C20300200100000051240108C3030020BC
:1052A800010000005C240108C40300200100000084
:1052B80067240108C50300200100000072240108CA
:1052C800FF000000851C00080D2600083821010891
:1052D80068210108C8210108982101080024F40068
:1052E80001000000100000000000803F6042A20D95
:1052F800000000000300000018410020000000002A
:105308001841002080410020E841002000000000F2
:105318000000000000000000000000000000000085
:105328000000000000000000000000000000000075
:105338000000000000000000000000000000000065
:0C53480000000000000000008C020020AB
:040000050800D3ED2F
:00000001FF
