:020000040800F2
:10000000000001208DD80008C3D70008C5D700081C
:10001000C7D70008C9D70008CBD7000800000000E8
:10002000000000000000000000000000CDD7000824
:10003000CFD7000800000000D1D70008D3D70008B0
:10004000DDD80008DDD80008DDD80008DDD80008BC
:10005000DDD80008DDD80008DDD80008DDD80008AC
:10006000DDD80008DDD80008DDD80008DDD800089C
:10007000DDD80008DDD80008DDD80008DDD800088C
:10008000DDD80008DDD80008DDD80008DDD800087C
:1000900000000000DDD80008DDD80008DDD8000829
:1000A000DDD80008DDD80008DDD80008DDD800085C
:1000B000A93C0008DDD80008DDD80008DDD800081C
:1000C000DDD80008DDD80008DDD80008DDD800083C
:1000D0004D3900087D36000859630008DDD8000856
:1000E000DDD80008DDD80008DDD80008DDD800081C
:1000F000DDD800080000000000000000DDD8000886
:10010000DDD80008DDD8000889B90008DDD800086E
:10011000DDD80008DDD80008DDD80008DDD80008EB
:10012000DDD80008DDD80008DDD80008DDD80008DB
:08013000DDD80008DDD800084D
:1001400010B5054C237833B9044B13B10448AFF311
:1001500000800123237010BDE00200200000000099
:10016000041D010808B5034B1BB103490348AFF355
:10017000008008BD00000000E4020020041D01080A
:1001800010F8012B11F8013B012A28BF9A42F7D041
:10019000D01A7047034613F8012B002AFBD1181A16
:1001A000013870470000000000000000000000005F
:1001B00001F0FF01102A2BDB10F0070F08D010F818
:1001C000013B013A8B422DD010F0070F42B3F6D11C
:1001D000F0B441EA012141EA014122F007047FF035
:1001E00000070023F0E80256083C85EA010586EA8C
:1001F000010685FA47F5A3FA87F586FA47F6A5FAC8
:1002000087F68EB9EED1F0BC01F0FF0102F00702D3
:1002100032B110F8013B013A83EA010313B1F8D17E
:100220000020704701387047002D06BF354603385F
:10023000073815F0010F07D1013015F4807F02BF98
:10024000013015F4C03F0130F0BC0138704700BFE9
:1002500081F0004102E000BF83F0004330B54FEA77
:1002600041044FEA430594EA050F08BF90EA020FE4
:100270001FBF54EA000C55EA020C7FEA645C7FEA77
:10028000655C00F0E2804FEA5454D4EB5555B8BF9A
:100290006D420CDD2C4480EA020281EA030382EA0B
:1002A000000083EA010180EA020281EA0303362D9D
:1002B00088BF30BD11F0004F4FEA01314FF4801C70
:1002C0004CEA113102D0404261EB410113F0004F82
:1002D0004FEA03334CEA133302D0524263EB430339
:1002E00094EA050F00F0A780A4F10104D5F1200ED7
:1002F0000DDB02FA0EFC22FA05F2801841F1000132
:1003000003FA0EF2801843FA05F359410EE0A5F105
:1003100020050EF1200E012A03FA0EFC28BF4CF036
:10032000020C43FA05F3C01851EBE37101F00045EC
:1003300007D54FF0000EDCF1000C7EEB00006EEBF9
:100340000101B1F5801F1BD3B1F5001F0CD3490883
:100350005FEA30004FEA3C0C04F101044FEA4452DA
:1003600012F5800F80F09A80BCF1004F08BF5FEA61
:10037000500C50F1000041EB045141EA050130BD41
:100380005FEA4C0C404141EB0101013C28BFB1F553
:10039000801FE9D291F0000F04BF01460020B1FA9E
:1003A00081F308BF2033A3F10B03B3F120020CDA71
:1003B0000C3208DD02F1140CC2F10C0201FA0CF04F
:1003C00021FA02F10CE002F11402D8BFC2F1200CB4
:1003D00001FA02F120FA0CFCDCBF41EA0C0190406A
:1003E000E41AA2BF01EB0451294330BD6FEA0404B3
:1003F0001F3C1CDA0C340EDC04F11404C4F120029E
:1004000020FA04F001FA02F340EA030021FA04F3AF
:1004100045EA030130BDC4F10C04C4F1200220FA06
:1004200002F001FA04F340EA0300294630BD21FA44
:1004300004F0294630BD94F0000F83F4801306BF0A
:1004400081F480110134013D4EE77FEA645C18BFFE
:100450007FEA655C29D094EA050F08BF90EA020F95
:1004600005D054EA000C04BF1946104630BD91EA8D
:10047000030F1EBF0021002030BD5FEA545C05D190
:100480004000494128BF41F0004130BD14F58004CF
:100490003CBF01F5801130BD01F0004545F0FE4143
:1004A00041F470014FF0000030BD7FEA645C1ABF78
:1004B000194610467FEA655C1CBF0B46024650EAAF
:1004C000013406BF52EA033591EA030F41F40021DB
:1004D00030BD00BF90F0000F04BF0021704730B561
:1004E0004FF4806404F132044FF000054FF0000136
:1004F00050E700BF90F0000F04BF0021704730B5F7
:100500004FF4806404F1320410F0004548BF4042CB
:100510004FF000013EE700BF42004FEAE2014FEA20
:1005200031014FEA02701FBF12F07F4393F07F4FFB
:1005300081F06051704732F07F4208BF704793F0FE
:100540007F4F04BF41F40021704730B54FF4607411
:1005500001F0004521F000411CE700BF50EA010214
:1005600008BF704730B54FF000050AE050EA0102BD
:1005700008BF704730B511F0004502D5404261EB2D
:1005800041014FF4806404F132045FEA915C3FF46E
:10059000D8AE4FF003025FEADC0C18BF03325FEA0B
:1005A000DC0C18BF033202EBDC02C2F1200300FABC
:1005B00003FC20FA02F001FA03FE40EA0E0021FAE1
:1005C00002F11444BDE600BF70B54FF0FF0C4CF4CF
:1005D000E06C1CEA11541DBF1CEA135594EA0C0F81
:1005E00095EA0C0F00F0DEF82C4481EA030621EABC
:1005F0004C5123EA4C5350EA013518BF52EA0335F7
:1006000041F4801143F4801338D0A0FB02CE4FF0A8
:100610000005E1FB02E506F00042E0FB03E54FF0D8
:100620000006E1FB03569CF0000F18BF4EF0010ED0
:10063000A4F1FF04B6F5007F64F5407404D25FEACC
:100640004E0E6D4146EB060642EAC62141EA55517F
:100650004FEAC52040EA5E504FEACE2EB4F1FD0CC1
:1006600088BFBCF5E06F1ED8BEF1004F08BF5FEA3F
:10067000500E50F1000041EB045170BD06F00046F1
:1006800046EA010140EA020081EA0301B4EB5C049E
:10069000C2BFD4EB0C0541EA045170BD41F4801196
:1006A0004FF0000E013C00F3AB8014F1360FDEBFBB
:1006B000002001F0004170BDC4F10004203C35DA97
:1006C0000C341BDC04F11404C4F1200500FA05F31A
:1006D00020FA04F001FA05F240EA020001F00042BB
:1006E00021F0004110EBD37021FA04F642EB060131
:1006F0005EEA430E08BF20EAD37070BDC4F10C045B
:10070000C4F1200500FA04F320FA05F001FA04F21E
:1007100040EA020001F0004110EBD37041F100010A
:100720005EEA430E08BF20EAD37070BDC4F1200515
:1007300000FA05F24EEA020E20FA04F301FA05F27D
:1007400043EA020321FA04F001F0004121FA04F225
:1007500020EA020000EBD3705EEA430E08BF20EAF5
:10076000D37070BD94F0000F0FD101F0004640002F
:1007700041EB010111F4801F08BF013CF7D041EAB1
:10078000060195F0000F18BF704703F000465200B5
:1007900043EB030313F4801F08BF013DF7D043EA86
:1007A0000603704794EA0C0F0CEA135518BF95EA3C
:1007B0000C0F0CD050EA410618BF52EA4306D1D1C3
:1007C00081EA030101F000414FF0000070BD50EAE2
:1007D000410606BF1046194652EA430619D094EA6C
:1007E0000C0F02D150EA013613D195EA0C0F05D156
:1007F00052EA03361CBF104619460AD181EA0301AA
:1008000001F0004141F0FE4141F470014FF0000061
:1008100070BD41F0FE4141F4780170BD70B54FF0FC
:10082000FF0C4CF4E06C1CEA11541DBF1CEA13557C
:1008300094EA0C0F95EA0C0F00F0A7F8A4EB05045E
:1008400081EA030E52EA03354FEA013100F0888055
:100850004FEA03334FF0805545EA131343EA12631E
:100860004FEA022245EA111545EA10654FEA0026D3
:100870000EF000419D4208BF964244F1FD0404F58C
:10088000407402D25B084FEA3202B61A65EB0305E8
:100890005B084FEA32024FF480104FF4002CB6EBA5
:1008A000020E75EB030E22BFB61A754640EA0C0025
:1008B0005B084FEA3202B6EB020E75EB030E22BF65
:1008C000B61A754640EA5C005B084FEA3202B6EBA6
:1008D000020E75EB030E22BFB61A754640EA9C0065
:1008E0005B084FEA3202B6EB020E75EB030E22BF35
:1008F000B61A754640EADC0055EA060E18D04FEAF3
:10090000051545EA16754FEA06164FEAC30343EA92
:1009100052734FEAC2025FEA1C1CC0D111F4801F5F
:100920000BD141EA00014FF000004FF0004CB6E758
:1009300011F4801F04BF01430020B4F1FD0C88BFF7
:10094000BCF5E06F3FF6AFAEB5EB030C04BFB6EB02
:10095000020C5FEA500C50F1000041EB045170BDF5
:100960000EF0004E4EEA113114EB5C04C2BFD4EB22
:100970000C0541EA045170BD41F480114FF0000EA6
:10098000013C90E645EA060E8DE60CEA135594EA22
:100990000C0F08BF95EA0C0F3FF43BAF94EA0C0F25
:1009A0000AD150EA01347FF434AF95EA0C0F7FF49A
:1009B00025AF104619462CE795EA0C0F06D152EAEE
:1009C00003353FF4FDAE1046194622E750EA4106D2
:1009D00018BF52EA43067FF4C5AE50EA41047FF4E3
:1009E0000DAF52EA43057FF4EBAE12E74A0011D295
:1009F00012F5001211D20DD56FF47873B3EB625279
:100A00000ED44FEAC12343F0004343EA505323FA84
:100A100002F070474FF00000704750EA013002D1F9
:100A20004FF0FF3070474FF00000704780F00040FB
:100A300002E000BF81F0004142001FBF5FEA4103B6
:100A400092EA030F7FEA226C7FEA236C6AD04FEAB6
:100A50001262D2EB1363C1BFD218414048404140FB
:100A6000B8BF5B42192B88BF704710F0004F40F4AD
:100A7000000020F07F4018BF404211F0004F41F4C9
:100A8000000121F07F4118BF494292EA030F3FD095
:100A9000A2F1010241FA03FC10EB0C00C3F12003A8
:100AA00001FA03F100F0004302D5494260EB400037
:100AB000B0F5000F13D3B0F1807F06D340084FEAA2
:100AC000310102F10102FE2A51D2B1F1004F40EB97
:100AD000C25008BF20F0010040EA030070474900FF
:100AE00040EB0000013A28BFB0F5000FEDD2B0FA9C
:100AF00080FCACF1080CB2EB0C0200FA0CF0AABFBF
:100B000000EBC25052421843BCBFD040184370475C
:100B100092F0000F81F4000106BF80F40000013262
:100B2000013BB5E74FEA41037FEA226C18BF7FEA39
:100B3000236C21D092EA030F04D092F0000F08BF7B
:100B40000846704790EA010F1CBF0020704712F062
:100B50007F4F04D1400028BF40F00040704712F1A1
:100B600000723CBF00F50000704700F0004343F006
:100B7000FE4040F4000070477FEA226216BF08463C
:100B80007FEA23630146420206BF5FEA412390EAFF
:100B9000010F40F4800070474FF0000304E000BFF5
:100BA00010F0004348BF40425FEA000C08BF7047A6
:100BB00043F0964301464FF000001CE050EA01026A
:100BC00008BF70474FF000030AE000BF50EA01027F
:100BD00008BF704711F0004302D5404261EB41016C
:100BE0005FEA010C02BF84460146002043F0B64391
:100BF00008BFA3F18053A3F50003BCFA8CF2083AB6
:100C0000A3EBC25310DB01FA02FC634400FA02FCBE
:100C1000C2F12002BCF1004F20FA02F243EB0200C5
:100C200008BF20F00100704702F1200201FA02FC27
:100C3000C2F1200250EA4C0021FA02F243EB02001A
:100C400008BF20EADC7070474FF0FF0C1CEAD0525E
:100C50001EBF1CEAD15392EA0C0F93EA0C0F6FD01F
:100C60001A4480EA010C400218BF5FEA41211ED0FD
:100C70004FF0006343EA501043EA5111A0FB0131E9
:100C80000CF00040B1F5000F3EBF490041EAD371BE
:100C90005B0040EA010062F17F02FD2A1DD8B3F13A
:100CA000004F40EBC25008BF20F00100704790F0A9
:100CB000000F0CF0004C08BF49024CEA502040EAFB
:100CC00051207F3AC2BFD2F1FF0340EAC2507047C1
:100CD00040F400004FF00003013A5DDC12F1190FFF
:100CE000DCBF00F000407047C2F10002410021FA71
:100CF00002F1C2F1200200FA02FC5FEA310040F189
:100D0000000053EA4C0308BF20EADC70704792F001
:100D1000000F00F0004C02BF400010F4000F013A39
:100D2000F9D040EA0C0093F0000F01F0004C02BF34
:100D3000490011F4000F013BF9D041EA0C018FE7A3
:100D40000CEAD15392EA0C0F18BF93EA0C0F0AD0A9
:100D500030F0004C18BF31F0004CD8D180EA0100CF
:100D600000F00040704790F0000F17BF90F0004F68
:100D7000084691F0000F91F0004F14D092EA0C0F4A
:100D800001D142020FD193EA0C0F03D14B0218BFDD
:100D9000084608D180EA010000F0004040F0FE4023
:100DA00040F40000704740F0FE4040F440007047BF
:100DB0004FF0FF0C1CEAD0521EBF1CEAD15392EA3E
:100DC0000C0F93EA0C0F69D0A2EB030280EA010C2E
:100DD00049024FEA402037D04FF0805343EA1111C7
:100DE00043EA10130CF000408B4238BF5B0042F125
:100DF0007D024FF4000C8B4224BF5B1A40EA0C00CA
:100E0000B3EB510F24BFA3EB510340EA5C00B3EBFB
:100E1000910F24BFA3EB910340EA9C00B3EBD10FE9
:100E200024BFA3EBD10340EADC001B0118BF5FEA3B
:100E30001C1CE0D1FD2A3FF650AF8B4240EBC25064
:100E400008BF20F0010070470CF0004C4CEA502025
:100E50007F32C2BFD2F1FF0340EAC250704740F474
:100E600000004FF00003013A37E792F0000F00F066
:100E7000004C02BF400010F4000F013AF9D040EAE4
:100E80000C0093F0000F01F0004C02BF490011F478
:100E9000000F013BF9D041EA0C0195E70CEAD15370
:100EA00092EA0C0F08D142027FF47DAF93EA0C0F57
:100EB0007FF470AF084676E793EA0C0F04D14B023B
:100EC0003FF44CAF08466EE730F0004C18BF31F0ED
:100ED000004CCAD130F000427FF45CAF31F00043E7
:100EE0007FF43CAF5FE700BF4FF0FF3C06E000BF80
:100EF0004FF0010C02E000BF4FF0010C4DF804CDA3
:100F00004FEA40024FEA41037FEA226C18BF7FEAB2
:100F1000236C11D001B052EA530C18BF90EA010FB4
:100F200058BFB2EB030088BFC81738BF6FEAE17043
:100F300018BF40F0010070477FEA226C02D15FEADF
:100F4000402C05D17FEA236CE4D15FEA412CE1D04B
:100F50005DF8040B704700BF844608466146FFE712
:100F60000FB5FFF7C9FF002848BF10F1000F0FBDF4
:100F70004DF808EDFFF7F4FF0CBF012000205DF8ED
:100F800008FB00BF4DF808EDFFF7EAFF34BF012072
:100F900000205DF808FB00BF4DF808EDFFF7E0FF0B
:100FA00094BF012000205DF808FB00BF4DF808ED5C
:100FB000FFF7D2FF94BF012000205DF808FB00BFBF
:100FC0004DF808EDFFF7C8FF34BF012000205DF8A1
:100FD00008FB00BF4FEA40024FEA41037FEA226C60
:100FE00002D15FEA402C08D17FEA236C02D15FEA8C
:100FF000412C02D14FF0000070474FF001007047C4
:101000004FEA4002B2F1FE4F0FD34FF09E03B3EB15
:1010100012620DD94FEA002343F0004310F0004F55
:1010200023FA02F018BF404270474FF000007047AB
:1010300012F1610F01D1420205D110F0004008BF4A
:101040006FF0004070474FF00000704742000ED232
:10105000B2F1FE4F0BD34FF09E03B3EB126209D4F3
:101060004FEA002343F0004323FA02F070474FF0A9
:101070000000704712F1610F01D1420202D14FF01E
:10108000FF3070474FF00000704700BF7BB972B966
:101090000029BEBF00204FF0004106E008BF002835
:1010A0001CBF6FF000414FF0FF3000F0BBB9ADF155
:1010B000080C6DE904CE002909DB002B1ADB00F0D7
:1010C0004DF8DDF804E0DDE9022304B0704740424A
:1010D00061EB4101002B1BDB00F040F8DDF804E080
:1010E000DDE9022304B0404261EB4101524263EB6F
:1010F00043037047524263EB430300F02FF8DDF8DF
:1011000004E0DDE9022304B0404261EB4101704795
:10111000524263EB430300F021F8DDF804E0DDE91F
:10112000022304B0524263EB4303704753B94AB9F8
:10113000002908BF00281CBF4FF0FF314FF0FF30DF
:1011400000F070B9ADF1080C6DE904CE00F006F8BE
:10115000DDF804E0DDE9022304B070472DE9F04733
:10116000089E0D4604460F46002B4AD18A429446FB
:1011700065D9B2FA82F343B102FA03FCC3F120024B
:101180009F4020FA02F217439C404FEA1C4E1FFA80
:101190008CF5B7FBFEF1220C0EFB117742EA0742F9
:1011A00001FB05F090420AD91CEB020201F1FF3766
:1011B00080F01B81904240F2188102396244121A79
:1011C000A4B2B2FBFEF00EFB102244EA024400FB84
:1011D00005F5A5420AD91CEB040400F1FF3280F0AA
:1011E0000681A54240F203816444023840EA01408E
:1011F000641B00211EB1DC400023C6E90043BDE8AA
:10120000F0878B4208D9002E00F0EC800021C6E95F
:1012100000050846BDE8F087B3FA83F1002949D1FB
:10122000AB4202D3824200F2F780841A65EB0302DC
:1012300001201746002EE2D0C6E90047DFE702B9D9
:10124000FFDEB2FA82F3002B40F08F808A1A4FEA59
:101250001C471FFA8CFE0121B2FBF7F507FB152096
:10126000220C42EA00420EFB05F0904208D91CEB2A
:10127000020205F1FF3802D2904200F2CA804546D0
:10128000121AA4B2B2FBF7F007FB102244EA0244A0
:101290000EFB00FEA64508D91CEB040400F1FF324A
:1012A00002D2A64500F2BA801046A4EB0E0440EA32
:1012B00005409FE7C1F120078B4022FA07FC4CEA6A
:1012C000030C05FA01F420FA07F3FD40234300FA6A
:1012D00001F94FEA1C401FFA8CFEB5FBF0F81C0C1C
:1012E00000FB185544EA054408FB0EF5A54202FA36
:1012F00001F20BD91CEB040408F1FF3A80F087805F
:10130000A54240F28480A8F102086444641B9DB2A7
:10131000B4FBF0F300FB134445EA044403FB0EFE68
:10132000A64508D91CEB040403F1FF306BD2A64597
:1013300069D9023B644443EA0840A0FB0283A4EB62
:101340000E049C42C6461D4655D352D056B1B9EB49
:101350000E0364EB050404FA07F7CB40CC401F43AF
:10136000C6E900740021BDE8F087C3F1200102FA4C
:1013700003FC20FA01F225FA01F19D402A434FEACD
:101380001C471FFA8CFEB1FBF7F007FB1015110C80
:1013900041EA054100FB0EF58D4204FA03F408D939
:1013A0001CEB010100F1FF382FD28D422DD90238FC
:1013B0006144491B92B2B1FBF7F507FB151142EAF4
:1013C000014205FB0EF1914208D91CEB020205F126
:1013D000FF3816D2914214D9023D6244521A45EAAE
:1013E000004139E73146304609E73946E7E610461D
:1013F000FCE6C145AAD2B8EB020E63EB0C0501383E
:10140000A4E74546EAE7034695E74046D1E7D046DC
:101410007CE7023D624433E708460BE76444023848
:1014200043E700BF704700BF002242708270012274
:10143000C270B1FA81F102224909027103220170DE
:101440004271704743788B421FD0012941700AD006
:10145000022910D0C1B90123C37081700223037126
:10146000032343717047037843B101238370022340
:10147000C3700023F3E70378002BF6D002238370B8
:101480000023C3700123EAE7FEE7704782B00B88B0
:10149000ADF800304B88ADF802308B88ADF80430E1
:1014A000CB88ADF806300239431C053013F8012F04
:1014B0000DF1080C0CEB4202834232F8082C21F8A3
:1014C000022FF3D102B0704710B50C461146FFF75A
:1014D000B9FF2146BDE81040FFF7D8BF0B4B10B550
:1014E0004FF07F32C0E923234FF47F43A0F89430BC
:1014F000FF23044680F89630983000F0C5FC0023A6
:1015000084F8A43084F8A83010BD00BFFFFF7F002E
:1015100070B51146154604461E4600F01EFC2946CD
:1015200004F1140000F019FC294604F1280000F031
:1015300014FC294604F13C0000F00FFC294604F19C
:10154000500000F00AFC294604F1640000F005FC9C
:10155000294604F1780000F000FC4FF4FA7332469B
:101560004FF4FA6104F1980000F074FC2046FFF794
:10157000B5FF002384F8A5304FF47F43A4F8A630CC
:1015800070BD022380F8A8307047704700F0ECBBB4
:10159000143000F0E9BB08B5503000F0EFFB292112
:1015A00000F114030246B3FBF1F313F0FF0002D184
:1015B000101E18BF012008BD08B5643000F0DEFB26
:1015C000292100F114030246B3FBF1F313F0FF00ED
:1015D00002D1101E18BF012008BD90F8903013B939
:1015E00090F98C00704790F98D00704790F890301A
:1015F00013B990F98E00704790F98F00704710B5BD
:1016000004460AF0E7FA50B194F8A83043B904F15F
:101610003C0000F0ADFB012838BF0120C0B210BD76
:101620006420FCE790F8A83013B990F89300704755
:1016300064207047783000F0A3BB783000F0A8BB7E
:1016400010B5044600F06AFB04F1140000F066FBDC
:1016500004F1280000F062FB04F13C0000F05EFBA6
:1016600004F1500000F066FB04F1640000F062FB3E
:1016700004F1780000F064FB94F8A83013B1013B4A
:1016800084F8A83010BD7F2807D0002807DA10F1B1
:10169000800F06D04042C0B2704700207047012042
:1016A00070477F20704710B1404240B270477F20A2
:1016B00070477F280FD010F1310F0EDA10F1780F3C
:1016C0000DDB7830FE2340B2584323304623B0FB75
:1016D000F3F0C0B27047FF207047FE207047002033
:1016E0007047012805DD40F2FE73984203DC80B2AA
:1016F00070470120704740F2FF707047A0F5787086
:10170000C0EBC02040F2AE7390FBF3F000F58060B8
:10171000FFF7E7BFFFF7F2BF032812DD0C2812DD49
:101720000F2812DD122812DD162812DD192812DD0D
:101730001C2812DD1F2812DD2128CCBFFF20062027
:101740007047002070470120704702207047082032
:10175000704703207047072070470420704705201A
:101760007047000005289ABF014B185CFF207047A6
:10177000801D010805289ABF014B185CFF207047A7
:10178000861D01087F2803D0002803DAC0B2704705
:1017900000207047FF2070477F2811D010F1320FD2
:1017A00010DA884210DD401A6423C1F1FF2158434A
:1017B00001F57F01CE31313090FBF1F0C0B27047BE
:1017C000FF2070476420704700207047014B48405D
:1017D000185C70478C1D010852B110B4054C0A44C6
:1017E00011F8013B58408A42205CF9D110BC704787
:1017F000704700BF8C1D0108392808D822280ED94F
:10180000094B2338C0B2C34003F0010070475F2882
:1018100007D0613819288CBF0020012070470020B4
:1018200070470120704700BF01EC7F00F8B5024609
:10183000451E461D00245F2715F8010FFF2804BF31
:101840000134E4B2FFF7D8FF00B92F70AE42F3D1F4
:10185000062C04D119B10B6813608B889380002388
:101860009371F8BD2DE9F843DFF83490471E441D0D
:10187000012500264FF0280817F8011F08480FF02F
:10188000A3FA034610B1A0EB0903DBB2A3FB0532B8
:101890009E19A742A5FB0853EED13046BDE8F88358
:1018A0008C1E010810B54179A1F13000C3B2092B9B
:1018B00007D80523B0FBF3F303EB8303C01AC0B2D0
:1018C00010BD044C20460FF07FFA0028F1D0001B19
:1018D000C0B2EEE78C1E0108F0B5094B094F821D1E
:1018E0002826B1FBF3F4272C94BF3D5D302502F888
:1018F000015D824203FB1411B3FBF6F3F1D1F0BD9D
:1019000000801A068C1E010870B50446FEF742FCE2
:1019100002B20023551E18B2A84204FA83F104DA79
:10192000265C302E03F10103F5D0121A0132204655
:10193000BDE870400FF017BA2DE9F047432B28BFE0
:10194000432396B00C46154600211A469846074692
:101950000FF023FA0021412205A804910FF01DFA8F
:10196000DFF87C90DFF87CA004EB4505AC4210D199
:1019700004A8FEF70FFC28B100F158036B440022C5
:1019800003F8492C04A938460FF087FB16B0BDE8D0
:10199000F08734F9020B47F6FF739842E8D000282D
:1019A00012DC514668460FF078FB04A8FEF7F2FB04
:1019B00006466846FEF7EEFB0644B045D6D36946B8
:1019C00004A80FF0F2F9D1E7694680B20DF08FFA62
:1019D0006846FFF799FF494668460FF0E6F9E4E7E5
:1019E000791D0108741D0108F0B589B06D46002409
:1019F0002F468E1CE1B28A4204D83946FFF79CFF7D
:101A000009B0F0BD36F8241025F8021B0134F1E7C7
:101A100042F210736421B0FBF3F203FB1200B0FB3F
:101A2000F1F301FB130000EB023000EB831080B2F6
:101A30007047020B00F03F0342F2107101FB0233CA
:101A4000C0F38510642202FB003070472DE9F0419D
:101A500042F2107388B0B1FBF3F603FB16141F4972
:101A6000DFF87C8005460FF018FB6946F0B20DF0F8
:101A70001BFA6846FFF748FF694628460FF095F9BC
:101A8000414628460FF091F964276946B4FBF7F602
:101A9000F0B20DF009FA6846FFF736FF69462846AE
:101AA0000FF083F907FB1644414628460FF07DF9F5
:101AB0006946E0B20DF0F8F99DF801308DF800307C
:101AC0009DF802308DF801306946002328468DF8D4
:101AD00002300FF06AF908B0BDE8F08196300108D5
:101AE0007E1D010870B50E460021054614460FF014
:101AF00054F900239AB2944200D870BDF25C002AD7
:101B0000FBD0EA540133F5E770B50E4614460021C8
:101B1000013205460FF041F900239AB2944200D8F1
:101B200070BDF25C002AFBD0EA540133F5E730B512
:101B30000023044698B2904201D3012005E0E55C01
:101B4000C85C1DB9B0FA80F0400930BD0028FCD057
:101B5000854203F10103EDD00020F6E77D234380A9
:101B600043F2390309B2C360002301808180C3803E
:101B70000372704702680449044B01FB023323F0EF
:101B800000430360180C7047FD430300C39E26000A
:101B9000F0B5002597B0016085800446562229469D
:101BA00068460FF0FAF80126627CAA4209D80023A1
:101BB000802104F1B400237417B0BDE8F0400FF0A9
:101BC000ECB82046FFF7D6FFE7797B1B002190FB9E
:101BD000F3F202FB1300C0B2EC460A46CBB29F42BE
:101BE0001DD80023227B9A42DED0A279033A012A33
:101BF00004EB050105D925B191F91120D2B9012BCA
:101C0000D2D98B74A26852F82310583304EB8502A2
:101C10006B440135516303F8586CEDB2C4E71CF80E
:101C200001EBBEF1000F03D18242DBD00132D2B210
:101C30000131D3E7501E8342E3DB01329342E0DC03
:101C4000B2E72DE9F047154696B0013D01600271FB
:101C500004464371EDB25622002168460FF09DF80C
:101C60000027022D84BF4FF0010900253E464FF0AA
:101C7000010A94F807809CBF4FF00309B8FBF9F8FC
:101C8000627CB24209D80023802104F1B40023749D
:101C900016B0BDE8F0470FF080B82046FFF76AFFA6
:101CA000A8EB0603002190FBF3F202FB1300C0B285
:101CB000EC460A46CBB2984506D91CF801EBBEF1BA
:101CC000000F22D182421ED1434528BF4346227BCA
:101CD00003FB095101F0FF018A42D1D016B1B7B917
:101CE000012BCDD9A2191F469174A26852F8211078
:101CF00004EB86020136516303F158026A44F6B2DE
:101D000002F858ACBCE70132D2B20131D2E77A1EF8
:101D10009342E7DB7A1C9342E4DCB1E7D0E901238C
:101D20006421D31AC36082604B43418AB3FBF1F351
:101D300003747047D0E90123D31AC0E90223704726
:101D400043682BB1C26864214A43B2FBF3F2D3B2B9
:101D500003740023C360436070470023C0E902336B
:101D600041824360037470474368013343607047A6
:101D7000007C704743680B4443607047C0687047FD
:101D800011B1C3680133C3604368013343607047D6
:101D9000007C7047072800D9FEE7014B185C7047AC
:101DA000DC1E010800230380837080F8293070470F
:101DB0000346007810B100221A707047587810B1AD
:101DC00000225A707047987810B100229A707047BC
:101DD00093F8290010B1002283F829207047017080
:101DE0007047017070478170704781704260704722
:101DF0004068704708307047002343600381704794
:101E00000A2310B50446838001F012FF2368E080A6
:101E10009B6820469847208110BD038970B5044611
:101E20009BB1858845B1013DADB285806DB9036830
:101E30001B68BDE87040184701F0FAFEE388C01A3D
:101E4000238980B2834201D2258170BD2368204658
:101E50005B68EEE72DE9F041044610461D46164644
:101E60008846FEF799FE074606EB0800FEF794FE4B
:101E700001463846FEF79CFF656020602846FEF765
:101E80008FFEA060BDE8F08110B504464068FEF703
:101E900087FEA06010BD000010B50229044680EA4C
:101EA000E070A0EBE47068D15AB9002CACBF7F237E
:101EB0003F239842A8BF1846002C01DA40F04000AA
:101EC00010BD012A1AD1632805DC4000002CF7DA86
:101ED00040F48070F4E740F2F54398420CDCFEF7E2
:101EE0005BFE5749FEF7B0FE0DF00EFDFFF7AEF8B2
:101EF000400040F00100E9E7FF20E7E7022A40F058
:101F00009C80632805DC8000002CD9DA40F4007046
:101F1000D6E7B0F57A7F0CDAFEF73EFE4849FEF7C9
:101F200093FE0DF0F1FCFFF791F8800040F0010006
:101F3000EAE742F20F7398420CD8FEF72DFE4149B2
:101F4000FEF782FE0DF0E0FCFFF780F8800040F025
:101F50000200D9E73C4B98420CD8FEF71DFE3B49E6
:101F6000FEF772FE0DF0D0FCFFF770F8800040F035
:101F70000300C9E740F2FF10C6E703295DD1012A3B
:101F80001BD1B0F57A7F05DA4000002C98DA40F4D6
:101F9000006095E7B0F5205F0CDAFEF7FDFD2849FB
:101FA000FEF752FE0DF0B0FCFFF750F8400040F095
:101FB0000100EAE740F2FF70E7E7022A3DD1B0F501
:101FC0007A7F06DA8000002CBFF67AAF40F48050AA
:101FD00076E742F20F7398420CDCFEF7DDFD1849FC
:101FE000FEF732FE0DF090FCFFF730F8800040F075
:101FF0000100E8E7164B98420CD8FEF7CDFD1149D9
:10200000FEF722FE0DF080FCFFF720F8800040F084
:102010000200D8E7B0F57A2F0CD2FEF7BDFD0B49D0
:10202000FEF712FE0DF070FCFFF710F8800040F094
:102030000300C8E740F6FF70C5E7002040E700BF97
:10204000CDCCCC3D0AD7233C17F001006F12833A68
:102050009F860100002303607047000038B5084BDD
:1020600009291B7828BF09218B4204460D4602D15D
:102070000023036038BD01F0CFFD25712060F9E732
:10208000FC020020036810B504460BB9002010BD07
:1020900001F0C2FD2368C01A40F2EE239842F5D940
:1020A0000023054A2360127823799A42EED0034A2E
:1020B0000120D377EBE700BFFC0200207C03002067
:1020C000FF23437100230171837103818372704781
:1020D00038B5037904460D465BB14179A94208D071
:1020E00041B101290AD00023A371657155B1012DB9
:1020F0000FD038BD03689B689847F4E70368002158
:10210000DB68F9E723689B68012120469847A071A6
:10211000EFE723682946DB68F7E72DE9F04F077CF6
:10212000C37B857CC67C90F815E090F8208090F801
:102130000EC0BF000C4647EA931703F03F01437CF3
:1021400003F0010247EA822705F00F02D20142EABA
:10215000530206F07F031B0143EA1513057D89B086
:102160006D0045EAD6150EF00306059345EA4623B1
:10217000867D009306F01F05AD0145EA9E03C57DEF
:1021800090F819E00193ED0045EA5613057E02939D
:102190000EF0070645EA0623857E039305F03F0609
:1021A000760146EADE03C67E90F81CE00493B60092
:1021B00046EA95160EF0010546EA8526457F069209
:1021C00005F00F0B4FEACB1B4BEA5E0B90F81EE0BD
:1021D0000EF07F0A4FEA0A1A4AEA151AC57F6D0007
:1021E00045EADE1508F0030E45EA4E2590F821E099
:1021F0000EF01F094FEA891949EA9809490190F838
:102200002280407B41EADC010CF0070C40EA0C2004
:102210004FEAC80848EA5E180791FFF76FFA079976
:1022200020800846FFF76AFA60803846FFF766FAB2
:10223000069AA0801046FFF761FA059BE0801846D9
:10224000FFF75CFA20810098FFF758FA6081019847
:10225000FFF754FAA0810298FFF750FAE081039843
:10226000FFF74CFA20820498FFF748FA6082304664
:10227000FFF744FAA0825846FFF740FAE082504642
:10228000FFF73CFA20832846FFF738FA6083484678
:10229000FFF734FAA0834046FFF730FA4FF480632B
:1022A000E0832384638409B0BDE8F08F2DE9F04119
:1022B00004460F4601F0BCFC4FF0010805462368B8
:1022C00020461B689847064650B9A37A012B1FD1B8
:1022D0002389ED1A40F6C4139D42C8BFA07217E0CF
:1022E000236820465B689847A37AA3B90F2814D1C6
:1022F000A4F80A80E37AE2180133DBB2182B1073DA
:10230000E3720AD939462046FFF707FF0023A3727C
:102310003046BDE8F081012BECD02581CFE78279F2
:1023200022B14379012B01D8FFF7C0BF00207047CD
:102330007047704770470020704770470020704713
:10234000002070477047002070470020704770479A
:102350004FF0B04382B0DA6C0243DA64DB6C0340C6
:102360000193019B02B070474FF0B04382B09A6D69
:1023700002439A659B6D03400193019B02B0704735
:102380004FF0B04382B0DA6D0243DA65DB6D034093
:102390000193019B02B070474FF0B04382B01A6EB8
:1023A00002431A661B6E03400193019B02B0704703
:1023B00050E8003F43F0200340E80032002AF7D104
:1023C000704750E8003F43F0800340E80032002AA5
:1023D000F7D1704750E8003F23F0200340E8003277
:1023E000002AF7D1704750E8003F23F0400340E84F
:1023F0000032002AF7D1704750E8003F23F08003F5
:1024000040E80032002AF7D1704700000288044BF0
:102410005140C9B233F8113083EA12230380704768
:10242000A44E01089AB110B4B0F800C0084C0A4498
:1024300011F8013B83EA0C03DBB2914234F813300C
:1024400083EA1C2CA0F800C0F2D110BC7047704782
:10245000A44E010837B54FF6FF730446ADF80630B9
:102460004518AC4203D1BDF8060003B030BD14F8E6
:10247000011B0DF10600FFF7C9FFF2E71629A8BFFF
:1024800016216FF008008142B8BF01461170197023
:1024900070470000044B1888044B1B8880B29BB225
:1024A000C01A18BF012070475A3F0020583F002033
:1024B000044A00231380044A1380044A1380044A08
:1024C00013807047583F00205A3F00205C41002095
:1024D0005E41002001207047044B1888044B1B8884
:1024E00080B29BB2C01A18BF01207047624300201F
:1024F00060430020704700000649074A0B88128895
:102500000133C3F3080392B29A421EBF034AD05468
:102510000B8070475235002050350020503300208A
:102520000023A0F87032A0F86E3270470023A0F8A4
:102530005C32A0F85A3270473C4B5A6A037A92B226
:1025400063B18389D31A9BB2B3F5FA7F84BF0023AA
:102550000372837A4F2B84BF00230372037A828134
:10256000082B0FD8DFE803F0050E0E0E0E0E0F1B22
:102570002600EE2901D0C82904D1012383724175B8
:102580000623037270473D299FBF837A5A1C1B188C
:1025900082728FBF0023597541720723F1E7827A57
:1025A000531C0244DBB283725175427A9A42E9D2DB
:1025B0000823E6E7837A5A1C034482725975C37D67
:1025C000162B04D1012380F865300923D9E743692C
:1025D000174A03F0FF23934203D1012380F86730A9
:1025E000F3E7144A93421CD1837E102B19D1C37E8A
:1025F000022B08D0052B0DD0012BE6D1027EEE2A4E
:1026000008BF80F86A30037EEE2BDED1012380F80C
:102610006B30DAE7012380F86830037F80F8693097
:10262000D3E7012380F86630CFE700BF00440140C4
:1026300000C8002800C80032044B1888044B1B88CF
:1026400080B29BB2C01A18BF0120704752350020DB
:10265000503500200278024B51405B5C037070479C
:10266000883A0108FF230370704700BF7047B0F835
:102670006E32B0F870229B1A98B21B0444BF00F56A
:10268000006080B2003818BF01207047A0F114002C
:10269000EDE7B0F87022B0F86E12914203461FBF0A
:1026A0008118013291F87402B3F872121ABF0A400D
:1026B000A3F8702200207047A0F11400E9E770B57C
:1026C0000B7803704B7843700B78FD2B05460C4656
:1026D00038D18B788370CB78C3700B7903714B79C9
:1026E00043718B7983718B68C3718B68C3F30F233C
:1026F00003728B7A43720A26627804F10C01A819DE
:102700000EF0D3FC6378B4F80C213344981CEA54DF
:102710005A1CB4F80C1192B2090AA954A278D20733
:1027200080B20ED504F58872054404F58E7452F813
:10273000041B45F8041BA242F9D112782A700F330A
:1027400098B270BD00238B700B7983704B79C37086
:102750008B7903718B6843710626CDE738B54A78CB
:10276000352A0D46044601F10C010AD80EF09DFCF5
:1027700068780021C0F136022044BDE838400EF0F0
:102780000CBB403551F8043B40F8043BA942F9D159
:102790000B88038038BD38B54A781B2A0C4605469D
:1027A00001F10C010AD80EF080FC60780021C0F124
:1027B0001C022844BDE838400EF0EFBA283451F826
:1027C000043B45F8043BA142F9D138BD38B54A78FD
:1027D000082A0D46044601F10C010AD80EF065FCEA
:1027E00068780021C0F109022044BDE838400EF0AD
:1027F000D4BAEB6803604B6843600B7A037238BD50
:1028000038B54A78072A0C46054601F10C010AD86A
:102810000EF04BFC60780021C0F108022844BDE8AE
:1028200038400EF0BABAE36803604B68436038BDC5
:1028300008B52C22034800210EF0AFFA024B00220B
:102840001A7008BD200E0020040600202DE9F0417A
:102850001378037092F8018080F80180FD2B044604
:102860000F46154654D193788370D378C37013798B
:10287000037153794371937983716B7A127A1B04D4
:1028800003EB0223EA79134423F07F430A26A2686C
:1028900063F31702A260A919424604F10C000EF07E
:1028A00004FC7A7B904507D208F10C00A2EB0802E9
:1028B000002120440EF071FA63781E44AB195A7857
:1028C000AB5D03EB0223A4F80C31A378DB070ED534
:1028D000023615FA86F304F5887203F10C0153F8F9
:1028E000040B42F8040B8B42F9D11B781370BB7AAE
:1028F00084F82131FB7A84F822313B7B84F8233140
:102900007B7B84F824313B7884F82031BDE8F0816A
:102910000023438093780371D378437113798371D3
:1029200053790626B3E738B54A78132A0C4605468C
:1029300001F10C010AD80EF0B8FB60780021C0F15B
:1029400014022844BDE838400EF027BA203451F86C
:10295000043B45F8043BA142F9D138BD2DE9F04FC5
:102960000C465188B1F58C7F054685B04FF00000CC
:1029700010D31070D91CC9B2012995BF01210023C1
:10298000518053809CBF237011700020287005B0C7
:10299000BDE8F08F16780E2E00F2908001A757F850
:1029A00026F000BF75290008E1290008092A00085F
:1029B000272A0008BD2A0008BD2A0008BD2A0008F1
:1029C000BD2A0008BD2A0008BD2A0008BD2A00084B
:1029D000BD2A0008BD2A0008BD2A0008392A0008BF
:1029E000481C508063542178FD299BB206D10C33DA
:1029F0000A21D380918002231370C6E70833062191
:102A0000D38091800E23F7E7481C50806354D80789
:102A100042BFD1880D31D1800020012B8CBF0346ED
:102A200003231370B2E7481C508000208342635494
:102A300014BF03460E23F4E7481C508063545388A8
:102A4000D1888B4232D300235380137002232B7022
:102A500069802378FD2B37D163792B72A3796B7250
:102A6000637A227A1B0403EB0223E27913446B603E
:102A7000637803F10C026A80A278D10701D519337B
:102A80006B8000266968DFF800816E8140F2851254
:102A90000C20B31801335B0800FB03F758F80770EC
:102AA000B9421AD25A1EB242F3D818E092889A421A
:102AB0003FF66BAF01232B70002068E71070508049
:102AC0009080D0802870F7E7E3782B7223796B72BF
:102AD00063796B6063780833D2E71E46E3D80C272E
:102AE000774358F80730994227D123782046FD2BA9
:102AF00010F801BF0CBF4FF00A094FF0060909EBAF
:102B00000B03591E89B247440193FFF7A3FC97F8C2
:102B100004A0ADF80E0051460DF10E00FFF776FC53
:102B2000019BE218E35C527803EB0223BDF80E2010
:102B30009BB29A4209D0052000E003202870023899
:102B400001288CBF0020012021E7BB79DA0706D5D8
:102B5000FA79934582BF04EB09018A5CAA729B074C
:102B600009D50C2303FB068362781B7A9A4282BF45
:102B70004C44E35CEB720C2303FB068385F80CA04A
:102B80005B796B730220DAE7883B01080148436AEE
:102B9000FFF70EBC008000400A4A0B4B12680B493D
:102BA000A3FB02323220920C00FB02F2084B486871
:102BB00002F5FA72A3FB023292094B681B1A9A4281
:102BC000FBD870476C02002083DE1B43001000E03E
:102BD000D34D621030B587B0034601AC00F110054B
:102BE00018685968224603C20833AB421446F7D12D
:102BF0000024094D8DF81440A96801A8FDF7C0FA1A
:102C000010B920B207B030BD0134312C05F10C05EC
:102C1000F2D14FF0FF30F5E70400002002780A4BB4
:102C200090F801C08178D243D2B29A5C82EA0C0259
:102C300090F803C09A5C4A40995C027981EA0C01E1
:102C4000595C4A40985C7047883A0108028810B580
:102C50008488531C234044889C421EBF12189171E3
:102C6000038010BD411A88B20B0444BF00F5007008
:102C700080B2704770B5104C0025234626782EB1DF
:102C800066788E4202D1A67896420BD001350C2D83
:102C900004F10404F2D1002413F824501DB10134CE
:102CA0000C2CF9D170BD012503F8245003EB8403EB
:102CB000D87059709A70F5E7090600202DE9F8439D
:102CC0000B460D795A7A9E7ADF7A204B097A1B5C83
:102CD000DB07044600D50DB9FFF7CCFF00231C49E4
:102CE0001A4898464FF0010E9C4201F8018B25D0FE
:102CF0002DB90278920702D501F801EC1EE0154AC1
:102D00004FF0000C92F80090B9F1000F0FD092F83C
:102D1000039099450BD1002EEED092F80190B14569
:102D200005D1002FE8D092F80290B945E4D00CF11B
:102D3000010CBCF10C0F02F10402E3D10133DBB250
:102D4000042B00F10100CFD1BDE8F8833906002043
:102D5000050600200906002007B503688DF8071056
:102D60001B6901220DF10701984703B05DF804FBD0
:102D7000F0B50546FD2305F80C3B85B004468DF8FB
:102D8000043090F8243103F10C020244012B42D8A4
:102D90000026637066808DF805308B7A23718DF87C
:102DA00008308B7AADF8066001338B7263798DF849
:102DB0000930A3798DF80A30A368C3F317031A12F8
:102DC0008DF80B3009211B140DF105008DF80D3025
:102DD0008DF80C20FFF73EFB6778ADF802003A460D
:102DE00029460DF10200FFF71DFB94F82311FFF7B0
:102DF0000DFB94F82421BDF80230A4F80C31974261
:102E000010D207F10C00D21B3146204405B0BDE8BA
:102E1000F0400DF0C2BF12F8010D0028B8D1013BFF
:102E2000DBB2B3E705B0F0BD70470000044AD2F84A
:102E3000903023F40043C2F89030FFF7ADBE00BFDE
:102E40000004005808B5FFF7A7FE044AD2F89030F6
:102E500043F40043C2F8903008BD00BF000400589E
:102E600070B5044608460D46FDF794F9236882B212
:102E7000294620461B69BDE87040184708B5FFF792
:102E8000EFFF08BDB0F1904F02D10120FFF760BA0B
:102E9000084B984205D003F58063984203D1042083
:102EA000F4E70220F2E7044B984201D18020EDE7DD
:102EB000704700BF00040048001C00480C4B9842BB
:102EC00003D14FF40060FFF767BAB0F1804F05D02F
:102ED000084B984205D14FF40030F4E70120FFF78A
:102EE00043BA054B984202D14FF48020EBE770477C
:102EF000002C014000440140004801402DE9F0430E
:102F000087B00E46054614460021142201A89DF8FC
:102F100038809DF83C901F460DF03FFF00960B2C2B
:102F200007D8DFE804F007070A121414141616165F
:102F30001A1CFEE70323019301E002230493032FED
:102F400011D8DFE807F0111321110123F6E701235F
:102F5000F1E7012301930393F1E70223EBE7022357
:102F600001930123F7E7FEE702230293B8F1100F64
:102F70000CD8DFE808F02D2D0C11131517191B1DA7
:102F80001F21232527292B000123EEE7FEE701233C
:102F90000593022301931EE00223F9E70323F7E7D9
:102FA0000423F5E70523F3E70623F1E70723EFE71B
:102FB0000823EDE70923EBE70A23E9E70B23E7E71B
:102FC0000C23E5E70D23E3E70E23E1E70F23DFE71B
:102FD000B8F1000FDDD1B9F1000F02D02846FFF79C
:102FE00051FF053C042C05D8DFE804F0030B040373
:102FF0000B00AE62694628460BF00CFB07B0BDE83B
:10300000F083AE61F6E713B54FF0010C0024CDE973
:10301000004CFFF773FF02B010BD000030B587B061
:10302000002315460446ADF80630FFF747FF042D90
:1030300004D8DFE805F02E3204363F00FEE71E4BD1
:103040001E4A1B68B3FBF2F39BB20022CDE90221BA
:10305000013B01A92046ADF80430049205920BF023
:10306000ADFD236823F080032360A36823F4A0331D
:1030700023F00703A360636823F070036360636851
:1030800023F470036360A36823F08003A36007B098
:1030900030BD094B0A4A1B68D4E7074B094A1B6835
:1030A000D0E7054B064A1B68B3FBF2F303EB83033F
:1030B0005B00C9E70123C8E76C02002080A8120169
:1030C00040420F0000127A0010B50446FFF7A6FF39
:1030D000236843F00103236010BD00224FF0FF314D
:1030E000FFF7F2BF204B10B5204C5B6823600AF05D
:1030F000F7FB4FF090400BF04FFA1D480BF04CFAE5
:103100001C480BF049FA1C480BF092FD1B480BF0D1
:103110008FFD1B480BF0F4FC0BF032FC4FF0E0226B
:1031200000234FF0B0411361536193618A6822F02C
:10313000030242F001028A6072B64FF0FF319A003A
:1031400002F1604202F561420133082BC2F880109F
:10315000C2F88011F3D162B6034B1B6883F3088871
:1031600023689847FEE700BF0000FF1F000600200D
:1031700000040048000800480038014000440040B6
:10318000003001400749084A881AEFF30883521AB1
:103190001A44013A013B984288BF0022AA210DF04F
:1031A000FCBD00BF0000012000040000044B5A6970
:1031B000586910F0020018BFC2F38000704700BFCA
:1031C000000400584FF0B042D2F8943043F400436A
:1031D000C2F894304FF47A7300BF013B9BB2002BCE
:1031E000FAD14FF0B043D3F8942022F40042C3F850
:1031F0009420D3F894205204FBD40C4BD3F89020A5
:1032000022F40042C3F890204FF47A7200BF013AD2
:1032100092B2002AFAD1D3F8902042F40042C3F8C7
:1032200090204FF400629A61704700BF000400587C
:1032300010B50323052220214FF09040FFF7E3FE55
:10324000BDE810400323052210214FF09040FFF706
:10325000DABE08B5FFF7AAFF003818BF012008BD85
:1032600008B5FFF7F6FF00B908BD00BFF9E74FF05A
:10327000904310229A6220229A6170474FF0904347
:1032800020229A6210229A6170470000024B4FF48C
:1032900080225A60704700BF00E100E0034800232D
:1032A00003224FF40051FFF7AEBE00BF00040048F8
:1032B000034B186980F40050C0F34030704700BFE2
:1032C0000004004810B50F4C002305224FF40041C4
:1032D0004FF09040FFF797FE204600230622202162
:1032E000FFF791FE00231A4620464FF40041FFF7F6
:1032F0008AFEBDE810400023052201214FF09040D6
:10330000FFF781BE0004004805494B691A04DB43FE
:1033100002F4001203F0200313438B61704700BFD7
:10332000000400480C4BD3F8FC2022F08072C3F854
:10333000FC20D3F8FC2042F08072C3F8FC20A3F5F7
:103340005D431A6822F001021A601A6842F0010215
:103350001A6000225A60704700ED00E00649074BF2
:10336000074A1B68B3FBF2F310B54C6843434A6845
:10337000121B9A42FBD310BD001000E06C0200202B
:1033800040420F001FB50223CDE9013101A80123FE
:10339000694603930AF00EFC00280CBF04200520A8
:1033A00005B05DF804FB014608B501200AF0BCFB3E
:1033B00000280CBF0420052008BD08B5FFF7E2FF78
:1033C000031F5842584108BD08B5FFF7ECFF031F23
:1033D0005842584108BD00002DE9F047294B2A4DBD
:1033E00001280E4614462949294A0FBF7927782714
:1033F000AA461D4606BF88469A4690460AF048FBF4
:1034000039462846FFF7D9FF28B900240AF052FBB5
:103410002046BDE8F087002E08BF4FF4FC64073457
:1034200024F0070405F11007B1463444AAEB050A5D
:10343000A1450BD14FF011324FF0FF332846FFF773
:10344000C3FF041E18BF0124A400DFE76EB90AEB16
:103450000703D3E90023B3F1FF3F08BFB2F1FF3FF9
:1034600006D1083709F10809E2E7D9E90023F2E7B4
:10347000B84505D93846FFF7A7FF0028F1D1C4E7C2
:103480000324C3E700C0030800C80308FFCF0308F4
:10349000FFC7030810B50AF0FBFA09487821FFF7C7
:1034A0008CFF044638B107487921FFF786FF041ED8
:1034B00018BF0124A4000AF0FDFA204610BD00BF89
:1034C00000C0030800C8030830B5084D002340F2CF
:1034D000EF749AB2914201D8042030BDA34203D0C8
:1034E0005A5DC2540133F4E70320F6E710C0030825
:1034F00038B504460D4672B60A4601460020FFF76D
:103500006BFF62B6042806D172B601202A46214616
:10351000FFF762FF62B638BD38B5124B1C68D3F8AE
:103520000058B4F1113F09D1B5F1113F17D0002275
:1035300011460120BDE83840FFF74EBFB5F1113FFD
:1035400003D1002211461046F4E7FFF7A3FF042839
:1035500004D12C4001340CBF0220012038BD0420CE
:10356000FCE700BF00C00308044B9A689107FCD534
:1035700018739A68D207FCD5187B70470000015871
:1035800070B50C46451E8E18B44200D170BD15F8BA
:10359000010FFFF7E9FF04F8010BF5E708461146B4
:1035A0001A46FFF7EDBF000070B5064E04464518F9
:1035B000A54200D170BD3078FFF7D6FF04F8010BAB
:1035C000F6E700BF5002002008461146FFF7ECBFA7
:1035D00038B504464518AC4200D138BD14F8010B8B
:1035E000FFF7C2FFF7E708461146FFF7F1BF0000FB
:1035F00010B58CB02822002102A80DF0CEFB4FF0B0
:10360000B0431C4C5A6E42F001025A665B6E03F0E6
:1036100001030193019BFFF7D5FD082208924FF4A7
:103620008272002303924FF40072CDE90533CDE995
:1036300009330293079207234FF4E06202A9204660
:103640000B9304920BF080FA636823F0100363601D
:10365000636823F008036360236843F0400323603A
:10366000A3689B07FCD5237B034BFF221A700CB089
:1036700010BD00BF00000158500200201B4B10B4C9
:10368000DC69A00611D51A6891060ED518481949AB
:103690005A6A038809880133C3F30A0389B299423D
:1036A0001FBF1549D2B2CA54038010481F232206F7
:1036B000036215D503681B0612D5104B104A1988F2
:1036C000138889B29BB299420CD013880133C3F39B
:1036D0000803138013880B4A9BB2D35CDBB283626E
:1036E00010BC704710BCFEF787BE00BF004400400E
:1036F0005A3F0020583F0020583700205E410020EC
:103700005C4100205C3F00200A490B4A08B50B8849
:1037100012880133C3F3080392B29A4207D0074AD2
:10372000D05407480B80FEF74CFE012008BD002056
:10373000FCE700BF5E4100205C4100205C3F0020B0
:103740000044004038B504464518AC4200D138BDAD
:1037500014F8010BFFF7D8FFF7E708461146FFF70B
:10376000F1BF0000054B064A1B8810880133C3F3E4
:10377000080380B2181A18BF012070475E4100206C
:103780005C41002008B5FFF7EDFFB0FA80F040097A
:1037900008BD0000054B064A1B8812889B1A98B288
:1037A0001B0444BF00F5006080B270475A3F002000
:1037B000583F0020FFF7EEBF0848094A01881388E8
:1037C00089B29BB29942F9D013880133C3F30A033B
:1037D00013801388034A9BB2D05C70475A3F002085
:1037E000583F002058370020FFF7E6BF70B588B07B
:1037F0000C46064615460021202268460DF0CDFAFB
:10380000231E18BF01231B03CDE9023569460C2393
:1038100003480196049405930BF02EFA08B070BD8E
:103820000044004010B5064C236823F001032360D8
:10383000FFF7DCFF236843F00103236010BD00BFE6
:1038400000440040002208461146FFF7EBBF00008D
:1038500073B5314C236823F001030825236001264A
:103860004FF40030FEF780FD0421CDE9005603231C
:103870000A224FF09040FFF741FB03231A462946E6
:10388000CDE900564FF09040FFF738FB002211467B
:103890004FF4E130FFF7AAFF636823F490436360BD
:1038A000A36823F02A03A3601C4BB02283F82523CE
:1038B00020225A602046FEF79FFDFEF794FD40232C
:1038C0002362174B00211980164B1980FEF782FDE9
:1038D000154B1980154B1980636823F400636360EE
:1038E000A36823F00803A360636823F48043636044
:1038F000A36823F02203A360A36843F48053A3606A
:10390000236833432360E3699A02FCD5E3695B02D1
:10391000F9D502B070BD00BF0044004000E100E0F6
:103920005C4100205E410020583F00205A3F0020AB
:1039300008B5FFF78DFF0348436ABDE80840FEF76E
:1039400037BD00BF00440040FFF7F2BF1B4B10B46F
:10395000DC69A00611D51A6891060ED518481949D8
:103960005A6A038809880133C3F3080389B299426C
:103970001FBF1549D2B2CA54038010481F23220624
:10398000036215D503681B0612D5104B104A19881F
:10399000138889B29BB299420CD013880133C3F3C8
:1039A0000A03138013880B4A9BB2D35CDBB2836299
:1039B00010BC704710BCFEF71FBD00BF00380140AF
:1039C000624300206043002060410020664B0020DD
:1039D000644B0020644300200A490B4A08B50B8859
:1039E00012880133C3F30A0392B29A4207D0074AFE
:1039F000D05407480B80FEF7E4FC012008BD0020EE
:103A0000FCE700BF664B0020644B002064430020AD
:103A10000038014038B504464518AC4200D138BDE5
:103A200014F8010BFFF7D8FFF7E708461146FFF738
:103A3000F1BF0000054B064A1B8810880133C3F311
:103A40000A0380B2181A18BF01207047664B002085
:103A5000644B002008B5FFF7EDFFB0FA80F0400995
:103A600008BD00000848094A0188138889B29BB242
:103A70009942F9D013880133C3F3080313801388E4
:103A8000034A9BB2D05C7047624300206043002031
:103A900060410020FFF7E6BF70B588B00C460646CF
:103AA00015460021202268460DF077F9231E18BF25
:103AB00001231B03CDE9023569460C230348019617
:103AC000049405930BF0D8F808B070BD003801409D
:103AD00073B5304C236823F00103236008250126C9
:103AE0004FF48040FEF758FC4021CDE900562A48AB
:103AF00003230A22FFF702FA03231A46CDE90056F0
:103B000025488021FFF7FAF9002211464FF4E130F1
:103B1000FFF7C2FF636823F490436360A36823F058
:103B20002A03A3601D4BB02283F8242310225A607D
:103B30002046FEF761FCFEF756FC40232362184B3B
:103B400000211980174B1980FEF744FC164B198091
:103B5000164B1980636823F400636360A36823F045
:103B60000803A360636823F480436360A36823F0C1
:103B70002203A360A36843F48053A3602368334304
:103B80002360E3699A02FCD5E3695B02F9D502B0D0
:103B900070BD00BF003801400004004800E100E0B3
:103BA000644B0020664B00206043002062430020ED
:103BB00008B5FFF78DFF0348436ABDE80840FEF7EC
:103BC000F7BB00BF00380140FFF7F2BF024B1A6895
:103BD000024B1A60704700BF784B0020100C002089
:103BE000054A064B1968136899421DBF013301202D
:103BF00013600020704700BF100C0020784B00209D
:103C0000034A044B11681B780B441360704700BFD4
:103C1000784B002070020020014B1868704700BFED
:103C2000784B00200148FFF758BA00BF004401401C
:103C3000014B586A80B270470044014008B5FFF755
:103C4000F1FFBDE80840FFF7C1BF0000044BDA6890
:103C500022F00202DA606FF002021A61704700BFC0
:103C600000440140002208B50260FFF7EFFF044B5B
:103C7000F02283F81C234FF080521A6008BD00BF69
:103C800000E100E008B5036853B1FFF7DFFF054B23
:103C90005A6A114489B25963DA6842F00202DA6062
:103CA00008BD00BF00440140074B1A69920709D5BF
:103CB0006FF002021A61DA6822F00202DA60034B46
:103CC0001B681847704700BF004401404C33002078
:103CD0002DE9F0411E4CDFF87C80C4220021201D1C
:103CE0000DF05BF81623062663800F23A38032466F
:103CF00043234146A0192680FDF776FE164A192374
:103D0000C4E913233F2300250227A4F85830324684
:103D10004323414604F15A00A4F84A706565FDF753
:103D200063FE4FF480330D49C4F8A03004F1B000B5
:103D3000C4E92A55A4F89E7084F8A4500DF0ADF99A
:103D40007F2384F8C530052384F8C630BDE8F081B0
:103D500038050020EC3201080F000300291F01087C
:103D600070B5094E05460C46415C30460DF02CF806
:103D7000034628B1831B0133DBB2282B28BF002365
:103D8000F35C2B5570BD00BF5C3A010870B50C4662
:103D9000114606460DF081F944B100250521304653
:103DA0000135FFF7DDFFEBB29C42F7D870BD000094
:103DB00073B5054605F111061F4C204A0146360130
:103DC0006846FFF7E3FFB01C694620440DF065F933
:103DD000264404EB0511002302227272A1F81A3165
:103DE000142101FB054001254FF00111C0E91351D9
:103DF000A1F1FF21416540F20111A0F84A20A0F88D
:103E000058104FF48070A0624FF4007084F8343082
:103E1000E284A08584F82E5084F8302084F8333072
:103E2000C4F83A30C4F83E30C4F84230A4F8461022
:103E3000A4F8481002B070BD7C030020E41E010805
:103E40002DE9F3410546A54CA54A05F111074FEAB6
:103E500007180E4601466846FFF798FF08F1020072
:103E6000A04469462044FDF7E1FC98F80930072B8F
:103E700084BF022388F8093004EB0710994B427A7B
:103E8000198841FA02F2D20710D40222427269B1B3
:103E90004807C1F3800209D441FA02FC1CF0010F6B
:103EA000D0B200F0A68104EB0712507204EB0512A9
:103EB000280192F81A11052902D9002182F81A1155
:103EC00004EB000C59889CF81A2141FA02F2D2073F
:103ED00013D401228CF81A2179B111F0020FC1F329
:103EE00040020AD141FA02FE1EF0010F5FFA82FC85
:103EF00000F08481221882F81AC1221892F81B114E
:103F0000032902D9002182F81B1104EB07177A7AE2
:103F1000012A03D9042A01D000229A8027189988FF
:103F200097F81B2141FA02F212F001020FD187F833
:103F30001B2161B111F0010209D141FA02FC1CF010
:103F4000010FD7B200F05F81221882F81B71002E9A
:103F500040F09F81142202FB054191F84A60052E32
:103F600002D9022681F84A6002FB054292F84B1002
:103F7000042902D9002182F84B10142202FB0542C9
:103F8000B3F84A1092F84B6041FA06F6F60712D4DD
:103F9000012682F84B6071B18E07C1F340020AD44A
:103FA00041FA02F7FF07D6B240F13281142202FB38
:103FB000054282F84B60142202FB054292F84C1035
:103FC000032902D9012182F84C10142606FB05466C
:103FD000B3F84C1096F84C2041FA02F212F00102AC
:103FE00010D186F84C2069B111F001020AD141FAD2
:103FF00002F7FF07D6B240F11081142202FB0542FE
:1040000082F84C60142202FB054292F84E100129FE
:1040100002D9002182F84E10142606FB0546B3F89B
:104020004E1096F84E2041FA02F212F0010210D121
:1040300086F84E2069B111F001020AD141FA02F767
:10404000FF07D6B240F1EE80142202FB054282F84F
:104050004E60142202FB054292F84F10042902D947
:10406000002182F84F10142606FB0546B3F85020B5
:1040700096F84F1042FA01F111F0010110D186F8C3
:104080004F106AB112F001010AD142FA01F7FF079D
:10409000CEB240F1CC80142101FB054181F84F6084
:1040A000142101FB054191F85160032E02D900262D
:1040B00081F85160142707FB0547B3F8526097F861
:1040C000511046FA01F111F0010119D187F8511090
:1040D000B6B116F0010113D106E000BF7C03002049
:1040E000E41E01083805002046FA01FC1CF0010F0F
:1040F000CFB200F0A180142101FB054181F851707D
:10410000142101FB054696F85070022F02D90127B1
:1041100086F8507001FB054191F85460022E02D9D7
:10412000012681F85460142101FB054696F84D7074
:10413000022F02D9002786F84D7001FB054191F846
:104140005260012E02D9012681F85260142101FB30
:10415000054696F85570012F02D9012786F855704B
:1041600001FB054191F85360022E02D9002681F827
:104170005360142707FB0547B3F8566097F85310B0
:1041800046FA01F111F0010110D187F853106EB118
:1041900016F001010AD146FA01FC1CF0010FCFB262
:1041A0004FD0142101FB054181F85370142101FB0C
:1041B000054696F856700C2F02D9002786F85670DF
:1041C00001FB054191F84C60012E08D191F84F6038
:1041D000042E04D1D70738D5002281F84F201422AD
:1041E00002FB054292F84F10A1BB92F85120012A20
:1041F00035E00132102A7FF44FAE57E60132102A23
:104200007FF470AE79E60132102A7FF496AE9EE616
:104210000132102A7FF4C4AECDE60132102A7FF4B9
:10422000E6AEEFE60132102A7FF408AF11E7013164
:1042300010297FF42AAF33E7013110297FF454AFFE
:104240005EE701311029A6D1B0E712F0040218BFD1
:104250000222C2E701290AD192F85120022A01BFA5
:10426000142202FB0542002182F8511007E00229C6
:1042700003D192F85120032AF1E70329B5D0142283
:1042800002FB0542012182F8571040F20111A2F809
:10429000581094F82620052A02D9022284F82620F4
:1042A00094F82720042A02D9002284F82720B3F8A2
:1042B0009E1094F8272041FA02F2D7070ED401226B
:1042C00084F8272051B18E07C1F3400206D441FA89
:1042D00002F7FF07D6B244D584F8276094F8282067
:1042E000022A02D9002284F8282094F82920022AE0
:1042F00002D9012284F82920B3F8A01094F82920CB
:1043000041FA02F212F001020CD184F8292049B1DD
:1043100011F0010206D141FA02F7FF07D6B224D507
:1043200084F8296094F82A200C2A02D9002284F803
:104330002A2094F832200C2A02D9002284F8322054
:1043400094F82B20042A02D9002284F82B20002282
:104350004749164611F9017F17F1780F09DA0E70F7
:1043600009E00132102AB2D1B8E70132102AD2D1C5
:10437000D8E7782FF3DC0132D2B20C2AEAD13D49DA
:104380000022012611F8017F0132022FD2B288BF2C
:104390000E70042AF6D194F83420022A02D90022A1
:1043A00084F83420B3F8A22094F8343042FA03F3AE
:1043B00013F001030CD184F834304AB112F0010338
:1043C00006D142FA03F6F607D9B211D584F83410B3
:1043D00094F82C30022B02D9002384F82C3094F866
:1043E0002D30032B08D80AD1002384F8343006E09E
:1043F0000133102BE5D1EBE7022384F82D3094F83C
:104400002E30022B02D9012384F82E3094F830305C
:10441000022B02D9022384F8303094F833300C2B6D
:1044200002D9002384F8333094F83530042B02D9B4
:10443000002384F83530104B18444FF6FF71A0F874
:1044400020111421FF2201FB053183F82F2083F86E
:1044500031204FF0FF32C0F81C211A629A84A1F873
:104460005A20A1F85C20DA861A8702B0BDE8F081F4
:10447000B5030020C10300207C0300200021FFF7CA
:10448000DFBC01210020FFF7DBBC0000034670B554
:104490000846052B04D8DFE803F01D0421191D216F
:1044A000FEE720261F250F22174CA3702277013B21
:1044B0000122A4F84C60A4F84E50A276A273042BFB
:1044C00010D8DFE803F010181B1B180009266F2511
:1044D0000722E9E7142632250A22E5E735261325C7
:1044E0001922E1E7FEE7002323712374FDF752FC54
:1044F0006073607670BD22712274F7E70023237128
:104500002374A376A373F1E7FC020020044B01227D
:1045100083F85520A3F85620A3F85820704700BF11
:10452000FC0200202DE9F043954D964C00F1110856
:1045300005EB081702378BB006463846FDF792F9AF
:10454000042100906846FDF785FF05EB0613E08324
:1045500093F81B314FEA06192BB103EB031303EB5E
:1045600003231844E08305EB08135B7A062B40F025
:10457000E380E38B03F5B5432533E383142303FB87
:10458000065305EB081893F84B00FFF7BFFF98F8A8
:10459000091061708B1FA944012B8CBF00230123DC
:1045A00099F81A0184F85A30FFF770FF99F81B2127
:1045B000E18B009BE1806182A36063612AB14FF0CF
:1045C000113000FB0233A3606361142303FB065325
:1045D000616293F84A006C4B84F8292013F920306B
:1045E00023732376002384F82A30637B23B938466B
:1045F000FDF758F984F82A006078FDF7CBFB634A91
:1046000084F82800128802F00101970748BF41F0A2
:104610000201A1850346500742BFA18D41F004016C
:10462000A185110742BFA18D41F01001A185D706D8
:1046300042BFA18D41F02001A185900642BFA28D0D
:1046400042F00802A285524A01AF02F1200E106822
:104650005168BC46ACE80300083272456746F6D1A3
:104660001068CCF80000A2784A4F06210AA801FB86
:104670000303134413F8248C84F8208017E90F00F7
:1046800087E80F0040F2E2434046A4F85030FCF7C0
:1046900087FA4FF07F51FCF7D7FAFCF7D7FCB4F854
:1046A0004C204FF47A73B3FBF2F3A4F84030142398
:1046B00003FB06534FEA5808B8F1050F93F8503042
:1046C000C0B238BF4FF00508A4F8520084F85480F7
:1046D000002B39D0022B14BF4FF4E1334FF4613378
:1046E0006364142303FB065393F854307BB3022B0B
:1046F00014BF4FF4E1334FF46133A364002384F813
:104700005B3084F85D30142303FB065696F84C307A
:10471000032B03D096F84F20042A02D1012284F8FB
:104720005B20591E4A424A4184F85C2094F85B2081
:1047300082B1012B0ED1FEE7072B7FF41FAFE38B75
:10474000A3F5B543263B18E74FF46143C8E74FF4A0
:104750006143D2E72178142000FB015595F84C10F5
:10476000022907D1012184F85D1022B194F85D304F
:104770001BB1FEE70AB9012BF8D00BB0BDE8F083FE
:104780007C030020FC020020EC32010838050020E8
:104790001C1D01082C03002002484FF4DE72FF218B
:1047A0000CF0FBBA7C03002002484FF4DE71FEF7E8
:1047B0009FBE00BF7C03002002484FF4DE71FEF76D
:1047C00083BE00BF7C03002008B5FFF7F5FF034B55
:1047D0001878BDE80840FFF751BE00BFFC0200207A
:1047E000F8B5FFF7D9FFFEF797FE04280CD0FFF7C6
:1047F000D3FFFEF791FE042803D1FFF7DDFF042865
:1048000006D0FFF7C9FF03E0FFF7D6FF0428EED17B
:104810004F4950484F4C10220CF0E3FA38B14E4942
:10482000102220460CF0DDFA08B1FFF7B5FFA38A8D
:1048300042F6A102934266D042F6A002934258D8B3
:104840000021444B022504260F46012093F84F20F7
:10485000012A1ED0022A1FD00ABB93F85020042A36
:1048600020D0052A20D0033A18BF012201310A299D
:1048700083F8502083F8540003F11403E6D194F830
:104880002C30042B12D0052B31D0002384F82C308F
:104890000EE083F84F50E0E783F84F60DDE783F8E0
:1048A0004F70DAE70122E1E70222DFE784F82C000B
:1048B00042F6A103A382012522692549254842F633
:1048C000A2039A424FF010021CBF236101250CF095
:1048D00088FAD0B11E491F481022FDF703F91F497D
:1048E0001F480822FDF7FEF8FFF75EFF0FE00223E6
:1048F000CCE70025E8B20135FFF75AFA0A2DF9D1C5
:104900000023E377D4E70025D6E7002DECD1E37F41
:10491000104A092B84BF0023E377E17F1420002392
:1049200000FB0144013394F84C0082F84C000A2B40
:1049300002F11402F6D10B4C2170FFF7C9F920786F
:10494000FFF79CFD2078BDE8F840FFF7EBBD00BF06
:10495000EB1E01087C030020FC1E01080D1F01084E
:104960002E050020FC0200200129F7B5054600D9DC
:10497000FEE70B4E06EB01131C460F016278F15D5A
:1049800003619B780AF08AFCE3790193A379009391
:1049900022796379E17828460AF0A7FC03B0F0BDDC
:1049A000C450010838B5836804466BB1024652F81A
:1049B000183BDD6900F11903A847217E2046022239
:1049C000BDE838400AF0F3BC38BD000070B5816026
:1049D000897A86B0044601B101210AF038FC2046EC
:1049E0000AF0B7FD20460AF08FFD217BFF2903D096
:1049F000FA2220460AF094FDA3685B7A013B042B5F
:104A000004D8DFE803F0043E3E414100FEE7E9221E
:104A1000E12120460AF0C2FD012120460AF051FDA5
:104A2000962120460AF08EFD382120460AF0A0FD8E
:104A300020460AF0A5FDA368204693F90810FFF769
:104A4000B1FFA3689D7A15B319782046FFF78CFF54
:104A50000022114620460AF014FC0023009340F285
:104A6000032220464FF6FF710AF06EFC20464FF6F7
:104A7000FF710AF090FC204606B0BDE870400AF0D5
:104A800030BDDB22D721C4E76F226B21C1E75E88EE
:104A90000E4B63614CF25033009320460C491923AE
:104AA0000B220AF089FD0123CDE903335B23CDE915
:104AB0000153102319462046009504220AF0BAFD3E
:104AC000314620460AF0DAFDC2E700BFA4500108D3
:104AD000A086010010B504460AF003FD20464FF6FB
:104AE000FF71BDE810400AF056BC000038B581687F
:104AF000036891F90810DD69044600F1190300F11B
:104B00001802A847A3689A7A42B11A78012A00D9F4
:104B1000FEE7044B03EB0213236138BD024B6361D4
:104B2000FBE700BFC4500108A450010810B50A4CAF
:104B3000A06858B1236923B9636913B92046FFF708
:104B4000D5FFA3689B7A23B123699868A0F57A7092
:104B500010BD63699869F9E72C320020836810B5AD
:104B6000044683B103691BB943690BB9FFF7BEFF64
:104B7000A3689B7A1BB12369B3F90C0010BD63696C
:104B8000B3F91C00FAE71846F8E7836810B5044645
:104B900043B103691BB943690BB9FFF7A7FF94F948
:104BA000190010BD1846FCE708B5836843B9FFF744
:104BB0000DFF7D20FEF7D2FBBDE80840FEF766BB87
:104BC00008BD000090F8D43053B190F8D520074BC1
:104BD00003EBC20153F83230497953F82100704792
:104BE000037C00EB8300406B704700BFBC320108C0
:104BF00038B51546044604EB8504084606490CF012
:104C00004CFA606BFBF7C8FF0449FCF71DF80AF08B
:104C10007BFEFCF71BFA38BD131F010800007A3A2F
:104C20002DE9F3419DF824701646402F88464FF039
:104C30005B024FF0000104461D4628BF40270CF0E0
:104C4000ACF8904BDB8B23803278A37862F30203BD
:104C5000A3707178C90001F00801DBB203F007030B
:104C600041EA08111943A1707279E37862F30003F5
:104C7000E370B279637962F38613637196F9020087
:104C8000FCF701FDE37860F34703E370F2792379E1
:104C900062F300032371327A62F34603237132799F
:104CA000DBB202F0010203F07F0343EAC213237177
:104CB00032796379C2F3450223F03F0313436371F2
:104CC000A37967F34703A3712B78AA78E3716B7814
:104CD00002F01F0203F0070343EAC20323726A884B
:104CE000637AC2F3451223F03F03134363722A79B8
:104CF000DBB202F0030203F03F0343EA8213637264
:104D0000AB88C3F38703A3726A79E37AC2F38002A4
:104D100023F001031343E372AA79DBB202F07F02AE
:104D200003F0010343EA4203E372EA88237BC2F300
:104D3000C31223F00F03134323732B7AAA7AE3736E
:104D40006B7A02F01F0203F0070343EAC2032374E5
:104D50006A89637CC2F3451223F03F0313436374F3
:104D60002A7BDBB202F0030203F03F0343EA821323
:104D70006374AB89C3F38703A3746A7BE37CC2F3D8
:104D8000800223F001031343E374AA7BDBB202F039
:104D90007F0203F0010343EA4203E374EA89237DBF
:104DA000C2F3C31223F00F03134323752B8ADB08CE
:104DB00063756B8ADB08A375AB8ADB08E375EB8A46
:104DC000DB0823762B8BB3F5C06F4ED2B3F5007F93
:104DD00094BF00230123227B63F3051222736B8BA4
:104DE000B3F5C06F43D2B3F5007F94BF0023012316
:104DF000227B63F387122273AB8BB3F5C06F38D27B
:104E0000B3F5007F94BF00230123227D63F30512D5
:104E10002275EB8BB3F5C06F2DD2B3F5007F94BF35
:104E200000230123227D63F38712089B22751F4410
:104E300004F11802BB4220D14FF6FF7321460DF159
:104E400006000D22ADF80630FDF7ECFA2146BDF85C
:104E5000063021F80D3F4C22FDF7E4FABDF806308C
:104E6000A4F8593002B0BDE8F0810223B3E7022371
:104E7000BEE70223C9E70223D4E713F8011B02F8B7
:104E8000011FD7E7FC02002013B59DF81040CDE9C3
:104E9000003413460A460021FFF7C2FE02B010BDDF
:104EA00013B5144B0288DB8B9A4204461DD18378DC
:104EB00003F0F003102B01D0202B18D1A379A52BE0
:104EC00015D84FF6FF730DF1060059222146ADF8B3
:104ED0000630FDF7A7FAB4F85900BDF80630C01A3D
:104EE00018BF0120800002B010BD0120FBE70220A6
:104EF000F9E700BFFC02002030B53A4B027893F886
:104F0000261061F30302027093F8271061F3071271
:104F1000027093F82810427861F30302427093F80C
:104F2000291061F30712427093F82A10827861F316
:104F30000302827093F83210827961F30302827166
:104F400093F82B10827861F30712827093F8341073
:104F5000C27961F30302C27193F82C10C27861F335
:104F60000302C27093F82D1061F30712C27093F818
:104F70002E10027961F303020271427993F8301026
:104F800061F30302427193F83310827961F30712DF
:104F9000827193F83510C27961F30712C27103F17F
:104FA000390100F10A0200F1160411F9015F02F85B
:104FB000015FA242F9D193F84610C27D61F301026C
:104FC000C27593F8471061F38302C27593F84810D5
:104FD00061F30512C27593F8493063F38712C27505
:104FE00030BD00BF7C0300200278344BC2F30302C3
:104FF00030B583F826200278C2F3031283F8272005
:105000004278C2F3030283F828204278C2F30312E5
:1050100083F829208278C2F3030283F82A20827958
:10502000C2F3030283F832208278C2F3031283F8BA
:105030002B20C279C2F3030283F83420C278C2F372
:10504000030283F82C20C278C2F3031283F82D20C8
:105050000279C2F3030283F82E204279C2F30302DD
:1050600083F830208279C2F3031283F83320C279A7
:10507000C2F3031283F8352003F1390100F10A026B
:1050800000F1160412F9015F01F8015FA242F9D1A3
:10509000C27DC2F3010283F84620C27DC2F38102C1
:1050A00083F84720C27DC2F3011283F84820C27DF5
:1050B000C2F3811283F8492030BD00BF7C03002079
:1050C0001FB58DF80C300123019303AB00931346F9
:1050D0000A460221FFF7A4FD05B05DF804FB0000BD
:1050E000F0B5274D012385F8A430044685B0B0F80B
:1050F0000900FCF79EFCC5F8A800B4F80B00FCF70B
:1051000098FC1422C5F8AC0004F10D0105F1B000C3
:10511000FCF7FAFC94F9213085F8C53094F8223078
:1051200085F8C63004F12300FFF75EFF6E4604F1F8
:10513000410304F1510718685968324603C2083325
:10514000BB421646F7D1432308220E486946FCF7B6
:10515000F3FB94F85130A5F89E3094F85230A5F83E
:10516000A03094F85330D5F8AC20A5F8A23042F620
:10517000A1039A4201D0FFF784F905B0F0BD00BF4A
:1051800038050020920500202DE9F04792B00DF17E
:1051900008084FF0400905460E46174600214A46CA
:1051A00040460BF0FAFD222342F6A2008DF80830AB
:1051B000FCF72EFCDFF880A0ADF8440042F6A10019
:1051C000FCF726FC1D4C9AF80010ADF8460004EBE5
:1051D00001110DF10A00062201F58971FCF782FC2C
:1051E0009AF8001004EB011205A892F81A3192F80F
:1051F000194103F00F0304F00F0444EA031492F87A
:105200001B3103F00F0344EA0324BDF8103023F4EC
:105210007F6323F00F031C43ADF81040FFF76CFED3
:10522000CDE900893B46324602212846FFF7F8FCCB
:1052300012B0BDE8F08700BFFC0200207C03002014
:10524000034B04491A68044801FB020018607047C8
:10525000400600200D6619005FF36E3C38B50B4A1E
:105260000B4D13782C78A34205D101332B7028788D
:1052700000F0010038BD1470FFF7E2FF6FF000434B
:1052800098423CBF01342C70F1E700BF3D0600207E
:105290003E0600200B4A0C49126882600A680261CF
:1052A0004A680A4942610A6882614A68C261002309
:1052B0004EF66022838083718381038402600385BC
:1052C000704700BF784B0020181F0108211F0108FC
:1052D00010B50E4CA36803B9FEE70D4A12791A7097
:1052E0000021204609F09CFF4FF47A70FEF736F853
:1052F0002046012109F0ABFFA36820461978FFF78B
:1053000033FB2046FFF7E6FB10BD00BF2C32002028
:10531000FC02002038B5174D0446A87869780528A6
:105320001CD14FF6FF732385FFF7B0F86B7801228D
:105330009A40238D23EA020323850F490F48FFF784
:1053400033FC0E48FFF7C6FB0C486FF07F01FFF7F8
:1053500029FB2046BDE83840FFF7BABF002323856C
:105360000220FFF793F86A7801239340228D1343BC
:105370009BB2E1E7FC020020000300202C32002059
:1053800008B590F8203002468BB9FDF791FF10B9AF
:1053900082F8210008BD92F8213001335BB2312B35
:1053A00082F82130F6DD012382F82030F2E7FDF7A4
:1053B0007FFF18B1322382F82130EBE792F82130D9
:1053C000013B5BB2002B82F82130D8BF82F820006D
:1053D000E0E70000134B90F820201B68CAB18268F8
:1053E0009B1AB3F57A6F01D9012343710379ABB1ED
:1053F0000D4B427B1B781AB1022B1CBF0322027398
:105400009A1E534253414373837953B10323037369
:1054100070478360EAE701230371F8E74379002BC3
:10542000F9D17047784B00201D0700200346007B10
:10543000821E012A4FF0000202D893F8201009B909
:105440001A7370471046704770B51D4C1D4E0546C7
:105450005B22002120460BF0A0FC2B6923606B69C6
:105460006360194B194D1B7831789A1E5342534192
:10547000627A05EB011163F30002627201F5897132
:10548000062204F10A00FCF72DFB337805EB03122A
:1054900005EB031592F81B1195F8193192F81A21B2
:1054A00003F00F0343EA02132374637C204661F385
:1054B000030359216374FCF7CDFFA4F8590070BDB4
:1054C00091320020FC0200201D0700207C030020F8
:1054D0000A4A38B5138801339BB2502B04460D4657
:1054E00001D8138038BD002305491380FDF7B8FCAF
:1054F00029462046FDF7B4FCF4E700BF140C002059
:105500007D200108154680B50C490D4E0446FDF777
:10551000A7FC29462046FDF7A3FC0A4B00221A806F
:10552000202746F2A810B762FDF718FFB761FDF714
:1055300015FF29462046FFF7CBFFF2E77D20010843
:1055400000040048140C002008B5437802789A4201
:1055500013D0052B8ABF052303700370027888BF20
:105560004370064B064813F92210064B197319763F
:10557000836813B11972FFF715FA08BDEC32010800
:105580002C320020FC02002010B50AB9437010BD77
:10559000541E0B2CFBD80332D2B231F91220C83A78
:1055A00003FB022240F2716192FBF1F212B222EA95
:1055B000E2729A42C8BF1AB24270E8E72DE9F041A0
:1055C0000D46022D1146DDF818801A4A1A4E1B4F5F
:1055D000044626D8002D0CBF384610463546012B10
:1055E000C4E9000524D0023B012B124B88BF0023E5
:1055F000A3600023C4E90337114BE3610368C4E9E6
:1056000005269B689847A06818B1036841469B68C7
:10561000984760680368BDE8F0419B684FF4E1314A
:105620001847032D15BF3846304635463D46D6E768
:10563000024BDDE764020020600200205C020020D3
:10564000680200200A46014610B9024809F0B9BDB7
:10565000704700BF2C32002070B50D4616461C4620
:10566000014688B9FDF703FE094833462A4609F08A
:1056700081FD07484FF6FF7109F08DFEA101044836
:10568000BDE8704009F0A0BE0148FFF723FA70BDE5
:105690002C32002037B50C4638B91A48836833B924
:1056A000812281F88C2081F88E3003B030BD9D7A44
:1056B000DDB101F18E020DF1060109F0BBFE94F996
:1056C0008E30002B04DABDF806201344ADF8063006
:1056D000BDF90630002B0FDB4FF6FF73ADF8063037
:1056E000BDF8063084F88C30DFE70DF1060109F0D3
:1056F000D6FF84F88E50EBE77F33F1DA4FF68173F3
:10570000ECE700BF2C32002070B5114C0D46064668
:105710005B23224621462846FFF794FFD6E906136D
:10572000206862689A4208BF88420ED120465921FB
:10573000FCF790FEB4F85940231A5C425C412846BD
:105740000449FFF7A7FF601C70BD0024F7E700BF06
:105750006C300020803100200A4608B5014601481F
:10576000FFF7D0FE00000020002303708370437019
:1057700003714371C370704703780022022B42719A
:1057800004D0032B09D0012B16D0FEE701230371AF
:10579000437183784370C370704783784278991A55
:1057A000A3EB020218BF012112F0060F14BF012261
:1057B000002201714271EDE7027170470278817039
:1057C000002A0CBF022203220270FFF7D5BF00009F
:1057D000074B282202FB00339B681A78542A05D114
:1057E0005878A0F17803584258417047002070471C
:1057F00004330108074B282202FB00339B681A7808
:10580000522A05D15878A0F1780358425841704780
:105810000020704704330108074B282202FB0033A5
:105820009B681A78542A04D15878783818BF012018
:1058300070470120704700BF0433010828230B4A3A
:10584000434310B5D1580446FFF7D4FF48B920466A
:10585000FFF7BEFF064B1B7828B103EB830301EB78
:105860008301084610BD01EB0311FAE70433010878
:10587000FC0200202E2838B505461AD80E4B2822E7
:1058800002FB00334CB21B79022B0DD0FE2B10D142
:10589000FFF7D4FF0378E4B2A3420AD0047028468D
:1058A000BDE83840FFF7B8BFFFF7C8FF90F90030F8
:1058B000F2E7002038BD00BF043301082E2838B5B8
:1058C00004460D4619D80E4B282202FB00331B79E3
:1058D000FF2B12D1FFF7B2FF06222946FCF727F96A
:1058E00058B92046FFF7AAFF29460622FCF70CF913
:1058F0002046BDE83840FFF78FBF002038BD00BF0D
:10590000043301082DE9F043074615462820394A9B
:1059100041435018012B046A87B025D15258364BA9
:105920009A4235D0A3F1CE018A4233D03349F23BBB
:105930009A4208BF0C46FF238DF800304FF0000854
:1059400001262046FAF726FC5FFA88F9484529D84F
:1059500006F118036B44AE4203F8188C30D80020CF
:10596000387007B0BDE8F083022BE4D15258224BC7
:105970009A4211D0591C8A4210D0A3F1CE018A421A
:105980000ED0A3F1F2018A420AD01D49EC3BCFE7C9
:105990001C4CD0E7194CCEE71B4CCCE71B4CCAE79C
:1059A0001B4CC8E714F809302C2B06D106F118035C
:1059B0006B44013603F8188CF6B208F10108C0E711
:1059C00005F118030DEB0305002315F8182C15F944
:1059D000175C0132D2B29918C9B2A94207EB030091
:1059E00003DB002303700120BBE7615C017001331E
:1059F000DBB2F0E704330108950400202A1F0108F8
:105A00005E1F01087B1F01082420010802200108F5
:105A1000D81F0108054B282202FB00335B6A0BB13B
:105A2000188870474FF6FF70704700BF04330108B5
:105A30000B4B282202FB003370B51E6A3046FAF782
:105A4000A9FB002201461446D5B2631CA942D8B274
:105A500000D870BD735D01322C2B08BF0446F3E7FC
:105A60000433010838B5104B282202FB00330146ED
:105A70001B79FE2B15D1FFF7CDFF04460846FFF733
:105A8000D7FF0022014601251046D3B2994200D823
:105A900038BD05FA02F323421CBF431CD8B20132C1
:105AA000F3E7FF20F4E700BF043301082DE9F04FCE
:105AB0004FF0000A1D4E93B004460F46D146D6F86B
:105AC00008805FFA8AF54FF0000B0DE018F803002C
:105AD00001920BF039F8C3B2019A202B08BF5F2363
:105AE00002F8403C0BF1010B5FFA8BF34046019347
:105AF000FAF750FB019B03F1480298426A44E5D84B
:105B000002F8409C394602A8FAF73AFB48B10AF17C
:105B1000010ABAF12F0F06F12806D0D10025284638
:105B200000E00120257013B0BDE8F08F04330108B8
:105B30002DE9F0411D4E282303FB0166044633790D
:105B4000FE2B0D46174618D0FF2B21D0022B28D153
:105B50000846FFF773FE214690F9000009F00BFAA2
:105B600035692B783BB1124920460BF01EF92946C6
:105B700020460BF01AF9012015E00846FFF75EFEFB
:105B80003B46027829462046BDE8F041FFF7BABE01
:105B90000846FFF753FE062201462046FBF7B4FFF6
:105BA000E9E700202070BDE8F08100BF0433010860
:105BB00092200108F8B5194B1646282202FB06333D
:105BC00000241A790470022A07460D4603D0FE2AE3
:105BD00013D02046F8BD93F918209142F9DB93F9D0
:105BE0001C309942F5DC4FF0000165F307013046A7
:105BF000FFF740FE01243870EBE70029E9DB30466F
:105C0000FFF716FFA842E4DD3046FFF703FF40FA36
:105C100005F313F00100E6D10446DAE70433010886
:105C20002DE9F84300230370124B1746282202FB8C
:105C3000073306461B79FF2B0C4603D00025284668
:105C4000BDE8F8830846FAF7A5FA0628F6D104F16C
:105C5000FF3804F1050918F8010FFBF7CDFD0546E3
:105C60000028EBD0C845F6D121463846FFF726FE7E
:105C70003070E4E704330108F8B5104E4FF0280CFB
:105C80000CFB0266002736790770FE2E04460B4691
:105C9000154603D0FF2E0BD0022E0DD118460AF068
:105CA000BFFE2A4601462046BDE8F840FFF782BF06
:105CB000BDE8F840FFF7B4BF3846F8BD043301082B
:105CC00010B504460846B2B9FBF7ECFD042812D81B
:105CD000DFE800F003090B0D0F00084920460BF028
:105CE000DCF9012010BD0649F8E70649F6E7064948
:105CF000F4E70649F2E70020F4E700BF612001085D
:105D0000662001086B200108702001087620010838
:105D100010B504460068FDF7A3F802492068FDF7B6
:105D20009FF810BD7C200108114B5B680360003BAD
:105D300018BF012303710023437180F88530C0F838
:105D4000883080F88C300B4BB3F84C30122B0BD9C9
:105D50001D2B0BD9312B8CBF0823052380F88D30E8
:105D60000023A0F88E3070470123F7E70323F5E7FF
:105D70005C030020FC02002090F88530682B08D8D6
:105D8000C2180133DBB2517180F88530184400230A
:105D90004371704708B50530FAF7F2F9B0FA80F0B0
:105DA000400908BD2DE9F043064691B008468846F3
:105DB0001546FAF7EFF906F1050904464846FAF7E1
:105DC000E9F9E4B2631CC7B2BB4203DB002011B0A7
:105DD000BDE8F0832246414648460BF002F8002811
:105DE000F4D1231D22461E44BA4203461BD300F1C0
:105DF00040036B44002403F8404C0028E6D09DF893
:105E000000303D2BE2D1302368468DF80030FAF7A0
:105E1000C1F92346DAB2904212D868460AF000FE71
:105E200028600120D3E716F8011F202905D0403350
:105E30006B440130C0B203F8401C0132D2B2D3E748
:105E400040326A44013312F8402C303A092AE1D931
:105E5000BCE700002DE9F0474379702B90B08046F5
:105E60000F46164671D18379202B6ED1C0790AF086
:105E700063FE00285CD000254FF0020A2C4608F192
:105E800005094846FAF786F9824522D305F1400311
:105E90000DEB0305002305F8403CC4B3E8461D465E
:105EA00018F8010B0AF050FE78550135EBB2A34209
:105EB000F6D300253D550134E4B26846FAF76AF995
:105EC0006719FFB2874206EB050334D300221A702C
:105ED0002DE008EB0A035B793D2B0ED0202B07D079
:105EE00005F140016A1C0DEB010505F8403CD5B2F7
:105EF0000AF101035FFA83FAC3E72C46F0E705F1E4
:105F000040036B4413F8400C0AF01EFE78556846B7
:105F1000FAF740F9E5B2A84207EB050304F10104E2
:105F2000EDD800220A491A7030460BF0B6F801206D
:105F300010B0BDE8F08707F140020DEB0207013514
:105F400017F8402C1A70EDB2B7E70020F0E700BF59
:105F50007F2001082DE9F0472C4E282303FB016622
:105F600088B03379FE2B04460D4620D0FF2B4BD052
:105F7000022B2DD196F9185025490068FCF77EFFB9
:105F80002846694608F0F7FF69462046FFF7C0FE3D
:105F900096F91C501F492068FCF770FF6946284697
:105FA00008F0E9FF69462046FFF7B2FE10E0084618
:105FB000FFF730FDDFF86090DFF860A08046002733
:105FC000FEB20123324629466846FFF79BFC10B912
:105FD00008B0BDE8F087BBB248FA03F3DB0711D580
:105FE00020684946FCF74AFF06F130012068C9B233
:105FF000FCF7B2FE20685146FCF740FF6946204698
:10600000FFF786FE0137DBE70549CDE704330108DA
:1060100081200108892001089120010894200108AD
:1060200098200108F0B504468BB008460D46FFF7EE
:1060300019FD254F254906462068FCF71FFF282338
:1060400003FB05772068B968FCF718FF2049206832
:10605000FCF714FF2EB91F492046FFF759FE0BB07D
:10606000F0BD0122294602A8FFF762FD206802A9BF
:10607000FCF704FF3B79FE2B03D0FF2B1AD0164907
:10608000EAE72846FFF7DAFB057814492068FCF7B1
:10609000F5FE05F130012068C9B2FCF75DFE10493C
:1060A0002068FCF7EBFE012EE9D10E492068FCF7D1
:1060B000E5FEE4E70C4B02A95A786846FFF700FEBC
:1060C0000028DCD06946F1E704330108912001087B
:1060D00094200108A7200108291F0108B720010802
:1060E000A5200108BA200108FC02002038B54A4B5F
:1060F0001A6890F88C30012B044640F08B80D0F861
:106100008830D31AB3F5FA7FC0F08480434DC0F8CD
:1061100088202846FBF773FA08F03CFF0146206808
:10612000FCF7ACFE3E492068FCF7A8FE05F1140020
:10613000FBF71EFE08F02EFF01462068FCF79EFECE
:1061400038492068FCF79AFE95F8940008F022FF81
:1061500001462068FCF792FE33492068FCF78EFE6A
:1061600095F98C0008F020FF01462068FCF786FEB8
:106170002E492068FCF782FE95F98D0008F014FF87
:1061800001462068FCF77AFE29492068FCF776FE74
:1061900095F9920008F008FF01462068FCF76EFEB2
:1061A00021492068FCF76AFE95F98E0008F0FCFE94
:1061B00001462068FCF762FE1C492068FCF75EFE81
:1061C00095F98F0008F0F0FE01462068FCF756FEB6
:1061D00018492068FCF752FE05F15000FBF7CEFD90
:1061E00080B208F0EBFE01462068FCF747FE0E493E
:1061F0002068FCF743FE05F16400FBF7BFFD80B2A9
:1062000008F0DCFE01462068FCF738FE0A4920460B
:10621000FFF77EFD38BD00BF784B002080310020A5
:10622000DC200108C9200108CC200108CF2001088A
:10623000CA200108D1200108D42001082DE9F0412D
:1062400090F88E3090B0044643B93A4A3A4B92F8EF
:106250005A105B7C394A01B15B001370DFF8DC80B7
:10626000354E002794F88D20FBB29A4208D994F855
:106270008E5098F80030AB4205D8002384F88C305B
:1062800010B0BDE8F081737C9D424DD275B92C49A8
:106290002068FCF7F3FD707C08F07CFE0146206866
:1062A000FCF7ECFD27492046FFF732FD284608F0B1
:1062B00071FE01462068FCF7E1FD23492068FCF7E8
:1062C000DDFD73190137987C08F064FE01462068F3
:1062D000FCF7D4FD1D492068FCF7D0FD06EB8503D3
:1062E000586B08F075FE01462068FCF7C7FD184999
:1062F0002068FCF7C3FD2A4608A93046FEF778FC63
:10630000694608F002FE6846FBF7FEFA2068694617
:10631000FCF7B4FD08A92046FFF7FAFC94F88E308C
:10632000013384F88E309DE7ED1A15F0FF05BDD1DD
:106330000849ADE7FC020020180C002045060020AB
:10634000D620010894270108DE200108E520010875
:10635000EF200108F520010870B5224CE569AB0675
:1063600007D523689E0604D5606A1F4BC0B21B6820
:1063700098471F232806236215D52368190612D5CE
:106380001A4B1B4A1988138889B29BB2994219D0BB
:1063900013880133C3F3080313801388154A9BB293
:1063A000D35CDBB2A3626A061AD50E4803685B06AB
:1063B00016D5FCF718F8402303620F4BBDE8704078
:1063C0001B6818470748FCF717F84023236250E87A
:1063D000003F43F0400340E80032002AF7D1E2E7F3
:1063E00070BD00BF008000405402002056370020DE
:1063F0005437002054350020580200200848094A2C
:106400000188138889B29BB29942F9D0138801336D
:10641000C3F3080313801388034A9BB2D05C704710
:10642000523500205035002050330020FFF7E6BFE2
:1064300070B588B00C460646154600211C2201A8FE
:106440000AF0ABFC231E18BF01231B03CDE9033563
:1064500001A90C23034802960594069308F05EF9FF
:1064600008B070BD0080004010B5064C236823F0D2
:1064700001032360FFF7DCFF236843F0010323607F
:1064800010BD00BF0080004013B5134C2046FBF741
:10649000A1FFE9B111484FF400524FF48061FFF7BA
:1064A000E3FF23680E4823F001032360636823F4AD
:1064B00080336360236843F00103236001210923D3
:1064C000CDE9003103231A46FCF718FDFCF75EFB0B
:1064D000012002B010BD00BF00800040A086010076
:1064E0000008004813B5134C2046FBF773FFE9B1D1
:1064F00011484FF400524FF48061FFF7B5FF236855
:106500000E4823F001032360636843F48033636023
:10651000236843F00103236001210923CDE9003101
:1065200002220323FCF7EAFCFCF730FB012002B057
:1065300010BD00BF00800040A08601000008004898
:1065400073B5384C236823F001030120236009262A
:10655000FBF716FF054601900323334800960A22F5
:106560000221FCF7CBFC03231A462F482946CDE92C
:106570000065FCF7C3FC00222C481146FFF758FFCA
:10658000236823F00053236004F1080353E8003F1D
:1065900023F0604304F1080141E80032002AF3D1FE
:1065A00004F1080353E8003F23F0606304F108029C
:1065B00042E800310029F3D11D4BA02283F82623A5
:1065C00040255D601748FBF717FFFBF70CFF194BE1
:1065D00025621980184B1980FBF7FCFE174B1980B8
:1065E000174B1980636823F400636360A36823F08A
:1065F0000803A360636823F480436360A36823F007
:106600002203A360A36843F48053A360236843F08C
:1066100001032360C3699A02FCD5C3695B02F9D503
:1066200002B070BD0080004000080048801A0600DB
:1066300000E100E05437002056370020503500209C
:10664000523500200649074A0B8812880133C3F3EC
:10665000080392B29A421EBF034AD0540B8070477F
:10666000563700205437002054350020F8B5012358
:1066700080F86C3090F8BD30044603F0FF005BB149
:1066800094F8BD5004F16C070026B3B29D4204D8C3
:10669000002384F8BD300120F8BD17F8010FFFF783
:1066A000D1FF0136F1E700000148FBF78ABE00BFC9
:1066B0000080004007B50E48FBF78CFE036823F00E
:1066C00001030360436843F400434360036843F0FD
:1066D0000103036000220923CDE9003205480323AA
:1066E0000A220121FCF70AFC03B05DF804FB00BF9D
:1066F00000800040000800480E4B07B51A680E489D
:1067000022F001021A605A6822F400425A601A68A4
:1067100042F001021A6009230022CDE90032012172
:1067200003230222FCF7EAFB03B05DF804EBFCF75D
:106730002DBA00BF008000400008004837B504466D
:10674000FFF7FEFE134B144D1A6822F001021A6087
:106750005A6842F400325A605A6842F480325A60F1
:106760001A6842F001021A6001210923CDE90031C3
:10677000284603230222FCF7C1FB022228460323FA
:106780001146FCF740FC204603B0BDE83040FFF75F
:10679000B3BF00BF008000400008004808B50023D8
:1067A00083810371C38003818372036101460448BE
:1067B000FDF758FABDE808400846FFF7BFBF00BF25
:1067C0004C330020036810B504461B689847237AB1
:1067D000082B05D90A2B03D0092B02D000232372E2
:1067E00010BD236820465B6898470028F6D008480B
:1067F000036823B1FA21FDF745FA0A23EFE72046A3
:10680000FFF758FF0B232372BDE81040FFF74CBF82
:106810004C33002001460148FFF7D4BF90170020F9
:1068200001460148FFF7CEBF24070020037A0A2B58
:1068300010B5044607D1FFF73DFF0B232372BDE8D7
:106840001040FFF731BF10BD0148FFF7EFBF00BF99
:106850002407002010B50446FFF74EFF00232372E3
:1068600010BD00000148FFF7F5BF00BF90170020E2
:106870000148FFF7EFBF00BF2407002008B5017AE9
:10688000094A0A29126801D8026108BD0169521A31
:10689000142AFAD900220272FFF72EFF0348FBF7F1
:1068A000A2FD40230362F0E7784B00200080004007
:1068B0000238C0B210289ABF014B185C0020704704
:1068C000853201083B4B0246586A137A10B580B2F4
:1068D00033B19389C31A9BB2FA2B84BF002313727E
:1068E000137A9081052B19D8DFE803F003080E33E3
:1068F0004A564F2912D1012313720FE0572901D1B3
:106900000223F9E70023F7E70023FF29937206D15A
:1069100041F204731381537E002BF3D110BD9F29E4
:106920000FD901F01F000124947282F83200FFF7A2
:10693000BFFF507218B982F84B400923DCE70523EA
:10694000DAE71829DED80029F7D003235172137231
:10695000E1E7B2F86E02B2F87242431C2340B2F88B
:1069600070429C421EBF801880F87412A2F86E32EA
:10697000937A517A0133DBB299429372DDD9CDE734
:10698000907A431C1044DBB29372C176517A9942DB
:10699000C4D801239376D0E7907A431C1044DBB22D
:1069A000937280F83210517A9942B7D2012382F85B
:1069B0004B30C2E7004401402DE9F04389B0002389
:1069C00001AFB0F868908DF804300446B846012550
:1069D000B4F86A2048461146EEB2FCF743F9A0B17C
:1069E000192D11D091451FBFA318B4F86C1093F85E
:1069F0006E30013214BF0A40002308F8013F18BF6F
:106A0000A4F86A200135E3E72E46B6B2002401342B
:106A100017F8010BA4B2FFF715FEA642F7D8012024
:106A200009B0BDE8F08370B590F8665000F14C04F1
:106A30000026B3B29D4200D870BD14F8010FFFF7D5
:106A400001FE0136F5E770B5457E044605B1FEE767
:106A5000012680F84C6090F8663033B1FFF7E3FF11
:106A600084F866503546284670BDB0F86A10B0F814
:106A70006800FCF7F7F80028F5D02046FFF79CFFE8
:106A8000F0E7027FC37E02F0070243EA02230B8095
:106A9000838BC3F3CA034B80C369C3F38A338B80F0
:106AA00090F82030C27F03F00F03DB0143EA52036A
:106AB000CB80038CC3F30A130B81036AC3F3CA337D
:106AC0004B8190F8243090F8232003F01F039B01A2
:106AD00043EA92038B81838CC3F34A13CB81C38C2B
:106AE000C3F30A030B8290F8283090F8272003F0B4
:106AF0003F035B0143EAD2034B82836AC3F38A13E9
:106B00008B82438DC3F34A03CB8290F82C3090F8EC
:106B10002B2003F07F031B0143EA12130B83C36A8C
:106B2000C3F3CA134B83C38DC3F38A038B8390F8DB
:106B3000303090F82F20DB0043EA5213CB8390F8DB
:106B4000312040F2547312F0010F14BF1A46AC22E8
:106B50000A8490F8312012F0020F08BFAC234B8456
:106B60007047437E70B504460D463BB10023037267
:106B70008E18B54203D100232372A37670BD23681B
:106B800015F8011B1B6820469847F2E70346407E34
:106B900030B568B193F8664004F0FF054CB103F1DD
:106BA0004D040C6093F866101170002283F8662083
:106BB00030BD2846FCE7000042766AB30123037625
:106BC00040F2FF11A0F86C1040F2FF710023A0F812
:106BD00072127F2180F84C30A0F86A308376A0F8DA
:106BE000683080F84B30A0F8703280F86630A0F83A
:106BF0006E32A0F8763AA0F8743AA0F8781A80F8C5
:106C0000FA3AC0F8FC3A52B9054B064A1A60064BEC
:106C1000064A1A60FFF7C2BD01760029D0D170473D
:106C2000540200201568000858020020656800081A
:106C3000F8B5477E04460D4617B100263046F8BD2C
:106C4000037E002BF9D0FFF719FEA37E03F0FF06A9
:106C5000002BF2D0A77629462046FFF712FFEDE77A
:106C6000427E10B50346E2B9007EB8B193F84C40BD
:106C700004F0FF0094B11C7983F84C200CB11A7118
:106C8000DA80DC889A790134052ADC8007D0092A69
:106C900005D0012A4FF0000305D10B7010BD012370
:106CA000FBE70020FAE71846F8E70346007E60B1EC
:106CB00093F84B2002F0FF003AB1002283F84B20FA
:106CC00093F8323003F01F030B707047F8B5064697
:106CD0000D461746002119224D300AF05EF828466D
:106CE000FFF7E6FD05F01F050446603D013402464E
:106CF00086F84D50394606F14E00E4B20AF0D5F957
:106D000086F86640F8BD000070B590F8FA4A0CB1FC
:106D1000002070BDB0F8745AB0F8763AEE1AB2B2EC
:106D2000360444BF803292B2002AF1D00D4A166870
:106D3000427E22B1D0F8FC2A921B092AE8D900220F
:106D40009D42C0F8FC6A80F8FA2A08D0C2180133C4
:106D500092F87A4AB0F8782A1340A0F8763A0C7084
:106D60000120D6E7784B002010B52C4C86B01822B5
:106D7000002168460AF011F8237829488DF806307A
:106D8000FDF7ECFEADF800002548FDF7FEFE9DF88E
:106D9000073094F855208DF8030062F303038DF853
:106DA0000730204B93F8A4205AB39DF8052042F0F9
:106DB00001028DF8052093F8C52093F8C6308DF8B0
:106DC000042003F00F039DF80720174863F3071210
:106DD000164B8DF807201B799DF802205B0043F0CD
:106DE000010322F0030203F0030313438DF8023082
:106DF0006A462F230B218DF80830FFF767FF06B096
:106E000010BDBDF8043023F4FF7323F0010343F0F9
:106E10007F03ADF804300523D5E700BFFC02002056
:106E20002C32002038050020901700204806002052
:106E30007FB518220021684609F0AFFF42F6A20094
:106E4000FAF7E6FDADF8000042F6A100FAF7E0FD22
:106E50000749ADF80200142201A8FAF743FE0548DD
:106E60006A460421FFF732FF07B05DF804FB00BF5C
:106E7000FD2001089017002010B5134C86B0182291
:106E80000021684609F089FF94F8A430C3B1D4F812
:106E9000A800FAF7BDFDADF80000D4F8AC00FAF791
:106EA000B7FD1422ADF8020004F1B00101A8FAF711
:106EB00019FE06486A460521FFF708FF06B010BD17
:106EC00003491422F2E700BF380500209017002084
:106ED000291F01082DE9F04F0C463549282303FBF3
:106EE000041189B007462046FEF794FD0B79D1F8CE
:106EF0002080FE2B814603D14FF6FF73984206D1C6
:106F00004146384609B0BDE8F04F0AF0C6B8204601
:106F1000FEF794FC002590F800B02E46AA462C46B9
:106F2000EAB240460192F9F735F9019A01309042F0
:106F30004FF02D0102D809B0BDE8F08F18F802001B
:106F40000AF1200CEC440AF101032C28DBB20CF806
:106F5000180C00D040BB5E4503D049FA06F0C007CC
:106F600018D50DF1080E0022D0B254FA82FC8342EB
:106F70005FFA8CFC08D85444013404F0FF04013655
:106F8000502CF6B20FD9FEE71EF8010B07F80C00E3
:106F90000132E9E73955631CDBB218F80220FA54D4
:106FA0000234E4B2EBE7002301359A46B8E700BFAC
:106FB00004330108044B1870044B054800220721D4
:106FC0001A70FBF743BE00BFD82F0020D92F002036
:106FD0000422002008B50B78033B082B20D8DFE8FB
:106FE00003F010050C1F1A1F1F1F0E00042100F6CE
:106FF0007420BDE80840FBF729BE0521F7E70B2107
:10700000F5E7042100F67420FBF720FE0521FBF7CD
:107010001DFE0B21EDE7BDE808404878FFF7CABF29
:1070200008BD000070B56E4D2C782E2C86B00ED9A0
:1070300018220021684609F0B0FEFF2369488DF848
:1070400000306A460721FFF741FE06B070BD664E6C
:10705000317800294BD1022333701822634E6846E1
:1070600009F09BFE282303FB04638DF800401B7985
:10707000FE2B27D0FF2B2DD0022B09D10123204638
:107080008DF80130FEF7DAFB90F900308DF8123000
:107090002B78282202FB03660DF10200B168102252
:1070A000FAF720FD4F4807216A46FFF70FFE2978BF
:1070B0004F48FFF70FFF4F48072106B0BDE870406B
:1070C000FBF7C4BD042320468DF80130FEF7B6FB64
:1070D0000378DBE7052320468DF80130FEF7AEFB91
:1070E000062201460DF11200FAF7FCFCD0E7022956
:1070F00042D1002118226846317009F04EFE3B4B08
:107100008DF80040282202FB04331A79022A0DD0A0
:10711000FE2A1BD06A4608213248FFF7D7FD337894
:10712000002BC8D12B7801332B708EE71A7D8DF898
:1071300005201A7E8DF801201A7F8DF80320196929
:1071400006220DF10700FAF7CDFCE3E75B6A83B195
:107150001B882749ADF8013015220DF10300FAF71D
:10716000C1FC2348F9F716F8142884BF03233370B1
:10717000D0E74FF6FF73ECE7032917D1002118225F
:107180006846317009F009FE1B498DF8004017224E
:107190000DF10100FAF7A6FC1548F8F7FBFF2B28C4
:1071A00084BF042333706A460921B5E783D90021DF
:1071B00018226846317009F0F0FD0DF101000F4909
:1071C0008DF800401722FAF78DFC9DF80030054835
:1071D000803B6A4609218DF80030FFF777FDA1E773
:1071E000D82F002090170020D92F00200433010849
:1071F000DA2F002004220020EF2F0020063000208C
:1072000010B500230B70024600782E280C4611D8CA
:10721000094B282101FB00331B79FF2B06D0B2F963
:107220000110FEF727FB2070012010BD511CFEF756
:1072300045FBF8E71846F8E7043301080438072847
:107240000DD8DFE800F004060C080C0C0C0AFFF760
:10725000EFBDFFF711BEFFF7E5BEFFF785BD704735
:1072600038B5530705460C460BD422F0004222F0F5
:107270003F0222B12549BDE8384009F00EBF24493C
:10728000F9E7244909F009FFA10702D52249284658
:10729000F1E7A20601D52149F9E7630501D52049A7
:1072A000F5E7200401D51F49F1E7A10501D51E49E5
:1072B000EDE7A20301D51D49E9E7230601D51C49E5
:1072C000E5E7E00501D51B49E1E71B4BA34301D1ED
:1072D0001A49DCE76103FBD4E20301D51849D6E77C
:1072E000230501D51749D2E7E00601D51649CEE7B7
:1072F000610701D51549CAE7220701D51449C6E738
:10730000E30201D51349C2E738BD00BF0F210108D0
:1073100014210108172101081C210108212101085D
:1073200024210108292101082E2101083321010807
:10733000E52B0108D82D01081000010038210108B3
:107340003D210108452C0108422101084521010881
:107350004A2101084E21010810B5142204460021DB
:107360002A3009F01AFD002384F8F7324FF07F42EB
:10737000A4F8FC3284F8FE32C4F80033FF23C4F8CA
:10738000F82284F8043310BD0B68C0F890304B68C5
:10739000C0F894300B7A80F89830012380F82D30B3
:1073A00080F8333090F89630DB0980F8FE32704771
:1073B000993001F1280351F8042B40F8042B99422D
:1073C000F9D10B8803808B788370704710B500F17A
:1073D000C40301F1340251F8044B43F8044B9142C9
:1073E000F9D1012380F82E3010BDF83001F11C03D3
:1073F00051F8042B40F8042B9942F9D10B78037013
:10740000704710B500F2151301F11C0251F8044B3E
:1074100043F8044B9142F9D1012380F8323010BD7A
:1074200010B500F2311301F11C0251F8044B43F87E
:10743000044B9142F9D140F201134385012380F8B6
:10744000303080F8F93290F8FE3253B990F8FD32BE
:107450003BB9D0F83931C0F85332D0F83531C0F8E3
:107460004F3210BD00F2671001F1100351F8042BE8
:1074700040F8042B9942F9D10B880380704700F241
:107480004D1001F1180351F8042B40F8042B9942D8
:10749000F9D10B880380704710B500F2791301F120
:1074A000140251F8044B43F8044B9142F9D10123E3
:1074B00080F83130D0F8993013F0100308D0D0F8AC
:1074C0009D3013F010031CBFD0F8A130C3F300139C
:1074D00080F83D3010BD0B7B192B30B51FD1CA7A17
:1074E00090F8FB329A421AD891F82630012B16D028
:1074F0000B4600F28D1201F1240453F8045B42F8AC
:10750000045BA342F9D11C8814809B7893700123FB
:1075100080F8323080F8FA32CB7A80F8FB3230BD16
:1075200000F5DA7001F1140351F8042B40F8042B34
:107530009942F9D10B880380704791F8203030B51B
:107540007BB90B4600F5E57201F1340453F8045B96
:1075500042F8045BA342F9D11B881380012380F811
:107560002F3091F82030012B0ED100F5007301F17E
:10757000340251F8044B43F8044B9142F9D10A8884
:107580001A80012380F8343030BD0B68C0F83632E1
:107590004B68C0F83A320B7A80F83E32012380F80B
:1075A000FC3270470B68C0F83F324B68C0F843327A
:1075B000012380F8323070470B68C0F847324B68BF
:1075C000C0F84B32012380F83630704710B500F216
:1075D0004F2301F13C0251F8044B43F8044B914214
:1075E000F9D1012380F8303080F8FD3210BD10B59C
:1075F00000F28B2301F1340251F8044B43F8044BA1
:107600009142F9D10A881A80012380F82C3010BDEC
:10761000F0B500252C460126AB4206D803680C4085
:1076200004FA02F213430360F0BD06FA05F73C4387
:107630000135F1E770B50446084694F82A6016B99A
:107640000026304670BD94F8E0300022022B84F80A
:107650002A20F5D90A60D4F83551002DC8BF6D42F3
:107660003223B5FBF3F11E2301EB4101FFF7D0FFFD
:10767000D4F8351102231E22C90FFFF7C9FFE0E736
:1076800070B50446084694F82B6016B900263046BB
:1076900070BD94F8E0300022022B84F82B20F5D93D
:1076A000D4F839510260002DC8BF6D423223B5FBBA
:1076B000F3F11E2301EB4101FFF7AAFFD4F83931A2
:1076C000002B4FF002034FF01E02B4BF03211946F6
:1076D000FFF79EFFDBE738B50446084694F8F7222B
:1076E000C2B994F82C30F3B384F82C2004F28B2325
:1076F00004F2C12204F2BF2153F8045B42F8045B98
:107700008B42F9D11B881380012384F8F7320023C0
:1077100084F8F83200230360182594F8F832312BEE
:1077200006D85A1C234484F8F82293F8C212E1B90F
:1077300094F8C112012319400722FFF769FF94F85A
:10774000C11201230F22C1F34001FFF761FF94F83A
:10775000C11201231722C1F38001FFF759FF002353
:1077600084F8F7320123184638BD2A46083D07231E
:10777000EDB2FFF74DFFF82DCFD194F8F832312B51
:10778000D6D8EFE703462DE9F04793F82D60084679
:10779000002E62D093F83C52D3F89010B3F88B418E
:1077A00093F8FE8293F8FC720022AD1A83F82D2024
:1077B00001F1010118BF01254CB1632CD7BFC4EB07
:1077C00084143F2431346422D8BFB4FBF2F4B3F9FB
:1077D0001331002B44D0642293FBF2F3522BA8BF49
:1077E0005223132BB8BF1323A3F113094FF0000A40
:1077F00005235246C0F800A0FFF70AFF0223052226
:107800005146FFF705FF414601230722FFF700FF1E
:1078100001230822FFF7FCFE514601230922FFF74E
:10782000F7FE02230A22FFF7F3FE01230C22FFF7E3
:10783000EFFE01230D223946FFF7EAFE01230E2257
:107840002946FFF7E5FE072313222146FFF7E0FE56
:1078500006231A224946FFF7DBFE3046BDE8F087D3
:107860009946C3E72DE9F84390F82E800D46B8F10C
:10787000000F3AD090F8E1300021FF2B80F82E1055
:1078800003D00F2B28BF0F23194690F8E090B9F1D1
:10789000030F2DD84FF000062FD07F27344600224B
:1078A00028462A600423FFF7B3FE02230422494638
:1078B000FFF7AEFE012202213846FAF7EDFA08235F
:1078C000014606222846FFF7A3FE02230E22314678
:1078D000FFF79EFE022211462046FAF7DDFA0A2340
:1078E000014616222846FFF793FE4046BDE8F8837E
:1078F000A9F10306062E28BF06260A23B0F8D87081
:10790000D0F8D440B7FBF3F70B4B7F2FA8BF7F27EE
:107910009C4208DC094B9C4209DB64234FF00309BD
:1079200094FBF3F4BBE7064C4FF00309B7E7054CB3
:107930004FF00309B3E700BFC3C9C1003D363EFFA6
:1079400018F00100E80FFEFF2DE9F04F90F83030FD
:1079500085B005460E462BB900230093009805B06C
:10796000BDE8F08F002380F8303090F8F9320093B2
:10797000002BF1D0D0F84F02F9F712F96A49F9F764
:1079800063F96A49F9F760F98146D5F83501F9F7E5
:1079900007F96549F9F758F96449F9F755F9804647
:1079A000484607F0C7FE8346404607F0C3FE074639
:1079B000D5F83901F9F7F4F85B49F9F745F95B496E
:1079C000F9F742F90446D5F85302F9F7E9F85649B0
:1079D000F9F73AF95549F9F737F901462046F9F729
:1079E00029F8824607F0E2FE0190404607F0DEFEED
:1079F0000446484607F0DAFE0390504607F09AFE28
:107A0000214602905846F9F71FF9039B0446194690
:107A10003846F9F719F9029A1146F9F715F90146AE
:107A20002046F9F707F8019904463846F9F70CF9AA
:107A3000214607F063FE3E49F9F706F900210446A6
:107A4000F9F7A0FA20B120463A49F8F7F5FF0446C5
:107A50002046F9F7D5FA80B2A0F1B40424B2002C84
:107A6000BCBFB43004B2B4F5B47FA8BFA4F5B474FD
:107A700049464046A8BF24B2F8F7DCFF4FF07C51DE
:107A8000F9F7E2F807F092FE4FF07C51804650463D
:107A9000F9F7DAF807F08AFE0146F9F7D5F8594602
:107AA000F9F7D2F83946F9F7CFF84146074640468C
:107AB000F9F7CAF801463846F8F7BEFF07F020FE8E
:107AC000002707F0FBFD1C49D5F8415137606423BE
:107AD00095FBF3F5F9F7B8F8F9F792FAF9F760F8CA
:107AE000F9F78EFA02220321FAF7D6F90C230146A0
:107AF0003A463046FFF78CFD2846F9F751F8F9F77A
:107B00007FFA02220321FAF7C7F90D2301460C225E
:107B10003046FFF77DFD07231922032194FBF1F185
:107B2000FFF776FD1AE700BF95BFD63335FA8E3CD6
:107B3000E12E65420000B443706D424B2DE9F843DD
:107B400090F8319004460D46B9F1000F3BD0002665
:107B50001E4980F83160D0F88501F9F775F807F013
:107B6000D3FE1A498046D4F87D01F9F76DF807F085
:107B7000CBFEB4F989112E600746404601EB810423
:107B8000F9F73EFA01220221FAF786F909230146A4
:107B900032462846FFF73CFD3846F9F731FA012214
:107BA0000221FAF779F90823014609222846FFF74E
:107BB0002FFD0B2311222146FFF72AFD01231C2252
:107BC0003146FFF725FD4846BDE8F8830000204117
:107BD0002DE9F84390F83D9004460D46B9F1000FA9
:107BE0003BD000271E4980F83D70D0F88501F9F799
:107BF0002BF807F089FE1A498046D4F87901F9F785
:107C000023F807F081FEB4F989112F60064640463B
:107C100001EB8104F9F7F4F901220221FAF73CF9AA
:107C2000092301463A462846FFF7F2FC3046F9F7A9
:107C3000E7F901220221FAF72FF908230146092268
:107C40002846FFF7E5FC0B2311222146FFF7E0FC55
:107C500001231C221946FFF7DBFC4846BDE8F883E8
:107C6000000020412DE9F04190F8328004460D4695
:107C7000B8F1000F3ED0002380F832302449D0F80C
:107C80001901F8F7E1FF2349F8F7DEFF2249F8F779
:107C9000D3FE07F039FEF9F7B3F91D490746D4F8CA
:107CA0001D01F8F7D1FF1B49F8F7CEFF1B49F8F784
:107CB000C3FE07F029FEF9F7A3F994F8FA32064655
:107CC000DBB1B4F89541002228462A600B233946DF
:107CD000FFF79EFC0A230B223146FFF799FC012295
:107CE00003212046FAF7D8F80B230146152228462F
:107CF000FFF78EFC4046BDE8F0810949D4F83F0209
:107D0000F8F7A2FF07F000FEF9F77AF90446DAE780
:107D1000E12E65420000A040000061440000E14304
:107D20000000C84238B50346084693F8334014B9FA
:107D30000024204638BD93F804230132D2B200213A
:107D4000032A83F833100FD983F8041393F894109F
:107D50000125002202601823FFF75AFC082318228D
:107D60002946FFF755FCE4E783F80423002AEDD009
:107D7000012ADDD1D3F800130029D9D00425E8E782
:107D80001C2945D8DFE801F00F121416181A1C1E22
:107D900044204422442426282A2C2E3032343638DB
:107DA0003A3C3E4042001B4909F077B91A49FBE7CB
:107DB0001A49F9E71A49F7E71A49F5E71A49F3E7C3
:107DC0001A49F1E71A49EFE71A49EDE71A49EBE7D3
:107DD0001A49E9E71A49E7E71A49E5E71A49E3E7E3
:107DE0001A49E1E71A49DFE71A49DDE71A49DBE7F3
:107DF0001A49D9E71A49D7E71A49D5E71A49D3E703
:107E00001A49D1E71A49CFE71A49CDE71A49CBE712
:107E10001A49C9E7DC2B0108172101085321010881
:107E2000582101085D21010862210108672101082C
:107E30006C21010871210108762101087B210108CC
:107E40008021010824210108852101088A210108D7
:107E50008F21010894210108992101089E21010820
:107E6000A3210108A8210108AD210108B2210108C0
:107E7000B7210108BC210108C1210108291F0108FF
:107E8000192941D8DFE801F00D10121416181A1C38
:107E90001E4020222426282A2C2E30323436383A0E
:107EA0003C3E1A4909F0F9B81949FBE71949F9E7C5
:107EB0001949F7E71949F5E71949F3E71949F1E7CE
:107EC0001949EFE71949EDE71949EBE71949E9E7DE
:107ED0001949E7E71949E5E71949E3E71949E1E7EE
:107EE0001949DFE71949DDE71949DBE71949D9E7FE
:107EF0001949D7E71949D5E71949D3E71949D1E70E
:107F00001949CFE71949CDE71949CBE72E210108D7
:107F10006C210108DC2B0108C6210108172101088A
:107F2000CB210108D0210108D52101082421010815
:107F3000582101086721010862210108DA2101089E
:107F4000942101085D210108DF210108E4210108D5
:107F5000E9210108EE210108F3210108F8210108B7
:107F6000FD21010802220108072201080C22010854
:107F7000291F0108102925D8DFE801F0090C240E7B
:107F80001012141618241A1C1E24242022000E4934
:107F900009F083B80D49FBE70D49F9E70D49F7E70B
:107FA0000D49F5E70D49F3E70D49F1E70D49EFE715
:107FB0000D49EDE70D49EBE70D49E9E70D49E7E725
:107FC0000D49E5E70D49E3E72E21010817210108D6
:107FD00011220108D82D010862210108A8210108F9
:107FE000162201081B2201085821010867210108F7
:107FF0009E2101085D210108DF210108291F0108D8
:10800000142921D8DFE801F00B0E101214202016DD
:1080100020182020202020201A20201C1E000B4980
:1080200009F03BB80A49FBE70A49F9E70A49F7E7CB
:108030000A49F5E70A49F3E70A49F1E70A49EFE790
:108040000A49EDE70A49EBE70A49E9E7DC2B0108B1
:108050001721010820220108582101085D2101088B
:108060006C21010825220108852101082E21010823
:108070002A220108291F010823289ABF014B185CF6
:1080800002207047963201080B46013B1146032B34
:108090000BD8DFE803F002040608FFF771BEFFF714
:1080A000EFBEFFF767BFFFF7ABBF014908F0F5BFB1
:1080B000291F010838B53D4B0446821C03F12801F5
:1080C00053F8040B42F8040B8B42F9D100252946E2
:1080D000C4E9245584F898502B2204F1990008F043
:1080E0005CFE2946342204F1C40008F056FE2946FD
:1080F0001D2204F1F80008F050FE29461C2204F26B
:10810000151008F04AFE29461C2204F2311008F02E
:1081100044FE29461A2204F24D1008F03EFE29467C
:10812000122204F2671008F038FE2946142204F2E5
:10813000791008F032FE2946272204F28D1008F04B
:108140002CFE2946162204F5DA7008F026FE294690
:10815000362204F5E57008F020FE2946362204F5A3
:10816000007008F01AFE2946C4F83652C4F83A5294
:1081700084F83E52C4F83F52C4F84352C4F8475200
:10818000C4F84B523C2204F24F2008F006FE294668
:10819000362204F28B2008F000FE3622294604F233
:1081A000C12008F0FAFD204638BD00BF401D01087F
:1081B0002DE9F04FC77E837E457F867F90F820E0D3
:1081C00090F82B8090F819C0BF000C4647EA93172F
:1081D00003F03F01037F03F0010247EA822705F025
:1081E0000F02D20142EA530206F07F031B0143EA69
:1081F0001513C57F89B06D0045EAD6150EF003064C
:10820000059345EA462390F82160009306F01F0588
:10821000AD0145EA9E0390F8225090F824E00193C6
:10822000ED0045EA561390F8235002930EF007062E
:1082300045EA062390F82550039305F03F067601A2
:1082400046EADE0390F8266090F827E00493B60033
:1082500046EA95160EF0010546EA852690F8285064
:10826000069205F00F0B4FEACB1B4BEA5E0B90F822
:1082700029E00EF07F0A4FEA0A1A4AEA151A90F826
:108280002A506D0045EADE1508F0030E45EA4E253A
:1082900090F82CE00EF01F094FEA891949EA980975
:1082A000490190F82D80007E41EADC010CF0070CBA
:1082B00040EA0C204FEAC80848EA5E180791F9F72F
:1082C00029FA079920800846F9F724FA6080384691
:1082D000F9F720FA069AA0801046F9F71BFA059BD9
:1082E000E0801846F9F716FA20810098F9F712FA9B
:1082F00060810198F9F70EFAA0810298F9F70AFA5D
:10830000E0810398F9F706FA20820498F9F702FA57
:1083100060823046F9F7FEF9A0825846F9F7FAF97B
:10832000E0825046F9F7F6F920832846F9F7F2F98A
:1083300060834846F9F7EEF9A0834046F9F7EAF979
:10834000E08309B0BDE8F08F4A78013A92B2023179
:108350000020F9F741BA000038B50446017500293C
:1083600037D0002580F8BD50034680F86C5000F1EE
:10837000500280F8655080F8665080F8675080F8A9
:10838000685080F86A5080F86B5083F88451C3F8C5
:10839000885108339342F8D14FF6FF73A4F8BE30EA
:1083A0000C4BC4F8C03004F5EA70FEF7D5FF0A4B59
:1083B0000A4A1A600A4B0B4AC4F8DC54A4F8E05489
:1083C000C4F8E45420461A60FEF7E8F9064B074A61
:1083D0001A6038BD0000C07F5402002021680008E8
:1083E00058020020716800084C33002049680008DA
:1083F000037D70B504460D4613B90026304670BDA6
:10840000FEF73CFA94F8653003F0FF06002BF4D039
:10841000002384F8653004F115012046FFF794FF2E
:10842000A37D23449B7D8342E7D129462046FFF765
:10843000BFFEE3E70346007D30B560B393F86C40C0
:1084400004F0FF003CB31D79002483F86C403DB17B
:10845000132A1C7111D8114C22784AB901222270BA
:10846000DA88541CD2B2DC8052B903230B7012E0BC
:10847000013AD2B22270002AF2D10022DA80EFE76C
:1084800093F8672002F0FF0432B1002283F86720DE
:1084900005230B70204630BD0423E7E74606002085
:1084A000027D03460AB90020704790F8682002F068
:1084B000FF0022B1002283F868200A70704793F809
:1084C0006A2002F0FF002AB1002283F86A2001230B
:1084D0000B70704793F86B2002F0FF0022B100226E
:1084E00083F86B200223F3E793F8662002F0FF0085
:1084F000002AD8D0002283F866205A7DEE2AD2D1F5
:10850000DB7D812BCFD10323E2E738B504461D463E
:10851000EA23084684F86D30AB1C114684F86E30AF
:108520002A4684F86F0004F1700008F0BEFD04F1E3
:108530006D012046FFF708FF6319043583F87000CA
:10854000EDB284F8BD5038BD13460A468221FFF7CC
:10855000DCBF000070B50C4600F1DC0605461022B9
:108560000021304608F019FC6379032B10D12079E3
:10857000FFF782FD22680146D2B23046FFF784FD44
:1085800094F90630002B03DB0349304608F00DFC5C
:10859000012385F8843170BD2F22010837B50446C8
:1085A0000D460868496850EA010331D0194A002392
:1085B000F8F7BCFDCDE90001684608F037FC4369D7
:1085C00003F26C735BBAA4F8D3300369114A013328
:1085D00084F8D530C36884F8D630836884F8D730FF
:1085E000436884F8D830036884F8D930286869680B
:1085F0000023F8F79BFD104619464FF47A720023CA
:10860000F8F794FD40BA0123A4F8DA0084F8CC31DD
:1086100003B030BD40420F00002310B51A464FF69C
:10862000FF74191D00EB410101334988A14218BFB5
:1086300052180A2BF5D1B0F829301344B0F82B208A
:108640001A44B0F82D30B0F82F001344184410BD70
:108650002DE9F04190F82F7004460D4697B300269F
:1086600080F82F6000F5E570FFF7D6FFB4F9E83128
:10867000D4F8CA812E60B342B8BF34464FF06402CA
:1086800090FBF2F1A8BF0A222846A8BF93FBF2F4A0
:1086900009230022FEF7BCFF012202212046F9F740
:1086A000FBFB0823014609222846FEF7B1FF47F6E7
:1086B000FF7141454FF00F034FF01102A8BF414633
:1086C000FEF7A6FF3846BDE8F0812DE9F04190F8AD
:1086D000347004460D4697B3002680F8346000F5E8
:1086E0000070FFF799FFB4F91E32D4F800822E60B3
:1086F000B342B8BF34464FF0640290FBF2F1A8BF1A
:108700000A222846A8BF93FBF2F409230022FEF7B1
:108710007FFF012202212046F9F7BEFB0823014614
:1087200009222846FEF774FF47F6FF7141454FF0D6
:108730000F034FF01102A8BF4146FEF769FF38460C
:10874000BDE8F081F0B591B00D46F22301A90446D1
:108750001646ADF80830FFF715F838B12389ADF8A3
:108760000A30019B039301238DF8093001A92046AB
:10877000FFF7E4F970B19DF8093010A9062202FB59
:108780000312218A22F8361C0133019942F8341C65
:108790008DF8093001A92046FFF71AFA70B19DF84B
:1087A000093010A9062202FB0312218D22F8361C83
:1087B0000133019942F8341C8DF8093001A9204693
:1087C000FFF750FA70B19DF8093010A9062202FB9C
:1087D0000312618A22F8361C0133019942F8341CD5
:1087E0008DF8093001A92046FFF73CF870B19DF8DB
:1087F000093010A9062202FB0312618922F8361CF7
:108800000133019942F8341C8DF8093001A9204642
:10881000FEF710FF70B19DF8093010A9062202FB87
:108820000312618822F8361C0133019942F8341C86
:108830008DF8093001A92046FEF722FF70B19DF89E
:10884000093010A9062202FB0312A18822F8361C67
:108850000133019942F8341C8DF809309DF80970F4
:10886000082F11D801A92046FFF7F2FE60B110AA27
:10887000062303FB0723A28923F8362C0137019A2C
:1088800043F8342C8DF809709DF80970082F11D821
:1088900001A92046FFF719FF60B110AA062303FBC8
:1088A0000723E28A23F8362C0137019A43F8342C47
:1088B0008DF809709DF80970082F11D801A920467C
:1088C000FFF742F860B110AA062303FB0723E289F1
:1088D00023F8362C0137019A43F8342C8DF80970AF
:1088E0009DF80970082F11D801A92046FFF71AFA40
:1088F00060B110AA062303FB0723A28A23F8362CB3
:108900000137019A43F8342C8DF809709DF80970ED
:10891000082F11D801A92046FEF7DDFE60B110AA8C
:10892000062303FB0723E28823F8362C0137019A3C
:1089300043F8342C8DF809709DF8090050B100EB14
:10894000400043000233DAB2327002A9284608F030
:10895000ACFB012011B0F0BD2DE9F04F334B0446C4
:108960001F68064600F15001034697B040F6C41058
:108970000125D3F8882122B1BA1A824288BF83F830
:10898000845108338B42F4D14FF000088DF80780F2
:1089900004F17809254604F16D0A96F884319DF8B2
:1089A00007B05BB395F814310BEB03022B2A0DDDF6
:1089B0009DF8075045B32A4602A904F16D0008F05E
:1089C00074FB84F8BD5017B0BDE8F08F86F8848141
:1089D000C6F88871D5F8102195F80C112046FFF7DC
:1089E00094FD02AB03EB0B0094F8BD20514608F058
:1089F0005CFB94F8BD305B448DF807300C354D4579
:108A000006F10806C9D1D3E70DF1070202A904F562
:108A1000EA70FFF797FE0028D5D09DF8073002AA2C
:108A200080212046FFF771FDCDE700BF784B002085
:108A300070B591F8205004460E465DBB0846FFF71E
:108A4000EBFD642390FBF3F040BAA4F8EC00B6F918
:108A50001E30591C1CBF0A2593FBF5F56DBAA4F80E
:108A6000EE5033680C4A23EAE373934228BF13465F
:108A70001A0C84F8F0201A0A84F8F12084F8F230F5
:108A800096F923305A1C08BF002384F8F3300123E1
:108A900084F8C43170BD00BFFFFF7F0038B50D46BC
:108AA00004460F49A868F8F7CFF8F8F7A9FA40BAD2
:108AB000A4F8F40068680A49F8F7C6F8F8F7A0FACD
:108AC00040BAA4F8F600E8680549F8F7BDF8F8F7E9
:108AD00097FA012340BAA4F8F80084F8943138BD1D
:108AE00000401C4610B54B681BBAC0F8C4308B68F8
:108AF0001BBA4FF47A72C0F8C830CB6893FBF2F31C
:108B00001344044683F310035BBAA0F8D0304B8BB8
:108B10005BBA1149A0F8CE30D0F8C000F8F794F84D
:108B20000E49F8F791F8F8F791FA40BA94F8BE3088
:108B3000A4F8CC00FF2B0CD094F8BF20FF2A02D061
:108B4000934238BF134684F8D230012384F88C3125
:108B500010BD0023F7E700BF0000204166666640B5
:108B600070B50D4604460D492868F8F76DF8F8F71A
:108B70006DFA40BA0126A4F8FF0084F8AC616B6876
:108B8000C4F8C030E8680649F8F75EF8F8F738FA34
:108B900040BAA4F8FA0084F89C6170BD000010424D
:108BA0000000C84270B50D46044611496868F8F7E0
:108BB0004BF8F8F74BFA00BAC4F80401B5F90C30D9
:108BC00001261BBAC4F8083184F8BC6184F801613D
:108BD000B5F90C00F7F7E4FF0649F8F735F8F8F7B0
:108BE0000FFA40BAA4F8020184F8B46170BD00BF66
:108BF0000000C842CDCCCC3D70B58A68C2F31702E4
:108C00004A2A90B004460B4600F0198144D8212A24
:108C100026D8172A0AD8012A00F04D81022A00F02E
:108C20009880002A00F0888010B070BD183A092A98
:108C3000FAD801A151F822F0A98D0008298C00086A
:108C4000298C0008038F0008298C0008758E000805
:108C50008D8D0008298C0008298C0008598E000889
:108C60002A2A00F074813E2ADED14D78192D01F1B7
:108C70000C0100F290812A4601A808F016FA01AB17
:108C8000C5F11A020021581908F087F801A904F566
:108C9000EA70FEF7F4FBC7E7A22A00F0B0812ED8F5
:108CA000882A00F086811BD87C2A00F0A580842ABF
:108CB000BAD14D78262D01F10C0100F2A9812A4686
:108CC00001A808F0F2F901ABC5F1270200215819FB
:108CD00008F063F801A904F5EA70FEF7FCFBA3E7CE
:108CE000932AA1D101A8F9F739FD01A92046FFF780
:108CF0009FFE01A904F5EA70FEF71FFC94E7F22A33
:108D000000F0A1810DD8AD2A00F09481E22A8BD128
:108D100001A8F9F775FD01A904F5EA70FEF74CFC0E
:108D200082E7FD2A80D101A8F9F718FD01A904F511
:108D3000EA70FEF75CFC77E701A8F9F747FD01A9A7
:108D40002046FFF707FC01A904F5EA70FEF71CFBBB
:108D50006AE74D780B2D01F10C0610D82A463146F2
:108D600001A808F0A2F901ABC5F10C0200215819C5
:108D700008F013F801A92046FFF710FC54E7C86873
:108D8000716801AA03C2B0681060F3E7194601A830
:108D9000F9F701FD01A92046FFF780FE01A904F5BE
:108DA000EA70FEF72EFB3FE75D78332D03F10C01EF
:108DB00014D82A4601A808F078F901ABC5F13402AD
:108DC0000021581907F0E9FF9DF8213084F8BE30E2
:108DD00001A904F5EA70FEF7F9FA25E70A4601ADA4
:108DE0003C33106851682E4603C608329A42354615
:108DF000F7D110683060E7E74D78382D01F10C01AC
:108E00000FD82A4601A808F050F901ABC5F1390284
:108E10000021581907F0C1FF9DF8253084F8BF30B4
:108E200002E70A4601AD4433106851682E4603C676
:108E300008329A423546F7D113783370ECE701A82F
:108E4000F9F771FD01A92046FFF78AFE01A904F593
:108E5000EA70FEF721FBE7E6194601A8F9F79BFC4B
:108E600001A92046FFF73EFE01A904F5EA70FEF7CE
:108E7000D7FAD9E65D780F2D03F10C010FD82A46F9
:108E800001A808F012F901ABC5F110020021581930
:108E900007F083FF01A92046FFF784FEC4E60A46D7
:108EA00001AE1C3310685168354603C508329A423A
:108EB0002E46F7D1EEE74D782A2D01F10C0110D89E
:108EC0002A4601A808F0F1F801ABC5F12B020021F8
:108ED000581907F062FF01A904F5EA70FEF768FA75
:108EE000A2E60A4601AD3433106851682E4603C627
:108EF00008329A423546F7D111889378B3703180A1
:108F0000E9E75D781C2D03F10C0110D82A4601A871
:108F100008F0CBF801ABC5F11D020021581907F08C
:108F20003CFF01A904F5EA70FEF75FFA7CE60A4609
:108F300001AD2433106851682E4603C608329A42A8
:108F40003546F7D11068306013793371E9E74D7811
:108F5000112D01F10C0110D82A4601A808F0A5F83E
:108F600001ABC5F112020021581907F016FF01A943
:108F700004F5EA70FEF776FA56E60A4601AD1C33B0
:108F8000106851682E4603C608329A423546F7D11A
:108F900013883380EBE70A4601AD2433106851682B
:108FA0002E4603C608329A423546F7D113883380DD
:108FB0006CE64D78152D01F10C0110D82A4601A858
:108FC00008F073F801ABC5F116020021581907F03B
:108FD000E4FE01A904F5EA70FEF7A2FA24E60A46C7
:108FE00001AD1C33106851682E4603C608329A4200
:108FF0003546F7D1106830609388B380E9E701A85F
:10900000F9F7E4FB01A904F5EA70FEF7BEFA0BE6F6
:109010000A4601AD2C33106851682E4603C608324B
:109020009A423546F7D11068306091889379B371D0
:10903000B1804FE601A8F9F7E3FB01A904F5EA7056
:10904000FEF7B0FAF0E54D783B2D01F10C0110D898
:109050002A4601A808F029F801ABC5F13C0200211D
:10906000581907F09AFE01A904F5EA70FEF7AEFA66
:10907000DAE50A4601AD4433106851682E4603C64E
:1090800008329A423546F7D110683060EBE700BFEE
:109090004A7922B18B79012B01D1FFF7ADBD704721
:1090A000B0F5E16F03DC10F5E16F04DB7047A0F56C
:1090B000616000B2F4E700F5616000B2F3E7000020
:1090C00038B5B0F8E0340D4613F00801AA8808BF9F
:1090D000C0F8901113F0020308BFC0F8A831B2F530
:1090E000005F044600F0A78007D86C2A17D06D2ACD
:1090F00000F08F806A2A60D038BD42F202039A42A3
:109100003BD042F6FF739A42F6D1D0F8E424A96826
:10911000DC30FEF7A5F8012384F88431ECE7B5F9DB
:109120000A00FFF7BDFFF7F73BFD4749F7F78CFD56
:10913000F7F766FF40BAA4F8F400B5F90800FFF7A6
:10914000AFFFF7F72DFD4049F7F77EFDF7F758FF22
:1091500040BAA4F8F600B5F90C00FFF7A1FFF7F745
:109160001FFD3A49F7F770FDF7F74AFF012340BAB0
:10917000A4F8F80084F89431BEE7B5F809300A2263
:10918000B3FBF2F35BBAA0F8EC30B5F80B30B3FBED
:10919000F2F35BBAA0F8EE30D5F8113080F8F23077
:1091A0001A0C80F8F0201A0A80F8F1206B7F80F802
:1091B000F330012380F8C4319EE700299CD0D5F814
:1091C0000A301BBAC0F8C430D5F80E301BBAC0F84C
:1091D000C830AB8A2422534332336422B3FBF2F308
:1091E0005BBAA0F8CC30EB8A0A214B435BBAA0F8FB
:1091F000CE30D0F8DC3493FBF2F303F57A735BBA2C
:10920000A0F8D0306B7A80F8D230012380F88C310E
:1092100072E7B5F90C2052BAA0F8FA20012280F8C2
:109220009C21002B3FF468AFD5F80E30C0F8DC3439
:1092300080F88C2160E7AB89A0F8E034D5F81130D4
:10924000C0F8E43458E700BF58A08B416E882E4325
:109250007FB5204C054694F99200F8F793FA002662
:109260008DF8040020468DF80560F8F7DBF994F8D6
:1092700095308DF80830184B8DF8060098788DF8E9
:109280000760F8F76FFA8DF809001448FBF77DFCCA
:10929000F8F742FA8DF80A002046F8F79EF9F8F739
:1092A00071FA8DF80B002046F8F7A9F98DF80C003B
:1092B0002046F8F79BF98DF80D002046F8F7BDF928
:1092C0000A238DF8050001AA14212846FFF71DF98D
:1092D00004B070BD80310020FC0200202C32002040
:1092E00073B5184C05462046F8F777F9F8F74AFAAF
:1092F0008DF800002046F8F770F906461248FBF793
:109300002DFC01463046F8F747FA8DF8010020465B
:10931000F8F775F98DF802002046F8F767F9FF2392
:109320008DF80430094B8DF803009878F8F722FA8D
:1093300006238DF805006A461D212846FFF7E5F84B
:1093400002B070BD803100202C320020FC020020D1
:10935000F7B5144D144E044695F99200F8F712FA39
:109360008DF80000304695F99270FBF7F7FB014647
:109370003846F8F711FA8DF801002846F8F752F947
:1093800000238DF8020030468DF80330FBF7FDFB1B
:1093900005238DF804006A461C212046FFF7B5F826
:1093A00003B0F0BD803100202C32002030B595B0E4
:1093B0004EF6EA631A49ADF80030044614220DF166
:1093C0000200F8F7A1FB0DF10200F6F7E3FEC3B2CD
:1093D000DA1CD0B2694651FA82F26D250DF80050C0
:1093E0004C205070522090705320D070312010715A
:1093F0006FF02B00507101205072042000219072F8
:10940000113302209171D1711172D07211735173A5
:10941000DBB26A4629212046FFF777F815B030BD48
:10942000FD20010870B5054694B005F16D06FFF703
:109430000FFF95F8BD203146684607F036FE95F8D7
:10944000BD402846E4B2FFF74BFF95F8BD203146FA
:109450000DEB040007F029FE95F8BD301C442846AA
:10946000E4B2FFF775FF95F8BD2031460DEB04001F
:1094700007F01BFE95F8BD301C44E4B22246694655
:10948000304607F012FE85F8BD4014B070BD0000F4
:109490000038024B18BF01201870704704060020E6
:1094A00070B5002A38D1042B71D89DB29BB3654C9E
:1094B00094F82830666A03F1030C5FFA8CFCF6001E
:1094C000BCF1070F666284F828C040F28980053B32
:1094D000DBB284F82830B1F800C0DE400CF10103A3
:1094E0000B8000F80C600EE0083BDBB284F82830FB
:1094F000B1F800C0666A0CF1010E26FA03F3A1F878
:1095000000E000F80C3094F82830072BECD801323A
:1095100096B2B542CED870BDFF2AFCD1032B66D8D7
:109520009DB2002BF7D0474C94F828300026626A91
:1095300003F1040C5FFA8CFC120142F00202BCF150
:10954000070F626284F828C07AD9043BDBB284F842
:109550002830DA400B8803F1010CA1F800C0C25496
:109560000CE0083BDBB284F82830626AB1F800C036
:10957000DA400CF101030B8000F80C2094F828303D
:10958000072BEED80136B2B29542D0D870BD2D4C23
:10959000626A03F5C06343EA423394F828206362A9
:1095A00002F10D05EDB2072D84F82850B3D905322C
:1095B000D2B284F82820D3400A88551C0D808354E9
:1095C00009E0083BDBB284F82830626A0D88DA4093
:1095D0006B1C0B80425594F82830072BF1D870BDD6
:1095E000013296B2B54263463FF664AF93E7154C3D
:1095F000626A03F5E06343EA423394F82820636229
:1096000002F10D05EDB2072D84F8285083D90532FB
:10961000D2B284F82820D3400A88551C0D80835488
:1096200009E0083B626ADBB284F82830DA400B8834
:109630005D1C0D80C25494F82830072BF1D870BD02
:1096400063469FE7200E00202DE9F047674C002776
:10965000FF250F8005708025676284F82870A57744
:109660009846002B00F0BB8003F1FF3912FA89F90C
:10967000561EBA463A4609E0554546D10137BFB2B3
:109680000B8843453AD24E4500F0948016F8015FAE
:10969000002AF1D16B1EDBB2FD2B32D83F2B62D9F1
:1096A00005F14103DBB23F2B34D8636A94F82820DC
:1096B0000135EDB245EA032502F10803DBB2072BC1
:1096C000656284F8283015D984F828200B88D540A5
:1096D0005A1C0A80C55409E0083BDBB284F82830E4
:1096E000626A0D88DA406B1C0B80425594F8283072
:1096F000072BF1D800220B884345C4D30020BDE8D6
:10970000F0870127AA463A46BAE7FBB25246FFF76E
:10971000C7FEBFE7636A94F828203F35EDB245EAFB
:10972000432502F10903DBB2072B656284F8283078
:10973000E0D90132D2B284F828200B88D5405A1CD7
:109740000A80C55409E0083BDBB284F82830626A1D
:109750000D88DA406B1C0B80425594F82830072B9B
:10976000F1D80022C7E7636A94F828207F35EDB26C
:1097700045EA032502F10803DBB2072B656284F892
:109780002830B7D984F828200B88D5405A1C0A8085
:10979000C55409E0083BDBB284F82830626A0D88C2
:1097A000DA406B1C0B80425594F82830072BF1D817
:1097B0000022A0E722B1FBB25246FFF771FE0B88F0
:1097C00094F8282062B1646AC2F10802012594402D
:1097D00005FA02F2013A22435C190C80C2540B884C
:1097E000984594BF00200120BDE8F087200E00209E
:1097F0002DE9F04F47F26F730022827003800B78DF
:10980000A3F1FE03B3FA83F35B0983708A780D46F4
:1098100012F001011CBF43F080038370D5F82021B2
:1098200022F07F4222F0FF0285B0044612B143F0DD
:1098300008038370AA68C2F31702FF2A1ED9B2F583
:10984000803F18D363F07F03A37041F002014FF013
:10985000020B09234FF00A0C0822E1700B20CDF80F
:1098600004C01E4617464FF0070E4FF006094FF092
:10987000050A042117E043F00203A370180600F163
:10988000D68008234FF0090C07220A204FF0000B66
:10989000CDF804C01E4617464FF0060E4FF00509DE
:1098A0004FF0040A032195F8018004F8018004EBCD
:1098B0000108297904F80A10697904F80910A979CE
:1098C00004F80E10A178090709D595F82111A154C3
:1098D00095F82211A1550346674662460646A968D7
:1098E000A154A278900707D5BA1C1F46AB68C3F3F2
:1098F0000F23A35596B23346BBF1000F05D05A1C77
:109900001F46AB7AA35596B23346A278D10606D548
:109910005A1C1F4695F82331A35596B23346454A43
:10992000127803F1010914FA89FA05F10C0B42B11E
:109930006B785A460DF10E015046FFF785FE002860
:109940005AD16A78504659461FFA82FA07F0ADFBA1
:109950002278394B6178D243D2B2072F9A5C82EADF
:109960000102995CA27882EA0102995CE27882EABB
:109970000102995C227982EA0102995C627982EAA9
:109980000102995CA27982EA0102995CE27982EA99
:109990000102995C1BD0227A5140082F595C16D0E5
:1099A000627A5140092F595C11D0A27A51400A2F96
:1099B000595C0CD0E27A51400B2F595C07D0227BC6
:1099C00051400C2F595C1EBF627B5140595CA15520
:1099D0001AFA89F39BB2B5F80C21E2545A1CB5F877
:1099E0000C1192B2090AA154AA78981CD20780B22D
:1099F0000BD405B0BDE8F08FA378BDF80EA043F0FE
:109A00004003A37088F800A0A2E7D5F81071D5F83C
:109A10001811D5F81461275022180F335660916041
:109A200095F81C11117398B205B0BDE8F08F4FF096
:109A3000000B0EE704060020883A01082DE9F84FD4
:109A4000AE4CAF4E0F4682460146AD48154607F074
:109A50002CFB00233B809E462384636284F82830DD
:109A6000802384F822304FF0FF08F14606E03B885F
:109A70005A1C3A800AF8039094F828E0BEF1010FCE
:109A80005CD8218C8D4240F29D80606A735C0EF13F
:109A9000080C5FFA8CFC43EA0023ACF1020B23FABA
:109AA0000BF00EF1060200F003000131D2B20228E1
:109AB0002184636284F8282000F08680032800F067
:109AC000888001281DD0002A40F08780228C954292
:109AD00078D9B15C013241EA0323228407211A06B6
:109AE000636284F82810C2D5062184F8281013F088
:109AF000400F40F08D803B885A1C3A800AF8038062
:109B0000BAE7062A0BD8228C95425BD9B15C0132A8
:109B100041EA03230CF1060122846362CAB2073AC8
:109B2000D34003F07F037D2B84F828204AD83A885D
:109B30004133511C39800AF802309DE7636AAEF167
:109B4000020B23FA0BF000F003005FFA8BF20228FD
:109B500084F8282003D003281CD0F446B1E7052A56
:109B600032D8218C8D422DD9705C0EF10602013164
:109B700040EA0323D2B221846362063A84F828E0E3
:109B8000D340398803F03F034A1C01333A800AF876
:109B9000013071E7052A1CD8218C8D4212D9705CE6
:109BA0000EF10602013140EA0323D2B2218463623E
:109BB000063A84F828E0D340398803F03F034A1C72
:109BC000413BE3E7BDE8F88F063A636A5FFA82FE3D
:109BD000D4E7063A5FFA82FEEBE70BF1FF3023FA97
:109BE00000F0511EC9B2C00784F828107FF53FAFBE
:109BF00069BB228C9542E5D9B15C013241EA03236D
:109C000007212284636284F8281013F0800F70E724
:109C10004A1ED0B223FA02F2D20784F8280032D4C6
:109C20008446228C9542CDD9B05C013240EA0323B0
:109C3000C81D22846362C0B2A0F10802D34084F838
:109C400028C05FFA83FB38885A46002133E0013987
:109C500023FA01F0911EC9B2C00784F828107FF5DD
:109C60004AAF99BB228C9542ACD9B15C41EA03233F
:109C700001324FF0070C19062284636284F828C071
:109C800021D40821CDE7072832D8228C954299D9D2
:109C900016F802C0073101324CEA032322846362C2
:109CA000C9B2083923FA01FB84F828005FFA8BFB5C
:109CB00038885A46FF21504407F06FF83B889B4490
:109CC000A7F800B0D8E660460821DEE701F1FF3CC6
:109CD000D01E23FA0CFCC0B21CF0010F84F828003F
:109CE000D1D107289CD90B3A636A5FFA82FCA3E7BB
:109CF000A0F108020146D0B2D3E700BF200E002039
:109D0000F40C00202DE9F04F5788B7F58F7F8BB00A
:109D1000144606460BD90022227000226F2B628067
:109D200000F06581002333700BB0BDE8F08F12782E
:109D30000E2A0D4624D80E2A00F2118101A151F8F5
:109D400022F000BF1B9D00086B9F00085F9F00086A
:109D50005F9F00086B9F00086B9F00086B9F0008C7
:109D60006B9F00086B9F00086B9F0008B99F00085D
:109D70005F9F00085F9F00085F9F0008DD9F00084D
:109D8000692A40F2EA806A2A40F0E9809C4FFA8A08
:109D900002F1FF3C1FFA8CFC002A00F078820CF1E3
:109DA000030CDFF860E2BC44FF22B91C11F8010B80
:109DB000424061451EF80220F8D1934200F0D08164
:109DC00000222270C4F80220E280FA8A022AA9D96D
:109DD00039796F2900F02E83032AA3D079796F296E
:109DE00000F03883042A9DD0B9796F2900F03583BB
:109DF000052A97D0F9796F2900F03E83062A91D081
:109E0000397A6F2900F04582072A8BD0797A6F2939
:109E100000F03583082A85D0B97A6F2900F03283A3
:109E2000092A3FF47FAFF97A6F2900F02E830A2ABE
:109E30003FF478AF397B6F2900F02A830B2A3FF477
:109E400071AF797B6F2900F026830C2A3FF46AAF4B
:109E5000B97B6F2900F022830D2A3FF463AFF97BB1
:109E60006F2900F01E830E2A3FF45CAF397C6F2906
:109E700000F01D830F2A3FF455AF797C6F2900F065
:109E80001383102A3FF44EAFB97C6F2900F0128380
:109E9000112A3FF447AFF97C6F2900F00E83122A94
:109EA0003FF440AF397D6F2908BF4FF012087FF4AF
:109EB00039AF02F101091FFA89F93A44A7F816905F
:109EC0005FFA89F9937050494A4602A807F0EDF805
:109ED0006F234FF0010CBB704FF0000E6423A7F806
:109EE00000E0A7F816C0237008EB0C0399451FFA91
:109EF00089F27FF617AF901E02A9A0EB08005A1E48
:109F00000B440A4413FA80F04FF06A084FF0070937
:109F10004FF0660A05E0002B40F0BE8190423FF40E
:109F200001AFFB8A12F8011F07EB030B01338BF81B
:109F30000210FB822378092BEDD9A3F1640BBBF14E
:109F4000050FEBD8653B042B00F2BA82DFE813F073
:109F50001F01170112010E011B01632A05D80023FE
:109F60002370C4F80230E380DDE6254FFA8AB91881
:109F700001328B70FA822278092A00F2A480002A2A
:109F80003FF4D0AE013A082A3FF6CCAE01A151F819
:109F900022F000BF55A20008259D0008259D00085D
:109FA000B7A10008B7A100083FA200080BA2000853
:109FB00079A2000829A200087A1C6280104EEB5595
:109FC000A088727F618883189942FFF6ADAE33781E
:109FD0005F0600F1E4810E232370A5E67A1C6280FF
:109FE000EB55E2886388934210D201239BE6044933
:109FF0000A800122CA8264228B702270002392E6BA
:10A00000200E0020883A0108220E002000236380E1
:10A0100023700223037042802B78FD2B00F0878091
:10A02000EB7803722B7943726B7943606A7808325C
:10A030007280002240F28510DFF8CCC27281FE21CE
:10A040000446013499424FEA54042ED849D38B4236
:10A0500040F08A802B78FD2B7FD04FF0060B2846EE
:10A06000DFF8A48210F801AF0BEB0A0909F1FF3108
:10A0700089B2F8F7EFF904EB440708EB8707ADF86E
:10A0800008003979019102A8F8F7C0F905EB090237
:10A0900015F809305278019903EB0223BDF8082026
:10A0A0009BB29A421FD005233DE6601E14188242DF
:10A0B00004F1010780F06C8127F0010101EB5701E9
:10A0C0005CF82110BDE7A2F1640105293FF62AAE34
:10A0D000653A042A00F2FD81DFE802F0817D79759E
:10A0E00093002246E2E7BB79DA0706D5FA79924572
:10A0F00082BF521912F80B20B2729B070BD5630076
:10A10000234408EB83036A781B7A9A4282BF5B1967
:10A1100013F80B30F3724FEA4409A14408EB8908A5
:10A12000317398F8053073730BB0BDE8F08F6B791D
:10A130000372AB7943726B7A297AEA791B0403EBD9
:10A140000123134443606A7802F10C014180A9782D
:10A15000C9077FF56EAF19326AE74FF00A0B7EE749
:10A160000A2201232270DEE50323DCE5F97684F878
:10A170000090D3E64FF06803B9762370CEE679708D
:10A1800084F800C0CAE6397784F80080C6E63970E2
:10A1900001F00103618887F801E0033B01F1010B45
:10A1A000A4F802B06B5497F90030002BACBF6346A3
:10A1B00053462370B2E66288511C6180AB54237809
:10A1C00001332370AEE50722FB76227016E7682282
:10A1D000BB76227012E701227B7022700EE7628844
:10A1E0003B70002103F00103033B7970511C618037
:10A1F000AB5497F90030002BC0F232810123237059
:10A2000090E56A223B772270F8E66288511C6180F3
:10A21000AB543B787A78134313F0020340F0D780B5
:10A220006288511C6180AB546288511C6180AB54C0
:10A230003B78D8064CBF69236A23237072E5628895
:10A24000511C6180AB543B781D074CBF672307232B
:10A25000237067E562883A83511C6180AB543A7879
:10A260007B7712F0010200F0D08006220833A28032
:10A27000E3800423237055E56288511C6180AB5450
:10A280007B7813F00203CFD0092323704AE5FF2225
:10A2900093E54FF006080CE6013B082B3FF63EAE77
:10A2A0000FF2040B5BF823F0E1A200081D9F0008E9
:10A2B0001D9F0008CDA20008CDA200085BA30008E6
:10A2C00029A3000875A300080DA30008638803F103
:10A2D000010BA4F802B0E9542378013323701DE682
:10A2E00063883B8303F1010BA4F802B0E9543B7887
:10A2F000797713F001036DD008310623E180A38044
:10A30000042323700AE600BF883B0108638803F139
:10A31000010BA4F802B0E9543B78DB067FF534AFBB
:10A320004FF069032370F9E5638803F1010BA4F88A
:10A3300002B0E9543B7879780B4313F0020343D120
:10A34000618801F1010BA4F802B06B54618801F13E
:10A35000010BA4F802B06B54DEE7638803F1010B34
:10A36000A4F802B0E9543B7819077FF500AF6723E2
:10A370002370D3E5638803F1010BA4F802B0E9541C
:10A380007B7813F00203E1D04FF009032370C5E599
:10A39000574902EB4200144651F8201057E602A933
:10A3A0002844FFF74BFB737FBDF808106288CB1A77
:10A3B0009BB21A446280727F1A447277E288134417
:10A3C000E380338BE95406E608232370A6E50823CF
:10A3D0002370A7E40C31E18079784FF00A0B11F07B
:10A3E0000101A4F804B028D0618801F1010BA4F8A0
:10A3F00002B005F801C0618801F1010BA4F802B0B8
:10A400006B54E3880D33E3807AE779780C33E3808B
:10A4100011F001014FF00A03A38024D063880121C9
:10A4200058186080E954638859186180EA54E388B9
:10A430000D331DE74FF002083BE5638803F1010B84
:10A44000A4F802B0E954638803F1010BA4F802B048
:10A45000E95455E74FF003082BE54FF0040828E5D1
:10A46000662323705EE463885A1C6280E954638823
:10A470005A1C6280E954FCE64FF0050819E54FF0DC
:10A48000070816E54FF0080813E54FF0090810E536
:10A490004FF00A080DE54FF00B080AE54FF00C08E5
:10A4A00007E54FF00D0804E54FF00F0801E54FF008
:10A4B0000E08FEE44FF01008FBE44FF01108F8E43A
:10A4C00077290ED084F800E0C4F802E0A4F806E092
:10A4D00024E5772B09D000232370C4F80230E380F1
:10A4E00020E44FF06503237018E56523237019E419
:10A4F000883B010870B500F5EF66044600F5CA61B7
:10A500003046F8F7DCF80546A06803682A461B6960
:10A5100031469847E06830B103682A4631461B69E6
:10A52000BDE87040184770BD08B50346806840B16B
:10A53000B3F84C14B3F84A04F8F794FB003818BF8A
:10A54000012008BD0346806880B1B3F84C24B3F8FD
:10A550004A14914209D09918013291F85004B3F885
:10A560004E140A40A3F84C247047002070478368BB
:10A5700010B504467BB10023A0F84C34A0F84A344F
:10A58000C06810B10368DB699847A0680368BDE83C
:10A590001040DB69184710BDF8B5244F0446384613
:10A5A000F7F71BF8F7F785F8064697F99200F7F7E3
:10A5B00080F805463846F7F719F81D4B84F86066B1
:10A5C00093F8353084F86156333384F85536642275
:10A5D000442384F8622684F85636FF22D4F858368D
:10A5E00084F864266D2262F31703C4F85836C0F16C
:10A5F0000A000023C4F85C3684F8713700B24FF4C7
:10A600003943A4F8723780F30700092384F86306FE
:10A6100084F8743704F5CA6004F5A471F8F7A8FB50
:10A620002046BDE8F840FFF765BF00BF803100203D
:10A630007C03002010B5194B194A93F83530C0F847
:10A640006026333380F85536442380F85636D0F8E8
:10A6500058366FF31703C0F85836002380F85C367D
:10A6600080F85D3680F85E3680F85F3680F87137A6
:10A670004FF44853A0F8723703220923044680F8A8
:10A68000642680F8743700F5A47100F5CA60F8F705
:10A690006FFB2046BDE81040FFF72CBF7C03002075
:10A6A00000088004F0B587B004460021102202A8FB
:10A6B000019106F072FB484B93F8352001AB03CBB8
:10A6C00001ABC4F88006C4F8841603CB01ABC4F810
:10A6D0008806C4F88C1603CB3332D2B2C4F8900685
:10A6E000C4F8941601AB04F5D36505AF1E4603CE3E
:10A6F000BE4228606960334605F10805F6D133880B
:10A700002B80442384F85636D4F8583684F85526DE
:10A71000942262F3170318216FF05D02C4F85836D3
:10A7200084F85C16002384F86C262021282284F803
:10A730005D1684F85E3684F85F3684F8603684F8F7
:10A74000613684F8623684F8633684F8643684F8B7
:10A75000653684F8663684F8673684F8683684F897
:10A76000693684F86A3684F86B3684F86D2684F886
:10A770006E3684F86F3684F8703684F8713684F853
:10A78000723684F8733684F8743684F8753684F833
:10A79000763684F8773684F8783684F8793684F813
:10A7A0007A3684F87B3684F871374FF432430B4A9B
:10A7B000A4F872374E2304F5CA60C4F87C2684F8E6
:10A7C000743704F5A471F8F7D3FA204607B0BDE852
:10A7D000F040FFF78FBE00BF7C030020D016CB0FE8
:10A7E00038B504461C4884F85E26002284F85F26AB
:10A7F00084F8602684F8612684F8622684F863264B
:10A80000442290F8350084F85626D4F85826A4F847
:10A810005C1684F8643684F871374D218F239DF8D7
:10A82000105084F8733761F317020A23333084F829
:10A83000550684F8655604F5CA60C4F8582684F8AD
:10A84000725784F8743704F5A471F8F791FA20462A
:10A85000BDE83840FFF74EBE7C030020F0B502296A
:10A860008BB004460D461CD1414B42481B7800EB8F
:10A87000031000F58970F6F7F5FF3F4B18603F4A6B
:10A880000C236B43D718D3583A7900210191511EFC
:10A89000082908D8DFE801F009096262666607073F
:10A8A00069003029EBD90BB0F0BD1B788DF804306E
:10A8B00000218DF8242005A81022019E06F06DFAD3
:10A8C000BF683846F5F766FCC2B2102A394628BF81
:10A8D000102205A806F0E9FB264BC4F85C6693F845
:10A8E00035209DF8243084F874363121333284F8D1
:10A8F00060160021D2B284F86116A4F8625605AB46
:10A9000004F2646609AF1D4603CDBD42306071603C
:10A910002B4606F10806F6D1442384F85636D4F8BF
:10A92000583684F85526162262F31703C4F85836B1
:10A93000002384F871374FF45C43A4F8723719236D
:10A9400004F5CA6084F8743704F5A471F8F710FAB6
:10A9500020460BB0BDE8F040FFF7CCBD1B88ADF83A
:10A960000430A5E71B680193A2E71B6801939FE7EA
:10A97000FC0200207C030020780600200400002058
:10A980002DE9F041884D894F2B78142202FB037387
:10A9900088B093F85530012B04460E4618D191F833
:10A9A000211197F8352049B102F13303DBB28B4214
:10A9B0000ED196F822310BB1442B09D1B368C3F301
:10A9C0001703172B52D006D8142B2BD0152B41D0A0
:10A9D00008B0BDE8F08103F180734B3B23F07F4367
:10A9E000012BF5D833329142F2D196F82231442B23
:10A9F000EED1358DF06840F207239D4200F0CF8004
:10AA0000B5F5027F00F0BC80B5F5007F08D1F6F700
:10AA10001DFB942800F0B480B0F5967F00F0BF8055
:10AA20000222B4E002A83146F7F77DFFBDF9080025
:10AA3000002804DA03A8F8F7CDF80028C8DB30288E
:10AA4000C6DCA4F8C208B4F8BA3843F01003A4F87E
:10AA5000BA38BDE7012384F8C0380023A4F8C2380F
:10AA6000534B1B68643BC4F8C438B1E7333291429E
:10AA7000AED196F82231442BAAD196F80180B8F1D4
:10AA8000160F06F10C012ED8424602A806F00DFB67
:10AA900002ABC8F11702002103EB080006F07DF9B4
:10AAA0000DF10E00F8F796F8B0F1000890DB414A7E
:10AAB0009DF81E1008EB4803980002EB83031B79F6
:10AAC000994285D1B8F1300F1FFA88F622DC01399E
:10AAD000029B125808291DD8DFE801F01B1B3939E9
:10AAE0003B3B1C1C3D000B4602AA1C3618685968EB
:10AAF0009446ACE803000833B3426246F6D11868C6
:10AB0000CCF8000099889B798CF80630ACF80410DA
:10AB1000C6E713702878F9F7B1FC2A78142303FBF1
:10AB20000273012183F8551097F82D300BB987F87F
:10AB30002D10B8F1020F10D11F4B07EB021019684E
:10AB400000F58970F6F7C8FEA4F8C2687BE71380A9
:10AB5000E0E71360DEE71360DCE7B8F1000FF3D144
:10AB6000164B1A78002AEFD083F8008060232380E8
:10AB70000F4B1B680BB16360E6E74FF0FF33FAE75A
:10AB8000B4F8BA3843F00203A4F8BA380022B37913
:10AB90000093737929462046FFF722FE18E7B4F8A0
:10ABA000BA3843F00403EFE7FC0200207C030020E6
:10ABB000784B002004000020780600203C30002064
:10ABC00010B52F4B1A782F4B142101FB023304468A
:10ABD00093F85530012B37D12B4BD0F8BC281B688C
:10ABE0009A1AB2F57A7F21BFB0F8BA28C0F8BC38FB
:10ABF00042F00102A0F8BA2890F8C02862B1D0F85B
:10AC0000C4289A1A312A81BFB0F8BA28C0F8C438CB
:10AC100042F01003A0F8BA38B4F8BA38DA0614D5FE
:10AC200023F01003A4F8BA38B4F8C2182046FFF78E
:10AC300015FEB4F8C23801339BB2302BA4F8C238E9
:10AC400002D9002384F8C03810BD980708D523F036
:10AC50000203A4F8BA382046BDE81040FFF722BD31
:10AC6000590702D523F00403F3E7DA07ECD523F004
:10AC70000103A4F8BA382046BDE81040FFF7DABC5B
:10AC8000FC0200207C030020784B002038B5134BD9
:10AC9000134A1B68C0F8BC38002380F8C038A0F8FD
:10ACA000C238C0F8C438A0F8BA3813700D4B0E483B
:10ACB0001B780E4D00EB031000F58970F6F7D2FDFE
:10ACC0000B4B02241860E0B2FAF7B8FD01342F2CC8
:10ACD000286305F10C05F6D138BD00BF784B002084
:10ACE0003C300020FC0200207C03002004000020F7
:10ACF000780600206FF0FF03036040F6FF23838097
:10AD0000002383600373704770B5404D404B044689
:10AD10002878142202FB003292F84F60032E02D9E9
:10AD2000042E0CD0FEE73B4E3668A66092F84C200D
:10AD3000032A18BF0021A268E1601AB9FEE7A160EA
:10AD40000021F8E7142101FB003393F85130013B57
:10AD5000022B9EBF2F4B9B68E360E3689A4200D1B1
:10AD6000FEE70023C4E90433C4E95233C4E9543391
:10AD7000A3617F23A4F85831F7F75AFDA878022879
:10AD800042D0431F58425841234940F2FF12FEF778
:10AD90007FFB0220A4F84E24204A0870002348704C
:10ADA0008870C8701E49137053709370D370C4F8C4
:10ADB000DA31C4F8DE31C4F8E231C4F81233C4F831
:10ADC0001633C4F81A33A4F84C34A4F84A341A469B
:10ADD00001330C2B0A70CA704A708A7001F10401A9
:10ADE000F6D1104B1B6803F57A7304F6A800C4F87B
:10ADF000A438FFF77FFFA4F8B828228062602046BD
:10AE0000BDE87040FFF742BF0120BDE7FC02002013
:10AE10007C0300205C03002039060020050600208A
:10AE200009060020784B002003464078FF2808D010
:10AE30001B68044A23F07F4323F0FF03934208BFBB
:10AE400002207047000101000C4B02781B6810B50E
:10AE50001AB903F21B63836010BD90F90520002A24
:10AE6000FADD816840F21B64591AA142F4D983606B
:10AE7000013A012342710373EEE700BF784B0020D3
:10AE800070B590F90530002B88B005460C461DDBE7
:10AE90004E78182E01F10C011AD8324601A806F09E
:10AEA00004F901ABC6F119020021981905F075FFEC
:10AEB0000E4903A8F5F764F940B90198F6F7C6F80A
:10AEC00010B10B4BC3F8D404FF236B7108B070BDF5
:10AED0000B4601AA243418685968164603C608337D
:10AEE000A3423246F7D11B783370E1E731220108E3
:10AEF00024070020007840B14B79834204D188793F
:10AF0000431E584258417047002070475379032B25
:10AF100010B504460AD14B7903709379DB0943706D
:10AF20001079FDF7A9F8E0701368237110BD0000D7
:10AF30007FB58B6833F07F4305460C4600F6A806C4
:10AF40000ED18B79012B0BD101A8F7F73FFC9DF8AF
:10AF50000930082B04D001AA21463046FFF7D6FF5E
:10AF600021463046FFF7C6FF88B3A368C3F3170333
:10AF7000162B32D0F52B16D16678012E29D8324601
:10AF800004F10C0101A806F090F801ABC6F1020231
:10AF90000021981905F001FF9DF805309A1E5342D3
:10AFA000534185F8AA3895F8B83853B195F8B938AF
:10AFB00021790C480133DBB2CB1A59425941F6F7DB
:10AFC00039FB012385F8B838237985F8B93804B0FE
:10AFD00070BDA389ADF80430DEE73046FFF750FFBF
:10AFE000E1E700BF803100207FB52E4E044600F11E
:10AFF0001C05B4F85411B4F85621881A83B2000421
:10B0000044BF80339BB20BB904B070BD91421FBFE7
:10B01000B4F85811A31801320A4096F82D101ABF3F
:10B0200093F85A31A4F856210023022904F11002A2
:10B030002946684620D1FEF765FE9DF80030022BB8
:10B04000D7D1E368DBB9A0680368BDF802201B69AB
:10B050002946984704F5CA662A4669463046F7F7F6
:10B06000F5FB31461048FEF713F83146204604B090
:10B07000BDE87040FFF75CBFF7F770FCDDE70B4EF3
:10B0800069460020F7F71AFE737833B1A068BDF85F
:10B090000220036829461B699847B378002BD9D052
:10B0A000E068D1E77C03002024070020050600208B
:10B0B0000148FFF7B9BE00BF7017002010B54E4C15
:10B0C00086B000211622684605F067FE2046F6F796
:10B0D00096FA94F88C308DF800008DF801302046F7
:10B0E00094F88D308DF80230F6F780FA94F89130AC
:10B0F00094F890208DF803005B0002F0010203F049
:10B100000203134394F8A52043EA821394F8A6207F
:10B1100043EAC2139DF80B2002F03C021343204681
:10B120008DF80B30F6F77EFA94F894308DF80830ED
:10B1300094F8923094F895208DF8093094F8963070
:10B140008DF80700DB00920002F0040203F0080310
:10B1500013439DF80B2022F00C02134304F1280046
:10B160008DF80B30F6F704FE8DF80C002046F6F74C
:10B1700012FA8DF80D0004F11400F6F7F9FD8DF8C0
:10B180000E0004F13C00F6F7F3FD8DF80F002046A9
:10B19000F6F712FA8DF810002046F6F74EFA94F8FA
:10B1A000A7308DF81230154B8DF811005B7C8DF8AF
:10B1B0001330FFF77DFF124B1A78931E5A425A4103
:10B1C00000F0030343EA02230E4A0F48127943EAD0
:10B1D0004223BDF8142023F0FC039B0522F44072A7
:10B1E00022F003029B0D134302216A46ADF814308E
:10B1F000FBF76CFD06B010BD80310020180C00205C
:10B200001D070020480600209017002070B54C88CC
:10B21000B4F5427F03464FF000000AD80D780B2D9D
:10B2200077D8DFE805F0060F1C2C2F32383B545737
:10B230005B6DA2F124046242488062410A7083F887
:10B2400009033EE04D2A01D0582A06D11A70022285
:10B250000A70002083F8090370BD0022F8E702F0AD
:10B26000FD003C2801D0212AF7D15A701A784D2AC6
:10B270000CBF082203220A7000229A70E9E79A7034
:10B280000422DBE79A800522D8E7988800EB0222A7
:10B290009A800622DCE7DA800722CFE7D88800EB25
:10B2A000022292B2002ADA800CBF0B220A220A7014
:10B2B00000224A80012283F80923DB88B3F5407F0E
:10B2C00001D80020C8E7002008704880C4E7DA8071
:10B2D0000922B3E79A800A220A70EBE7B4F5407FAF
:10B2E0003CBFE41822724A88013292B24A80D88860
:10B2F00090429CBF0B220A70012283F80923E0E7E9
:10B3000083F8082302220870488083F8092301206B
:10B31000A2E708704880D4E7CB88B3F5407F70B5CA
:10B3200031D8242303700B7843704B7883700B78EB
:10B330004D2B14D1CB88C3708B8803710523002259
:10B34000CD88D4189542A6B210FA84F415D891F895
:10B3500008232270CA880132981880B270BD8B7899
:10B36000C3708B8803718B881B0A4371CB888371F0
:10B37000CB881B0AC3710823E1E78C180132247AB9
:10B38000845592B2DCE70020E8E700002DE9F74F92
:10B3900016464A88B2F5427F04460D462ED80B78F1
:10B3A0000A2B0FD9A3F16402032A03D900202870C5
:10B3B00068802DE0653B8F4F022B33D8DFE803F028
:10B3C00063A4A70000210A2BF0D801A050F823F0B5
:10B3D000FDB3000817B40008ADB30008ADB3000812
:10B3E0005BB4000869B4000875B400087BB40008B9
:10B3F000ADB30008ADB30008E9B40008A6F1240716
:10B400007E424FF000007E4168802E7084F8090370
:10B4100003B0BDE8F08F6F2E0CBF642300232B70A8
:10B420000020F3E716F0040F14BF4D2358233E709D
:10B4300023703A78D1070ED412F0020F14BF2123E3
:10B440003E236370C2F3C003D20648BF43F0020339
:10B45000A3700423E3E73C23F3E7A68005232B70C6
:10B4600084F809130020D3E7A38803EB0623A38005
:10B470000623D4E7E6800723F1E7E38803EB0623FE
:10B48000E3806523CBE70DF106007E70F7F7EAF85D
:10B490003978F7F7DFF8A7882179F7F7DBF8390A69
:10B4A000F7F7D8F8E788A179F7F7D4F8390AF7F76A
:10B4B000D1F89DF80630B34206D000232B706B8084
:10B4C000032384F80933CDE7002F0CBF66230A233A
:10B4D0002B70012384F8093300236B80E288B2F5D6
:10B4E000407FBFD92B70BDE7B2F5407F3CBF12193A
:10B4F00016726B8801339BB26B80E2889A4201D846
:10B5000066232B700123DCE77E806723F9E7B7F819
:10B51000028097F8009008EB06284FF6FF730DF1B4
:10B5200006001FFA88F84946ADF80630A7F80280F1
:10B53000F6F76CFF2679B4F804A03146F6F766FFFB
:10B540004FEA1A21F6F762FF94F806B0B4F806A0A5
:10B550005946F6F75BFF4FEA1A21F6F757FF79785D
:10B5600004F10807F6F752FF52463946F6F75AFF3C
:10B57000BDF8063043453AD119F0040015D086EAEB
:10B580000B01E21D002398B2824584F8081307D806
:10B590000223012000222A706A8084F8093337E7E9
:10B5A00012F8010F01334140EDE7A178F6F70EF9EB
:10B5B000217984F80803F6F709F9A18884F80803CB
:10B5C000090AF6F703F9A17984F80803F6F7FEF8FB
:10B5D000E18884F80803090AF6F7F8F8E28884F8A5
:10B5E00008033946F6F7F8F884F80803D0E7032390
:10B5F0000020CFE7D42F0020CB88B3F5407F2DE982
:10B60000F04104460D464AD84B783C2B40D0A3F17C
:10B610002100434243415B002A784D2AAA7808BFA3
:10B6200043F00403D10748BF43F0080392074FF0EB
:10B630002402227048BF43F010036F226270A3708F
:10B64000AB88E370AB881B0A2371EB886371EB88CE
:10B65000A71C1B0AA3713846F7F7E0FA0822E0712D
:10B66000E988A2F108039BB2561C8B42B6B204EBE8
:10B6700002080FD3063189B23846F6F7EBFE88F898
:10B680000000000AA055E8880A3080B2BDE8F081C9
:10B690000123C1E72B441B7AA3543246E0E7002084
:10B6A000F4E700000F4B1A780F4B142101FB023313
:10B6B00093F84F30032B02D9042B10D0FEE70B4B2D
:10B6C0001B68036000234360C0F81233A0F82236E1
:10B6D000A0F8203640F2FF33A0F82436704700234C
:10B6E000EFE700BFFC0200207C0300205C03002089
:10B6F000F8B5B0F82026B0F82236D21A93B2120468
:10B7000044BF03F580639BB2E62B044608D800F2E1
:10B71000163500F21236206803685B69984700B955
:10B72000F8BD206803689B69984731460246284661
:10B73000FFF76CFD0028EED004F626272946384690
:10B74000FFF75AFF00239AB29042E4D9B4F82016CA
:10B75000B4F824C64A1C02EA0C02B4F822C6944586
:10B760001EBF091917F803C081F826C603F10103AB
:10B7700018BFA4F82026E6E7F8B500F1080504464E
:10B780000A46011D2846FFF701FEF8B1637A3E2BF9
:10B790000DD1A37AA2899B0705D529460C48BDE89F
:10B7A000F840FDF78DBC42F6FF739A42F5D004F6DF
:10B7B000262629463046FFF7AFFD0246206801687D
:10B7C0000F693146B847637A3E2BE6D0F8BD00BF1B
:10B7D0002407002003680BB1FFF7CEBF7047034674
:10B7E000006868B1B3F82026B3F82236D31A98B2AD
:10B7F0001B0444BF00F5806080B2003818BF0120F0
:10B8000070470346006880B1B3F82226B3F82016CB
:10B81000914209D09918013291F82606B3F82416FE
:10B820000A40A3F8222670470020704703460068AC
:10B8300038B10022A3F82226A3F820260368DB698A
:10B840001847704710B504460548FEF790FE0548B6
:10B85000FFF7ECFF60680368BDE81040DB6918473C
:10B86000C80E00209422002010B5094B1A78094B0D
:10B87000142404FB023393F84F30032B02D9042B1A
:10B8800002D0FEE7044B1968416001B9FEE710BD24
:10B89000FC0200207C0300205C03002073B572B61C
:10B8A0002B4C2C4DF7F73EFDF8F7C8F9F7F70AFDDA
:10B8B000F7F7F4FCF8F73CF8F8F77AF9F8F790FFA7
:10B8C000237825492548142202FB0311A36C009319
:10B8D000626C91F8513091F84F10F9F76FFE002625
:10B8E00002232B73C5E90466AE60F7F781FE1C4B9B
:10B8F0001E70F7F79DFC1B4B1B48D02283F83223A8
:10B90000F7F72CFD3146284603F08AFC4FF47A7095
:10B91000F7F724FD94F85C2094F85B101348FBF7CC
:10B920004BF994F85C101248FCF716FD94F85D4052
:10B9300010482146F6F7C4FB3CB10F4B0F4A1A6082
:10B940000F4B104A1A60FAF7FBFD62B602B070BDE9
:10B95000FC0200202C3200207C0300205C0300202D
:10B960005002002000E100E0E09304009017002066
:10B97000240700204C0E002054020020F924000867
:10B9800058020020292E000873B51648164C4FF6B1
:10B99000FF7103F085FD206023689B0712D5134ECD
:10B9A00035798DB10F4808236A46002103F009FC60
:10B9B000D6E90602DDE900139A4208BF884201D0A9
:10B9C0000023236002B070BD02236A460548294661
:10B9D00003F0F7FB064BDA8BBDF800309A4218BF34
:10B9E0002560EFE72C320020B00E00204806002032
:10B9F000FC020020044A00231370044A1380044A06
:10BA00001370044A13707047BE0E0020C00E002051
:10BA1000903200200C0C0020024B1878B0FA80F015
:10BA200040097047BE0E00200D4A11780346A9B99F
:10BA300010700C4A012010700B4A032B118009D0A2
:10BA4000042B01D083420AD1084B002283F8A420A2
:10BA5000012070474FF4FA7313807047002070473D
:10BA6000BE0E002090320020C00E002038050020BD
:10BA7000034A00231370034A1380034A137070476C
:10BA8000BE0E0020C00E0020903200200A4A08B5E9
:10BA9000138883B1013B9BB2138063B9074B1B78BA
:10BAA000032B02BF064B01221A70FFF7E1FF054B83
:10BAB000002283F8FA2A08BDC00E0020BE0E002026
:10BAC0000C0C00209017002013B5C379212B12D144
:10BAD0000A4CF9F705FBFFF7CBFF94F8FA3A032B72
:10BAE00006D10DF1070120468DF80730FBF772FAF9
:10BAF000002384F8FA3A02B010BD00BF901700206E
:10BB000010B50D4B1B78013B032B14D8DFE803F075
:10BB100002090D072023BDE81040F9F7D1BA24230C
:10BB2000F9E7BDE81040F9F72FBB2323F9F7C8FA6E
:10BB3000024B00221A7010BDBE0E00209032002071
:10BB4000034B01221A7000225A711A71704700BF0C
:10BB50003D300020054A064B12791B7F1AB105497A
:10BB60005B22F9F779BD04495B22FAE74806002019
:10BB7000FC02002091320020EC32002038B5114B3D
:10BB80001A79054632B1014600221846BDE8384010
:10BB9000F9F7BABD0C4A0D495B23F9F753FD7DB99E
:10BBA0000A48F9F77DF90128044607D0002808491A
:10BBB000284614BF01240224F9F76CFD204638BD45
:10BBC0000148EEE74806002022310020C73000205F
:10BBD00080310020024B1878831E5842584170472C
:10BBE0001D070020044B1B78022B06BF034B93F864
:10BBF000A4000020704700BF1D070020380500206A
:10BC000010B50446FFF7EEFF70B10D4BD3F8AC3022
:10BC100042F6A002934208D80A492046FAF778F87B
:10BC200009492046FAF774F810BD42F6A102934282
:10BC3000FAD006492046FAF76BF80549F1E700BF4C
:10BC4000380500203F22010875220108AB220108B7
:10BC5000E122010810B50446FFF7D2FF206807492A
:10BC6000F7F70CF9064B206819783031C9B2F7F7AD
:10BC700073F804492046FAF74BF810BD1723010862
:10BC8000FC020020291F010830B5044695B0FFF7DB
:10BC9000B7FF1E492068F7F7F1F81D498B7863B1AB
:10BCA0002F22023108A805F0AEF81A492068F7F7EC
:10BCB000E5F8206808A9F7F7E1F817492046FAF7F0
:10BCC00027F816492068F7F7D9F8154B1B78022B8F
:10BCD00019D1144D95F8A4309BB1206805F1B0013D
:10BCE000F7F7CCF80B492068F7F7C8F8D5F8A81093
:10BCF0006846F5F7ABFE69462046FAF709F815B035
:10BD000030BD0949F8E70949F6E700BF21230108DA
:10BD1000780E0020CC200108291F010842230108C9
:10BD20001D07002038050020492301082B260108A3
:10BD30002DE9F041254E264FDFF898800446002576
:10BD400094F88D20EBB29A423ED994F88E30102BA5
:10BD500037D8DFE803F00913181A1C1E2022242606
:10BD6000282A2C2E303234002046FFF749FF94F861
:10BD70008E30013384F88E300135E1E716492046D4
:10BD8000F9F7C6FFF3E71549F9E71549F7E715494C
:10BD9000F5E71549F3E71549F1E71549EFE71549C7
:10BDA000EDE71549EBE71549E9E71549E7E71549D7
:10BDB000E5E71549E3E74146E1E73946DFE7314684
:10BDC000DDE7002384F88C30BDE8F081F925010817
:10BDD000BE2501088D2501085E2301088223010884
:10BDE000B0230108D9230108052401082D240108E6
:10BDF000552401087E240108A7240108EB2401082A
:10BE000011250108372501085A25010838B590F891
:10BE10008E30044663B990F88F30012B01D9032B83
:10BE200006D1FFF7DFFE18B920492046F9F770FF69
:10BE3000002594F88E102E2903D9002384F88C3025
:10BE400019E04B1C84F88E3094F88F30012B13D1FD
:10BE50000846F9F7BDFC0028EBD10846F9F7CAFC03
:10BE60000028E6D12046FAF7DDF8013594F88D3048
:10BE7000EDB2AB42DDD238BD022B05D10846F9F751
:10BE8000A7FC0028EED1D4E7032B07D10846F9F729
:10BE9000B1FC0028CDD0FFF7A5FEF2E7002BE1D1E1
:10BEA0000846F9F7A7FC0028DCD0F4E725260108AE
:10BEB0002DE9F043037993B00446C3B190F88C3078
:10BEC000013B032B19D8DFE803F00252575C0068EE
:10BED00003685B69984768B1206803689B69984765
:10BEE0000023A94984F88C302046F9F711FF13B0DC
:10BEF000BDE8F0832046FAF7F9F8A44B1E6894F8E1
:10BF000085308BB1D4F88830F31AB3F5FA6F0BD9BA
:10BF10009F492046F9F7FCFE9E492046F9F7F8FEB6
:10BF2000002384F885306371994FDFF86C82DFF865
:10BF30006C92206803685B6998470028D7D0206816
:10BF400003689B6998470A280546C4F888601DD095
:10BF50000D281BD02C2819D03B2817D0014620686B
:10BF6000F6F7FAFE29462046F9F706FFE1E713B097
:10BF7000BDE8F043FFF7DCBE13B0BDE8F043FFF7C8
:10BF800045BF13B0BDE8F043FAF758B9394620462B
:10BF9000F9F7BEFE41462046F9F7FCFE50B10223F8
:10BFA00084F88C30002384F88E30002384F88530A8
:10BFB0006371BEE749462046F9F7ECFE0028EED152
:10BFC00077492046F9F7E6FE0028E8D17549204672
:10BFD000F9F7E0FE054618B12046FFF755FEE4E705
:10BFE00071492046F9F7D6FE40B12046FFF732FEF0
:10BFF000032384F88C30A4F88E50D6E76B49204692
:10C00000F9F7C8FE50B12046FFF724FE032384F859
:10C010008C304FF48073A4F88E30C6E76449204614
:10C02000F9F7B8FE40B12046FFF714FE032384F869
:10C030008C304FF40073EEE75E492046F9F7AAFE14
:10C0400040B12046FFF706FE032384F88C304FF4FE
:10C050004073E0E70AAA02A92046F9F7FBFE002890
:10C0600042D002A90DF10200F9F720FD20B9524992
:10C070002046F9F74DFE98E79DF802502846F9F75B
:10C08000B9FB20B1FFF7AEFD08B94C49F0E79DF8C8
:10C0900028303F2B0BD12046FFF7DCFD29462046F8
:10C0A000F9F7C0FF29462046F9F754FF7DE70BB9A1
:10C0B0004349DDE72A460AA90DF10300F9F7DCFD43
:10C0C00008B94049D4E72046FFF7C4FD2946204679
:10C0D000F9F7A8FF9DF80330002B3FF466AF052168
:10C0E0003948F5F780FE60E738492046F9F752FEF7
:10C0F00090B135480621F5F776FE2046FFF7AAFDF8
:10C10000334B1B78022B05D02C492046F9F700FE53
:10C110003049ADE73049ABE730492046F9F73AFE00
:10C1200028B101212848F5F75EFE2D49A0E72D49E9
:10C130002046F9F72FFE90B123480721F5F753FE6B
:10C140002046FFF787FD224B1B78022B05D01B49A9
:10C150002046F9F7DDFD24498AE7244988E7244988
:10C1600001AA2046F9F71EFE00285AD0019D092D8C
:10C1700001D920497CE72046FFF76CFD1E4B1B7858
:10C180009D423DD11D4973E75C260108784B002094
:10C190007626010878260108BC31010882260108AC
:10C1A0007F20010896300108872601088A260108A9
:10C1B0008F260108952601089B26010825260108DF
:10C1C000B7260108CF26010850320020E2260108D8
:10C1D0001D070020E926010800270108142701088F
:10C1E00019270108302701083727010850270108BF
:10C1F0006627010872270108FC0200209627010823
:10C200002A461D480A21F5F7F0FD1C492068F6F77B
:10C2100035FE05F13001C9B22068F6F79DFD1849D9
:10C2200026E718492046F9F7B5FD054640B1012338
:10C23000154984F88C302046F9F76AFD134917E751
:10C2400013492046F9F7A6FD28B1042384F88C3061
:10C2500084F88E50A9E60F492046F9F79BFD08B1F6
:10C2600003213DE794F885100B4A0C4B00290CBFC5
:10C2700011461946FCE600BF50320020AB270108EA
:10C28000291F0108D4270108C1270108DA2701085E
:10C29000F727010801280108422601084E26010857
:10C2A0000148FFF705BE00BF8406002010B5184BFB
:10C2B0001A78184B0446142000FB023393F85500FB
:10C2C000012822D12288930605D522F0200222805F
:10C2D00005230B7010BD12F0400317D0FFF782FC4E
:10C2E00028B1FFF799FB10B900230120F1E760683E
:10C2F00030B1094B1B681B1A312BF5D90023636041
:10C3000022F0400222800623EFE700231846E0E7F0
:10C31000FC0200207C030020784B002013B50DF1B7
:10C3200007010446FFF7C2FF18B19DF8070002B0ED
:10C3300010BD2080FBE700002DE9F04106460C46C9
:10C340001546FFF74FFC70B1184B93F82D30581E6F
:10C35000012819D8164BB3F85861B3F8567100226A
:10C3600091B28D4201D8BDE8F081B3F85401411C6F
:10C370003140B9421FBFC01814F802C080F85AC13A
:10C38000A3F854110132EBE7032B09D1094E0D44F8
:10C39000AC42E8D014F8011B3046FFF71BFAF7E770
:10C3A00070680368BDE8F0411B6918477C030020F2
:10C3B000C80E002094220020F8B5214B214D1F7992
:10C3C000CB78C3F3000385F895304B79C3F3801322
:10C3D00085F896300646C87840080C46F5F763F9AC
:10C3E00085F892002379C3F3060385F893306379C7
:10C3F000227903F03F035B0043EAD21385F89430BF
:10C40000E6B1DFB1A37803F0F003202B04D120467E
:10C41000BDE8F840FFF758BBA2790B48E11D520870
:10C42000FFF78AFFA17905F164004908F5F7A2FC3E
:10C4300005F13C00BDE8F840F5F796BCF8BD00BF3B
:10C440003D300020803100204832002070B5054684
:10C45000B8B9184B184E1B78184A14794CBB022BEC
:10C46000174812D1B17801F00701F9F7A7F943791C
:10C47000C3B931460120FFF79FFF1248F5F788F84E
:10C4800009E0114B114E1B78E6E70122934202703E
:10C4900044710471EDD80B4880F89050BDE87040AD
:10C4A000F5F774B80A4B1C745C825C61094B1C7113
:10C4B000DFE770BDBA0E0020C7300020480600201C
:10C4C0003D30002080310020BB0E002022310020B2
:10C4D000C80E00209422002010B50246FFF782FB10
:10C4E000B8B10C4B93F82D30591E012904D8BDE882
:10C4F00010400948FEF718B8032B04D1BDE81040DE
:10C500000648FFF76CB950680368BDE810405B69E6
:10C51000184710BD7C030020C80E00209422002084
:10C5200010B50246FFF75EFBB8B10C4B93F82D3007
:10C53000591E012904D8BDE810400948FEF702B889
:10C54000032B04D1BDE810400648FFF75AB95068E4
:10C550000368BDE810409B69184710BD7C030020AC
:10C56000C80E0020942200202DE9F04FDFF8D8807B
:10C5700098F8004097B081460E461746002C48D1E7
:10C58000324B1B78022B40D1DFF8C4B00DF1180AF2
:10C5900025465846ECB2FFF79FFF40B15846FFF7DB
:10C5A000BFFF0135402D0AF8010BF2D12C46294876
:10C5B0002146F5F7DFFB2848F5F7D6FB27488DF82D
:10C5C000129090F8A4308DF80C30254B80F89190A3
:10C5D000DB788DF80D3090F890308DF81130F4F74D
:10C5E000FCFF8DF80E00F8F739FE10F0010F0CBFBC
:10C5F00033463B468DF814301A4B8DF8130093F8F0
:10C600005A3043B9B74206D0FEE71148FFF71AF98E
:10C61000D4E70024D2E71148F4F7F1FF98F800308E
:10C620008DF810004BB9104A1048009406AB03A9CE
:10C63000F8F72AFC17B0BDE8F08F0B4A0B4803A9A6
:10C64000FFF75EFAF6E700BF903200201D070020DA
:10C6500048320020D0310020A83100208031002055
:10C660003D300020FC02002044300020EC3200204D
:10C6700030B4084C257925B10146204630BCF8F786
:10C68000E3BE054C94F8A430013384F8A43030BCE8
:10C69000FFF76ABF480600208031002008B5024637
:10C6A000FFF7A0FA18B9A2F82206A2F82006064B56
:10C6B00093F82D30032B06D1136823B1BDE8084051
:10C6C0001046FFF715B808BD7C03002070B50023A5
:10C6D0009CB2A24200D870BD058886886C1C34408C
:10C6E0004688A6421EBF2D18CE5CAE7103F1010331
:10C6F00018BF0480ECE708B56830FFF7E7FF08BD16
:10C70000A0F11400F7E7000038B50A4B93F82D307C
:10C7100000F5EF65022B0446284608D1FDF768F8BE
:10C720000246294604F24A40FFF7D0FF38BDF5F72C
:10C73000C6FFF5E77C030020F0B587B00446102261
:10C7400001A8F5F7CFF9204B94F8A8C893F8352045
:10C7500084F85EC64FF0FF33333284F85C3684F8D9
:10C760005D36012384F85F3604F5CA67D2B201ABA7
:10C7700004F5CC660DF1140E1D4603CD75453060F1
:10C7800071602B4606F10806F6D184F8552644233D
:10C79000D4F8582684F85636142363F31702C4F8E5
:10C7A00058264DF2016284F871C7A4F8722784F804
:10C7B000743704F5A4713846F6F7DAFA394620469C
:10C7C000FFF7A2FF07B0F0BD7C0300202DE9FF4179
:10C7D0000446B0F84C14B0F84A04F6F743FAE3689C
:10C7E0004BBBDD2808D804F5F37604F5ED75A06899
:10C7F00003685B69984710B904B0BDE8F081A06890
:10C8000003689B6998472A46034631466846F6F70F
:10C81000A5F80028EBD09DF80030022BECD104F5F0
:10C82000CA65324669462846F6F710F8294620467A
:10C83000FFF76AFF94E0DD28DED84D4D2B780133F9
:10C84000DBB2012B2B700FD900232B70A06803687B
:10C850005B69984750B901232B70E06803685B69F6
:10C86000984730B9287004E0002BEFD02B78012BCB
:10C87000F3D004F5F37604F5ED772B78002B36D161
:10C88000A06803685B69984788B3A06803689B69E0
:10C8900098473A46034631466846F6F75FF800285F
:10C8A000EBD0DFF8D08069460120F6F707FA98F858
:10C8B000023033B1E068BDF80220036831461B69DD
:10C8C00098479DF80030022B11D104F5CA67324613
:10C8D00069463846F5F7BAFF98F800301BB139467B
:10C8E0002046FFF711FF39462046FEF749F804F2CB
:10C8F0001E3604F212372B78012B7FF47DAFE068EF
:10C9000003685B69984700283FF476AFE0680368E6
:10C910009B6998473A46034631466846F6F71EF843
:10C920000028E8D0134F69460220F6F7C7F97B7854
:10C9300033B1A068BDF80220036831461B699847EF
:10C940009DF80030022B7FF457AF04F5CA653246DC
:10C9500069462846F5F77AFF3B78002B7FF466AFEF
:10C960002946204604B0BDE8F041FEF709B800BFF3
:10C970004406002005060020264B70B51E680446BC
:10C98000FFF730F958B9C4F8A468A4F85601A4F820
:10C990005401A4F84C04A4F84A0484F8B8081E4DC5
:10C9A00095F82D30013B012B33D82046FEF71CFBB8
:10C9B0002046FFF70BFF194B1B78142202FB03558F
:10C9C00095F8525095B1D4F8A438F31AB3F57A7F9C
:10C9D0000FD3C4F8A468012504F6A800FEF734FAC2
:10C9E0004DB12046BDE87040FDF7D6BDC4F8A4683F
:10C9F000F2E70025F0E794F8B4382BB1084984F841
:10CA0000B4582046FFF798FE2046BDE87040FEF778
:10CA1000D7B870BD784B00207C030020FC020020BA
:10CA2000312201082DE9F74FAB4E3378012B00F28C
:10CA3000FB800BB9F6F7A6FBFEF730FFA74B0022F1
:10CA40001A809A70A64B20229A6107244CF250302B
:10CA5000013CF6F759FCF6F781FC14F0FF04F5D120
:10CA6000A04BA1489C701C8002F049FD013880B2A7
:10CA70004FF6FD73984203D99C490120F8F76CFEEC
:10CA80009B4B9C4F1C609C4B97481C60391DF8F7D2
:10CA90008BF89A48F8F7FEFB97F82020202A00D957
:10CAA000FEE797F82800964D796AB7F82C9097F82A
:10CAB00029C097F82A30A871052800D9FEE7DFF8C9
:10CAC000448258F830E0BEF1000F00D1FEE708EBD9
:10CAD000C008C5F808E098F804E098F8058085F8E3
:10CAE00007E085F80C8085F8D500A5F80E9085F84C
:10CAF000D440B9F1000F00D1FEE7724524BF0EF11A
:10CB0000FF3E5FFA8EF205286A7400F0C8800128A3
:10CB100000F2CD800CF1FF30C0B200F0B7800228E7
:10CB200013D8581EC0B2032809D80C2A01D90C20EA
:10CB30006874687C904200D96A74644608E0122ADE
:10CB400084BF12236B740023F3E7052B28BF002357
:10CB50006B482246F5F775F800246B4B2C74684837
:10CB6000FF251D705D70F8F72DF801465E4802F054
:10CB70007CFB664B1C80664B1C70664B1C70664BC6
:10CB80001C80664B1C80664B1C70664B1C80664B81
:10CB90001C70664B1C70664B1C70664B1C70664BA1
:10CBA00001201C70FEF726FFFEF73EFFB7F84C3061
:10CBB000B7F84E2097F840106048F4F7A9FCB7F892
:10CBC0004C105F48F4F7CAFF5E48F8F7CDFD3A789D
:10CBD0005D4B5E48142101FB023393F84E10F5F7CC
:10CBE00077FA5B495B48FEF78FF85B48FEF75AFD22
:10CBF00057495A48FEF738FE5948F9F795F83A4828
:10CC0000F7F7C3FF5748F5F7F7F85748F5F7CAF8AD
:10CC10005648F5F71FFA564B1C70564B1C80564B66
:10CC20001C80F6F7D3FF3570F6F7DAFF394D002890
:10CC300000F0BD803B4A13880BB1013B1380334A9F
:10CC4000138813B92B4BB3F84C30013B9BB2012B2B
:10CC5000138030D12E4A1370FEF718FF2B78002B6B
:10CC600040F0A5801D4A2E4B90781978138858BB48
:10CC7000002B00F03384013B9BB2022913807FD04C
:10CC80001388002B7FD1F6F73FFB7CE0022804D805
:10CC90000C2A01D90C236B746446002358E70CF16D
:10CCA000FF33022BF9D8082AF6D90823F3E71448F2
:10CCB000F4F76EFF50E7002BCED101232B702F4BE2
:10CCC0005A6A154B1A80C7E7002B00F00B84013B12
:10CCD0009BB21380D4E700BF69300020B60E00205D
:10CCE00000040048780E00202C3200200C28010897
:10CCF000AC0E0020FC020020B00E002048060020F0
:10CD0000180C0020BC3201086A3000204833002093
:10CD1000B40E00200D0C00203A300020BC0E002084
:10CD20001D070020200700201E0700201C070020F0
:10CD3000BB0E0020BA0E0020C20E00208031002061
:10CD40007C3200203D3000207C0300204C0E00206F
:10CD5000A4170020C80E0020942200204832002092
:10CD600084060020684B0020503200201407002069
:10CD7000683000208C3200208E32002000440140B8
:10CD8000A54B20229A62A54C2388002B40F0CF802F
:10CD900040F2E7332380A248F8F7F2FAA148F7F708
:10CDA000F4FE23881BB9A049A048F6F759F8A04F14
:10CDB000A04C3B88022B00F0D480042B00F00081B3
:10CDC000012B0FD19C4B1A7C597C0132D2B291427B
:10CDD00098BF00221A74994B1146187AFFF748FC45
:10CDE00002233B8023683BB33B88032B40F0FE804B
:10CDF0002368DB070ED5924A00232360137843F0A3
:10CE0000010111708F4A92F85A200AB1980701D592
:10CE100004233B8023687BB1236823689A0748BFBB
:10CE200023682368884ADB0748BF23680023137000
:10CE3000864A23603B8013702B78002B00F07681AC
:10CE4000DFF80882774800242C70F7F743FE98F843
:10CE500000A0BAF1000F00F0D7802046FFF7F6FAE5
:10CE6000764B754D1C727A4B2A7C83F8A72098F874
:10CE70000020DFF8D491774C012A94BF00220122D0
:10CE800083F8A52099F80020012A94BF00220122EE
:10CE9000BAF1010F83F8A62023780BD9DFF8A4A1FB
:10CEA000002B00F0B480012B00F0F2806A4BBAF83E
:10CEB00050201A802378022B03D1674B1B8803B9BB
:10CEC0002370227800230120022A388088F800305D
:10CED00089F8003006D061490B701AB9FEF7C8FD19
:10CEE000FEF7A2FD5E4A138813B9564BB3F84E30D5
:10CEF000013B9BB2138013B95548F4F7A1FB54488A
:10CF0000F4F743FB2378022B02D05148F4F7E6FAFA
:10CF1000544B93F80080B8F1000F00F0E6803E4BD0
:10CF200020229A62F7F740FC01233370E8E0013BCE
:10CF30009BB22380002B7FF42EAF424B1A784A4BD2
:10CF4000142101FB023393F85330022B7FF423AFFB
:10CF5000464B1B78002B3FF41EAF3D48F4F762FBB5
:10CF600019E7434B434A5B6A12889B1A9BB240F213
:10CF7000ED2293427FF636AF3F4B40484FF000081A
:10CF800083F80080F8F7E0FA2B48F7F71BFE01461C
:10CF9000244802F06AF9294B187AFEF7DBFD0323D7
:10CFA0003B80274B364883F80080364BC3F800801F
:10CFB000354BC4F8008001221A71F4F721FF11E704
:10CFC00018484FF6FF71F6F759F902F0E4F91548E1
:10CFD000002102F014FA1C4A05233B800023137041
:10CFE0001A4A1370274A13602360FBE6052B7FF46F
:10CFF00011AF236899077FF50DAF00202060FEF781
:10D00000BDFD124B187005E7FEF79AFD28E70122D7
:10D0100022701E4A137049E7000400488C32002039
:10D02000480600202C3200207E1D01080000002050
:10D03000BC0E0020B00E0020180C00207C32002016
:10D04000C20E0020FC020020BB0E0020BA0E002001
:10D05000803100201D070020200700203D300020E7
:10D060008E3200200C0C00207C0300201C070020C6
:10D07000004401403A300020B40E00206A30002005
:10D08000684B0020AC0E0020240700201E07002063
:10D09000974ADFF860B213780133DBB213709BF864
:10D0A0000020EAB99AF8541099423FF6FFAE92492F
:10D0B00091F8A43043B9914B1B792BB992B1FEF78B
:10D0C000D7FC012381F8A4309BF8003013B98C48B9
:10D0D000F4F757FA0223237001238BF80030E5E6BA
:10D0E0000521E1E787490C20C8E48448F8F772F984
:10D0F000F8F79CF90128074605D003283FF414AF40
:10D1000003B0BDE8F08F7D48F8F704F941F28833A9
:10D11000A5F8D6307C4B85F8D4702022A5F8D880AD
:10D120009A617A4B84F800809F70E9E7784C794DDA
:10D1300094F85B30EBB178497848F9F779FD68B13C
:10D140002278774B142101FB0233012293F84C30F3
:10D15000032B04BF01232B70704B1A716F480DF124
:10D160000301F9F77DFD20B19DF80330F3B1012BE8
:10D170001FD094F85B3023B994F85C30002B00F09A
:10D18000098166480DF10301F9F78FFD50B39DF851
:10D190000330033B0F2B25D8DFE803F016242424AB
:10D1A00024242448244C6373787E7A7CFDF786FF20
:10D1B000DFE75A4801A9F9F7A7FD0028D9D09DF863
:10D1C0000400FAF73BF8D4E7F7F7FEFA554B1B7863
:10D1D000022B4FF0030822D10420FEF725FC4F4B11
:10D1E00083F8FA8A94F85C30002B00F0D3804A4927
:10D1F0004D48FBF7FDF808B101232B70B4F84C2023
:10D2000049486946FBF716F900284FD09DF80030D1
:10D21000052B4BD8DFE803F0475F636792B83F48C0
:10D220008DF8048001A9F9F7D5FEDBE73F49A1F1AC
:10D230003300F8E7DFF8E48001A908F13300F9F7DB
:10D24000DFFF0028CED09DF80430002BCAD0354B2C
:10D2500018780228C6D1FEF7E7FB0C2388F8FA3AC3
:10D26000C0E7304B1B78022B07D10320FEF7DCFB15
:10D270002A4B0D2283F8FA2AB4E72D4B01221A70AB
:10D28000B0E701212B48F4F7AAFDABE70221F9E74B
:10D290000321F7E70821F5E7204B274893F83310DF
:10D2A000F4F7DCFE9EE72048FBF7D2FFDFF878803A
:10D2B0000DF101014046FBF7F3F800286AD09DF814
:10D2C0000130022B64D8002B00F0AE8019480121F8
:10D2D000F4F787FD5EE01448FCF702F8E6E7124831
:10D2E000FCF736F8E2E71048FCF79CF8DEE700BFF1
:10D2F0001E0700201C0700203805002048060020DB
:10D30000803100201628010800040048B60E0020D5
:10D31000FC020020683000204430002090170020DC
:10D320007C0300201D07002024070020C3170020D5
:10D330000C0C002050320020140700206B480DF127
:10D340000201F9F7E1FC18B19DF80200F9F776FF48
:10D3500066480DF1030201A9F9F718FC30B19DF8F8
:10D36000032001996248FBF7EFF89FE7FEF73AFCCC
:10D3700000289BD05F4B93F82D30013B022B95D8B2
:10D380005B48FBF7E9FA91E75948FCF70FF88DE79E
:10D39000032B4FD094F85D3023B157495748F4F729
:10D3A000BEFF08B92B78C3B100232B70514D2378F1
:10D3B000514953484FF0140808FB035393F84D208C
:10D3C000F4F782F823784C494E4808FB035595F84A
:10D3D0004A3095F85620F8F7D7F84B4B1B78002BBE
:10D3E0007FF48EAE3B88022B3FF48AAE4748FFF7AE
:10D3F000C3FA4748FFF752F94648F4F70EFD46488E
:10D40000F4F7D6FC10B94148FEF788FF431E102BF5
:10D4100060D8DFE803F03F464D5F192D375F5F4F5F
:10D420005F5F5B5F575F570098F869103B48F4F700
:10D4300015FEAFE798F816202C48023AD2B208F150
:10D440001801F9F78EFBA5E7354B1878022805D1AE
:10D45000FEF7EAFA254BFF2283F8FA2A2F48F4F761
:10D4600011FE00283FF44CAE2E4B01221A7047E605
:10D470002B4B1B78022B01D10320E9E7294B01221A
:10D480001A70EBE7F7F7A0F9254B1B78022BE5D1D3
:10D490000420DDE7244B1A79002ADFD101225A71DA
:10D4A000DCE7214B1A79002AD8D001229A71D5E7FE
:10D4B000F5F718FE1848F4F79BFCC1B21748F4F7CB
:10D4C000CDFDCBE71448F4F795FCC7E71248F4F715
:10D4D0008FFCC3E704283FF427ADBFE740F2F31306
:10D4E000FFF7CBBB6323FFF7F4BB00BF901700200F
:10D4F000240700207C030020443000204C0E002034
:10D500007C0600206A300020B40E0020C80E0020E7
:10D5100094220020684B0020503200201407002085
:10D520001D0700200C0C00204806002008B5FFF75E
:10D5300079FAFCE7524B534A534870B51A60534B83
:10D54000534A1A605A619A62DA63524A1A655A66F5
:10D55000514A9A67514A524B02F10801283200247D
:10D560005A6140F2FF12C3E91A427F254D4A196001
:10D57000C3F87022C3F86C42C3F8744AC3F8785AEF
:10D58000494B0360212380F80C3100F1DC03C0F823
:10D590001031102380F8143100F1C403C0F81C319D
:10D5A0000F2380F820311E2380F8243100F1F4038A
:10D5B000C0F82831062380F82C31072380F8303159
:10D5C00000F1FA03C0F8343100F1FC030222092112
:10D5D000C0F84031032380F8182180F8382180F802
:10D5E0003C1180F8443180F850210D2280F85421FC
:10D5F00000F20112C0F858210A26112280F8486171
:10D6000080F8602100F1FF0600F58272C0F84C61DD
:10D6100080F85C31C0F8642180F87831082200F18C
:10D62000D30300F1EC0680F8682180F86C2180F8C3
:10D630007421C0F87C3180F88011C0F8706100F569
:10D64000EA70FAF737FD194B194A1A601948214652
:10D65000F3F7EAFE184B194AC3F84C24C3E95545C1
:10D66000A3F84A44164B40F2FF32C3F82426C3F80D
:10D670002046144B144A1A60144B154A1A6070BDA8
:10D680002C3200203428010824070020803100209B
:10D69000D81E0108C01E0108CC1E0108385101081F
:10D6A000901700200000FF07305101084C0E0020A9
:10D6B0004C2901087C060020C80E00200000FF0154
:10D6C0009422002048320020EC500108684B0020D2
:10D6D0001C51010830B59BB0202200210BA803F09B
:10D6E0005CFB1822002102A803F057FB1C4A1368B8
:10D6F00023F4C06343F400731360136803F4C0633E
:10D700000193019B01224FF40413CDE90823002368
:10D710000A9310210623CDE915134FF40033022498
:10D72000032517934FF0005C4FF0007308A8CDE974
:10D730001345CDE9183C00F09FFB08B172B6FEE737
:10D74000CDE90400CDE906004F23214602A8CDE92A
:10D75000023500F02BFE08B172B6FEE71BB030BDFB
:10D7600000040058154B07B51A6842F480721A601D
:10D770001A6842F400721A601A6822F480621A6011
:10D7800000F0FAF8FFF7A6FF4FF0B043DA6C42F072
:10D790000102DA64DA6C02F001020192019ADA6C99
:10D7A00042F00202DA64DB6C03F002030093009B98
:10D7B00003B05DF804EBFFF7B9BE00BF00400058AE
:10D7C0007047FEE7FEE7FEE7FEE7FEE770477047BB
:10D7D0007047F6F715BA0120704708B503F030FC22
:10D7E000162303604FF0FF3008BD08B503F028FC96
:10D7F00016230360FEE770B50D4614460E46731BF4
:10D800009C4201DC204670BDAFF3008006F8010B9E
:10D81000F5E770B50D4614460E46731B9C4201DCBD
:10D82000204670BD16F8010BAFF30080F5E74FF00E
:10D83000FF3070474FF400534B60002070470120C9
:10D8400070470020704700000B4A116810B503466E
:10D8500009B90A491160106809490A4C0344091BB7
:10D860008B4206D903F0ECFB0C2303604FF0FF3032
:10D8700010BD1360FCE700BF744B0020004D00207A
:10D880000000012000040000704700000D4885469C
:10D89000FFF7FAFF0C480D490D4A002302E0D45867
:10D8A000C4500433C4188C42F9D30A4A0A4C0023EA
:10D8B00001E013600432A242FBD303F0C7FBFFF781
:10D8C00051FFFEE70000012000000020DC020020E4
:10D8D0006C580108E0020020004D0020FEE7704770
:10D8E0004FF0B04310B59A6B4FF0FF329A63D96B8B
:10D8F000DA630024996B9C63D96BDC63196C1A643E
:10D90000196C1C64596C5A64596C5C64996A9A620B
:10D91000996A9C62D96ADA62D96ADC62196B1A6305
:10D920001A6B1C63FFF7DBFF204610BD38B5104CA7
:10D93000237805460BB9012038BD00F08DFA227816
:10D940004FF47A73B3FBF2F3B0FBF3F000F074F82A
:10D9500004460028EFD10F2DEDD8024629464FF09E
:10D96000FF3000F037F8034B20461D60E4E700BFAE
:10D97000700200207402002010B5032000F018F897
:10D9800000F06AFA064B18600F20FFF7CFFF04463D
:10D9900018B9FFF715FF204610BD0124FBE700BFB3
:10D9A0006C020020014B1868704700BF784B0020C4
:10D9B0000749CA6822F4E0620302120403F4E06338
:10D9C000120C134343F0BF6343F40033CB60704742
:10D9D00000ED00E0164B30B5DC68C4F30224C4F15E
:10D9E0000703251D042B28BF0423062D4FF0FF3508
:10D9F0008CBF033C002405FA03F321EA0303A5408E
:10DA000022EA0502A340002843EA0203ACBF00F16A
:10DA10006040084A4FEA0313B8BF00F00F00DBB2C2
:10DA2000AABF00F56140135480F8003330BD00BF39
:10DA300000ED00E014ED00E00138B0F1807F0BD282
:10DA40004FF0E023054A5861F02182F823100020AE
:10DA5000072298611A6170470120704700ED00E0CD
:10DA60000A4A536943F4802330B55361EFF31084BD
:10DA700072B60023CD58C5500433B3F5807FF9D179
:10DA80001369DB03FCD484F3108830BD00400058D8
:10DA9000064B5A69002ABFBF054A9A6002F18832D4
:10DAA0009A60BABF5869C00F002070470040005804
:10DAB00023016745044B5A6942F000425A61586994
:10DAC000C043C00F704700BF0040005870B5054606
:10DAD000FFF768FF124E04463369D90313D4336944
:10DAE000DA0744BF012232614CF2FA32134011D1FD
:10DAF0000B4E306910F480200BD0FFF753FF001B52
:10DB0000A842F6D304E0FFF74DFF001BA842E3D381
:10DB1000032070BD024A1361024A01205360F8E7F6
:10DB2000004000587C4B00202DE9F041184D9846EC
:10DB30002B78012B06460C46174626D001232B7066
:10DB40004FF47A7000236B60FFF7C0FFA0B9012E7D
:10DB500016D1104A536943F0010353612760BFF3A4
:10DB60006F8FC4F804804FF47A70FFF7AFFF094A53
:10DB7000536923EA0603536100232B70BDE8F0814B
:10DB800039462046FFF76CFFEDE70220F6E700BFBD
:10DB90007C4B002000400058054A536923F47E73F3
:10DBA00043EAC00040F4803040F00200506170470A
:10DBB000004000582DE9F041234F3B78012B0546EA
:10DBC00088463FD001233B704FF47A7000237B607E
:10DBD000FFF77CFF044688B92B68042B13D11B4A3E
:10DBE000536943F4803343F0040353614FF47A7074
:10DBF000FFF76CFF0446154B1A681B6800233B7047
:10DC00002046BDE8F0814FF0FF33C8F800306E6861
:10DC1000D5E901321344B3420AD93046FFF7BCFFBD
:10DC20004FF47A70FFF752FF50B1C8F80060044615
:10DC3000064A536923F47E7323F002035361DAE743
:10DC40000136E5E70224DBE77C4B0020004000586A
:10DC5000024A136843F4807313607047000400584D
:10DC6000024B186800F4C060704700BF0004005801
:10DC70004FF0B0431868C0F3404070474FF0B043D6
:10DC80001868C0F3400070474FF0B042536823F467
:10DC90007F4343EA0023536070474FF0B043186856
:10DCA000C0F34060704700007FB54FF0B0432C4A8E
:10DCB000D3F80831C0F3031003F00F0352F82040EB
:10DCC000284A52F82330B4FBF3F4FFF7C9FF264B80
:10DCD000054693E80700B5F5007F04AB03E90700AC
:10DCE00010D0224B9C4218D303F5B70303F67F53A1
:10DCF0009C4229D903F5741303F510639C4225D87F
:10DD000002230BE01A4B9C4207D91A4B9C421BD9A9
:10DD100003F5370303F5D853F0E7002304AA02EB19
:10DD2000830353F80C4C144D2B6823F00703234353
:10DD30002B60FFF737FE06462B6803F007039C4273
:10DD400006D1002004B070BD0123E7E70024EAE714
:10DD5000FFF728FE801B0228EED90320F2E700BF60
:10DD6000E851010888510108681D0108C0CF6A0008
:10DD7000BFEA21013F933402004000584FF0B04306
:10DD800010B59A68D96812F00C0205D00C2A4AD155
:10DD900001F00303012B50D14FF0B0412B480B6829
:10DDA00013F0080306D00B6813F0080337D1D1F83D
:10DDB000941007E00C68240756BFD1F89430096826
:10DDC000C3F3032350F82330002A0CBF1846002069
:10DDD0004FF0B0418A6802F00C020C2A1ED1CA68CA
:10DDE00002F00302022A2ED0032A06D10B68184A39
:10DDF00013F4801F174B18BF13464FF0B042D06882
:10DE0000D168D268C0F306205843C1F3021301332E
:10DE1000B0FBF3F0530F0133B0FBF3F010BD0B6810
:10DE2000C3F30313CEE7042A0AD0082A05D11B68DE
:10DE300013F4801304D10748CAE700231846C7E744
:10DE400003480023C4E7024BD7E700BFE8510108AD
:10DE50000024F4000048E80108B5FFF78FFF4FF0F9
:10DE6000B043044A9B68C3F3031352F82330B0FB5A
:10DE7000F3F008BD885101082DE9F041044600285F
:10DE800053D04FF0B0439D68DE6803689B0605F0F1
:10DE90000C0506F0030668D5026A1DB10C2D46D1AB
:10DEA000012E44D1002A40D04FF0B043A16A1A6835
:10DEB000170756BFD3F894301B681B0903F0F00313
:10DEC00099421FD90846FFF7EFFE00282DD14FF0E9
:10DED000B042136843F0080313601368A16A23F08B
:10DEE000F0030B431360606AFFF7CEFEFFF7B4FF49
:10DEF000AB4B1860AB4B1868FFF718FD002834D007
:10DF0000BDE8F0814FF0B042136843F0080313609E
:10DF1000136823F0F0030B431360606AFFF7B4FE4D
:10DF20000846FFF7C1FE0028E0D00120E8E74FF0E7
:10DF3000B043002A54D01A6842F001021A60FFF779
:10DF400031FD0746FFF79AFE002842D04FF0B0425D
:10DF5000136843F0080313601368A16A23F0F00309
:10DF60000B431360606AFFF78FFE2368D80748D41D
:10DF70002368990700F18C8023681E0740F1FA801E
:10DF8000A3694FF0B046002B00F0E180D6F8943042
:10DF9000E16903F01002914200F0C48003F0030233
:10DFA000022AC2D0D80740F1B380D6F8943023F0CB
:10DFB0000103C6F89430FFF7F5FC0746D6F8943015
:10DFC000990740F1A580FFF7EDFCC31B112BF5D994
:10DFD00004E0FFF7E7FCC01B0228B3D903208FE75A
:10DFE0001A6822F001021A60FFF7DCFC0746FFF70F
:10DFF00045FE0028B9D0FFF7D5FCC01B0228F6D992
:10E00000ECE7082D03D00C2D05D1032E03D1636856
:10E01000002BADD189E74FF0B043A1681A6822F414
:10E0200080120A431A606268B2F5803F10D11A6804
:10E0300042F480321A60FFF7B5FC0746FFF718FE7E
:10E04000002895D1FFF7AEFCC01B6428F6D9C5E7C0
:10E05000B2F5041F04D11A6842F400121A60E6E710
:10E06000196821F480311960196821F400111960D0
:10E07000002AE0D1FFF796FC0746FFF7F9FD0028DC
:10E080003FF476AFFFF78EFCC01B6428F5D9A5E7F7
:10E09000042D236903D00C2D0ED1022E0CD1002BA0
:10E0A0003FF443AF4FF0B0426169536823F0FE4341
:10E0B00043EA016353605FE74FF0B046BBB133689A
:10E0C00043F480733360FFF76DFC074633685A05ED
:10E0D00007D57368626923F0FE4343EA0263736005
:10E0E0004AE7FFF75FFCC31B022BEFD976E73368E3
:10E0F00023F480733360FFF755FC074633685B05F4
:10E100007FF53AAFFFF74EFCC31B022BF6D965E74C
:10E110004FF0B042E169D2F8943023F010030B4382
:10E12000C2F894304FF0B047D7F8943043F0010371
:10E13000C7F89430FFF736FC0646D7F894309A07B4
:10E1400018D4FFF72FFC831B112BF6D946E7D6F81E
:10E15000943023F00103C6F89430FFF723FC074600
:10E16000D6F894309B0705D5FFF71CFCC31B112B79
:10E17000F6D933E72368580754D50B4F3B68D905C8
:10E1800014D4FFF765FDFFF70DFC06463B68DA0582
:10E190000CD4FFF707FC831B022BF7D91EE700BF47
:10E1A0006C0200207402002000040058E3684FF065
:10E1B000B046002B58D023F08003052B02BFD6F8C1
:10E1C000903043F00403C6F890304FF0B046FFF7AC
:10E1D000E9FBD6F8903043F001030746C6F89030CB
:10E1E00041F28838D6F890309B0705D4FFF7DAFB68
:10E1F000C31B4345F6D9F1E6E36823F00403812B02
:10E200001BD1FFF7CFFBD6F8903043F08003C6F860
:10E21000903007464FF0B04641F28838D6F890303B
:10E22000180504D5E06A00284AD1002068E6FFF707
:10E23000B9FBC01B4045F1D9D0E6FFF7B3FBD6F8D8
:10E24000903023F08003C6F8903007464FF0B04678
:10E2500041F28838D6F890301905E3D5FFF7A2FBD4
:10E26000C01B4045F6D9B9E6FFF79CFBD6F89030C5
:10E2700023F080030746C6F8903041F28838D6F87C
:10E2800090301A0516D4FFF78DFBD6F8903023F0A6
:10E290000103C6F8903007464FF0B04841F2883687
:10E2A000D8F890309B07BDD5FFF77CFBC31BB3426A
:10E2B000F6D993E6FFF776FBC01B4045DFD98DE624
:10E2C0000C2D4ED04FF0B04302281A6822F0807215
:10E2D0001A6033D1FFF766FB0546FFF7DEFC38BB5B
:10E2E000D4E90C314FF0B0420B43D0682D490140C6
:10E2F0000B43E16B0B43216C0B43616C0B43A16B34
:10E3000043EA0123D360136843F080731360D3683A
:10E3100043F08053D360FFF745FB0446FFF7BDFC95
:10E32000002882D1FFF73EFB001B0A28F6D955E6EC
:10E33000FFF738FB401B0A28CFD94FE6FFF732FB27
:10E340000446FFF7AAFC30B94FF0B042164BD16833
:10E350000B40D360D4E5FFF725FB001B0A28F0D95A
:10E360003CE601283FF4CCAD4FF0B043226BDB68B4
:10E3700003F0030191427FF4D8AD616B03F07002AA
:10E380008A427FF4D2ADA16B03F4FE42B2EB012FBF
:10E390007FF4CBAD626C03F0604393423FF445AF32
:10E3A000C3E500BF8C80C111FCFFFEEE2DE9F041FA
:10E3B0000D46044610B90120BDE8F081684E33686F
:10E3C00003F007038B4216D323689A0727D54FF033
:10E3D000B047A268BB6823F0F0031343BB60FFF7AC
:10E3E000E1FA0646BB68DB0319D4FFF7DBFA831BAF
:10E3F000022BF7D911E0336823F007030B43336096
:10E40000FFF7D0FA0746336803F00703AB42DBD0CF
:10E41000FFF7C8FAC01B0228F5D90320CCE7236810
:10E42000580617D54FF0B0476269D7F8083123F086
:10E430000F0343EA1213C7F80831FFF7B3FA064691
:10E44000D7F80831D90305D4FFF7ACFA831B022BA8
:10E45000F6D9E2E723685A0713D54FF0B047E268D0
:10E46000BB6823F4E0631343BB60FFF79BFA0646E7
:10E47000BB689B0305D4FFF795FA831B022BF7D9E2
:10E48000CBE72368180714D54FF0B0472269BB6863
:10E4900023F4605343EAC203BB60FFF783FA0646E6
:10E4A000BB68590305D4FFF77DFA831B022BF7D90C
:10E4B000B3E72368DA070FD4294C236803F0070376
:10E4C000AB4239D8FFF7C8FC264B1860264BBDE895
:10E4D000F0411868FFF72ABA6268022A1DD1FFF7D7
:10E4E000C7FB00283FF467AF4FF0B04641F28838D1
:10E4F000B36823F003031343B360FFF753FA0746EF
:10E50000B368626803F00C03B3EB820FD4D0FFF75B
:10E5100049FAC01B4045F3D97FE7032A02D1FFF730
:10E52000BCFBDEE712B9FFF7A9FBDAE74FF0B04317
:10E530001B685B05D8D43EE7236823F007032B4311
:10E540002360FFF72FFA0646236803F00703AB4268
:10E55000B8D0FFF727FA801B0228F5D95DE700BF86
:10E56000004000586C0200207402002030B504689E
:10E5700091FAA1F3B3FA83F303255B0005FA03F3E1
:10E5800024EA030391FAA1F1B1FA81F149008A402A
:10E590001A43026030BD0000B0F1904F0BD14FF034
:10E5A000B043DA6A42F00102DA62DA6A22F001026A
:10E5B000DA6201207047144B984209D14FF0B04302
:10E5C000DA6A42F00202DA62DA6A22F00202EFE765
:10E5D0000E4B984209D14FF0B043DA6A42F0040280
:10E5E000DA62DA6A22F00402E2E7094B984209D1C2
:10E5F0004FF0B043DA6A42F08002DA62DA6A22F05F
:10E600008002D5E700207047000400480008004859
:10E61000001C00482DE9F84F0E460F6897FAA7F541
:10E620004FF0010BB5FA85F54FF0030A4FF00F08D4
:10E6300037FA05F302D10120BDE8F88F0BFA05F493
:10E640003C4053D0D6F8049021464A46FFF78EFF4F
:10E6500009F1FF33012B19D8B368816894FAA4F249
:10E66000B2FA82F252000AFA02F221EA020294FAA3
:10E67000A4F1B1FA81F149008B40134383604268F1
:10E68000F36822EA04026343134343603369C168B9
:10E6900094FAA4F2B2FA82F252000AFA02F221EAE1
:10E6A000020294FAA4F1B1FA81F149008B401343BC
:10E6B000B9F1020FC36015D1FF2C716918D8026A35
:10E6C00094FAA4F3B3FA83F39B0008FA03F322EA63
:10E6D000030294FAA4F3B3FA83F39B0001FA03F361
:10E6E000134303624A462146FFF740FF01359FE787
:10E6F000426A230A93FAA3FCBCFA8CFC4FEA8C0C06
:10E7000008FA0CFC22EA0C0293FAA3F3B3FA83F39F
:10E710009B00994011434162E4E700002DE9F0417C
:10E72000076817F001070546884647D1D8F810203A
:10E73000D8F8083001681343D8F814201343204A4E
:10E740000A40134303604368D8F80C2023F4405375
:10E75000134343608368D8F8182023F440731343AD
:10E7600083604FF4406000F09FF9D8F800600446E1
:10E7700010B3D8F80440FCB1B3B2124A394632F8AB
:10E7800013203B46F2F7D2FC090241EA106163080C
:10E790000002C01822463B4641F10001F2F7C6FCD8
:10E7A000C0F31300E8600120EB6AB6B223F00F0358
:10E7B0001E43EE62BDE8F0812046F5E70020F9E750
:10E7C000F3E9FFEF285201084FF0B0431868C0F397
:10E7D000005070474FF0B0431868C0F38020704776
:10E7E0004FF0B043D3F89000C0F3400070474FF0B3
:10E7F000B0431868C0F3C00070474FF0B0431868CA
:10E80000C0F34060704700004FF0B043044A9B687B
:10E81000C3F3031352F82330B0FBF3F0704700BF8B
:10E82000885101084FF0B043034A9B68C3F30223A9
:10E8300052F82330D8407047C85101084FF0B04219
:10E8400038B5916801F00C01082950D017D889B368
:10E85000042900F08C80FFF7CAFF464902460028D1
:10E8600076D1FFF7C4FF4FF0B043012816BFD3F8AD
:10E8700094201B68C2F3032251F822002AE00C29DD
:10E88000E9D1D36803F00303022B5FD0032B37D009
:10E89000FFF7ADFF374C014600284AD1FFF7A7FF2D
:10E8A000012816BFD2F894101368C1F3032154F85D
:10E8B00021302CE0FFF79BFF2E4D044658B9FFF79F
:10E8C00096FF012816BFD2F894401368C4F30324BE
:10E8D00055F8240038BDFFF78AFF01280ABF1168E8
:10E8E000D2F89430C1F3031155F82100F2E7FFF795
:10E8F0006BFF214B01462148012908BF1846E9E773
:10E90000FFF762FF1D4A1C4B012818BF13464FF04A
:10E91000B042D068D168D268C0F306205843C1F332
:10E9200002130133B0FBF3F0530F0133B0FBF3F0EC
:10E93000D0E7FFF75CFF01280BBF1368D2F89430D3
:10E94000C3F30313002354F82330E0E70A4BDEE758
:10E95000FFF74DFF4FF0B04301280BBF1B68D3F802
:10E960009430C3F30313002351F82300B2E70248A5
:10E97000B0E700BFE85101080024F4000048E801B6
:10E980004FF0B04307B51A6842F001021A601A68E6
:10E990009207FCD51A6822F0F00242F060021A6079
:10E9A0005A6822F47F425A605A6822F0FE4242F0CE
:10E9B00080425A604FF4E0229A601A6801920199ED
:10E9C000104A0A400192019A1A60FFF716FF0028C8
:10E9D000FBD14FF0B0430C4ADA6040F23F3298610D
:10E9E0000192019A1A62D3F8942042F40002C3F80B
:10E9F000942001204FF44032C3F8082103B05DF8A1
:10EA000004FB00BFFFF4CEFE0010042210B54FF04F
:10EA1000B0440328D4F888302AD11F4A03F00303F6
:10EA200043F44033934209D0B3F1031F0DD0013AB0
:10EA3000934211D1BDE81040FFF700BFFFF7CAFEB7
:10EA40000128164818BF002010BDFFF7C9FE431E5D
:10EA500058425841C003F7E7FFF7F0FEFFF7D4FE36
:10EA6000A3680F4AC3F3C22352F82330D840EBE720
:10EA7000034043EA00400B4B9842DFD0B0F10C1F3B
:10EA8000E3D0043B9842D5D0FFF7D8FEFFF7BCFE99
:10EA9000BDE81040FFF7C6BE020003000024F400EA
:10EAA000C851010808000C0008B54FF0B043D3F876
:10EAB00088301840B0F5006F09D0B0F5406F0DD028
:10EAC000B0F5806F11D1BDE80840FFF7B7BEFFF782
:10EAD00081FE0128094818BF002008BDFFF780FE0D
:10EAE000431E58425841C003F7E7FFF7A7FEFFF760
:10EAF0008BFEBDE80840FFF795BE00BF0024F40080
:10EB00000F4B98420BD14FF0B0431A6C42F4805235
:10EB10001A641A6C22F480521A6401207047094B5F
:10EB200098420AD14FF0B0439A6B42F480429A6304
:10EB30009A6B22F480429A63EFE70020704700BF8F
:10EB4000003001400038004003685B0670B50246A3
:10EB50002DD4D1E900363343CE68056848690C6A84
:10EB600033430E6933438E6903433343CE6925F43F
:10EB70007F45334325F0BF0523432B431360536880
:10EB80008D6823F4706323F0040345EA10401843B2
:10EB9000B5F5006F50603EBF536843F48053536037
:10EBA000B4F5005F01D18B8C1361012000E00020DF
:10EBB000D36923F40063D36170BD00001A4A03686F
:10EBC000904210B502D0B0F1804F09D14C6823F0CB
:10EBD0007003904243EA040309D0B0F1804F06D09D
:10EBE000124A904203D002F58062904203D1CA6873
:10EBF00023F44073134303608B68C3620B88836202
:10EC0000094B984207D003F5C053984203D003F54F
:10EC10008063984201D10B690363436943F00103A8
:10EC20004361012010BD00BF002C014000440140A1
:10EC30000F4B98420BD14FF0B0431A6C42F4804214
:10EC40001A641A6C22F480421A6401207047094B3E
:10EC500098420AD14FF0B0439A6B42F400329A6363
:10EC60009A6B22F400329A63EFE70020704700BFEE
:10EC7000003801400044004038B50368DB07044613
:10EC80000D464DD42A69AB68016813436A69134382
:10EC9000EA691343234A0A40134303604368EA685E
:10ECA00023F44053134343608368AA6923F44073F9
:10ECB000134383601C4B984220D10320FFF7A6FE2C
:10ECC0002B68F0B16A68E2B10B2B15D8174951F8DF
:10ECD0002330E969B0FBF3F0B1F5004F4FEA52037E
:10ECE00019D103EB4003B3FBF2F34FF6F0721A4075
:10ECF000C3F342031343E360012003E00C4B98424B
:10ED000007D00020E26A2B8822F00F021343E3624F
:10ED100038BD0C20D2E70344B3FBF2F39BB2EAE721
:10ED20000020F5E7F369FFEF003801404052010889
:10ED30000044004010B53024632807D80C703021FF
:10ED4000092808D830301170187010BD01346438AB
:10ED5000E4B2C0B2F0E701310A38C9B2C0B2EFE79D
:10ED600030B5302442F20F75A84212D80C70302111
:10ED7000B0F57A7F14D211703022632816D81A7039
:10ED80003023092817D8039A1370049B3030187069
:10ED900030BDA0F51C5001341038E4B280B2E3E776
:10EDA0000131A0F57A70C9B280B2E1E7013264386E
:10EDB000D2B280B2E1E701330A38DBB280B2E0E7D9
:10EDC00070B5324D324E3024A84232D80C70314DDD
:10EDD000314C3021A04230D8117030493022884265
:10EDE0002FD21A702E4A302390422ED8049A1370D4
:10EDF0002C4A302390422FD8059A1370302342F2C8
:10EE00000F7290422ED8069A13703023B0F57A7F95
:10EE10002ED2079A1370302363282ED8089A1370C5
:10EE2000302309282DD8099A13700A9B30301870A6
:10EE300070BD0134E4B23044C6E70131C9B22844A0
:10EE4000C8E70132D2B2401AC9E70133A0F57420F5
:10EE5000DBB2A0F51070C7E70133A0F5C330DBB219
:10EE6000A038C7E70133A0F51C50DBB21038C8E763
:10EE70000133DBB2A0F57A70C8E70133DBB2643846
:10EE8000CAE70133DBB20A38CBE700BFFFC99A3BC0
:10EE9000003665C4001F0AFAFFE0F5058096980069
:10EEA0003F420F009F86010010B58B1C0C464A1C88
:10EEB000FFF740FF0023E37010BD002810B50C469B
:10EEC0000FDA10F1800F0FD04042C0B22D2223463E
:10EED000611C03F8032BA21CFFF72CFF00232371F6
:10EEE00010BDC0B22022F2E72D228020EFE713B53B
:10EEF0000B1D0193CB1C00934A1C8B1C0C46FFF787
:10EF00002FFF0023637102B010BD10B588B001F16E
:10EF10000903069301F108030593CB1D04938B1D90
:10EF200003934B1D02930B1D0193CB1C00934A1CB2
:10EF30008B1C0C46FFF744FF0023A37208B010BDE2
:10EF40000A2230B501231446824207D95A1E12B252
:10EF50000A24150406D50022CA5430BD01339BB2E1
:10EF60006243F1E7B0FBF4F504FB15003030885440
:10EF70002846013AEDE7031E10B50C4603DBBDE859
:10EF80001040FFF7DDBF58420131FFF7D9FF2D23B5
:10EF9000237010BD10B5034C2146FFF785FF2046B6
:10EFA00010BD00BF944B002010B5034C2146FFF765
:10EFB00084FF204610BD00BF944B002010B5034CC9
:10EFC0002146FFF794FF204610BD00BF944B002060
:10EFD00010B5034C2146FFF798FF204610BD00BF37
:10EFE000944B002013B503688DF807109C680DF151
:10EFF00007010123A04702B010BD07B503688DF8D3
:10F0000007101B6901220DF10701984703B05DF855
:10F0100004FB2DE9F0411D46036804465B690F4679
:10F0200016469847236820461B689847221D394694
:10F030002046FFF7D7FF2DB123682A461B693146CA
:10F0400020469847236820465B68984723682046F7
:10F050009B69BDE8F0410C2118472DE9F0411E469F
:10F06000036804465B6915460F46984723682046A7
:10F070001B689847221D39462046FFF7B3FF2046FC
:10F080000021FFF7BAFF23682046DB683246294695
:10F090009847236820465B68BDE8F04118472DE992
:10F0A000F0411F46036804465B690D4616469847C3
:10F0B000236820461B689847221D20460D21FFF734
:10F0C00091FF290A2046FFF798FFE9B22046FFF793
:10F0D00094FF236831463A4620461B6998472368C7
:10F0E00020465B689847236820469B69BDE8F0414D
:10F0F0000C21184707B501238DF807200DF10702F1
:10F10000FFF7CDFF03B05DF804FB2DE9F0411F468A
:10F11000036804465B690D461646984723682046F7
:10F120001B689847221D20461D21FFF75BFF290A17
:10F130002046FFF762FFE9B22046FFF75EFF204658
:10F140000021FFF75AFF23682046DB683A46314624
:10F150009847236820465B68BDE8F041184707B52B
:10F1600001230DF10702FFF7D0FF9DF8070003B060
:10F170005DF804FB2DE9F0411E46036804465B6917
:10F180000F4615469847236820461B689847221D5E
:10F1900020460E21FFF726FF39462046FFF72DFFB8
:10F1A00023682946324620461B6998472368204633
:10F1B0005B689847236820469B69BDE8F0410C21B5
:10F1C00018472DE9F0411E46036804465B690F4667
:10F1D00015469847236820461B689847221D2046FD
:10F1E0001E21FFF7FFFE39462046FFF706FF2046A7
:10F1F0000021FFF702FF23682046DB6832462946DC
:10F200009847236820465B68BDE8F041184710B571
:10F21000002304461A46C021FFF7FBFE207910BDEB
:10F2200037B504460D468DF80710012380210DF1F6
:10F230000702FFF7EEFE2368012D9B690CBF322108
:10F2400040F2DC51204603B0BDE83040184737B5E6
:10F2500001230C468DF807100DF107028A2105469F
:10F26000FFF7D7FEAC7103B030BD07B5042309BA70
:10F2700001910DEB03028621FFF7CBFE03B05DF891
:10F2800004FB07B502238DF804108DF805208F21AB
:10F2900001AAFFF7BEFE03B05DF804FB37B58DF899
:10F2A000063000238DF807300423044615468DF8F8
:10F2B00004108DF805208B210DEB0302FFF7A9FE4A
:10F2C00040F689012046FFF74AFF062D16BF40F0A1
:10F2D000040200F0FB02D2B240F6890120468DF80C
:10F2E0000420FFF707FF03B030BD73B515468DF856
:10F2F000033000229DF818309DF81C608DF8002026
:10F3000004468DF801108DF804308C2106236A46DE
:10F310008DF802508DF80560FFF77BFE40F23671E4
:10F320002046FFF71CFF5EB100F0FB0240F2367191
:10F3300020468DF80020FFF7DDFE657102B070BD3C
:10F3400040F00402D2B2F1E707B55BBAADF8043081
:10F35000BDF810305BBAADF8063049BA082352BA8E
:10F36000ADF80010ADF8022019466A46FFF751FECD
:10F3700003B05DF804FB07B5022301AA1221FFF7D1
:10F380006CFE9DF804309DF8050000EB032080B270
:10F3900003B05DF804FB07B5022349BAADF80410C9
:10F3A00001AA1946FFF735FE03B05DF804FB07B567
:10F3B00002238DF804108DF805208E2101AAFFF795
:10F3C00028FE03B05DF804FB13B56FF07F4399424C
:10F3D00028BF19460B0C04468DF804300B0A8DF833
:10F3E00005308DF8061001AA03238321FFF711FED3
:10F3F000236864219B692046984702B010BD13B56D
:10F400006FF07F43994228BF19460B0C04468DF8D4
:10F4100004300B0A8DF805308DF8061001AA03237D
:10F420008221FFF7F6FD236864219B6920469847F7
:10F4300002B010BD37B503230D461446142101AAAE
:10F44000FFF70BFE9DF804305B085B422B809DF9B3
:10F450000530002BB8BF03339B10237003B030BDC1
:10F4600010B543680D4A23F07F4323F0FF03934216
:10F47000044611D1002240F60211FFF73BFE40F690
:10F4800044112046FFF76BFE40F00202D2B240F674
:10F4900044112046FFF72EFE10BD00BF0001010001
:10F4A00070B505460E46FFF766FF3146044628460E
:10F4B000FFF771FFA30702D52846FFF7D1FF2046CB
:10F4C00070BD07B5002914BF402320238DF80730F5
:10F4D0000DF1070201239321FFF79BFD03B05DF8B7
:10F4E00004FB10B5002304461A46C121FFF791FD25
:10F4F000236820469B69BDE810404621184708B59F
:10F50000FFF785FE80B208BD07B50023ADF80430D3
:10F5100001AA02230721FFF77CFD03B05DF804FB7D
:10F5200007B5130C8DF8053052BA04238DF804107A
:10F53000ADF8062097210DEB0302FFF76AFD03B03B
:10F540005DF804FB08B50A4640F6AC01FFF7D2FDB2
:10F5500008BD10B540F6D8010446FFF700FE40F0A4
:10F560001E02D2B240F6D8012046FFF7C3FD10BDFF
:10F5700008B50A4640F6E701FFF7BCFD08BD0000EC
:10F5800007B5054B019304230DEB03029521FFF70B
:10F5900040FD03B05DF804FB0407000107B502233A
:10F5A0008DF804108DF80520982101AAFFF731FD90
:10F5B00003B05DF804FB000013B504461C48B0FB23
:10F5C000F1F1080C8DF80000080A8DF8010004988C
:10F5D0008DF803208DF804308DF80210F0F77AFFD3
:10F5E00011A3D3E90023F1F719F9F1F7FFF9030C9F
:10F5F0008DF8053043BA6A46ADF806302046082338
:10F600008B21FFF706FD40F689012046FFF7A7FD95
:10F6100040F00402D2B240F6890120468DF8002065
:10F62000FFF768FD02B010BD000000008084EE3FCF
:10F630000000093D1FB58DF807309DF818308DF892
:10F6400008309DF81C308DF809309DF820308DF879
:10F650000A309DF824308DF80B3049BA9DF82830D7
:10F66000ADF804108DF806208DF80C3001AA09239E
:10F670008C21FFF7CEFC05B05DF804FB07B5002335
:10F6800049BAADF80010ADF8023001936A4608237C
:10F690004FF4D861FFF703FD03B05DF804FB13B529
:10F6A00003230C4601AA1421FFF7D7FC9DF806306E
:10F6B0005B085B42238002B010BD000038B50446F1
:10F6C00000F03CFA214605462046F1F783FC80B95C
:10F6D000204600F067F84FF07E51F1F771FC40B121
:10F6E00001F0AEFC21230360BDE83840024800F081
:10F6F00097B8284638BD00BF291F010800F060BB3D
:10F7000038B5054600F090F8294604462846F1F73A
:10F7100061FC68B900212846F1F734FC40B101F0E2
:10F720008FFC2123002103600846F1F741FB0446CA
:10F73000204638BD07B51A4A20F0004393420146DF
:10F7400005DC002103B05DF804EB00F001B9B3F172
:10F75000FF4F04DBF1F76EF903B05DF804FB694677
:10F7600000F0B4FB00F00302012A07D0022A0CD0FB
:10F7700082B90199009800F0EBF8EDE70199009843
:10F7800000F066F900F10040E6E70199009800F00A
:10F79000DFF8F7E701990098012200F059F9DBE75B
:10F7A000D80F493F20F000407047000007B51B4AC2
:10F7B00020F000439342014606DC0022002103B002
:10F7C0005DF804EB00F044B9B3F1FF4F04DBF1F74F
:10F7D00031F903B05DF804FB694600F077FB00F0F7
:10F7E0000300012808D002280BD090B90199009895
:10F7F000012200F02DF9ECE70199009800F0A8F83B
:10F80000E7E701990098012200F022F900F1004099
:10F81000DFE70199009800F09BF8F7E7D80F493F20
:10F82000004870470000C07F20F00042B2F1FF4F57
:10F830002DE9F041034604460AD30146F1F704FAE4
:10F8400001462046F1F7F8F804462046BDE8F0816D
:10F85000002AFAD0002806DA0146F1F7EBF8014653
:10F86000F1F7A6FAF0E710F0FF424FEAE0513DD081
:10F87000C3F3160343F40003CA07A1F17F0558BF81
:10F880005B0000246D105B00192026464FF080714C
:10F8900072189A42DDBF561864189A1A1A4601382F
:10F8A0004FEA42034FEA5101F2D1BAB1144E154F5B
:10F8B00030683968D6F80080F1F7BCF80146404658
:10F8C000F1F76AFB50B1306839683668F1F7B4F87F
:10F8D00001463046F1F756FB68B10234641004F17A
:10F8E0007C5404EBC554B0E75B0001321802FBD531
:10F8F000013A891ABCE7013424F00104EEE700BFA5
:10F90000780200207C020020C0F3C7537F3B162BF7
:10F9100010B5014614DC002B07DA013300F000417A
:10F9200001D141F07E51084610BD084A1A411042EB
:10F93000F9D04FF480011941014421EA0201F2E7B4
:10F94000802BF0D1F1F778F80146ECE7FFFF7F005C
:10F950002DE9F04120F00044B4F1485F06468846A6
:10F9600003DAF1F74DFB00285CD031463046F1F761
:10F970006BF94FF07C510546F1F766F92B490746C4
:10F980002846F1F761F92A49F1F756F82946F1F7C7
:10F990005BF92849F1F74EF82946F1F755F9264960
:10F9A000F1F74AF82946F1F74FF92449F1F742F8FF
:10F9B0002946F1F749F92249F1F73EF82946F1F7CE
:10F9C00043F92946F1F740F9414605463046F1F73B
:10F9D0003BF901462846F1F72DF81A4B9C420546A3
:10F9E0000ADC01463846F1F725F801464FF07E5013
:10F9F000F1F720F8BDE8F081134B9C42CCBF134CCB
:10FA000004F17F4421464FF07E50F1F713F8214670
:10FA100006463846F1F70EF82946F1F70BF801468D
:10FA20003046E5E74FF07E50E4E700BF4ED747ADE4
:10FA3000F6740F317CF29334010DD037610BB63A76
:10FA4000ABAA2A3D9999993E0000483F0000903E9C
:10FA50002DE9F84320F00043B3F1485F04460F4618
:10FA6000914603DAF1F7CCFA002835D0214620463A
:10FA7000F1F7EAF8054601462046F1F7E5F829498D
:10FA800006462846F1F7E0F82749F0F7D3FF294664
:10FA9000F1F7DAF82549F0F7CFFF2946F1F7D4F866
:10FAA0002349F0F7C7FF2946F1F7CEF82149F0F7CF
:10FAB000C3FF8046B9F1000F11D101462846F1F786
:10FAC000C3F81D49F0F7B6FF3146F1F7BDF801461E
:10FAD0002046F0F7B1FF04462046BDE8F8834FF01A
:10FAE0007C513846F1F7B0F8414681463046F1F78F
:10FAF000ABF801464846F0F79DFF2946F1F7A4F818
:10FB00003946F0F797FF0C4905463046F1F79CF867
:10FB100001462846F0F790FF01462046F0F78AFF9D
:10FB2000D9E700BFD3C92E2F342FD7321BEF383679
:10FB3000010D50398988083CABAA2A3E2DE9F047CF
:10FB400020F00048B8F17E5F044605460CD18C4990
:10FB5000F1F77AF88B4905462046F1F775F801462A
:10FB60002846F0F769FF06E009DD0146F0F762FF7D
:10FB70000146F1F71DF904462046BDE8F087B8F1CB
:10FB80007C5F0BDAB8F1485F73DA7F49F0F754FF16
:10FB90004FF07E51F1F714FA0028EDD12046FFF71F
:10FBA00001FE01464FF07E50F0F744FF4FF07C51CC
:10FBB000F1F74AF875490646F1F746F87449F0F747
:10FBC0003BFF3146F1F740F87249F0F733FF314619
:10FBD000F1F73AF87049F0F72FFF3146F1F734F8B2
:10FBE0006E49F0F727FF3146F1F72EF86C49F0F730
:10FBF00023FF3146F1F728F86A4981463046F1F78C
:10FC000023F86949F0F716FF3146F1F71DF8674907
:10FC1000F0F712FF3146F1F717F86549F0F70AFFE0
:10FC20003146F1F711F84FF07E51F0F705FF8246AB
:10FC30003046FFF7F9FD5F4B9845074663DD5146B7
:10FC40004846F1F7B5F83946F0F7FEFF3946F0F7C8
:10FC5000F3FE0146F0F7F0FE5749F0F7EDFE0146DE
:10FC60004748F0F7E7FE002D0446D8BF00F10044F6
:10FC700082E70146F0F7E8FF44490546F0F7E4FF64
:10FC80004349F0F7D9FE2946F0F7DEFF4149F0F786
:10FC9000D1FE2946F0F7D8FF3F49F0F7CDFE2946BF
:10FCA000F0F7D2FF3D49F0F7C5FE2946F0F7CCFF4B
:10FCB0003B49F0F7C1FE2946F0F7C6FF3949064631
:10FCC0002846F0F7C1FF3849F0F7B4FE2946F0F7AF
:10FCD000BBFF3649F0F7B0FE2946F0F7B5FF3449CF
:10FCE000F0F7A8FE2946F0F7AFFF4FF07E51F0F78E
:10FCF000A3FE01463046F1F75BF82146F0F7A4FF7A
:10FD0000014620462DE7014620F47F68F0F794FE77
:10FD1000514604464846F1F74BF801462046F0F7B5
:10FD200093FF28F00F08814641464046F0F78CFFCC
:10FD300001463046F0F77EFE414604463846F0F76D
:10FD40007BFE01462046F1F733F80146F0F774FEDA
:10FD500001460C48F0F76EFE01464846F0F76AFE91
:10FD6000414604464046F0F767FE01461348F0F767
:10FD700061FE01462046F0F75DFE01460F4870E740
:10FD8000DB0FC93F2EBD3BB3CAF2497108EF1138F2
:10FD9000047F4F3A4611243DA80A4E3E90B0A63E3D
:10FDA000ABAA2A3E2EC69D3D6133303F2D57014000
:10FDB00039D119409999793F2EBD3B33DB0F493F2B
:10FDC000F8B521F00046B6F1FF4F034605DC20F000
:10FDD0000042B2F1FF4F074604DD1846F0F72CFE53
:10FDE000034611E0B1F17E5F03D1BDE8F84000F0B9
:10FDF000CBB98C1704F0020444EAD07432B9022C57
:10FE00004CD0032C00D1294B1846F8BD1EB9002F49
:10FE10004ADA274BF8E7B6F1FF4F0ED1B2F1FF4FA8
:10FE200004F1FF3405D1022C3AD8224B53F8243088
:10FE3000EAE7022C36D8204BF8E7B2F1FF4FE6D0C4
:10FE4000921BB2F1F45F4FEAE25017DA002901DAAF
:10FE50003C3015DB1846F0F7ABFFFFF7A3FC00F0D2
:10FE600093F90346012C0DD0022C0ED0002CCBD0E0
:10FE700012491846F0F7E0FD11490CE0114BF1E78B
:10FE80000023EFE703F10043BEE70C491846F0F703
:10FE9000D3FD01460A48F0F7CDFDA1E7084BB3E7D3
:10FEA000094BB1E70023AFE7064BADE7DB0F49C0D5
:10FEB000DB0FC9BF705201087C5201082EBDBB3355
:10FEC000DB0F4940DB0FC93FDB0F493F2DE9F04F06
:10FED000A04A20F00046964287B00C46824604DCD9
:10FEE000002308604B6000251AE09B4A96424BDCD9
:10FEF00000289A499A4F26F00F0623DDF0F79AFD65
:10FF0000BE42054610D09749F0F794FD01462060A7
:10FF10002846F0F78FFD9349F0F78CFD01256060CE
:10FF2000284607B0BDE8F08F8F49F0F783FD8F4971
:10FF30000546F0F77FFD014620602846F0F77AFD80
:10FF40008A49E9E7F0F778FDBE4205460ED08549BB
:10FF5000F0F772FD014620602846F0F76BFD8149FD
:10FF6000F0F76AFD4FF0FF356060D9E77E49F0F7A2
:10FF700063FD7E490546F0F75FFD01462060284697
:10FF8000F0F758FD7949EBE7794A964200F3918002
:10FF9000FFF708FC77490746F0F756FE4FF07C5113
:10FFA000F0F74AFDF1F72CF80546F0F7F9FD6B493B
:10FFB0008146F0F749FE01463846F0F73BFD6949B6
:10FFC00080464846F0F740FE1F2D07460CDC6A4A83
:10FFD000691E26F0FF0352F82120934204D03946CF
:10FFE0004046F0F727FD0BE039464046F0F722FD8A
:10FFF000C0F3C753C3EBD653082B4FEAE65B01DCD3
:020000040801F1
:10000000206026E058494846F0F71EFE07460146A4
:100010004046F0F70FFD014606464046F0F70AFD60
:100020003946F0F707FD514907464846F0F70CFE00
:100030003946F0F7FFFC014607463046F0F7FAFC78
:10004000C0F3C753ABEB030BBBF1190F16DC2060F9
:10005000B046266840463146F0F7ECFC3946F0F7EA
:10006000E9FCBAF1000F6060BFF65AAF06F1004636
:1000700000F10040266060606D4251E73F4948460C
:10008000F0F7E2FD074601463046F0F7D3FC0146A3
:1000900080463046F0F7CEFC3946F0F7CBFC3849C5
:1000A00006464846F0F7D0FD3146F0F7C3FC074658
:1000B00095E7B6F1FF4F05DB0146F0F7BBFC60604A
:1000C000206010E7F715863FA6EBC7563046F0F7DD
:1000D00097FFF0F765FD014603903046F0F7AAFC64
:1000E0004FF08741F0F7B0FD0646F0F789FFF0F7D3
:1000F00057FD0146049005463046F0F79BFC4FF053
:100100008741F0F7A1FD00210590F0F731FFF0B134
:1001100000212846F0F72CFF002814BF01230223FA
:10012000184A01920222009221463A4603A800F0A2
:1001300037F9BAF1000F0546BFF6F2AE236803F1B6
:1001400000432360636803F10043636094E7032383
:10015000E6E700BFD80F493FE3CB1640800FC93F09
:10016000D00FC93F434435370044353708A3852EA7
:10017000800F494384F9223F8852010800A3852E4D
:1001800032318D24085301082DE9F04120F000455B
:10019000B5F1A14F044680460EDBB5F1FF4F04DDFB
:1001A0000146F0F749FC044603E0002800F3CE8046
:1001B000674C2046BDE8F081664B9D420EDCB5F1F0
:1001C000445F08DA6449F0F737FC4FF07E51F0F7EE
:1001D000F7FE0028EDD14FF0FF361CE0FFF7E2FA02
:1001E0005E4B9D4204467CDCA3F5D0039D4267DC58
:1001F0000146F0F721FC4FF07E51F0F71BFC4FF069
:10020000804105462046F0F717FC01462846F0F7E6
:10021000CFFD0026044621462046F0F715FD014695
:100220000746F0F711FD4E490546F0F70DFD4D4923
:10023000F0F702FC2946F0F707FD4B49F0F7FCFB0D
:100240002946F0F701FD4949F0F7F6FB2946F0F79A
:10025000FBFC4749F0F7F0FB2946F0F7F5FC454970
:10026000F0F7EAFB3946F0F7EFFC4349074628462A
:10027000F0F7EAFC4149F0F7DDFB2946F0F7E4FC32
:100280003F49F0F7D7FB2946F0F7DEFC3D49F0F790
:10029000D1FB2946F0F7D8FC3B49F0F7CBFB2946C8
:1002A000F0F7D2FC01463846F0F7C6FB2146F0F7DE
:1002B000CBFC731C014633D12046F0F7BBFB72E741
:1002C0004FF07E51F0F7B6FB4FF07E5105462046C9
:1002D000F0F7B2FB01462846F0F76AFD0126044616
:1002E00099E72A4B9D4214DC4FF07F51F0F7A2FBB7
:1002F0004FF07F5105462046F0F7A6FC4FF07E51A7
:10030000F0F79AFB01462846F0F752FD0226044614
:1003100081E701461E48F0F74BFD032604467AE7C5
:100320001C4B53F82610F0F785FB2146F0F782FBB3
:10033000194B014653F82600F0F77CFBB8F1000F8B
:100340000446BFF636AF00F1004432E7134C30E705
:10035000DB0FC9BFFFFFDF3ECAF24971FFFF973FC6
:10036000D769853C59DA4B3D356B883D6E2EBA3DD9
:100370002549123EABAAAA3E21A215BD6BF16E3DE6
:1003800095879D3D388EE33DCDCC4C3EFFFF1B4015
:10039000000080BF3056010820560108DB0FC93F1E
:1003A0002DE9F04FDBB002920493649ABB4B0590A9
:1003B00053F822300193049B0091013B0393029B6D
:1003C0001A1DC0F29B80DC1E48BF1C1DE410671C78
:1003D000FB000693029B039AA3EBC707019B03EB69
:1003E0000209659BA4EB02081EAE03EB880A0025F8
:1003F0004FF0000B4D4540F38380049A1EAB03EB96
:1004000082050DF58C7B4FF000090023019A914580
:1004100040F39E8013460AAA02EB83030893659B70
:10042000DDF8048003EB840307935AAB03EB8803E6
:100430000AAC53F8505C2646C3464FF087490DF589
:100440008C7ABBF1000F00F388803946284600F013
:100450005BFA4FF078510546F0F7F6FB00F0A0FA92
:100460004FF08241F0F7F0FB01462846F0F7E2FA40
:100470000546F0F7C5FD0646F0F792FB0146284613
:10048000F0F7D8FA002F814640F3868008F1FF325A
:100490000AABC7F1080153F8225045FA01F31E4494
:1004A0008B40ED1A0AAB43F82250C7F107031D41F8
:1004B000002D7FDD002201369246904500F3B0808A
:1004C000002F05DD012F00F0BD80022F00F0C58058
:1004D000022D6FD149464FF07E50F0F7ABFA8146BE
:1004E000BAF1000F66D039464FF07E5000F00CFA9A
:1004F00001464846F0F79EFA81465BE0002466E735
:1005000018EB050F07D45AF82500F0F749FB46F819
:10051000040B01356EE75846F9E70793059BDAF8B7
:10052000001053F82800F0F78FFB01463046F0F733
:1005300083FA079B064608F10108039A9045AAF141
:10054000040AEADD4BF8046B09F1010904355DE7A3
:10055000AA461E464FF00008EFE74FF06E512846BE
:10056000F0F772FBF0F74CFDF0F71AFB49460990E3
:10057000F0F76AFB01462846F0F75CFAF0F740FD19
:100580000BF1FF3B099B46F8040B5AF82B10184659
:10059000F0F752FA054654E706D108F1FF330AAAEC
:1005A00052F82350ED1183E74FF07C51F0F7FEFC39
:1005B000054698BB00214846F0F7DAFC002800F019
:1005C000988008F1FF342346002201998B424CDACF
:1005D000002A67D00AAB083F53F82430002B00F004
:1005E000868039464FF07E5000F08EF9A246814653
:1005F00046AF4FF06E58BAF1000F80F2AF80274639
:100600000022002FC0F2D98046A9254B01EB870BB1
:1006100090464FF0000AA4EB0709C2E0022549E723
:100620002368BAF1000F08D11BB1C3F580732360B2
:100630000123013204349A463FE7C3F1FF032360EC
:100640005346F6E708F1FF320AAB53F8223003F0C5
:100650007F030AA941F822303AE708F1FF320AABDA
:1006600053F8223003F03F03F3E70AA951F82310AF
:10067000013B0A43A9E7013453F8042D002AFAD0BC
:10068000049B1EAA434408F1010602EB830544447F
:100690000DF58C79B44208DAA046C6E66C5601081E
:1006A00040560108089B0124E6E7079B53F8260003
:1006B000F0F776FAAB4628604FF0000A4FF00008DA
:1006C000039B9A4504DD49F8268004350136E1E7AD
:1006D000059B5BF8040953F82A10F0F7B5FA0146B8
:1006E0004046F0F7A9F90AF1010A8046E8E7013C23
:1006F00070E7069B029A4846991A00F005F94FF0F8
:1007000087410446F0F752FC00B34FF06E5120468B
:10071000F0F79AFAF0F774FCF0F742FA4FF08741DD
:100720008146F0F791FA01462046F0F783F9F0F799
:1007300067FC0AAB08F1010443F828004846F0F7CB
:100740005FFC0AAB083743F824004AE72046F0F77D
:1007500057FC0AAB444643F8280042E70AAB53F87B
:100760002A00F0F71DFA4946F0F76EFA414647F8BD
:100770002A004846F0F768FA0AF1FF3A81463AE75C
:1007800053F8040B5BF8041B03920293F0F75CFA36
:1007900001464046F0F750F9DDE9023280460AF1A1
:1007A000010A01998A4501DCCA45E9DD5AAB03EB30
:1007B0008909013F49F8A08C23E7649B022B07DCE1
:1007C000002B4EDC2ED006F007005BB0BDE8F08FAA
:1007D000649B032BF7D10DF1C80B0BEB8407B846D4
:1007E000A246BAF1000F49DCA146B9F1010F60DC65
:1007F0000020012C76DC329A339B002D78D10099B1
:100800000A604B600A469060DDE757F82410F0F765
:1008100013F9013C002CF8DA0DB100F10040009B07
:100820001860D0E7002032AFF4E757F82810F0F74F
:1008300003F908F1FF38B8F1000FF6DAADB100F1B5
:100840000043009A014613603298F0F7F3F84FF036
:10085000010844450BDA0DB100F10040009B5860DF
:10086000B1E7A046002032AFE5E70346E9E757F8D5
:10087000041FF0F7E1F808F10108EAE7D8F80030C2
:1008800058F8042C0293194610460192F0F7D4F858
:10089000019A014681461046F0F7CCF8029B1946B2
:1008A000F0F7CAF848F804090AF1FF3AC8F80090CE
:1008B00097E757F8043CD7F800A001935146184633
:1008C000F0F7BAF8019B014680461846F0F7B2F8F7
:1008D0005146F0F7B1F847F8040909F1FF39C7F8B4
:1008E000008082E75BF82410F0F7A6F8013C80E76F
:1008F000009902F1004203F100430A604B600A468E
:1009000000F100407FE700BF30F0004238B50346F9
:100910000D4604462ED0B2F1FF4F04D30146F0F746
:100920008BF8034626E010F0FF4F18D14FF09841A6
:10093000F0F78AF9174A954203460CDBC0F3C75219
:100940000446193A4CF250318D420ADD12491846DC
:1009500061F31E0000E01149F0F776F9E1E7D20DEE
:10096000F0E75119FE29F1DC002905DD24F0FF44F0
:1009700044EAC153184638BD11F1160F01DA074990
:10098000E5E701F1190024F0FF444FF04C5144EA2F
:10099000C050E1E7B03CFFFFCAF249716042A20DCE
:1009A00070B5C0F3C7557F3D162D0146044620F0B3
:1009B000004625DC002D0EDA1649F0F73DF800213F
:1009C000F0F7FEFA28B1002C22DA134B002E18BFE4
:1009D0001C4621461AE0114E2E41304216D00D49D8
:1009E000F0F72AF80021F0F7EBFA0028F1D0002CFC
:1009F000BEBF4FF400032B41E41824EA0604E8E7E5
:100A0000B6F1FF4F02D3F0F717F80146084670BD64
:100A10000024DEE7CAF24971000080BFFFFF7F00BB
:100A20000A22002100F07EB8012B2DE9F04786460E
:100A3000904601D0242B06D900F002FB1623036058
:100A40000020BDE8F08736480D462A4615F8014BD0
:100A5000065D16F00806F8D12D2C2ED12C78012633
:100A6000951C002B57D0102B09D1302C07D12A7898
:100A700002F0DF02582A49D16C781023023506F1C2
:100A8000004C0CF1FF3C0022BCFBF3F9104603FBC9
:100A900019CAA4F13007092F14D83C46A34220DD1F
:100AA000571C07D0814519D301D1A24516DB00FBA5
:100AB0000340012215F8014BEBE72B2C04BF2C78E7
:100AC000951CCEE7A4F14107192F01D8373CE5E783
:100AD000A4F16107192F04D8573CDFE74FF0FF322C
:100AE000E8E7531C08D12223CEF800306046B8F165
:100AF000000FA6D0691E06E006B14042B8F1000F13
:100B00009FD0002AF6D1C8F800109AE73024002BB5
:100B1000B5D10823B3E7302CA9D00A23AFE700BF33
:100B20007956010813460A46014602480068FFF755
:100B30007BBF00BFD8020020024B0344587800F06E
:100B40000300704778560108034B1B5C03F0030356
:100B5000022B08BF2038704779560108002310B5D2
:100B60000446C0E90033C0E90433836081814366F1
:100B7000C2818361194608225C3000F00EF90D4BEA
:100B800063620D4BA3620D4BE3620D4B23630D4B70
:100B900024629C4206D003F16802944202D0D03312
:100BA0009C4205D104F15800BDE8104000F072BA33
:100BB00010BD00BFE10C0108030D01083B0D010849
:100BC0005F0D0108B44B0020024A0349034800F0BE
:100BD00069B800BF80020020051401088C020020C3
:100BE00041680C4B994210B5044601D000F00AFC54
:100BF000A168094B994202D0204600F003FCE1684D
:100C0000064B994204D02046BDE8104000F0FABBE4
:100C100010BD00BFB44B00201C4C0020844C0020B1
:100C200010B50B4B0B4C0C4A1A60204600220421D5
:100C3000FFF794FF04F1680001220921FFF78EFFFE
:100C400004F1D0000222BDE810401221FFF786BF58
:100C5000EC4C0020B44B0020C90B0108014800F007
:100C60001ABA00BFF54C0020014800F015BA00BFC9
:100C7000F54C002010B50446FFF7F0FF236A1BB1C6
:100C8000BDE81040FFF7F0BF044B2362044B1B6824
:100C9000002BF5D1FFF7C4FFF2E700BFE10B01081D
:100CA000EC4C00202DE9F843074688461446002600
:100CB000D4E90195B9F1010905D52468002CF7D1D3
:100CC0003046BDE8F883AB89012B07D9B5F90E3062
:100CD000013303D029463846C04706436835E9E763
:100CE00010B50C46B1F90E1000F086F90028ABBF24
:100CF000636DA3891B1823F48053ACBF6365A38184
:100D000010BD2DE9F0411F468B89DB0505460C46D9
:100D1000164605D5B1F90E100223002200F05AF94B
:100D2000A389B4F90E1023F48053A38132463B46C5
:100D30002846BDE8F04100F071B910B50C46B1F994
:100D40000E1000F047F9431CA38915BF606523F41A
:100D5000805343F48053A38118BFA38110BDB1F920
:100D60000E1000F027B9884210B501EB020402D939
:100D70008442234607D8431EA14208D011F8012B14
:100D800003F8012FF8E7024401468A4200D110BD62
:100D900013F8014D02F8014DF7E702440346934270
:100DA00000D1704703F8011BF9E710B5024614782B
:100DB00013460132002CFAD1013B11F8012B03F844
:100DC000012F002AF9D110BDC9B20346184613F805
:100DD000012B12B18A42F9D17047002918BF0020B7
:100DE000704710B56AB10139841810F8012B11F859
:100DF000013F9A4203D1A04201D0002AF5D1D01A76
:100E000010BD1046FCE710B50139034632B111F8A8
:100E1000014F03F8014B013A002CF7D11A4400218D
:100E2000934200D110BD03F8011BF9E738B50B4B15
:100E30001D686B6B044653B9242000F0ADF90246DF
:100E4000686320B9064B07483D2100F03DF9696B06
:100E50002046BDE8384000F007B800BFD8020020A7
:100E600079570108905701082DE9F0414D4A0C4689
:100E70000023D0E90001F0F709F9002ABCBF02F510
:100E8000A83202F5C0724FF4616100F52F20B2FB69
:100E9000F1F301FB13224FF03C01ACBF00F66C20D4
:100EA00000F66B20A360B2FBF1F301FB1322636039
:100EB0002260C31C072293FBF2F2C2EBC2029B1A10
:100EC00048BF07330028A361B8BFA0F50E333649E9
:100ED000AEBF90FBF1F1A3F52C7393FBF1F1334B13
:100EE00003FB010048F6AC63B0FBF3F3034440F2AC
:100EF000B45CB0FBFCF29B1A40F26D172C4AB0FBBD
:100F0000F2F264269B1AB3FBF7F2B3FBFCF3B2FBDD
:100F1000F6F5EB1A034407FB1233992003EB830722
:100F2000023703F1010EB7FBF0FC00FB0CF00230BE
:100F30004FF00508B0FBF8F0AEEB000040F2F95EB0
:100F4000774594BF02276FF0090767444FF4C87CC8
:100F50000CFB0121012F98BF0131B3F5997F0CD310
:100F6000A3F59973E361A1F26C710023E060C4E919
:100F7000047123622046BDE8F08112F0030F02D114
:100F800006FB15255DB94FF4C875B2FBF5F605FBF8
:100F90001622B2FA82F252093B331344E2E70122ED
:100FA000FAE700BF80510100B13A02004FC5FDFFD2
:100FB000B03A020038B5064D0023044608462B60BF
:100FC000FCF735FC431C02D12B6803B1236038BD0C
:100FD000F04C002038B5074D044608461146002263
:100FE0002A601A46FCF72DFC431C02D12B6803B182
:100FF000236038BDF04C002038B5074D0446084644
:10100000114600222A601A46FCF7F5FB431C02D168
:101010002B6803B1236038BDF04C002038B5074D74
:1010200004460846114600222A601A46FCF7F1FBE6
:10103000431C02D12B6803B1236038BDF04C002063
:10104000014B1868704700BFD802002070B50D4DE5
:101050000D4C641BA4100026A64209D10B4D0C4C6C
:1010600000F050FE641BA4100026A64205D170BDFE
:1010700055F8043B98470136EEE755F8043B98478E
:101080000136F2E76058010860580108605801080D
:1010900068580108704770477047034611F8012BE4
:1010A00003F8012B002AF9D170470A44914200F15C
:1010B000FF3300D1704710B511F8014B03F8014F11
:1010C0009142F9D110BD00001FB514461A46094BD4
:1010D0001B680546D8684CB1074B0091CDE9013437
:1010E00006492B4600F0B6F900F0D6F9044B1C4631
:1010F000F3E700BFD8020020E8570108F5570108C0
:10110000291F010838B50546002941D051F8043C93
:101110000C1F002BB8BFE41800F0E6F81D4A136856
:1011200033B9636014602846BDE8384000F0E2B887
:10113000A34208D9206821188B4201BF19685B6857
:1011400009182160EDE71A465B680BB1A342FAD992
:1011500011685018A0420BD12068014450188342F6
:101160001160E0D118685B68536008441060DAE7EA
:1011700002D90C232B60D6E7206821188B4204BFCC
:1011800019685B68636004BF091821605460CAE78E
:1011900038BD00BFF84C0020024B0146186800F033
:1011A00023B800BFD802002070B50E4E0C4631683F
:1011B000054611B900F060F930602146284600F07C
:1011C0005BF9431C0AD0C41C24F00304A04207D0DE
:1011D000211A284600F050F9013001D14FF0FF34B8
:1011E000204670BDFC4C00202DE9F843CD1C25F0B5
:1011F000030508350C2D38BF0C25002D074601DBF3
:10120000A94205D90C233B6000263046BDE8F8838F
:10121000DFF8D08000F068F8D8F800301C465CBBDE
:1012200029463846FFF7C0FF431C044655D1D8F87D
:1012300000402646002E45D1002C48D02368314678
:10124000384604EB030900F017F981453FD12168C6
:101250006D1A29463846FFF7A7FF013037D02368BB
:101260002B442360D8F80030002B38D05A68A242B3
:101270002BD100225A600FE02268521B1FD40B2A88
:1012800017D96119A342256018BF5960636808BF68
:10129000C8F8001062514B60384604F10B0600F0AC
:1012A00029F826F00706231DF21AAED09B1BA35087
:1012B000ABE7A3426268DDD1C8F80020ECE7234623
:1012C0006468ACE734467668B4E71346CCE70C2391
:1012D0003B60384600F00EF897E72560DCE75B607E
:1012E000FFDE00BFF84C00200148FFF7D4BE00BF6E
:1012F000F44C00200148FFF7CFBE00BFF44C0020A3
:101300008A89F8B5054610070C4657D44B68002B60
:1013100004DC0B6C002B01DC0020F8BDE66A002E1B
:10132000FAD0002312F480522F68216A2B6032D049
:10133000606DA3895A0705D56368C01A636B0BB14A
:10134000236CC01A00230246E66A216A2846B04789
:10135000431CA38906D129681D292BD8284A0A4194
:10136000D60727D400226260D9042269226004D5FE
:10137000421C01D12B6803B96065616B2F600029A5
:10138000CAD004F14403994202D02846FFF7BAFEBE
:1013900000206063C1E701232846B047411CC8D143
:1013A0002B68002BC5D01D2B01D0162B01D12F602F
:1013B000B2E7A38943F04003A381AEE70F69002F92
:1013C000AAD093070E6808BF4B690F6018BF0023AF
:1013D000F61B8B60002E9FDD216AD4F828C03346AF
:1013E0003A462846E047002806DCA38943F040033C
:1013F000A3814FF0FF3090E70744361AEAE700BFB9
:10140000FEFFBFDF38B50B6905460C4613B9002552
:10141000284638BD18B1036A0BB9FFF72BFCB4F9A5
:101420000C30002BF3D0626ED00704D4990502D49F
:10143000A06DFFF730FE28462146FFF761FF636E7F
:10144000DA070546E4D4A3899B05E1D4A06DFFF734
:1014500023FEDDE70EB403B5014603AB054853F8A0
:10146000042B0068019300F045F802B05DF804EB2E
:1014700003B07047D802002038B5064D002304465B
:1014800008462B60FCF7E0F9431C02D12B6803B13E
:10149000236038BDF04C002008B5062000F092FB18
:1014A0000120FCF7A2F99368013B002B10B4936074
:1014B00007DA9469A34201DB0A2902D110BC00F0CB
:1014C000C3BA1368581C10601970084610BC7047E6
:1014D000F8B506460F461446D518AC4201D1002097
:1014E00007E014F8011B3A463046FFF7DCFF431CC7
:1014F000F3D1F8BD2DE9F04F0D469DB01446984646
:10150000064618B1036A0BB9FFF7B4FB6B6ED90737
:1015100005D4AB899A0502D4A86DFFF7BCFDAB8951
:101520001B0701D52B699BB92946304600F0CAFA42
:1015300070B16B6EDC0704D54FF0FF301DB0BDE815
:10154000F08FAB899805F7D4A86DFFF7A5FDF3E7F9
:101550000023099320238DF82930CDF80C80302307
:10156000DFF8B0818DF82A304FF0010923469A4602
:1015700013F8012B0AB1252AF9D1BAEB040B0BD0D1
:101580005B46224629463046FFF7A2FF013000F0B5
:10159000A980099A5A4409929AF80030002B00F069
:1015A000A18000234FF0FF32CDE905230AF1010AA3
:1015B000049307938DF853301A935446052214F878
:1015C000011B5448EEF7F4FD049AD8B9D10644BF84
:1015D00020238DF85330130744BF2B238DF853304D
:1015E0009AF800302A2B15D0079A544600204FF065
:1015F0000A0C214611F8013B303B092B4DD9B0B103
:10160000079214E0A0EB080309FA03F313430493D1
:10161000A246D2E7039B191D1B680391002BBBBF99
:101620005B4242F0020207930793B8BF049223780B
:101630002E2B0CD163782A2B34D1039B1A1D1B68E7
:101640000392002BB8BF4FF0FF3302340593DFF84D
:10165000C8A0217803225046EEF7AAFD38B1049BBA
:10166000A0EB0A004022824013430134049314F893
:10167000011B2A488DF828100622EEF799FD002854
:101680003FD0274B1BBB039B073323F007030833D3
:101690000393099B3B44099368E70CFB02320C4619
:1016A0000120A6E700230134059319464FF00A0CE8
:1016B000204610F8012B303A092A03D9002BC6D056
:1016C0000591C4E70CFB012104460123F0E703ABBD
:1016D00000932A46134B04A93046AFF30080074617
:1016E000781CD6D16B6ED90705D4AB899A0502D484
:1016F000A86DFFF7D1FCAB895B063FF51DAF0998DC
:101700001CE703AB00932A46064B04A9304600F0C1
:1017100079F8E4E7245801082A5801082E580108EE
:1017200000000000D11401082DE9F0471646994643
:101730008A680B69DDF820809342B8BF1346336096
:1017400091F8432007460C460AB101333360236801
:10175000990642BF336802333360256815F00605E9
:1017600006D104F1190AE36832689B1AAB4226DC01
:1017700094F84320131E226818BF012392062BD42D
:1017800004F1430249463846C04701301ED0236861
:10179000226903F00603042B02BFE5683368ED1AE3
:1017A000A3680CBF25EAE57500259342C4BF9B1AC8
:1017B000ED1800261A34B5421AD1002008E00123A2
:1017C000524649463846C047013003D14FF0FF30FA
:1017D000BDE8F0870135C6E7E1185A1C302081F8D2
:1017E0004300224494F8451082F843100233C7E7BF
:1017F0000123224649463846C0470130E6D001362B
:10180000D9E700002DE9FF470F7E0C9D782F914608
:1018100080460C469A4601F1430207D8622F0AD847
:10182000002F00F0D480582F00F0C08004F1420552
:1018300084F842703AE0A7F16303152BF6D801A1B2
:1018400051F823F09D180108B11801082D1801085E
:101850002D1801082D1801082D180108B1180108CC
:101860002D1801082D1801082D1801082D18010840
:10187000B5190108DD1801086F1901082D180108B4
:101880002D180108D71901082D180108DD180108C5
:101890002D1801082D180108771901082B681A1D49
:1018A0001B682A6004F1420584F8423001239FE05E
:1018B00020682B68070603F10401296001D51E6822
:1018C00003E04606FBD5B3F90060002E03DA2D23B2
:1018D000764284F843305A480A2312E02B68206885
:1018E000191D2960050601D51E6802E04106FBD5D9
:1018F0001E8853486F2F0CBF08230A23002184F849
:1019000043106568A560002DA2BF216821F0040185
:1019100021600EB9002D4BD01546B6FBF3F103FB49
:101920001167C75D05F8017D3746BB420E46F4D905
:10193000082B0BD12368DE0708D52369616899421B
:10194000DEBF302305F8013C05F1FF35521B226153
:10195000CDF800A04B4603AA21464046FFF7E4FE1F
:1019600001304AD14FF0FF3004B0BDE8F087236862
:1019700043F0200323603348782784F845702368B8
:1019800029681F0651F8046B02D45F0648BFB6B23F
:10199000DF0748BF43F02003296048BF23601EB91A
:1019A000236823F0200323601023A7E72448E4E7FB
:1019B0001546BDE72B6826686169181D2860350645
:1019C0001B6801D5196002E07006FBD51980002361
:1019D00023611546BCE72B681A1D2A601D686268E2
:1019E00000212846EEF7E4FB08B1401B6060636805
:1019F0002361002384F84330AAE723692A46494635
:101A00004046D0470130ADD023689B0713D4E0682F
:101A1000039B9842B8BF1846A6E7012332464946C1
:101A20004046D04701309DD00135E36803995B1AE9
:101A3000AB42F2DCEBE7002504F11906F5E700BF45
:101A40003558010846580108F8B50E4614460546B3
:101A500018B1036A0BB9FFF70DF9A369A360A38955
:101A60001A0725D523691BB323682269981A63696D
:101A7000F6B28342374604DC21462846FFF7C2FC13
:101A8000E0B9A368013BA36023685A1C22601E7062
:101A90006269431C9A4204D0A389DB0706D50A2E4B
:101AA00004D121462846FFF7ADFC38B93846F8BDC9
:101AB0002146284600F006F80028D5D04FF0FF3721
:101AC000F4E7000038B52A4B054618680C4618B1F3
:101AD000036A0BB9FFF7CEF8A389B4F90C201807F5
:101AE00022D4D90607D409232B6042F04003A381F6
:101AF0004FF0FF3034E0580712D5616B41B104F16B
:101B00004403994202D02846FFF7FCFA002363639E
:101B1000A38923F02403A381002363602369236046
:101B2000A38943F00803A38123694BB9A38903F474
:101B30002073B3F5007F03D02146284600F084F8D7
:101B4000A089B4F90C2010F001030AD00023A3608F
:101B500063695B42A361236943B910F08000C4D17B
:101B600038BD810758BF6369A360F4E70020F7E739
:101B7000D80200201F2938B504460D4604D9162383
:101B800003604FF0FF3038BDC26B12B152F8213004
:101B90004BB9204600F030F82A4601462046BDE801
:101BA000384000F017B8012B0AD0591C03D1162376
:101BB00003600120E7E7002442F8254028469847C3
:101BC0000020E0E7024B01461868FFF7D3BF00BFD3
:101BD000D802002038B5074D0023044608461146B8
:101BE0002B60FBF7FAFD431C02D12B6803B1236085
:101BF00038BD00BFF04C0020FBF7EDBD70B50C46C2
:101C0000B1F90E10002996B015461E460DDAA389CB
:101C100013F0800F4FF000010CBF4FF4806340239E
:101C2000002031602B6016B070BD6A4600F048F8A5
:101C30000028ECDB019901F47041A1F500535942F1
:101C400059414FF48063EBE78B8973B59D070646D6
:101C50000C4607D504F14703236023610123636128
:101C600002B070BD01AB6A46FFF7C8FF0099054698
:101C70003046FFF7B9FA48B9B4F90C309A05EFD4F9
:101C800023F0030343F00203A381E3E7A389206069
:101C900043F08003A381009B6361019B20615BB1E2
:101CA000B4F90E10304600F01DF828B1A38923F0D6
:101CB000030343F00103A381A3891D43A581CFE75B
:101CC00038B5074D00230446084611462B60FBF744
:101CD000B1FD431C02D12B6803B1236038BD00BFA6
:101CE000F04C002038B5064D0023044608462B6012
:101CF000FBF7A5FD431C02D12B6803B1236038BD5F
:101D0000F04C0020F8B500BFF8BC08BC9E467047F8
:0C1D1000F8B500BFF8BC08BC9E46704748
:101D1C0018120C18010101191901191901060601F3
:101D2C000606010303010303010202010202011270
:101D3C000C01120C00080008005001500250035016
:101D4C000450055006500750085009500A500B50CB
:101D5C000C500D50F150F25001F1055000000000F4
:101D6C0001000000020000006D696E2C00206D5710
:101D7C002C002E00011F136F01130503020B05022B
:101D8C0000D57FAAFE2B815429FC5683D702A87D4F
:101D9C0052872DF8AC79D3067BAE04D18550FA2F3F
:101DAC00A471DB0E5A8F25F08D58F22773A60CD92F
:101DBC00F623895C08DD77A2DF0AA07521F45E8B1F
:101DCC009D48E23763B61CC9B461CB1E4A9F35E00F
:101DDC00CF1AB06531E44E9BE633994C18CD67B2FF
:101DEC0039EC4693C712B86D10C56FBAEE3B9144EF
:101DFC006BBE14C19540EA3F42973DE8BC69C316DF
:101E0C00EF3A904511C46EBBC613B96C38ED4792CE
:101E1C00BD68C21743963CE99441EB3E6ABF15C0BE
:101E2C004B9E34E1B560CA1F62B71DC89C49E336AE
:101E3C0019CC66B3E732984D30E54F9ACE1BB1649E
:101E4C0072A70DD88C59F3265B8E24F1A570DA0F8E
:101E5C0020F55F8ADE0BA17409DC76A3F722885D7E
:101E6C00D603A97C28FD5782FF2A805501D47EAB6E
:101E7C008451FB2E7AAF05D0AD78D20753862CF95E
:101E8C006162636465666768696A6B6C6D6E6F70BE
:101E9C007172737475767778797A30313233343570
:101EAC00363738395F232D2E00000000000000006B
:101EBC0000000000351D00080000000000000000BC
:101ECC00411D000800000000000000001D1D00085E
:101EDC0000010204050301026D6C72732E30005375
:101EEC0065747570537461727453747834547800DB
:101EFC00536574757053746172744D61726B657255
:101F0C000021656E642100206B487A006D4C5253A1
:101F1C0001020304006D4C52530403020100656E70
:101F2C0061626C65642C616E74656E6E61312C61DE
:101F3C006E74656E6E61322C723A656E2E20743A38
:101F4C00616E74312C723A656E2E20743A616E7427
:101F5C0032007472616E73702E2C6D61766C696ECA
:101F6C006B2C6D61766C6E6B582C6D7370580032E7
:101F7C002E342047487A2C393135204D487A20466A
:101F8C0043432C383638204D487A2C343333204D8B
:101F9C00487A2C373020636D2048414D2C3836362A
:101FAC00204D487A20494E2C393135204D487A2025
:101FBC002B20322E342047487A2C383638204D4886
:101FCC007A202B20322E342047487A00656E6162CD
:101FDC006C65642C616E74656E6E61312C616E740F
:101FEC00656E6E61322C72656E207461312C726577
:101FFC006E2074613200353020487A2C3331204801
:10200C007A2C313920487A2C464C52432C46534B6F
:10201C002C3139487A377800322E342047487A2CC4
:10202C00393135204643432C383638204D487A2CEC
:10203C00343333204D487A2C373020636D2C3836AE
:10204C003620494E2C3931352B322E342C3836383B
:10205C002B322E3400202F2D2D00202F6531002007
:10206C002F653600202F65313100202F653133006C
:10207C000D0A003F0020206D696E3A200020206D73
:10208C0061783A2000202000203D200020205B6158
:10209C002D7A302D39232D2E5F5D002D2028756E65
:1020AC00617661696C61626C652900205B00287542
:1020BC006E6368616E676561626C652900292C002E
:1020CC002C20002F003B20003B00666873733120EE
:1020DC002800202063683A20002020665F72656724
:1020EC003A20002020663A2000666873733220285C
:1020FC000057696F4535204D696E6920574C453541
:10210C004A430021455252004F4B004143524F006D
:10211C0021465321004848004154554E004C4E4333
:10212C0048004D414E550054555254004352555A97
:10213C00004352534800414800414E474C00484F21
:10214C005200414E474800414C5448004155544FB1
:10215C000047554944004C4F49540052544C200000
:10216C0043495243004C414E4400445249460053AB
:10217C0050525400464C49500050484C4400425276
:10218C00414B00544852570041564F4900474E4767
:10219C0050005352544C0046484C4400464F4C4C53
:1021AC00005A49475A00535953490041524F540061
:1021BC004152544C005452544C005452414E00461F
:1021CC004257410046425742004352555300544B2C
:1021DC004F4600494E495400515354420051484F08
:1021EC005600514C4F5400514C4E44005152544CDB
:1021FC00005141544E005141434F0054484D4C0046
:10220C004C32514C005354455200534D504C0044E9
:10221C004F434B0041484C440053555246004D44EB
:10222C004554002A00424154545F434150414349B4
:10223C00545900212120527820706172616D2076F2
:10224C00657273696F6E20736D616C6C657220744E
:10225C0068616E20547820706172616D20766572B1
:10226C0073696F6E2E20212100212120506C656135
:10227C00736520757067726164652072656365694A
:10228C007665722E20202020202020202020202047
:10229C00202020202020202020202020212100214F
:1022AC002120547820706172616D2076657273699B
:1022BC006F6E20736D616C6C6572207468616E203A
:1022CC00527820706172616D2076657273696F6EE1
:1022DC002E20212100212120506C65617365207511
:1022EC00706772616465205478206D6F64756C65DD
:1022FC002E202020202020202020202020202020C4
:10230C002020202020202020212100436F6E666990
:10231C006749643A00202054783A2057696F453554
:10232C00204D696E6920574C45354A432C20763137
:10233C002E342E303200202052783A20002D2028C6
:10234C00756E6578706563746564206572726F7202
:10235C002900202068656C702C20682C203F2020E0
:10236C00202020202D3E20746869732068656C70D5
:10237C0020706167650020207620202020202020FE
:10238C0020202020202020202D3E207072696E7489
:10239C002064657669636520616E6420766572736E
:1023AC00696F6E002020706C2020202020202020BF
:1023BC002020202020202D3E206C69737420616C1D
:1023CC006C20706172616D65746572730020207091
:1023DC006C20632020202020202020202020202D55
:1023EC003E206C69737420636F6D6D6F6E2070612D
:1023FC0072616D6574657273002020706C20747846
:10240C0020202020202020202020202D3E206C6900
:10241C00737420547820706172616D657465727389
:10242C00002020706C20727820202020202020207A
:10243C002020202D3E206C6973742052782070610E
:10244C0072616D657465727300202070206E616D11
:10245C0065202020202020202020202D3E20676574
:10246C007420706172616D657465722076616C7533
:10247C006500202070206E616D65203D2076616CBA
:10248C00756520202D3E2073657420706172616D1E
:10249C00657465722076616C756500202070206E05
:1024AC00616D65203D203F2020202020202D3E20E6
:1024BC0067657420706172616D65746572207661F8
:1024CC006C756520616E64206C697374206F662076
:1024DC00616C6C6F7765642076616C756573002038
:1024EC00207073746F726520202020202020202003
:1024FC00202D3E2073746F726520706172616D6562
:10250C0074657273002020736574636F6E666967FF
:10251C00696420202020202D3E2073656C65637437
:10252C0020636F6E66696720696400202062696EA3
:10253C00642020202020202020202020202D3E2020
:10254C0073746172742062696E64696E6700202016
:10255C0072656C6F616420202020202020202020B8
:10256C002D3E2072656C6F616420616C6C20706113
:10257C0072616D657465722073657474696E6773CE
:10258C0000202073746174732020202020202020D0
:10259C002020202D3E20737461727473207374722A
:1025AC0065616D696E6720737461746973746963B6
:1025BC00730020206C69737466726571732020201F
:1025CC00202020202D3E206C697374732066726568
:1025DC007175656E63696573207573656420696ECA
:1025EC00206668737320736368656D6500202073C3
:1025FC00797374656D626F6F742020202020202DFC
:10260C003E2063616C6C2073797374656D20626F0E
:10261C006F746C6F61646572007761726E3A2072D0
:10262C0065636569766572206E6F7420636F6E6E7C
:10263C006563746564002020656D70747920636D2A
:10264C0064002020696E76616C696420636D64009F
:10265C00202073747265616D696E67207374617488
:10266C00732073746F70706564003E002020746971
:10267C006D656F75740068656C7000706C00706CC3
:10268C00206300706C20747800706C207278006588
:10269C0072723A20696E76616C6964207061726145
:1026AC006D65746572206E616D65006572723A209D
:1026BC006E6F2076616C75652073706563696669F1
:1026CC006564006572723A20696E76616C6964208B
:1026DC0076616C7565007073746F726500202054A0
:1026EC007820706172616D65746572732073746F9C
:1026FC00726564002020706172616D65746572731F
:10270C002073746F7265640062696E6400202054DB
:10271C007820656E74657265642062696E64206DE4
:10272C006F64650072656C6F6164002020547820C2
:10273C00706172616D65746572732072656C6F6126
:10274C00646564002020706172616D6574657273DC
:10275C002072656C6F6164656400736574636F6E81
:10276C006669676964006572723A20696E76616C9D
:10277C00696420636F6E666967206964206E756D8D
:10278C006265722028302D39290020206E6F20635D
:10279C0068616E6765207265717569726564002089
:1027AC00206368616E676520436F6E666967496474
:1027BC0020746F2000202073746172747320737402
:1027CC007265616D696E672073746174730020208B
:1027DC0073656E6420616E792063686172616374E5
:1027EC00657220746F2073746F70006C69737466FB
:1027FC00726571730073797374656D626F6F7400B9
:10280C005378206E6F74206F6B0072785F61766105
:10281C00696C61626C65206E6F74207472756500F2
:10282C0000000000000000002D2E0008452E0008BE
:10283C009D350008C9350008E735000861320008ED
:10284C004F2300087D240008000000000000000059
:10285C00312300084939000845380008853700083D
:10286C005B37000895240008E9370008B1240008FC
:10287C00B5370008D5240008000000000000000057
:10288C0031230008C93B000835230008553A0008DD
:10289C002B3A0008D9240008953A00084523000873
:1028AC00472300084B230008000000000000000034
:1028BC003123000833230008352300083723000890
:1028CC003B2300083D230008412300084523000852
:1028DC00472300084B230008000000000000000004
:1028EC003123000833230008352300083723000860
:1028FC003B2300083D230008412300084523000822
:10290C00472300084B2300080000000000000000D3
:10291C00312300083323000835230008372300082F
:10292C003B2300083D2300084123000845230008F1
:10293C00472300084B2300080000000000000000A3
:10294C00392600082D640008E56400088964000835
:10295C005053544F524500434F4E4649472049442B
:10296C000042494E445F5048524153455F55333203
:10297C000052465F42414E440052465F4F5254480B
:10298C004F0054585F504F5745520054585F4449BC
:10299C00564552534954590054585F43485F534F5E
:1029AC00555243450054585F43485F4F524445527B
:1029BC000054585F494E5F4D4F44450054585F5387
:1029CC0045525F504F52540054585F5345525F422A
:1029DC004155440054585F5345525F504F52543246
:1029EC000054585F5345525F42415544320054588D
:1029FC005F534E445F524144494F53544154005429
:102A0C00585F4D41565F434F4D504F4E454E54000D
:102A1C0054585F504F5745525F53575F43480054CB
:102A2C00585F42555A5A45520052585F504F5745BD
:102A3C00520052585F44495645525349545900521A
:102A4C00585F43485F4F524445520052585F4F55B0
:102A5C00545F4D4F44450052585F4641494C5341D9
:102A6C0046455F4D4F44450052585F5345525F50A9
:102A7C004F52540052585F5345525F4241554400E7
:102A8C0052585F5345525F4C4E4B5F4D4F4445007F
:102A9C0052585F4D41565F53595354454D5F49440D
:102AAC000052585F534E445F524144494F53544176
:102ABC00540052585F534E445F52434348414E4E6C
:102ACC00454C0052585F4F55545F525353495F4326
:102ADC00480052585F4F55545F4C515F4348005269
:102AEC00585F504F5745525F53575F4348005258F9
:102AFC005F46535F4348310052585F46535F43482B
:102B0C00320052585F46535F4348330052585F4679
:102B1C00535F4348340052585F46535F4348350077
:102B2C0052585F46535F4348360052585F46535FD6
:102B3C004348370052585F46535F43483800525859
:102B4C005F46535F4348390052585F46535F4348D2
:102B5C0031300052585F46535F4348313100525870
:102B6C005F46535F434831320052585F46535F43D0
:102B7C004831330052585F46535F4348313400525A
:102B8C00585F46535F434831350052585F46535F98
:102B9C004348313600414E474C4500484F52495A44
:102BAC004F4E004E415620414C54484F4C44004827
:102BBC00454144494E4720484F4C44004845414408
:102BCC0046524545004845414441444A0043414D25
:102BDC0053544142004E415620525448004E4156E7
:102BEC0020504F53484F4C44004D414E55414C00E2
:102BFC00424545504552004C454453204F464600F3
:102C0C004C4947485453004F5344204F46460054B8
:102C1C00454C454D45545259004155544F2054553F
:102C2C004E4500424C41434B424F58004641494CA3
:102C3C0053414645004E41562057500041495220C1
:102C4C004D4F444500484F4D452052455345540087
:102C5C00474353204E41560046505620414E474C58
:102C6C0045204D4958005355524641434500464C6A
:102C7C00415045524F4E005455524E2041535349EA
:102C8C005354004E4156204C41554E434800534539
:102C9C0052564F204155544F5452494D0043414DCB
:102CAC0045524120434F4E54524F4C20310043412A
:102CBC004D45524120434F4E54524F4C203200430D
:102CCC00414D45524120434F4E54524F4C203300FE
:102CDC004F534420414C542031004F534420414C1D
:102CEC00542032004F534420414C542033004E4169
:102CFC005620434F5552534520484F4C44004D43AA
:102D0C00204252414B494E470055534552310055D4
:102D1C0053455232005553455233005553455234A6
:102D2C00004C4F49544552204348414E4745004DB5
:102D3C005350205243204F5645525249444500505F
:102D4C00524541524D00545552544C45004E41563B
:102D5C0020435255495345004155544F204C45563C
:102D6C00454C205452494D00575020504C414E4E2A
:102D7C00455200534F4152494E47004D4953534918
:102D8C004F4E204348414E47450042454550455221
:102D9C00204D555445004D554C54492046554E43F5
:102DAC0054494F4E004D495845522050524F4649B8
:102DBC004C452032004D49584552205452414E53F7
:102DCC004954494F4E00414E474C4520484F4C44C6
:102DDC000047494D42414C204C4556454C205449E6
:102DEC004C540047494D42414C204C4556454C20D3
:102DFC00524F4C4C0047494D42414C2043454E5498
:102E0C0045520047494D42414C204845414454529B
:102E1C0041434B45520042696E64205068726173A5
:102E2C00650042494E445F5048524153450035308D
:102E3C0020487A2C333120487A2C313920487A2C8E
:102E4C00464C52432C46534B2C313920487A203770
:102E5C00780052462042616E6400322E342C393197
:102E6C0035204643432C3836382C3433332C37300A
:102E7C002C38363620494E2C3931352B322E342C09
:102E8C003836382B322E34005246204F7274686F0D
:102E9C00006F66662C312F332C322F332C332F33AB
:102EAC0000547820506F776572005478204469760E
:102EBC0065727369747900656E61626C65642C610E
:102ECC006E74656E6E61312C616E74656E6E6132FE
:102EDC002C723A656E20743A616E74312C723A65BC
:102EEC006E20743A616E743200547820436820531B
:102EFC006F75726365006E6F6E652C637273662CF2
:102F0C00696E2C6D62726964676500547820436841
:102F1C00204F7264657200414554522C5441455205
:102F2C002C4554415200547820496E204D6F6465F5
:102F3C0000736275732C7362757320696E7600541E
:102F4C00782053657220506F7274007365726961DA
:102F5C006C2C776272696467652C73657269616C3D
:102F6C00322C636F6D2C6D627269646765005478E6
:102F7C002053657220426175647261746500353747
:102F8C003630302C3131353230302C323330343025
:102F9C00300054782053657220506F727432006E7A
:102FAC006F6E652C73657269616C2C7762726964E3
:102FBC0067652C73657269616C32005478205365B7
:102FCC0072204261756472617465320054782053CA
:102FDC006E6420526164696F53746174006F66662D
:102FEC002C3120487A005478204D617620436F6D47
:102FFC00706F6E656E74006F66662C656E61626CC8
:10300C00656400547820506F7765722053772043A5
:10301C0068006F66662C352C362C372C382C392CE6
:10302C0031302C31312C31322C31332C31342C3198
:10303C00352C31360054782042757A7A6572006FDF
:10304C0066662C4C502C72784C5100527820506F84
:10305C007765720052782044697665727369747969
:10306C00005278204368204F7264657200527820B9
:10307C004F7574204D6F646500736275732C6372A9
:10308C0073662C7362757320696E760052782046D5
:10309C0061696C53616665204D6F6465006E6F20CD
:1030AC007369672C6C6F77207468722C627920635B
:1030BC006E662C6C6F772074687220636E742C6350
:1030CC00683163683420636E7400527820536572E3
:1030DC0020506F72740073657269616C2C63616E41
:1030EC002C63616E666400527820536572204261D5
:1030FC0075647261746500527820536572204C6956
:10310C006E6B204D6F6465007472616E73702E2C43
:10311C006D61766C696E6B2C6D61766C696E6B583B
:10312C002C6D737058005278204D61762053797352
:10313C0074656D2049440035312C35322C35332CD7
:10314C0035342C353500527820536E64205261642E
:10315C00696F53746174006F66662C617264755F7D
:10316C00312C6D6574685F6200527820536E642058
:10317C0052634368616E6E656C006F66662C726399
:10318C00206F766572726964652C72632063686166
:10319C006E6E656C73005278204F75742052737389
:1031AC0069204368005278204F7574204C5120439D
:1031BC006800527820506F776572205377204368EF
:1031CC0000527820465320436831005278204653F1
:1031DC002043683200527820465320436833005213
:1031EC0078204653204368340052782046532043BD
:1031FC0068350052782046532043683600527820B8
:10320C004653204368370052782046532043683891
:10321C000052782046532043683900527820465398
:10322C0020436831300052782046532043683131B6
:10323C0000527820465320436831320052782046A1
:10324C00532043683133002D31323020252C30206F
:10325C00252C3132302025005278204653204368EB
:10326C00313400527820465320436831350052786F
:10327C0020465320436831360016001818001818E1
:10328C0018121807000000030000000201010102DF
:10329C000202020203030401010102020202020201
:1032AC0002020202020202010202020202010000F8
:1032BC000000000000000000F84D01082B13000076
:1032CC00D04D01080A0000000000000000000000C2
:1032DC0000000000000000000000000000000000E2
:1032EC00800080FF000001000A000A000E00190097
:1032FC001400640016009E008E040020FF000000E5
:10330C00222E01082E2E0108291F010800000000A2
:10331C000000000000000000291F01080000000050
:10332C0096040020FE000000A43001084C2C01087B
:10333C00291F010800000000000000000000000030
:10334C003A2E01083A05002095040020FE000000EA
:10335C005E2E01087D290108291F010800000000CC
:10336C000000000000000000662E01083805002057
:10337C0097040020FE000000942E01088529010806
:10338C00291F0108000000000000000000000000E0
:10339C009D2E01083C050020C6030020FE00000005
:1033AC00AD2E01088E290108291F0108000000001C
:1033BC0000000000000000003E050020000000009E
:1033CC00C7030020FE000000B62E01089729010853
:1033DC00291F010800000000000000000000000090
:1033EC00C32E010882050020C8030020FE00000047
:1033FC00F52E0108A4290108291F0108000000006E
:10340C000000000000000000022F010884050020CD
:10341C00C9030020FE000000172F0108B129010884
:10342C00291F01080000000000000000000000003F
:10343C00232F010800000000CA030020FE0000003A
:10344C00322F0108BD290108291F010800000000C6
:10345C0000000000000000003D2F01088605002040
:10346C00CB030020FE0000004B2F0108C8290108E7
:10347C00291F0108000000000000000000000000EF
:10348C00572F010888050020CC030020FE00000007
:10349C007A2F0108D4290108291F01080000000017
:1034AC0000000000000000008A2F0108000000004E
:1034BC00CD030020FE0000009E2F0108E02901082A
:1034CC00291F01080000000000000000000000009F
:1034DC00AB2F01088A050020D0030020FE0000005D
:1034EC00C72F0108ED290108291F01080000000061
:1034FC0000000000000000008A2F01088C0500204D
:10350C00CE030020FE000000D82F0108FA29010884
:10351C00291F01080000000000000000000000004E
:10352C00E92F010800000000D1030020FE0000007C
:10353C00F22F01080B2A0108291F010800000000C6
:10354C000000000000000000033001080000000033
:10355C00D2030020FE0000000F3001081C2A0108D5
:10356C00291F0108000000000000000000000000FE
:10357C001E30010800000000CF030020FE000000F8
:10358C00413001082B2A0108291F01080000000006
:10359C0000000000000000004B3001088E050020E8
:1035AC00A2030020FE00000057300108352A010854
:1035BC00291F0108000000000000000000000000AE
:1035CC009205002000000000A3030020FE00000074
:1035DC00603001083E2A0108291F01080000000084
:1035EC000000000000000000C32E0108D6050020DA
:1035FC00A4030020FE0000006D3001084B2A0108D6
:10360C00291F01080000000000000000000000005D
:10361C00232F010800000000A5030020FE0000007D
:10362C0079300108572A0108291F01080000000001
:10363C00000000000000000085300108D8050020C3
:10364C00A7030020FE00000098300108632A01083F
:10365C00291F01080000000000000000000000000D
:10366C00A930010800000000B0030020FE0000009B
:10367C00D6300108742A0108291F01080000000037
:10368C000000000000000000E2300108DA05002014
:10369C00A8030020FE000000F3300108802A010876
:1036AC00291F0108000000000000000000000000BD
:1036BC008A2F010800000000A9030020FE00000072
:1036CC00033101088C2A0108291F010800000000A1
:1036DC000000000000000000143101080000000090
:1036EC00B1030020FE000000323101089C2A0108C1
:1036FC00291F01080000000000000000000000006D
:10370C004331010800000000AA030020FE00000065
:10371C0052310108AD2A0108291F010800000000E0
:10372C0000000000000000006331010800000000F0
:10373C00AC030020FE00000075310108BE2A010810
:10374C00291F01080000000000000000000000001C
:10375C008631010800000000A6030020FE000000D6
:10376C00A2310108CF2A0108291F0108000000001E
:10377C0000000000000000001E30010800000000E6
:10378C00AE030020FE000000B1310108DE2A010862
:10379C00291F0108000000000000000000000000CC
:1037AC001E30010800000000AF030020FE000000E6
:1037BC00BE310108EB2A0108291F01080000000096
:1037CC0000000000000000001E3001080000000096
:1037DC00B603002002000000CD310108FA2A0108CE
:1037EC006232010800000000880000007800000030
:1037FC00291F010800000000B70300200200000090
:10380C00D7310108042B01086232010800000000C6
:10381C008800000078000000291F0108000000004B
:10382C00B803002002000000E13101080E2B010852
:10383C0062320108000000008800000078000000DF
:10384C00291F010800000000B9030020020000003D
:10385C00EB310108182B010862320108000000004E
:10386C008800000078000000291F010800000000FB
:10387C00BA03002002000000F5310108222B0108D8
:10388C00623201080000000088000000780000008F
:10389C00291F010800000000BB03002002000000EB
:1038AC00FF3101082C2B01086232010800000000D6
:1038BC008800000078000000291F010800000000AB
:1038CC00BC0300200200000009320108362B01085D
:1038DC00623201080000000088000000780000003F
:1038EC00291F010800000000BD0300200200000099
:1038FC0013320108402B010862320108000000005D
:10390C008800000078000000291F0108000000005A
:10391C00BE030020020000001D3201084A2B0108E2
:10392C0062320108000000008800000078000000EE
:10393C00291F010800000000BF0300200200000046
:10394C0027320108542B01086232010800000000E4
:10395C008800000078000000291F0108000000000A
:10396C00C003002002000000323201085F2B010866
:10397C00623201080000000088000000780000009E
:10398C00291F010800000000C103002002000000F4
:10399C003D3201086A2B0108623201080000000068
:1039AC008800000078000000291F010800000000BA
:1039BC00C2030020FE00000048320108752B0108EC
:1039CC00291F01080000000000000000000000009A
:1039DC005332010800000000C3030020FE00000069
:1039EC0064320108802B0108291F01080000000027
:1039FC00000000000000000053320108000000002D
:103A0C00C4030020FE0000006F3201088B2B01085C
:103A1C00291F010800000000000000000000000049
:103A2C005332010800000000C5030020FE00000016
:103A3C007A320108962B0108291F010800000000AA
:103A4C0000000000000000005332010800000000DC
:103A5C006162636465666768696A6B6C6D6E6F70D2
:103A6C007172737475767778797A30313233343584
:103A7C00363738395F232D2E0000000000070E0961
:103A8C001C1B1215383F363124232A2D70777E7972
:103A9C006C6B6265484F464154535A5DE0E7EEE962
:103AAC00FCFBF2F5D8DFD6D1C4C3CACD90979E9952
:103ABC008C8B8285A8AFA6A1B4B3BABDC7C0C9CE42
:103ACC00DBDCD5D2FFF8F1F6E3E4EDEAB7B0B9BE32
:103ADC00ABACA5A28F88818693949D9A2720292E22
:103AEC003B3C35321F18111603040D0A5750595E12
:103AFC004B4C45426F68616673747D7A898E878002
:103B0C0095929B9CB1B6BFB8ADAAA3A4F9FEF7F0F1
:103B1C00E5E2EBECC1C6CFC8DDDAD3D4696E6760E1
:103B2C0075727B7C51565F584D4A4344191E1710D1
:103B3C0005020B0C21262F283D3A33344E494047C1
:103B4C0052555C5B7671787F6A6D64633E393037B1
:103B5C0022252C2B0601080F1A1D1413AEA9A0A7A1
:103B6C00B2B5BCBB9691989F8A8D8483DED9D0D791
:103B7C00C2C5CCCBE6E1E8EFFAFDF4F3000000009F
:103B8C003209000000000000010000007C2B000046
:103B9C000000000002000000890C00000000000082
:103BAC0004000000ED0E030C0D00000005000000E9
:103BBC00D91C010000000000060000006803000092
:103BCC00000000000700000077200000000000004B
:103BDC000800000075240000000000000B0000002D
:103BEC00590601040000000014000000D614030262
:103BFC0003000000150000009F02030001000000FC
:103C0C0016000000DC190000000000001700000086
:103C1C00A817030405000000180000001834000069
:103C2C0000000000190000001765000000000000F3
:103C3C001A000000AA180000000000001B00000081
:103C4C00901D0000000000001C000000431000004C
:103C5C00000000001D0000007310000000000000B8
:103C6C001E000000271C0000000000001F000000C8
:103C7C00F63000000000000020000000B91C00001D
:103C8C000000000021000000681C00000000000083
:103C9C0022000000ED1600000000000023000000D0
:103CAC00F41600000000000024000000DE250000D7
:103CBC000000000025000000D407030405000000EC
:103CCC00260000000907030405000000270000007F
:103CDC00FE2603202100000028000000E605030258
:103CEC0003000000290000001C0403020300000074
:103CFC002A0000001C120000000000002B00000035
:103D0C0084030300010000002C000000DD09030205
:103D1C00030000002D000000E80303000100000078
:103D2C002E0000000B020000000000002F0000001D
:103D3C009908030001000000300000002915010C57
:103D4C0000000000310000002714000000000000FB
:103D5C00320000004E250312130000003300000057
:103D6C00C405030203000000350000000305000039
:103D7C0000000000360000000F1B031819000000A3
:103D8C003700000003190000000000003D00000097
:103D9C00A7480000000000003E000000B71A000019
:103DAC00000000003F00000077B50000000000009C
:103DBC0040000000BFE100000000000041000000D6
:103DCC00762A000000000000420000009406030266
:103DDC000300000043000000150400000000000078
:103DEC0045000000F31E010A000000004600000020
:103DFC007C26031011000000490000002626032039
:103E0C00210000004A000000141400000000000013
:103E1C004B0000009E23031E1F0000004C000000FE
:103E2C009821031E1F0000004D0000008F0A03089C
:103E3C0009000000500000000E0403020300000003
:103E4C00510000006A160000000000005200000043
:103E5C003133032425000000530000001625000018
:103E6C0000000000540000008F35033233000000C6
:103E7C00550000008C3300000000000056000000CC
:103E8C000535033233000000570000009633000064
:103E9C000000000059000000E71C000000000000BA
:103EAC005A000000B7380000000000005B00000062
:103EBC003F2A0000000000005C00000036210000DA
:103ECC00000000005D0000002F5100000000000009
:103EDC0064000000AF22000000000000650000003C
:103EEC006675000000000000660000009E75000072
:103EFC000000000067000000D03900000000000046
:103F0C006800000038740000000000006900000028
:103F1C005D3F0000000000006A0000008A2C0000D9
:103F2C00000000006B0000006C410000000000006D
:103F3C006C000000205C0000000000006D00000020
:103F4C00B9090000000000006E00000054FE0301DF
:103F5C00020000006F00000022120310110000008C
:103F6C0070000000AE0C00000000000071000000AA
:103F7C007C2700000000000072000000ED2C000007
:103F8C00000000007300000004400000000000006E
:103F9C00740000004C1800000000000075000000C8
:103FAC00800603040500000076000000380E0000B7
:103FBC000000000077000000740C030A0B000000E6
:103FCC00780000008661000000000000790000000D
:103FDC00ED020300010000007A000000CB02030098
:103FEC00010000007B000000FA71030001000000DA
:103FFC007C00000057390000000000007D0000002C
:10400C00CB060000000000007E000000DC51034FD6
:10401C00500000007F000000192300000000000089
:10402C0080000000E223000000000000810000007E
:10403C002E18000000000000820000001D0D000082
:10404C000000000083000000DFFF00000000000003
:10405C0084000000552700000000000085000000CF
:10406C00061200000000000086000000E52B000096
:10407C000000000087000000CB08000000000000DA
:10408C0088000000011600000000000089000000FC
:10409C00C3100000000000008A0000006D780000D2
:1040AC00000000008B000000A82B03292A00000050
:1040BC008C000000B5290000000000008D000000FD
:1040CC002F200000000000008E00000048F30000CC
:1040DC00000000008F0000008310000000000000B2
:1040EC00900000007F5D00000000000092000000C6
:1040FC006764000000000000930000009A36000086
:10410C000000000094000000B24E0000000000000F
:10411C0095000000C83C0000000000009600000064
:10412C00862A00000000000097000000DB08030650
:10413C000700000098000000D008000000000000FC
:10414C0099000000BC0C0000000000009A00000068
:10415C00540F0306070000009B000000160D03041B
:10416C00050000009C000000130603000100000085
:10417C009D000000150F030C0D0000009E000000B8
:10418C00860F030C0D000000A00000004E0C03086D
:10419C0009000000A100000044030300010000001E
:1041AC00A2000000BD09000000000000A3000000F8
:1041BC007F1C000000000000A40000009A2C0000EE
:1041CC0000000000A5000000150300000000000026
:1041DC00A60000001509000000000000A700000068
:1041EC009016000000000000A8000000010C000068
:1041FC0000000000A9000000EA120000000000000E
:10420C00AA0000004922000000000000AB000000E2
:10421C00B542000000000000AC0000001662000077
:10422C0000000000AD00000053080000000000007A
:10423C00AE000000A730000000000000AF0000003E
:10424C008A13030E0F000000B0000000EA03030005
:10425C0001000000B1000000F0140000000000009C
:10426C00B20000002F18000000000000B300000096
:10427C00BD1D011A00000000B4000000342F012AFB
:10428C0000000000B5000000AE04000000000000BB
:10429C00B6000000E528000000000000B700000098
:1042AC005502030001000000B80000009FCE03047B
:1042BC0005000000B9000000BA0703040500000067
:1042CC00BA000000481D030001000000BF00000000
:1042DC005C1B000000000000C00000002436000041
:1042EC0000000000C1000000471A000000000000A0
:1042FC00C20000006221000000000000C3000000AA
:10430C007825000000000000C8000000862A032861
:10431C0029000000C9000000CD0E030C0D000000A8
:10432C00D60000004508030607000000D700000077
:10433C006503000000000000D800000032030300F9
:10434C0001000000D9000000CA06000000000000B7
:10435C00DA0000001107030001000000DB00000080
:10436C00A202000000000000DC000000222000007F
:10437C0000000000DD000000472A000000000000E3
:10438C00DE0000000F03000000000000DF00000052
:10439C00772F032A2B000000E0000000662D032A73
:1043AC002B000000E1000000D049000000000000DC
:1043BC00E2000000CF08000000000000E600000052
:1043CC00A32A000000000000E7000000692800009C
:1043DC0000000000E8000000974100000000000011
:1043EC00E900000023B6000000000000EA00000015
:1043FC009628000000000000EB000000B32A00002B
:10440C0000000000F10000005A2000000000000035
:10441C00F2000000683C000000000000F300000007
:10442C00553D013400000000F40000005F06000060
:10443C0000000000F50000008202000000000000F7
:10444C00F6000000B826000000000000F700000095
:10445C005113000000000000F800000008FE0303E8
:10446C0004000000F9000000CC2400000000000053
:10447C00FA000000311E000000000000FB000000EC
:10448C00AA12000000000000FC0000002C1200002A
:10449C0000000000FD00000053360000000000008A
:1044AC00FE0000002E0900000000000000010000CA
:1044BC00472A0308090000000101000083090000DD
:1044CC000000000002010000BBE803000100000036
:1044DC00030100005CED000000000000040100007E
:1044EC00920E00000000000005010000B33D00002A
:1044FC0000000000060100000C1700000000000086
:10450C000701000085FF000000000000080100000A
:10451C003120000000000000090100001A14000006
:10452C00000000000A010000C1FF030203000000AC
:10453C000B01000023FF0302030000000C0100002C
:10454C000E040302030000000D0100006DD70000F3
:10455C00000000000E0100003B14000000000000F1
:10456C000F010000163500000000000013010000D0
:10457C007E20000000000000140100001232000038
:10458C0000000000150100003E1E000000000000AD
:10459C001801000046210000000000001901000075
:1045AC00300D0000000000001A0100007B230320E6
:1045BC00210000001B0100004A91000000000000D7
:1045CC001C0100006320031E1F0000001D010000E1
:1045DC0089310326270000001E010000D239033266
:1045EC00330000001F010000011703141500000028
:1045FC002001000014170314150000002201000014
:10460C00FB2E000000000000230100000A3900000E
:10461C000000000024010000E3DF03181900000073
:10462C0027010000EA0C0000000000002801000037
:10463C0032230000000000002B0100001362000078
:10464C00000000002C010000D91600000000000042
:10465C002D010000F33A00000000000036010000BC
:10466C001C11000000000000370100005F74000006
:10467C000000000040010000F314030203000000DE
:10468C00410100005802030001000000420100003B
:10469C00F395000000000000430100004E9303005E
:1046AC0001000000440100008492000000000000A2
:1046BC004A01000017A70000000000004B01000099
:1046CC005BE90000000000004C010000ECEF000072
:1046DC00000000004D010000E76D0000000000002C
:1046EC004E010000480A0000000000004F010000CD
:1046FC00E11800000000000050010000F55400001B
:10470C000000000053010000C7050000000000007D
:10471C005401000063460000000000005901000035
:10472C00D1150302030000005E010000E8FC00004C
:10473C000000000062010000D20E030C0D0000000E
:10474C0063010000060C000000000000680100007E
:10475C000B19000000000000690100005D21000041
:10476C00000000007101000097180000000000001C
:10477C00720100004B6D000000000000730100008E
:10478C000A1A000000000000740100001A8C0000DE
:10479C000000000075010000752A000000000000F8
:1047AC0077010000FB8C0000000000007801000085
:1047BC00C7080000000000007C010000E8140000A5
:1047CC00000000008101000093850302030000003B
:1047DC008201000084100304050000008301000026
:1047EC000448030405000000840100000825032090
:1047FC0021000000860100009CF000000000000079
:10480C008B01000000D40000000000008C010000AF
:10481C0032A00000000000008D010000B66C00000A
:10482C0000000000900100006EFE03040500000073
:10483C0091010000B7060304050000009A01000076
:10484C00A0350000000000009B0100006A0300007E
:10485C00000000009C01000021060304050000007C
:10486C009D0100004D070304050000009E0100009F
:10487C006D100000000000009F010000A11000005E
:10488C0000000000A401000014490306070000000A
:10489C00B3010000862E000000000000B4010000EF
:1048AC00C109000000000000B50100001E0100005D
:1048BC0000000000B80100004223000000000000CE
:1048CC00B9010000A911000000000000FE01000069
:1048DC00F56A000000000000FF0100001C4700000A
:1048EC000000000000020000B80200000000000000
:1048FC00421F0000DA10000000000000431F0000FF
:10490C00E729000000000000441F0000AC6200001A
:10491C0000000000451F0000FB2600000000000006
:10492C00461F0000610E000000000000471F000041
:10493C004020000000000000481F0000EA21000099
:10494C0000000000491F0000901000000000000053
:10495C004A1F00009B290000000000004B1F0000B4
:10496C0014660000000000004C1F00003610000010
:10497C00000000004D1F0000DE2E000000000000B3
:10498C004E1F0000C80E0000000000004F1F00006A
:10499C001718000000000000501F000095120000C6
:1049AC0000000000282300007189000000000000B6
:1049BC002D230000752200000000000011270000CC
:1049CC00D11400000000000012270000BA290000DA
:1049DC00000000001327000004010000000000008C
:1049EC0014270000850900000000000015270000B6
:1049FC00670900000000000016270000C104000039
:104A0C000000000017270000471100000000000004
:104A1C0018270000F00E000000000000A72700007F
:104A2C00C355000000000000F82A0000863403047F
:104A3C0005000000F92A00000F88000000000000AB
:104A4C00FA2A0000EAB4030405000000FB2A000067
:104A5C004005000000000000FC2A00000BE80308E1
:104A6C0009000000FD2A00005DE6000000000000C7
:104A7C00022B00002E31000000000000032B000070
:104A8C006A2C0000000000000C2B0000CD10000070
:104A9C0000000000162B0000902C0000000000000D
:104AAC00172B0000852C000000000000182B0000C4
:104ABC00552C000000000000192B0000C32503102A
:104ACC00110000001A2B00004F0500000000000030
:104ADC001B2B000080080304050000001C2B0000A9
:104AEC00B1220000000000001D2B0000821C000001
:104AFC00000000001E2B00002F260000000000000C
:104B0C001F2B00008E09000000000000202B00006D
:104B1C00842C000000000000212B0000D02C000091
:104B2C0000000000222B0000C92C00000000000037
:104B3C00232B0000C12C000000000000242B0000DF
:104B4C00BD2C000000000000342B0000A24E000021
:104B5C000000000064320000722C03000100000011
:104B6C0065320000FE3B031E1F0000006632000091
:104B7C008C3503040500000067320000F92E030099
:104B8C0001000000683200004D36031C1D000000BF
:104B9C0069320000312B0300010000007332000069
:104BAC005EF9030001000000763200008B33000038
:104BBC000000000077320000071203101100000003
:104BCC00783200001405000000000000684200006C
:104BDC0067B3000000000000FE4200001A21000034
:104BEC0000000000FF420000481000000000000020
:104BFC0001430000131100000000000002430000FC
:104C0C005911000000000000034300001B0A0000C3
:104C1C0000000000044300000E5B000000000000D8
:104C2C0005430000BB5400000000000006430000D8
:104C3C006A1800000000000010A40000E30100004E
:104C4C000000000011A40000EF2E00000000000086
:104C5C0051C30000F62000000000000052C3000009
:104C6C00B5F600000000000053C300003E13000026
:104C7C000000000054C30000F00A03080900000003
:104C8C0055C30000980603040500000020CB00006B
:104C9C000D6400000000000021CB0000EF010000BB
:104CAC000000000015CD0000F01100000000000015
:104CBC0016CD0000584E00000000000017CD00007B
:104CCC00605500000000000018CD0000B11C000071
:104CDC000000000019CD0000D732000000000000D9
:104CEC0078CD0000B52603202100000079CD00000E
:104CFC00662400000000000060EA000004160314A3
:104D0C00150000006AEA0000D0210000000000003D
:104D1C006BEA0000B7070000000000006CEA00001E
:104D2C0063240320210000006DEA000081180314A5
:104D3C00150000006EEA0000860803040500000060
:104D4C0074EA0000CA0400000000000088EA0000B9
:104D5C009CF500000000000089EA0000BFFF000085
:104D6C00000000008DEA00000E1703020300000093
:104D7C008EEA0000AB1C0308090000008FEA00005B
:104D8C00370700000000000091EA0000610C0000F1
:104D9C000000000092EA0000DC0E000000000000A1
:104DAC0093EA0000F51800000000000094EA0000EF
:104DBC00652C00000000000095EA00002D060000A4
:104DCC00000000006666F435CCCCFC353333053678
:104DDC0099990D360000163666661E36CCCC2636F2
:104DEC0033332F369999373600004036666666386D
:104DFC00000070389999793833338338CCCC8C389F
:104E0C00666696380000A0389999A9383333B338C0
:104E1C00CCCCBC386666C6380000D0389999D938E5
:104E2C003333E338CCCCEC386666F6380000003906
:104E3C009999093933331339CCCC1C396666263928
:104E4C00000030399999393933334339CCCC4C394A
:104E5C00666656390000603999996939333373396C
:104E6C00CCCC7C3966668639000090399999993991
:104E7C003333A339CCCCAC396666B6390000C039B3
:104E8C009999C9393333D339CCCCDC396666E639D8
:104E9C000000F0399999F9390000891112239B32DD
:104EAC002446AD573665BF74488CC19D5AAFD3BEEE
:104EBC006CCAE5DB7EE9F7F88110080193331A22FE
:104ECC00A5562C47B7753E64C99C408DDBBF52AECE
:104EDC00EDDA64CBFFF976E802218B3010029913DE
:104EEC002667AF763444BD554AADC3BC588ED19FAE
:104EFC006EEBE7FA7CC8F5D983310A2091121803BE
:104F0C00A7772E66B5543C45CBBD42ACD99E508F8D
:104F1C00EFFB66EAFDD874C904428D5316619F708D
:104F2C002004A9153227BB364CCEC5DF5EEDD7FC6D
:104F3C006888E1997AABF3BA85520C4397711E607D
:104F4C00A1142805B3373A26CDDE44CFDFFD56EC4D
:104F5C00E9986089FBBB72AA06638F7214409D515D
:104F6C002225AB343006B9174EEFC7FE5CCCD5DD2D
:104F7C006AA9E3B8788AF19B87730E6295501C413D
:104F8C00A3352A24B1163807CFFF46EEDDDC54CD0D
:104F9C00EBB962A8F99A708B088481951AA793B61D
:104FAC002CC2A5D33EE1B7F04008C919522BDB3A0D
:104FBC00644EED5F766DFF7C899400859BB712A6DD
:104FCC00ADD224C3BFF136E0C1184809D33B5A2AED
:104FDC00E55E6C4FF77D7E6C0AA583B418869197BD
:104FEC002EE3A7F23CC0B5D14229CB38500AD91BCD
:104FFC00666FEF7E744CFD5D8BB502A4999610879D
:10500C00AFF326E2BDD034C1C3394A28D11A580BAC
:10501C00E77F6E6EF55C7C4D0CC685D71EE597F46C
:10502C002880A1913AA3B3B2444ACD5B5669DF788C
:10503C00600CE91D722FFB3E8DD604C79FF516E45C
:10504C00A9902081BBB332A2C55A4C4BD7795E686C
:10505C00E11C680DF33F7A2E0EE787F61CC495D53C
:10506C002AA1A3B03882B193466BCF7A5448DD594C
:10507C00622DEB3C700EF91F8FF706E69DD414C51C
:10508C00ABB122A0B9923083C77B4E6AD5585C492C
:10509C00E33D6A2CF11E780FA08601000B1900006D
:1050AC0050C300001000041000005B010100000060
:1050BC00B01D000096FF00000506010C015B00000E
:1050CC009033000091FF00000606010C015B00000C
:1050DC002058000090FF00000000000000000000BD
:1050EC003123000833230008352300083723000838
:1050FC0039C30008D9C4000821C5000845B8000808
:10510C00472300084B2300080000000000000000AB
:10511C00A1C200086D2600082D4B000800000000FD
:10512C0000000000392500086D6600080000000032
:10513C0000000000C5680008476A0008F7C60008B0
:10514C006F2600089326000821250008ECFFFFFFBE
:10515C000000000031230008332300083523000829
:10516C003723000801C700088D260008B92600085F
:10517C002D250008472300084B23000801000000E0
:10518C000300000005000000010000000100000009
:10519C00060000000A0000002000000002000000D1
:1051AC000400000008000000100000004000000097
:1051BC008000000000010000000200000000000060
:1051CC0000000000000000000000000001000000D2
:1051DC00020000000300000004000000A086010093
:1051EC00400D0300801A060000350C0040420F00F1
:1051FC0080841E0000093D0000127A000024F40097
:10520C0000366E010048E801006CDC020000000072
:10521C00000000000000000000000000010002007F
:10522C000400060008000A000C00100020004000DA
:10523C0080000001010000000200000004000000DA
:10524C0006000000080000000A0000000C0000002E
:10525C001000000020000000400000008000000052
:10526C0000010000DB0F49BFE4CB1640E4CB16C0B5
:10527C0000000080DB0F4940DB0F49C0000FC93F25
:10528C00000F494000CB9640000FC9400053FB4033
:10529C0000CB164100ED2F41000F49410031624116
:1052AC0000537B41003A8A4100CB9641005CA341FC
:1052BC0000EDAF41007EBC41000FC94100A0D541BB
:1052CC000031E24100C2EE410053FB4100F20342C7
:1052DC00003A0A420083104200CB164200141D42D1
:1052EC00005C234200A5294200ED2F4200363642D5
:1052FC00007E3C4200C74242000F4942A20000001F
:10530C00F9000000830000006E0000004E00000059
:10531C00440000001500000029000000FC00000003
:10532C002700000057000000D1000000F50000002D
:10533C0034000000DD000000C0000000DB000000B5
:10534C006200000095000000990000003C00000085
:10535C00430000009000000041000000FE0000002F
:10536C005100000063000000AB000000DE000000F4
:10537C00BB000000C500000061000000B700000089
:10538C00240000006E0000003A0000004200000003
:10539C004D000000D2000000E000000006000000FC
:1053AC00490000002E000000EA0000000900000087
:1053BC00D1000000920000001C000000FE00000064
:1053CC001D000000EB0000001C000000B1000000FC
:1053DC0029000000A70000003E000000E8000000CB
:1053EC008200000035000000F50000002E000000D7
:1053FC00BB0000004400000084000000E900000035
:10540C009C0000007000000026000000B4000000AA
:10541C005F0000007E000000410000003900000029
:10542C0091000000D600000039000000830000004D
:10543C005300000039000000F40000009C00000044
:10544C00840000005F0000008B000000BD00000025
:10545C00F9000000280000003B0000001F000000C5
:10546C00F800000097000000FF000000DE000000C4
:10547C0005000000980000000F000000EF00000085
:10548C002F000000110000008B0000005A000000EB
:10549C000A0000006D0000001F0000006D000000FD
:1054AC00360000007E000000CF0000002700000046
:1054BC00CB00000009000000B70000004F00000006
:1054CC00460000003F000000660000009E00000047
:1054DC005F000000EA0000002D00000075000000D5
:1054EC0027000000BA000000C7000000EB0000001D
:1054FC00E5000000F10000007B0000003D00000012
:10550C000700000039000000F70000008A000000CE
:10551C005200000092000000EA0000006B00000046
:10552C00FB0000005F000000B10000001F00000045
:10553C008D0000005D000000080000005600000017
:10554C00030000003000000046000000FC000000DA
:10555C007B0000006B000000AB000000F0000000BE
:10556C00CF000000BC000000200000009A000000EA
:10557C00F4000000360000001D000000A90000002F
:10558C00E300000091000000610000005E000000DC
:10559C00E60000001B000000080000006500000091
:1055AC0099000000850000005F000000140000005E
:1055BC00A000000068000000400000008D0000000A
:1055CC00FF000000D8000000800000004D0000002B
:1055DC0073000000270000003100000006000000EE
:1055EC00060000001500000056000000CA00000074
:1055FC0073000000A8000000C9000000600000005B
:10560C00E20000007B000000C00000008C000000E5
:10561C006B0000003863ED3EDA0F493F5E987B3F2C
:10562C00DA0FC93F6937AC3168212233B40F143318
:10563C006821A2330000C93F0000F0390000DA37BE
:10564C000000A2330000842E0000502B0000C22763
:10565C000000D0220000C41F0000C61B000044172D
:10566C0004000000070000000900000000202020BA
:10567C0020202020202028282828282020202020F6
:10568C0020202020202020202020202020881010C6
:10569C001010101010101010101010101004040422
:1056AC0004040404040404101010101010104141E0
:1056BC0041414141010101010101010101010101CE
:1056CC0001010101010101011010101010104242E2
:1056DC00424242420202020202020202020202029E
:1056EC00020202020202020210101010200000003E
:1056FC00000000000000000000000000000000009E
:10570C00000000000000000000000000000000008D
:10571C00000000000000000000000000000000007D
:10572C00000000000000000000000000000000006D
:10573C00000000000000000000000000000000005D
:10574C00000000000000000000000000000000004D
:10575C00000000000000000000000000000000003D
:10576C000000000000000000000000000052454551
:10577C004E54206D616C6C6F63207375636365654B
:10578C00646564002F6275696C642F676E752D7487
:10579C006F6F6C732D666F722D73746D33325F3156
:1057AC00312E332E72656C312E323032333039312A
:1057BC00322D313630302F7372632F6E65776C69F2
:1057CC00622F6E65776C69622F6C6962632F7469E6
:1057DC006D652F676D74696D652E63002C20667581
:1057EC006E6374696F6E3A200061737365727469CD
:1057FC006F6E2022257322206661696C65643A20E5
:10580C0066696C6520222573222C206C696E6520DC
:10581C002564257325730A00232D302B2000686C1A
:10582C004C006566674546470030313233343536B7
:10583C0037383941424344454600303132333435F0
:0C584C003637383961626364656600001D
:0858580004B9FE7F010000000D
:085860006501000835D50008C0
:0458680041010008F2
:10586C001C2901083C300020010000005C290108C3
:10587C009B0300200100000063290108780600202A
:10588C00050000006D2901089604002001000000AD
:10589C004C2C010895040020010000007D29010812
:1058AC00970400200100000085290108C603002090
:1058BC00010000008E290108C70300200100000030
:1058CC0097290108C803002001000000A429010841
:1058DC00C903002001000000B1290108CA030020FF
:1058EC0001000000BD290108CB03002001000000CD
:1058FC00C8290108CC03002001000000D4290108AC
:10590C00CD03002001000000E0290108D003002095
:10591C0001000000ED290108CE0300200100000069
:10592C00FA290108D1030020010000000B2A01080C
:10593C00D2030020010000001C2A0108CF03002024
:10594C00010000002B2A0108A20300200100000026
:10595C00352A0108A3030020010000003E2A01089B
:10596C00A4030020010000004B2A0108A50300201D
:10597C0001000000572A0108A703002001000000C5
:10598C00632A0108B003002001000000742A0108FA
:10599C00A803002001000000802A0108A9030020B0
:1059AC00010000008C2A0108B10300200100000056
:1059BC009C2A0108AA03002001000000AD2A01085E
:1059CC00AC03002001000000BE2A0108A603002041
:1059DC0001000000CF2A0108AE03002001000000E6
:1059EC00DE2A0108AF03002001000000EB2A0108A9
:1059FC00B603002002000000FA2A0108B7030020B9
:105A0C0002000000042B0108B80300200200000073
:105A1C000E2B0108B903002002000000182B01080E
:105A2C00BA03002002000000222B0108BB03002057
:105A3C00020000002C2B0108BC0300200200000017
:105A4C00362B0108BD03002002000000402B01088A
:105A5C00BE030020020000004A2B0108BF030020F7
:105A6C0002000000542B0108C003002002000000BB
:105A7C005F2B0108C1030020020000006A2B010803
:105A8C00C203002001000000752B0108C303002095
:105A9C0001000000802B0108C4030020010000005D
:105AAC008B2B0108C503002001000000962B010878
:105ABC00FF000000F5240008292E00085C280108CE
:105ACC008C280108EC280108BC28010800093D00BD
:105ADC0001000000100000000000803F6042A20D99
:105AEC000000000003000000B44B00200000000088
:105AFC00B44B00201C4C0020844C00200000000003
:105B0C000000000000000000000000000000000089
:105B1C000000000000000000000000000000000079
:105B2C000000000000000000000000000000000069
:0C5B3C0000000000000000008C020020AF
:040000050800D88D8A
:00000001FF
